معرّف المنتج في المصدر,Handle المرجعي,اسم المنتج,العلامة التجارية,التصنيف الأساسي المرجعي,التصنيفات التي يظهر بها المنتج,عدد مرات الظهور عبر التصنيفات,نوع المنتج المرجعي,كود المورد/المصدر (ليس SKU لـ PM),سعر الجمهور المرجعي (ج.م),قيمة خصم 30% المرجعية (ج.م),سعر الجملة المرجعي بعد الخصم (ج.م),سعر المقارنة في المصدر (ج.م),التوفر لدى المصدر المرجعي فقط,رابط الصورة المرجعي,الوصف المرجعي,رابط المنتج المرجعي,المصدر,حقوق استخدام الصورة,دليل مخزون PM,دليل تكلفة PM,حالة النشر التجاري,مراجعة البيانات,مراجعة النطاق
12689513349423,dermaelle-glycolic-acid-toner-350-ml,تونر حمض الجليكوليك من ديرمايل - 350 مل,Dermaelle,العناية بالبشرة,العناية بالبشرة,1,حمض الجليكوليك,114295,250,75,175,440,متاح لدى المصدر,https://cdn.shopify.com/s/files/1/0935/9550/0847/files/641.webp?v=1780837351,منتج تونر حمض الجليكوليك من ديرمايل - 350 مل من Dermaelle. التصنيف المرجعي: العناية بالبشرة — حمض الجليكوليك. الوسوم المرجعية: Dark Spots، Even Skin Tone، Even Skin Tone / Pigmentation، Skin Care، Toners.,https://alfouadpharmacies.com/en/products/dermaelle-glycolic-acid-toner-350-ml,AlFouad Pharmacies,Verify usage rights before commercial publication,غير مثبت,غير مثبت,مرجعي فقط — غير معتمد للنشر التجاري,بيانات مرجعية متاحة؛ يلزم تحقق PM,ضمن الفحص المبدئي
10569734586671,bioderma-pigmentbio-sensitive-areas-cream-75ml,بيوديرما بيجمنت بيو لتفتيح المناطق الحساسة والجسم 75 مل,Bioderma,العناية بالبشرة,العناية بالبشرة | العناية بالجسم,2,بسيط,95373,849,254.7,594.3,,متاح لدى المصدر,https://cdn.shopify.com/s/files/1/0935/9550/0847/files/bioderma_pigmentbio_1615.webp?v=1789631010,منتج بيوديرما بيجمنت بيو لتفتيح المناطق الحساسة والجسم 75 مل من Bioderma. التصنيف المرجعي: العناية بالبشرة — بسيط. الوسوم المرجعية: Body Care، Body Concerns، Body Cream، Even Skin Tone / Pigmentation، Intimate Care، Sensetive Skin.,https://alfouadpharmacies.com/en/products/bioderma-pigmentbio-sensitive-areas-cream-75ml,AlFouad Pharmacies,Verify usage rights before commercial publication,غير مثبت,غير مثبت,مرجعي فقط — غير معتمد للنشر التجاري,بيانات مرجعية متاحة؛ يلزم تحقق PM,ضمن الفحص المبدئي
12689513382191,سيروم-ديرمايل-سكين-بوستر-لنضارة-البشرة-30-مل,سيروم ديرمايل سكين بوستر لنضارة البشرة 30 مل,Dermaelle,العناية بالبشرة,العناية بالبشرة,1,سيرم ,114294,414,124.2,289.8,690,متاح لدى المصدر,https://cdn.shopify.com/s/files/1/0935/9550/0847/files/1_47.webp?v=1780580040,منتج سيروم ديرمايل سكين بوستر لنضارة البشرة 30 مل من Dermaelle. التصنيف المرجعي: العناية بالبشرة — سيرم . الوسوم المرجعية: DERMAELLE OFFERS، Dry Skin، Dryness، Even Skin Tone / Pigmentation، Fine Lines & Wrinkles، Serums، Skin Care.,https://alfouadpharmacies.com/en/products/سيروم-ديرمايل-سكين-بوستر-لنضارة-البشرة-30-مل,AlFouad Pharmacies,Verify usage rights before commercial publication,غير مثبت,غير مثبت,مرجعي فقط — غير معتمد للنشر التجاري,بيانات مرجعية متاحة؛ يلزم تحقق PM,ضمن الفحص المبدئي
16014222754095,bioderma-photoderm-xdefense-ultra-fluid-spf50-40ml,بيوديرما فوتوديرم XDefense,Bioderma,العناية بالبشرة,العناية بالبشرة,1,sunscreen,116657,999,299.7,699.3,,متاح لدى المصدر,https://cdn.shopify.com/s/files/1/0935/9550/0847/files/195-2.webp?v=1780380113,منتج بيوديرما فوتوديرم XDefense من Bioderma. التصنيف المرجعي: العناية بالبشرة — sunscreen. الوسوم المرجعية: bioderma، Skin Care، sunblock، Sunscreen، Sunscreen Fluid، x.,https://alfouadpharmacies.com/en/products/bioderma-photoderm-xdefense-ultra-fluid-spf50-40ml,AlFouad Pharmacies,Verify usage rights before commercial publication,غير مثبت,غير مثبت,مرجعي فقط — غير معتمد للنشر التجاري,بيانات مرجعية متاحة؛ يلزم تحقق PM,ضمن الفحص المبدئي
12689742594351,la-roche-anthelios-gel-cream-spf50-50ml,لاروش بوزيه أنثيليوس جل كريم SPF50+ 50مل,La Roch Possay,العناية بالبشرة,العناية بالبشرة,1,بسيط,99380,1070,321,749,,متاح لدى المصدر,https://cdn.shopify.com/s/files/1/0935/9550/0847/files/00.webp?v=1781438409,منتج لاروش بوزيه أنثيليوس جل كريم SPF50+ 50مل من La Roch Possay. التصنيف المرجعي: العناية بالبشرة — بسيط. الوسوم المرجعية: La roche، Oily Skin، Skin Care، Skin Concerns، SPF 50، Sun Care، sunblock، Sunscreen.,https://alfouadpharmacies.com/en/products/la-roche-anthelios-gel-cream-spf50-50ml,AlFouad Pharmacies,Verify usage rights before commercial publication,غير مثبت,غير مثبت,مرجعي فقط — غير معتمد للنشر التجاري,بيانات مرجعية متاحة؛ يلزم تحقق PM,ضمن الفحص المبدئي
10569743434031,isis-neotone-sensitive-30ml,إيزيس. نيو تون للبشرة الحساسة 30 مل,isis,العناية بالبشرة,العناية بالبشرة,1,    كريمات تفتيح البشرة,5708,1025,307.5,717.5,,متاح لدى المصدر,https://cdn.shopify.com/s/files/1/0935/9550/0847/files/Group_1_copy_6b8d2909-0051-4ec4-a76f-441eefc4d6a5.webp?v=1781429413,منتج إيزيس. نيو تون للبشرة الحساسة 30 مل من isis. التصنيف المرجعي: العناية بالبشرة —     كريمات تفتيح البشرة. الوسوم المرجعية: Dark Spots، Even Skin Tone، Moisturizers، Sensitive Skin / Redness، Skin Care، Skin Concerns، Whitining Cream.,https://alfouadpharmacies.com/en/products/isis-neotone-sensitive-30ml,AlFouad Pharmacies,Verify usage rights before commercial publication,غير مثبت,غير مثبت,مرجعي فقط — غير معتمد للنشر التجاري,بيانات مرجعية متاحة؛ يلزم تحقق PM,ضمن الفحص المبدئي
12689567252783,la-roche-anthelios-fluid-oil-control-spf50-50ml,لاروش بوزيه أنثيليوس فلويد ضد الدهون SPF50+ 50مل,La Roch Possay,العناية بالبشرة,العناية بالبشرة,1,واقي شمس,113145,1050,315,735,,متاح لدى المصدر,https://cdn.shopify.com/s/files/1/0935/9550/0847/files/Group_1_13.webp?v=1781088238,منتج لاروش بوزيه أنثيليوس فلويد ضد الدهون SPF50+ 50مل من La Roch Possay. التصنيف المرجعي: العناية بالبشرة — واقي شمس. الوسوم المرجعية: La roche، Oily Skin، Skin Care، Sun Care، Sunscreen، Sunscreen Fluid.,https://alfouadpharmacies.com/en/products/la-roche-anthelios-fluid-oil-control-spf50-50ml,AlFouad Pharmacies,Verify usage rights before commercial publication,غير مثبت,غير مثبت,مرجعي فقط — غير معتمد للنشر التجاري,بيانات مرجعية متاحة؛ يلزم تحقق PM,ضمن الفحص المبدئي
10569815261487,فيشي-نورمادرم-جيل-تنظيف-مكثف-400مل,فيشي نورمادرم جيل تنظيف مكثف 400مل,Vichy,العناية بالبشرة,العناية بالبشرة,1,غسول ,12343,1140,342,798,,متاح لدى المصدر,https://cdn.shopify.com/s/files/1/0935/9550/0847/files/1_3_d3329475-dee7-4d4c-a79e-9bcf627873d1.webp?v=1780472108,منتج فيشي نورمادرم جيل تنظيف مكثف 400مل من Vichy. التصنيف المرجعي: العناية بالبشرة — غسول . الوسوم المرجعية: 10، Acne & Blemishes، Cleanser، Face Wash، Oily Skin، Skin Care، Skin Concerns.,https://alfouadpharmacies.com/en/products/فيشي-نورمادرم-جيل-تنظيف-مكثف-400مل,AlFouad Pharmacies,Verify usage rights before commercial publication,غير مثبت,غير مثبت,مرجعي فقط — غير معتمد للنشر التجاري,بيانات مرجعية متاحة؛ يلزم تحقق PM,ضمن الفحص المبدئي
12689736466735,la-roche-cicaplast-microbiome-balm-100ml,لاروش بوزيه سيكابلاست بالم بي 5+ 100مل (حجم اقتصادي),La Roch Possay,العناية بالبشرة,العناية بالبشرة,1,ترميم البشره ,94401,1300,390,910,,متاح لدى المصدر,https://cdn.shopify.com/s/files/1/0935/9550/0847/files/Group_1_26.webp?v=1781937501,منتج لاروش بوزيه سيكابلاست بالم بي 5+ 100مل (حجم اقتصادي) من La Roch Possay. التصنيف المرجعي: العناية بالبشرة — ترميم البشره . الوسوم المرجعية: La roche، Moisturizer Cream، Moisturizers، Sensitive Skin / Redness، Skin Care، Skin Concerns.,https://alfouadpharmacies.com/en/products/la-roche-cicaplast-microbiome-balm-100ml,AlFouad Pharmacies,Verify usage rights before commercial publication,غير مثبت,غير مثبت,مرجعي فقط — غير معتمد للنشر التجاري,بيانات مرجعية متاحة؛ يلزم تحقق PM,ضمن الفحص المبدئي
12689724145967,dermaelle-hyaluwhite-intimate-cleanser-200ml,غسول ديرمايل هيالووايت للمناطق الحساسة 200 مل ,Dermaelle,العناية بالبشرة,العناية بالبشرة | العناية بالجسم,2,غسول ,18560,145,43.5,101.5,245,متاح لدى المصدر,https://cdn.shopify.com/s/files/1/0935/9550/0847/files/1_-_2026-06-25T125944.227.webp?v=1782381786,منتج غسول ديرمايل هيالووايت للمناطق الحساسة 200 مل  من Dermaelle. التصنيف المرجعي: العناية بالبشرة — غسول . الوسوم المرجعية: Body Care، Body Concerns، DERMAELLE OFFERS، Even Skin Tone / Pigmentation، Femming Wash، Intimate Care، Sexual Health، Women’s Health.,https://alfouadpharmacies.com/en/products/dermaelle-hyaluwhite-intimate-cleanser-200ml,AlFouad Pharmacies,Verify usage rights before commercial publication,غير مثبت,غير مثبت,مرجعي فقط — غير معتمد للنشر التجاري,بيانات مرجعية متاحة؛ يلزم تحقق PM,ضمن الفحص المبدئي
12689564369199,la-roche-sunblock-anti-dark-spot-sensetive-skinfluid-spf50-50ml,لاروش بوزيه أنثيليوس فلويد ضد البقع الداكنة SPF50+ 50مل,La Roch Possay,العناية بالبشرة,العناية بالبشرة,1,واقي شمس,113535,1100,330,770,,متاح لدى المصدر,https://cdn.shopify.com/s/files/1/0935/9550/0847/files/Group_1.webp?v=1781089111,منتج لاروش بوزيه أنثيليوس فلويد ضد البقع الداكنة SPF50+ 50مل من La Roch Possay. التصنيف المرجعي: العناية بالبشرة — واقي شمس. الوسوم المرجعية: Dark Spots، Skin Care، Sun Care، sunblock، Sunscreen، sunscreen dark spot، Sunscreen Fluid.,https://alfouadpharmacies.com/en/products/la-roche-sunblock-anti-dark-spot-sensetive-skinfluid-spf50-50ml,AlFouad Pharmacies,Verify usage rights before commercial publication,غير مثبت,غير مثبت,مرجعي فقط — غير معتمد للنشر التجاري,بيانات مرجعية متاحة؛ يلزم تحقق PM,ضمن الفحص المبدئي
10569743270191,isis-neotone-body-lotion-100ml,ايسيس. لوشن الجسم نيونتون 100 مل,isis,العناية بالبشرة,العناية بالبشرة | العناية بالجسم,2,تفتيح ,96915,1645,493.5,1151.5,,غير متاح لدى المصدر,https://cdn.shopify.com/s/files/1/0935/9550/0847/files/479_2.webp?v=1780581798,منتج ايسيس. لوشن الجسم نيونتون 100 مل من isis. التصنيف المرجعي: العناية بالبشرة — تفتيح . الوسوم المرجعية: Body Care، Body Concerns، Body Lotion، Even Skin Tone / Pigmentation، Sensetive Skin.,https://alfouadpharmacies.com/en/products/isis-neotone-body-lotion-100ml,AlFouad Pharmacies,Verify usage rights before commercial publication,غير مثبت,غير مثبت,مرجعي فقط — غير معتمد للنشر التجاري,بيانات مرجعية متاحة؛ يلزم تحقق PM,ضمن الفحص المبدئي
12689501421871,dermaelle-hyalurepair-cica-cream-60ml,كريم ديرمايل هيالوربير سيكا 60 مل,Dermaelle,العناية بالبشرة,العناية بالبشرة,1,كريم ,114525,195,58.5,136.5,325,متاح لدى المصدر,https://cdn.shopify.com/s/files/1/0935/9550/0847/files/1_94.webp?v=1782376608,منتج كريم ديرمايل هيالوربير سيكا 60 مل من Dermaelle. التصنيف المرجعي: العناية بالبشرة — كريم . الوسوم المرجعية: DERMAELLE OFFERS، Dry Skin، Dryness، Moisturizer Cream، Moisturizers، Sensetive Skin، Sensitive Skin / Redness.,https://alfouadpharmacies.com/en/products/dermaelle-hyalurepair-cica-cream-60ml,AlFouad Pharmacies,Verify usage rights before commercial publication,غير مثبت,غير مثبت,مرجعي فقط — غير معتمد للنشر التجاري,بيانات مرجعية متاحة؛ يلزم تحقق PM,ضمن الفحص المبدئي
12689735876911,la-roche-effaclar-h-iso-biome-cream-40ml,لاروش بوزيه إيفاكلار H Iso-Biome كريم 40مل,La Roch Possay,العناية بالبشرة,العناية بالبشرة,1,بسيط,14985,920,276,644,,متاح لدى المصدر,https://cdn.shopify.com/s/files/1/0935/9550/0847/files/Group_1_12_-_Copy.webp?v=1781088237,منتج لاروش بوزيه إيفاكلار H Iso-Biome كريم 40مل من La Roch Possay. التصنيف المرجعي: العناية بالبشرة — بسيط. الوسوم المرجعية: Dehydrated Skin، La roche، Moisturizer Cream، Moisturizers، Oily Skin، Skin Care، Skin Concerns.,https://alfouadpharmacies.com/en/products/la-roche-effaclar-h-iso-biome-cream-40ml,AlFouad Pharmacies,Verify usage rights before commercial publication,غير مثبت,غير مثبت,مرجعي فقط — غير معتمد للنشر التجاري,بيانات مرجعية متاحة؛ يلزم تحقق PM,ضمن الفحص المبدئي
10569734488367,bioderma-pigmentbio-foaming-cream-200ml,بيوديرما بيجمنتبيو كريم رغوي 200مل,Bioderma,العناية بالبشرة,العناية بالبشرة | العناية بالجسم,2,تفتيح ,91834,849,254.7,594.3,,متاح لدى المصدر,https://cdn.shopify.com/s/files/1/0935/9550/0847/files/494.webp?v=1780570612,منتج بيوديرما بيجمنتبيو كريم رغوي 200مل من Bioderma. التصنيف المرجعي: العناية بالبشرة — تفتيح . الوسوم المرجعية: Body Care، Body Concerns، Body Wash، Cleanser، Even Skin Tone، Even Skin Tone / Pigmentation، Face Wash، Skin Care.,https://alfouadpharmacies.com/en/products/bioderma-pigmentbio-foaming-cream-200ml,AlFouad Pharmacies,Verify usage rights before commercial publication,غير مثبت,غير مثبت,مرجعي فقط — غير معتمد للنشر التجاري,بيانات مرجعية متاحة؛ يلزم تحقق PM,ضمن الفحص المبدئي
12689735778607,la-roche-hyalu-b5-serum-30ml,لاروش بوزيه هيالو B5 سيروم بحمض الهيالورونيك 30 مل,La Roch Possay,العناية بالبشرة,العناية بالبشرة,1,سيرم ,94971,1430,429,1001,,متاح لدى المصدر,https://cdn.shopify.com/s/files/1/0935/9550/0847/files/Group_4.webp?v=1781089260,منتج لاروش بوزيه هيالو B5 سيروم بحمض الهيالورونيك 30 مل من La Roch Possay. التصنيف المرجعي: العناية بالبشرة — سيرم . الوسوم المرجعية: 10، Dryness، Fine Lines & Wrinkles، Serums، Skin Care، Skin Concerns، Treatments.,https://alfouadpharmacies.com/en/products/la-roche-hyalu-b5-serum-30ml,AlFouad Pharmacies,Verify usage rights before commercial publication,غير مثبت,غير مثبت,مرجعي فقط — غير معتمد للنشر التجاري,بيانات مرجعية متاحة؛ يلزم تحقق PM,ضمن الفحص المبدئي
12689577050415,eucerin-even-pigment-perfector-dual-serum-30ml,يوسيرين آنتي بيجمنت ديوال سيرم 30مل,Euceri,العناية بالبشرة,العناية بالبشرة,1,سيرم ,25627,2300,690,1610,0,متاح لدى المصدر,https://cdn.shopify.com/s/files/1/0935/9550/0847/files/Group_1_copy_23_a689a879-0f3c-42c2-a66c-93e26635af91.webp?v=1781943331,منتج يوسيرين آنتي بيجمنت ديوال سيرم 30مل من Euceri. التصنيف المرجعي: العناية بالبشرة — سيرم . الوسوم المرجعية: eucerin، Even Skin Tone، Even Skin Tone / Pigmentation، Skin Care، Skin Concerns.,https://alfouadpharmacies.com/en/products/eucerin-even-pigment-perfector-dual-serum-30ml,AlFouad Pharmacies,Verify usage rights before commercial publication,غير مثبت,غير مثبت,مرجعي فقط — غير معتمد للنشر التجاري,بيانات مرجعية متاحة؛ يلزم تحقق PM,ضمن الفحص المبدئي
10569736356143,avene-cicalfate-cream-40ml,كريم افين سيكالفيت بلس 40 مل,Avene,العناية بالبشرة,العناية بالبشرة,1,بسيط,97176,709,212.7,496.3,,متاح لدى المصدر,https://cdn.shopify.com/s/files/1/0935/9550/0847/files/502_1.webp?v=1780839140,منتج كريم افين سيكالفيت بلس 40 مل من Avene. التصنيف المرجعي: العناية بالبشرة — بسيط. الوسوم المرجعية: Dehydrated Skin، Moisturizer Cream، Moisturizers، Sensitive Skin / Redness، Skin Care، Skin Concerns.,https://alfouadpharmacies.com/en/products/avene-cicalfate-cream-40ml,AlFouad Pharmacies,Verify usage rights before commercial publication,غير مثبت,غير مثبت,مرجعي فقط — غير معتمد للنشر التجاري,بيانات مرجعية متاحة؛ يلزم تحقق PM,ضمن الفحص المبدئي
12689724375343,dermaelle-hyaluwhite-anti-dark-knuckles-cream-150ml,كريم ديرمالي هايالووايت المضاد لتصبغ المفاصل 150 مل,Dermaelle,العناية بالبشرة,العناية بالبشرة | العناية بالجسم,2,كريم تفتيح ,29211,195,58.5,136.5,325,متاح لدى المصدر,https://cdn.shopify.com/s/files/1/0935/9550/0847/files/1_97.webp?v=1782379994,منتج كريم ديرمالي هايالووايت المضاد لتصبغ المفاصل 150 مل من Dermaelle. التصنيف المرجعي: العناية بالبشرة — كريم تفتيح . الوسوم المرجعية: Body Care، Body Concerns، Body Cream، DERMAELLE OFFERS، Even Skin Tone / Pigmentation.,https://alfouadpharmacies.com/en/products/dermaelle-hyaluwhite-anti-dark-knuckles-cream-150ml,AlFouad Pharmacies,Verify usage rights before commercial publication,غير مثبت,غير مثبت,مرجعي فقط — غير معتمد للنشر التجاري,بيانات مرجعية متاحة؛ يلزم تحقق PM,ضمن الفحص المبدئي
12689578393903,cerave-oil-control-moist-gel-cream-52ml,كريم جل ترطيب للتحكم بالزيت من سيرافي 52 مل,cerave,العناية بالبشرة,العناية بالبشرة,1,Face Moisturizer,113078,660,198,462,,متاح لدى المصدر,https://cdn.shopify.com/s/files/1/0935/9550/0847/files/338.webp?v=1780219389,منتج كريم جل ترطيب للتحكم بالزيت من سيرافي 52 مل من cerave. التصنيف المرجعي: العناية بالبشرة — Face Moisturizer. الوسوم المرجعية: 10، Acne & Blemishes، Moisturizer Gel، Moisturizers، Oily Skin، Skin Care.,https://alfouadpharmacies.com/en/products/cerave-oil-control-moist-gel-cream-52ml,AlFouad Pharmacies,Verify usage rights before commercial publication,غير مثبت,غير مثبت,مرجعي فقط — غير معتمد للنشر التجاري,بيانات مرجعية متاحة؛ يلزم تحقق PM,ضمن الفحص المبدئي
10569736323375,sensibio-h2o-solution-500-ml-make-up-remover,بيوديرما سنسيبيو H2O محلول 500مل,Bioderma,العناية بالبشرة,العناية بالبشرة,1,تونر,7048,1099,329.7,769.3,0,متاح لدى المصدر,https://cdn.shopify.com/s/files/1/0935/9550/0847/files/470_0fce5d8f-29f2-469a-9147-b2402c6853a5.webp?v=1780571291,منتج بيوديرما سنسيبيو H2O محلول 500مل من Bioderma. التصنيف المرجعي: العناية بالبشرة — تونر. الوسوم المرجعية: Cleanser، Dullness، Makeup Removers، Sensitive Skin / Redness، Skin Care، Skin Concerns.,https://alfouadpharmacies.com/en/products/sensibio-h2o-solution-500-ml-make-up-remover,AlFouad Pharmacies,Verify usage rights before commercial publication,غير مثبت,غير مثبت,مرجعي فقط — غير معتمد للنشر التجاري,بيانات مرجعية متاحة؛ يلزم تحقق PM,ضمن الفحص المبدئي
10569735307567,photoderm-spot-age-gel-cream-spf50-40ml,بيوديرما فوتوديرم سبوت أيج جل كريم SPF50+ 40مل,Bioderma,العناية بالبشرة,العناية بالبشرة,1,بسيط,95384,999,299.7,699.3,0,متاح لدى المصدر,https://cdn.shopify.com/s/files/1/0935/9550/0847/files/Photoderm-Spot-Age-Gel-Cream-SPF50-40ML.webp?v=1754298985,منتج بيوديرما فوتوديرم سبوت أيج جل كريم SPF50+ 40مل من Bioderma. التصنيف المرجعي: العناية بالبشرة — بسيط. الوسوم المرجعية: Anti-Aging، Dark Spots، Skin Care، Skin Concerns، Sun Care، Sunscreen، Sunscreen Gel Cream.,https://alfouadpharmacies.com/en/products/photoderm-spot-age-gel-cream-spf50-40ml,AlFouad Pharmacies,Verify usage rights before commercial publication,غير مثبت,غير مثبت,مرجعي فقط — غير معتمد للنشر التجاري,بيانات مرجعية متاحة؛ يلزم تحقق PM,ضمن الفحص المبدئي
12689736073519,la-roche-cicaplast-microbiome-balm-40ml,لاروش بوزيه سيكابلاست ميكروبيوم بالم 40مل,La Roch Possay,العناية بالبشرة,العناية بالبشرة,1,ترميم البشره ,101471,900,270,630,,متاح لدى المصدر,https://cdn.shopify.com/s/files/1/0935/9550/0847/files/Group_1_26.webp?v=1781937501,منتج لاروش بوزيه سيكابلاست ميكروبيوم بالم 40مل من La Roch Possay. التصنيف المرجعي: العناية بالبشرة — ترميم البشره . الوسوم المرجعية: 10، Dry Skin، La roche، Moisturizer Cream، Moisturizers، Sensitive Skin / Redness، Skin Care، Skin Concerns.,https://alfouadpharmacies.com/en/products/la-roche-cicaplast-microbiome-balm-40ml,AlFouad Pharmacies,Verify usage rights before commercial publication,غير مثبت,غير مثبت,مرجعي فقط — غير معتمد للنشر التجاري,بيانات مرجعية متاحة؛ يلزم تحقق PM,ضمن الفحص المبدئي
10569745039663,la-roche-anthelios-spray-spf50-75ml,لاروش بوزيه أنثيليوس سبراي SPF50+ 75مل,La Roch Possay,العناية بالبشرة,العناية بالبشرة,1,بسيط,24484,820,246,574,,متاح لدى المصدر,https://cdn.shopify.com/s/files/1/0935/9550/0847/files/0000000000_83ff7316-ef48-40f3-a75d-228ea03885c8.webp?v=1781933528,منتج لاروش بوزيه أنثيليوس سبراي SPF50+ 75مل من La Roch Possay. التصنيف المرجعي: العناية بالبشرة — بسيط. الوسوم المرجعية: La roche، Oily Skin، Skin Care، Skin Concerns، SPF 50، Sun Care، sunblock، Sunscreen.,https://alfouadpharmacies.com/en/products/la-roche-anthelios-spray-spf50-75ml,AlFouad Pharmacies,Verify usage rights before commercial publication,غير مثبت,غير مثبت,مرجعي فقط — غير معتمد للنشر التجاري,بيانات مرجعية متاحة؛ يلزم تحقق PM,ضمن الفحص المبدئي
10569735242031,photoderm-aqua-fluid-tint-light-spf50-40ml,بيوديرما فوتوديرم أكوا فلويد ملون فاتح SPF50+ 40مل,Bioderma,العناية بالبشرة,العناية بالبشرة,1,بسيط,109545,949,284.7,664.3,0,متاح لدى المصدر,https://cdn.shopify.com/s/files/1/0935/9550/0847/files/417.webp?v=1779704194,منتج بيوديرما فوتوديرم أكوا فلويد ملون فاتح SPF50+ 40مل من Bioderma. التصنيف المرجعي: العناية بالبشرة — بسيط. الوسوم المرجعية: Even Skin Tone، photoderm، Skin Care، Skin Concerns، Sun Care، Sunscreen، Sunscreen Tinted.,https://alfouadpharmacies.com/en/products/photoderm-aqua-fluid-tint-light-spf50-40ml,AlFouad Pharmacies,Verify usage rights before commercial publication,غير مثبت,غير مثبت,مرجعي فقط — غير معتمد للنشر التجاري,بيانات مرجعية متاحة؛ يلزم تحقق PM,ضمن الفحص المبدئي
12689724703023,فيشي-نورماديرم-جل-للبشرة-الدهنية-200-مل,غسول فيشي نورماديرم جل للبشرة الدهنية 200 مل,Vichy,العناية بالبشرة,العناية بالبشرة,1,غسول ,109108,800,240,560,,متاح لدى المصدر,https://cdn.shopify.com/s/files/1/0935/9550/0847/files/1_2_c41cd389-2b29-4bc7-8f01-70d14d1c5f6b.webp?v=1780468116,منتج غسول فيشي نورماديرم جل للبشرة الدهنية 200 مل من Vichy. التصنيف المرجعي: العناية بالبشرة — غسول . الوسوم المرجعية: 10، Acne & Blemishes، Cleanser، Face Wash، Oily Skin، Skin Care، Skin Concerns.,https://alfouadpharmacies.com/en/products/فيشي-نورماديرم-جل-للبشرة-الدهنية-200-مل,AlFouad Pharmacies,Verify usage rights before commercial publication,غير مثبت,غير مثبت,مرجعي فقط — غير معتمد للنشر التجاري,بيانات مرجعية متاحة؛ يلزم تحقق PM,ضمن الفحص المبدئي
10569741664559,cerave-moisturising-cream-340ml,كريم مرطب سيرافي 340 مل,cerave,العناية بالبشرة,العناية بالبشرة | العناية بالجسم,2,بسيط,31763,850,255,595,,متاح لدى المصدر,https://cdn.shopify.com/s/files/1/0935/9550/0847/files/307.webp?v=1777807562,منتج كريم مرطب سيرافي 340 مل من cerave. التصنيف المرجعي: العناية بالبشرة — بسيط. الوسوم المرجعية: 10، Body Care، Body Concerns، Body Cream، Dry Skin، Dry Skin body concerns، Dryness، Moisturizer Cream.,https://alfouadpharmacies.com/en/products/cerave-moisturising-cream-340ml,AlFouad Pharmacies,Verify usage rights before commercial publication,غير مثبت,غير مثبت,مرجعي فقط — غير معتمد للنشر التجاري,بيانات مرجعية متاحة؛ يلزم تحقق PM,ضمن الفحص المبدئي
12689746854191,cerave-foaming-gel-cleanser-for-oily-skin-236ml,غسول جيل رغوي سيباڤ (للبشرة الدهنية) 237 مل,cerave,العناية بالبشرة,العناية بالبشرة,1,بسيط,98592,620,186,434,,متاح لدى المصدر,https://cdn.shopify.com/s/files/1/0935/9550/0847/files/327.webp?v=1780219068,منتج غسول جيل رغوي سيباڤ (للبشرة الدهنية) 237 مل من cerave. التصنيف المرجعي: العناية بالبشرة — بسيط. الوسوم المرجعية: 10، Acne & Blemishes، Cleanser، Face Wash، Oily Skin، Pores، Skin Care، Skin Concerns.,https://alfouadpharmacies.com/en/products/cerave-foaming-gel-cleanser-for-oily-skin-236ml,AlFouad Pharmacies,Verify usage rights before commercial publication,غير مثبت,غير مثبت,مرجعي فقط — غير معتمد للنشر التجاري,بيانات مرجعية متاحة؛ يلزم تحقق PM,ضمن الفحص المبدئي
10569741205807,cerave-facial-moisturising-lotion-pm-52ml,لوشن مرطب للوجه من سيباف (للاستخدام الليلي) 52 مل,cerave,العناية بالبشرة,العناية بالبشرة,1,بسيط,8709,590,177,413,,متاح لدى المصدر,https://cdn.shopify.com/s/files/1/0935/9550/0847/files/321.webp?v=1780219530,منتج لوشن مرطب للوجه من سيباف (للاستخدام الليلي) 52 مل من cerave. التصنيف المرجعي: العناية بالبشرة — بسيط. الوسوم المرجعية: Dehydrated Skin، Dryness، Moisturizer Cream، Moisturizers، Oily Skin، Skin Care، Skin Concerns.,https://alfouadpharmacies.com/en/products/cerave-facial-moisturising-lotion-pm-52ml,AlFouad Pharmacies,Verify usage rights before commercial publication,غير مثبت,غير مثبت,مرجعي فقط — غير معتمد للنشر التجاري,بيانات مرجعية متاحة؛ يلزم تحقق PM,ضمن الفحص المبدئي
12689734861103,vichy-anti-transpirant-red-roll-on-50ml,فيتشي مضاد للعرق (أحمر) رول أون 50 مل,Vichy,العناية بالبشرة,العناية بالبشرة | العناية بالجسم,2,روول اون ,98539,790,237,553,,متاح لدى المصدر,https://cdn.shopify.com/s/files/1/0935/9550/0847/files/2_13.webp?v=1780481571,منتج فيتشي مضاد للعرق (أحمر) رول أون 50 مل من Vichy. التصنيف المرجعي: العناية بالبشرة — روول اون . الوسوم المرجعية: 10، Body Care، Body Concerns، Deodrant، Roll-on، Sensetive Skin.,https://alfouadpharmacies.com/en/products/vichy-anti-transpirant-red-roll-on-50ml,AlFouad Pharmacies,Verify usage rights before commercial publication,غير مثبت,غير مثبت,مرجعي فقط — غير معتمد للنشر التجاري,بيانات مرجعية متاحة؛ يلزم تحقق PM,ضمن الفحص المبدئي
12689735713071,la-roche-mela-b3-serum-30ml,لاروش بوزيه ميلا بي 3 سيرم 30مل,La Roch Possay,العناية بالبشرة,العناية بالبشرة,1,سيرم ,104083,1980,594,1386,,متاح لدى المصدر,https://cdn.shopify.com/s/files/1/0935/9550/0847/files/Group_1_10.webp?v=1781088017,منتج لاروش بوزيه ميلا بي 3 سيرم 30مل من La Roch Possay. التصنيف المرجعي: العناية بالبشرة — سيرم . الوسوم المرجعية: 10، Dark Spots، Even Skin Tone، La roche، Serums، Skin Care، Skin Concerns، Treatments.,https://alfouadpharmacies.com/en/products/la-roche-mela-b3-serum-30ml,AlFouad Pharmacies,Verify usage rights before commercial publication,غير مثبت,غير مثبت,مرجعي فقط — غير معتمد للنشر التجاري,بيانات مرجعية متاحة؛ يلزم تحقق PM,ضمن الفحص المبدئي
10569832661295,سيروم-ذا-أورديناري-نياسيناميد-10-زنك-1,سيروم ذا أورديناري نياسيناميد 10% + زنك 1%,The Ordinary,العناية بالبشرة,العناية بالبشرة,1,سيرم ,94296,1599,479.7,1119.3,0,متاح لدى المصدر,https://cdn.shopify.com/s/files/1/0935/9550/0847/files/1_-_2026-07-06T154504.619.webp?v=1783341939,منتج سيروم ذا أورديناري نياسيناميد 10% + زنك 1% من The Ordinary. التصنيف المرجعي: العناية بالبشرة — سيرم . الوسوم المرجعية: Acne & Blemishes، Dehydrated Skin، Oily Skin، Pores، Serums، Skin Care، Skin Concerns، Treatments.,https://alfouadpharmacies.com/en/products/سيروم-ذا-أورديناري-نياسيناميد-10-زنك-1,AlFouad Pharmacies,Verify usage rights before commercial publication,غير مثبت,غير مثبت,مرجعي فقط — غير معتمد للنشر التجاري,بيانات مرجعية متاحة؛ يلزم تحقق PM,ضمن الفحص المبدئي
10569745203503,la-roche-anthelios-uvmune-fluid-50ml-spf50,لاروش بوزيه أنثيليوس يوفميون فلويد SPF50+ 50مل,La Roch Possay,العناية بالبشرة,العناية بالبشرة,1,واقي شمس ,10272,1100,330,770,,متاح لدى المصدر,https://cdn.shopify.com/s/files/1/0935/9550/0847/files/LaRochePosay_Anthelios_UVMune400_1615.webp?v=1789895028,منتج لاروش بوزيه أنثيليوس يوفميون فلويد SPF50+ 50مل من La Roch Possay. التصنيف المرجعي: العناية بالبشرة — واقي شمس . الوسوم المرجعية: Oily Skin، Skin Care، Skin Concerns، SPF 50، Sun Care، Sunscreen، Sunscreen Fluid.,https://alfouadpharmacies.com/en/products/la-roche-anthelios-uvmune-fluid-50ml-spf50,AlFouad Pharmacies,Verify usage rights before commercial publication,غير مثبت,غير مثبت,مرجعي فقط — غير معتمد للنشر التجاري,بيانات مرجعية متاحة؛ يلزم تحقق PM,ضمن الفحص المبدئي
10569831907631,the-ordinary-glycolic-acid-7-240ml,تونر ذا اورديناري جليكوليك اسيد 7% 240 مل,The Ordinary,العناية بالبشرة,العناية بالبشرة,1,بسيط,13694,2750,825,1925,0,متاح لدى المصدر,https://cdn.shopify.com/s/files/1/0935/9550/0847/files/product.webp?v=1778279672,منتج تونر ذا اورديناري جليكوليك اسيد 7% 240 مل من The Ordinary. التصنيف المرجعي: العناية بالبشرة — بسيط. الوسوم المرجعية: Dark Spots، Dehydrated Skin، Even Skin Tone، Skin Care، Skin Concerns، Toners، Treatments.,https://alfouadpharmacies.com/en/products/the-ordinary-glycolic-acid-7-240ml,AlFouad Pharmacies,Verify usage rights before commercial publication,غير مثبت,غير مثبت,مرجعي فقط — غير معتمد للنشر التجاري,بيانات مرجعية متاحة؛ يلزم تحقق PM,ضمن الفحص المبدئي
10569814245679,فيشي-ليفتاكتيف-فيتامين-سي-سيرم-20-مل, فيشي ليفتاكتيف فيتامين سي سيرم 20 مل,Vichy,العناية بالبشرة,العناية بالبشرة,1,سيرم ,97932,1800,540,1260,,متاح لدى المصدر,https://cdn.shopify.com/s/files/1/0935/9550/0847/files/1_7.webp?v=1780473849,منتج  فيشي ليفتاكتيف فيتامين سي سيرم 20 مل من Vichy. التصنيف المرجعي: العناية بالبشرة — سيرم . الوسوم المرجعية: Dehydrated Skin، Even Skin Tone، Fine Lines & Wrinkles، Serums، Skin Care، Skin Concerns، Treatments.,https://alfouadpharmacies.com/en/products/فيشي-ليفتاكتيف-فيتامين-سي-سيرم-20-مل,AlFouad Pharmacies,Verify usage rights before commercial publication,غير مثبت,غير مثبت,مرجعي فقط — غير معتمد للنشر التجاري,بيانات مرجعية متاحة؛ يلزم تحقق PM,ضمن الفحص المبدئي
12689511776559,dermaelle-hyalubalance-hydra-gel-cream-60ml,كريم جل هيالوبالانس هيدرا من ديرمايل 60 مل,Dermaelle,العناية بالبشرة,العناية بالبشرة,1,كريم,114523,179.5,53.85,125.65,299,متاح لدى المصدر,https://cdn.shopify.com/s/files/1/0935/9550/0847/files/1_92.webp?v=1782375980,منتج كريم جل هيالوبالانس هيدرا من ديرمايل 60 مل من Dermaelle. التصنيف المرجعي: العناية بالبشرة — كريم. الوسوم المرجعية: DERMAELLE OFFERS، Hydro-gel، Moisturizer Gel، Moisturizers، Oily Skin، Pores، Skin Care.,https://alfouadpharmacies.com/en/products/dermaelle-hyalubalance-hydra-gel-cream-60ml,AlFouad Pharmacies,Verify usage rights before commercial publication,غير مثبت,غير مثبت,مرجعي فقط — غير معتمد للنشر التجاري,بيانات مرجعية متاحة؛ يلزم تحقق PM,ضمن الفحص المبدئي
12689724473647,dermaelle-solaire-spf50-gel-cream-60ml,كريم جل ديرمال سولير SPF50 60 مل,Dermaelle,العناية بالبشرة,العناية بالبشرة,1,بسيط,99107,195,58.5,136.5,395,متاح لدى المصدر,https://cdn.shopify.com/s/files/1/0935/9550/0847/files/dermaelle-hyalusolaire-spf-50-gel-creme-60ml-480860.webp?v=1782378287,منتج كريم جل ديرمال سولير SPF50 60 مل من Dermaelle. التصنيف المرجعي: العناية بالبشرة — بسيط. الوسوم المرجعية: DERMAELLE OFFERS، Oily Skin، Skin Care، Skin Concerns، SPF 50، Sun Care، Sunscreen، Sunscreen Gel Cream.,https://alfouadpharmacies.com/en/products/dermaelle-solaire-spf50-gel-cream-60ml,AlFouad Pharmacies,Verify usage rights before commercial publication,غير مثبت,غير مثبت,مرجعي فقط — غير معتمد للنشر التجاري,بيانات مرجعية متاحة؛ يلزم تحقق PM,ضمن الفحص المبدئي
10569745170735,la-roche-anthelios-tinted-gel-cream-spf50-50ml,لاروش بوزيه أنثيليوس جل كريم ملون SPF50+ 50مل,La Roch Possay,العناية بالبشرة,العناية بالبشرة,1,واقي شمس ,110445,1070,321,749,,متاح لدى المصدر,https://cdn.shopify.com/s/files/1/0935/9550/0847/files/2_fae8f1ec-db78-4d18-b17a-874d3f25a6ae.webp?v=1783241184,منتج لاروش بوزيه أنثيليوس جل كريم ملون SPF50+ 50مل من La Roch Possay. التصنيف المرجعي: العناية بالبشرة — واقي شمس . الوسوم المرجعية: Even Skin Tone، Oily Skin، Skin Care، Skin Concerns، SPF 50، Sun Care، Sunscreen، Sunscreen Tinted.,https://alfouadpharmacies.com/en/products/la-roche-anthelios-tinted-gel-cream-spf50-50ml,AlFouad Pharmacies,Verify usage rights before commercial publication,غير مثبت,غير مثبت,مرجعي فقط — غير معتمد للنشر التجاري,بيانات مرجعية متاحة؛ يلزم تحقق PM,ضمن الفحص المبدئي
10569810018607,vichy-capital-soleil-dry-touch-fluid-spf50-50ml,فيشي كابيتال سوليل فلويد درايتش SPF50 50مل,Vichy,العناية بالبشرة,العناية بالبشرة,1,صن بلوك ,106460,1110.5,333.15,777.35,,متاح لدى المصدر,https://cdn.shopify.com/s/files/1/0935/9550/0847/files/1_36.webp?v=1780564589,منتج فيشي كابيتال سوليل فلويد درايتش SPF50 50مل من Vichy. التصنيف المرجعي: العناية بالبشرة — صن بلوك . الوسوم المرجعية: 10، Oily Skin، Skin Care، Skin Concerns، SPF 50، Sun Care، Sunscreen، Sunscreen Fluid.,https://alfouadpharmacies.com/en/products/vichy-capital-soleil-dry-touch-fluid-spf50-50ml,AlFouad Pharmacies,Verify usage rights before commercial publication,غير مثبت,غير مثبت,مرجعي فقط — غير معتمد للنشر التجاري,بيانات مرجعية متاحة؛ يلزم تحقق PM,ضمن الفحص المبدئي
10569741599023,cerave-moisturising-cream-177ml,كريم مرطب سيرافي 177 مل,cerave,العناية بالبشرة,العناية بالبشرة,1,بسيط,97650,550,165,385,,متاح لدى المصدر,https://cdn.shopify.com/s/files/1/0935/9550/0847/files/306.webp?v=1777807260,منتج كريم مرطب سيرافي 177 مل من cerave. التصنيف المرجعي: العناية بالبشرة — بسيط. الوسوم المرجعية: 10، Dry Skin، Dryness، Moisturizer Cream، Moisturizers، Skin Care، Skin Concerns.,https://alfouadpharmacies.com/en/products/cerave-moisturising-cream-177ml,AlFouad Pharmacies,Verify usage rights before commercial publication,غير مثبت,غير مثبت,مرجعي فقط — غير معتمد للنشر التجاري,بيانات مرجعية متاحة؛ يلزم تحقق PM,ضمن الفحص المبدئي
12689734828335,مزيل-عرق-فيشي-أبيض-رول-أون-50-مل,مزيل عرق فيشي (أبيض) رول أون 50 مل,Vichy,العناية بالبشرة,العناية بالبشرة | العناية بالجسم,2,روول اون ,98535,790,237,553,,متاح لدى المصدر,https://cdn.shopify.com/s/files/1/0935/9550/0847/files/1_12.webp?v=1780480116,منتج مزيل عرق فيشي (أبيض) رول أون 50 مل من Vichy. التصنيف المرجعي: العناية بالبشرة — روول اون . الوسوم المرجعية: 10، Body Care، Body Concerns، Deodrant، Roll-on، Sensetive Skin.,https://alfouadpharmacies.com/en/products/مزيل-عرق-فيشي-أبيض-رول-أون-50-مل,AlFouad Pharmacies,Verify usage rights before commercial publication,غير مثبت,غير مثبت,مرجعي فقط — غير معتمد للنشر التجاري,بيانات مرجعية متاحة؛ يلزم تحقق PM,ضمن الفحص المبدئي
10569745891631,la-roche-effaclar-peeling-gel-200ml,لاروش بوزيه إيفاكلار جل تقشير 200مل,La Roch Possay,العناية بالبشرة,العناية بالبشرة,1,غسول للوجه و الجسم,93091,790,237,553,,متاح لدى المصدر,https://cdn.shopify.com/s/files/1/0935/9550/0847/files/Group_1_2.webp?v=1781088758,منتج لاروش بوزيه إيفاكلار جل تقشير 200مل من La Roch Possay. التصنيف المرجعي: العناية بالبشرة — غسول للوجه و الجسم. الوسوم المرجعية: 10، Acne & Blemishes، Cleanser، Face Wash، Oily Skin، Pores، Skin Care، Skin Concerns.,https://alfouadpharmacies.com/en/products/la-roche-effaclar-peeling-gel-200ml,AlFouad Pharmacies,Verify usage rights before commercial publication,غير مثبت,غير مثبت,مرجعي فقط — غير معتمد للنشر التجاري,بيانات مرجعية متاحة؛ يلزم تحقق PM,ضمن الفحص المبدئي
10569742680367,eucerin-pigment-control-sun-fluid-spf50-50ml,يوسيرين بيجمنت كونترول سن فلويد SPF50+ 50مل,Eucerin,العناية بالبشرة,العناية بالبشرة,1,بسيط,97467,1100,330,770,0,متاح لدى المصدر,https://cdn.shopify.com/s/files/1/0935/9550/0847/files/Group_1_copy_22_0011c2a8-d706-47f1-9a9f-20950c04e918.webp?v=1781943103,منتج يوسيرين بيجمنت كونترول سن فلويد SPF50+ 50مل من Eucerin. التصنيف المرجعي: العناية بالبشرة — بسيط. الوسوم المرجعية: Dark Spots، Even Skin Tone، Skin Care، Skin Concerns، SPF 50، Sun Care، Sunscreen، Sunscreen Fluid.,https://alfouadpharmacies.com/en/products/eucerin-pigment-control-sun-fluid-spf50-50ml,AlFouad Pharmacies,Verify usage rights before commercial publication,غير مثبت,غير مثبت,مرجعي فقط — غير معتمد للنشر التجاري,بيانات مرجعية متاحة؛ يلزم تحقق PM,ضمن الفحص المبدئي
16014239531311,bioderma-photoderm-xdefense-tint-01-fluid-spf50-40ml,"بيوديرما فوتوديرم تنت XDefense 01
",Bioderma,العناية بالبشرة,العناية بالبشرة,1,sunscreen,116661,999,299.7,699.3,,متاح لدى المصدر,https://cdn.shopify.com/s/files/1/0935/9550/0847/files/197-4.webp?v=1780385386,"منتج بيوديرما فوتوديرم تنت XDefense 01
 من Bioderma. التصنيف المرجعي: العناية بالبشرة — sunscreen. الوسوم المرجعية: bioderma، Skin Care، Sun Tan، sunblock، Sunscreen، Sunscreen Fluid، Sunscreen Tinted.",https://alfouadpharmacies.com/en/products/bioderma-photoderm-xdefense-tint-01-fluid-spf50-40ml,AlFouad Pharmacies,Verify usage rights before commercial publication,غير مثبت,غير مثبت,مرجعي فقط — غير معتمد للنشر التجاري,بيانات مرجعية متاحة؛ يلزم تحقق PM,ضمن الفحص المبدئي
10569741697327,cerave-moisturising-cream-454ml,كريم مرطب سيرافي 454 مل,cerave,العناية بالبشرة,العناية بالبشرة | العناية بالجسم,2,بسيط,96446,1050,315,735,,متاح لدى المصدر,https://cdn.shopify.com/s/files/1/0935/9550/0847/files/298_8538fba1-be9c-495a-ad48-e56af903a367.webp?v=1777806827,منتج كريم مرطب سيرافي 454 مل من cerave. التصنيف المرجعي: العناية بالبشرة — بسيط. الوسوم المرجعية: 10، Body Care، Body Concerns، Body Cream، Dry Skin، Dry Skin body concerns، Dryness، Moisturizer Cream.,https://alfouadpharmacies.com/en/products/cerave-moisturising-cream-454ml,AlFouad Pharmacies,Verify usage rights before commercial publication,غير مثبت,غير مثبت,مرجعي فقط — غير معتمد للنشر التجاري,بيانات مرجعية متاحة؛ يلزم تحقق PM,ضمن الفحص المبدئي
12689735942447,la-roche-effaclar-foaming-gel-200ml,لاروش بوزيه إيفاكلار جل رغوي 200مل,La Roch Possay,العناية بالبشرة,العناية بالبشرة,1,غسول ,17591,730,219,511,,متاح لدى المصدر,https://cdn.shopify.com/s/files/1/0935/9550/0847/files/Group_1_43.webp?v=1781438410,منتج لاروش بوزيه إيفاكلار جل رغوي 200مل من La Roch Possay. التصنيف المرجعي: العناية بالبشرة — غسول . الوسوم المرجعية: 10، Acne & Blemishes، Cleanser، Face Wash، La roche، Oily Skin، Pores، Skin Care.,https://alfouadpharmacies.com/en/products/la-roche-effaclar-foaming-gel-200ml,AlFouad Pharmacies,Verify usage rights before commercial publication,غير مثبت,غير مثبت,مرجعي فقط — غير معتمد للنشر التجاري,بيانات مرجعية متاحة؛ يلزم تحقق PM,ضمن الفحص المبدئي
10569735700783,sebium-hydra-cream-40ml,بيوديرما سيبيوم هايدرا كريم 40مل,Bioderma,العناية بالبشرة,العناية بالبشرة,1,كريم ترطيب ,99283,859,257.7,601.3,0,متاح لدى المصدر,https://cdn.shopify.com/s/files/1/0935/9550/0847/files/1_42.webp?v=1780573384,منتج بيوديرما سيبيوم هايدرا كريم 40مل من Bioderma. التصنيف المرجعي: العناية بالبشرة — كريم ترطيب . الوسوم المرجعية: Dehydrated Skin، Moisturizer Cream، Moisturizers، Oily Skin، Skin Care، Skin Concerns.,https://alfouadpharmacies.com/en/products/sebium-hydra-cream-40ml,AlFouad Pharmacies,Verify usage rights before commercial publication,غير مثبت,غير مثبت,مرجعي فقط — غير معتمد للنشر التجاري,بيانات مرجعية متاحة؛ يلزم تحقق PM,ضمن الفحص المبدئي
12689690165551,neutrogena-hydro-boost-water-gel-50ml,نيوتروجينا هيدرو بوست جل الماء 50 مل,Neutrogena,العناية بالبشرة,العناية بالبشرة,1,مرطب,91508,400,120,280,,متاح لدى المصدر,https://cdn.shopify.com/s/files/1/0935/9550/0847/files/Neutrogena_Hydro_Boost_Water_Gel_50ml_1615x1615_6ce3419c-4a5b-4270-8072-42af6a43041e.webp?v=1772103766,منتج نيوتروجينا هيدرو بوست جل الماء 50 مل من Neutrogena. التصنيف المرجعي: العناية بالبشرة — مرطب. الوسوم المرجعية: Dryness، Hydro-gel، Moisturizers، Skin Care، Skin Concerns.,https://alfouadpharmacies.com/en/products/neutrogena-hydro-boost-water-gel-50ml,AlFouad Pharmacies,Verify usage rights before commercial publication,غير مثبت,غير مثبت,مرجعي فقط — غير معتمد للنشر التجاري,بيانات مرجعية متاحة؛ يلزم تحقق PM,ضمن الفحص المبدئي
10569742221615,eucerin-dermo-purifyer-triple-serum-40ml,يوسيرين ديرمو بيوريفاير تريبل سيرم 40مل,Eucerin,العناية بالبشرة,العناية بالبشرة,1,سيرم ,95328,850,255,595,0,متاح لدى المصدر,https://cdn.shopify.com/s/files/1/0935/9550/0847/files/Group_1_47_c11f70d9-5ca5-4a52-b784-7f8a5b5362c2.webp?v=1781942331,منتج يوسيرين ديرمو بيوريفاير تريبل سيرم 40مل من Eucerin. التصنيف المرجعي: العناية بالبشرة — سيرم . الوسوم المرجعية: Acne & Blemishes، eucerin، Oily Skin، Pores، Serums، Skin Care، Skin Concerns، Treatments.,https://alfouadpharmacies.com/en/products/eucerin-dermo-purifyer-triple-serum-40ml,AlFouad Pharmacies,Verify usage rights before commercial publication,غير مثبت,غير مثبت,مرجعي فقط — غير معتمد للنشر التجاري,بيانات مرجعية متاحة؛ يلزم تحقق PM,ضمن الفحص المبدئي
10569824895279,dermaelle-advanc-niacinamide-serum-kit-3-step,مجموعة ديرمايل نياسيناميد 3 خطوات,Dermaelle,العناية بالبشرة,العناية بالبشرة,1,بسيط,111998,449.25,134.78,314.47,750,متاح لدى المصدر,https://cdn.shopify.com/s/files/1/0935/9550/0847/files/dermaelle1_1.webp?v=1790499521,منتج مجموعة ديرمايل نياسيناميد 3 خطوات من Dermaelle. التصنيف المرجعي: العناية بالبشرة — بسيط. الوسوم المرجعية: Acne & Blemishes، Bundle، Dark Spots، Even Skin Tone، Face Offers، Oily Skin، Sensitive Skin / Redness، Skin Care.,https://alfouadpharmacies.com/en/products/dermaelle-advanc-niacinamide-serum-kit-3-step,AlFouad Pharmacies,Verify usage rights before commercial publication,غير مثبت,غير مثبت,مرجعي فقط — غير معتمد للنشر التجاري,بيانات مرجعية متاحة؛ يلزم تحقق PM,ضمن الفحص المبدئي
12689578361135,starville-acne-prone-skin-face-mask-1pcs,قناع ستارڤيل للوجه للبشرة المعرضة لحب الشباب، قطعة واحدة,parkville,العناية بالبشرة,العناية بالبشرة,1,,9121,55,16.5,38.5,,متاح لدى المصدر,https://cdn.shopify.com/s/files/1/0935/9550/0847/files/StarvilleAcneProneSkinFaceMask1PCS.webp?v=1771839716,منتج قناع ستارڤيل للوجه للبشرة المعرضة لحب الشباب، قطعة واحدة من parkville. التصنيف المرجعي: العناية بالبشرة. الوسوم المرجعية: Acne & Blemishes، Face Mask، Oily Skin، Skin Care، starville.,https://alfouadpharmacies.com/en/products/starville-acne-prone-skin-face-mask-1pcs,AlFouad Pharmacies,Verify usage rights before commercial publication,غير مثبت,غير مثبت,مرجعي فقط — غير معتمد للنشر التجاري,بيانات مرجعية متاحة؛ يلزم تحقق PM,ضمن الفحص المبدئي
10569796485423,la-roche-toleriane-sensitive-cream-40ml,لاروش بوزيه تولريان كريم حساس 40مل,La Roch Possay,العناية بالبشرة,العناية بالبشرة,1,كريم ,27459,970,291,679,,متاح لدى المصدر,https://cdn.shopify.com/s/files/1/0935/9550/0847/files/Group_1_11.webp?v=1781088203,منتج لاروش بوزيه تولريان كريم حساس 40مل من La Roch Possay. التصنيف المرجعي: العناية بالبشرة — كريم . الوسوم المرجعية: Dryness، La roche، Moisturizer Cream، Moisturizers، Sensitive Skin / Redness، Skin Care، Skin Concerns.,https://alfouadpharmacies.com/en/products/la-roche-toleriane-sensitive-cream-40ml,AlFouad Pharmacies,Verify usage rights before commercial publication,غير مثبت,غير مثبت,مرجعي فقط — غير معتمد للنشر التجاري,بيانات مرجعية متاحة؛ يلزم تحقق PM,ضمن الفحص المبدئي
12689735909679,la-roche-effaclar-foaming-gel-400ml,لاروش بوزيه إيفاكلار جل رغوي 400مل,La Roch Possay,العناية بالبشرة,العناية بالبشرة,1,غسول ,18797,1140,342,798,,متاح لدى المصدر,https://cdn.shopify.com/s/files/1/0935/9550/0847/files/Group_1_29_18432185-a95e-4206-bf3c-5f0f870748f2.webp?v=1781938538,منتج لاروش بوزيه إيفاكلار جل رغوي 400مل من La Roch Possay. التصنيف المرجعي: العناية بالبشرة — غسول . الوسوم المرجعية: 10، Acne & Blemishes، Cleanser، Face Wash، La roche، Oily Skin، Pores، Skin Care.,https://alfouadpharmacies.com/en/products/la-roche-effaclar-foaming-gel-400ml,AlFouad Pharmacies,Verify usage rights before commercial publication,غير مثبت,غير مثبت,مرجعي فقط — غير معتمد للنشر التجاري,بيانات مرجعية متاحة؛ يلزم تحقق PM,ضمن الفحص المبدئي
10569745695023,la-roche-effaclar-h-iso-biome-cleans-cream-200ml,لاروش بوزيه إيفاكلار H Iso-Biome كريم تنظيف 200مل,La Roch Possay,العناية بالبشرة,العناية بالبشرة,1,بسيط,88064,830,249,581,,متاح لدى المصدر,https://cdn.shopify.com/s/files/1/0935/9550/0847/files/La-Roche-Effaclar-H-Iso-Biome-Cleans-Cream-200ML.webp?v=1754298847,منتج لاروش بوزيه إيفاكلار H Iso-Biome كريم تنظيف 200مل من La Roch Possay. التصنيف المرجعي: العناية بالبشرة — بسيط. الوسوم المرجعية: Cleanser، Dryness، Dullness، Face Wash، Sensitive Skin / Redness، Skin Care، Skin Concerns.,https://alfouadpharmacies.com/en/products/la-roche-effaclar-h-iso-biome-cleans-cream-200ml,AlFouad Pharmacies,Verify usage rights before commercial publication,غير مثبت,غير مثبت,مرجعي فقط — غير معتمد للنشر التجاري,بيانات مرجعية متاحة؛ يلزم تحقق PM,ضمن الفحص المبدئي
10569734521135,bioderma-pigmentbio-night-renewer-cream-50ml,بيوديرما بيجمنتبيو كريم تجديد ليلي 50مل,Bioderma,العناية بالبشرة,العناية بالبشرة,1,بسيط,95374,1299,389.7,909.3,0,متاح لدى المصدر,https://cdn.shopify.com/s/files/1/0935/9550/0847/files/Bioderma_Pigmentbio_Night_Renewer_Cream_50ml.webp?v=1780824475,منتج بيوديرما بيجمنتبيو كريم تجديد ليلي 50مل من Bioderma. التصنيف المرجعي: العناية بالبشرة — بسيط. الوسوم المرجعية: Anti-Aging، Even Skin Tone، Moisturizers، Night Creams، Skin Care، Skin Concerns.,https://alfouadpharmacies.com/en/products/bioderma-pigmentbio-night-renewer-cream-50ml,AlFouad Pharmacies,Verify usage rights before commercial publication,غير مثبت,غير مثبت,مرجعي فقط — غير معتمد للنشر التجاري,بيانات مرجعية متاحة؛ يلزم تحقق PM,ضمن الفحص المبدئي
12689487069487,dermactive-acti-clear-hydra-matt-gel-50ml-off-1-1,جل ديرماكتيف أكتي-كلير هيدرا مات 50 مل، عرض خاص: اشترِ واحد واحصل على الثاني مجاناً,DERMACTIVE offer,العناية بالبشرة,العناية بالبشرة,1,,114410,195,58.5,136.5,360,متاح لدى المصدر,https://cdn.shopify.com/s/files/1/0935/9550/0847/files/1_22_1.webp?v=1786863379,منتج جل ديرماكتيف أكتي-كلير هيدرا مات 50 مل، عرض خاص: اشترِ واحد واحصل على الثاني مجاناً من DERMACTIVE offer. التصنيف المرجعي: العناية بالبشرة. الوسوم المرجعية: Bundle، Moisturizer Gel، Moisturizers، Oily Skin.,https://alfouadpharmacies.com/en/products/dermactive-acti-clear-hydra-matt-gel-50ml-off-1-1,AlFouad Pharmacies,Verify usage rights before commercial publication,غير مثبت,غير مثبت,مرجعي فقط — غير معتمد للنشر التجاري,بيانات مرجعية متاحة؛ يلزم تحقق PM,ضمن الفحص المبدئي
12689528193327,bioderma-photoderm-cream-spf50-40ml,بيوديرما فوتوديرم كريم SPF50+ 40مل,Bioderma,العناية بالبشرة,العناية بالبشرة,1,sunscreen,95956,849,254.7,594.3,0,متاح لدى المصدر,https://cdn.shopify.com/s/files/1/0935/9550/0847/files/Bioderma_Photoderm_Cream_SPF50_40ml.webp?v=1780738992,منتج بيوديرما فوتوديرم كريم SPF50+ 40مل من Bioderma. التصنيف المرجعي: العناية بالبشرة — sunscreen. الوسوم المرجعية: photoderm، Skin Care، Sun Care، sunblock، Sunscreen، Sunscreen Cream.,https://alfouadpharmacies.com/en/products/bioderma-photoderm-cream-spf50-40ml,AlFouad Pharmacies,Verify usage rights before commercial publication,غير مثبت,غير مثبت,مرجعي فقط — غير معتمد للنشر التجاري,بيانات مرجعية متاحة؛ يلزم تحقق PM,ضمن الفحص المبدئي
10569743466799,isis-neotone-serum-30ml,إيزيس فارما نيوتون سيروم المكثف لتصحيح البقع الداكنة 30 مل,isis,العناية بالبشرة,العناية بالبشرة,1,سيرم ,5354,1179,353.7,825.3,,متاح لدى المصدر,https://cdn.shopify.com/s/files/1/0935/9550/0847/files/1_-_2026-06-30T113055.399.webp?v=1782808402,منتج إيزيس فارما نيوتون سيروم المكثف لتصحيح البقع الداكنة 30 مل من isis. التصنيف المرجعي: العناية بالبشرة — سيرم . الوسوم المرجعية: Dark Spots، Even Skin Tone، Serums، Skin Care، Skin Concerns، Treatments.,https://alfouadpharmacies.com/en/products/isis-neotone-serum-30ml,AlFouad Pharmacies,Verify usage rights before commercial publication,غير مثبت,غير مثبت,مرجعي فقط — غير معتمد للنشر التجاري,بيانات مرجعية متاحة؛ يلزم تحقق PM,ضمن الفحص المبدئي
16010449289519,la-roche-posay-anthelios-uvair-serum-spf50-50ml,لاروش بوزيه أنثيليوس بقوام سيروم خفيف كالهواء 50 مل,La Roch Possay,العناية بالبشرة,العناية بالبشرة,1,واقي شمس,116244,980.5,294.15,686.35,,متاح لدى المصدر,https://cdn.shopify.com/s/files/1/0935/9550/0847/files/Group_1_20.webp?v=1781936203,منتج لاروش بوزيه أنثيليوس بقوام سيروم خفيف كالهواء 50 مل من La Roch Possay. التصنيف المرجعي: العناية بالبشرة — واقي شمس. الوسوم المرجعية: Skin Care.,https://alfouadpharmacies.com/en/products/la-roche-posay-anthelios-uvair-serum-spf50-50ml,AlFouad Pharmacies,Verify usage rights before commercial publication,غير مثبت,غير مثبت,مرجعي فقط — غير معتمد للنشر التجاري,بيانات مرجعية متاحة؛ يلزم تحقق PM,ضمن الفحص المبدئي
12689735745839,la-roche-mela-b3-cleanser-200ml,لاروش بوزيه ميلا بي 3 غسول  200مل,La Roch Possay,العناية بالبشرة,العناية بالبشرة,1,غسول ,105242,930,279,651,,متاح لدى المصدر,https://cdn.shopify.com/s/files/1/0935/9550/0847/files/Group_1_21.webp?v=1781936398,منتج لاروش بوزيه ميلا بي 3 غسول  200مل من La Roch Possay. التصنيف المرجعي: العناية بالبشرة — غسول . الوسوم المرجعية: Cleanser، Dark Spots، Even Skin Tone، Face Wash، La roche، Skin Care، Skin Concerns.,https://alfouadpharmacies.com/en/products/la-roche-mela-b3-cleanser-200ml,AlFouad Pharmacies,Verify usage rights before commercial publication,غير مثبت,غير مثبت,مرجعي فقط — غير معتمد للنشر التجاري,بيانات مرجعية متاحة؛ يلزم تحقق PM,ضمن الفحص المبدئي
12689757012271,sensibio-gel-moussant-200ml,بيوديرما سنسيبيو جل موسان 200مل,Bioderma,العناية بالبشرة,العناية بالبشرة,1,غسول ,104712,799,239.7,559.3,0,متاح لدى المصدر,https://cdn.shopify.com/s/files/1/0935/9550/0847/files/499.webp?v=1780572018,منتج بيوديرما سنسيبيو جل موسان 200مل من Bioderma. التصنيف المرجعي: العناية بالبشرة — غسول . الوسوم المرجعية: Cleanser، Dryness، Dullness، Face Wash، Sensitive Skin / Redness، Skin Care، Skin Concerns.,https://alfouadpharmacies.com/en/products/sensibio-gel-moussant-200ml,AlFouad Pharmacies,Verify usage rights before commercial publication,غير مثبت,غير مثبت,مرجعي فقط — غير معتمد للنشر التجاري,بيانات مرجعية متاحة؛ يلزم تحقق PM,ضمن الفحص المبدئي
12689735811375,la-roche-effaclar-mat-cream-40ml,لاروش بوزيه إيفاكلار كريم مات 40مل,La Roch Possay,العناية بالبشرة,العناية بالبشرة,1,مرطب ,104799,920,276,644,,متاح لدى المصدر,https://cdn.shopify.com/s/files/1/0935/9550/0847/files/Group_1_22.webp?v=1781936541,منتج لاروش بوزيه إيفاكلار كريم مات 40مل من La Roch Possay. التصنيف المرجعي: العناية بالبشرة — مرطب . الوسوم المرجعية: 10، Dehydrated Skin، La roche، Moisturizer Cream، Moisturizers، Oily Skin، Pores، Skin Care.,https://alfouadpharmacies.com/en/products/la-roche-effaclar-mat-cream-40ml,AlFouad Pharmacies,Verify usage rights before commercial publication,غير مثبت,غير مثبت,مرجعي فقط — غير معتمد للنشر التجاري,بيانات مرجعية متاحة؛ يلزم تحقق PM,ضمن الفحص المبدئي
10569734062383,atoderm-cream-bumb-200ml,بيوديرما أتوديرم كريم 200مل مضخة,Bioderma,العناية بالبشرة,العناية بالبشرة | العناية بالجسم,2,كريم ترطيب ,17708,799,239.7,559.3,0,متاح لدى المصدر,https://cdn.shopify.com/s/files/1/0935/9550/0847/files/bioderma_atoderm_1615.webp?v=1789890261,منتج بيوديرما أتوديرم كريم 200مل مضخة من Bioderma. التصنيف المرجعي: العناية بالبشرة — كريم ترطيب . الوسوم المرجعية: Body Care، Body Concerns، Body Cream، Dry Skin، Dry Skin body concerns، Dryness، Moisturizer Cream، Moisturizers.,https://alfouadpharmacies.com/en/products/atoderm-cream-bumb-200ml,AlFouad Pharmacies,Verify usage rights before commercial publication,غير مثبت,غير مثبت,مرجعي فقط — غير معتمد للنشر التجاري,بيانات مرجعية متاحة؛ يلزم تحقق PM,ضمن الفحص المبدئي
12689735647535,la-roche-retinol-b3-serum-30ml,لاروش بوزيه ريتينول بي 3 سيرم 30مل,La Roch Possay,العناية بالبشرة,العناية بالبشرة,1,سيرم ,17141,1590,477,1113,,متاح لدى المصدر,https://cdn.shopify.com/s/files/1/0935/9550/0847/files/Group_1_30.webp?v=1781938674,منتج لاروش بوزيه ريتينول بي 3 سيرم 30مل من La Roch Possay. التصنيف المرجعي: العناية بالبشرة — سيرم . الوسوم المرجعية: 10، Anti-Aging، Fine Lines & Wrinkles، La roche، Serums، Skin Care، Skin Concerns، Treatments.,https://alfouadpharmacies.com/en/products/la-roche-retinol-b3-serum-30ml,AlFouad Pharmacies,Verify usage rights before commercial publication,غير مثبت,غير مثبت,مرجعي فقط — غير معتمد للنشر التجاري,بيانات مرجعية متاحة؛ يلزم تحقق PM,ضمن الفحص المبدئي
12689485922607,acm-cream-advanced-40ml,Skin Care > Face Creams,ACM,العناية بالبشرة,العناية بالبشرة,1,العناية بالبشرة ,99946,599,179.7,419.3,,متاح لدى المصدر,https://cdn.shopify.com/s/files/1/0935/9550/0847/files/Group_1_copy.webp?v=1781332695,منتج Skin Care > Face Creams من ACM. التصنيف المرجعي: العناية بالبشرة — العناية بالبشرة . الوسوم المرجعية: Dark Spots، Even Skin Tone / Pigmentation، Skin Care، Whitining Cream.,https://alfouadpharmacies.com/en/products/acm-cream-advanced-40ml,AlFouad Pharmacies,Verify usage rights before commercial publication,غير مثبت,غير مثبت,مرجعي فقط — غير معتمد للنشر التجاري,بيانات مرجعية متاحة؛ يلزم تحقق PM,ضمن الفحص المبدئي
10570014261551,bobai-crystal-clear-sun-gel-spf50-60ml-11-free-off,جل شمس بوباي كريستال كلير شفاف SPF50+ 60 مل، عرض ترويجي: اشترِ واحدًا واحصل على واحد مجاني.,Bobai off,العناية بالبشرة,العناية بالبشرة,1,بسيط,113097,500,150,350,790,متاح لدى المصدر,https://cdn.shopify.com/s/files/1/0935/9550/0847/files/677_1.webp?v=1780832848,منتج جل شمس بوباي كريستال كلير شفاف SPF50+ 60 مل، عرض ترويجي: اشترِ واحدًا واحصل على واحد مجاني. من Bobai off. التصنيف المرجعي: العناية بالبشرة — بسيط. الوسوم المرجعية: Acne & Blemishes، bobai، Bundle، Oily Skin، Skin Care، Skin Concerns، Sun Care، Sun Gel.,https://alfouadpharmacies.com/en/products/bobai-crystal-clear-sun-gel-spf50-60ml-11-free-off,AlFouad Pharmacies,Verify usage rights before commercial publication,غير مثبت,غير مثبت,مرجعي فقط — غير معتمد للنشر التجاري,بيانات مرجعية متاحة؛ يلزم تحقق PM,ضمن الفحص المبدئي
10569808871727,uriage-hyseac-local-skincare-spot-control-15g,يورياج هيسياك معجون إس أو إس للحبوب 15 جم,URIAGE,العناية بالبشرة,العناية بالبشرة,1,معالج للحبوب ,29171,789,236.7,552.3,,متاح لدى المصدر,https://cdn.shopify.com/s/files/1/0935/9550/0847/files/Group_1_58.webp?v=1782032457,منتج يورياج هيسياك معجون إس أو إس للحبوب 15 جم من URIAGE. التصنيف المرجعي: العناية بالبشرة — معالج للحبوب . الوسوم المرجعية: Acne & Blemishes، Oily Skin، Pores، Skin Care، Skin Concerns، Treatment Cream، Treatments.,https://alfouadpharmacies.com/en/products/uriage-hyseac-local-skincare-spot-control-15g,AlFouad Pharmacies,Verify usage rights before commercial publication,غير مثبت,غير مثبت,مرجعي فقط — غير معتمد للنشر التجاري,بيانات مرجعية متاحة؛ يلزم تحقق PM,ضمن الفحص المبدئي
10589400531247,vacation-sunscreen-lotion-spf50-spray-200ml-1,لوشن واقي من الشمس للعطلات بعامل حماية من الشمس 50+ بخاخ 200 مل,vacation sun,العناية بالبشرة,العناية بالبشرة,1,,112890,550,165,385,,متاح لدى المصدر,https://cdn.shopify.com/s/files/1/0935/9550/0847/files/VacationSunscreenLotionSPF50_Spray200ML_11zon.webp?v=1790502564,منتج لوشن واقي من الشمس للعطلات بعامل حماية من الشمس 50+ بخاخ 200 مل من vacation sun. التصنيف المرجعي: العناية بالبشرة. الوسوم المرجعية: Skin Care، Sun Care، Sunscreen Lotion، Sunscreen Spray.,https://alfouadpharmacies.com/en/products/vacation-sunscreen-lotion-spf50-spray-200ml-1,AlFouad Pharmacies,Verify usage rights before commercial publication,غير مثبت,غير مثبت,مرجعي فقط — غير معتمد للنشر التجاري,بيانات مرجعية متاحة؛ يلزم تحقق PM,ضمن الفحص المبدئي
10569930834223,eucerin-even-pigment-perfecto-cleansing-gel-200ml,يوسيرين إيفن بيجمنت بيرفكتو جل تنظيف 200مل,Eucerin,العناية بالبشرة,العناية بالبشرة,1,غسول للبشره الحساسه,112515,850,255,595,0,متاح لدى المصدر,https://cdn.shopify.com/s/files/1/0935/9550/0847/files/Group_1_54.webp?v=1781698522,منتج يوسيرين إيفن بيجمنت بيرفكتو جل تنظيف 200مل من Eucerin. التصنيف المرجعي: العناية بالبشرة — غسول للبشره الحساسه. الوسوم المرجعية: Cleanser، Dark Spots، eucerin، Even Skin Tone، Face Wash، Skin Care، Skin Concerns.,https://alfouadpharmacies.com/en/products/eucerin-even-pigment-perfecto-cleansing-gel-200ml,AlFouad Pharmacies,Verify usage rights before commercial publication,غير مثبت,غير مثبت,مرجعي فقط — غير معتمد للنشر التجاري,بيانات مرجعية متاحة؛ يلزم تحقق PM,ضمن الفحص المبدئي
10569744810287,la-roche-anthelios-hydrating-cream-spf50-50ml,لاروش بوزيه أنثيليوس كريم مرطب SPF50+ 50مل,La Roch Possay,العناية بالبشرة,العناية بالبشرة,1,بسيط,95368,1130,339,791,,متاح لدى المصدر,https://cdn.shopify.com/s/files/1/0935/9550/0847/files/Group_1_6_fda1c46b-1824-4fc6-bf34-bdebd5401e0d.webp?v=1781933671,منتج لاروش بوزيه أنثيليوس كريم مرطب SPF50+ 50مل من La Roch Possay. التصنيف المرجعي: العناية بالبشرة — بسيط. الوسوم المرجعية: Dry Skin، Dryness، La roche، Skin Care، Skin Concerns، SPF 50، Sun Care، Sunscreen.,https://alfouadpharmacies.com/en/products/la-roche-anthelios-hydrating-cream-spf50-50ml,AlFouad Pharmacies,Verify usage rights before commercial publication,غير مثبت,غير مثبت,مرجعي فقط — غير معتمد للنشر التجاري,بيانات مرجعية متاحة؛ يلزم تحقق PM,ضمن الفحص المبدئي
12689724277039,dermaelle-hyaluwhite-face-and-neck-cream-60ml,كريم ديرمايل هايالووايت للوجه والرقبة 60 مل,Dermaelle,العناية بالبشرة,العناية بالبشرة,1,كريم تفتيح ,84148,259,77.7,181.3,,متاح لدى المصدر,https://cdn.shopify.com/s/files/1/0935/9550/0847/files/1_100.webp?v=1782381279,منتج كريم ديرمايل هايالووايت للوجه والرقبة 60 مل من Dermaelle. التصنيف المرجعي: العناية بالبشرة — كريم تفتيح . الوسوم المرجعية: Dark Spots، Even Skin Tone، Moisturizers، Skin Care، Skin Concerns، Whitining Cream.,https://alfouadpharmacies.com/en/products/dermaelle-hyaluwhite-face-and-neck-cream-60ml,AlFouad Pharmacies,Verify usage rights before commercial publication,غير مثبت,غير مثبت,مرجعي فقط — غير معتمد للنشر التجاري,بيانات مرجعية متاحة؛ يلزم تحقق PM,ضمن الفحص المبدئي
10569740910895,سيروم-بيونكس-ذا-نورديا-فيتامين-سي-15-مع-فيروليك-أسيد-وأربوتين-30-مل,سيروم بيونكس ذا نورديا فيتامين سي 15% مع فيروليك أسيد وأربوتين 30 مل,BIONNEX,العناية بالبشرة,العناية بالبشرة,1,بسيطسيروم بيونكس ذا نورديا فيتامين سي 15% مع فيروليك أسيد وأربوتين 30 مل,8659,619,185.7,433.3,,متاح لدى المصدر,https://cdn.shopify.com/s/files/1/0935/9550/0847/files/1_-_2026-07-28T104234.439.webp?v=1785224564,منتج سيروم بيونكس ذا نورديا فيتامين سي 15% مع فيروليك أسيد وأربوتين 30 مل من BIONNEX. التصنيف المرجعي: العناية بالبشرة — بسيطسيروم بيونكس ذا نورديا فيتامين سي 15% مع فيروليك أسيد وأربوتين 30 مل. الوسوم المرجعية: Dark Spots، Even Skin Tone، Serums، Skin Care، Skin Concerns، Treatments.,https://alfouadpharmacies.com/en/products/سيروم-بيونكس-ذا-نورديا-فيتامين-سي-15-مع-فيروليك-أسيد-وأربوتين-30-مل,AlFouad Pharmacies,Verify usage rights before commercial publication,غير مثبت,غير مثبت,مرجعي فقط — غير معتمد للنشر التجاري,بيانات مرجعية متاحة؛ يلزم تحقق PM,ضمن الفحص المبدئي
10569741041967,كريم-بيونكس-بيجمنتيا-لتفتيح-وتوحيد-لون-المناطق-الحساسة,كريم بيونكس بيجمنتيا لتفتيح وتوحيد لون المناطق الحساسة,BIONNEX,العناية بالبشرة,العناية بالبشرة | العناية بالجسم,2,المناطق الحساسة,8644,619,185.7,433.3,,متاح لدى المصدر,https://cdn.shopify.com/s/files/1/0935/9550/0847/files/1_-_2026-07-28T101142.001.webp?v=1785223268,منتج كريم بيونكس بيجمنتيا لتفتيح وتوحيد لون المناطق الحساسة من BIONNEX. التصنيف المرجعي: العناية بالبشرة — المناطق الحساسة. الوسوم المرجعية: Body Care، Body Concerns، Body Cream، Even Skin Tone / Pigmentation.,https://alfouadpharmacies.com/en/products/كريم-بيونكس-بيجمنتيا-لتفتيح-وتوحيد-لون-المناطق-الحساسة,AlFouad Pharmacies,Verify usage rights before commercial publication,غير مثبت,غير مثبت,مرجعي فقط — غير معتمد للنشر التجاري,بيانات مرجعية متاحة؛ يلزم تحقق PM,ضمن الفحص المبدئي
10569813229871,vichy-liftactiv-specialist-b3-serum-30ml,مصل فيشي لفت اكتيف سبيشاليست بي 3 30 مل,Vichy,العناية بالبشرة,العناية بالبشرة,1,سيرم,109785,1700,510,1190,,متاح لدى المصدر,https://cdn.shopify.com/s/files/1/0935/9550/0847/files/1_24.webp?v=1780496412,منتج مصل فيشي لفت اكتيف سبيشاليست بي 3 30 مل من Vichy. التصنيف المرجعي: العناية بالبشرة — سيرم. الوسوم المرجعية: 10، Anti-Aging، Dark Spots، Even Skin Tone، Fine Lines & Wrinkles، Serums، Skin Care، Skin Concerns.,https://alfouadpharmacies.com/en/products/vichy-liftactiv-specialist-b3-serum-30ml,AlFouad Pharmacies,Verify usage rights before commercial publication,غير مثبت,غير مثبت,مرجعي فقط — غير معتمد للنشر التجاري,بيانات مرجعية متاحة؛ يلزم تحقق PM,ضمن الفحص المبدئي
10569721708847,starville-whitening-cleanser-400ml,منظف ستارفيل لتفتيح البشرة 400 مل,parkville,العناية بالبشرة,العناية بالبشرة | العناية بالجسم,2,بسيط,11621,270,81,189,,متاح لدى المصدر,https://cdn.shopify.com/s/files/1/0935/9550/0847/files/Starville-Whitening-Cleanser-400ml.webp?v=1754299198,منتج منظف ستارفيل لتفتيح البشرة 400 مل من parkville. التصنيف المرجعي: العناية بالبشرة — بسيط. الوسوم المرجعية: Body Care، Body Concerns، Body Wash، Cleanser، Even Skin Tone / Pigmentation، Face Wash، Skin Care، starville.,https://alfouadpharmacies.com/en/products/starville-whitening-cleanser-400ml,AlFouad Pharmacies,Verify usage rights before commercial publication,غير مثبت,غير مثبت,مرجعي فقط — غير معتمد للنشر التجاري,بيانات مرجعية متاحة؛ يلزم تحقق PM,ضمن الفحص المبدئي
12689746755887,cerave-hydrating-cleanser-dry-skin-237ml,منظف سيرافي المرطب (للبشرة الجافة) 237 مل,cerave,العناية بالبشرة,العناية بالبشرة,1,بسيط,99882,620,186,434,,متاح لدى المصدر,https://cdn.shopify.com/s/files/1/0935/9550/0847/files/358.webp?v=1780216536,منتج منظف سيرافي المرطب (للبشرة الجافة) 237 مل من cerave. التصنيف المرجعي: العناية بالبشرة — بسيط. الوسوم المرجعية: 10، Cleanser، Dry Skin، Dryness، Face Wash، Skin Care، Skin Concerns.,https://alfouadpharmacies.com/en/products/cerave-hydrating-cleanser-dry-skin-237ml,AlFouad Pharmacies,Verify usage rights before commercial publication,غير مثبت,غير مثبت,مرجعي فقط — غير معتمد للنشر التجاري,بيانات مرجعية متاحة؛ يلزم تحقق PM,ضمن الفحص المبدئي
12689513447727,dermaelle-advanc-niacinamide-5-serum-30-ml,ديرمايل أدفانس نياسيناميد 5% سيروم 30 مل,Dermaelle,العناية بالبشرة,العناية بالبشرة,1,سيرم ,114292,220,66,154,390,متاح لدى المصدر,https://cdn.shopify.com/s/files/1/0935/9550/0847/files/dermaelle_1615_web_optimized.webp?v=1788958937,منتج ديرمايل أدفانس نياسيناميد 5% سيروم 30 مل من Dermaelle. التصنيف المرجعي: العناية بالبشرة — سيرم . الوسوم المرجعية: Acne & Blemishes، Oily Skin، Pores، Serums، Skin Care.,https://alfouadpharmacies.com/en/products/dermaelle-advanc-niacinamide-5-serum-30-ml,AlFouad Pharmacies,Verify usage rights before commercial publication,غير مثبت,غير مثبت,مرجعي فقط — غير معتمد للنشر التجاري,بيانات مرجعية متاحة؛ يلزم تحقق PM,ضمن الفحص المبدئي
10569742450991,eucerin-hyaluron-filler-eye-cream-spf15-15ml,يوسيرين هيالورون فيلر كريم عيون SPF15 15مل,Eucerin,العناية بالبشرة,العناية بالبشرة,1,كريم للعين,97461,1255,376.5,878.5,0,متاح لدى المصدر,https://cdn.shopify.com/s/files/1/0935/9550/0847/files/Group_1_55.webp?v=1781700406,منتج يوسيرين هيالورون فيلر كريم عيون SPF15 15مل من Eucerin. التصنيف المرجعي: العناية بالبشرة — كريم للعين. الوسوم المرجعية: Dark Circles & Puffiness، eucerin، Eye & Lip، Eye Care، Eye Contour، Fine Lines & Wrinkles، Skin Care، Skin Concerns.,https://alfouadpharmacies.com/en/products/eucerin-hyaluron-filler-eye-cream-spf15-15ml,AlFouad Pharmacies,Verify usage rights before commercial publication,غير مثبت,غير مثبت,مرجعي فقط — غير معتمد للنشر التجاري,بيانات مرجعية متاحة؛ يلزم تحقق PM,ضمن الفحص المبدئي
10569830531375,flourish-goodbye-pores-skin-serum-30ml,سيروم فلوريش غودباي بورز للبشرة 30 مل,flourish,العناية بالبشرة,العناية بالبشرة,1,بسيط,112021,350,105,245,,متاح لدى المصدر,https://cdn.shopify.com/s/files/1/0935/9550/0847/files/flourish-serum-nia.webp?v=1754298590,منتج سيروم فلوريش غودباي بورز للبشرة 30 مل من flourish. التصنيف المرجعي: العناية بالبشرة — بسيط. الوسوم المرجعية: Acne & Blemishes، Dehydrated Skin، Oily Skin، Pores، Serums، Skin Care، Skin Concerns، Treatments.,https://alfouadpharmacies.com/en/products/flourish-goodbye-pores-skin-serum-30ml,AlFouad Pharmacies,Verify usage rights before commercial publication,غير مثبت,غير مثبت,مرجعي فقط — غير معتمد للنشر التجاري,بيانات مرجعية متاحة؛ يلزم تحقق PM,ضمن الفحص المبدئي
10569735766319,sebium-pore-refiner-cream-30ml,بيوديرما سيبيوم بور ريفاينر كريم 30مل,Bioderma,العناية بالبشرة,العناية بالبشرة,1,بسيط,98651,859,257.7,601.3,0,متاح لدى المصدر,https://cdn.shopify.com/s/files/1/0935/9550/0847/files/Sebium-Pore-Refiner-Cream-30ML.webp?v=1754298981,منتج بيوديرما سيبيوم بور ريفاينر كريم 30مل من Bioderma. التصنيف المرجعي: العناية بالبشرة — بسيط. الوسوم المرجعية: Acne & Blemishes، Oily Skin، Pores، Skin Care، Skin Concerns، Treatment Cream، Treatments.,https://alfouadpharmacies.com/en/products/sebium-pore-refiner-cream-30ml,AlFouad Pharmacies,Verify usage rights before commercial publication,غير مثبت,غير مثبت,مرجعي فقط — غير معتمد للنشر التجاري,بيانات مرجعية متاحة؛ يلزم تحقق PM,ضمن الفحص المبدئي
10569796124975,la-roche-retinol-b3-eye-cream-15ml,لاروش بوزيه ريتينول بي 3 كريم العيون 15مل,La Roch Possay,العناية بالبشرة,العناية بالبشرة,1,كريم عين ,7385,970,291,679,,متاح لدى المصدر,https://cdn.shopify.com/s/files/1/0935/9550/0847/files/Group_2_2_4c665d39-6f84-4d43-8c6a-e442ae2222f1.webp?v=1781089155,منتج لاروش بوزيه ريتينول بي 3 كريم العيون 15مل من La Roch Possay. التصنيف المرجعي: العناية بالبشرة — كريم عين . الوسوم المرجعية: 10، Dark Circles & Puffiness، Eye & Lip، Eye Care، Eye Contour، La roche، Skin Care، Skin Concerns.,https://alfouadpharmacies.com/en/products/la-roche-retinol-b3-eye-cream-15ml,AlFouad Pharmacies,Verify usage rights before commercial publication,غير مثبت,غير مثبت,مرجعي فقط — غير معتمد للنشر التجاري,بيانات مرجعية متاحة؛ يلزم تحقق PM,ضمن الفحص المبدئي
10569745957167,la-roche-effaclar-peeling-serum-30ml,لاروش بوزيه إيفاكلار سيرم تقشير 30مل,La Roch Possay,العناية بالبشرة,العناية بالبشرة,1,سيرم ,93092,1590,477,1113,,متاح لدى المصدر,https://cdn.shopify.com/s/files/1/0935/9550/0847/files/Group_1_7.webp?v=1781088758,منتج لاروش بوزيه إيفاكلار سيرم تقشير 30مل من La Roch Possay. التصنيف المرجعي: العناية بالبشرة — سيرم . الوسوم المرجعية: 10، Acne & Blemishes، Oily Skin، Pores، Serums، Skin Care، Skin Concerns، Treatments.,https://alfouadpharmacies.com/en/products/la-roche-effaclar-peeling-serum-30ml,AlFouad Pharmacies,Verify usage rights before commercial publication,غير مثبت,غير مثبت,مرجعي فقط — غير معتمد للنشر التجاري,بيانات مرجعية متاحة؛ يلزم تحقق PM,ضمن الفحص المبدئي
12689809834287,bobai-sun-block-cream-spf50-50ml-11-free-off,كريم واقي من الشمس بوباي SPF50+ 50 مل، اشترِ واحدًا واحصل على آخر مجاني.,Bobai off,العناية بالبشرة,العناية بالبشرة,1,بسيط,109492,225,67.5,157.5,,متاح لدى المصدر,https://cdn.shopify.com/s/files/1/0935/9550/0847/files/download_4.webp?v=1790496700,منتج كريم واقي من الشمس بوباي SPF50+ 50 مل، اشترِ واحدًا واحصل على آخر مجاني. من Bobai off. التصنيف المرجعي: العناية بالبشرة — بسيط. الوسوم المرجعية: bobai، Skin Care، Skin Concerns، Skincare Offers، Sun Care.,https://alfouadpharmacies.com/en/products/bobai-sun-block-cream-spf50-50ml-11-free-off,AlFouad Pharmacies,Verify usage rights before commercial publication,غير مثبت,غير مثبت,مرجعي فقط — غير معتمد للنشر التجاري,بيانات مرجعية متاحة؛ يلزم تحقق PM,ضمن الفحص المبدئي
10569742778671,eucerin-sun-ultra-light-fluid-spf50-50ml,يوسيرين سن أولترا لايت فلويد SPF50+ 50مل,Eucerin,العناية بالبشرة,العناية بالبشرة,1,واقي شمس ,10954,1100,330,770,0,متاح لدى المصدر,https://cdn.shopify.com/s/files/1/0935/9550/0847/files/Group_1_copy_19.webp?v=1781682603,منتج يوسيرين سن أولترا لايت فلويد SPF50+ 50مل من Eucerin. التصنيف المرجعي: العناية بالبشرة — واقي شمس . الوسوم المرجعية: eucerin، Sensitive Skin / Redness، Skin Care، Skin Concerns، SPF 50، Sun Care، Sunscreen، Sunscreen Fluid.,https://alfouadpharmacies.com/en/products/eucerin-sun-ultra-light-fluid-spf50-50ml,AlFouad Pharmacies,Verify usage rights before commercial publication,غير مثبت,غير مثبت,مرجعي فقط — غير معتمد للنشر التجاري,بيانات مرجعية متاحة؛ يلزم تحقق PM,ضمن الفحص المبدئي
12689811112239,dermactive-acti-repair-cica-cream-50ml,ديرما أكتيف أكتي ريبير سيكا كريم لإصلاح وتهدئة البشرة 50 مل,DERMACTIVE,العناية بالبشرة,العناية بالبشرة,1,بسيط,25741,195,58.5,136.5,,متاح لدى المصدر,https://cdn.shopify.com/s/files/1/0935/9550/0847/files/DERMACTIVE_CICA_FIXED_1615x1615_9ff701e1-dd95-4410-b724-85b9f1ae68cd.webp?v=1771502183,منتج ديرما أكتيف أكتي ريبير سيكا كريم لإصلاح وتهدئة البشرة 50 مل من DERMACTIVE. التصنيف المرجعي: العناية بالبشرة — بسيط. الوسوم المرجعية: Creams، Moisturizers، Sensitive Skin / Redness، Skin Care، Skin Concerns.,https://alfouadpharmacies.com/en/products/dermactive-acti-repair-cica-cream-50ml,AlFouad Pharmacies,Verify usage rights before commercial publication,غير مثبت,غير مثبت,مرجعي فقط — غير معتمد للنشر التجاري,بيانات مرجعية متاحة؛ يلزم تحقق PM,ضمن الفحص المبدئي
10569830629679,the-ordinary-alpha-arbutin-30ml,ألفا أربوتين من ذا أورديناري 30 مل,The Ordinary,العناية بالبشرة,العناية بالبشرة,1,سيرم,83026,1899,569.7,1329.3,0,متاح لدى المصدر,https://cdn.shopify.com/s/files/1/0935/9550/0847/files/1_-_2026-07-06T165541.826.webp?v=1783346176,منتج ألفا أربوتين من ذا أورديناري 30 مل من The Ordinary. التصنيف المرجعي: العناية بالبشرة — سيرم. الوسوم المرجعية: Dark Spots، Even Skin Tone، Serums، Skin Care، Skin Concerns، Treatments.,https://alfouadpharmacies.com/en/products/the-ordinary-alpha-arbutin-30ml,AlFouad Pharmacies,Verify usage rights before commercial publication,غير مثبت,غير مثبت,مرجعي فقط — غير معتمد للنشر التجاري,بيانات مرجعية متاحة؛ يلزم تحقق PM,ضمن الفحص المبدئي
12689724080431,dermaelle-hyaluwhite-roll-on-deodorant-50ml,مزيل عرق ديرمايل هيالووايت رول أون 50 مل ,Dermaelle,العناية بالبشرة,العناية بالبشرة | العناية بالجسم,2,مزيل عرق ,20059,146.25,43.88,102.38,,متاح لدى المصدر,https://cdn.shopify.com/s/files/1/0935/9550/0847/files/1_-_2026-06-25T130945.962.webp?v=1782382219,منتج مزيل عرق ديرمايل هيالووايت رول أون 50 مل  من Dermaelle. التصنيف المرجعي: العناية بالبشرة — مزيل عرق . الوسوم المرجعية: Body Care، Body Concerns، Deodrant، Even Skin Tone / Pigmentation، Roll-on، Sensetive Skin.,https://alfouadpharmacies.com/en/products/dermaelle-hyaluwhite-roll-on-deodorant-50ml,AlFouad Pharmacies,Verify usage rights before commercial publication,غير مثبت,غير مثبت,مرجعي فقط — غير معتمد للنشر التجاري,بيانات مرجعية متاحة؛ يلزم تحقق PM,ضمن الفحص المبدئي
10569795633455,la-roche-lipikar-syndet-wash-200-ml,لاروش بوزيه ليبيكار سينديت غسول 200مل,La Roch Possay,العناية بالبشرة,العناية بالبشرة | العناية بالجسم,2,غسول,94745,920,276,644,,متاح لدى المصدر,https://cdn.shopify.com/s/files/1/0935/9550/0847/files/Group_2_3.webp?v=1781088758,منتج لاروش بوزيه ليبيكار سينديت غسول 200مل من La Roch Possay. التصنيف المرجعي: العناية بالبشرة — غسول. الوسوم المرجعية: 10، Body Care، Body Concerns، Body Wash، Cleanser، Dry Skin، Dry Skin body concerns، Dryness.,https://alfouadpharmacies.com/en/products/la-roche-lipikar-syndet-wash-200-ml,AlFouad Pharmacies,Verify usage rights before commercial publication,غير مثبت,غير مثبت,مرجعي فقط — غير معتمد للنشر التجاري,بيانات مرجعية متاحة؛ يلزم تحقق PM,ضمن الفحص المبدئي
10569742319919,eucerin-even-pigment-perfector-night-cream-50ml,يوسيرين إيفن بيجمنت برفيكتور كريم ليل 50مل,Eucerin,العناية بالبشرة,العناية بالبشرة,1,كريم تفتيح ,25626,1755,526.5,1228.5,0,متاح لدى المصدر,https://cdn.shopify.com/s/files/1/0935/9550/0847/files/Group_1_copy_27.webp?v=1781944694,منتج يوسيرين إيفن بيجمنت برفيكتور كريم ليل 50مل من Eucerin. التصنيف المرجعي: العناية بالبشرة — كريم تفتيح . الوسوم المرجعية: Dark Spots، eucerin، Even Skin Tone، Moisturizers، Night Creams، Skin Care، Skin Concerns، Whitining Cream.,https://alfouadpharmacies.com/en/products/eucerin-even-pigment-perfector-night-cream-50ml,AlFouad Pharmacies,Verify usage rights before commercial publication,غير مثبت,غير مثبت,مرجعي فقط — غير معتمد للنشر التجاري,بيانات مرجعية متاحة؛ يلزم تحقق PM,ضمن الفحص المبدئي
12689513316655,bionnex-the-nordea-niacin-10-ha2-serum-30ml,بيونيكس نورديا نياسين 10%+HA2% سيروم 30 مل,BIONNEX,العناية بالبشرة,العناية بالبشرة,1,سيرم,114531,619,185.7,433.3,,متاح لدى المصدر,https://cdn.shopify.com/s/files/1/0935/9550/0847/files/1_-_2026-07-06T171050.121.webp?v=1783347106,منتج بيونيكس نورديا نياسين 10%+HA2% سيروم 30 مل من BIONNEX. التصنيف المرجعي: العناية بالبشرة — سيرم. الوسوم المرجعية: Dark Spots، Even Skin Tone / Pigmentation، Oily Skin، Pores، Serums.,https://alfouadpharmacies.com/en/products/bionnex-the-nordea-niacin-10-ha2-serum-30ml,AlFouad Pharmacies,Verify usage rights before commercial publication,غير مثبت,غير مثبت,مرجعي فقط — غير معتمد للنشر التجاري,بيانات مرجعية متاحة؛ يلزم تحقق PM,ضمن الفحص المبدئي
12689756881199,avene-cleanance-hydra-cream-40ml,أفين كليناس هيدرا كريم 40 مل,Avene,العناية بالبشرة,العناية بالبشرة,1,علاج للبشره,111510,719,215.7,503.3,,متاح لدى المصدر,https://cdn.shopify.com/s/files/1/0935/9550/0847/files/691.webp?v=1780831335,منتج أفين كليناس هيدرا كريم 40 مل من Avene. التصنيف المرجعي: العناية بالبشرة — علاج للبشره. الوسوم المرجعية: Dehydrated Skin، Moisturizer Cream، Moisturizers، Oily Skin، Skin Care، Skin Concerns.,https://alfouadpharmacies.com/en/products/avene-cleanance-hydra-cream-40ml,AlFouad Pharmacies,Verify usage rights before commercial publication,غير مثبت,غير مثبت,مرجعي فقط — غير معتمد للنشر التجاري,بيانات مرجعية متاحة؛ يلزم تحقق PM,ضمن الفحص المبدئي
12689735975215,la-roche-effaclar-duo-m-cream-40ml,لاروش بوزيه إيفاكلار ديو (+M) كريم 40مل,La Roch Possay,العناية بالبشرة,العناية بالبشرة,1,كريم عين ,24399,920,276,644,,متاح لدى المصدر,https://cdn.shopify.com/s/files/1/0935/9550/0847/files/Group_1_18.webp?v=1781935806,منتج لاروش بوزيه إيفاكلار ديو (+M) كريم 40مل من La Roch Possay. التصنيف المرجعي: العناية بالبشرة — كريم عين . الوسوم المرجعية: 10، Acne & Blemishes، La roche، Oily Skin، Pores، Skin Care، Skin Concerns، Treatment Cream.,https://alfouadpharmacies.com/en/products/la-roche-effaclar-duo-m-cream-40ml,AlFouad Pharmacies,Verify usage rights before commercial publication,غير مثبت,غير مثبت,مرجعي فقط — غير معتمد للنشر التجاري,بيانات مرجعية متاحة؛ يلزم تحقق PM,ضمن الفحص المبدئي
12689725948207,كريم-فيشي-ليفتاكتيف-كولاجين-سبيشاليست-50-مل,كريم فيشي ليفتاكتيف كولاجين سبيشاليست 50 مل,Vichy,العناية بالبشرة,العناية بالبشرة,1,بسيط,93453,1700,510,1190,,متاح لدى المصدر,https://cdn.shopify.com/s/files/1/0935/9550/0847/files/1_8.webp?v=1780476553,منتج كريم فيشي ليفتاكتيف كولاجين سبيشاليست 50 مل من Vichy. التصنيف المرجعي: العناية بالبشرة — بسيط. الوسوم المرجعية: 10، Anti-Aging، Anti-aging Cream، Fine Lines & Wrinkles، Moisturizers، Skin Care، Skin Concerns.,https://alfouadpharmacies.com/en/products/كريم-فيشي-ليفتاكتيف-كولاجين-سبيشاليست-50-مل,AlFouad Pharmacies,Verify usage rights before commercial publication,غير مثبت,غير مثبت,مرجعي فقط — غير معتمد للنشر التجاري,بيانات مرجعية متاحة؛ يلزم تحقق PM,ضمن الفحص المبدئي
12689501454639,dermaelle-hyalurepair-cica-facial-cleans-200ml,ديرمايل هيالوربير سيكا لتنظيف الوجه 200 مل,Dermaelle,العناية بالبشرة,العناية بالبشرة,1,ترميم البشره ,114524,179.25,53.78,125.48,,متاح لدى المصدر,https://cdn.shopify.com/s/files/1/0935/9550/0847/files/1_-_2026-06-25T135556.725.webp?v=1782384978,منتج ديرمايل هيالوربير سيكا لتنظيف الوجه 200 مل من Dermaelle. التصنيف المرجعي: العناية بالبشرة — ترميم البشره . الوسوم المرجعية: Cleanser، Dehydrated Skin، Dryness، Face Wash، Sensitive Skin / Redness، Skin Care.,https://alfouadpharmacies.com/en/products/dermaelle-hyalurepair-cica-facial-cleans-200ml,AlFouad Pharmacies,Verify usage rights before commercial publication,غير مثبت,غير مثبت,مرجعي فقط — غير معتمد للنشر التجاري,بيانات مرجعية متاحة؛ يلزم تحقق PM,ضمن الفحص المبدئي
10570013999407,dermactive-acti-clear-cleansing-foam-gel-250ml,جل ديرما أكتيف أكتي-كلير لتنظيف البشرة بالرغوة 250 مل,DERMACTIVE,العناية بالبشرة,العناية بالبشرة,1,بسيط,9278,225,67.5,157.5,,متاح لدى المصدر,https://cdn.shopify.com/s/files/1/0935/9550/0847/files/Dermactive-Acti-Clear-Cleansing-Oily-Foaming-Gel-250-ml.webp?v=1754297024,منتج جل ديرما أكتيف أكتي-كلير لتنظيف البشرة بالرغوة 250 مل من DERMACTIVE. التصنيف المرجعي: العناية بالبشرة — بسيط. الوسوم المرجعية: Acne & Blemishes، Cleanser، Face Wash، Oily Skin، Pores، Skin Care، Skin Concerns.,https://alfouadpharmacies.com/en/products/dermactive-acti-clear-cleansing-foam-gel-250ml,AlFouad Pharmacies,Verify usage rights before commercial publication,غير مثبت,غير مثبت,مرجعي فقط — غير معتمد للنشر التجاري,بيانات مرجعية متاحة؛ يلزم تحقق PM,ضمن الفحص المبدئي
10569744941359,la-roche-anthelios-invisible-spray-spf50-200ml,لا روش أنتيليوس سبراي غير مرئي SPF50+ 200 مل,La Roch Possay,العناية بالبشرة,العناية بالبشرة,1,واقي شمس ,107042,1250,375,875,,متاح لدى المصدر,https://cdn.shopify.com/s/files/1/0935/9550/0847/files/Group_1_16.webp?v=1781935373,منتج لا روش أنتيليوس سبراي غير مرئي SPF50+ 200 مل من La Roch Possay. التصنيف المرجعي: العناية بالبشرة — واقي شمس . الوسوم المرجعية: La roche، Skin Care، Skin Concerns، SPF 50، Sun Care، Sunscreen، Sunscreen Spray.,https://alfouadpharmacies.com/en/products/la-roche-anthelios-invisible-spray-spf50-200ml,AlFouad Pharmacies,Verify usage rights before commercial publication,غير مثبت,غير مثبت,مرجعي فقط — غير معتمد للنشر التجاري,بيانات مرجعية متاحة؛ يلزم تحقق PM,ضمن الفحص المبدئي
10569735504175,sebium-gel-moussant-bumb-200ml,بيوديرما سيبيوم جل موسان 200مل مضخة,Bioderma,العناية بالبشرة,العناية بالبشرة,1,بسيط,85879,769,230.7,538.3,0,متاح لدى المصدر,https://cdn.shopify.com/s/files/1/0935/9550/0847/files/677_2.webp?v=1789548039,منتج بيوديرما سيبيوم جل موسان 200مل مضخة من Bioderma. التصنيف المرجعي: العناية بالبشرة — بسيط. الوسوم المرجعية: Acne & Blemishes، Cleanser، Face Wash، Oily Skin، Skin Care، Skin Concerns.,https://alfouadpharmacies.com/en/products/sebium-gel-moussant-bumb-200ml,AlFouad Pharmacies,Verify usage rights before commercial publication,غير مثبت,غير مثبت,مرجعي فقط — غير معتمد للنشر التجاري,بيانات مرجعية متاحة؛ يلزم تحقق PM,ضمن الفحص المبدئي
10569957671215,phyto-phanere-120-cap,فيتو فانيير 120 كبسولة,phyto,العناية بالبشرة,العناية بالبشرة,1,بسيط,16190,2150,645,1505,,متاح لدى المصدر,https://cdn.shopify.com/s/files/1/0935/9550/0847/files/512_2.webp?v=1780838913,منتج فيتو فانيير 120 كبسولة من phyto. التصنيف المرجعي: العناية بالبشرة — بسيط. الوسوم المرجعية: Adult Vitamins، phyto، Skin & Hair Care، Vitamins & Supplements.,https://alfouadpharmacies.com/en/products/phyto-phanere-120-cap,AlFouad Pharmacies,Verify usage rights before commercial publication,غير مثبت,غير مثبت,مرجعي فقط — غير معتمد للنشر التجاري,بيانات مرجعية متاحة؛ يلزم تحقق PM,مراجعة نطاق/تنظيم قبل الإدراج
10570014327087,bobai-sun-screen-tinted-gel-50ml-11-free-off,جل واقي شمس من بوباي، ملون، 50 مل، 1+1 مجاناً,Bobai off,العناية بالبشرة,العناية بالبشرة,1,بسيط,113099,350,105,245,,متاح لدى المصدر,https://cdn.shopify.com/s/files/1/0935/9550/0847/files/ca07d79e-a6f1-4c72-87cc-48d269aeee29.__CR00970600_PT0_SX970_V1___-1.webp?v=1754297018,منتج جل واقي شمس من بوباي، ملون، 50 مل، 1+1 مجاناً من Bobai off. التصنيف المرجعي: العناية بالبشرة — بسيط. الوسوم المرجعية: Acne & Blemishes، bobai، Oily Skin، Skin Care، Skin Concerns، Sun Gel، Sunscreen، Sunscreen Tinted.,https://alfouadpharmacies.com/en/products/bobai-sun-screen-tinted-gel-50ml-11-free-off,AlFouad Pharmacies,Verify usage rights before commercial publication,غير مثبت,غير مثبت,مرجعي فقط — غير معتمد للنشر التجاري,بيانات مرجعية متاحة؛ يلزم تحقق PM,ضمن الفحص المبدئي
10569734160687,atoderm-intensive-baume-200ml,بيوديرما أتوديرم إنتنسيف بوم 200مل,Bioderma,العناية بالبشرة,العناية بالبشرة | العناية بالجسم,2,بسيط,109087,999,299.7,699.3,0,متاح لدى المصدر,https://cdn.shopify.com/s/files/1/0935/9550/0847/files/Bioderma_Atoderm_Intensive_Baume_200ml.webp?v=1780824475,منتج بيوديرما أتوديرم إنتنسيف بوم 200مل من Bioderma. التصنيف المرجعي: العناية بالبشرة — بسيط. الوسوم المرجعية: Body Care، Body Concerns، Body Cream، Dry Skin، Dry Skin body concerns، Dryness، Moisturizer Cream، Moisturizers.,https://alfouadpharmacies.com/en/products/atoderm-intensive-baume-200ml,AlFouad Pharmacies,Verify usage rights before commercial publication,غير مثبت,غير مثبت,مرجعي فقط — غير معتمد للنشر التجاري,بيانات مرجعية متاحة؛ يلزم تحقق PM,ضمن الفحص المبدئي
10569732915503,acm-cicastim-repair-cream-20ml,إيه سي إم سيكاستيم كريم ترميم البشرة – 20 مل,ACM,العناية بالبشرة,العناية بالبشرة,1,العناية بالبشرة > كريم إصلاح وترميم البشرة,104767,259,77.7,181.3,,متاح لدى المصدر,https://cdn.shopify.com/s/files/1/0935/9550/0847/files/Group_1_35_995bf8a5-62ee-4645-b1b9-4117c97d2c5e.webp?v=1781940284,منتج إيه سي إم سيكاستيم كريم ترميم البشرة – 20 مل من ACM. التصنيف المرجعي: العناية بالبشرة — العناية بالبشرة > كريم إصلاح وترميم البشرة. الوسوم المرجعية: Dehydrated Skin، Dryness، Skin Care، Skin Concerns، Treatment Cream، Treatments.,https://alfouadpharmacies.com/en/products/acm-cicastim-repair-cream-20ml,AlFouad Pharmacies,Verify usage rights before commercial publication,غير مثبت,غير مثبت,مرجعي فقط — غير معتمد للنشر التجاري,بيانات مرجعية متاحة؛ يلزم تحقق PM,ضمن الفحص المبدئي
12689780965679,shaan-body-milk-300ml,حليب الجسم شان 300 مل,shaan,العناية بالبشرة,العناية بالبشرة | العناية بالجسم,2,بسيط,25532,230,69,161,,متاح لدى المصدر,https://cdn.shopify.com/s/files/1/0935/9550/0847/files/ShaanBodyMilk300ml.webp?v=1771841242,منتج حليب الجسم شان 300 مل من shaan. التصنيف المرجعي: العناية بالبشرة — بسيط. الوسوم المرجعية: Body Care، Body Concerns، Body Milk، Dry Skin body concerns، Sensetive Skin، shaan.,https://alfouadpharmacies.com/en/products/shaan-body-milk-300ml,AlFouad Pharmacies,Verify usage rights before commercial publication,غير مثبت,غير مثبت,مرجعي فقط — غير معتمد للنشر التجاري,بيانات مرجعية متاحة؛ يلزم تحقق PM,ضمن الفحص المبدئي
12689746788655,cerave-foaming-gel-cleanser-for-oily-skin-473ml,غسول سيرافي الرغوي (للبشرة الدهنية) 473 مل,cerave,العناية بالبشرة,العناية بالبشرة,1,بسيط,16065,960,288,672,,متاح لدى المصدر,https://cdn.shopify.com/s/files/1/0935/9550/0847/files/316.webp?v=1780219167,منتج غسول سيرافي الرغوي (للبشرة الدهنية) 473 مل من cerave. التصنيف المرجعي: العناية بالبشرة — بسيط. الوسوم المرجعية: 10، Acne & Blemishes، Cleanser، Face Wash، Oily Skin، Pores، Skin Care، Skin Concerns.,https://alfouadpharmacies.com/en/products/cerave-foaming-gel-cleanser-for-oily-skin-473ml,AlFouad Pharmacies,Verify usage rights before commercial publication,غير مثبت,غير مثبت,مرجعي فقط — غير معتمد للنشر التجاري,بيانات مرجعية متاحة؛ يلزم تحقق PM,ضمن الفحص المبدئي
10569746088239,la-roche-lipikar-balm-400ml,بلسم لاروش بوزيه ليبيكار AP+ 400 مل — إصلاح مكثف,La Roch Possay,العناية بالبشرة,العناية بالبشرة | العناية بالجسم,2,بسيط,12496,1270,381,889,,متاح لدى المصدر,https://cdn.shopify.com/s/files/1/0935/9550/0847/files/La_Roche-Posay_Lipikar_Balm_AP_400ml_Intense_Repair.webp?v=1789625035,منتج بلسم لاروش بوزيه ليبيكار AP+ 400 مل — إصلاح مكثف من La Roch Possay. التصنيف المرجعي: العناية بالبشرة — بسيط. الوسوم المرجعية: Body Care، Body Concerns، Body Lotion، Dry Skin، Dry Skin body concerns، Dryness، Moisturizer Cream، Moisturizers.,https://alfouadpharmacies.com/en/products/la-roche-lipikar-balm-400ml,AlFouad Pharmacies,Verify usage rights before commercial publication,غير مثبت,غير مثبت,مرجعي فقط — غير معتمد للنشر التجاري,بيانات مرجعية متاحة؛ يلزم تحقق PM,ضمن الفحص المبدئي
10569741238575,cerave-facial-moisturising-lotion-spf30-am-52ml,لوشن مرطب للوجه من سيرافي مع عامل حماية من الشمس SPF30 (صباحاً) 52 مل,cerave,العناية بالبشرة,العناية بالبشرة,1,بسيط,6961,590,177,413,,متاح لدى المصدر,https://cdn.shopify.com/s/files/1/0935/9550/0847/files/385.webp?v=1780215736,منتج لوشن مرطب للوجه من سيرافي مع عامل حماية من الشمس SPF30 (صباحاً) 52 مل من cerave. التصنيف المرجعي: العناية بالبشرة — بسيط. الوسوم المرجعية: Dryness، Moisturizer Cream، Moisturizers، Oily Skin، Skin Care، Skin Concerns، Sun Care، Sunscreen.,https://alfouadpharmacies.com/en/products/cerave-facial-moisturising-lotion-spf30-am-52ml,AlFouad Pharmacies,Verify usage rights before commercial publication,غير مثبت,غير مثبت,مرجعي فقط — غير معتمد للنشر التجاري,بيانات مرجعية متاحة؛ يلزم تحقق PM,ضمن الفحص المبدئي
10569832988975,the-ordinary-peeling-30ml,مقشر ذا أوردينري 30 مل,The Ordinary,العناية بالبشرة,العناية بالبشرة,1,سيرم ,28880,1599,479.7,1119.3,0,متاح لدى المصدر,https://cdn.shopify.com/s/files/1/0935/9550/0847/files/1_-_2026-07-06T165758.504.webp?v=1783346325,منتج مقشر ذا أوردينري 30 مل من The Ordinary. التصنيف المرجعي: العناية بالبشرة — سيرم . الوسوم المرجعية: Even Skin Tone، Fine Lines & Wrinkles، Serums، Skin Care، Skin Concerns، Treatments.,https://alfouadpharmacies.com/en/products/the-ordinary-peeling-30ml,AlFouad Pharmacies,Verify usage rights before commercial publication,غير مثبت,غير مثبت,مرجعي فقط — غير معتمد للنشر التجاري,بيانات مرجعية متاحة؛ يلزم تحقق PM,ضمن الفحص المبدئي
10569745465647,la-roche-effaclar-astringnte-toner-200ml,لاروش بوزيه إيفاكلار تونر قابض 200مل,La Roch Possay,العناية بالبشرة,العناية بالبشرة,1,تونر ,95081,800,240,560,,متاح لدى المصدر,https://cdn.shopify.com/s/files/1/0935/9550/0847/files/Group_2_5.webp?v=1781088758,منتج لاروش بوزيه إيفاكلار تونر قابض 200مل من La Roch Possay. التصنيف المرجعي: العناية بالبشرة — تونر . الوسوم المرجعية: 10، Acne & Blemishes، Oily Skin، Pores، Skin Care، Skin Concerns، Toners، Treatments.,https://alfouadpharmacies.com/en/products/la-roche-effaclar-astringnte-toner-200ml,AlFouad Pharmacies,Verify usage rights before commercial publication,غير مثبت,غير مثبت,مرجعي فقط — غير معتمد للنشر التجاري,بيانات مرجعية متاحة؛ يلزم تحقق PM,ضمن الفحص المبدئي
10569742483759,eucerin-hyaluron-filler-moisture-booster-30ml,يوسيرين هيالورون فيلر موشتشر بوستر 30مل,Eucerin,العناية بالبشرة,العناية بالبشرة,1,سيرم,94088,1500,450,1050,0,متاح لدى المصدر,https://cdn.shopify.com/s/files/1/0935/9550/0847/files/Group_1_copy_24_4c7011c6-6206-427a-a4f8-bb51d37ef7af.webp?v=1781943563,منتج يوسيرين هيالورون فيلر موشتشر بوستر 30مل من Eucerin. التصنيف المرجعي: العناية بالبشرة — سيرم. الوسوم المرجعية: Anti-Aging، Dryness، Dullness، eucerin، Fine Lines & Wrinkles، Serums، Skin Care، Skin Concerns.,https://alfouadpharmacies.com/en/products/eucerin-hyaluron-filler-moisture-booster-30ml,AlFouad Pharmacies,Verify usage rights before commercial publication,غير مثبت,غير مثبت,مرجعي فقط — غير معتمد للنشر التجاري,بيانات مرجعية متاحة؛ يلزم تحقق PM,ضمن الفحص المبدئي
10569804972335,uriage-depiderm-wheit-serum-correcteur-30ml,سيرم يورياج ديبيديرم لتفتيح البشرة 30 مل,URIAGE,العناية بالبشرة,العناية بالبشرة,1,سيرم تفتيح ,103973,1745,523.5,1221.5,,متاح لدى المصدر,https://cdn.shopify.com/s/files/1/0935/9550/0847/files/Group_1_copy_28_cc2d3298-6016-4877-8645-dc22cc2008f4.webp?v=1782031027,منتج سيرم يورياج ديبيديرم لتفتيح البشرة 30 مل من URIAGE. التصنيف المرجعي: العناية بالبشرة — سيرم تفتيح . الوسوم المرجعية: Dark Spots، Even Skin Tone، Serums، Skin Care، Skin Concerns، Treatments.,https://alfouadpharmacies.com/en/products/uriage-depiderm-wheit-serum-correcteur-30ml,AlFouad Pharmacies,Verify usage rights before commercial publication,غير مثبت,غير مثبت,مرجعي فقط — غير معتمد للنشر التجاري,بيانات مرجعية متاحة؛ يلزم تحقق PM,ضمن الفحص المبدئي
10569742549295,eucerin-hyaluron-filler-night-cream-50ml,يوسيرين هيالورون فيلر كريم ليل 50مل,Eucerin,العناية بالبشرة,العناية بالبشرة,1,كريم ليلي ,86150,1500,450,1050,0,متاح لدى المصدر,https://cdn.shopify.com/s/files/1/0935/9550/0847/files/Group_1_copy_23.webp?v=1781696263,منتج يوسيرين هيالورون فيلر كريم ليل 50مل من Eucerin. التصنيف المرجعي: العناية بالبشرة — كريم ليلي . الوسوم المرجعية: Anti-Aging، Anti-aging Cream، eucerin، Fine Lines & Wrinkles، Moisturizers، Night Creams، Skin Care، Skin Concerns.,https://alfouadpharmacies.com/en/products/eucerin-hyaluron-filler-night-cream-50ml,AlFouad Pharmacies,Verify usage rights before commercial publication,غير مثبت,غير مثبت,مرجعي فقط — غير معتمد للنشر التجاري,بيانات مرجعية متاحة؛ يلزم تحقق PM,ضمن الفحص المبدئي
12689566302511,mavala-double-lash-eye-solution-10ml,محلول مافالا للرموش المزدوجة للعين 10 مل,Mavala,العناية بالبشرة,العناية بالبشرة,1,EYE LASH,14803,800,240,560,,متاح لدى المصدر,https://cdn.shopify.com/s/files/1/0935/9550/0847/files/682.webp?v=1780835855,منتج محلول مافالا للرموش المزدوجة للعين 10 مل من Mavala. التصنيف المرجعي: العناية بالبشرة — EYE LASH. الوسوم المرجعية: Eye Care، Lashes Treatment، Mavala، Skin Care.,https://alfouadpharmacies.com/en/products/mavala-double-lash-eye-solution-10ml,AlFouad Pharmacies,Verify usage rights before commercial publication,غير مثبت,غير مثبت,مرجعي فقط — غير معتمد للنشر التجاري,بيانات مرجعية متاحة؛ يلزم تحقق PM,ضمن الفحص المبدئي
10569824403759,dermaelle-advanc-hyaluron-acid-serum-kit-3-step,مجموعة سيروم حمض الهيالورونيك المتقدمة من ديرمايل، 3 خطوات ,Dermaelle,العناية بالبشرة,العناية بالبشرة,1,بسيط,111997,449.25,134.78,314.47,750,متاح لدى المصدر,https://cdn.shopify.com/s/files/1/0935/9550/0847/files/dermaelle_1.webp?v=1790499521,منتج مجموعة سيروم حمض الهيالورونيك المتقدمة من ديرمايل، 3 خطوات  من Dermaelle. التصنيف المرجعي: العناية بالبشرة — بسيط. الوسوم المرجعية: Bundle، Dehydrated Skin، Dryness، Face Offers، Sensitive Skin / Redness، Skin Care، Skin Concerns.,https://alfouadpharmacies.com/en/products/dermaelle-advanc-hyaluron-acid-serum-kit-3-step,AlFouad Pharmacies,Verify usage rights before commercial publication,غير مثبت,غير مثبت,مرجعي فقط — غير معتمد للنشر التجاري,بيانات مرجعية متاحة؛ يلزم تحقق PM,ضمن الفحص المبدئي
12689513808175,bioderma-sensibio-gel-moussant-100ml,بيوديرما سنسيبيو جل موسان 100مل,Bioderma,العناية بالبشرة,العناية بالبشرة,1,غسول للوجه,114505,469,140.7,328.3,0,متاح لدى المصدر,https://cdn.shopify.com/s/files/1/0935/9550/0847/files/Bioderma_Sensibio_Gel_Moussant_100ml.webp?v=1780824475,منتج بيوديرما سنسيبيو جل موسان 100مل من Bioderma. التصنيف المرجعي: العناية بالبشرة — غسول للوجه. الوسوم المرجعية: Face Wash، Sensetive Skin، Skin Care.,https://alfouadpharmacies.com/en/products/bioderma-sensibio-gel-moussant-100ml,AlFouad Pharmacies,Verify usage rights before commercial publication,غير مثبت,غير مثبت,مرجعي فقط — غير معتمد للنشر التجاري,بيانات مرجعية متاحة؛ يلزم تحقق PM,ضمن الفحص المبدئي
12689746919727,cerave-anti-blemish-control-cleanser-256ml,منظف سيرافي المضاد لحب الشباب 236 مل,cerave,العناية بالبشرة,العناية بالبشرة,1,بسيط,12563,700,210,490,,متاح لدى المصدر,https://cdn.shopify.com/s/files/1/0935/9550/0847/files/352.webp?v=1780218975,منتج منظف سيرافي المضاد لحب الشباب 236 مل من cerave. التصنيف المرجعي: العناية بالبشرة — بسيط. الوسوم المرجعية: 10، Acne & Blemishes، Cleanser، Face Wash، Oily Skin، Skin Care، Skin Concerns.,https://alfouadpharmacies.com/en/products/cerave-anti-blemish-control-cleanser-256ml,AlFouad Pharmacies,Verify usage rights before commercial publication,غير مثبت,غير مثبت,مرجعي فقط — غير معتمد للنشر التجاري,بيانات مرجعية متاحة؛ يلزم تحقق PM,ضمن الفحص المبدئي
10569824862511,dermaelle-advanc-niacinamide-cleans-gel-120ml,جل ديرمايل أدفانس نياسيناميد لتنظيف البشرة 120 مل ,Dermaelle,العناية بالبشرة,العناية بالبشرة,1,غسول,112000,149.5,44.85,104.65,,غير متاح لدى المصدر,https://cdn.shopify.com/s/files/1/0935/9550/0847/files/1_-_2026-06-25T135900.572.webp?v=1782385174,منتج جل ديرمايل أدفانس نياسيناميد لتنظيف البشرة 120 مل  من Dermaelle. التصنيف المرجعي: العناية بالبشرة — غسول. الوسوم المرجعية: Acne & Blemishes، Cleanser، Dark Spots، Even Skin Tone، Face Wash، Oily Skin، Sensitive Skin / Redness، Skin Care.,https://alfouadpharmacies.com/en/products/dermaelle-advanc-niacinamide-cleans-gel-120ml,AlFouad Pharmacies,Verify usage rights before commercial publication,غير مثبت,غير مثبت,مرجعي فقط — غير معتمد للنشر التجاري,بيانات مرجعية متاحة؛ يلزم تحقق PM,ضمن الفحص المبدئي
10569741861167,cerave-sa-smoothing-cleanser-236ml,منظف سيرافي SA لتنعيم البشرة 236 مل,cerave,العناية بالبشرة,العناية بالبشرة,1,بسيط,24301,700,210,490,,متاح لدى المصدر,https://cdn.shopify.com/s/files/1/0935/9550/0847/files/383.webp?v=1780216397,منتج منظف سيرافي SA لتنعيم البشرة 236 مل من cerave. التصنيف المرجعي: العناية بالبشرة — بسيط. الوسوم المرجعية: 10، Cleanser، Dry Skin، Dullness، Face Wash، Skin Care، Skin Concerns.,https://alfouadpharmacies.com/en/products/cerave-sa-smoothing-cleanser-236ml,AlFouad Pharmacies,Verify usage rights before commercial publication,غير مثبت,غير مثبت,مرجعي فقط — غير معتمد للنشر التجاري,بيانات مرجعية متاحة؛ يلزم تحقق PM,ضمن الفحص المبدئي
10569717547311,starville-whitening-soap-100gm,صابون ستارفيل لتفتيح البشرة 100 جرام,parkville,العناية بالبشرة,العناية بالبشرة,1,بسيط,108753,65,19.5,45.5,,متاح لدى المصدر,https://cdn.shopify.com/s/files/1/0935/9550/0847/files/Starville-Whitening-Soap-100gm.webp?v=1754299247,منتج صابون ستارفيل لتفتيح البشرة 100 جرام من parkville. التصنيف المرجعي: العناية بالبشرة — بسيط. الوسوم المرجعية: Skin Care، starville.,https://alfouadpharmacies.com/en/products/starville-whitening-soap-100gm,AlFouad Pharmacies,Verify usage rights before commercial publication,غير مثبت,غير مثبت,مرجعي فقط — غير معتمد للنشر التجاري,بيانات مرجعية متاحة؛ يلزم تحقق PM,ضمن الفحص المبدئي
10569736519983,avene-cleanance-comedomed-30ml,أفين كليناس كوميدوميد 30 مل,Avene,العناية بالبشرة,العناية بالبشرة,1,بسيط,98952,999,299.7,699.3,,متاح لدى المصدر,https://cdn.shopify.com/s/files/1/0935/9550/0847/files/Avene_Cleanance_Comedomed.webp?v=1785739457,منتج أفين كليناس كوميدوميد 30 مل من Avene. التصنيف المرجعي: العناية بالبشرة — بسيط. الوسوم المرجعية: Acne & Blemishes، Oily Skin، Skin Care، Skin Concerns، Treatment Cream، Treatments.,https://alfouadpharmacies.com/en/products/avene-cleanance-comedomed-30ml,AlFouad Pharmacies,Verify usage rights before commercial publication,غير مثبت,غير مثبت,مرجعي فقط — غير معتمد للنشر التجاري,بيانات مرجعية متاحة؛ يلزم تحقق PM,ضمن الفحص المبدئي
12689527767343,vacation-sunscreen-gel-cream-spf50-60ml,كريم جل واقي من الشمس للعطلات بعامل حماية من الشمس 50+، 60 مل,vacation sun,العناية بالبشرة,العناية بالبشرة,1,,113642,450,135,315,,متاح لدى المصدر,https://cdn.shopify.com/s/files/1/0935/9550/0847/files/Vacation_Sunscreen_Gel_Cream_SPF50_60ml_Alt_1615x1615_6efd4b9c-2b3c-4ef8-a115-1de997e7bae0.webp?v=1771843850,منتج كريم جل واقي من الشمس للعطلات بعامل حماية من الشمس 50+، 60 مل من vacation sun. التصنيف المرجعي: العناية بالبشرة. الوسوم المرجعية: Oily Skin، Sun Care، Sunscreen، Sunscreen Gel Cream.,https://alfouadpharmacies.com/en/products/vacation-sunscreen-gel-cream-spf50-60ml,AlFouad Pharmacies,Verify usage rights before commercial publication,غير مثبت,غير مثبت,مرجعي فقط — غير معتمد للنشر التجاري,بيانات مرجعية متاحة؛ يلزم تحقق PM,ضمن الفحص المبدئي
12689756913967,avene-cleanance-gel-nettoyant-200ml,جل منظف أڤين كلينانس 200 مل,Avene,العناية بالبشرة,العناية بالبشرة,1,بسيط,80202,739,221.7,517.3,,متاح لدى المصدر,https://cdn.shopify.com/s/files/1/0935/9550/0847/files/AveneCleananceGelNettoyan_1.webp?v=1785927723,منتج جل منظف أڤين كلينانس 200 مل من Avene. التصنيف المرجعي: العناية بالبشرة — بسيط. الوسوم المرجعية: Acne & Blemishes، Cleanser، Face Wash، Oily Skin، Skin Care، Skin Concerns.,https://alfouadpharmacies.com/en/products/avene-cleanance-gel-nettoyant-200ml,AlFouad Pharmacies,Verify usage rights before commercial publication,غير مثبت,غير مثبت,مرجعي فقط — غير معتمد للنشر التجاري,بيانات مرجعية متاحة؛ يلزم تحقق PM,ضمن الفحص المبدئي
10569824272687,dermaelle-advanc-hyaluron-acid-cleans-gel-120ml,جل ديرمايل أدفانس لتنظيف البشرة بحمض الهيالورونيك 120 مل,Dermaelle,العناية بالبشرة,العناية بالبشرة,1,غسول ,112004,149.5,44.85,104.65,,متاح لدى المصدر,https://cdn.shopify.com/s/files/1/0935/9550/0847/files/1_85.webp?v=1782370291,منتج جل ديرمايل أدفانس لتنظيف البشرة بحمض الهيالورونيك 120 مل من Dermaelle. التصنيف المرجعي: العناية بالبشرة — غسول . الوسوم المرجعية: Cleanser، Dehydrated Skin، Dryness، Face Wash، Fine Lines & Wrinkles، Sensitive Skin / Redness، Skin Care، Skin Concerns.,https://alfouadpharmacies.com/en/products/dermaelle-advanc-hyaluron-acid-cleans-gel-120ml,AlFouad Pharmacies,Verify usage rights before commercial publication,غير مثبت,غير مثبت,مرجعي فقط — غير معتمد للنشر التجاري,بيانات مرجعية متاحة؛ يلزم تحقق PM,ضمن الفحص المبدئي
10569808773423,uriage-hyseac-hydra-restructuring-cream-40-ml,كريم يورياج هايسياك هيدرا لإعادة بناء البشرة 40 مل,URIAGE,العناية بالبشرة,العناية بالبشرة,1,بسيط,98372,999,299.7,699.3,,متاح لدى المصدر,https://cdn.shopify.com/s/files/1/0935/9550/0847/files/Uriage_Hyseac_Hydra_Restructuring_Moisturising_Care_40ml.webp?v=1790671204,منتج كريم يورياج هايسياك هيدرا لإعادة بناء البشرة 40 مل من URIAGE. التصنيف المرجعي: العناية بالبشرة — بسيط. الوسوم المرجعية: Acne & Blemishes، Dehydrated Skin، Moisturizer Cream، Moisturizers، Oily Skin، Skin Care، Skin Concerns.,https://alfouadpharmacies.com/en/products/uriage-hyseac-hydra-restructuring-cream-40-ml,AlFouad Pharmacies,Verify usage rights before commercial publication,غير مثبت,غير مثبت,مرجعي فقط — غير معتمد للنشر التجاري,بيانات مرجعية متاحة؛ يلزم تحقق PM,ضمن الفحص المبدئي
12689734893871,vichy-anti-transpirant-green-roll-on-50ml,فيتشي مضاد للعرق (أخضر) رول أون 50 مل,Vichy,العناية بالبشرة,العناية بالبشرة | العناية بالجسم,2,روول اون ,34268,790,237,553,,متاح لدى المصدر,https://cdn.shopify.com/s/files/1/0935/9550/0847/files/1_14.webp?v=1780483497,منتج فيتشي مضاد للعرق (أخضر) رول أون 50 مل من Vichy. التصنيف المرجعي: العناية بالبشرة — روول اون . الوسوم المرجعية: 10، Body Care، Body Concerns، Deodrant، Sensetive Skin.,https://alfouadpharmacies.com/en/products/vichy-anti-transpirant-green-roll-on-50ml,AlFouad Pharmacies,Verify usage rights before commercial publication,غير مثبت,غير مثبت,مرجعي فقط — غير معتمد للنشر التجاري,بيانات مرجعية متاحة؛ يلزم تحقق PM,ضمن الفحص المبدئي
10569796321583,la-roche-thermal-spring-water-sensitive-skin-150ml,ماء لا روتش الحراري للمياه المعدنية للبشرة الحساسة 150 مل,La Roch Possay,العناية بالبشرة,العناية بالبشرة,1,مياه طبيعية  للبشرة ,90654,640,192,448,,متاح لدى المصدر,https://cdn.shopify.com/s/files/1/0935/9550/0847/files/Group_1_27.webp?v=1781937881,منتج ماء لا روتش الحراري للمياه المعدنية للبشرة الحساسة 150 مل من La Roch Possay. التصنيف المرجعي: العناية بالبشرة — مياه طبيعية  للبشرة . الوسوم المرجعية: 10، Dryness، La roche، Sensitive Skin / Redness، Skin Care، Skin Concerns، Thermal Water، Treatments.,https://alfouadpharmacies.com/en/products/la-roche-thermal-spring-water-sensitive-skin-150ml,AlFouad Pharmacies,Verify usage rights before commercial publication,غير مثبت,غير مثبت,مرجعي فقط — غير معتمد للنشر التجاري,بيانات مرجعية متاحة؛ يلزم تحقق PM,ضمن الفحص المبدئي
12689734926639,فيتشي-مضاد-للعرق-أسود-رول-أون-50-مل,فيتشي مضاد للعرق (أسود) رول أون 50 مل,Vichy,العناية بالبشرة,العناية بالبشرة | العناية بالجسم,2,روول اون ,101538,790,237,553,,متاح لدى المصدر,https://cdn.shopify.com/s/files/1/0935/9550/0847/files/1_23.webp?v=1780495318,منتج فيتشي مضاد للعرق (أسود) رول أون 50 مل من Vichy. التصنيف المرجعي: العناية بالبشرة — روول اون . الوسوم المرجعية: 10، Body Care، Body Concerns، Deodrant، Sensetive Skin.,https://alfouadpharmacies.com/en/products/فيتشي-مضاد-للعرق-أسود-رول-أون-50-مل,AlFouad Pharmacies,Verify usage rights before commercial publication,غير مثبت,غير مثبت,مرجعي فقط — غير معتمد للنشر التجاري,بيانات مرجعية متاحة؛ يلزم تحقق PM,ضمن الفحص المبدئي
12689655431471,tetra-glow-sensitive-zone-whitening-cream-50gm,تركيبة متطورة وآمنة مخصصة لتفتيح وتوحيد لون المناطق الحساسة,Tetra Glow,العناية بالبشرة,العناية بالبشرة | العناية بالجسم,2,بسيط,13457,345,103.5,241.5,,متاح لدى المصدر,https://cdn.shopify.com/s/files/1/0935/9550/0847/files/Tetra_Glow_Whitening_Cream_1615x1615_3e1e643b-5406-4be6-abc4-74d0e0923b63.webp?v=1772280358,منتج تركيبة متطورة وآمنة مخصصة لتفتيح وتوحيد لون المناطق الحساسة من Tetra Glow. التصنيف المرجعي: العناية بالبشرة — بسيط. الوسوم المرجعية: Body Care، Body Concerns، Body Cream، Even Skin Tone / Pigmentation، Intimate Care.,https://alfouadpharmacies.com/en/products/tetra-glow-sensitive-zone-whitening-cream-50gm,AlFouad Pharmacies,Verify usage rights before commercial publication,غير مثبت,غير مثبت,مرجعي فقط — غير معتمد للنشر التجاري,بيانات مرجعية متاحة؛ يلزم تحقق PM,ضمن الفحص المبدئي
10569744711983,la-roche-anthelios-baby-lotion-spf50-50ml,لوشن لاروش بوزاي أنتيليوس للأطفال، حماية من الشمس بدرجة 50+، 50 مل,La Roch Possay,العناية بالبشرة,العناية بالبشرة | العناية بالأطفال,2,واقي شمس للاطفال ,12624,1200,360,840,,متاح لدى المصدر,https://cdn.shopify.com/s/files/1/0935/9550/0847/files/Group_1_19.webp?v=1781936083,منتج لوشن لاروش بوزاي أنتيليوس للأطفال، حماية من الشمس بدرجة 50+، 50 مل من La Roch Possay. التصنيف المرجعي: العناية بالبشرة — واقي شمس للاطفال . الوسوم المرجعية: Baby Sunscreen، Kids Care، Kids Concerns، Skin Care، SPF 50، Sun Care، Sunscreen.,https://alfouadpharmacies.com/en/products/la-roche-anthelios-baby-lotion-spf50-50ml,AlFouad Pharmacies,Verify usage rights before commercial publication,غير مثبت,غير مثبت,مرجعي فقط — غير معتمد للنشر التجاري,بيانات مرجعية متاحة؛ يلزم تحقق PM,ضمن الفحص المبدئي
10569744613679,la-roche-anthelios-age-correct-cream-spf50-50ml,لاروش بوزيه أنثيليوس آيج كوريكت كريم SPF50+ 50مل,La Roch Possay,العناية بالبشرة,العناية بالبشرة,1,بسيط,95970,1220,366,854,,متاح لدى المصدر,https://cdn.shopify.com/s/files/1/0935/9550/0847/files/La_Roche_Anthelios_Age_Correct_Cream_SPF50_50ml.webp?v=1789625554,منتج لاروش بوزيه أنثيليوس آيج كوريكت كريم SPF50+ 50مل من La Roch Possay. التصنيف المرجعي: العناية بالبشرة — بسيط. الوسوم المرجعية: Anti-Aging، Anti-aging Cream، Day Cream، Fine Lines & Wrinkles، Moisturizers، Skin Care، Skin Concerns، SPF 50.,https://alfouadpharmacies.com/en/products/la-roche-anthelios-age-correct-cream-spf50-50ml,AlFouad Pharmacies,Verify usage rights before commercial publication,غير مثبت,غير مثبت,مرجعي فقط — غير معتمد للنشر التجاري,بيانات مرجعية متاحة؛ يلزم تحقق PM,ضمن الفحص المبدئي
10569735962927,sensibio-defensive-soothing-cream-40ml,كريم بيوديرما سينسيبيو المهدئ والوقائي 40 مل,Bioderma,العناية بالبشرة,العناية بالبشرة,1,بسيط,33515,849,254.7,594.3,0,متاح لدى المصدر,https://cdn.shopify.com/s/files/1/0935/9550/0847/files/Sensibio-Defensive-Soothing-Cream-40ML.webp?v=1754298980,منتج كريم بيوديرما سينسيبيو المهدئ والوقائي 40 مل من Bioderma. التصنيف المرجعي: العناية بالبشرة — بسيط. الوسوم المرجعية: Sensitive Skin / Redness، Skin Care، Skin Concerns، Treatment Cream، Treatments.,https://alfouadpharmacies.com/en/products/sensibio-defensive-soothing-cream-40ml,AlFouad Pharmacies,Verify usage rights before commercial publication,غير مثبت,غير مثبت,مرجعي فقط — غير معتمد للنشر التجاري,بيانات مرجعية متاحة؛ يلزم تحقق PM,ضمن الفحص المبدئي
10569738813743,beesline-white-roll-on-50ml-fragrance-free,بيزلين وايت. رول أون 50 مل، بدون رائحة.,Beesline,العناية بالبشرة,العناية بالبشرة | العناية بالجسم,2,بسيط,95972,350,105,245,,متاح لدى المصدر,https://cdn.shopify.com/s/files/1/0935/9550/0847/files/Beesline-White.-Roll-On-50ML-Fragrance-Free.webp?v=1754298951,منتج بيزلين وايت. رول أون 50 مل، بدون رائحة. من Beesline. التصنيف المرجعي: العناية بالبشرة — بسيط. الوسوم المرجعية: Body Care، Body Concerns، Deodrant، Even Skin Tone / Pigmentation، Sensetive Skin.,https://alfouadpharmacies.com/en/products/beesline-white-roll-on-50ml-fragrance-free,AlFouad Pharmacies,Verify usage rights before commercial publication,غير مثبت,غير مثبت,مرجعي فقط — غير معتمد للنشر التجاري,بيانات مرجعية متاحة؛ يلزم تحقق PM,ضمن الفحص المبدئي
10569721348399,alejon-whitening-body-milk-200ml,حليب الجسم المبيض من أليجون 200 مل,ALEJON,العناية بالبشرة,العناية بالبشرة | العناية بالجسم,2,بسيط,105293,360,108,252,,متاح لدى المصدر,https://cdn.shopify.com/s/files/1/0935/9550/0847/files/Alejon-Whitening-Body-Milk-200ml.webp?v=1754299204,منتج حليب الجسم المبيض من أليجون 200 مل من ALEJON. التصنيف المرجعي: العناية بالبشرة — بسيط. الوسوم المرجعية: Body Care، Body Concerns، Body Milk، Even Skin Tone / Pigmentation.,https://alfouadpharmacies.com/en/products/alejon-whitening-body-milk-200ml,AlFouad Pharmacies,Verify usage rights before commercial publication,غير مثبت,غير مثبت,مرجعي فقط — غير معتمد للنشر التجاري,بيانات مرجعية متاحة؛ يلزم تحقق PM,ضمن الفحص المبدئي
12689724735791,فيشي-مينيرال-89-50-مل, فيشي مينيرال (89) 50 مل,Vichy,العناية بالبشرة,العناية بالبشرة,1,ترطيب ,106468,1350,405,945,,متاح لدى المصدر,https://cdn.shopify.com/s/files/1/0935/9550/0847/files/mineral89_heart.webp?v=1778364773,منتج  فيشي مينيرال (89) 50 مل من Vichy. التصنيف المرجعي: العناية بالبشرة — ترطيب . الوسوم المرجعية: 10، Dehydrated Skin، Dry Skin، Dryness، Dullness، Hydro-gel، Moisturizers، Sensitive Skin / Redness.,https://alfouadpharmacies.com/en/products/فيشي-مينيرال-89-50-مل,AlFouad Pharmacies,Verify usage rights before commercial publication,غير مثبت,غير مثبت,مرجعي فقط — غير معتمد للنشر التجاري,بيانات مرجعية متاحة؛ يلزم تحقق PM,ضمن الفحص المبدئي
10569716171055,eva-natural-glow-eye-cream-15gm,كريم إيفا الطبيعي المشرق للعين 15 جرام,AlFouad Pharmacies,العناية بالبشرة,العناية بالبشرة,1,بسيط,84820,55,16.5,38.5,,متاح لدى المصدر,https://cdn.shopify.com/s/files/1/0935/9550/0847/files/Eva-Natural-Glow-Eye-Cream-15gm.webp?v=1754299270,منتج كريم إيفا الطبيعي المشرق للعين 15 جرام من AlFouad Pharmacies. التصنيف المرجعي: العناية بالبشرة — بسيط. الوسوم المرجعية: Eye & Lip، Eye Care، Eye Contour، Skin Care.,https://alfouadpharmacies.com/en/products/eva-natural-glow-eye-cream-15gm,AlFouad Pharmacies,Verify usage rights before commercial publication,غير مثبت,غير مثبت,مرجعي فقط — غير معتمد للنشر التجاري,بيانات مرجعية متاحة؛ يلزم تحقق PM,ضمن الفحص المبدئي
12689811079471,dermactive-acti-clear-cleans-foam-gel-200ml,جل تنظيف رغوي ديرم اكتيف اكتي-كلير 200 مل,DERMACTIVE,العناية بالبشرة,العناية بالبشرة,1,بسيط,25742,199,59.7,139.3,,متاح لدى المصدر,https://cdn.shopify.com/s/files/1/0935/9550/0847/files/DERMACTIVE_ACTICLEAR_FIXED_1615x1615_2c7cd0c8-de2f-4745-9597-f9c08c2d110d.webp?v=1771502309,منتج جل تنظيف رغوي ديرم اكتيف اكتي-كلير 200 مل من DERMACTIVE. التصنيف المرجعي: العناية بالبشرة — بسيط. الوسوم المرجعية: Acne & Blemishes، Cleanser، Face Wash، Skin Care، Skin Concerns.,https://alfouadpharmacies.com/en/products/dermactive-acti-clear-cleans-foam-gel-200ml,AlFouad Pharmacies,Verify usage rights before commercial publication,غير مثبت,غير مثبت,مرجعي فقط — غير معتمد للنشر التجاري,بيانات مرجعية متاحة؛ يلزم تحقق PM,ضمن الفحص المبدئي
12689810161967,eva-anti-ageing-niacinamide-face-serum-30ml,سيروم إيفا المضاد للشيخوخة للوجه بالنياسيناميد - 30 مل,AlFouad Pharmacies,العناية بالبشرة,العناية بالبشرة,1,بسيط,5453,230,69,161,,متاح لدى المصدر,https://cdn.shopify.com/s/files/1/0935/9550/0847/files/jzwIQnfV1x80bcQ4ck3P6Y9SjFWtynIwLTiPJrnF.webp?v=1771843170,منتج سيروم إيفا المضاد للشيخوخة للوجه بالنياسيناميد - 30 مل من AlFouad Pharmacies. التصنيف المرجعي: العناية بالبشرة — بسيط. الوسوم المرجعية: Pores، Serums، Skin Care، Skin Concerns، Treatments.,https://alfouadpharmacies.com/en/products/eva-anti-ageing-niacinamide-face-serum-30ml,AlFouad Pharmacies,Verify usage rights before commercial publication,غير مثبت,غير مثبت,مرجعي فقط — غير معتمد للنشر التجاري,بيانات مرجعية متاحة؛ يلزم تحقق PM,ضمن الفحص المبدئي
12689809244463,alejon-sunscreen-gel-spf50-75ml,جل واقي من الشمس أليجون SPF50+ 75 مل,ALEJON sun,العناية بالبشرة,العناية بالبشرة,1,بسيط,17459,410,123,287,,متاح لدى المصدر,https://cdn.shopify.com/s/files/1/0935/9550/0847/files/1-10_png.webp?v=1771796242,منتج جل واقي من الشمس أليجون SPF50+ 75 مل من ALEJON sun. التصنيف المرجعي: العناية بالبشرة — بسيط. الوسوم المرجعية: Skin Care، Skin Concerns، SPF 50، Sun Care، Sun Gel، Sunscreen.,https://alfouadpharmacies.com/en/products/alejon-sunscreen-gel-spf50-75ml,AlFouad Pharmacies,Verify usage rights before commercial publication,غير مثبت,غير مثبت,مرجعي فقط — غير معتمد للنشر التجاري,بيانات مرجعية متاحة؛ يلزم تحقق PM,ضمن الفحص المبدئي
12689571447087,avene-thermal-water-150ml-anti-irritating,مياه أفين الحرارية 150 مل مضادة للتهيج,Avene,العناية بالبشرة,العناية بالبشرة,1,Thermal Water,97720,569,170.7,398.3,,متاح لدى المصدر,https://cdn.shopify.com/s/files/1/0935/9550/0847/files/Avene_Thermal_Water.webp?v=1785741188,منتج مياه أفين الحرارية 150 مل مضادة للتهيج من Avene. التصنيف المرجعي: العناية بالبشرة — Thermal Water. الوسوم المرجعية: Skin Care، Skin Concerns، Thermal Water.,https://alfouadpharmacies.com/en/products/avene-thermal-water-150ml-anti-irritating,AlFouad Pharmacies,Verify usage rights before commercial publication,غير مثبت,غير مثبت,مرجعي فقط — غير معتمد للنشر التجاري,بيانات مرجعية متاحة؛ يلزم تحقق PM,ضمن الفحص المبدئي
10569744875823,la-roche-anthelios-invisible-mist-spf50-200ml,لاروش بوزيه أنثيليوس ميست إنفيزيبل SPF50+ 200مل,La Roch Possay,العناية بالبشرة,العناية بالبشرة,1,بسيط,94772,1250,375,875,,متاح لدى المصدر,https://cdn.shopify.com/s/files/1/0935/9550/0847/files/La_Roche_Anthelios_Invisible_Mist_SPF50_200ml.webp?v=1789625364,منتج لاروش بوزيه أنثيليوس ميست إنفيزيبل SPF50+ 200مل من La Roch Possay. التصنيف المرجعي: العناية بالبشرة — بسيط. الوسوم المرجعية: Skin Care، Skin Concerns، SPF 50، Sun Care، Sunscreen، Sunscreen Spray.,https://alfouadpharmacies.com/en/products/la-roche-anthelios-invisible-mist-spf50-200ml,AlFouad Pharmacies,Verify usage rights before commercial publication,غير مثبت,غير مثبت,مرجعي فقط — غير معتمد للنشر التجاري,بيانات مرجعية متاحة؛ يلزم تحقق PM,ضمن الفحص المبدئي
12689589010735,vacation-facial-cleansing-hydro-gel-200ml,هيدرو جل لتنظيف الوجه Vacation 200 مل,vacation,العناية بالبشرة,العناية بالبشرة,1,بسيط,89538,295,88.5,206.5,,متاح لدى المصدر,https://cdn.shopify.com/s/files/1/0935/9550/0847/files/Vacation_Facial_Cleansing_Hydro_Gel_200ML_1615x1615_7abf6673-dc08-450e-b7d1-6445a7be75f8.webp?v=1771842750,منتج هيدرو جل لتنظيف الوجه Vacation 200 مل من vacation. التصنيف المرجعي: العناية بالبشرة — بسيط. الوسوم المرجعية: Acne & Blemishes، Cleanser، Dehydrated Skin، Face Wash، Oily Skin، Sensitive Skin / Redness، Skin Care، Skin Concerns.,https://alfouadpharmacies.com/en/products/vacation-facial-cleansing-hydro-gel-200ml,AlFouad Pharmacies,Verify usage rights before commercial publication,غير مثبت,غير مثبت,مرجعي فقط — غير معتمد للنشر التجاري,بيانات مرجعية متاحة؛ يلزم تحقق PM,ضمن الفحص المبدئي
12689554211119,soralone-cica-cream-gel-60ml,جل كريم سورالوني سيكا 60 مل ,Soralone,العناية بالبشرة,العناية بالبشرة,1,,113664,295,88.5,206.5,0,متاح لدى المصدر,https://cdn.shopify.com/s/files/1/0935/9550/0847/files/soralone_cica_cream_gel_1615x1615_3efa9b03-4619-4d9f-961f-a3db555fe768.webp?v=1771750181,منتج جل كريم سورالوني سيكا 60 مل  من Soralone. التصنيف المرجعي: العناية بالبشرة. الوسوم المرجعية: Moisturizer Gel، Moisturizers، Sensitive Skin / Redness، Skin Care.,https://alfouadpharmacies.com/en/products/soralone-cica-cream-gel-60ml,AlFouad Pharmacies,Verify usage rights before commercial publication,غير مثبت,غير مثبت,مرجعي فقط — غير معتمد للنشر التجاري,بيانات مرجعية متاحة؛ يلزم تحقق PM,ضمن الفحص المبدئي
12689513906479,bioderma-atoderm-cream-500ml-bumb,بيوديرما أتوديرم كريم 500مل مضخة,Bioderma,العناية بالبشرة,العناية بالبشرة,1,Skin Care,114502,1299,389.7,909.3,0,متاح لدى المصدر,https://cdn.shopify.com/s/files/1/0935/9550/0847/files/Bioderma_Atoderm_Cream_500ml_Pump.webp?v=1780824475,منتج بيوديرما أتوديرم كريم 500مل مضخة من Bioderma. التصنيف المرجعي: العناية بالبشرة — Skin Care. الوسوم المرجعية: Dry Skin، Dryness، Moisturizer Cream، Moisturizers، Skin Care.,https://alfouadpharmacies.com/en/products/bioderma-atoderm-cream-500ml-bumb,AlFouad Pharmacies,Verify usage rights before commercial publication,غير مثبت,غير مثبت,مرجعي فقط — غير معتمد للنشر التجاري,بيانات مرجعية متاحة؛ يلزم تحقق PM,ضمن الفحص المبدئي
10569813066031,vichy-liftactiv-haepidermic-filler-30ml,فيشي ليفت أكتيف سوبريم هيالورونيك أسيد فيلر 30 مل,Vichy,العناية بالبشرة,العناية بالبشرة,1,مقاوم للتجاعيد ,106477,1700,510,1190,,غير متاح لدى المصدر,https://cdn.shopify.com/s/files/1/0935/9550/0847/files/4_8.webp?v=1780491514,منتج فيشي ليفت أكتيف سوبريم هيالورونيك أسيد فيلر 30 مل من Vichy. التصنيف المرجعي: العناية بالبشرة — مقاوم للتجاعيد . الوسوم المرجعية: Anti-Aging، Dehydrated Skin، Fine Lines & Wrinkles، Serums، Skin Care، Skin Concerns، Treatments.,https://alfouadpharmacies.com/en/products/vichy-liftactiv-haepidermic-filler-30ml,AlFouad Pharmacies,Verify usage rights before commercial publication,غير مثبت,غير مثبت,مرجعي فقط — غير معتمد للنشر التجاري,بيانات مرجعية متاحة؛ يلزم تحقق PM,ضمن الفحص المبدئي
10569746055471,la-roche-lipikar-balm-200ml,لاروش بوزيه ليبيكار بوم 200مل,La Roch Possay,العناية بالبشرة,العناية بالبشرة | العناية بالجسم,2,بلسم ترطيب الجسم,17663,1110,333,777,,متاح لدى المصدر,https://cdn.shopify.com/s/files/1/0935/9550/0847/files/Group_1_23.webp?v=1781936796,منتج لاروش بوزيه ليبيكار بوم 200مل من La Roch Possay. التصنيف المرجعي: العناية بالبشرة — بلسم ترطيب الجسم. الوسوم المرجعية: 10، Body Care، Body Concerns، Body Cream، Dry Skin، Dry Skin body concerns، Dryness، La roche.,https://alfouadpharmacies.com/en/products/la-roche-lipikar-balm-200ml,AlFouad Pharmacies,Verify usage rights before commercial publication,غير مثبت,غير مثبت,مرجعي فقط — غير معتمد للنشر التجاري,بيانات مرجعية متاحة؛ يلزم تحقق PM,ضمن الفحص المبدئي
10569734390063,bioderma-cicabio-cream-40ml,بيوديرما سيكابيو كريم 40مل,Bioderma,العناية بالبشرة,العناية بالبشرة | العناية بالجسم,2,بسيط,29814,820,246,574,0,متاح لدى المصدر,https://cdn.shopify.com/s/files/1/0935/9550/0847/files/Bioderma_Cicabio_Cream_40ml.webp?v=1780824475,منتج بيوديرما سيكابيو كريم 40مل من Bioderma. التصنيف المرجعي: العناية بالبشرة — بسيط. الوسوم المرجعية: Body Care، Body Concerns، Body Cream، Dehydrated Skin، Dry Skin، Dry Skin body concerns، Moisturizer Cream، Moisturizers.,https://alfouadpharmacies.com/en/products/bioderma-cicabio-cream-40ml,AlFouad Pharmacies,Verify usage rights before commercial publication,غير مثبت,غير مثبت,مرجعي فقط — غير معتمد للنشر التجاري,بيانات مرجعية متاحة؛ يلزم تحقق PM,ضمن الفحص المبدئي
12689499029807,la-roche-cicaplast-microbiome-balm-spf50-40ml,لاروش بوزيه سيكابلاست بالم بي 5+ SPF50 40مل,La Roch Possay,العناية بالبشرة,العناية بالبشرة,1,ترميم البشره ,113534,990,297,693,,متاح لدى المصدر,https://cdn.shopify.com/s/files/1/0935/9550/0847/files/Group_1_ac84a6ff-d554-4381-8c98-81d8f9e0c20f.webp?v=1781443361,منتج لاروش بوزيه سيكابلاست بالم بي 5+ SPF50 40مل من La Roch Possay. التصنيف المرجعي: العناية بالبشرة — ترميم البشره . الوسوم المرجعية: 10، Dry Skin، Dryness، La roche، Sensitive Skin / Redness، Skin Care، Smooth Texture، SPF 50.,https://alfouadpharmacies.com/en/products/la-roche-cicaplast-microbiome-balm-spf50-40ml,AlFouad Pharmacies,Verify usage rights before commercial publication,غير مثبت,غير مثبت,مرجعي فقط — غير معتمد للنشر التجاري,بيانات مرجعية متاحة؛ يلزم تحقق PM,ضمن الفحص المبدئي
10569833546031,the-ordinary-salicylic-acid-2-30ml,حمض الساليسيليك من ذا أوردينري 2% 30 مل,The Ordinary,العناية بالبشرة,العناية بالبشرة,1,سيرم ,106277,1599,479.7,1119.3,0,متاح لدى المصدر,https://cdn.shopify.com/s/files/1/0935/9550/0847/files/1_-_2026-07-06T161343.819.webp?v=1783343666,منتج حمض الساليسيليك من ذا أوردينري 2% 30 مل من The Ordinary. التصنيف المرجعي: العناية بالبشرة — سيرم . الوسوم المرجعية: Acne & Blemishes، Oily Skin، Pores، Serums، Skin Care، Skin Concerns، Treatments.,https://alfouadpharmacies.com/en/products/the-ordinary-salicylic-acid-2-30ml,AlFouad Pharmacies,Verify usage rights before commercial publication,غير مثبت,غير مثبت,مرجعي فقط — غير معتمد للنشر التجاري,بيانات مرجعية متاحة؛ يلزم تحقق PM,ضمن الفحص المبدئي
12689811210543,bobai-sun-screen-gel-spf50-60ml-11-free-off,جل بوباي للحماية من الشمس SPF50+ 60 مل,Bobai off,العناية بالبشرة,العناية بالبشرة,1,بسيط,13726,350,105,245,590,متاح لدى المصدر,https://cdn.shopify.com/s/files/1/0935/9550/0847/files/61YvifEOlrL._AC_SX679_2aa7e447-b52c-447e-a795-74f9df4cddac.webp?v=1790496032,منتج جل بوباي للحماية من الشمس SPF50+ 60 مل من Bobai off. التصنيف المرجعي: العناية بالبشرة — بسيط. الوسوم المرجعية: bobai، Bundle، Skin Care، Skin Concerns، Skincare Offers، Sun Care.,https://alfouadpharmacies.com/en/products/bobai-sun-screen-gel-spf50-60ml-11-free-off,AlFouad Pharmacies,Verify usage rights before commercial publication,غير مثبت,غير مثبت,مرجعي فقط — غير معتمد للنشر التجاري,بيانات مرجعية متاحة؛ يلزم تحقق PM,ضمن الفحص المبدئي
12689810784559,dermactive-acti-white-eye-contour-cream-gel-15ml,جل كريم تحديد محيط العين ديرم اكتيف اكتي-وايت 15 مل,DERMACTIVE,العناية بالبشرة,العناية بالبشرة,1,بسيط,3103,209,62.7,146.3,,متاح لدى المصدر,https://cdn.shopify.com/s/files/1/0935/9550/0847/files/DERMACTIVE_EYE_CONTOUR_FIXED_1615x1615_5b6b20b5-249f-45ea-a246-8cf53d06b1de.webp?v=1771503036,منتج جل كريم تحديد محيط العين ديرم اكتيف اكتي-وايت 15 مل من DERMACTIVE. التصنيف المرجعي: العناية بالبشرة — بسيط. الوسوم المرجعية: Dark Circles & Puffiness، Eye & Lip، Eye Care، Eye Contour Serum، Skin Care، Skin Concerns.,https://alfouadpharmacies.com/en/products/dermactive-acti-white-eye-contour-cream-gel-15ml,AlFouad Pharmacies,Verify usage rights before commercial publication,غير مثبت,غير مثبت,مرجعي فقط — غير معتمد للنشر التجاري,بيانات مرجعية متاحة؛ يلزم تحقق PM,ضمن الفحص المبدئي
12689806754095,dermactive-acti-repair-face-hydro-gel-50ml,جل ديرم اكتيف اكتي-ريبير للوجه المرطب 50 مل,DERMACTIVE,العناية بالبشرة,العناية بالبشرة,1,بسيط,10024,195,58.5,136.5,,متاح لدى المصدر,https://cdn.shopify.com/s/files/1/0935/9550/0847/files/dermactive_acti_repair_moisturizing_gel_1615x1615_5633efdc-ad51-4e7d-a98d-ae38547a5c20.webp?v=1771747411,منتج جل ديرم اكتيف اكتي-ريبير للوجه المرطب 50 مل من DERMACTIVE. التصنيف المرجعي: العناية بالبشرة — بسيط. الوسوم المرجعية: Dryness، Hydro-gel، Moisturizers، Skin Care، Skin Concerns.,https://alfouadpharmacies.com/en/products/dermactive-acti-repair-face-hydro-gel-50ml,AlFouad Pharmacies,Verify usage rights before commercial publication,غير مثبت,غير مثبت,مرجعي فقط — غير معتمد للنشر التجاري,بيانات مرجعية متاحة؛ يلزم تحقق PM,ضمن الفحص المبدئي
10569734422831,bioderma-pigmentbio-c-concentrat-serum-15ml,بيوديرما بيجمينتبيو سي-كونسنترات سيروم 15 مل,Bioderma,العناية بالبشرة,العناية بالبشرة,1,بسيط,94821,1299,389.7,909.3,0,متاح لدى المصدر,https://cdn.shopify.com/s/files/1/0935/9550/0847/files/Bioderma-Pigmentbio-C-concentrat-Serum-15ML.webp?v=1754298998,منتج بيوديرما بيجمينتبيو سي-كونسنترات سيروم 15 مل من Bioderma. التصنيف المرجعي: العناية بالبشرة — بسيط. الوسوم المرجعية: Dark Spots، Even Skin Tone، Serums، Skin Care، Skin Concerns، Treatments.,https://alfouadpharmacies.com/en/products/bioderma-pigmentbio-c-concentrat-serum-15ml,AlFouad Pharmacies,Verify usage rights before commercial publication,غير مثبت,غير مثبت,مرجعي فقط — غير معتمد للنشر التجاري,بيانات مرجعية متاحة؛ يلزم تحقق PM,ضمن الفحص المبدئي
12689540776239,one-bond-for-men-wash-300ml-yellow,غسول ون بوند للرجال 300 مل أصفر,One Bond,العناية بالبشرة,العناية بالبشرة | العناية بالجسم,2,,16047,250,75,175,,متاح لدى المصدر,https://cdn.shopify.com/s/files/1/0935/9550/0847/files/OneBond_WashForHim_300ml_PureWhite_1615x1615_defab835-1486-4856-97c0-d1dd971ad77d.webp?v=1772238430,منتج غسول ون بوند للرجال 300 مل أصفر من One Bond. التصنيف المرجعي: العناية بالبشرة. الوسوم المرجعية: Body Care، Sensetive Skin، shower gel.,https://alfouadpharmacies.com/en/products/one-bond-for-men-wash-300ml-yellow,AlFouad Pharmacies,Verify usage rights before commercial publication,غير مثبت,غير مثبت,مرجعي فقط — غير معتمد للنشر التجاري,بيانات مرجعية متاحة؛ يلزم تحقق PM,ضمن الفحص المبدئي
12689736007983,la-roche-cicaplast-microbiome-lip-balm-75ml,لاروش بوزيه سيكابلاست مرطب شفاه ميكروبيوم 7.5مل,La Roch Possay,العناية بالبشرة,العناية بالبشرة,1,مرطب,6606,460,138,322,,متاح لدى المصدر,https://cdn.shopify.com/s/files/1/0935/9550/0847/files/Group_1_31_d50da5bb-1fa1-44e3-9867-72ec1bb77f1e.webp?v=1781939035,منتج لاروش بوزيه سيكابلاست مرطب شفاه ميكروبيوم 7.5مل من La Roch Possay. التصنيف المرجعي: العناية بالبشرة — مرطب. الوسوم المرجعية: 10، Dryness، Eye & Lip، La roche، Lip، Lip Balm، Skin Care، Skin Concerns.,https://alfouadpharmacies.com/en/products/la-roche-cicaplast-microbiome-lip-balm-75ml,AlFouad Pharmacies,Verify usage rights before commercial publication,غير مثبت,غير مثبت,مرجعي فقط — غير معتمد للنشر التجاري,بيانات مرجعية متاحة؛ يلزم تحقق PM,ضمن الفحص المبدئي
12689655562543,shaan-cica-cream-60gm,كريم شآن سي سي 60 جرام,shaan,العناية بالبشرة,العناية بالبشرة,1,بسيط,112586,200,60,140,,متاح لدى المصدر,https://cdn.shopify.com/s/files/1/0935/9550/0847/files/ShaanCicaCream60gm.webp?v=1771841443,منتج كريم شآن سي سي 60 جرام من shaan. التصنيف المرجعي: العناية بالبشرة — بسيط. الوسوم المرجعية: Dehydrated Skin، Dryness، Moisturizer Cream، Moisturizers، Sensitive Skin / Redness، shaan، Skin Care، Skin Concerns.,https://alfouadpharmacies.com/en/products/shaan-cica-cream-60gm,AlFouad Pharmacies,Verify usage rights before commercial publication,غير مثبت,غير مثبت,مرجعي فقط — غير معتمد للنشر التجاري,بيانات مرجعية متاحة؛ يلزم تحقق PM,ضمن الفحص المبدئي
10569742057775,eucerin-dermo-purifyer-soothing-cream-50ml,يوسيرين ديرمو بيوريفاير كريم مهدئ 50مل,Eucerin,العناية بالبشرة,العناية بالبشرة,1,بسيط,13674,941,282.3,658.7,0,غير متاح لدى المصدر,https://cdn.shopify.com/s/files/1/0935/9550/0847/files/312-3.webp?v=1779701830,منتج يوسيرين ديرمو بيوريفاير كريم مهدئ 50مل من Eucerin. التصنيف المرجعي: العناية بالبشرة — بسيط. الوسوم المرجعية: Dehydrated Skin، eucerin، Moisturizer Cream، Moisturizers، Oily Skin، Skin Care، Skin Concerns.,https://alfouadpharmacies.com/en/products/eucerin-dermo-purifyer-soothing-cream-50ml,AlFouad Pharmacies,Verify usage rights before commercial publication,غير مثبت,غير مثبت,مرجعي فقط — غير معتمد للنشر التجاري,بيانات مرجعية متاحة؛ يلزم تحقق PM,ضمن الفحص المبدئي
10569740550447,كريم-واقي-من-الشمس-بيونيكس-بريفينتيفا-لمسة-جافة-spf50-50-مل,كريم واقي من الشمس بيونيكس بريفينتيفا لمسة جافة SPF50+ 50 مل,BIONNEX,العناية بالبشرة,العناية بالبشرة,1,واقي شمس ,8630,619,185.7,433.3,,متاح لدى المصدر,https://cdn.shopify.com/s/files/1/0935/9550/0847/files/1_-_2026-07-21T140547.220.webp?v=1784631989,منتج كريم واقي من الشمس بيونيكس بريفينتيفا لمسة جافة SPF50+ 50 مل من BIONNEX. التصنيف المرجعي: العناية بالبشرة — واقي شمس . الوسوم المرجعية: Oily Skin، Skin Care، Skin Concerns، SPF 50، Sun Care، Sunscreen، Sunscreen Fluid.,https://alfouadpharmacies.com/en/products/كريم-واقي-من-الشمس-بيونيكس-بريفينتيفا-لمسة-جافة-spf50-50-مل,AlFouad Pharmacies,Verify usage rights before commercial publication,غير مثبت,غير مثبت,مرجعي فقط — غير معتمد للنشر التجاري,بيانات مرجعية متاحة؛ يلزم تحقق PM,ضمن الفحص المبدئي
16014251655471,bioderma-photoderm-xdefense-tint-02-fluid-spf50-40ml,بيوديرما فوتوديرم تنت XDefense 02,Bioderma,العناية بالبشرة,العناية بالبشرة,1,sunscreen,116660,999,299.7,699.3,,متاح لدى المصدر,https://cdn.shopify.com/s/files/1/0935/9550/0847/files/199-3.webp?v=1780390452,منتج بيوديرما فوتوديرم تنت XDefense 02 من Bioderma. التصنيف المرجعي: العناية بالبشرة — sunscreen. الوسوم المرجعية: Skin Care، Sun Care، sunblock، Sunscreen، Sunscreen Fluid، Sunscreen Tinted.,https://alfouadpharmacies.com/en/products/bioderma-photoderm-xdefense-tint-02-fluid-spf50-40ml,AlFouad Pharmacies,Verify usage rights before commercial publication,غير مثبت,غير مثبت,مرجعي فقط — غير معتمد للنشر التجاري,بيانات مرجعية متاحة؛ يلزم تحقق PM,ضمن الفحص المبدئي
10589412557103,vacation-whitening-roll-on-50ml-arabian-oud-1,رول أون لتبييض البشرة في العطلات ٥٠ مل برائحة العود العربي ,vacation roll,العناية بالبشرة,العناية بالبشرة | العناية بالجسم,2,,112892,275,82.5,192.5,,متاح لدى المصدر,https://cdn.shopify.com/s/files/1/0935/9550/0847/files/VacationWhiteningRoll-On50MLArabianOud.webp?v=1754296943,منتج رول أون لتبييض البشرة في العطلات ٥٠ مل برائحة العود العربي  من vacation roll. التصنيف المرجعي: العناية بالبشرة. الوسوم المرجعية: Body Care، Deodrant، Even Skin Tone / Pigmentation، Roll-on.,https://alfouadpharmacies.com/en/products/vacation-whitening-roll-on-50ml-arabian-oud-1,AlFouad Pharmacies,Verify usage rights before commercial publication,غير مثبت,غير مثبت,مرجعي فقط — غير معتمد للنشر التجاري,بيانات مرجعية متاحة؛ يلزم تحقق PM,ضمن الفحص المبدئي
10569903833391,loreal-glycolic-bright-day-cream-50ml,كريم لوريال غليكوليك-برايت النهاري 50 مل,LOREAL PCD,العناية بالبشرة,العناية بالبشرة,1,بسيط,21744,610,183,427,,متاح لدى المصدر,https://cdn.shopify.com/s/files/1/0935/9550/0847/files/WhatsAppImage2025-12-21at2.37.33PM.webp?v=1790496594,منتج كريم لوريال غليكوليك-برايت النهاري 50 مل من LOREAL PCD. التصنيف المرجعي: العناية بالبشرة — بسيط. الوسوم المرجعية: Dark Spots، Day Cream، Moisturizers، Skin Care، Skin Concerns.,https://alfouadpharmacies.com/en/products/loreal-glycolic-bright-day-cream-50ml,AlFouad Pharmacies,Verify usage rights before commercial publication,غير مثبت,غير مثبت,مرجعي فقط — غير معتمد للنشر التجاري,بيانات مرجعية متاحة؛ يلزم تحقق PM,ضمن الفحص المبدئي
10569741009199,سيروم-بيونكس-وايت-إكسبرت-الليلي-لإصلاح-وتفتيح-البشرة-30-مل,سيروم بيونكس وايت إكسبرت الليلي لإصلاح وتفتيح البشرة 30 مل,BIONNEX,العناية بالبشرة,العناية بالبشرة,1,سيروم,8647,569,170.7,398.3,,متاح لدى المصدر,https://cdn.shopify.com/s/files/1/0935/9550/0847/files/1_-_2026-07-28T103349.652.webp?v=1785224039,منتج سيروم بيونكس وايت إكسبرت الليلي لإصلاح وتفتيح البشرة 30 مل من BIONNEX. التصنيف المرجعي: العناية بالبشرة — سيروم. الوسوم المرجعية: Dark Spots، Even Skin Tone، Serums، Skin Care، Skin Concerns، Treatments.,https://alfouadpharmacies.com/en/products/سيروم-بيونكس-وايت-إكسبرت-الليلي-لإصلاح-وتفتيح-البشرة-30-مل,AlFouad Pharmacies,Verify usage rights before commercial publication,غير مثبت,غير مثبت,مرجعي فقط — غير معتمد للنشر التجاري,بيانات مرجعية متاحة؛ يلزم تحقق PM,ضمن الفحص المبدئي
10569804546351,uriage-deodorant-puissance-50ml,يورياج باور 3 مزيل العرق رول أون 50 مل,URIAGE,العناية بالبشرة,العناية بالبشرة | العناية بالجسم,2,مزيل عرق ,110732,799,239.7,559.3,,متاح لدى المصدر,https://cdn.shopify.com/s/files/1/0935/9550/0847/files/Group_1_86.webp?v=1782205598,منتج يورياج باور 3 مزيل العرق رول أون 50 مل من URIAGE. التصنيف المرجعي: العناية بالبشرة — مزيل عرق . الوسوم المرجعية: Body Care، Body Concerns، Deodrant، Sensetive Skin.,https://alfouadpharmacies.com/en/products/uriage-deodorant-puissance-50ml,AlFouad Pharmacies,Verify usage rights before commercial publication,غير مثبت,غير مثبت,مرجعي فقط — غير معتمد للنشر التجاري,بيانات مرجعية متاحة؛ يلزم تحقق PM,ضمن الفحص المبدئي
10569826402607,mood-whitening-deodorant-roll-on-50ml-original,مزيل عرق مود وايتنينج رول أون ٥٠ مل الأصلي,Mood Roll,العناية بالبشرة,العناية بالبشرة | العناية بالجسم,2,بسيط,103642,80,24,56,119,متاح لدى المصدر,https://cdn.shopify.com/s/files/1/0935/9550/0847/files/Mood-Whitening-Deodorant-Roll-On-50ML-Original.webp?v=1754298624,منتج مزيل عرق مود وايتنينج رول أون ٥٠ مل الأصلي من Mood Roll. التصنيف المرجعي: العناية بالبشرة — بسيط. الوسوم المرجعية: Body Care، Body Concerns، Deodrant، Even Skin Tone / Pigmentation، Sensetive Skin.,https://alfouadpharmacies.com/en/products/mood-whitening-deodorant-roll-on-50ml-original,AlFouad Pharmacies,Verify usage rights before commercial publication,غير مثبت,غير مثبت,مرجعي فقط — غير معتمد للنشر التجاري,بيانات مرجعية متاحة؛ يلزم تحقق PM,ضمن الفحص المبدئي
12689798529327,eva-skin-clinic-hyaluronic-sheet-mask-3-pcs,قناع الوجه الهيالورونيك من إيفا سكين كلينيك، 3 قطع.,AlFouad Pharmacies,العناية بالبشرة,العناية بالبشرة,1,بسيط,97396,100,30,70,,متاح لدى المصدر,https://cdn.shopify.com/s/files/1/0935/9550/0847/files/Tw5zovXz38G3hDJ9WnG1lM4mb56VQA6HtaptFqTo.webp?v=1771843293,منتج قناع الوجه الهيالورونيك من إيفا سكين كلينيك، 3 قطع. من AlFouad Pharmacies. التصنيف المرجعي: العناية بالبشرة — بسيط. الوسوم المرجعية: Anti-Aging، Face Mask، Skin Care، Skin Concerns، Treatments.,https://alfouadpharmacies.com/en/products/eva-skin-clinic-hyaluronic-sheet-mask-3-pcs,AlFouad Pharmacies,Verify usage rights before commercial publication,غير مثبت,غير مثبت,مرجعي فقط — غير معتمد للنشر التجاري,بيانات مرجعية متاحة؛ يلزم تحقق PM,ضمن الفحص المبدئي
12689724178735,dermaelle-hyaluwhite-foaming-cleanser-200ml,منظف ديرمايل هايالووايت الرغوي 200 مل,Dermaelle,العناية بالبشرة,العناية بالبشرة,1,غسول,24397,183.75,55.13,128.63,,متاح لدى المصدر,https://cdn.shopify.com/s/files/1/0935/9550/0847/files/1_-_2026-06-25T125658.472.webp?v=1782381471,منتج منظف ديرمايل هايالووايت الرغوي 200 مل من Dermaelle. التصنيف المرجعي: العناية بالبشرة — غسول. الوسوم المرجعية: Cleanser، Dark Spots، Even Skin Tone، Face Wash، Skin Care، Skin Concerns.,https://alfouadpharmacies.com/en/products/dermaelle-hyaluwhite-foaming-cleanser-200ml,AlFouad Pharmacies,Verify usage rights before commercial publication,غير مثبت,غير مثبت,مرجعي فقط — غير معتمد للنشر التجاري,بيانات مرجعية متاحة؛ يلزم تحقق PM,ضمن الفحص المبدئي
12689512431919,cerave-retinol-serum-30ml,سيروم ريتينول من سيرافي 30 مل,cerave,العناية بالبشرة,العناية بالبشرة,1,,114578,870,261,609,,متاح لدى المصدر,https://cdn.shopify.com/s/files/1/0935/9550/0847/files/331.webp?v=1780219266,منتج سيروم ريتينول من سيرافي 30 مل من cerave. التصنيف المرجعي: العناية بالبشرة. الوسوم المرجعية: 10، Dark Spots، Even Skin Tone / Pigmentation، Oily Skin، Pores، Serums، Skin Care، Treatments.,https://alfouadpharmacies.com/en/products/cerave-retinol-serum-30ml,AlFouad Pharmacies,Verify usage rights before commercial publication,غير مثبت,غير مثبت,مرجعي فقط — غير معتمد للنشر التجاري,بيانات مرجعية متاحة؛ يلزم تحقق PM,ضمن الفحص المبدئي
10569796059439,la-roche-posthelios-gel-after-sun-200ml,جل لا روتش بوست هيلوس بعد التعرض للشمس 200 مل,La Roch Possay,العناية بالبشرة,العناية بالبشرة,1,بسيط,109327,750,225,525,,متاح لدى المصدر,https://cdn.shopify.com/s/files/1/0935/9550/0847/files/Group_1_13_dc202fc4-8cd5-40fa-a1a0-63fbef969c60.webp?v=1781934712,منتج جل لا روتش بوست هيلوس بعد التعرض للشمس 200 مل من La Roch Possay. التصنيف المرجعي: العناية بالبشرة — بسيط. الوسوم المرجعية: After Sun، Skin Care، Skin Concerns، Sun Care، Sunscreen.,https://alfouadpharmacies.com/en/products/la-roche-posthelios-gel-after-sun-200ml,AlFouad Pharmacies,Verify usage rights before commercial publication,غير مثبت,غير مثبت,مرجعي فقط — غير معتمد للنشر التجاري,بيانات مرجعية متاحة؛ يلزم تحقق PM,ضمن الفحص المبدئي
12689756979503,sensibio-h2o-solution-250-ml,بيوديرما سنسيبيو H2O محلول 250مل,Bioderma,العناية بالبشرة,العناية بالبشرة,1,بسيط,91925,749,224.7,524.3,0,متاح لدى المصدر,https://cdn.shopify.com/s/files/1/0935/9550/0847/files/634.webp?v=1780572519,منتج بيوديرما سنسيبيو H2O محلول 250مل من Bioderma. التصنيف المرجعي: العناية بالبشرة — بسيط. الوسوم المرجعية: Cleanser، Dullness، Makeup Removers، Sensitive Skin / Redness، Skin Care، Skin Concerns.,https://alfouadpharmacies.com/en/products/sensibio-h2o-solution-250-ml,AlFouad Pharmacies,Verify usage rights before commercial publication,غير مثبت,غير مثبت,مرجعي فقط — غير معتمد للنشر التجاري,بيانات مرجعية متاحة؛ يلزم تحقق PM,ضمن الفحص المبدئي
10569905570095,luna-emollient-lip-therapy-10gm-shea-butter,لونا مرطب الشفاه الملطف 10 غرام زبدة الشيا,AlFouad Pharmacies,العناية بالبشرة,العناية بالبشرة,1,بسيط,12576,65,19.5,45.5,,متاح لدى المصدر,https://cdn.shopify.com/s/files/1/0935/9550/0847/files/Luna-Emollient-Lip-Therapy-10GM-Shea-Butter.webp?v=1754298065,منتج لونا مرطب الشفاه الملطف 10 غرام زبدة الشيا من AlFouad Pharmacies. التصنيف المرجعي: العناية بالبشرة — بسيط. الوسوم المرجعية: Dryness، Eye & Lip، Lip، Lip Balm، Skin Care، Skin Concerns.,https://alfouadpharmacies.com/en/products/luna-emollient-lip-therapy-10gm-shea-butter,AlFouad Pharmacies,Verify usage rights before commercial publication,غير مثبت,غير مثبت,مرجعي فقط — غير معتمد للنشر التجاري,بيانات مرجعية متاحة؛ يلزم تحقق PM,ضمن الفحص المبدئي
10569746121007,la-roche-lipikar-balm-75ml,لاروش بوزيه ليبيكار بالم AP+M 75مل,La Roch Possay,العناية بالبشرة,العناية بالبشرة | العناية بالجسم,2,مرطب للبشرة,95391,640,192,448,,متاح لدى المصدر,https://cdn.shopify.com/s/files/1/0935/9550/0847/files/Group_1_28.webp?v=1781938193,منتج لاروش بوزيه ليبيكار بالم AP+M 75مل من La Roch Possay. التصنيف المرجعي: العناية بالبشرة — مرطب للبشرة. الوسوم المرجعية: Body Care، Body Concerns، Body Cream، Dry Skin، Dry Skin body concerns، Dryness، La roche، Moisturizer Cream.,https://alfouadpharmacies.com/en/products/la-roche-lipikar-balm-75ml,AlFouad Pharmacies,Verify usage rights before commercial publication,غير مثبت,غير مثبت,مرجعي فقط — غير معتمد للنشر التجاري,بيانات مرجعية متاحة؛ يلزم تحقق PM,ضمن الفحص المبدئي
10569742123311,eucerin-dermo-purifyer-toner-200ml,مُنَظِّف البشرة من يوسيرين ديرمو-بيوريفاير، 200 مل,Eucerin,العناية بالبشرة,العناية بالبشرة,1,تونر ,103811,799,239.7,559.3,0,متاح لدى المصدر,https://cdn.shopify.com/s/files/1/0935/9550/0847/files/Group_1_54_e01a3655-a4c0-4002-9f82-2c67680c7283.webp?v=1781944914,منتج مُنَظِّف البشرة من يوسيرين ديرمو-بيوريفاير، 200 مل من Eucerin. التصنيف المرجعي: العناية بالبشرة — تونر . الوسوم المرجعية: Acne & Blemishes، Oily Skin، Pores، Skin Care، Skin Concerns، Toners، Treatments.,https://alfouadpharmacies.com/en/products/eucerin-dermo-purifyer-toner-200ml,AlFouad Pharmacies,Verify usage rights before commercial publication,غير مثبت,غير مثبت,مرجعي فقط — غير معتمد للنشر التجاري,بيانات مرجعية متاحة؛ يلزم تحقق PM,ضمن الفحص المبدئي
10569741140271,cerave-anti-blemish-control-gel-40ml,جل سيرافي للتحكم في البقع 40 مل,cerave,العناية بالبشرة,العناية بالبشرة,1,بسيط,12584,520,156,364,,متاح لدى المصدر,https://cdn.shopify.com/s/files/1/0935/9550/0847/files/365.webp?v=1780217068,منتج جل سيرافي للتحكم في البقع 40 مل من cerave. التصنيف المرجعي: العناية بالبشرة — بسيط. الوسوم المرجعية: Acne & Blemishes، Eye Care، Eye Contour، Oily Skin، Pores، Skin Care، Skin Concerns، Treatment Cream.,https://alfouadpharmacies.com/en/products/cerave-anti-blemish-control-gel-40ml,AlFouad Pharmacies,Verify usage rights before commercial publication,غير مثبت,غير مثبت,مرجعي فقط — غير معتمد للنشر التجاري,بيانات مرجعية متاحة؛ يلزم تحقق PM,ضمن الفحص المبدئي
12689485955375,acm-whitening-peel-off-mask-40ml,إيه سي إم ماسك تقشير للبشرة – 40 مل,ACM,العناية بالبشرة,العناية بالبشرة,1,تفتيح ,85699,539,161.7,377.3,,متاح لدى المصدر,https://cdn.shopify.com/s/files/1/0935/9550/0847/files/Group_1_copy_7.webp?v=1781939743,منتج إيه سي إم ماسك تقشير للبشرة – 40 مل من ACM. التصنيف المرجعي: العناية بالبشرة — تفتيح . الوسوم المرجعية: Dark Spots، Even Skin Tone / Pigmentation، Face Mask، Skin Care.,https://alfouadpharmacies.com/en/products/acm-whitening-peel-off-mask-40ml,AlFouad Pharmacies,Verify usage rights before commercial publication,غير مثبت,غير مثبت,مرجعي فقط — غير معتمد للنشر التجاري,بيانات مرجعية متاحة؛ يلزم تحقق PM,ضمن الفحص المبدئي
10569831940399,the-ordinary-hyluronic-acid-2-b5-30ml,حمض الهيالورونيك 2 B5 من ذا أورديناري 30 مل,The Ordinary,العناية بالبشرة,العناية بالبشرة,1,سيرم,105479,1599,479.7,1119.3,0,متاح لدى المصدر,https://cdn.shopify.com/s/files/1/0935/9550/0847/files/1_-_2026-07-06T164111.091.webp?v=1783345310,منتج حمض الهيالورونيك 2 B5 من ذا أورديناري 30 مل من The Ordinary. التصنيف المرجعي: العناية بالبشرة — سيرم. الوسوم المرجعية: Dehydrated Skin، Dryness، Fine Lines & Wrinkles، Serums، Skin Care، Skin Concerns، Treatments.,https://alfouadpharmacies.com/en/products/the-ordinary-hyluronic-acid-2-b5-30ml,AlFouad Pharmacies,Verify usage rights before commercial publication,غير مثبت,غير مثبت,مرجعي فقط — غير معتمد للنشر التجاري,بيانات مرجعية متاحة؛ يلزم تحقق PM,ضمن الفحص المبدئي
10569742385455,eucerin-even-pigment-perfector-serum-30ml,يوسيرين إيفن بيجمنت برفيكتور سيرم 30مل,Eucerin,العناية بالبشرة,العناية بالبشرة,1,سيرم للبشره,112523,1800,540,1260,0,متاح لدى المصدر,https://cdn.shopify.com/s/files/1/0935/9550/0847/files/Group_1_56.webp?v=1781702511,منتج يوسيرين إيفن بيجمنت برفيكتور سيرم 30مل من Eucerin. التصنيف المرجعي: العناية بالبشرة — سيرم للبشره. الوسوم المرجعية: Dark Spots، Even Skin Tone، Serums، Skin Care، Skin Concerns، Treatments.,https://alfouadpharmacies.com/en/products/eucerin-even-pigment-perfector-serum-30ml,AlFouad Pharmacies,Verify usage rights before commercial publication,غير مثبت,غير مثبت,مرجعي فقط — غير معتمد للنشر التجاري,بيانات مرجعية متاحة؛ يلزم تحقق PM,ضمن الفحص المبدئي
10569738879279,beesline-white-roll-on-50ml-hair-delaying-11-off,بيزلين وايت. رول أون 50 مل لتأخير نمو الشعر. عرض 1+1 مجاناً,AlFouad Pharmacies,العناية بالبشرة,العناية بالبشرة | العناية بالجسم,2,بسيط,9280,599,179.7,419.3,,متاح لدى المصدر,https://cdn.shopify.com/s/files/1/0935/9550/0847/files/Beesline-White.-Roll-On-50ML-Hair-Delaying-11-Off.webp?v=1754298950,منتج بيزلين وايت. رول أون 50 مل لتأخير نمو الشعر. عرض 1+1 مجاناً من AlFouad Pharmacies. التصنيف المرجعي: العناية بالبشرة — بسيط. الوسوم المرجعية: Body Care، Body Concerns، Deodrant، Even Skin Tone / Pigmentation، Sensetive Skin.,https://alfouadpharmacies.com/en/products/beesline-white-roll-on-50ml-hair-delaying-11-off,AlFouad Pharmacies,Verify usage rights before commercial publication,غير مثبت,غير مثبت,مرجعي فقط — غير معتمد للنشر التجاري,بيانات مرجعية متاحة؛ يلزم تحقق PM,ضمن الفحص المبدئي
12689724440879,dermaelle-solaire-spf50-invisible-fluid-60ml,ديرمال سولير، سائل شفاف واقي من الشمس بدرجة حماية 50، 60 مل.,Dermaelle,العناية بالبشرة,العناية بالبشرة,1,واقي شمس ,25939,296.25,88.88,207.38,390,متاح لدى المصدر,https://cdn.shopify.com/s/files/1/0935/9550/0847/files/1_-_2026-06-25T135015.936.webp?v=1782384658,منتج ديرمال سولير، سائل شفاف واقي من الشمس بدرجة حماية 50، 60 مل. من Dermaelle. التصنيف المرجعي: العناية بالبشرة — واقي شمس . الوسوم المرجعية: Acne & Blemishes، Oily Skin، Skin Care، Skin Concerns، SPF 50، Sun Care، Sunscreen، Sunscreen Fluid.,https://alfouadpharmacies.com/en/products/dermaelle-solaire-spf50-invisible-fluid-60ml,AlFouad Pharmacies,Verify usage rights before commercial publication,غير مثبت,غير مثبت,مرجعي فقط — غير معتمد للنشر التجاري,بيانات مرجعية متاحة؛ يلزم تحقق PM,ضمن الفحص المبدئي
10569744679215,la-roche-anthelios-age-correct-uv-tint-50spf-50ml,لاروش بوزيه أنثيليوس آيج كوريكت يو في تينت SPF50 50مل,La Roch Possay,العناية بالبشرة,العناية بالبشرة,1,بسيط,109057,1230,369,861,,متاح لدى المصدر,https://cdn.shopify.com/s/files/1/0935/9550/0847/files/Group_1_15_-_Copy.webp?v=1781087858,منتج لاروش بوزيه أنثيليوس آيج كوريكت يو في تينت SPF50 50مل من La Roch Possay. التصنيف المرجعي: العناية بالبشرة — بسيط. الوسوم المرجعية: Anti-Aging، Anti-aging Cream، Day Cream، Even Skin Tone، Fine Lines & Wrinkles، La roche، Moisturizers، Skin Care.,https://alfouadpharmacies.com/en/products/la-roche-anthelios-age-correct-uv-tint-50spf-50ml,AlFouad Pharmacies,Verify usage rights before commercial publication,غير مثبت,غير مثبت,مرجعي فقط — غير معتمد للنشر التجاري,بيانات مرجعية متاحة؛ يلزم تحقق PM,ضمن الفحص المبدئي
12689513939247,bioderma-photoderm-invis-spf30-40ml-akn-mat,بيوديرما فوتوديرم إنفيز بعامل حماية من الشمس 30، 40 مل، أكين مات,Bioderma,العناية بالبشرة,العناية بالبشرة,1,,114500,899,269.7,629.3,0,متاح لدى المصدر,https://cdn.shopify.com/s/files/1/0935/9550/0847/files/404.webp?v=1779706391,منتج بيوديرما فوتوديرم إنفيز بعامل حماية من الشمس 30، 40 مل، أكين مات من Bioderma. التصنيف المرجعي: العناية بالبشرة. الوسوم المرجعية: photoderm، Skin Care، Sun Care، sunblock، Sunscreen.,https://alfouadpharmacies.com/en/products/bioderma-photoderm-invis-spf30-40ml-akn-mat,AlFouad Pharmacies,Verify usage rights before commercial publication,غير مثبت,غير مثبت,مرجعي فقط — غير معتمد للنشر التجاري,بيانات مرجعية متاحة؛ يلزم تحقق PM,ضمن الفحص المبدئي
10589420683567,vacation-sunscreen-fluid-tint-spf50-50ml,سائل واقي من الشمس ملون بعامل حماية من الشمس 50+، 50 مل ,vacation sun,العناية بالبشرة,العناية بالبشرة,1,,112893,450,135,315,,متاح لدى المصدر,https://cdn.shopify.com/s/files/1/0935/9550/0847/files/VacationSunscreenFluidTintSPF50_50ML_11zon.webp?v=1790501514,منتج سائل واقي من الشمس ملون بعامل حماية من الشمس 50+، 50 مل  من vacation sun. التصنيف المرجعي: العناية بالبشرة. الوسوم المرجعية: Skin Care، Sun Care، Sunscreen، Sunscreen Tinted.,https://alfouadpharmacies.com/en/products/vacation-sunscreen-fluid-tint-spf50-50ml,AlFouad Pharmacies,Verify usage rights before commercial publication,غير مثبت,غير مثبت,مرجعي فقط — غير معتمد للنشر التجاري,بيانات مرجعية متاحة؛ يلزم تحقق PM,ضمن الفحص المبدئي
10569824534831,dermaelle-advanc-hyaluron-acid-water-120ml,ديرمايل أدفانس هيالورون أسيد ووتر 120 مل ,Dermaelle,العناية بالبشرة,العناية بالبشرة,1,بسيط,112003,159.5,47.85,111.65,,متاح لدى المصدر,https://cdn.shopify.com/s/files/1/0935/9550/0847/files/1_86.webp?v=1782370517,منتج ديرمايل أدفانس هيالورون أسيد ووتر 120 مل  من Dermaelle. التصنيف المرجعي: العناية بالبشرة — بسيط. الوسوم المرجعية: Dehydrated Skin، Dryness، Sensitive Skin / Redness، Skin Care، Skin Concerns، Toners، Treatments.,https://alfouadpharmacies.com/en/products/dermaelle-advanc-hyaluron-acid-water-120ml,AlFouad Pharmacies,Verify usage rights before commercial publication,غير مثبت,غير مثبت,مرجعي فقط — غير معتمد للنشر التجاري,بيانات مرجعية متاحة؛ يلزم تحقق PM,ضمن الفحص المبدئي
10569745236271,la-roche-anthelios-uvmune-tinted-fluid-spf50-50ml,لاروش بوزيه أنثيليوس يوفميون فلويد ملون SPF50+ 50مل,La Roch Possay,العناية بالبشرة,العناية بالبشرة,1,بسيط,2322,1070,321,749,,متاح لدى المصدر,https://cdn.shopify.com/s/files/1/0935/9550/0847/files/Group_1_12.webp?v=1781934538,منتج لاروش بوزيه أنثيليوس يوفميون فلويد ملون SPF50+ 50مل من La Roch Possay. التصنيف المرجعي: العناية بالبشرة — بسيط. الوسوم المرجعية: La roche، Oily Skin، Skin Care، Skin Concerns، SPF 50، Sun Care، Sunscreen، Sunscreen Tinted.,https://alfouadpharmacies.com/en/products/la-roche-anthelios-uvmune-tinted-fluid-spf50-50ml,AlFouad Pharmacies,Verify usage rights before commercial publication,غير مثبت,غير مثبت,مرجعي فقط — غير معتمد للنشر التجاري,بيانات مرجعية متاحة؛ يلزم تحقق PM,ضمن الفحص المبدئي
10569742647599,eucerin-photoaging-control-sun-fluid-spf50-50ml,لوشن واقي من الشمس من يوسيرين للتحكم في علامات الشيخوخة المبكرة SPF50 50 مل,Eucerin,العناية بالبشرة,العناية بالبشرة,1,واقي شمس ,94086,1050,315,735,0,متاح لدى المصدر,https://cdn.shopify.com/s/files/1/0935/9550/0847/files/Group_1_51.webp?v=1781944062,منتج لوشن واقي من الشمس من يوسيرين للتحكم في علامات الشيخوخة المبكرة SPF50 50 مل من Eucerin. التصنيف المرجعي: العناية بالبشرة — واقي شمس . الوسوم المرجعية: Anti-Aging، Anti-aging Cream، Day Cream، eucerin، Moisturizers، Skin Care، Skin Concerns، SPF 50.,https://alfouadpharmacies.com/en/products/eucerin-photoaging-control-sun-fluid-spf50-50ml,AlFouad Pharmacies,Verify usage rights before commercial publication,غير مثبت,غير مثبت,مرجعي فقط — غير معتمد للنشر التجاري,بيانات مرجعية متاحة؛ يلزم تحقق PM,ضمن الفحص المبدئي
10569742254383,eucerin-even-pigment-perfecto-day-cream-spf30-50ml,يوسيرين إيفن بيجمنت بيرفكتو كريم نهار SPF30 50مل,Eucerin,العناية بالبشرة,العناية بالبشرة,1,كريم نهاري ,21544,1755,526.5,1228.5,0,متاح لدى المصدر,https://cdn.shopify.com/s/files/1/0935/9550/0847/files/Group_1_copy_18.webp?v=1781681837,منتج يوسيرين إيفن بيجمنت بيرفكتو كريم نهار SPF30 50مل من Eucerin. التصنيف المرجعي: العناية بالبشرة — كريم نهاري . الوسوم المرجعية: Dark Spots، Day Cream، eucerin، Even Skin Tone، Moisturizers، Skin Care، Skin Concerns، Whitining Cream.,https://alfouadpharmacies.com/en/products/eucerin-even-pigment-perfecto-day-cream-spf30-50ml,AlFouad Pharmacies,Verify usage rights before commercial publication,غير مثبت,غير مثبت,مرجعي فقط — غير معتمد للنشر التجاري,بيانات مرجعية متاحة؛ يلزم تحقق PM,ضمن الفحص المبدئي
10569740845359,سيروم-بيونكس-ذا-نورديا-هيالورونيك-أسيد-2-طحالب-قطبية-فيتامين-b5-30-مل,سيروم بيونكس ذا نورديا هيالورونيك أسيد 2% + طحالب قطبية + فيتامين B5 - 30 مل,BIONNEX,العناية بالبشرة,العناية بالبشرة,1,سيرم,8650,619,185.7,433.3,,متاح لدى المصدر,https://cdn.shopify.com/s/files/1/0935/9550/0847/files/1_-_2026-07-29T113347.507.webp?v=1785314049,منتج سيروم بيونكس ذا نورديا هيالورونيك أسيد 2% + طحالب قطبية + فيتامين B5 - 30 مل من BIONNEX. التصنيف المرجعي: العناية بالبشرة — سيرم. الوسوم المرجعية: Dehydrated Skin، Dryness، Fine Lines & Wrinkles، Serums، Skin Care، Skin Concerns، Treatments.,https://alfouadpharmacies.com/en/products/سيروم-بيونكس-ذا-نورديا-هيالورونيك-أسيد-2-طحالب-قطبية-فيتامين-b5-30-مل,AlFouad Pharmacies,Verify usage rights before commercial publication,غير مثبت,غير مثبت,مرجعي فقط — غير معتمد للنشر التجاري,بيانات مرجعية متاحة؛ يلزم تحقق PM,ضمن الفحص المبدئي
10569733538095,acm-sebionex-hydra-repair-cream-40ml,إيه سي إم سيبيونيكس هيدرا ريبير كريم – 40 مل,ACM,العناية بالبشرة,العناية بالبشرة,1,العناية بالبشرة > كريمات الوجه,14411,565,169.5,395.5,,متاح لدى المصدر,https://cdn.shopify.com/s/files/1/0935/9550/0847/files/Group_1_copy_10.webp?v=1781940432,منتج إيه سي إم سيبيونيكس هيدرا ريبير كريم – 40 مل من ACM. التصنيف المرجعي: العناية بالبشرة — العناية بالبشرة > كريمات الوجه. الوسوم المرجعية: Dehydrated Skin، Moisturizer Cream، Moisturizers، Oily Skin، Skin Care، Skin Concerns.,https://alfouadpharmacies.com/en/products/acm-sebionex-hydra-repair-cream-40ml,AlFouad Pharmacies,Verify usage rights before commercial publication,غير مثبت,غير مثبت,مرجعي فقط — غير معتمد للنشر التجاري,بيانات مرجعية متاحة؛ يلزم تحقق PM,ضمن الفحص المبدئي
12689501356335,dermaelle-hyalurepair-cica-lotion-200ml,لوشن ديرمايل هيالوربير سيكا 200 مل,Dermaelle,العناية بالبشرة,العناية بالبشرة | العناية بالجسم,2,لوشن ,114526,276.75,83.03,193.73,369,متاح لدى المصدر,https://cdn.shopify.com/s/files/1/0935/9550/0847/files/1_95.webp?v=1782376788,منتج لوشن ديرمايل هيالوربير سيكا 200 مل من Dermaelle. التصنيف المرجعي: العناية بالبشرة — لوشن . الوسوم المرجعية: Body Care، Body Lotion، Dry Skin.,https://alfouadpharmacies.com/en/products/dermaelle-hyalurepair-cica-lotion-200ml,AlFouad Pharmacies,Verify usage rights before commercial publication,غير مثبت,غير مثبت,مرجعي فقط — غير معتمد للنشر التجاري,بيانات مرجعية متاحة؛ يلزم تحقق PM,ضمن الفحص المبدئي
10569907142959,luna-tanning-oil-spray-spf15-200ml,بخاخ زيت التسمير لونا SPF15 200 مل,AlFouad Pharmacies,العناية بالبشرة,العناية بالبشرة,1,بسيط,21787,240,72,168,,متاح لدى المصدر,https://cdn.shopify.com/s/files/1/0935/9550/0847/files/Luna-Tanning-Oil-Spray-SPF15-200ML.webp?v=1754298048,منتج بخاخ زيت التسمير لونا SPF15 200 مل من AlFouad Pharmacies. التصنيف المرجعي: العناية بالبشرة — بسيط. الوسوم المرجعية: Skin Care، Skin Concerns، Sun Care، Sun Tan، Sunscreen.,https://alfouadpharmacies.com/en/products/luna-tanning-oil-spray-spf15-200ml,AlFouad Pharmacies,Verify usage rights before commercial publication,غير مثبت,غير مثبت,مرجعي فقط — غير معتمد للنشر التجاري,بيانات مرجعية متاحة؛ يلزم تحقق PM,ضمن الفحص المبدئي
10569899082031,neutrogena-retinol-boost-eye-cream-15ml,كريم نيتروجينا ريتينول بوست للعين 15 مل,Neutrogena,العناية بالبشرة,العناية بالبشرة,1,بسيط,9284,525,157.5,367.5,,متاح لدى المصدر,https://cdn.shopify.com/s/files/1/0935/9550/0847/files/Neutrogena-Retinol-Boost-Eye-Cream-15ML.webp?v=1754298155,منتج كريم نيتروجينا ريتينول بوست للعين 15 مل من Neutrogena. التصنيف المرجعي: العناية بالبشرة — بسيط. الوسوم المرجعية: Dark Circles & Puffiness، Eye & Lip، Eye Care، Eye Contour، Skin Care، Skin Concerns.,https://alfouadpharmacies.com/en/products/neutrogena-retinol-boost-eye-cream-15ml,AlFouad Pharmacies,Verify usage rights before commercial publication,غير مثبت,غير مثبت,مرجعي فقط — غير معتمد للنشر التجاري,بيانات مرجعية متاحة؛ يلزم تحقق PM,ضمن الفحص المبدئي
10569795797295,la-roche-mela-b3-cream-40ml,لاروش بوزيه ميلا بي 3 كريم 40مل,La Roch Possay,العناية بالبشرة,العناية بالبشرة,1,كريم عين ,109660,1480,444,1036,,متاح لدى المصدر,https://cdn.shopify.com/s/files/1/0935/9550/0847/files/Group_1_17.webp?v=1781935621,منتج لاروش بوزيه ميلا بي 3 كريم 40مل من La Roch Possay. التصنيف المرجعي: العناية بالبشرة — كريم عين . الوسوم المرجعية: 10، Dark Spots، Day Cream، Even Skin Tone، Moisturizers، Skin Care، Skin Concerns، Whitining Cream.,https://alfouadpharmacies.com/en/products/la-roche-mela-b3-cream-40ml,AlFouad Pharmacies,Verify usage rights before commercial publication,غير مثبت,غير مثبت,مرجعي فقط — غير معتمد للنشر التجاري,بيانات مرجعية متاحة؛ يلزم تحقق PM,ضمن الفحص المبدئي
10569741926703,cerave-sa-smoothing-cream-177ml,كريم سيرافي Sa لتنعيم البشرة 177 مل,cerave,العناية بالبشرة,العناية بالبشرة,1,بسيط,6827,800,240,560,,متاح لدى المصدر,https://cdn.shopify.com/s/files/1/0935/9550/0847/files/379.webp?v=1780216235,منتج كريم سيرافي Sa لتنعيم البشرة 177 مل من cerave. التصنيف المرجعي: العناية بالبشرة — بسيط. الوسوم المرجعية: 10، Dry Skin، Dryness، Moisturizer Cream، Moisturizers، Skin Care، Skin Concerns.,https://alfouadpharmacies.com/en/products/cerave-sa-smoothing-cream-177ml,AlFouad Pharmacies,Verify usage rights before commercial publication,غير مثبت,غير مثبت,مرجعي فقط — غير معتمد للنشر التجاري,بيانات مرجعية متاحة؛ يلزم تحقق PM,ضمن الفحص المبدئي
10569715253551,eva-gold-collagen-anti-ageing-serum-30ml,مصل إيفا جولد الكولاجيني المضاد للشيخوخة 30 مل,AlFouad Pharmacies,العناية بالبشرة,العناية بالبشرة,1,بسيط,109313,290,87,203,,متاح لدى المصدر,https://cdn.shopify.com/s/files/1/0935/9550/0847/files/Eva-Gold-Collagen-Anti-Ageing-Serum-30ml.webp?v=1754299288,منتج مصل إيفا جولد الكولاجيني المضاد للشيخوخة 30 مل من AlFouad Pharmacies. التصنيف المرجعي: العناية بالبشرة — بسيط. الوسوم المرجعية: Fine Lines & Wrinkles، Serums، Skin Care، Skin Concerns، Treatments.,https://alfouadpharmacies.com/en/products/eva-gold-collagen-anti-ageing-serum-30ml,AlFouad Pharmacies,Verify usage rights before commercial publication,غير مثبت,غير مثبت,مرجعي فقط — غير معتمد للنشر التجاري,بيانات مرجعية متاحة؛ يلزم تحقق PM,ضمن الفحص المبدئي
10570013704495,dermaelle-hyaluwhite-exfoliating-cleanser-all-in-one-200ml,منظف ديرمإيل هايالووايت غسول مقشر ماسك 200 مل,Dermaelle,العناية بالبشرة,العناية بالبشرة | العناية بالجسم,2,غسول ماسك,80528,220,66,154,,غير متاح لدى المصدر,https://cdn.shopify.com/s/files/1/0935/9550/0847/files/1_-_2026-06-25T140607.242.webp?v=1782385581,منتج منظف ديرمإيل هايالووايت غسول مقشر ماسك 200 مل من Dermaelle. التصنيف المرجعي: العناية بالبشرة — غسول ماسك. الوسوم المرجعية: Body Care، Body Concerns، Body Scrub، Even Skin Tone / Pigmentation.,https://alfouadpharmacies.com/en/products/dermaelle-hyaluwhite-exfoliating-cleanser-all-in-one-200ml,AlFouad Pharmacies,Verify usage rights before commercial publication,غير مثبت,غير مثبت,مرجعي فقط — غير معتمد للنشر التجاري,بيانات مرجعية متاحة؛ يلزم تحقق PM,ضمن الفحص المبدئي
12689513414959,dermaelle-advanc-brightening-vit-c-15-serum-30-ml,ديرمايل أدفانسد سيروم فيتامين C – 30 مل,Dermaelle,العناية بالبشرة,العناية بالبشرة,1,ديرمايل سيروم فيتامين C المتقدم 30 مل | لتفتيح البشرة وتقليل البقع الداكنة,114293,390,117,273,,متاح لدى المصدر,https://cdn.shopify.com/s/files/1/0935/9550/0847/files/1_65.webp?v=1782212220,منتج ديرمايل أدفانسد سيروم فيتامين C – 30 مل من Dermaelle. التصنيف المرجعي: العناية بالبشرة — ديرمايل سيروم فيتامين C المتقدم 30 مل | لتفتيح البشرة وتقليل البقع الداكنة. الوسوم المرجعية: Anti-Aging، Dark Spots، Even Skin Tone / Pigmentation، Serums، Skin Care.,https://alfouadpharmacies.com/en/products/dermaelle-advanc-brightening-vit-c-15-serum-30-ml,AlFouad Pharmacies,Verify usage rights before commercial publication,غير مثبت,غير مثبت,مرجعي فقط — غير معتمد للنشر التجاري,بيانات مرجعية متاحة؛ يلزم تحقق PM,ضمن الفحص المبدئي
12689446240559,vacation-sebio-control-moist-cream-gel-60ml,جل كريم مرطب للتحكم في الاحتراق من سيبيو، 60 مل,vacation,العناية بالبشرة,العناية بالبشرة,1,,114896,225,67.5,157.5,,متاح لدى المصدر,https://cdn.shopify.com/s/files/1/0935/9550/0847/files/Vacation_Sebio_Control_Moist_Cream_Gel_60ml_1615x1615_b8b7195e-5fb8-40f8-9675-26257c44bf18.webp?v=1771845590,منتج جل كريم مرطب للتحكم في الاحتراق من سيبيو، 60 مل من vacation. التصنيف المرجعي: العناية بالبشرة. الوسوم المرجعية: Acne & Blemishes، Hydro-gel، Moisturizer Cream، Moisturizers، Oily Skin، Pores، Skin Care، Smooth Texture.,https://alfouadpharmacies.com/en/products/vacation-sebio-control-moist-cream-gel-60ml,AlFouad Pharmacies,Verify usage rights before commercial publication,غير مثبت,غير مثبت,مرجعي فقط — غير معتمد للنشر التجاري,بيانات مرجعية متاحة؛ يلزم تحقق PM,ضمن الفحص المبدئي
10569898918191,neutrogena-hydro-boost-cleanser-water-gel-200ml,جل منظف نيتروجينا هيدرو بوست المرطب 200 مل,Neutrogena,العناية بالبشرة,العناية بالبشرة,1,بسيط,97801,315,94.5,220.5,,متاح لدى المصدر,https://cdn.shopify.com/s/files/1/0935/9550/0847/files/Neutrogena-Hydro-Boost-Cleanser-Water-Gel-200ML.webp?v=1754298156,منتج جل منظف نيتروجينا هيدرو بوست المرطب 200 مل من Neutrogena. التصنيف المرجعي: العناية بالبشرة — بسيط. الوسوم المرجعية: Cleanser، Dryness، Face Wash، Skin Care، Skin Concerns.,https://alfouadpharmacies.com/en/products/neutrogena-hydro-boost-cleanser-water-gel-200ml,AlFouad Pharmacies,Verify usage rights before commercial publication,غير مثبت,غير مثبت,مرجعي فقط — غير معتمد للنشر التجاري,بيانات مرجعية متاحة؛ يلزم تحقق PM,ضمن الفحص المبدئي
10569832497455,the-ordinary-multi-peptide-serum-for-lash-5ml,سيروم ذا أورديناري متعدد الببتيدات للرموش 5 مل,The Ordinary,العناية بالبشرة,العناية بالبشرة,1,سيرم,10328,1799,539.7,1259.3,0,متاح لدى المصدر,https://cdn.shopify.com/s/files/1/0935/9550/0847/files/1_-_2026-07-06T163404.456.webp?v=1783344884,منتج سيروم ذا أورديناري متعدد الببتيدات للرموش 5 مل من The Ordinary. التصنيف المرجعي: العناية بالبشرة — سيرم. الوسوم المرجعية: Eye & Lip، Eye Brow، Eye Brow Growth، Eye Care، Lashes Treatment، Skin Care، Skin Concerns.,https://alfouadpharmacies.com/en/products/the-ordinary-multi-peptide-serum-for-lash-5ml,AlFouad Pharmacies,Verify usage rights before commercial publication,غير مثبت,غير مثبت,مرجعي فقط — غير معتمد للنشر التجاري,بيانات مرجعية متاحة؛ يلزم تحقق PM,ضمن الفحص المبدئي
10569831121199,the-ordinary-caffine-5-30ml,كافيين ذا أورديناري ٥ ٣٠ مل,The Ordinary,العناية بالبشرة,العناية بالبشرة,1,سيرم ,105477,1599,479.7,1119.3,0,متاح لدى المصدر,https://cdn.shopify.com/s/files/1/0935/9550/0847/files/1_-_2026-07-06T170113.572.webp?v=1783346519,منتج كافيين ذا أورديناري ٥ ٣٠ مل من The Ordinary. التصنيف المرجعي: العناية بالبشرة — سيرم . الوسوم المرجعية: Dark Circles & Puffiness، Serums، Skin Care، Skin Concerns، Treatments.,https://alfouadpharmacies.com/en/products/the-ordinary-caffine-5-30ml,AlFouad Pharmacies,Verify usage rights before commercial publication,غير مثبت,غير مثبت,مرجعي فقط — غير معتمد للنشر التجاري,بيانات مرجعية متاحة؛ يلزم تحقق PM,ضمن الفحص المبدئي
10569734455599,bioderma-pigmentbio-daily-care-cream-spf50-40ml,كريم بيوديرما بيجمنتبيو للعناية اليومية SPF50+ 40 مل,Bioderma,العناية بالبشرة,العناية بالبشرة,1,بسيط,95370,1299,389.7,909.3,0,متاح لدى المصدر,https://cdn.shopify.com/s/files/1/0935/9550/0847/files/Bioderma-Pigmentbio-Daily-Care-Cream-SPF50-40ML.webp?v=1754298997,منتج كريم بيوديرما بيجمنتبيو للعناية اليومية SPF50+ 40 مل من Bioderma. التصنيف المرجعي: العناية بالبشرة — بسيط. الوسوم المرجعية: Day Cream، Even Skin Tone، Moisturizers، Skin Care، Skin Concerns، SPF 50، Sun Care، Sunscreen.,https://alfouadpharmacies.com/en/products/bioderma-pigmentbio-daily-care-cream-spf50-40ml,AlFouad Pharmacies,Verify usage rights before commercial publication,غير مثبت,غير مثبت,مرجعي فقط — غير معتمد للنشر التجاري,بيانات مرجعية متاحة؛ يلزم تحقق PM,ضمن الفحص المبدئي
10569733636399,acm-sebionex-trio-cream-40ml,إيه سي إم سيبيونيكس تريو كريم – 40 مل,ACM,العناية بالبشرة,العناية بالبشرة,1,العناية بالبشرة > كريمات الوجه,109175,409,122.7,286.3,,متاح لدى المصدر,https://cdn.shopify.com/s/files/1/0935/9550/0847/files/Group_1_37_bdeca562-bd0c-4db8-94f0-69ca35a8caa5.webp?v=1781940562,منتج إيه سي إم سيبيونيكس تريو كريم – 40 مل من ACM. التصنيف المرجعي: العناية بالبشرة — العناية بالبشرة > كريمات الوجه. الوسوم المرجعية: Acne & Blemishes، Oily Skin، Skin Care، Skin Concerns، Treatment Cream، Treatments.,https://alfouadpharmacies.com/en/products/acm-sebionex-trio-cream-40ml,AlFouad Pharmacies,Verify usage rights before commercial publication,غير مثبت,غير مثبت,مرجعي فقط — غير معتمد للنشر التجاري,بيانات مرجعية متاحة؛ يلزم تحقق PM,ضمن الفحص المبدئي
12689485889839,acm-spot-correct-body-milk-200ml,لوشن الجسم الموضعي من إيه سي إم 200 مل,ACM,العناية بالبشرة,العناية بالبشرة | العناية بالجسم,2,تفتيح ,109173,599,179.7,419.3,,متاح لدى المصدر,https://cdn.shopify.com/s/files/1/0935/9550/0847/files/Group_1_copy_8.webp?v=1781940018,منتج لوشن الجسم الموضعي من إيه سي إم 200 مل من ACM. التصنيف المرجعي: العناية بالبشرة — تفتيح . الوسوم المرجعية: Body Care، Body Lotion، Even Skin Tone، Even Skin Tone / Pigmentation.,https://alfouadpharmacies.com/en/products/acm-spot-correct-body-milk-200ml,AlFouad Pharmacies,Verify usage rights before commercial publication,غير مثبت,غير مثبت,مرجعي فقط — غير معتمد للنشر التجاري,بيانات مرجعية متاحة؛ يلزم تحقق PM,ضمن الفحص المبدئي
12689796432175,alejon-eye-contour-with-concealer-30ml,أليجون تحديد العيون مع كريم مخفي 30 مل,ALEJON,العناية بالبشرة,العناية بالبشرة,1,بسيط,14034,320,96,224,,غير متاح لدى المصدر,https://cdn.shopify.com/s/files/1/0935/9550/0847/files/alejon_eye_cream_ecommerce.webp?v=1771832645,منتج أليجون تحديد العيون مع كريم مخفي 30 مل من ALEJON. التصنيف المرجعي: العناية بالبشرة — بسيط. الوسوم المرجعية: Dark Circles & Puffiness، Eye & Lip، Eye Care، Eye Contour، Skin Care، Skin Concerns.,https://alfouadpharmacies.com/en/products/alejon-eye-contour-with-concealer-30ml,AlFouad Pharmacies,Verify usage rights before commercial publication,غير مثبت,غير مثبت,مرجعي فقط — غير معتمد للنشر التجاري,بيانات مرجعية متاحة؛ يلزم تحقق PM,ضمن الفحص المبدئي
12689757339951,acm-duolys-ce-eye-contour-15ml,جل محيط العين ACM DUOLYS - 15 مل,ACM,العناية بالبشرة,العناية بالبشرة,1,كريم عين ,91844,399,119.7,279.3,,متاح لدى المصدر,https://cdn.shopify.com/s/files/1/0935/9550/0847/files/Group_1_copy_6.webp?v=1781939640,منتج جل محيط العين ACM DUOLYS - 15 مل من ACM. التصنيف المرجعي: العناية بالبشرة — كريم عين . الوسوم المرجعية: Dark Circles & Puffiness، Eye & Lip، Eye Care، Eye Contour، Fine Lines & Wrinkles، Skin Care، Skin Concerns.,https://alfouadpharmacies.com/en/products/acm-duolys-ce-eye-contour-15ml,AlFouad Pharmacies,Verify usage rights before commercial publication,غير مثبت,غير مثبت,مرجعي فقط — غير معتمد للنشر التجاري,بيانات مرجعية متاحة؛ يلزم تحقق PM,ضمن الفحص المبدئي
10569810116911,vichy-capital-soleil-uv-age-fluid-spf50-40ml,فيتشي كابيتال سولاي يو في-إيج فلويد SPF50 40 مل,Vichy,العناية بالبشرة,العناية بالبشرة,1,بسيط,93083,1220,366,854,,غير متاح لدى المصدر,https://cdn.shopify.com/s/files/1/0935/9550/0847/files/vichy_capital_soleil_1615.webp?v=1789652362,منتج فيتشي كابيتال سولاي يو في-إيج فلويد SPF50 40 مل من Vichy. التصنيف المرجعي: العناية بالبشرة — بسيط. الوسوم المرجعية: Anti-Aging، Anti-aging Cream، Day Cream، Moisturizers، Skin Care، Skin Concerns، SPF 50، Sun Care.,https://alfouadpharmacies.com/en/products/vichy-capital-soleil-uv-age-fluid-spf50-40ml,AlFouad Pharmacies,Verify usage rights before commercial publication,غير مثبت,غير مثبت,مرجعي فقط — غير معتمد للنشر التجاري,بيانات مرجعية متاحة؛ يلزم تحقق PM,ضمن الفحص المبدئي
10569741074735,كريم-بيونكس-وايت-إكسبرت-لتفتيح-الوجه-والرقبة-مع-حماية-spf-30-bionnex-whitexpert,كريم بيونكس وايت إكسبرت لتفتيح الوجه والرقبة مع حماية SPF 30+ ,BIONNEX,العناية بالبشرة,العناية بالبشرة,1,كريم تفتيح ,8610,619,185.7,433.3,,متاح لدى المصدر,https://cdn.shopify.com/s/files/1/0935/9550/0847/files/1_-_2026-07-28T100934.639.webp?v=1785222646,منتج كريم بيونكس وايت إكسبرت لتفتيح الوجه والرقبة مع حماية SPF 30+  من BIONNEX. التصنيف المرجعي: العناية بالبشرة — كريم تفتيح . الوسوم المرجعية: Dark Spots، Even Skin Tone، Moisturizers، Skin Care، Skin Concerns، Sun Care، Sunscreen، Sunscreen Cream.,https://alfouadpharmacies.com/en/products/كريم-بيونكس-وايت-إكسبرت-لتفتيح-الوجه-والرقبة-مع-حماية-spf-30-bionnex-whitexpert,AlFouad Pharmacies,Verify usage rights before commercial publication,غير مثبت,غير مثبت,مرجعي فقط — غير معتمد للنشر التجاري,بيانات مرجعية متاحة؛ يلزم تحقق PM,ضمن الفحص المبدئي
10569740943663,bionnex-whitexpert-eye-contour-cream-15ml,كريم بيونيكس وايت إكسبيرت لتنعيم منطقة محيط العين 15 مل,BIONNEX,العناية بالبشرة,العناية بالبشرة,1,كريم عين ,8648,425,127.5,297.5,,غير متاح لدى المصدر,https://cdn.shopify.com/s/files/1/0935/9550/0847/files/1_-_2026-07-29T110353.220.webp?v=1785312249,منتج كريم بيونيكس وايت إكسبيرت لتنعيم منطقة محيط العين 15 مل من BIONNEX. التصنيف المرجعي: العناية بالبشرة — كريم عين . الوسوم المرجعية: Dark Circles & Puffiness، Eye & Lip، Eye Care، Eye Contour، Fine Lines & Wrinkles، Skin Care، Skin Concerns.,https://alfouadpharmacies.com/en/products/bionnex-whitexpert-eye-contour-cream-15ml,AlFouad Pharmacies,Verify usage rights before commercial publication,غير مثبت,غير مثبت,مرجعي فقط — غير معتمد للنشر التجاري,بيانات مرجعية متاحة؛ يلزم تحقق PM,ضمن الفحص المبدئي
10569735471407,sebium-foaming-gel-moussant-500ml,جل رغوي بيوديرما سيبيوم 500 مل,Bioderma,العناية بالبشرة,العناية بالبشرة,1,بسيط,5326,1199,359.7,839.3,0,متاح لدى المصدر,https://cdn.shopify.com/s/files/1/0935/9550/0847/files/500-510x510.webp?v=1789548239,منتج جل رغوي بيوديرما سيبيوم 500 مل من Bioderma. التصنيف المرجعي: العناية بالبشرة — بسيط. الوسوم المرجعية: Acne & Blemishes، Cleanser، Face Wash، Oily Skin، Skin Care، Skin Concerns.,https://alfouadpharmacies.com/en/products/sebium-foaming-gel-moussant-500ml,AlFouad Pharmacies,Verify usage rights before commercial publication,غير مثبت,غير مثبت,مرجعي فقط — غير معتمد للنشر التجاري,بيانات مرجعية متاحة؛ يلزم تحقق PM,ضمن الفحص المبدئي
10569716105519,starville-acne-cream-get-soap-free-off,كريم ستارفيل لحب الشباب + صابون مجاني,parkville,العناية بالبشرة,العناية بالبشرة,1,بسيط,94264,85,25.5,59.5,,غير متاح لدى المصدر,https://cdn.shopify.com/s/files/1/0935/9550/0847/files/Starville-Acne-Cream-Get-Soap-Free-Off.webp?v=1754299271,منتج كريم ستارفيل لحب الشباب + صابون مجاني من parkville. التصنيف المرجعي: العناية بالبشرة — بسيط. الوسوم المرجعية: Face Offers، Skin Care، starville.,https://alfouadpharmacies.com/en/products/starville-acne-cream-get-soap-free-off,AlFouad Pharmacies,Verify usage rights before commercial publication,غير مثبت,غير مثبت,مرجعي فقط — غير معتمد للنشر التجاري,بيانات مرجعية متاحة؛ يلزم تحقق PM,ضمن الفحص المبدئي
10569826861359,mood-whitening-deodorant-roll-on-50ml-vanilla,مزيل عرق مود وايتنينج رول أون 50 مل برائحة الفانيليا,Mood Roll,العناية بالبشرة,العناية بالبشرة | العناية بالجسم,2,بسيط,96894,80,24,56,119,متاح لدى المصدر,https://cdn.shopify.com/s/files/1/0935/9550/0847/files/Mood-Whitening-Deodorant-Roll-On-50ML-Vanilla.webp?v=1754298621,منتج مزيل عرق مود وايتنينج رول أون 50 مل برائحة الفانيليا من Mood Roll. التصنيف المرجعي: العناية بالبشرة — بسيط. الوسوم المرجعية: Body Care، Body Concerns، Deodrant، Even Skin Tone / Pigmentation، Sensetive Skin.,https://alfouadpharmacies.com/en/products/mood-whitening-deodorant-roll-on-50ml-vanilla,AlFouad Pharmacies,Verify usage rights before commercial publication,غير مثبت,غير مثبت,مرجعي فقط — غير معتمد للنشر التجاري,بيانات مرجعية متاحة؛ يلزم تحقق PM,ضمن الفحص المبدئي
10569738551599,beesline-white-roll-on-50ml-arabian-oud-11-off,بيزلين وايت. رول أون 50 مل عود عطري 1+1 خصم,Beesline,العناية بالبشرة,العناية بالبشرة | العناية بالجسم,2,بسيط,6183,550,165,385,,متاح لدى المصدر,https://cdn.shopify.com/s/files/1/0935/9550/0847/files/Beesline-White.-Roll-On-50ML-Arabian-Oud-11-Off.webp?v=1754298954,منتج بيزلين وايت. رول أون 50 مل عود عطري 1+1 خصم من Beesline. التصنيف المرجعي: العناية بالبشرة — بسيط. الوسوم المرجعية: Body Care، Body Concerns، Deodrant، Even Skin Tone / Pigmentation، Sensetive Skin.,https://alfouadpharmacies.com/en/products/beesline-white-roll-on-50ml-arabian-oud-11-off,AlFouad Pharmacies,Verify usage rights before commercial publication,غير مثبت,غير مثبت,مرجعي فقط — غير معتمد للنشر التجاري,بيانات مرجعية متاحة؛ يلزم تحقق PM,ضمن الفحص المبدئي
12689811046703,bobai-sun-screen-anti-dark-spot-spf50-gel-50gm,جل بوباي واقي الشمس المضاد للبقع الداكنة SPF+50، 50 جم,Bobai,العناية بالبشرة,العناية بالبشرة,1,بسيط,104738,350,105,245,,متاح لدى المصدر,https://cdn.shopify.com/s/files/1/0935/9550/0847/files/29-487622_1200x1200_b94b3252-b06b-4750-8db0-332eadd13534.webp?v=1778156199,منتج جل بوباي واقي الشمس المضاد للبقع الداكنة SPF+50، 50 جم من Bobai. التصنيف المرجعي: العناية بالبشرة — بسيط. الوسوم المرجعية: bobai، Dark Spots، Skin Care، Skin Concerns، SPF 50، Sun Gel، Sunscreen.,https://alfouadpharmacies.com/en/products/bobai-sun-screen-anti-dark-spot-spf50-gel-50gm,AlFouad Pharmacies,Verify usage rights before commercial publication,غير مثبت,غير مثبت,مرجعي فقط — غير معتمد للنشر التجاري,بيانات مرجعية متاحة؛ يلزم تحقق PM,ضمن الفحص المبدئي
12689796825391,eva-collagen-deep-anti-aging-cream-50-50ml,كريم إيفا الكولاجيني العميق المضاد للشيخوخة (50+) 50 مل,AlFouad Pharmacies,العناية بالبشرة,العناية بالبشرة,1,بسيط,108155,250,75,175,,متاح لدى المصدر,https://cdn.shopify.com/s/files/1/0935/9550/0847/files/api6780021cdb376104288581117364423961579246875.webp?v=1771843484,منتج كريم إيفا الكولاجيني العميق المضاد للشيخوخة (50+) 50 مل من AlFouad Pharmacies. التصنيف المرجعي: العناية بالبشرة — بسيط. الوسوم المرجعية: Anti-Aging، Creams، Moisturizers، Skin Care، Skin Concerns.,https://alfouadpharmacies.com/en/products/eva-collagen-deep-anti-aging-cream-50-50ml,AlFouad Pharmacies,Verify usage rights before commercial publication,غير مثبت,غير مثبت,مرجعي فقط — غير معتمد للنشر التجاري,بيانات مرجعية متاحة؛ يلزم تحقق PM,ضمن الفحص المبدئي
12689780998447,starville-whitening-face-mask-1-pc,قناع الوجه المبيض من ستارفيل، قطعة واحدة,parkville,العناية بالبشرة,العناية بالبشرة,1,بسيط,9156,55,16.5,38.5,,متاح لدى المصدر,https://cdn.shopify.com/s/files/1/0935/9550/0847/files/StarvilleWhiteningFaceMask1Pc.webp?v=1771839581,منتج قناع الوجه المبيض من ستارفيل، قطعة واحدة من parkville. التصنيف المرجعي: العناية بالبشرة — بسيط. الوسوم المرجعية: Face Mask، Skin Care، starville، Treatments.,https://alfouadpharmacies.com/en/products/starville-whitening-face-mask-1-pc,AlFouad Pharmacies,Verify usage rights before commercial publication,غير مثبت,غير مثبت,مرجعي فقط — غير معتمد للنشر التجاري,بيانات مرجعية متاحة؛ يلزم تحقق PM,ضمن الفحص المبدئي
12689746592047,eucerin-dermo-purifyer-cleansing-gel-200ml,يوسيرين ديرمو بيوريفاير جل تنظيف 200مل,Eucerin,العناية بالبشرة,العناية بالبشرة,1,غسول ,107740,799,239.7,559.3,0,متاح لدى المصدر,https://cdn.shopify.com/s/files/1/0935/9550/0847/files/Group_1_copy_20.webp?v=1781682764,منتج يوسيرين ديرمو بيوريفاير جل تنظيف 200مل من Eucerin. التصنيف المرجعي: العناية بالبشرة — غسول . الوسوم المرجعية: Acne & Blemishes، Cleanser، Face Wash، Oily Skin، Pores، Skin Care، Skin Concerns.,https://alfouadpharmacies.com/en/products/eucerin-dermo-purifyer-cleansing-gel-200ml,AlFouad Pharmacies,Verify usage rights before commercial publication,غير مثبت,غير مثبت,مرجعي فقط — غير معتمد للنشر التجاري,بيانات مرجعية متاحة؛ يلزم تحقق PM,ضمن الفحص المبدئي
12689723916591,dermaelle-advanc-hyaluron-acid-25-serum-30ml,ديرمايل أدفانك سيروم حمض الهيالورونيك 2.5% 30 مل ,Dermaelle,العناية بالبشرة,العناية بالبشرة,1, سيروم ,112002,330,99,231,,متاح لدى المصدر,https://cdn.shopify.com/s/files/1/0935/9550/0847/files/1_91.webp?v=1782375283,منتج ديرمايل أدفانك سيروم حمض الهيالورونيك 2.5% 30 مل  من Dermaelle. التصنيف المرجعي: العناية بالبشرة —  سيروم . الوسوم المرجعية: Dehydrated Skin، Dryness، Fine Lines & Wrinkles، Serums، Skin Care، Skin Concerns، Treatments.,https://alfouadpharmacies.com/en/products/dermaelle-advanc-hyaluron-acid-25-serum-30ml,AlFouad Pharmacies,Verify usage rights before commercial publication,غير مثبت,غير مثبت,مرجعي فقط — غير معتمد للنشر التجاري,بيانات مرجعية متاحة؛ يلزم تحقق PM,ضمن الفحص المبدئي
12689723851055,dermaelle-advanc-niacinamide-10-serum-30ml,سيروم ديرمايل أدفانس نياسيناميد 10%، 30 مل ,Dermaelle,العناية بالبشرة,العناية بالبشرة,1,بسيط,111999,360,108,252,480,متاح لدى المصدر,https://cdn.shopify.com/s/files/1/0935/9550/0847/files/1_89.webp?v=1782374755,منتج سيروم ديرمايل أدفانس نياسيناميد 10%، 30 مل  من Dermaelle. التصنيف المرجعي: العناية بالبشرة — بسيط. الوسوم المرجعية: Acne & Blemishes، Dark Spots، Dehydrated Skin، Even Skin Tone، Oily Skin، Serums، Skin Care، Skin Concerns.,https://alfouadpharmacies.com/en/products/dermaelle-advanc-niacinamide-10-serum-30ml,AlFouad Pharmacies,Verify usage rights before commercial publication,غير مثبت,غير مثبت,مرجعي فقط — غير معتمد للنشر التجاري,بيانات مرجعية متاحة؛ يلزم تحقق PM,ضمن الفحص المبدئي
12689691607343,garnier-micellar-cleansing-water-100ml,ماء غارنييه الميسيلار لتنظيف البشرة 100 مل,GARNIER,العناية بالبشرة,العناية بالبشرة,1,بسيط,109428,110,33,77,,متاح لدى المصدر,https://cdn.shopify.com/s/files/1/0935/9550/0847/files/GarnierMicellarCleansingWater100ml.webp?v=1771845721,منتج ماء غارنييه الميسيلار لتنظيف البشرة 100 مل من GARNIER. التصنيف المرجعي: العناية بالبشرة — بسيط. الوسوم المرجعية: Cleanser، Makeup Removers، Skin Care.,https://alfouadpharmacies.com/en/products/garnier-micellar-cleansing-water-100ml,AlFouad Pharmacies,Verify usage rights before commercial publication,غير مثبت,غير مثبت,مرجعي فقط — غير معتمد للنشر التجاري,بيانات مرجعية متاحة؛ يلزم تحقق PM,ضمن الفحص المبدئي
10570009116975,vacation-hyaluronic-face-serum-30ml,مصل الوجه بحمض الهيالورونيك من Vacation، 30 مل,vacation,العناية بالبشرة,العناية بالبشرة,1,بسيط,102837,550,165,385,0,متاح لدى المصدر,https://cdn.shopify.com/s/files/1/0935/9550/0847/files/VACATION-HYALURONIC-FACE-SERUM-30ML.webp?v=1754297082,منتج مصل الوجه بحمض الهيالورونيك من Vacation، 30 مل من vacation. التصنيف المرجعي: العناية بالبشرة — بسيط. الوسوم المرجعية: Dehydrated Skin، Fine Lines & Wrinkles، Serums، Skin Care، Skin Concerns، Treatments.,https://alfouadpharmacies.com/en/products/vacation-hyaluronic-face-serum-30ml,AlFouad Pharmacies,Verify usage rights before commercial publication,غير مثبت,غير مثبت,مرجعي فقط — غير معتمد للنشر التجاري,بيانات مرجعية متاحة؛ يلزم تحقق PM,ضمن الفحص المبدئي
10569954361647,eva-skin-clinic-vitamin-c-sheet-mask-3pcs,قناع فيتامين سي من إيفا سكين كلينك، 3 قطع.,AlFouad Pharmacies,العناية بالبشرة,العناية بالبشرة,1,بسيط,112173,100,30,70,,متاح لدى المصدر,https://cdn.shopify.com/s/files/1/0935/9550/0847/files/Eva-Skin-Clinic-Vitamin-C-Sheet-Mask-3PCS.webp?v=1754297610,منتج قناع فيتامين سي من إيفا سكين كلينك، 3 قطع. من AlFouad Pharmacies. التصنيف المرجعي: العناية بالبشرة — بسيط. الوسوم المرجعية: Dark Spots، Dehydrated Skin، Even Skin Tone، Face Mask، Skin Care، Skin Concerns، Treatments.,https://alfouadpharmacies.com/en/products/eva-skin-clinic-vitamin-c-sheet-mask-3pcs,AlFouad Pharmacies,Verify usage rights before commercial publication,غير مثبت,غير مثبت,مرجعي فقط — غير معتمد للنشر التجاري,بيانات مرجعية متاحة؛ يلزم تحقق PM,ضمن الفحص المبدئي
10569825091887,dermaelle-advanc-radiance-boosting-toner-120ml,تونر ديرمايل أدفانس المعزز للإشراق 120 مل ,Dermaelle,العناية بالبشرة,العناية بالبشرة,1,تونر ,112001,159.5,47.85,111.65,230,متاح لدى المصدر,https://cdn.shopify.com/s/files/1/0935/9550/0847/files/1_87.webp?v=1782374271,منتج تونر ديرمايل أدفانس المعزز للإشراق 120 مل  من Dermaelle. التصنيف المرجعي: العناية بالبشرة — تونر . الوسوم المرجعية: Acne & Blemishes، Dehydrated Skin، Even Skin Tone، Sensitive Skin / Redness، Skin Care، Skin Concerns، Toners، Treatments.,https://alfouadpharmacies.com/en/products/dermaelle-advanc-radiance-boosting-toner-120ml,AlFouad Pharmacies,Verify usage rights before commercial publication,غير مثبت,غير مثبت,مرجعي فقط — غير معتمد للنشر التجاري,بيانات مرجعية متاحة؛ يلزم تحقق PM,ضمن الفحص المبدئي
10569813721391,vichy-liftactiv-supreme-eye-corrector-15ml,فيتشي ليفت اكتيف سوبريم كوريكتور للعناية بالعين 15 مل,Vichy,العناية بالبشرة,العناية بالبشرة,1,مقاوم للتجاعيد  ,106480,1100,330,770,,متاح لدى المصدر,https://cdn.shopify.com/s/files/1/0935/9550/0847/files/1_26.webp?v=1780555554,منتج فيتشي ليفت اكتيف سوبريم كوريكتور للعناية بالعين 15 مل من Vichy. التصنيف المرجعي: العناية بالبشرة — مقاوم للتجاعيد  . الوسوم المرجعية: Dark Circles & Puffiness، Eye & Lip، Eye Care، Eye Contour، Fine Lines & Wrinkles، Skin Care، Skin Concerns.,https://alfouadpharmacies.com/en/products/vichy-liftactiv-supreme-eye-corrector-15ml,AlFouad Pharmacies,Verify usage rights before commercial publication,غير مثبت,غير مثبت,مرجعي فقط — غير معتمد للنشر التجاري,بيانات مرجعية متاحة؛ يلزم تحقق PM,ضمن الفحص المبدئي
10569735668015,sebium-h2o-micellar-water-250ml,ماء ميسيلار بيوديرما سيبيوم H2O 250 مل,Bioderma,العناية بالبشرة,العناية بالبشرة,1,بسيط,84483,699,209.7,489.3,0,متاح لدى المصدر,https://cdn.shopify.com/s/files/1/0935/9550/0847/files/Sebium-H2O-Micellar-Water-250ML.webp?v=1754298982,منتج ماء ميسيلار بيوديرما سيبيوم H2O 250 مل من Bioderma. التصنيف المرجعي: العناية بالبشرة — بسيط. الوسوم المرجعية: Acne & Blemishes، Cleanser، Makeup Removers، Oily Skin، Skin Care، Skin Concerns.,https://alfouadpharmacies.com/en/products/sebium-h2o-micellar-water-250ml,AlFouad Pharmacies,Verify usage rights before commercial publication,غير مثبت,غير مثبت,مرجعي فقط — غير معتمد للنشر التجاري,بيانات مرجعية متاحة؛ يلزم تحقق PM,ضمن الفحص المبدئي
10569739796783,beesline-whiteneing-cream-sensetive-zone-50ml,بيزلين كريم تفتيح للمناطق المستهدفة 50 مل,Beesline,العناية بالبشرة,العناية بالبشرة | العناية بالجسم,2,بسيط,95969,699,209.7,489.3,,متاح لدى المصدر,https://cdn.shopify.com/s/files/1/0935/9550/0847/files/Beesline-Whiteneing-Cream-Sensetive-Zone-50ML.webp?v=1754298944,منتج بيزلين كريم تفتيح للمناطق المستهدفة 50 مل من Beesline. التصنيف المرجعي: العناية بالبشرة — بسيط. الوسوم المرجعية: Body Care، Body Concerns، Body Cream، Even Skin Tone / Pigmentation، Sensetive Skin.,https://alfouadpharmacies.com/en/products/beesline-whiteneing-cream-sensetive-zone-50ml,AlFouad Pharmacies,Verify usage rights before commercial publication,غير مثبت,غير مثبت,مرجعي فقط — غير معتمد للنشر التجاري,بيانات مرجعية متاحة؛ يلزم تحقق PM,ضمن الفحص المبدئي
12689797054767,bobai-sunscreen-cream-spf50-tint-50gm-11-off,كريم واقي شمس بوباي SPF50+ مع لون 50 جم، عرض 1+1,Bobai off,العناية بالبشرة,العناية بالبشرة,1,بسيط,12065,225,67.5,157.5,,متاح لدى المصدر,https://cdn.shopify.com/s/files/1/0935/9550/0847/files/BOBAI_Tinted_1plus1_Set_1615x1615_390e8a09-0a21-4c1f-8d59-81b4b7198d7c.webp?v=1771878396,منتج كريم واقي شمس بوباي SPF50+ مع لون 50 جم، عرض 1+1 من Bobai off. التصنيف المرجعي: العناية بالبشرة — بسيط. الوسوم المرجعية: bobai، Skin Care، Skin Concerns، Skincare Offers، Sun Care.,https://alfouadpharmacies.com/en/products/bobai-sunscreen-cream-spf50-tint-50gm-11-off,AlFouad Pharmacies,Verify usage rights before commercial publication,غير مثبت,غير مثبت,مرجعي فقط — غير معتمد للنشر التجاري,بيانات مرجعية متاحة؛ يلزم تحقق PM,ضمن الفحص المبدئي
12689780605231,dermactive-acti-repair-emiollient-extreme-200ml,ديرم اكتيف اكتي-ريبير إيموليانت إكستريم 200 مل,DERMACTIVE,العناية بالبشرة,العناية بالبشرة | العناية بالجسم,2,بسيط,8866,299,89.7,209.3,,متاح لدى المصدر,https://cdn.shopify.com/s/files/1/0935/9550/0847/files/dermactive_acti_repair_emollient_extreme_1615x1615_677de558-5924-49d1-b52a-1087e650f5f7.webp?v=1771748387,منتج ديرم اكتيف اكتي-ريبير إيموليانت إكستريم 200 مل من DERMACTIVE. التصنيف المرجعي: العناية بالبشرة — بسيط. الوسوم المرجعية: Body Care، Body Concerns، Body Cream، Creams، Dry Skin body concerns، Moisturizers، Sensetive Skin، Skin Care.,https://alfouadpharmacies.com/en/products/dermactive-acti-repair-emiollient-extreme-200ml,AlFouad Pharmacies,Verify usage rights before commercial publication,غير مثبت,غير مثبت,مرجعي فقط — غير معتمد للنشر التجاري,بيانات مرجعية متاحة؛ يلزم تحقق PM,ضمن الفحص المبدئي
12689447321903,vacation-unseen-sunscreen-gel-spf50-30ml,جل واقي من الشمس غير مرئي للعطلات بعامل حماية من الشمس 50+، 30 مل,vacation sun,العناية بالبشرة,العناية بالبشرة,1,sunscreen,114542,480,144,336,,متاح لدى المصدر,https://cdn.shopify.com/s/files/1/0935/9550/0847/files/WhatsApp_Image_2026-06-24_at_5.11.34_PM.webp?v=1782310402,منتج جل واقي من الشمس غير مرئي للعطلات بعامل حماية من الشمس 50+، 30 مل من vacation sun. التصنيف المرجعي: العناية بالبشرة — sunscreen. الوسوم المرجعية: Skin Care، SPF 50، Sun Care، sunblock، Sunscreen، Sunscreen Gel Cream.,https://alfouadpharmacies.com/en/products/vacation-unseen-sunscreen-gel-spf50-30ml,AlFouad Pharmacies,Verify usage rights before commercial publication,غير مثبت,غير مثبت,مرجعي فقط — غير معتمد للنشر التجاري,بيانات مرجعية متاحة؛ يلزم تحقق PM,ضمن الفحص المبدئي
10569735078191,photoderm-after-sun-mil-faceamp-body-sensiti-200-ml,كريم جل بيوديرما فوتوديرم لما بعد التعرض للشمس 200 مل,Bioderma,العناية بالبشرة,العناية بالبشرة,1,بسيط,25672,799,239.7,559.3,0,متاح لدى المصدر,https://cdn.shopify.com/s/files/1/0935/9550/0847/files/Photoderm-After-Sun-Mil-Face-Body-Sensiti-200-ml.webp?v=1754298989,منتج كريم جل بيوديرما فوتوديرم لما بعد التعرض للشمس 200 مل من Bioderma. التصنيف المرجعي: العناية بالبشرة — بسيط. الوسوم المرجعية: After Sun، Skin Care، Skin Concerns، Sun Care، Sunscreen.,https://alfouadpharmacies.com/en/products/photoderm-after-sun-mil-faceamp-body-sensiti-200-ml,AlFouad Pharmacies,Verify usage rights before commercial publication,غير مثبت,غير مثبت,مرجعي فقط — غير معتمد للنشر التجاري,بيانات مرجعية متاحة؛ يلزم تحقق PM,ضمن الفحص المبدئي
12689513840943,bioderma-photoderm-cream-spf50-40ml-light-tint,كريم بيوديرما فوتوديرم بعامل حماية من الشمس 50+، 40 مل، لون فاتح,Bioderma,العناية بالبشرة,العناية بالبشرة,1,,114504,999,299.7,699.3,0,متاح لدى المصدر,https://cdn.shopify.com/s/files/1/0935/9550/0847/files/411.webp?v=1779704551,منتج كريم بيوديرما فوتوديرم بعامل حماية من الشمس 50+، 40 مل، لون فاتح من Bioderma. التصنيف المرجعي: العناية بالبشرة. الوسوم المرجعية: Skin Care، Sun Care، sunblock، Sunscreen، Sunscreen Cream، Sunscreen Tinted.,https://alfouadpharmacies.com/en/products/bioderma-photoderm-cream-spf50-40ml-light-tint,AlFouad Pharmacies,Verify usage rights before commercial publication,غير مثبت,غير مثبت,مرجعي فقط — غير معتمد للنشر التجاري,بيانات مرجعية متاحة؛ يلزم تحقق PM,ضمن الفحص المبدئي
12689540841775,one-bond-sensitive-area-deo-spray-100ml-exotica,بخاخ مزيل عرق للمناطق الحساسة من ون بوند، 100 مل، إكزوتيكا,One Bond,العناية بالبشرة,العناية بالبشرة | العناية بالجسم,2,,13137,300,90,210,,متاح لدى المصدر,https://cdn.shopify.com/s/files/1/0935/9550/0847/files/OneBond_Exotica_24H_PureWhite_1615x1615_d3f5b74f-7597-4a0a-bcc4-8047b685d1af.webp?v=1772238157,منتج بخاخ مزيل عرق للمناطق الحساسة من ون بوند، 100 مل، إكزوتيكا من One Bond. التصنيف المرجعي: العناية بالبشرة. الوسوم المرجعية: Body Care، Body Spray، Sensetive Skin.,https://alfouadpharmacies.com/en/products/one-bond-sensitive-area-deo-spray-100ml-exotica,AlFouad Pharmacies,Verify usage rights before commercial publication,غير مثبت,غير مثبت,مرجعي فقط — غير معتمد للنشر التجاري,بيانات مرجعية متاحة؛ يلزم تحقق PM,ضمن الفحص المبدئي
10569720103215,dermactive-acti-white-body-milk-2-in-1-200ml,حليب الجسم ديرم اكتيف اكتي وايت 2 في 1، 200 مل,DERMACTIVE,العناية بالبشرة,العناية بالبشرة | العناية بالجسم,2,بسيط,3098,269,80.7,188.3,,متاح لدى المصدر,https://cdn.shopify.com/s/files/1/0935/9550/0847/files/Dermactive-Acti-White-Body-Milk-2-In-1-200ml.webp?v=1754299221,منتج حليب الجسم ديرم اكتيف اكتي وايت 2 في 1، 200 مل من DERMACTIVE. التصنيف المرجعي: العناية بالبشرة — بسيط. الوسوم المرجعية: Body Care، Body Concerns، Body Milk، Even Skin Tone / Pigmentation.,https://alfouadpharmacies.com/en/products/dermactive-acti-white-body-milk-2-in-1-200ml,AlFouad Pharmacies,Verify usage rights before commercial publication,غير مثبت,غير مثبت,مرجعي فقط — غير معتمد للنشر التجاري,بيانات مرجعية متاحة؛ يلزم تحقق PM,ضمن الفحص المبدئي
12708874813743,فيشي-نورماديرم-تصحيح-مزدوج-50-مل,فيشي نورماديرم دابل كوركشن 50 مل,Vichy,العناية بالبشرة,العناية بالبشرة,1,مرطب ,24363,1000,300,700,,متاح لدى المصدر,https://cdn.shopify.com/s/files/1/0935/9550/0847/files/1_4_d6ad6c58-3dcc-4580-9e13-395b3a47a45c.webp?v=1780472917,منتج فيشي نورماديرم دابل كوركشن 50 مل من Vichy. التصنيف المرجعي: العناية بالبشرة — مرطب . الوسوم المرجعية: 10، Acne & Blemishes، Oily Skin، Skin Care، Treatment Cream.,https://alfouadpharmacies.com/en/products/فيشي-نورماديرم-تصحيح-مزدوج-50-مل,AlFouad Pharmacies,Verify usage rights before commercial publication,غير مثبت,غير مثبت,مرجعي فقط — غير معتمد للنشر التجاري,بيانات مرجعية متاحة؛ يلزم تحقق PM,ضمن الفحص المبدئي
12689809408303,dermactive-acti-repair-soothing-cleans-gel-200ml,جل تنظيف مهدئ ديرم اكتيف اكتي-ريبير 200 مل,DERMACTIVE,العناية بالبشرة,العناية بالبشرة,1,بسيط,9565,199,59.7,139.3,,متاح لدى المصدر,https://cdn.shopify.com/s/files/1/0935/9550/0847/files/dermactive_acti_repair_1615x1615_35a7c020-cb68-472d-b37d-2ffdbefbbafa.webp?v=1771746868,منتج جل تنظيف مهدئ ديرم اكتيف اكتي-ريبير 200 مل من DERMACTIVE. التصنيف المرجعي: العناية بالبشرة — بسيط. الوسوم المرجعية: Cleanser، Dryness، Face Wash، Skin Care، Skin Concerns.,https://alfouadpharmacies.com/en/products/dermactive-acti-repair-soothing-cleans-gel-200ml,AlFouad Pharmacies,Verify usage rights before commercial publication,غير مثبت,غير مثبت,مرجعي فقط — غير معتمد للنشر التجاري,بيانات مرجعية متاحة؛ يلزم تحقق PM,ضمن الفحص المبدئي
12689691574575,garnier-micellar-cleansing-water-400ml,ماء غارنييه لتنظيف البشرة الميكلار 400 مل,GARNIER,العناية بالبشرة,العناية بالبشرة,1,بسيط,109203,360,108,252,,متاح لدى المصدر,https://cdn.shopify.com/s/files/1/0935/9550/0847/files/GarnierMicellarCleansingWater400ml.webp?v=1771845695,منتج ماء غارنييه لتنظيف البشرة الميكلار 400 مل من GARNIER. التصنيف المرجعي: العناية بالبشرة — بسيط. الوسوم المرجعية: Cleanser، Makeup Removers، Skin Care.,https://alfouadpharmacies.com/en/products/garnier-micellar-cleansing-water-400ml,AlFouad Pharmacies,Verify usage rights before commercial publication,غير مثبت,غير مثبت,مرجعي فقط — غير معتمد للنشر التجاري,بيانات مرجعية متاحة؛ يلزم تحقق PM,ضمن الفحص المبدئي
10569742418223,eucerin-hyaluron-filler-day-cream-spf15-50ml,يوسيرين هيالورون فيلر كريم نهار SPF15 50مل,Eucerin,العناية بالبشرة,العناية بالبشرة,1,بسيط,109778,1700,510,1190,0,متاح لدى المصدر,https://cdn.shopify.com/s/files/1/0935/9550/0847/files/Eucerin_Hyaluron-Filler_Day_Cream_SPF15_50ml.webp?v=1789626170,منتج يوسيرين هيالورون فيلر كريم نهار SPF15 50مل من Eucerin. التصنيف المرجعي: العناية بالبشرة — بسيط. الوسوم المرجعية: Anti-Aging، Anti-aging Cream، Day Cream، Fine Lines & Wrinkles، Moisturizers، Skin Care، Skin Concerns.,https://alfouadpharmacies.com/en/products/eucerin-hyaluron-filler-day-cream-spf15-50ml,AlFouad Pharmacies,Verify usage rights before commercial publication,غير مثبت,غير مثبت,مرجعي فقط — غير معتمد للنشر التجاري,بيانات مرجعية متاحة؛ يلزم تحقق PM,ضمن الفحص المبدئي
10569741893935,cerave-sa-smoothing-cleanser-473ml,منظف سيرافي SA لتنعيم البشرة 473 مل,cerave,العناية بالبشرة,العناية بالبشرة,1,بسيط,108645,1050,315,735,,غير متاح لدى المصدر,https://cdn.shopify.com/s/files/1/0935/9550/0847/files/375.webp?v=1780216098,منتج منظف سيرافي SA لتنعيم البشرة 473 مل من cerave. التصنيف المرجعي: العناية بالبشرة — بسيط. الوسوم المرجعية: Cleanser، Dry Skin، Dryness، Face Wash، Skin Care، Skin Concerns.,https://alfouadpharmacies.com/en/products/cerave-sa-smoothing-cleanser-473ml,AlFouad Pharmacies,Verify usage rights before commercial publication,غير مثبت,غير مثبت,مرجعي فقط — غير معتمد للنشر التجاري,بيانات مرجعية متاحة؛ يلزم تحقق PM,ضمن الفحص المبدئي
10569734226223,atoderm-intensive-baume-75ml,بلسم بيوديرما أتوديرم المكثف 75 مل,Bioderma,العناية بالبشرة,العناية بالبشرة | العناية بالجسم,2,بسيط,83696,599,179.7,419.3,0,متاح لدى المصدر,https://cdn.shopify.com/s/files/1/0935/9550/0847/files/Atoderm-Intensive-Baume-75ML.webp?v=1754299002,منتج بلسم بيوديرما أتوديرم المكثف 75 مل من Bioderma. التصنيف المرجعي: العناية بالبشرة — بسيط. الوسوم المرجعية: Body Care، Body Concerns، Body Cream، Dry Skin، Dry Skin body concerns، Dryness، Moisturizer Cream، Moisturizers.,https://alfouadpharmacies.com/en/products/atoderm-intensive-baume-75ml,AlFouad Pharmacies,Verify usage rights before commercial publication,غير مثبت,غير مثبت,مرجعي فقط — غير معتمد للنشر التجاري,بيانات مرجعية متاحة؛ يلزم تحقق PM,ضمن الفحص المبدئي
10569733439791,acm-sebionex-gel-foaming-gel-200ml,إيه سي إم سيبيونيكس جل غسول رغوي – 200 مل,ACM,العناية بالبشرة,العناية بالبشرة,1, غسول الوجه,95611,459,137.7,321.3,,متاح لدى المصدر,https://cdn.shopify.com/s/files/1/0935/9550/0847/files/Group_1_copy_12.webp?v=1781940704,منتج إيه سي إم سيبيونيكس جل غسول رغوي – 200 مل من ACM. التصنيف المرجعي: العناية بالبشرة —  غسول الوجه. الوسوم المرجعية: Acne & Blemishes، Cleanser، Face Wash، Oily Skin، Skin Care، Skin Concerns.,https://alfouadpharmacies.com/en/products/acm-sebionex-gel-foaming-gel-200ml,AlFouad Pharmacies,Verify usage rights before commercial publication,غير مثبت,غير مثبت,مرجعي فقط — غير معتمد للنشر التجاري,بيانات مرجعية متاحة؛ يلزم تحقق PM,ضمن الفحص المبدئي
10569719644463,eva-lip-scrub-wild-rasperry-20gm,مقشر شفاه إيفا بنكهة التوت البري البري 20 جرام,AlFouad Pharmacies,العناية بالبشرة,العناية بالبشرة,1,بسيط,6807,70,21,49,,متاح لدى المصدر,https://cdn.shopify.com/s/files/1/0935/9550/0847/files/Eva-Lip-Scrub-Wild-Rasperry-20gm.webp?v=1754299229,منتج مقشر شفاه إيفا بنكهة التوت البري البري 20 جرام من AlFouad Pharmacies. التصنيف المرجعي: العناية بالبشرة — بسيط. الوسوم المرجعية: Dryness، Eye & Lip، Lip، Lip Scrub، Skin Care، Skin Concerns.,https://alfouadpharmacies.com/en/products/eva-lip-scrub-wild-rasperry-20gm,AlFouad Pharmacies,Verify usage rights before commercial publication,غير مثبت,غير مثبت,مرجعي فقط — غير معتمد للنشر التجاري,بيانات مرجعية متاحة؛ يلزم تحقق PM,ضمن الفحص المبدئي
10569738649903,beesline-white-roll-on-50ml-cool-breeze-11-off,بيزلين وايت. رول أون 50 مل برودة منعشة. عرض 1+1,Beesline,العناية بالبشرة,العناية بالبشرة | العناية بالجسم,2,بسيط,9232,550,165,385,,غير متاح لدى المصدر,https://cdn.shopify.com/s/files/1/0935/9550/0847/files/Beesline-White.-Roll-On-50ML-Cool-Breeze-11-Off.webp?v=1754298953,منتج بيزلين وايت. رول أون 50 مل برودة منعشة. عرض 1+1 من Beesline. التصنيف المرجعي: العناية بالبشرة — بسيط. الوسوم المرجعية: Body Care، Body Concerns، Deodrant، Even Skin Tone / Pigmentation، Sensetive Skin.,https://alfouadpharmacies.com/en/products/beesline-white-roll-on-50ml-cool-breeze-11-off,AlFouad Pharmacies,Verify usage rights before commercial publication,غير مثبت,غير مثبت,مرجعي فقط — غير معتمد للنشر التجاري,بيانات مرجعية متاحة؛ يلزم تحقق PM,ضمن الفحص المبدئي
12689565483311,vichy-liftactiv-pig-specialist-b3-night-cream-50ml,فيشي ليفتاكتيف بيج سبيشاليست كريم ليل بنياسيناميد B3 - 50 مل,Vichy,العناية بالبشرة,العناية بالبشرة,1,anti aging,113303,2200,660,1540,,متاح لدى المصدر,https://cdn.shopify.com/s/files/1/0935/9550/0847/files/Vichy_Liftactiv_Pigment_Specialist_B3_Night_Cream_50ml.webp?v=1789625746,منتج فيشي ليفتاكتيف بيج سبيشاليست كريم ليل بنياسيناميد B3 - 50 مل من Vichy. التصنيف المرجعي: العناية بالبشرة — anti aging. الوسوم المرجعية: 10، Anti-aging Cream، Fine Lines & Wrinkles، Night Creams، Skin Care، Treatment Cream.,https://alfouadpharmacies.com/en/products/vichy-liftactiv-pig-specialist-b3-night-cream-50ml,AlFouad Pharmacies,Verify usage rights before commercial publication,غير مثبت,غير مثبت,مرجعي فقط — غير معتمد للنشر التجاري,بيانات مرجعية متاحة؛ يلزم تحقق PM,ضمن الفحص المبدئي
10569814769967,بخاخ-المياه-الحرارية-المعدنية-من-فيشي-150-مل,بخاخ المياه الحرارية المعدنية من فيشي 150 مل,Vichy,العناية بالبشرة,العناية بالبشرة,1,مياه حراريه ,106481,650,195,455,,غير متاح لدى المصدر,https://cdn.shopify.com/s/files/1/0935/9550/0847/files/vichy_foaad_pattern.webp?v=1778363752,منتج بخاخ المياه الحرارية المعدنية من فيشي 150 مل من Vichy. التصنيف المرجعي: العناية بالبشرة — مياه حراريه . الوسوم المرجعية: Dehydrated Skin، Dry Skin، Dryness، Sensitive Skin / Redness، Skin Care، Skin Concerns، Thermal Water، Treatments.,https://alfouadpharmacies.com/en/products/بخاخ-المياه-الحرارية-المعدنية-من-فيشي-150-مل,AlFouad Pharmacies,Verify usage rights before commercial publication,غير مثبت,غير مثبت,مرجعي فقط — غير معتمد للنشر التجاري,بيانات مرجعية متاحة؛ يلزم تحقق PM,ضمن الفحص المبدئي
10569734357295,bioderma-cicabio-arnica-cream-40ml,كريم بيوديرما سيكابيو ارنيكا 40 مل,Bioderma,العناية بالبشرة,العناية بالبشرة | العناية بالجسم,2,بسيط,5436,820,246,574,0,متاح لدى المصدر,https://cdn.shopify.com/s/files/1/0935/9550/0847/files/Bioderma-Cicabio-Arnica-Cream-40ML.webp?v=1754299000,منتج كريم بيوديرما سيكابيو ارنيكا 40 مل من Bioderma. التصنيف المرجعي: العناية بالبشرة — بسيط. الوسوم المرجعية: Body Care، Body Concerns، Body Cream، Dehydrated Skin، Moisturizer Cream، Moisturizers، Sensetive Skin، Sensitive Skin / Redness.,https://alfouadpharmacies.com/en/products/bioderma-cicabio-arnica-cream-40ml,AlFouad Pharmacies,Verify usage rights before commercial publication,غير مثبت,غير مثبت,مرجعي فقط — غير معتمد للنشر التجاري,بيانات مرجعية متاحة؛ يلزم تحقق PM,ضمن الفحص المبدئي
10569715122479,eva-gold-collagen-night-eye-cream-15ml,كريم إيفا جولد الكولاجيني للعين ليلاً 15 مل,AlFouad Pharmacies,العناية بالبشرة,العناية بالبشرة,1,بسيط,109155,230,69,161,,متاح لدى المصدر,https://cdn.shopify.com/s/files/1/0935/9550/0847/files/Eva-Gold-Collagen-Night-Eye-Cream-15ml.webp?v=1754299291,منتج كريم إيفا جولد الكولاجيني للعين ليلاً 15 مل من AlFouad Pharmacies. التصنيف المرجعي: العناية بالبشرة — بسيط. الوسوم المرجعية: Dark Circles & Puffiness، Eye & Lip، Eye Care، Eye Contour، Skin Care، Skin Concerns.,https://alfouadpharmacies.com/en/products/eva-gold-collagen-night-eye-cream-15ml,AlFouad Pharmacies,Verify usage rights before commercial publication,غير مثبت,غير مثبت,مرجعي فقط — غير معتمد للنشر التجاري,بيانات مرجعية متاحة؛ يلزم تحقق PM,ضمن الفحص المبدئي
12689528127791,bioderma-sebium-gel-moussant-tube-200ml, جل رغوي بيوديرما سيبيوم 200 مل,Bioderma,العناية بالبشرة,العناية بالبشرة,1,غسول ,98922,699,209.7,489.3,0,متاح لدى المصدر,https://cdn.shopify.com/s/files/1/0935/9550/0847/files/sebium-gel-moussant-1-510x510.webp?v=1789548038,منتج  جل رغوي بيوديرما سيبيوم 200 مل من Bioderma. التصنيف المرجعي: العناية بالبشرة — غسول . الوسوم المرجعية: bioderma، Face Wash، Skin Care.,https://alfouadpharmacies.com/en/products/bioderma-sebium-gel-moussant-tube-200ml,AlFouad Pharmacies,Verify usage rights before commercial publication,غير مثبت,غير مثبت,مرجعي فقط — غير معتمد للنشر التجاري,بيانات مرجعية متاحة؛ يلزم تحقق PM,ضمن الفحص المبدئي
10569808478511,uriage-gyn-phy-gel-200-ml,يورياج جين-في جل للعناية بالمناطق الحساسة – 200 مل,URIAGE,العناية بالبشرة,العناية بالبشرة | العناية بالجسم,2,العناية بالمناطق الحساسة,109899,655,196.5,458.5,,متاح لدى المصدر,https://cdn.shopify.com/s/files/1/0935/9550/0847/files/Group_1_67.webp?v=1782051666,منتج يورياج جين-في جل للعناية بالمناطق الحساسة – 200 مل من URIAGE. التصنيف المرجعي: العناية بالبشرة — العناية بالمناطق الحساسة. الوسوم المرجعية: Body Care، Body Concerns، Femming Wash، Intimate Care، Sensetive Skin، Sexual Health، Women’s Health.,https://alfouadpharmacies.com/en/products/uriage-gyn-phy-gel-200-ml,AlFouad Pharmacies,Verify usage rights before commercial publication,غير مثبت,غير مثبت,مرجعي فقط — غير معتمد للنشر التجاري,بيانات مرجعية متاحة؛ يلزم تحقق PM,ضمن الفحص المبدئي
10569739895087,beesline-whitening-intimate-wash-200ml,غسول بيزلين لتفتيح المناطق الحساسة 200 مل,AlFouad Pharmacies,العناية بالبشرة,العناية بالبشرة | العناية بالجسم,2,بسيط,97503,449,134.7,314.3,,متاح لدى المصدر,https://cdn.shopify.com/s/files/1/0935/9550/0847/files/Beesline-Whitening-Intimate-Wash-200ML.webp?v=1754298943,منتج غسول بيزلين لتفتيح المناطق الحساسة 200 مل من AlFouad Pharmacies. التصنيف المرجعي: العناية بالبشرة — بسيط. الوسوم المرجعية: Body Care، Body Concerns، Even Skin Tone / Pigmentation، Femming Wash، Intimate Care، Sensetive Skin، Sexual Health، Women’s Health.,https://alfouadpharmacies.com/en/products/beesline-whitening-intimate-wash-200ml,AlFouad Pharmacies,Verify usage rights before commercial publication,غير مثبت,غير مثبت,مرجعي فقط — غير معتمد للنشر التجاري,بيانات مرجعية متاحة؛ يلزم تحقق PM,ضمن الفحص المبدئي
12689554014511,سيروم-أنوا-النياسيناميد-10-والترانيكساميك-أسيد-4-لتصحيح-البقع-والتصبغات-30-مل,سيروم أنوا النياسيناميد 10% والترانيكساميك أسيد 4% لتصحيح البقع والتصبغات 30 مل,korean product,العناية بالبشرة,العناية بالبشرة | الجمال الكوري,2,سيرم,113874,1800,540,1260,,متاح لدى المصدر,https://cdn.shopify.com/s/files/1/0935/9550/0847/files/anua_niacinamide_ecommerce_standard.webp?v=1771829994,منتج سيروم أنوا النياسيناميد 10% والترانيكساميك أسيد 4% لتصحيح البقع والتصبغات 30 مل من korean product. التصنيف المرجعي: العناية بالبشرة — سيرم. الوسوم المرجعية: Dark Spots، korean product، Pores، Serums، Skin Care، Treatments.,https://alfouadpharmacies.com/en/products/سيروم-أنوا-النياسيناميد-10-والترانيكساميك-أسيد-4-لتصحيح-البقع-والتصبغات-30-مل,AlFouad Pharmacies,Verify usage rights before commercial publication,غير مثبت,غير مثبت,مرجعي فقط — غير معتمد للنشر التجاري,بيانات مرجعية متاحة؛ يلزم تحقق PM,ضمن الفحص المبدئي
10569822535983,dermaelle-solaire-spf50-cream-60ml,كريم ديرمال سولير SPF50 60 مل,Dermaelle,العناية بالبشرة,العناية بالبشرة,1,واقي شمس ,99110,195,58.5,136.5,395,متاح لدى المصدر,https://cdn.shopify.com/s/files/1/0935/9550/0847/files/1_-_2026-06-25T133724.302.webp?v=1782383902,منتج كريم ديرمال سولير SPF50 60 مل من Dermaelle. التصنيف المرجعي: العناية بالبشرة — واقي شمس . الوسوم المرجعية: DERMAELLE OFFERS، Dry Skin، Dryness، Skin Care، Skin Concerns، SPF 50، Sun Care، Sunscreen.,https://alfouadpharmacies.com/en/products/dermaelle-solaire-spf50-cream-60ml,AlFouad Pharmacies,Verify usage rights before commercial publication,غير مثبت,غير مثبت,مرجعي فقط — غير معتمد للنشر التجاري,بيانات مرجعية متاحة؛ يلزم تحقق PM,ضمن الفحص المبدئي
10569809887535,vichy-capital-soleil-antidark-spot-tint-spf50-50ml,فيتشي كابيتال سوليل كريم تظليل مضاد للبقع الداكنة SPF50 50 مل,Vichy,العناية بالبشرة,العناية بالبشرة,1,بسيط,104789,1100,330,770,,متاح لدى المصدر,https://cdn.shopify.com/s/files/1/0935/9550/0847/files/Vichy_Capital_Soleil_Anti-Dark_Spot_Tinted_Sunscreen_SPF50_50ml.webp?v=1789626087,منتج فيتشي كابيتال سوليل كريم تظليل مضاد للبقع الداكنة SPF50 50 مل من Vichy. التصنيف المرجعي: العناية بالبشرة — بسيط. الوسوم المرجعية: Dark Spots، Skin Care، Skin Concerns، SPF 50، Sun Care، Sunscreen، Sunscreen Tinted.,https://alfouadpharmacies.com/en/products/vichy-capital-soleil-antidark-spot-tint-spf50-50ml,AlFouad Pharmacies,Verify usage rights before commercial publication,غير مثبت,غير مثبت,مرجعي فقط — غير معتمد للنشر التجاري,بيانات مرجعية متاحة؛ يلزم تحقق PM,ضمن الفحص المبدئي
10569743728943,isis-teen-derm-gel-sensitive-250ml,ايزيس. جل تين ديرم للبشرة الحساسة 250 مل,isis,العناية بالبشرة,العناية بالبشرة,1,غسول ,110443,675,202.5,472.5,,متاح لدى المصدر,https://cdn.shopify.com/s/files/1/0935/9550/0847/files/1_-_2026-06-30T155753.934.webp?v=1782824298,منتج ايزيس. جل تين ديرم للبشرة الحساسة 250 مل من isis. التصنيف المرجعي: العناية بالبشرة — غسول . الوسوم المرجعية: Acne & Blemishes، Cleanser، Face Wash، Oily Skin، Pores، Skin Care، Skin Concerns.,https://alfouadpharmacies.com/en/products/isis-teen-derm-gel-sensitive-250ml,AlFouad Pharmacies,Verify usage rights before commercial publication,غير مثبت,غير مثبت,مرجعي فقط — غير معتمد للنشر التجاري,بيانات مرجعية متاحة؛ يلزم تحقق PM,ضمن الفحص المبدئي
10569736847663,avene-sun-fluid-spf50-50ml,لوشن واقي من الشمس أفين سائل SPF50+ 50 مل,Avene,العناية بالبشرة,العناية بالبشرة,1,بسيط,104228,1025,307.5,717.5,,متاح لدى المصدر,https://cdn.shopify.com/s/files/1/0935/9550/0847/files/Avene_Sun_Fluid.webp?v=1785740750,منتج لوشن واقي من الشمس أفين سائل SPF50+ 50 مل من Avene. التصنيف المرجعي: العناية بالبشرة — بسيط. الوسوم المرجعية: Oily Skin، Skin Care، Skin Concerns، SPF 50، Sun Care، sunblock، Sunscreen، Sunscreen Fluid.,https://alfouadpharmacies.com/en/products/avene-sun-fluid-spf50-50ml,AlFouad Pharmacies,Verify usage rights before commercial publication,غير مثبت,غير مثبت,مرجعي فقط — غير معتمد للنشر التجاري,بيانات مرجعية متاحة؛ يلزم تحقق PM,ضمن الفحص المبدئي
10569938370863,tetra-glow-sensitive-zone-foam-cleanser-200ml,غسول رغوي لتنظيف المناطق الحساسة من تيترا جلو 200 مل,Tetra Glow,العناية بالبشرة,العناية بالبشرة | العناية بالجسم,2,بسيط,21322,240,72,168,,متاح لدى المصدر,https://cdn.shopify.com/s/files/1/0935/9550/0847/files/Tetra-Glow-Sensitive-Zone-Foam-Cleanser-200ML.webp?v=1754297764,منتج غسول رغوي لتنظيف المناطق الحساسة من تيترا جلو 200 مل من Tetra Glow. التصنيف المرجعي: العناية بالبشرة — بسيط. الوسوم المرجعية: Body Care، Body Concerns، Even Skin Tone / Pigmentation، Femming Wash، Intimate Care، Sensetive Skin، Sexual Health، Women’s Health.,https://alfouadpharmacies.com/en/products/tetra-glow-sensitive-zone-foam-cleanser-200ml,AlFouad Pharmacies,Verify usage rights before commercial publication,غير مثبت,غير مثبت,مرجعي فقط — غير معتمد للنشر التجاري,بيانات مرجعية متاحة؛ يلزم تحقق PM,ضمن الفحص المبدئي
10569802809647,mustela-nursing-comfort-balm-30ml,بلسم استيلاء الراحة للأمهات المرضعات من موستيلا 30 مل,Mustela,العناية بالبشرة,العناية بالبشرة | العناية بالجسم,2,بسيط,95233,1289,386.7,902.3,,متاح لدى المصدر,https://cdn.shopify.com/s/files/1/0935/9550/0847/files/Mustela-Nursing-Comfort-Balm-30ML.webp?v=1754298786,منتج بلسم استيلاء الراحة للأمهات المرضعات من موستيلا 30 مل من Mustela. التصنيف المرجعي: العناية بالبشرة — بسيط. الوسوم المرجعية: Body Care، Body Concerns، Body Cream، Dry Skin body concerns، Sensetive Skin.,https://alfouadpharmacies.com/en/products/mustela-nursing-comfort-balm-30ml,AlFouad Pharmacies,Verify usage rights before commercial publication,غير مثبت,غير مثبت,مرجعي فقط — غير معتمد للنشر التجاري,بيانات مرجعية متاحة؛ يلزم تحقق PM,ضمن الفحص المبدئي
10592540361007,garnier-micellar-cleansing-water-salicylic-400ml,ماء غارنييه ميسيلار المنظف بحمض الساليسيليك 400 مل ,GARNIER,العناية بالبشرة,العناية بالبشرة,1,,113326,350,105,245,,متاح لدى المصدر,https://cdn.shopify.com/s/files/1/0935/9550/0847/files/2025-05-04T122553.907.webp?v=1754296937,منتج ماء غارنييه ميسيلار المنظف بحمض الساليسيليك 400 مل  من GARNIER. التصنيف المرجعي: العناية بالبشرة. الوسوم المرجعية: Makeup Removers، skin، Skin Care، Skin Concerns، Skincare Offers.,https://alfouadpharmacies.com/en/products/garnier-micellar-cleansing-water-salicylic-400ml,AlFouad Pharmacies,Verify usage rights before commercial publication,غير مثبت,غير مثبت,مرجعي فقط — غير معتمد للنشر التجاري,بيانات مرجعية متاحة؛ يلزم تحقق PM,ضمن الفحص المبدئي
10569904029999,loreal-hyaluron-expert-day-cream-50ml,كريم لوريال هاليورون إكسبيرت النهاري 50 مل,LOREAL PCD,العناية بالبشرة,العناية بالبشرة,1,بسيط,25817,545,163.5,381.5,,متاح لدى المصدر,https://cdn.shopify.com/s/files/1/0935/9550/0847/files/Loreal-Hyaluron-Expert-Day-Cream-50ML.webp?v=1754298081,منتج كريم لوريال هاليورون إكسبيرت النهاري 50 مل من LOREAL PCD. التصنيف المرجعي: العناية بالبشرة — بسيط. الوسوم المرجعية: Day Cream، Dehydrated Skin، Moisturizers، Skin Care، Skin Concerns.,https://alfouadpharmacies.com/en/products/loreal-hyaluron-expert-day-cream-50ml,AlFouad Pharmacies,Verify usage rights before commercial publication,غير مثبت,غير مثبت,مرجعي فقط — غير معتمد للنشر التجاري,بيانات مرجعية متاحة؛ يلزم تحقق PM,ضمن الفحص المبدئي
10569823093039,dermaelle-solaire-spf50-light-tint-gel-cream-60ml,كريم جل تان خفيف من ديرمالي، عامل حماية من الشمس 50، 60 مل,Dermaelle,العناية بالبشرة,العناية بالبشرة,1,بسيط,21601,318.75,95.63,223.13,,متاح لدى المصدر,https://cdn.shopify.com/s/files/1/0935/9550/0847/files/dermaelle_solaire_1615_web.webp?v=1788959133,منتج كريم جل تان خفيف من ديرمالي، عامل حماية من الشمس 50، 60 مل من Dermaelle. التصنيف المرجعي: العناية بالبشرة — بسيط. الوسوم المرجعية: Even Skin Tone، Skin Care، Skin Concerns، SPF 50، Sun Care، Sunscreen، Sunscreen Tinted.,https://alfouadpharmacies.com/en/products/dermaelle-solaire-spf50-light-tint-gel-cream-60ml,AlFouad Pharmacies,Verify usage rights before commercial publication,غير مثبت,غير مثبت,مرجعي فقط — غير معتمد للنشر التجاري,بيانات مرجعية متاحة؛ يلزم تحقق PM,ضمن الفحص المبدئي
10589411672367,vacation-whitening-roll-on-50ml-pearl-rose,رول تبييض البشرة برائحة اللؤلؤ والورد، ٥٠ مل ,vacation roll,العناية بالبشرة,العناية بالبشرة | العناية بالجسم,2,,112891,275,82.5,192.5,,متاح لدى المصدر,https://cdn.shopify.com/s/files/1/0935/9550/0847/files/1.jpgVacationWhiteningRoll-On50MLPearl_Rose_1__11zon.webp?v=1790502471,منتج رول تبييض البشرة برائحة اللؤلؤ والورد، ٥٠ مل  من vacation roll. التصنيف المرجعي: العناية بالبشرة. الوسوم المرجعية: Body Care، Deodrant، Even Skin Tone / Pigmentation، Roll-on.,https://alfouadpharmacies.com/en/products/vacation-whitening-roll-on-50ml-pearl-rose,AlFouad Pharmacies,Verify usage rights before commercial publication,غير مثبت,غير مثبت,مرجعي فقط — غير معتمد للنشر التجاري,بيانات مرجعية متاحة؛ يلزم تحقق PM,ضمن الفحص المبدئي
10589398663471,alejon-post-laser-cream-75ml,كريم أليخون بوست ليزر 75 مل,ALEJON,العناية بالبشرة,العناية بالبشرة | العناية بالجسم,2,,24509,240,72,168,,متاح لدى المصدر,https://cdn.shopify.com/s/files/1/0935/9550/0847/files/Alejon-Post-Laser-Cream_1__11zon.webp?v=1789638203,منتج كريم أليخون بوست ليزر 75 مل من ALEJON. التصنيف المرجعي: العناية بالبشرة. الوسوم المرجعية: Body Care، Sensetive Skin.,https://alfouadpharmacies.com/en/products/alejon-post-laser-cream-75ml,AlFouad Pharmacies,Verify usage rights before commercial publication,غير مثبت,غير مثبت,مرجعي فقط — غير معتمد للنشر التجاري,بيانات مرجعية متاحة؛ يلزم تحقق PM,ضمن الفحص المبدئي
10570010558767,eucerin-dermo-purifyer-triple-cleanser-150ml,إيوسيرين منظف ثلاثي لتنظيف البشرة 150 مل,Eucerin,العناية بالبشرة,العناية بالبشرة,1,علاج اثر الحبوب ,112688,805,241.5,563.5,0,متاح لدى المصدر,https://cdn.shopify.com/s/files/1/0935/9550/0847/files/Group_1_copy_22.webp?v=1781685032,منتج إيوسيرين منظف ثلاثي لتنظيف البشرة 150 مل من Eucerin. التصنيف المرجعي: العناية بالبشرة — علاج اثر الحبوب . الوسوم المرجعية: Acne & Blemishes، Face Scrub، Face Wash، Oily Skin.,https://alfouadpharmacies.com/en/products/eucerin-dermo-purifyer-triple-cleanser-150ml,AlFouad Pharmacies,Verify usage rights before commercial publication,غير مثبت,غير مثبت,مرجعي فقط — غير معتمد للنشر التجاري,بيانات مرجعية متاحة؛ يلزم تحقق PM,ضمن الفحص المبدئي
10570009837871,vacation-whitening-roll-on-50ml-original,رول أون تفتيح البشرة في العطلات 50 مل الأصلي,vacation roll,العناية بالبشرة,العناية بالبشرة | العناية بالجسم,2,بسيط,24156,275,82.5,192.5,,متاح لدى المصدر,https://cdn.shopify.com/s/files/1/0935/9550/0847/files/2024-06-13T105955.226.webp?v=1754297075,منتج رول أون تفتيح البشرة في العطلات 50 مل الأصلي من vacation roll. التصنيف المرجعي: العناية بالبشرة — بسيط. الوسوم المرجعية: Body Care، Body Concerns، Deodrant، Even Skin Tone / Pigmentation، Roll-on، Sensetive Skin.,https://alfouadpharmacies.com/en/products/vacation-whitening-roll-on-50ml-original,AlFouad Pharmacies,Verify usage rights before commercial publication,غير مثبت,غير مثبت,مرجعي فقط — غير معتمد للنشر التجاري,بيانات مرجعية متاحة؛ يلزم تحقق PM,ضمن الفحص المبدئي
10569738912047,beesline-white-roll-on-50ml-invisble-touch,بيزلين وايت. رول أون 50 مل لمسة غير مرئية,AlFouad Pharmacies,العناية بالبشرة,العناية بالبشرة | العناية بالجسم,2,بسيط,95936,350,105,245,,متاح لدى المصدر,https://cdn.shopify.com/s/files/1/0935/9550/0847/files/Beesline-White.-Roll-On-50ML-Invisble-Touch.webp?v=1754298949,منتج بيزلين وايت. رول أون 50 مل لمسة غير مرئية من AlFouad Pharmacies. التصنيف المرجعي: العناية بالبشرة — بسيط. الوسوم المرجعية: Body Care، Body Concerns، Deodrant، Even Skin Tone / Pigmentation، Sensetive Skin.,https://alfouadpharmacies.com/en/products/beesline-white-roll-on-50ml-invisble-touch,AlFouad Pharmacies,Verify usage rights before commercial publication,غير مثبت,غير مثبت,مرجعي فقط — غير معتمد للنشر التجاري,بيانات مرجعية متاحة؛ يلزم تحقق PM,ضمن الفحص المبدئي
10569738092847,beesline-spray-150ml-sensitive-zone,بخاخ بيزلين 150 مل للمناطق الحساسة,Beesline,العناية بالبشرة,العناية بالبشرة | العناية بالجسم,2,بسيط,95946,499,149.7,349.3,,غير متاح لدى المصدر,https://cdn.shopify.com/s/files/1/0935/9550/0847/files/Beesline-Spray-150ML-Sensitive-Zone.webp?v=1754298959,منتج بخاخ بيزلين 150 مل للمناطق الحساسة من Beesline. التصنيف المرجعي: العناية بالبشرة — بسيط. الوسوم المرجعية: Body Care، Body Concerns، Body Spray، Deodrant، Even Skin Tone / Pigmentation، Intimate Care، Sensetive Skin.,https://alfouadpharmacies.com/en/products/beesline-spray-150ml-sensitive-zone,AlFouad Pharmacies,Verify usage rights before commercial publication,غير مثبت,غير مثبت,مرجعي فقط — غير معتمد للنشر التجاري,بيانات مرجعية متاحة؛ يلزم تحقق PM,ضمن الفحص المبدئي
12689810850095,dermactive-acti-white-depigmenting-cream-50ml,كريم ديرم اكتيف اكتي وايت لإزالة التصبغات 50 مل,DERMACTIVE,العناية بالبشرة,العناية بالبشرة,1,بسيط,3106,239,71.7,167.3,,متاح لدى المصدر,https://cdn.shopify.com/s/files/1/0935/9550/0847/files/Dermactive_Acti_White_Depigmenting_Cream_1615x1615_4941d18d-67f4-4432-a4ed-7363109e7e3f.webp?v=1771499352,منتج كريم ديرم اكتيف اكتي وايت لإزالة التصبغات 50 مل من DERMACTIVE. التصنيف المرجعي: العناية بالبشرة — بسيط. الوسوم المرجعية: Dark Spots، Serums، Skin Care، Skin Concerns، Treatments.,https://alfouadpharmacies.com/en/products/dermactive-acti-white-depigmenting-cream-50ml,AlFouad Pharmacies,Verify usage rights before commercial publication,غير مثبت,غير مثبت,مرجعي فقط — غير معتمد للنشر التجاري,بيانات مرجعية متاحة؛ يلزم تحقق PM,ضمن الفحص المبدئي
12689797808431,eva-gold-collagen-anti-wrinkle-cream-50ml,كريم إيفا جولد الكولاجيني المضاد للتجاعيد 50 مل,AlFouad Pharmacies,العناية بالبشرة,العناية بالبشرة,1,بسيط,105779,290,87,203,,متاح لدى المصدر,https://cdn.shopify.com/s/files/1/0935/9550/0847/files/51e2zV63zdL._AC_UF894_1000_QL80.webp?v=1771843391,منتج كريم إيفا جولد الكولاجيني المضاد للتجاعيد 50 مل من AlFouad Pharmacies. التصنيف المرجعي: العناية بالبشرة — بسيط. الوسوم المرجعية: Creams، Fine Lines & Wrinkles، Moisturizers، Skin Care، Skin Concerns.,https://alfouadpharmacies.com/en/products/eva-gold-collagen-anti-wrinkle-cream-50ml,AlFouad Pharmacies,Verify usage rights before commercial publication,غير مثبت,غير مثبت,مرجعي فقط — غير معتمد للنشر التجاري,بيانات مرجعية متاحة؛ يلزم تحقق PM,ضمن الفحص المبدئي
10569743794479,isis-teen-derm-k-concentrate-30-ml,إيزيس فارما تين ديرم كيه كونسنتريه للعناية المكثفة بالحبوب والشوائب 30 مل,isis,العناية بالبشرة,العناية بالبشرة,1,كريم ,97561,699,209.7,489.3,,متاح لدى المصدر,https://cdn.shopify.com/s/files/1/0935/9550/0847/files/1_-_2026-06-30T160514.153.webp?v=1782824761,منتج إيزيس فارما تين ديرم كيه كونسنتريه للعناية المكثفة بالحبوب والشوائب 30 مل من isis. التصنيف المرجعي: العناية بالبشرة — كريم . الوسوم المرجعية: Acne & Blemishes، Oily Skin، Pores، Skin Care، Skin Concerns، Treatment Cream، Treatments.,https://alfouadpharmacies.com/en/products/isis-teen-derm-k-concentrate-30-ml,AlFouad Pharmacies,Verify usage rights before commercial publication,غير مثبت,غير مثبت,مرجعي فقط — غير معتمد للنشر التجاري,بيانات مرجعية متاحة؛ يلزم تحقق PM,ضمن الفحص المبدئي
10569740681519,bionnex-rensaderm-repair-serum-control-30ml,مصل بيونيكس رينساديرم الترميمي للتحكم في حب الشباب 30 مل,BIONNEX,العناية بالبشرة,العناية بالبشرة,1,بسيط,88123,455,136.5,318.5,,متاح لدى المصدر,https://cdn.shopify.com/s/files/1/0935/9550/0847/files/1_-_2026-07-29T112518.910.webp?v=1785313613,منتج مصل بيونيكس رينساديرم الترميمي للتحكم في حب الشباب 30 مل من BIONNEX. التصنيف المرجعي: العناية بالبشرة — بسيط. الوسوم المرجعية: Acne & Blemishes، Oily Skin، Pores، Serums، Skin Care، Skin Concerns، Treatments.,https://alfouadpharmacies.com/en/products/bionnex-rensaderm-repair-serum-control-30ml,AlFouad Pharmacies,Verify usage rights before commercial publication,غير مثبت,غير مثبت,مرجعي فقط — غير معتمد للنشر التجاري,بيانات مرجعية متاحة؛ يلزم تحقق PM,ضمن الفحص المبدئي
10569740648751,غسول-بيونكس-بيرفيديرم-جل-رغوي-للبشرة-الدهنية-والمعرضة-للحبوب-200-مل,غسول بيونكس بيرفيديرم جل رغوي للبشرة الدهنية والمعرضة للحبوب 200 مل,BIONNEX,العناية بالبشرة,العناية بالبشرة,1,غسول,103126,415,124.5,290.5,,متاح لدى المصدر,https://cdn.shopify.com/s/files/1/0935/9550/0847/files/1_-_2026-07-29T112529.385.webp?v=1785313550,منتج غسول بيونكس بيرفيديرم جل رغوي للبشرة الدهنية والمعرضة للحبوب 200 مل من BIONNEX. التصنيف المرجعي: العناية بالبشرة — غسول. الوسوم المرجعية: Acne & Blemishes، Cleanser، Face Wash، Oily Skin، Pores، skin، Skin Care، Skin Concerns.,https://alfouadpharmacies.com/en/products/غسول-بيونكس-بيرفيديرم-جل-رغوي-للبشرة-الدهنية-والمعرضة-للحبوب-200-مل,AlFouad Pharmacies,Verify usage rights before commercial publication,غير مثبت,غير مثبت,مرجعي فقط — غير معتمد للنشر التجاري,بيانات مرجعية متاحة؛ يلزم تحقق PM,ضمن الفحص المبدئي
10569739829551,beesline-whitening-cleanser-4x1-150ml,منظف بيزلين لتفتيح البشرة 4 في 1، 150 مل,AlFouad Pharmacies,العناية بالبشرة,العناية بالبشرة,1,بسيط,95937,600,180,420,,متاح لدى المصدر,https://cdn.shopify.com/s/files/1/0935/9550/0847/files/Beesline-Whitening-Cleanser-4X1-150ML.webp?v=1754298943,منتج منظف بيزلين لتفتيح البشرة 4 في 1، 150 مل من AlFouad Pharmacies. التصنيف المرجعي: العناية بالبشرة — بسيط. الوسوم المرجعية: Cleanser، Dark Spots، Face Wash، Oily Skin، Skin Care، Skin Concerns.,https://alfouadpharmacies.com/en/products/beesline-whitening-cleanser-4x1-150ml,AlFouad Pharmacies,Verify usage rights before commercial publication,غير مثبت,غير مثبت,مرجعي فقط — غير معتمد للنشر التجاري,بيانات مرجعية متاحة؛ يلزم تحقق PM,ضمن الفحص المبدئي
10569714794799,raw-african-follicle-booster-eye-lash-edition-15ml,مُعزز بصيلات الرموش الخام الأفريقي، إصدار الرموش، 15 مل,RAW AFRICAN,العناية بالبشرة,العناية بالبشرة,1,بسيط,8738,235,70.5,164.5,,متاح لدى المصدر,https://cdn.shopify.com/s/files/1/0935/9550/0847/files/Raw-African-Follicle-Booster-Eye-Lash-Edition-15ml.webp?v=1754299298,منتج مُعزز بصيلات الرموش الخام الأفريقي، إصدار الرموش، 15 مل من RAW AFRICAN. التصنيف المرجعي: العناية بالبشرة — بسيط. الوسوم المرجعية: Eye & Lip، Eye Care، Lashes Treatment، Skin Care.,https://alfouadpharmacies.com/en/products/raw-african-follicle-booster-eye-lash-edition-15ml,AlFouad Pharmacies,Verify usage rights before commercial publication,غير مثبت,غير مثبت,مرجعي فقط — غير معتمد للنشر التجاري,بيانات مرجعية متاحة؛ يلزم تحقق PM,ضمن الفحص المبدئي
12689528029487,bioderma-photoderm-ar-cream-spf50-30ml,كريم بيوديرما فوتوديرم أر بعامل حماية من الشمس 50+، 30 مل,Bioderma,العناية بالبشرة,العناية بالبشرة,1,,114331,999,299.7,699.3,0,متاح لدى المصدر,https://cdn.shopify.com/s/files/1/0935/9550/0847/files/406.webp?v=1779706089,منتج كريم بيوديرما فوتوديرم أر بعامل حماية من الشمس 50+، 30 مل من Bioderma. التصنيف المرجعي: العناية بالبشرة. الوسوم المرجعية: photoderm، Skin Care، Sunscreen، Sunscreen Tinted.,https://alfouadpharmacies.com/en/products/bioderma-photoderm-ar-cream-spf50-30ml,AlFouad Pharmacies,Verify usage rights before commercial publication,غير مثبت,غير مثبت,مرجعي فقط — غير معتمد للنشر التجاري,بيانات مرجعية متاحة؛ يلزم تحقق PM,ضمن الفحص المبدئي
12689794597167,starville-micller-water-wipes-25-pcs,منديل ستارفيل ميسلر المائي 25 قطعة,parkville,العناية بالبشرة,العناية بالبشرة,1,بسيط,9551,75,22.5,52.5,,متاح لدى المصدر,https://cdn.shopify.com/s/files/1/0935/9550/0847/files/StarvilleMicllerWaterWipes25Pcs.webp?v=1771839519,منتج منديل ستارفيل ميسلر المائي 25 قطعة من parkville. التصنيف المرجعي: العناية بالبشرة — بسيط. الوسوم المرجعية: Beauty & Accessories، Cleanser، Makeup، Makeup Removers، Pores، Skin Care، Skin Concerns، starville.,https://alfouadpharmacies.com/en/products/starville-micller-water-wipes-25-pcs,AlFouad Pharmacies,Verify usage rights before commercial publication,غير مثبت,غير مثبت,مرجعي فقط — غير معتمد للنشر التجاري,بيانات مرجعية متاحة؛ يلزم تحقق PM,ضمن الفحص المبدئي
12689723588911,flourish-goodbye-pimples-skin-serum-30ml,سيروم فلوريش لعلاج حب الشباب 30 مل,flourish,العناية بالبشرة,العناية بالبشرة,1,بسيط,112022,350,105,245,,متاح لدى المصدر,https://cdn.shopify.com/s/files/1/0935/9550/0847/files/61ztH-Lmp9L.webp?v=1772205472,منتج سيروم فلوريش لعلاج حب الشباب 30 مل من flourish. التصنيف المرجعي: العناية بالبشرة — بسيط. الوسوم المرجعية: Acne & Blemishes، Oily Skin، Serums، Skin Care، Skin Concerns، Treatments.,https://alfouadpharmacies.com/en/products/flourish-goodbye-pimples-skin-serum-30ml,AlFouad Pharmacies,Verify usage rights before commercial publication,غير مثبت,غير مثبت,مرجعي فقط — غير معتمد للنشر التجاري,بيانات مرجعية متاحة؛ يلزم تحقق PM,ضمن الفحص المبدئي
10569803759919,uriage-bariederm-cica-cream-40ml,يورياج بارييديرم سيكا كريم لإصلاح وتهدئة البشرة 40 مل,URIAGE,العناية بالبشرة,العناية بالبشرة,1,ترميم البشره ,95241,569,170.7,398.3,,متاح لدى المصدر,https://cdn.shopify.com/s/files/1/0935/9550/0847/files/Group_1_copy_48.webp?v=1782200319,منتج يورياج بارييديرم سيكا كريم لإصلاح وتهدئة البشرة 40 مل من URIAGE. التصنيف المرجعي: العناية بالبشرة — ترميم البشره . الوسوم المرجعية: CICA، Dry Skin، Dryness، Moisturizer Cream، Moisturizers، Sensitive Skin / Redness، Skin Care، Skin Concerns.,https://alfouadpharmacies.com/en/products/uriage-bariederm-cica-cream-40ml,AlFouad Pharmacies,Verify usage rights before commercial publication,غير مثبت,غير مثبت,مرجعي فقط — غير معتمد للنشر التجاري,بيانات مرجعية متاحة؛ يلزم تحقق PM,ضمن الفحص المبدئي
10569740878127,bionnex-the-nordea-retinol-serum-30ml,مصل الريتينول من بيونيكس ذا نورديا 30 مل,BIONNEX,العناية بالبشرة,العناية بالبشرة,1,سيرم ,8599,689,206.7,482.3,,متاح لدى المصدر,https://cdn.shopify.com/s/files/1/0935/9550/0847/files/1_-_2026-07-06T170858.625.webp?v=1783346978,منتج مصل الريتينول من بيونيكس ذا نورديا 30 مل من BIONNEX. التصنيف المرجعي: العناية بالبشرة — سيرم . الوسوم المرجعية: Anti-Aging، Fine Lines & Wrinkles، Serums، Skin Care، Skin Concerns، Treatments.,https://alfouadpharmacies.com/en/products/bionnex-the-nordea-retinol-serum-30ml,AlFouad Pharmacies,Verify usage rights before commercial publication,غير مثبت,غير مثبت,مرجعي فقط — غير معتمد للنشر التجاري,بيانات مرجعية متاحة؛ يلزم تحقق PM,ضمن الفحص المبدئي
10569740747055,مقشر-بيونكس-نورديا-بالأحماض-10-aha-و2-bha-ومستخلص-اللينجونبيري,مقشر بيونكس نورديا بالأحماض 10% AHA و2% BHA ومستخلص اللينجونبيري,BIONNEX,العناية بالبشرة,العناية بالبشرة,1,سيرم,8649,569,170.7,398.3,,متاح لدى المصدر,https://cdn.shopify.com/s/files/1/0935/9550/0847/files/1_-_2026-07-21T141002.518.webp?v=1784632387,منتج مقشر بيونكس نورديا بالأحماض 10% AHA و2% BHA ومستخلص اللينجونبيري من BIONNEX. التصنيف المرجعي: العناية بالبشرة — سيرم. الوسوم المرجعية: Dark Spots، Even Skin Tone، Pores، Serums، Skin Care، Skin Concerns، Treatments.,https://alfouadpharmacies.com/en/products/مقشر-بيونكس-نورديا-بالأحماض-10-aha-و2-bha-ومستخلص-اللينجونبيري,AlFouad Pharmacies,Verify usage rights before commercial publication,غير مثبت,غير مثبت,مرجعي فقط — غير معتمد للنشر التجاري,بيانات مرجعية متاحة؛ يلزم تحقق PM,ضمن الفحص المبدئي
10569736683823,avene-cold-cream-100ml-sensetive-very-dry-skin,كريم أفين للترطيب 100 مل للبشرة الحساسة والجافة جداً,Avene,العناية بالبشرة,العناية بالبشرة,1,بسيط,93927,719,215.7,503.3,,متاح لدى المصدر,https://cdn.shopify.com/s/files/1/0935/9550/0847/files/AveneColdCream_1.webp?v=1785928113,منتج كريم أفين للترطيب 100 مل للبشرة الحساسة والجافة جداً من Avene. التصنيف المرجعي: العناية بالبشرة — بسيط. الوسوم المرجعية: Dry Skin، Dryness، Moisturizer Cream، Moisturizers، Skin Care، Skin Concerns.,https://alfouadpharmacies.com/en/products/avene-cold-cream-100ml-sensetive-very-dry-skin,AlFouad Pharmacies,Verify usage rights before commercial publication,غير مثبت,غير مثبت,مرجعي فقط — غير معتمد للنشر التجاري,بيانات مرجعية متاحة؛ يلزم تحقق PM,ضمن الفحص المبدئي
10569736454447,avene-cicalfate-lips-balm-10ml,بلسم شفاه أفين سيكالفات 10 مل,Avene,العناية بالبشرة,العناية بالبشرة,1,بسيط,81108,619,185.7,433.3,,متاح لدى المصدر,https://cdn.shopify.com/s/files/1/0935/9550/0847/files/AveneCicalfateLipsBalm10ml.webp?v=1785927916,منتج بلسم شفاه أفين سيكالفات 10 مل من Avene. التصنيف المرجعي: العناية بالبشرة — بسيط. الوسوم المرجعية: Dryness، Eye & Lip، Lip، Lip Balm، Skin Care، Skin Concerns.,https://alfouadpharmacies.com/en/products/avene-cicalfate-lips-balm-10ml,AlFouad Pharmacies,Verify usage rights before commercial publication,غير مثبت,غير مثبت,مرجعي فقط — غير معتمد للنشر التجاري,بيانات مرجعية متاحة؛ يلزم تحقق PM,ضمن الفحص المبدئي
10569736093999,sensibio-forte-cream-40-ml,كريم بيوديرما سينسيبيو فورتي 40 مل,Bioderma,العناية بالبشرة,العناية بالبشرة,1,بسيط,83027,899,269.7,629.3,0,متاح لدى المصدر,https://cdn.shopify.com/s/files/1/0935/9550/0847/files/Sensibio-Forte-Cream-40-ml.webp?v=1754298979,منتج كريم بيوديرما سينسيبيو فورتي 40 مل من Bioderma. التصنيف المرجعي: العناية بالبشرة — بسيط. الوسوم المرجعية: Dehydrated Skin، Moisturizer Cream، Moisturizers، Sensitive Skin / Redness، Skin Care، Skin Concerns.,https://alfouadpharmacies.com/en/products/sensibio-forte-cream-40-ml,AlFouad Pharmacies,Verify usage rights before commercial publication,غير مثبت,غير مثبت,مرجعي فقط — غير معتمد للنشر التجاري,بيانات مرجعية متاحة؛ يلزم تحقق PM,ضمن الفحص المبدئي
10569719677231,eva-skin-clinic-hyaluronic-lip-serum-10ml,مصل شفاه حمض الهيالورونيك من إيفا سكين كلينيك 10 مل,AlFouad Pharmacies,العناية بالبشرة,العناية بالبشرة,1,بسيط,110697,230,69,161,,متاح لدى المصدر,https://cdn.shopify.com/s/files/1/0935/9550/0847/files/Eva-Skin-Clinic-Hyaluronic-Lip-Serum-10ml.webp?v=1754299228,منتج مصل شفاه حمض الهيالورونيك من إيفا سكين كلينيك 10 مل من AlFouad Pharmacies. التصنيف المرجعي: العناية بالبشرة — بسيط. الوسوم المرجعية: Dryness، Eye & Lip، Lip، Lip Balm، Skin Care، Skin Concerns.,https://alfouadpharmacies.com/en/products/eva-skin-clinic-hyaluronic-lip-serum-10ml,AlFouad Pharmacies,Verify usage rights before commercial publication,غير مثبت,غير مثبت,مرجعي فقط — غير معتمد للنشر التجاري,بيانات مرجعية متاحة؛ يلزم تحقق PM,ضمن الفحص المبدئي
10569714172207,alejon-sunscreen-spray-spf50-250ml,بخاخ واقي من الشمس أليجون SPF50+ 250 مل,ALEJON sun,العناية بالبشرة,العناية بالبشرة,1,بسيط,21763,575,172.5,402.5,,غير متاح لدى المصدر,https://cdn.shopify.com/s/files/1/0935/9550/0847/files/Alejon-Sunscreen-Spray-SPF50-250ml.webp?v=1754299310,منتج بخاخ واقي من الشمس أليجون SPF50+ 250 مل من ALEJON sun. التصنيف المرجعي: العناية بالبشرة — بسيط. الوسوم المرجعية: Skin Care، Skin Concerns، Sun Care، Sunscreen، Sunscreen Spray.,https://alfouadpharmacies.com/en/products/alejon-sunscreen-spray-spf50-250ml,AlFouad Pharmacies,Verify usage rights before commercial publication,غير مثبت,غير مثبت,مرجعي فقط — غير معتمد للنشر التجاري,بيانات مرجعية متاحة؛ يلزم تحقق PM,ضمن الفحص المبدئي
10569737896239,beesline-spray-150ml-beauty-pearl,بخاخ بيزلين 150 مل لؤلؤة الجمال,Beesline,العناية بالبشرة,العناية بالبشرة | العناية بالجسم,2,بسيط,94700,350,105,245,,غير متاح لدى المصدر,https://cdn.shopify.com/s/files/1/0935/9550/0847/files/Beesline-Spray-150ML-Beauty-Pearl.webp?v=1754298961,منتج بخاخ بيزلين 150 مل لؤلؤة الجمال من Beesline. التصنيف المرجعي: العناية بالبشرة — بسيط. الوسوم المرجعية: Body Care، Body Concerns، Body Spray، Deodrant، Even Skin Tone / Pigmentation.,https://alfouadpharmacies.com/en/products/beesline-spray-150ml-beauty-pearl,AlFouad Pharmacies,Verify usage rights before commercial publication,غير مثبت,غير مثبت,مرجعي فقط — غير معتمد للنشر التجاري,بيانات مرجعية متاحة؛ يلزم تحقق PM,ضمن الفحص المبدئي
12689809867055,shaan-facial-cleanser-250ml,منظف الوجه شان 250 مل,shaan,العناية بالبشرة,العناية بالبشرة,1,بسيط,92531,175,52.5,122.5,,متاح لدى المصدر,https://cdn.shopify.com/s/files/1/0935/9550/0847/files/ShaanFacialCleanser250ml.webp?v=1771841054,منتج منظف الوجه شان 250 مل من shaan. التصنيف المرجعي: العناية بالبشرة — بسيط. الوسوم المرجعية: Cleanser، Dark Spots، Face Wash، shaan، Skin Care، Skin Concerns.,https://alfouadpharmacies.com/en/products/shaan-facial-cleanser-250ml,AlFouad Pharmacies,Verify usage rights before commercial publication,غير مثبت,غير مثبت,مرجعي فقط — غير معتمد للنشر التجاري,بيانات مرجعية متاحة؛ يلزم تحقق PM,ضمن الفحص المبدئي
12689798463791,bobai-sun-screen-lotion-spf45-120ml-11-free-offer,لوشن واقي من الشمس بوباي SPF45 120 مل 1+1 عرض ترويجي,Bobai off,العناية بالبشرة,العناية بالبشرة,1,بسيط,21810,250,75,175,500,متاح لدى المصدر,https://cdn.shopify.com/s/files/1/0935/9550/0847/files/Untitled-1k.webp?v=1771843075,منتج لوشن واقي من الشمس بوباي SPF45 120 مل 1+1 عرض ترويجي من Bobai off. التصنيف المرجعي: العناية بالبشرة — بسيط. الوسوم المرجعية: bobai، Bundle، Skin Care، Skin Concerns، Skincare Offers، Sun Care.,https://alfouadpharmacies.com/en/products/bobai-sun-screen-lotion-spf45-120ml-11-free-offer,AlFouad Pharmacies,Verify usage rights before commercial publication,غير مثبت,غير مثبت,مرجعي فقط — غير معتمد للنشر التجاري,بيانات مرجعية متاحة؛ يلزم تحقق PM,ضمن الفحص المبدئي
12689746723119,cerave-hydrating-cleanser-dry-skin-473ml,منظف سيرافي المرطب (للبشرة الجافة) 473 مل,cerave,العناية بالبشرة,العناية بالبشرة,1,بسيط,16063,960,288,672,,متاح لدى المصدر,https://cdn.shopify.com/s/files/1/0935/9550/0847/files/4_36.webp?v=1785227733,منتج منظف سيرافي المرطب (للبشرة الجافة) 473 مل من cerave. التصنيف المرجعي: العناية بالبشرة — بسيط. الوسوم المرجعية: 10، Cleanser، Dry Skin، Dryness، Face Wash، Skin Care، Skin Concerns.,https://alfouadpharmacies.com/en/products/cerave-hydrating-cleanser-dry-skin-473ml,AlFouad Pharmacies,Verify usage rights before commercial publication,غير مثبت,غير مثبت,مرجعي فقط — غير معتمد للنشر التجاري,بيانات مرجعية متاحة؛ يلزم تحقق PM,ضمن الفحص المبدئي
12689539858735,leylak-deep-moisturizing-gel-100ml,ليلك جل الترطيب العميق 100 مل,AlFouad Pharmacies,العناية بالبشرة,العناية بالبشرة,1,,11426,329,98.7,230.3,,متاح لدى المصدر,https://cdn.shopify.com/s/files/1/0935/9550/0847/files/Leylak_Moisturizing_Gel_100ml_1615x1615_151c2595-abec-4ff7-b67d-bef16d4797b2.webp?v=1772350561,منتج ليلك جل الترطيب العميق 100 مل من AlFouad Pharmacies. التصنيف المرجعي: العناية بالبشرة. الوسوم المرجعية: Dehydrated Skin، Hydro-gel، Moisturizer Gel، Oily Skin، Skin Care.,https://alfouadpharmacies.com/en/products/leylak-deep-moisturizing-gel-100ml,AlFouad Pharmacies,Verify usage rights before commercial publication,غير مثبت,غير مثبت,مرجعي فقط — غير معتمد للنشر التجاري,بيانات مرجعية متاحة؛ يلزم تحقق PM,ضمن الفحص المبدئي
10587530494255,dermactive-acti-repair-soothing-cream-200ml,كريم ديرم اكتيف اكتي-ريبير المهدئ 200 مل,DERMACTIVE,العناية بالبشرة,العناية بالبشرة | العناية بالجسم,2,,112520,299,89.7,209.3,,متاح لدى المصدر,https://cdn.shopify.com/s/files/1/0935/9550/0847/files/DERMACTIVEACTI-REPAIRSMOOTHINGCREAM200ML-ZYNAH.webp?v=1754296963,منتج كريم ديرم اكتيف اكتي-ريبير المهدئ 200 مل من DERMACTIVE. التصنيف المرجعي: العناية بالبشرة. الوسوم المرجعية: Body Care، Moisturizers، Skin Care.,https://alfouadpharmacies.com/en/products/dermactive-acti-repair-soothing-cream-200ml,AlFouad Pharmacies,Verify usage rights before commercial publication,غير مثبت,غير مثبت,مرجعي فقط — غير معتمد للنشر التجاري,بيانات مرجعية متاحة؛ يلزم تحقق PM,ضمن الفحص المبدئي
10570010919215,neutrogena-spot-controlling-daily-serum-30ml,مصل نيتروجينا المضاد للبقع اليومي 30 مل,Neutrogena,العناية بالبشرة,العناية بالبشرة,1,بسيط,112833,470,141,329,,متاح لدى المصدر,https://cdn.shopify.com/s/files/1/0935/9550/0847/files/Neutrogena-Spot-Controlling-Daily-Serum-30ML.webp?v=1754297064,منتج مصل نيتروجينا المضاد للبقع اليومي 30 مل من Neutrogena. التصنيف المرجعي: العناية بالبشرة — بسيط. الوسوم المرجعية: Acne & Blemishes، Oily Skin، Pores، Serums، Skin Care، Skin Concerns، Treatments.,https://alfouadpharmacies.com/en/products/neutrogena-spot-controlling-daily-serum-30ml,AlFouad Pharmacies,Verify usage rights before commercial publication,غير مثبت,غير مثبت,مرجعي فقط — غير معتمد للنشر التجاري,بيانات مرجعية متاحة؛ يلزم تحقق PM,ضمن الفحص المبدئي
10569910386991,nivea-double-effect-eye-make-up-remover-125ml,مزيل مكياج العيون نيڤيا ذو التأثير المزدوج 125 مل,AlFouad Pharmacies,العناية بالبشرة,العناية بالبشرة,1,بسيط,105397,300,90,210,,متاح لدى المصدر,https://cdn.shopify.com/s/files/1/0935/9550/0847/files/Nivea-Double-Effect-Eye-Make-Up-Remover-125ML.webp?v=1754298002,منتج مزيل مكياج العيون نيڤيا ذو التأثير المزدوج 125 مل من AlFouad Pharmacies. التصنيف المرجعي: العناية بالبشرة — بسيط. الوسوم المرجعية: Cleanser، Makeup Removers، Skin Care.,https://alfouadpharmacies.com/en/products/nivea-double-effect-eye-make-up-remover-125ml,AlFouad Pharmacies,Verify usage rights before commercial publication,غير مثبت,غير مثبت,مرجعي فقط — غير معتمد للنشر التجاري,بيانات مرجعية متاحة؛ يلزم تحقق PM,ضمن الفحص المبدئي
10569906028847,luna-glycerin-perfume-free-soap-72gm,صابون لونا الغليسرين الخالي من العطور 72 جرام,AlFouad Pharmacies,العناية بالبشرة,العناية بالبشرة,1,بسيط,12829,39,11.7,27.3,,غير متاح لدى المصدر,https://cdn.shopify.com/s/files/1/0935/9550/0847/files/Luna-Glycerin-Perfume-Free-Soap-72GM.webp?v=1754298061,منتج صابون لونا الغليسرين الخالي من العطور 72 جرام من AlFouad Pharmacies. التصنيف المرجعي: العناية بالبشرة — بسيط. الوسوم المرجعية: Cleanser، Dryness، Face Soap، Skin Care، Skin Concerns.,https://alfouadpharmacies.com/en/products/luna-glycerin-perfume-free-soap-72gm,AlFouad Pharmacies,Verify usage rights before commercial publication,غير مثبت,غير مثبت,مرجعي فقط — غير معتمد للنشر التجاري,بيانات مرجعية متاحة؛ يلزم تحقق PM,ضمن الفحص المبدئي
10569903767855,loreal-glycolic-bright-cleanser-foam-100ml,رغوة منظفة لتفتيح البشرة غنية بحمض الغليكوليك من لوريال 100 مل,LOREAL PCD,العناية بالبشرة,العناية بالبشرة,1,بسيط,97870,230,69,161,,متاح لدى المصدر,https://cdn.shopify.com/s/files/1/0935/9550/0847/files/Loreal-Glycolic-Bright-Cleanser-Foam-100ML.webp?v=1754298085,منتج رغوة منظفة لتفتيح البشرة غنية بحمض الغليكوليك من لوريال 100 مل من LOREAL PCD. التصنيف المرجعي: العناية بالبشرة — بسيط. الوسوم المرجعية: Cleanser، Dark Spots، Face Wash، Skin Care، Skin Concerns.,https://alfouadpharmacies.com/en/products/loreal-glycolic-bright-cleanser-foam-100ml,AlFouad Pharmacies,Verify usage rights before commercial publication,غير مثبت,غير مثبت,مرجعي فقط — غير معتمد للنشر التجاري,بيانات مرجعية متاحة؛ يلزم تحقق PM,ضمن الفحص المبدئي
10569810084143,vichy-capital-soleil-dry-touch-fluid-tint-spf50-50ml,فيتشي كابيتال سوليل فلوييد تينت خفيف الملمس SPF50 50 مل,Vichy,العناية بالبشرة,العناية بالبشرة,1,صن بلوك,109107,1110,333,777,,متاح لدى المصدر,https://cdn.shopify.com/s/files/1/0935/9550/0847/files/1_38.webp?v=1780565217,منتج فيتشي كابيتال سوليل فلوييد تينت خفيف الملمس SPF50 50 مل من Vichy. التصنيف المرجعي: العناية بالبشرة — صن بلوك. الوسوم المرجعية: 10، Oily Skin، Skin Care، Skin Concerns، SPF 50، Sun Care، Sunscreen، Sunscreen Tinted.,https://alfouadpharmacies.com/en/products/vichy-capital-soleil-dry-touch-fluid-tint-spf50-50ml,AlFouad Pharmacies,Verify usage rights before commercial publication,غير مثبت,غير مثبت,مرجعي فقط — غير معتمد للنشر التجاري,بيانات مرجعية متاحة؛ يلزم تحقق PM,ضمن الفحص المبدئي
10569809625391,uriage-xemose-syndet-200-ml,يورياج زيموز غسول لطيف للبشرة شديدة الجفاف 200 مل,URIAGE,العناية بالبشرة,العناية بالبشرة,1,غسول ,86864,799,239.7,559.3,,متاح لدى المصدر,https://cdn.shopify.com/s/files/1/0935/9550/0847/files/Group_1_copy_31_1022cfcb-71cc-443a-b85f-74c3498fa22f.webp?v=1782037091,منتج يورياج زيموز غسول لطيف للبشرة شديدة الجفاف 200 مل من URIAGE. التصنيف المرجعي: العناية بالبشرة — غسول . الوسوم المرجعية: Cleanser، Dry Skin، Dryness، Face Wash، Skin Care، Skin Concerns.,https://alfouadpharmacies.com/en/products/uriage-xemose-syndet-200-ml,AlFouad Pharmacies,Verify usage rights before commercial publication,غير مثبت,غير مثبت,مرجعي فقط — غير معتمد للنشر التجاري,بيانات مرجعية متاحة؛ يلزم تحقق PM,ضمن الفحص المبدئي
10569804841263,uriage-depiderm-wheit-mousse100ml,يورياج ديبيديرم كريم رغوي منظف ومفتح للبشرة,URIAGE,العناية بالبشرة,العناية بالبشرة,1,غسول,103672,579,173.7,405.3,,متاح لدى المصدر,https://cdn.shopify.com/s/files/1/0935/9550/0847/files/Group_1_copy_44.webp?v=1782196912,منتج يورياج ديبيديرم كريم رغوي منظف ومفتح للبشرة من URIAGE. التصنيف المرجعي: العناية بالبشرة — غسول. الوسوم المرجعية: Cleanser، Dark Spots، Even Skin Tone، Face Wash، Skin Care، Skin Concerns.,https://alfouadpharmacies.com/en/products/uriage-depiderm-wheit-mousse100ml,AlFouad Pharmacies,Verify usage rights before commercial publication,غير مثبت,غير مثبت,مرجعي فقط — غير معتمد للنشر التجاري,بيانات مرجعية متاحة؛ يلزم تحقق PM,ضمن الفحص المبدئي
10569745858863,la-roche-effaclar-micellar-water-200ml,ماء ميسيلار لا روتش إيفاكلار 200 مل,La Roch Possay,العناية بالبشرة,العناية بالبشرة,1,بسيط,102799,770,231,539,,متاح لدى المصدر,https://cdn.shopify.com/s/files/1/0935/9550/0847/files/00000000_38993fd4-b20c-4ea6-9bb9-2d7307a6c77e.webp?v=1781933764,منتج ماء ميسيلار لا روتش إيفاكلار 200 مل من La Roch Possay. التصنيف المرجعي: العناية بالبشرة — بسيط. الوسوم المرجعية: 10، Cleanser، Makeup Removers، Oily Skin، Pores، Skin Care، Skin Concerns، Toners.,https://alfouadpharmacies.com/en/products/la-roche-effaclar-micellar-water-200ml,AlFouad Pharmacies,Verify usage rights before commercial publication,غير مثبت,غير مثبت,مرجعي فقط — غير معتمد للنشر التجاري,بيانات مرجعية متاحة؛ يلزم تحقق PM,ضمن الفحص المبدئي
10569740124463,disaar-vitamin-c-face-serum-30ml,مصل فيتامين سي للوجه من ديزار 30 مل,AlFouad Pharmacies,العناية بالبشرة,العناية بالبشرة,1,بسيط,10967,180,54,126,,متاح لدى المصدر,https://cdn.shopify.com/s/files/1/0935/9550/0847/files/Disaar-Vitamin-C-Face-Serum-30ML-4138.webp?v=1754298940,منتج مصل فيتامين سي للوجه من ديزار 30 مل من AlFouad Pharmacies. التصنيف المرجعي: العناية بالبشرة — بسيط. الوسوم المرجعية: Dark Spots، Fine Lines & Wrinkles، Serums، Skin Care، Skin Concerns، Treatments.,https://alfouadpharmacies.com/en/products/disaar-vitamin-c-face-serum-30ml,AlFouad Pharmacies,Verify usage rights before commercial publication,غير مثبت,غير مثبت,مرجعي فقط — غير معتمد للنشر التجاري,بيانات مرجعية متاحة؛ يلزم تحقق PM,ضمن الفحص المبدئي
10569734258991,atoderm-intensive-gel-moussant-200ml,بيوديرما أتوديرم جل موسانت مكثف 200 مل,Bioderma,العناية بالبشرة,العناية بالبشرة,1,بسيط,91204,749,224.7,524.3,0,متاح لدى المصدر,https://cdn.shopify.com/s/files/1/0935/9550/0847/files/Atoderm-Intensive-Gel-Moussant-200ML.webp?v=1754299001,منتج بيوديرما أتوديرم جل موسانت مكثف 200 مل من Bioderma. التصنيف المرجعي: العناية بالبشرة — بسيط. الوسوم المرجعية: Cleanser، Dry Skin، Dryness، Face Wash، Skin Care، Skin Concerns.,https://alfouadpharmacies.com/en/products/atoderm-intensive-gel-moussant-200ml,AlFouad Pharmacies,Verify usage rights before commercial publication,غير مثبت,غير مثبت,مرجعي فقط — غير معتمد للنشر التجاري,بيانات مرجعية متاحة؛ يلزم تحقق PM,ضمن الفحص المبدئي
12689539137839,uriage-hyseac-cleansing-gel-500ml,يورياج هيسياك جل منظف للبشرة الدهنية 500 مل,URIAGE,العناية بالبشرة,العناية بالبشرة,1,غسول,114411,1199,359.7,839.3,,متاح لدى المصدر,https://cdn.shopify.com/s/files/1/0935/9550/0847/files/Group_1_copy_43.webp?v=1782137904,منتج يورياج هيسياك جل منظف للبشرة الدهنية 500 مل من URIAGE. التصنيف المرجعي: العناية بالبشرة — غسول. الوسوم المرجعية: Acne & Blemishes، Cleanser، Oily Skin، Skin Care.,https://alfouadpharmacies.com/en/products/uriage-hyseac-cleansing-gel-500ml,AlFouad Pharmacies,Verify usage rights before commercial publication,غير مثبت,غير مثبت,مرجعي فقط — غير معتمد للنشر التجاري,بيانات مرجعية متاحة؛ يلزم تحقق PM,ضمن الفحص المبدئي
12689539170607,uriage-cica-daily-serum-30ml,سيروم يورياج سيكا اليومي 30 مل,URIAGE,العناية بالبشرة,العناية بالبشرة,1,Face Serum,114412,1559,467.7,1091.3,,متاح لدى المصدر,https://cdn.shopify.com/s/files/1/0935/9550/0847/files/Group_1_62.webp?v=1782040503,منتج سيروم يورياج سيكا اليومي 30 مل من URIAGE. التصنيف المرجعي: العناية بالبشرة — Face Serum. الوسوم المرجعية: CICA، Serums، Skin Care.,https://alfouadpharmacies.com/en/products/uriage-cica-daily-serum-30ml,AlFouad Pharmacies,Verify usage rights before commercial publication,غير مثبت,غير مثبت,مرجعي فقط — غير معتمد للنشر التجاري,بيانات مرجعية متاحة؛ يلزم تحقق PM,ضمن الفحص المبدئي
12972630901039,soralone-cica-nano-spray-100ml,سورالون سيكا نانو بخاخ العناية بالبشرة 100 مل,Soralone,العناية بالبشرة,العناية بالبشرة,1,بخاخ العناية بالبشرة,115591,475,142.5,332.5,,متاح لدى المصدر,https://cdn.shopify.com/s/files/1/0935/9550/0847/files/SORALONECICANANOSPRAY100ML2.webp?v=1772539301,منتج سورالون سيكا نانو بخاخ العناية بالبشرة 100 مل من Soralone. التصنيف المرجعي: العناية بالبشرة — بخاخ العناية بالبشرة. الوسوم المرجعية: Body Spray، Sensetive Skin، Sensitive Skin / Redness، Treatments.,https://alfouadpharmacies.com/en/products/soralone-cica-nano-spray-100ml,AlFouad Pharmacies,Verify usage rights before commercial publication,غير مثبت,غير مثبت,مرجعي فقط — غير معتمد للنشر التجاري,بيانات مرجعية متاحة؛ يلزم تحقق PM,ضمن الفحص المبدئي
12689513480495,dermaelle-advanc-glycolic-acid-10-serum-30-ml,سيروم ديرمايل أدفانس بحمض الجليكوليك 10%، 30 مل,Dermaelle,العناية بالبشرة,العناية بالبشرة,1,Face Serum,114291,382.5,114.75,267.75,,متاح لدى المصدر,https://cdn.shopify.com/s/files/1/0935/9550/0847/files/1_79.webp?v=1782370164,منتج سيروم ديرمايل أدفانس بحمض الجليكوليك 10%، 30 مل من Dermaelle. التصنيف المرجعي: العناية بالبشرة — Face Serum. الوسوم المرجعية: Dark Spots، Even Skin Tone / Pigmentation، Serums.,https://alfouadpharmacies.com/en/products/dermaelle-advanc-glycolic-acid-10-serum-30-ml,AlFouad Pharmacies,Verify usage rights before commercial publication,غير مثبت,غير مثبت,مرجعي فقط — غير معتمد للنشر التجاري,بيانات مرجعية متاحة؛ يلزم تحقق PM,ضمن الفحص المبدئي
10569823289647,dermaelle-hyaluwhite-body-lotion-200ml,لوشن ديرمايل هايالووايت للجسم 200 مل,Dermaelle,العناية بالبشرة,العناية بالبشرة | العناية بالجسم,2,لوشن,30620,243.75,73.13,170.63,,متاح لدى المصدر,https://cdn.shopify.com/s/files/1/0935/9550/0847/files/1_98.webp?v=1782380241,منتج لوشن ديرمايل هايالووايت للجسم 200 مل من Dermaelle. التصنيف المرجعي: العناية بالبشرة — لوشن. الوسوم المرجعية: Body Care، Body Concerns، Body Lotion، Dry Skin body concerns، Even Skin Tone / Pigmentation، Sensetive Skin.,https://alfouadpharmacies.com/en/products/dermaelle-hyaluwhite-body-lotion-200ml,AlFouad Pharmacies,Verify usage rights before commercial publication,غير مثبت,غير مثبت,مرجعي فقط — غير معتمد للنشر التجاري,بيانات مرجعية متاحة؛ يلزم تحقق PM,ضمن الفحص المبدئي
10569738682671,beesline-white-roll-on-50ml-cotton-candy-11-off,بيزلين وايت. رول أون 50 مل، كوتون كاندي، عرض 1+1 مجاناً,Beesline,العناية بالبشرة,العناية بالبشرة | العناية بالجسم,2,بسيط,30112,550,165,385,,غير متاح لدى المصدر,https://cdn.shopify.com/s/files/1/0935/9550/0847/files/Beesline-White.-Roll-On-50ML-Cotton-Candy-11-Off.webp?v=1754298952,منتج بيزلين وايت. رول أون 50 مل، كوتون كاندي، عرض 1+1 مجاناً من Beesline. التصنيف المرجعي: العناية بالبشرة — بسيط. الوسوم المرجعية: Body Care، Body Concerns، Deodrant، Even Skin Tone / Pigmentation، Sensetive Skin.,https://alfouadpharmacies.com/en/products/beesline-white-roll-on-50ml-cotton-candy-11-off,AlFouad Pharmacies,Verify usage rights before commercial publication,غير مثبت,غير مثبت,مرجعي فقط — غير معتمد للنشر التجاري,بيانات مرجعية متاحة؛ يلزم تحقق PM,ضمن الفحص المبدئي
12708934385967,vichy-liftactiv-hyaluronic-night-cream-50ml,فيشي ليفتاكتيف كريم ليل بالهيالورونيك 50 مل,Vichy,العناية بالبشرة,العناية بالبشرة,1,مضاد للتجاعيد ,106479,1700,510,1190,,غير متاح لدى المصدر,https://cdn.shopify.com/s/files/1/0935/9550/0847/files/1_27.webp?v=1780556329,منتج فيشي ليفتاكتيف كريم ليل بالهيالورونيك 50 مل من Vichy. التصنيف المرجعي: العناية بالبشرة — مضاد للتجاعيد . الوسوم المرجعية: Anti-Aging، Anti-aging Cream، Creams، Fine Lines & Wrinkles، Night Creams، Skin Care.,https://alfouadpharmacies.com/en/products/vichy-liftactiv-hyaluronic-night-cream-50ml,AlFouad Pharmacies,Verify usage rights before commercial publication,غير مثبت,غير مثبت,مرجعي فقط — غير معتمد للنشر التجاري,بيانات مرجعية متاحة؛ يلزم تحقق PM,ضمن الفحص المبدئي
12689810096431,shaan-moisturizing-cream-120gm,كريم شائين المرطب 120 جرام,shaan,العناية بالبشرة,العناية بالبشرة,1,بسيط,88155,175,52.5,122.5,,متاح لدى المصدر,https://cdn.shopify.com/s/files/1/0935/9550/0847/files/ShaanMoisturizingCream120gm.webp?v=1771841031,منتج كريم شائين المرطب 120 جرام من shaan. التصنيف المرجعي: العناية بالبشرة — بسيط. الوسوم المرجعية: Creams، Dryness، Moisturizers، shaan، Skin Care، Skin Concerns.,https://alfouadpharmacies.com/en/products/shaan-moisturizing-cream-120gm,AlFouad Pharmacies,Verify usage rights before commercial publication,غير مثبت,غير مثبت,مرجعي فقط — غير معتمد للنشر التجاري,بيانات مرجعية متاحة؛ يلزم تحقق PM,ضمن الفحص المبدئي
12689809965359,bobai-sunscreen-oil-defense-fluid-spf50-75ml,لوشن واقي من الشمس بوباي للوجه ذو القوة الواقية العالية SPF50+ 75 مل,Bobai,العناية بالبشرة,العناية بالبشرة,1,بسيط,13642,375,112.5,262.5,,متاح لدى المصدر,https://cdn.shopify.com/s/files/1/0935/9550/0847/files/bobai_oil_defense_fluid_1615x1615_a5c6f295-6b83-4fd6-8424-aa713276000f.webp?v=1790844660,منتج لوشن واقي من الشمس بوباي للوجه ذو القوة الواقية العالية SPF50+ 75 مل من Bobai. التصنيف المرجعي: العناية بالبشرة — بسيط. الوسوم المرجعية: bobai، Skin Care، Skin Concerns، SPF 50، Sun Care، Sunscreen، Sunscreen Fluid.,https://alfouadpharmacies.com/en/products/bobai-sunscreen-oil-defense-fluid-spf50-75ml,AlFouad Pharmacies,Verify usage rights before commercial publication,غير مثبت,غير مثبت,مرجعي فقط — غير معتمد للنشر التجاري,بيانات مرجعية متاحة؛ يلزم تحقق PM,ضمن الفحص المبدئي
12689809309999,shaan-lip-balm-5gm,بلسم شفتين شان 5 غرام,shaan,العناية بالبشرة,العناية بالبشرة,1,بسيط,29180,100,30,70,,متاح لدى المصدر,https://cdn.shopify.com/s/files/1/0935/9550/0847/files/ShaanLipBalm5gm.webp?v=1771841126,منتج بلسم شفتين شان 5 غرام من shaan. التصنيف المرجعي: العناية بالبشرة — بسيط. الوسوم المرجعية: Dryness، Eye & Lip، Lip، Lip Balm، shaan، Skin Care، Skin Concerns.,https://alfouadpharmacies.com/en/products/shaan-lip-balm-5gm,AlFouad Pharmacies,Verify usage rights before commercial publication,غير مثبت,غير مثبت,مرجعي فقط — غير معتمد للنشر التجاري,بيانات مرجعية متاحة؛ يلزم تحقق PM,ضمن الفحص المبدئي
10569904095535,loreal-hyaluron-expert-eye-cream-15ml,كريم لوريال هاليورون إكسبيرت للعين 15 مل,LOREAL PCD,العناية بالبشرة,العناية بالبشرة,1,بسيط,25694,325,97.5,227.5,,متاح لدى المصدر,https://cdn.shopify.com/s/files/1/0935/9550/0847/files/Loreal-Hyaluron-Expert-Eye-Cream-15ML.webp?v=1754298080,منتج كريم لوريال هاليورون إكسبيرت للعين 15 مل من LOREAL PCD. التصنيف المرجعي: العناية بالبشرة — بسيط. الوسوم المرجعية: Dark Circles & Puffiness، Eye & Lip، Eye Care، Eye Contour، Skin Care، Skin Concerns.,https://alfouadpharmacies.com/en/products/loreal-hyaluron-expert-eye-cream-15ml,AlFouad Pharmacies,Verify usage rights before commercial publication,غير مثبت,غير مثبت,مرجعي فقط — غير معتمد للنشر التجاري,بيانات مرجعية متاحة؛ يلزم تحقق PM,ضمن الفحص المبدئي
10569808937263,uriage-hyseac-sun-protection-fluide-50-spf-50-ml,لوشن حماية من الشمس يورياج هايسيك، 50 مل، عامل حماية من الشمس 50.,URIAGE,العناية بالبشرة,العناية بالبشرة,1,واقي شمس,103972,1175,352.5,822.5,,متاح لدى المصدر,https://cdn.shopify.com/s/files/1/0935/9550/0847/files/Group_1_copy_36.webp?v=1782043454,منتج لوشن حماية من الشمس يورياج هايسيك، 50 مل، عامل حماية من الشمس 50. من URIAGE. التصنيف المرجعي: العناية بالبشرة — واقي شمس. الوسوم المرجعية: Acne & Blemishes، Day Cream، Moisturizer Cream، Moisturizers، Oily Skin، Skin Care، Skin Concerns، SPF 50.,https://alfouadpharmacies.com/en/products/uriage-hyseac-sun-protection-fluide-50-spf-50-ml,AlFouad Pharmacies,Verify usage rights before commercial publication,غير مثبت,غير مثبت,مرجعي فقط — غير معتمد للنشر التجاري,بيانات مرجعية متاحة؛ يلزم تحقق PM,ضمن الفحص المبدئي
10569743368495,isis-neotone-lightening-eye-contour-15ml,آيسيس. نيونتون لإزالة الهالات السوداء حول العين 15 مل,isis,العناية بالبشرة,العناية بالبشرة,1,بسيط,24163,819,245.7,573.3,,متاح لدى المصدر,https://cdn.shopify.com/s/files/1/0935/9550/0847/files/Isis.-Neotone-Lightening-Eye-Contour-15ML.webp?v=1754298886,منتج آيسيس. نيونتون لإزالة الهالات السوداء حول العين 15 مل من isis. التصنيف المرجعي: العناية بالبشرة — بسيط. الوسوم المرجعية: Dark Circles & Puffiness، Eye & Lip، Eye Care، Eye Contour، Skin Care، Skin Concerns.,https://alfouadpharmacies.com/en/products/isis-neotone-lightening-eye-contour-15ml,AlFouad Pharmacies,Verify usage rights before commercial publication,غير مثبت,غير مثبت,مرجعي فقط — غير معتمد للنشر التجاري,بيانات مرجعية متاحة؛ يلزم تحقق PM,ضمن الفحص المبدئي
12689780277551,shaan-body-milk-vanilla-coconut-300ml,حليب الجسم شان بالفانيليا وجوز الهند 300 مل,shaan,العناية بالبشرة,العناية بالبشرة | العناية بالجسم,2,بسيط,13959,250,75,175,,متاح لدى المصدر,https://cdn.shopify.com/s/files/1/0935/9550/0847/files/ShaanBodyMilkVanillaCoconut300ml.webp?v=1771841369,منتج حليب الجسم شان بالفانيليا وجوز الهند 300 مل من shaan. التصنيف المرجعي: العناية بالبشرة — بسيط. الوسوم المرجعية: Body Care، Body Concerns، Body Milk، Dry Skin body concerns، Sensetive Skin، shaan.,https://alfouadpharmacies.com/en/products/shaan-body-milk-vanilla-coconut-300ml,AlFouad Pharmacies,Verify usage rights before commercial publication,غير مثبت,غير مثبت,مرجعي فقط — غير معتمد للنشر التجاري,بيانات مرجعية متاحة؛ يلزم تحقق PM,ضمن الفحص المبدئي
12689564205359,beesline-rad-bri-underarm-serum-150ml-silky-touch,سيروم بيزلاين راد بري لمنطقة الإبطين 150 مل، ملمس حريري,Beesline,العناية بالبشرة,العناية بالبشرة | العناية بالجسم,2,,111904,500,150,350,,متاح لدى المصدر,https://cdn.shopify.com/s/files/1/0935/9550/0847/files/BEESLINE_UNDERARM_SERUM_PURPLE_1615x1615_63a7a800-28b5-4b94-8c41-1ba6a94c0058.webp?v=1771877509,منتج سيروم بيزلاين راد بري لمنطقة الإبطين 150 مل، ملمس حريري من Beesline. التصنيف المرجعي: العناية بالبشرة. الوسوم المرجعية: Body Care، Body Spray، Deodrant، Even Skin Tone / Pigmentation، Sensetive Skin.,https://alfouadpharmacies.com/en/products/beesline-rad-bri-underarm-serum-150ml-silky-touch,AlFouad Pharmacies,Verify usage rights before commercial publication,غير مثبت,غير مثبت,مرجعي فقط — غير معتمد للنشر التجاري,بيانات مرجعية متاحة؛ يلزم تحقق PM,ضمن الفحص المبدئي
12689810489647,glamylab-purifying-foam-cleanser-150ml,غسول رغوي لتنظيف البشرة من جلاميلاب 150 مل,Glamy Lab,العناية بالبشرة,العناية بالبشرة,1,بسيط,,285,85.5,199.5,,متاح لدى المصدر,https://cdn.shopify.com/s/files/1/0935/9550/0847/files/GlamyLab_Purifying_Foam_Cleanser_1615x1615_a833f9b3-4513-4f2d-8687-28987869f2d1.webp?v=1771840895,منتج غسول رغوي لتنظيف البشرة من جلاميلاب 150 مل من Glamy Lab. التصنيف المرجعي: العناية بالبشرة — بسيط. الوسوم المرجعية: Cleanser، Face Wash، glamylab، Oily Skin، Skin Care، Skin Concerns.,https://alfouadpharmacies.com/en/products/glamylab-purifying-foam-cleanser-150ml,AlFouad Pharmacies,Verify usage rights before commercial publication,غير مثبت,غير مثبت,مرجعي فقط — غير معتمد للنشر التجاري,بيانات مرجعية متاحة؛ يلزم تحقق PM,ضمن الفحص المبدئي
12689588781359,flourish-facial-cleansing-foam-200ml,رغوة تنظيف الوجه فلوريش 200 مل,flourish,العناية بالبشرة,العناية بالبشرة,1,بسيط,112925,250,75,175,,متاح لدى المصدر,https://cdn.shopify.com/s/files/1/0935/9550/0847/files/Flourish-lactic-acid-facial-cleansing-foam-2.webp?v=1772206038,منتج رغوة تنظيف الوجه فلوريش 200 مل من flourish. التصنيف المرجعي: العناية بالبشرة — بسيط. الوسوم المرجعية: Cleanser، Dehydrated Skin، Dryness، Face Wash، Sensitive Skin / Redness، Skin Care، Skin Concerns.,https://alfouadpharmacies.com/en/products/flourish-facial-cleansing-foam-200ml,AlFouad Pharmacies,Verify usage rights before commercial publication,غير مثبت,غير مثبت,مرجعي فقط — غير معتمد للنشر التجاري,بيانات مرجعية متاحة؛ يلزم تحقق PM,ضمن الفحص المبدئي
10569745596719,la-roche-effaclar-foaming-gel-refill-400ml,جل لا روتش إيفاكلار الرغوي (إعادة تعبئة) 400 مل,La Roch Possay,العناية بالبشرة,العناية بالبشرة,1,غسول ,14934,1000,300,700,,متاح لدى المصدر,https://cdn.shopify.com/s/files/1/0935/9550/0847/files/Group_1_24.webp?v=1781936940,منتج جل لا روتش إيفاكلار الرغوي (إعادة تعبئة) 400 مل من La Roch Possay. التصنيف المرجعي: العناية بالبشرة — غسول . الوسوم المرجعية: Acne & Blemishes، Cleanser، Face Wash، La roche، Oily Skin، Pores، Skin Care، Skin Concerns.,https://alfouadpharmacies.com/en/products/la-roche-effaclar-foaming-gel-refill-400ml,AlFouad Pharmacies,Verify usage rights before commercial publication,غير مثبت,غير مثبت,مرجعي فقط — غير معتمد للنشر التجاري,بيانات مرجعية متاحة؛ يلزم تحقق PM,ضمن الفحص المبدئي
10569742745903,eucerin-sensitive-protect-sun-cream-spf50-50ml,كريم واقي من الشمس Eucerin Sensitive Protect SPF50+ 50 مل,Eucerin,العناية بالبشرة,العناية بالبشرة,1,وااقي شمس ,19188,1100,330,770,0,متاح لدى المصدر,https://cdn.shopify.com/s/files/1/0935/9550/0847/files/Group_1_52_a02095c3-5304-463b-a843-807df6631306.webp?v=1781944427,منتج كريم واقي من الشمس Eucerin Sensitive Protect SPF50+ 50 مل من Eucerin. التصنيف المرجعي: العناية بالبشرة — وااقي شمس . الوسوم المرجعية: eucerin، Sensitive Skin / Redness، Skin Care، Skin Concerns، SPF 50، Sun Care، Sunscreen، Sunscreen Cream.,https://alfouadpharmacies.com/en/products/eucerin-sensitive-protect-sun-cream-spf50-50ml,AlFouad Pharmacies,Verify usage rights before commercial publication,غير مثبت,غير مثبت,مرجعي فقط — غير معتمد للنشر التجاري,بيانات مرجعية متاحة؛ يلزم تحقق PM,ضمن الفحص المبدئي
10569740812591,سيروم-بيونكس-نورديا-كافيين-5-ومستخلص-الأنجليكا-لمحيط-العين-30-مل,سيروم بيونكس نورديا كافيين 5% ومستخلص الأنجليكا لمحيط العين 30 مل,BIONNEX,العناية بالبشرة,العناية بالبشرة,1,سيرم ,8608,569,170.7,398.3,,متاح لدى المصدر,https://cdn.shopify.com/s/files/1/0935/9550/0847/files/1_-_2026-07-21T141824.655.webp?v=1784632735,منتج سيروم بيونكس نورديا كافيين 5% ومستخلص الأنجليكا لمحيط العين 30 مل من BIONNEX. التصنيف المرجعي: العناية بالبشرة — سيرم . الوسوم المرجعية: Dark Circles & Puffiness، Eye & Lip، Eye Care، Eye Contour Serum، Skin Care، Skin Concerns.,https://alfouadpharmacies.com/en/products/سيروم-بيونكس-نورديا-كافيين-5-ومستخلص-الأنجليكا-لمحيط-العين-30-مل,AlFouad Pharmacies,Verify usage rights before commercial publication,غير مثبت,غير مثبت,مرجعي فقط — غير معتمد للنشر التجاري,بيانات مرجعية متاحة؛ يلزم تحقق PM,ضمن الفحص المبدئي
10569736061231,sensibio-eye-gel-contour-15ml-anti-puffiness,جل بيوديرما سينسيبيو للعينين 15 مل مضاد للانتفاخ,Bioderma,العناية بالبشرة,العناية بالبشرة,1,بسيط,93614,849,254.7,594.3,0,متاح لدى المصدر,https://cdn.shopify.com/s/files/1/0935/9550/0847/files/Sensibio-Eye-Gel-Contour-15ML-Anti-puffiness.webp?v=1754298979,منتج جل بيوديرما سينسيبيو للعينين 15 مل مضاد للانتفاخ من Bioderma. التصنيف المرجعي: العناية بالبشرة — بسيط. الوسوم المرجعية: Dark Circles & Puffiness، Eye & Lip، Eye Care، Eye Contour، Skin Care، Skin Concerns.,https://alfouadpharmacies.com/en/products/sensibio-eye-gel-contour-15ml-anti-puffiness,AlFouad Pharmacies,Verify usage rights before commercial publication,غير مثبت,غير مثبت,مرجعي فقط — غير معتمد للنشر التجاري,بيانات مرجعية متاحة؛ يلزم تحقق PM,ضمن الفحص المبدئي
10569714827567,eva-acne-prone-sheet-mask-3-pcs,قناع إيفا للوجه من 3 قطع، مخصص للبشرة المعرضة لحب الشباب.,AlFouad Pharmacies,العناية بالبشرة,العناية بالبشرة,1,بسيط,5838,120,36,84,,متاح لدى المصدر,https://cdn.shopify.com/s/files/1/0935/9550/0847/files/Eva-Acne-Prone-Sheet-Mask-3-Pcs.webp?v=1754299298,منتج قناع إيفا للوجه من 3 قطع، مخصص للبشرة المعرضة لحب الشباب. من AlFouad Pharmacies. التصنيف المرجعي: العناية بالبشرة — بسيط. الوسوم المرجعية: Acne & Blemishes، Face Mask، Skin Care، Skin Concerns، Treatments.,https://alfouadpharmacies.com/en/products/eva-acne-prone-sheet-mask-3-pcs,AlFouad Pharmacies,Verify usage rights before commercial publication,غير مثبت,غير مثبت,مرجعي فقط — غير معتمد للنشر التجاري,بيانات مرجعية متاحة؛ يلزم تحقق PM,ضمن الفحص المبدئي
12689780375855,shaan-body-milk-tulip-rose-300ml,حليب الجسم شان، توليب روز، 300 مل,shaan,العناية بالبشرة,العناية بالبشرة | العناية بالجسم,2,بسيط,13640,250,75,175,,متاح لدى المصدر,https://cdn.shopify.com/s/files/1/0935/9550/0847/files/ShaanBodyMilkTulipRose300ml.webp?v=1771841342,منتج حليب الجسم شان، توليب روز، 300 مل من shaan. التصنيف المرجعي: العناية بالبشرة — بسيط. الوسوم المرجعية: Body Care، Body Concerns، Body Milk، Dry Skin body concerns، Sensetive Skin، shaan.,https://alfouadpharmacies.com/en/products/shaan-body-milk-tulip-rose-300ml,AlFouad Pharmacies,Verify usage rights before commercial publication,غير مثبت,غير مثبت,مرجعي فقط — غير معتمد للنشر التجاري,بيانات مرجعية متاحة؛ يلزم تحقق PM,ضمن الفحص المبدئي
10569825190191,mood-whitening-deodorant-roll-on-50ml-bali,مزيل عرق بالي لتفتيح المزاج، رول أون، 50 مل,Mood Roll,العناية بالبشرة,العناية بالبشرة | العناية بالجسم,2,بسيط,93752,80,24,56,119,متاح لدى المصدر,https://cdn.shopify.com/s/files/1/0935/9550/0847/files/Mood-Whitening-Deodorant-Roll-On-50ML-Bali.webp?v=1754298629,منتج مزيل عرق بالي لتفتيح المزاج، رول أون، 50 مل من Mood Roll. التصنيف المرجعي: العناية بالبشرة — بسيط. الوسوم المرجعية: Body Care، Body Concerns، Deodrant، Even Skin Tone / Pigmentation، Roll-on، Sensetive Skin.,https://alfouadpharmacies.com/en/products/mood-whitening-deodorant-roll-on-50ml-bali,AlFouad Pharmacies,Verify usage rights before commercial publication,غير مثبت,غير مثبت,مرجعي فقط — غير معتمد للنشر التجاري,بيانات مرجعية متاحة؛ يلزم تحقق PM,ضمن الفحص المبدئي
12689553391919,dr-althea-345-relife-cream-50ml,كريم دكتور ألثيا 345 ريليف 50 مل ,korean product,العناية بالبشرة,العناية بالبشرة | الجمال الكوري,2,,113951,1800,540,1260,,متاح لدى المصدر,https://cdn.shopify.com/s/files/1/0935/9550/0847/files/dr_althea_345_relief_cream_ecommerce_standard.webp?v=1771833708,منتج كريم دكتور ألثيا 345 ريليف 50 مل  من korean product. التصنيف المرجعي: العناية بالبشرة. الوسوم المرجعية: Fine Lines & Wrinkles، korean product، Moisturizer Cream، Moisturizers، Sensetive Skin، Skin Care.,https://alfouadpharmacies.com/en/products/dr-althea-345-relife-cream-50ml,AlFouad Pharmacies,Verify usage rights before commercial publication,غير مثبت,غير مثبت,مرجعي فقط — غير معتمد للنشر التجاري,بيانات مرجعية متاحة؛ يلزم تحقق PM,ضمن الفحص المبدئي
10570014359855,shaan-make-up-remover-200ml,مزيل مكياج شان 200 مل,shaan,العناية بالبشرة,العناية بالبشرة,1,بسيط,112091,220,66,154,,غير متاح لدى المصدر,https://cdn.shopify.com/s/files/1/0935/9550/0847/files/Shaan_Makeup_Remover-1.webp?v=1754297017,منتج مزيل مكياج شان 200 مل من shaan. التصنيف المرجعي: العناية بالبشرة — بسيط. الوسوم المرجعية: Cleanser، Makeup Removers، Sensitive Skin / Redness، shaan، Skin Care، Skin Concerns.,https://alfouadpharmacies.com/en/products/shaan-make-up-remover-200ml,AlFouad Pharmacies,Verify usage rights before commercial publication,غير مثبت,غير مثبت,مرجعي فقط — غير معتمد للنشر التجاري,بيانات مرجعية متاحة؛ يلزم تحقق PM,ضمن الفحص المبدئي
10569907110191,luna-sunscreen-taning-gel-130ml-off-20,جل التسمير الواقي من الشمس لونا 130 مل، خصم 20%,AlFouad Pharmacies,العناية بالبشرة,العناية بالبشرة,1,بسيط,13013,240,72,168,,غير متاح لدى المصدر,https://cdn.shopify.com/s/files/1/0935/9550/0847/files/Luna-Sunscreen-Taning-Gel-130ML-off-20.webp?v=1754298049,منتج جل التسمير الواقي من الشمس لونا 130 مل، خصم 20% من AlFouad Pharmacies. التصنيف المرجعي: العناية بالبشرة — بسيط. الوسوم المرجعية: Skin Care، Skin Concerns، Sun Care، Sun Tan، Sunscreen.,https://alfouadpharmacies.com/en/products/luna-sunscreen-taning-gel-130ml-off-20,AlFouad Pharmacies,Verify usage rights before commercial publication,غير مثبت,غير مثبت,مرجعي فقط — غير معتمد للنشر التجاري,بيانات مرجعية متاحة؛ يلزم تحقق PM,ضمن الفحص المبدئي
10569809494319,uriage-xemose-face-cream-40-ml-dryampsensitive,كريم يورياج زيموز للوجه 40 مل للبشرة الجافة والحساسة,URIAGE,العناية بالبشرة,العناية بالبشرة,1,ترطيب ,33421,799,239.7,559.3,,غير متاح لدى المصدر,https://cdn.shopify.com/s/files/1/0935/9550/0847/files/Uriage_Xemose_Cream_200ml.webp?v=1790672055,منتج كريم يورياج زيموز للوجه 40 مل للبشرة الجافة والحساسة من URIAGE. التصنيف المرجعي: العناية بالبشرة — ترطيب . الوسوم المرجعية: Dry Skin، Dryness، Moisturizer Cream، Moisturizers، Skin Care، Skin Concerns.,https://alfouadpharmacies.com/en/products/uriage-xemose-face-cream-40-ml-dryampsensitive,AlFouad Pharmacies,Verify usage rights before commercial publication,غير مثبت,غير مثبت,مرجعي فقط — غير معتمد للنشر التجاري,بيانات مرجعية متاحة؛ يلزم تحقق PM,ضمن الفحص المبدئي
10569808412975,uriage-eau-thermale-water-sleeping-mask-50g,يورياج أو ثيرمال ماسك النوم المرطب بالماء,URIAGE,العناية بالبشرة,العناية بالبشرة,1,ماسك ليلي ,29178,799,239.7,559.3,,متاح لدى المصدر,https://cdn.shopify.com/s/files/1/0935/9550/0847/files/Group_1_copy_37.webp?v=1782044819,منتج يورياج أو ثيرمال ماسك النوم المرطب بالماء من URIAGE. التصنيف المرجعي: العناية بالبشرة — ماسك ليلي . الوسوم المرجعية: Dryness، Face Mask، Sensitive Skin / Redness، Skin Care، Skin Concerns، Treatments.,https://alfouadpharmacies.com/en/products/uriage-eau-thermale-water-sleeping-mask-50g,AlFouad Pharmacies,Verify usage rights before commercial publication,غير مثبت,غير مثبت,مرجعي فقط — غير معتمد للنشر التجاري,بيانات مرجعية متاحة؛ يلزم تحقق PM,ضمن الفحص المبدئي
10569737535791,beesline-instant-bright-glow-serum-30ml,مصل بيزلاين اللامع الفوري 30 مل,Beesline,العناية بالبشرة,العناية بالبشرة,1,بسيط,8888,999,299.7,699.3,,متاح لدى المصدر,https://cdn.shopify.com/s/files/1/0935/9550/0847/files/Beesline-Instant-Bright-Glow-Serum-30ML.webp?v=1754298964,منتج مصل بيزلاين اللامع الفوري 30 مل من Beesline. التصنيف المرجعي: العناية بالبشرة — بسيط. الوسوم المرجعية: Dullness، Even Skin Tone، Serums، Skin Care، Skin Concerns، Treatments.,https://alfouadpharmacies.com/en/products/beesline-instant-bright-glow-serum-30ml,AlFouad Pharmacies,Verify usage rights before commercial publication,غير مثبت,غير مثبت,مرجعي فقط — غير معتمد للنشر التجاري,بيانات مرجعية متاحة؛ يلزم تحقق PM,ضمن الفحص المبدئي
10569737470255,beesline-instant-bright-facial-toner-200ml,تونر الوجه المشرق الفوري من بيسلاين 200 مل,Beesline,العناية بالبشرة,العناية بالبشرة,1,بسيط,8891,570,171,399,,متاح لدى المصدر,https://cdn.shopify.com/s/files/1/0935/9550/0847/files/Beesline-Instant-Bright-Facial-Toner-200ML.webp?v=1754298965,منتج تونر الوجه المشرق الفوري من بيسلاين 200 مل من Beesline. التصنيف المرجعي: العناية بالبشرة — بسيط. الوسوم المرجعية: Even Skin Tone، Pores، Sensitive Skin / Redness، Skin Care، Skin Concerns، Toners، Treatments.,https://alfouadpharmacies.com/en/products/beesline-instant-bright-facial-toner-200ml,AlFouad Pharmacies,Verify usage rights before commercial publication,غير مثبت,غير مثبت,مرجعي فقط — غير معتمد للنشر التجاري,بيانات مرجعية متاحة؛ يلزم تحقق PM,ضمن الفحص المبدئي
10569715482927,eva-acne-prone-skin-facial-wash-150ml,غسول الوجه من إيفا للبشرة المعرضة لحب الشباب 150 مل,AlFouad Pharmacies,العناية بالبشرة,العناية بالبشرة,1,بسيط,5581,100,30,70,,متاح لدى المصدر,https://cdn.shopify.com/s/files/1/0935/9550/0847/files/Eva-Acne-Prone-Skin-Facial-Wash-150ml.webp?v=1754299285,منتج غسول الوجه من إيفا للبشرة المعرضة لحب الشباب 150 مل من AlFouad Pharmacies. التصنيف المرجعي: العناية بالبشرة — بسيط. الوسوم المرجعية: Cleanser، Face Wash، Skin Care.,https://alfouadpharmacies.com/en/products/eva-acne-prone-skin-facial-wash-150ml,AlFouad Pharmacies,Verify usage rights before commercial publication,غير مثبت,غير مثبت,مرجعي فقط — غير معتمد للنشر التجاري,بيانات مرجعية متاحة؛ يلزم تحقق PM,ضمن الفحص المبدئي
12689564565807,neutrogena-hydro-boost-gel-cream-50ml,كريم جل نيتروجينا هيدرو بوست 50 مل,Neutrogena,العناية بالبشرة,العناية بالبشرة,1,,99757,400,120,280,,متاح لدى المصدر,https://cdn.shopify.com/s/files/1/0935/9550/0847/files/neutrogena-hydro-boost-gel-cream-50ml.webp?v=1772105425,منتج كريم جل نيتروجينا هيدرو بوست 50 مل من Neutrogena. التصنيف المرجعي: العناية بالبشرة. الوسوم المرجعية: Oily Skin، Sensetive Skin، skin.,https://alfouadpharmacies.com/en/products/neutrogena-hydro-boost-gel-cream-50ml,AlFouad Pharmacies,Verify usage rights before commercial publication,غير مثبت,غير مثبت,مرجعي فقط — غير معتمد للنشر التجاري,بيانات مرجعية متاحة؛ يلزم تحقق PM,ضمن الفحص المبدئي
10569831252271,avuva-white-paste-100-gm-floral,معجون أفوفا الأبيض 100 غرام بنكهة الزهور,AlFouad Pharmacies,العناية بالبشرة,العناية بالبشرة | العناية بالجسم,2,بسيط,103878,35,10.5,24.5,,متاح لدى المصدر,https://cdn.shopify.com/s/files/1/0935/9550/0847/files/Avuva-White-Paste-100-GM-Floral.webp?v=1754298586,منتج معجون أفوفا الأبيض 100 غرام بنكهة الزهور من AlFouad Pharmacies. التصنيف المرجعي: العناية بالبشرة — بسيط. الوسوم المرجعية: Body Care، Body Concerns، Hair Removal، Sensetive Skin.,https://alfouadpharmacies.com/en/products/avuva-white-paste-100-gm-floral,AlFouad Pharmacies,Verify usage rights before commercial publication,غير مثبت,غير مثبت,مرجعي فقط — غير معتمد للنشر التجاري,بيانات مرجعية متاحة؛ يلزم تحقق PM,ضمن الفحص المبدئي
12689810325807,dermactive-acti-white-bright-foaming-gel-200ml,جل ديرم اكتيف اكتي وايت المبيض الرغوي 200 مل,DERMACTIVE,العناية بالبشرة,العناية بالبشرة,1,بسيط,3095,199,59.7,139.3,,متاح لدى المصدر,https://cdn.shopify.com/s/files/1/0935/9550/0847/files/DERMACTIVE_WHITE_FOAM_FIXED_1615x1615_826a1774-88f0-4768-bbdf-3686d8528bef.webp?v=1771503175,منتج جل ديرم اكتيف اكتي وايت المبيض الرغوي 200 مل من DERMACTIVE. التصنيف المرجعي: العناية بالبشرة — بسيط. الوسوم المرجعية: Cleanser، Dark Spots، Face Wash، Skin Care، Skin Concerns.,https://alfouadpharmacies.com/en/products/dermactive-acti-white-bright-foaming-gel-200ml,AlFouad Pharmacies,Verify usage rights before commercial publication,غير مثبت,غير مثبت,مرجعي فقط — غير معتمد للنشر التجاري,بيانات مرجعية متاحة؛ يلزم تحقق PM,ضمن الفحص المبدئي
12689783521583,shaan-lip-balm-5gm-cherry,بلسم شفتين شآن 5 غرام كرز,shaan,العناية بالبشرة,العناية بالبشرة,1,بسيط,8946,100,30,70,,متاح لدى المصدر,https://cdn.shopify.com/s/files/1/0935/9550/0847/files/ShaanLipBalm5gmCherry.webp?v=1771841187,منتج بلسم شفتين شآن 5 غرام كرز من shaan. التصنيف المرجعي: العناية بالبشرة — بسيط. الوسوم المرجعية: Eye & Lip، Lip، Lip Balm، shaan، Skin Care.,https://alfouadpharmacies.com/en/products/shaan-lip-balm-5gm-cherry,AlFouad Pharmacies,Verify usage rights before commercial publication,غير مثبت,غير مثبت,مرجعي فقط — غير معتمد للنشر التجاري,بيانات مرجعية متاحة؛ يلزم تحقق PM,ضمن الفحص المبدئي
10589420519727,alejon-facial-toner-200ml,تونر الوجه أليخون 200 مل,ALEJON,العناية بالبشرة,العناية بالبشرة,1,,102816,270,81,189,,متاح لدى المصدر,https://cdn.shopify.com/s/files/1/0935/9550/0847/files/Alejon-Facial-Tooner_11zon.webp?v=1790502437,منتج تونر الوجه أليخون 200 مل من ALEJON. التصنيف المرجعي: العناية بالبشرة. الوسوم المرجعية: Skin Care، Skin Concerns، Toners.,https://alfouadpharmacies.com/en/products/alejon-facial-toner-200ml,AlFouad Pharmacies,Verify usage rights before commercial publication,غير مثبت,غير مثبت,مرجعي فقط — غير معتمد للنشر التجاري,بيانات مرجعية متاحة؛ يلزم تحقق PM,ضمن الفحص المبدئي
10570009641263,vacation-sunscreen-lotion-spf50-120ml,لوشن واقي من الشمس لقضاء العطلات SPF50+ 120 مل,vacation sun,العناية بالبشرة,العناية بالبشرة,1,بسيط,12379,450,135,315,,متاح لدى المصدر,https://cdn.shopify.com/s/files/1/0935/9550/0847/files/Vacation-Sunscreen-Lotion-SPF50-120ML.webp?v=1754297076,منتج لوشن واقي من الشمس لقضاء العطلات SPF50+ 120 مل من vacation sun. التصنيف المرجعي: العناية بالبشرة — بسيط. الوسوم المرجعية: Skin Care، Skin Concerns، SPF 50، Sun Care، Sunscreen، Sunscreen Lotion.,https://alfouadpharmacies.com/en/products/vacation-sunscreen-lotion-spf50-120ml,AlFouad Pharmacies,Verify usage rights before commercial publication,غير مثبت,غير مثبت,مرجعي فقط — غير معتمد للنشر التجاري,بيانات مرجعية متاحة؛ يلزم تحقق PM,ضمن الفحص المبدئي
10569905144111,luna-emollient-glycerinampjojoba-oil-cream-160gm,كريم لونا المرطب بالجلسرين وزيت الجوجوبا 160 جرام,AlFouad Pharmacies,العناية بالبشرة,العناية بالبشرة,1,بسيط,95750,90,27,63,,متاح لدى المصدر,https://cdn.shopify.com/s/files/1/0935/9550/0847/files/Luna-Emollient-GlycerinJojoba-Oil-Cream-160GM.webp?v=1754298067,منتج كريم لونا المرطب بالجلسرين وزيت الجوجوبا 160 جرام من AlFouad Pharmacies. التصنيف المرجعي: العناية بالبشرة — بسيط. الوسوم المرجعية: Dryness، Moisturizer Cream، Moisturizers، Skin Care، Skin Concerns.,https://alfouadpharmacies.com/en/products/luna-emollient-glycerinampjojoba-oil-cream-160gm,AlFouad Pharmacies,Verify usage rights before commercial publication,غير مثبت,غير مثبت,مرجعي فقط — غير معتمد للنشر التجاري,بيانات مرجعية متاحة؛ يلزم تحقق PM,ضمن الفحص المبدئي
10569904259375,loreal-hyaluron-expert-night-cream-50ml,كريم لوريال هاليورون إكسبيرت الليلى 50 مل,LOREAL PCD,العناية بالبشرة,العناية بالبشرة,1,بسيط,25814,545,163.5,381.5,,متاح لدى المصدر,https://cdn.shopify.com/s/files/1/0935/9550/0847/files/Loreal-Hyaluron-Expert-Night-Cream-50ML.webp?v=1754298078,منتج كريم لوريال هاليورون إكسبيرت الليلى 50 مل من LOREAL PCD. التصنيف المرجعي: العناية بالبشرة — بسيط. الوسوم المرجعية: Dehydrated Skin، Moisturizers، Night Creams، Skin Care، Skin Concerns.,https://alfouadpharmacies.com/en/products/loreal-hyaluron-expert-night-cream-50ml,AlFouad Pharmacies,Verify usage rights before commercial publication,غير مثبت,غير مثبت,مرجعي فقط — غير معتمد للنشر التجاري,بيانات مرجعية متاحة؛ يلزم تحقق PM,ضمن الفحص المبدئي
10569899278639,neutrogena-spot-controlling-150ml-wash-mask,نيوتروجينا غسول و قناع للتحكم في البقع 150 مل,Neutrogena,العناية بالبشرة,العناية بالبشرة,1,بسيط,90469,285,85.5,199.5,,متاح لدى المصدر,https://cdn.shopify.com/s/files/1/0935/9550/0847/files/Neutrogena-Spot-Controlling-150ML-Wash-Mask.webp?v=1754298153,منتج نيوتروجينا غسول و قناع للتحكم في البقع 150 مل من Neutrogena. التصنيف المرجعي: العناية بالبشرة — بسيط. الوسوم المرجعية: Acne & Blemishes، Cleanser، Face Wash، Skin Care، Skin Concerns.,https://alfouadpharmacies.com/en/products/neutrogena-spot-controlling-150ml-wash-mask,AlFouad Pharmacies,Verify usage rights before commercial publication,غير مثبت,غير مثبت,مرجعي فقط — غير معتمد للنشر التجاري,بيانات مرجعية متاحة؛ يلزم تحقق PM,ضمن الفحص المبدئي
10569899213103,neutrogena-retinol-boost-night-cream-50ml,كريم نيوتروجينا ريتينول بوست الليلي 50 مل,Neutrogena,العناية بالبشرة,العناية بالبشرة,1,بسيط,10607,800,240,560,,متاح لدى المصدر,https://cdn.shopify.com/s/files/1/0935/9550/0847/files/Neutrogena-Retinol-Boost-Night-Cream-50ML.webp?v=1754298154,منتج كريم نيوتروجينا ريتينول بوست الليلي 50 مل من Neutrogena. التصنيف المرجعي: العناية بالبشرة — بسيط. الوسوم المرجعية: Anti-aging Cream، Moisturizers، Night Creams، Skin Care.,https://alfouadpharmacies.com/en/products/neutrogena-retinol-boost-night-cream-50ml,AlFouad Pharmacies,Verify usage rights before commercial publication,غير مثبت,غير مثبت,مرجعي فقط — غير معتمد للنشر التجاري,بيانات مرجعية متاحة؛ يلزم تحقق PM,ضمن الفحص المبدئي
10569733603631,acm-sebionex-matifying-gel-50-spf-40ml,إيه سي إم سيبيونيكس جل واقي للشمس مطفي – 40 مل,ACM,العناية بالبشرة,العناية بالبشرة,1,العناية بالبشرة > واقي شمس,109176,565,169.5,395.5,,متاح لدى المصدر,https://cdn.shopify.com/s/files/1/0935/9550/0847/files/Group_1_42_9e9e552f-4a9d-4497-b91e-704bc9be1361.webp?v=1781941596,منتج إيه سي إم سيبيونيكس جل واقي للشمس مطفي – 40 مل من ACM. التصنيف المرجعي: العناية بالبشرة — العناية بالبشرة > واقي شمس. الوسوم المرجعية: Oily Skin، Skin Care، Skin Concerns، Sun Care، Sun Gel، Sunscreen.,https://alfouadpharmacies.com/en/products/acm-sebionex-matifying-gel-50-spf-40ml,AlFouad Pharmacies,Verify usage rights before commercial publication,غير مثبت,غير مثبت,مرجعي فقط — غير معتمد للنشر التجاري,بيانات مرجعية متاحة؛ يلزم تحقق PM,ضمن الفحص المبدئي
10569717055791,eva-skin-facial-cream-7-in-1-45gm,كريم الوجه إيفا 7 في 1، 45 غرام,AlFouad Pharmacies,العناية بالبشرة,العناية بالبشرة,1,بسيط,95593,60,18,42,,متاح لدى المصدر,https://cdn.shopify.com/s/files/1/0935/9550/0847/files/Eva-Skin-Facial-Cream-7-In-1-45gm.webp?v=1754299256,منتج كريم الوجه إيفا 7 في 1، 45 غرام من AlFouad Pharmacies. التصنيف المرجعي: العناية بالبشرة — بسيط. الوسوم المرجعية: Moisturizer Cream، Moisturizers، Skin Care.,https://alfouadpharmacies.com/en/products/eva-skin-facial-cream-7-in-1-45gm,AlFouad Pharmacies,Verify usage rights before commercial publication,غير مثبت,غير مثبت,مرجعي فقط — غير معتمد للنشر التجاري,بيانات مرجعية متاحة؛ يلزم تحقق PM,ضمن الفحص المبدئي
12689439097135,uriage-hyseac-3regul-global-anti-blemish-40ml,يورياج هيسياك 3 ريجول جلوبال مضاد للعيوب 40 مل,URIAGE,العناية بالبشرة,العناية بالبشرة,1,Skin Care,102791,759,227.7,531.3,,متاح لدى المصدر,https://cdn.shopify.com/s/files/1/0935/9550/0847/files/Group1_61.webp?v=1782039820,منتج يورياج هيسياك 3 ريجول جلوبال مضاد للعيوب 40 مل من URIAGE. التصنيف المرجعي: العناية بالبشرة — Skin Care. الوسوم المرجعية: Acne & Blemishes، Face Wash، Oily Skin.,https://alfouadpharmacies.com/en/products/uriage-hyseac-3regul-global-anti-blemish-40ml,AlFouad Pharmacies,Verify usage rights before commercial publication,غير مثبت,غير مثبت,مرجعي فقط — غير معتمد للنشر التجاري,بيانات مرجعية متاحة؛ يلزم تحقق PM,ضمن الفحص المبدئي
10569826140463,mood-whitening-deodorant-roll-on-50ml-hawaii,مزيل عرق رول أون لتفتيح المزاج ٥٠ مل هاواي,Mood Roll,العناية بالبشرة,العناية بالبشرة | العناية بالجسم,2,بسيط,96893,80,24,56,119,متاح لدى المصدر,https://cdn.shopify.com/s/files/1/0935/9550/0847/files/Mood-Whitening-Deodorant-Roll-On-50ML-Hawaii.webp?v=1754298625,منتج مزيل عرق رول أون لتفتيح المزاج ٥٠ مل هاواي من Mood Roll. التصنيف المرجعي: العناية بالبشرة — بسيط. الوسوم المرجعية: Body Care، Body Concerns، Deodrant، Even Skin Tone / Pigmentation، Roll-on، Sensetive Skin.,https://alfouadpharmacies.com/en/products/mood-whitening-deodorant-roll-on-50ml-hawaii,AlFouad Pharmacies,Verify usage rights before commercial publication,غير مثبت,غير مثبت,مرجعي فقط — غير معتمد للنشر التجاري,بيانات مرجعية متاحة؛ يلزم تحقق PM,ضمن الفحص المبدئي
10569739501871,beesline-white-roll-on-50ml-pacific-islands-11,بيزلين وايت. رول أون 50 مل جزر المحيط الهادئ 1+1,AlFouad Pharmacies,العناية بالبشرة,العناية بالبشرة | العناية بالجسم,2,بسيط,5811,550,165,385,,متاح لدى المصدر,https://cdn.shopify.com/s/files/1/0935/9550/0847/files/Beesline-White.-Roll-On-50ML-Pacific-Islands-11-O.webp?v=1754298946,منتج بيزلين وايت. رول أون 50 مل جزر المحيط الهادئ 1+1 من AlFouad Pharmacies. التصنيف المرجعي: العناية بالبشرة — بسيط. الوسوم المرجعية: Body Care، Body Concerns، Deodrant، Even Skin Tone / Pigmentation، Sensetive Skin.,https://alfouadpharmacies.com/en/products/beesline-white-roll-on-50ml-pacific-islands-11,AlFouad Pharmacies,Verify usage rights before commercial publication,غير مثبت,غير مثبت,مرجعي فقط — غير معتمد للنشر التجاري,بيانات مرجعية متاحة؛ يلزم تحقق PM,ضمن الفحص المبدئي
12689554080047,soralone-urea-cream-gel-60ml,جل كريم سورالون يوريا 60 مل ,Soralone,العناية بالبشرة,العناية بالبشرة,1,,113665,295,88.5,206.5,0,متاح لدى المصدر,https://cdn.shopify.com/s/files/1/0935/9550/0847/files/Soralone_Urea_15_Cream_Gel_1615x1615_779b910a-a9c7-4d9b-8b86-437bc93ca317.webp?v=1771497711,منتج جل كريم سورالون يوريا 60 مل  من Soralone. التصنيف المرجعي: العناية بالبشرة. الوسوم المرجعية: Dry Skin، Dryness، Moisturizer Gel، Skin Care.,https://alfouadpharmacies.com/en/products/soralone-urea-cream-gel-60ml,AlFouad Pharmacies,Verify usage rights before commercial publication,غير مثبت,غير مثبت,مرجعي فقط — غير معتمد للنشر التجاري,بيانات مرجعية متاحة؛ يلزم تحقق PM,ضمن الفحص المبدئي
10589424845103,vacation-whitening-night-care-gel-60ml-1,جل تبييض ليلي للعناية بالبشرة 60 مل ,vacation,العناية بالبشرة,العناية بالبشرة,1,,112895,275,82.5,192.5,,غير متاح لدى المصدر,https://cdn.shopify.com/s/files/1/0935/9550/0847/files/VacationWhiteningNightCareGel60ML.webp?v=1754296939,منتج جل تبييض ليلي للعناية بالبشرة 60 مل  من vacation. التصنيف المرجعي: العناية بالبشرة. الوسوم المرجعية: Dark Spots، Even Skin Tone، Skin Care، Whitining Cream.,https://alfouadpharmacies.com/en/products/vacation-whitening-night-care-gel-60ml-1,AlFouad Pharmacies,Verify usage rights before commercial publication,غير مثبت,غير مثبت,مرجعي فقط — غير معتمد للنشر التجاري,بيانات مرجعية متاحة؛ يلزم تحقق PM,ضمن الفحص المبدئي
10569910518063,nivea-men-facial-wash-100ml-deep,غسول الوجه للرجال نيفيا 100 مل عميق التنظيف,NIVEA,العناية بالبشرة,العناية بالبشرة | العناية بالجسم,2,بسيط,98880,320,96,224,,متاح لدى المصدر,https://cdn.shopify.com/s/files/1/0935/9550/0847/files/3d5116a8-f602-41e4-8b3b-eca57bf52c05.webp?v=1787390195,منتج غسول الوجه للرجال نيفيا 100 مل عميق التنظيف من NIVEA. التصنيف المرجعي: العناية بالبشرة — بسيط. الوسوم المرجعية: Body Care، Cleanser، Face Wash، Men Care، Skin Care.,https://alfouadpharmacies.com/en/products/nivea-men-facial-wash-100ml-deep,AlFouad Pharmacies,Verify usage rights before commercial publication,غير مثبت,غير مثبت,مرجعي فقط — غير معتمد للنشر التجاري,بيانات مرجعية متاحة؛ يلزم تحقق PM,ضمن الفحص المبدئي
10569833414959,the-ordinary-retinol-1-30ml,ذا أوردينري ريتينول 1 30 مل,The Ordinary,العناية بالبشرة,العناية بالبشرة,1,بسيط,110333,1799,539.7,1259.3,0,متاح لدى المصدر,https://cdn.shopify.com/s/files/1/0935/9550/0847/files/The_Ordinary_Retinol_1_30ml.webp?v=1790490659,منتج ذا أوردينري ريتينول 1 30 مل من The Ordinary. التصنيف المرجعي: العناية بالبشرة — بسيط. الوسوم المرجعية: Anti-Aging، Dark Spots، Even Skin Tone، Fine Lines & Wrinkles، Serums، Skin Care، Skin Concerns، Treatments.,https://alfouadpharmacies.com/en/products/the-ordinary-retinol-1-30ml,AlFouad Pharmacies,Verify usage rights before commercial publication,غير مثبت,غير مثبت,مرجعي فقط — غير معتمد للنشر التجاري,بيانات مرجعية متاحة؛ يلزم تحقق PM,ضمن الفحص المبدئي
10569809559855,uriage-xemose-lip-stick-4gm,يورياج زيموز مرطب الشفاه 4 جم,URIAGE,العناية بالبشرة,العناية بالبشرة,1,يرطب الشفاه,105119,479,143.7,335.3,,متاح لدى المصدر,https://cdn.shopify.com/s/files/1/0935/9550/0847/files/Group_1_80.webp?v=1782202347,منتج يورياج زيموز مرطب الشفاه 4 جم من URIAGE. التصنيف المرجعي: العناية بالبشرة — يرطب الشفاه. الوسوم المرجعية: Dryness، Eye & Lip، Lip، Lip Balm، Skin Care، Skin Concerns.,https://alfouadpharmacies.com/en/products/uriage-xemose-lip-stick-4gm,AlFouad Pharmacies,Verify usage rights before commercial publication,غير مثبت,غير مثبت,مرجعي فقط — غير معتمد للنشر التجاري,بيانات مرجعية متاحة؛ يلزم تحقق PM,ضمن الفحص المبدئي
10569743335727,isis-neotone-gel-exfoliating-150ml,إيزيس فارما نيوتون جل منظف ومقشر للتصبغات والبقع الداكنة 150 مل,isis,العناية بالبشرة,العناية بالبشرة,1,غسول تفتيح ,24358,719,215.7,503.3,,متاح لدى المصدر,https://cdn.shopify.com/s/files/1/0935/9550/0847/files/1_-_2026-06-30T133022.379.webp?v=1782815459,منتج إيزيس فارما نيوتون جل منظف ومقشر للتصبغات والبقع الداكنة 150 مل من isis. التصنيف المرجعي: العناية بالبشرة — غسول تفتيح . الوسوم المرجعية: Cleanser، Dark Spots، Even Skin Tone، Exfoliators، Skin Care، Skin Concerns.,https://alfouadpharmacies.com/en/products/isis-neotone-gel-exfoliating-150ml,AlFouad Pharmacies,Verify usage rights before commercial publication,غير مثبت,غير مثبت,مرجعي فقط — غير معتمد للنشر التجاري,بيانات مرجعية متاحة؛ يلزم تحقق PM,ضمن الفحص المبدئي
10569740026159,disaar-vitamin-c-cream-50ml,كريم فيتامين سي من ديسار 50 مل,AlFouad Pharmacies,العناية بالبشرة,العناية بالبشرة,1,بسيط,89439,215,64.5,150.5,,متاح لدى المصدر,https://cdn.shopify.com/s/files/1/0935/9550/0847/files/Disaar-Vitamin-C-Cream-50ML-4114.webp?v=1754298941,منتج كريم فيتامين سي من ديسار 50 مل من AlFouad Pharmacies. التصنيف المرجعي: العناية بالبشرة — بسيط. الوسوم المرجعية: Anti-Aging، Dark Spots، Even Skin Tone، Moisturizer Cream، Moisturizers، Skin Care، Skin Concerns، Whitining Cream.,https://alfouadpharmacies.com/en/products/disaar-vitamin-c-cream-50ml,AlFouad Pharmacies,Verify usage rights before commercial publication,غير مثبت,غير مثبت,مرجعي فقط — غير معتمد للنشر التجاري,بيانات مرجعية متاحة؛ يلزم تحقق PM,ضمن الفحص المبدئي
10569735569711,sebium-global-cream-30ml,كريم بيوديرما سيبيوم جلوبال 30 مل,Bioderma,العناية بالبشرة,العناية بالبشرة,1,بسيط,106522,799,239.7,559.3,0,متاح لدى المصدر,https://cdn.shopify.com/s/files/1/0935/9550/0847/files/Sebium-Global-Cream-30ML.webp?v=1754298983,منتج كريم بيوديرما سيبيوم جلوبال 30 مل من Bioderma. التصنيف المرجعي: العناية بالبشرة — بسيط. الوسوم المرجعية: Acne & Blemishes، Oily Skin، Skin Care، Skin Concerns، Treatment Cream، Treatments.,https://alfouadpharmacies.com/en/products/sebium-global-cream-30ml,AlFouad Pharmacies,Verify usage rights before commercial publication,غير مثبت,غير مثبت,مرجعي فقط — غير معتمد للنشر التجاري,بيانات مرجعية متاحة؛ يلزم تحقق PM,ضمن الفحص المبدئي
10569718235439,eva-collagen-facial-sunblock-lotion-spf50-50ml,لوشن واقي من الشمس للوجه من إيفا، يحتوي على الكولاجين، بدرجة حماية 50+، حجم 50 مل.,AlFouad Pharmacies,العناية بالبشرة,العناية بالبشرة,1,بسيط,99093,250,75,175,,غير متاح لدى المصدر,https://cdn.shopify.com/s/files/1/0935/9550/0847/files/Eva-Collagen-Facial-Sunblock-Lotion-SPF50-50ml.webp?v=1754299245,منتج لوشن واقي من الشمس للوجه من إيفا، يحتوي على الكولاجين، بدرجة حماية 50+، حجم 50 مل. من AlFouad Pharmacies. التصنيف المرجعي: العناية بالبشرة — بسيط. الوسوم المرجعية: Skin Care، Skin Concerns، Sun Care، Sunscreen، Sunscreen Cream.,https://alfouadpharmacies.com/en/products/eva-collagen-facial-sunblock-lotion-spf50-50ml,AlFouad Pharmacies,Verify usage rights before commercial publication,غير مثبت,غير مثبت,مرجعي فقط — غير معتمد للنشر التجاري,بيانات مرجعية متاحة؛ يلزم تحقق PM,ضمن الفحص المبدئي
10569825714479,mood-whitening-deodorant-roll-on-50ml-coconut,مزيل عرق مبيض المزاج رول أون ٥٠ مل برائحة جوز الهند,Mood Roll,العناية بالبشرة,العناية بالبشرة | العناية بالجسم,2,بسيط,96917,80,24,56,119,متاح لدى المصدر,https://cdn.shopify.com/s/files/1/0935/9550/0847/files/Mood-Whitening-Deodorant-Roll-On-50ML-Coconut.webp?v=1754298627,منتج مزيل عرق مبيض المزاج رول أون ٥٠ مل برائحة جوز الهند من Mood Roll. التصنيف المرجعي: العناية بالبشرة — بسيط. الوسوم المرجعية: Body Care، Body Concerns، Deodrant، Even Skin Tone / Pigmentation، Roll-on، Sensetive Skin.,https://alfouadpharmacies.com/en/products/mood-whitening-deodorant-roll-on-50ml-coconut,AlFouad Pharmacies,Verify usage rights before commercial publication,غير مثبت,غير مثبت,مرجعي فقط — غير معتمد للنشر التجاري,بيانات مرجعية متاحة؛ يلزم تحقق PM,ضمن الفحص المبدئي
12689810194735,shaan-soothing-gel-200gm,جل شان المهدئ 200 جرام,shaan,العناية بالبشرة,العناية بالبشرة,1,بسيط,93079,240,72,168,,متاح لدى المصدر,https://cdn.shopify.com/s/files/1/0935/9550/0847/files/ShaanSoothingGel200gm.webp?v=1771841002,منتج جل شان المهدئ 200 جرام من shaan. التصنيف المرجعي: العناية بالبشرة — بسيط. الوسوم المرجعية: Hydro-gel، Moisturizers، Oily Skin، shaan، Skin Care، Skin Concerns.,https://alfouadpharmacies.com/en/products/shaan-soothing-gel-200gm,AlFouad Pharmacies,Verify usage rights before commercial publication,غير مثبت,غير مثبت,مرجعي فقط — غير معتمد للنشر التجاري,بيانات مرجعية متاحة؛ يلزم تحقق PM,ضمن الفحص المبدئي
12689809735983,alejon-oily-skin-cleanser-200ml,منظف الوجه للبشرة الدهنية من أليجون 200 مل,ALEJON,العناية بالبشرة,العناية بالبشرة,1,بسيط,104535,295,88.5,206.5,,متاح لدى المصدر,https://cdn.shopify.com/s/files/1/0935/9550/0847/files/alejon_oily_cleanser_ecommerce.webp?v=1771831772,منتج منظف الوجه للبشرة الدهنية من أليجون 200 مل من ALEJON. التصنيف المرجعي: العناية بالبشرة — بسيط. الوسوم المرجعية: Acne & Blemishes، Cleanser، Face Wash، Skin Care، Skin Concerns.,https://alfouadpharmacies.com/en/products/alejon-oily-skin-cleanser-200ml,AlFouad Pharmacies,Verify usage rights before commercial publication,غير مثبت,غير مثبت,مرجعي فقط — غير معتمد للنشر التجاري,بيانات مرجعية متاحة؛ يلزم تحقق PM,ضمن الفحص المبدئي
12689798299951,eva-skin-clinic-collagen-sheet-mask-3-pcs,قناع الوجه من إيفا سكين كلينك بالخلايا الكولاجينية، 3 قطع.,AlFouad Pharmacies,العناية بالبشرة,العناية بالبشرة,1,بسيط,7334,100,30,70,,متاح لدى المصدر,https://cdn.shopify.com/s/files/1/0935/9550/0847/files/1_2e775626-fe55-4c57-9694-aef1c0145e5f.webp?v=1771843316,منتج قناع الوجه من إيفا سكين كلينك بالخلايا الكولاجينية، 3 قطع. من AlFouad Pharmacies. التصنيف المرجعي: العناية بالبشرة — بسيط. الوسوم المرجعية: Anti-Aging، Face Mask، Skin Care، Skin Concerns، Treatments.,https://alfouadpharmacies.com/en/products/eva-skin-clinic-collagen-sheet-mask-3-pcs,AlFouad Pharmacies,Verify usage rights before commercial publication,غير مثبت,غير مثبت,مرجعي فقط — غير معتمد للنشر التجاري,بيانات مرجعية متاحة؛ يلزم تحقق PM,ضمن الفحص المبدئي
12689798234415,starville-acne-facial-cleanser-gel-100ml,جل منظف للوجه لعلاج حب الشباب من ستارفيل 100 مل,parkville,العناية بالبشرة,العناية بالبشرة,1,بسيط,104724,95,28.5,66.5,,متاح لدى المصدر,https://cdn.shopify.com/s/files/1/0935/9550/0847/files/StarvilleAcneFacialCleanserGel100ml.webp?v=1771839202,منتج جل منظف للوجه لعلاج حب الشباب من ستارفيل 100 مل من parkville. التصنيف المرجعي: العناية بالبشرة — بسيط. الوسوم المرجعية: Acne & Blemishes، Cleanser، Face Wash، Skin Care، Skin Concerns.,https://alfouadpharmacies.com/en/products/starville-acne-facial-cleanser-gel-100ml,AlFouad Pharmacies,Verify usage rights before commercial publication,غير مثبت,غير مثبت,مرجعي فقط — غير معتمد للنشر التجاري,بيانات مرجعية متاحة؛ يلزم تحقق PM,ضمن الفحص المبدئي
12689795383599,eva-make-up-remover-wipes-for-dry-skin-25-pcs,منديل إيفا لإزالة المكياج للبشرة الجافة، 25 قطعة,AlFouad Pharmacies,العناية بالبشرة,العناية بالبشرة,1,بسيط,99425,60,18,42,,متاح لدى المصدر,https://cdn.shopify.com/s/files/1/0935/9550/0847/files/51Kr5Iuq9GL.webp?v=1771844421,منتج منديل إيفا لإزالة المكياج للبشرة الجافة، 25 قطعة من AlFouad Pharmacies. التصنيف المرجعي: العناية بالبشرة — بسيط. الوسوم المرجعية: Beauty & Accessories، Cleanser، Dryness، Makeup، Makeup Removers، Skin Care، Skin Concerns، Wipes.,https://alfouadpharmacies.com/en/products/eva-make-up-remover-wipes-for-dry-skin-25-pcs,AlFouad Pharmacies,Verify usage rights before commercial publication,غير مثبت,غير مثبت,مرجعي فقط — غير معتمد للنشر التجاري,بيانات مرجعية متاحة؛ يلزم تحقق PM,ضمن الفحص المبدئي
12689553719599,centella-tone-brightening-capsule-ampoule-100ml,كبسولات وأمبولات سنتيلا لتفتيح لون البشرة 100 مل ,korean product,العناية بالبشرة,العناية بالبشرة | الجمال الكوري,2,,113896,1440,432,1008,,متاح لدى المصدر,https://cdn.shopify.com/s/files/1/0935/9550/0847/files/skin1004_tone_brightening_ecommerce_standard.webp?v=1771832496,منتج كبسولات وأمبولات سنتيلا لتفتيح لون البشرة 100 مل  من korean product. التصنيف المرجعي: العناية بالبشرة. الوسوم المرجعية: Dark Spots، Even Skin Tone، korean product، Sensetive Skin، Serums، Skin Care.,https://alfouadpharmacies.com/en/products/centella-tone-brightening-capsule-ampoule-100ml,AlFouad Pharmacies,Verify usage rights before commercial publication,غير مثبت,غير مثبت,مرجعي فقط — غير معتمد للنشر التجاري,بيانات مرجعية متاحة؛ يلزم تحقق PM,مراجعة نطاق/تنظيم قبل الإدراج
12689512366383,garnier-pimple-patch-invisible-22pcs,لصقات غارنييه غير المرئية لعلاج حب الشباب، 22 قطعة,GARNIER,العناية بالبشرة,العناية بالبشرة,1,,114434,370,111,259,,متاح لدى المصدر,https://cdn.shopify.com/s/files/1/0935/9550/0847/files/GARNIERPIMPLEPATCHINVISIBLE22PCS.webp?v=1771845602,منتج لصقات غارنييه غير المرئية لعلاج حب الشباب، 22 قطعة من GARNIER. التصنيف المرجعي: العناية بالبشرة. الوسوم المرجعية: Acne & Blemishes، Oily Skin، Skin Care، Treatments.,https://alfouadpharmacies.com/en/products/garnier-pimple-patch-invisible-22pcs,AlFouad Pharmacies,Verify usage rights before commercial publication,غير مثبت,غير مثبت,مرجعي فقط — غير معتمد للنشر التجاري,بيانات مرجعية متاحة؛ يلزم تحقق PM,ضمن الفحص المبدئي
10570013638959,raw-african-sweet-cherry-lip-balm,بلسم شفاه من الكرز الحلو الأفريقي الخام,RAW AFRICAN,العناية بالبشرة,العناية بالبشرة,1,العناية بالشفاه,112721,80,24,56,,متاح لدى المصدر,https://cdn.shopify.com/s/files/1/0935/9550/0847/files/Raw-African-Sweet-Cherry-Lip-Balm.webp?v=1754297030,منتج بلسم شفاه من الكرز الحلو الأفريقي الخام من RAW AFRICAN. التصنيف المرجعي: العناية بالبشرة — العناية بالشفاه. الوسوم المرجعية: Eye & Lip، Lip، Lip Balm، Skin Care.,https://alfouadpharmacies.com/en/products/raw-african-sweet-cherry-lip-balm,AlFouad Pharmacies,Verify usage rights before commercial publication,غير مثبت,غير مثبت,مرجعي فقط — غير معتمد للنشر التجاري,بيانات مرجعية متاحة؛ يلزم تحقق PM,ضمن الفحص المبدئي
10569906389295,luna-lip-moist-coconutrose-off,لوشن ترطيب الشفاه لونا، نكهة جوز الهند + الورد، بدون رائحة.,AlFouad Pharmacies,العناية بالبشرة,العناية بالبشرة,1,بسيط,12404,30,9,21,,غير متاح لدى المصدر,https://cdn.shopify.com/s/files/1/0935/9550/0847/files/Luna-Lip-Moist-Coconutrose-Off.webp?v=1754298057,منتج لوشن ترطيب الشفاه لونا، نكهة جوز الهند + الورد، بدون رائحة. من AlFouad Pharmacies. التصنيف المرجعي: العناية بالبشرة — بسيط. الوسوم المرجعية: Dryness، Eye & Lip، Lip، Lip Balm، Skin Care، Skin Concerns.,https://alfouadpharmacies.com/en/products/luna-lip-moist-coconutrose-off,AlFouad Pharmacies,Verify usage rights before commercial publication,غير مثبت,غير مثبت,مرجعي فقط — غير معتمد للنشر التجاري,بيانات مرجعية متاحة؛ يلزم تحقق PM,ضمن الفحص المبدئي
10569745531183,la-roche-effaclar-duo-tinted-cream-40ml,كريم لاروش إيفاكلار دو (+) الملون 40 مل,La Roch Possay,العناية بالبشرة,العناية بالبشرة,1,كريم لاثر الحبوب ,6823,920,276,644,,متاح لدى المصدر,https://cdn.shopify.com/s/files/1/0935/9550/0847/files/La_Roche_Effaclar_Duo_Tinted_Cream_40ml.webp?v=1789625258,منتج كريم لاروش إيفاكلار دو (+) الملون 40 مل من La Roch Possay. التصنيف المرجعي: العناية بالبشرة — كريم لاثر الحبوب . الوسوم المرجعية: 10، Acne & Blemishes، La roche، Oily Skin، Skin Care، Skin Concerns، Treatment Cream، Treatments.,https://alfouadpharmacies.com/en/products/la-roche-effaclar-duo-tinted-cream-40ml,AlFouad Pharmacies,Verify usage rights before commercial publication,غير مثبت,غير مثبت,مرجعي فقط — غير معتمد للنشر التجاري,بيانات مرجعية متاحة؛ يلزم تحقق PM,ضمن الفحص المبدئي
10569744515375,avene-sun-kids-spray-200ml-spf-50-sensitive-skin,بخاخ أڤين للأطفال للحماية من الشمس 200 مل، عامل حماية من الشمس 50 (للبشرة الحساسة),Avene,العناية بالبشرة,العناية بالبشرة | العناية بالأطفال,2,بسيط,83642,1599,479.7,1119.3,,متاح لدى المصدر,https://cdn.shopify.com/s/files/1/0935/9550/0847/files/Avene_Sun_Kids_Spray.webp?v=1785740870,منتج بخاخ أڤين للأطفال للحماية من الشمس 200 مل، عامل حماية من الشمس 50 (للبشرة الحساسة) من Avene. التصنيف المرجعي: العناية بالبشرة — بسيط. الوسوم المرجعية: Kids Care، Kids Concerns، Kids Sunscreen، Skin Care، SPF 50، Sun Care، Sunscreen.,https://alfouadpharmacies.com/en/products/avene-sun-kids-spray-200ml-spf-50-sensitive-skin,AlFouad Pharmacies,Verify usage rights before commercial publication,غير مثبت,غير مثبت,مرجعي فقط — غير معتمد للنشر التجاري,بيانات مرجعية متاحة؛ يلزم تحقق PM,ضمن الفحص المبدئي
10569737306415,beesline-instant-bright-5in1-cleanser-150ml,بيزلين منظف ساطع فوري 5 في 1، 150 مل,Beesline,العناية بالبشرة,العناية بالبشرة,1,بسيط,8497,449,134.7,314.3,,متاح لدى المصدر,https://cdn.shopify.com/s/files/1/0935/9550/0847/files/Beesline-Instant-Bright-5IN1-Cleanser-150ML.webp?v=1754298966,منتج بيزلين منظف ساطع فوري 5 في 1، 150 مل من Beesline. التصنيف المرجعي: العناية بالبشرة — بسيط. الوسوم المرجعية: Cleanser، Dark Spots، Even Skin Tone، Face Wash، Skin Care، Skin Concerns.,https://alfouadpharmacies.com/en/products/beesline-instant-bright-5in1-cleanser-150ml,AlFouad Pharmacies,Verify usage rights before commercial publication,غير مثبت,غير مثبت,مرجعي فقط — غير معتمد للنشر التجاري,بيانات مرجعية متاحة؛ يلزم تحقق PM,ضمن الفحص المبدئي
10569715024175,eva-collagen-complex-skin-amp-10-amp,محلول إيفا للوجه من الكولاجين (10 أمبولات),AlFouad Pharmacies,العناية بالبشرة,العناية بالبشرة,1,بسيط,12451,250,75,175,,متاح لدى المصدر,https://cdn.shopify.com/s/files/1/0935/9550/0847/files/Eva-Collagen-Complex-Skin-Amp.-10-Amp.webp?v=1754299294,منتج محلول إيفا للوجه من الكولاجين (10 أمبولات) من AlFouad Pharmacies. التصنيف المرجعي: العناية بالبشرة — بسيط. الوسوم المرجعية: Fine Lines & Wrinkles، Serums، Skin Care، Skin Concerns، Treatments.,https://alfouadpharmacies.com/en/products/eva-collagen-complex-skin-amp-10-amp,AlFouad Pharmacies,Verify usage rights before commercial publication,غير مثبت,غير مثبت,مرجعي فقط — غير معتمد للنشر التجاري,بيانات مرجعية متاحة؛ يلزم تحقق PM,ضمن الفحص المبدئي
10569714925871,eva-skin-clinic-hyaluronic-night-cream-45ml,كريم إيفا سكين كلينك الليلي بحمض الهيالورونيك 45 مل,AlFouad Pharmacies,العناية بالبشرة,العناية بالبشرة,1,بسيط,17639,250,75,175,,متاح لدى المصدر,https://cdn.shopify.com/s/files/1/0935/9550/0847/files/Eva-Skin-Clinic-Hyaluronic-Night-Cream-45ml.webp?v=1754299296,منتج كريم إيفا سكين كلينك الليلي بحمض الهيالورونيك 45 مل من AlFouad Pharmacies. التصنيف المرجعي: العناية بالبشرة — بسيط. الوسوم المرجعية: Dehydrated Skin، Moisturizers، Night Creams، Skin Care، Skin Concerns.,https://alfouadpharmacies.com/en/products/eva-skin-clinic-hyaluronic-night-cream-45ml,AlFouad Pharmacies,Verify usage rights before commercial publication,غير مثبت,غير مثبت,مرجعي فقط — غير معتمد للنشر التجاري,بيانات مرجعية متاحة؛ يلزم تحقق PM,ضمن الفحص المبدئي
12689564238127,beesline-rad-bri-underarm-serum-150ml-cucum-green-tea,سيروم بيزلاين راد بري لمنطقة الإبطين 150 مل، بخلاصة الخيار والشاي الأخضر,Beesline,العناية بالبشرة,العناية بالبشرة | العناية بالجسم,2,,111903,500,150,350,,متاح لدى المصدر,https://cdn.shopify.com/s/files/1/0935/9550/0847/files/BEESLINE_UNDERARM_SERUM_1615x1615_c8eb4c46-d524-410c-9dd0-c27acfbe2725.webp?v=1771877102,منتج سيروم بيزلاين راد بري لمنطقة الإبطين 150 مل، بخلاصة الخيار والشاي الأخضر من Beesline. التصنيف المرجعي: العناية بالبشرة. الوسوم المرجعية: Body Care، Body Spray، Deodrant، Even Skin Tone / Pigmentation، Sensetive Skin.,https://alfouadpharmacies.com/en/products/beesline-rad-bri-underarm-serum-150ml-cucum-green-tea,AlFouad Pharmacies,Verify usage rights before commercial publication,غير مثبت,غير مثبت,مرجعي فقط — غير معتمد للنشر التجاري,بيانات مرجعية متاحة؛ يلزم تحقق PM,ضمن الفحص المبدئي
10569721381167,starville-roll-on-60ml-whitening-sweet-vanilla,ستارفيل رول أون 60 مل، لتفتيح البشرة، بنكهة الفانيليا الحلوة,parkville,العناية بالبشرة,العناية بالبشرة | العناية بالجسم,2,بسيط,96430,150,45,105,,متاح لدى المصدر,https://cdn.shopify.com/s/files/1/0935/9550/0847/files/Starville-Roll-On-60ml-Whitening-Sweet-Vanilla.webp?v=1754299204,منتج ستارفيل رول أون 60 مل، لتفتيح البشرة، بنكهة الفانيليا الحلوة من parkville. التصنيف المرجعي: العناية بالبشرة — بسيط. الوسوم المرجعية: Body Care، Body Concerns، Deodrant، Even Skin Tone / Pigmentation، starville.,https://alfouadpharmacies.com/en/products/starville-roll-on-60ml-whitening-sweet-vanilla,AlFouad Pharmacies,Verify usage rights before commercial publication,غير مثبت,غير مثبت,مرجعي فقط — غير معتمد للنشر التجاري,بيانات مرجعية متاحة؛ يلزم تحقق PM,ضمن الفحص المبدئي
12689796235567,starville-acne-soap-100gm,صابون ستارفيل لحب الشباب 100 جرام,parkville,العناية بالبشرة,العناية بالبشرة,1,بسيط,96277,65,19.5,45.5,,متاح لدى المصدر,https://cdn.shopify.com/s/files/1/0935/9550/0847/files/StarvilleAcneSoap100gm.webp?v=1771839358,منتج صابون ستارفيل لحب الشباب 100 جرام من parkville. التصنيف المرجعي: العناية بالبشرة — بسيط. الوسوم المرجعية: Acne & Blemishes، Cleanser، Face Soap، Skin Care، Skin Concerns، starville.,https://alfouadpharmacies.com/en/products/starville-acne-soap-100gm,AlFouad Pharmacies,Verify usage rights before commercial publication,غير مثبت,غير مثبت,مرجعي فقط — غير معتمد للنشر التجاري,بيانات مرجعية متاحة؛ يلزم تحقق PM,ضمن الفحص المبدئي
12689780900143,starville-acne-facial-cleanser-gel-400ml,جل منظف للوجه لعلاج حب الشباب من ستارفيل 400 مل,parkville,العناية بالبشرة,العناية بالبشرة | العناية بالجسم,2,بسيط,108529,225,67.5,157.5,,متاح لدى المصدر,https://cdn.shopify.com/s/files/1/0935/9550/0847/files/StarvilleAcneFacialCleanserGel400ml.webp?v=1771840009,منتج جل منظف للوجه لعلاج حب الشباب من ستارفيل 400 مل من parkville. التصنيف المرجعي: العناية بالبشرة — بسيط. الوسوم المرجعية: Body Care، Body Concerns، Body Wash، Cleanser، Face Wash، Skin Care، Smooth Texture، starville.,https://alfouadpharmacies.com/en/products/starville-acne-facial-cleanser-gel-400ml,AlFouad Pharmacies,Verify usage rights before commercial publication,غير مثبت,غير مثبت,مرجعي فقط — غير معتمد للنشر التجاري,بيانات مرجعية متاحة؛ يلزم تحقق PM,ضمن الفحص المبدئي
12689577967919,vacation-vitamin-c-face-serum-30ml,سيروم فيتامين سي للوجه 30 مل,vacation,العناية بالبشرة,العناية بالبشرة,1,,112940,475,142.5,332.5,0,متاح لدى المصدر,https://cdn.shopify.com/s/files/1/0935/9550/0847/files/Vacation_Vitamin_C_Face_Serum_30ml_1615x1615_aa67b492-1078-4340-b1c7-d48b27a72503.webp?v=1771843130,منتج سيروم فيتامين سي للوجه 30 مل من vacation. التصنيف المرجعي: العناية بالبشرة. الوسوم المرجعية: Dark Spots، Serums، Skin Care، Treatments.,https://alfouadpharmacies.com/en/products/vacation-vitamin-c-face-serum-30ml,AlFouad Pharmacies,Verify usage rights before commercial publication,غير مثبت,غير مثبت,مرجعي فقط — غير معتمد للنشر التجاري,بيانات مرجعية متاحة؛ يلزم تحقق PM,ضمن الفحص المبدئي
12689554047279,soralone-hydra-cream-gel-100ml,جل كريم سورالون المرطب 100 مل ,Soralone,العناية بالبشرة,العناية بالبشرة,1,,113777,275,82.5,192.5,0,متاح لدى المصدر,https://cdn.shopify.com/s/files/1/0935/9550/0847/files/product_2_1615x1615_1.webp?v=1771750711,منتج جل كريم سورالون المرطب 100 مل  من Soralone. التصنيف المرجعي: العناية بالبشرة. الوسوم المرجعية: Dehydrated Skin، Dry Skin، Moisturizer Gel، Oily Skin، Skin Care.,https://alfouadpharmacies.com/en/products/soralone-hydra-cream-gel-100ml,AlFouad Pharmacies,Verify usage rights before commercial publication,غير مثبت,غير مثبت,مرجعي فقط — غير معتمد للنشر التجاري,بيانات مرجعية متاحة؛ يلزم تحقق PM,ضمن الفحص المبدئي
10569904980271,luna-emollient-collagenampvit-e-cream-50gm,كريم لونا المرطب بال콜اجين وفيتامين E 50 جم,AlFouad Pharmacies,العناية بالبشرة,العناية بالبشرة,1,بسيط,108289,38,11.4,26.6,,متاح لدى المصدر,https://cdn.shopify.com/s/files/1/0935/9550/0847/files/Luna-Emollient-CollagenVit-E-Cream-50GM.webp?v=1754298069,منتج كريم لونا المرطب بال콜اجين وفيتامين E 50 جم من AlFouad Pharmacies. التصنيف المرجعي: العناية بالبشرة — بسيط. الوسوم المرجعية: Dryness، Moisturizer Cream، Moisturizers، Skin Care، Skin Concerns.,https://alfouadpharmacies.com/en/products/luna-emollient-collagenampvit-e-cream-50gm,AlFouad Pharmacies,Verify usage rights before commercial publication,غير مثبت,غير مثبت,مرجعي فقط — غير معتمد للنشر التجاري,بيانات مرجعية متاحة؛ يلزم تحقق PM,ضمن الفحص المبدئي
10569904292143,loreal-hyaluron-expert-serum-15ml,لوجيه هاليورون إكسبيرت سيروم 15 مل,LOREAL PCD,العناية بالبشرة,العناية بالبشرة,1,بسيط,89945,450,135,315,,متاح لدى المصدر,https://cdn.shopify.com/s/files/1/0935/9550/0847/files/Loreal-Hyaluron-Expert-Serum-15ML.webp?v=1754298078,منتج لوجيه هاليورون إكسبيرت سيروم 15 مل من LOREAL PCD. التصنيف المرجعي: العناية بالبشرة — بسيط. الوسوم المرجعية: Dehydrated Skin، Serums، Skin Care، Skin Concerns، Treatments.,https://alfouadpharmacies.com/en/products/loreal-hyaluron-expert-serum-15ml,AlFouad Pharmacies,Verify usage rights before commercial publication,غير مثبت,غير مثبت,مرجعي فقط — غير معتمد للنشر التجاري,بيانات مرجعية متاحة؛ يلزم تحقق PM,ضمن الفحص المبدئي
10569898295599,neutrogena-black-head-facial-scrub-150ml,مقشر الوجه لإزالة الرؤوس السوداء من نيتروجينا 150 مل,Neutrogena,العناية بالبشرة,العناية بالبشرة,1,بسيط,90470,280,84,196,162,متاح لدى المصدر,https://cdn.shopify.com/s/files/1/0935/9550/0847/files/Neutrogena-Black-Head-Facial-Scrub-150ML.webp?v=1754298163,منتج مقشر الوجه لإزالة الرؤوس السوداء من نيتروجينا 150 مل من Neutrogena. التصنيف المرجعي: العناية بالبشرة — بسيط. الوسوم المرجعية: Acne & Blemishes، Cleanser، Face Scrub، Skin Care، Skin Concerns.,https://alfouadpharmacies.com/en/products/neutrogena-black-head-facial-scrub-150ml,AlFouad Pharmacies,Verify usage rights before commercial publication,غير مثبت,غير مثبت,مرجعي فقط — غير معتمد للنشر التجاري,بيانات مرجعية متاحة؛ يلزم تحقق PM,ضمن الفحص المبدئي
10569809232175,uriage-thermal-water-150-ml,مياه يورياج الحرارية بخاخ 150 مل,URIAGE,العناية بالبشرة,العناية بالبشرة,1,تونر,92081,679,203.7,475.3,,متاح لدى المصدر,https://cdn.shopify.com/s/files/1/0935/9550/0847/files/Group_1_copy_35.webp?v=1782041562,منتج مياه يورياج الحرارية بخاخ 150 مل من URIAGE. التصنيف المرجعي: العناية بالبشرة — تونر. الوسوم المرجعية: Dryness، Sensitive Skin / Redness، Skin Care، Skin Concerns، Thermal Water، Treatments.,https://alfouadpharmacies.com/en/products/uriage-thermal-water-150-ml,AlFouad Pharmacies,Verify usage rights before commercial publication,غير مثبت,غير مثبت,مرجعي فقط — غير معتمد للنشر التجاري,بيانات مرجعية متاحة؛ يلزم تحقق PM,ضمن الفحص المبدئي
10569808642351,جل-تنظيف-يورياج-هيسياك-للبشرة-الدهنية-والمختلطة-150-مل,جل تنظيف يورياج هيسياك للبشرة الدهنية والمختلطة 150 مل,URIAGE,العناية بالبشرة,العناية بالبشرة,1,غسول,92307,799,239.7,559.3,,متاح لدى المصدر,https://cdn.shopify.com/s/files/1/0935/9550/0847/files/Hyseac_Cleansing_Gel_150ml.webp?v=1790664360,منتج جل تنظيف يورياج هيسياك للبشرة الدهنية والمختلطة 150 مل من URIAGE. التصنيف المرجعي: العناية بالبشرة — غسول. الوسوم المرجعية: Acne & Blemishes، Cleanser، Face Wash، Oily Skin، Pores، Skin Care، Skin Concerns.,https://alfouadpharmacies.com/en/products/جل-تنظيف-يورياج-هيسياك-للبشرة-الدهنية-والمختلطة-150-مل,AlFouad Pharmacies,Verify usage rights before commercial publication,غير مثبت,غير مثبت,مرجعي فقط — غير معتمد للنشر التجاري,بيانات مرجعية متاحة؛ يلزم تحقق PM,ضمن الفحص المبدئي
10569803923759,uriage-bariesun-cream-teinte-claire-spf50-50-ml,يورياج باريسان كريم ملون SPF50+ لون فاتح,URIAGE Bariesun,العناية بالبشرة,العناية بالبشرة,1,واقي شمس ,7660,1025,307.5,717.5,,متاح لدى المصدر,https://cdn.shopify.com/s/files/1/0935/9550/0847/files/Group_1_copy_52.webp?v=1782202802,منتج يورياج باريسان كريم ملون SPF50+ لون فاتح من URIAGE Bariesun. التصنيف المرجعي: العناية بالبشرة — واقي شمس . الوسوم المرجعية: Skin Care، Skin Concerns، SPF 50، Sun Care، Sunscreen، Sunscreen Tinted.,https://alfouadpharmacies.com/en/products/uriage-bariesun-cream-teinte-claire-spf50-50-ml,AlFouad Pharmacies,Verify usage rights before commercial publication,غير مثبت,غير مثبت,مرجعي فقط — غير معتمد للنشر التجاري,بيانات مرجعية متاحة؛ يلزم تحقق PM,ضمن الفحص المبدئي
10569803497775,كريم-يورياج-إيج-ليفت-المهدئ-والمجدد-لمحيط-العين-15-مل,كريم يورياج إيج ليفت المهدئ والمجدد لمحيط العين 15 مل,URIAGE,العناية بالبشرة,العناية بالبشرة,1,كريم عين ,8817,1119,335.7,783.3,,متاح لدى المصدر,https://cdn.shopify.com/s/files/1/0935/9550/0847/files/Uriage_Age_Lift_Soothing_Eye_Contour_15ml.webp?v=1790665554,منتج كريم يورياج إيج ليفت المهدئ والمجدد لمحيط العين 15 مل من URIAGE. التصنيف المرجعي: العناية بالبشرة — كريم عين . الوسوم المرجعية: Dark Circles & Puffiness، Eye & Lip، Eye Care، Eye Contour، Fine Lines & Wrinkles، Skin Care، Skin Concerns.,https://alfouadpharmacies.com/en/products/كريم-يورياج-إيج-ليفت-المهدئ-والمجدد-لمحيط-العين-15-مل,AlFouad Pharmacies,Verify usage rights before commercial publication,غير مثبت,غير مثبت,مرجعي فقط — غير معتمد للنشر التجاري,بيانات مرجعية متاحة؛ يلزم تحقق PM,ضمن الفحص المبدئي
10569743401263,isis-neotone-radiance-50spf-30-ml,إيزيس. نيو تون راديانس 50+ SPF 30 مل,isis,العناية بالبشرة,العناية بالبشرة,1,بسيط,85593,1285,385.5,899.5,,متاح لدى المصدر,https://cdn.shopify.com/s/files/1/0935/9550/0847/files/1_-_2026-06-30T134832.491.webp?v=1782817043,منتج إيزيس. نيو تون راديانس 50+ SPF 30 مل من isis. التصنيف المرجعي: العناية بالبشرة — بسيط. الوسوم المرجعية: Dark Spots، Day Cream، Even Skin Tone، Moisturizers، Skin Care، Skin Concerns، SPF 50، Sun Care.,https://alfouadpharmacies.com/en/products/isis-neotone-radiance-50spf-30-ml,AlFouad Pharmacies,Verify usage rights before commercial publication,غير مثبت,غير مثبت,مرجعي فقط — غير معتمد للنشر التجاري,بيانات مرجعية متاحة؛ يلزم تحقق PM,ضمن الفحص المبدئي
10569737666863,beesline-lip-care-4gm-rose,بيزلين للعناية بالشفاه 4 غرام ورد,Beesline,العناية بالبشرة,العناية بالبشرة,1,بسيط,81847,175,52.5,122.5,,متاح لدى المصدر,https://cdn.shopify.com/s/files/1/0935/9550/0847/files/Beesline-Lip-Care-4GM-Rose.webp?v=1754298963,منتج بيزلين للعناية بالشفاه 4 غرام ورد من Beesline. التصنيف المرجعي: العناية بالبشرة — بسيط. الوسوم المرجعية: Dryness، Eye & Lip، Lip، Lip Balm، Skin Care، Skin Concerns.,https://alfouadpharmacies.com/en/products/beesline-lip-care-4gm-rose,AlFouad Pharmacies,Verify usage rights before commercial publication,غير مثبت,غير مثبت,مرجعي فقط — غير معتمد للنشر التجاري,بيانات مرجعية متاحة؛ يلزم تحقق PM,ضمن الفحص المبدئي
10569715220783,eva-collagen-3d-fine-lines-filler-30-50ml,إيفا كولاجين 3D حشوة الخطوط الدقيقة +30 50 مل,AlFouad Pharmacies,العناية بالبشرة,العناية بالبشرة,1,بسيط,96196,230,69,161,,متاح لدى المصدر,https://cdn.shopify.com/s/files/1/0935/9550/0847/files/Eva-Collagen-3D-Fine-Lines-Filler-30-50ml.webp?v=1754299289,منتج إيفا كولاجين 3D حشوة الخطوط الدقيقة +30 50 مل من AlFouad Pharmacies. التصنيف المرجعي: العناية بالبشرة — بسيط. الوسوم المرجعية: Anti-aging Cream، Fine Lines & Wrinkles، Moisturizers، Skin Care، Skin Concerns.,https://alfouadpharmacies.com/en/products/eva-collagen-3d-fine-lines-filler-30-50ml,AlFouad Pharmacies,Verify usage rights before commercial publication,غير مثبت,غير مثبت,مرجعي فقط — غير معتمد للنشر التجاري,بيانات مرجعية متاحة؛ يلزم تحقق PM,ضمن الفحص المبدئي
12886564962607,svr-sebiaclear-hydra-cream-40ml,SVR Sebiaclear Hydra Cream 40ML,SVR,العناية بالبشرة,العناية بالبشرة,1,,115615,729,218.7,510.3,,متاح لدى المصدر,https://cdn.shopify.com/s/files/1/0935/9550/0847/files/SVRSEBIACLEARHYDRACREAM40ML.webp?v=1772367741,منتج SVR Sebiaclear Hydra Cream 40ML من SVR. التصنيف المرجعي: العناية بالبشرة. الحجم المذكور: 40 ML. الوسوم المرجعية: Moisturizer Cream، Moisturizers، Oily Skin، Smooth Texture.,https://alfouadpharmacies.com/en/products/svr-sebiaclear-hydra-cream-40ml,AlFouad Pharmacies,Verify usage rights before commercial publication,غير مثبت,غير مثبت,مرجعي فقط — غير معتمد للنشر التجاري,بيانات مرجعية متاحة؛ يلزم تحقق PM,ضمن الفحص المبدئي
12689439785263,la-roche-effaclar-duo-m-patch-22pcs,لاصقه حبوب من  لاروش إيفاكلار ديو (+M) 22 قطعة,La Roch Possay,العناية بالبشرة,العناية بالبشرة,1,Skin Care,114718,750,225,525,,متاح لدى المصدر,https://cdn.shopify.com/s/files/1/0935/9550/0847/files/Group_1_25.webp?v=1781937111,منتج لاصقه حبوب من  لاروش إيفاكلار ديو (+M) 22 قطعة من La Roch Possay. التصنيف المرجعي: العناية بالبشرة — Skin Care. الوسوم المرجعية: 10، Acne & Blemishes، La roche، Oily Skin، Pores، Skin Care.,https://alfouadpharmacies.com/en/products/la-roche-effaclar-duo-m-patch-22pcs,AlFouad Pharmacies,Verify usage rights before commercial publication,غير مثبت,غير مثبت,مرجعي فقط — غير معتمد للنشر التجاري,بيانات مرجعية متاحة؛ يلزم تحقق PM,ضمن الفحص المبدئي
10569826664751,mood-whitening-deodorant-roll-on-50ml-oud,مزيل عرق مود وايتنينج رول أون ٥٠ مل برائحة العود,Mood Roll,العناية بالبشرة,العناية بالبشرة | العناية بالجسم,2,بسيط,93452,80,24,56,119,متاح لدى المصدر,https://cdn.shopify.com/s/files/1/0935/9550/0847/files/Mood-Whitening-Deodorant-Roll-On-50ML-Oud.webp?v=1754298622,منتج مزيل عرق مود وايتنينج رول أون ٥٠ مل برائحة العود من Mood Roll. التصنيف المرجعي: العناية بالبشرة — بسيط. الوسوم المرجعية: Body Care، Body Concerns، Deodrant، Even Skin Tone / Pigmentation، Sensetive Skin.,https://alfouadpharmacies.com/en/products/mood-whitening-deodorant-roll-on-50ml-oud,AlFouad Pharmacies,Verify usage rights before commercial publication,غير مثبت,غير مثبت,مرجعي فقط — غير معتمد للنشر التجاري,بيانات مرجعية متاحة؛ يلزم تحقق PM,ضمن الفحص المبدئي
10569825517871,mood-whitening-deodorant-roll-on-50ml-bold,مزيل عرق مود وايتنينج رول أون 50 مل برائحة جريئة,AlFouad Pharmacies,العناية بالبشرة,العناية بالبشرة | العناية بالجسم,2,بسيط,109685,80,24,56,119,متاح لدى المصدر,https://cdn.shopify.com/s/files/1/0935/9550/0847/files/Mood-Whitening-Deodorant-Roll-On-50ML-Bold.webp?v=1754298628,منتج مزيل عرق مود وايتنينج رول أون 50 مل برائحة جريئة من AlFouad Pharmacies. التصنيف المرجعي: العناية بالبشرة — بسيط. الوسوم المرجعية: Body Care، Body Concerns، Deodrant، Even Skin Tone / Pigmentation، Roll-on، Sensetive Skin.,https://alfouadpharmacies.com/en/products/mood-whitening-deodorant-roll-on-50ml-bold,AlFouad Pharmacies,Verify usage rights before commercial publication,غير مثبت,غير مثبت,مرجعي فقط — غير معتمد للنشر التجاري,بيانات مرجعية متاحة؛ يلزم تحقق PM,ضمن الفحص المبدئي
12689796497711,eva-collagen-deep-line-filler-40-50ml,إيفا كولاجين، حشوة التجاعيد العميقة، فوق 40 سنة، 50 مل,AlFouad Pharmacies,العناية بالبشرة,العناية بالبشرة,1,بسيط,99687,230,69,161,,متاح لدى المصدر,https://cdn.shopify.com/s/files/1/0935/9550/0847/files/EvaSkinClinicCollagenFineLinesFiller50ml-ZYNAH.webp?v=1771843557,منتج إيفا كولاجين، حشوة التجاعيد العميقة، فوق 40 سنة، 50 مل من AlFouad Pharmacies. التصنيف المرجعي: العناية بالبشرة — بسيط. الوسوم المرجعية: Creams، Fine Lines & Wrinkles، Moisturizers، Skin Care، Skin Concerns.,https://alfouadpharmacies.com/en/products/eva-collagen-deep-line-filler-40-50ml,AlFouad Pharmacies,Verify usage rights before commercial publication,غير مثبت,غير مثبت,مرجعي فقط — غير معتمد للنشر التجاري,بيانات مرجعية متاحة؛ يلزم تحقق PM,ضمن الفحص المبدئي
12689565221167,isis-teen-derm-hydra-40ml,إيزيس. تين ديرم هيدرا 40 مل,isis,العناية بالبشرة,العناية بالبشرة,1,مرطب ,33566,715,214.5,500.5,,متاح لدى المصدر,https://cdn.shopify.com/s/files/1/0935/9550/0847/files/1_-_2026-06-30T155956.849.webp?v=1782824545,منتج إيزيس. تين ديرم هيدرا 40 مل من isis. التصنيف المرجعي: العناية بالبشرة — مرطب . الوسوم المرجعية: Moisturizer Gel، Moisturizers، Skin Care، Skin Concerns.,https://alfouadpharmacies.com/en/products/isis-teen-derm-hydra-40ml,AlFouad Pharmacies,Verify usage rights before commercial publication,غير مثبت,غير مثبت,مرجعي فقط — غير معتمد للنشر التجاري,بيانات مرجعية متاحة؛ يلزم تحقق PM,ضمن الفحص المبدئي
12689439916335,la-roche-lipikar-baume-light-200ml,لاروش ليبيكار بوم لايت 200 مل,La Roch Possay,العناية بالبشرة,العناية بالبشرة | العناية بالجسم,2,Moisturizing Cream,17627,1110,333,777,,متاح لدى المصدر,https://cdn.shopify.com/s/files/1/0935/9550/0847/files/La_Roche_Lipikar_Baume_Light_200ml.webp?v=1789625143,منتج لاروش ليبيكار بوم لايت 200 مل من La Roch Possay. التصنيف المرجعي: العناية بالبشرة — Moisturizing Cream. الوسوم المرجعية: 10، Body Care، Dry Skin، Dryness، Skin Care.,https://alfouadpharmacies.com/en/products/la-roche-lipikar-baume-light-200ml,AlFouad Pharmacies,Verify usage rights before commercial publication,غير مثبت,غير مثبت,مرجعي فقط — غير معتمد للنشر التجاري,بيانات مرجعية متاحة؛ يلزم تحقق PM,ضمن الفحص المبدئي
10570009706799,vacation-whitening-cream-60ml,كريم تفتيح البشرة للعطلات 60 مل,vacation,العناية بالبشرة,العناية بالبشرة,1,بسيط,81786,275,82.5,192.5,,متاح لدى المصدر,https://cdn.shopify.com/s/files/1/0935/9550/0847/files/Vacation-Whitening-Cream-60ML.webp?v=1754297075,منتج كريم تفتيح البشرة للعطلات 60 مل من vacation. التصنيف المرجعي: العناية بالبشرة — بسيط. الوسوم المرجعية: Dark Spots، Even Skin Tone، Moisturizers، Skin Care، Skin Concerns، Whitining Cream.,https://alfouadpharmacies.com/en/products/vacation-whitening-cream-60ml,AlFouad Pharmacies,Verify usage rights before commercial publication,غير مثبت,غير مثبت,مرجعي فقط — غير معتمد للنشر التجاري,بيانات مرجعية متاحة؛ يلزم تحقق PM,ضمن الفحص المبدئي
10570009379119,vacation-sunscreen-cream-spf50-60ml,كريم واقي من الشمس لقضاء العطلات SPF50+ 60 مل,vacation sun,العناية بالبشرة,العناية بالبشرة,1,بسيط,13459,350,105,245,,متاح لدى المصدر,https://cdn.shopify.com/s/files/1/0935/9550/0847/files/Vacation-Sunscreen-Cream-SPF50-60ML.webp?v=1754297079,منتج كريم واقي من الشمس لقضاء العطلات SPF50+ 60 مل من vacation sun. التصنيف المرجعي: العناية بالبشرة — بسيط. الوسوم المرجعية: Skin Care، Skin Concerns، SPF 50، Sun Care، Sunscreen، Sunscreen Cream.,https://alfouadpharmacies.com/en/products/vacation-sunscreen-cream-spf50-60ml,AlFouad Pharmacies,Verify usage rights before commercial publication,غير مثبت,غير مثبت,مرجعي فقط — غير معتمد للنشر التجاري,بيانات مرجعية متاحة؛ يلزم تحقق PM,ضمن الفحص المبدئي
10569903898927,loreal-glycolic-bright-night-cream-50ml,كريم لوريال ليلي لتفتيح البشرة الغني بحمض الجليكوليك 50 مل,LOREAL PCD,العناية بالبشرة,العناية بالبشرة,1,بسيط,95834,610,183,427,,متاح لدى المصدر,https://cdn.shopify.com/s/files/1/0935/9550/0847/files/Loreal-Glycolic-Bright-Night-Cream-50ML.webp?v=1754298083,منتج كريم لوريال ليلي لتفتيح البشرة الغني بحمض الجليكوليك 50 مل من LOREAL PCD. التصنيف المرجعي: العناية بالبشرة — بسيط. الوسوم المرجعية: Dark Spots، Moisturizers، Night Creams، Skin Care، Skin Concerns.,https://alfouadpharmacies.com/en/products/loreal-glycolic-bright-night-cream-50ml,AlFouad Pharmacies,Verify usage rights before commercial publication,غير مثبت,غير مثبت,مرجعي فقط — غير معتمد للنشر التجاري,بيانات مرجعية متاحة؛ يلزم تحقق PM,ضمن الفحص المبدئي
10569854779695,dove-cream-intensive-75ml-offer,عرض كريم دوف المكثف 75 مل,Dove off,العناية بالبشرة,العناية بالبشرة,1,بسيط,83902,55,16.5,38.5,,متاح لدى المصدر,https://cdn.shopify.com/s/files/1/0935/9550/0847/files/Dove-Cream-Intensive-75ML-Offer.webp?v=1754298395,منتج عرض كريم دوف المكثف 75 مل من Dove off. التصنيف المرجعي: العناية بالبشرة — بسيط. الوسوم المرجعية: Dry Skin، Moisturizer Cream، Moisturizers، Skin Care، Skin Concerns.,https://alfouadpharmacies.com/en/products/dove-cream-intensive-75ml-offer,AlFouad Pharmacies,Verify usage rights before commercial publication,غير مثبت,غير مثبت,مرجعي فقط — غير معتمد للنشر التجاري,بيانات مرجعية متاحة؛ يلزم تحقق PM,ضمن الفحص المبدئي
10569822437679,dermaelle-solaire-spf50-anti-dark-spots-gel-cream,كريم جل ديرمال سولير SPF50 المضاد للبقع الداكنة,Dermaelle,العناية بالبشرة,العناية بالبشرة,1,بسيط,21834,318.75,95.63,223.13,,متاح لدى المصدر,https://cdn.shopify.com/s/files/1/0935/9550/0847/files/1_-_2026-06-25T132716.262.webp?v=1782383284,منتج كريم جل ديرمال سولير SPF50 المضاد للبقع الداكنة من Dermaelle. التصنيف المرجعي: العناية بالبشرة — بسيط. الوسوم المرجعية: Dark Spots، Skin Care، Skin Concerns، SPF 50، Sun Care، Sun Gel، Sunscreen.,https://alfouadpharmacies.com/en/products/dermaelle-solaire-spf50-anti-dark-spots-gel-cream,AlFouad Pharmacies,Verify usage rights before commercial publication,غير مثبت,غير مثبت,مرجعي فقط — غير معتمد للنشر التجاري,بيانات مرجعية متاحة؛ يلزم تحقق PM,ضمن الفحص المبدئي
10569737404719,beesline-instant-bright-eye-cream-15ml,كريم بيزلين الفوري لإشراقة العين 15 مل,Beesline,العناية بالبشرة,العناية بالبشرة,1,بسيط,8881,649,194.7,454.3,,متاح لدى المصدر,https://cdn.shopify.com/s/files/1/0935/9550/0847/files/Beesline-Instant-Bright-Eye-Cream-15ML.webp?v=1754298965,منتج كريم بيزلين الفوري لإشراقة العين 15 مل من Beesline. التصنيف المرجعي: العناية بالبشرة — بسيط. الوسوم المرجعية: Dark Circles & Puffiness، Eye & Lip، Eye Care، Eye Contour، Fine Lines & Wrinkles، Skin Care، Skin Concerns.,https://alfouadpharmacies.com/en/products/beesline-instant-bright-eye-cream-15ml,AlFouad Pharmacies,Verify usage rights before commercial publication,غير مثبت,غير مثبت,مرجعي فقط — غير معتمد للنشر التجاري,بيانات مرجعية متاحة؛ يلزم تحقق PM,ضمن الفحص المبدئي
10569737339183,beesline-instant-bright-day-cream-50ml,كريم بيزلاين المشرق الفوري النهاري 50 مل,Beesline,العناية بالبشرة,العناية بالبشرة,1,بسيط,8878,999,299.7,699.3,,متاح لدى المصدر,https://cdn.shopify.com/s/files/1/0935/9550/0847/files/Beesline-Instant-Bright-Day-Cream-50ML-1.webp?v=1754298966,منتج كريم بيزلاين المشرق الفوري النهاري 50 مل من Beesline. التصنيف المرجعي: العناية بالبشرة — بسيط. الوسوم المرجعية: Day Cream، Even Skin Tone، Moisturizers، Skin Care، Skin Concerns، Whitining Cream.,https://alfouadpharmacies.com/en/products/beesline-instant-bright-day-cream-50ml,AlFouad Pharmacies,Verify usage rights before commercial publication,غير مثبت,غير مثبت,مرجعي فقط — غير معتمد للنشر التجاري,بيانات مرجعية متاحة؛ يلزم تحقق PM,ضمن الفحص المبدئي
10569714729263,eva-b-white-facial-cleanser-whitening-100ml,غسول الوجه لتفتيح البشرة إيفا بي وايت 100 مل,AlFouad Pharmacies,العناية بالبشرة,العناية بالبشرة,1,بسيط,9241,40,12,28,,غير متاح لدى المصدر,https://cdn.shopify.com/s/files/1/0935/9550/0847/files/Eva-B-White-Facial-Cleanser-Whitening-100ml.webp?v=1754299300,منتج غسول الوجه لتفتيح البشرة إيفا بي وايت 100 مل من AlFouad Pharmacies. التصنيف المرجعي: العناية بالبشرة — بسيط. الوسوم المرجعية: Cleanser، Face Wash، Skin Care.,https://alfouadpharmacies.com/en/products/eva-b-white-facial-cleanser-whitening-100ml,AlFouad Pharmacies,Verify usage rights before commercial publication,غير مثبت,غير مثبت,مرجعي فقط — غير معتمد للنشر التجاري,بيانات مرجعية متاحة؛ يلزم تحقق PM,ضمن الفحص المبدئي
16030593253679,cerave-sunscreen-hydrating-fluid-spf50-50ml,سيرافي فلويد واقي شمس مرطب غير مرئي SPF 50,cerave,العناية بالبشرة,العناية بالبشرة,1,واقي شمس ,116843,790,237,553,,متاح لدى المصدر,https://cdn.shopify.com/s/files/1/0935/9550/0847/files/Group1copy_30.webp?v=1781952610,منتج سيرافي فلويد واقي شمس مرطب غير مرئي SPF 50 من cerave. التصنيف المرجعي: العناية بالبشرة — واقي شمس . الوسوم المرجعية: Skin Care، Sun Care، sunblock، Sunscreen، Sunscreen Fluid.,https://alfouadpharmacies.com/en/products/cerave-sunscreen-hydrating-fluid-spf50-50ml,AlFouad Pharmacies,Verify usage rights before commercial publication,غير مثبت,غير مثبت,مرجعي فقط — غير معتمد للنشر التجاري,بيانات مرجعية متاحة؛ يلزم تحقق PM,ضمن الفحص المبدئي
12689444471087,vacation-aqua-repair-cica-cream-gel-60ml,جل كريم سيكا لإصلاح البشرة من فاكيشن أكوا 60 مل,vacation,العناية بالبشرة,العناية بالبشرة,1,,115278,250,75,175,,متاح لدى المصدر,https://cdn.shopify.com/s/files/1/0935/9550/0847/files/Vacation_Aqua_Repair_Cica_Cream_Gel_60ml_1615x1615_506352c5-5a26-4b0a-9688-0d291eef2858.webp?v=1771847273,منتج جل كريم سيكا لإصلاح البشرة من فاكيشن أكوا 60 مل من vacation. التصنيف المرجعي: العناية بالبشرة. الوسوم المرجعية: Moisturizer Cream، Moisturizers، Sensetive Skin، Sensitive Skin / Redness، Smooth Texture.,https://alfouadpharmacies.com/en/products/vacation-aqua-repair-cica-cream-gel-60ml,AlFouad Pharmacies,Verify usage rights before commercial publication,غير مثبت,غير مثبت,مرجعي فقط — غير معتمد للنشر التجاري,بيانات مرجعية متاحة؛ يلزم تحقق PM,ضمن الفحص المبدئي
10570010329391,leylak-whitening-emulsion-50ml,إملاشن ليلك لتفتيح البشرة 50 مل,AlFouad Pharmacies,العناية بالبشرة,العناية بالبشرة | العناية بالجسم,2,بسيط,112920,299,89.7,209.3,,غير متاح لدى المصدر,https://cdn.shopify.com/s/files/1/0935/9550/0847/files/leylak-whitening-emulsion-50ml.webp?v=1754297069,منتج إملاشن ليلك لتفتيح البشرة 50 مل من AlFouad Pharmacies. التصنيف المرجعي: العناية بالبشرة — بسيط. الوسوم المرجعية: Body Care، Body Concerns، Body Lotion، Even Skin Tone / Pigmentation، Sensetive Skin.,https://alfouadpharmacies.com/en/products/leylak-whitening-emulsion-50ml,AlFouad Pharmacies,Verify usage rights before commercial publication,غير مثبت,غير مثبت,مرجعي فقط — غير معتمد للنشر التجاري,بيانات مرجعية متاحة؛ يلزم تحقق PM,ضمن الفحص المبدئي
12689539367215,meditopic-restolase-body-balm-200ml,بلسم الجسم ميديتوبيك ريستولاس 200 مل ,Meditopic,العناية بالبشرة,العناية بالبشرة | العناية بالجسم,2,,111166,588,176.4,411.6,,متاح لدى المصدر,https://cdn.shopify.com/s/files/1/0935/9550/0847/files/MEDITOPICRESTOLASEBODYBALM200ML_6a91d804-5340-4d32-90fa-49a1a21e525d.webp?v=1771923522,منتج بلسم الجسم ميديتوبيك ريستولاس 200 مل  من Meditopic. التصنيف المرجعي: العناية بالبشرة. الوسوم المرجعية: Body Care، Body Cream، Even Skin Tone، Even Skin Tone / Pigmentation.,https://alfouadpharmacies.com/en/products/meditopic-restolase-body-balm-200ml,AlFouad Pharmacies,Verify usage rights before commercial publication,غير مثبت,غير مثبت,مرجعي فقط — غير معتمد للنشر التجاري,بيانات مرجعية متاحة؛ يلزم تحقق PM,ضمن الفحص المبدئي
12689452466479,hydrensa-moisturizing-cream-200ml,كريم هيدرينسا المرطب 200 مل,Hydrensa,العناية بالبشرة,العناية بالبشرة,1,,21652,204,61.2,142.8,,متاح لدى المصدر,https://cdn.shopify.com/s/files/1/0935/9550/0847/files/misturizing_1.webp?v=1772274712,منتج كريم هيدرينسا المرطب 200 مل من Hydrensa. التصنيف المرجعي: العناية بالبشرة. الوسوم المرجعية: Dry Skin، Dryness، Moisturizer Cream، Moisturizers.,https://alfouadpharmacies.com/en/products/hydrensa-moisturizing-cream-200ml,AlFouad Pharmacies,Verify usage rights before commercial publication,غير مثبت,غير مثبت,مرجعي فقط — غير معتمد للنشر التجاري,بيانات مرجعية متاحة؛ يلزم تحقق PM,ضمن الفحص المبدئي
12689810719023,glamylab-whitening-spf30-cream-50gm,كريم غلأملايب لتفتيح البشرة، عامل حماية من الشمس 30، 50 غرام,Glamy Lab,العناية بالبشرة,العناية بالبشرة,1,بسيط,12387,460,138,322,,متاح لدى المصدر,https://cdn.shopify.com/s/files/1/0935/9550/0847/files/GlamyLab_Whitening_Cream_SPF30_1615x1615_8b2936a5-0f0d-4642-b7c9-e3d381a74b2f.webp?v=1771841027,منتج كريم غلأملايب لتفتيح البشرة، عامل حماية من الشمس 30، 50 غرام من Glamy Lab. التصنيف المرجعي: العناية بالبشرة — بسيط. الوسوم المرجعية: Dark Spots، glamylab، Skin Care، Skin Concerns، Treatment Cream، Treatments.,https://alfouadpharmacies.com/en/products/glamylab-whitening-spf30-cream-50gm,AlFouad Pharmacies,Verify usage rights before commercial publication,غير مثبت,غير مثبت,مرجعي فقط — غير معتمد للنشر التجاري,بيانات مرجعية متاحة؛ يلزم تحقق PM,ضمن الفحص المبدئي
12689800167727,eva-anti-ageing-vitamin-c-face-serum-30ml,مصل الوجه بفيتامين (سي) المضاد للشيخوخة من إيفا، 30 مل,AlFouad Pharmacies,العناية بالبشرة,العناية بالبشرة,1,بسيط,5420,230,69,161,,متاح لدى المصدر,https://cdn.shopify.com/s/files/1/0935/9550/0847/files/Vitamine-C-Serum.webp?v=1771843246,منتج مصل الوجه بفيتامين (سي) المضاد للشيخوخة من إيفا، 30 مل من AlFouad Pharmacies. التصنيف المرجعي: العناية بالبشرة — بسيط. الوسوم المرجعية: Anti-Aging، Serums، Skin Care، Skin Concerns، Treatments.,https://alfouadpharmacies.com/en/products/eva-anti-ageing-vitamin-c-face-serum-30ml,AlFouad Pharmacies,Verify usage rights before commercial publication,غير مثبت,غير مثبت,مرجعي فقط — غير معتمد للنشر التجاري,بيانات مرجعية متاحة؛ يلزم تحقق PM,ضمن الفحص المبدئي
12689795875119,starville-micller-water-wipes-50-pcs,منديل ستارفيل ميكلر المائي، 50 قطعة,parkville,العناية بالبشرة,العناية بالبشرة,1,بسيط,10296,125,37.5,87.5,,متاح لدى المصدر,https://cdn.shopify.com/s/files/1/0935/9550/0847/files/StarVille_Micellar_Water_Wipes_1615x1615_92787632-48bf-40f0-b714-a82903948ba8.webp?v=1771874985,منتج منديل ستارفيل ميكلر المائي، 50 قطعة من parkville. التصنيف المرجعي: العناية بالبشرة — بسيط. الوسوم المرجعية: Beauty & Accessories، Cleanser، Makeup، Makeup Removers، Pores، Skin Care، Skin Concerns، starville.,https://alfouadpharmacies.com/en/products/starville-micller-water-wipes-50-pcs,AlFouad Pharmacies,Verify usage rights before commercial publication,غير مثبت,غير مثبت,مرجعي فقط — غير معتمد للنشر التجاري,بيانات مرجعية متاحة؛ يلزم تحقق PM,ضمن الفحص المبدئي
12689690034479,neutrogena-spot-controlling-facial-wash-200ml,غسول الوجه من نيتروجينا للتحكم في البقع Spot Controlling+، 200 مل,Neutrogena,العناية بالبشرة,العناية بالبشرة,1,بسيط,112835,425,127.5,297.5,,متاح لدى المصدر,https://cdn.shopify.com/s/files/1/0935/9550/0847/files/neutrogena_spot_controlling_facial_wash_moi-min-en-ae_8e6794fb-57c7-4589-a4dd-149c411e1e9e.webp?v=1772103911,منتج غسول الوجه من نيتروجينا للتحكم في البقع Spot Controlling+، 200 مل من Neutrogena. التصنيف المرجعي: العناية بالبشرة — بسيط. الوسوم المرجعية: Acne & Blemishes، Cleanser، Face Wash، Oily Skin، Pores، Skin Care، Skin Concerns.,https://alfouadpharmacies.com/en/products/neutrogena-spot-controlling-facial-wash-200ml,AlFouad Pharmacies,Verify usage rights before commercial publication,غير مثبت,غير مثبت,مرجعي فقط — غير معتمد للنشر التجاري,بيانات مرجعية متاحة؛ يلزم تحقق PM,ضمن الفحص المبدئي
12689678663983,luna-sunscreen-taning-gel-130ml,جل التسمير الواقي من الشمس لونا 130 مل,AlFouad Pharmacies,العناية بالبشرة,العناية بالبشرة,1,بسيط,110595,300,90,210,,متاح لدى المصدر,https://cdn.shopify.com/s/files/1/0935/9550/0847/files/Luna_Intensive_Tanning_Gel_1615x1615_fb05fd3e-3d52-4ff9-89d5-745f561e9aef.webp?v=1772273649,منتج جل التسمير الواقي من الشمس لونا 130 مل من AlFouad Pharmacies. التصنيف المرجعي: العناية بالبشرة — بسيط. الوسوم المرجعية: Skin Care، Skin Concerns، Sun Care، Sun Tan، Sunscreen.,https://alfouadpharmacies.com/en/products/luna-sunscreen-taning-gel-130ml,AlFouad Pharmacies,Verify usage rights before commercial publication,غير مثبت,غير مثبت,مرجعي فقط — غير معتمد للنشر التجاري,بيانات مرجعية متاحة؛ يلزم تحقق PM,ضمن الفحص المبدئي
12689655628079,shaan-cica-a-cream-40gm,كريم شان سي سي آيه بلس 40 جرام,shaan,العناية بالبشرة,العناية بالبشرة,1,بسيط,112587,250,75,175,,متاح لدى المصدر,https://cdn.shopify.com/s/files/1/0935/9550/0847/files/ShaanCicaA_Cream40gm.webp?v=1771841410,منتج كريم شان سي سي آيه بلس 40 جرام من shaan. التصنيف المرجعي: العناية بالبشرة — بسيط. الوسوم المرجعية: Dehydrated Skin، Moisturizer Cream، Moisturizers، Sensitive Skin / Redness، shaan، Skin Care، Skin Concerns.,https://alfouadpharmacies.com/en/products/shaan-cica-a-cream-40gm,AlFouad Pharmacies,Verify usage rights before commercial publication,غير مثبت,غير مثبت,مرجعي فقط — غير معتمد للنشر التجاري,بيانات مرجعية متاحة؛ يلزم تحقق PM,ضمن الفحص المبدئي
12689488314671,the-ordinary-vitamin-c-23-ha-spheres-2-30ml,ذا أورديناري فيتامين سي 23+HA كرات 2 30 مل,The Ordinary,العناية بالبشرة,العناية بالبشرة,1,سيرم,6397,1799,539.7,1259.3,0,متاح لدى المصدر,https://cdn.shopify.com/s/files/1/0935/9550/0847/files/1_-_2026-07-06T160323.576.webp?v=1783343029,منتج ذا أورديناري فيتامين سي 23+HA كرات 2 30 مل من The Ordinary. التصنيف المرجعي: العناية بالبشرة — سيرم. الوسوم المرجعية: Dark Spots، Even Skin Tone / Pigmentation، Skin Care، Whitining Cream.,https://alfouadpharmacies.com/en/products/the-ordinary-vitamin-c-23-ha-spheres-2-30ml,AlFouad Pharmacies,Verify usage rights before commercial publication,غير مثبت,غير مثبت,مرجعي فقط — غير معتمد للنشر التجاري,بيانات مرجعية متاحة؛ يلزم تحقق PM,ضمن الفحص المبدئي
10569938305327,tetra-glow-night-care-faceampneck-cream-30gm,كريم تريترا جلو للعناية بالوجه والرقبة ليلاً 30 جم,Tetra Glow,العناية بالبشرة,العناية بالبشرة,1,بسيط,97460,335,100.5,234.5,,متاح لدى المصدر,https://cdn.shopify.com/s/files/1/0935/9550/0847/files/Tetra-Glow-Night-Care-FaceNeck-Cream-30G.webp?v=1754297765,منتج كريم تريترا جلو للعناية بالوجه والرقبة ليلاً 30 جم من Tetra Glow. التصنيف المرجعي: العناية بالبشرة — بسيط. الوسوم المرجعية: Dark Spots، Even Skin Tone، Moisturizers، Night Creams، Skin Care، Skin Concerns، Whitining Cream.,https://alfouadpharmacies.com/en/products/tetra-glow-night-care-faceampneck-cream-30gm,AlFouad Pharmacies,Verify usage rights before commercial publication,غير مثبت,غير مثبت,مرجعي فقط — غير معتمد للنشر التجاري,بيانات مرجعية متاحة؛ يلزم تحقق PM,ضمن الفحص المبدئي
10569899245871,neutrogena-retinol-boost-serum-30ml,مصل نيوتريجينا ريتينول بوست 30 مل,Neutrogena,العناية بالبشرة,العناية بالبشرة,1,بسيط,9246,600,180,420,,متاح لدى المصدر,https://cdn.shopify.com/s/files/1/0935/9550/0847/files/Neutrogena-Retinol-Boost-Serum-30ML.webp?v=1754298153,منتج مصل نيوتريجينا ريتينول بوست 30 مل من Neutrogena. التصنيف المرجعي: العناية بالبشرة — بسيط. الوسوم المرجعية: Anti-Aging، Serums، Skin Care، Skin Concerns، Treatments.,https://alfouadpharmacies.com/en/products/neutrogena-retinol-boost-serum-30ml,AlFouad Pharmacies,Verify usage rights before commercial publication,غير مثبت,غير مثبت,مرجعي فقط — غير معتمد للنشر التجاري,بيانات مرجعية متاحة؛ يلزم تحقق PM,ضمن الفحص المبدئي
10569893511471,garnier-tissue-mask-pure-charcoal,قناع غارنييه للوجه من الأنسجة بالفحم النقي,GARNIER,العناية بالبشرة,العناية بالبشرة,1,بسيط,25851,130,39,91,,متاح لدى المصدر,https://cdn.shopify.com/s/files/1/0935/9550/0847/files/Garnier-Tissue-Mask-Pure-Charcoal.webp?v=1754298226,منتج قناع غارنييه للوجه من الأنسجة بالفحم النقي من GARNIER. التصنيف المرجعي: العناية بالبشرة — بسيط. الوسوم المرجعية: Face Mask، Pores، Skin Care، Skin Concerns، Treatments.,https://alfouadpharmacies.com/en/products/garnier-tissue-mask-pure-charcoal,AlFouad Pharmacies,Verify usage rights before commercial publication,غير مثبت,غير مثبت,مرجعي فقط — غير معتمد للنشر التجاري,بيانات مرجعية متاحة؛ يلزم تحقق PM,ضمن الفحص المبدئي
10569893413167,garnier-tissue-mask-fast-fairness,قناع غارنييه للوجه سريع التفتيح,GARNIER,العناية بالبشرة,العناية بالبشرة,1,بسيط,97737,130,39,91,,غير متاح لدى المصدر,https://cdn.shopify.com/s/files/1/0935/9550/0847/files/Garnier-Tissue-Mask-Fast-Fairness.webp?v=1754298228,منتج قناع غارنييه للوجه سريع التفتيح من GARNIER. التصنيف المرجعي: العناية بالبشرة — بسيط. الوسوم المرجعية: Dark Spots، Face Mask، Skin Care، Skin Concerns، Treatments.,https://alfouadpharmacies.com/en/products/garnier-tissue-mask-fast-fairness,AlFouad Pharmacies,Verify usage rights before commercial publication,غير مثبت,غير مثبت,مرجعي فقط — غير معتمد للنشر التجاري,بيانات مرجعية متاحة؛ يلزم تحقق PM,ضمن الفحص المبدئي
10569890070831,garnier-fast-bright-vit-c-serum-30ml,مصل فيتامين سي من جارفير لتفتيح البشرة بسرعة 30 مل,GARNIER,العناية بالبشرة,العناية بالبشرة,1,بسيط,9225,330,99,231,,متاح لدى المصدر,https://cdn.shopify.com/s/files/1/0935/9550/0847/files/Garnier-Fast-Bright-Vit-C-Serum-30ML.webp?v=1754298264,منتج مصل فيتامين سي من جارفير لتفتيح البشرة بسرعة 30 مل من GARNIER. التصنيف المرجعي: العناية بالبشرة — بسيط. الوسوم المرجعية: Dark Spots، Serums، Skin Care، Skin Concerns، Treatments.,https://alfouadpharmacies.com/en/products/garnier-fast-bright-vit-c-serum-30ml,AlFouad Pharmacies,Verify usage rights before commercial publication,غير مثبت,غير مثبت,مرجعي فقط — غير معتمد للنشر التجاري,بيانات مرجعية متاحة؛ يلزم تحقق PM,ضمن الفحص المبدئي
10569833349423,the-ordinary-retinol-05-30ml,ذا أوردينري ريتينول 0.5 30 مل,The Ordinary,العناية بالبشرة,العناية بالبشرة,1,سيرم,89782,1799,539.7,1259.3,0,متاح لدى المصدر,https://cdn.shopify.com/s/files/1/0935/9550/0847/files/1-2026-07-06T163004.904.webp?v=1783344624,منتج ذا أوردينري ريتينول 0.5 30 مل من The Ordinary. التصنيف المرجعي: العناية بالبشرة — سيرم. الوسوم المرجعية: Anti-Aging، Dark Spots، Even Skin Tone، Fine Lines & Wrinkles، Serums، Skin Care، Skin Concerns، Treatments.,https://alfouadpharmacies.com/en/products/the-ordinary-retinol-05-30ml,AlFouad Pharmacies,Verify usage rights before commercial publication,غير مثبت,غير مثبت,مرجعي فقط — غير معتمد للنشر التجاري,بيانات مرجعية متاحة؛ يلزم تحقق PM,ضمن الفحص المبدئي
10569743925551,isis-teen-derm-purifying-gel-150-ml,جل تنظيف الوجه من آيزيس، تين ديرم، 150 مل,isis,العناية بالبشرة,العناية بالبشرة,1,غسول ,97560,599,179.7,419.3,,متاح لدى المصدر,https://cdn.shopify.com/s/files/1/0935/9550/0847/files/1_-_2026-06-30T161404.661.webp?v=1782825652,منتج جل تنظيف الوجه من آيزيس، تين ديرم، 150 مل من isis. التصنيف المرجعي: العناية بالبشرة — غسول . الوسوم المرجعية: Acne & Blemishes، Cleanser، Face Wash، Oily Skin، Pores، Skin Care، Skin Concerns.,https://alfouadpharmacies.com/en/products/isis-teen-derm-purifying-gel-150-ml,AlFouad Pharmacies,Verify usage rights before commercial publication,غير مثبت,غير مثبت,مرجعي فقط — غير معتمد للنشر التجاري,بيانات مرجعية متاحة؛ يلزم تحقق PM,ضمن الفحص المبدئي
10569716924719,eva-bb-collagen-cream-25spf-medium-50ml,كريم إيفا بي بي الكولاجين 25SPF (متوسط) 50 مل,AlFouad Pharmacies,العناية بالبشرة,العناية بالبشرة,1,بسيط,106203,270,81,189,,غير متاح لدى المصدر,https://cdn.shopify.com/s/files/1/0935/9550/0847/files/Eva-BB-Collagen-Cream-25SPF-Medium-50ml.webp?v=1754299258,منتج كريم إيفا بي بي الكولاجين 25SPF (متوسط) 50 مل من AlFouad Pharmacies. التصنيف المرجعي: العناية بالبشرة — بسيط. الوسوم المرجعية: Day Cream، Moisturizers، Skin Care.,https://alfouadpharmacies.com/en/products/eva-bb-collagen-cream-25spf-medium-50ml,AlFouad Pharmacies,Verify usage rights before commercial publication,غير مثبت,غير مثبت,مرجعي فقط — غير معتمد للنشر التجاري,بيانات مرجعية متاحة؛ يلزم تحقق PM,ضمن الفحص المبدئي
10569715679535,eva-skin-clinic-white-pearl-eye-cream-15ml,كريم العين بيرل وايت من إيفا سكين كلينك 15 مل,AlFouad Pharmacies,العناية بالبشرة,العناية بالبشرة,1,بسيط,6834,150,45,105,,غير متاح لدى المصدر,https://cdn.shopify.com/s/files/1/0935/9550/0847/files/Eva-Skin-Clinic-White-Pearl-Eye-Cream-15ml.webp?v=1754299279,منتج كريم العين بيرل وايت من إيفا سكين كلينك 15 مل من AlFouad Pharmacies. التصنيف المرجعي: العناية بالبشرة — بسيط. الوسوم المرجعية: Eye & Lip، Eye Care، Eye Contour، Skin Care.,https://alfouadpharmacies.com/en/products/eva-skin-clinic-white-pearl-eye-cream-15ml,AlFouad Pharmacies,Verify usage rights before commercial publication,غير مثبت,غير مثبت,مرجعي فقط — غير معتمد للنشر التجاري,بيانات مرجعية متاحة؛ يلزم تحقق PM,ضمن الفحص المبدئي
10569714991407,eva-natural-glow-facial-wash-combined-skin-100ml,غسول الوجه إيفا ناتشورال جلو للبشرة المختلطة 100 مل,AlFouad Pharmacies,العناية بالبشرة,العناية بالبشرة,1,بسيط,5717,65,19.5,45.5,,متاح لدى المصدر,https://cdn.shopify.com/s/files/1/0935/9550/0847/files/Eva-Natural-Glow-Facial-Wash-Combined-Skin-100ml-2.webp?v=1754299294,منتج غسول الوجه إيفا ناتشورال جلو للبشرة المختلطة 100 مل من AlFouad Pharmacies. التصنيف المرجعي: العناية بالبشرة — بسيط. الوسوم المرجعية: Cleanser، Even Skin Tone، Face Wash، Skin Care، Skin Concerns.,https://alfouadpharmacies.com/en/products/eva-natural-glow-facial-wash-combined-skin-100ml,AlFouad Pharmacies,Verify usage rights before commercial publication,غير مثبت,غير مثبت,مرجعي فقط — غير معتمد للنشر التجاري,بيانات مرجعية متاحة؛ يلزم تحقق PM,ضمن الفحص المبدئي
16107347607855,كريم-سيباكلار-مرطب-للبشرة-الدهنية-50-مل,كريم سيباكلار مرطب للبشرة الدهنية 50 مل,HAYAH,العناية بالبشرة,العناية بالبشرة,1,كريم ترطيب ,111707,286,85.8,200.2,,متاح لدى المصدر,https://cdn.shopify.com/s/files/1/0935/9550/0847/files/Hayah_laboratories_03-09-20261244.webp?v=1785586523,منتج كريم سيباكلار مرطب للبشرة الدهنية 50 مل من HAYAH. التصنيف المرجعي: العناية بالبشرة — كريم ترطيب . الوسوم المرجعية: hydra cream، Moisturizer Cream، Oily Skin.,https://alfouadpharmacies.com/en/products/كريم-سيباكلار-مرطب-للبشرة-الدهنية-50-مل,AlFouad Pharmacies,Verify usage rights before commercial publication,غير مثبت,غير مثبت,مرجعي فقط — غير معتمد للنشر التجاري,بيانات مرجعية متاحة؛ يلزم تحقق PM,ضمن الفحص المبدئي
10569966387503,starville-whitening-antipers-spray-150ml-fresh-breeze,بخاخ ستارفيل لتبييض البشرة مضاد للعرق 150 مل، رائحة منعشة,parkville,العناية بالبشرة,العناية بالبشرة | العناية بالجسم,2,بسيط,112705,180,54,126,,متاح لدى المصدر,https://cdn.shopify.com/s/files/1/0935/9550/0847/files/Starville-Whitening-Antipers-Spray-150ML-Fresh-Bre.webp?v=1754297532,منتج بخاخ ستارفيل لتبييض البشرة مضاد للعرق 150 مل، رائحة منعشة من parkville. التصنيف المرجعي: العناية بالبشرة — بسيط. الوسوم المرجعية: Body Care، Body Concerns، Body Spray، Deodrant، Even Skin Tone / Pigmentation، Sensetive Skin، starville.,https://alfouadpharmacies.com/en/products/starville-whitening-antipers-spray-150ml-fresh-breeze,AlFouad Pharmacies,Verify usage rights before commercial publication,غير مثبت,غير مثبت,مرجعي فقط — غير معتمد للنشر التجاري,بيانات مرجعية متاحة؛ يلزم تحقق PM,ضمن الفحص المبدئي
10569831612719,avuva-white-paste-100-gm-sudanese-dalka,معجون أبيض افوفا 100 جرام دالكا سودانية,AlFouad Pharmacies,العناية بالبشرة,العناية بالبشرة | العناية بالجسم,2,بسيط,10712,35,10.5,24.5,,متاح لدى المصدر,https://cdn.shopify.com/s/files/1/0935/9550/0847/files/avuva-sudanese-dalka-sugar-paste-100gm-815581.webp?v=1754298584,منتج معجون أبيض افوفا 100 جرام دالكا سودانية من AlFouad Pharmacies. التصنيف المرجعي: العناية بالبشرة — بسيط. الوسوم المرجعية: Body Care، Body Concerns، Hair Removal، Sensetive Skin.,https://alfouadpharmacies.com/en/products/avuva-white-paste-100-gm-sudanese-dalka,AlFouad Pharmacies,Verify usage rights before commercial publication,غير مثبت,غير مثبت,مرجعي فقط — غير معتمد للنشر التجاري,بيانات مرجعية متاحة؛ يلزم تحقق PM,ضمن الفحص المبدئي
12689439850799,la-roche-anthelios-hydrating-lotion-spf-50-75ml,لوشن مرطب لاروش أنثيليوس بعامل حماية من الشمس +50، 75 مل,La Roch Possay,العناية بالبشرة,العناية بالبشرة,1,sunscreen,113645,1190,357,833,,متاح لدى المصدر,https://cdn.shopify.com/s/files/1/0935/9550/0847/files/La_Roche_Anthelios_Hydrating_Lotion_SPF50_75ml.webp?v=1789625468,منتج لوشن مرطب لاروش أنثيليوس بعامل حماية من الشمس +50، 75 مل من La Roch Possay. التصنيف المرجعي: العناية بالبشرة — sunscreen. الوسوم المرجعية: Dryness، La roche، Oily Skin، Sun Care، Sunscreen، Sunscreen Lotion، Sunscreen Spray.,https://alfouadpharmacies.com/en/products/la-roche-anthelios-hydrating-lotion-spf-50-75ml,AlFouad Pharmacies,Verify usage rights before commercial publication,غير مثبت,غير مثبت,مرجعي فقط — غير معتمد للنشر التجاري,بيانات مرجعية متاحة؛ يلزم تحقق PM,ضمن الفحص المبدئي
10569739469103,beesline-white-roll-on-50ml-pacific-island,بيزلين وايت. رول أون 50 مل جزيرة المحيط الهادئ,AlFouad Pharmacies,العناية بالبشرة,العناية بالبشرة | العناية بالجسم,2,بسيط,95939,350,105,245,,متاح لدى المصدر,https://cdn.shopify.com/s/files/1/0935/9550/0847/files/Beesline-White.-Roll-On-50ML-Pacific-Island.webp?v=1754298946,منتج بيزلين وايت. رول أون 50 مل جزيرة المحيط الهادئ من AlFouad Pharmacies. التصنيف المرجعي: العناية بالبشرة — بسيط. الوسوم المرجعية: Body Care، Body Concerns، Deodrant، Even Skin Tone / Pigmentation، Sensetive Skin.,https://alfouadpharmacies.com/en/products/beesline-white-roll-on-50ml-pacific-island,AlFouad Pharmacies,Verify usage rights before commercial publication,غير مثبت,غير مثبت,مرجعي فقط — غير معتمد للنشر التجاري,بيانات مرجعية متاحة؛ يلزم تحقق PM,ضمن الفحص المبدئي
10569738617135,beesline-white-roll-on-50ml-cool-breeze,بيزلين وايت. رول أون 50 مل برائحة النسيم المنعشة,Beesline,العناية بالبشرة,العناية بالبشرة | العناية بالجسم,2,بسيط,95931,350,105,245,,متاح لدى المصدر,https://cdn.shopify.com/s/files/1/0935/9550/0847/files/Beesline-White.-Roll-On-50ML-Cool-Breeze.webp?v=1754298953,منتج بيزلين وايت. رول أون 50 مل برائحة النسيم المنعشة من Beesline. التصنيف المرجعي: العناية بالبشرة — بسيط. الوسوم المرجعية: Body Care، Body Concerns، Deodrant، Even Skin Tone / Pigmentation، Sensetive Skin.,https://alfouadpharmacies.com/en/products/beesline-white-roll-on-50ml-cool-breeze,AlFouad Pharmacies,Verify usage rights before commercial publication,غير مثبت,غير مثبت,مرجعي فقط — غير معتمد للنشر التجاري,بيانات مرجعية متاحة؛ يلزم تحقق PM,ضمن الفحص المبدئي
12689810555183,starville-whitening-cleanser-200ml,منظف تفتيح ستارفيل 200 مل,parkville,العناية بالبشرة,العناية بالبشرة,1,بسيط,104465,180,54,126,,متاح لدى المصدر,https://cdn.shopify.com/s/files/1/0935/9550/0847/files/StarvilleWhiteningCleanser200ml.webp?v=1771838880,منتج منظف تفتيح ستارفيل 200 مل من parkville. التصنيف المرجعي: العناية بالبشرة — بسيط. الوسوم المرجعية: Cleanser، Dark Spots، Face Wash، Skin Care، Skin Concerns.,https://alfouadpharmacies.com/en/products/starville-whitening-cleanser-200ml,AlFouad Pharmacies,Verify usage rights before commercial publication,غير مثبت,غير مثبت,مرجعي فقط — غير معتمد للنشر التجاري,بيانات مرجعية متاحة؛ يلزم تحقق PM,ضمن الفحص المبدئي
12689810424111,dermactive-acti-white-bright-correct-serum-30ml,مصل ديرم اكتيف اكتي وايت لتفتيح البشرة وتصحيحها 30 مل,DERMACTIVE,العناية بالبشرة,العناية بالبشرة,1,بسيط,1786,269,80.7,188.3,,متاح لدى المصدر,https://cdn.shopify.com/s/files/1/0935/9550/0847/files/DERMACTIVE_FIXED_1615x1615_1.webp?v=1771501849,منتج مصل ديرم اكتيف اكتي وايت لتفتيح البشرة وتصحيحها 30 مل من DERMACTIVE. التصنيف المرجعي: العناية بالبشرة — بسيط. الوسوم المرجعية: Dark Spots، Serums، Skin Care، Skin Concerns، Treatments.,https://alfouadpharmacies.com/en/products/dermactive-acti-white-bright-correct-serum-30ml,AlFouad Pharmacies,Verify usage rights before commercial publication,غير مثبت,غير مثبت,مرجعي فقط — غير معتمد للنشر التجاري,بيانات مرجعية متاحة؛ يلزم تحقق PM,ضمن الفحص المبدئي
12689810358575,shaan-soothing-gel-120gm,جل شان المهدئ 120 جرام,shaan,العناية بالبشرة,العناية بالبشرة,1,بسيط,101657,190,57,133,,متاح لدى المصدر,https://cdn.shopify.com/s/files/1/0935/9550/0847/files/ShaanSoothingGel120gm.webp?v=1771840967,منتج جل شان المهدئ 120 جرام من shaan. التصنيف المرجعي: العناية بالبشرة — بسيط. الوسوم المرجعية: Hydro-gel، Moisturizers، Oily Skin، shaan، Skin Care، Skin Concerns.,https://alfouadpharmacies.com/en/products/shaan-soothing-gel-120gm,AlFouad Pharmacies,Verify usage rights before commercial publication,غير مثبت,غير مثبت,مرجعي فقط — غير معتمد للنشر التجاري,بيانات مرجعية متاحة؛ يلزم تحقق PM,ضمن الفحص المبدئي
12689796956463,eva-skin-clinic-white-pearl-sheet-mask-3-pcs,قناع الوجه الورقي من إيفا سكين كلينك، لؤلؤ أبيض، 3 قطع.,AlFouad Pharmacies,العناية بالبشرة,العناية بالبشرة,1,بسيط,96666,100,30,70,,متاح لدى المصدر,https://cdn.shopify.com/s/files/1/0935/9550/0847/files/81tjtpNM7GL.webp?v=1771843426,منتج قناع الوجه الورقي من إيفا سكين كلينك، لؤلؤ أبيض، 3 قطع. من AlFouad Pharmacies. التصنيف المرجعي: العناية بالبشرة — بسيط. الوسوم المرجعية: Dullness، Face Mask، Skin Care، Skin Concerns، Treatments.,https://alfouadpharmacies.com/en/products/eva-skin-clinic-white-pearl-sheet-mask-3-pcs,AlFouad Pharmacies,Verify usage rights before commercial publication,غير مثبت,غير مثبت,مرجعي فقط — غير معتمد للنشر التجاري,بيانات مرجعية متاحة؛ يلزم تحقق PM,ضمن الفحص المبدئي
12689796858159,eva-skin-clinic-charcoal-sheet-mask-3-pcs,قناع الوجه من إيفا سكين كلينك بالفحم، 3 قطع.,AlFouad Pharmacies,العناية بالبشرة,العناية بالبشرة,1,بسيط,5396,90,27,63,,متاح لدى المصدر,https://cdn.shopify.com/s/files/1/0935/9550/0847/files/Eva-Skin-Clinic-Charcoal-Sheet-Mask-3-sheets-Anwar-Store-253.webp?v=1771843442,منتج قناع الوجه من إيفا سكين كلينك بالفحم، 3 قطع. من AlFouad Pharmacies. التصنيف المرجعي: العناية بالبشرة — بسيط. الوسوم المرجعية: Face Mask، Pores، Skin Care، Skin Concerns، Treatments.,https://alfouadpharmacies.com/en/products/eva-skin-clinic-charcoal-sheet-mask-3-pcs,AlFouad Pharmacies,Verify usage rights before commercial publication,غير مثبت,غير مثبت,مرجعي فقط — غير معتمد للنشر التجاري,بيانات مرجعية متاحة؛ يلزم تحقق PM,ضمن الفحص المبدئي
12689690657071,labello-lip-balm-cherry,بلسم الشفاه لابيّلو بنكهة الكرز,AlFouad Pharmacies,العناية بالبشرة,العناية بالبشرة,1,بسيط,9605,120,36,84,,متاح لدى المصدر,https://cdn.shopify.com/s/files/1/0935/9550/0847/files/68931fa2db8629812ae07367.webp?v=1772274309,منتج بلسم الشفاه لابيّلو بنكهة الكرز من AlFouad Pharmacies. التصنيف المرجعي: العناية بالبشرة — بسيط. الوسوم المرجعية: Dryness، Eye & Lip، Lip، Lip Balm، Skin Care، Skin Concerns.,https://alfouadpharmacies.com/en/products/labello-lip-balm-cherry,AlFouad Pharmacies,Verify usage rights before commercial publication,غير مثبت,غير مثبت,مرجعي فقط — غير معتمد للنشر التجاري,بيانات مرجعية متاحة؛ يلزم تحقق PM,ضمن الفحص المبدئي
12689564598575,neutrogena-spot-controlling-facial-wash-200ml-1,غسول الوجه نيتروجينا فريش كلير 200 مل,Neutrogena,العناية بالبشرة,العناية بالبشرة,1,,91514,300,90,210,,متاح لدى المصدر,https://cdn.shopify.com/s/files/1/0935/9550/0847/files/Neutrogena-Fresh-Clear-200ML-Pink-Facial-Wash_e3972edc-d9a4-486a-9dcf-a322634f8392.webp?v=1772105327,منتج غسول الوجه نيتروجينا فريش كلير 200 مل من Neutrogena. التصنيف المرجعي: العناية بالبشرة. الوسوم المرجعية: Dark Spots، Oily Skin، Skin Care.,https://alfouadpharmacies.com/en/products/neutrogena-spot-controlling-facial-wash-200ml-1,AlFouad Pharmacies,Verify usage rights before commercial publication,غير مثبت,غير مثبت,مرجعي فقط — غير معتمد للنشر التجاري,بيانات مرجعية متاحة؛ يلزم تحقق PM,ضمن الفحص المبدئي
12689553654063,cosrx-advanc-snail-96-mucin-power-essenc-100ml,خلاصة موسين باور من كوسركس أدفانس سنايل 96، 100 مل ,korean product,العناية بالبشرة,العناية بالبشرة | الجمال الكوري,2,,32070,1296,388.8,907.2,,غير متاح لدى المصدر,https://cdn.shopify.com/s/files/1/0935/9550/0847/files/cosrx_snail96_ecommerce_standard.webp?v=1771833051,منتج خلاصة موسين باور من كوسركس أدفانس سنايل 96، 100 مل  من korean product. التصنيف المرجعي: العناية بالبشرة. الوسوم المرجعية: Anti-Aging، Fine Lines & Wrinkles، korean product، Serums، Skin Care.,https://alfouadpharmacies.com/en/products/cosrx-advanc-snail-96-mucin-power-essenc-100ml,AlFouad Pharmacies,Verify usage rights before commercial publication,غير مثبت,غير مثبت,مرجعي فقط — غير معتمد للنشر التجاري,بيانات مرجعية متاحة؛ يلزم تحقق PM,ضمن الفحص المبدئي
12689552736559,axis-y-vegan-collagen-eye-serum-10ml,سيروم الكولاجين النباتي للعين من أكسيس-واي 10 مل ,korean product,العناية بالبشرة,العناية بالبشرة | الجمال الكوري,2,,113955,1250,375,875,,متاح لدى المصدر,https://cdn.shopify.com/s/files/1/0935/9550/0847/files/axisy_vegan_collagen_eye_serum_ecommerce_standard.webp?v=1771834660,منتج سيروم الكولاجين النباتي للعين من أكسيس-واي 10 مل  من korean product. التصنيف المرجعي: العناية بالبشرة. الوسوم المرجعية: Dark Circles & Puffiness، Eye Contour، korean product، Skin Care.,https://alfouadpharmacies.com/en/products/axis-y-vegan-collagen-eye-serum-10ml,AlFouad Pharmacies,Verify usage rights before commercial publication,غير مثبت,غير مثبت,مرجعي فقط — غير معتمد للنشر التجاري,بيانات مرجعية متاحة؛ يلزم تحقق PM,ضمن الفحص المبدئي
12689540350255,natavis-brightening-serum-30ml,سيروم ناتافيس لتفتيح البشرة 30 مل,AlFouad Pharmacies,العناية بالبشرة,العناية بالبشرة,1,,13730,619,185.7,433.3,,متاح لدى المصدر,https://cdn.shopify.com/s/files/1/0935/9550/0847/files/brightening-serum-natavis-k8S.webp?v=1772107985,منتج سيروم ناتافيس لتفتيح البشرة 30 مل من AlFouad Pharmacies. التصنيف المرجعي: العناية بالبشرة. الوسوم المرجعية: Dark Spots، Even Skin Tone، Even Skin Tone / Pigmentation، Serums، Skin Care.,https://alfouadpharmacies.com/en/products/natavis-brightening-serum-30ml,AlFouad Pharmacies,Verify usage rights before commercial publication,غير مثبت,غير مثبت,مرجعي فقط — غير معتمد للنشر التجاري,بيانات مرجعية متاحة؛ يلزم تحقق PM,ضمن الفحص المبدئي
12689512300847,kolagra-oily-skin-cleanser-200ml,غسول كولاجرا للبشرة الدهنية 200 مل,Kolagra,العناية بالبشرة,العناية بالبشرة,1,,112644,165,49.5,115.5,165,متاح لدى المصدر,https://cdn.shopify.com/s/files/1/0935/9550/0847/files/Kolagra_OilySkinCleanser_200ml_PureWhite_1615x1615_0c9ea705-baff-40a7-a979-3703ca917a48.webp?v=1772240008,منتج غسول كولاجرا للبشرة الدهنية 200 مل من Kolagra. التصنيف المرجعي: العناية بالبشرة. الوسوم المرجعية: Acne & Blemishes، Cleanser، Face Wash، Oily Skin، Skin Care.,https://alfouadpharmacies.com/en/products/kolagra-oily-skin-cleanser-200ml,AlFouad Pharmacies,Verify usage rights before commercial publication,غير مثبت,غير مثبت,مرجعي فقط — غير معتمد للنشر التجاري,بيانات مرجعية متاحة؛ يلزم تحقق PM,ضمن الفحص المبدئي
10589422879023,vacation-retinol-face-serum-30ml-1,سيروم ريتينول للوجه للعطلات 30 مل ,vacation,العناية بالبشرة,العناية بالبشرة,1,,112894,550,165,385,0,متاح لدى المصدر,https://cdn.shopify.com/s/files/1/0935/9550/0847/files/VacationRetinolFaceSerum30ML_11zon.webp?v=1790501514,منتج سيروم ريتينول للوجه للعطلات 30 مل  من vacation. التصنيف المرجعي: العناية بالبشرة. الوسوم المرجعية: Anti-Aging، Fine Lines & Wrinkles، Serums، Skin Care، Treatments.,https://alfouadpharmacies.com/en/products/vacation-retinol-face-serum-30ml-1,AlFouad Pharmacies,Verify usage rights before commercial publication,غير مثبت,غير مثبت,مرجعي فقط — غير معتمد للنشر التجاري,بيانات مرجعية متاحة؛ يلزم تحقق PM,ضمن الفحص المبدئي
10569899180335,neutrogena-retinol-boost-intense-night-serum-30ml,مصل نيوتروجينا ريتينول بوست المكثف الليلي 30 مل,Neutrogena,العناية بالبشرة,العناية بالبشرة,1,بسيط,9276,885,265.5,619.5,,متاح لدى المصدر,https://cdn.shopify.com/s/files/1/0935/9550/0847/files/Neutrogena-Retinol-Boost-Intense-Night-Serum-30ML.webp?v=1754298154,منتج مصل نيوتروجينا ريتينول بوست المكثف الليلي 30 مل من Neutrogena. التصنيف المرجعي: العناية بالبشرة — بسيط. الوسوم المرجعية: Anti-Aging، Serums، Skin Care، Skin Concerns، Treatments.,https://alfouadpharmacies.com/en/products/neutrogena-retinol-boost-intense-night-serum-30ml,AlFouad Pharmacies,Verify usage rights before commercial publication,غير مثبت,غير مثبت,مرجعي فقط — غير معتمد للنشر التجاري,بيانات مرجعية متاحة؛ يلزم تحقق PM,ضمن الفحص المبدئي
10569895870767,jampj-micellar-cleansing-rose-water-400ml,ماء الورد المنظف من جونسون آند جونسون، 400 مل,J&J,العناية بالبشرة,العناية بالبشرة,1,بسيط,102211,225,67.5,157.5,,متاح لدى المصدر,https://cdn.shopify.com/s/files/1/0935/9550/0847/files/Johnsons_Fresh_Hydration_Micellar_400ml_1615x1615_7595b2db-d182-4aad-8b86-2d4ea78ecd82.webp?v=1771846990,منتج ماء الورد المنظف من جونسون آند جونسون، 400 مل من J&J. التصنيف المرجعي: العناية بالبشرة — بسيط. الوسوم المرجعية: Cleanser، Makeup Removers، Skin Care.,https://alfouadpharmacies.com/en/products/jampj-micellar-cleansing-rose-water-400ml,AlFouad Pharmacies,Verify usage rights before commercial publication,غير مثبت,غير مثبت,مرجعي فقط — غير معتمد للنشر التجاري,بيانات مرجعية متاحة؛ يلزم تحقق PM,ضمن الفحص المبدئي
10569815621935,vichy-thermal-fresh-cleansing-gel-200ml,جل تنظيف فيشي ترمال فريش 200 مل,Vichy,العناية بالبشرة,العناية بالبشرة,1,بسيط,111145,720,216,504,,غير متاح لدى المصدر,https://cdn.shopify.com/s/files/1/0935/9550/0847/files/1_33.webp?v=1780563677,منتج جل تنظيف فيشي ترمال فريش 200 مل من Vichy. التصنيف المرجعي: العناية بالبشرة — بسيط. الوسوم المرجعية: Cleanser، Dehydrated Skin، Dryness، Face Wash، Sensitive Skin / Redness، Skin Care، Skin Concerns.,https://alfouadpharmacies.com/en/products/vichy-thermal-fresh-cleansing-gel-200ml,AlFouad Pharmacies,Verify usage rights before commercial publication,غير مثبت,غير مثبت,مرجعي فقط — غير معتمد للنشر التجاري,بيانات مرجعية متاحة؛ يلزم تحقق PM,ضمن الفحص المبدئي
10569815392559,vichy-normaderm-micellar-water-200-ml,ماء ميسيلار فيشي نورماديرم 200 مل,Vichy,العناية بالبشرة,العناية بالبشرة,1,تونر ,106469,700,210,490,,غير متاح لدى المصدر,https://cdn.shopify.com/s/files/1/0935/9550/0847/files/1_31.webp?v=1780560991,منتج ماء ميسيلار فيشي نورماديرم 200 مل من Vichy. التصنيف المرجعي: العناية بالبشرة — تونر . الوسوم المرجعية: Acne & Blemishes، Cleanser، Makeup Removers، Oily Skin، Skin Care، Skin Concerns.,https://alfouadpharmacies.com/en/products/vichy-normaderm-micellar-water-200-ml,AlFouad Pharmacies,Verify usage rights before commercial publication,غير مثبت,غير مثبت,مرجعي فقط — غير معتمد للنشر التجاري,بيانات مرجعية متاحة؛ يلزم تحقق PM,ضمن الفحص المبدئي
10569742025007,eucerin-dermo-purifyer-skin-renewal-cream-40ml,كريم يوسيرين ديرمو-بيوريفاير لتجديد البشرة 40 مل,Eucerin,العناية بالبشرة,العناية بالبشرة,1,بسيط,95330,775,232.5,542.5,0,غير متاح لدى المصدر,https://cdn.shopify.com/s/files/1/0935/9550/0847/files/Eucerin-Dermo-Purifyer-Skin-Renewal-Cream-40ML.webp?v=1754298906,منتج كريم يوسيرين ديرمو-بيوريفاير لتجديد البشرة 40 مل من Eucerin. التصنيف المرجعي: العناية بالبشرة — بسيط. الوسوم المرجعية: Acne & Blemishes، Oily Skin، Pores، Skin Care، Skin Concerns، Treatment Cream، Treatments.,https://alfouadpharmacies.com/en/products/eucerin-dermo-purifyer-skin-renewal-cream-40ml,AlFouad Pharmacies,Verify usage rights before commercial publication,غير مثبت,غير مثبت,مرجعي فقط — غير معتمد للنشر التجاري,بيانات مرجعية متاحة؛ يلزم تحقق PM,ضمن الفحص المبدئي
10569740452143,كريم-بيونيكس-بيرفيديرم-ألترا-المرطب-للوجه-50-مل,كريم بيونيكس بيرفيديرم ألترا المرطب للوجه 50 مل,BIONNEX,العناية بالبشرة,العناية بالبشرة,1,كريم مرطب ,28131,479,143.7,335.3,,متاح لدى المصدر,https://cdn.shopify.com/s/files/1/0935/9550/0847/files/1_-_2026-07-29T114441.981.webp?v=1785314694,منتج كريم بيونيكس بيرفيديرم ألترا المرطب للوجه 50 مل من BIONNEX. التصنيف المرجعي: العناية بالبشرة — كريم مرطب . الوسوم المرجعية: Dry Skin، Dryness، Moisturizer Cream، Moisturizers، Skin Care، Skin Concerns.,https://alfouadpharmacies.com/en/products/كريم-بيونيكس-بيرفيديرم-ألترا-المرطب-للوجه-50-مل,AlFouad Pharmacies,Verify usage rights before commercial publication,غير مثبت,غير مثبت,مرجعي فقط — غير معتمد للنشر التجاري,بيانات مرجعية متاحة؛ يلزم تحقق PM,ضمن الفحص المبدئي
10569717317935,starville-whitening-micller-water-200ml,ماء ميسيلار لتفتيح البشرة من ستارفيل 200 مل,parkville,العناية بالبشرة,العناية بالبشرة,1,بسيط,9024,125,37.5,87.5,,غير متاح لدى المصدر,https://cdn.shopify.com/s/files/1/0935/9550/0847/files/Starville-Whitening-Micller-Water-200ml.webp?v=1754299251,منتج ماء ميسيلار لتفتيح البشرة من ستارفيل 200 مل من parkville. التصنيف المرجعي: العناية بالبشرة — بسيط. الوسوم المرجعية: Cleanser، Makeup Removers، Skin Care، starville.,https://alfouadpharmacies.com/en/products/starville-whitening-micller-water-200ml,AlFouad Pharmacies,Verify usage rights before commercial publication,غير مثبت,غير مثبت,مرجعي فقط — غير معتمد للنشر التجاري,بيانات مرجعية متاحة؛ يلزم تحقق PM,ضمن الفحص المبدئي
10569716269359,starville-vit-c-serum-face-neck-30ml-off,سيروم فيتامين سي من ستارفيل للوجه والرقبة 30 مل ,parkville,العناية بالبشرة,العناية بالبشرة,1,بسيط,86862,320,96,224,,متاح لدى المصدر,https://cdn.shopify.com/s/files/1/0935/9550/0847/files/Starville-Vit-C-Serum-Face-Neck-30ml-off.webp?v=1754299268,منتج سيروم فيتامين سي من ستارفيل للوجه والرقبة 30 مل  من parkville. التصنيف المرجعي: العناية بالبشرة — بسيط. الوسوم المرجعية: Anti-Aging، Serums، Skin Care، Skin Concerns، starville، Treatments.,https://alfouadpharmacies.com/en/products/starville-vit-c-serum-face-neck-30ml-off,AlFouad Pharmacies,Verify usage rights before commercial publication,غير مثبت,غير مثبت,مرجعي فقط — غير معتمد للنشر التجاري,بيانات مرجعية متاحة؛ يلزم تحقق PM,ضمن الفحص المبدئي
10569715908911,eva-natural-glow-facial-scrub-100ml,مقشر الوجه إيفا ناتشورال جلو 100 مل,AlFouad Pharmacies,العناية بالبشرة,العناية بالبشرة,1,بسيط,5924,70,21,49,,متاح لدى المصدر,https://cdn.shopify.com/s/files/1/0935/9550/0847/files/Eva-Natural-Glow-Facial-Scrub-100ml.webp?v=1754299275,منتج مقشر الوجه إيفا ناتشورال جلو 100 مل من AlFouad Pharmacies. التصنيف المرجعي: العناية بالبشرة — بسيط. الوسوم المرجعية: Cleanser، Face Scrub، Skin Care.,https://alfouadpharmacies.com/en/products/eva-natural-glow-facial-scrub-100ml,AlFouad Pharmacies,Verify usage rights before commercial publication,غير مثبت,غير مثبت,مرجعي فقط — غير معتمد للنشر التجاري,بيانات مرجعية متاحة؛ يلزم تحقق PM,ضمن الفحص المبدئي
10569714499887,alejon-dry-skin-cleanser-150ml,منظف البشرة الجافة من أليجون 150 مل,ALEJON,العناية بالبشرة,العناية بالبشرة,1,بسيط,18471,250,75,175,,متاح لدى المصدر,https://cdn.shopify.com/s/files/1/0935/9550/0847/files/Alejon-Dry-Skin-Cleanser-150ml.webp?v=1754299304,منتج منظف البشرة الجافة من أليجون 150 مل من ALEJON. التصنيف المرجعي: العناية بالبشرة — بسيط. الوسوم المرجعية: Cleanser، Dry Skin، Face Wash، Skin Care، Skin Concerns.,https://alfouadpharmacies.com/en/products/alejon-dry-skin-cleanser-150ml,AlFouad Pharmacies,Verify usage rights before commercial publication,غير مثبت,غير مثبت,مرجعي فقط — غير معتمد للنشر التجاري,بيانات مرجعية متاحة؛ يلزم تحقق PM,ضمن الفحص المبدئي
10569804448047,uriage-deodorant-douceur-b-50ml,مزيل عرق يورياج ديودوران ديسور اللطيف للبشرة الحساسة 50 مل,URIAGE,العناية بالبشرة,العناية بالبشرة | العناية بالجسم,2,بسيط,103673,799,239.7,559.3,,متاح لدى المصدر,https://cdn.shopify.com/s/files/1/0935/9550/0847/files/Uriage_Deodorant_Douceur_B_50ml.webp?v=1790667381,منتج مزيل عرق يورياج ديودوران ديسور اللطيف للبشرة الحساسة 50 مل من URIAGE. التصنيف المرجعي: العناية بالبشرة — بسيط. الوسوم المرجعية: Body Care، Body Concerns، Deodrant، Sensetive Skin.,https://alfouadpharmacies.com/en/products/uriage-deodorant-douceur-b-50ml,AlFouad Pharmacies,Verify usage rights before commercial publication,غير مثبت,غير مثبت,مرجعي فقط — غير معتمد للنشر التجاري,بيانات مرجعية متاحة؛ يلزم تحقق PM,ضمن الفحص المبدئي
12689553817903,beauty-of-joseon-rice-probiotics-spf50-50ml,كريم بيوتي أوف جوسون رايس + بروبيوتيك مع عامل حماية من الشمس 50+، 50 مل ,korean product,العناية بالبشرة,العناية بالبشرة | الجمال الكوري,2,,113902,1332,399.6,932.4,,غير متاح لدى المصدر,https://cdn.shopify.com/s/files/1/0935/9550/0847/files/boj_relief_sun_ecommerce_standard_1_763fd681-1fb1-42c2-a1d7-8aa15fd05467.webp?v=1771831724,منتج كريم بيوتي أوف جوسون رايس + بروبيوتيك مع عامل حماية من الشمس 50+، 50 مل  من korean product. التصنيف المرجعي: العناية بالبشرة. الوسوم المرجعية: Dark Spots، Dry Skin، Even Skin Tone، korean product، SPF 50، Sun Care، Sunscreen Cream.,https://alfouadpharmacies.com/en/products/beauty-of-joseon-rice-probiotics-spf50-50ml,AlFouad Pharmacies,Verify usage rights before commercial publication,غير مثبت,غير مثبت,مرجعي فقط — غير معتمد للنشر التجاري,بيانات مرجعية متاحة؛ يلزم تحقق PM,ضمن الفحص المبدئي
10569739305263,beesline-white-roll-on-50ml-men-fragrance-free,بيزلين وايت. رول أون 50 مل للرجال، بدون عطر.,AlFouad Pharmacies,العناية بالبشرة,العناية بالبشرة | العناية بالجسم,2,بسيط,108140,350,105,245,,غير متاح لدى المصدر,https://cdn.shopify.com/s/files/1/0935/9550/0847/files/Beesline-White.-Roll-On-50ML-Men-Fragrance-Free.webp?v=1754298947,منتج بيزلين وايت. رول أون 50 مل للرجال، بدون عطر. من AlFouad Pharmacies. التصنيف المرجعي: العناية بالبشرة — بسيط. الوسوم المرجعية: Body Care، Body Concerns، Deodrant، Even Skin Tone / Pigmentation، Sensetive Skin.,https://alfouadpharmacies.com/en/products/beesline-white-roll-on-50ml-men-fragrance-free,AlFouad Pharmacies,Verify usage rights before commercial publication,غير مثبت,غير مثبت,مرجعي فقط — غير معتمد للنشر التجاري,بيانات مرجعية متاحة؛ يلزم تحقق PM,ضمن الفحص المبدئي
12689811145007,dermactive-acti-clear-hydra-matt-cream-gel-50ml,جل كريم ديرم اكتيف اكتي-كلير هيدرا مات 50 مل,DERMACTIVE,العناية بالبشرة,العناية بالبشرة,1,بسيط,25695,195,58.5,136.5,,متاح لدى المصدر,https://cdn.shopify.com/s/files/1/0935/9550/0847/files/DERMACTIVE_HYDRA_MATT_FIXED_1615x1615_77cbfabe-7569-434d-907b-7e491415217d.webp?v=1771502860,منتج جل كريم ديرم اكتيف اكتي-كلير هيدرا مات 50 مل من DERMACTIVE. التصنيف المرجعي: العناية بالبشرة — بسيط. الوسوم المرجعية: Acne & Blemishes، Hydro-gel، Moisturizers، Skin Care، Skin Concerns.,https://alfouadpharmacies.com/en/products/dermactive-acti-clear-hydra-matt-cream-gel-50ml,AlFouad Pharmacies,Verify usage rights before commercial publication,غير مثبت,غير مثبت,مرجعي فقط — غير معتمد للنشر التجاري,بيانات مرجعية متاحة؛ يلزم تحقق PM,ضمن الفحص المبدئي
12689810587951,starville-acne-facial-cleanser-gel-200ml,جل منظف للوجه لعلاج حب الشباب من ستارفيل 200 مل,parkville,العناية بالبشرة,العناية بالبشرة,1,بسيط,104809,140,42,98,,متاح لدى المصدر,https://cdn.shopify.com/s/files/1/0935/9550/0847/files/StarvilleAcneFacialCleanserGel200ml.webp?v=1771838849,منتج جل منظف للوجه لعلاج حب الشباب من ستارفيل 200 مل من parkville. التصنيف المرجعي: العناية بالبشرة — بسيط. الوسوم المرجعية: Acne & Blemishes، Cleanser، Exfoliators، Oily Skin، Skin Care، Skin Concerns.,https://alfouadpharmacies.com/en/products/starville-acne-facial-cleanser-gel-200ml,AlFouad Pharmacies,Verify usage rights before commercial publication,غير مثبت,غير مثبت,مرجعي فقط — غير معتمد للنشر التجاري,بيانات مرجعية متاحة؛ يلزم تحقق PM,ضمن الفحص المبدئي
12689809572143,shaan-soothing-gel-60gm,جل شان المهدئ 60 جرام,shaan,العناية بالبشرة,العناية بالبشرة,1,بسيط,107474,120,36,84,,متاح لدى المصدر,https://cdn.shopify.com/s/files/1/0935/9550/0847/files/ShaanSoothingGel60gm.webp?v=1771841082,منتج جل شان المهدئ 60 جرام من shaan. التصنيف المرجعي: العناية بالبشرة — بسيط. الوسوم المرجعية: Hydro-gel، Moisturizers، Oily Skin، shaan، Skin Care، Skin Concerns.,https://alfouadpharmacies.com/en/products/shaan-soothing-gel-60gm,AlFouad Pharmacies,Verify usage rights before commercial publication,غير مثبت,غير مثبت,مرجعي فقط — غير معتمد للنشر التجاري,بيانات مرجعية متاحة؛ يلزم تحقق PM,ضمن الفحص المبدئي
12689798431023,alejon-face-moisturizing-gel-75gm,جل ترطيب الوجه من أليجون 75 غرام,ALEJON,العناية بالبشرة,العناية بالبشرة,1,بسيط,10743,270,81,189,,متاح لدى المصدر,https://cdn.shopify.com/s/files/1/0935/9550/0847/files/alejon_facial_moisturizer_gel_ecommerce_39c68eae-d2ac-4825-8663-988c807ca14b.webp?v=1771832283,منتج جل ترطيب الوجه من أليجون 75 غرام من ALEJON. التصنيف المرجعي: العناية بالبشرة — بسيط. الوسوم المرجعية: Acne & Blemishes، Moisturizer Gel، Moisturizers، Skin Care، Skin Concerns.,https://alfouadpharmacies.com/en/products/alejon-face-moisturizing-gel-75gm,AlFouad Pharmacies,Verify usage rights before commercial publication,غير مثبت,غير مثبت,مرجعي فقط — غير معتمد للنشر التجاري,بيانات مرجعية متاحة؛ يلزم تحقق PM,ضمن الفحص المبدئي
12689797120303,starville-whitening-day-night-cream-offer,عرض كريم ستارفيل للتفتيح النهاري والليلية,parkville,العناية بالبشرة,العناية بالبشرة,1,بسيط,13584,180,54,126,,غير متاح لدى المصدر,https://cdn.shopify.com/s/files/1/0935/9550/0847/files/StarvilleWhiteningDay_NightCreamOffer.webp?v=1771839297,منتج عرض كريم ستارفيل للتفتيح النهاري والليلية من parkville. التصنيف المرجعي: العناية بالبشرة — بسيط. الوسوم المرجعية: Dark Spots، Face Offers، Skin Care، Skin Concerns.,https://alfouadpharmacies.com/en/products/starville-whitening-day-night-cream-offer,AlFouad Pharmacies,Verify usage rights before commercial publication,غير مثبت,غير مثبت,مرجعي فقط — غير معتمد للنشر التجاري,بيانات مرجعية متاحة؛ يلزم تحقق PM,ضمن الفحص المبدئي
12689795809583,starville-whitening-cleanser-100ml,منظف تفتيح ستار فيل 100 مل,parkville,العناية بالبشرة,العناية بالبشرة,1,بسيط,14063,115,34.5,80.5,,متاح لدى المصدر,https://cdn.shopify.com/s/files/1/0935/9550/0847/files/StarvilleWhiteningCleanser100ml.webp?v=1771839419,منتج منظف تفتيح ستار فيل 100 مل من parkville. التصنيف المرجعي: العناية بالبشرة — بسيط. الوسوم المرجعية: Cleanser، Dark Spots، Face Wash، Skin Care، Skin Concerns، starville.,https://alfouadpharmacies.com/en/products/starville-whitening-cleanser-100ml,AlFouad Pharmacies,Verify usage rights before commercial publication,غير مثبت,غير مثبت,مرجعي فقط — غير معتمد للنشر التجاري,بيانات مرجعية متاحة؛ يلزم تحقق PM,ضمن الفحص المبدئي
12689700847919,garnier-micellar-cleans-water-in-oil-100ml,ماء غارنييه الميسيلار لتنظيف البشرة، زيت في ماء، 100 مل,GARNIER,العناية بالبشرة,العناية بالبشرة,1,بسيط,82019,140,42,98,,متاح لدى المصدر,https://cdn.shopify.com/s/files/1/0935/9550/0847/files/GarnierMicellarCleansWaterinOil100ml.webp?v=1771845741,منتج ماء غارنييه الميسيلار لتنظيف البشرة، زيت في ماء، 100 مل من GARNIER. التصنيف المرجعي: العناية بالبشرة — بسيط. الوسوم المرجعية: Cleanser، Makeup Removers، Skin Care.,https://alfouadpharmacies.com/en/products/garnier-micellar-cleans-water-in-oil-100ml,AlFouad Pharmacies,Verify usage rights before commercial publication,غير مثبت,غير مثبت,مرجعي فقط — غير معتمد للنشر التجاري,بيانات مرجعية متاحة؛ يلزم تحقق PM,ضمن الفحص المبدئي
12689565188399,isis-uveblock-spf-50-light-tinted-dry-touch-40ml,إيزيس. يوف بلوك SPF 50+، لون فاتح، جاف الملمس، 40 مل ,isis,العناية بالبشرة,العناية بالبشرة,1,,82951,1025,307.5,717.5,,متاح لدى المصدر,https://cdn.shopify.com/s/files/1/0935/9550/0847/files/ISISPHARMA_Uveblock50_Tinted_1615x1615_bc2026fc-3c7b-4b82-ba06-28e156bb18e4.webp?v=1771760571,منتج إيزيس. يوف بلوك SPF 50+، لون فاتح، جاف الملمس، 40 مل  من isis. التصنيف المرجعي: العناية بالبشرة. الوسوم المرجعية: Skin Care، Sun Care.,https://alfouadpharmacies.com/en/products/isis-uveblock-spf-50-light-tinted-dry-touch-40ml,AlFouad Pharmacies,Verify usage rights before commercial publication,غير مثبت,غير مثبت,مرجعي فقط — غير معتمد للنشر التجاري,بيانات مرجعية متاحة؛ يلزم تحقق PM,ضمن الفحص المبدئي
12689553948975,anua-azelaic-acid-10-hyaluron-serum-30ml,أنوا حمض الأزيليك 10 + مصل الهيالورونيك 30 مل ,korean product,العناية بالبشرة,العناية بالبشرة | الجمال الكوري,2,,113899,1800,540,1260,,متاح لدى المصدر,https://cdn.shopify.com/s/files/1/0935/9550/0847/files/anua_azelaic10_ecommerce_standard.webp?v=1771830156,منتج أنوا حمض الأزيليك 10 + مصل الهيالورونيك 30 مل  من korean product. التصنيف المرجعي: العناية بالبشرة. الوسوم المرجعية: korean product، Sensetive Skin، Sensitive Skin / Redness، Serums، Skin Care.,https://alfouadpharmacies.com/en/products/anua-azelaic-acid-10-hyaluron-serum-30ml,AlFouad Pharmacies,Verify usage rights before commercial publication,غير مثبت,غير مثبت,مرجعي فقط — غير معتمد للنشر التجاري,بيانات مرجعية متاحة؛ يلزم تحقق PM,ضمن الفحص المبدئي
12689551753519,beesline-super-hydrating-serum-30ml,سيروم بيزلاين فائق الترطيب 30 مل,Beesline,العناية بالبشرة,العناية بالبشرة,1,,114024,999,299.7,699.3,,متاح لدى المصدر,https://cdn.shopify.com/s/files/1/0935/9550/0847/files/beesline_super_hydrating_serum_1615x1615_c6c81366-eabf-4344-a51b-f1881ec84436.webp?v=1771881063,منتج سيروم بيزلاين فائق الترطيب 30 مل من Beesline. التصنيف المرجعي: العناية بالبشرة. الوسوم المرجعية: Anti-Aging، Dehydrated Skin، Dry Skin، Fine Lines & Wrinkles، Serums، Skin Care.,https://alfouadpharmacies.com/en/products/beesline-super-hydrating-serum-30ml,AlFouad Pharmacies,Verify usage rights before commercial publication,غير مثبت,غير مثبت,مرجعي فقط — غير معتمد للنشر التجاري,بيانات مرجعية متاحة؛ يلزم تحقق PM,ضمن الفحص المبدئي
12689551687983,beesline-anti-wrinkle-radiance-serum-30ml,سيروم بيزلاين المضاد للتجاعيد والمُعزز للإشراق 30 مل,Beesline,العناية بالبشرة,العناية بالبشرة,1,,114022,666,199.8,466.2,,متاح لدى المصدر,https://cdn.shopify.com/s/files/1/0935/9550/0847/files/beesline_anti_wrinkle_radiance_serum_variant_1615x1615_1932079b-4b10-427f-8763-a98a727bc53e.webp?v=1771883133,منتج سيروم بيزلاين المضاد للتجاعيد والمُعزز للإشراق 30 مل من Beesline. التصنيف المرجعي: العناية بالبشرة. الوسوم المرجعية: Anti-Aging، Fine Lines & Wrinkles، Serums، Skin Care.,https://alfouadpharmacies.com/en/products/beesline-anti-wrinkle-radiance-serum-30ml,AlFouad Pharmacies,Verify usage rights before commercial publication,غير مثبت,غير مثبت,مرجعي فقط — غير معتمد للنشر التجاري,بيانات مرجعية متاحة؛ يلزم تحقق PM,ضمن الفحص المبدئي
12689499226415,glamylab-hydra-intense-cream-100gm,كريم جلامي لاب هيدرا إنتنس 100 غرام,Glamy Lab,العناية بالبشرة,العناية بالبشرة,1,,,550,165,385,,متاح لدى المصدر,https://cdn.shopify.com/s/files/1/0935/9550/0847/files/GlamyLab_Hydra_Intense_Clean_1615x1615_62a4180f-4d93-44e8-9230-344ae6bed8f7.webp?v=1771841521,منتج كريم جلامي لاب هيدرا إنتنس 100 غرام من Glamy Lab. التصنيف المرجعي: العناية بالبشرة. الوسوم المرجعية: Dehydrated Skin، Dry Skin، Dryness، glamylab، Skin Care.,https://alfouadpharmacies.com/en/products/glamylab-hydra-intense-cream-100gm,AlFouad Pharmacies,Verify usage rights before commercial publication,غير مثبت,غير مثبت,مرجعي فقط — غير معتمد للنشر التجاري,بيانات مرجعية متاحة؛ يلزم تحقق PM,ضمن الفحص المبدئي
10569954296111,eva-skin-clinc-vit-c-facial-washampexfoliator-150ml,غسول و مقشر الوجه بفيتامين سي من إيفا سكين كلينك 150 مل,AlFouad Pharmacies,العناية بالبشرة,العناية بالبشرة,1,بسيط,111953,125,37.5,87.5,,متاح لدى المصدر,https://cdn.shopify.com/s/files/1/0935/9550/0847/files/Eva-Skin-Clinc-Vit-C-Facial-WashExfoliator-150ML.webp?v=1754297610,منتج غسول و مقشر الوجه بفيتامين سي من إيفا سكين كلينك 150 مل من AlFouad Pharmacies. التصنيف المرجعي: العناية بالبشرة — بسيط. الوسوم المرجعية: Cleanser، Dark Spots، Dehydrated Skin، Even Skin Tone، Exfoliators، Face Wash، Skin Care، Skin Concerns.,https://alfouadpharmacies.com/en/products/eva-skin-clinc-vit-c-facial-washampexfoliator-150ml,AlFouad Pharmacies,Verify usage rights before commercial publication,غير مثبت,غير مثبت,مرجعي فقط — غير معتمد للنشر التجاري,بيانات مرجعية متاحة؛ يلزم تحقق PM,ضمن الفحص المبدئي
10569938141487,tetra-glow-faceampneck-gel-cleanser-200ml,جل منظف للوجه والرقبة تريتا جلو 200 مل,Tetra Glow,العناية بالبشرة,العناية بالبشرة,1,بسيط,24434,220,66,154,,متاح لدى المصدر,https://cdn.shopify.com/s/files/1/0935/9550/0847/files/Tetra-Glow-FaceNeck-Gel-Cleanser-200ML.webp?v=1754297766,منتج جل منظف للوجه والرقبة تريتا جلو 200 مل من Tetra Glow. التصنيف المرجعي: العناية بالبشرة — بسيط. الوسوم المرجعية: Cleanser، Dark Spots، Even Skin Tone، Face Wash، Skin Care، Skin Concerns.,https://alfouadpharmacies.com/en/products/tetra-glow-faceampneck-gel-cleanser-200ml,AlFouad Pharmacies,Verify usage rights before commercial publication,غير مثبت,غير مثبت,مرجعي فقط — غير معتمد للنشر التجاري,بيانات مرجعية متاحة؛ يلزم تحقق PM,ضمن الفحص المبدئي
10569848324399,clean-amp-clear-shine-control-facial-scrub-100ml,مقشر الوجه للتحكم في اللمعان من كلين آند كلير 100 مل,AlFouad Pharmacies,العناية بالبشرة,العناية بالبشرة,1,بسيط,84428,88,26.4,61.6,,متاح لدى المصدر,https://cdn.shopify.com/s/files/1/0935/9550/0847/files/Clean-Clear-Shine-Control-Facial-Scrub-100ML.webp?v=1754298451,منتج مقشر الوجه للتحكم في اللمعان من كلين آند كلير 100 مل من AlFouad Pharmacies. التصنيف المرجعي: العناية بالبشرة — بسيط. الوسوم المرجعية: Acne & Blemishes، Cleanser، Face Scrub، Skin Care، Skin Concerns.,https://alfouadpharmacies.com/en/products/clean-amp-clear-shine-control-facial-scrub-100ml,AlFouad Pharmacies,Verify usage rights before commercial publication,غير مثبت,غير مثبت,مرجعي فقط — غير معتمد للنشر التجاري,بيانات مرجعية متاحة؛ يلزم تحقق PM,ضمن الفحص المبدئي
10569804644655,uriage-depiderm-anti-brown-spot-cream-spf50-30ml,يورياج ديبيديرم كريم نهاري مضاد للبقع الداكنة SPF50+,URIAGE,العناية بالبشرة,العناية بالبشرة,1,كريم تفتيح ,93262,1950,585,1365,,متاح لدى المصدر,https://cdn.shopify.com/s/files/1/0935/9550/0847/files/Group_1_71.webp?v=1782113595,منتج يورياج ديبيديرم كريم نهاري مضاد للبقع الداكنة SPF50+ من URIAGE. التصنيف المرجعي: العناية بالبشرة — كريم تفتيح . الوسوم المرجعية: Dark Spots، Day Cream، Even Skin Tone، Moisturizers، Skin Care، Skin Concerns، SPF 50، Sun Care.,https://alfouadpharmacies.com/en/products/uriage-depiderm-anti-brown-spot-cream-spf50-30ml,AlFouad Pharmacies,Verify usage rights before commercial publication,غير مثبت,غير مثبت,مرجعي فقط — غير معتمد للنشر التجاري,بيانات مرجعية متاحة؛ يلزم تحقق PM,ضمن الفحص المبدئي
10569744285999,isis-uveblock-spf-50-fluide-invisible-40ml,إيزيس. يوڤي بلوك سيف 50+ سائل شفاف 40 مل,isis,العناية بالبشرة,العناية بالبشرة,1,واقي شمس ,91201,975,292.5,682.5,,متاح لدى المصدر,https://cdn.shopify.com/s/files/1/0935/9550/0847/files/Group_1_9abc68f4-1156-4b35-ad7f-f1198c3bc7c7.webp?v=1783321090,منتج إيزيس. يوڤي بلوك سيف 50+ سائل شفاف 40 مل من isis. التصنيف المرجعي: العناية بالبشرة — واقي شمس . الوسوم المرجعية: Oily Skin، Skin Care، Skin Concerns، SPF 50، Sun Care، Sunscreen، Sunscreen Fluid.,https://alfouadpharmacies.com/en/products/isis-uveblock-spf-50-fluide-invisible-40ml,AlFouad Pharmacies,Verify usage rights before commercial publication,غير مثبت,غير مثبت,مرجعي فقط — غير معتمد للنشر التجاري,بيانات مرجعية متاحة؛ يلزم تحقق PM,ضمن الفحص المبدئي
10569739993391,beesline-whitening-toner-200ml,تونر بيزلين لتفتيح البشرة 200 مل,AlFouad Pharmacies,العناية بالبشرة,العناية بالبشرة,1,بسيط,26933,600,180,420,,متاح لدى المصدر,https://cdn.shopify.com/s/files/1/0935/9550/0847/files/Beesline-Whitening-Toner-200ML.webp?v=1754298941,منتج تونر بيزلين لتفتيح البشرة 200 مل من AlFouad Pharmacies. التصنيف المرجعي: العناية بالبشرة — بسيط. الوسوم المرجعية: Dark Spots، Even Skin Tone، Pores، Skin Care، Skin Concerns، Toners، Treatments.,https://alfouadpharmacies.com/en/products/beesline-whitening-toner-200ml,AlFouad Pharmacies,Verify usage rights before commercial publication,غير مثبت,غير مثبت,مرجعي فقط — غير معتمد للنشر التجاري,بيانات مرجعية متاحة؛ يلزم تحقق PM,ضمن الفحص المبدئي
10569737699631,beesline-lip-care-4gm-shea-butter-ampavocado,بيزلين للعناية بالشفاه 4 غرام زبدة الشيا والأفوكادو,Beesline,العناية بالبشرة,العناية بالبشرة,1,بسيط,94784,175,52.5,122.5,,متاح لدى المصدر,https://cdn.shopify.com/s/files/1/0935/9550/0847/files/Beesline-Lip-Care-4GM-Shea-Butter-Avocado.webp?v=1754298963,منتج بيزلين للعناية بالشفاه 4 غرام زبدة الشيا والأفوكادو من Beesline. التصنيف المرجعي: العناية بالبشرة — بسيط. الوسوم المرجعية: Dryness، Eye & Lip، Lip، Lip Balm، Skin Care، Skin Concerns.,https://alfouadpharmacies.com/en/products/beesline-lip-care-4gm-shea-butter-ampavocado,AlFouad Pharmacies,Verify usage rights before commercial publication,غير مثبت,غير مثبت,مرجعي فقط — غير معتمد للنشر التجاري,بيانات مرجعية متاحة؛ يلزم تحقق PM,ضمن الفحص المبدئي
10569733210415,acm-medisun-gel-mattifying-spf50-40ml,إيه سي إم ميديسن جل مطفي واقي شمس SPF50+ – 40 مل,ACM,العناية بالبشرة,العناية بالبشرة,1,واقي شمس,14880,569,170.7,398.3,,متاح لدى المصدر,https://cdn.shopify.com/s/files/1/0935/9550/0847/files/ACM_Medisun_Gel_SPF50_40_ml.webp?v=1790490828,منتج إيه سي إم ميديسن جل مطفي واقي شمس SPF50+ – 40 مل من ACM. التصنيف المرجعي: العناية بالبشرة — واقي شمس. الوسوم المرجعية: Oily Skin، Skin Care، Skin Concerns، Sun Care، Sun Gel، Sunscreen.,https://alfouadpharmacies.com/en/products/acm-medisun-gel-mattifying-spf50-40ml,AlFouad Pharmacies,Verify usage rights before commercial publication,غير مثبت,غير مثبت,مرجعي فقط — غير معتمد للنشر التجاري,بيانات مرجعية متاحة؛ يلزم تحقق PM,ضمن الفحص المبدئي
10569716793647,eva-skin-clinic-white-pearl-facial-wash-150ml,غسول الوجه بيرل وايت من إيفا سكين كلينك 150 مل,AlFouad Pharmacies,العناية بالبشرة,العناية بالبشرة,1,بسيط,1599,110,33,77,,غير متاح لدى المصدر,https://cdn.shopify.com/s/files/1/0935/9550/0847/files/Eva-Skin-Clinic-White-Pearl-Facial-Wash-150ml.webp?v=1754299260,منتج غسول الوجه بيرل وايت من إيفا سكين كلينك 150 مل من AlFouad Pharmacies. التصنيف المرجعي: العناية بالبشرة — بسيط. الوسوم المرجعية: Cleanser، Face Wash، Skin Care.,https://alfouadpharmacies.com/en/products/eva-skin-clinic-white-pearl-facial-wash-150ml,AlFouad Pharmacies,Verify usage rights before commercial publication,غير مثبت,غير مثبت,مرجعي فقط — غير معتمد للنشر التجاري,بيانات مرجعية متاحة؛ يلزم تحقق PM,ضمن الفحص المبدئي
10569715581231,dermactive-acti-glow-tint-eye-contour-cream-15ml,كريم تحديد محيط العين الملون ديرم اكتيف اكتي-جلو 15 مل,DERMACTIVE,العناية بالبشرة,العناية بالبشرة,1,بسيط,24145,279,83.7,195.3,,متاح لدى المصدر,https://cdn.shopify.com/s/files/1/0935/9550/0847/files/Dermactive-Acti-Glow-Tint-Eye-Contour-Cream-15ml.webp?v=1754299281,منتج كريم تحديد محيط العين الملون ديرم اكتيف اكتي-جلو 15 مل من DERMACTIVE. التصنيف المرجعي: العناية بالبشرة — بسيط. الوسوم المرجعية: Eye & Lip، Eye Care، Eye Contour، Skin Care.,https://alfouadpharmacies.com/en/products/dermactive-acti-glow-tint-eye-contour-cream-15ml,AlFouad Pharmacies,Verify usage rights before commercial publication,غير مثبت,غير مثبت,مرجعي فقط — غير معتمد للنشر التجاري,بيانات مرجعية متاحة؛ يلزم تحقق PM,ضمن الفحص المبدئي
10569715548463,eva-natural-glow-night-cream-50gm,كريم إيفا ناتشورال جلو الليلي 50 جرام,AlFouad Pharmacies,العناية بالبشرة,العناية بالبشرة,1,بسيط,6064,80,24,56,,متاح لدى المصدر,https://cdn.shopify.com/s/files/1/0935/9550/0847/files/Eva-Natural-Glow-Night-Cream-50gm.webp?v=1754299281,منتج كريم إيفا ناتشورال جلو الليلي 50 جرام من AlFouad Pharmacies. التصنيف المرجعي: العناية بالبشرة — بسيط. الوسوم المرجعية: Moisturizers، Night Creams، Skin Care.,https://alfouadpharmacies.com/en/products/eva-natural-glow-night-cream-50gm,AlFouad Pharmacies,Verify usage rights before commercial publication,غير مثبت,غير مثبت,مرجعي فقط — غير معتمد للنشر التجاري,بيانات مرجعية متاحة؛ يلزم تحقق PM,ضمن الفحص المبدئي
10569715450159,eva-natural-glow-facial-wash-oily-skin-100ml,غسول الوجه إيفا ناتشورال جلو للبشرة الدهنية 100 مل,AlFouad Pharmacies,العناية بالبشرة,العناية بالبشرة,1,بسيط,6065,65,19.5,45.5,,متاح لدى المصدر,https://cdn.shopify.com/s/files/1/0935/9550/0847/files/Eva-Natural-Glow-Facial-Wash-Oily-Skin-100ml.webp?v=1754299286,منتج غسول الوجه إيفا ناتشورال جلو للبشرة الدهنية 100 مل من AlFouad Pharmacies. التصنيف المرجعي: العناية بالبشرة — بسيط. الوسوم المرجعية: Cleanser، Face Wash، Skin Care.,https://alfouadpharmacies.com/en/products/eva-natural-glow-facial-wash-oily-skin-100ml,AlFouad Pharmacies,Verify usage rights before commercial publication,غير مثبت,غير مثبت,مرجعي فقط — غير معتمد للنشر التجاري,بيانات مرجعية متاحة؛ يلزم تحقق PM,ضمن الفحص المبدئي
12689442144559,vacation-sebio-control-acne-cream-60ml,كريم سيبيو كونترول لعلاج حب الشباب، 60 مل,vacation,العناية بالبشرة,العناية بالبشرة,1,,115455,295,88.5,206.5,,متاح لدى المصدر,https://cdn.shopify.com/s/files/1/0935/9550/0847/files/Vacation_Sebio_Control_Acne_Prone_Cream_60ml_1615x1615_93612499-808e-46a5-8f2c-cdc2da7b9127.webp?v=1771848716,منتج كريم سيبيو كونترول لعلاج حب الشباب، 60 مل من vacation. التصنيف المرجعي: العناية بالبشرة. الوسوم المرجعية: Acne & Blemishes، Oily Skin، Treatment Cream، Treatments.,https://alfouadpharmacies.com/en/products/vacation-sebio-control-acne-cream-60ml,AlFouad Pharmacies,Verify usage rights before commercial publication,غير مثبت,غير مثبت,مرجعي فقط — غير معتمد للنشر التجاري,بيانات مرجعية متاحة؛ يلزم تحقق PM,ضمن الفحص المبدئي
12689552212271,dear-body-milk-deep-hydration-vanilla,دير بودي ميلك ديب هايدريشن فانيلا ,DEAR,العناية بالبشرة,العناية بالبشرة | العناية بالجسم,2,,113449,650,195,455,,متاح لدى المصدر,https://cdn.shopify.com/s/files/1/0935/9550/0847/files/Dear_Body_Milk_Blue_Vanilla_300ml_ECOM.webp?v=1771923139,منتج دير بودي ميلك ديب هايدريشن فانيلا  من DEAR. التصنيف المرجعي: العناية بالبشرة. الوسوم المرجعية: Body Care، Body Lotion، Dry Skin، Dryness.,https://alfouadpharmacies.com/en/products/dear-body-milk-deep-hydration-vanilla,AlFouad Pharmacies,Verify usage rights before commercial publication,غير مثبت,غير مثبت,مرجعي فقط — غير معتمد للنشر التجاري,بيانات مرجعية متاحة؛ يلزم تحقق PM,ضمن الفحص المبدئي
12689452335407,hydrensa-cica-cream-spf15-50ml,كريم هيدرينسا سيكا بعامل حماية من الشمس SPF15 50 مل,Hydrensa,العناية بالبشرة,العناية بالبشرة,1,,114187,175,52.5,122.5,,متاح لدى المصدر,https://cdn.shopify.com/s/files/1/0935/9550/0847/files/Cica_cream.webp?v=1790407826,منتج كريم هيدرينسا سيكا بعامل حماية من الشمس SPF15 50 مل من Hydrensa. التصنيف المرجعي: العناية بالبشرة. الوسوم المرجعية: Dry Skin، Dryness، Moisturizer Gel، Sensitive Skin / Redness.,https://alfouadpharmacies.com/en/products/hydrensa-cica-cream-spf15-50ml,AlFouad Pharmacies,Verify usage rights before commercial publication,غير مثبت,غير مثبت,مرجعي فقط — غير معتمد للنشر التجاري,بيانات مرجعية متاحة؛ يلزم تحقق PM,ضمن الفحص المبدئي
10569738715439,beesline-white-roll-on-50ml-deo-sport-plus,بيزلين وايت. رول أون 50 مل ديو سبورت بلس,Beesline,العناية بالبشرة,العناية بالبشرة | العناية بالجسم,2,بسيط,95928,350,105,245,,متاح لدى المصدر,https://cdn.shopify.com/s/files/1/0935/9550/0847/files/Beesline-White.-Roll-On-50ML-Deo-Sport-Plus.webp?v=1754298952,منتج بيزلين وايت. رول أون 50 مل ديو سبورت بلس من Beesline. التصنيف المرجعي: العناية بالبشرة — بسيط. الوسوم المرجعية: Body Care، Body Concerns، Deodrant، Even Skin Tone / Pigmentation، Sensetive Skin.,https://alfouadpharmacies.com/en/products/beesline-white-roll-on-50ml-deo-sport-plus,AlFouad Pharmacies,Verify usage rights before commercial publication,غير مثبت,غير مثبت,مرجعي فقط — غير معتمد للنشر التجاري,بيانات مرجعية متاحة؛ يلزم تحقق PM,ضمن الفحص المبدئي
12689810129199,eva-collagen-3d-make-up-remover-lotion-150ml,لوشن إيفا كولاجين 3 دي لإزالة المكياج 150 مل,AlFouad Pharmacies,العناية بالبشرة,العناية بالبشرة,1,بسيط,105560,200,60,140,,متاح لدى المصدر,https://cdn.shopify.com/s/files/1/0935/9550/0847/files/igHVYGqqg0RWjcyxjj4ENrttLxGVKTMeXr1a1JNS.webp?v=1771843195,منتج لوشن إيفا كولاجين 3 دي لإزالة المكياج 150 مل من AlFouad Pharmacies. التصنيف المرجعي: العناية بالبشرة — بسيط. الوسوم المرجعية: Cleanser، Makeup Removers، Pores، Skin Care، Skin Concerns.,https://alfouadpharmacies.com/en/products/eva-collagen-3d-make-up-remover-lotion-150ml,AlFouad Pharmacies,Verify usage rights before commercial publication,غير مثبت,غير مثبت,مرجعي فقط — غير معتمد للنشر التجاري,بيانات مرجعية متاحة؛ يلزم تحقق PM,ضمن الفحص المبدئي
12689810030895,starville-whitening-cream-60gm,كريم تفتيح ستار빌 60 جرام,parkville,العناية بالبشرة,العناية بالبشرة,1,بسيط,94604,130,39,91,,متاح لدى المصدر,https://cdn.shopify.com/s/files/1/0935/9550/0847/files/StarvilleWhiteningCream60gm.webp?v=1771838920,منتج كريم تفتيح ستار빌 60 جرام من parkville. التصنيف المرجعي: العناية بالبشرة — بسيط. الوسوم المرجعية: Dark Spots، Skin Care، Skin Concerns، Treatment Cream، Treatments.,https://alfouadpharmacies.com/en/products/starville-whitening-cream-60gm,AlFouad Pharmacies,Verify usage rights before commercial publication,غير مثبت,غير مثبت,مرجعي فقط — غير معتمد للنشر التجاري,بيانات مرجعية متاحة؛ يلزم تحقق PM,ضمن الفحص المبدئي
12689809801519,dermactive-acti-solaire-melt-cream-spf50-50ml,كريم ديرم اكتيف اكتي سولير ذائب للحماية من الشمس بدرجة حماية 50+، 50 مل,DERMACTIVE,العناية بالبشرة,العناية بالبشرة,1,بسيط,3532,289,86.7,202.3,,متاح لدى المصدر,https://cdn.shopify.com/s/files/1/0935/9550/0847/files/DERMACTIVE_ACTI_SOLAIRE_FIXED_1615x1615_62df7c38-1c4b-43bd-8ec0-2b1fbd8265ed.webp?v=1771503506,منتج كريم ديرم اكتيف اكتي سولير ذائب للحماية من الشمس بدرجة حماية 50+، 50 مل من DERMACTIVE. التصنيف المرجعي: العناية بالبشرة — بسيط. الوسوم المرجعية: Skin Care، Skin Concerns، Sun Care، Sunscreen، Sunscreen Cream.,https://alfouadpharmacies.com/en/products/dermactive-acti-solaire-melt-cream-spf50-50ml,AlFouad Pharmacies,Verify usage rights before commercial publication,غير مثبت,غير مثبت,مرجعي فقط — غير معتمد للنشر التجاري,بيانات مرجعية متاحة؛ يلزم تحقق PM,ضمن الفحص المبدئي
12689808261423,raw-african-follicle-booster-eye-brow-edition-15ml,مُعزز بصيلات الشعر الأفريقي الخام، إصدار الحواجب، 15 مل,RAW AFRICAN,العناية بالبشرة,العناية بالبشرة,1,بسيط,31968,150,45,105,,متاح لدى المصدر,https://cdn.shopify.com/s/files/1/0935/9550/0847/files/Follicle_Booster_Serum_1615x1615_6a702abc-d8a1-41fb-9557-fcc8d4159e98.webp?v=1771751665,منتج مُعزز بصيلات الشعر الأفريقي الخام، إصدار الحواجب، 15 مل من RAW AFRICAN. التصنيف المرجعي: العناية بالبشرة — بسيط. الوسوم المرجعية: Eye & Lip، Eye Brow، Eye Brow Growth، Eye Care، Skin Care، Skin Concerns.,https://alfouadpharmacies.com/en/products/raw-african-follicle-booster-eye-brow-edition-15ml,AlFouad Pharmacies,Verify usage rights before commercial publication,غير مثبت,غير مثبت,مرجعي فقط — غير معتمد للنشر التجاري,بيانات مرجعية متاحة؛ يلزم تحقق PM,ضمن الفحص المبدئي
12689798136111,starville-acne-cleanser-cream-offer,عرض منظف كريم ستارفيل لعلاج حب الشباب,parkville,العناية بالبشرة,العناية بالبشرة,1,بسيط,92492,160,48,112,,غير متاح لدى المصدر,https://cdn.shopify.com/s/files/1/0935/9550/0847/files/StarvilleAcneCleanser_CreamOffer.webp?v=1771839229,منتج عرض منظف كريم ستارفيل لعلاج حب الشباب من parkville. التصنيف المرجعي: العناية بالبشرة — بسيط. الوسوم المرجعية: Acne & Blemishes، Face Offers، Skin Care، Skin Concerns.,https://alfouadpharmacies.com/en/products/starville-acne-cleanser-cream-offer,AlFouad Pharmacies,Verify usage rights before commercial publication,غير مثبت,غير مثبت,مرجعي فقط — غير معتمد للنشر التجاري,بيانات مرجعية متاحة؛ يلزم تحقق PM,ضمن الفحص المبدئي
12689796596015,eva-skin-care-wild-raspberry-lip-balm-4gm,بلسم شفاه إيفا للعناية بالبشرة بنكهة التوت البري البري 4 غرام,AlFouad Pharmacies,العناية بالبشرة,العناية بالبشرة,1,بسيط,10437,70,21,49,,متاح لدى المصدر,https://cdn.shopify.com/s/files/1/0935/9550/0847/files/71k3kLwADHL.webp?v=1771843534,منتج بلسم شفاه إيفا للعناية بالبشرة بنكهة التوت البري البري 4 غرام من AlFouad Pharmacies. التصنيف المرجعي: العناية بالبشرة — بسيط. الوسوم المرجعية: Dryness، Eye & Lip، Lip، Lip Balm، Skin Care، Skin Concerns.,https://alfouadpharmacies.com/en/products/eva-skin-care-wild-raspberry-lip-balm-4gm,AlFouad Pharmacies,Verify usage rights before commercial publication,غير مثبت,غير مثبت,مرجعي فقط — غير معتمد للنشر التجاري,بيانات مرجعية متاحة؛ يلزم تحقق PM,ضمن الفحص المبدئي
12689795907887,eva-make-up-remover-wipes-for-oily-skin-25-pcs,منديل إيفا لإزالة المكياج للبشرة الدهنية 25 قطعة,AlFouad Pharmacies,العناية بالبشرة,العناية بالبشرة,1,بسيط,99424,60,18,42,,متاح لدى المصدر,https://cdn.shopify.com/s/files/1/0935/9550/0847/files/EvaCleansing_MakeupRemovalFacialWipesforOilyCombinationskin_25Wipes_-ZYNAH.webp?v=1771844399,منتج منديل إيفا لإزالة المكياج للبشرة الدهنية 25 قطعة من AlFouad Pharmacies. التصنيف المرجعي: العناية بالبشرة — بسيط. الوسوم المرجعية: Beauty & Accessories، Cleanser، Makeup، Makeup Removers، Pores، Skin Care، Skin Concerns، Wipes.,https://alfouadpharmacies.com/en/products/eva-make-up-remover-wipes-for-oily-skin-25-pcs,AlFouad Pharmacies,Verify usage rights before commercial publication,غير مثبت,غير مثبت,مرجعي فقط — غير معتمد للنشر التجاري,بيانات مرجعية متاحة؛ يلزم تحقق PM,ضمن الفحص المبدئي
12689781588271,starville-whitening-micller-water-100ml,ماء ميسيلار لتفتيح البشرة من ستارفيل 100 مل,parkville,العناية بالبشرة,العناية بالبشرة,1,بسيط,8969,115,34.5,80.5,,غير متاح لدى المصدر,https://cdn.shopify.com/s/files/1/0935/9550/0847/files/StarvilleWhiteningMicllerWater100ml.webp?v=1771839555,منتج ماء ميسيلار لتفتيح البشرة من ستارفيل 100 مل من parkville. التصنيف المرجعي: العناية بالبشرة — بسيط. الوسوم المرجعية: Cleanser، Makeup Removers، Skin Care، starville.,https://alfouadpharmacies.com/en/products/starville-whitening-micller-water-100ml,AlFouad Pharmacies,Verify usage rights before commercial publication,غير مثبت,غير مثبت,مرجعي فقط — غير معتمد للنشر التجاري,بيانات مرجعية متاحة؛ يلزم تحقق PM,ضمن الفحص المبدئي
12689577312559,meditopic-k-one-eye-contour-cream-30-ml,كريم ميديتوبيك كي-ون لمحيط العين 30 مل,Meditopic,العناية بالبشرة,العناية بالبشرة,1,,93483,1488,446.4,1041.6,,متاح لدى المصدر,https://cdn.shopify.com/s/files/1/0935/9550/0847/files/MeditopicK-OneEyeContourCream30ml.webp?v=1771922645,منتج كريم ميديتوبيك كي-ون لمحيط العين 30 مل من Meditopic. التصنيف المرجعي: العناية بالبشرة. الوسوم المرجعية: Dark Circles & Puffiness، Eye Care، Eye Contour، Skin Care.,https://alfouadpharmacies.com/en/products/meditopic-k-one-eye-contour-cream-30-ml,AlFouad Pharmacies,Verify usage rights before commercial publication,غير مثبت,غير مثبت,مرجعي فقط — غير معتمد للنشر التجاري,بيانات مرجعية متاحة؛ يلزم تحقق PM,ضمن الفحص المبدئي
12689553490223,some-by-mi-retinol-intense-advanced-eye-cr-30ml,كريم العين المتطور المكثف من سوم باي إم آي ريتينول 30 مل ,korean product,العناية بالبشرة,العناية بالبشرة | الجمال الكوري,2,,113900,1200,360,840,,متاح لدى المصدر,https://cdn.shopify.com/s/files/1/0935/9550/0847/files/somebymi_retinol_eyecream_ecommerce_standard.webp?v=1771833436,منتج كريم العين المتطور المكثف من سوم باي إم آي ريتينول 30 مل  من korean product. التصنيف المرجعي: العناية بالبشرة. الوسوم المرجعية: Dark Circles & Puffiness، Eye Care، Eye Contour، korean product، Skin Care.,https://alfouadpharmacies.com/en/products/some-by-mi-retinol-intense-advanced-eye-cr-30ml,AlFouad Pharmacies,Verify usage rights before commercial publication,غير مثبت,غير مثبت,مرجعي فقط — غير معتمد للنشر التجاري,بيانات مرجعية متاحة؛ يلزم تحقق PM,ضمن الفحص المبدئي
12689551556911,beesline-sebum-control-balancing-serum-30ml,سيروم بيزلاين للتحكم في إفراز الدهون وموازنة البشرة 30 مل,Beesline,العناية بالبشرة,العناية بالبشرة,1,,114019,666,199.8,466.2,,متاح لدى المصدر,https://cdn.shopify.com/s/files/1/0935/9550/0847/files/BEESLINE_SERUM_1615x1615_FINAL.webp?v=1771876574,منتج سيروم بيزلاين للتحكم في إفراز الدهون وموازنة البشرة 30 مل من Beesline. التصنيف المرجعي: العناية بالبشرة. الوسوم المرجعية: Acne & Blemishes، Oily Skin، Pores، Serums، Skin Care.,https://alfouadpharmacies.com/en/products/beesline-sebum-control-balancing-serum-30ml,AlFouad Pharmacies,Verify usage rights before commercial publication,غير مثبت,غير مثبت,مرجعي فقط — غير معتمد للنشر التجاري,بيانات مرجعية متاحة؛ يلزم تحقق PM,ضمن الفحص المبدئي
12689513513263,dermaelle-advanc-retinol-intense-serum-30-ml,سيروم ديرمايل أدفانس ريتينول المكثف 30 مل,Dermaelle,العناية بالبشرة,العناية بالبشرة,1,سيرم ,114290,405,121.5,283.5,,متاح لدى المصدر,https://cdn.shopify.com/s/files/1/0935/9550/0847/files/1_90.webp?v=1782375144,منتج سيروم ديرمايل أدفانس ريتينول المكثف 30 مل من Dermaelle. التصنيف المرجعي: العناية بالبشرة — سيرم . الوسوم المرجعية: Anti-Aging، Fine Lines & Wrinkles، Serums، Skin Care.,https://alfouadpharmacies.com/en/products/dermaelle-advanc-retinol-intense-serum-30-ml,AlFouad Pharmacies,Verify usage rights before commercial publication,غير مثبت,غير مثبت,مرجعي فقط — غير معتمد للنشر التجاري,بيانات مرجعية متاحة؛ يلزم تحقق PM,ضمن الفحص المبدئي
12689440112943,vacation-whitening-night-cream-60ml,كريم ليلي لتفتيح البشرة مناسب للعطلات 60 مل,vacation,العناية بالبشرة,العناية بالبشرة,1,,81786,275,82.5,192.5,,متاح لدى المصدر,https://cdn.shopify.com/s/files/1/0935/9550/0847/files/uni_white_night_cream_1615.webp?v=1789564340,منتج كريم ليلي لتفتيح البشرة مناسب للعطلات 60 مل من vacation. التصنيف المرجعي: العناية بالبشرة. الوسوم المرجعية: Dark Spots، Even Skin Tone / Pigmentation، Night Creams، Skin Care، Whitining Cream.,https://alfouadpharmacies.com/en/products/vacation-whitening-night-cream-60ml,AlFouad Pharmacies,Verify usage rights before commercial publication,غير مثبت,غير مثبت,مرجعي فقط — غير معتمد للنشر التجاري,بيانات مرجعية متاحة؛ يلزم تحقق PM,ضمن الفحص المبدئي
10572100862255,larel-dermosoft-regenerating-cream-200ml,كريم لاريل ديرموسوفت لتجديد البشرة 200 مل,AlFouad Pharmacies,العناية بالبشرة,العناية بالبشرة,1,بسيط,112383,1280,384,896,,متاح لدى المصدر,https://cdn.shopify.com/s/files/1/0935/9550/0847/files/DERMOSOFT-_E2_80_93-Krem-regenerujacy.webp?v=1754297012,منتج كريم لاريل ديرموسوفت لتجديد البشرة 200 مل من AlFouad Pharmacies. التصنيف المرجعي: العناية بالبشرة — بسيط. الوسوم المرجعية: Anti-aging Cream، Dehydrated Skin، Dry Skin، Fine Lines & Wrinkles، Moisturizer Cream، Moisturizers، Skin Care، Skin Concerns.,https://alfouadpharmacies.com/en/products/larel-dermosoft-regenerating-cream-200ml,AlFouad Pharmacies,Verify usage rights before commercial publication,غير مثبت,غير مثبت,مرجعي فقط — غير معتمد للنشر التجاري,بيانات مرجعية متاحة؛ يلزم تحقق PM,ضمن الفحص المبدئي
10569903997231,loreal-hyaluron-expert-cleansing-gel-oily-200ml,جل تنظيف الوجه هاليورون إكسبيرت من لوريال للبشرة الدهنية 200 مل,LOREAL PCD,العناية بالبشرة,العناية بالبشرة,1,بسيط,1731,350,105,245,,متاح لدى المصدر,https://cdn.shopify.com/s/files/1/0935/9550/0847/files/Loreal-Hyaluron-Expert-Cleansing-Gel-Oily-200ML.webp?v=1754298082,منتج جل تنظيف الوجه هاليورون إكسبيرت من لوريال للبشرة الدهنية 200 مل من LOREAL PCD. التصنيف المرجعي: العناية بالبشرة — بسيط. الوسوم المرجعية: Acne & Blemishes، Cleanser، Face Wash، Skin Care، Skin Concerns.,https://alfouadpharmacies.com/en/products/loreal-hyaluron-expert-cleansing-gel-oily-200ml,AlFouad Pharmacies,Verify usage rights before commercial publication,غير مثبت,غير مثبت,مرجعي فقط — غير معتمد للنشر التجاري,بيانات مرجعية متاحة؛ يلزم تحقق PM,ضمن الفحص المبدئي
10569903964463,loreal-glycolic-bright-serum-30ml,لوجيهات الوجه من لوريال، سيروم مضيء للبشرة الغنية بحمض الجليكوليك، 30 مل.,LOREAL PCD,العناية بالبشرة,العناية بالبشرة,1,بسيط,101682,700,210,490,,متاح لدى المصدر,https://cdn.shopify.com/s/files/1/0935/9550/0847/files/Loreal-Glycolic-Bright-Serum-30ML.webp?v=1754298082,منتج لوجيهات الوجه من لوريال، سيروم مضيء للبشرة الغنية بحمض الجليكوليك، 30 مل. من LOREAL PCD. التصنيف المرجعي: العناية بالبشرة — بسيط. الوسوم المرجعية: Dark Spots، Serums، Skin Care، Skin Concerns، Treatments.,https://alfouadpharmacies.com/en/products/loreal-glycolic-bright-serum-30ml,AlFouad Pharmacies,Verify usage rights before commercial publication,غير مثبت,غير مثبت,مرجعي فقط — غير معتمد للنشر التجاري,بيانات مرجعية متاحة؛ يلزم تحقق PM,ضمن الفحص المبدئي
10569898492207,neutrogena-deep-clean-gel-wash-200ml,غسول نيتروجينا لتنظيف عميق 200 مل,Neutrogena,العناية بالبشرة,العناية بالبشرة,1,بسيط,108769,270,81,189,156,متاح لدى المصدر,https://cdn.shopify.com/s/files/1/0935/9550/0847/files/Neutrogena-Deep-Clean-Gel-Wash-200ML.webp?v=1754298160,منتج غسول نيتروجينا لتنظيف عميق 200 مل من Neutrogena. التصنيف المرجعي: العناية بالبشرة — بسيط. الوسوم المرجعية: Acne & Blemishes، Cleanser، Face Wash، Skin Care، Skin Concerns.,https://alfouadpharmacies.com/en/products/neutrogena-deep-clean-gel-wash-200ml,AlFouad Pharmacies,Verify usage rights before commercial publication,غير مثبت,غير مثبت,مرجعي فقط — غير معتمد للنشر التجاري,بيانات مرجعية متاحة؛ يلزم تحقق PM,ضمن الفحص المبدئي
10569890300207,garnier-fast-clear-booster-serum-30ml,مصل غارنييه لتفتيح البشرة بسرعة 30 مل,GARNIER,العناية بالبشرة,العناية بالبشرة,1,بسيط,10423,360,108,252,,غير متاح لدى المصدر,https://cdn.shopify.com/s/files/1/0935/9550/0847/files/Garnier-Fast-Clear-Booster-Serum-30ML.webp?v=1754298263,منتج مصل غارنييه لتفتيح البشرة بسرعة 30 مل من GARNIER. التصنيف المرجعي: العناية بالبشرة — بسيط. الوسوم المرجعية: Acne & Blemishes، Serums، Skin Care، Skin Concerns، Treatments.,https://alfouadpharmacies.com/en/products/garnier-fast-clear-booster-serum-30ml,AlFouad Pharmacies,Verify usage rights before commercial publication,غير مثبت,غير مثبت,مرجعي فقط — غير معتمد للنشر التجاري,بيانات مرجعية متاحة؛ يلزم تحقق PM,ضمن الفحص المبدئي
10569853698351,dove-beauty-cream-150ml-rose,كريم دوف للتجميل 150 مل، زهر الورد,Dove,العناية بالبشرة,العناية بالبشرة,1,بسيط,95843,132,39.6,92.4,,متاح لدى المصدر,https://cdn.shopify.com/s/files/1/0935/9550/0847/files/Dove-Beauty-Cream-150ML-Rose.webp?v=1754298404,منتج كريم دوف للتجميل 150 مل، زهر الورد من Dove. التصنيف المرجعي: العناية بالبشرة — بسيط. الوسوم المرجعية: Dry Skin، Moisturizer Cream، Moisturizers، Skin Care، Skin Concerns.,https://alfouadpharmacies.com/en/products/dove-beauty-cream-150ml-rose,AlFouad Pharmacies,Verify usage rights before commercial publication,غير مثبت,غير مثبت,مرجعي فقط — غير معتمد للنشر التجاري,بيانات مرجعية متاحة؛ يلزم تحقق PM,ضمن الفحص المبدئي
10569847898415,clean-amp-clear-blackhead-cleansing-lotion-200ml,لوشن تنظيف المسام وتنقية الرؤوس السوداء من كلين آند كلير 200 مل,AlFouad Pharmacies,العناية بالبشرة,العناية بالبشرة,1,بسيط,103743,126,37.8,88.2,,غير متاح لدى المصدر,https://cdn.shopify.com/s/files/1/0935/9550/0847/files/Clean-Clear-Blackhead-Cleansing-Lotion-200ML.webp?v=1754298454,منتج لوشن تنظيف المسام وتنقية الرؤوس السوداء من كلين آند كلير 200 مل من AlFouad Pharmacies. التصنيف المرجعي: العناية بالبشرة — بسيط. الوسوم المرجعية: Acne & Blemishes، Skin Care، Skin Concerns، Toners، Treatments.,https://alfouadpharmacies.com/en/products/clean-amp-clear-blackhead-cleansing-lotion-200ml,AlFouad Pharmacies,Verify usage rights before commercial publication,غير مثبت,غير مثبت,مرجعي فقط — غير معتمد للنشر التجاري,بيانات مرجعية متاحة؛ يلزم تحقق PM,ضمن الفحص المبدئي
10569814376751,vichy-mineral-89-eye-fortifier-15ml,فيتشي مينيرال (89) لترطيب منطقة العين 15 مل,Vichy,العناية بالبشرة,العناية بالبشرة,1,سيرم تحت العين ,18550,1220,366,854,,متاح لدى المصدر,https://cdn.shopify.com/s/files/1/0935/9550/0847/files/1_29.webp?v=1780558689,منتج فيتشي مينيرال (89) لترطيب منطقة العين 15 مل من Vichy. التصنيف المرجعي: العناية بالبشرة — سيرم تحت العين . الوسوم المرجعية: 10، Dark Circles & Puffiness، Dryness، Eye & Lip، Eye Care، Eye Contour Serum، Skin Care، Skin Concerns.,https://alfouadpharmacies.com/en/products/vichy-mineral-89-eye-fortifier-15ml,AlFouad Pharmacies,Verify usage rights before commercial publication,غير مثبت,غير مثبت,مرجعي فقط — غير معتمد للنشر التجاري,بيانات مرجعية متاحة؛ يلزم تحقق PM,ضمن الفحص المبدئي
10569805005103,uriage-eau-thermale-glow-up-water-essence-100ml,ماء الوجه المرطب من يورياج، إي أو ثيرمال، غلو أب، 100 مل,URIAGE,العناية بالبشرة,العناية بالبشرة,1,بسيط,29189,1325,397.5,927.5,,متاح لدى المصدر,https://cdn.shopify.com/s/files/1/0935/9550/0847/files/Group_1_copy_34.webp?v=1782041270,منتج ماء الوجه المرطب من يورياج، إي أو ثيرمال، غلو أب، 100 مل من URIAGE. التصنيف المرجعي: العناية بالبشرة — بسيط. الوسوم المرجعية: Dryness، Sensitive Skin / Redness، Skin Care، Skin Concerns، Thermal Water، Treatments.,https://alfouadpharmacies.com/en/products/uriage-eau-thermale-glow-up-water-essence-100ml,AlFouad Pharmacies,Verify usage rights before commercial publication,غير مثبت,غير مثبت,مرجعي فقط — غير معتمد للنشر التجاري,بيانات مرجعية متاحة؛ يلزم تحقق PM,ضمن الفحص المبدئي
10569740583215,بخاخ-واقي-من-الشمس-بيونيكس-بريفينتيفا-spf50-200-مل,بخاخ واقي من الشمس بيونيكس بريفينتيفا SPF50+ 200 مل,BIONNEX,العناية بالبشرة,العناية بالبشرة,1,واقي شمس ,8609,675,202.5,472.5,,متاح لدى المصدر,https://cdn.shopify.com/s/files/1/0935/9550/0847/files/1_-_2026-07-29T111821.072.webp?v=1785313116,منتج بخاخ واقي من الشمس بيونيكس بريفينتيفا SPF50+ 200 مل من BIONNEX. التصنيف المرجعي: العناية بالبشرة — واقي شمس . الوسوم المرجعية: Sensitive Skin / Redness، Skin Care، Skin Concerns، SPF 50، Sun Care، Sunscreen، Sunscreen Spray.,https://alfouadpharmacies.com/en/products/بخاخ-واقي-من-الشمس-بيونيكس-بريفينتيفا-spf50-200-مل,AlFouad Pharmacies,Verify usage rights before commercial publication,غير مثبت,غير مثبت,مرجعي فقط — غير معتمد للنشر التجاري,بيانات مرجعية متاحة؛ يلزم تحقق PM,ضمن الفحص المبدئي
10569736487215,avene-cleanance-cleansing-water-h2o-400ml,ماء تنظيف أڤين كلينانس H2O 400 مل,Avene,العناية بالبشرة,العناية بالبشرة,1,بسيط,85603,779,233.7,545.3,,متاح لدى المصدر,https://cdn.shopify.com/s/files/1/0935/9550/0847/files/Avene_Cleanance_Cleansing_Water.webp?v=1785739374,منتج ماء تنظيف أڤين كلينانس H2O 400 مل من Avene. التصنيف المرجعي: العناية بالبشرة — بسيط. الوسوم المرجعية: Acne & Blemishes، Cleanser، Makeup Removers، Oily Skin، Skin Care، Skin Concerns.,https://alfouadpharmacies.com/en/products/avene-cleanance-cleansing-water-h2o-400ml,AlFouad Pharmacies,Verify usage rights before commercial publication,غير مثبت,غير مثبت,مرجعي فقط — غير معتمد للنشر التجاري,بيانات مرجعية متاحة؛ يلزم تحقق PM,ضمن الفحص المبدئي
10569717252399,starville-whitening-creamcleanserroll-on-off,كريم تفتيح ستار فيل + منظف + مزيل عرق رول أون,parkville,العناية بالبشرة,العناية بالبشرة,1,بسيط,99716,315,94.5,220.5,,متاح لدى المصدر,https://cdn.shopify.com/s/files/1/0935/9550/0847/files/Starville-Whitening-Creamcleanserroll-on-off.webp?v=1754299253,منتج كريم تفتيح ستار فيل + منظف + مزيل عرق رول أون من parkville. التصنيف المرجعي: العناية بالبشرة — بسيط. الوسوم المرجعية: Face Offers، Skin Care، starville.,https://alfouadpharmacies.com/en/products/starville-whitening-creamcleanserroll-on-off,AlFouad Pharmacies,Verify usage rights before commercial publication,غير مثبت,غير مثبت,مرجعي فقط — غير معتمد للنشر التجاري,بيانات مرجعية متاحة؛ يلزم تحقق PM,ضمن الفحص المبدئي
10569716990255,eva-spotless-18gm-ceram-tube,إيفا سبوتليس أنبوب سيراميك 18 جرام,AlFouad Pharmacies,العناية بالبشرة,العناية بالبشرة,1,بسيط,83252,25,7.5,17.5,,متاح لدى المصدر,https://cdn.shopify.com/s/files/1/0935/9550/0847/files/Eva-Spotless-18gm-Ceram-Tube.webp?v=1754299257,منتج إيفا سبوتليس أنبوب سيراميك 18 جرام من AlFouad Pharmacies. التصنيف المرجعي: العناية بالبشرة — بسيط. الوسوم المرجعية: Creams، Moisturizers، Skin Care.,https://alfouadpharmacies.com/en/products/eva-spotless-18gm-ceram-tube,AlFouad Pharmacies,Verify usage rights before commercial publication,غير مثبت,غير مثبت,مرجعي فقط — غير معتمد للنشر التجاري,بيانات مرجعية متاحة؛ يلزم تحقق PM,ضمن الفحص المبدئي
10569715613999,eva-acne-prone-skin-sunscreen-spf50-40ml,واقي شمس إيفا للبشرة المعرضة لحب الشباب SPF50+ 40 مل,AlFouad Pharmacies,العناية بالبشرة,العناية بالبشرة,1,بسيط,5626,170,51,119,,متاح لدى المصدر,https://cdn.shopify.com/s/files/1/0935/9550/0847/files/Eva-Acne-Prone-Skin-Sunscreen-SPF50-40ml.webp?v=1754299280,منتج واقي شمس إيفا للبشرة المعرضة لحب الشباب SPF50+ 40 مل من AlFouad Pharmacies. التصنيف المرجعي: العناية بالبشرة — بسيط. الوسوم المرجعية: Day Cream، Moisturizers، Skin Care.,https://alfouadpharmacies.com/en/products/eva-acne-prone-skin-sunscreen-spf50-40ml,AlFouad Pharmacies,Verify usage rights before commercial publication,غير مثبت,غير مثبت,مرجعي فقط — غير معتمد للنشر التجاري,بيانات مرجعية متاحة؛ يلزم تحقق PM,ضمن الفحص المبدئي
10569715089711,eva-natural-glow-day-cream-spf30-50gm,كريم إيفا ناتشورال جلو النهاري SPF30 50 جم,AlFouad Pharmacies,العناية بالبشرة,العناية بالبشرة,1,بسيط,5882,100,30,70,,متاح لدى المصدر,https://cdn.shopify.com/s/files/1/0935/9550/0847/files/Eva-Natural-Glow-Day-Cream-SPF30-50gm.webp?v=1754299292,منتج كريم إيفا ناتشورال جلو النهاري SPF30 50 جم من AlFouad Pharmacies. التصنيف المرجعي: العناية بالبشرة — بسيط. الوسوم المرجعية: Day Cream، Even Skin Tone، Moisturizers، Skin Care، Skin Concerns.,https://alfouadpharmacies.com/en/products/eva-natural-glow-day-cream-spf30-50gm,AlFouad Pharmacies,Verify usage rights before commercial publication,غير مثبت,غير مثبت,مرجعي فقط — غير معتمد للنشر التجاري,بيانات مرجعية متاحة؛ يلزم تحقق PM,ضمن الفحص المبدئي
10569714270511,alejon-sunscreen-premier-spf50-50gm,كريم واقي شمس أليجون بريميير SPF50+ 50 جم,ALEJON sun,العناية بالبشرة,العناية بالبشرة,1,بسيط,1648,575,172.5,402.5,,متاح لدى المصدر,https://cdn.shopify.com/s/files/1/0935/9550/0847/files/Alejon-Sunscreen-Premier-SPF50-50gm.webp?v=1754299308,منتج كريم واقي شمس أليجون بريميير SPF50+ 50 جم من ALEJON sun. التصنيف المرجعي: العناية بالبشرة — بسيط. الوسوم المرجعية: Skin Care، Skin Concerns، Sun Care، Sunscreen، Sunscreen Tinted.,https://alfouadpharmacies.com/en/products/alejon-sunscreen-premier-spf50-50gm,AlFouad Pharmacies,Verify usage rights before commercial publication,غير مثبت,غير مثبت,مرجعي فقط — غير معتمد للنشر التجاري,بيانات مرجعية متاحة؛ يلزم تحقق PM,ضمن الفحص المبدئي
16098378449199,سيروم-سكيني-فاي-أزلايك-أسيد-10,سيروم سكيني فاي أزلايك أسيد 10%,SKINIFY,العناية بالبشرة,العناية بالبشرة,1,سيروم ,117217,680,204,476,,متاح لدى المصدر,https://cdn.shopify.com/s/files/1/0935/9550/0847/files/skinify_azelaic_acid_10_1615.webp?v=1784535084,منتج سيروم سكيني فاي أزلايك أسيد 10% من SKINIFY. التصنيف المرجعي: العناية بالبشرة — سيروم . الوسوم المرجعية: Serums، Skin Care.,https://alfouadpharmacies.com/en/products/سيروم-سكيني-فاي-أزلايك-أسيد-10,AlFouad Pharmacies,Verify usage rights before commercial publication,غير مثبت,غير مثبت,مرجعي فقط — غير معتمد للنشر التجاري,بيانات مرجعية متاحة؛ يلزم تحقق PM,ضمن الفحص المبدئي
16014245626159,bioderma-photoderm-xdefense-ultra-fluid-spf50-tent-03,بيوديرما فوتوديرم تنت XDefense 03,Bioderma,العناية بالبشرة,العناية بالبشرة,1,sunscreen,116659,999,299.7,699.3,,متاح لدى المصدر,https://cdn.shopify.com/s/files/1/0935/9550/0847/files/198-1.webp?v=1780387883,منتج بيوديرما فوتوديرم تنت XDefense 03 من Bioderma. التصنيف المرجعي: العناية بالبشرة — sunscreen. الوسوم المرجعية: bioderma، Skin Care، Sun Care، Sun Tan، sunblock، Sunscreen، Sunscreen Fluid، Sunscreen Tinted.,https://alfouadpharmacies.com/en/products/bioderma-photoderm-xdefense-ultra-fluid-spf50-tent-03,AlFouad Pharmacies,Verify usage rights before commercial publication,غير مثبت,غير مثبت,مرجعي فقط — غير معتمد للنشر التجاري,بيانات مرجعية متاحة؛ يلزم تحقق PM,ضمن الفحص المبدئي
12885844427055,svr-sebiaclear-gel-moussant-200ml,SVR Sebiaclear Gel Moussant 200ml,SVR,العناية بالبشرة,العناية بالبشرة,1,,100908,669,200.7,468.3,,متاح لدى المصدر,https://cdn.shopify.com/s/files/1/0935/9550/0847/files/SVRSEBIACLEARGELMOUSSANT200ML2.webp?v=1772366221,منتج SVR Sebiaclear Gel Moussant 200ml من SVR. التصنيف المرجعي: العناية بالبشرة. الحجم المذكور: 200 ml. الوسوم المرجعية: Acne & Blemishes، Face Wash، Oily Skin، Pores.,https://alfouadpharmacies.com/en/products/svr-sebiaclear-gel-moussant-200ml,AlFouad Pharmacies,Verify usage rights before commercial publication,غير مثبت,غير مثبت,مرجعي فقط — غير معتمد للنشر التجاري,بيانات مرجعية متاحة؛ يلزم تحقق PM,ضمن الفحص المبدئي
12885311422767,svr-sun-secure-blur-spf50-50ml,اس في ار واقي شمس بأقوى معامل حماية,SVR,العناية بالبشرة,العناية بالبشرة,1,,9835,869,260.7,608.3,,متاح لدى المصدر,https://cdn.shopify.com/s/files/1/0935/9550/0847/files/SVRSUNSECUREBLURSPF50_50ML.webp?v=1772365203,منتج اس في ار واقي شمس بأقوى معامل حماية من SVR. التصنيف المرجعي: العناية بالبشرة. الوسوم المرجعية: Oily Skin، SPF 50، Sun Care، Sunscreen.,https://alfouadpharmacies.com/en/products/svr-sun-secure-blur-spf50-50ml,AlFouad Pharmacies,Verify usage rights before commercial publication,غير مثبت,غير مثبت,مرجعي فقط — غير معتمد للنشر التجاري,بيانات مرجعية متاحة؛ يلزم تحقق PM,ضمن الفحص المبدئي
12689558110511,beesline-rad-bri-underarm-serum-150ml-powder-soft,سيروم بيزلاين راد بري لمنطقة الإبطين 150 مل بودرة ناعمة ,Beesline,العناية بالبشرة,العناية بالبشرة | العناية بالجسم,2,,111908,500,150,350,,متاح لدى المصدر,https://cdn.shopify.com/s/files/1/0935/9550/0847/files/beesline_underarm_serum_powdersoft_1615x1615_de43772f-3f7f-49a9-9007-b6d6bf1698cd.webp?v=1771880488,منتج سيروم بيزلاين راد بري لمنطقة الإبطين 150 مل بودرة ناعمة  من Beesline. التصنيف المرجعي: العناية بالبشرة. الوسوم المرجعية: Body Care، Body Spray، Deodrant، Even Skin Tone / Pigmentation، Sensetive Skin.,https://alfouadpharmacies.com/en/products/beesline-rad-bri-underarm-serum-150ml-powder-soft,AlFouad Pharmacies,Verify usage rights before commercial publication,غير مثبت,غير مثبت,مرجعي فقط — غير معتمد للنشر التجاري,بيانات مرجعية متاحة؛ يلزم تحقق PM,ضمن الفحص المبدئي
10569966453039,starville-whitening-antipersp-spray-150ml-lavander,بخاخ ستارفيل لتبييض البشرة ومكافحة التعرق 150 مل، رائحة الخزامى,parkville,العناية بالبشرة,العناية بالبشرة | العناية بالجسم,2,بسيط,112703,180,54,126,,متاح لدى المصدر,https://cdn.shopify.com/s/files/1/0935/9550/0847/files/Starville-Whitening-Antipersp-Spray-150ML-Lavander.webp?v=1754297531,منتج بخاخ ستارفيل لتبييض البشرة ومكافحة التعرق 150 مل، رائحة الخزامى من parkville. التصنيف المرجعي: العناية بالبشرة — بسيط. الوسوم المرجعية: Body Care، Body Concerns، Body Spray، Deodrant، Even Skin Tone / Pigmentation، Sensetive Skin، starville.,https://alfouadpharmacies.com/en/products/starville-whitening-antipersp-spray-150ml-lavander,AlFouad Pharmacies,Verify usage rights before commercial publication,غير مثبت,غير مثبت,مرجعي فقط — غير معتمد للنشر التجاري,بيانات مرجعية متاحة؛ يلزم تحقق PM,ضمن الفحص المبدئي
10569966420271,starville-whitening-antipers-spray-150ml-light-pink,بخاخ ستارفيل لتفتيح البشرة مضاد للعرق 150 مل وردي فاتح,parkville,العناية بالبشرة,العناية بالبشرة | العناية بالجسم,2,بسيط,112704,180,54,126,,متاح لدى المصدر,https://cdn.shopify.com/s/files/1/0935/9550/0847/files/Starville-Whitening-Antipers-Spray-150ML-Light-Pink.webp?v=1754297531,منتج بخاخ ستارفيل لتفتيح البشرة مضاد للعرق 150 مل وردي فاتح من parkville. التصنيف المرجعي: العناية بالبشرة — بسيط. الوسوم المرجعية: Body Care، Body Concerns، Body Spray، Deodrant، Even Skin Tone / Pigmentation، Sensetive Skin، starville.,https://alfouadpharmacies.com/en/products/starville-whitening-antipers-spray-150ml-light-pink,AlFouad Pharmacies,Verify usage rights before commercial publication,غير مثبت,غير مثبت,مرجعي فقط — غير معتمد للنشر التجاري,بيانات مرجعية متاحة؛ يلزم تحقق PM,ضمن الفحص المبدئي
10569831186735,avuva-white-paste-100-gm-cherry-blossom,معجون أفوفا الأبيض 100 غرام بنكهة زهر الكرز,AlFouad Pharmacies,العناية بالبشرة,العناية بالبشرة | العناية بالجسم,2,بسيط,82020,35,10.5,24.5,,متاح لدى المصدر,https://cdn.shopify.com/s/files/1/0935/9550/0847/files/3.webp?v=1754298587,منتج معجون أفوفا الأبيض 100 غرام بنكهة زهر الكرز من AlFouad Pharmacies. التصنيف المرجعي: العناية بالبشرة — بسيط. الوسوم المرجعية: Body Care، Body Concerns، Hair Removal، Sensetive Skin.,https://alfouadpharmacies.com/en/products/avuva-white-paste-100-gm-cherry-blossom,AlFouad Pharmacies,Verify usage rights before commercial publication,غير مثبت,غير مثبت,مرجعي فقط — غير معتمد للنشر التجاري,بيانات مرجعية متاحة؛ يلزم تحقق PM,ضمن الفحص المبدئي
10569739239727,beesline-white-roll-on-50ml-men-45c-heat-protect,بيزلين وايت. رول أون 50 مل للرجال، حماية من حرارة 45 درجة مئوية.,AlFouad Pharmacies,العناية بالبشرة,العناية بالبشرة | العناية بالجسم,2,بسيط,109343,350,105,245,,غير متاح لدى المصدر,https://cdn.shopify.com/s/files/1/0935/9550/0847/files/Beesline-White.-Roll-On-50ML-Men-45C-Heat-Protect.webp?v=1754298948,منتج بيزلين وايت. رول أون 50 مل للرجال، حماية من حرارة 45 درجة مئوية. من AlFouad Pharmacies. التصنيف المرجعي: العناية بالبشرة — بسيط. الوسوم المرجعية: Body Care، Body Concerns، Deodrant، Even Skin Tone / Pigmentation، Sensetive Skin.,https://alfouadpharmacies.com/en/products/beesline-white-roll-on-50ml-men-45c-heat-protect,AlFouad Pharmacies,Verify usage rights before commercial publication,غير مثبت,غير مثبت,مرجعي فقط — غير معتمد للنشر التجاري,بيانات مرجعية متاحة؛ يلزم تحقق PM,ضمن الفحص المبدئي
10569739206959,beesline-white-roll-on-50ml-invisble-touch-11-of,بيزلين وايت. رول أون 50 مل لمسة غير مرئية 1+1 من,AlFouad Pharmacies,العناية بالبشرة,العناية بالبشرة | العناية بالجسم,2,بسيط,,500,150,350,,غير متاح لدى المصدر,https://cdn.shopify.com/s/files/1/0935/9550/0847/files/Beesline-White.-Roll-On-50ML-Invisble-Touch-11-of.webp?v=1754298949,منتج بيزلين وايت. رول أون 50 مل لمسة غير مرئية 1+1 من من AlFouad Pharmacies. التصنيف المرجعي: العناية بالبشرة — بسيط. الوسوم المرجعية: Body Care، Body Concerns، Deodrant، Even Skin Tone / Pigmentation، Sensetive Skin.,https://alfouadpharmacies.com/en/products/beesline-white-roll-on-50ml-invisble-touch-11-of,AlFouad Pharmacies,Verify usage rights before commercial publication,غير مثبت,غير مثبت,مرجعي فقط — غير معتمد للنشر التجاري,بيانات مرجعية متاحة؛ يلزم تحقق PM,ضمن الفحص المبدئي
12689810227503,nebula-acne-facial-cleanser-200ml,منظف الوجه المضاد لحب الشباب نيبولا 200 مل,Nebula,العناية بالبشرة,العناية بالبشرة,1,بسيط,89536,279,83.7,195.3,,غير متاح لدى المصدر,https://cdn.shopify.com/s/files/1/0935/9550/0847/files/Nebula_AcneFacialCleanser_200ml_PureWhite_1615x1615_392ece3e-0a57-4554-bc03-a04ccd3a44b0.webp?v=1772002981,منتج منظف الوجه المضاد لحب الشباب نيبولا 200 مل من Nebula. التصنيف المرجعي: العناية بالبشرة — بسيط. الوسوم المرجعية: Acne & Blemishes، Cleanser، Face Wash، Skin Care، Skin Concerns.,https://alfouadpharmacies.com/en/products/nebula-acne-facial-cleanser-200ml,AlFouad Pharmacies,Verify usage rights before commercial publication,غير مثبت,غير مثبت,مرجعي فقط — غير معتمد للنشر التجاري,بيانات مرجعية متاحة؛ يلزم تحقق PM,ضمن الفحص المبدئي
12689809539375,starville-eye-contour-gel-30ml,جل تحديد محيط العين من ستارفيل 30 مل,parkville,العناية بالبشرة,العناية بالبشرة,1,بسيط,103534,250,75,175,,متاح لدى المصدر,https://cdn.shopify.com/s/files/1/0935/9550/0847/files/eyecontor.webp?v=1771838996,منتج جل تحديد محيط العين من ستارفيل 30 مل من parkville. التصنيف المرجعي: العناية بالبشرة — بسيط. الوسوم المرجعية: Eye & Lip، Eye Care، Eye Contour، Skin Care.,https://alfouadpharmacies.com/en/products/starville-eye-contour-gel-30ml,AlFouad Pharmacies,Verify usage rights before commercial publication,غير مثبت,غير مثبت,مرجعي فقط — غير معتمد للنشر التجاري,بيانات مرجعية متاحة؛ يلزم تحقق PM,ضمن الفحص المبدئي
12689798791471,starville-whitening-night-gel-60gm,جل ستارفيل لتفتيح البشرة ليلاً 60 غرام,parkville,العناية بالبشرة,العناية بالبشرة,1,بسيط,103532,135,40.5,94.5,,متاح لدى المصدر,https://cdn.shopify.com/s/files/1/0935/9550/0847/files/StarvilleWhiteningNightGel60gm.webp?v=1771839171,منتج جل ستارفيل لتفتيح البشرة ليلاً 60 غرام من parkville. التصنيف المرجعي: العناية بالبشرة — بسيط. الوسوم المرجعية: Dark Spots، Skin Care، Skin Concerns، Treatment Cream، Treatments.,https://alfouadpharmacies.com/en/products/starville-whitening-night-gel-60gm,AlFouad Pharmacies,Verify usage rights before commercial publication,غير مثبت,غير مثبت,مرجعي فقط — غير معتمد للنشر التجاري,بيانات مرجعية متاحة؛ يلزم تحقق PM,ضمن الفحص المبدئي
12689796268335,alejon-collagen-serum-50ml,مصل الكولاجين من أليجون 50 مل,ALEJON,العناية بالبشرة,العناية بالبشرة,1,بسيط,22719,390,117,273,,متاح لدى المصدر,https://cdn.shopify.com/s/files/1/0935/9550/0847/files/alejon_collagen_serum_ecommerce.webp?v=1771832698,منتج مصل الكولاجين من أليجون 50 مل من ALEJON. التصنيف المرجعي: العناية بالبشرة — بسيط. الوسوم المرجعية: Eye Contour، Eye Contour Serum، Fine Lines & Wrinkles، Serums، Skin Care، Skin Concerns، Treatments.,https://alfouadpharmacies.com/en/products/alejon-collagen-serum-50ml,AlFouad Pharmacies,Verify usage rights before commercial publication,غير مثبت,غير مثبت,مرجعي فقط — غير معتمد للنشر التجاري,بيانات مرجعية متاحة؛ يلزم تحقق PM,ضمن الفحص المبدئي
12689795776815,shaan-feminine-cleanser-250ml,غسول منطقة الحساسة شان 250 مل,shaan,العناية بالبشرة,العناية بالبشرة,1,بسيط,5416,160,48,112,,متاح لدى المصدر,https://cdn.shopify.com/s/files/1/0935/9550/0847/files/ShaanFeminineCleanser250ml.webp?v=1771841163,منتج غسول منطقة الحساسة شان 250 مل من shaan. التصنيف المرجعي: العناية بالبشرة — بسيط. الوسوم المرجعية: Cleanser، Face Wash، Personal Care، shaan، Skin Care، Skin Concerns.,https://alfouadpharmacies.com/en/products/shaan-feminine-cleanser-250ml,AlFouad Pharmacies,Verify usage rights before commercial publication,غير مثبت,غير مثبت,مرجعي فقط — غير معتمد للنشر التجاري,بيانات مرجعية متاحة؛ يلزم تحقق PM,ضمن الفحص المبدئي
12689790992687,raw-african-aloe-vera-gel-125gm,جل الصبار الأفريقي الخام 125 جرام,RAW AFRICAN,العناية بالبشرة,العناية بالبشرة,1,بسيط,25363,170,51,119,,متاح لدى المصدر,https://cdn.shopify.com/s/files/1/0935/9550/0847/files/raw_african_aloe_vera_gel_1615x1615_white_bg.webp?v=1771758059,منتج جل الصبار الأفريقي الخام 125 جرام من RAW AFRICAN. التصنيف المرجعي: العناية بالبشرة — بسيط. الوسوم المرجعية: Dryness، Moisturizer Gel، Moisturizers، Skin Care، Skin Concerns.,https://alfouadpharmacies.com/en/products/raw-african-aloe-vera-gel-125gm,AlFouad Pharmacies,Verify usage rights before commercial publication,غير مثبت,غير مثبت,مرجعي فقط — غير معتمد للنشر التجاري,بيانات مرجعية متاحة؛ يلزم تحقق PM,ضمن الفحص المبدئي
12689511874863,dermaelle-hyalubalance-acne-prone-cream-60ml,كريم ديرمايل هيالوبالاس لعلاج حب الشباب 60 مل,Dermaelle,العناية بالبشرة,العناية بالبشرة,1,كريم ,114522,246.75,74.02,172.73,,متاح لدى المصدر,https://cdn.shopify.com/s/files/1/0935/9550/0847/files/Dermaelle_Hyalubalance_Acne-Prone_Cream_60ml_copy.webp?v=1782375442,منتج كريم ديرمايل هيالوبالاس لعلاج حب الشباب 60 مل من Dermaelle. التصنيف المرجعي: العناية بالبشرة — كريم . الوسوم المرجعية: Acne & Blemishes، Oily Skin، Skin Care، Treatment Cream.,https://alfouadpharmacies.com/en/products/dermaelle-hyalubalance-acne-prone-cream-60ml,AlFouad Pharmacies,Verify usage rights before commercial publication,غير مثبت,غير مثبت,مرجعي فقط — غير معتمد للنشر التجاري,بيانات مرجعية متاحة؛ يلزم تحقق PM,ضمن الفحص المبدئي
12689488544047,bioderma-sebium-h2o-micellar-water-100ml,ماء ميسيلار بيوديرما سيبيوم H2O 100 مل,Bioderma,العناية بالبشرة,العناية بالبشرة,1,,102385,349,104.7,244.3,0,متاح لدى المصدر,https://cdn.shopify.com/s/files/1/0935/9550/0847/files/BIODERMASEBIUMH2OMICELLARWATER100ML.webp?v=1771501956,منتج ماء ميسيلار بيوديرما سيبيوم H2O 100 مل من Bioderma. التصنيف المرجعي: العناية بالبشرة. الوسوم المرجعية: Acne & Blemishes، Oily Skin، Pores، Skin Care، Toners.,https://alfouadpharmacies.com/en/products/bioderma-sebium-h2o-micellar-water-100ml,AlFouad Pharmacies,Verify usage rights before commercial publication,غير مثبت,غير مثبت,مرجعي فقط — غير معتمد للنشر التجاري,بيانات مرجعية متاحة؛ يلزم تحقق PM,ضمن الفحص المبدئي
10589383328047,alejon-faical-moist-cream-75ml,كريم أليجون فايكال المرطب 75 مل,ALEJON,العناية بالبشرة,العناية بالبشرة,1,,19605,270,81,189,,متاح لدى المصدر,https://cdn.shopify.com/s/files/1/0935/9550/0847/files/Alejon-Facial-moisturizer-for-dry-skin_11zon.webp?v=1789638203,منتج كريم أليجون فايكال المرطب 75 مل من ALEJON. التصنيف المرجعي: العناية بالبشرة. الوسوم المرجعية: Moisturizer Cream، Skin Care، Skin Concerns.,https://alfouadpharmacies.com/en/products/alejon-faical-moist-cream-75ml,AlFouad Pharmacies,Verify usage rights before commercial publication,غير مثبت,غير مثبت,مرجعي فقط — غير معتمد للنشر التجاري,بيانات مرجعية متاحة؛ يلزم تحقق PM,ضمن الفحص المبدئي
10570010132783,leylak-cleansing-gel-200ml,جل تنظيف ليلاك 200 مل,AlFouad Pharmacies,العناية بالبشرة,العناية بالبشرة,1,بسيط,13578,289,86.7,202.3,,متاح لدى المصدر,https://cdn.shopify.com/s/files/1/0935/9550/0847/files/leylak-cleansing-gel-200ml.webp?v=1754297072,منتج جل تنظيف ليلاك 200 مل من AlFouad Pharmacies. التصنيف المرجعي: العناية بالبشرة — بسيط. الوسوم المرجعية: Acne & Blemishes، Cleanser، Face Wash، Oily Skin، Pores، Skin Care، Skin Concerns.,https://alfouadpharmacies.com/en/products/leylak-cleansing-gel-200ml,AlFouad Pharmacies,Verify usage rights before commercial publication,غير مثبت,غير مثبت,مرجعي فقط — غير معتمد للنشر التجاري,بيانات مرجعية متاحة؛ يلزم تحقق PM,ضمن الفحص المبدئي
10569910976815,nivea-natural-glow-eye-make-up-remover-125ml,مزيل مكياج العيون نيفيا ناتشورال جلو 125 مل,AlFouad Pharmacies,العناية بالبشرة,العناية بالبشرة,1,بسيط,92019,300,90,210,,متاح لدى المصدر,https://cdn.shopify.com/s/files/1/0935/9550/0847/files/Nivea-Natural-Glow-Eye-Make-Up-Remover-125ML.webp?v=1754297995,منتج مزيل مكياج العيون نيفيا ناتشورال جلو 125 مل من AlFouad Pharmacies. التصنيف المرجعي: العناية بالبشرة — بسيط. الوسوم المرجعية: Cleanser، Makeup Removers، Skin Care.,https://alfouadpharmacies.com/en/products/nivea-natural-glow-eye-make-up-remover-125ml,AlFouad Pharmacies,Verify usage rights before commercial publication,غير مثبت,غير مثبت,مرجعي فقط — غير معتمد للنشر التجاري,بيانات مرجعية متاحة؛ يلزم تحقق PM,ضمن الفحص المبدئي
10569903866159,loreal-glycolic-bright-eye-serum-20ml,لوجيه سيروم الوجه المرطب للبشرة الحساسة 20 مل,LOREAL PCD,العناية بالبشرة,العناية بالبشرة,1,بسيط,10842,815,244.5,570.5,,متاح لدى المصدر,https://cdn.shopify.com/s/files/1/0935/9550/0847/files/Loreal-Glycolic-Bright-Eye-Serum-20ML.webp?v=1754298084,منتج لوجيه سيروم الوجه المرطب للبشرة الحساسة 20 مل من LOREAL PCD. التصنيف المرجعي: العناية بالبشرة — بسيط. الوسوم المرجعية: Dark Spots، Eye & Lip، Eye Care، Eye Contour، Skin Care، Skin Concerns.,https://alfouadpharmacies.com/en/products/loreal-glycolic-bright-eye-serum-20ml,AlFouad Pharmacies,Verify usage rights before commercial publication,غير مثبت,غير مثبت,مرجعي فقط — غير معتمد للنشر التجاري,بيانات مرجعية متاحة؛ يلزم تحقق PM,ضمن الفحص المبدئي
10569899409711,neutrogena-visibly-clear-150ml-pink-facial-scrub,مقشر الوجه الوردي من نيتروجينا فيزيبل كير 150 مل,Neutrogena,العناية بالبشرة,العناية بالبشرة,1,بسيط,86360,280,84,196,,متاح لدى المصدر,https://cdn.shopify.com/s/files/1/0935/9550/0847/files/Neutrogena-Visibly-Clear-150ML-Pink-Facial-Scrub.webp?v=1754298151,منتج مقشر الوجه الوردي من نيتروجينا فيزيبل كير 150 مل من Neutrogena. التصنيف المرجعي: العناية بالبشرة — بسيط. الوسوم المرجعية: Cleanser، Dryness، Face Scrub، Skin Care، Skin Concerns.,https://alfouadpharmacies.com/en/products/neutrogena-visibly-clear-150ml-pink-facial-scrub,AlFouad Pharmacies,Verify usage rights before commercial publication,غير مثبت,غير مثبت,مرجعي فقط — غير معتمد للنشر التجاري,بيانات مرجعية متاحة؛ يلزم تحقق PM,ضمن الفحص المبدئي
10569898066223,natures-bounty-venos-cucumber-mud-musk-300ml-0945,ماسك الطين من نيتشرز باونتي للبشرة الحساسة بالخيار 300 مل 0945,AlFouad Pharmacies,العناية بالبشرة,العناية بالبشرة,1,بسيط,9282,190,57,133,,متاح لدى المصدر,https://cdn.shopify.com/s/files/1/0935/9550/0847/files/Natures-Bounty-Venos-Cucumber-Mud-Musk-300ML-0945.webp?v=1754298165,منتج ماسك الطين من نيتشرز باونتي للبشرة الحساسة بالخيار 300 مل 0945 من AlFouad Pharmacies. التصنيف المرجعي: العناية بالبشرة — بسيط. الوسوم المرجعية: Acne & Blemishes، Face Mask، Skin Care، Skin Concerns، Treatments.,https://alfouadpharmacies.com/en/products/natures-bounty-venos-cucumber-mud-musk-300ml-0945,AlFouad Pharmacies,Verify usage rights before commercial publication,غير مثبت,غير مثبت,مرجعي فقط — غير معتمد للنشر التجاري,بيانات مرجعية متاحة؛ يلزم تحقق PM,ضمن الفحص المبدئي
10569895641391,jampj-fresh-hydration-water-gel-cleanser-150ml,جل منظف مرطب من جي آند جي فريش، 150 مل,J&J,العناية بالبشرة,العناية بالبشرة,1,بسيط,3091,190,57,133,,متاح لدى المصدر,https://cdn.shopify.com/s/files/1/0935/9550/0847/files/JJ-Fresh-Hydration-Water-Gel-Cleanser-150ML.webp?v=1754298196,منتج جل منظف مرطب من جي آند جي فريش، 150 مل من J&J. التصنيف المرجعي: العناية بالبشرة — بسيط. الوسوم المرجعية: Cleanser، Face Wash، Skin Care.,https://alfouadpharmacies.com/en/products/jampj-fresh-hydration-water-gel-cleanser-150ml,AlFouad Pharmacies,Verify usage rights before commercial publication,غير مثبت,غير مثبت,مرجعي فقط — غير معتمد للنشر التجاري,بيانات مرجعية متاحة؛ يلزم تحقق PM,ضمن الفحص المبدئي
10569889939759,garnier-fast-bright-vitamin-c-scrub-50ml,غارنييه منظف تقشير سريع الإشراقة بفيتامين سي 50 مل,GARNIER,العناية بالبشرة,العناية بالبشرة,1,بسيط,110370,85,25.5,59.5,,متاح لدى المصدر,https://cdn.shopify.com/s/files/1/0935/9550/0847/files/Garnier-Fast-Bright-Vitamin-C-Scrub-50ML.webp?v=1754298265,منتج غارنييه منظف تقشير سريع الإشراقة بفيتامين سي 50 مل من GARNIER. التصنيف المرجعي: العناية بالبشرة — بسيط. الوسوم المرجعية: Cleanser، Dark Spots، Face Scrub، Skin Care، Skin Concerns.,https://alfouadpharmacies.com/en/products/garnier-fast-bright-vitamin-c-scrub-50ml,AlFouad Pharmacies,Verify usage rights before commercial publication,غير مثبت,غير مثبت,مرجعي فقط — غير معتمد للنشر التجاري,بيانات مرجعية متاحة؛ يلزم تحقق PM,ضمن الفحص المبدئي
10569853993263,dove-beauty-cream-75ml-rose,كريم دوف للتجميل 75 مل، زهور الورد,Dove,العناية بالبشرة,العناية بالبشرة,1,بسيط,32193,78,23.4,54.6,,متاح لدى المصدر,https://cdn.shopify.com/s/files/1/0935/9550/0847/files/Dove-Beauty-Cream-75ML-Rose.webp?v=1754298402,منتج كريم دوف للتجميل 75 مل، زهور الورد من Dove. التصنيف المرجعي: العناية بالبشرة — بسيط. الوسوم المرجعية: Dry Skin، Moisturizer Cream، Moisturizers، Skin Care، Skin Concerns.,https://alfouadpharmacies.com/en/products/dove-beauty-cream-75ml-rose,AlFouad Pharmacies,Verify usage rights before commercial publication,غير مثبت,غير مثبت,مرجعي فقط — غير معتمد للنشر التجاري,بيانات مرجعية متاحة؛ يلزم تحقق PM,ضمن الفحص المبدئي
10569830695215,the-ordinary-buffet-30ml,ذا أورديناري بوفيه 30 مل,The Ordinary,العناية بالبشرة,العناية بالبشرة,1,سيرم,32798,1250,375,875,0,متاح لدى المصدر,https://cdn.shopify.com/s/files/1/0935/9550/0847/files/1_-_2026-07-06T164340.778.webp?v=1783345440,منتج ذا أورديناري بوفيه 30 مل من The Ordinary. التصنيف المرجعي: العناية بالبشرة — سيرم. الوسوم المرجعية: Anti-Aging، Dehydrated Skin، Fine Lines & Wrinkles، Serums، Skin Care، Skin Concerns، Treatments.,https://alfouadpharmacies.com/en/products/the-ordinary-buffet-30ml,AlFouad Pharmacies,Verify usage rights before commercial publication,غير مثبت,غير مثبت,مرجعي فقط — غير معتمد للنشر التجاري,بيانات مرجعية متاحة؛ يلزم تحقق PM,ضمن الفحص المبدئي
10569819291951,cote-bronzage-tanning-oil-spf-0-strawberry-jam-300,زيت تسمير البشرة كوت برونزاغ، حماية شمسية 0، بنكهة مربى الفراولة، 300 مل,AlFouad Pharmacies,العناية بالبشرة,العناية بالبشرة | العناية بالجسم,2,بسيط,1625,375,112.5,262.5,,غير متاح لدى المصدر,https://cdn.shopify.com/s/files/1/0935/9550/0847/files/Cote-Bronzage-Tanning-Oil-Spf-0-Strawberry-Jam-300.webp?v=1754298667,منتج زيت تسمير البشرة كوت برونزاغ، حماية شمسية 0، بنكهة مربى الفراولة، 300 مل من AlFouad Pharmacies. التصنيف المرجعي: العناية بالبشرة — بسيط. الوسوم المرجعية: Body Care، Skin Care، Skin Concerns، Sun Care، Sun Tan، Sunscreen، Tanning Oil.,https://alfouadpharmacies.com/en/products/cote-bronzage-tanning-oil-spf-0-strawberry-jam-300,AlFouad Pharmacies,Verify usage rights before commercial publication,غير مثبت,غير مثبت,مرجعي فقط — غير معتمد للنشر التجاري,بيانات مرجعية متاحة؛ يلزم تحقق PM,ضمن الفحص المبدئي
10569804284207,uriage-bariesun-matt-fluide-spf50-50ml,يو رييج باريسون مات فلويد كريم واقي من الشمس SPF+50 50 مل,URIAGE Bariesun,العناية بالبشرة,العناية بالبشرة,1,واقي شمس,33232,1025,307.5,717.5,,غير متاح لدى المصدر,https://cdn.shopify.com/s/files/1/0935/9550/0847/files/Group_1_copy_45.webp?v=1782197685,منتج يو رييج باريسون مات فلويد كريم واقي من الشمس SPF+50 50 مل من URIAGE Bariesun. التصنيف المرجعي: العناية بالبشرة — واقي شمس. الوسوم المرجعية: Oily Skin، Skin Care، Skin Concerns، SPF 50، Sun Care، Sunscreen، Sunscreen Fluid.,https://alfouadpharmacies.com/en/products/uriage-bariesun-matt-fluide-spf50-50ml,AlFouad Pharmacies,Verify usage rights before commercial publication,غير مثبت,غير مثبت,مرجعي فقط — غير معتمد للنشر التجاري,بيانات مرجعية متاحة؛ يلزم تحقق PM,ضمن الفحص المبدئي
10569744449839,isis-uveblock-spf-50-spray-sensetive-200ml,آيسيس. يو في بلوك سبراي واقي من الشمس 50+ للبشرة الحساسة 200 مل,isis,العناية بالبشرة,العناية بالبشرة,1,واقي شمس ,88446,1439,431.7,1007.3,,متاح لدى المصدر,https://cdn.shopify.com/s/files/1/0935/9550/0847/files/1_-_2026-06-30T172141.176.webp?v=1782829313,منتج آيسيس. يو في بلوك سبراي واقي من الشمس 50+ للبشرة الحساسة 200 مل من isis. التصنيف المرجعي: العناية بالبشرة — واقي شمس . الوسوم المرجعية: Skin Care، Skin Concerns، SPF 50، Sun Care، Sunscreen، Sunscreen Spray.,https://alfouadpharmacies.com/en/products/isis-uveblock-spf-50-spray-sensetive-200ml,AlFouad Pharmacies,Verify usage rights before commercial publication,غير مثبت,غير مثبت,مرجعي فقط — غير معتمد للنشر التجاري,بيانات مرجعية متاحة؛ يلزم تحقق PM,ضمن الفحص المبدئي
10569743761711,isis-teen-derm-gel-sensitive-400ml,إيزيس فارما تين ديرم جل سينسيتيف غسول منقي للبشرة الحساسة والمعرضة للحبوب 400 مل,isis,العناية بالبشرة,العناية بالبشرة,1,غسول ,84848,975,292.5,682.5,,متاح لدى المصدر,https://cdn.shopify.com/s/files/1/0935/9550/0847/files/1_-_2026-06-30T150719.827.webp?v=1782821340,منتج إيزيس فارما تين ديرم جل سينسيتيف غسول منقي للبشرة الحساسة والمعرضة للحبوب 400 مل من isis. التصنيف المرجعي: العناية بالبشرة — غسول . الوسوم المرجعية: Acne & Blemishes، Cleanser، Face Wash، Oily Skin، Pores، Skin Care، Skin Concerns.,https://alfouadpharmacies.com/en/products/isis-teen-derm-gel-sensitive-400ml,AlFouad Pharmacies,Verify usage rights before commercial publication,غير مثبت,غير مثبت,مرجعي فقط — غير معتمد للنشر التجاري,بيانات مرجعية متاحة؛ يلزم تحقق PM,ضمن الفحص المبدئي
10569740058927,disaar-vitamin-c-eye-cream-25ml,كريم ديزار فيتامين سي للعين 25 مل,AlFouad Pharmacies,العناية بالبشرة,العناية بالبشرة,1,بسيط,11025,180,54,126,,متاح لدى المصدر,https://cdn.shopify.com/s/files/1/0935/9550/0847/files/Disaar-Vitamin-C-Eye-Cream-25ML-4145.webp?v=1754298941,منتج كريم ديزار فيتامين سي للعين 25 مل من AlFouad Pharmacies. التصنيف المرجعي: العناية بالبشرة — بسيط. الوسوم المرجعية: Dark Circles & Puffiness، Eye & Lip، Eye Care، Eye Contour، Fine Lines & Wrinkles، Skin Care، Skin Concerns.,https://alfouadpharmacies.com/en/products/disaar-vitamin-c-eye-cream-25ml,AlFouad Pharmacies,Verify usage rights before commercial publication,غير مثبت,غير مثبت,مرجعي فقط — غير معتمد للنشر التجاري,بيانات مرجعية متاحة؛ يلزم تحقق PM,ضمن الفحص المبدئي
10569734095151,atoderm-gel-douche-200ml,غسول بيوديرما أتوديرم جل 200 مل,Bioderma,العناية بالبشرة,العناية بالبشرة | العناية بالجسم,2,بسيط,98929,649,194.7,454.3,0,متاح لدى المصدر,https://cdn.shopify.com/s/files/1/0935/9550/0847/files/BIODERMA-ATODERM-GEL-DOUCHE-200ML-Anwar-Store-11_1024x1024_749b63d4-3a1b-4622-8126-cc4bab51b78f.webp?v=1754299003,منتج غسول بيوديرما أتوديرم جل 200 مل من Bioderma. التصنيف المرجعي: العناية بالبشرة — بسيط. الوسوم المرجعية: Body Care، Body Concerns، Body Wash، Cleanser، Dry Skin، Dry Skin body concerns، Dryness، Face Wash.,https://alfouadpharmacies.com/en/products/atoderm-gel-douche-200ml,AlFouad Pharmacies,Verify usage rights before commercial publication,غير مثبت,غير مثبت,مرجعي فقط — غير معتمد للنشر التجاري,بيانات مرجعية متاحة؛ يلزم تحقق PM,ضمن الفحص المبدئي
10569719382319,starville-micller-water-200ml,ماء ستارفيل ميكلر 200 مل,parkville,العناية بالبشرة,العناية بالبشرة,1,بسيط,93937,125,37.5,87.5,,غير متاح لدى المصدر,https://cdn.shopify.com/s/files/1/0935/9550/0847/files/Starville-Micller-Water-200ml.webp?v=1754299234,منتج ماء ستارفيل ميكلر 200 مل من parkville. التصنيف المرجعي: العناية بالبشرة — بسيط. الوسوم المرجعية: Cleanser، Makeup Removers، Skin Care، starville.,https://alfouadpharmacies.com/en/products/starville-micller-water-200ml,AlFouad Pharmacies,Verify usage rights before commercial publication,غير مثبت,غير مثبت,مرجعي فقط — غير معتمد للنشر التجاري,بيانات مرجعية متاحة؛ يلزم تحقق PM,ضمن الفحص المبدئي
10569716007215,eva-acne-prone-skin-facial-scrub-100ml,مقشر الوجه للبشرة المعرضة لحب الشباب من إيفا 100 مل,AlFouad Pharmacies,العناية بالبشرة,العناية بالبشرة,1,بسيط,5467,105,31.5,73.5,,متاح لدى المصدر,https://cdn.shopify.com/s/files/1/0935/9550/0847/files/Eva-Acne-Prone-Skin-Facial-Scrub-100ml.webp?v=1754299273,منتج مقشر الوجه للبشرة المعرضة لحب الشباب من إيفا 100 مل من AlFouad Pharmacies. التصنيف المرجعي: العناية بالبشرة — بسيط. الوسوم المرجعية: Cleanser، Face Scrub، Skin Care.,https://alfouadpharmacies.com/en/products/eva-acne-prone-skin-facial-scrub-100ml,AlFouad Pharmacies,Verify usage rights before commercial publication,غير مثبت,غير مثبت,مرجعي فقط — غير معتمد للنشر التجاري,بيانات مرجعية متاحة؛ يلزم تحقق PM,ضمن الفحص المبدئي
10569715056943,eva-anti-ageing-vitamin-a-face-serum-30ml,مصل الوجه إيفا المضاد للشيخوخة بالفيتامين (أ) 30 مل,AlFouad Pharmacies,العناية بالبشرة,العناية بالبشرة,1,بسيط,101531,230,69,161,,متاح لدى المصدر,https://cdn.shopify.com/s/files/1/0935/9550/0847/files/Eva-Anti-Ageing-Vitamin-a-Face-Serum-30ml.webp?v=1754299292,منتج مصل الوجه إيفا المضاد للشيخوخة بالفيتامين (أ) 30 مل من AlFouad Pharmacies. التصنيف المرجعي: العناية بالبشرة — بسيط. الوسوم المرجعية: Anti-Aging، Serums، Skin Care، Skin Concerns، Treatments.,https://alfouadpharmacies.com/en/products/eva-anti-ageing-vitamin-a-face-serum-30ml,AlFouad Pharmacies,Verify usage rights before commercial publication,غير مثبت,غير مثبت,مرجعي فقط — غير معتمد للنشر التجاري,بيانات مرجعية متاحة؛ يلزم تحقق PM,ضمن الفحص المبدئي
16108948554031,غسول-ديرميديك-نورماكني-المضاد-للبكتيريا-وتنقية-البشرة-200-مل,غسول ديرميديك نورماكني المضاد للبكتيريا وتنقية البشرة 200 مل,DERMEDIC,العناية بالبشرة,العناية بالبشرة,1,غسول ,117434,700,210,490,,متاح لدى المصدر,https://cdn.shopify.com/s/files/1/0935/9550/0847/files/wwwprodukt-2025-06-25T100352.885.webp?v=1785746837,منتج غسول ديرميديك نورماكني المضاد للبكتيريا وتنقية البشرة 200 مل من DERMEDIC. التصنيف المرجعي: العناية بالبشرة — غسول . الوسوم المرجعية: Cleanser، Oily Skin، Skin Care.,https://alfouadpharmacies.com/en/products/غسول-ديرميديك-نورماكني-المضاد-للبكتيريا-وتنقية-البشرة-200-مل,AlFouad Pharmacies,Verify usage rights before commercial publication,غير مثبت,غير مثبت,مرجعي فقط — غير معتمد للنشر التجاري,بيانات مرجعية متاحة؛ يلزم تحقق PM,ضمن الفحص المبدئي
16045878608175,mood-hand-cream-50-gm-sugar-rush,مود شوجر راش بريميوم كريم لليدين 50 مل,MOOD,العناية بالبشرة,العناية بالبشرة,1,كريم لليد ,114391,75,22.5,52.5,,متاح لدى المصدر,https://cdn.shopify.com/s/files/1/0935/9550/0847/files/hand_cream_4.webp?v=1783242133,منتج مود شوجر راش بريميوم كريم لليدين 50 مل من MOOD. التصنيف المرجعي: العناية بالبشرة — كريم لليد . الوسوم المرجعية: Hand، Skin Care.,https://alfouadpharmacies.com/en/products/mood-hand-cream-50-gm-sugar-rush,AlFouad Pharmacies,Verify usage rights before commercial publication,غير مثبت,غير مثبت,مرجعي فقط — غير معتمد للنشر التجاري,بيانات مرجعية متاحة؛ يلزم تحقق PM,ضمن الفحص المبدئي
12689539236143,uriage-bariesun-ultra-fluid-spf50-30ml,يورياج باريسون ألترا فلويد بعامل حماية من الشمس 50+، 30 مل,URIAGE Bariesun,العناية بالبشرة,العناية بالبشرة,1,واقي شمس,114414,859,257.7,601.3,,متاح لدى المصدر,https://cdn.shopify.com/s/files/1/0935/9550/0847/files/Group_1_copy_46.webp?v=1782198172,منتج يورياج باريسون ألترا فلويد بعامل حماية من الشمس 50+، 30 مل من URIAGE Bariesun. التصنيف المرجعي: العناية بالبشرة — واقي شمس. الوسوم المرجعية: Skin Care، Sun Care، sun screen lotion، sunblock، Sunscreen، Sunscreen Cream، Sunscreen Fluid، Sunscreen Gel Cream.,https://alfouadpharmacies.com/en/products/uriage-bariesun-ultra-fluid-spf50-30ml,AlFouad Pharmacies,Verify usage rights before commercial publication,غير مثبت,غير مثبت,مرجعي فقط — غير معتمد للنشر التجاري,بيانات مرجعية متاحة؛ يلزم تحقق PM,ضمن الفحص المبدئي
12886050963759,svr-ampoule-a-30ml,SVR Ampoule A 30ML,SVR,العناية بالبشرة,العناية بالبشرة,1,,115610,1699,509.7,1189.3,,متاح لدى المصدر,https://cdn.shopify.com/s/files/1/0935/9550/0847/files/AMPOULEAUK_1200x1200_crop_center_bd22ff5f-6cea-4440-8c2e-33af49306189.webp?v=1772616916,منتج SVR Ampoule A 30ML من SVR. التصنيف المرجعي: العناية بالبشرة. الحجم المذكور: 30 ML. الوسوم المرجعية: Anti-Aging، Fine Lines & Wrinkles، Serums، Skin Care.,https://alfouadpharmacies.com/en/products/svr-ampoule-a-30ml,AlFouad Pharmacies,Verify usage rights before commercial publication,غير مثبت,غير مثبت,مرجعي فقط — غير معتمد للنشر التجاري,بيانات مرجعية متاحة؛ يلزم تحقق PM,ضمن الفحص المبدئي
10569831448879,avuva-white-paste-100-gm-passion-fruit,معجون أفوفا الأبيض 100 غرام بنكهة فاكهة الباشن فروت,AlFouad Pharmacies,العناية بالبشرة,العناية بالبشرة | العناية بالجسم,2,بسيط,91267,35,10.5,24.5,,متاح لدى المصدر,https://cdn.shopify.com/s/files/1/0935/9550/0847/files/Avuva-White-Paste-100-GM-Passion-Fruit.webp?v=1754298585,منتج معجون أفوفا الأبيض 100 غرام بنكهة فاكهة الباشن فروت من AlFouad Pharmacies. التصنيف المرجعي: العناية بالبشرة — بسيط. الوسوم المرجعية: Body Care، Body Concerns، Hair Removal، Sensetive Skin.,https://alfouadpharmacies.com/en/products/avuva-white-paste-100-gm-passion-fruit,AlFouad Pharmacies,Verify usage rights before commercial publication,غير مثبت,غير مثبت,مرجعي فقط — غير معتمد للنشر التجاري,بيانات مرجعية متاحة؛ يلزم تحقق PM,ضمن الفحص المبدئي
10569831022895,avuva-white-paste-100-gm-african,معجون أفوفا الأبيض 100 غرام أفريقي,AlFouad Pharmacies,العناية بالبشرة,العناية بالبشرة | العناية بالجسم,2,بسيط,94748,35,10.5,24.5,,متاح لدى المصدر,https://cdn.shopify.com/s/files/1/0935/9550/0847/files/Avuva-White-Paste-100-GM-African.webp?v=1754298588,منتج معجون أفوفا الأبيض 100 غرام أفريقي من AlFouad Pharmacies. التصنيف المرجعي: العناية بالبشرة — بسيط. الوسوم المرجعية: Body Care، Body Concerns، Hair Removal، Sensetive Skin.,https://alfouadpharmacies.com/en/products/avuva-white-paste-100-gm-african,AlFouad Pharmacies,Verify usage rights before commercial publication,غير مثبت,غير مثبت,مرجعي فقط — غير معتمد للنشر التجاري,بيانات مرجعية متاحة؛ يلزم تحقق PM,ضمن الفحص المبدئي
12689553785135,beauty-of-joseon-aqua-fresh-rice-b5-spf50-50ml,بيوتي أوف جوسون أكوا فريش رايس + بي 5 إس بي إف 50+ 50 مل ,korean product,العناية بالبشرة,العناية بالبشرة | الجمال الكوري,2,,113903,1600,480,1120,,متاح لدى المصدر,https://cdn.shopify.com/s/files/1/0935/9550/0847/files/boj_relief_sun_ecommerce_standard_2.webp?v=1771831778,منتج بيوتي أوف جوسون أكوا فريش رايس + بي 5 إس بي إف 50+ 50 مل  من korean product. التصنيف المرجعي: العناية بالبشرة. الوسوم المرجعية: Dark Spots، Even Skin Tone، korean product، Oily Skin، SPF 50، Sunscreen Fluid.,https://alfouadpharmacies.com/en/products/beauty-of-joseon-aqua-fresh-rice-b5-spf50-50ml,AlFouad Pharmacies,Verify usage rights before commercial publication,غير مثبت,غير مثبت,مرجعي فقط — غير معتمد للنشر التجاري,بيانات مرجعية متاحة؛ يلزم تحقق PM,ضمن الفحص المبدئي
10569738125615,beesline-spray-150ml-sport-pulse,بخاخ بيزلين سبورت بلس 150 مل,Beesline,العناية بالبشرة,العناية بالبشرة | العناية بالجسم,2,بسيط,94699,350,105,245,,غير متاح لدى المصدر,https://cdn.shopify.com/s/files/1/0935/9550/0847/files/Beesline-Spray-150ML-Sport-Pulse.webp?v=1754298958,منتج بخاخ بيزلين سبورت بلس 150 مل من Beesline. التصنيف المرجعي: العناية بالبشرة — بسيط. الوسوم المرجعية: Body Care، Body Concerns، Body Spray، Deodrant، Even Skin Tone / Pigmentation.,https://alfouadpharmacies.com/en/products/beesline-spray-150ml-sport-pulse,AlFouad Pharmacies,Verify usage rights before commercial publication,غير مثبت,غير مثبت,مرجعي فقط — غير معتمد للنشر التجاري,بيانات مرجعية متاحة؛ يلزم تحقق PM,ضمن الفحص المبدئي
12689810948399,dermactive-acti-clear-correct-serum-30ml,مصل ديرم اكتيف اكتي كلير لتصحيح البشرة 30 مل,DERMACTIVE,العناية بالبشرة,العناية بالبشرة,1,بسيط,3113,269,80.7,188.3,,متاح لدى المصدر,https://cdn.shopify.com/s/files/1/0935/9550/0847/files/DERMACTIVE_GLOBAL_AC_FIXED_1615x1615_5979516e-a15a-44eb-aaed-def871c95790.webp?v=1771502723,منتج مصل ديرم اكتيف اكتي كلير لتصحيح البشرة 30 مل من DERMACTIVE. التصنيف المرجعي: العناية بالبشرة — بسيط. الوسوم المرجعية: Dark Spots، Serums، Skin Care، Skin Concerns، Treatments.,https://alfouadpharmacies.com/en/products/dermactive-acti-clear-correct-serum-30ml,AlFouad Pharmacies,Verify usage rights before commercial publication,غير مثبت,غير مثبت,مرجعي فقط — غير معتمد للنشر التجاري,بيانات مرجعية متاحة؛ يلزم تحقق PM,ضمن الفحص المبدئي
12689810653487,dermactive-acti-clear-global-ac-cream-gel-50ml,جل كريم ديرم اكتيف اكتي كلير جلوبال للعناية بالبشرة المعرضة لحب الشباب 50 مل,DERMACTIVE,العناية بالبشرة,العناية بالبشرة,1,بسيط,90349,239,71.7,167.3,,متاح لدى المصدر,https://cdn.shopify.com/s/files/1/0935/9550/0847/files/Dermactive_Acti_Clear_Global_AC_1615x1615_9f8138fe-8cdf-4d93-93f1-b57e498eb29a.webp?v=1771499771,منتج جل كريم ديرم اكتيف اكتي كلير جلوبال للعناية بالبشرة المعرضة لحب الشباب 50 مل من DERMACTIVE. التصنيف المرجعي: العناية بالبشرة — بسيط. الوسوم المرجعية: Acne & Blemishes، Moisturizer Gel، Moisturizers، Oily Skin، Skin Care، Skin Concerns.,https://alfouadpharmacies.com/en/products/dermactive-acti-clear-global-ac-cream-gel-50ml,AlFouad Pharmacies,Verify usage rights before commercial publication,غير مثبت,غير مثبت,مرجعي فقط — غير معتمد للنشر التجاري,بيانات مرجعية متاحة؛ يلزم تحقق PM,ضمن الفحص المبدئي
12689810522415,bobai-sun-screen-haydrocare-gel-spf50-60ml,جل حماية من الشمس هيدروكير بوباي SPF50+ 60 مل,Bobai,العناية بالبشرة,العناية بالبشرة,1,بسيط,96538,350,105,245,,متاح لدى المصدر,https://cdn.shopify.com/s/files/1/0935/9550/0847/files/bobai_hydrocare_sunscreen_gel_1615x1615_2555e4f2-7eb1-4c6b-8b7d-6e5b453d93dd.webp?v=1790845190,منتج جل حماية من الشمس هيدروكير بوباي SPF50+ 60 مل من Bobai. التصنيف المرجعي: العناية بالبشرة — بسيط. الوسوم المرجعية: bobai، Skin Care، Skin Concerns، SPF 50، Sun Care، Sun Gel، Sunscreen.,https://alfouadpharmacies.com/en/products/bobai-sun-screen-haydrocare-gel-spf50-60ml,AlFouad Pharmacies,Verify usage rights before commercial publication,غير مثبت,غير مثبت,مرجعي فقط — غير معتمد للنشر التجاري,بيانات مرجعية متاحة؛ يلزم تحقق PM,ضمن الفحص المبدئي
12689798037807,bobai-sun-block-cream-spf50-50ml,كريم واقي من الشمس بوباي SPF50+ 50 مل,Bobai,العناية بالبشرة,العناية بالبشرة,1,بسيط,12275,225,67.5,157.5,,متاح لدى المصدر,https://cdn.shopify.com/s/files/1/0935/9550/0847/files/BobaiSunBlockCreamSPF50_50ml.webp?v=1771843220,منتج كريم واقي من الشمس بوباي SPF50+ 50 مل من Bobai. التصنيف المرجعي: العناية بالبشرة — بسيط. الوسوم المرجعية: bobai، Skin Care، Skin Concerns، Sun Care، Sunscreen، Sunscreen Cream.,https://alfouadpharmacies.com/en/products/bobai-sun-block-cream-spf50-50ml,AlFouad Pharmacies,Verify usage rights before commercial publication,غير مثبت,غير مثبت,مرجعي فقط — غير معتمد للنشر التجاري,بيانات مرجعية متاحة؛ يلزم تحقق PM,ضمن الفحص المبدئي
12689796661551,eva-skin-clinic-hyaluronic-day-gel-45ml,جل الوجه اليومي من إيفا سكين كلينك، حمض الهيالورونيك، 45 مل,AlFouad Pharmacies,العناية بالبشرة,العناية بالبشرة,1,بسيط,111483,220,66,154,,متاح لدى المصدر,https://cdn.shopify.com/s/files/1/0935/9550/0847/files/cCDten2uuE04cyGkJmR5HVqehiiYtLJ7dY2BWKdo.webp?v=1771843514,منتج جل الوجه اليومي من إيفا سكين كلينك، حمض الهيالورونيك، 45 مل من AlFouad Pharmacies. التصنيف المرجعي: العناية بالبشرة — بسيط. الوسوم المرجعية: Anti-Aging، Moisturizer Gel، Moisturizers، Skin Care، Skin Concerns.,https://alfouadpharmacies.com/en/products/eva-skin-clinic-hyaluronic-day-gel-45ml,AlFouad Pharmacies,Verify usage rights before commercial publication,غير مثبت,غير مثبت,مرجعي فقط — غير معتمد للنشر التجاري,بيانات مرجعية متاحة؛ يلزم تحقق PM,ضمن الفحص المبدئي
12689796563247,alejon-vitamin-c-serum-50ml,مصل فيتامين سي من أليجون 50 مل,ALEJON,العناية بالبشرة,العناية بالبشرة,1,بسيط,105294,360,108,252,,متاح لدى المصدر,https://cdn.shopify.com/s/files/1/0935/9550/0847/files/alejon_vitamin_c_serum_ecommerce.webp?v=1771832493,منتج مصل فيتامين سي من أليجون 50 مل من ALEJON. التصنيف المرجعي: العناية بالبشرة — بسيط. الوسوم المرجعية: Fine Lines & Wrinkles، serum vit c، Serums، Skin Care، Skin Concerns، Treatments.,https://alfouadpharmacies.com/en/products/alejon-vitamin-c-serum-50ml,AlFouad Pharmacies,Verify usage rights before commercial publication,غير مثبت,غير مثبت,مرجعي فقط — غير معتمد للنشر التجاري,بيانات مرجعية متاحة؛ يلزم تحقق PM,ضمن الفحص المبدئي
12689796530479,alejon-whitening-cleanser-200ml,منظف أليجون لتفتيح البشرة 200 مل,ALEJON,العناية بالبشرة,العناية بالبشرة,1,بسيط,101370,295,88.5,206.5,,متاح لدى المصدر,https://cdn.shopify.com/s/files/1/0935/9550/0847/files/alejon_whitening_cleanser_ecommerce.webp?v=1771832548,منتج منظف أليجون لتفتيح البشرة 200 مل من ALEJON. التصنيف المرجعي: العناية بالبشرة — بسيط. الوسوم المرجعية: Cleanser، Dark Spots، Face Wash، Skin Care، Skin Concerns، Whitening cleancer.,https://alfouadpharmacies.com/en/products/alejon-whitening-cleanser-200ml,AlFouad Pharmacies,Verify usage rights before commercial publication,غير مثبت,غير مثبت,مرجعي فقط — غير معتمد للنشر التجاري,بيانات مرجعية متاحة؛ يلزم تحقق PM,ضمن الفحص المبدئي
12689796333871,dermactive-acti-glow-radiance-booster-serum-30ml,مصل ديرم اكتيف اكتي-جلو لتعزيز الإشراقة 30 مل,DERMACTIVE,العناية بالبشرة,العناية بالبشرة,1,بسيط,30041,319,95.7,223.3,,متاح لدى المصدر,https://cdn.shopify.com/s/files/1/0935/9550/0847/files/dermactive_acti_glow_serum_FINAL_1615x1615_542fb2a6-4f92-4b60-a6e0-a10b78f6c369.webp?v=1771748176,منتج مصل ديرم اكتيف اكتي-جلو لتعزيز الإشراقة 30 مل من DERMACTIVE. التصنيف المرجعي: العناية بالبشرة — بسيط. الوسوم المرجعية: Dark Spots، Serums، Skin Care، Skin Concerns، Treatments.,https://alfouadpharmacies.com/en/products/dermactive-acti-glow-radiance-booster-serum-30ml,AlFouad Pharmacies,Verify usage rights before commercial publication,غير مثبت,غير مثبت,مرجعي فقط — غير معتمد للنشر التجاري,بيانات مرجعية متاحة؛ يلزم تحقق PM,ضمن الفحص المبدئي
12689796071727,eva-skin-clinic-hyaluronic-facial-wash-160ml,غسول الوجه بالهيالورونيك من إيفا سكين كلينك 160 مل,AlFouad Pharmacies,العناية بالبشرة,العناية بالبشرة,1,بسيط,17551,120,36,84,,متاح لدى المصدر,https://cdn.shopify.com/s/files/1/0935/9550/0847/files/71ZwsJhmVrL.webp?v=1771843765,منتج غسول الوجه بالهيالورونيك من إيفا سكين كلينك 160 مل من AlFouad Pharmacies. التصنيف المرجعي: العناية بالبشرة — بسيط. الوسوم المرجعية: Cleanser، Dryness، Face Wash، Skin Care، Skin Concerns.,https://alfouadpharmacies.com/en/products/eva-skin-clinic-hyaluronic-facial-wash-160ml,AlFouad Pharmacies,Verify usage rights before commercial publication,غير مثبت,غير مثبت,مرجعي فقط — غير معتمد للنشر التجاري,بيانات مرجعية متاحة؛ يلزم تحقق PM,ضمن الفحص المبدئي
12689783161135,shaan-lip-balm-5gm-rose,بلسم الشفاه شان 5 غرام وردي,shaan,العناية بالبشرة,العناية بالبشرة,1,بسيط,8949,100,30,70,,متاح لدى المصدر,https://cdn.shopify.com/s/files/1/0935/9550/0847/files/ShaanLipBalm5gmRose.webp?v=1771841220,منتج بلسم الشفاه شان 5 غرام وردي من shaan. التصنيف المرجعي: العناية بالبشرة — بسيط. الوسوم المرجعية: Eye & Lip، Lip، Lip Balm، shaan، Skin Care.,https://alfouadpharmacies.com/en/products/shaan-lip-balm-5gm-rose,AlFouad Pharmacies,Verify usage rights before commercial publication,غير مثبت,غير مثبت,مرجعي فقط — غير معتمد للنشر التجاري,بيانات مرجعية متاحة؛ يلزم تحقق PM,ضمن الفحص المبدئي
12689724571951,dermaelle-solaire-spf45-body-milk-200ml,حليب الجسم الواقي من الشمس ديرمالي SPF45، 200 مل,Dermaelle,العناية بالبشرة,العناية بالبشرة,1,واقي شمس ,99115,262.5,78.75,183.75,,متاح لدى المصدر,https://cdn.shopify.com/s/files/1/0935/9550/0847/files/1_-_2026-06-25T132345.367.webp?v=1782383131,منتج حليب الجسم الواقي من الشمس ديرمالي SPF45، 200 مل من Dermaelle. التصنيف المرجعي: العناية بالبشرة — واقي شمس . الوسوم المرجعية: Skin Care، Skin Concerns، Sun Care، Sunscreen، Sunscreen Lotion.,https://alfouadpharmacies.com/en/products/dermaelle-solaire-spf45-body-milk-200ml,AlFouad Pharmacies,Verify usage rights before commercial publication,غير مثبت,غير مثبت,مرجعي فقط — غير معتمد للنشر التجاري,بيانات مرجعية متاحة؛ يلزم تحقق PM,ضمن الفحص المبدئي
12689690525999,labello-lip-balm-strawberry,بلسم الشفاه لابيّلو بنكهة الفراولة,AlFouad Pharmacies,العناية بالبشرة,العناية بالبشرة,1,بسيط,85124,120,36,84,,متاح لدى المصدر,https://cdn.shopify.com/s/files/1/0935/9550/0847/files/Labello_Strawberry_Shine_1615x1615_910f05b9-f98b-401c-8939-2d1d6674fa33.webp?v=1772274514,منتج بلسم الشفاه لابيّلو بنكهة الفراولة من AlFouad Pharmacies. التصنيف المرجعي: العناية بالبشرة — بسيط. الوسوم المرجعية: Dryness، Eye & Lip، Lip، Lip Balm، Skin Care، Skin Concerns.,https://alfouadpharmacies.com/en/products/labello-lip-balm-strawberry,AlFouad Pharmacies,Verify usage rights before commercial publication,غير مثبت,غير مثبت,مرجعي فقط — غير معتمد للنشر التجاري,بيانات مرجعية متاحة؛ يلزم تحقق PM,ضمن الفحص المبدئي
12689576952111,meditopic-dry-skin-face-cleanser-200ml,غسول الوجه للبشرة الجافة من ميديتوبيك 200 مل,Meditopic,العناية بالبشرة,العناية بالبشرة,1,,111499,698,209.4,488.6,,غير متاح لدى المصدر,https://cdn.shopify.com/s/files/1/0935/9550/0847/files/MeditopicDrySkinFaceCleanser200ml_c5441bd0-dff3-4836-82ad-d4e1006c6e13.webp?v=1771923180,منتج غسول الوجه للبشرة الجافة من ميديتوبيك 200 مل من Meditopic. التصنيف المرجعي: العناية بالبشرة. الوسوم المرجعية: Dry Skin، Dryness، Face Wash، Sensitive Skin / Redness، Skin Care.,https://alfouadpharmacies.com/en/products/meditopic-dry-skin-face-cleanser-200ml,AlFouad Pharmacies,Verify usage rights before commercial publication,غير مثبت,غير مثبت,مرجعي فقط — غير معتمد للنشر التجاري,بيانات مرجعية متاحة؛ يلزم تحقق PM,ضمن الفحص المبدئي
12689576427823,avene-gentle-exfoliating-gel-75ml,جل أفين اللطيف للتقشير 75 مل,Avene,العناية بالبشرة,العناية بالبشرة,1,Skin Care,10848,899,269.7,629.3,,متاح لدى المصدر,https://cdn.shopify.com/s/files/1/0935/9550/0847/files/AveneGentleExfoliatingGel75ml.webp?v=1785928388,منتج جل أفين اللطيف للتقشير 75 مل من Avene. التصنيف المرجعي: العناية بالبشرة — Skin Care. الوسوم المرجعية: Exfoliators، Skin Care، Skin Concerns.,https://alfouadpharmacies.com/en/products/avene-gentle-exfoliating-gel-75ml,AlFouad Pharmacies,Verify usage rights before commercial publication,غير مثبت,غير مثبت,مرجعي فقط — غير معتمد للنشر التجاري,بيانات مرجعية متاحة؛ يلزم تحقق PM,ضمن الفحص المبدئي
12689565876527,melatime-sunscreen-cream-gel-spf-50-120ml,جل كريم واقي من الشمس من ميلاتيم بعامل حماية من الشمس +50، 120 مل,melatime,العناية بالبشرة,العناية بالبشرة,1,sunscreen,113440,550,165,385,,متاح لدى المصدر,https://cdn.shopify.com/s/files/1/0935/9550/0847/files/Melatime_Sunscreen_SPF50_Orange_120ml_PureWhite_1615x1615_c4b178ae-7af6-4334-9a93-ca4cdbf1671c.webp?v=1772224406,منتج جل كريم واقي من الشمس من ميلاتيم بعامل حماية من الشمس +50، 120 مل من melatime. التصنيف المرجعي: العناية بالبشرة — sunscreen. الوسوم المرجعية: Skin Care، Sun Care، Sunscreen، Sunscreen Gel Cream.,https://alfouadpharmacies.com/en/products/melatime-sunscreen-cream-gel-spf-50-120ml,AlFouad Pharmacies,Verify usage rights before commercial publication,غير مثبت,غير مثبت,مرجعي فقط — غير معتمد للنشر التجاري,بيانات مرجعية متاحة؛ يلزم تحقق PM,ضمن الفحص المبدئي
12689553752367,centella-light-cleansing-oil-200ml,زيت تنظيف خفيف بخلاصة السنتيلا 200 مل ,korean product,العناية بالبشرة,العناية بالبشرة | الجمال الكوري,2,,86973,1800,540,1260,,متاح لدى المصدر,https://cdn.shopify.com/s/files/1/0935/9550/0847/files/skin1004_centella_oil_bottle_ecommerce_standard.webp?v=1771832116,منتج زيت تنظيف خفيف بخلاصة السنتيلا 200 مل  من korean product. التصنيف المرجعي: العناية بالبشرة. الوسوم المرجعية: Face Wash، korean product، Sensitive Skin / Redness، Skin Care.,https://alfouadpharmacies.com/en/products/centella-light-cleansing-oil-200ml,AlFouad Pharmacies,Verify usage rights before commercial publication,غير مثبت,غير مثبت,مرجعي فقط — غير معتمد للنشر التجاري,بيانات مرجعية متاحة؛ يلزم تحقق PM,ضمن الفحص المبدئي
12689553588527,cosrx-advanced-snail-92-all-in-one-cream-100ml,كريم كوسركس المتطور لعلاج الحلزون 92 الكل في واحد 100 مل ,korean product,العناية بالبشرة,العناية بالبشرة | الجمال الكوري,2,,113892,1296,388.8,907.2,,متاح لدى المصدر,https://cdn.shopify.com/s/files/1/0935/9550/0847/files/cosrx_snail92_cream_ecommerce_standard.webp?v=1771833124,منتج كريم كوسركس المتطور لعلاج الحلزون 92 الكل في واحد 100 مل  من korean product. التصنيف المرجعي: العناية بالبشرة. الوسوم المرجعية: Anti-Aging، Anti-aging Cream، Fine Lines & Wrinkles، korean product، Moisturizer Cream، Moisturizers، Skin Care.,https://alfouadpharmacies.com/en/products/cosrx-advanced-snail-92-all-in-one-cream-100ml,AlFouad Pharmacies,Verify usage rights before commercial publication,غير مثبت,غير مثبت,مرجعي فقط — غير معتمد للنشر التجاري,بيانات مرجعية متاحة؛ يلزم تحقق PM,ضمن الفحص المبدئي
12689553555759,medicube-collagen-wrapping-night-mask-75ml,قناع ميديكيوب الليلي بالكولاجين 75 مل ,korean product,العناية بالبشرة,العناية بالبشرة | الجمال الكوري,2,face mask,106326,1836,550.8,1285.2,,متاح لدى المصدر,https://cdn.shopify.com/s/files/1/0935/9550/0847/files/medicube_collagen_1615_web.webp?v=1788960432,منتج قناع ميديكيوب الليلي بالكولاجين 75 مل  من korean product. التصنيف المرجعي: العناية بالبشرة — face mask. الوسوم المرجعية: Anti-Aging، Face Mask، Fine Lines & Wrinkles، korean product، Skin Care.,https://alfouadpharmacies.com/en/products/medicube-collagen-wrapping-night-mask-75ml,AlFouad Pharmacies,Verify usage rights before commercial publication,غير مثبت,غير مثبت,مرجعي فقط — غير معتمد للنشر التجاري,بيانات مرجعية متاحة؛ يلزم تحقق PM,ضمن الفحص المبدئي
12689527898415,bioderma-sebium-pain-cleansing-bar-100g,صابون بيوديرما سيبيوم لتنظيف البشرة وتخفيف الألم 100 غرام,Bioderma,العناية بالبشرة,العناية بالبشرة,1,Exfoliating,114334,499,149.7,349.3,,متاح لدى المصدر,https://cdn.shopify.com/s/files/1/0935/9550/0847/files/BiodermaSebiumPainCleansingBar100G.webp?v=1771502739,منتج صابون بيوديرما سيبيوم لتنظيف البشرة وتخفيف الألم 100 غرام من Bioderma. التصنيف المرجعي: العناية بالبشرة — Exfoliating. الوسوم المرجعية: Acne & Blemishes، Oily Skin، Pores، Skin Care.,https://alfouadpharmacies.com/en/products/bioderma-sebium-pain-cleansing-bar-100g,AlFouad Pharmacies,Verify usage rights before commercial publication,غير مثبت,غير مثبت,مرجعي فقط — غير معتمد للنشر التجاري,بيانات مرجعية متاحة؛ يلزم تحقق PM,ضمن الفحص المبدئي
12689514987823,medicube-collagen-jelly-cream-50ml,كريم جيلي الكولاجين من ميديكيوب 50 مل ,korean product,العناية بالبشرة,العناية بالبشرة | الجمال الكوري,2,,114511,1650,495,1155,,متاح لدى المصدر,https://cdn.shopify.com/s/files/1/0935/9550/0847/files/MEDICUBECOLLAGENJELLYCREAM50ML2.webp?v=1771835396,منتج كريم جيلي الكولاجين من ميديكيوب 50 مل  من korean product. التصنيف المرجعي: العناية بالبشرة. الوسوم المرجعية: Anti-Aging، Anti-aging Cream، Fine Lines & Wrinkles، korean product، Skin Care، Treatment Cream.,https://alfouadpharmacies.com/en/products/medicube-collagen-jelly-cream-50ml,AlFouad Pharmacies,Verify usage rights before commercial publication,غير مثبت,غير مثبت,مرجعي فقط — غير معتمد للنشر التجاري,بيانات مرجعية متاحة؛ يلزم تحقق PM,ضمن الفحص المبدئي
10589375496495,alejon-aloe-vera-peel-off-facial-mask-125ml,قناع الوجه المقشر من الألوفيرا من أليجون 125 مل,ALEJON,العناية بالبشرة,العناية بالبشرة,1,,15760,220,66,154,,متاح لدى المصدر,https://cdn.shopify.com/s/files/1/0935/9550/0847/files/1_11zon.webp?v=1789638202,منتج قناع الوجه المقشر من الألوفيرا من أليجون 125 مل من ALEJON. التصنيف المرجعي: العناية بالبشرة. الوسوم المرجعية: Face Mask، Skin Care، Skin Concerns.,https://alfouadpharmacies.com/en/products/alejon-aloe-vera-peel-off-facial-mask-125ml,AlFouad Pharmacies,Verify usage rights before commercial publication,غير مثبت,غير مثبت,مرجعي فقط — غير معتمد للنشر التجاري,بيانات مرجعية متاحة؛ يلزم تحقق PM,ضمن الفحص المبدئي
10572101615919,neutrogena-hydro-boost-serum-30ml,مصل نيتروجينا هيدرو بوست 30 مل,Neutrogena,العناية بالبشرة,العناية بالبشرة,1,بسيط,88381,250,75,175,,غير متاح لدى المصدر,https://cdn.shopify.com/s/files/1/0935/9550/0847/files/Neutrogena-Hydro-Boost-Serum-30-ml.webp?v=1754297006,منتج مصل نيتروجينا هيدرو بوست 30 مل من Neutrogena. التصنيف المرجعي: العناية بالبشرة — بسيط. الوسوم المرجعية: Dryness، Serums، Skin Care، Skin Concerns، Treatments.,https://alfouadpharmacies.com/en/products/neutrogena-hydro-boost-serum-30ml,AlFouad Pharmacies,Verify usage rights before commercial publication,غير مثبت,غير مثبت,مرجعي فقط — غير معتمد للنشر التجاري,بيانات مرجعية متاحة؛ يلزم تحقق PM,ضمن الفحص المبدئي
10570013376815,raw-african-cotton-candy-tinted-lip-balm,بلسم شفاه ملون من نكهة حلوى القطن الأفريقي الخام,RAW AFRICAN,العناية بالبشرة,العناية بالبشرة,1,بسيط,108499,80,24,56,,غير متاح لدى المصدر,https://cdn.shopify.com/s/files/1/0935/9550/0847/files/Raw-African-Cotton-Candy-Tinted-Lip-Balm.webp?v=1754297033,منتج بلسم شفاه ملون من نكهة حلوى القطن الأفريقي الخام من RAW AFRICAN. التصنيف المرجعي: العناية بالبشرة — بسيط. الوسوم المرجعية: Eye & Lip، Lip، Lip Balm، Skin Care.,https://alfouadpharmacies.com/en/products/raw-african-cotton-candy-tinted-lip-balm,AlFouad Pharmacies,Verify usage rights before commercial publication,غير مثبت,غير مثبت,مرجعي فقط — غير معتمد للنشر التجاري,بيانات مرجعية متاحة؛ يلزم تحقق PM,ضمن الفحص المبدئي
10569932013871,nebula-whitening-cream-100ml,كريم نيوبولا للتبييض 100 مل,Nebula,العناية بالبشرة,العناية بالبشرة,1,بسيط,112461,289,86.7,202.3,,غير متاح لدى المصدر,https://cdn.shopify.com/s/files/1/0935/9550/0847/files/WHITENING-CREAM.webp?v=1754297784,منتج كريم نيوبولا للتبييض 100 مل من Nebula. التصنيف المرجعي: العناية بالبشرة — بسيط. الوسوم المرجعية: Dark Spots، Even Skin Tone، Moisturizers، Skin Care، Skin Concerns، Whitining Cream.,https://alfouadpharmacies.com/en/products/nebula-whitening-cream-100ml,AlFouad Pharmacies,Verify usage rights before commercial publication,غير مثبت,غير مثبت,مرجعي فقط — غير معتمد للنشر التجاري,بيانات مرجعية متاحة؛ يلزم تحقق PM,ضمن الفحص المبدئي
10569915236655,nivea-soft-moisturizing-cream-200ml,كريم نيفيا سوفت المرطب 200 مل,AlFouad Pharmacies,العناية بالبشرة,العناية بالبشرة | العناية بالجسم,2,بسيط,85123,154,46.2,107.8,,متاح لدى المصدر,https://cdn.shopify.com/s/files/1/0935/9550/0847/files/Nivea-Soft-Moisturizing-Cream-200ML.webp?v=1754297952,منتج كريم نيفيا سوفت المرطب 200 مل من AlFouad Pharmacies. التصنيف المرجعي: العناية بالبشرة — بسيط. الوسوم المرجعية: Body Care، Body Concerns، Dry Skin body concerns، Moisturizer Cream، Moisturizers، Skin Care.,https://alfouadpharmacies.com/en/products/nivea-soft-moisturizing-cream-200ml,AlFouad Pharmacies,Verify usage rights before commercial publication,غير مثبت,غير مثبت,مرجعي فقط — غير معتمد للنشر التجاري,بيانات مرجعية متاحة؛ يلزم تحقق PM,ضمن الفحص المبدئي
10569914384687,nivea-soft-cream-200ml-natural-fairness,نيفيا كريم سوفت 200 مل نضارة طبيعية,AlFouad Pharmacies,العناية بالبشرة,العناية بالبشرة | العناية بالجسم,2,بسيط,107796,140,42,98,,متاح لدى المصدر,https://cdn.shopify.com/s/files/1/0935/9550/0847/files/Nivea-Soft-Cream-200ML-Natural-Fairness.webp?v=1754297958,منتج نيفيا كريم سوفت 200 مل نضارة طبيعية من AlFouad Pharmacies. التصنيف المرجعي: العناية بالبشرة — بسيط. الوسوم المرجعية: Body Care، Body Concerns، Dry Skin body concerns، Moisturizer Cream، Moisturizers، Skin Care.,https://alfouadpharmacies.com/en/products/nivea-soft-cream-200ml-natural-fairness,AlFouad Pharmacies,Verify usage rights before commercial publication,غير مثبت,غير مثبت,مرجعي فقط — غير معتمد للنشر التجاري,بيانات مرجعية متاحة؛ يلزم تحقق PM,ضمن الفحص المبدئي
10569914089775,nivea-soft-cream-100ml-natural-fairness,نيفيا كريم سوفت 100 مل نضارة طبيعية,AlFouad Pharmacies,العناية بالبشرة,العناية بالبشرة | العناية بالجسم,2,بسيط,107940,80,24,56,,متاح لدى المصدر,https://cdn.shopify.com/s/files/1/0935/9550/0847/files/Nivea-Soft-Cream-100ML-Natural-Fairness.webp?v=1754297961,منتج نيفيا كريم سوفت 100 مل نضارة طبيعية من AlFouad Pharmacies. التصنيف المرجعي: العناية بالبشرة — بسيط. الوسوم المرجعية: Body Care، Body Concerns، Dry Skin body concerns، Moisturizer Cream، Moisturizers، Skin Care.,https://alfouadpharmacies.com/en/products/nivea-soft-cream-100ml-natural-fairness,AlFouad Pharmacies,Verify usage rights before commercial publication,غير مثبت,غير مثبت,مرجعي فقط — غير معتمد للنشر التجاري,بيانات مرجعية متاحة؛ يلزم تحقق PM,ضمن الفحص المبدئي
10569907568943,nivea-cream-blue-250ml,نيفيا كريم أزرق 250 مل,AlFouad Pharmacies,العناية بالبشرة,العناية بالبشرة | العناية بالجسم,2,بسيط,9297,230,69,161,,متاح لدى المصدر,https://cdn.shopify.com/s/files/1/0935/9550/0847/files/Nivea-Cream-Blue-250ML.webp?v=1754298044,منتج نيفيا كريم أزرق 250 مل من AlFouad Pharmacies. التصنيف المرجعي: العناية بالبشرة — بسيط. الوسوم المرجعية: Body Care، Body Concerns، Body Cream، Dry Skin body concerns، Skin Care.,https://alfouadpharmacies.com/en/products/nivea-cream-blue-250ml,AlFouad Pharmacies,Verify usage rights before commercial publication,غير مثبت,غير مثبت,مرجعي فقط — غير معتمد للنشر التجاري,بيانات مرجعية متاحة؛ يلزم تحقق PM,ضمن الفحص المبدئي
10569906454831,luna-lip-moist-stick-coconut,قلم ترطيب الشفاه من لونا بنكهة جوز الهند,AlFouad Pharmacies,العناية بالبشرة,العناية بالبشرة,1,بسيط,12833,32,9.6,22.4,,متاح لدى المصدر,https://cdn.shopify.com/s/files/1/0935/9550/0847/files/Luna-Lip-Moist-Stick-Coconut-36XBOX.webp?v=1754298056,منتج قلم ترطيب الشفاه من لونا بنكهة جوز الهند من AlFouad Pharmacies. التصنيف المرجعي: العناية بالبشرة — بسيط. الوسوم المرجعية: Dryness، Eye & Lip، Lip، Lip Balm، Skin Care، Skin Concerns.,https://alfouadpharmacies.com/en/products/luna-lip-moist-stick-coconut,AlFouad Pharmacies,Verify usage rights before commercial publication,غير مثبت,غير مثبت,مرجعي فقط — غير معتمد للنشر التجاري,بيانات مرجعية متاحة؛ يلزم تحقق PM,ضمن الفحص المبدئي
10569905176879,luna-emollient-glycerinampjojoba-oil-cream-20gm,كريم لونا المرطب بالглиسرين وزيت الجوجوبا 20 جرام,AlFouad Pharmacies,العناية بالبشرة,العناية بالبشرة,1,بسيط,111497,20,6,14,,متاح لدى المصدر,https://cdn.shopify.com/s/files/1/0935/9550/0847/files/Luna-Emollient-GlycerinJojoba-Oil-Cream-20GM.webp?v=1754298067,منتج كريم لونا المرطب بالглиسرين وزيت الجوجوبا 20 جرام من AlFouad Pharmacies. التصنيف المرجعي: العناية بالبشرة — بسيط. الوسوم المرجعية: Dryness، Moisturizer Cream، Moisturizers، Skin Care، Skin Concerns.,https://alfouadpharmacies.com/en/products/luna-emollient-glycerinampjojoba-oil-cream-20gm,AlFouad Pharmacies,Verify usage rights before commercial publication,غير مثبت,غير مثبت,مرجعي فقط — غير معتمد للنشر التجاري,بيانات مرجعية متاحة؛ يلزم تحقق PM,ضمن الفحص المبدئي
10569904357679,loreal-hyaluron-expert-serum-30ml,لوالير هاليورون سيروم خبير 30 مل,LOREAL PCD,العناية بالبشرة,العناية بالبشرة,1,بسيط,89820,650,195,455,,متاح لدى المصدر,https://cdn.shopify.com/s/files/1/0935/9550/0847/files/Loreal-Hyaluron-Expert-Serum-30ML.webp?v=1754298077,منتج لوالير هاليورون سيروم خبير 30 مل من LOREAL PCD. التصنيف المرجعي: العناية بالبشرة — بسيط. الوسوم المرجعية: Dehydrated Skin، Serums، Skin Care، Skin Concerns، Treatments.,https://alfouadpharmacies.com/en/products/loreal-hyaluron-expert-serum-30ml,AlFouad Pharmacies,Verify usage rights before commercial publication,غير مثبت,غير مثبت,مرجعي فقط — غير معتمد للنشر التجاري,بيانات مرجعية متاحة؛ يلزم تحقق PM,ضمن الفحص المبدئي
10569904161071,loreal-hyaluron-expert-eye-serum-20ml,لوجود تركيز عالٍ من حمض الهيالورونيك، يُعدّ مصل هاليورون إكسبيرت من لوريال مثاليًا للعناية ببشرة منطقة العينين.,LOREAL PCD,العناية بالبشرة,العناية بالبشرة,1,بسيط,9089,810,243,567,,متاح لدى المصدر,https://cdn.shopify.com/s/files/1/0935/9550/0847/files/Loreal-Hyaluron-Expert-Eye-Serum-20ML.webp?v=1754298080,منتج لوجود تركيز عالٍ من حمض الهيالورونيك، يُعدّ مصل هاليورون إكسبيرت من لوريال مثاليًا للعناية ببشرة منطقة العينين. من LOREAL PCD. التصنيف المرجعي: العناية بالبشرة — بسيط. الوسوم المرجعية: Dark Circles & Puffiness، Eye & Lip، Eye Care، Eye Contour Serum، Skin Care، Skin Concerns.,https://alfouadpharmacies.com/en/products/loreal-hyaluron-expert-eye-serum-20ml,AlFouad Pharmacies,Verify usage rights before commercial publication,غير مثبت,غير مثبت,مرجعي فقط — غير معتمد للنشر التجاري,بيانات مرجعية متاحة؛ يلزم تحقق PM,ضمن الفحص المبدئي
10569898459439,neutrogena-bright-boost-scrub-75ml,مقشر نيوتروجينا لتفتيح البشرة 75 مل,Neutrogena,العناية بالبشرة,العناية بالبشرة,1,بسيط,109860,310,93,217,186,غير متاح لدى المصدر,https://cdn.shopify.com/s/files/1/0935/9550/0847/files/Neutrogena-Bright-Boost-Scrub-75ML.webp?v=1754298161,منتج مقشر نيوتروجينا لتفتيح البشرة 75 مل من Neutrogena. التصنيف المرجعي: العناية بالبشرة — بسيط. الوسوم المرجعية: Cleanser، Dark Spots، Face Scrub، Skin Care، Skin Concerns.,https://alfouadpharmacies.com/en/products/neutrogena-bright-boost-scrub-75ml,AlFouad Pharmacies,Verify usage rights before commercial publication,غير مثبت,غير مثبت,مرجعي فقط — غير معتمد للنشر التجاري,بيانات مرجعية متاحة؛ يلزم تحقق PM,ضمن الفحص المبدئي
10569898393903,neutrogena-bright-boost-illuminating-serum-30ml,مصل نيتروجينا لتفتيح البشرة وإضفاء الإشراقة 30 مل,Neutrogena,العناية بالبشرة,العناية بالبشرة,1,بسيط,25210,485,145.5,339.5,354,متاح لدى المصدر,https://cdn.shopify.com/s/files/1/0935/9550/0847/files/Neutrogena-Bright-Boost-Illuminating-Serum-30ML.webp?v=1754298161,منتج مصل نيتروجينا لتفتيح البشرة وإضفاء الإشراقة 30 مل من Neutrogena. التصنيف المرجعي: العناية بالبشرة — بسيط. الوسوم المرجعية: Dark Spots، Serums، Skin Care، Skin Concerns، Treatments.,https://alfouadpharmacies.com/en/products/neutrogena-bright-boost-illuminating-serum-30ml,AlFouad Pharmacies,Verify usage rights before commercial publication,غير مثبت,غير مثبت,مرجعي فقط — غير معتمد للنشر التجاري,بيانات مرجعية متاحة؛ يلزم تحقق PM,ضمن الفحص المبدئي
10569896984879,labello-lip-balm-velvet-rose,بلسم الشفاه المخملي باللون الوردي من لابيّلو,AlFouad Pharmacies,العناية بالبشرة,العناية بالبشرة,1,بسيط,9603,120,36,84,,متاح لدى المصدر,https://cdn.shopify.com/s/files/1/0935/9550/0847/files/Labello-Lip-Balm-Velvet-Rose.webp?v=1754298181,منتج بلسم الشفاه المخملي باللون الوردي من لابيّلو من AlFouad Pharmacies. التصنيف المرجعي: العناية بالبشرة — بسيط. الوسوم المرجعية: Dryness، Eye & Lip، Lip، Lip Balm، Skin Care، Skin Concerns.,https://alfouadpharmacies.com/en/products/labello-lip-balm-velvet-rose,AlFouad Pharmacies,Verify usage rights before commercial publication,غير مثبت,غير مثبت,مرجعي فقط — غير معتمد للنشر التجاري,بيانات مرجعية متاحة؛ يلزم تحقق PM,ضمن الفحص المبدئي
10569891447087,garnier-micell-vit-c-clean-water-100ml,ماء تنظيف مايكيلار فيت-سي من جارفير 100 مل,GARNIER,العناية بالبشرة,العناية بالبشرة,1,بسيط,109430,120,36,84,,متاح لدى المصدر,https://cdn.shopify.com/s/files/1/0935/9550/0847/files/Garnier-Micell-Vit-C-Clean-Water-100ML.webp?v=1754298256,منتج ماء تنظيف مايكيلار فيت-سي من جارفير 100 مل من GARNIER. التصنيف المرجعي: العناية بالبشرة — بسيط. الوسوم المرجعية: Cleanser، Makeup Removers، Skin Care.,https://alfouadpharmacies.com/en/products/garnier-micell-vit-c-clean-water-100ml,AlFouad Pharmacies,Verify usage rights before commercial publication,غير مثبت,غير مثبت,مرجعي فقط — غير معتمد للنشر التجاري,بيانات مرجعية متاحة؛ يلزم تحقق PM,ضمن الفحص المبدئي
10569890496815,garnier-fast-fairness-cream-50ml,كريم غارنييه لتفتيح البشرة السريع 50 مل,GARNIER,العناية بالبشرة,العناية بالبشرة,1,بسيط,25820,140,42,98,,متاح لدى المصدر,https://cdn.shopify.com/s/files/1/0935/9550/0847/files/Garnier-Fast-Fairness-Cream-50ML.webp?v=1754298260,منتج كريم غارنييه لتفتيح البشرة السريع 50 مل من GARNIER. التصنيف المرجعي: العناية بالبشرة — بسيط. الوسوم المرجعية: Dark Spots، Moisturizers، Skin Care، Skin Concerns، Whitining Cream.,https://alfouadpharmacies.com/en/products/garnier-fast-fairness-cream-50ml,AlFouad Pharmacies,Verify usage rights before commercial publication,غير مثبت,غير مثبت,مرجعي فقط — غير معتمد للنشر التجاري,بيانات مرجعية متاحة؛ يلزم تحقق PM,ضمن الفحص المبدئي
10569889808687,garnier-fast-bright-purifying-gel-wash-400ml,غسول جل تنظيف فائق الإشراق من جارفير 400 مل,GARNIER,العناية بالبشرة,العناية بالبشرة,1,بسيط,19160,320,96,224,,متاح لدى المصدر,https://cdn.shopify.com/s/files/1/0935/9550/0847/files/Garnier-Fast-Bright-Purifying-Gel-Wash-400ML.webp?v=1754298268,منتج غسول جل تنظيف فائق الإشراق من جارفير 400 مل من GARNIER. التصنيف المرجعي: العناية بالبشرة — بسيط. الوسوم المرجعية: Cleanser، Dark Spots، Face Wash، Skin Care، Skin Concerns.,https://alfouadpharmacies.com/en/products/garnier-fast-bright-purifying-gel-wash-400ml,AlFouad Pharmacies,Verify usage rights before commercial publication,غير مثبت,غير مثبت,مرجعي فقط — غير معتمد للنشر التجاري,بيانات مرجعية متاحة؛ يلزم تحقق PM,ضمن الفحص المبدئي
10569851568431,himalaya-alovera-faceampbody-moisturizer-gel-300ml,جل ترطيب الوجه والجسم من هيمالايا، الصبار، 300 مل,AlFouad Pharmacies,العناية بالبشرة,العناية بالبشرة,1,بسيط,12345,171,51.3,119.7,,غير متاح لدى المصدر,https://cdn.shopify.com/s/files/1/0935/9550/0847/files/Himalaya-Alovera-FaceBody-Moisturizer-Gel-300ML.webp?v=1754298423,منتج جل ترطيب الوجه والجسم من هيمالايا، الصبار، 300 مل من AlFouad Pharmacies. التصنيف المرجعي: العناية بالبشرة — بسيط. الوسوم المرجعية: Dryness، Moisturizer Gel، Moisturizers، Skin Care، Skin Concerns.,https://alfouadpharmacies.com/en/products/himalaya-alovera-faceampbody-moisturizer-gel-300ml,AlFouad Pharmacies,Verify usage rights before commercial publication,غير مثبت,غير مثبت,مرجعي فقط — غير معتمد للنشر التجاري,بيانات مرجعية متاحة؛ يلزم تحقق PM,ضمن الفحص المبدئي
10569841770799,banana-boat-tanning-oil-8-spf-236ml,زيت تسمير البشرة من بينانا بوت، 8 SPF، 236 مل,AlFouad Pharmacies,العناية بالبشرة,العناية بالبشرة,1,بسيط,18881,990,297,693,,متاح لدى المصدر,https://cdn.shopify.com/s/files/1/0935/9550/0847/files/Banana-Boat-Tanning-Oil-8-Spf-236ML.webp?v=1754298507,منتج زيت تسمير البشرة من بينانا بوت، 8 SPF، 236 مل من AlFouad Pharmacies. التصنيف المرجعي: العناية بالبشرة — بسيط. الوسوم المرجعية: Skin Care، Sun Tan، Sunscreen.,https://alfouadpharmacies.com/en/products/banana-boat-tanning-oil-8-spf-236ml,AlFouad Pharmacies,Verify usage rights before commercial publication,غير مثبت,غير مثبت,مرجعي فقط — غير معتمد للنشر التجاري,بيانات مرجعية متاحة؛ يلزم تحقق PM,ضمن الفحص المبدئي
10569841639727,banana-boat-tanning-oil-2-spf-236ml,زيت تسمير البشرة من بانا بووت، 2 SPF، 236 مل,AlFouad Pharmacies,العناية بالبشرة,العناية بالبشرة,1,بسيط,18784,890,267,623,,متاح لدى المصدر,https://cdn.shopify.com/s/files/1/0935/9550/0847/files/Banana-Boat-Tanning-Oil-2-Spf-236ML.webp?v=1754298508,منتج زيت تسمير البشرة من بانا بووت، 2 SPF، 236 مل من AlFouad Pharmacies. التصنيف المرجعي: العناية بالبشرة — بسيط. الوسوم المرجعية: Skin Care، Sun Tan، Sunscreen.,https://alfouadpharmacies.com/en/products/banana-boat-tanning-oil-2-spf-236ml,AlFouad Pharmacies,Verify usage rights before commercial publication,غير مثبت,غير مثبت,مرجعي فقط — غير معتمد للنشر التجاري,بيانات مرجعية متاحة؛ يلزم تحقق PM,ضمن الفحص المبدئي
10569810215215,vichy-capital-soleil-uv-age-fluid-tint-spf50-40ml,فيتشي كابيتال سوليل يو في-ايج فلويد تينت SPF50+ 40 مل,Vichy,العناية بالبشرة,العناية بالبشرة,1,بسيط,24423,1220,366,854,,متاح لدى المصدر,https://cdn.shopify.com/s/files/1/0935/9550/0847/files/vichy_capital_soleil_heart.webp?v=1778285359,منتج فيتشي كابيتال سوليل يو في-ايج فلويد تينت SPF50+ 40 مل من Vichy. التصنيف المرجعي: العناية بالبشرة — بسيط. الوسوم المرجعية: Anti-Aging، Anti-aging Cream، Even Skin Tone، Moisturizers، Skin Care، Skin Concerns، SPF 50، Sun Care.,https://alfouadpharmacies.com/en/products/vichy-capital-soleil-uv-age-fluid-tint-spf50-40ml,AlFouad Pharmacies,Verify usage rights before commercial publication,غير مثبت,غير مثبت,مرجعي فقط — غير معتمد للنشر التجاري,بيانات مرجعية متاحة؛ يلزم تحقق PM,ضمن الفحص المبدئي
10569803333935,uriage-age-lift-intens-firming-soothing-serum-30ml,يورياج إيج ليفت سيروم مكثف لشد البشرة وتنعيم التجاعيد 30 مل,URIAGE,العناية بالبشرة,العناية بالبشرة,1,مضاد للتجاعيد ,8823,1675,502.5,1172.5,,متاح لدى المصدر,https://cdn.shopify.com/s/files/1/0935/9550/0847/files/Group_1_copy_30.webp?v=1782035147,منتج يورياج إيج ليفت سيروم مكثف لشد البشرة وتنعيم التجاعيد 30 مل من URIAGE. التصنيف المرجعي: العناية بالبشرة — مضاد للتجاعيد . الوسوم المرجعية: Anti-Aging، Fine Lines & Wrinkles، Serums، Skin Care، Skin Concerns، Treatments.,https://alfouadpharmacies.com/en/products/uriage-age-lift-intens-firming-soothing-serum-30ml,AlFouad Pharmacies,Verify usage rights before commercial publication,غير مثبت,غير مثبت,مرجعي فقط — غير معتمد للنشر التجاري,بيانات مرجعية متاحة؛ يلزم تحقق PM,ضمن الفحص المبدئي
10569802121519,matriskin-vitamin-c5-serum-30ml,مصل فيتامين سي 5 من ماتريسكن 30 مل,AlFouad Pharmacies,العناية بالبشرة,العناية بالبشرة,1,بسيط,109954,629,188.7,440.3,,متاح لدى المصدر,https://cdn.shopify.com/s/files/1/0935/9550/0847/files/Matriskin-Vitamin-C5-Serum-30ML.webp?v=1754298792,منتج مصل فيتامين سي 5 من ماتريسكن 30 مل من AlFouad Pharmacies. التصنيف المرجعي: العناية بالبشرة — بسيط. الوسوم المرجعية: Dehydrated Skin، Even Skin Tone، Serums، Skin Care، Skin Concerns، Treatments.,https://alfouadpharmacies.com/en/products/matriskin-vitamin-c5-serum-30ml,AlFouad Pharmacies,Verify usage rights before commercial publication,غير مثبت,غير مثبت,مرجعي فقط — غير معتمد للنشر التجاري,بيانات مرجعية متاحة؛ يلزم تحقق PM,ضمن الفحص المبدئي
10569744974127,la-roche-anthelios-pediatrics-lotion-spf50-75ml,لوشن لاروش انثيليوس للأطفال SPF+50 75 مل,La Roch Possay,العناية بالبشرة,العناية بالبشرة | العناية بالأطفال,2,بسيط,3361,1089,326.7,762.3,,غير متاح لدى المصدر,https://cdn.shopify.com/s/files/1/0935/9550/0847/files/Group_1_15.webp?v=1781935206,منتج لوشن لاروش انثيليوس للأطفال SPF+50 75 مل من La Roch Possay. التصنيف المرجعي: العناية بالبشرة — بسيط. الوسوم المرجعية: Baby Sunscreen، Kids Care، Kids Concerns، Skin Care، SPF 50، Sun Care، Sunscreen.,https://alfouadpharmacies.com/en/products/la-roche-anthelios-pediatrics-lotion-spf50-75ml,AlFouad Pharmacies,Verify usage rights before commercial publication,غير مثبت,غير مثبت,مرجعي فقط — غير معتمد للنشر التجاري,بيانات مرجعية متاحة؛ يلزم تحقق PM,ضمن الفحص المبدئي
10569744122159,isis-uveblock-spf-50-fluid-tinted-dry-touch-40ml,إيزيس. يو في بلوك سائل ذو لمسة جافة، درجة حماية 50+، 40 مل.,isis,العناية بالبشرة,العناية بالبشرة,1,بسيط,99102,1025,307.5,717.5,,متاح لدى المصدر,https://cdn.shopify.com/s/files/1/0935/9550/0847/files/Isis.-Uveblock-Spf-50-Fluid-Tinted-Dry-Touch-40ML.webp?v=1754298873,منتج إيزيس. يو في بلوك سائل ذو لمسة جافة، درجة حماية 50+، 40 مل. من isis. التصنيف المرجعي: العناية بالبشرة — بسيط. الوسوم المرجعية: Even Skin Tone، Oily Skin، Skin Care، Skin Concerns، SPF 50، Sun Care، Sunscreen، Sunscreen Fluid.,https://alfouadpharmacies.com/en/products/isis-uveblock-spf-50-fluid-tinted-dry-touch-40ml,AlFouad Pharmacies,Verify usage rights before commercial publication,غير مثبت,غير مثبت,مرجعي فقط — غير معتمد للنشر التجاري,بيانات مرجعية متاحة؛ يلزم تحقق PM,ضمن الفحص المبدئي
10569743696175,isis-teen-derm-alpha-pure-30ml,إيزيس فارما تين ديرم ألفا بيور للعناية المكثفة بالحبوب والشوائب 30 مل,isis,العناية بالبشرة,العناية بالبشرة,1,عنايه بالبشره ,110442,399,119.7,279.3,,غير متاح لدى المصدر,https://cdn.shopify.com/s/files/1/0935/9550/0847/files/1_-_2026-06-30T143046.260.webp?v=1782819123,منتج إيزيس فارما تين ديرم ألفا بيور للعناية المكثفة بالحبوب والشوائب 30 مل من isis. التصنيف المرجعي: العناية بالبشرة — عنايه بالبشره . الوسوم المرجعية: Acne & Blemishes، Oily Skin، Pores، Skin Care، Skin Concerns، Treatment Cream، Treatments.,https://alfouadpharmacies.com/en/products/isis-teen-derm-alpha-pure-30ml,AlFouad Pharmacies,Verify usage rights before commercial publication,غير مثبت,غير مثبت,مرجعي فقط — غير معتمد للنشر التجاري,بيانات مرجعية متاحة؛ يلزم تحقق PM,ضمن الفحص المبدئي
10569743499567,isis-ruboril-expert-spf50-tube-40ml,إيزيس فارما روبوريل إكسبيرت SPF50+ كريم ملون مضاد للاحمرار 40 مل,isis,العناية بالبشرة,العناية بالبشرة,1,واقي شمس ,81640,999,299.7,699.3,,متاح لدى المصدر,https://cdn.shopify.com/s/files/1/0935/9550/0847/files/1_-_2026-06-30T141449.212.webp?v=1782818114,منتج إيزيس فارما روبوريل إكسبيرت SPF50+ كريم ملون مضاد للاحمرار 40 مل من isis. التصنيف المرجعي: العناية بالبشرة — واقي شمس . الوسوم المرجعية: Day Cream، Dullness، Moisturizers، Sensitive Skin / Redness، Skin Care، Skin Concerns، SPF 50، Sun Care.,https://alfouadpharmacies.com/en/products/isis-ruboril-expert-spf50-tube-40ml,AlFouad Pharmacies,Verify usage rights before commercial publication,غير مثبت,غير مثبت,مرجعي فقط — غير معتمد للنشر التجاري,بيانات مرجعية متاحة؛ يلزم تحقق PM,ضمن الفحص المبدئي
10569738158383,beesline-suntan-coconutampgold-jelly-150ml,جل بيزلين للشمس باللوز الذهبي وجوز الهند 150 مل,Beesline,العناية بالبشرة,العناية بالبشرة,1,بسيط,21187,375,112.5,262.5,,غير متاح لدى المصدر,https://cdn.shopify.com/s/files/1/0935/9550/0847/files/Beesline-Suntan-CoconutGold-Jelly-150ML.webp?v=1754298958,منتج جل بيزلين للشمس باللوز الذهبي وجوز الهند 150 مل من Beesline. التصنيف المرجعي: العناية بالبشرة — بسيط. الوسوم المرجعية: Skin Care، Skin Concerns، Sun Care، Sun Tan، Sunscreen.,https://alfouadpharmacies.com/en/products/beesline-suntan-coconutampgold-jelly-150ml,AlFouad Pharmacies,Verify usage rights before commercial publication,غير مثبت,غير مثبت,مرجعي فقط — غير معتمد للنشر التجاري,بيانات مرجعية متاحة؛ يلزم تحقق PM,ضمن الفحص المبدئي
10569734291759,atoderm-intensive-pain-soap-150gm,صابون أتو ديرم المكثف لتخفيف الألم 150 غرام,AlFouad Pharmacies,العناية بالبشرة,العناية بالبشرة | العناية بالجسم,2,بسيط,83023,499,149.7,349.3,,متاح لدى المصدر,https://cdn.shopify.com/s/files/1/0935/9550/0847/files/BIODERMA-ATODERM-SOAP-150GR-Anwar-Store-856_1024x1024_d90b6af4-23b2-477e-b290-58430f843c08.webp?v=1754299001,منتج صابون أتو ديرم المكثف لتخفيف الألم 150 غرام من AlFouad Pharmacies. التصنيف المرجعي: العناية بالبشرة — بسيط. الوسوم المرجعية: Body Care، Body Concerns، Body Wash، Cleanser، Dry Skin، Dry Skin body concerns، Dryness، Face Soap.,https://alfouadpharmacies.com/en/products/atoderm-intensive-pain-soap-150gm,AlFouad Pharmacies,Verify usage rights before commercial publication,غير مثبت,غير مثبت,مرجعي فقط — غير معتمد للنشر التجاري,بيانات مرجعية متاحة؛ يلزم تحقق PM,ضمن الفحص المبدئي
10569733046575,acm-duolys-anti-aging-sunscreen-cream-spf50-50ml,إيه سي إم دويوليس كريم واقي شمس بعامل حماية 50 – 50 مل,ACM,العناية بالبشرة,العناية بالبشرة,1,العناية بالبشرة > واقي شمس,8801,799,239.7,559.3,,متاح لدى المصدر,https://cdn.shopify.com/s/files/1/0935/9550/0847/files/Group_1_41_4a71f624-43ec-4353-9501-0021051a599f.webp?v=1781941334,منتج إيه سي إم دويوليس كريم واقي شمس بعامل حماية 50 – 50 مل من ACM. التصنيف المرجعي: العناية بالبشرة — العناية بالبشرة > واقي شمس. الوسوم المرجعية: Anti-Aging، Skin Care، Skin Concerns، Sun Care، Sunscreen، Sunscreen Cream.,https://alfouadpharmacies.com/en/products/acm-duolys-anti-aging-sunscreen-cream-spf50-50ml,AlFouad Pharmacies,Verify usage rights before commercial publication,غير مثبت,غير مثبت,مرجعي فقط — غير معتمد للنشر التجاري,بيانات مرجعية متاحة؛ يلزم تحقق PM,ضمن الفحص المبدئي
10569719218479,eva-spotless-soap-60gm,صابون إيفا لإزالة البقع 60 جرام,AlFouad Pharmacies,العناية بالبشرة,العناية بالبشرة,1,بسيط,111488,60,18,42,,متاح لدى المصدر,https://cdn.shopify.com/s/files/1/0935/9550/0847/files/Eva-Spotless-Soap-60gm.webp?v=1754299236,منتج صابون إيفا لإزالة البقع 60 جرام من AlFouad Pharmacies. التصنيف المرجعي: العناية بالبشرة — بسيط. الوسوم المرجعية: Cleanser، Face Soap، Skin Care.,https://alfouadpharmacies.com/en/products/eva-spotless-soap-60gm,AlFouad Pharmacies,Verify usage rights before commercial publication,غير مثبت,غير مثبت,مرجعي فقط — غير معتمد للنشر التجاري,بيانات مرجعية متاحة؛ يلزم تحقق PM,ضمن الفحص المبدئي
10569716072751,starville-whitening-creamcleanser-off,كريم تفتيح ستار빌 + منظف (إيقاف),parkville,العناية بالبشرة,العناية بالبشرة,1,بسيط,93930,217.5,65.25,152.25,,متاح لدى المصدر,https://cdn.shopify.com/s/files/1/0935/9550/0847/files/Starville-Whitening-Creamcleanser-off.webp?v=1754299272,منتج كريم تفتيح ستار빌 + منظف (إيقاف) من parkville. التصنيف المرجعي: العناية بالبشرة — بسيط. الوسوم المرجعية: Face Offers، Skin Care، starville.,https://alfouadpharmacies.com/en/products/starville-whitening-creamcleanser-off,AlFouad Pharmacies,Verify usage rights before commercial publication,غير مثبت,غير مثبت,مرجعي فقط — غير معتمد للنشر التجاري,بيانات مرجعية متاحة؛ يلزم تحقق PM,ضمن الفحص المبدئي
10569713910063,infinity-akren-cleanser-250ml-akren-cream-60gm-off,مجموعة إنفينيتي أكريين: منظف 250 مل + كريم أكريين 60 غرام - عرض خاص,AlFouad Pharmacies,العناية بالبشرة,العناية بالبشرة,1,بسيط,108503,200,60,140,,غير متاح لدى المصدر,https://cdn.shopify.com/s/files/1/0935/9550/0847/files/Infinity-Akren-Cleanser-250ml-Akren-Cream-60gm-Off.webp?v=1754299316,منتج مجموعة إنفينيتي أكريين: منظف 250 مل + كريم أكريين 60 غرام - عرض خاص من AlFouad Pharmacies. التصنيف المرجعي: العناية بالبشرة — بسيط. الوسوم المرجعية: Cleanser، Face Offers، Skin Care.,https://alfouadpharmacies.com/en/products/infinity-akren-cleanser-250ml-akren-cream-60gm-off,AlFouad Pharmacies,Verify usage rights before commercial publication,غير مثبت,غير مثبت,مرجعي فقط — غير معتمد للنشر التجاري,بيانات مرجعية متاحة؛ يلزم تحقق PM,ضمن الفحص المبدئي
16158833049903,لوشن-سوسكين-لتفتيح-الجسم-والمناطق-الحساسة-150-مل,لوشن سوسكين لتفتيح الجسم والمناطق الحساسة 150 مل,Soskin,العناية بالبشرة,العناية بالبشرة | العناية بالجسم,2,تفتيح الجسم والمناطق الحساسة,118021,2950,885,2065,,متاح لدى المصدر,https://cdn.shopify.com/s/files/1/0935/9550/0847/files/Soskin_Whitening_Body_Lotion_and_Sensitive_Area.webp?v=1789560935,منتج لوشن سوسكين لتفتيح الجسم والمناطق الحساسة 150 مل من Soskin. التصنيف المرجعي: العناية بالبشرة — تفتيح الجسم والمناطق الحساسة. الوسوم المرجعية: Body Lotion، Sensitive Area، Sensitive Skin / Redness، Soskin.,https://alfouadpharmacies.com/en/products/لوشن-سوسكين-لتفتيح-الجسم-والمناطق-الحساسة-150-مل,AlFouad Pharmacies,Verify usage rights before commercial publication,غير مثبت,غير مثبت,مرجعي فقط — غير معتمد للنشر التجاري,بيانات مرجعية متاحة؛ يلزم تحقق PM,ضمن الفحص المبدئي
16107348132143,غسول-سيباكلار-جل-للبشرة-الدهنية-200مل,غسول سيباكلار جل للبشرة الدهنية 200مل,HAYAH,العناية بالبشرة,العناية بالبشرة,1,غسول,109245,264,79.2,184.8,,متاح لدى المصدر,https://cdn.shopify.com/s/files/1/0935/9550/0847/files/Hayah_laboratories_03-09-20261246.webp?v=1785586756,منتج غسول سيباكلار جل للبشرة الدهنية 200مل من HAYAH. التصنيف المرجعي: العناية بالبشرة — غسول. الوسوم المرجعية: Acne & Blemishes، Cleanser، Oily Skin.,https://alfouadpharmacies.com/en/products/غسول-سيباكلار-جل-للبشرة-الدهنية-200مل,AlFouad Pharmacies,Verify usage rights before commercial publication,غير مثبت,غير مثبت,مرجعي فقط — غير معتمد للنشر التجاري,بيانات مرجعية متاحة؛ يلزم تحقق PM,ضمن الفحص المبدئي
12689539203375,uriage-face-hydration-booster-serum-30ml,سيروم يورياج لترطيب الوجه 30 مل,URIAGE,العناية بالبشرة,العناية بالبشرة,1,سيرم ,114413,1499,449.7,1049.3,,متاح لدى المصدر,https://cdn.shopify.com/s/files/1/0935/9550/0847/files/Group_1_copy_40.webp?v=1782110684,منتج سيروم يورياج لترطيب الوجه 30 مل من URIAGE. التصنيف المرجعي: العناية بالبشرة — سيرم . الوسوم المرجعية: Skin Care، Smooth Texture.,https://alfouadpharmacies.com/en/products/uriage-face-hydration-booster-serum-30ml,AlFouad Pharmacies,Verify usage rights before commercial publication,غير مثبت,غير مثبت,مرجعي فقط — غير معتمد للنشر التجاري,بيانات مرجعية متاحة؛ يلزم تحقق PM,ضمن الفحص المبدئي
16020453982511,natures-way-alive-hair-skin-nails-gummies-strawberry-60-gummies,نيتشرز واي أليف! جاميز الشعر والبشرة والأظافر بالفراولة 60 قطعة,Nature's Way,العناية بالبشرة,العناية بالبشرة | العناية بالشعر,2,Vitamins & Supplements,113171,1490,447,1043,,متاح لدى المصدر,https://cdn.shopify.com/s/files/1/0935/9550/0847/files/188-1_1.webp?v=1781093430,منتج نيتشرز واي أليف! جاميز الشعر والبشرة والأظافر بالفراولة 60 قطعة من Nature's Way. التصنيف المرجعي: العناية بالبشرة — Vitamins & Supplements. الوسوم المرجعية: Hair Care، Nature's Way، Skin Care، Vitamins، Vitamins & Supplements، Women Vitamins، Women’s Health.,https://alfouadpharmacies.com/en/products/natures-way-alive-hair-skin-nails-gummies-strawberry-60-gummies,AlFouad Pharmacies,Verify usage rights before commercial publication,غير مثبت,غير مثبت,مرجعي فقط — غير معتمد للنشر التجاري,بيانات مرجعية متاحة؛ يلزم تحقق PM,مراجعة نطاق/تنظيم قبل الإدراج
12884812693807,svr-topialyse-emollient-cream-200ml,اس في ار توبياليز كريم مرطب 200 مل,SVR,العناية بالبشرة,العناية بالبشرة,1,كريم ترطيب البشرة,5347,699,209.7,489.3,,متاح لدى المصدر,https://cdn.shopify.com/s/files/1/0935/9550/0847/files/SVR_Topialyse_Creme_200ml_1615x1615_91a49c92-54be-4a20-bc29-8b3d5356442b.webp?v=1772619794,منتج اس في ار توبياليز كريم مرطب 200 مل من SVR. التصنيف المرجعي: العناية بالبشرة — كريم ترطيب البشرة. الوسوم المرجعية: Dry Skin، Dryness، Moisturizer Cream، Moisturizers.,https://alfouadpharmacies.com/en/products/svr-topialyse-emollient-cream-200ml,AlFouad Pharmacies,Verify usage rights before commercial publication,غير مثبت,غير مثبت,مرجعي فقط — غير معتمد للنشر التجاري,بيانات مرجعية متاحة؛ يلزم تحقق PM,ضمن الفحص المبدئي
12833567932719,advanced-clinical-acne-control-routine,روتين متقدم للسيطرة على حب الشباب سريريًا,AlFouad Pharmacies,العناية بالبشرة,العناية بالبشرة,1,,116401,3868,1160.4,2707.6,4230,متاح لدى المصدر,https://cdn.shopify.com/s/files/1/0935/9550/0847/files/bundle2_3_1615.webp?v=1789897627,منتج روتين متقدم للسيطرة على حب الشباب سريريًا من AlFouad Pharmacies. التصنيف المرجعي: العناية بالبشرة. الوسوم المرجعية: Acne & Blemishes، Bundle، Oily Skin، Skin Care.,https://alfouadpharmacies.com/en/products/advanced-clinical-acne-control-routine,AlFouad Pharmacies,Verify usage rights before commercial publication,غير مثبت,غير مثبت,مرجعي فقط — غير معتمد للنشر التجاري,بيانات مرجعية متاحة؛ يلزم تحقق PM,ضمن الفحص المبدئي
12689563549999,beesline-rad-bri-underarm-serum-150ml-delay-shaving,سيروم بيزلاين راد بري للإبطين 150 مل لتأخير الحلاقة ,Beesline,العناية بالبشرة,العناية بالبشرة | العناية بالجسم,2,,111906,550,165,385,,متاح لدى المصدر,https://cdn.shopify.com/s/files/1/0935/9550/0847/files/BEESLINE_UNDERARM_SERUM_GOLD_V3_1615x1615_f3536ad6-a816-469c-a0d2-3dff8b0be7bd.webp?v=1771878066,منتج سيروم بيزلاين راد بري للإبطين 150 مل لتأخير الحلاقة  من Beesline. التصنيف المرجعي: العناية بالبشرة. الوسوم المرجعية: Body Care، Body Spray، Even Skin Tone / Pigmentation، Roll-on، Sensetive Skin.,https://alfouadpharmacies.com/en/products/beesline-rad-bri-underarm-serum-150ml-delay-shaving,AlFouad Pharmacies,Verify usage rights before commercial publication,غير مثبت,غير مثبت,مرجعي فقط — غير معتمد للنشر التجاري,بيانات مرجعية متاحة؛ يلزم تحقق PM,ضمن الفحص المبدئي
10569938960687,tetra-glow-whitening-unscented-roll-on-50ml,رول أون تبييض تريتا جلو بدون رائحة 50 مل,Tetra Glow,العناية بالبشرة,العناية بالبشرة | العناية بالجسم,2,بسيط,112542,275,82.5,192.5,,متاح لدى المصدر,https://cdn.shopify.com/s/files/1/0935/9550/0847/files/Tetra-Glow-Whitening-Unscented-Roll-On-50ML.webp?v=1754297758,منتج رول أون تبييض تريتا جلو بدون رائحة 50 مل من Tetra Glow. التصنيف المرجعي: العناية بالبشرة — بسيط. الوسوم المرجعية: Body Care، Body Concerns، Deodrant، Even Skin Tone / Pigmentation، Roll-on، Sensetive Skin.,https://alfouadpharmacies.com/en/products/tetra-glow-whitening-unscented-roll-on-50ml,AlFouad Pharmacies,Verify usage rights before commercial publication,غير مثبت,غير مثبت,مرجعي فقط — غير معتمد للنشر التجاري,بيانات مرجعية متاحة؛ يلزم تحقق PM,ضمن الفحص المبدئي
10569938665775,tetra-glow-whitening-escape-roll-on-50ml,رول أون تبييض تريتا جلو 50 مل,Tetra Glow,العناية بالبشرة,العناية بالبشرة | العناية بالجسم,2,بسيط,112544,275,82.5,192.5,,متاح لدى المصدر,https://cdn.shopify.com/s/files/1/0935/9550/0847/files/Tetra-Glow-Whitening-Escape-Roll-On-50ML.webp?v=1754297761,منتج رول أون تبييض تريتا جلو 50 مل من Tetra Glow. التصنيف المرجعي: العناية بالبشرة — بسيط. الوسوم المرجعية: Body Care، Body Concerns، Deodrant، Even Skin Tone / Pigmentation، Roll-on، Sensetive Skin.,https://alfouadpharmacies.com/en/products/tetra-glow-whitening-escape-roll-on-50ml,AlFouad Pharmacies,Verify usage rights before commercial publication,غير مثبت,غير مثبت,مرجعي فقط — غير معتمد للنشر التجاري,بيانات مرجعية متاحة؛ يلزم تحقق PM,ضمن الفحص المبدئي
10569932210479,tetra-glow-whitening-crazy-love-roll-on-50ml,رول أون تبييض تريتا جلو كيزي لوف 50 مل,Tetra Glow,العناية بالبشرة,العناية بالبشرة | العناية بالجسم,2,بسيط,112545,275,82.5,192.5,,متاح لدى المصدر,https://cdn.shopify.com/s/files/1/0935/9550/0847/files/Tetra-Glow-Whitening-Crazy-Love-Roll-On-50ML.webp?v=1754297783,منتج رول أون تبييض تريتا جلو كيزي لوف 50 مل من Tetra Glow. التصنيف المرجعي: العناية بالبشرة — بسيط. الوسوم المرجعية: Body Care، Body Concerns، Deodrant، Even Skin Tone / Pigmentation، Roll-on.,https://alfouadpharmacies.com/en/products/tetra-glow-whitening-crazy-love-roll-on-50ml,AlFouad Pharmacies,Verify usage rights before commercial publication,غير مثبت,غير مثبت,مرجعي فقط — غير معتمد للنشر التجاري,بيانات مرجعية متاحة؛ يلزم تحقق PM,ضمن الفحص المبدئي
10569812312367,avuva-cold-wax-228-gm-passion-fruit,شمع إزالة الشعر البارد أفوفا 228 غرام، بنكهة المانجو.,AlFouad Pharmacies,العناية بالبشرة,العناية بالبشرة | العناية بالجسم,2,بسيط,33349,100,30,70,,غير متاح لدى المصدر,https://cdn.shopify.com/s/files/1/0935/9550/0847/files/Avuva-Cold-Wax-228-GM-Passion-Fruit.webp?v=1754298713,منتج شمع إزالة الشعر البارد أفوفا 228 غرام، بنكهة المانجو. من AlFouad Pharmacies. التصنيف المرجعي: العناية بالبشرة — بسيط. الوسوم المرجعية: Body Care، Body Concerns، Hair Removal، Sensetive Skin.,https://alfouadpharmacies.com/en/products/avuva-cold-wax-228-gm-passion-fruit,AlFouad Pharmacies,Verify usage rights before commercial publication,غير مثبت,غير مثبت,مرجعي فقط — غير معتمد للنشر التجاري,بيانات مرجعية متاحة؛ يلزم تحقق PM,ضمن الفحص المبدئي
10569739436335,beesline-white-roll-on-50ml-men-ocean-fresh,بيزلين وايت. رول أون 50 مل للرجال، رائحة المحيط المنعشة,AlFouad Pharmacies,العناية بالبشرة,العناية بالبشرة | العناية بالجسم,2,بسيط,15810,350,105,245,,غير متاح لدى المصدر,https://cdn.shopify.com/s/files/1/0935/9550/0847/files/Beesline-White.-Roll-On-50ML-Men-Ocean-Fresh.webp?v=1754298947,منتج بيزلين وايت. رول أون 50 مل للرجال، رائحة المحيط المنعشة من AlFouad Pharmacies. التصنيف المرجعي: العناية بالبشرة — بسيط. الوسوم المرجعية: Body Care، Body Concerns، Deodrant، Even Skin Tone / Pigmentation، Sensetive Skin.,https://alfouadpharmacies.com/en/products/beesline-white-roll-on-50ml-men-ocean-fresh,AlFouad Pharmacies,Verify usage rights before commercial publication,غير مثبت,غير مثبت,مرجعي فقط — غير معتمد للنشر التجاري,بيانات مرجعية متاحة؛ يلزم تحقق PM,ضمن الفحص المبدئي
10569738846511,beesline-white-roll-on-50ml-hair-delaying,بيزلين وايت. رول أون 50 مل لتأخير نمو الشعر,AlFouad Pharmacies,العناية بالبشرة,العناية بالبشرة | العناية بالجسم,2,بسيط,95207,375,112.5,262.5,,متاح لدى المصدر,https://cdn.shopify.com/s/files/1/0935/9550/0847/files/Beesline-White.-Roll-On-50ML-Hair-Delaying.webp?v=1754298950,منتج بيزلين وايت. رول أون 50 مل لتأخير نمو الشعر من AlFouad Pharmacies. التصنيف المرجعي: العناية بالبشرة — بسيط. الوسوم المرجعية: Body Care، Body Concerns، Deodrant، Even Skin Tone / Pigmentation، Sensetive Skin.,https://alfouadpharmacies.com/en/products/beesline-white-roll-on-50ml-hair-delaying,AlFouad Pharmacies,Verify usage rights before commercial publication,غير مثبت,غير مثبت,مرجعي فقط — غير معتمد للنشر التجاري,بيانات مرجعية متاحة؛ يلزم تحقق PM,ضمن الفحص المبدئي
10569737961775,beesline-spray-150ml-invisible-touch,بخاخ بيزلين 150 مل لمسة غير مرئية,Beesline,العناية بالبشرة,العناية بالبشرة | العناية بالجسم,2,بسيط,94701,350,105,245,,غير متاح لدى المصدر,https://cdn.shopify.com/s/files/1/0935/9550/0847/files/Beesline-Spray-150ML-Invisible-Touch.webp?v=1754298959,منتج بخاخ بيزلين 150 مل لمسة غير مرئية من Beesline. التصنيف المرجعي: العناية بالبشرة — بسيط. الوسوم المرجعية: Body Care، Body Concerns، Body Spray، Deodrant، Even Skin Tone / Pigmentation.,https://alfouadpharmacies.com/en/products/beesline-spray-150ml-invisible-touch,AlFouad Pharmacies,Verify usage rights before commercial publication,غير مثبت,غير مثبت,مرجعي فقط — غير معتمد للنشر التجاري,بيانات مرجعية متاحة؛ يلزم تحقق PM,ضمن الفحص المبدئي
10569721119023,starville-roll-on-60ml-whitening-red-berry,ستارفيل رول أون 60 مل تبييض توت أحمر,parkville,العناية بالبشرة,العناية بالبشرة | العناية بالجسم,2,بسيط,85113,150,45,105,,متاح لدى المصدر,https://cdn.shopify.com/s/files/1/0935/9550/0847/files/Starville-Roll-On-60ml-Whitening-Red-Berry.webp?v=1754299210,منتج ستارفيل رول أون 60 مل تبييض توت أحمر من parkville. التصنيف المرجعي: العناية بالبشرة — بسيط. الوسوم المرجعية: Body Care، Body Concerns، Deodrant، Even Skin Tone / Pigmentation، starville.,https://alfouadpharmacies.com/en/products/starville-roll-on-60ml-whitening-red-berry,AlFouad Pharmacies,Verify usage rights before commercial publication,غير مثبت,غير مثبت,مرجعي فقط — غير معتمد للنشر التجاري,بيانات مرجعية متاحة؛ يلزم تحقق PM,ضمن الفحص المبدئي
10569721020719,starville-roll-on-60ml-whitening-fresh-breeze,ستارفيل رول أون 60 مل، منعش ومنضف، رائحة منعشة.,parkville,العناية بالبشرة,العناية بالبشرة | العناية بالجسم,2,بسيط,19180,150,45,105,,متاح لدى المصدر,https://cdn.shopify.com/s/files/1/0935/9550/0847/files/Starville-Roll-On-60ml-Whitening-Fresh-Breeze.webp?v=1754299211,منتج ستارفيل رول أون 60 مل، منعش ومنضف، رائحة منعشة. من parkville. التصنيف المرجعي: العناية بالبشرة — بسيط. الوسوم المرجعية: Body Care، Body Concerns، Deodrant، Even Skin Tone / Pigmentation، starville.,https://alfouadpharmacies.com/en/products/starville-roll-on-60ml-whitening-fresh-breeze,AlFouad Pharmacies,Verify usage rights before commercial publication,غير مثبت,غير مثبت,مرجعي فقط — غير معتمد للنشر التجاري,بيانات مرجعية متاحة؛ يلزم تحقق PM,ضمن الفحص المبدئي
12689809637679,starville-micller-water-100ml,ماء ستارفيل ميكلر 100 مل,parkville,العناية بالبشرة,العناية بالبشرة,1,بسيط,104808,75,22.5,52.5,,غير متاح لدى المصدر,https://cdn.shopify.com/s/files/1/0935/9550/0847/files/StarvilleMicllerWater100ml.webp?v=1771838970,منتج ماء ستارفيل ميكلر 100 مل من parkville. التصنيف المرجعي: العناية بالبشرة — بسيط. الوسوم المرجعية: Acne & Blemishes، Cleanser، Makeup Removers، Skin Care، Skin Concerns.,https://alfouadpharmacies.com/en/products/starville-micller-water-100ml,AlFouad Pharmacies,Verify usage rights before commercial publication,غير مثبت,غير مثبت,مرجعي فقط — غير معتمد للنشر التجاري,بيانات مرجعية متاحة؛ يلزم تحقق PM,ضمن الفحص المبدئي
12689809211695,eva-anti-ageing-hyaluronic-acid-face-serum-30ml,مصل الوجه من إيفا المضاد للشيخوخة بحمض الهيالورونيك 30 مل,AlFouad Pharmacies,العناية بالبشرة,العناية بالبشرة,1,بسيط,21290,230,69,161,,متاح لدى المصدر,https://cdn.shopify.com/s/files/1/0935/9550/0847/files/HI8Vt2rjK4004PElpSJdvx4yTDmDdJHMx7e10LqB.webp?v=1771843223,منتج مصل الوجه من إيفا المضاد للشيخوخة بحمض الهيالورونيك 30 مل من AlFouad Pharmacies. التصنيف المرجعي: العناية بالبشرة — بسيط. الوسوم المرجعية: Dryness، Serums، Skin Care، Skin Concerns، Treatments.,https://alfouadpharmacies.com/en/products/eva-anti-ageing-hyaluronic-acid-face-serum-30ml,AlFouad Pharmacies,Verify usage rights before commercial publication,غير مثبت,غير مثبت,مرجعي فقط — غير معتمد للنشر التجاري,بيانات مرجعية متاحة؛ يلزم تحقق PM,ضمن الفحص المبدئي
12689798922543,starville-whitening-cream-off,كريم تفتيح ستار빌 - انتهى,parkville,العناية بالبشرة,العناية بالبشرة,1,بسيط,21306,195,58.5,136.5,,غير متاح لدى المصدر,https://cdn.shopify.com/s/files/1/0935/9550/0847/files/StarvilleWhiteningCreamOff.webp?v=1771839940,منتج كريم تفتيح ستار빌 - انتهى من parkville. التصنيف المرجعي: العناية بالبشرة — بسيط. الوسوم المرجعية: Dark Spots، Skin Care، Skin Concerns، Treatment Cream، Treatments.,https://alfouadpharmacies.com/en/products/starville-whitening-cream-off,AlFouad Pharmacies,Verify usage rights before commercial publication,غير مثبت,غير مثبت,مرجعي فقط — غير معتمد للنشر التجاري,بيانات مرجعية متاحة؛ يلزم تحقق PM,ضمن الفحص المبدئي
12689798725935,bobai-thermal-water-120ml,ماء بوباي الحراري 120 مل,Bobai,العناية بالبشرة,العناية بالبشرة,1,بسيط,106578,250,75,175,,متاح لدى المصدر,https://cdn.shopify.com/s/files/1/0935/9550/0847/files/BOBAI_Thermal_Water_1615x1615_065cc34a-a0be-48a3-a085-eaa030f5b9a2.webp?v=1771834330,منتج ماء بوباي الحراري 120 مل من Bobai. التصنيف المرجعي: العناية بالبشرة — بسيط. الوسوم المرجعية: bobai، Dryness، Skin Care، Skin Concerns، Thermal Water، Treatments.,https://alfouadpharmacies.com/en/products/bobai-thermal-water-120ml,AlFouad Pharmacies,Verify usage rights before commercial publication,غير مثبت,غير مثبت,مرجعي فقط — غير معتمد للنشر التجاري,بيانات مرجعية متاحة؛ يلزم تحقق PM,ضمن الفحص المبدئي
12689798201647,eva-collagene-make-up-remover-wipes-25-pcs,منديل إيفا كولاجين لإزالة المكياج 25 قطعة,AlFouad Pharmacies,العناية بالبشرة,العناية بالبشرة,1,بسيط,109177,100,30,70,,غير متاح لدى المصدر,https://cdn.shopify.com/s/files/1/0935/9550/0847/files/71gAjRfVFbL.webp?v=1771843334,منتج منديل إيفا كولاجين لإزالة المكياج 25 قطعة من AlFouad Pharmacies. التصنيف المرجعي: العناية بالبشرة — بسيط. الوسوم المرجعية: Beauty & Accessories، Cleanser، Makeup، Makeup Removers، Pores، Skin Care، Skin Concerns، Wipes.,https://alfouadpharmacies.com/en/products/eva-collagene-make-up-remover-wipes-25-pcs,AlFouad Pharmacies,Verify usage rights before commercial publication,غير مثبت,غير مثبت,مرجعي فقط — غير معتمد للنشر التجاري,بيانات مرجعية متاحة؛ يلزم تحقق PM,ضمن الفحص المبدئي
12689797480751,starville-acne-skin-care-cream-60gm,كريم ستارفيل للعناية ببشرة حب الشباب 60 جم,parkville,العناية بالبشرة,العناية بالبشرة,1,بسيط,108947,85,25.5,59.5,,متاح لدى المصدر,https://cdn.shopify.com/s/files/1/0935/9550/0847/files/StarvilleAcneSkinCareCream60gm.webp?v=1771839266,منتج كريم ستارفيل للعناية ببشرة حب الشباب 60 جم من parkville. التصنيف المرجعي: العناية بالبشرة — بسيط. الوسوم المرجعية: Acne & Blemishes، Skin Care، Skin Concerns، Treatment Cream، Treatments.,https://alfouadpharmacies.com/en/products/starville-acne-skin-care-cream-60gm,AlFouad Pharmacies,Verify usage rights before commercial publication,غير مثبت,غير مثبت,مرجعي فقط — غير معتمد للنشر التجاري,بيانات مرجعية متاحة؛ يلزم تحقق PM,ضمن الفحص المبدئي
12689795940655,eva-rose-water-100ml,ماء ورد إيفا 100 مل,AlFouad Pharmacies,العناية بالبشرة,العناية بالبشرة,1,بسيط,82696,40,12,28,,متاح لدى المصدر,https://cdn.shopify.com/s/files/1/0935/9550/0847/files/71yapRVQMEL_a60b57ac-7fee-451a-8eda-ee35130b11f4.webp?v=1771843819,منتج ماء ورد إيفا 100 مل من AlFouad Pharmacies. التصنيف المرجعي: العناية بالبشرة — بسيط. الوسوم المرجعية: Dryness، Skin Care، Skin Concerns، Toners، Treatments.,https://alfouadpharmacies.com/en/products/eva-rose-water-100ml,AlFouad Pharmacies,Verify usage rights before commercial publication,غير مثبت,غير مثبت,مرجعي فقط — غير معتمد للنشر التجاري,بيانات مرجعية متاحة؛ يلزم تحقق PM,ضمن الفحص المبدئي
12689678893359,luna-glycerin-perfume-free-soap-115gm,صابون لونا الغليسرين الخالي من العطور 115 جرام,AlFouad Pharmacies,العناية بالبشرة,العناية بالبشرة,1,بسيط,105122,53,15.9,37.1,,متاح لدى المصدر,https://cdn.shopify.com/s/files/1/0935/9550/0847/files/LunaGlycerinPerfumeFreeSoap115gm.webp?v=1771847077,منتج صابون لونا الغليسرين الخالي من العطور 115 جرام من AlFouad Pharmacies. التصنيف المرجعي: العناية بالبشرة — بسيط. الوسوم المرجعية: Cleanser، Dry Skin، Dryness، Face Soap، Skin Care، Skin Concerns.,https://alfouadpharmacies.com/en/products/luna-glycerin-perfume-free-soap-115gm,AlFouad Pharmacies,Verify usage rights before commercial publication,غير مثبت,غير مثبت,مرجعي فقط — غير معتمد للنشر التجاري,بيانات مرجعية متاحة؛ يلزم تحقق PM,ضمن الفحص المبدئي
12689678696751,luna-lip-moist-stick-strawberry,لونا مرطب بالفراولة,AlFouad Pharmacies,العناية بالبشرة,العناية بالبشرة,1,بسيط,12515,32,9.6,22.4,,متاح لدى المصدر,https://cdn.shopify.com/s/files/1/0935/9550/0847/files/Luna_Lip_Moisturizer_Strawberry_1615x1615_0963639f-4fb6-4c7c-bd11-b811aa2321f5.webp?v=1772273528,منتج لونا مرطب بالفراولة من AlFouad Pharmacies. التصنيف المرجعي: العناية بالبشرة — بسيط. الوسوم المرجعية: Dryness، Eye & Lip، Lip، Lip Balm، Skin Care، Skin Concerns.,https://alfouadpharmacies.com/en/products/luna-lip-moist-stick-strawberry,AlFouad Pharmacies,Verify usage rights before commercial publication,غير مثبت,غير مثبت,مرجعي فقط — غير معتمد للنشر التجاري,بيانات مرجعية متاحة؛ يلزم تحقق PM,ضمن الفحص المبدئي
12689576886575,meditopic-acnimed-gel-75-ml,جل ميديتوبيك أكنيميد 75 مل,Meditopic,العناية بالبشرة,العناية بالبشرة,1,,111503,788,236.4,551.6,,غير متاح لدى المصدر,https://cdn.shopify.com/s/files/1/0935/9550/0847/files/MeditopicAcnimedGel75ml_2fa15197-93f0-4512-bed4-077b4c7dbbc4.webp?v=1771923433,منتج جل ميديتوبيك أكنيميد 75 مل من Meditopic. التصنيف المرجعي: العناية بالبشرة. الوسوم المرجعية: Acne & Blemishes، Oily Skin، Pores، Skin Care، Treatment Cream.,https://alfouadpharmacies.com/en/products/meditopic-acnimed-gel-75-ml,AlFouad Pharmacies,Verify usage rights before commercial publication,غير مثبت,غير مثبت,مرجعي فقط — غير معتمد للنشر التجاري,بيانات مرجعية متاحة؛ يلزم تحقق PM,ضمن الفحص المبدئي
12689551720751,beesline-unifying-brightening-serum-30ml,سيروم بيزلاين الموحد والمفتح للبشرة 30 مل,Beesline,العناية بالبشرة,العناية بالبشرة,1,,114023,999,299.7,699.3,,متاح لدى المصدر,https://cdn.shopify.com/s/files/1/0935/9550/0847/files/beesline_unifying_brightening_serum_close_1615x1615_ccd8fceb-04ba-4686-9d32-d39c9e3fa76d.webp?v=1771882810,منتج سيروم بيزلاين الموحد والمفتح للبشرة 30 مل من Beesline. التصنيف المرجعي: العناية بالبشرة. الوسوم المرجعية: Dark Spots، Even Skin Tone، Even Skin Tone / Pigmentation، Serums، Skin Care.,https://alfouadpharmacies.com/en/products/beesline-unifying-brightening-serum-30ml,AlFouad Pharmacies,Verify usage rights before commercial publication,غير مثبت,غير مثبت,مرجعي فقط — غير معتمد للنشر التجاري,بيانات مرجعية متاحة؛ يلزم تحقق PM,ضمن الفحص المبدئي
12689515020591,cosrx-oil-free-ultra-moisturizing-lotion-100ml,لوشن كوسركس فائق الترطيب خالٍ من الزيوت 100 مل,korean product,العناية بالبشرة,العناية بالبشرة | الجمال الكوري,2,,114064,1600,480,1120,,متاح لدى المصدر,https://cdn.shopify.com/s/files/1/0935/9550/0847/files/cosrx_oilfree_lotion_ecommerce_standard.webp?v=1771834841,منتج لوشن كوسركس فائق الترطيب خالٍ من الزيوت 100 مل من korean product. التصنيف المرجعي: العناية بالبشرة. الوسوم المرجعية: Dryness، korean product، Moisturizer Cream، Moisturizers، Oily Skin، Sensitive Skin / Redness، Skin Care، Smooth Texture.,https://alfouadpharmacies.com/en/products/cosrx-oil-free-ultra-moisturizing-lotion-100ml,AlFouad Pharmacies,Verify usage rights before commercial publication,غير مثبت,غير مثبت,مرجعي فقط — غير معتمد للنشر التجاري,بيانات مرجعية متاحة؛ يلزم تحقق PM,ضمن الفحص المبدئي
12689454498095,innox-acne-cream-50ml,كريم إينوكس لعلاج حب الشباب 50 مل,Innox,العناية بالبشرة,العناية بالبشرة,1,,114457,350,105,245,0,متاح لدى المصدر,https://cdn.shopify.com/s/files/1/0935/9550/0847/files/AcneCream-03.webp?v=1772202146,منتج كريم إينوكس لعلاج حب الشباب 50 مل من Innox. التصنيف المرجعي: العناية بالبشرة. الوسوم المرجعية: Acne & Blemishes، Pores، Skin Care، Treatment Cream، Treatments.,https://alfouadpharmacies.com/en/products/innox-acne-cream-50ml,AlFouad Pharmacies,Verify usage rights before commercial publication,غير مثبت,غير مثبت,مرجعي فقط — غير معتمد للنشر التجاري,بيانات مرجعية متاحة؛ يلزم تحقق PM,ضمن الفحص المبدئي
12689452368175,hydrensa-cleansing-gel-200ml,جل هيدرينسا المنظف 200 مل,Hydrensa,العناية بالبشرة,العناية بالبشرة,1,,113416,155,46.5,108.5,,متاح لدى المصدر,https://cdn.shopify.com/s/files/1/0935/9550/0847/files/HYDRENSA_CLEANSING_GEL_200ML.webp?v=1772274592,منتج جل هيدرينسا المنظف 200 مل من Hydrensa. التصنيف المرجعي: العناية بالبشرة. الوسوم المرجعية: Dry Skin، Dryness، Face Wash، Sensetive Skin، Sensitive Skin / Redness، Skin Care.,https://alfouadpharmacies.com/en/products/hydrensa-cleansing-gel-200ml,AlFouad Pharmacies,Verify usage rights before commercial publication,غير مثبت,غير مثبت,مرجعي فقط — غير معتمد للنشر التجاري,بيانات مرجعية متاحة؛ يلزم تحقق PM,ضمن الفحص المبدئي
12689442177327,vacation-argireline-serum-10-30ml,سيروم أرجيريلين للعطلات 10%، 30 مل,vacation,العناية بالبشرة,العناية بالبشرة,1,,115454,550,165,385,,متاح لدى المصدر,https://cdn.shopify.com/s/files/1/0935/9550/0847/files/Vacation_Argireline_Serum_10_30ml_1615x1615_afff9042-3e00-45fb-833c-d0501c060519.webp?v=1771847761,منتج سيروم أرجيريلين للعطلات 10%، 30 مل من vacation. التصنيف المرجعي: العناية بالبشرة. الوسوم المرجعية: Anti-Aging، Fine Lines & Wrinkles، Serums، Skin Care.,https://alfouadpharmacies.com/en/products/vacation-argireline-serum-10-30ml,AlFouad Pharmacies,Verify usage rights before commercial publication,غير مثبت,غير مثبت,مرجعي فقط — غير معتمد للنشر التجاري,بيانات مرجعية متاحة؛ يلزم تحقق PM,ضمن الفحص المبدئي
10589381427503,vacation-whitening-facial-cleansing-foam-200ml-1,رغوة تنظيف الوجه المبيضة Vacation 200 مل,vacation,العناية بالبشرة,العناية بالبشرة,1,,105168,345,103.5,241.5,,متاح لدى المصدر,https://cdn.shopify.com/s/files/1/0935/9550/0847/files/Vacation_Whitening_Facial_Cleansing_Foam_200ml_1615x1615_8c37d9a0-6f48-4163-9b05-a284318cd43a.webp?v=1771845342,منتج رغوة تنظيف الوجه المبيضة Vacation 200 مل من vacation. التصنيف المرجعي: العناية بالبشرة. الوسوم المرجعية: Dark Spots، Face Wash، Skin Care.,https://alfouadpharmacies.com/en/products/vacation-whitening-facial-cleansing-foam-200ml-1,AlFouad Pharmacies,Verify usage rights before commercial publication,غير مثبت,غير مثبت,مرجعي فقط — غير معتمد للنشر التجاري,بيانات مرجعية متاحة؛ يلزم تحقق PM,ضمن الفحص المبدئي
10570010165551,leylak-sun-spray-50spf,ليلاك سبراي واقي شمس 50+ SPF,AlFouad Pharmacies,العناية بالبشرة,العناية بالبشرة,1,بسيط,102371,329,98.7,230.3,,غير متاح لدى المصدر,https://cdn.shopify.com/s/files/1/0935/9550/0847/files/Leylak-Sun-Spray-50SPF.webp?v=1754297071,منتج ليلاك سبراي واقي شمس 50+ SPF من AlFouad Pharmacies. التصنيف المرجعي: العناية بالبشرة — بسيط. الوسوم المرجعية: Skin Care، Skin Concerns، SPF 50، Sun Care، Sunscreen، Sunscreen Spray.,https://alfouadpharmacies.com/en/products/leylak-sun-spray-50spf,AlFouad Pharmacies,Verify usage rights before commercial publication,غير مثبت,غير مثبت,مرجعي فقط — غير معتمد للنشر التجاري,بيانات مرجعية متاحة؛ يلزم تحقق PM,ضمن الفحص المبدئي
10569914188079,nivea-soft-cream-200ml-cocoa-butter,كريم نيفيا سوفت 200 مل زبدة الكاكاو,AlFouad Pharmacies,العناية بالبشرة,العناية بالبشرة | العناية بالجسم,2,بسيط,107916,140,42,98,,متاح لدى المصدر,https://cdn.shopify.com/s/files/1/0935/9550/0847/files/Nivea-Soft-Cream-200ML-Cocoa-Butter.webp?v=1754297960,منتج كريم نيفيا سوفت 200 مل زبدة الكاكاو من AlFouad Pharmacies. التصنيف المرجعي: العناية بالبشرة — بسيط. الوسوم المرجعية: Body Care، Body Concerns، Dry Skin body concerns، Moisturizer Cream، Moisturizers، Skin Care.,https://alfouadpharmacies.com/en/products/nivea-soft-cream-200ml-cocoa-butter,AlFouad Pharmacies,Verify usage rights before commercial publication,غير مثبت,غير مثبت,مرجعي فقط — غير معتمد للنشر التجاري,بيانات مرجعية متاحة؛ يلزم تحقق PM,ضمن الفحص المبدئي
10569906946351,luna-sport-sunscreen-spf50-130ml-off-20,لوشن واقي من الشمس لونا سبورت SPF50+ 130 مل، خصم 20%,AlFouad Pharmacies,العناية بالبشرة,العناية بالبشرة,1,بسيط,13522,220,66,154,,غير متاح لدى المصدر,https://cdn.shopify.com/s/files/1/0935/9550/0847/files/Luna-Sport-Sunscreen-SPF50-130ML-off-20.webp?v=1754298050,منتج لوشن واقي من الشمس لونا سبورت SPF50+ 130 مل، خصم 20% من AlFouad Pharmacies. التصنيف المرجعي: العناية بالبشرة — بسيط. الوسوم المرجعية: Skin Care، Skin Concerns، Sun Care، Sunscreen، Sunscreen Cream.,https://alfouadpharmacies.com/en/products/luna-sport-sunscreen-spf50-130ml-off-20,AlFouad Pharmacies,Verify usage rights before commercial publication,غير مثبت,غير مثبت,مرجعي فقط — غير معتمد للنشر التجاري,بيانات مرجعية متاحة؛ يلزم تحقق PM,ضمن الفحص المبدئي
10569906880815,luna-shea-butterperfume-free-soap-72gm-off,صابون لونا بزبدة الشيا والعطر المجاني 72 جرامًا - عرض خاص,AlFouad Pharmacies,العناية بالبشرة,العناية بالبشرة,1,بسيط,12864,48,14.4,33.6,,غير متاح لدى المصدر,https://cdn.shopify.com/s/files/1/0935/9550/0847/files/Luna-Shea-Butterperfume-Free-Soap-72G-Off.webp?v=1754298051,منتج صابون لونا بزبدة الشيا والعطر المجاني 72 جرامًا - عرض خاص من AlFouad Pharmacies. التصنيف المرجعي: العناية بالبشرة — بسيط. الوسوم المرجعية: Cleanser، Dryness، Face Soap، Skin Care، Skin Concerns.,https://alfouadpharmacies.com/en/products/luna-shea-butterperfume-free-soap-72gm-off,AlFouad Pharmacies,Verify usage rights before commercial publication,غير مثبت,غير مثبت,مرجعي فقط — غير معتمد للنشر التجاري,بيانات مرجعية متاحة؛ يلزم تحقق PM,ضمن الفحص المبدئي
10569904193839,loreal-hyaluron-expert-gel-cream-oily-50ml,جل كريم لوريال هاليورون إكسبيرت (للبشرة الدهنية) 50 مل,LOREAL PCD,العناية بالبشرة,العناية بالبشرة,1,بسيط,80663,545,163.5,381.5,,غير متاح لدى المصدر,https://cdn.shopify.com/s/files/1/0935/9550/0847/files/Loreal-Hyaluron-Expert-Gel-Cream-Oily-50ML.webp?v=1754298079,منتج جل كريم لوريال هاليورون إكسبيرت (للبشرة الدهنية) 50 مل من LOREAL PCD. التصنيف المرجعي: العناية بالبشرة — بسيط. الوسوم المرجعية: Acne & Blemishes، Moisturizer Gel، Moisturizers، Skin Care، Skin Concerns.,https://alfouadpharmacies.com/en/products/loreal-hyaluron-expert-gel-cream-oily-50ml,AlFouad Pharmacies,Verify usage rights before commercial publication,غير مثبت,غير مثبت,مرجعي فقط — غير معتمد للنشر التجاري,بيانات مرجعية متاحة؛ يلزم تحقق PM,ضمن الفحص المبدئي
10569897050415,labello-rosehipvitamin-e-caring-lips-scrub-48g,مقشر الشفاه المغذي من لابيّلو، زهرة الورد + فيتامين إي، 4.8 غرام,AlFouad Pharmacies,العناية بالبشرة,العناية بالبشرة,1,بسيط,31583,150,45,105,,غير متاح لدى المصدر,https://cdn.shopify.com/s/files/1/0935/9550/0847/files/Labello-Rosehipvitamin-E-Caring-Lips-Scrub-4.8G.webp?v=1754298180,منتج مقشر الشفاه المغذي من لابيّلو، زهرة الورد + فيتامين إي، 4.8 غرام من AlFouad Pharmacies. التصنيف المرجعي: العناية بالبشرة — بسيط. الوسوم المرجعية: Dryness، Eye & Lip، Lip، Lip Scrub، Skin Care، Skin Concerns.,https://alfouadpharmacies.com/en/products/labello-rosehipvitamin-e-caring-lips-scrub-48g,AlFouad Pharmacies,Verify usage rights before commercial publication,غير مثبت,غير مثبت,مرجعي فقط — غير معتمد للنشر التجاري,بيانات مرجعية متاحة؛ يلزم تحقق PM,ضمن الفحص المبدئي
10569896657199,labello-lip-balm-black-berry-shine,بلسم الشفاه لابييلو، نكهة التوت الأسود اللامع,AlFouad Pharmacies,العناية بالبشرة,العناية بالبشرة,1,بسيط,110968,120,36,84,,متاح لدى المصدر,https://cdn.shopify.com/s/files/1/0935/9550/0847/files/Labello-Lip-Balm-Black-Berry-Shine.webp?v=1754298183,منتج بلسم الشفاه لابييلو، نكهة التوت الأسود اللامع من AlFouad Pharmacies. التصنيف المرجعي: العناية بالبشرة — بسيط. الوسوم المرجعية: Dryness، Eye & Lip، Lip، Lip Balm، Skin Care، Skin Concerns.,https://alfouadpharmacies.com/en/products/labello-lip-balm-black-berry-shine,AlFouad Pharmacies,Verify usage rights before commercial publication,غير مثبت,غير مثبت,مرجعي فقط — غير معتمد للنشر التجاري,بيانات مرجعية متاحة؛ يلزم تحقق PM,ضمن الفحص المبدئي
10569895575855,jampj-facial-wash-refreshing-normal-skin-150ml,غسول الوجه المنعش من جونسون آند جونسون (للبشرة العادية) 150 مل,J&J,العناية بالبشرة,العناية بالبشرة,1,بسيط,16000,225,67.5,157.5,,متاح لدى المصدر,https://cdn.shopify.com/s/files/1/0935/9550/0847/files/JJ-Facial-Wash-Refreshing-Normal-Skin-150ML.webp?v=1754298200,منتج غسول الوجه المنعش من جونسون آند جونسون (للبشرة العادية) 150 مل من J&J. التصنيف المرجعي: العناية بالبشرة — بسيط. الوسوم المرجعية: Cleanser، Face Wash، Skin Care.,https://alfouadpharmacies.com/en/products/jampj-facial-wash-refreshing-normal-skin-150ml,AlFouad Pharmacies,Verify usage rights before commercial publication,غير مثبت,غير مثبت,مرجعي فقط — غير معتمد للنشر التجاري,بيانات مرجعية متاحة؛ يلزم تحقق PM,ضمن الفحص المبدئي
10569891676463,garnier-micellar-cleans-water-in-oil-400ml,ماء غارنييه الميسيلار لتنظيف البشرة، بزيت، 400 مل,GARNIER,العناية بالبشرة,العناية بالبشرة,1,بسيط,1689,360,108,252,,متاح لدى المصدر,https://cdn.shopify.com/s/files/1/0935/9550/0847/files/Garnier-Micellar-Cleans-Water-in-Oil-400ML.webp?v=1754298252,منتج ماء غارنييه الميسيلار لتنظيف البشرة، بزيت، 400 مل من GARNIER. التصنيف المرجعي: العناية بالبشرة — بسيط. الوسوم المرجعية: Cleanser، Makeup Removers، Skin Care.,https://alfouadpharmacies.com/en/products/garnier-micellar-cleans-water-in-oil-400ml,AlFouad Pharmacies,Verify usage rights before commercial publication,غير مثبت,غير مثبت,مرجعي فقط — غير معتمد للنشر التجاري,بيانات مرجعية متاحة؛ يلزم تحقق PM,ضمن الفحص المبدئي
10569890529583,garnier-fast-fairness-face-wash-100ml,غسول الوجه لتفتيح البشرة بسرعة من جالفنير 100 مل,GARNIER,العناية بالبشرة,العناية بالبشرة,1,بسيط,5432,120,36,84,,متاح لدى المصدر,https://cdn.shopify.com/s/files/1/0935/9550/0847/files/Garnier-Fast-Fairness-Face-Wash-100ML.webp?v=1754298259,منتج غسول الوجه لتفتيح البشرة بسرعة من جالفنير 100 مل من GARNIER. التصنيف المرجعي: العناية بالبشرة — بسيط. الوسوم المرجعية: Cleanser، Dark Spots، Face Wash، Skin Care، Skin Concerns.,https://alfouadpharmacies.com/en/products/garnier-fast-fairness-face-wash-100ml,AlFouad Pharmacies,Verify usage rights before commercial publication,غير مثبت,غير مثبت,مرجعي فقط — غير معتمد للنشر التجاري,بيانات مرجعية متاحة؛ يلزم تحقق PM,ضمن الفحص المبدئي
10569890332975,garnier-fast-clear-daily-face-scrub-wash-150ml,غسول تنظيف الوجه اليومي من جارفير، منظف سريع، 150 مل,GARNIER,العناية بالبشرة,العناية بالبشرة,1,بسيط,10342,210,63,147,,متاح لدى المصدر,https://cdn.shopify.com/s/files/1/0935/9550/0847/files/Garnier-Fast-Clear-Daily-Face-Scrub-Wash-150ML.webp?v=1754298262,منتج غسول تنظيف الوجه اليومي من جارفير، منظف سريع، 150 مل من GARNIER. التصنيف المرجعي: العناية بالبشرة — بسيط. الوسوم المرجعية: Acne & Blemishes، Cleanser، Face Scrub، Skin Care، Skin Concerns.,https://alfouadpharmacies.com/en/products/garnier-fast-clear-daily-face-scrub-wash-150ml,AlFouad Pharmacies,Verify usage rights before commercial publication,غير مثبت,غير مثبت,مرجعي فقط — غير معتمد للنشر التجاري,بيانات مرجعية متاحة؛ يلزم تحقق PM,ضمن الفحص المبدئي
10569848095023,clean-amp-clear-deep-action-fresh-foam-wash-150ml,غسول رغوي منعش عميق التنظيف من كلين آند كلير 150 مل,AlFouad Pharmacies,العناية بالبشرة,العناية بالبشرة,1,بسيط,82914,107,32.1,74.9,,غير متاح لدى المصدر,https://cdn.shopify.com/s/files/1/0935/9550/0847/files/Clean-Clear-Deep-Action-Fresh-Foam-Wash-150ML.webp?v=1754298453,منتج غسول رغوي منعش عميق التنظيف من كلين آند كلير 150 مل من AlFouad Pharmacies. التصنيف المرجعي: العناية بالبشرة — بسيط. الوسوم المرجعية: Acne & Blemishes، Cleanser، Face Wash، Skin Care، Skin Concerns.,https://alfouadpharmacies.com/en/products/clean-amp-clear-deep-action-fresh-foam-wash-150ml,AlFouad Pharmacies,Verify usage rights before commercial publication,غير مثبت,غير مثبت,مرجعي فقط — غير معتمد للنشر التجاري,بيانات مرجعية متاحة؛ يلزم تحقق PM,ضمن الفحص المبدئي
10569842983215,carroten-suncare-invisible-spf-50-spray-200ml,كاروتين واقي شمس شفاف سبف 50 بخاخ 200 مل,AlFouad Pharmacies,العناية بالبشرة,العناية بالبشرة,1,بسيط,14234,680,204,476,,غير متاح لدى المصدر,https://cdn.shopify.com/s/files/1/0935/9550/0847/files/Carroten-Suncare-Invisible-Spf-50-Spray-200ML.webp?v=1754298501,منتج كاروتين واقي شمس شفاف سبف 50 بخاخ 200 مل من AlFouad Pharmacies. التصنيف المرجعي: العناية بالبشرة — بسيط. الوسوم المرجعية: Skin Care، Sun Tan، Sunscreen.,https://alfouadpharmacies.com/en/products/carroten-suncare-invisible-spf-50-spray-200ml,AlFouad Pharmacies,Verify usage rights before commercial publication,غير مثبت,غير مثبت,مرجعي فقط — غير معتمد للنشر التجاري,بيانات مرجعية متاحة؛ يلزم تحقق PM,ضمن الفحص المبدئي
10569841705263,banana-boat-tanning-oil-4-spf-236ml,زيت تسمير البطيخ من بينانا بوت، 4 SPF، 236 مل,AlFouad Pharmacies,العناية بالبشرة,العناية بالبشرة,1,بسيط,18785,890,267,623,,متاح لدى المصدر,https://cdn.shopify.com/s/files/1/0935/9550/0847/files/Banana-Boat-Tanning-Oil-4-Spf-236ML.webp?v=1754298508,منتج زيت تسمير البطيخ من بينانا بوت، 4 SPF، 236 مل من AlFouad Pharmacies. التصنيف المرجعي: العناية بالبشرة — بسيط. الوسوم المرجعية: Skin Care، Sun Tan، Sunscreen.,https://alfouadpharmacies.com/en/products/banana-boat-tanning-oil-4-spf-236ml,AlFouad Pharmacies,Verify usage rights before commercial publication,غير مثبت,غير مثبت,مرجعي فقط — غير معتمد للنشر التجاري,بيانات مرجعية متاحة؛ يلزم تحقق PM,ضمن الفحص المبدئي
10569833283887,the-ordinary-retinol-02-30ml,ذا أوردينري ريتينول 2 30 مل,The Ordinary,العناية بالبشرة,العناية بالبشرة,1,سيرم,101444,1799,539.7,1259.3,0,متاح لدى المصدر,https://cdn.shopify.com/s/files/1/0935/9550/0847/files/1_-_2026-07-06T161617.013.webp?v=1783343801,منتج ذا أوردينري ريتينول 2 30 مل من The Ordinary. التصنيف المرجعي: العناية بالبشرة — سيرم. الوسوم المرجعية: Anti-Aging، Fine Lines & Wrinkles، Serums، Skin Care، Skin Concerns، Treatments.,https://alfouadpharmacies.com/en/products/the-ordinary-retinol-02-30ml,AlFouad Pharmacies,Verify usage rights before commercial publication,غير مثبت,غير مثبت,مرجعي فقط — غير معتمد للنشر التجاري,بيانات مرجعية متاحة؛ يلزم تحقق PM,ضمن الفحص المبدئي
10569814999343,vichy-normaderm-fluid-double-correction-30ml,فيتشي نورماديرم فلويد دبل كوريكشن 30 مل,Vichy,العناية بالبشرة,العناية بالبشرة,1,بسيط,5578,797,239.1,557.9,,غير متاح لدى المصدر,https://cdn.shopify.com/s/files/1/0935/9550/0847/files/Vichy-Normaderm-Fluid-Double-Correction-30ML.webp?v=1754298704,منتج فيتشي نورماديرم فلويد دبل كوريكشن 30 مل من Vichy. التصنيف المرجعي: العناية بالبشرة — بسيط. الوسوم المرجعية: Acne & Blemishes، Oily Skin، Pores، Skin Care، Skin Concerns، Treatment Cream، Treatments.,https://alfouadpharmacies.com/en/products/vichy-normaderm-fluid-double-correction-30ml,AlFouad Pharmacies,Verify usage rights before commercial publication,غير مثبت,غير مثبت,مرجعي فقط — غير معتمد للنشر التجاري,بيانات مرجعية متاحة؛ يلزم تحقق PM,ضمن الفحص المبدئي
10569809264943,uriage-waterproof-eye-makeup-remover-100ml,مزيل مكياج العيون المقاوم للماء من يورياج 100 مل,URIAGE,العناية بالبشرة,العناية بالبشرة,1,مزيل مكياج ,29123,789,236.7,552.3,,متاح لدى المصدر,https://cdn.shopify.com/s/files/1/0935/9550/0847/files/Group_1_copy_49.webp?v=1782200923,منتج مزيل مكياج العيون المقاوم للماء من يورياج 100 مل من URIAGE. التصنيف المرجعي: العناية بالبشرة — مزيل مكياج . الوسوم المرجعية: Cleanser، Makeup Removers، Sensitive Skin / Redness، Skin Care، Skin Concerns.,https://alfouadpharmacies.com/en/products/uriage-waterproof-eye-makeup-remover-100ml,AlFouad Pharmacies,Verify usage rights before commercial publication,غير مثبت,غير مثبت,مرجعي فقط — غير معتمد للنشر التجاري,بيانات مرجعية متاحة؛ يلزم تحقق PM,ضمن الفحص المبدئي
10569804153135,uriage-bariesun-dry-oil-50spf-200ml,زيت يورياج باريسون الجاف 50+ SPF 200 مل,URIAGE Bariesun,العناية بالبشرة,العناية بالبشرة,1,زيت ,106715,1865,559.5,1305.5,,متاح لدى المصدر,https://cdn.shopify.com/s/files/1/0935/9550/0847/files/Group_1_76.webp?v=1782199130,منتج زيت يورياج باريسون الجاف 50+ SPF 200 مل من URIAGE Bariesun. التصنيف المرجعي: العناية بالبشرة — زيت . الوسوم المرجعية: Skin Care، Skin Concerns، SPF 50، Sun Care، Sunscreen، Sunscreen Spray.,https://alfouadpharmacies.com/en/products/uriage-bariesun-dry-oil-50spf-200ml,AlFouad Pharmacies,Verify usage rights before commercial publication,غير مثبت,غير مثبت,مرجعي فقط — غير معتمد للنشر التجاري,بيانات مرجعية متاحة؛ يلزم تحقق PM,ضمن الفحص المبدئي
10569804022063,uriage-bariesun-dry-mist-50spf-200ml,يورياج باريسان بخاخ جاف مرطب للحماية من الشمس SPF50+,URIAGE Bariesun,العناية بالبشرة,العناية بالبشرة,1,واقي شمس ,24325,1299,389.7,909.3,,متاح لدى المصدر,https://cdn.shopify.com/s/files/1/0935/9550/0847/files/Group_1_70.webp?v=1782111578,منتج يورياج باريسان بخاخ جاف مرطب للحماية من الشمس SPF50+ من URIAGE Bariesun. التصنيف المرجعي: العناية بالبشرة — واقي شمس . الوسوم المرجعية: Skin Care، Skin Concerns، SPF 50، Sun Care، Sunscreen، Sunscreen Spray.,https://alfouadpharmacies.com/en/products/uriage-bariesun-dry-mist-50spf-200ml,AlFouad Pharmacies,Verify usage rights before commercial publication,غير مثبت,غير مثبت,مرجعي فقط — غير معتمد للنشر التجاري,بيانات مرجعية متاحة؛ يلزم تحقق PM,ضمن الفحص المبدئي
10569801761071,matriskin-power-defense-cream-50ml,كريم ماتريسكن باور ديفينس 50 مل,AlFouad Pharmacies,العناية بالبشرة,العناية بالبشرة,1,بسيط,14923,799,239.7,559.3,,غير متاح لدى المصدر,https://cdn.shopify.com/s/files/1/0935/9550/0847/files/Matriskin-Power-Defense-Cream-50ML.webp?v=1754298794,منتج كريم ماتريسكن باور ديفينس 50 مل من AlFouad Pharmacies. التصنيف المرجعي: العناية بالبشرة — بسيط. الوسوم المرجعية: Anti-Aging، Anti-aging Cream، Dryness، Fine Lines & Wrinkles، Moisturizer Cream، Moisturizers، Skin Care، Skin Concerns.,https://alfouadpharmacies.com/en/products/matriskin-power-defense-cream-50ml,AlFouad Pharmacies,Verify usage rights before commercial publication,غير مثبت,غير مثبت,مرجعي فقط — غير معتمد للنشر التجاري,بيانات مرجعية متاحة؛ يلزم تحقق PM,ضمن الفحص المبدئي
10569744548143,beesline-sunscreen-kids-lotion-spf50-200ml,لوشن واقي من الشمس للأطفال بيزلين SPF50 200 مل,Beesline,العناية بالبشرة,العناية بالبشرة | العناية بالأطفال,2,بسيط,24482,440,132,308,,غير متاح لدى المصدر,https://cdn.shopify.com/s/files/1/0935/9550/0847/files/Beesline-Sunscreen-Kids-Lotion-SPF50-200ML.webp?v=1754298868,منتج لوشن واقي من الشمس للأطفال بيزلين SPF50 200 مل من Beesline. التصنيف المرجعي: العناية بالبشرة — بسيط. الوسوم المرجعية: Kids Care، Kids Concerns، Kids Sunscreen، Skin Care، SPF 50، Sun Care، Sunscreen.,https://alfouadpharmacies.com/en/products/beesline-sunscreen-kids-lotion-spf50-200ml,AlFouad Pharmacies,Verify usage rights before commercial publication,غير مثبت,غير مثبت,مرجعي فقط — غير معتمد للنشر التجاري,بيانات مرجعية متاحة؛ يلزم تحقق PM,ضمن الفحص المبدئي
10569742582063,eucerin-hyaluron-filler-vitc-booster-serum-8ml,مصل يوسيرين هاليورون-فيラー فيت. سي بوستر 8 مل,Eucerin,العناية بالبشرة,العناية بالبشرة,1,بسيط,106727,975,292.5,682.5,0,غير متاح لدى المصدر,https://cdn.shopify.com/s/files/1/0935/9550/0847/files/Eucerin-Hyaluron-Filler-VIT.C-Booster-Serum-8ML.webp?v=1754298898,منتج مصل يوسيرين هاليورون-فيラー فيت. سي بوستر 8 مل من Eucerin. التصنيف المرجعي: العناية بالبشرة — بسيط. الوسوم المرجعية: Anti-Aging، Dehydrated Skin، Even Skin Tone، Serums، Skin Care، Skin Concerns، Treatments.,https://alfouadpharmacies.com/en/products/eucerin-hyaluron-filler-vitc-booster-serum-8ml,AlFouad Pharmacies,Verify usage rights before commercial publication,غير مثبت,غير مثبت,مرجعي فقط — غير معتمد للنشر التجاري,بيانات مرجعية متاحة؛ يلزم تحقق PM,ضمن الفحص المبدئي
10569737601327,beesline-instant-bright-micellar-water-400100-ml,ماء ميسيلار بيزلاين لتفتيح البشرة الفوري (400+100) مل,Beesline,العناية بالبشرة,العناية بالبشرة,1,بسيط,8874,699,209.7,489.3,,غير متاح لدى المصدر,https://cdn.shopify.com/s/files/1/0935/9550/0847/files/Beesline-Instant-Bright-Micellar-Water-400100.webp?v=1754298964,منتج ماء ميسيلار بيزلاين لتفتيح البشرة الفوري (400+100) مل من Beesline. التصنيف المرجعي: العناية بالبشرة — بسيط. الوسوم المرجعية: Cleanser، Dullness، Even Skin Tone، Makeup Removers، Sensitive Skin / Redness، Skin Care، Skin Concerns.,https://alfouadpharmacies.com/en/products/beesline-instant-bright-micellar-water-400100-ml,AlFouad Pharmacies,Verify usage rights before commercial publication,غير مثبت,غير مثبت,مرجعي فقط — غير معتمد للنشر التجاري,بيانات مرجعية متاحة؛ يلزم تحقق PM,ضمن الفحص المبدئي
10569735864623,sebium-sensitive-cream-30ml,كريم سيبيم للبشرة الحساسة 30 مل,AlFouad Pharmacies,العناية بالبشرة,العناية بالبشرة,1,بسيط,97032,925,277.5,647.5,,متاح لدى المصدر,https://cdn.shopify.com/s/files/1/0935/9550/0847/files/Sebium-Sensitive-Cream-30ML.webp?v=1754298981,منتج كريم سيبيم للبشرة الحساسة 30 مل من AlFouad Pharmacies. التصنيف المرجعي: العناية بالبشرة — بسيط. الوسوم المرجعية: Acne & Blemishes، Oily Skin، Sensitive Skin / Redness، Skin Care، Skin Concerns، Treatment Cream، Treatments.,https://alfouadpharmacies.com/en/products/sebium-sensitive-cream-30ml,AlFouad Pharmacies,Verify usage rights before commercial publication,غير مثبت,غير مثبت,مرجعي فقط — غير معتمد للنشر التجاري,بيانات مرجعية متاحة؛ يلزم تحقق PM,ضمن الفحص المبدئي
10569733275951,acm-medisun-gel-spf50-40ml,إيه سي إم ميديسن جل واقي شمس SPF50+ – 40 مل,ACM,العناية بالبشرة,العناية بالبشرة,1,واقي شمس,12857,559,167.7,391.3,,متاح لدى المصدر,https://cdn.shopify.com/s/files/1/0935/9550/0847/files/ACM_Medisun_Mattifying_Gel_SPF50_40_ml.webp?v=1790490755,منتج إيه سي إم ميديسن جل واقي شمس SPF50+ – 40 مل من ACM. التصنيف المرجعي: العناية بالبشرة — واقي شمس. الوسوم المرجعية: Oily Skin، Skin Care، Skin Concerns، Sun Care، Sun Gel، Sunscreen.,https://alfouadpharmacies.com/en/products/acm-medisun-gel-spf50-40ml,AlFouad Pharmacies,Verify usage rights before commercial publication,غير مثبت,غير مثبت,مرجعي فقط — غير معتمد للنشر التجاري,بيانات مرجعية متاحة؛ يلزم تحقق PM,ضمن الفحص المبدئي
10569733144879,acm-medisun-cream-spf50-40ml,إيه سي إم ميديسن كريم واقي شمس SPF50+ – 40 مل,ACM,العناية بالبشرة,العناية بالبشرة,1,واقي شمس,96794,559,167.7,391.3,,غير متاح لدى المصدر,https://cdn.shopify.com/s/files/1/0935/9550/0847/files/Group_1_39_8cbcde48-ab2a-4613-84ff-8aa881d58849.webp?v=1781940906,منتج إيه سي إم ميديسن كريم واقي شمس SPF50+ – 40 مل من ACM. التصنيف المرجعي: العناية بالبشرة — واقي شمس. الوسوم المرجعية: Dryness، Skin Care، Skin Concerns، Sun Care، Sunscreen، Sunscreen Cream.,https://alfouadpharmacies.com/en/products/acm-medisun-cream-spf50-40ml,AlFouad Pharmacies,Verify usage rights before commercial publication,غير مثبت,غير مثبت,مرجعي فقط — غير معتمد للنشر التجاري,بيانات مرجعية متاحة؛ يلزم تحقق PM,ضمن الفحص المبدئي
10569724035375,alejon-hand-nail-cream-75ml,كريم اليد والأظافر من أليجون 75 مل,ALEJON,العناية بالبشرة,العناية بالبشرة | العناية بالجسم,2,بسيط,16945,230,69,161,,متاح لدى المصدر,https://cdn.shopify.com/s/files/1/0935/9550/0847/files/Alejon-Hand-Nail-Cream-75ml.webp?v=1754299164,منتج كريم اليد والأظافر من أليجون 75 مل من ALEJON. التصنيف المرجعي: العناية بالبشرة — بسيط. الوسوم المرجعية: Body Care، Dry Skin، Hand، Hands & Feet، Nails، Skin Care، Skin Concerns.,https://alfouadpharmacies.com/en/products/alejon-hand-nail-cream-75ml,AlFouad Pharmacies,Verify usage rights before commercial publication,غير مثبت,غير مثبت,مرجعي فقط — غير معتمد للنشر التجاري,بيانات مرجعية متاحة؛ يلزم تحقق PM,ضمن الفحص المبدئي
10569719415087,infinity-flare-whitening-night-cream-60ml,كريم إنفينيتي فليير التفتيح الليلي 60 مل,AlFouad Pharmacies,العناية بالبشرة,العناية بالبشرة,1,بسيط,81472,180,54,126,,غير متاح لدى المصدر,https://cdn.shopify.com/s/files/1/0935/9550/0847/files/Infinity-Flare-Whitening-Night-Cream-60ml.webp?v=1754299233,منتج كريم إنفينيتي فليير التفتيح الليلي 60 مل من AlFouad Pharmacies. التصنيف المرجعي: العناية بالبشرة — بسيط. الوسوم المرجعية: Moisturizers، Skin Care، Whitining Cream.,https://alfouadpharmacies.com/en/products/infinity-flare-whitening-night-cream-60ml,AlFouad Pharmacies,Verify usage rights before commercial publication,غير مثبت,غير مثبت,مرجعي فقط — غير معتمد للنشر التجاري,بيانات مرجعية متاحة؛ يلزم تحقق PM,ضمن الفحص المبدئي
10569716138287,eva-facial-wash-150ml-honey-exfoliating,غسول الوجه إيفا 150 مل بالعسل (مقشر),AlFouad Pharmacies,العناية بالبشرة,العناية بالبشرة,1,بسيط,28023,75,22.5,52.5,,متاح لدى المصدر,https://cdn.shopify.com/s/files/1/0935/9550/0847/files/Eva-Facial-Wash-150ml-Honey-Exfoliating.webp?v=1754299271,منتج غسول الوجه إيفا 150 مل بالعسل (مقشر) من AlFouad Pharmacies. التصنيف المرجعي: العناية بالبشرة — بسيط. الوسوم المرجعية: Cleanser، Face Wash، Skin Care.,https://alfouadpharmacies.com/en/products/eva-facial-wash-150ml-honey-exfoliating,AlFouad Pharmacies,Verify usage rights before commercial publication,غير مثبت,غير مثبت,مرجعي فقط — غير معتمد للنشر التجاري,بيانات مرجعية متاحة؛ يلزم تحقق PM,ضمن الفحص المبدئي
10569715777839,starville-acne-prone-skin-hydrating-gel-200ml,جل ترطيب للبشرة المعرضة لحب الشباب من ستارفيل 200 مل,parkville,العناية بالبشرة,العناية بالبشرة,1,بسيط,10018,250,75,175,,متاح لدى المصدر,https://cdn.shopify.com/s/files/1/0935/9550/0847/files/StarvilleAcne-ProneSkinHydrate200ML.webp?v=1754299277,منتج جل ترطيب للبشرة المعرضة لحب الشباب من ستارفيل 200 مل من parkville. التصنيف المرجعي: العناية بالبشرة — بسيط. الوسوم المرجعية: Moisturizer Gel، Moisturizers، Skin Care، starville.,https://alfouadpharmacies.com/en/products/starville-acne-prone-skin-hydrating-gel-200ml,AlFouad Pharmacies,Verify usage rights before commercial publication,غير مثبت,غير مثبت,مرجعي فقط — غير معتمد للنشر التجاري,بيانات مرجعية متاحة؛ يلزم تحقق PM,ضمن الفحص المبدئي
10569715646767,dermatique-lightening-hyaluronic-acid-serum-30ml,مصل حمض الهيالورونيك المشرق من ديرماتيك 30 مل,AlFouad Pharmacies,العناية بالبشرة,العناية بالبشرة,1,بسيط,13430,480,144,336,,متاح لدى المصدر,https://cdn.shopify.com/s/files/1/0935/9550/0847/files/Dermatique-Lightening-Hyaluronic-Acid-Serum-30ml.webp?v=1754299280,منتج مصل حمض الهيالورونيك المشرق من ديرماتيك 30 مل من AlFouad Pharmacies. التصنيف المرجعي: العناية بالبشرة — بسيط. الوسوم المرجعية: Serums، Skin Care، Treatments.,https://alfouadpharmacies.com/en/products/dermatique-lightening-hyaluronic-acid-serum-30ml,AlFouad Pharmacies,Verify usage rights before commercial publication,غير مثبت,غير مثبت,مرجعي فقط — غير معتمد للنشر التجاري,بيانات مرجعية متاحة؛ يلزم تحقق PM,ضمن الفحص المبدئي
13052190097711,kolagra-whitening-3in1-roll-on-1-1-off,Kolagra Whitening 3in1 Roll-On Bundle,Kolagra off,العناية بالبشرة,العناية بالبشرة,1,Deodorants,83483,259,77.7,181.3,520,غير متاح لدى المصدر,https://cdn.shopify.com/s/files/1/0935/9550/0847/files/rose_1.webp?v=1772696811,منتج Kolagra Whitening 3in1 Roll-On Bundle من Kolagra off. التصنيف المرجعي: العناية بالبشرة — Deodorants. الوسوم المرجعية: Anti-Perspirant، Bundle، Deodrant، Even Skin Tone / Pigmentation، Roll-on، Sensetive Skin.,https://alfouadpharmacies.com/en/products/kolagra-whitening-3in1-roll-on-1-1-off,AlFouad Pharmacies,Verify usage rights before commercial publication,غير مثبت,غير مثبت,مرجعي فقط — غير معتمد للنشر التجاري,بيانات مرجعية متاحة؛ يلزم تحقق PM,ضمن الفحص المبدئي
12972401361199,svrxerial-10-lotion-200ml,SVR Xerial 10 Lotion 200ML,SVR,العناية بالبشرة,العناية بالبشرة | العناية بالجسم,2,,115619,999,299.7,699.3,,متاح لدى المصدر,https://cdn.shopify.com/s/files/1/0935/9550/0847/files/SVR_Xerial_10_Lotion_200ml_1615x1615_v2.webp?v=1772538715,منتج SVR Xerial 10 Lotion 200ML من SVR. التصنيف المرجعي: العناية بالبشرة. الحجم المذكور: 200 ML. الوسوم المرجعية: Body Lotion، Dry Skin، Dryness، Moisturizers.,https://alfouadpharmacies.com/en/products/svrxerial-10-lotion-200ml,AlFouad Pharmacies,Verify usage rights before commercial publication,غير مثبت,غير مثبت,مرجعي فقط — غير معتمد للنشر التجاري,بيانات مرجعية متاحة؛ يلزم تحقق PM,ضمن الفحص المبدئي
12886807839023,svrtopialyse-hand-cream-50ml,كريم اليدين توبياز من SVR – 50 مل,AlFouad Pharmacies,العناية بالبشرة,العناية بالبشرة,1,,115618,399,119.7,279.3,,متاح لدى المصدر,https://cdn.shopify.com/s/files/1/0935/9550/0847/files/SVR_Topialyse_Hand_Cream_50ml_1615x1615_9845bb25-d030-4ac4-8f87-263660e23ba5.webp?v=1772368222,منتج كريم اليدين توبياز من SVR – 50 مل من AlFouad Pharmacies. التصنيف المرجعي: العناية بالبشرة. الوسوم المرجعية: Dry Skin، Dryness، Hand، Hands & Feet، Moisturizer Cream، Moisturizers.,https://alfouadpharmacies.com/en/products/svrtopialyse-hand-cream-50ml,AlFouad Pharmacies,Verify usage rights before commercial publication,غير مثبت,غير مثبت,مرجعي فقط — غير معتمد للنشر التجاري,بيانات مرجعية متاحة؛ يلزم تحقق PM,ضمن الفحص المبدئي
12886371959087,svr-cicavit-lip-baume-10g,SVR Cicavit+ Lip Baume 10G,AlFouad Pharmacies,العناية بالبشرة,العناية بالبشرة,1,,115613,469,140.7,328.3,,متاح لدى المصدر,https://cdn.shopify.com/s/files/1/0935/9550/0847/files/SVRCICAVIT_LIPBAUME10G.webp?v=1772367358,منتج SVR Cicavit+ Lip Baume 10G من AlFouad Pharmacies. التصنيف المرجعي: العناية بالبشرة. الحجم المذكور: 10 G. الوسوم المرجعية: Dry Skin، Dryness، Lip، Lip Balm.,https://alfouadpharmacies.com/en/products/svr-cicavit-lip-baume-10g,AlFouad Pharmacies,Verify usage rights before commercial publication,غير مثبت,غير مثبت,مرجعي فقط — غير معتمد للنشر التجاري,بيانات مرجعية متاحة؛ يلزم تحقق PM,ضمن الفحص المبدئي
12885567930671,svr-topialyse-gel-lavant-200ml,اس في ار توبياليز جل تنظيف 200 مل,SVR,العناية بالبشرة,العناية بالبشرة,1,جل تنظيف البشرة,93263,599,179.7,419.3,,متاح لدى المصدر,https://cdn.shopify.com/s/files/1/0935/9550/0847/files/SVR_Topialyse_Gel_Lavante_200ml_1615x1615_8301a767-7d12-440b-aef2-96e0d14d5000.webp?v=1772617150,منتج اس في ار توبياليز جل تنظيف 200 مل من SVR. التصنيف المرجعي: العناية بالبشرة — جل تنظيف البشرة. الوسوم المرجعية: Dry Skin، Dryness، Face Wash، Sensetive Skin، Sensitive Skin / Redness.,https://alfouadpharmacies.com/en/products/svr-topialyse-gel-lavant-200ml,AlFouad Pharmacies,Verify usage rights before commercial publication,غير مثبت,غير مثبت,مرجعي فقط — غير معتمد للنشر التجاري,بيانات مرجعية متاحة؛ يلزم تحقق PM,ضمن الفحص المبدئي
12689565974831,uriage-bariesun-cream-fragrance-free-spf50-50-ml,كريم يورياج باريسون خالي من العطور بعامل حماية من الشمس 50+، 50 مل ,URIAGE Bariesun,العناية بالبشرة,العناية بالبشرة,1,واقي شمس ,95240,1025,307.5,717.5,,متاح لدى المصدر,https://cdn.shopify.com/s/files/1/0935/9550/0847/files/Uriage_Bariesun_Cream_Fragrance_Free_SPF50_50_ml_l.webp?v=1790666578,منتج كريم يورياج باريسون خالي من العطور بعامل حماية من الشمس 50+، 50 مل  من URIAGE Bariesun. التصنيف المرجعي: العناية بالبشرة — واقي شمس . الوسوم المرجعية: Sensetive Skin، Sun Care، Sunscreen.,https://alfouadpharmacies.com/en/products/uriage-bariesun-cream-fragrance-free-spf50-50-ml,AlFouad Pharmacies,Verify usage rights before commercial publication,غير مثبت,غير مثبت,مرجعي فقط — غير معتمد للنشر التجاري,بيانات مرجعية متاحة؛ يلزم تحقق PM,ضمن الفحص المبدئي
12689561485615,beesline-rad-bri-underarm-serum-150ml-jouri-rose,بيزلين راد بري سيروم تحت الإبط 150 مل وردة الجوري ,Beesline,العناية بالبشرة,العناية بالبشرة | العناية بالجسم,2,,111907,500,150,350,,متاح لدى المصدر,https://cdn.shopify.com/s/files/1/0935/9550/0847/files/beesline_underarm_serum_box_1615x1615_2e206caf-9f1d-44f2-8052-3748d0f3fbe5.webp?v=1771880288,منتج بيزلين راد بري سيروم تحت الإبط 150 مل وردة الجوري  من Beesline. التصنيف المرجعي: العناية بالبشرة. الوسوم المرجعية: Body Care، Body Spray، Deodrant، Even Skin Tone / Pigmentation، Sensetive Skin.,https://alfouadpharmacies.com/en/products/beesline-rad-bri-underarm-serum-150ml-jouri-rose,AlFouad Pharmacies,Verify usage rights before commercial publication,غير مثبت,غير مثبت,مرجعي فقط — غير معتمد للنشر التجاري,بيانات مرجعية متاحة؛ يلزم تحقق PM,ضمن الفحص المبدئي
12689457414447,innox-whitening-cream-50gm,كريم تبييض إنوكس ٥٠ غرام,Innox,العناية بالبشرة,العناية بالبشرة | العناية بالجسم,2,,14264,350,105,245,0,متاح لدى المصدر,https://cdn.shopify.com/s/files/1/0935/9550/0847/files/Annox_LighteningCream_50gm_PureWhite_1615x1615_1f05e498-29b7-46b3-a08a-063a08ce7fce.webp?v=1772200582,منتج كريم تبييض إنوكس ٥٠ غرام من Innox. التصنيف المرجعي: العناية بالبشرة. الوسوم المرجعية: Body Care، Dark Spots، Even Skin Tone / Pigmentation، Whitining Cream.,https://alfouadpharmacies.com/en/products/innox-whitening-cream-50gm,AlFouad Pharmacies,Verify usage rights before commercial publication,غير مثبت,غير مثبت,مرجعي فقط — غير معتمد للنشر التجاري,بيانات مرجعية متاحة؛ يلزم تحقق PM,ضمن الفحص المبدئي
12689452761391,kolagra-whitening-soap-100gm,صابون كولاجرا لتفتيح البشرة 100 غرام,Kolagra,العناية بالبشرة,العناية بالبشرة,1,,114923,65,19.5,45.5,0,متاح لدى المصدر,https://cdn.shopify.com/s/files/1/0935/9550/0847/files/Kolagra_Whitening_Star_Active_30gm_PureWhite_1615x1615_cfe97c53-b682-4bc9-9e6e-e6f10e86eb31.webp?v=1772241489,منتج صابون كولاجرا لتفتيح البشرة 100 غرام من Kolagra. التصنيف المرجعي: العناية بالبشرة. الوسوم المرجعية: Dark Spots، Even Skin Tone / Pigmentation، Face Soap.,https://alfouadpharmacies.com/en/products/kolagra-whitening-soap-100gm,AlFouad Pharmacies,Verify usage rights before commercial publication,غير مثبت,غير مثبت,مرجعي فقط — غير معتمد للنشر التجاري,بيانات مرجعية متاحة؛ يلزم تحقق PM,ضمن الفحص المبدئي
10570010722607,mustela-stelatopia-cleansing-gel-200ml,جل تنظيف ستيلاتيوبيا من موستيلا 200 مل,Mustela,العناية بالبشرة,العناية بالبشرة | العناية بالجسم | العناية بالأطفال,3,بسيط,112935,1045,313.5,731.5,,متاح لدى المصدر,https://cdn.shopify.com/s/files/1/0935/9550/0847/files/Mustela-Stelatopia-Cleansing-Gel-200ML.webp?v=1754297065,منتج جل تنظيف ستيلاتيوبيا من موستيلا 200 مل من Mustela. التصنيف المرجعي: العناية بالبشرة — بسيط. الوسوم المرجعية: Body Care، Body Concerns، Body Wash، Dry Skin body concerns، Kids Care، Kids Concerns، Kids Dry Skin، Kids Shower.,https://alfouadpharmacies.com/en/products/mustela-stelatopia-cleansing-gel-200ml,AlFouad Pharmacies,Verify usage rights before commercial publication,غير مثبت,غير مثبت,مرجعي فقط — غير معتمد للنشر التجاري,بيانات مرجعية متاحة؛ يلزم تحقق PM,ضمن الفحص المبدئي
10569938796847,tetra-glow-whitening-oxygen-bubbles-roll-on-50ml,رول أون فقاعات الأكسجين المبيضة تريتا جلو 50 مل,Tetra Glow,العناية بالبشرة,العناية بالبشرة | العناية بالجسم,2,بسيط,112543,275,82.5,192.5,,متاح لدى المصدر,https://cdn.shopify.com/s/files/1/0935/9550/0847/files/Tetra-Glow-Whitening-Oxygen-Bubbles-Roll-On-50ML.webp?v=1754297760,منتج رول أون فقاعات الأكسجين المبيضة تريتا جلو 50 مل من Tetra Glow. التصنيف المرجعي: العناية بالبشرة — بسيط. الوسوم المرجعية: Body Care، Body Concerns، Deodrant، Even Skin Tone / Pigmentation، Roll-on، Sensetive Skin.,https://alfouadpharmacies.com/en/products/tetra-glow-whitening-oxygen-bubbles-roll-on-50ml,AlFouad Pharmacies,Verify usage rights before commercial publication,غير مثبت,غير مثبت,مرجعي فقط — غير معتمد للنشر التجاري,بيانات مرجعية متاحة؛ يلزم تحقق PM,ضمن الفحص المبدئي
10569831514415,avuva-white-paste-100-gm-red-velvet,معجون أفوفا الأبيض 100 غرام ريد فيلفيت,AlFouad Pharmacies,العناية بالبشرة,العناية بالبشرة | العناية بالجسم,2,بسيط,10714,35,10.5,24.5,,متاح لدى المصدر,https://cdn.shopify.com/s/files/1/0935/9550/0847/files/Avuva-White-Paste-100-GM-Red-Velvet.webp?v=1754298585,منتج معجون أفوفا الأبيض 100 غرام ريد فيلفيت من AlFouad Pharmacies. التصنيف المرجعي: العناية بالبشرة — بسيط. الوسوم المرجعية: Body Care، Body Concerns، Hair Removal، Sensetive Skin.,https://alfouadpharmacies.com/en/products/avuva-white-paste-100-gm-red-velvet,AlFouad Pharmacies,Verify usage rights before commercial publication,غير مثبت,غير مثبت,مرجعي فقط — غير معتمد للنشر التجاري,بيانات مرجعية متاحة؛ يلزم تحقق PM,ضمن الفحص المبدئي
10569831350575,avuva-white-paste-100-gm-gold,معجون أفوفا الأبيض 100 غرام ذهبي,AlFouad Pharmacies,العناية بالبشرة,العناية بالبشرة | العناية بالجسم,2,بسيط,10697,35,10.5,24.5,,متاح لدى المصدر,https://cdn.shopify.com/s/files/1/0935/9550/0847/files/Avuva-white-paste-hair-removal-100-gm-GOLD-PASTE_1024x1024_3c0bcf57-b1d8-48bc-b90d-464aa45e7705.webp?v=1754298586,منتج معجون أفوفا الأبيض 100 غرام ذهبي من AlFouad Pharmacies. التصنيف المرجعي: العناية بالبشرة — بسيط. الوسوم المرجعية: Body Care، Body Concerns، Hair Removal، Sensetive Skin.,https://alfouadpharmacies.com/en/products/avuva-white-paste-100-gm-gold,AlFouad Pharmacies,Verify usage rights before commercial publication,غير مثبت,غير مثبت,مرجعي فقط — غير معتمد للنشر التجاري,بيانات مرجعية متاحة؛ يلزم تحقق PM,ضمن الفحص المبدئي
12689540022575,vaseline-body-gel-oil-soothing-hydration-200ml,فازلين جل للجسم، زيت مرطب وملطف، 200 مل,Vaseline,العناية بالبشرة,العناية بالبشرة | العناية بالجسم,2,زيت للجسم,113873,510,153,357,,غير متاح لدى المصدر,https://cdn.shopify.com/s/files/1/0935/9550/0847/files/Vaseline_SoothingHydration_GelOil_200ml_PureWhite_1615x1615_31400f31-f859-4bff-ba95-fa9604ab00e3.webp?v=1772219624,منتج فازلين جل للجسم، زيت مرطب وملطف، 200 مل من Vaseline. التصنيف المرجعي: العناية بالبشرة — زيت للجسم. الوسوم المرجعية: Body Care، Body Oil، Dry Skin.,https://alfouadpharmacies.com/en/products/vaseline-body-gel-oil-soothing-hydration-200ml,AlFouad Pharmacies,Verify usage rights before commercial publication,غير مثبت,غير مثبت,مرجعي فقط — غير معتمد للنشر التجاري,بيانات مرجعية متاحة؛ يلزم تحقق PM,ضمن الفحص المبدئي
10569722429743,eva-natural-glow-roll-on-60ml-powder-soft,إيفا رول أون ناتشورال جلو 60 مل، مسحوق ناعم,AlFouad Pharmacies,العناية بالبشرة,العناية بالبشرة | العناية بالجسم,2,بسيط,8743,100,30,70,,متاح لدى المصدر,https://cdn.shopify.com/s/files/1/0935/9550/0847/files/Eva-Natural-Glow-Roll-On-60ml-Powder-Soft.webp?v=1754299185,منتج إيفا رول أون ناتشورال جلو 60 مل، مسحوق ناعم من AlFouad Pharmacies. التصنيف المرجعي: العناية بالبشرة — بسيط. الوسوم المرجعية: Body Care، Body Concerns، Deodrant، Even Skin Tone / Pigmentation.,https://alfouadpharmacies.com/en/products/eva-natural-glow-roll-on-60ml-powder-soft,AlFouad Pharmacies,Verify usage rights before commercial publication,غير مثبت,غير مثبت,مرجعي فقط — غير معتمد للنشر التجاري,بيانات مرجعية متاحة؛ يلزم تحقق PM,ضمن الفحص المبدئي
10569720955183,starville-roll-on-60ml-whitening-hair-reducer,ستارفيل رول أون مزيل شعر تفتيح 60 مل,parkville,العناية بالبشرة,العناية بالبشرة | العناية بالجسم,2,بسيط,102147,180,54,126,,متاح لدى المصدر,https://cdn.shopify.com/s/files/1/0935/9550/0847/files/Starville-Roll-On-60ml-Whitening-Hair-Reducer.webp?v=1754299212,منتج ستارفيل رول أون مزيل شعر تفتيح 60 مل من parkville. التصنيف المرجعي: العناية بالبشرة — بسيط. الوسوم المرجعية: Body Care، Body Concerns، Deodrant، Even Skin Tone / Pigmentation، starville.,https://alfouadpharmacies.com/en/products/starville-roll-on-60ml-whitening-hair-reducer,AlFouad Pharmacies,Verify usage rights before commercial publication,غير مثبت,غير مثبت,مرجعي فقط — غير معتمد للنشر التجاري,بيانات مرجعية متاحة؛ يلزم تحقق PM,ضمن الفحص المبدئي
12689810063663,glamylab-anti-wrinkles-q10-gel-50gm,جل غلأملايب المضاد للتجاعيد Q10، 50 غرام,Glamy Lab,العناية بالبشرة,العناية بالبشرة,1,بسيط,103454,450,135,315,,متاح لدى المصدر,https://cdn.shopify.com/s/files/1/0935/9550/0847/files/GlamyLab_Anti_Wrinkle_Gel_1615x1615_c5acffcf-472f-4920-919d-c0dbb621e3a1.webp?v=1771841109,منتج جل غلأملايب المضاد للتجاعيد Q10، 50 غرام من Glamy Lab. التصنيف المرجعي: العناية بالبشرة — بسيط. الوسوم المرجعية: Fine Lines & Wrinkles، glamylab، Skin Care، Skin Concerns، Treatment Cream، Treatments.,https://alfouadpharmacies.com/en/products/glamylab-anti-wrinkles-q10-gel-50gm,AlFouad Pharmacies,Verify usage rights before commercial publication,غير مثبت,غير مثبت,مرجعي فقط — غير معتمد للنشر التجاري,بيانات مرجعية متاحة؛ يلزم تحقق PM,ضمن الفحص المبدئي
12689809899823,bobai-sport-sunscreen-spf50-spray-200ml,بخاخ واقي شمس بوباي سبورت SPF50+ 200 مل,Bobai,العناية بالبشرة,العناية بالبشرة,1,بسيط,5330,385,115.5,269.5,,متاح لدى المصدر,https://cdn.shopify.com/s/files/1/0935/9550/0847/files/bobai_sport_spray_sunscreen_1615x1615_e7e28a9f-42b8-4e47-9590-a1c3d2909586.webp?v=1790844660,منتج بخاخ واقي شمس بوباي سبورت SPF50+ 200 مل من Bobai. التصنيف المرجعي: العناية بالبشرة — بسيط. الوسوم المرجعية: bobai، Skin Care، Skin Concerns، SPF 50، Sun Care، Sunscreen، Sunscreen Spray.,https://alfouadpharmacies.com/en/products/bobai-sport-sunscreen-spf50-spray-200ml,AlFouad Pharmacies,Verify usage rights before commercial publication,غير مثبت,غير مثبت,مرجعي فقط — غير معتمد للنشر التجاري,بيانات مرجعية متاحة؛ يلزم تحقق PM,ضمن الفحص المبدئي
12689809703215,starville-acne-facial-cleanser-200ml-150-on-2nd-off,غسول الوجه لعلاج حب الشباب من ستارفيل، 200 مل، 1+50، عند شراء الثاني يتم خصم 50%.,parkville,العناية بالبشرة,العناية بالبشرة,1,بسيط,80072,210,63,147,,متاح لدى المصدر,https://cdn.shopify.com/s/files/1/0935/9550/0847/files/StarvilleAcneFacialCleanser200ml1_50On2ndOff.webp?v=1771838945,منتج غسول الوجه لعلاج حب الشباب من ستارفيل، 200 مل، 1+50، عند شراء الثاني يتم خصم 50%. من parkville. التصنيف المرجعي: العناية بالبشرة — بسيط. الوسوم المرجعية: Acne & Blemishes، Cleanser، Face Wash، Skin Care، Skin Concerns.,https://alfouadpharmacies.com/en/products/starville-acne-facial-cleanser-200ml-150-on-2nd-off,AlFouad Pharmacies,Verify usage rights before commercial publication,غير مثبت,غير مثبت,مرجعي فقط — غير معتمد للنشر التجاري,بيانات مرجعية متاحة؛ يلزم تحقق PM,ضمن الفحص المبدئي
12689809506607,bobai-sun-screen-haydrocare-tinted-gel-50ml,جل واقي من الشمس من بوباي هيدروكير، ملون، 50 مل,Bobai,العناية بالبشرة,العناية بالبشرة,1,بسيط,93014,350,105,245,,متاح لدى المصدر,https://cdn.shopify.com/s/files/1/0935/9550/0847/files/bobai-hydrocare-sunscreen-gel-tinted-spf-50-50gm-v16y-01674556880_1200x_7c08e8e4-503f-4a87-80f6-d093abe55194.webp?v=1778156143,منتج جل واقي من الشمس من بوباي هيدروكير، ملون، 50 مل من Bobai. التصنيف المرجعي: العناية بالبشرة — بسيط. الوسوم المرجعية: bobai، Skin Care، Skin Concerns، Sun Care، Sunscreen، Sunscreen Tinted.,https://alfouadpharmacies.com/en/products/bobai-sun-screen-haydrocare-tinted-gel-50ml,AlFouad Pharmacies,Verify usage rights before commercial publication,غير مثبت,غير مثبت,مرجعي فقط — غير معتمد للنشر التجاري,بيانات مرجعية متاحة؛ يلزم تحقق PM,ضمن الفحص المبدئي
12689809473839,dermactive-acti-solaire-ultra-fluid-ltint-spf50,ديرم اكتيف اكتي سولير، سائل خفيف للغاية مع لون طبيعي، عامل حماية من الشمس 50+,DERMACTIVE,العناية بالبشرة,العناية بالبشرة,1,بسيط,3386,289,86.7,202.3,,متاح لدى المصدر,https://cdn.shopify.com/s/files/1/0935/9550/0847/files/DERMACTIVE_ULTRA_FLUID_TINTED_FIXED_1615x1615_e5db8bbc-37e5-4f44-bebb-e8eedded3386.webp?v=1771503722,منتج ديرم اكتيف اكتي سولير، سائل خفيف للغاية مع لون طبيعي، عامل حماية من الشمس 50+ من DERMACTIVE. التصنيف المرجعي: العناية بالبشرة — بسيط. الوسوم المرجعية: Skin Care، Skin Concerns، SPF 50، Sun Care، Sunscreen، Sunscreen Fluid.,https://alfouadpharmacies.com/en/products/dermactive-acti-solaire-ultra-fluid-ltint-spf50,AlFouad Pharmacies,Verify usage rights before commercial publication,غير مثبت,غير مثبت,مرجعي فقط — غير معتمد للنشر التجاري,بيانات مرجعية متاحة؛ يلزم تحقق PM,ضمن الفحص المبدئي
12689809441071,starville-hyaluronic-acid-serum-30ml,مصل حمض الهيالورونيك من ستارفيل 30 مل,parkville,العناية بالبشرة,العناية بالبشرة,1,بسيط,108636,320,96,224,,متاح لدى المصدر,https://cdn.shopify.com/s/files/1/0935/9550/0847/files/StarvilleHyaluronicAcidSerum30ml.webp?v=1771839022,منتج مصل حمض الهيالورونيك من ستارفيل 30 مل من parkville. التصنيف المرجعي: العناية بالبشرة — بسيط. الوسوم المرجعية: Dryness، Serums، Skin Care، Skin Concerns، Treatments.,https://alfouadpharmacies.com/en/products/starville-hyaluronic-acid-serum-30ml,AlFouad Pharmacies,Verify usage rights before commercial publication,غير مثبت,غير مثبت,مرجعي فقط — غير معتمد للنشر التجاري,بيانات مرجعية متاحة؛ يلزم تحقق PM,ضمن الفحص المبدئي
12689803051311,bobai-after-sun-gel-200gm,جل بوباي بعد التعرض للشمس 200 جرام,Bobai,العناية بالبشرة,العناية بالبشرة,1,بسيط,104151,250,75,175,,متاح لدى المصدر,https://cdn.shopify.com/s/files/1/0935/9550/0847/files/612rRzmSWOL._AC_SY879.webp?v=1790495984,منتج جل بوباي بعد التعرض للشمس 200 جرام من Bobai. التصنيف المرجعي: العناية بالبشرة — بسيط. الوسوم المرجعية: After Sun، bobai، Skin Care، Skin Concerns، Sun Care، Sunscreen.,https://alfouadpharmacies.com/en/products/bobai-after-sun-gel-200gm,AlFouad Pharmacies,Verify usage rights before commercial publication,غير مثبت,غير مثبت,مرجعي فقط — غير معتمد للنشر التجاري,بيانات مرجعية متاحة؛ يلزم تحقق PM,ضمن الفحص المبدئي
12689797939503,alejon-oily-skin-cream-50ml,كريم أليجون للبشرة الدهنية 50 مل,ALEJON,العناية بالبشرة,العناية بالبشرة,1,بسيط,20852,230,69,161,,متاح لدى المصدر,https://cdn.shopify.com/s/files/1/0935/9550/0847/files/alejon_oily_skin_cream_ecommerce.webp?v=1771832318,منتج كريم أليجون للبشرة الدهنية 50 مل من ALEJON. التصنيف المرجعي: العناية بالبشرة — بسيط. الوسوم المرجعية: Acne & Blemishes، Oily Skin، Skin Care، Skin Concerns، Treatment Cream، Treatments.,https://alfouadpharmacies.com/en/products/alejon-oily-skin-cream-50ml,AlFouad Pharmacies,Verify usage rights before commercial publication,غير مثبت,غير مثبت,مرجعي فقط — غير معتمد للنشر التجاري,بيانات مرجعية متاحة؛ يلزم تحقق PM,ضمن الفحص المبدئي
12689797873967,eva-acne-prone-skin-corrective-care-20ml,إيفا للعناية بالبشرة المعرضة لحب الشباب 20 مل,AlFouad Pharmacies,العناية بالبشرة,العناية بالبشرة,1,بسيط,1484,130,39,91,,متاح لدى المصدر,https://cdn.shopify.com/s/files/1/0935/9550/0847/files/wP2mVsdjqnauOTvpZvjQDL942s8W2JgVgctsDUKt_2f7ad23e-3666-43cb-ac33-0ad0328865fa.webp?v=1771843375,منتج إيفا للعناية بالبشرة المعرضة لحب الشباب 20 مل من AlFouad Pharmacies. التصنيف المرجعي: العناية بالبشرة — بسيط. الوسوم المرجعية: Acne & Blemishes، Skin Care، Skin Concerns، Treatment Cream، Treatments.,https://alfouadpharmacies.com/en/products/eva-acne-prone-skin-corrective-care-20ml,AlFouad Pharmacies,Verify usage rights before commercial publication,غير مثبت,غير مثبت,مرجعي فقط — غير معتمد للنشر التجاري,بيانات مرجعية متاحة؛ يلزم تحقق PM,ضمن الفحص المبدئي
12689796202799,eva-collagen-3d-fine-facial-wash-150ml,غسول الوجه المجدد للبشرة من إيفا كولاجين ثلاثي الأبعاد 150 مل,AlFouad Pharmacies,العناية بالبشرة,العناية بالبشرة,1,بسيط,12446,125,37.5,87.5,,متاح لدى المصدر,https://cdn.shopify.com/s/files/1/0935/9550/0847/files/EvaSkinClinicCollagenFacialWash150ml-ZYNAH.webp?v=1771843646,منتج غسول الوجه المجدد للبشرة من إيفا كولاجين ثلاثي الأبعاد 150 مل من AlFouad Pharmacies. التصنيف المرجعي: العناية بالبشرة — بسيط. الوسوم المرجعية: Cleanser، Face Wash، Fine Lines & Wrinkles، Skin Care، Skin Concerns.,https://alfouadpharmacies.com/en/products/eva-collagen-3d-fine-facial-wash-150ml,AlFouad Pharmacies,Verify usage rights before commercial publication,غير مثبت,غير مثبت,مرجعي فقط — غير معتمد للنشر التجاري,بيانات مرجعية متاحة؛ يلزم تحقق PM,ضمن الفحص المبدئي
12689796038959,infinity-retinol-b3-serum-30ml,مصل الريتينول بي 3 إنفينيتي 30 مل,Infinity,العناية بالبشرة,العناية بالبشرة,1,بسيط,7218,450,135,315,,متاح لدى المصدر,https://cdn.shopify.com/s/files/1/0935/9550/0847/files/Infinity_Retinol_B3_Web_1615x1615_ce5a050a-24d4-4614-8fa9-36c77487b0a5.webp?v=1771928330,منتج مصل الريتينول بي 3 إنفينيتي 30 مل من Infinity. التصنيف المرجعي: العناية بالبشرة — بسيط. الوسوم المرجعية: Fine Lines & Wrinkles، Serums، Skin Care، Skin Concerns، Treatments.,https://alfouadpharmacies.com/en/products/infinity-retinol-b3-serum-30ml,AlFouad Pharmacies,Verify usage rights before commercial publication,غير مثبت,غير مثبت,مرجعي فقط — غير معتمد للنشر التجاري,بيانات مرجعية متاحة؛ يلزم تحقق PM,ضمن الفحص المبدئي
12689794892079,starville-acne-prone-skin-gel-30gm,جل ستارفيل للبشرة المعرضة لحب الشباب 30 جرام,parkville,العناية بالبشرة,العناية بالبشرة,1,بسيط,11619,120,36,84,,متاح لدى المصدر,https://cdn.shopify.com/s/files/1/0935/9550/0847/files/StarvilleAcneProneSkinGel30gm.webp?v=1771839454,منتج جل ستارفيل للبشرة المعرضة لحب الشباب 30 جرام من parkville. التصنيف المرجعي: العناية بالبشرة — بسيط. الوسوم المرجعية: Skin Care، starville، Treatment Cream، Treatments.,https://alfouadpharmacies.com/en/products/starville-acne-prone-skin-gel-30gm,AlFouad Pharmacies,Verify usage rights before commercial publication,غير مثبت,غير مثبت,مرجعي فقط — غير معتمد للنشر التجاري,بيانات مرجعية متاحة؛ يلزم تحقق PM,ضمن الفحص المبدئي
12689781752111,eva-skin-cream-55gm-glycerin,كريم إيفا للبشرة 55 جم (الجلسرين),AlFouad Pharmacies,العناية بالبشرة,العناية بالبشرة,1,بسيط,12439,30,9,21,,متاح لدى المصدر,https://cdn.shopify.com/s/files/1/0935/9550/0847/files/1_e0d0e71a-275d-414d-9760-68e35e4db408.webp?v=1771844486,منتج كريم إيفا للبشرة 55 جم (الجلسرين) من AlFouad Pharmacies. التصنيف المرجعي: العناية بالبشرة — بسيط. الوسوم المرجعية: Moisturizer Cream، Moisturizers، Skin Care.,https://alfouadpharmacies.com/en/products/eva-skin-cream-55gm-glycerin,AlFouad Pharmacies,Verify usage rights before commercial publication,غير مثبت,غير مثبت,مرجعي فقط — غير معتمد للنشر التجاري,بيانات مرجعية متاحة؛ يلزم تحقق PM,ضمن الفحص المبدئي
12689781424431,eva-skin-care-watermelon-lip-balm-4gm,بلسم شفاه من إيفا للعناية بالبشرة بنكهة البطيخ 4 غرام,AlFouad Pharmacies,العناية بالبشرة,العناية بالبشرة,1,بسيط,10587,70,21,49,,متاح لدى المصدر,https://cdn.shopify.com/s/files/1/0935/9550/0847/files/714IZVYA-HL._AC_UF894_1000_QL80.webp?v=1771844502,منتج بلسم شفاه من إيفا للعناية بالبشرة بنكهة البطيخ 4 غرام من AlFouad Pharmacies. التصنيف المرجعي: العناية بالبشرة — بسيط. الوسوم المرجعية: Eye & Lip، Lip، Lip Balm، Skin Care.,https://alfouadpharmacies.com/en/products/eva-skin-care-watermelon-lip-balm-4gm,AlFouad Pharmacies,Verify usage rights before commercial publication,غير مثبت,غير مثبت,مرجعي فقط — غير معتمد للنشر التجاري,بيانات مرجعية متاحة؛ يلزم تحقق PM,ضمن الفحص المبدئي
12689756750127,beesline-lip-care-4gm-flavour-free,بيزلين للعناية بالشفاه 4 غرام بدون نكهة,Beesline,العناية بالبشرة,العناية بالبشرة,1,بسيط,95955,175,52.5,122.5,,متاح لدى المصدر,https://cdn.shopify.com/s/files/1/0935/9550/0847/files/BEESLINE_LIPCARE_1615x1615_a6546b77-e5c3-46ac-9a5e-56cdbad228e0.webp?v=1771855546,منتج بيزلين للعناية بالشفاه 4 غرام بدون نكهة من Beesline. التصنيف المرجعي: العناية بالبشرة — بسيط. الوسوم المرجعية: Dryness، Eye & Lip، Lip، Lip Balm، Skin Care، Skin Concerns.,https://alfouadpharmacies.com/en/products/beesline-lip-care-4gm-flavour-free,AlFouad Pharmacies,Verify usage rights before commercial publication,غير مثبت,غير مثبت,مرجعي فقط — غير معتمد للنشر التجاري,بيانات مرجعية متاحة؛ يلزم تحقق PM,ضمن الفحص المبدئي
12689667227951,nivea-soft-moisturizing-craem-50ml-offer,عرض كريم نيفيا سوفت المرطب 50 مل,AlFouad Pharmacies,العناية بالبشرة,العناية بالبشرة | العناية بالجسم,2,بسيط,83780,35,10.5,24.5,,متاح لدى المصدر,https://cdn.shopify.com/s/files/1/0935/9550/0847/files/Nivea_Soft_Cream_Jojoba_100ml_PureWhite_1615x1615_d6fe766d-1db8-4205-90ee-c65a311843b0.webp?v=1772283602,منتج عرض كريم نيفيا سوفت المرطب 50 مل من AlFouad Pharmacies. التصنيف المرجعي: العناية بالبشرة — بسيط. الوسوم المرجعية: Body Care، Body Concerns، Dry Skin body concerns، Moisturizer Cream، Moisturizers، Skin Care.,https://alfouadpharmacies.com/en/products/nivea-soft-moisturizing-craem-50ml-offer,AlFouad Pharmacies,Verify usage rights before commercial publication,غير مثبت,غير مثبت,مرجعي فقط — غير معتمد للنشر التجاري,بيانات مرجعية متاحة؛ يلزم تحقق PM,ضمن الفحص المبدئي
12689588814127,flourish-cleansing-balm-100gm,فلوريش بلسم تنظيف البشرة ١٠٠ جم,flourish,العناية بالبشرة,العناية بالبشرة,1,مزيل للمكياج,112926,370,111,259,,متاح لدى المصدر,https://cdn.shopify.com/s/files/1/0935/9550/0847/files/Flourish_CleansingBalm_PureWhite_1615x1615_338ea2c4-212f-4c7d-a2b1-e7cb08e3a6fc.webp?v=1772204860,منتج فلوريش بلسم تنظيف البشرة ١٠٠ جم من flourish. التصنيف المرجعي: العناية بالبشرة — مزيل للمكياج. الوسوم المرجعية: Eye & Lip، Lip، Lip Balm، Makeup Removers، Skin Care.,https://alfouadpharmacies.com/en/products/flourish-cleansing-balm-100gm,AlFouad Pharmacies,Verify usage rights before commercial publication,غير مثبت,غير مثبت,مرجعي فقط — غير معتمد للنشر التجاري,بيانات مرجعية متاحة؛ يلزم تحقق PM,ضمن الفحص المبدئي
12689553981743,anua-peach-70-niacin-serum-30ml,أنوا بيتش 70 + مصل النياسين 30 مل ,korean product,العناية بالبشرة,العناية بالبشرة | الجمال الكوري,2,,113898,1800,540,1260,,متاح لدى المصدر,https://cdn.shopify.com/s/files/1/0935/9550/0847/files/anua_peach70_ecommerce_standard.webp?v=1771830077,منتج أنوا بيتش 70 + مصل النياسين 30 مل  من korean product. التصنيف المرجعي: العناية بالبشرة. الوسوم المرجعية: Dark Spots، korean product، Serums، Skin Care.,https://alfouadpharmacies.com/en/products/anua-peach-70-niacin-serum-30ml,AlFouad Pharmacies,Verify usage rights before commercial publication,غير مثبت,غير مثبت,مرجعي فقط — غير معتمد للنشر التجاري,بيانات مرجعية متاحة؛ يلزم تحقق PM,ضمن الفحص المبدئي
12689553850671,axis-y-dark-spot-correcting-glow-serum-50ml,سيروم أكسيس واي لتصحيح البقع الداكنة وإضفاء النضارة 50 مل ,korean product,العناية بالبشرة,العناية بالبشرة | الجمال الكوري,2,,113901,1224,367.2,856.8,,متاح لدى المصدر,https://cdn.shopify.com/s/files/1/0935/9550/0847/files/axisy_darkspot_ecommerce_standard.webp?v=1771831480,منتج سيروم أكسيس واي لتصحيح البقع الداكنة وإضفاء النضارة 50 مل  من korean product. التصنيف المرجعي: العناية بالبشرة. الوسوم المرجعية: Dark Spots، Even Skin Tone، korean product، Serums، Skin Care، Treatments.,https://alfouadpharmacies.com/en/products/axis-y-dark-spot-correcting-glow-serum-50ml,AlFouad Pharmacies,Verify usage rights before commercial publication,غير مثبت,غير مثبت,مرجعي فقط — غير معتمد للنشر التجاري,بيانات مرجعية متاحة؛ يلزم تحقق PM,ضمن الفحص المبدئي
12689553522991,medicube-triple-collagen-serum-30ml,سيروم ميديكيوب ثلاثي الكولاجين 30 مل ,korean product,العناية بالبشرة,العناية بالبشرة | الجمال الكوري,2,,113895,1656,496.8,1159.2,,متاح لدى المصدر,https://cdn.shopify.com/s/files/1/0935/9550/0847/files/medicube_triple_collagen_serum_ecommerce_standard.webp?v=1771833332,منتج سيروم ميديكيوب ثلاثي الكولاجين 30 مل  من korean product. التصنيف المرجعي: العناية بالبشرة. الوسوم المرجعية: Anti-Aging، Dry Skin، Fine Lines & Wrinkles، korean product، Serums، Skin Care.,https://alfouadpharmacies.com/en/products/medicube-triple-collagen-serum-30ml,AlFouad Pharmacies,Verify usage rights before commercial publication,غير مثبت,غير مثبت,مرجعي فقط — غير معتمد للنشر التجاري,بيانات مرجعية متاحة؛ يلزم تحقق PM,ضمن الفحص المبدئي
12689552343343,dear-hydration-moisturizing-cream-200ml,كريم دير هايدريشن المرطب 200 مل ,DEAR,العناية بالبشرة,العناية بالبشرة,1,,113445,500,150,350,,متاح لدى المصدر,https://cdn.shopify.com/s/files/1/0935/9550/0847/files/Dear_Moisturizing_Cream_200gm_ECOM.webp?v=1771922491,منتج كريم دير هايدريشن المرطب 200 مل  من DEAR. التصنيف المرجعي: العناية بالبشرة. الوسوم المرجعية: Dry Skin، Moisturizer Cream، Moisturizers، Skin Care.,https://alfouadpharmacies.com/en/products/dear-hydration-moisturizing-cream-200ml,AlFouad Pharmacies,Verify usage rights before commercial publication,غير مثبت,غير مثبت,مرجعي فقط — غير معتمد للنشر التجاري,بيانات مرجعية متاحة؛ يلزم تحقق PM,ضمن الفحص المبدئي
12689552277807,dear-facial-cleanser-400ml,غسول الوجه دير 400 مل ,DEAR,العناية بالبشرة,العناية بالبشرة,1,,113446,650,195,455,,متاح لدى المصدر,https://cdn.shopify.com/s/files/1/0935/9550/0847/files/Dear_Facial_Cleanser_400ml_ECOM.webp?v=1771922765,منتج غسول الوجه دير 400 مل  من DEAR. التصنيف المرجعي: العناية بالبشرة. الوسوم المرجعية: Acne & Blemishes، Cleanser، Face Wash، Oily Skin، Pores، Skin Care.,https://alfouadpharmacies.com/en/products/dear-facial-cleanser-400ml,AlFouad Pharmacies,Verify usage rights before commercial publication,غير مثبت,غير مثبت,مرجعي فقط — غير معتمد للنشر التجاري,بيانات مرجعية متاحة؛ يلزم تحقق PM,ضمن الفحص المبدئي
12689540645167,natavis-vitamin-c-cleanser-180ml,غسول ناتافيس بفيتامين سي 180 مل,AlFouad Pharmacies,العناية بالبشرة,العناية بالبشرة,1,,13679,295,88.5,206.5,,متاح لدى المصدر,https://cdn.shopify.com/s/files/1/0935/9550/0847/files/Natavis_Vitamin_C_Cleanser_Pump_180ml_1615x1615_a6acd04b-bb8e-44c4-8950-4fbd8a5aff2d.webp?v=1772106705,منتج غسول ناتافيس بفيتامين سي 180 مل من AlFouad Pharmacies. التصنيف المرجعي: العناية بالبشرة. الوسوم المرجعية: Even Skin Tone، Even Skin Tone / Pigmentation، Face Wash، Skin Care.,https://alfouadpharmacies.com/en/products/natavis-vitamin-c-cleanser-180ml,AlFouad Pharmacies,Verify usage rights before commercial publication,غير مثبت,غير مثبت,مرجعي فقط — غير معتمد للنشر التجاري,بيانات مرجعية متاحة؛ يلزم تحقق PM,ضمن الفحص المبدئي
12689540481327,natavis-ultra-hydrate-serum-30ml,سيروم ناتافيس فائق الترطيب 30 مل,AlFouad Pharmacies,العناية بالبشرة,العناية بالبشرة,1,,13724,390,117,273,,غير متاح لدى المصدر,https://cdn.shopify.com/s/files/1/0935/9550/0847/files/Natavis_Ultra_Hydrate_Serum_30ml_1615x1615_f1af480e-98e3-4af6-9194-fe450d5f3277.webp?v=1772107720,منتج سيروم ناتافيس فائق الترطيب 30 مل من AlFouad Pharmacies. التصنيف المرجعي: العناية بالبشرة. الوسوم المرجعية: Dehydrated Skin، Fine Lines & Wrinkles، Moisturizers، Serums، Skin Care.,https://alfouadpharmacies.com/en/products/natavis-ultra-hydrate-serum-30ml,AlFouad Pharmacies,Verify usage rights before commercial publication,غير مثبت,غير مثبت,مرجعي فقط — غير معتمد للنشر التجاري,بيانات مرجعية متاحة؛ يلزم تحقق PM,ضمن الفحص المبدئي
12689540415791,natavis-vitamin-c-serum-30ml,سيروم فيتامين سي من ناتافيس 30 مل,AlFouad Pharmacies,العناية بالبشرة,العناية بالبشرة,1,,13729,565,169.5,395.5,,غير متاح لدى المصدر,https://cdn.shopify.com/s/files/1/0935/9550/0847/files/Natavis_Vitamin_C_Serum_30ml_1615x1615_ecf0c44e-c056-43c0-a747-1c919f530f51.webp?v=1772107953,منتج سيروم فيتامين سي من ناتافيس 30 مل من AlFouad Pharmacies. التصنيف المرجعي: العناية بالبشرة. الوسوم المرجعية: Dark Spots، Even Skin Tone، Serums، Skin Care.,https://alfouadpharmacies.com/en/products/natavis-vitamin-c-serum-30ml,AlFouad Pharmacies,Verify usage rights before commercial publication,غير مثبت,غير مثبت,مرجعي فقط — غير معتمد للنشر التجاري,بيانات مرجعية متاحة؛ يلزم تحقق PM,ضمن الفحص المبدئي
10589383065903,vacation-sunscreen-gel-spf50-60ml-1,جل واقي من الشمس لقضاء العطلات SPF50+ 60 مل,vacation sun,العناية بالبشرة,العناية بالبشرة,1,,112490,450,135,315,,غير متاح لدى المصدر,https://cdn.shopify.com/s/files/1/0935/9550/0847/files/VacationSunscreenGelSPF50_60ML_11zon.webp?v=1790502652,منتج جل واقي من الشمس لقضاء العطلات SPF50+ 60 مل من vacation sun. التصنيف المرجعي: العناية بالبشرة. الوسوم المرجعية: Oily Skin، Skin Care، Sun Care، Sun Gel.,https://alfouadpharmacies.com/en/products/vacation-sunscreen-gel-spf50-60ml-1,AlFouad Pharmacies,Verify usage rights before commercial publication,غير مثبت,غير مثبت,مرجعي فقط — غير معتمد للنشر التجاري,بيانات مرجعية متاحة؛ يلزم تحقق PM,ضمن الفحص المبدئي
10572100960559,larel-dermosoft-whitening-cream-200ml,كريم لاريل ديرموسوفت للتفتيح 200 مل,AlFouad Pharmacies,العناية بالبشرة,العناية بالبشرة,1,بسيط,112382,1145,343.5,801.5,,متاح لدى المصدر,https://cdn.shopify.com/s/files/1/0935/9550/0847/files/DERMOSOFT-_E2_80_93-Krem-rozjasniajacy.webp?v=1754297011,منتج كريم لاريل ديرموسوفت للتفتيح 200 مل من AlFouad Pharmacies. التصنيف المرجعي: العناية بالبشرة — بسيط. الوسوم المرجعية: Creams، Dark Spots، Even Skin Tone، Moisturizers، Skin Care، Skin Concerns، Whitining Cream.,https://alfouadpharmacies.com/en/products/larel-dermosoft-whitening-cream-200ml,AlFouad Pharmacies,Verify usage rights before commercial publication,غير مثبت,غير مثبت,مرجعي فقط — غير معتمد للنشر التجاري,بيانات مرجعية متاحة؛ يلزم تحقق PM,ضمن الفحص المبدئي
10570013311279,raw-african-cotton-candy-exfoliating-lip-polish-30g,مقشر شفاه من القطن الخام الأفريقي، 30 غرام,RAW AFRICAN,العناية بالبشرة,العناية بالبشرة,1,بسيط,32801,110,33,77,,متاح لدى المصدر,https://cdn.shopify.com/s/files/1/0935/9550/0847/files/Raw-African-Cotton-Candy-Exfoliating-Lip-Polish-30G.webp?v=1754297034,منتج مقشر شفاه من القطن الخام الأفريقي، 30 غرام من RAW AFRICAN. التصنيف المرجعي: العناية بالبشرة — بسيط. الوسوم المرجعية: Eye & Lip، Lip، Lip Scrub، Skin Care.,https://alfouadpharmacies.com/en/products/raw-african-cotton-candy-exfoliating-lip-polish-30g,AlFouad Pharmacies,Verify usage rights before commercial publication,غير مثبت,غير مثبت,مرجعي فقط — غير معتمد للنشر التجاري,بيانات مرجعية متاحة؛ يلزم تحقق PM,ضمن الفحص المبدئي
10569938501935,tetra-glow-sunscreen-lotion-spf50-100ml,لوشن واقي من الشمس تريتا جلو SPF50+ 100 مل,Tetra Glow,العناية بالبشرة,العناية بالبشرة,1,بسيط,1531,400,120,280,,متاح لدى المصدر,https://cdn.shopify.com/s/files/1/0935/9550/0847/files/Tetra-Glow-Sunscreen-Lotion-SPF50-100ML.webp?v=1754297763,منتج لوشن واقي من الشمس تريتا جلو SPF50+ 100 مل من Tetra Glow. التصنيف المرجعي: العناية بالبشرة — بسيط. الوسوم المرجعية: Dark Circles & Puffiness، Even Skin Tone، Skin Care، Skin Concerns، SPF 50، Sun Care، Sunscreen، Sunscreen Lotion.,https://alfouadpharmacies.com/en/products/tetra-glow-sunscreen-lotion-spf50-100ml,AlFouad Pharmacies,Verify usage rights before commercial publication,غير مثبت,غير مثبت,مرجعي فقط — غير معتمد للنشر التجاري,بيانات مرجعية متاحة؛ يلزم تحقق PM,ضمن الفحص المبدئي
10569933422895,tetra-glow-day-care-faceampneck-cream-50gm,كريم تترّا جلو للعناية بالوجه والرقبة ليلاً ونهاراً 50 جم,Tetra Glow,العناية بالبشرة,العناية بالبشرة,1,بسيط,99204,350,105,245,,متاح لدى المصدر,https://cdn.shopify.com/s/files/1/0935/9550/0847/files/Tetra-Glow-Day-Care-FaceNeck-Cream-50G.webp?v=1754297772,منتج كريم تترّا جلو للعناية بالوجه والرقبة ليلاً ونهاراً 50 جم من Tetra Glow. التصنيف المرجعي: العناية بالبشرة — بسيط. الوسوم المرجعية: Dark Spots، Day Cream، Even Skin Tone، Moisturizers، Skin Care، Skin Concerns، Whitining Cream.,https://alfouadpharmacies.com/en/products/tetra-glow-day-care-faceampneck-cream-50gm,AlFouad Pharmacies,Verify usage rights before commercial publication,غير مثبت,غير مثبت,مرجعي فقط — غير معتمد للنشر التجاري,بيانات مرجعية متاحة؛ يلزم تحقق PM,ضمن الفحص المبدئي
10569930604847,disaar-vitamin-c-facial-wash-100ml,غسول الوجه بفيتامين سي من ديسار 100 مل,AlFouad Pharmacies,العناية بالبشرة,العناية بالبشرة,1,بسيط,112473,180,54,126,,متاح لدى المصدر,https://cdn.shopify.com/s/files/1/0935/9550/0847/files/Disaar-Vitamin-C-Facial-Wash-100ML.webp?v=1754297792,منتج غسول الوجه بفيتامين سي من ديسار 100 مل من AlFouad Pharmacies. التصنيف المرجعي: العناية بالبشرة — بسيط. الوسوم المرجعية: Cleanser، Dehydrated Skin، Fine Lines & Wrinkles، Skin Care، Skin Concerns.,https://alfouadpharmacies.com/en/products/disaar-vitamin-c-facial-wash-100ml,AlFouad Pharmacies,Verify usage rights before commercial publication,غير مثبت,غير مثبت,مرجعي فقط — غير معتمد للنشر التجاري,بيانات مرجعية متاحة؛ يلزم تحقق PM,ضمن الفحص المبدئي
10569915662639,nivea-visage-gentle-150ml-cream-wash-drysen,نيفيا فيساج غسول كريم لطيف 150 مل (للبشرة الجافة/الحساسة),AlFouad Pharmacies,العناية بالبشرة,العناية بالبشرة,1,بسيط,88946,270,81,189,,غير متاح لدى المصدر,https://cdn.shopify.com/s/files/1/0935/9550/0847/files/Nivea-Visage-Gentle-150ML-Cream-Wash-DrySen.webp?v=1754297950,منتج نيفيا فيساج غسول كريم لطيف 150 مل (للبشرة الجافة/الحساسة) من AlFouad Pharmacies. التصنيف المرجعي: العناية بالبشرة — بسيط. الوسوم المرجعية: Cleanser، Dry Skin، Face Wash، Skin Care، Skin Concerns.,https://alfouadpharmacies.com/en/products/nivea-visage-gentle-150ml-cream-wash-drysen,AlFouad Pharmacies,Verify usage rights before commercial publication,غير مثبت,غير مثبت,مرجعي فقط — غير معتمد للنشر التجاري,بيانات مرجعية متاحة؛ يلزم تحقق PM,ضمن الفحص المبدئي
10569915498799,nivea-soft-moisturizing-cream-300ml,كريم نيفيا سوفت المرطب 300 مل,AlFouad Pharmacies,العناية بالبشرة,العناية بالبشرة | العناية بالجسم,2,بسيط,80668,170,51,119,,متاح لدى المصدر,https://cdn.shopify.com/s/files/1/0935/9550/0847/files/Nivea-Soft-Moisturizing-Cream-300ML.webp?v=1754297952,منتج كريم نيفيا سوفت المرطب 300 مل من AlFouad Pharmacies. التصنيف المرجعي: العناية بالبشرة — بسيط. الوسوم المرجعية: Body Care، Body Concerns، Dry Skin body concerns، Moisturizer Cream، Moisturizers، Skin Care.,https://alfouadpharmacies.com/en/products/nivea-soft-moisturizing-cream-300ml,AlFouad Pharmacies,Verify usage rights before commercial publication,غير مثبت,غير مثبت,مرجعي فقط — غير معتمد للنشر التجاري,بيانات مرجعية متاحة؛ يلزم تحقق PM,ضمن الفحص المبدئي
10569914581295,nivea-soft-cream-50ml-cocoa-butter,نيفيا كريم سوفت 50 مل زبدة الكاكاو,AlFouad Pharmacies,العناية بالبشرة,العناية بالبشرة | العناية بالجسم,2,بسيط,107795,45,13.5,31.5,,متاح لدى المصدر,https://cdn.shopify.com/s/files/1/0935/9550/0847/files/Nivea-Soft-Cream-50ML-Cocoa-Butter.webp?v=1754297956,منتج نيفيا كريم سوفت 50 مل زبدة الكاكاو من AlFouad Pharmacies. التصنيف المرجعي: العناية بالبشرة — بسيط. الوسوم المرجعية: Body Care، Body Concerns، Dry Skin body concerns، Moisturizer Cream، Moisturizers، Skin Care.,https://alfouadpharmacies.com/en/products/nivea-soft-cream-50ml-cocoa-butter,AlFouad Pharmacies,Verify usage rights before commercial publication,غير مثبت,غير مثبت,مرجعي فقط — غير معتمد للنشر التجاري,بيانات مرجعية متاحة؛ يلزم تحقق PM,ضمن الفحص المبدئي
10569910714671,nivea-micellar-water-rose-water-400ml,ماء نيڤيا الميسيلار، ماء الورد، 400 مل,AlFouad Pharmacies,العناية بالبشرة,العناية بالبشرة,1,بسيط,89939,320,96,224,,متاح لدى المصدر,https://cdn.shopify.com/s/files/1/0935/9550/0847/files/Nivea-Micellar-Water-Rose-Water-400ML.webp?v=1754297998,منتج ماء نيڤيا الميسيلار، ماء الورد، 400 مل من AlFouad Pharmacies. التصنيف المرجعي: العناية بالبشرة — بسيط. الوسوم المرجعية: Cleanser، Makeup Removers، Skin Care.,https://alfouadpharmacies.com/en/products/nivea-micellar-water-rose-water-400ml,AlFouad Pharmacies,Verify usage rights before commercial publication,غير مثبت,غير مثبت,مرجعي فقط — غير معتمد للنشر التجاري,بيانات مرجعية متاحة؛ يلزم تحقق PM,ضمن الفحص المبدئي
10569910681903,nivea-micellar-water-rose-care-100ml,ماء ميسيلار نيڤيا للعناية بالبشرة الحساسة 100 مل,AlFouad Pharmacies,العناية بالبشرة,العناية بالبشرة,1,بسيط,5356,100,30,70,,غير متاح لدى المصدر,https://cdn.shopify.com/s/files/1/0935/9550/0847/files/Nivea-Micellar-Water-Rose-Care-100ML.webp?v=1754297998,منتج ماء ميسيلار نيڤيا للعناية بالبشرة الحساسة 100 مل من AlFouad Pharmacies. التصنيف المرجعي: العناية بالبشرة — بسيط. الوسوم المرجعية: Cleanser، Makeup Removers، Skin Care.,https://alfouadpharmacies.com/en/products/nivea-micellar-water-rose-care-100ml,AlFouad Pharmacies,Verify usage rights before commercial publication,غير مثبت,غير مثبت,مرجعي فقط — غير معتمد للنشر التجاري,بيانات مرجعية متاحة؛ يلزم تحقق PM,ضمن الفحص المبدئي
10569907700015,nivea-cream-blue-60ml,نيفيا كريم أزرق 60 مل,AlFouad Pharmacies,العناية بالبشرة,العناية بالبشرة | العناية بالجسم,2,بسيط,7043,80.5,24.15,56.35,,متاح لدى المصدر,https://cdn.shopify.com/s/files/1/0935/9550/0847/files/Nivea-Cream-Blue-60ML.webp?v=1754298043,منتج نيفيا كريم أزرق 60 مل من AlFouad Pharmacies. التصنيف المرجعي: العناية بالبشرة — بسيط. الوسوم المرجعية: Body Care، Body Concerns، Body Cream، Dry Skin body concerns، Skin Care.,https://alfouadpharmacies.com/en/products/nivea-cream-blue-60ml,AlFouad Pharmacies,Verify usage rights before commercial publication,غير مثبت,غير مثبت,مرجعي فقط — غير معتمد للنشر التجاري,بيانات مرجعية متاحة؛ يلزم تحقق PM,ضمن الفحص المبدئي
10569907601711,nivea-cream-blue-30ml,نيفيا كريم أزرق 30 مل,AlFouad Pharmacies,العناية بالبشرة,العناية بالبشرة | العناية بالجسم,2,بسيط,7051,46,13.8,32.2,,متاح لدى المصدر,https://cdn.shopify.com/s/files/1/0935/9550/0847/files/Nivea-Cream-Blue-30ML.webp?v=1754298044,منتج نيفيا كريم أزرق 30 مل من AlFouad Pharmacies. التصنيف المرجعي: العناية بالبشرة — بسيط. الوسوم المرجعية: Body Care، Body Concerns، Body Cream، Dry Skin body concerns، Skin Care.,https://alfouadpharmacies.com/en/products/nivea-cream-blue-30ml,AlFouad Pharmacies,Verify usage rights before commercial publication,غير مثبت,غير مثبت,مرجعي فقط — غير معتمد للنشر التجاري,بيانات مرجعية متاحة؛ يلزم تحقق PM,ضمن الفحص المبدئي
10569906192687,luna-glycerin-twist-berries-soap-100gm,صابون لونا الغليسيرين بنكهة التوت الحلزوني 100 غرام,AlFouad Pharmacies,العناية بالبشرة,العناية بالبشرة,1,بسيط,104637,42,12.6,29.4,,غير متاح لدى المصدر,https://cdn.shopify.com/s/files/1/0935/9550/0847/files/Luna-Glycerin-Twist-Berries-Soap-100GM.webp?v=1754298060,منتج صابون لونا الغليسيرين بنكهة التوت الحلزوني 100 غرام من AlFouad Pharmacies. التصنيف المرجعي: العناية بالبشرة — بسيط. الوسوم المرجعية: Cleanser، Dryness، Face Wash، Skin Care، Skin Concerns.,https://alfouadpharmacies.com/en/products/luna-glycerin-twist-berries-soap-100gm,AlFouad Pharmacies,Verify usage rights before commercial publication,غير مثبت,غير مثبت,مرجعي فقط — غير معتمد للنشر التجاري,بيانات مرجعية متاحة؛ يلزم تحقق PM,ضمن الفحص المبدئي
10569904226607,loreal-hyaluron-expert-gel-wash-200ml,جل غسيل الوجه هاليورون إكسبيرت من لوريال 200 مل,LOREAL PCD,العناية بالبشرة,العناية بالبشرة,1,بسيط,97504,350,105,245,,متاح لدى المصدر,https://cdn.shopify.com/s/files/1/0935/9550/0847/files/Loreal-Hyaluron-Expert-Gel-Wash-200ML.webp?v=1754298079,منتج جل غسيل الوجه هاليورون إكسبيرت من لوريال 200 مل من LOREAL PCD. التصنيف المرجعي: العناية بالبشرة — بسيط. الوسوم المرجعية: Cleanser، Dehydrated Skin، Face Wash، Skin Care، Skin Concerns.,https://alfouadpharmacies.com/en/products/loreal-hyaluron-expert-gel-wash-200ml,AlFouad Pharmacies,Verify usage rights before commercial publication,غير مثبت,غير مثبت,مرجعي فقط — غير معتمد للنشر التجاري,بيانات مرجعية متاحة؛ يلزم تحقق PM,ضمن الفحص المبدئي
10569898787119,neutrogena-hydra-boost-micellar-water-400ml,ماء ميسيلار نيتروجينا هيدرا بوست 400 مل,Neutrogena,العناية بالبشرة,العناية بالبشرة,1,بسيط,107162,305,91.5,213.5,,متاح لدى المصدر,https://cdn.shopify.com/s/files/1/0935/9550/0847/files/Neutrogena-Hydra-Boost-Micellar-Water-400ML.webp?v=1754298157,منتج ماء ميسيلار نيتروجينا هيدرا بوست 400 مل من Neutrogena. التصنيف المرجعي: العناية بالبشرة — بسيط. الوسوم المرجعية: Cleanser، Dryness، Makeup Removers، Skin Care، Skin Concerns.,https://alfouadpharmacies.com/en/products/neutrogena-hydra-boost-micellar-water-400ml,AlFouad Pharmacies,Verify usage rights before commercial publication,غير مثبت,غير مثبت,مرجعي فقط — غير معتمد للنشر التجاري,بيانات مرجعية متاحة؛ يلزم تحقق PM,ضمن الفحص المبدئي
10569898557743,neutrogena-fresh-clear-200ml-pink-facial-wash,غسول الوجه روزي من نيتروجينا، منظف الوجه الفعال، 200 مل,Neutrogena,العناية بالبشرة,العناية بالبشرة,1,بسيط,96048,415,124.5,290.5,,متاح لدى المصدر,https://cdn.shopify.com/s/files/1/0935/9550/0847/files/Neutrogena-Fresh-Clear-200ML-Pink-Facial-Wash.webp?v=1754298160,منتج غسول الوجه روزي من نيتروجينا، منظف الوجه الفعال، 200 مل من Neutrogena. التصنيف المرجعي: العناية بالبشرة — بسيط. الوسوم المرجعية: Cleanser، Dryness، Face Wash، Skin Care، Skin Concerns.,https://alfouadpharmacies.com/en/products/neutrogena-fresh-clear-200ml-pink-facial-wash,AlFouad Pharmacies,Verify usage rights before commercial publication,غير مثبت,غير مثبت,مرجعي فقط — غير معتمد للنشر التجاري,بيانات مرجعية متاحة؛ يلزم تحقق PM,ضمن الفحص المبدئي
10569898131759,natures-bounty-venos-green-tea-cream-300ml-1263,كريم الشاي الأخضر فينيوس من نيتشرز باونتي 300 مل 1263,AlFouad Pharmacies,العناية بالبشرة,العناية بالبشرة,1,بسيط,9330,190,57,133,,متاح لدى المصدر,https://cdn.shopify.com/s/files/1/0935/9550/0847/files/Natures-Bounty-Venos-Green-Tea-Cream-300ML-1263.webp?v=1754298164,منتج كريم الشاي الأخضر فينيوس من نيتشرز باونتي 300 مل 1263 من AlFouad Pharmacies. التصنيف المرجعي: العناية بالبشرة — بسيط. الوسوم المرجعية: Dry Skin، Moisturizer Cream، Moisturizers، Skin Care، Skin Concerns.,https://alfouadpharmacies.com/en/products/natures-bounty-venos-green-tea-cream-300ml-1263,AlFouad Pharmacies,Verify usage rights before commercial publication,غير مثبت,غير مثبت,مرجعي فقط — غير معتمد للنشر التجاري,بيانات مرجعية متاحة؛ يلزم تحقق PM,ضمن الفحص المبدئي
10569898098991,natures-bounty-venos-dead-sea-mud-mask-300ml-1324,قناع الطين من بحر الموت من نيتشرز باونتي فيينوس 300 مل 1324,AlFouad Pharmacies,العناية بالبشرة,العناية بالبشرة,1,بسيط,9337,190,57,133,,غير متاح لدى المصدر,https://cdn.shopify.com/s/files/1/0935/9550/0847/files/Natures-Bounty-Venos-Dead-Sea-Mud-Mask-300ML-1324.webp?v=1754298165,منتج قناع الطين من بحر الموت من نيتشرز باونتي فيينوس 300 مل 1324 من AlFouad Pharmacies. التصنيف المرجعي: العناية بالبشرة — بسيط. الوسوم المرجعية: Acne & Blemishes، Face Mask، Skin Care، Skin Concerns، Treatments.,https://alfouadpharmacies.com/en/products/natures-bounty-venos-dead-sea-mud-mask-300ml-1324,AlFouad Pharmacies,Verify usage rights before commercial publication,غير مثبت,غير مثبت,مرجعي فقط — غير معتمد للنشر التجاري,بيانات مرجعية متاحة؛ يلزم تحقق PM,ضمن الفحص المبدئي
10569897312559,labello-disney-lip-orginal,لابيلو ديزني لوشن الأصلي للشفاه,AlFouad Pharmacies,العناية بالبشرة,العناية بالبشرة,1,بسيط,96643,120,36,84,,غير متاح لدى المصدر,https://cdn.shopify.com/s/files/1/0935/9550/0847/files/Labello_Disney_Mickey_1615x1615_14920f61-d47d-4bc5-8c51-12a5d8667fa3.webp?v=1772275312,منتج لابيلو ديزني لوشن الأصلي للشفاه من AlFouad Pharmacies. التصنيف المرجعي: العناية بالبشرة — بسيط. الوسوم المرجعية: Dryness، Eye & Lip، Lip، Lip Balm، Skin Care، Skin Concerns.,https://alfouadpharmacies.com/en/products/labello-disney-lip-orginal,AlFouad Pharmacies,Verify usage rights before commercial publication,غير مثبت,غير مثبت,مرجعي فقط — غير معتمد للنشر التجاري,بيانات مرجعية متاحة؛ يلزم تحقق PM,ضمن الفحص المبدئي
10569891479855,garnier-micell-vit-c-clean-water-400ml,ماء غارنييه الميسيلار لتنظيف البشرة مع فيتامين سي 400 مل,GARNIER,العناية بالبشرة,العناية بالبشرة,1,بسيط,14190,350,105,245,,متاح لدى المصدر,https://cdn.shopify.com/s/files/1/0935/9550/0847/files/Garnier-Micell-Vit-C-Clean-Water-400ML.webp?v=1754298255,منتج ماء غارنييه الميسيلار لتنظيف البشرة مع فيتامين سي 400 مل من GARNIER. التصنيف المرجعي: العناية بالبشرة — بسيط. الوسوم المرجعية: Cleanser، Makeup Removers، Skin Care.,https://alfouadpharmacies.com/en/products/garnier-micell-vit-c-clean-water-400ml,AlFouad Pharmacies,Verify usage rights before commercial publication,غير مثبت,غير مثبت,مرجعي فقط — غير معتمد للنشر التجاري,بيانات مرجعية متاحة؛ يلزم تحقق PM,ضمن الفحص المبدئي
10569890627887,garnier-fast-fairness-face-wash-50ml,غسول الوجه لتفتيح البشرة بسرعة من جالفار، 50 مل,GARNIER,العناية بالبشرة,العناية بالبشرة,1,بسيط,5516,85,25.5,59.5,,متاح لدى المصدر,https://cdn.shopify.com/s/files/1/0935/9550/0847/files/Garnier-Fast-Fairness-Face-Wash-50ML.webp?v=1754298258,منتج غسول الوجه لتفتيح البشرة بسرعة من جالفار، 50 مل من GARNIER. التصنيف المرجعي: العناية بالبشرة — بسيط. الوسوم المرجعية: Cleanser، Dark Spots، Face Wash، Skin Care، Skin Concerns.,https://alfouadpharmacies.com/en/products/garnier-fast-fairness-face-wash-50ml,AlFouad Pharmacies,Verify usage rights before commercial publication,غير مثبت,غير مثبت,مرجعي فقط — غير معتمد للنشر التجاري,بيانات مرجعية متاحة؛ يلزم تحقق PM,ضمن الفحص المبدئي
10569890464047,garnier-fast-fairness-cream-25ml,كريم غارنييه لتفتيح البشرة السريع 25 مل,GARNIER,العناية بالبشرة,العناية بالبشرة,1,بسيط,5444,85,25.5,59.5,,متاح لدى المصدر,https://cdn.shopify.com/s/files/1/0935/9550/0847/files/Garnier-Fast-Fairness-Cream-25ML.webp?v=1754298261,منتج كريم غارنييه لتفتيح البشرة السريع 25 مل من GARNIER. التصنيف المرجعي: العناية بالبشرة — بسيط. الوسوم المرجعية: Dark Spots، Moisturizers، Skin Care، Skin Concerns، Whitining Cream.,https://alfouadpharmacies.com/en/products/garnier-fast-fairness-cream-25ml,AlFouad Pharmacies,Verify usage rights before commercial publication,غير مثبت,غير مثبت,مرجعي فقط — غير معتمد للنشر التجاري,بيانات مرجعية متاحة؛ يلزم تحقق PM,ضمن الفحص المبدئي
10569890431279,garnier-fast-clear-daily-face-scrub-wash-50ml,غسول تنظيف الوجه اليومي من جارفير، منظف سريع، 50 مل,GARNIER,العناية بالبشرة,العناية بالبشرة,1,بسيط,10422,100,30,70,,متاح لدى المصدر,https://cdn.shopify.com/s/files/1/0935/9550/0847/files/Garnier-Fast-Clear-Daily-Face-Scrub-Wash-50ML.webp?v=1754298261,منتج غسول تنظيف الوجه اليومي من جارفير، منظف سريع، 50 مل من GARNIER. التصنيف المرجعي: العناية بالبشرة — بسيط. الوسوم المرجعية: Acne & Blemishes، Cleanser، Face Scrub، Skin Care، Skin Concerns.,https://alfouadpharmacies.com/en/products/garnier-fast-clear-daily-face-scrub-wash-50ml,AlFouad Pharmacies,Verify usage rights before commercial publication,غير مثبت,غير مثبت,مرجعي فقط — غير معتمد للنشر التجاري,بيانات مرجعية متاحة؛ يلزم تحقق PM,ضمن الفحص المبدئي
10569864610095,fair-amp-lovely-40ml-multi-vitamins,فير آند لوفلي 40 ملليتر متعدد الفيتامينات,AlFouad Pharmacies,العناية بالبشرة,العناية بالبشرة,1,بسيط,89208,42,12.6,29.4,,متاح لدى المصدر,https://cdn.shopify.com/s/files/1/0935/9550/0847/files/Fair-Lovely-40-ml-Multi-Vitamins.webp?v=1754298300,منتج فير آند لوفلي 40 ملليتر متعدد الفيتامينات من AlFouad Pharmacies. التصنيف المرجعي: العناية بالبشرة — بسيط. الوسوم المرجعية: Dark Spots، Moisturizers، Skin Care، Skin Concerns، Whitining Cream.,https://alfouadpharmacies.com/en/products/fair-amp-lovely-40ml-multi-vitamins,AlFouad Pharmacies,Verify usage rights before commercial publication,غير مثبت,غير مثبت,مرجعي فقط — غير معتمد للنشر التجاري,بيانات مرجعية متاحة؛ يلزم تحقق PM,ضمن الفحص المبدئي
10569841508655,banana-boat-deep-tanning-oil-236ml,زيت التسمير العميق من بانانا بوت 236 مل,AlFouad Pharmacies,العناية بالبشرة,العناية بالبشرة,1,بسيط,15286,890,267,623,,متاح لدى المصدر,https://cdn.shopify.com/s/files/1/0935/9550/0847/files/Banana-Boat-Deep-Tanning-Oil-236ML.webp?v=1754298509,منتج زيت التسمير العميق من بانانا بوت 236 مل من AlFouad Pharmacies. التصنيف المرجعي: العناية بالبشرة — بسيط. الوسوم المرجعية: Skin Care، Sun Tan، Sunscreen.,https://alfouadpharmacies.com/en/products/banana-boat-deep-tanning-oil-236ml,AlFouad Pharmacies,Verify usage rights before commercial publication,غير مثبت,غير مثبت,مرجعي فقط — غير معتمد للنشر التجاري,بيانات مرجعية متاحة؛ يلزم تحقق PM,ضمن الفحص المبدئي
10569832071471,the-ordinary-lactic-10-30ml,ذا أورديناري لاكتيك 10 30 مل,The Ordinary,العناية بالبشرة,العناية بالبشرة,1,سيرم ,17523,1599,479.7,1119.3,0,متاح لدى المصدر,https://cdn.shopify.com/s/files/1/0935/9550/0847/files/1_-_2026-07-06T163603.903.webp?v=1783344993,منتج ذا أورديناري لاكتيك 10 30 مل من The Ordinary. التصنيف المرجعي: العناية بالبشرة — سيرم . الوسوم المرجعية: Dark Spots، Dry Skin، Even Skin Tone، Fine Lines & Wrinkles، Serums، Skin Care، Skin Concerns، Treatments.,https://alfouadpharmacies.com/en/products/the-ordinary-lactic-10-30ml,AlFouad Pharmacies,Verify usage rights before commercial publication,غير مثبت,غير مثبت,مرجعي فقط — غير معتمد للنشر التجاري,بيانات مرجعية متاحة؛ يلزم تحقق PM,ضمن الفحص المبدئي
10569819455791,cote-bronzage-tanning-oil-spf-15-strawberry-jam-300ml,زيت تسمير البشرة كوت برونزاغ، حماية شمسية 15، بنكهة مربى الفراولة، 300 مل.,AlFouad Pharmacies,العناية بالبشرة,العناية بالبشرة | العناية بالجسم,2,بسيط,1795,375,112.5,262.5,,غير متاح لدى المصدر,https://cdn.shopify.com/s/files/1/0935/9550/0847/files/Cote-Bronzage-Tanning-Oil-Spf-15-Strawberry-Jam-300ml.webp?v=1754298666,منتج زيت تسمير البشرة كوت برونزاغ، حماية شمسية 15، بنكهة مربى الفراولة، 300 مل. من AlFouad Pharmacies. التصنيف المرجعي: العناية بالبشرة — بسيط. الوسوم المرجعية: Body Care، Skin Care، Skin Concerns، Sun Care، Sun Tan، Sunscreen، Tanning Oil.,https://alfouadpharmacies.com/en/products/cote-bronzage-tanning-oil-spf-15-strawberry-jam-300ml,AlFouad Pharmacies,Verify usage rights before commercial publication,غير مثبت,غير مثبت,مرجعي فقط — غير معتمد للنشر التجاري,بيانات مرجعية متاحة؛ يلزم تحقق PM,ضمن الفحص المبدئي
10569819160879,cote-bronzage-tanning-oil-spf-0-coconut-300ml,زيت تسمير البشرة كوت برونزاغ، بدون حماية من الشمس، جوز الهند، 300 مل,AlFouad Pharmacies,العناية بالبشرة,العناية بالبشرة | العناية بالجسم,2,بسيط,1622,375,112.5,262.5,,غير متاح لدى المصدر,https://cdn.shopify.com/s/files/1/0935/9550/0847/files/Cote-Bronzage-Tanning-Oil-Spf-0-Coconut-300ml.webp?v=1754298668,منتج زيت تسمير البشرة كوت برونزاغ، بدون حماية من الشمس، جوز الهند، 300 مل من AlFouad Pharmacies. التصنيف المرجعي: العناية بالبشرة — بسيط. الوسوم المرجعية: Body Care، Skin Care، Skin Concerns، Sun Care، Sun Tan، Sunscreen، Tanning Oil.,https://alfouadpharmacies.com/en/products/cote-bronzage-tanning-oil-spf-0-coconut-300ml,AlFouad Pharmacies,Verify usage rights before commercial publication,غير مثبت,غير مثبت,مرجعي فقط — غير معتمد للنشر التجاري,بيانات مرجعية متاحة؛ يلزم تحقق PM,ضمن الفحص المبدئي
10569819095343,cote-bronzage-tanning-oil-spf-0-cacao-300ml,زيت تسمير البشرة كوت برونزاغ، بدون حماية من الشمس، بنكهة الكاكاو، 300 مل.,AlFouad Pharmacies,العناية بالبشرة,العناية بالبشرة | العناية بالجسم,2,بسيط,1614,375,112.5,262.5,,غير متاح لدى المصدر,https://cdn.shopify.com/s/files/1/0935/9550/0847/files/Cote-Bronzage-Tanning-Oil-Spf-0-Cacao-300ml.webp?v=1754298668,منتج زيت تسمير البشرة كوت برونزاغ، بدون حماية من الشمس، بنكهة الكاكاو، 300 مل. من AlFouad Pharmacies. التصنيف المرجعي: العناية بالبشرة — بسيط. الوسوم المرجعية: Body Care، Skin Care، Skin Concerns، Sun Care، Sun Tan، Sunscreen، Tanning Oil.,https://alfouadpharmacies.com/en/products/cote-bronzage-tanning-oil-spf-0-cacao-300ml,AlFouad Pharmacies,Verify usage rights before commercial publication,غير مثبت,غير مثبت,مرجعي فقط — غير معتمد للنشر التجاري,بيانات مرجعية متاحة؛ يلزم تحقق PM,ضمن الفحص المبدئي
10569803792687,uriage-bariesun-cream-spf50-50-ml,كريم بريسون من يورياج، حماية من الشمس بدرجة 50+، 50 مل,URIAGE Bariesun,العناية بالبشرة,العناية بالبشرة,1,بسيط,7658,999,299.7,699.3,,متاح لدى المصدر,https://cdn.shopify.com/s/files/1/0935/9550/0847/files/Uriage_Bariesun_Cream_SPF50_50_ml_hand_model.webp?v=1790666822,منتج كريم بريسون من يورياج، حماية من الشمس بدرجة 50+، 50 مل من URIAGE Bariesun. التصنيف المرجعي: العناية بالبشرة — بسيط. الوسوم المرجعية: Skin Care، Skin Concerns، SPF 50، Sun Care، Sunscreen، Sunscreen Cream.,https://alfouadpharmacies.com/en/products/uriage-bariesun-cream-spf50-50-ml,AlFouad Pharmacies,Verify usage rights before commercial publication,غير مثبت,غير مثبت,مرجعي فقط — غير معتمد للنشر التجاري,بيانات مرجعية متاحة؛ يلزم تحقق PM,ضمن الفحص المبدئي
10569803694383,uriage-bariederm-barrier-lip-balm-levers15-ml,يورياج باريديرم سيكا ليبس بلسم مرمم وواقي للشفاه 15 مل,URIAGE,العناية بالبشرة,العناية بالبشرة,1,مرطب شفاه ,89530,679,203.7,475.3,,متاح لدى المصدر,https://cdn.shopify.com/s/files/1/0935/9550/0847/files/Group_1_85.webp?v=1782205209,منتج يورياج باريديرم سيكا ليبس بلسم مرمم وواقي للشفاه 15 مل من URIAGE. التصنيف المرجعي: العناية بالبشرة — مرطب شفاه . الوسوم المرجعية: Dryness، Eye & Lip، Lip، Lip Balm، Skin Care، Skin Concerns.,https://alfouadpharmacies.com/en/products/uriage-bariederm-barrier-lip-balm-levers15-ml,AlFouad Pharmacies,Verify usage rights before commercial publication,غير مثبت,غير مثبت,مرجعي فقط — غير معتمد للنشر التجاري,بيانات مرجعية متاحة؛ يلزم تحقق PM,ضمن الفحص المبدئي
10569803432239,uriage-age-lift-peel-night-cream-50ml,كريم يورياج ليفت بييل ليلى المضاد للشيخوخة 50 مل,URIAGE,العناية بالبشرة,العناية بالبشرة,1,مضاد للتجاعيد ,8699,1499,449.7,1049.3,,متاح لدى المصدر,https://cdn.shopify.com/s/files/1/0935/9550/0847/files/Group_1_copy_50.webp?v=1782201595,منتج كريم يورياج ليفت بييل ليلى المضاد للشيخوخة 50 مل من URIAGE. التصنيف المرجعي: العناية بالبشرة — مضاد للتجاعيد . الوسوم المرجعية: Anti-Aging، Anti-aging Cream، Fine Lines & Wrinkles، Moisturizers، Night Creams، Skin Care، Skin Concerns.,https://alfouadpharmacies.com/en/products/uriage-age-lift-peel-night-cream-50ml,AlFouad Pharmacies,Verify usage rights before commercial publication,غير مثبت,غير مثبت,مرجعي فقط — غير معتمد للنشر التجاري,بيانات مرجعية متاحة؛ يلزم تحقق PM,ضمن الفحص المبدئي
10569801040175,matriskin-cr7-cream-75ml,كريم ماتريسكن سي آر/7 75 مل,AlFouad Pharmacies,العناية بالبشرة,العناية بالبشرة,1,بسيط,108917,699,209.7,489.3,,متاح لدى المصدر,https://cdn.shopify.com/s/files/1/0935/9550/0847/files/Matriskin-Cr7-Cream-75ML_11zon.webp?v=1790502882,منتج كريم ماتريسكن سي آر/7 75 مل من AlFouad Pharmacies. التصنيف المرجعي: العناية بالبشرة — بسيط. الوسوم المرجعية: Dullness، Moisturizer Cream، Moisturizers، Sensitive Skin / Redness، Skin Care، Skin Concerns.,https://alfouadpharmacies.com/en/products/matriskin-cr7-cream-75ml,AlFouad Pharmacies,Verify usage rights before commercial publication,غير مثبت,غير مثبت,مرجعي فقط — غير معتمد للنشر التجاري,بيانات مرجعية متاحة؛ يلزم تحقق PM,ضمن الفحص المبدئي
10569735373103,sebium-exfoliating-purifying-gel-100ml,جل تنظيف وتجديد البشرة سيبام 100 مل,AlFouad Pharmacies,العناية بالبشرة,العناية بالبشرة,1,بسيط,97278,650,195,455,,غير متاح لدى المصدر,https://cdn.shopify.com/s/files/1/0935/9550/0847/files/Sebium-Exfoliating-Purifying-Gel-100ML.webp?v=1754298985,منتج جل تنظيف وتجديد البشرة سيبام 100 مل من AlFouad Pharmacies. التصنيف المرجعي: العناية بالبشرة — بسيط. الوسوم المرجعية: Acne & Blemishes، Cleanser، Exfoliators، Oily Skin، Skin Care، Skin Concerns.,https://alfouadpharmacies.com/en/products/sebium-exfoliating-purifying-gel-100ml,AlFouad Pharmacies,Verify usage rights before commercial publication,غير مثبت,غير مثبت,مرجعي فقط — غير معتمد للنشر التجاري,بيانات مرجعية متاحة؛ يلزم تحقق PM,ضمن الفحص المبدئي
10569733177647,acm-medisun-cream-tinted-spf50-40ml,إيه سي إم ميديسن كريم ملون واقي شمس SPF50+ – 40 مل,ACM,العناية بالبشرة,العناية بالبشرة,1,واقي شمس,14885,535,160.5,374.5,,غير متاح لدى المصدر,https://cdn.shopify.com/s/files/1/0935/9550/0847/files/ACM_Medisun_Gel_SPF50_40_ml_d387ab47-0d3a-44f0-9a21-94809f3bb7b7.webp?v=1790490914,منتج إيه سي إم ميديسن كريم ملون واقي شمس SPF50+ – 40 مل من ACM. التصنيف المرجعي: العناية بالبشرة — واقي شمس. الوسوم المرجعية: Even Skin Tone، Skin Care، Skin Concerns، Sun Care، Sunscreen، Sunscreen Tinted.,https://alfouadpharmacies.com/en/products/acm-medisun-cream-tinted-spf50-40ml,AlFouad Pharmacies,Verify usage rights before commercial publication,غير مثبت,غير مثبت,مرجعي فقط — غير معتمد للنشر التجاري,بيانات مرجعية متاحة؛ يلزم تحقق PM,ضمن الفحص المبدئي
10569725378863,dermatique-concealer-natural-medium-10ml,خافي عيوب ديرماتيك (لون طبيعي متوسط) 10 مل,AlFouad Pharmacies,العناية بالبشرة,العناية بالبشرة,1,بسيط,7531,500,150,350,,غير متاح لدى المصدر,https://cdn.shopify.com/s/files/1/0935/9550/0847/files/Dermatique-Concealer-Natural-Medium-10ml.webp?v=1754299147,منتج خافي عيوب ديرماتيك (لون طبيعي متوسط) 10 مل من AlFouad Pharmacies. التصنيف المرجعي: العناية بالبشرة — بسيط. الوسوم المرجعية: Beauty & Accessories، Concellar، Dark Circles & Puffiness، Makeup، Skin Care، Skin Concerns.,https://alfouadpharmacies.com/en/products/dermatique-concealer-natural-medium-10ml,AlFouad Pharmacies,Verify usage rights before commercial publication,غير مثبت,غير مثبت,مرجعي فقط — غير معتمد للنشر التجاري,بيانات مرجعية متاحة؛ يلزم تحقق PM,ضمن الفحص المبدئي
10569716957487,eva-skin-cream-170gm-yogh-cucumber,كريم إيفا للبشرة 170 جم (زبادي وخيار),AlFouad Pharmacies,العناية بالبشرة,العناية بالبشرة,1,بسيط,84061,60,18,42,,متاح لدى المصدر,https://cdn.shopify.com/s/files/1/0935/9550/0847/files/Eva-Skin-Cream-170gm-Yogh-Cucumber.webp?v=1754299258,منتج كريم إيفا للبشرة 170 جم (زبادي وخيار) من AlFouad Pharmacies. التصنيف المرجعي: العناية بالبشرة — بسيط. الوسوم المرجعية: Moisturizer Cream، Moisturizers، Skin Care.,https://alfouadpharmacies.com/en/products/eva-skin-cream-170gm-yogh-cucumber,AlFouad Pharmacies,Verify usage rights before commercial publication,غير مثبت,غير مثبت,مرجعي فقط — غير معتمد للنشر التجاري,بيانات مرجعية متاحة؛ يلزم تحقق PM,ضمن الفحص المبدئي
10569716695343,eva-b-white-facial-scrub-whitening-100ml,مقشر الوجه لتفتيح البشرة إيفا بي وايت 100 مل,AlFouad Pharmacies,العناية بالبشرة,العناية بالبشرة,1,بسيط,12481,40,12,28,,غير متاح لدى المصدر,https://cdn.shopify.com/s/files/1/0935/9550/0847/files/Eva-B-White-Facial-Scrub-Whitening-100ml.webp?v=1754299262,منتج مقشر الوجه لتفتيح البشرة إيفا بي وايت 100 مل من AlFouad Pharmacies. التصنيف المرجعي: العناية بالبشرة — بسيط. الوسوم المرجعية: Cleanser، Face Scrub، Skin Care.,https://alfouadpharmacies.com/en/products/eva-b-white-facial-scrub-whitening-100ml,AlFouad Pharmacies,Verify usage rights before commercial publication,غير مثبت,غير مثبت,مرجعي فقط — غير معتمد للنشر التجاري,بيانات مرجعية متاحة؛ يلزم تحقق PM,ضمن الفحص المبدئي
10569716334895,eva-natural-glow-facial-wash-normal-to-dry-100ml,غسول الوجه إيفا ناتشورال جلو للبشرة العادية والجافة 100 مل,AlFouad Pharmacies,العناية بالبشرة,العناية بالبشرة,1,بسيط,6044,65,19.5,45.5,,متاح لدى المصدر,https://cdn.shopify.com/s/files/1/0935/9550/0847/files/Eva-Natural-Glow-Facial-Wash-Normal-To-Dry-100ml.webp?v=1754299267,منتج غسول الوجه إيفا ناتشورال جلو للبشرة العادية والجافة 100 مل من AlFouad Pharmacies. التصنيف المرجعي: العناية بالبشرة — بسيط. الوسوم المرجعية: Cleanser، Face Wash، Skin Care.,https://alfouadpharmacies.com/en/products/eva-natural-glow-facial-wash-normal-to-dry-100ml,AlFouad Pharmacies,Verify usage rights before commercial publication,غير مثبت,غير مثبت,مرجعي فقط — غير معتمد للنشر التجاري,بيانات مرجعية متاحة؛ يلزم تحقق PM,ضمن الفحص المبدئي
10569716039983,dermactive-acti-glow-radiance-booster-micfoam-150ml,ديرم اكتيف اكتي-جلو مزيد إشراقة رغوي منظف 150 مل,DERMACTIVE,العناية بالبشرة,العناية بالبشرة,1,بسيط,30414,209,62.7,146.3,,متاح لدى المصدر,https://cdn.shopify.com/s/files/1/0935/9550/0847/files/Dermactive-Acti-Glow-Radiance-Booster-Mic.Foam-150ml.webp?v=1754299273,منتج ديرم اكتيف اكتي-جلو مزيد إشراقة رغوي منظف 150 مل من DERMACTIVE. التصنيف المرجعي: العناية بالبشرة — بسيط. الوسوم المرجعية: Cleanser، Face Wash، Skin Care.,https://alfouadpharmacies.com/en/products/dermactive-acti-glow-radiance-booster-micfoam-150ml,AlFouad Pharmacies,Verify usage rights before commercial publication,غير مثبت,غير مثبت,مرجعي فقط — غير معتمد للنشر التجاري,بيانات مرجعية متاحة؛ يلزم تحقق PM,ضمن الفحص المبدئي
10569715712303,dermactive-acti-glow-day-cream-spf30-50ml,كريم ديرم اكتيف اكتي-جلو النهاري SPF30+ 50 مل,DERMACTIVE,العناية بالبشرة,العناية بالبشرة,1,بسيط,20830,349,104.7,244.3,,متاح لدى المصدر,https://cdn.shopify.com/s/files/1/0935/9550/0847/files/Dermactive-Acti-Glow-Day-Cream-SPF30-50ml.webp?v=1754299278,منتج كريم ديرم اكتيف اكتي-جلو النهاري SPF30+ 50 مل من DERMACTIVE. التصنيف المرجعي: العناية بالبشرة — بسيط. الوسوم المرجعية: Day Cream، Moisturizers، Skin Care.,https://alfouadpharmacies.com/en/products/dermactive-acti-glow-day-cream-spf30-50ml,AlFouad Pharmacies,Verify usage rights before commercial publication,غير مثبت,غير مثبت,مرجعي فقط — غير معتمد للنشر التجاري,بيانات مرجعية متاحة؛ يلزم تحقق PM,ضمن الفحص المبدئي
10569714860335,eva-facial-wash-150ml-milk-proteins-all-skin,غسول الوجه إيفا 150 مل بروتينات الحليب (لجميع أنواع البشرة),AlFouad Pharmacies,العناية بالبشرة,العناية بالبشرة,1,بسيط,19771,70,21,49,,متاح لدى المصدر,https://cdn.shopify.com/s/files/1/0935/9550/0847/files/Eva-Facial-Wash-150ml-Milk-Proteins-All-Skin.webp?v=1754299297,منتج غسول الوجه إيفا 150 مل بروتينات الحليب (لجميع أنواع البشرة) من AlFouad Pharmacies. التصنيف المرجعي: العناية بالبشرة — بسيط. الوسوم المرجعية: Cleanser، Dryness، Face Wash، Skin Care، Skin Concerns.,https://alfouadpharmacies.com/en/products/eva-facial-wash-150ml-milk-proteins-all-skin,AlFouad Pharmacies,Verify usage rights before commercial publication,غير مثبت,غير مثبت,مرجعي فقط — غير معتمد للنشر التجاري,بيانات مرجعية متاحة؛ يلزم تحقق PM,ضمن الفحص المبدئي
16141549732143,رول-أون-مزيل-عرق-ومرمم-سيكا-من-سورالون-50-مل,رول أون مزيل عرق ومرمم سيكا من سورالون 50 مل,Soralone,العناية بالبشرة,العناية بالبشرة,1,سيكا ,117748,195,58.5,136.5,,متاح لدى المصدر,https://cdn.shopify.com/s/files/1/0935/9550/0847/files/CicaRollon_1.webp?v=1787826522,منتج رول أون مزيل عرق ومرمم سيكا من سورالون 50 مل من Soralone. التصنيف المرجعي: العناية بالبشرة — سيكا . الوسوم المرجعية: CICA، Roll-on، Sensetive Skin، skin، Skin Care، Skin Concerns.,https://alfouadpharmacies.com/en/products/رول-أون-مزيل-عرق-ومرمم-سيكا-من-سورالون-50-مل,AlFouad Pharmacies,Verify usage rights before commercial publication,غير مثبت,غير مثبت,مرجعي فقط — غير معتمد للنشر التجاري,بيانات مرجعية متاحة؛ يلزم تحقق PM,ضمن الفحص المبدئي
16118625337647,تونر-ديرماسي-الحليبي-للبشرة-المعرضة-للحبوب-150-مل,تونر ديرماسي الحليبي للبشرة المعرضة للحبوب 150 مل,Dermacy,العناية بالبشرة,العناية بالبشرة,1,تونر,117290,390,117,273,,متاح لدى المصدر,https://cdn.shopify.com/s/files/1/0935/9550/0847/files/dermacy_acne_prone_milky_toner_1615.webp?v=1786262776,منتج تونر ديرماسي الحليبي للبشرة المعرضة للحبوب 150 مل من Dermacy. التصنيف المرجعي: العناية بالبشرة — تونر. الوسوم المرجعية: Dermacy، Oily Skin، Toners.,https://alfouadpharmacies.com/en/products/تونر-ديرماسي-الحليبي-للبشرة-المعرضة-للحبوب-150-مل,AlFouad Pharmacies,Verify usage rights before commercial publication,غير مثبت,غير مثبت,مرجعي فقط — غير معتمد للنشر التجاري,بيانات مرجعية متاحة؛ يلزم تحقق PM,ضمن الفحص المبدئي
16110579876143,غسول-فاكيشن-أكوا-ريبير-الحليبي-للوجه-200-مل,غسول فاكيشن أكوا ريبير الحليبي للوجه 200 مل,vacation,العناية بالبشرة,العناية بالبشرة,1,غسول,115592,295,88.5,206.5,,متاح لدى المصدر,https://cdn.shopify.com/s/files/1/0935/9550/0847/files/milky_cleanser.webp?v=1785836428,منتج غسول فاكيشن أكوا ريبير الحليبي للوجه 200 مل من vacation. التصنيف المرجعي: العناية بالبشرة — غسول. الوسوم المرجعية: DRY FOAM، Dry Skin، skin، Skin Care.,https://alfouadpharmacies.com/en/products/غسول-فاكيشن-أكوا-ريبير-الحليبي-للوجه-200-مل,AlFouad Pharmacies,Verify usage rights before commercial publication,غير مثبت,غير مثبت,مرجعي فقط — غير معتمد للنشر التجاري,بيانات مرجعية متاحة؛ يلزم تحقق PM,ضمن الفحص المبدئي
16098341814575,غسول-سكيني-فاي-بالهيالورونيك-أسيد,غسول سكيني فاي بالهيالورونيك أسيد ,SKINIFY,العناية بالبشرة,العناية بالبشرة,1,غسول,117063,490,147,343,,متاح لدى المصدر,https://cdn.shopify.com/s/files/1/0935/9550/0847/files/9_6f54d468-3b56-4cd1-940e-2c6350f1c47e.webp?v=1784531252,منتج غسول سكيني فاي بالهيالورونيك أسيد  من SKINIFY. التصنيف المرجعي: العناية بالبشرة — غسول. الوسوم المرجعية: Cleanser، HYALURONIC، Skin Care.,https://alfouadpharmacies.com/en/products/غسول-سكيني-فاي-بالهيالورونيك-أسيد,AlFouad Pharmacies,Verify usage rights before commercial publication,غير مثبت,غير مثبت,مرجعي فقط — غير معتمد للنشر التجاري,بيانات مرجعية متاحة؛ يلزم تحقق PM,ضمن الفحص المبدئي
16018920735023,lixora-sk-aromal-rejuvenating-foam-cleanser-200ml,ليكسورا SK غسول تجديد البشرة للوجه والرقبة 200 مل,LIXORA,العناية بالبشرة,العناية بالبشرة,1,غسول ,110361,299,89.7,209.3,,متاح لدى المصدر,https://cdn.shopify.com/s/files/1/0935/9550/0847/files/1_60.webp?v=1780998548,منتج ليكسورا SK غسول تجديد البشرة للوجه والرقبة 200 مل من LIXORA. التصنيف المرجعي: العناية بالبشرة — غسول . الوسوم المرجعية: Face Wash، Skin Care.,https://alfouadpharmacies.com/en/products/lixora-sk-aromal-rejuvenating-foam-cleanser-200ml,AlFouad Pharmacies,Verify usage rights before commercial publication,غير مثبت,غير مثبت,مرجعي فقط — غير معتمد للنشر التجاري,بيانات مرجعية متاحة؛ يلزم تحقق PM,ضمن الفحص المبدئي
16014232387887,bioderma-photoderm-xdefense-ultra-fluid-spf50-tint-04,بيوديرما فوتوديرم  تنت XDefense  04,Bioderma,العناية بالبشرة,العناية بالبشرة,1,sunscreen,116658,999,299.7,699.3,,متاح لدى المصدر,https://cdn.shopify.com/s/files/1/0935/9550/0847/files/196-4.webp?v=1780383369,منتج بيوديرما فوتوديرم  تنت XDefense  04 من Bioderma. التصنيف المرجعي: العناية بالبشرة — sunscreen. الوسوم المرجعية: bioderma، Skin Care، Sun Tan، sunblock، Sunscreen، Sunscreen Fluid، Sunscreen Tinted.,https://alfouadpharmacies.com/en/products/bioderma-photoderm-xdefense-ultra-fluid-spf50-tint-04,AlFouad Pharmacies,Verify usage rights before commercial publication,غير مثبت,غير مثبت,مرجعي فقط — غير معتمد للنشر التجاري,بيانات مرجعية متاحة؛ يلزم تحقق PM,ضمن الفحص المبدئي
12883406684463,anua-minis-serum-kit-3pcs-10ml,مجموعة أنوا سيروم ديسكفري تريو,korean product,العناية بالبشرة,العناية بالبشرة | الجمال الكوري,2,SERUM,115699,1950,585,1365,,متاح لدى المصدر,https://cdn.shopify.com/s/files/1/0935/9550/0847/files/1_-_2026-06-28T101918.571.webp?v=1782631354,منتج مجموعة أنوا سيروم ديسكفري تريو من korean product. التصنيف المرجعي: العناية بالبشرة — SERUM. الوسوم المرجعية: Dehydrated Skin، korean product، Pores، Serums.,https://alfouadpharmacies.com/en/products/anua-minis-serum-kit-3pcs-10ml,AlFouad Pharmacies,Verify usage rights before commercial publication,غير مثبت,غير مثبت,مرجعي فقط — غير معتمد للنشر التجاري,بيانات مرجعية متاحة؛ يلزم تحقق PM,ضمن الفحص المبدئي
12882290180399,anua-rice-7-ceramide-serum-50ml,Anua Rice 7 + Ceramide Serum 50ml,korean product,العناية بالبشرة,العناية بالبشرة | الجمال الكوري,2,,115701,1880,564,1316,,متاح لدى المصدر,https://cdn.shopify.com/s/files/1/0935/9550/0847/files/Anua_Rice_Ceramide_Product_1615x1615_d89633ef-889f-4044-8086-c9d9694006cf.webp?v=1772359513,منتج Anua Rice 7 + Ceramide Serum 50ml من korean product. التصنيف المرجعي: العناية بالبشرة. الحجم المذكور: 50 ml. الوسوم المرجعية: Dry Skin، Dryness، korean product، Moisturizers، Serums.,https://alfouadpharmacies.com/en/products/anua-rice-7-ceramide-serum-50ml,AlFouad Pharmacies,Verify usage rights before commercial publication,غير مثبت,غير مثبت,مرجعي فقط — غير معتمد للنشر التجاري,بيانات مرجعية متاحة؛ يلزم تحقق PM,ضمن الفحص المبدئي
12880148824367,medicube-txn-niacinamide-capsule-cream-55g,Medicube TXN Niacinamide Capsule Cream 55g,korean product,العناية بالبشرة,العناية بالبشرة | الجمال الكوري,2,,114957,1950,585,1365,,متاح لدى المصدر,https://cdn.shopify.com/s/files/1/0935/9550/0847/files/Medicube-5-TXA-Niacinamide-Capsule-Cream-55g-XOXO-0_1024x1024_eb21f310-1a56-41b0-a9f3-43012434b1ef.webp?v=1772355408,منتج Medicube TXN Niacinamide Capsule Cream 55g من korean product. التصنيف المرجعي: العناية بالبشرة. الحجم المذكور: 55 g. الوسوم المرجعية: Dry Skin، Dryness، Even Skin Tone، Even Skin Tone / Pigmentation، korean product، Oily Skin، Treatment Cream.,https://alfouadpharmacies.com/en/products/medicube-txn-niacinamide-capsule-cream-55g,AlFouad Pharmacies,Verify usage rights before commercial publication,غير مثبت,غير مثبت,مرجعي فقط — غير معتمد للنشر التجاري,بيانات مرجعية متاحة؛ يلزم تحقق PM,مراجعة نطاق/تنظيم قبل الإدراج
12689780474159,starville-roll-on-60ml-whitening-fragrance-free,ستارفيل رول أون 60 مل لتفتيح البشرة (بدون رائحة),parkville,العناية بالبشرة,العناية بالبشرة | العناية بالجسم,2,بسيط,93075,160,48,112,,متاح لدى المصدر,https://cdn.shopify.com/s/files/1/0935/9550/0847/files/StarvilleRollOn60mlWhitening_FragranceFree.webp?v=1771839683,منتج ستارفيل رول أون 60 مل لتفتيح البشرة (بدون رائحة) من parkville. التصنيف المرجعي: العناية بالبشرة — بسيط. الوسوم المرجعية: Body Care، Body Concerns، Deodrant، Even Skin Tone / Pigmentation، starville.,https://alfouadpharmacies.com/en/products/starville-roll-on-60ml-whitening-fragrance-free,AlFouad Pharmacies,Verify usage rights before commercial publication,غير مثبت,غير مثبت,مرجعي فقط — غير معتمد للنشر التجاري,بيانات مرجعية متاحة؛ يلزم تحقق PM,ضمن الفحص المبدئي
10569831809327,easy-sweet-hair-rem-120-gm,من السهل الشعر الحلو ريم. 120 جرام بعسل النحل,AlFouad Pharmacies,العناية بالبشرة,العناية بالبشرة | العناية بالجسم,2,بسيط,87021,12.5,3.75,8.75,,غير متاح لدى المصدر,https://cdn.shopify.com/s/files/1/0935/9550/0847/files/Easy-Sweet-Hair-Rem.-120GM-_D8_A8_D8_B9_D8_B3_D9_84-_D8_A7_D9_84_D9_86_D8_AD_D9_84.webp?v=1754298583,منتج من السهل الشعر الحلو ريم. 120 جرام بعسل النحل من AlFouad Pharmacies. التصنيف المرجعي: العناية بالبشرة — بسيط. الوسوم المرجعية: Body Care، Body Concerns، Hair Removal، Sensetive Skin.,https://alfouadpharmacies.com/en/products/easy-sweet-hair-rem-120-gm,AlFouad Pharmacies,Verify usage rights before commercial publication,غير مثبت,غير مثبت,مرجعي فقط — غير معتمد للنشر التجاري,بيانات مرجعية متاحة؛ يلزم تحقق PM,ضمن الفحص المبدئي
12689552834863,centella-ampoule-foam-125ml,أمبولات رغوية بخلاصة السنتيلا 125 مل ,korean product,العناية بالبشرة,العناية بالبشرة | الجمال الكوري,2,,113953,1500,450,1050,,متاح لدى المصدر,https://cdn.shopify.com/s/files/1/0935/9550/0847/files/skin1004_centella_poremizing_foam_ecommerce_standard.webp?v=1771834297,منتج أمبولات رغوية بخلاصة السنتيلا 125 مل  من korean product. التصنيف المرجعي: العناية بالبشرة. الوسوم المرجعية: Dark Spots، Even Skin Tone، Even Skin Tone / Pigmentation، Face Wash، korean product، Sensetive Skin.,https://alfouadpharmacies.com/en/products/centella-ampoule-foam-125ml,AlFouad Pharmacies,Verify usage rights before commercial publication,غير مثبت,غير مثبت,مرجعي فقط — غير معتمد للنشر التجاري,بيانات مرجعية متاحة؛ يلزم تحقق PM,ضمن الفحص المبدئي
10569739764015,beesline-white-roll-on-powder-softocean-fresh-of,بيزلين وايت. رول أون بودرة سوفت + أوشن فريش.,AlFouad Pharmacies,العناية بالبشرة,العناية بالبشرة | العناية بالجسم,2,بسيط,9303,500,150,350,,غير متاح لدى المصدر,https://cdn.shopify.com/s/files/1/0935/9550/0847/files/Beesline-White.-Roll-On-Powder-Softocean-Fresh-of.webp?v=1754298944,منتج بيزلين وايت. رول أون بودرة سوفت + أوشن فريش. من AlFouad Pharmacies. التصنيف المرجعي: العناية بالبشرة — بسيط. الوسوم المرجعية: Body Care، Body Concerns، Deodrant، Even Skin Tone / Pigmentation، Sensetive Skin.,https://alfouadpharmacies.com/en/products/beesline-white-roll-on-powder-softocean-fresh-of,AlFouad Pharmacies,Verify usage rights before commercial publication,غير مثبت,غير مثبت,مرجعي فقط — غير معتمد للنشر التجاري,بيانات مرجعية متاحة؛ يلزم تحقق PM,ضمن الفحص المبدئي
10569739567407,beesline-white-roll-on-50ml-super-dry-powder-soft,بيزلين وايت. رول أون 50 مل بودرة جافة فائقة النعومة,AlFouad Pharmacies,العناية بالبشرة,العناية بالبشرة | العناية بالجسم,2,بسيط,,290,87,203,,غير متاح لدى المصدر,https://cdn.shopify.com/s/files/1/0935/9550/0847/files/Beesline-White.-Roll-On-50ML-Super-Dry-Powder-Soft.webp?v=1754298945,منتج بيزلين وايت. رول أون 50 مل بودرة جافة فائقة النعومة من AlFouad Pharmacies. التصنيف المرجعي: العناية بالبشرة — بسيط. الوسوم المرجعية: Body Care، Body Concerns، Deodrant، Even Skin Tone / Pigmentation، Sensetive Skin.,https://alfouadpharmacies.com/en/products/beesline-white-roll-on-50ml-super-dry-powder-soft,AlFouad Pharmacies,Verify usage rights before commercial publication,غير مثبت,غير مثبت,مرجعي فقط — غير معتمد للنشر التجاري,بيانات مرجعية متاحة؛ يلزم تحقق PM,ضمن الفحص المبدئي
10569725051183,infinity-vitamin-c-roll-on-80ml-11-off,رول أون فيتامين سي إنفينيتي 80 مل (1+1) عرض خاص,AlFouad Pharmacies,العناية بالبشرة,العناية بالبشرة | العناية بالجسم,2,بسيط,3099,220,66,154,,غير متاح لدى المصدر,https://cdn.shopify.com/s/files/1/0935/9550/0847/files/Infinity-Vitamin-C-Roll-On-80ml-11-Offer.webp?v=1754299151,منتج رول أون فيتامين سي إنفينيتي 80 مل (1+1) عرض خاص من AlFouad Pharmacies. التصنيف المرجعي: العناية بالبشرة — بسيط. الوسوم المرجعية: Body Care، Body Concerns، Deodrant، Even Skin Tone / Pigmentation.,https://alfouadpharmacies.com/en/products/infinity-vitamin-c-roll-on-80ml-11-off,AlFouad Pharmacies,Verify usage rights before commercial publication,غير مثبت,غير مثبت,مرجعي فقط — غير معتمد للنشر التجاري,بيانات مرجعية متاحة؛ يلزم تحقق PM,ضمن الفحص المبدئي
10569721872687,azha-deodrant-roll-on-pink-60ml-11-off,أزها مزيل عرق رول أون وردي 60 مل، عرض 1+1 مجاناً,AlFouad Pharmacies,العناية بالبشرة,العناية بالبشرة | العناية بالجسم,2,بسيط,7576,349,104.7,244.3,,متاح لدى المصدر,https://cdn.shopify.com/s/files/1/0935/9550/0847/files/Azha-Deodrant-Roll-On-Pink-60ml-11-Off.webp?v=1754299196,منتج أزها مزيل عرق رول أون وردي 60 مل، عرض 1+1 مجاناً من AlFouad Pharmacies. التصنيف المرجعي: العناية بالبشرة — بسيط. الوسوم المرجعية: Body Care، Body Concerns، Body Offers، Deodrant، Even Skin Tone / Pigmentation.,https://alfouadpharmacies.com/en/products/azha-deodrant-roll-on-pink-60ml-11-off,AlFouad Pharmacies,Verify usage rights before commercial publication,غير مثبت,غير مثبت,مرجعي فقط — غير معتمد للنشر التجاري,بيانات مرجعية متاحة؛ يلزم تحقق PM,ضمن الفحص المبدئي
10569719906607,starville-roll-on-60ml-whitening-light-pink,ستارفيل رول أون 60 مل، أبيض فاتح، وردي,parkville,العناية بالبشرة,العناية بالبشرة | العناية بالجسم,2,بسيط,29155,150,45,105,,متاح لدى المصدر,https://cdn.shopify.com/s/files/1/0935/9550/0847/files/Starville-Roll-On-60ml-Whitening-Light-Pink.webp?v=1754299224,منتج ستارفيل رول أون 60 مل، أبيض فاتح، وردي من parkville. التصنيف المرجعي: العناية بالبشرة — بسيط. الوسوم المرجعية: Body Care، Body Concerns، Deodrant، Even Skin Tone / Pigmentation، starville.,https://alfouadpharmacies.com/en/products/starville-roll-on-60ml-whitening-light-pink,AlFouad Pharmacies,Verify usage rights before commercial publication,غير مثبت,غير مثبت,مرجعي فقط — غير معتمد للنشر التجاري,بيانات مرجعية متاحة؛ يلزم تحقق PM,ضمن الفحص المبدئي
12689810456879,argento-clear-facial-cleanser-200ml-11-off,غسول الوجه ارجنتو كلير 200 مل، عرض 1+1,AlFouad Pharmacies,العناية بالبشرة,العناية بالبشرة,1,بسيط,94225,349,104.7,244.3,,غير متاح لدى المصدر,https://cdn.shopify.com/s/files/1/0935/9550/0847/files/ArgentoClearFacialCleanser200ml1_1Off.webp?v=1771932010,منتج غسول الوجه ارجنتو كلير 200 مل، عرض 1+1 من AlFouad Pharmacies. التصنيف المرجعي: العناية بالبشرة — بسيط. الوسوم المرجعية: Oily Skin، Skin Care، Skin Concerns، Skincare Offers.,https://alfouadpharmacies.com/en/products/argento-clear-facial-cleanser-200ml-11-off,AlFouad Pharmacies,Verify usage rights before commercial publication,غير مثبت,غير مثبت,مرجعي فقط — غير معتمد للنشر التجاري,بيانات مرجعية متاحة؛ يلزم تحقق PM,ضمن الفحص المبدئي
12689798365487,glamylab-beautifying-eye-contour-filler,مُعبِّر تحديد محيط العين المُجمِّل من Glamylab,Glamy Lab,العناية بالبشرة,العناية بالبشرة,1,بسيط,7111,450,135,315,,متاح لدى المصدر,https://cdn.shopify.com/s/files/1/0935/9550/0847/files/GlamyLab_Eye_Contour_Filler_1615x1615_6629e6b7-c426-475e-9d54-830262786d87.webp?v=1771841621,منتج مُعبِّر تحديد محيط العين المُجمِّل من Glamylab من Glamy Lab. التصنيف المرجعي: العناية بالبشرة — بسيط. الوسوم المرجعية: Dark Circles & Puffiness، Eye & Lip، Eye Care، Eye Contour، glamylab، Skin Care، Skin Concerns.,https://alfouadpharmacies.com/en/products/glamylab-beautifying-eye-contour-filler,AlFouad Pharmacies,Verify usage rights before commercial publication,غير مثبت,غير مثبت,مرجعي فقط — غير معتمد للنشر التجاري,بيانات مرجعية متاحة؛ يلزم تحقق PM,ضمن الفحص المبدئي
12689797349679,alejon-eye-contour-serum-30ml,مصل تحديد محيط العين من أليجون 30 مل,ALEJON,العناية بالبشرة,العناية بالبشرة,1,بسيط,99686,320,96,224,,متاح لدى المصدر,https://cdn.shopify.com/s/files/1/0935/9550/0847/files/alejon_eye_serum_ecommerce.webp?v=1771832463,منتج مصل تحديد محيط العين من أليجون 30 مل من ALEJON. التصنيف المرجعي: العناية بالبشرة — بسيط. الوسوم المرجعية: Dark Circles & Puffiness، Eye & Lip، Eye Care، Eye Contour Serum، Skin Care، Skin Concerns.,https://alfouadpharmacies.com/en/products/alejon-eye-contour-serum-30ml,AlFouad Pharmacies,Verify usage rights before commercial publication,غير مثبت,غير مثبت,مرجعي فقط — غير معتمد للنشر التجاري,بيانات مرجعية متاحة؛ يلزم تحقق PM,ضمن الفحص المبدئي
12689796727087,starville-whitening-gel-spf50-60gm,جل تفتيح ستار فيل SPF50+ 60 جم,parkville,العناية بالبشرة,العناية بالبشرة,1,بسيط,9169,170,51,119,,متاح لدى المصدر,https://cdn.shopify.com/s/files/1/0935/9550/0847/files/whitinggelspf50-60gm.webp?v=1771839331,منتج جل تفتيح ستار فيل SPF50+ 60 جم من parkville. التصنيف المرجعي: العناية بالبشرة — بسيط. الوسوم المرجعية: Skin Care، Skin Concerns، SPF 50، Sun Care، Sunscreen.,https://alfouadpharmacies.com/en/products/starville-whitening-gel-spf50-60gm,AlFouad Pharmacies,Verify usage rights before commercial publication,غير مثبت,غير مثبت,مرجعي فقط — غير معتمد للنشر التجاري,بيانات مرجعية متاحة؛ يلزم تحقق PM,ضمن الفحص المبدئي
12689795612975,nebula-sunscreen-spf50-cream-75ml,كريم نيبولا الواقي من الشمس SPF50+ 75 مل,Nebula,العناية بالبشرة,العناية بالبشرة,1,بسيط,97956,349,104.7,244.3,,غير متاح لدى المصدر,https://cdn.shopify.com/s/files/1/0935/9550/0847/files/Nebula_SunscreenGel_SPF50_75ml_PureWhite_1615x1615_c6544db0-6958-4739-b27f-39cf7874b0a1.webp?v=1772006491,منتج كريم نيبولا الواقي من الشمس SPF50+ 75 مل من Nebula. التصنيف المرجعي: العناية بالبشرة — بسيط. الوسوم المرجعية: Skin Care، Skin Concerns، Sun Care، Sunscreen، Sunscreen Cream.,https://alfouadpharmacies.com/en/products/nebula-sunscreen-spf50-cream-75ml,AlFouad Pharmacies,Verify usage rights before commercial publication,غير مثبت,غير مثبت,مرجعي فقط — غير معتمد للنشر التجاري,بيانات مرجعية متاحة؛ يلزم تحقق PM,ضمن الفحص المبدئي
12689795481903,nebula-whitening-cleanser-200ml,منظف نيبولا لتفتيح البشرة 200 مل,Nebula,العناية بالبشرة,العناية بالبشرة,1,بسيط,13641,299,89.7,209.3,,متاح لدى المصدر,https://cdn.shopify.com/s/files/1/0935/9550/0847/files/Nebula_WhiteningCleanser_200ml_PureWhite_1615x1615_2002660e-464e-4129-bb45-95fed24011d6.webp?v=1772006629,منتج منظف نيبولا لتفتيح البشرة 200 مل من Nebula. التصنيف المرجعي: العناية بالبشرة — بسيط. الوسوم المرجعية: Cleanser، Even Skin Tone، Face Wash، Skin Care، Skin Concerns، Whitening cleancer.,https://alfouadpharmacies.com/en/products/nebula-whitening-cleanser-200ml,AlFouad Pharmacies,Verify usage rights before commercial publication,غير مثبت,غير مثبت,مرجعي فقط — غير معتمد للنشر التجاري,بيانات مرجعية متاحة؛ يلزم تحقق PM,ضمن الفحص المبدئي
12689795318063,glamylab-retinol-b3-booster-serum-30ml,سيروم جلامي لاب ريتينول بي 3 بوستر 30 مل,Glamy Lab,العناية بالبشرة,العناية بالبشرة,1,بسيط,9593,510,153,357,,متاح لدى المصدر,https://cdn.shopify.com/s/files/1/0935/9550/0847/files/GlamyLab_Retinol_B3_Booster_Serum_1615x1615_ba8503de-1ef4-4504-b62f-362d5b2439ce.webp?v=1771841172,منتج سيروم جلامي لاب ريتينول بي 3 بوستر 30 مل من Glamy Lab. التصنيف المرجعي: العناية بالبشرة — بسيط. الوسوم المرجعية: Fine Lines & Wrinkles، glamylab، Serums، Skin Care، Skin Concerns، Treatments.,https://alfouadpharmacies.com/en/products/glamylab-retinol-b3-booster-serum-30ml,AlFouad Pharmacies,Verify usage rights before commercial publication,غير مثبت,غير مثبت,مرجعي فقط — غير معتمد للنشر التجاري,بيانات مرجعية متاحة؛ يلزم تحقق PM,ضمن الفحص المبدئي
12689690493231,labello-lip-balm-watermelon,بلسم الشفاه لابيّلو بنكهة البطيخ,AlFouad Pharmacies,العناية بالبشرة,العناية بالبشرة,1,بسيط,103955,120,36,84,,متاح لدى المصدر,https://cdn.shopify.com/s/files/1/0935/9550/0847/files/Labello_Watermelon_Shine_1615x1615_fc724180-74ab-4697-9b72-6723e1b20e57.webp?v=1772274740,منتج بلسم الشفاه لابيّلو بنكهة البطيخ من AlFouad Pharmacies. التصنيف المرجعي: العناية بالبشرة — بسيط. الوسوم المرجعية: Dryness، Eye & Lip، Lip، Lip Balm، Skin Care، Skin Concerns.,https://alfouadpharmacies.com/en/products/labello-lip-balm-watermelon,AlFouad Pharmacies,Verify usage rights before commercial publication,غير مثبت,غير مثبت,مرجعي فقط — غير معتمد للنشر التجاري,بيانات مرجعية متاحة؛ يلزم تحقق PM,ضمن الفحص المبدئي
12689679122735,luna-emolient-20gm-cream-12xbox,كريم لونا المرطب 20 جم,AlFouad Pharmacies,العناية بالبشرة,العناية بالبشرة,1,بسيط,80511,30,9,21,,متاح لدى المصدر,https://cdn.shopify.com/s/files/1/0935/9550/0847/files/Luna_Emollient_Glycerin_Cream_1615x1615_0d2826b7-7a14-403e-b058-d709629b8771.webp?v=1772273224,منتج كريم لونا المرطب 20 جم من AlFouad Pharmacies. التصنيف المرجعي: العناية بالبشرة — بسيط. الوسوم المرجعية: Dryness، Moisturizer Cream، Moisturizers، Skin Care، Skin Concerns.,https://alfouadpharmacies.com/en/products/luna-emolient-20gm-cream-12xbox,AlFouad Pharmacies,Verify usage rights before commercial publication,غير مثبت,غير مثبت,مرجعي فقط — غير معتمد للنشر التجاري,بيانات مرجعية متاحة؛ يلزم تحقق PM,ضمن الفحص المبدئي
12689679089967,luna-emolient-cream-40gm12x-box,كريم لونا المرطب 40 جم,AlFouad Pharmacies,العناية بالبشرة,العناية بالبشرة,1,بسيط,86064,51,15.3,35.7,,متاح لدى المصدر,https://cdn.shopify.com/s/files/1/0935/9550/0847/files/Luna_Emollient_Glycerin_Cream_Alt_1615x1615_b92221fa-88d5-4474-9f87-737bd6185643.webp?v=1772273433,منتج كريم لونا المرطب 40 جم من AlFouad Pharmacies. التصنيف المرجعي: العناية بالبشرة — بسيط. الوسوم المرجعية: Dryness، Moisturizer Cream، Moisturizers، Skin Care، Skin Concerns.,https://alfouadpharmacies.com/en/products/luna-emolient-cream-40gm12x-box,AlFouad Pharmacies,Verify usage rights before commercial publication,غير مثبت,غير مثبت,مرجعي فقط — غير معتمد للنشر التجاري,بيانات مرجعية متاحة؛ يلزم تحقق PM,ضمن الفحص المبدئي
12689566368047,loreal-glycolic-bright-serum-15ml,سيروم لوريال جليكوليك برايت 15 مل,LOREAL PCD,العناية بالبشرة,العناية بالبشرة,1,,113064,500,150,350,,متاح لدى المصدر,https://cdn.shopify.com/s/files/1/0935/9550/0847/files/processed_product_image_14.webp?v=1771761079,منتج سيروم لوريال جليكوليك برايت 15 مل من LOREAL PCD. التصنيف المرجعي: العناية بالبشرة. الوسوم المرجعية: Dark Spots، Even Skin Tone، Serums، Skin Care.,https://alfouadpharmacies.com/en/products/loreal-glycolic-bright-serum-15ml,AlFouad Pharmacies,Verify usage rights before commercial publication,غير مثبت,غير مثبت,مرجعي فقط — غير معتمد للنشر التجاري,بيانات مرجعية متاحة؛ يلزم تحقق PM,ضمن الفحص المبدئي
12689553686831,centella-poremizing-deep-cleansing-foam-210ml,رغوة تنظيف عميقة وموسعة للمسام بخلاصة السنتيلا 210 مل ,korean product,العناية بالبشرة,العناية بالبشرة | الجمال الكوري,2,غسول ,113914,1370,411,959,,غير متاح لدى المصدر,https://cdn.shopify.com/s/files/1/0935/9550/0847/files/1_-_2026-06-28T102742.992.webp?v=1782631725,منتج رغوة تنظيف عميقة وموسعة للمسام بخلاصة السنتيلا 210 مل  من korean product. التصنيف المرجعي: العناية بالبشرة — غسول . الوسوم المرجعية: Cleanser، Face Wash، korean product، Oily Skin، Pores، Skin Care.,https://alfouadpharmacies.com/en/products/centella-poremizing-deep-cleansing-foam-210ml,AlFouad Pharmacies,Verify usage rights before commercial publication,غير مثبت,غير مثبت,مرجعي فقط — غير معتمد للنشر التجاري,بيانات مرجعية متاحة؛ يلزم تحقق PM,ضمن الفحص المبدئي
12689552376111,dear-hydration-moisturizing-cream-60ml,كريم دير هايدريشن المرطب 60 مل ,DEAR,العناية بالبشرة,العناية بالبشرة,1,,113444,300,90,210,,متاح لدى المصدر,https://cdn.shopify.com/s/files/1/0935/9550/0847/files/dear-hydration-moisturizing-cream-60ml-965294.webp?v=1771922346,منتج كريم دير هايدريشن المرطب 60 مل  من DEAR. التصنيف المرجعي: العناية بالبشرة. الوسوم المرجعية: Dry Skin، Dryness، Moisturizer Cream، Moisturizers، Skin Care.,https://alfouadpharmacies.com/en/products/dear-hydration-moisturizing-cream-60ml,AlFouad Pharmacies,Verify usage rights before commercial publication,غير مثبت,غير مثبت,مرجعي فقط — غير معتمد للنشر التجاري,بيانات مرجعية متاحة؛ يلزم تحقق PM,ضمن الفحص المبدئي
12689540448559,natavis-vitamin-c-moisturizer-50ml,مرطب ناتافيس بفيتامين سي 50 مل,AlFouad Pharmacies,العناية بالبشرة,العناية بالبشرة,1,,13725,495,148.5,346.5,,متاح لدى المصدر,https://cdn.shopify.com/s/files/1/0935/9550/0847/files/super-hydration-duo-natavis-RPt.webp?v=1772107804,منتج مرطب ناتافيس بفيتامين سي 50 مل من AlFouad Pharmacies. التصنيف المرجعي: العناية بالبشرة. الوسوم المرجعية: Even Skin Tone / Pigmentation، Skin Care، Whitining Cream.,https://alfouadpharmacies.com/en/products/natavis-vitamin-c-moisturizer-50ml,AlFouad Pharmacies,Verify usage rights before commercial publication,غير مثبت,غير مثبت,مرجعي فقط — غير معتمد للنشر التجاري,بيانات مرجعية متاحة؛ يلزم تحقق PM,ضمن الفحص المبدئي
12689512399151,garnier-fast-clear-gentle-hydrat-cleans-250ml,غارنييه فاست كلير جنتل هايدرات كلينز 250 مل,GARNIER,العناية بالبشرة,العناية بالبشرة,1,,114433,330,99,231,,متاح لدى المصدر,https://cdn.shopify.com/s/files/1/0935/9550/0847/files/GARNIERFASTCLEARGENTLEHYDRATCLEANS250ML.webp?v=1771845640,منتج غارنييه فاست كلير جنتل هايدرات كلينز 250 مل من GARNIER. التصنيف المرجعي: العناية بالبشرة. الوسوم المرجعية: Acne & Blemishes، Cleanser، Face Wash، Oily Skin، Pores، Skin Care.,https://alfouadpharmacies.com/en/products/garnier-fast-clear-gentle-hydrat-cleans-250ml,AlFouad Pharmacies,Verify usage rights before commercial publication,غير مثبت,غير مثبت,مرجعي فقط — غير معتمد للنشر التجاري,بيانات مرجعية متاحة؛ يلزم تحقق PM,ضمن الفحص المبدئي
12689485857071,aroma-radiance-gel-80ml,جل أروما راديانس 80 مل,AROMA,العناية بالبشرة,العناية بالبشرة,1,,17395,1630.8,489.24,1141.56,,متاح لدى المصدر,https://cdn.shopify.com/s/files/1/0935/9550/0847/files/AROMA-RADIANCE-GEL-80ML.webp?v=1771930372,منتج جل أروما راديانس 80 مل من AROMA. التصنيف المرجعي: العناية بالبشرة. الوسوم المرجعية: Anti-Aging، Dehydrated Skin، Dry Skin، Fine Lines & Wrinkles، Skin Care.,https://alfouadpharmacies.com/en/products/aroma-radiance-gel-80ml,AlFouad Pharmacies,Verify usage rights before commercial publication,غير مثبت,غير مثبت,مرجعي فقط — غير معتمد للنشر التجاري,بيانات مرجعية متاحة؛ يلزم تحقق PM,ضمن الفحص المبدئي
12689452859695,kolagra-skin-gold-serum-30ml,سيروم كولاغرا سكين جولد 30 مل,Kolagra,العناية بالبشرة,العناية بالبشرة,1,,114921,499,149.7,349.3,0,متاح لدى المصدر,https://cdn.shopify.com/s/files/1/0935/9550/0847/files/Kolagra_Gold_C_Serum_BottleOnly_PureWhite_1615x1615_b2d79217-59fe-426b-bd56-f6db63d3b153.webp?v=1772241567,منتج سيروم كولاغرا سكين جولد 30 مل من Kolagra. التصنيف المرجعي: العناية بالبشرة. الوسوم المرجعية: Even Skin Tone / Pigmentation، Fine Lines & Wrinkles، Serums، Skin Care.,https://alfouadpharmacies.com/en/products/kolagra-skin-gold-serum-30ml,AlFouad Pharmacies,Verify usage rights before commercial publication,غير مثبت,غير مثبت,مرجعي فقط — غير معتمد للنشر التجاري,بيانات مرجعية متاحة؛ يلزم تحقق PM,ضمن الفحص المبدئي
12689441751343,aroma-marine-collagen-serum-50ml,سيروم الكولاجين أروما مارين 50 مل,AROMA,العناية بالبشرة,العناية بالبشرة,1,,108560,1630.8,489.24,1141.56,,متاح لدى المصدر,https://cdn.shopify.com/s/files/1/0935/9550/0847/files/AROMAMARINECOLLAGENSERUM50ML.webp?v=1771930056,منتج سيروم الكولاجين أروما مارين 50 مل من AROMA. التصنيف المرجعي: العناية بالبشرة. الوسوم المرجعية: Anti-Aging، Fine Lines & Wrinkles، Serums، Skin Care.,https://alfouadpharmacies.com/en/products/aroma-marine-collagen-serum-50ml,AlFouad Pharmacies,Verify usage rights before commercial publication,غير مثبت,غير مثبت,مرجعي فقط — غير معتمد للنشر التجاري,بيانات مرجعية متاحة؛ يلزم تحقق PM,ضمن الفحص المبدئي
10589381820719,alejon-oily-skin-soap-100gm,صابون أليجون للبشرة الدهنية 100 جرام,ALEJON,العناية بالبشرة,العناية بالبشرة,1,,19431,150,45,105,,متاح لدى المصدر,https://cdn.shopify.com/s/files/1/0935/9550/0847/files/51UjjeMk5fL_11zon.webp?v=1790502684,منتج صابون أليجون للبشرة الدهنية 100 جرام من ALEJON. التصنيف المرجعي: العناية بالبشرة. الوسوم المرجعية: Face Soap، Oily Skin، Skin Care، Skin Concerns.,https://alfouadpharmacies.com/en/products/alejon-oily-skin-soap-100gm,AlFouad Pharmacies,Verify usage rights before commercial publication,غير مثبت,غير مثبت,مرجعي فقط — غير معتمد للنشر التجاري,بيانات مرجعية متاحة؛ يلزم تحقق PM,ضمن الفحص المبدئي
10570013180207,raw-african-very-berry-exfoliator-200g,مقشر الفاكهة الخام الأفريقية الفائق 200 جرام,RAW AFRICAN,العناية بالبشرة,العناية بالبشرة,1,بسيط,8393,210,63,147,,متاح لدى المصدر,https://cdn.shopify.com/s/files/1/0935/9550/0847/files/Raw-African-Very-Berry-Exfoliator-200G.webp?v=1754297037,منتج مقشر الفاكهة الخام الأفريقية الفائق 200 جرام من RAW AFRICAN. التصنيف المرجعي: العناية بالبشرة — بسيط. الوسوم المرجعية: Cleanser، Face Scrub، Skin Care.,https://alfouadpharmacies.com/en/products/raw-african-very-berry-exfoliator-200g,AlFouad Pharmacies,Verify usage rights before commercial publication,غير مثبت,غير مثبت,مرجعي فقط — غير معتمد للنشر التجاري,بيانات مرجعية متاحة؛ يلزم تحقق PM,ضمن الفحص المبدئي
10570010034479,leylak-gel-100-ml,جل ليلك 100 مل,AlFouad Pharmacies,العناية بالبشرة,العناية بالبشرة,1,بسيط,11426,329,98.7,230.3,,متاح لدى المصدر,https://cdn.shopify.com/s/files/1/0935/9550/0847/files/1_d7b7038b-b7cb-4413-8f18-4c576a1f2957.webp?v=1754297073,منتج جل ليلك 100 مل من AlFouad Pharmacies. التصنيف المرجعي: العناية بالبشرة — بسيط. الوسوم المرجعية: Dryness، Moisturizer Gel، Moisturizers، Sensitive Skin / Redness، Skin Care، Skin Concerns.,https://alfouadpharmacies.com/en/products/leylak-gel-100-ml,AlFouad Pharmacies,Verify usage rights before commercial publication,غير مثبت,غير مثبت,مرجعي فقط — غير معتمد للنشر التجاري,بيانات مرجعية متاحة؛ يلزم تحقق PM,ضمن الفحص المبدئي
10569940468015,luna-deep-care-over-night-lip-repair-35gm,لونا، لوشن إصلاح الشفاه العميق، للعناية الليلية، 3.5 جرام,AlFouad Pharmacies,العناية بالبشرة,العناية بالبشرة,1,بسيط,,55,16.5,38.5,,غير متاح لدى المصدر,https://cdn.shopify.com/s/files/1/0935/9550/0847/files/Deep-Care-Card-600x818-1.webp?v=1754297747,منتج لونا، لوشن إصلاح الشفاه العميق، للعناية الليلية، 3.5 جرام من AlFouad Pharmacies. التصنيف المرجعي: العناية بالبشرة — بسيط. الوسوم المرجعية: Eye & Lip، Lip، Lip Balm، Skin Care.,https://alfouadpharmacies.com/en/products/luna-deep-care-over-night-lip-repair-35gm,AlFouad Pharmacies,Verify usage rights before commercial publication,غير مثبت,غير مثبت,مرجعي فقط — غير معتمد للنشر التجاري,بيانات مرجعية متاحة؛ يلزم تحقق PM,ضمن الفحص المبدئي
10569915564335,nivea-sun-lotion-protectampmoisture-50spf-200ml,لوشن نييفا للشمس واقي ورطب 50 SPF 200 مل,AlFouad Pharmacies,العناية بالبشرة,العناية بالبشرة | العناية بالجسم,2,بسيط,103961,950,285,665,,متاح لدى المصدر,https://cdn.shopify.com/s/files/1/0935/9550/0847/files/Nivea-Sun-Lotion-ProtectMoisture-50-Spf-200ML.webp?v=1754297951,منتج لوشن نييفا للشمس واقي ورطب 50 SPF 200 مل من AlFouad Pharmacies. التصنيف المرجعي: العناية بالبشرة — بسيط. الوسوم المرجعية: Body Care، Body Concerns، Dry Skin body concerns، Skin Care، Sunscreen، Sunscreen Lotion.,https://alfouadpharmacies.com/en/products/nivea-sun-lotion-protectampmoisture-50spf-200ml,AlFouad Pharmacies,Verify usage rights before commercial publication,غير مثبت,غير مثبت,مرجعي فقط — غير معتمد للنشر التجاري,بيانات مرجعية متاحة؛ يلزم تحقق PM,ضمن الفحص المبدئي
10569914614063,nivea-soft-cream-50ml-natural-fairness,نيفيا كريم سوفت 50 مل نضارة طبيعية,AlFouad Pharmacies,العناية بالبشرة,العناية بالبشرة | العناية بالجسم,2,بسيط,107797,45,13.5,31.5,,متاح لدى المصدر,https://cdn.shopify.com/s/files/1/0935/9550/0847/files/Nivea-Soft-Cream-50ML-Natural-Fairness.webp?v=1754297956,منتج نيفيا كريم سوفت 50 مل نضارة طبيعية من AlFouad Pharmacies. التصنيف المرجعي: العناية بالبشرة — بسيط. الوسوم المرجعية: Body Care، Body Concerns، Dry Skin body concerns، Moisturizer Cream، Moisturizers، Skin Care.,https://alfouadpharmacies.com/en/products/nivea-soft-cream-50ml-natural-fairness,AlFouad Pharmacies,Verify usage rights before commercial publication,غير مثبت,غير مثبت,مرجعي فقط — غير معتمد للنشر التجاري,بيانات مرجعية متاحة؛ يلزم تحقق PM,ضمن الفحص المبدئي
10569907470639,nivea-cream-blue-150ml,نيفيا كريم أزرق 150 مل,AlFouad Pharmacies,العناية بالبشرة,العناية بالبشرة | العناية بالجسم,2,بسيط,7032,195,58.5,136.5,,متاح لدى المصدر,https://cdn.shopify.com/s/files/1/0935/9550/0847/files/Nivea-Cream-Blue-150ML.webp?v=1754298045,منتج نيفيا كريم أزرق 150 مل من AlFouad Pharmacies. التصنيف المرجعي: العناية بالبشرة — بسيط. الوسوم المرجعية: Body Care، Body Concerns، Body Cream، Dry Skin body concerns، Skin Care.,https://alfouadpharmacies.com/en/products/nivea-cream-blue-150ml,AlFouad Pharmacies,Verify usage rights before commercial publication,غير مثبت,غير مثبت,مرجعي فقط — غير معتمد للنشر التجاري,بيانات مرجعية متاحة؛ يلزم تحقق PM,ضمن الفحص المبدئي
10569906553135,luna-lip-moist-stick-rose,قلم ترطيب الشفاه لونا، نكهة الورد,AlFouad Pharmacies,العناية بالبشرة,العناية بالبشرة,1,بسيط,86828,22,6.6,15.4,,متاح لدى المصدر,https://cdn.shopify.com/s/files/1/0935/9550/0847/files/Luna-Lip-Moist-Stick-Rose-36XBOX.webp?v=1754298055,منتج قلم ترطيب الشفاه لونا، نكهة الورد من AlFouad Pharmacies. التصنيف المرجعي: العناية بالبشرة — بسيط. الوسوم المرجعية: Dryness، Eye & Lip، Lip، Lip Balm، Skin Care، Skin Concerns.,https://alfouadpharmacies.com/en/products/luna-lip-moist-stick-rose,AlFouad Pharmacies,Verify usage rights before commercial publication,غير مثبت,غير مثبت,مرجعي فقط — غير معتمد للنشر التجاري,بيانات مرجعية متاحة؛ يلزم تحقق PM,ضمن الفحص المبدئي
10569905439023,luna-emollient-glycerinampjojoba-oil-cream-50gm,كريم لونا المرطب بالجلسرين وزيت الجوجوبا 50 جرام,AlFouad Pharmacies,العناية بالبشرة,العناية بالبشرة,1,بسيط,98868,40,12,28,,متاح لدى المصدر,https://cdn.shopify.com/s/files/1/0935/9550/0847/files/Luna-Emollient-GlycerinJojoba-Oil-Cream-50GM.webp?v=1754298066,منتج كريم لونا المرطب بالجلسرين وزيت الجوجوبا 50 جرام من AlFouad Pharmacies. التصنيف المرجعي: العناية بالبشرة — بسيط. الوسوم المرجعية: Dryness، Moisturizer Cream، Moisturizers، Skin Care، Skin Concerns.,https://alfouadpharmacies.com/en/products/luna-emollient-glycerinampjojoba-oil-cream-50gm,AlFouad Pharmacies,Verify usage rights before commercial publication,غير مثبت,غير مثبت,مرجعي فقط — غير معتمد للنشر التجاري,بيانات مرجعية متاحة؛ يلزم تحقق PM,ضمن الفحص المبدئي
10569904816431,luna-after-sun-lotion-130ml,لوشن لونا بعد التعرض للشمس 130 مل,AlFouad Pharmacies,العناية بالبشرة,العناية بالبشرة,1,بسيط,107929,150,45,105,,متاح لدى المصدر,https://cdn.shopify.com/s/files/1/0935/9550/0847/files/Luna-After-Sun-Lotion-130ML.webp?v=1754298072,منتج لوشن لونا بعد التعرض للشمس 130 مل من AlFouad Pharmacies. التصنيف المرجعي: العناية بالبشرة — بسيط. الوسوم المرجعية: After Sun، Skin Care، Sunscreen.,https://alfouadpharmacies.com/en/products/luna-after-sun-lotion-130ml,AlFouad Pharmacies,Verify usage rights before commercial publication,غير مثبت,غير مثبت,مرجعي فقط — غير معتمد للنشر التجاري,بيانات مرجعية متاحة؛ يلزم تحقق PM,ضمن الفحص المبدئي
10569899344175,neutrogena-spot-controlling-facial-scrub-150ml,مقشر الوجه من نيتروجينا للتحكم في البقع 150 مل,Neutrogena,العناية بالبشرة,العناية بالبشرة,1,بسيط,24370,280,84,196,,متاح لدى المصدر,https://cdn.shopify.com/s/files/1/0935/9550/0847/files/Neutrogena-Spot-Controlling-Facial-Scrub-150ML.webp?v=1754298152,منتج مقشر الوجه من نيتروجينا للتحكم في البقع 150 مل من Neutrogena. التصنيف المرجعي: العناية بالبشرة — بسيط. الوسوم المرجعية: Acne & Blemishes، Cleanser، Face Scrub، Skin Care، Skin Concerns.,https://alfouadpharmacies.com/en/products/neutrogena-spot-controlling-facial-scrub-150ml,AlFouad Pharmacies,Verify usage rights before commercial publication,غير مثبت,غير مثبت,مرجعي فقط — غير معتمد للنشر التجاري,بيانات مرجعية متاحة؛ يلزم تحقق PM,ضمن الفحص المبدئي
10569898983727,neutrogena-retinol-boost-day-cream-spf15-50ml,كريم نيوتروجينا ريتينول بوست النهاري SPF15 50 مل,Neutrogena,العناية بالبشرة,العناية بالبشرة,1,بسيط,9299,800,240,560,,غير متاح لدى المصدر,https://cdn.shopify.com/s/files/1/0935/9550/0847/files/Neutrogena-Retinol-Boost-Day-Cream-SPF15-50ML.webp?v=1754298155,منتج كريم نيوتروجينا ريتينول بوست النهاري SPF15 50 مل من Neutrogena. التصنيف المرجعي: العناية بالبشرة — بسيط. الوسوم المرجعية: Day Cream، Dryness، Moisturizers، Skin Care، Skin Concerns.,https://alfouadpharmacies.com/en/products/neutrogena-retinol-boost-day-cream-spf15-50ml,AlFouad Pharmacies,Verify usage rights before commercial publication,غير مثبت,غير مثبت,مرجعي فقط — غير معتمد للنشر التجاري,بيانات مرجعية متاحة؛ يلزم تحقق PM,ضمن الفحص المبدئي
10569898524975,neutrogena-deep-clean-invigorating-scrub-150ml,نيوتروجينا منظف عميق مقشر منعش 150 مل,Neutrogena,العناية بالبشرة,العناية بالبشرة,1,بسيط,86137,225,67.5,157.5,129,متاح لدى المصدر,https://cdn.shopify.com/s/files/1/0935/9550/0847/files/Neutrogena-Deep-Clean-Invigorating-Scrub-150ML.webp?v=1754298160,منتج نيوتروجينا منظف عميق مقشر منعش 150 مل من Neutrogena. التصنيف المرجعي: العناية بالبشرة — بسيط. الوسوم المرجعية: Acne & Blemishes، Cleanser، Face Scrub، Skin Care، Skin Concerns.,https://alfouadpharmacies.com/en/products/neutrogena-deep-clean-invigorating-scrub-150ml,AlFouad Pharmacies,Verify usage rights before commercial publication,غير مثبت,غير مثبت,مرجعي فقط — غير معتمد للنشر التجاري,بيانات مرجعية متاحة؛ يلزم تحقق PM,ضمن الفحص المبدئي
10569898328367,neutrogena-bright-boost-30spf-gel-fluid-50ml,جل نيتروجينا برائت بوست المرطب 30+ SPF 50 مل,Neutrogena,العناية بالبشرة,العناية بالبشرة,1,بسيط,25191,410,123,287,193,غير متاح لدى المصدر,https://cdn.shopify.com/s/files/1/0935/9550/0847/files/Neutrogena-Bright-Boost-30SPF-Gel-Fluid-50ML.webp?v=1754298162,منتج جل نيتروجينا برائت بوست المرطب 30+ SPF 50 مل من Neutrogena. التصنيف المرجعي: العناية بالبشرة — بسيط. الوسوم المرجعية: Dark Spots، Hydro-gel، Moisturizers، Skin Care، Skin Concerns.,https://alfouadpharmacies.com/en/products/neutrogena-bright-boost-30spf-gel-fluid-50ml,AlFouad Pharmacies,Verify usage rights before commercial publication,غير مثبت,غير مثبت,مرجعي فقط — غير معتمد للنشر التجاري,بيانات مرجعية متاحة؛ يلزم تحقق PM,ضمن الفحص المبدئي
10569898230063,natures-bounty-venos-pearl-mud-musk-300ml-1287,طين اللؤلؤ والعنبر من نيتشرز باونتي فينس بيرل 300 مل 1287,AlFouad Pharmacies,العناية بالبشرة,العناية بالبشرة,1,بسيط,9321,190,57,133,,غير متاح لدى المصدر,https://cdn.shopify.com/s/files/1/0935/9550/0847/files/Natures-Bounty-Venos-Pearl-Mud-Musk-300ML-1287.webp?v=1754298163,منتج طين اللؤلؤ والعنبر من نيتشرز باونتي فينس بيرل 300 مل 1287 من AlFouad Pharmacies. التصنيف المرجعي: العناية بالبشرة — بسيط. الوسوم المرجعية: Acne & Blemishes، Face Mask، Skin Care، Skin Concerns، Treatments.,https://alfouadpharmacies.com/en/products/natures-bounty-venos-pearl-mud-musk-300ml-1287,AlFouad Pharmacies,Verify usage rights before commercial publication,غير مثبت,غير مثبت,مرجعي فقط — غير معتمد للنشر التجاري,بيانات مرجعية متاحة؛ يلزم تحقق PM,ضمن الفحص المبدئي
10569898197295,natures-bounty-venos-green-tea-mud-musk-300ml-1331,ماسك الطين الأخضر من نيتشرز باونتي فينس، 300 مل، 1331,AlFouad Pharmacies,العناية بالبشرة,العناية بالبشرة,1,بسيط,9319,190,57,133,,غير متاح لدى المصدر,https://cdn.shopify.com/s/files/1/0935/9550/0847/files/Natures-Bounty-Venos-Green-Tea-Mud-Musk-300ML-1331.webp?v=1754298164,منتج ماسك الطين الأخضر من نيتشرز باونتي فينس، 300 مل، 1331 من AlFouad Pharmacies. التصنيف المرجعي: العناية بالبشرة — بسيط. الوسوم المرجعية: Acne & Blemishes، Face Mask، Skin Care، Skin Concerns، Treatments.,https://alfouadpharmacies.com/en/products/natures-bounty-venos-green-tea-mud-musk-300ml-1331,AlFouad Pharmacies,Verify usage rights before commercial publication,غير مثبت,غير مثبت,مرجعي فقط — غير معتمد للنشر التجاري,بيانات مرجعية متاحة؛ يلزم تحقق PM,ضمن الفحص المبدئي
10569896624431,labello-aloveravitamin-e-caring-lips-scrub-48g,مقشر شفاه لابيلو بالصبار وفيتامين إي للعناية بالشفاه 4.8 غرام,AlFouad Pharmacies,العناية بالبشرة,العناية بالبشرة,1,بسيط,27434,150,45,105,,غير متاح لدى المصدر,https://cdn.shopify.com/s/files/1/0935/9550/0847/files/Labello-Aloveravitamin-E-Caring-Lips-Scrub-4.8G.webp?v=1754298184,منتج مقشر شفاه لابيلو بالصبار وفيتامين إي للعناية بالشفاه 4.8 غرام من AlFouad Pharmacies. التصنيف المرجعي: العناية بالبشرة — بسيط. الوسوم المرجعية: Dryness، Eye & Lip، Lip، Lip Scrub، Skin Care، Skin Concerns.,https://alfouadpharmacies.com/en/products/labello-aloveravitamin-e-caring-lips-scrub-48g,AlFouad Pharmacies,Verify usage rights before commercial publication,غير مثبت,غير مثبت,مرجعي فقط — غير معتمد للنشر التجاري,بيانات مرجعية متاحة؛ يلزم تحقق PM,ضمن الفحص المبدئي
10569896165679,jampj-oil-balancing-gel-wash-oily-skin-150ml,غسول جل جونسون آند جونسون لموازنة الزيوت (للبشرة الدهنية) 150 مل,J&J,العناية بالبشرة,العناية بالبشرة,1,بسيط,31713,225,67.5,157.5,,متاح لدى المصدر,https://cdn.shopify.com/s/files/1/0935/9550/0847/files/JJ-Oil-Balancing-Gel-Wash-Oily-Skin-150ML.webp?v=1754298190,منتج غسول جل جونسون آند جونسون لموازنة الزيوت (للبشرة الدهنية) 150 مل من J&J. التصنيف المرجعي: العناية بالبشرة — بسيط. الوسوم المرجعية: Acne & Blemishes، Cleanser، Face Wash، Skin Care، Skin Concerns.,https://alfouadpharmacies.com/en/products/jampj-oil-balancing-gel-wash-oily-skin-150ml,AlFouad Pharmacies,Verify usage rights before commercial publication,غير مثبت,غير مثبت,مرجعي فقط — غير معتمد للنشر التجاري,بيانات مرجعية متاحة؛ يلزم تحقق PM,ضمن الفحص المبدئي
10569896067375,jampj-moisture-soft-cream-300ml,جونسون كريم مرطب سوفت – 300 مل,J&J,العناية بالبشرة,العناية بالبشرة,1,العناية بالبشرة,25372,200,60,140,,متاح لدى المصدر,https://cdn.shopify.com/s/files/1/0935/9550/0847/files/JJ-Moisture-Soft-Cream-300ML.webp?v=1754298191,منتج جونسون كريم مرطب سوفت – 300 مل من J&J. التصنيف المرجعي: العناية بالبشرة — العناية بالبشرة. الوسوم المرجعية: Dry Skin، Moisturizer Cream، Moisturizers، Skin Care، Skin Concerns.,https://alfouadpharmacies.com/en/products/jampj-moisture-soft-cream-300ml,AlFouad Pharmacies,Verify usage rights before commercial publication,غير مثبت,غير مثبت,مرجعي فقط — غير معتمد للنشر التجاري,بيانات مرجعية متاحة؛ يلزم تحقق PM,ضمن الفحص المبدئي
10569889906991,garnier-fast-bright-vitamin-c-scrub-150ml,غسول تنظيف البشرة سريع الإشراق من جالفارنير، غني بفيتامين سي، 150 مل,GARNIER,العناية بالبشرة,العناية بالبشرة,1,بسيط,110369,165,49.5,115.5,,غير متاح لدى المصدر,https://cdn.shopify.com/s/files/1/0935/9550/0847/files/Garnier-Fast-Bright-Vitamin-C-Scrub-150ML.webp?v=1754298266,منتج غسول تنظيف البشرة سريع الإشراق من جالفارنير، غني بفيتامين سي، 150 مل من GARNIER. التصنيف المرجعي: العناية بالبشرة — بسيط. الوسوم المرجعية: Cleanser، Dark Spots، Face Scrub، Skin Care، Skin Concerns.,https://alfouadpharmacies.com/en/products/garnier-fast-bright-vitamin-c-scrub-150ml,AlFouad Pharmacies,Verify usage rights before commercial publication,غير مثبت,غير مثبت,مرجعي فقط — غير معتمد للنشر التجاري,بيانات مرجعية متاحة؛ يلزم تحقق PM,ضمن الفحص المبدئي
10569864675631,fair-amp-lovely-90ml-multi-vitamins,فير آند لوفلي 90 ملليتر متعدد الفيتامينات,AlFouad Pharmacies,العناية بالبشرة,العناية بالبشرة,1,بسيط,5686,75,22.5,52.5,,متاح لدى المصدر,https://cdn.shopify.com/s/files/1/0935/9550/0847/files/Fair-Lovely-90-ml-Multi-Vitamins.webp?v=1754298299,منتج فير آند لوفلي 90 ملليتر متعدد الفيتامينات من AlFouad Pharmacies. التصنيف المرجعي: العناية بالبشرة — بسيط. الوسوم المرجعية: Dark Spots، Moisturizers، Skin Care، Skin Concerns، Whitining Cream.,https://alfouadpharmacies.com/en/products/fair-amp-lovely-90ml-multi-vitamins,AlFouad Pharmacies,Verify usage rights before commercial publication,غير مثبت,غير مثبت,مرجعي فقط — غير معتمد للنشر التجاري,بيانات مرجعية متاحة؛ يلزم تحقق PM,ضمن الفحص المبدئي
10569854681391,dove-cream-intensive-75ml,كريم دوف المكثف 75 مل,Dove,العناية بالبشرة,العناية بالبشرة,1,بسيط,105194,94,28.2,65.8,,متاح لدى المصدر,https://cdn.shopify.com/s/files/1/0935/9550/0847/files/Dove-Cream-Intensive-75ML.webp?v=1754298395,منتج كريم دوف المكثف 75 مل من Dove. التصنيف المرجعي: العناية بالبشرة — بسيط. الوسوم المرجعية: Dry Skin، Moisturizer Cream، Moisturizers، Skin Care، Skin Concerns.,https://alfouadpharmacies.com/en/products/dove-cream-intensive-75ml,AlFouad Pharmacies,Verify usage rights before commercial publication,غير مثبت,غير مثبت,مرجعي فقط — غير معتمد للنشر التجاري,بيانات مرجعية متاحة؛ يلزم تحقق PM,ضمن الفحص المبدئي
10569842098479,bobana-peel-off-mask-gold-120ml,قناع بوبانا المقشر الذهبي 120 مل,AlFouad Pharmacies,العناية بالبشرة,العناية بالبشرة,1,بسيط,104641,75,22.5,52.5,,متاح لدى المصدر,https://cdn.shopify.com/s/files/1/0935/9550/0847/files/Bobana-Peel-Off-Mask-Gold-120ML.webp?v=1754298505,منتج قناع بوبانا المقشر الذهبي 120 مل من AlFouad Pharmacies. التصنيف المرجعي: العناية بالبشرة — بسيط. الوسوم المرجعية: Dryness، Face Mask، Skin Care، Skin Concerns، Treatments.,https://alfouadpharmacies.com/en/products/bobana-peel-off-mask-gold-120ml,AlFouad Pharmacies,Verify usage rights before commercial publication,غير مثبت,غير مثبت,مرجعي فقط — غير معتمد للنشر التجاري,بيانات مرجعية متاحة؛ يلزم تحقق PM,ضمن الفحص المبدئي
10569834823983,lux-soap-125gm-collection,صابون لاكس، 125 جرام، مجموعة,AlFouad Pharmacies,العناية بالبشرة,العناية بالبشرة | العناية بالجسم,2,بسيط,7082,10.7,3.21,7.49,,غير متاح لدى المصدر,https://cdn.shopify.com/s/files/1/0935/9550/0847/files/Lux.-Soap-125GM-Collection-1.webp?v=1754298562,منتج صابون لاكس، 125 جرام، مجموعة من AlFouad Pharmacies. التصنيف المرجعي: العناية بالبشرة — بسيط. الوسوم المرجعية: Body Care، Body Wash، Skin Care.,https://alfouadpharmacies.com/en/products/lux-soap-125gm-collection,AlFouad Pharmacies,Verify usage rights before commercial publication,غير مثبت,غير مثبت,مرجعي فقط — غير معتمد للنشر التجاري,بيانات مرجعية متاحة؛ يلزم تحقق PM,ضمن الفحص المبدئي
10569833218351,the-ordinary-plant-derived-30ml,ذا أوردينري، مستخلص نباتي، 30 مل,The Ordinary,العناية بالبشرة,العناية بالبشرة,1,بسيط,89785,460,138,322,0,غير متاح لدى المصدر,https://cdn.shopify.com/s/files/1/0935/9550/0847/files/The-Ordinary-Plant-Derived-30ML.webp?v=1754298573,منتج ذا أوردينري، مستخلص نباتي، 30 مل من The Ordinary. التصنيف المرجعي: العناية بالبشرة — بسيط. الوسوم المرجعية: Dry Skin، Dryness، Sensitive Skin / Redness، Serums، Skin Care، Skin Concerns، Treatments.,https://alfouadpharmacies.com/en/products/the-ordinary-plant-derived-30ml,AlFouad Pharmacies,Verify usage rights before commercial publication,غير مثبت,غير مثبت,مرجعي فقط — غير معتمد للنشر التجاري,بيانات مرجعية متاحة؛ يلزم تحقق PM,ضمن الفحص المبدئي
10569832137007,the-ordinary-lactic-5-30ml,ذا أورديناري لاكتيك 5 30 مل,The Ordinary,العناية بالبشرة,العناية بالبشرة,1,سيرم,25243,1599,479.7,1119.3,0,متاح لدى المصدر,https://cdn.shopify.com/s/files/1/0935/9550/0847/files/1_-_2026-07-06T163906.956.webp?v=1783345178,منتج ذا أورديناري لاكتيك 5 30 مل من The Ordinary. التصنيف المرجعي: العناية بالبشرة — سيرم. الوسوم المرجعية: Dark Spots، Even Skin Tone، Fine Lines & Wrinkles، Sensitive Skin / Redness، Skin Care، Skin Concerns.,https://alfouadpharmacies.com/en/products/the-ordinary-lactic-5-30ml,AlFouad Pharmacies,Verify usage rights before commercial publication,غير مثبت,غير مثبت,مرجعي فقط — غير معتمد للنشر التجاري,بيانات مرجعية متاحة؛ يلزم تحقق PM,ضمن الفحص المبدئي
10569822634287,dermaelle-solaire-spf50-dark-tint-gel-cream-60ml,كريم جل ديرمال سولير SPF50 ذو اللون الداكن 60 مل,Dermaelle,العناية بالبشرة,العناية بالبشرة,1,واقي شمس ,26177,318.75,95.63,223.13,,متاح لدى المصدر,https://cdn.shopify.com/s/files/1/0935/9550/0847/files/1_-_2026-06-25T134356.186.webp?v=1782384329,منتج كريم جل ديرمال سولير SPF50 ذو اللون الداكن 60 مل من Dermaelle. التصنيف المرجعي: العناية بالبشرة — واقي شمس . الوسوم المرجعية: Even Skin Tone، Skin Care، Skin Concerns، SPF 50، Sun Care، Sunscreen، Sunscreen Tinted.,https://alfouadpharmacies.com/en/products/dermaelle-solaire-spf50-dark-tint-gel-cream-60ml,AlFouad Pharmacies,Verify usage rights before commercial publication,غير مثبت,غير مثبت,مرجعي فقط — غير معتمد للنشر التجاري,بيانات مرجعية متاحة؛ يلزم تحقق PM,ضمن الفحص المبدئي
10569809166639,uriage-miciller-thermal-water-sensetive-250-ml,ماء ميسيلار حراري للبشرة الحساسة من يورياج 250 مل,URIAGE,العناية بالبشرة,العناية بالبشرة,1,عنايه بالبشره ,106720,715,214.5,500.5,,متاح لدى المصدر,https://cdn.shopify.com/s/files/1/0935/9550/0847/files/Group_1_copy_55.webp?v=1782204800,منتج ماء ميسيلار حراري للبشرة الحساسة من يورياج 250 مل من URIAGE. التصنيف المرجعي: العناية بالبشرة — عنايه بالبشره . الوسوم المرجعية: Cleanser، Makeup Removers، Sensitive Skin / Redness، Skin Care، Skin Concerns.,https://alfouadpharmacies.com/en/products/uriage-miciller-thermal-water-sensetive-250-ml,AlFouad Pharmacies,Verify usage rights before commercial publication,غير مثبت,غير مثبت,مرجعي فقط — غير معتمد للنشر التجاري,بيانات مرجعية متاحة؛ يلزم تحقق PM,ضمن الفحص المبدئي
10569802088751,matriskin-tr5-cream-50ml,كريم ماتريسكن تي آر/5 50 مل,AlFouad Pharmacies,العناية بالبشرة,العناية بالبشرة,1,بسيط,109957,799,239.7,559.3,,متاح لدى المصدر,https://cdn.shopify.com/s/files/1/0935/9550/0847/files/Matriskin-Tr5-Cream-50ML.webp?v=1754298793,منتج كريم ماتريسكن تي آر/5 50 مل من AlFouad Pharmacies. التصنيف المرجعي: العناية بالبشرة — بسيط. الوسوم المرجعية: Anti-Aging، Anti-aging Cream، Dehydrated Skin، Fine Lines & Wrinkles، Moisturizer Cream، Moisturizers، Skin Care، Skin Concerns.,https://alfouadpharmacies.com/en/products/matriskin-tr5-cream-50ml,AlFouad Pharmacies,Verify usage rights before commercial publication,غير مثبت,غير مثبت,مرجعي فقط — غير معتمد للنشر التجاري,بيانات مرجعية متاحة؛ يلزم تحقق PM,ضمن الفحص المبدئي
10569802023215,matriskin-radiance-kit-hyaluvit-c-serum-off-50,مجموعة ماتريسكن لإشراقة البشرة، سيروم هيالو+فيت سي، خصم 50%,AlFouad Pharmacies,العناية بالبشرة,العناية بالبشرة,1,بسيط,3837,869,260.7,608.3,,غير متاح لدى المصدر,https://cdn.shopify.com/s/files/1/0935/9550/0847/files/Matriskin-Radiance-Kit-Hyaluvit-C-Serum-Off-50.webp?v=1754298793,منتج مجموعة ماتريسكن لإشراقة البشرة، سيروم هيالو+فيت سي، خصم 50% من AlFouad Pharmacies. التصنيف المرجعي: العناية بالبشرة — بسيط. الوسوم المرجعية: Dark Spots، Dehydrated Skin، Even Skin Tone، Face Offers، Fine Lines & Wrinkles، Serums، Skin Care، Skin Concerns.,https://alfouadpharmacies.com/en/products/matriskin-radiance-kit-hyaluvit-c-serum-off-50,AlFouad Pharmacies,Verify usage rights before commercial publication,غير مثبت,غير مثبت,مرجعي فقط — غير معتمد للنشر التجاري,بيانات مرجعية متاحة؛ يلزم تحقق PM,ضمن الفحص المبدئي
10569801072943,matriskin-eye-perimeter-360-serum-15ml,مصل ماتريسكن لتنعيم منطقة حول العين 360 درجة 15 مل,AlFouad Pharmacies,العناية بالبشرة,العناية بالبشرة,1,بسيط,,599,179.7,419.3,,غير متاح لدى المصدر,https://cdn.shopify.com/s/files/1/0935/9550/0847/files/Matriskin-Eye-Perimeter-360-Serum-15ML.webp?v=1754298798,منتج مصل ماتريسكن لتنعيم منطقة حول العين 360 درجة 15 مل من AlFouad Pharmacies. التصنيف المرجعي: العناية بالبشرة — بسيط. الوسوم المرجعية: Dark Circles & Puffiness، Eye & Lip، Eye Care، Eye Contour Serum، Skin Care، Skin Concerns.,https://alfouadpharmacies.com/en/products/matriskin-eye-perimeter-360-serum-15ml,AlFouad Pharmacies,Verify usage rights before commercial publication,غير مثبت,غير مثبت,مرجعي فقط — غير معتمد للنشر التجاري,بيانات مرجعية متاحة؛ يلزم تحقق PM,ضمن الفحص المبدئي
10569746219311,la-roche-lipikar-syndet-400ml,لا روش بيسيكالير ليبيكار سَيندت 400 مل,La Roch Possay,العناية بالبشرة,العناية بالبشرة | العناية بالجسم,2,بسيط,95218,706,211.8,494.2,,غير متاح لدى المصدر,https://cdn.shopify.com/s/files/1/0935/9550/0847/files/La-Roche-Lipikar-Syndet-400ML.webp?v=1754298839,منتج لا روش بيسيكالير ليبيكار سَيندت 400 مل من La Roch Possay. التصنيف المرجعي: العناية بالبشرة — بسيط. الوسوم المرجعية: Body Care، Body Concerns، Body Wash، Cleanser، Dry Skin، Dry Skin body concerns، Dryness، Face Wash.,https://alfouadpharmacies.com/en/products/la-roche-lipikar-syndet-400ml,AlFouad Pharmacies,Verify usage rights before commercial publication,غير مثبت,غير مثبت,مرجعي فقط — غير معتمد للنشر التجاري,بيانات مرجعية متاحة؛ يلزم تحقق PM,ضمن الفحص المبدئي
10569744318767,isis-uveblock-spf-50-lotion-100ml,إيزيس. لوشن يو في بلوك SPF 50+ 100 مل,isis,العناية بالبشرة,العناية بالبشرة,1,واقي شمس,103832,1185,355.5,829.5,,متاح لدى المصدر,https://cdn.shopify.com/s/files/1/0935/9550/0847/files/1_-_2026-06-30T171559.000.webp?v=1782828970,منتج إيزيس. لوشن يو في بلوك SPF 50+ 100 مل من isis. التصنيف المرجعي: العناية بالبشرة — واقي شمس. الوسوم المرجعية: Skin Care، Skin Concerns، SPF 50، Sun Care، Sunscreen، Sunscreen Lotion.,https://alfouadpharmacies.com/en/products/isis-uveblock-spf-50-lotion-100ml,AlFouad Pharmacies,Verify usage rights before commercial publication,غير مثبت,غير مثبت,مرجعي فقط — غير معتمد للنشر التجاري,بيانات مرجعية متاحة؛ يلزم تحقق PM,ضمن الفحص المبدئي
10569741992239,eucerin-dermo-purifyer-protective-fluid-spf30-50ml,لوشن واقي من الشمس من يوسيرين ديرمو-بيوريفير SPF30 50 مل,Eucerin,العناية بالبشرة,العناية بالبشرة,1,بسيط,108457,895,268.5,626.5,0,غير متاح لدى المصدر,https://cdn.shopify.com/s/files/1/0935/9550/0847/files/1_-_2026-07-21T114040.208.webp?v=1784623531,منتج لوشن واقي من الشمس من يوسيرين ديرمو-بيوريفير SPF30 50 مل من Eucerin. التصنيف المرجعي: العناية بالبشرة — بسيط. الوسوم المرجعية: Acne & Blemishes، Oily Skin، Pores، Skin Care، Skin Concerns، Sun Care، Sunscreen، Sunscreen Fluid.,https://alfouadpharmacies.com/en/products/eucerin-dermo-purifyer-protective-fluid-spf30-50ml,AlFouad Pharmacies,Verify usage rights before commercial publication,غير مثبت,غير مثبت,مرجعي فقط — غير معتمد للنشر التجاري,بيانات مرجعية متاحة؛ يلزم تحقق PM,ضمن الفحص المبدئي
10569740714287,تونر-بيونيكس-رينساديرم-المنعش-200-مل,تونر بيونيكس رينساديرم المنعش 200 مل,BIONNEX,العناية بالبشرة,العناية بالبشرة,1,تونر ,103507,415,124.5,290.5,,متاح لدى المصدر,https://cdn.shopify.com/s/files/1/0935/9550/0847/files/1_-_2026-07-21T135104.226.webp?v=1784631087,منتج تونر بيونيكس رينساديرم المنعش 200 مل من BIONNEX. التصنيف المرجعي: العناية بالبشرة — تونر . الوسوم المرجعية: Oily Skin، Pores، Skin Care، Skin Concerns، Toners، Treatments.,https://alfouadpharmacies.com/en/products/تونر-بيونيكس-رينساديرم-المنعش-200-مل,AlFouad Pharmacies,Verify usage rights before commercial publication,غير مثبت,غير مثبت,مرجعي فقط — غير معتمد للنشر التجاري,بيانات مرجعية متاحة؛ يلزم تحقق PM,ضمن الفحص المبدئي
10569740615983,bionnex-preventiva-sunscreen-tcream-spf50-50ml,كريم واقي من الشمس بيونيكس بريفينتيڤا تي كريم SPF50+ 50 مل,BIONNEX,العناية بالبشرة,العناية بالبشرة,1,بسيط,8592,519,155.7,363.3,,متاح لدى المصدر,https://cdn.shopify.com/s/files/1/0935/9550/0847/files/1_-_2026-07-29T112053.605.webp?v=1785313293,منتج كريم واقي من الشمس بيونيكس بريفينتيڤا تي كريم SPF50+ 50 مل من BIONNEX. التصنيف المرجعي: العناية بالبشرة — بسيط. الوسوم المرجعية: Skin Care، Skin Concerns، SPF 50، Sun Care، Sunscreen، Sunscreen Tinted.,https://alfouadpharmacies.com/en/products/bionnex-preventiva-sunscreen-tcream-spf50-50ml,AlFouad Pharmacies,Verify usage rights before commercial publication,غير مثبت,غير مثبت,مرجعي فقط — غير معتمد للنشر التجاري,بيانات مرجعية متاحة؛ يلزم تحقق PM,ضمن الفحص المبدئي
10569737732399,beesline-lip-care-4gm-strawberry,بيزلين للعناية بالشفاه 4 غرام بنكهة الفراولة,Beesline,العناية بالبشرة,العناية بالبشرة,1,بسيط,95943,175,52.5,122.5,,غير متاح لدى المصدر,https://cdn.shopify.com/s/files/1/0935/9550/0847/files/Beesline-Lip-Care-4GM-Strawberry.webp?v=1754298962,منتج بيزلين للعناية بالشفاه 4 غرام بنكهة الفراولة من Beesline. التصنيف المرجعي: العناية بالبشرة — بسيط. الوسوم المرجعية: Dryness، Eye & Lip، Lip، Lip Balm، Skin Care، Skin Concerns.,https://alfouadpharmacies.com/en/products/beesline-lip-care-4gm-strawberry,AlFouad Pharmacies,Verify usage rights before commercial publication,غير مثبت,غير مثبت,مرجعي فقط — غير معتمد للنشر التجاري,بيانات مرجعية متاحة؛ يلزم تحقق PM,ضمن الفحص المبدئي
10569724526895,eva-skincare-hand-scrub-50ml-in-the-clouds,مقشر اليدين من إيفا للعناية بالبشرة 50 مل، رائحة الغيوم.,AlFouad Pharmacies,العناية بالبشرة,العناية بالبشرة,1,بسيط,19714,70,21,49,,متاح لدى المصدر,https://cdn.shopify.com/s/files/1/0935/9550/0847/files/Eva-Skincare-Hand-Scrub-50ml-in-the-Clouds.webp?v=1754299159,منتج مقشر اليدين من إيفا للعناية بالبشرة 50 مل، رائحة الغيوم. من AlFouad Pharmacies. التصنيف المرجعي: العناية بالبشرة — بسيط. الوسوم المرجعية: Skin Care.,https://alfouadpharmacies.com/en/products/eva-skincare-hand-scrub-50ml-in-the-clouds,AlFouad Pharmacies,Verify usage rights before commercial publication,غير مثبت,غير مثبت,مرجعي فقط — غير معتمد للنشر التجاري,بيانات مرجعية متاحة؛ يلزم تحقق PM,ضمن الفحص المبدئي
10569719513391,eva-skincare-aloe-panthe-vit-e-soft-cream-50gm,كريم إيفا للعناية بالبشرة، الصبار، البانثين وفيتامين إي، ناعم، 50 جرام,AlFouad Pharmacies,العناية بالبشرة,العناية بالبشرة,1,بسيط,25658,28,8.4,19.6,,متاح لدى المصدر,https://cdn.shopify.com/s/files/1/0935/9550/0847/files/Eva-Skincare-Aloe-Panthe-Vit-E-Soft-Cream-50gm.webp?v=1754299231,منتج كريم إيفا للعناية بالبشرة، الصبار، البانثين وفيتامين إي، ناعم، 50 جرام من AlFouad Pharmacies. التصنيف المرجعي: العناية بالبشرة — بسيط. الوسوم المرجعية: Moisturizer Cream، Moisturizers، Skin Care.,https://alfouadpharmacies.com/en/products/eva-skincare-aloe-panthe-vit-e-soft-cream-50gm,AlFouad Pharmacies,Verify usage rights before commercial publication,غير مثبت,غير مثبت,مرجعي فقط — غير معتمد للنشر التجاري,بيانات مرجعية متاحة؛ يلزم تحقق PM,ضمن الفحص المبدئي
10569719447855,evasiline-petrroleum-jelly-70gm-jar,فازلين جل بتروليوم 70 غرام (عبوة زجاجية),AlFouad Pharmacies,العناية بالبشرة,العناية بالبشرة,1,بسيط,110733,50,15,35,,متاح لدى المصدر,https://cdn.shopify.com/s/files/1/0935/9550/0847/files/Evasiline-Petrroleum-Jelly-70gm-Jar.webp?v=1754299232,منتج فازلين جل بتروليوم 70 غرام (عبوة زجاجية) من AlFouad Pharmacies. التصنيف المرجعي: العناية بالبشرة — بسيط. الوسوم المرجعية: Moisturizer Gel، Moisturizers، Skin Care.,https://alfouadpharmacies.com/en/products/evasiline-petrroleum-jelly-70gm-jar,AlFouad Pharmacies,Verify usage rights before commercial publication,غير مثبت,غير مثبت,مرجعي فقط — غير معتمد للنشر التجاري,بيانات مرجعية متاحة؛ يلزم تحقق PM,ضمن الفحص المبدئي
10569719284015,eva-skin-cream-20gm-yogh-cucumber,كريم إيفا للبشرة 20 جرام (زبادي وخيار),AlFouad Pharmacies,العناية بالبشرة,العناية بالبشرة,1,بسيط,12476,14,4.2,9.8,,متاح لدى المصدر,https://cdn.shopify.com/s/files/1/0935/9550/0847/files/Eva-Skin-Cream-20gm-Yogh-Cucumber.webp?v=1754299235,منتج كريم إيفا للبشرة 20 جرام (زبادي وخيار) من AlFouad Pharmacies. التصنيف المرجعي: العناية بالبشرة — بسيط. الوسوم المرجعية: Moisturizer Cream، Moisturizers، Skin Care.,https://alfouadpharmacies.com/en/products/eva-skin-cream-20gm-yogh-cucumber,AlFouad Pharmacies,Verify usage rights before commercial publication,غير مثبت,غير مثبت,مرجعي فقط — غير معتمد للنشر التجاري,بيانات مرجعية متاحة؛ يلزم تحقق PM,ضمن الفحص المبدئي
10569718759727,cleo-rich-moisture-face-body-cream-200ml,كريم الوجه والجسم المرطب الغني من كليو 200 مل,AlFouad Pharmacies,العناية بالبشرة,العناية بالبشرة,1,بسيط,,140,42,98,,غير متاح لدى المصدر,https://cdn.shopify.com/s/files/1/0935/9550/0847/files/Cleo-Rich-Moisture-Face-Body-Cream-200ml.webp?v=1754299241,منتج كريم الوجه والجسم المرطب الغني من كليو 200 مل من AlFouad Pharmacies. التصنيف المرجعي: العناية بالبشرة — بسيط. الوسوم المرجعية: Creams، Moisturizers، Skin Care.,https://alfouadpharmacies.com/en/products/cleo-rich-moisture-face-body-cream-200ml,AlFouad Pharmacies,Verify usage rights before commercial publication,غير مثبت,غير مثبت,مرجعي فقط — غير معتمد للنشر التجاري,بيانات مرجعية متاحة؛ يلزم تحقق PM,ضمن الفحص المبدئي
10569716400431,dermatique-refine-purifying-cleansing-gel-150ml,جل تنظيف ديرماتيك ريفاين المنقي 150 مل,AlFouad Pharmacies,العناية بالبشرة,العناية بالبشرة,1,بسيط,7533,300,90,210,,غير متاح لدى المصدر,https://cdn.shopify.com/s/files/1/0935/9550/0847/files/Dermatique-Refine-Purifying-Cleansing-Gel-150ml.webp?v=1754299266,منتج جل تنظيف ديرماتيك ريفاين المنقي 150 مل من AlFouad Pharmacies. التصنيف المرجعي: العناية بالبشرة — بسيط. الوسوم المرجعية: Cleanser، Face Wash، Skin Care.,https://alfouadpharmacies.com/en/products/dermatique-refine-purifying-cleansing-gel-150ml,AlFouad Pharmacies,Verify usage rights before commercial publication,غير مثبت,غير مثبت,مرجعي فقط — غير معتمد للنشر التجاري,بيانات مرجعية متاحة؛ يلزم تحقق PM,ضمن الفحص المبدئي
10569716236591,dermatique-ultra-rich-moisture-150ml-face-body,ديرماتيك مرطب غني جداً 150 مل للوجه والجسم,AlFouad Pharmacies,العناية بالبشرة,العناية بالبشرة,1,بسيط,7342,360,108,252,,غير متاح لدى المصدر,https://cdn.shopify.com/s/files/1/0935/9550/0847/files/Dermatique-Ultra-Rich-Moisture-150ml-Face-Body.webp?v=1754299269,منتج ديرماتيك مرطب غني جداً 150 مل للوجه والجسم من AlFouad Pharmacies. التصنيف المرجعي: العناية بالبشرة — بسيط. الوسوم المرجعية: Moisturizer Cream، Moisturizers، Skin Care.,https://alfouadpharmacies.com/en/products/dermatique-ultra-rich-moisture-150ml-face-body,AlFouad Pharmacies,Verify usage rights before commercial publication,غير مثبت,غير مثبت,مرجعي فقط — غير معتمد للنشر التجاري,بيانات مرجعية متاحة؛ يلزم تحقق PM,ضمن الفحص المبدئي
10569715515695,eva-facial-wash-150ml-glycerin-dry-skin,غسول الوجه إيفا 150 مل، جليسرين (للبشرة الجافة),AlFouad Pharmacies,العناية بالبشرة,العناية بالبشرة,1,بسيط,12396,70,21,49,,متاح لدى المصدر,https://cdn.shopify.com/s/files/1/0935/9550/0847/files/Eva-Facial-Wash-150ml-Glycerin-Dry-Skin.webp?v=1754299284,منتج غسول الوجه إيفا 150 مل، جليسرين (للبشرة الجافة) من AlFouad Pharmacies. التصنيف المرجعي: العناية بالبشرة — بسيط. الوسوم المرجعية: Cleanser، Face Wash، Skin Care.,https://alfouadpharmacies.com/en/products/eva-facial-wash-150ml-glycerin-dry-skin,AlFouad Pharmacies,Verify usage rights before commercial publication,غير مثبت,غير مثبت,مرجعي فقط — غير معتمد للنشر التجاري,بيانات مرجعية متاحة؛ يلزم تحقق PM,ضمن الفحص المبدئي
10569715417391,dermactive-acti-solaire-melt-cream-ltint-spf50,كريم ديرم اكتيف اكتي سولير ذائب ذو لون فاتح SPF50+,DERMACTIVE,العناية بالبشرة,العناية بالبشرة,1,بسيط,4139,289,86.7,202.3,,متاح لدى المصدر,https://cdn.shopify.com/s/files/1/0935/9550/0847/files/Dermactive-Acti-Solaire-Melt-Cream-L.TINT-SPF50.webp?v=1754299287,منتج كريم ديرم اكتيف اكتي سولير ذائب ذو لون فاتح SPF50+ من DERMACTIVE. التصنيف المرجعي: العناية بالبشرة — بسيط. الوسوم المرجعية: Skin Care، Skin Concerns، Sun Care، Sunscreen، Sunscreen Tinted.,https://alfouadpharmacies.com/en/products/dermactive-acti-solaire-melt-cream-ltint-spf50,AlFouad Pharmacies,Verify usage rights before commercial publication,غير مثبت,غير مثبت,مرجعي فقط — غير معتمد للنشر التجاري,بيانات مرجعية متاحة؛ يلزم تحقق PM,ضمن الفحص المبدئي
10569715188015,eva-facial-wash-150ml-yoghurt-cucumber-oily-skin,غسول الوجه إيفا 150 مل، زبادي وخيار (للبشرة الدهنية),AlFouad Pharmacies,العناية بالبشرة,العناية بالبشرة,1,بسيط,28011,70,21,49,,متاح لدى المصدر,https://cdn.shopify.com/s/files/1/0935/9550/0847/files/Eva-Facial-Wash-150ml-Yoghurt-Cucumber-oily-Skin.webp?v=1754299290,منتج غسول الوجه إيفا 150 مل، زبادي وخيار (للبشرة الدهنية) من AlFouad Pharmacies. التصنيف المرجعي: العناية بالبشرة — بسيط. الوسوم المرجعية: Cleanser، Face Wash، Oily Skin، Skin Care، Skin Concerns.,https://alfouadpharmacies.com/en/products/eva-facial-wash-150ml-yoghurt-cucumber-oily-skin,AlFouad Pharmacies,Verify usage rights before commercial publication,غير مثبت,غير مثبت,مرجعي فقط — غير معتمد للنشر التجاري,بيانات مرجعية متاحة؛ يلزم تحقق PM,ضمن الفحص المبدئي
10569714598191,alejon-oily-skin-gel-cleanser-150ml,جل منظف للبشرة الدهنية من أليجون 150 مل,ALEJON,العناية بالبشرة,العناية بالبشرة,1,بسيط,19080,245,73.5,171.5,,متاح لدى المصدر,https://cdn.shopify.com/s/files/1/0935/9550/0847/files/Alejon-Oily-Skin-Gel-Cleanser-150ml.webp?v=1754299302,منتج جل منظف للبشرة الدهنية من أليجون 150 مل من ALEJON. التصنيف المرجعي: العناية بالبشرة — بسيط. الوسوم المرجعية: Acne & Blemishes، Cleanser، Face Wash، Skin Care، Skin Concerns.,https://alfouadpharmacies.com/en/products/alejon-oily-skin-gel-cleanser-150ml,AlFouad Pharmacies,Verify usage rights before commercial publication,غير مثبت,غير مثبت,مرجعي فقط — غير معتمد للنشر التجاري,بيانات مرجعية متاحة؛ يلزم تحقق PM,ضمن الفحص المبدئي
10569714368815,eva-skin-cream-20gm-honey,كريم إيفا للبشرة 20 جرام (عسل),AlFouad Pharmacies,العناية بالبشرة,العناية بالبشرة,1,بسيط,12461,14,4.2,9.8,,متاح لدى المصدر,https://cdn.shopify.com/s/files/1/0935/9550/0847/files/Eva-Skin-Cream-20gm-Honey.webp?v=1754299307,منتج كريم إيفا للبشرة 20 جرام (عسل) من AlFouad Pharmacies. التصنيف المرجعي: العناية بالبشرة — بسيط. الوسوم المرجعية: Moisturizer Cream، Moisturizers، Skin Care.,https://alfouadpharmacies.com/en/products/eva-skin-cream-20gm-honey,AlFouad Pharmacies,Verify usage rights before commercial publication,غير مثبت,غير مثبت,مرجعي فقط — غير معتمد للنشر التجاري,بيانات مرجعية متاحة؛ يلزم تحقق PM,ضمن الفحص المبدئي
10569713942831,infinity-whitening-cream-60ml-11-off,كريم إنفينيتي لتفتيح البشرة 60 مل، عرض 1+1,AlFouad Pharmacies,العناية بالبشرة,العناية بالبشرة,1,بسيط,6795,150,45,105,,غير متاح لدى المصدر,https://cdn.shopify.com/s/files/1/0935/9550/0847/files/Infinity-Whitening-Cream-60ml-11-Off.webp?v=1754299315,منتج كريم إنفينيتي لتفتيح البشرة 60 مل، عرض 1+1 من AlFouad Pharmacies. التصنيف المرجعي: العناية بالبشرة — بسيط. الوسوم المرجعية: Skin Care، Skincare Offers.,https://alfouadpharmacies.com/en/products/infinity-whitening-cream-60ml-11-off,AlFouad Pharmacies,Verify usage rights before commercial publication,غير مثبت,غير مثبت,مرجعي فقط — غير معتمد للنشر التجاري,بيانات مرجعية متاحة؛ يلزم تحقق PM,ضمن الفحص المبدئي
16184917098799,bioderma-sebium-gommant-micro-exfoliating-cleansing-gel-75ml,Bioderma Sébium Gommant Micro-Exfoliating Cleansing Gel 75ml,Bioderma,العناية بالبشرة,العناية بالبشرة,1,Oily Skin,116578,635,190.5,444.5,,متاح لدى المصدر,https://cdn.shopify.com/s/files/1/0935/9550/0847/files/feel_22_packshot_-_2026-06-29T155541.520.webp?v=1790165882,منتج Bioderma Sébium Gommant Micro-Exfoliating Cleansing Gel 75ml من Bioderma. التصنيف المرجعي: العناية بالبشرة — Oily Skin. الحجم المذكور: 75 ml. الوسوم المرجعية: Oily Skin.,https://alfouadpharmacies.com/en/products/bioderma-sebium-gommant-micro-exfoliating-cleansing-gel-75ml,AlFouad Pharmacies,Verify usage rights before commercial publication,غير مثبت,غير مثبت,مرجعي فقط — غير معتمد للنشر التجاري,بيانات مرجعية متاحة؛ يلزم تحقق PM,ضمن الفحص المبدئي
16108935643439,درمدك-نورماكني-كريم-مرطب-للبشرة-الدهنية-40-مل,"درمدك نورماكني كريم مرطب للبشرة الدهنية 40 مل
",DERMEDIC,العناية بالبشرة,العناية بالبشرة,1,كريم ترطيب ,117436,950,285,665,,متاح لدى المصدر,https://cdn.shopify.com/s/files/1/0935/9550/0847/files/wwwprodukt-2026-01-15T142924.373.webp?v=1785746412,"منتج درمدك نورماكني كريم مرطب للبشرة الدهنية 40 مل
 من DERMEDIC. التصنيف المرجعي: العناية بالبشرة — كريم ترطيب . الوسوم المرجعية: Moisturizer Cream، Oily Skin.",https://alfouadpharmacies.com/en/products/درمدك-نورماكني-كريم-مرطب-للبشرة-الدهنية-40-مل,AlFouad Pharmacies,Verify usage rights before commercial publication,غير مثبت,غير مثبت,مرجعي فقط — غير معتمد للنشر التجاري,بيانات مرجعية متاحة؛ يلزم تحقق PM,ضمن الفحص المبدئي
16108459950383,درمديك-هيدران-هيالو-سيرم-مرطب-30-مل,درمديك هيدران هيالو سيرم مرطب 30 مل,DERMEDIC,العناية بالبشرة,العناية بالبشرة,1,سيرم للبشره الجافه و الحساسه ,117582,1250,375,875,,متاح لدى المصدر,https://cdn.shopify.com/s/files/1/0935/9550/0847/files/wwwprodukt-2025-07-16T151105.789.webp?v=1785680833,منتج درمديك هيدران هيالو سيرم مرطب 30 مل من DERMEDIC. التصنيف المرجعي: العناية بالبشرة — سيرم للبشره الجافه و الحساسه . الوسوم المرجعية: Dry Skin، Sensetive Skin، Serums، skin، Skin Care.,https://alfouadpharmacies.com/en/products/درمديك-هيدران-هيالو-سيرم-مرطب-30-مل,AlFouad Pharmacies,Verify usage rights before commercial publication,غير مثبت,غير مثبت,مرجعي فقط — غير معتمد للنشر التجاري,بيانات مرجعية متاحة؛ يلزم تحقق PM,ضمن الفحص المبدئي
16107356094767,غسول-سترالاين-للوجه-والجسم-200مل,غسول​​ سترالاين للوجه والجسم 200مل,HAYAH,العناية بالبشرة,العناية بالبشرة,1,غسول ,109246,243,72.9,170.1,,متاح لدى المصدر,https://cdn.shopify.com/s/files/1/0935/9550/0847/files/Hayah_laboratories_03-09-20261235.webp?v=1785590597,منتج غسول​​ سترالاين للوجه والجسم 200مل من HAYAH. التصنيف المرجعي: العناية بالبشرة — غسول . الوسوم المرجعية: Cleanser، Dry Skin.,https://alfouadpharmacies.com/en/products/غسول-سترالاين-للوجه-والجسم-200مل,AlFouad Pharmacies,Verify usage rights before commercial publication,غير مثبت,غير مثبت,مرجعي فقط — غير معتمد للنشر التجاري,بيانات مرجعية متاحة؛ يلزم تحقق PM,ضمن الفحص المبدئي
16107348656431,لوشن-تونيك-سيباكلار-للبشرة-الدهنية-200مل,لوشن تونيك سيباكلار للبشرة الدهنية 200مل,HAYAH,العناية بالبشرة,العناية بالبشرة,1,تونر ,116760,239,71.7,167.3,,متاح لدى المصدر,https://cdn.shopify.com/s/files/1/0935/9550/0847/files/Hayah_laboratories_03-09-20261245.webp?v=1785586982,منتج لوشن تونيك سيباكلار للبشرة الدهنية 200مل من HAYAH. التصنيف المرجعي: العناية بالبشرة — تونر . الوسوم المرجعية: Micellar water، Oily Skin، Toners.,https://alfouadpharmacies.com/en/products/لوشن-تونيك-سيباكلار-للبشرة-الدهنية-200مل,AlFouad Pharmacies,Verify usage rights before commercial publication,غير مثبت,غير مثبت,مرجعي فقط — غير معتمد للنشر التجاري,بيانات مرجعية متاحة؛ يلزم تحقق PM,ضمن الفحص المبدئي
16107347280175,كريم-سيباكلار-المقشر-50مل,كريم سيباكلار المقشر 50مل,HAYAH,العناية بالبشرة,العناية بالبشرة,1,بشره دهنيه ,12569,286,85.8,200.2,,متاح لدى المصدر,https://cdn.shopify.com/s/files/1/0935/9550/0847/files/Hayah_laboratories_03-09-20261243.webp?v=1785586326,منتج كريم سيباكلار المقشر 50مل من HAYAH. التصنيف المرجعي: العناية بالبشرة — بشره دهنيه . الوسوم المرجعية: Acne & Blemishes، Oily Skin، Skin Care.,https://alfouadpharmacies.com/en/products/كريم-سيباكلار-المقشر-50مل,AlFouad Pharmacies,Verify usage rights before commercial publication,غير مثبت,غير مثبت,مرجعي فقط — غير معتمد للنشر التجاري,بيانات مرجعية متاحة؛ يلزم تحقق PM,ضمن الفحص المبدئي
16103661011247,skinify-niacinamide-glycolic-acid-7-toning-solution-200-ml,SKINIFY NIACINAMIDE+GLYCOLIC ACID 7% TONING SOLUTION 200 ML,SKINIFY,العناية بالبشرة,العناية بالبشرة,1,Toner,117066,700,210,490,,متاح لدى المصدر,https://cdn.shopify.com/s/files/1/0935/9550/0847/files/Untitled-design-2026-03-16T141324.695-510x510.webp?v=1785317603,منتج SKINIFY NIACINAMIDE+GLYCOLIC ACID 7% TONING SOLUTION 200 ML من SKINIFY. التصنيف المرجعي: العناية بالبشرة — Toner. الحجم المذكور: 200 ML. الوسوم المرجعية: Skin Care.,https://alfouadpharmacies.com/en/products/skinify-niacinamide-glycolic-acid-7-toning-solution-200-ml,AlFouad Pharmacies,Verify usage rights before commercial publication,غير مثبت,غير مثبت,مرجعي فقط — غير معتمد للنشر التجاري,بيانات مرجعية متاحة؛ يلزم تحقق PM,ضمن الفحص المبدئي
16098371338543,سيروم-سكيني-فاي-المكون-من-الببتيدات-المتعددة-لشد-التجاعيد,سيروم سكيني فاي المكون من الببتيدات المتعددة لشد التجاعيد,SKINIFY,العناية بالبشرة,العناية بالبشرة,1,سيروم,117215,650,195,455,,متاح لدى المصدر,https://cdn.shopify.com/s/files/1/0935/9550/0847/files/skinify_multi_peptides_1615.webp?v=1784534429,منتج سيروم سكيني فاي المكون من الببتيدات المتعددة لشد التجاعيد من SKINIFY. التصنيف المرجعي: العناية بالبشرة — سيروم. الوسوم المرجعية: Serums، Skin Care.,https://alfouadpharmacies.com/en/products/سيروم-سكيني-فاي-المكون-من-الببتيدات-المتعددة-لشد-التجاعيد,AlFouad Pharmacies,Verify usage rights before commercial publication,غير مثبت,غير مثبت,مرجعي فقط — غير معتمد للنشر التجاري,بيانات مرجعية متاحة؛ يلزم تحقق PM,ضمن الفحص المبدئي
16098346402095,غسول-سكيني-فاي-فيتامين-سي-لتوحيد-لون-البشرة-والنضارة,غسول سكيني فاي فيتامين سي لتوحيد لون البشرة والنضارة,SKINIFY,العناية بالبشرة,العناية بالبشرة,1,غسول ,117057,490,147,343,,متاح لدى المصدر,https://cdn.shopify.com/s/files/1/0935/9550/0847/files/skinify_ascorbic_cleanser_1615.webp?v=1784531771,منتج غسول سكيني فاي فيتامين سي لتوحيد لون البشرة والنضارة من SKINIFY. التصنيف المرجعي: العناية بالبشرة — غسول . الوسوم المرجعية: Cleanser، Skin Care.,https://alfouadpharmacies.com/en/products/غسول-سكيني-فاي-فيتامين-سي-لتوحيد-لون-البشرة-والنضارة,AlFouad Pharmacies,Verify usage rights before commercial publication,غير مثبت,غير مثبت,مرجعي فقط — غير معتمد للنشر التجاري,بيانات مرجعية متاحة؛ يلزم تحقق PM,ضمن الفحص المبدئي
16035812999471,eqqualberry-vitamin-illuminating-serum-30-ml,إيكوال بيري سيروم فيتامين للإشراقة 30 مل,korean product,العناية بالبشرة,العناية بالبشرة | الجمال الكوري,2,سيرم,114720,1950,585,1365,,متاح لدى المصدر,https://cdn.shopify.com/s/files/1/0935/9550/0847/files/eqqual_berry_vitamin_illuminating_serum_1615x1615_0e03ae28-d286-46d2-bb2b-24370de5f0d6.webp?v=1788157770,منتج إيكوال بيري سيروم فيتامين للإشراقة 30 مل من korean product. التصنيف المرجعي: العناية بالبشرة — سيرم. الوسوم المرجعية: Serums، Skin Care، Vitamin C، Whitening Serum.,https://alfouadpharmacies.com/en/products/eqqualberry-vitamin-illuminating-serum-30-ml,AlFouad Pharmacies,Verify usage rights before commercial publication,غير مثبت,غير مثبت,مرجعي فقط — غير معتمد للنشر التجاري,بيانات مرجعية متاحة؛ يلزم تحقق PM,ضمن الفحص المبدئي
16018909135151,lixora-sk-aromal-oily-skin-foam-cleanser-200ml,ليكسورا SK غسول البشرة الدهنية والمعرضة للحبوب 200 مل,LIXORA,العناية بالبشرة,العناية بالبشرة,1,غسول للبشره الدهنيه و المخطلته ,110358,299,89.7,209.3,,متاح لدى المصدر,https://cdn.shopify.com/s/files/1/0935/9550/0847/files/Rejuvenatingcleanser.webp?v=1780996267,منتج ليكسورا SK غسول البشرة الدهنية والمعرضة للحبوب 200 مل من LIXORA. التصنيف المرجعي: العناية بالبشرة — غسول للبشره الدهنيه و المخطلته . الوسوم المرجعية: Cleanser، Oily Skin، Skin Care.,https://alfouadpharmacies.com/en/products/lixora-sk-aromal-oily-skin-foam-cleanser-200ml,AlFouad Pharmacies,Verify usage rights before commercial publication,غير مثبت,غير مثبت,مرجعي فقط — غير معتمد للنشر التجاري,بيانات مرجعية متاحة؛ يلزم تحقق PM,ضمن الفحص المبدئي
16018904678703,lixora-sk-aromal-whitening-serum-50ml,ليكسورا SK أرومال سيروم تفتيح البشرة وإزالة البقع الداكنة 50 مل,LIXORA,العناية بالبشرة,العناية بالبشرة,1,سيرم تفتيح ,108540,800,240,560,,متاح لدى المصدر,https://cdn.shopify.com/s/files/1/0935/9550/0847/files/1_59.webp?v=1780994075,منتج ليكسورا SK أرومال سيروم تفتيح البشرة وإزالة البقع الداكنة 50 مل من LIXORA. التصنيف المرجعي: العناية بالبشرة — سيرم تفتيح . الوسوم المرجعية: Skin Care، Whitening، Whitening Serum.,https://alfouadpharmacies.com/en/products/lixora-sk-aromal-whitening-serum-50ml,AlFouad Pharmacies,Verify usage rights before commercial publication,غير مثبت,غير مثبت,مرجعي فقط — غير معتمد للنشر التجاري,بيانات مرجعية متاحة؛ يلزم تحقق PM,ضمن الفحص المبدئي
16018897273135,lixora-sk-aromal-whitening-foam-cleanser-200ml,ليكسورا SK غسول البشرة لتوحيد اللون والإشراقة 200 مل,LIXORA,العناية بالبشرة,العناية بالبشرة,1,whitening cleancer,110359,299,89.7,209.3,,متاح لدى المصدر,https://cdn.shopify.com/s/files/1/0935/9550/0847/files/1_58.webp?v=1780990606,منتج ليكسورا SK غسول البشرة لتوحيد اللون والإشراقة 200 مل من LIXORA. التصنيف المرجعي: العناية بالبشرة — whitening cleancer. الوسوم المرجعية: Cleanser، Skin Care.,https://alfouadpharmacies.com/en/products/lixora-sk-aromal-whitening-foam-cleanser-200ml,AlFouad Pharmacies,Verify usage rights before commercial publication,غير مثبت,غير مثبت,مرجعي فقط — غير معتمد للنشر التجاري,بيانات مرجعية متاحة؛ يلزم تحقق PM,ضمن الفحص المبدئي
12886253207855,svr-ampoule-c-30ml,SVR Ampoule C 30ML,SVR,العناية بالبشرة,العناية بالبشرة,1,,115612,1699,509.7,1189.3,,متاح لدى المصدر,https://cdn.shopify.com/s/files/1/0935/9550/0847/files/SVR_Ampoule_C_30ml_1_1615x1615_a3e2b945-89a1-4657-a67e-79283bf53df1.webp?v=1772367186,منتج SVR Ampoule C 30ML من SVR. التصنيف المرجعي: العناية بالبشرة. الحجم المذكور: 30 ML. الوسوم المرجعية: Even Skin Tone، Even Skin Tone / Pigmentation، Serums.,https://alfouadpharmacies.com/en/products/svr-ampoule-c-30ml,AlFouad Pharmacies,Verify usage rights before commercial publication,غير مثبت,غير مثبت,مرجعي فقط — غير معتمد للنشر التجاري,بيانات مرجعية متاحة؛ يلزم تحقق PM,ضمن الفحص المبدئي
12886148448559,svr-ampoule-b-30ml,SVR Ampoule B 30ML,SVR,العناية بالبشرة,العناية بالبشرة,1,,115611,1699,509.7,1189.3,,متاح لدى المصدر,https://cdn.shopify.com/s/files/1/0935/9550/0847/files/SVRAMPOULEB30ML.webp?v=1772366907,منتج SVR Ampoule B 30ML من SVR. التصنيف المرجعي: العناية بالبشرة. الحجم المذكور: 30 ML. الوسوم المرجعية: Dehydrated Skin، Pores، Sensetive Skin، Sensitive Skin / Redness.,https://alfouadpharmacies.com/en/products/svr-ampoule-b-30ml,AlFouad Pharmacies,Verify usage rights before commercial publication,غير مثبت,غير مثبت,مرجعي فقط — غير معتمد للنشر التجاري,بيانات مرجعية متاحة؛ يلزم تحقق PM,ضمن الفحص المبدئي
12689780801839,starville-roll-on-60ml-whitening,ستارفيل رول أون 60 مل لتفتيح البشرة,parkville,العناية بالبشرة,العناية بالبشرة | العناية بالجسم,2,بسيط,103611,150,45,105,,متاح لدى المصدر,https://cdn.shopify.com/s/files/1/0935/9550/0847/files/StarvilleRollOn60mlWhitening.webp?v=1771839658,منتج ستارفيل رول أون 60 مل لتفتيح البشرة من parkville. التصنيف المرجعي: العناية بالبشرة — بسيط. الوسوم المرجعية: Body Care، Body Concerns، Deodrant، Even Skin Tone / Pigmentation، starville.,https://alfouadpharmacies.com/en/products/starville-roll-on-60ml-whitening,AlFouad Pharmacies,Verify usage rights before commercial publication,غير مثبت,غير مثبت,مرجعي فقط — غير معتمد للنشر التجاري,بيانات مرجعية متاحة؛ يلزم تحقق PM,ضمن الفحص المبدئي
12689780212015,one-hair-removing-40gm-cream-sensitive,كريم إزالة الشعر ون، 40 غرام، للبشرة الحساسة,AlFouad Pharmacies,العناية بالبشرة,العناية بالبشرة | العناية بالجسم,2,بسيط,81355,24,7.2,16.8,,متاح لدى المصدر,https://cdn.shopify.com/s/files/1/0935/9550/0847/files/1_e5808e70-4794-42a5-9dc2-1e0f5fa165ad.webp?v=1772372038,منتج كريم إزالة الشعر ون، 40 غرام، للبشرة الحساسة من AlFouad Pharmacies. التصنيف المرجعي: العناية بالبشرة — بسيط. الوسوم المرجعية: Body Care، Body Concerns، Hair Removal، Sensetive Skin.,https://alfouadpharmacies.com/en/products/one-hair-removing-40gm-cream-sensitive,AlFouad Pharmacies,Verify usage rights before commercial publication,غير مثبت,غير مثبت,مرجعي فقط — غير معتمد للنشر التجاري,بيانات مرجعية متاحة؛ يلزم تحقق PM,ضمن الفحص المبدئي
12689552474415,dear-facial-cleanser-200ml,غسول الوجه دير 200 مل ,DEAR,العناية بالبشرة,العناية بالبشرة,1,,111332,400,120,280,,متاح لدى المصدر,https://cdn.shopify.com/s/files/1/0935/9550/0847/files/Dear_Facial_Cleanser_200ml_ECOM.webp?v=1771921657,منتج غسول الوجه دير 200 مل  من DEAR. التصنيف المرجعي: العناية بالبشرة. الوسوم المرجعية: Acne & Blemishes، Cleanser، Face Wash، Oily Skin، Pores.,https://alfouadpharmacies.com/en/products/dear-facial-cleanser-200ml,AlFouad Pharmacies,Verify usage rights before commercial publication,غير مثبت,غير مثبت,مرجعي فقط — غير معتمد للنشر التجاري,بيانات مرجعية متاحة؛ يلزم تحقق PM,ضمن الفحص المبدئي
12689539825967,leylak-hyaluronic-niacinamide-serum-30ml,ليلك - سيروم الهيالورونيك والنياسيناميد 30 مل,AlFouad Pharmacies,العناية بالبشرة,العناية بالبشرة,1,,112616,389,116.7,272.3,,متاح لدى المصدر,https://cdn.shopify.com/s/files/1/0935/9550/0847/files/Leylak_AntiAging_Serum_30ml_1615x1615_5a9c5e8c-b593-4e46-ba61-22373f5fb375.webp?v=1772350848,منتج ليلك - سيروم الهيالورونيك والنياسيناميد 30 مل من AlFouad Pharmacies. التصنيف المرجعي: العناية بالبشرة. الوسوم المرجعية: Acne & Blemishes، Even Skin Tone / Pigmentation، Oily Skin، Pores، Serums.,https://alfouadpharmacies.com/en/products/leylak-hyaluronic-niacinamide-serum-30ml,AlFouad Pharmacies,Verify usage rights before commercial publication,غير مثبت,غير مثبت,مرجعي فقط — غير معتمد للنشر التجاري,بيانات مرجعية متاحة؛ يلزم تحقق PM,ضمن الفحص المبدئي
12689456791855,innox-whitening-cleanser-150ml,منظف ​​إنوكس لتبييض البشرة 150 مل,Innox,العناية بالبشرة,العناية بالبشرة,1,,14281,350,105,245,0,متاح لدى المصدر,https://cdn.shopify.com/s/files/1/0935/9550/0847/files/Annox_LighteningFoam_150ml_PureWhite_1615x1615_5edff972-3956-42a1-af59-76ca9eb9c157.webp?v=1772200893,منتج منظف ​​إنوكس لتبييض البشرة 150 مل من Innox. التصنيف المرجعي: العناية بالبشرة. الوسوم المرجعية: Dark Spots، Even Skin Tone / Pigmentation، Face Wash، WHITENING CLEANSER.,https://alfouadpharmacies.com/en/products/innox-whitening-cleanser-150ml,AlFouad Pharmacies,Verify usage rights before commercial publication,غير مثبت,غير مثبت,مرجعي فقط — غير معتمد للنشر التجاري,بيانات مرجعية متاحة؛ يلزم تحقق PM,ضمن الفحص المبدئي
12689440047407,vacation-whitening-day-gel-spf30-60ml,جل تفتيح البشرة النهاري للعطلات بعامل حماية من الشمس 30+، 60 مل,vacation,العناية بالبشرة,العناية بالبشرة,1,,113998,275,82.5,192.5,,متاح لدى المصدر,https://cdn.shopify.com/s/files/1/0935/9550/0847/files/Vacation_UniWhite_SPF30_Day_Gel_60ml_Tube_1615x1615_24dfef04-5de6-461a-8d32-30d57f23818b.webp?v=1771848195,منتج جل تفتيح البشرة النهاري للعطلات بعامل حماية من الشمس 30+، 60 مل من vacation. التصنيف المرجعي: العناية بالبشرة. الوسوم المرجعية: Dark Spots، Day Cream، Even Skin Tone / Pigmentation.,https://alfouadpharmacies.com/en/products/vacation-whitening-day-gel-spf30-60ml,AlFouad Pharmacies,Verify usage rights before commercial publication,غير مثبت,غير مثبت,مرجعي فقط — غير معتمد للنشر التجاري,بيانات مرجعية متاحة؛ يلزم تحقق PM,ضمن الفحص المبدئي
10570010100015,leylak-ultra-moist-fluid-body-oil-150ml,زيت الجسم المرطب للغاية من ليلاك، سعة 150 مل,AlFouad Pharmacies,العناية بالبشرة,العناية بالبشرة | العناية بالجسم,2,بسيط,12854,319,95.7,223.3,,متاح لدى المصدر,https://cdn.shopify.com/s/files/1/0935/9550/0847/files/1-1.webp?v=1754297072,منتج زيت الجسم المرطب للغاية من ليلاك، سعة 150 مل من AlFouad Pharmacies. التصنيف المرجعي: العناية بالبشرة — بسيط. الوسوم المرجعية: Body Care، Body Concerns، Body Oil، Dry Skin body concerns، Sensetive Skin.,https://alfouadpharmacies.com/en/products/leylak-ultra-moist-fluid-body-oil-150ml,AlFouad Pharmacies,Verify usage rights before commercial publication,غير مثبت,غير مثبت,مرجعي فقط — غير معتمد للنشر التجاري,بيانات مرجعية متاحة؛ يلزم تحقق PM,ضمن الفحص المبدئي
10569911468335,collagen-skin-renewal-120-tablets-natrol,كولاجين لتجديد البشرة، 120 قرص (ناترول),AlFouad Pharmacies,العناية بالبشرة,العناية بالبشرة,1,بسيط,6046,1550,465,1085,,غير متاح لدى المصدر,https://cdn.shopify.com/s/files/1/0935/9550/0847/files/Collagen-Skin-Renewal-120-Tablets-Natrol.webp?v=1754297988,منتج كولاجين لتجديد البشرة، 120 قرص (ناترول) من AlFouad Pharmacies. التصنيف المرجعي: العناية بالبشرة — بسيط. الوسوم المرجعية: Adult Vitamins، Collagen، Skin & Hair Care، Vitamins، Vitamins & Supplements.,https://alfouadpharmacies.com/en/products/collagen-skin-renewal-120-tablets-natrol,AlFouad Pharmacies,Verify usage rights before commercial publication,غير مثبت,غير مثبت,مرجعي فقط — غير معتمد للنشر التجاري,بيانات مرجعية متاحة؛ يلزم تحقق PM,مراجعة نطاق/تنظيم قبل الإدراج
10569812050223,avuva-cold-wax-228-gm-mint-charcoal,شمع إزالة الشعر البارد أفوفا 228 غرام، نكهة النعناع والفحم,AlFouad Pharmacies,العناية بالبشرة,العناية بالبشرة | العناية بالجسم,2,بسيط,82018,100,30,70,,غير متاح لدى المصدر,https://cdn.shopify.com/s/files/1/0935/9550/0847/files/Avuva-Cold-Wax-228-GM-Mint-Charcoal.webp?v=1754298714,منتج شمع إزالة الشعر البارد أفوفا 228 غرام، نكهة النعناع والفحم من AlFouad Pharmacies. التصنيف المرجعي: العناية بالبشرة — بسيط. الوسوم المرجعية: Body Care، Body Concerns، Hair Removal، Sensetive Skin.,https://alfouadpharmacies.com/en/products/avuva-cold-wax-228-gm-mint-charcoal,AlFouad Pharmacies,Verify usage rights before commercial publication,غير مثبت,غير مثبت,مرجعي فقط — غير معتمد للنشر التجاري,بيانات مرجعية متاحة؛ يلزم تحقق PM,ضمن الفحص المبدئي
12689551261999,beesline-future-barrier-cream-50ml,كريم بيزلاين فيوتشر بارير 50 ​​مل,Beesline,العناية بالبشرة,العناية بالبشرة,1,,114018,777,233.1,543.9,,متاح لدى المصدر,https://cdn.shopify.com/s/files/1/0935/9550/0847/files/BEESLINE_FUTURE_BARRIER_V2_1615x1615_235e6ebd-3409-4baa-9bde-0939706f0970.webp?v=1771875609,منتج كريم بيزلاين فيوتشر بارير 50 ​​مل من Beesline. التصنيف المرجعي: العناية بالبشرة. الوسوم المرجعية: Anti-Aging، Dry Skin، Dryness، Fine Lines & Wrinkles.,https://alfouadpharmacies.com/en/products/beesline-future-barrier-cream-50ml,AlFouad Pharmacies,Verify usage rights before commercial publication,غير مثبت,غير مثبت,مرجعي فقط — غير معتمد للنشر التجاري,بيانات مرجعية متاحة؛ يلزم تحقق PM,ضمن الفحص المبدئي
12689540120879,vaseline-body-gel-oil-nourishing-moisture-200ml,فازلين جل للجسم بزيت مرطب ومغذي 200 مل,Vaseline,العناية بالبشرة,العناية بالبشرة | العناية بالجسم,2,زيت للجسم,31894,510,153,357,,غير متاح لدى المصدر,https://cdn.shopify.com/s/files/1/0935/9550/0847/files/Vaseline_Body_Gel_Oil_200ml_1615x1615_b3cd00a1-8dd9-4b1a-a7d4-8a6801200ba9.webp?v=1772280242,منتج فازلين جل للجسم بزيت مرطب ومغذي 200 مل من Vaseline. التصنيف المرجعي: العناية بالبشرة — زيت للجسم. الوسوم المرجعية: Body Care، Body Oil، Dry Skin.,https://alfouadpharmacies.com/en/products/vaseline-body-gel-oil-nourishing-moisture-200ml,AlFouad Pharmacies,Verify usage rights before commercial publication,غير مثبت,غير مثبت,مرجعي فقط — غير معتمد للنشر التجاري,بيانات مرجعية متاحة؛ يلزم تحقق PM,ضمن الفحص المبدئي
12689540055343,vaseline-body-gel-oil-vit-b3-even-tone-200ml,فازلين جل زيت للجسم بفيتامين ب3 لتوحيد لون البشرة 200 مل,Vaseline,العناية بالبشرة,العناية بالبشرة | العناية بالجسم,2,,112970,510,153,357,,غير متاح لدى المصدر,https://cdn.shopify.com/s/files/1/0935/9550/0847/files/Vaseline_Body_Gel_Oil_VitB3_200ml_1615x1615_52c76c56-85ea-4ea8-a2e2-3976270d39ce.webp?v=1772280358,منتج فازلين جل زيت للجسم بفيتامين ب3 لتوحيد لون البشرة 200 مل من Vaseline. التصنيف المرجعي: العناية بالبشرة. الوسوم المرجعية: Body Care، Body Oil، Dry Skin، Dryness، Even Skin Tone / Pigmentation.,https://alfouadpharmacies.com/en/products/vaseline-body-gel-oil-vit-b3-even-tone-200ml,AlFouad Pharmacies,Verify usage rights before commercial publication,غير مثبت,غير مثبت,مرجعي فقط — غير معتمد للنشر التجاري,بيانات مرجعية متاحة؛ يلزم تحقق PM,ضمن الفحص المبدئي
12689512890671,sanosan-mama-nipple-salve-cream-30ml,سانوسان ماما كريم العناية بالحلمة 30 مل,Sanosan,العناية بالبشرة,العناية بالبشرة,1,كريم العناية بالبشرة,116183,434.9,130.47,304.43,,غير متاح لدى المصدر,https://cdn.shopify.com/s/files/1/0935/9550/0847/files/Sanosan_Mama_Nipple_Salve_1615x1615_47553931-c12b-41af-978a-df8d1ac95963.webp?v=1771840335,منتج سانوسان ماما كريم العناية بالحلمة 30 مل من Sanosan. التصنيف المرجعي: العناية بالبشرة — كريم العناية بالبشرة. الوسوم المرجعية: Dry Skin، Dryness، Moisturizer Cream، Moisturizers، Women’s Health.,https://alfouadpharmacies.com/en/products/sanosan-mama-nipple-salve-cream-30ml,AlFouad Pharmacies,Verify usage rights before commercial publication,غير مثبت,غير مثبت,مرجعي فقط — غير معتمد للنشر التجاري,بيانات مرجعية متاحة؛ يلزم تحقق PM,ضمن الفحص المبدئي
12689485791535,aroma-vitamin-c-serum-30ml,سيروم فيتامين سي العطري 30 مل,AROMA,العناية بالبشرة,العناية بالبشرة,1,,83827,1512,453.6,1058.4,,متاح لدى المصدر,https://cdn.shopify.com/s/files/1/0935/9550/0847/files/AROMAVITAMINCSERUM30ML.webp?v=1771930290,منتج سيروم فيتامين سي العطري 30 مل من AROMA. التصنيف المرجعي: العناية بالبشرة. الوسوم المرجعية: Dark Spots، Even Skin Tone، Even Skin Tone / Pigmentation، Fine Lines & Wrinkles، Serums.,https://alfouadpharmacies.com/en/products/aroma-vitamin-c-serum-30ml,AlFouad Pharmacies,Verify usage rights before commercial publication,غير مثبت,غير مثبت,مرجعي فقط — غير معتمد للنشر التجاري,بيانات مرجعية متاحة؛ يلزم تحقق PM,ضمن الفحص المبدئي
12689485758767,aroma-daily-moist-face-cream-50ml,كريم الوجه المرطب اليومي أروما 50 مل,AROMA,العناية بالبشرة,العناية بالبشرة,1,,94969,1447.2,434.16,1013.04,,متاح لدى المصدر,https://cdn.shopify.com/s/files/1/0935/9550/0847/files/AROMADAILYMOISTFACECREAM50ML.webp?v=1771930215,منتج كريم الوجه المرطب اليومي أروما 50 مل من AROMA. التصنيف المرجعي: العناية بالبشرة. الوسوم المرجعية: Anti-Aging، Anti-aging Cream، Dry Skin، Dryness، Moisturizer Cream، Moisturizers.,https://alfouadpharmacies.com/en/products/aroma-daily-moist-face-cream-50ml,AlFouad Pharmacies,Verify usage rights before commercial publication,غير مثبت,غير مثبت,مرجعي فقط — غير معتمد للنشر التجاري,بيانات مرجعية متاحة؛ يلزم تحقق PM,ضمن الفحص المبدئي
12689441685807,aroma-hydrating-mist-spray-120ml,بخاخ مرطب برائحة عطرية 120 مل,AROMA,العناية بالبشرة,العناية بالبشرة | العناية بالجسم,2,,115203,896.4,268.92,627.48,,متاح لدى المصدر,https://cdn.shopify.com/s/files/1/0935/9550/0847/files/Aroma_Hydrating_Mist_Spray_120ml_1615x1615_73a3685a-5bfb-4551-b8d2-aac8f3402c3a.webp?v=1772281720,منتج بخاخ مرطب برائحة عطرية 120 مل من AROMA. التصنيف المرجعي: العناية بالبشرة. الوسوم المرجعية: Body Mist، Dehydrated Skin، Makeup Removers، Thermal Water.,https://alfouadpharmacies.com/en/products/aroma-hydrating-mist-spray-120ml,AlFouad Pharmacies,Verify usage rights before commercial publication,غير مثبت,غير مثبت,مرجعي فقط — غير معتمد للنشر التجاري,بيانات مرجعية متاحة؛ يلزم تحقق PM,ضمن الفحص المبدئي
10569725149487,starville-micellar-whitening-roll-on-offer,عرض رول أون ميسيلار ووايتنينج من ستارفيل,parkville,العناية بالبشرة,العناية بالبشرة | العناية بالجسم,2,بسيط,107268,140,42,98,,غير متاح لدى المصدر,https://cdn.shopify.com/s/files/1/0935/9550/0847/files/Starville-Micellar-Whitening-Roll-On-Offer.webp?v=1754299150,منتج عرض رول أون ميسيلار ووايتنينج من ستارفيل من parkville. التصنيف المرجعي: العناية بالبشرة — بسيط. الوسوم المرجعية: Body Care، Body Concerns، Deodrant، Even Skin Tone / Pigmentation، starville.,https://alfouadpharmacies.com/en/products/starville-micellar-whitening-roll-on-offer,AlFouad Pharmacies,Verify usage rights before commercial publication,غير مثبت,غير مثبت,مرجعي فقط — غير معتمد للنشر التجاري,بيانات مرجعية متاحة؛ يلزم تحقق PM,ضمن الفحص المبدئي
10569723871535,starville-whitening-stick-redberry-60gm,قلم تبييض ستار فيل، نكهة التوت الأحمر، 60 جرام,parkville,العناية بالبشرة,العناية بالبشرة | العناية بالجسم,2,بسيط,87225,350,105,245,,متاح لدى المصدر,https://cdn.shopify.com/s/files/1/0935/9550/0847/files/Starville-Whitening-Stick-Redberry-60gm.webp?v=1754299166,منتج قلم تبييض ستار فيل، نكهة التوت الأحمر، 60 جرام من parkville. التصنيف المرجعي: العناية بالبشرة — بسيط. الوسوم المرجعية: Body Care، Body Concerns، Deodrant، Even Skin Tone / Pigmentation، starville.,https://alfouadpharmacies.com/en/products/starville-whitening-stick-redberry-60gm,AlFouad Pharmacies,Verify usage rights before commercial publication,غير مثبت,غير مثبت,مرجعي فقط — غير معتمد للنشر التجاري,بيانات مرجعية متاحة؛ يلزم تحقق PM,ضمن الفحص المبدئي
10569723773231,infinity-fruityberry-roll-on-80ml-11-off,رول أون إنفينيتي فرويتي+بيري 80 مل (1+1) خصم,AlFouad Pharmacies,العناية بالبشرة,العناية بالبشرة | العناية بالجسم,2,بسيط,12423,220,66,154,,متاح لدى المصدر,https://cdn.shopify.com/s/files/1/0935/9550/0847/files/Infinity-Fruityberry-Roll-On-80ml-11-Off.webp?v=1754299167,منتج رول أون إنفينيتي فرويتي+بيري 80 مل (1+1) خصم من AlFouad Pharmacies. التصنيف المرجعي: العناية بالبشرة — بسيط. الوسوم المرجعية: Body Care، Body Concerns، Body Offers، Deodrant، Even Skin Tone / Pigmentation.,https://alfouadpharmacies.com/en/products/infinity-fruityberry-roll-on-80ml-11-off,AlFouad Pharmacies,Verify usage rights before commercial publication,غير مثبت,غير مثبت,مرجعي فقط — غير معتمد للنشر التجاري,بيانات مرجعية متاحة؛ يلزم تحقق PM,ضمن الفحص المبدئي
10569723445551,starville-whitening-stick-light-pink-60gm,قلم تفتيح ستار فيل، وردي فاتح، 60 غرام,parkville,العناية بالبشرة,العناية بالبشرة | العناية بالجسم,2,بسيط,89072,350,105,245,,متاح لدى المصدر,https://cdn.shopify.com/s/files/1/0935/9550/0847/files/Starville-Whitening-Stick-Light-Pink-60gm.webp?v=1754299171,منتج قلم تفتيح ستار فيل، وردي فاتح، 60 غرام من parkville. التصنيف المرجعي: العناية بالبشرة — بسيط. الوسوم المرجعية: Body Care، Body Concerns، Deodrant، Even Skin Tone / Pigmentation، starville.,https://alfouadpharmacies.com/en/products/starville-whitening-stick-light-pink-60gm,AlFouad Pharmacies,Verify usage rights before commercial publication,غير مثبت,غير مثبت,مرجعي فقط — غير معتمد للنشر التجاري,بيانات مرجعية متاحة؛ يلزم تحقق PM,ضمن الفحص المبدئي
10569722921263,starville-whitening-stick-lavender-grace-60gm,قلم تبييض ستار فيل، رائحة الخزامى، 60 غرام,parkville,العناية بالبشرة,العناية بالبشرة | العناية بالجسم,2,بسيط,94100,350,105,245,,متاح لدى المصدر,https://cdn.shopify.com/s/files/1/0935/9550/0847/files/Starville-Whitening-Stick-Lavender-Grace-60gm.webp?v=1754299179,منتج قلم تبييض ستار فيل، رائحة الخزامى، 60 غرام من parkville. التصنيف المرجعي: العناية بالبشرة — بسيط. الوسوم المرجعية: Body Care، Body Concerns، Deodrant، Even Skin Tone / Pigmentation، starville.,https://alfouadpharmacies.com/en/products/starville-whitening-stick-lavender-grace-60gm,AlFouad Pharmacies,Verify usage rights before commercial publication,غير مثبت,غير مثبت,مرجعي فقط — غير معتمد للنشر التجاري,بيانات مرجعية متاحة؛ يلزم تحقق PM,ضمن الفحص المبدئي
10569721676079,azha-deodrant-roll-on-blue-60ml-11-off,دواء أزها مزيل العرق بالكرة الزرقاء 60 مل، عرض 1+1,AlFouad Pharmacies,العناية بالبشرة,العناية بالبشرة | العناية بالجسم,2,بسيط,9496,349,104.7,244.3,,متاح لدى المصدر,https://cdn.shopify.com/s/files/1/0935/9550/0847/files/Azha-Deodrant-Roll-On-Blue-60ml-11-Off.webp?v=1754299199,منتج دواء أزها مزيل العرق بالكرة الزرقاء 60 مل، عرض 1+1 من AlFouad Pharmacies. التصنيف المرجعي: العناية بالبشرة — بسيط. الوسوم المرجعية: Body Care، Body Concerns، Body Offers، Deodrant، Even Skin Tone / Pigmentation.,https://alfouadpharmacies.com/en/products/azha-deodrant-roll-on-blue-60ml-11-off,AlFouad Pharmacies,Verify usage rights before commercial publication,غير مثبت,غير مثبت,مرجعي فقط — غير معتمد للنشر التجاري,بيانات مرجعية متاحة؛ يلزم تحقق PM,ضمن الفحص المبدئي
10569720758575,starville-roll-on-60ml-whitening-orient-pearl,ستارفيل رول أون مزيل عرق 60 مل لتفتيح البشرة (لؤلؤة الشرق),parkville,العناية بالبشرة,العناية بالبشرة | العناية بالجسم,2,بسيط,93009,150,45,105,,متاح لدى المصدر,https://cdn.shopify.com/s/files/1/0935/9550/0847/files/Starville-Roll-On-60ml-Whitening-Orient-Pearl.webp?v=1754299214,منتج ستارفيل رول أون مزيل عرق 60 مل لتفتيح البشرة (لؤلؤة الشرق) من parkville. التصنيف المرجعي: العناية بالبشرة — بسيط. الوسوم المرجعية: Body Care، Body Concerns، Deodrant، Even Skin Tone / Pigmentation، starville.,https://alfouadpharmacies.com/en/products/starville-roll-on-60ml-whitening-orient-pearl,AlFouad Pharmacies,Verify usage rights before commercial publication,غير مثبت,غير مثبت,مرجعي فقط — غير معتمد للنشر التجاري,بيانات مرجعية متاحة؛ يلزم تحقق PM,ضمن الفحص المبدئي
12689805345071,alejon-whitening-cream-50ml,كريم أليجون للتبييض 50 مل,ALEJON,العناية بالبشرة,العناية بالبشرة,1,بسيط,95132,345,103.5,241.5,,متاح لدى المصدر,https://cdn.shopify.com/s/files/1/0935/9550/0847/files/alejon_whitening_cream_ecommerce.webp?v=1771831872,منتج كريم أليجون للتبييض 50 مل من ALEJON. التصنيف المرجعي: العناية بالبشرة — بسيط. الوسوم المرجعية: Dark Spots، Skin Care، Skin Concerns، Treatment Cream، Treatments، whitening cream.,https://alfouadpharmacies.com/en/products/alejon-whitening-cream-50ml,AlFouad Pharmacies,Verify usage rights before commercial publication,غير مثبت,غير مثبت,مرجعي فقط — غير معتمد للنشر التجاري,بيانات مرجعية متاحة؛ يلزم تحقق PM,ضمن الفحص المبدئي
12689798660399,eva-skin-clinic-hyaluronic-micellar-water-200ml,ماء ميسيلار حمض الهيالورونيك من إيفا سكين كلينيك 200 مل,AlFouad Pharmacies,العناية بالبشرة,العناية بالبشرة,1,بسيط,17266,220,66,154,,متاح لدى المصدر,https://cdn.shopify.com/s/files/1/0935/9550/0847/files/dmjJTyNnxrMsDvdtim0eVdtsg5UnNuQwh4DIHOqh.webp?v=1771843268,منتج ماء ميسيلار حمض الهيالورونيك من إيفا سكين كلينيك 200 مل من AlFouad Pharmacies. التصنيف المرجعي: العناية بالبشرة — بسيط. الوسوم المرجعية: Cleanser، Dryness، Makeup Removers، Skin Care، Skin Concerns.,https://alfouadpharmacies.com/en/products/eva-skin-clinic-hyaluronic-micellar-water-200ml,AlFouad Pharmacies,Verify usage rights before commercial publication,غير مثبت,غير مثبت,مرجعي فقط — غير معتمد للنشر التجاري,بيانات مرجعية متاحة؛ يلزم تحقق PM,ضمن الفحص المبدئي
12689796923695,nebula-eye-contour-cream-30ml,كريم نيبولا لتنعيم منطقة حول العين 30 مل,Nebula,العناية بالبشرة,العناية بالبشرة,1,بسيط,2627,319,95.7,223.3,,غير متاح لدى المصدر,https://cdn.shopify.com/s/files/1/0935/9550/0847/files/Nebula_EyeContour_30ml_PureWhite_1615x1615_3a9e97ea-e5dd-47ae-ae7d-6a20c9f14a02.webp?v=1772005027,منتج كريم نيبولا لتنعيم منطقة حول العين 30 مل من Nebula. التصنيف المرجعي: العناية بالبشرة — بسيط. الوسوم المرجعية: Dark Circles & Puffiness، Eye & Lip، Eye Care، Eye Contour، Skin Care، Skin Concerns.,https://alfouadpharmacies.com/en/products/nebula-eye-contour-cream-30ml,AlFouad Pharmacies,Verify usage rights before commercial publication,غير مثبت,غير مثبت,مرجعي فقط — غير معتمد للنشر التجاري,بيانات مرجعية متاحة؛ يلزم تحقق PM,ضمن الفحص المبدئي
12689796104495,eva-collagen-3d-toner-anti-ageing-200ml,لوشن إيفا كولاجين ثلاثي الأبعاد المضاد للشيخوخة 200 مل,AlFouad Pharmacies,العناية بالبشرة,العناية بالبشرة,1,بسيط,95155,200,60,140,,متاح لدى المصدر,https://cdn.shopify.com/s/files/1/0935/9550/0847/files/61EeFX8osnL.webp?v=1771843693,منتج لوشن إيفا كولاجين ثلاثي الأبعاد المضاد للشيخوخة 200 مل من AlFouad Pharmacies. التصنيف المرجعي: العناية بالبشرة — بسيط. الوسوم المرجعية: Acne & Blemishes، Anti-Aging، Fine Lines & Wrinkles، Skin Care، Skin Concerns، Toners، Treatments.,https://alfouadpharmacies.com/en/products/eva-collagen-3d-toner-anti-ageing-200ml,AlFouad Pharmacies,Verify usage rights before commercial publication,غير مثبت,غير مثبت,مرجعي فقط — غير معتمد للنشر التجاري,بيانات مرجعية متاحة؛ يلزم تحقق PM,ضمن الفحص المبدئي
12689796006191,azha-vitamin-c-serum-10-30ml-11-off,أزها مصل فيتامين سي 10% 30 مل، عرض 1+1,AlFouad Pharmacies,العناية بالبشرة,العناية بالبشرة,1,بسيط,9521,349,104.7,244.3,,غير متاح لدى المصدر,https://cdn.shopify.com/s/files/1/0935/9550/0847/files/Azha-C-Serum-10-Vitamin-C-30ml-11-offer-3.webp?v=1772347628,منتج أزها مصل فيتامين سي 10% 30 مل، عرض 1+1 من AlFouad Pharmacies. التصنيف المرجعي: العناية بالبشرة — بسيط. الوسوم المرجعية: Dark Spots، Skin Care، Skin Concerns، Skincare Offers.,https://alfouadpharmacies.com/en/products/azha-vitamin-c-serum-10-30ml-11-off,AlFouad Pharmacies,Verify usage rights before commercial publication,غير مثبت,غير مثبت,مرجعي فقط — غير معتمد للنشر التجاري,بيانات مرجعية متاحة؛ يلزم تحقق PM,ضمن الفحص المبدئي
12689795678511,infinity-hyalu-collagen-serum-30ml,مصل إنفينيتي هايلو كولاجين 30 مل,Infinity,العناية بالبشرة,العناية بالبشرة,1,بسيط,,390,117,273,,غير متاح لدى المصدر,https://cdn.shopify.com/s/files/1/0935/9550/0847/files/Infinity_Hyalu_Collagen_Serum_30ml_1615x1615_64c2462f-88ef-4af3-a8cf-bdd2f85f5bb9.webp?v=1771932884,منتج مصل إنفينيتي هايلو كولاجين 30 مل من Infinity. التصنيف المرجعي: العناية بالبشرة — بسيط. الوسوم المرجعية: Dehydrated Skin، Serums، Skin Care، Skin Concerns، Treatments.,https://alfouadpharmacies.com/en/products/infinity-hyalu-collagen-serum-30ml,AlFouad Pharmacies,Verify usage rights before commercial publication,غير مثبت,غير مثبت,مرجعي فقط — غير معتمد للنشر التجاري,بيانات مرجعية متاحة؛ يلزم تحقق PM,ضمن الفحص المبدئي
12689795154223,argento-antaging-night-cream-60gm-11-off,كريم أرجينتو المضاد للشيخوخة الليلي 60 جم، عرض 1+1,AlFouad Pharmacies,العناية بالبشرة,العناية بالبشرة,1,بسيط,103882,349,104.7,244.3,,غير متاح لدى المصدر,https://cdn.shopify.com/s/files/1/0935/9550/0847/files/ArgentoAntagingNightCream60gm1_1Off.webp?v=1771931981,منتج كريم أرجينتو المضاد للشيخوخة الليلي 60 جم، عرض 1+1 من AlFouad Pharmacies. التصنيف المرجعي: العناية بالبشرة — بسيط. الوسوم المرجعية: Anti-Aging، Face Offers، Moisturizers، Night Creams، Skin Care، Skin Concerns.,https://alfouadpharmacies.com/en/products/argento-antaging-night-cream-60gm-11-off,AlFouad Pharmacies,Verify usage rights before commercial publication,غير مثبت,غير مثبت,مرجعي فقط — غير معتمد للنشر التجاري,بيانات مرجعية متاحة؛ يلزم تحقق PM,ضمن الفحص المبدئي
12689795088687,argento-eye-contour-cream-30gm-11-off,كريم تحديد محيط العين من أرجينتو 30 جم، عرض 1+1,AlFouad Pharmacies,العناية بالبشرة,العناية بالبشرة,1,بسيط,8936,349,104.7,244.3,,غير متاح لدى المصدر,https://cdn.shopify.com/s/files/1/0935/9550/0847/files/ArgentoEyeContourCream30gm1_1Off.webp?v=1771931953,منتج كريم تحديد محيط العين من أرجينتو 30 جم، عرض 1+1 من AlFouad Pharmacies. التصنيف المرجعي: العناية بالبشرة — بسيط. الوسوم المرجعية: Eye & Lip، Eye Care، Eye Contour، Face Offers، Skin Care.,https://alfouadpharmacies.com/en/products/argento-eye-contour-cream-30gm-11-off,AlFouad Pharmacies,Verify usage rights before commercial publication,غير مثبت,غير مثبت,مرجعي فقط — غير معتمد للنشر التجاري,بيانات مرجعية متاحة؛ يلزم تحقق PM,ضمن الفحص المبدئي
12689794761007,starville-acne-prone-skin-hydrating-gel-100ml,جل ترطيب للبشرة المعرضة لحب الشباب من ستارفيل 100 مل,parkville,العناية بالبشرة,العناية بالبشرة,1,بسيط,10051,175,52.5,122.5,,غير متاح لدى المصدر,https://cdn.shopify.com/s/files/1/0935/9550/0847/files/StarvilleAcneProneSkinHydratingGel100ml.webp?v=1771839487,منتج جل ترطيب للبشرة المعرضة لحب الشباب من ستارفيل 100 مل من parkville. التصنيف المرجعي: العناية بالبشرة — بسيط. الوسوم المرجعية: Moisturizer Gel، Moisturizers، Skin Care، starville.,https://alfouadpharmacies.com/en/products/starville-acne-prone-skin-hydrating-gel-100ml,AlFouad Pharmacies,Verify usage rights before commercial publication,غير مثبت,غير مثبت,مرجعي فقط — غير معتمد للنشر التجاري,بيانات مرجعية متاحة؛ يلزم تحقق PM,ضمن الفحص المبدئي
12689794564399,eva-acne-prone-facial-wipes-25-pcs,منديل إيفا لتنظيف الوجه للبشرة المعرضة لحب الشباب، 25 قطعة.,AlFouad Pharmacies,العناية بالبشرة,العناية بالبشرة,1,بسيط,6363,100,30,70,,متاح لدى المصدر,https://cdn.shopify.com/s/files/1/0935/9550/0847/files/61NIUjIERML.webp?v=1771844450,منتج منديل إيفا لتنظيف الوجه للبشرة المعرضة لحب الشباب، 25 قطعة. من AlFouad Pharmacies. التصنيف المرجعي: العناية بالبشرة — بسيط. الوسوم المرجعية: Acne & Blemishes، Beauty & Accessories، Cleanser، Makeup، Makeup Removers، Skin Care، Skin Concerns، Wipes.,https://alfouadpharmacies.com/en/products/eva-acne-prone-facial-wipes-25-pcs,AlFouad Pharmacies,Verify usage rights before commercial publication,غير مثبت,غير مثبت,مرجعي فقط — غير معتمد للنشر التجاري,بيانات مرجعية متاحة؛ يلزم تحقق PM,ضمن الفحص المبدئي
12689781326127,eva-skin-cream-20gm-glycerin,كريم إيفا للبشرة 20 جرام (جليسرين),AlFouad Pharmacies,العناية بالبشرة,العناية بالبشرة,1,بسيط,12438,14,4.2,9.8,,متاح لدى المصدر,https://cdn.shopify.com/s/files/1/0935/9550/0847/files/1_5ecc05bc-3f09-4ffe-a133-876a17c946aa.webp?v=1771844523,منتج كريم إيفا للبشرة 20 جرام (جليسرين) من AlFouad Pharmacies. التصنيف المرجعي: العناية بالبشرة — بسيط. الوسوم المرجعية: Moisturizer Cream، Moisturizers، Skin Care.,https://alfouadpharmacies.com/en/products/eva-skin-cream-20gm-glycerin,AlFouad Pharmacies,Verify usage rights before commercial publication,غير مثبت,غير مثبت,مرجعي فقط — غير معتمد للنشر التجاري,بيانات مرجعية متاحة؛ يلزم تحقق PM,ضمن الفحص المبدئي
12689690591535,labello-lip-balm-classic-original,لابيلو مرطب شفاه كلاسيك أوريجينال | ترطيب للشفاه 24 ساعة,AlFouad Pharmacies,العناية بالبشرة,العناية بالبشرة,1,مرطب شفاه,9057,120,36,84,,متاح لدى المصدر,https://cdn.shopify.com/s/files/1/0935/9550/0847/files/66202.webp?v=1772274380,منتج لابيلو مرطب شفاه كلاسيك أوريجينال | ترطيب للشفاه 24 ساعة من AlFouad Pharmacies. التصنيف المرجعي: العناية بالبشرة — مرطب شفاه. الوسوم المرجعية: Dryness، Eye & Lip، Lip، Lip Balm، Skin Care، Skin Concerns.,https://alfouadpharmacies.com/en/products/labello-lip-balm-classic-original,AlFouad Pharmacies,Verify usage rights before commercial publication,غير مثبت,غير مثبت,مرجعي فقط — غير معتمد للنشر التجاري,بيانات مرجعية متاحة؛ يلزم تحقق PM,ضمن الفحص المبدئي
12689667129647,nivea-soft-moisturizing-cream-200ml-offer,عرض كريم نيفيا سوفت المرطب 200 مل,AlFouad Pharmacies,العناية بالبشرة,العناية بالبشرة | العناية بالجسم | العناية بالأطفال,3,بسيط,85123,154,46.2,107.8,,متاح لدى المصدر,https://cdn.shopify.com/s/files/1/0935/9550/0847/files/Nivea_Soft_Cream_Jojoba_100ml_PureWhite_1615x1615_ee012a60-147d-4c75-8e3b-f9acc4329731.webp?v=1772283625,منتج عرض كريم نيفيا سوفت المرطب 200 مل من AlFouad Pharmacies. التصنيف المرجعي: العناية بالبشرة — بسيط. الوسوم المرجعية: Body Care، Body Concerns، Dry Skin body concerns، Kids Care، Kids Hair، Moisturizer Cream، Moisturizers، Skin Care.,https://alfouadpharmacies.com/en/products/nivea-soft-moisturizing-cream-200ml-offer,AlFouad Pharmacies,Verify usage rights before commercial publication,غير مثبت,غير مثبت,مرجعي فقط — غير معتمد للنشر التجاري,بيانات مرجعية متاحة؛ يلزم تحقق PM,ضمن الفحص المبدئي
12689577214255,meditopic-nanomel-gel-75ml,جل ميديتوبيك نانوميل 75 مل,Meditopic,العناية بالبشرة,العناية بالبشرة,1,,100904,968,290.4,677.6,,غير متاح لدى المصدر,https://cdn.shopify.com/s/files/1/0935/9550/0847/files/MeditopicNanomelGel75ml.webp?v=1771922608,منتج جل ميديتوبيك نانوميل 75 مل من Meditopic. التصنيف المرجعي: العناية بالبشرة. الوسوم المرجعية: Dark Spots، Even Skin Tone، Skin Care، Whitining Cream.,https://alfouadpharmacies.com/en/products/meditopic-nanomel-gel-75ml,AlFouad Pharmacies,Verify usage rights before commercial publication,غير مثبت,غير مثبت,مرجعي فقط — غير معتمد للنشر التجاري,بيانات مرجعية متاحة؛ يلزم تحقق PM,ضمن الفحص المبدئي
12689553916207,anua-heartleaf-bha-cleansing-foam-150ml,أنوا هارت ليف + رغوة التنظيف BHA 150 مل ,korean product,العناية بالبشرة,العناية بالبشرة | الجمال الكوري,2,,113913,1570,471,1099,,متاح لدى المصدر,https://cdn.shopify.com/s/files/1/0935/9550/0847/files/anua_heartleaf_foam_ecommerce_standard.webp?v=1771831234,منتج أنوا هارت ليف + رغوة التنظيف BHA 150 مل  من korean product. التصنيف المرجعي: العناية بالبشرة. الوسوم المرجعية: Exfoliators، Face Wash، korean product، Oily Skin، Pores، Skin Care.,https://alfouadpharmacies.com/en/products/anua-heartleaf-bha-cleansing-foam-150ml,AlFouad Pharmacies,Verify usage rights before commercial publication,غير مثبت,غير مثبت,مرجعي فقط — غير معتمد للنشر التجاري,بيانات مرجعية متاحة؛ يلزم تحقق PM,ضمن الفحص المبدئي
12689553883439,anua-pdrn-hyaluron-serum-30ml,أنوا بي دي آر إن + سيروم هيالورون 30 مل ,korean product,العناية بالبشرة,العناية بالبشرة | الجمال الكوري,2,,113916,1850,555,1295,,متاح لدى المصدر,https://cdn.shopify.com/s/files/1/0935/9550/0847/files/anua_pdrn100_ecommerce_standard.webp?v=1771831324,منتج أنوا بي دي آر إن + سيروم هيالورون 30 مل  من korean product. التصنيف المرجعي: العناية بالبشرة. الوسوم المرجعية: Anti-aging Cream، Fine Lines & Wrinkles، korean product، Serums، Skin Care، Treatments.,https://alfouadpharmacies.com/en/products/anua-pdrn-hyaluron-serum-30ml,AlFouad Pharmacies,Verify usage rights before commercial publication,غير مثبت,غير مثبت,مرجعي فقط — غير معتمد للنشر التجاري,بيانات مرجعية متاحة؛ يلزم تحقق PM,ضمن الفحص المبدئي
12689553457455,some-by-mi-retinol-intense-trial-kit,مجموعة تجريبية مكثفة من الريتينول من SOME BY MI,korean product,العناية بالبشرة,العناية بالبشرة | الجمال الكوري,2,,113915,1300,390,910,,غير متاح لدى المصدر,https://cdn.shopify.com/s/files/1/0935/9550/0847/files/somebymi_retinol_trialkit_ecommerce_standard.webp?v=1771833506,منتج مجموعة تجريبية مكثفة من الريتينول من SOME BY MI من korean product. التصنيف المرجعي: العناية بالبشرة. الوسوم المرجعية: Anti-Aging، Dark Circles & Puffiness، Fine Lines & Wrinkles، korean product، Serums، Skin Care.,https://alfouadpharmacies.com/en/products/some-by-mi-retinol-intense-trial-kit,AlFouad Pharmacies,Verify usage rights before commercial publication,غير مثبت,غير مثبت,مرجعي فقط — غير معتمد للنشر التجاري,بيانات مرجعية متاحة؛ يلزم تحقق PM,ضمن الفحص المبدئي
12689552933167,some-by-mi-snail-truecica-repair-cream-60gm,سوم باي مي سنيل تروسيكا ميراكل ريبير كريم 60 جم,korean product,العناية بالبشرة,العناية بالبشرة | الجمال الكوري,2,عنايه بالكريم,113950,1512,453.6,1058.4,,متاح لدى المصدر,https://cdn.shopify.com/s/files/1/0935/9550/0847/files/1_-_2026-06-28T104642.431.webp?v=1782632825,منتج سوم باي مي سنيل تروسيكا ميراكل ريبير كريم 60 جم من korean product. التصنيف المرجعي: العناية بالبشرة — عنايه بالكريم. الوسوم المرجعية: Even Skin Tone / Pigmentation، Fine Lines & Wrinkles، korean product، Skin Care.,https://alfouadpharmacies.com/en/products/some-by-mi-snail-truecica-repair-cream-60gm,AlFouad Pharmacies,Verify usage rights before commercial publication,غير مثبت,غير مثبت,مرجعي فقط — غير معتمد للنشر التجاري,بيانات مرجعية متاحة؛ يلزم تحقق PM,ضمن الفحص المبدئي
12689552900399,some-by-mi-beta-panthenol-repair-cream,كريم إصلاح الشعر بيتا بانثينول من سام باي مي ,korean product,العناية بالبشرة,العناية بالبشرة | الجمال الكوري,2,,113952,1250,375,875,,غير متاح لدى المصدر,https://cdn.shopify.com/s/files/1/0935/9550/0847/files/somebymi_beta_panthenol_ecommerce_standard.webp?v=1771833958,منتج كريم إصلاح الشعر بيتا بانثينول من سام باي مي  من korean product. التصنيف المرجعي: العناية بالبشرة. الوسوم المرجعية: Dry Skin، Dryness، korean product، Moisturizer Cream، Moisturizers، Sensitive Skin / Redness، Skin Care.,https://alfouadpharmacies.com/en/products/some-by-mi-beta-panthenol-repair-cream,AlFouad Pharmacies,Verify usage rights before commercial publication,غير مثبت,غير مثبت,مرجعي فقط — غير معتمد للنشر التجاري,بيانات مرجعية متاحة؛ يلزم تحقق PM,ضمن الفحص المبدئي
12689552867631,some-by-mi-aha-bha-pha-miracle-cream-60gm,كريم المعجزة من سام باي مي، 60 غرام ,korean product,العناية بالبشرة,العناية بالبشرة | الجمال الكوري,2,,105700,1720,516,1204,,متاح لدى المصدر,https://cdn.shopify.com/s/files/1/0935/9550/0847/files/somebymi_aha_bha_pha_miracle_cream_ecommerce_standard.webp?v=1771834165,منتج كريم المعجزة من سام باي مي، 60 غرام  من korean product. التصنيف المرجعي: العناية بالبشرة. الوسوم المرجعية: Acne & Blemishes، Face Scrub، korean product، Oily Skin، Pores، Sensetive Skin، Skin Care.,https://alfouadpharmacies.com/en/products/some-by-mi-aha-bha-pha-miracle-cream-60gm,AlFouad Pharmacies,Verify usage rights before commercial publication,غير مثبت,غير مثبت,مرجعي فقط — غير معتمد للنشر التجاري,بيانات مرجعية متاحة؛ يلزم تحقق PM,ضمن الفحص المبدئي
12689552769327,centella-tone-brightening-cleansing-gel-foam-125ml,جل رغوي منظف ومفتح للبشرة بخلاصة السنتيلا 125 مل ,korean product,العناية بالبشرة,العناية بالبشرة | الجمال الكوري,2,,113954,1500,450,1050,,غير متاح لدى المصدر,https://cdn.shopify.com/s/files/1/0935/9550/0847/files/skin1004_tone_brightening_gelfoam_ecommerce_standard.webp?v=1771834541,منتج جل رغوي منظف ومفتح للبشرة بخلاصة السنتيلا 125 مل  من korean product. التصنيف المرجعي: العناية بالبشرة. الوسوم المرجعية: Dark Spots، Even Skin Tone، Even Skin Tone / Pigmentation، Face Wash، korean product، Skin Care.,https://alfouadpharmacies.com/en/products/centella-tone-brightening-cleansing-gel-foam-125ml,AlFouad Pharmacies,Verify usage rights before commercial publication,غير مثبت,غير مثبت,مرجعي فقط — غير معتمد للنشر التجاري,بيانات مرجعية متاحة؛ يلزم تحقق PM,ضمن الفحص المبدئي
12689552507183,dear-lightening-cream-60g,كريم دير لتفتيح البشرة 60 غرام ,DEAR,العناية بالبشرة,العناية بالبشرة,1,,5394,400,120,280,,متاح لدى المصدر,https://cdn.shopify.com/s/files/1/0935/9550/0847/files/Dear_Lightening_Cream_ECOM.webp?v=1771921439,منتج كريم دير لتفتيح البشرة 60 غرام  من DEAR. التصنيف المرجعي: العناية بالبشرة. الوسوم المرجعية: Dark Spots، Even Skin Tone، Even Skin Tone / Pigmentation، Skin Care، Whitining Cream.,https://alfouadpharmacies.com/en/products/dear-lightening-cream-60g,AlFouad Pharmacies,Verify usage rights before commercial publication,غير مثبت,غير مثبت,مرجعي فقط — غير معتمد للنشر التجاري,بيانات مرجعية متاحة؛ يلزم تحقق PM,ضمن الفحص المبدئي
12689552408879,dear-hydration-moisturizing-gel-60ml,جل دير هايدريشن المرطب 60 مل ,DEAR,العناية بالبشرة,العناية بالبشرة,1,,113384,300,90,210,,متاح لدى المصدر,https://cdn.shopify.com/s/files/1/0935/9550/0847/files/Dear_Moisturizing_Gel_60gm_ECOM.webp?v=1771922277,منتج جل دير هايدريشن المرطب 60 مل  من DEAR. التصنيف المرجعي: العناية بالبشرة. الوسوم المرجعية: Moisturizer Gel، Moisturizers، Oily Skin، Skin Care.,https://alfouadpharmacies.com/en/products/dear-hydration-moisturizing-gel-60ml,AlFouad Pharmacies,Verify usage rights before commercial publication,غير مثبت,غير مثبت,مرجعي فقط — غير معتمد للنشر التجاري,بيانات مرجعية متاحة؛ يلزم تحقق PM,ضمن الفحص المبدئي
12689551589679,beesline-adaptogen-barrier-cream-50ml,كريم بيزلاين أدابتوجين باريير 50 ​​مل,Beesline,العناية بالبشرة,العناية بالبشرة,1,,114020,777,233.1,543.9,,متاح لدى المصدر,https://cdn.shopify.com/s/files/1/0935/9550/0847/files/BEESLINE_ADAPTOGEN_BARRIER_1615x1615_93bd59b6-11c5-4a43-b4e8-dad3f65fd818.webp?v=1771876835,منتج كريم بيزلاين أدابتوجين باريير 50 ​​مل من Beesline. التصنيف المرجعي: العناية بالبشرة. الوسوم المرجعية: Dehydrated Skin، Moisturizer Cream، Moisturizers، Sensitive Skin / Redness، Skin Care.,https://alfouadpharmacies.com/en/products/beesline-adaptogen-barrier-cream-50ml,AlFouad Pharmacies,Verify usage rights before commercial publication,غير مثبت,غير مثبت,مرجعي فقط — غير معتمد للنشر التجاري,بيانات مرجعية متاحة؛ يلزم تحقق PM,ضمن الفحص المبدئي
12689540514095,natavis-vitamin-b3-serum-30ml,سيروم ناتافيس بفيتامين ب3، 30 مل,AlFouad Pharmacies,العناية بالبشرة,العناية بالبشرة,1,,13709,619,185.7,433.3,,متاح لدى المصدر,https://cdn.shopify.com/s/files/1/0935/9550/0847/files/Natavis_Vitamin_B3_Serum_30ml_1615x1615_499df156-2961-4267-ac05-40f9d8ccf6fc.webp?v=1772107586,منتج سيروم ناتافيس بفيتامين ب3، 30 مل من AlFouad Pharmacies. التصنيف المرجعي: العناية بالبشرة. الوسوم المرجعية: Even Skin Tone، Even Skin Tone / Pigmentation، Pores، Serums، Skin Care.,https://alfouadpharmacies.com/en/products/natavis-vitamin-b3-serum-30ml,AlFouad Pharmacies,Verify usage rights before commercial publication,غير مثبت,غير مثبت,مرجعي فقط — غير معتمد للنشر التجاري,بيانات مرجعية متاحة؛ يلزم تحقق PM,ضمن الفحص المبدئي
12689462296879,starville-collage-cream-40ml,كريم ستارڤيل كولاج 40 مل,parkville,العناية بالبشرة,العناية بالبشرة,1,,114312,200,60,140,,متاح لدى المصدر,https://cdn.shopify.com/s/files/1/0935/9550/0847/files/CollageCreamandJar.webp?v=1771874844,منتج كريم ستارڤيل كولاج 40 مل من parkville. التصنيف المرجعي: العناية بالبشرة. الوسوم المرجعية: Anti-Aging، Fine Lines & Wrinkles، Parkville، Skin Care.,https://alfouadpharmacies.com/en/products/starville-collage-cream-40ml,AlFouad Pharmacies,Verify usage rights before commercial publication,غير مثبت,غير مثبت,مرجعي فقط — غير معتمد للنشر التجاري,بيانات مرجعية متاحة؛ يلزم تحقق PM,ضمن الفحص المبدئي
10589384540463,alejon-after-sun-gel-200ml,جل أليجون بعد التعرض للشمس 200 مل,ALEJON,العناية بالبشرة,العناية بالبشرة,1,,19684,410,123,287,,متاح لدى المصدر,https://cdn.shopify.com/s/files/1/0935/9550/0847/files/After-Sun-Gel_11zon.webp?v=1789638203,منتج جل أليجون بعد التعرض للشمس 200 مل من ALEJON. التصنيف المرجعي: العناية بالبشرة. الوسوم المرجعية: After Sun، Skin Care، Skin Concerns.,https://alfouadpharmacies.com/en/products/alejon-after-sun-gel-200ml,AlFouad Pharmacies,Verify usage rights before commercial publication,غير مثبت,غير مثبت,مرجعي فقط — غير معتمد للنشر التجاري,بيانات مرجعية متاحة؛ يلزم تحقق PM,ضمن الفحص المبدئي
10572100796719,larel-dermosoft-cleansing-face-gel-200ml,جل تنظيف الوجه لاريل ديرموسوفت 200 مل,AlFouad Pharmacies,العناية بالبشرة,العناية بالبشرة,1,بسيط,112384,890,267,623,,متاح لدى المصدر,https://cdn.shopify.com/s/files/1/0935/9550/0847/files/DERMOSOFT-oczyszczajaco-_E2_80_93-odswiezajacy-kremowy-zel-do-mycia-twarzy.webp?v=1754297012,منتج جل تنظيف الوجه لاريل ديرموسوفت 200 مل من AlFouad Pharmacies. التصنيف المرجعي: العناية بالبشرة — بسيط. الوسوم المرجعية: Acne & Blemishes، Cleanser، Face Wash، Oily Skin، Pores، Skin Care، Skin Concerns.,https://alfouadpharmacies.com/en/products/larel-dermosoft-cleansing-face-gel-200ml,AlFouad Pharmacies,Verify usage rights before commercial publication,غير مثبت,غير مثبت,مرجعي فقط — غير معتمد للنشر التجاري,بيانات مرجعية متاحة؛ يلزم تحقق PM,ضمن الفحص المبدئي
10569933193519,the-ordinary-amino-acids-lip-balm-15ml,بلسم الشفاه بالأحماض الأمينية من ذا أوردينري 15 مل,The Ordinary,العناية بالبشرة,العناية بالبشرة,1,بسيط,112549,1250,375,875,0,غير متاح لدى المصدر,https://cdn.shopify.com/s/files/1/0935/9550/0847/files/The-Ordinary-Amino-Acids-Lip-Balm-15ML.webp?v=1754297775,منتج بلسم الشفاه بالأحماض الأمينية من ذا أوردينري 15 مل من The Ordinary. التصنيف المرجعي: العناية بالبشرة — بسيط. الوسوم المرجعية: Dry Skin، Dryness، Eye & Lip، Lip، Lip Balm، Skin Care، Skin Concerns.,https://alfouadpharmacies.com/en/products/the-ordinary-amino-acids-lip-balm-15ml,AlFouad Pharmacies,Verify usage rights before commercial publication,غير مثبت,غير مثبت,مرجعي فقط — غير معتمد للنشر التجاري,بيانات مرجعية متاحة؛ يلزم تحقق PM,ضمن الفحص المبدئي
10569930473775,disaar-vitamin-c-face-oil-75ml,زيت الوجه فيتامين سي من ديزار 75 مل,AlFouad Pharmacies,العناية بالبشرة,العناية بالبشرة,1,بسيط,112472,180,54,126,,متاح لدى المصدر,https://cdn.shopify.com/s/files/1/0935/9550/0847/files/Disaar-Vitamin-C-Face-Oil-75ML-4121.webp?v=1754297793,منتج زيت الوجه فيتامين سي من ديزار 75 مل من AlFouad Pharmacies. التصنيف المرجعي: العناية بالبشرة — بسيط. الوسوم المرجعية: Dehydrated Skin، Face Oil، Fine Lines & Wrinkles، Moisturizers، Skin Care، Skin Concerns.,https://alfouadpharmacies.com/en/products/disaar-vitamin-c-face-oil-75ml,AlFouad Pharmacies,Verify usage rights before commercial publication,غير مثبت,غير مثبت,مرجعي فقط — غير معتمد للنشر التجاري,بيانات مرجعية متاحة؛ يلزم تحقق PM,ضمن الفحص المبدئي
10569923428655,stives-scrub-170gm-radiant-skin,مقشر سانت ايفز 170 غرام للبشرة المشعة,AlFouad Pharmacies,العناية بالبشرة,العناية بالبشرة,1,بسيط,106266,260,78,182,,غير متاح لدى المصدر,https://cdn.shopify.com/s/files/1/0935/9550/0847/files/ST.IVES-Scrub-170GM-Radiant-Skin.webp?v=1754297854,منتج مقشر سانت ايفز 170 غرام للبشرة المشعة من AlFouad Pharmacies. التصنيف المرجعي: العناية بالبشرة — بسيط. الوسوم المرجعية: Acne & Blemishes، Cleanser، Face Scrub، Skin Care، Skin Concerns.,https://alfouadpharmacies.com/en/products/stives-scrub-170gm-radiant-skin,AlFouad Pharmacies,Verify usage rights before commercial publication,غير مثبت,غير مثبت,مرجعي فقط — غير معتمد للنشر التجاري,بيانات مرجعية متاحة؛ يلزم تحقق PM,ضمن الفحص المبدئي
10569915760943,nivea-visage-purifying-facial-wash-150ml-foily,نيفيا فيساج غسول تنظيف الوجه 150 مل للبشرة الدهنية,AlFouad Pharmacies,العناية بالبشرة,العناية بالبشرة,1,بسيط,88945,270,81,189,,متاح لدى المصدر,https://cdn.shopify.com/s/files/1/0935/9550/0847/files/Nivea-Visage-Purifying-Facial-Wash-150ML-F.OILY.webp?v=1754297950,منتج نيفيا فيساج غسول تنظيف الوجه 150 مل للبشرة الدهنية من AlFouad Pharmacies. التصنيف المرجعي: العناية بالبشرة — بسيط. الوسوم المرجعية: Acne & Blemishes، Cleanser، Face Wash، Oily Skin، Skin Care، Skin Concerns.,https://alfouadpharmacies.com/en/products/nivea-visage-purifying-facial-wash-150ml-foily,AlFouad Pharmacies,Verify usage rights before commercial publication,غير مثبت,غير مثبت,مرجعي فقط — غير معتمد للنشر التجاري,بيانات مرجعية متاحة؛ يلزم تحقق PM,ضمن الفحص المبدئي
10569915629871,nivea-sun-protectampmoist-spf30-spray-200ml,نيفيا واقي شمس مرطب سبراي SPF30 200 مل,AlFouad Pharmacies,العناية بالبشرة,العناية بالبشرة | العناية بالجسم,2,بسيط,103960,950,285,665,,غير متاح لدى المصدر,https://cdn.shopify.com/s/files/1/0935/9550/0847/files/Nivea-Sun-ProtectMoist-SPF30-Spray-200ML.webp?v=1754297951,منتج نيفيا واقي شمس مرطب سبراي SPF30 200 مل من AlFouad Pharmacies. التصنيف المرجعي: العناية بالبشرة — بسيط. الوسوم المرجعية: Body Care، Body Concerns، Dry Skin body concerns، Skin Care، Sunscreen، Sunscreen Spray.,https://alfouadpharmacies.com/en/products/nivea-sun-protectampmoist-spf30-spray-200ml,AlFouad Pharmacies,Verify usage rights before commercial publication,غير مثبت,غير مثبت,مرجعي فقط — غير معتمد للنشر التجاري,بيانات مرجعية متاحة؛ يلزم تحقق PM,ضمن الفحص المبدئي
10569915105583,nivea-soft-moisturizing-craem-50ml,نيفيا كريم مرطب سوفت 50 مل,AlFouad Pharmacies,العناية بالبشرة,العناية بالبشرة | العناية بالجسم,2,بسيط,30333,45,13.5,31.5,,متاح لدى المصدر,https://cdn.shopify.com/s/files/1/0935/9550/0847/files/Nivea-Soft-Moisturizing-Craem-50ML.webp?v=1754297953,منتج نيفيا كريم مرطب سوفت 50 مل من AlFouad Pharmacies. التصنيف المرجعي: العناية بالبشرة — بسيط. الوسوم المرجعية: Body Care، Body Concerns، Dry Skin body concerns، Moisturizer Cream، Moisturizers، Skin Care.,https://alfouadpharmacies.com/en/products/nivea-soft-moisturizing-craem-50ml,AlFouad Pharmacies,Verify usage rights before commercial publication,غير مثبت,غير مثبت,مرجعي فقط — غير معتمد للنشر التجاري,بيانات مرجعية متاحة؛ يلزم تحقق PM,ضمن الفحص المبدئي
10569914941743,nivea-soft-moisturizing-craem-20ml,كريم نيفيا سوفت المرطب 20 مل,AlFouad Pharmacies,العناية بالبشرة,العناية بالبشرة | العناية بالجسم,2,بسيط,107971,22,6.6,15.4,,متاح لدى المصدر,https://cdn.shopify.com/s/files/1/0935/9550/0847/files/Nivea-Soft-Moisturizing-Craem-20ML.webp?v=1754297954,منتج كريم نيفيا سوفت المرطب 20 مل من AlFouad Pharmacies. التصنيف المرجعي: العناية بالبشرة — بسيط. الوسوم المرجعية: Body Care، Body Concerns، Dry Skin body concerns، Moisturizer Cream، Moisturizers، Skin Care.,https://alfouadpharmacies.com/en/products/nivea-soft-moisturizing-craem-20ml,AlFouad Pharmacies,Verify usage rights before commercial publication,غير مثبت,غير مثبت,مرجعي فقط — غير معتمد للنشر التجاري,بيانات مرجعية متاحة؛ يلزم تحقق PM,ضمن الفحص المبدئي
10569913893167,nivea-soft-cream-100ml-berry-blossom,كريم نيفيا سوفت 100 مل زهور التوت,AlFouad Pharmacies,العناية بالبشرة,العناية بالبشرة | العناية بالجسم,2,بسيط,101829,80,24,56,,غير متاح لدى المصدر,https://cdn.shopify.com/s/files/1/0935/9550/0847/files/Nivea-Soft-Cream-100ML-Berry-Blossom.webp?v=1754297962,منتج كريم نيفيا سوفت 100 مل زهور التوت من AlFouad Pharmacies. التصنيف المرجعي: العناية بالبشرة — بسيط. الوسوم المرجعية: Body Care، Body Concerns، Dry Skin body concerns، Moisturizer Cream، Moisturizers، Skin Care.,https://alfouadpharmacies.com/en/products/nivea-soft-cream-100ml-berry-blossom,AlFouad Pharmacies,Verify usage rights before commercial publication,غير مثبت,غير مثبت,مرجعي فقط — غير معتمد للنشر التجاري,بيانات مرجعية متاحة؛ يلزم تحقق PM,ضمن الفحص المبدئي
10569907175727,luna-twist-berriesperfume-free-soap-72gm-off,صابون لونا تويست توت + عطر مجاني 72 جم  (خصم),AlFouad Pharmacies,العناية بالبشرة,العناية بالبشرة,1,بسيط,13009,48,14.4,33.6,,غير متاح لدى المصدر,https://cdn.shopify.com/s/files/1/0935/9550/0847/files/Luna-Twist-Berriesperfume-Free-Soap-72G-Off.webp?v=1754298048,منتج صابون لونا تويست توت + عطر مجاني 72 جم  (خصم) من AlFouad Pharmacies. التصنيف المرجعي: العناية بالبشرة — بسيط. الوسوم المرجعية: Cleanser، Dryness، Face Soap، Skin Care، Skin Concerns.,https://alfouadpharmacies.com/en/products/luna-twist-berriesperfume-free-soap-72gm-off,AlFouad Pharmacies,Verify usage rights before commercial publication,غير مثبت,غير مثبت,مرجعي فقط — غير معتمد للنشر التجاري,بيانات مرجعية متاحة؛ يلزم تحقق PM,ضمن الفحص المبدئي
10569906979119,luna-sunscreen-cream-spf50-130ml,كريم واقي شمس لونا SPF50+ 130 مل,AlFouad Pharmacies,العناية بالبشرة,العناية بالبشرة,1,بسيط,110597,275,82.5,192.5,,غير متاح لدى المصدر,https://cdn.shopify.com/s/files/1/0935/9550/0847/files/Luna-Sunscreen-Cream-SPF50-130ML.webp?v=1754298050,منتج كريم واقي شمس لونا SPF50+ 130 مل من AlFouad Pharmacies. التصنيف المرجعي: العناية بالبشرة — بسيط. الوسوم المرجعية: Skin Care، Skin Concerns، Sun Care، Sunscreen، Sunscreen Cream.,https://alfouadpharmacies.com/en/products/luna-sunscreen-cream-spf50-130ml,AlFouad Pharmacies,Verify usage rights before commercial publication,غير مثبت,غير مثبت,مرجعي فقط — غير معتمد للنشر التجاري,بيانات مرجعية متاحة؛ يلزم تحقق PM,ضمن الفحص المبدئي
10569906848047,luna-rose-milkperfume-free-soap-72gm-off,صابون لونا روز بالحليب والعطر مجاناً 72 غرام  (خصم),AlFouad Pharmacies,العناية بالبشرة,العناية بالبشرة,1,بسيط,13027,48,14.4,33.6,,غير متاح لدى المصدر,https://cdn.shopify.com/s/files/1/0935/9550/0847/files/Luna-Rose-Milkperfume-Free-Soap-72G-Off.webp?v=1754298051,منتج صابون لونا روز بالحليب والعطر مجاناً 72 غرام  (خصم) من AlFouad Pharmacies. التصنيف المرجعي: العناية بالبشرة — بسيط. الوسوم المرجعية: Cleanser، Dryness، Face Soap، Skin Care، Skin Concerns.,https://alfouadpharmacies.com/en/products/luna-rose-milkperfume-free-soap-72gm-off,AlFouad Pharmacies,Verify usage rights before commercial publication,غير مثبت,غير مثبت,مرجعي فقط — غير معتمد للنشر التجاري,بيانات مرجعية متاحة؛ يلزم تحقق PM,ضمن الفحص المبدئي
10569906127151,luna-glycerin-shea-butter-soap-100gm,صابون اللونا الغني بالزبدة والشيا والجلسرين 100 جرام,AlFouad Pharmacies,العناية بالبشرة,العناية بالبشرة,1,بسيط,101443,42,12.6,29.4,,غير متاح لدى المصدر,https://cdn.shopify.com/s/files/1/0935/9550/0847/files/Luna-Glycerin-Shea-Butter-Soap-100GM.webp?v=1754298060,منتج صابون اللونا الغني بالزبدة والشيا والجلسرين 100 جرام من AlFouad Pharmacies. التصنيف المرجعي: العناية بالبشرة — بسيط. الوسوم المرجعية: Cleanser، Dryness، Face Soap، Skin Care، Skin Concerns.,https://alfouadpharmacies.com/en/products/luna-glycerin-shea-butter-soap-100gm,AlFouad Pharmacies,Verify usage rights before commercial publication,غير مثبت,غير مثبت,مرجعي فقط — غير معتمد للنشر التجاري,بيانات مرجعية متاحة؛ يلزم تحقق PM,ضمن الفحص المبدئي
10569906094383,luna-glycerin-roseampmilk-soap-100gm,صابون اللونا الغسلي بالجلوسيرين والورد والحليب 100 جرام,AlFouad Pharmacies,العناية بالبشرة,العناية بالبشرة,1,بسيط,95835,42,12.6,29.4,,متاح لدى المصدر,https://cdn.shopify.com/s/files/1/0935/9550/0847/files/Luna-Glycerin-RoseMilk-Soap-100GM.webp?v=1754298061,منتج صابون اللونا الغسلي بالجلوسيرين والورد والحليب 100 جرام من AlFouad Pharmacies. التصنيف المرجعي: العناية بالبشرة — بسيط. الوسوم المرجعية: Cleanser، Dryness، Face Soap، Skin Care، Skin Concerns.,https://alfouadpharmacies.com/en/products/luna-glycerin-roseampmilk-soap-100gm,AlFouad Pharmacies,Verify usage rights before commercial publication,غير مثبت,غير مثبت,مرجعي فقط — غير معتمد للنشر التجاري,بيانات مرجعية متاحة؛ يلزم تحقق PM,ضمن الفحص المبدئي
10569905930543,luna-glycerin-cotton-flowers-soap-100gm,صابون غسيل الوجه من لونا، بزيت الغليسرين وأزهار القطن، 100 غرام,AlFouad Pharmacies,العناية بالبشرة,العناية بالبشرة,1,بسيط,18713,42,12.6,29.4,,غير متاح لدى المصدر,https://cdn.shopify.com/s/files/1/0935/9550/0847/files/LUNA-GLYCERIN-COTTON-FLOWERS-SOAP-100GM.webp?v=1754298062,منتج صابون غسيل الوجه من لونا، بزيت الغليسرين وأزهار القطن، 100 غرام من AlFouad Pharmacies. التصنيف المرجعي: العناية بالبشرة — بسيط. الوسوم المرجعية: Cleanser، Dryness، Face Soap، Skin Care، Skin Concerns.,https://alfouadpharmacies.com/en/products/luna-glycerin-cotton-flowers-soap-100gm,AlFouad Pharmacies,Verify usage rights before commercial publication,غير مثبت,غير مثبت,مرجعي فقط — غير معتمد للنشر التجاري,بيانات مرجعية متاحة؛ يلزم تحقق PM,ضمن الفحص المبدئي
10569905733935,luna-emollient-shea-butter-160ml,زبدة الشيا المرطبة من لونا 160 مل,AlFouad Pharmacies,العناية بالبشرة,العناية بالبشرة,1,بسيط,10820,125,37.5,87.5,,غير متاح لدى المصدر,https://cdn.shopify.com/s/files/1/0935/9550/0847/files/Luna-Emollient-Shea-Butter-160ML.webp?v=1754298064,منتج زبدة الشيا المرطبة من لونا 160 مل من AlFouad Pharmacies. التصنيف المرجعي: العناية بالبشرة — بسيط. الوسوم المرجعية: Dryness، Moisturizer Cream، Moisturizers، Skin Care، Skin Concerns.,https://alfouadpharmacies.com/en/products/luna-emollient-shea-butter-160ml,AlFouad Pharmacies,Verify usage rights before commercial publication,غير مثبت,غير مثبت,مرجعي فقط — غير معتمد للنشر التجاري,بيانات مرجعية متاحة؛ يلزم تحقق PM,ضمن الفحص المبدئي
10569904849199,luna-cotton-flowerperfume-free-soap-72g-off,صابون لونا قطن + عطر مجاني 72 جرام عرض خاص,AlFouad Pharmacies,العناية بالبشرة,العناية بالبشرة,1,بسيط,13006,48,14.4,33.6,,متاح لدى المصدر,https://cdn.shopify.com/s/files/1/0935/9550/0847/files/Luna-Cotton-Flowerperfume-Free-Soap-72G-Off.webp?v=1754298071,منتج صابون لونا قطن + عطر مجاني 72 جرام عرض خاص من AlFouad Pharmacies. التصنيف المرجعي: العناية بالبشرة — بسيط. الوسوم المرجعية: Cleanser، Dryness، Face Soap، Skin Care، Skin Concerns.,https://alfouadpharmacies.com/en/products/luna-cotton-flowerperfume-free-soap-72g-off,AlFouad Pharmacies,Verify usage rights before commercial publication,غير مثبت,غير مثبت,مرجعي فقط — غير معتمد للنشر التجاري,بيانات مرجعية متاحة؛ يلزم تحقق PM,ضمن الفحص المبدئي
10569898262831,natures-bounty-venos-silver-mud-musk-300ml-1294,مُنتج طبيعي من نيتشرز باونتي، طين فينيوس الفضي، عطر مسك، 300 مل، 1294,AlFouad Pharmacies,العناية بالبشرة,العناية بالبشرة,1,بسيط,9324,190,57,133,,غير متاح لدى المصدر,https://cdn.shopify.com/s/files/1/0935/9550/0847/files/Natures-Bounty-Venos-Silver-Mud-Musk-300ML-1294.webp?v=1754298163,منتج مُنتج طبيعي من نيتشرز باونتي، طين فينيوس الفضي، عطر مسك، 300 مل، 1294 من AlFouad Pharmacies. التصنيف المرجعي: العناية بالبشرة — بسيط. الوسوم المرجعية: Acne & Blemishes، Face Mask، Skin Care، Skin Concerns، Treatments.,https://alfouadpharmacies.com/en/products/natures-bounty-venos-silver-mud-musk-300ml-1294,AlFouad Pharmacies,Verify usage rights before commercial publication,غير مثبت,غير مثبت,مرجعي فقط — غير معتمد للنشر التجاري,بيانات مرجعية متاحة؛ يلزم تحقق PM,ضمن الفحص المبدئي
10569896034607,jampj-moisture-soft-cream-100ml,كريم جيه آند جيه المرطب الناعم 100 مل,J&J,العناية بالبشرة,العناية بالبشرة,1,بسيط,25373,125,37.5,87.5,,متاح لدى المصدر,https://cdn.shopify.com/s/files/1/0935/9550/0847/files/JJ-Moisture-Soft-Cream-100ML.webp?v=1754298192,منتج كريم جيه آند جيه المرطب الناعم 100 مل من J&J. التصنيف المرجعي: العناية بالبشرة — بسيط. الوسوم المرجعية: Dry Skin، Moisturizer Cream، Moisturizers، Skin Care، Skin Concerns.,https://alfouadpharmacies.com/en/products/jampj-moisture-soft-cream-100ml,AlFouad Pharmacies,Verify usage rights before commercial publication,غير مثبت,غير مثبت,مرجعي فقط — غير معتمد للنشر التجاري,بيانات مرجعية متاحة؛ يلزم تحقق PM,ضمن الفحص المبدئي
10569895936303,jampj-moist-cream-fdry-skin-glycerin170ml,كريم جيه أند جيه المرطب للبشرة الجافة (الجلسرين) 170 مل,J&J,العناية بالبشرة,العناية بالبشرة,1,بسيط,95589,100,30,70,,متاح لدى المصدر,https://cdn.shopify.com/s/files/1/0935/9550/0847/files/JJ-Moist-Cream-FDry-Skin-GLYCERIN170ML.webp?v=1754298193,منتج كريم جيه أند جيه المرطب للبشرة الجافة (الجلسرين) 170 مل من J&J. التصنيف المرجعي: العناية بالبشرة — بسيط. الوسوم المرجعية: Dry Skin، Moisturizer Cream، Moisturizers، Skin Care، Skin Concerns.,https://alfouadpharmacies.com/en/products/jampj-moist-cream-fdry-skin-glycerin170ml,AlFouad Pharmacies,Verify usage rights before commercial publication,غير مثبت,غير مثبت,مرجعي فقط — غير معتمد للنشر التجاري,بيانات مرجعية متاحة؛ يلزم تحقق PM,ضمن الفحص المبدئي
10569853862191,dove-beauty-cream-150ml-rose-off,كريم دوف للتجميل 150 مل، زهور الورد,Dove off,العناية بالبشرة,العناية بالبشرة,1,بسيط,109557,89.5,26.85,62.65,,غير متاح لدى المصدر,https://cdn.shopify.com/s/files/1/0935/9550/0847/files/Dove-Beauty-Cream-150ML-Rose-Off.webp?v=1754298403,منتج كريم دوف للتجميل 150 مل، زهور الورد من Dove off. التصنيف المرجعي: العناية بالبشرة — بسيط. الوسوم المرجعية: Dry Skin، Moisturizer Cream، Moisturizers، Skin Care، Skin Concerns.,https://alfouadpharmacies.com/en/products/dove-beauty-cream-150ml-rose-off,AlFouad Pharmacies,Verify usage rights before commercial publication,غير مثبت,غير مثبت,مرجعي فقط — غير معتمد للنشر التجاري,بيانات مرجعية متاحة؛ يلزم تحقق PM,ضمن الفحص المبدئي
10569848160559,clean-amp-clear-exfoliat-daily-wash-100ml,غسول تنظيف وتفتيح يومي من كلين آند كلير 100 مل,AlFouad Pharmacies,العناية بالبشرة,العناية بالبشرة,1,بسيط,27963,117,35.1,81.9,,غير متاح لدى المصدر,https://cdn.shopify.com/s/files/1/0935/9550/0847/files/Clean-Clear-Exfoliat-Daily-Wash-100ML.webp?v=1754298453,منتج غسول تنظيف وتفتيح يومي من كلين آند كلير 100 مل من AlFouad Pharmacies. التصنيف المرجعي: العناية بالبشرة — بسيط. الوسوم المرجعية: Acne & Blemishes، Cleanser، Face Wash، Skin Care، Skin Concerns.,https://alfouadpharmacies.com/en/products/clean-amp-clear-exfoliat-daily-wash-100ml,AlFouad Pharmacies,Verify usage rights before commercial publication,غير مثبت,غير مثبت,مرجعي فقط — غير معتمد للنشر التجاري,بيانات مرجعية متاحة؛ يلزم تحقق PM,ضمن الفحص المبدئي
10569847931183,clean-amp-clear-blackhead-daily-scrub-100ml,مقشر يومي لتنظيف الرؤوس السوداء من كلين آند كلير 100 مل,AlFouad Pharmacies,العناية بالبشرة,العناية بالبشرة,1,بسيط,84429,117,35.1,81.9,,غير متاح لدى المصدر,https://cdn.shopify.com/s/files/1/0935/9550/0847/files/Clean-Clear-Blackhead-Daily-Scrub-100ML.webp?v=1754298454,منتج مقشر يومي لتنظيف الرؤوس السوداء من كلين آند كلير 100 مل من AlFouad Pharmacies. التصنيف المرجعي: العناية بالبشرة — بسيط. الوسوم المرجعية: Acne & Blemishes، Cleanser، Face Scrub، Skin Care، Skin Concerns.,https://alfouadpharmacies.com/en/products/clean-amp-clear-blackhead-daily-scrub-100ml,AlFouad Pharmacies,Verify usage rights before commercial publication,غير مثبت,غير مثبت,مرجعي فقط — غير معتمد للنشر التجاري,بيانات مرجعية متاحة؛ يلزم تحقق PM,ضمن الفحص المبدئي
10569842393391,bobana-vit-c-face-wash-150ml,غسول الوجه بوبانا فيت-سي 150 مل,AlFouad Pharmacies,العناية بالبشرة,العناية بالبشرة,1,بسيط,8259,56,16.8,39.2,,غير متاح لدى المصدر,https://cdn.shopify.com/s/files/1/0935/9550/0847/files/Bobana-Vit-C-Face-Wash-150ML.webp?v=1754298504,منتج غسول الوجه بوبانا فيت-سي 150 مل من AlFouad Pharmacies. التصنيف المرجعي: العناية بالبشرة — بسيط. الوسوم المرجعية: Cleanser، Dryness، Face Wash، Skin Care، Skin Concerns.,https://alfouadpharmacies.com/en/products/bobana-vit-c-face-wash-150ml,AlFouad Pharmacies,Verify usage rights before commercial publication,غير مثبت,غير مثبت,مرجعي فقط — غير معتمد للنشر التجاري,بيانات مرجعية متاحة؛ يلزم تحقق PM,ضمن الفحص المبدئي
10569841967407,bobana-hyaluronic-acid-face-wash-150ml,غسول الوجه بحمض الهيالورونيك من بوبانا 150 مل,AlFouad Pharmacies,العناية بالبشرة,العناية بالبشرة,1,بسيط,7021,85,25.5,59.5,,غير متاح لدى المصدر,https://cdn.shopify.com/s/files/1/0935/9550/0847/files/bobana-hyaluronic-acid-face-wash-368464.webp?v=1754298506,منتج غسول الوجه بحمض الهيالورونيك من بوبانا 150 مل من AlFouad Pharmacies. التصنيف المرجعي: العناية بالبشرة — بسيط. الوسوم المرجعية: Cleanser، Dryness، Face Wash، Skin Care، Skin Concerns.,https://alfouadpharmacies.com/en/products/bobana-hyaluronic-acid-face-wash-150ml,AlFouad Pharmacies,Verify usage rights before commercial publication,غير مثبت,غير مثبت,مرجعي فقط — غير معتمد للنشر التجاري,بيانات مرجعية متاحة؛ يلزم تحقق PM,ضمن الفحص المبدئي
10569804382511,uriage-bariesun-milk-spf50-100-ml,يورياج باريسان سيلكي لوشن SPF50+ 100 مل,URIAGE Bariesun,العناية بالبشرة,العناية بالبشرة,1,واقي شمس لوشن ,7659,1599,479.7,1119.3,,متاح لدى المصدر,https://cdn.shopify.com/s/files/1/0935/9550/0847/files/Group_1_copy_52.webp?v=1782202802,منتج يورياج باريسان سيلكي لوشن SPF50+ 100 مل من URIAGE Bariesun. التصنيف المرجعي: العناية بالبشرة — واقي شمس لوشن . الوسوم المرجعية: Skin Care، Skin Concerns، SPF 50، Sun Care، Sunscreen، Sunscreen Lotion.,https://alfouadpharmacies.com/en/products/uriage-bariesun-milk-spf50-100-ml,AlFouad Pharmacies,Verify usage rights before commercial publication,غير مثبت,غير مثبت,مرجعي فقط — غير معتمد للنشر التجاري,بيانات مرجعية متاحة؛ يلزم تحقق PM,ضمن الفحص المبدئي
10569804218671,uriage-bariesun-lait-kids-spf-50100-ml,حليب الأطفال الواقي من الشمس يورياج باريسون سب اف 50+ 100 مل,URIAGE Bariesun,العناية بالبشرة,العناية بالبشرة,1,بسيط,18571,1599,479.7,1119.3,,متاح لدى المصدر,https://cdn.shopify.com/s/files/1/0935/9550/0847/files/Uriage_Bariesun_Lait_Kids_Spf_50_100_ml.webp?v=1790667309,منتج حليب الأطفال الواقي من الشمس يورياج باريسون سب اف 50+ 100 مل من URIAGE Bariesun. التصنيف المرجعي: العناية بالبشرة — بسيط. الوسوم المرجعية: Kids Care، Kids Concerns، Kids Sunscreen، Skin Care، Skin Concerns، SPF 50، Sun Care، Sunscreen.,https://alfouadpharmacies.com/en/products/uriage-bariesun-lait-kids-spf-50100-ml,AlFouad Pharmacies,Verify usage rights before commercial publication,غير مثبت,غير مثبت,مرجعي فقط — غير معتمد للنشر التجاري,بيانات مرجعية متاحة؛ يلزم تحقق PM,ضمن الفحص المبدئي
10569744580911,bionnex-preventiva-sun-kids-spray-spf50-200ml,بخاخ بيونيكس بريفينتيڤا صن للأطفال، عامل حماية من الشمس 50+، 200 مل,BIONNEX,العناية بالبشرة,العناية بالبشرة | العناية بالأطفال,2,بسيط,12200,675,202.5,472.5,,غير متاح لدى المصدر,https://cdn.shopify.com/s/files/1/0935/9550/0847/files/Bionnex-Preventiva-Sun-Kids-Spray-SPF50-200ML.webp?v=1754298867,منتج بخاخ بيونيكس بريفينتيڤا صن للأطفال، عامل حماية من الشمس 50+، 200 مل من BIONNEX. التصنيف المرجعي: العناية بالبشرة — بسيط. الوسوم المرجعية: Kids Care، Kids Concerns، Kids Sunscreen، Skin Care، SPF 50، Sun Care، Sunscreen.,https://alfouadpharmacies.com/en/products/bionnex-preventiva-sun-kids-spray-spf50-200ml,AlFouad Pharmacies,Verify usage rights before commercial publication,غير مثبت,غير مثبت,مرجعي فقط — غير معتمد للنشر التجاري,بيانات مرجعية متاحة؛ يلزم تحقق PM,ضمن الفحص المبدئي
10569744417071,isis-uveblock-spf-50-spray-kids-200ml,آيسيس. يو في بلوك سبراي واقي من الشمس للأطفال 50+  200 مل,isis,العناية بالبشرة,العناية بالبشرة | العناية بالأطفال,2,واقي شمس ,30168,1439,431.7,1007.3,,متاح لدى المصدر,https://cdn.shopify.com/s/files/1/0935/9550/0847/files/1_-_2026-06-30T171840.853.webp?v=1782829139,منتج آيسيس. يو في بلوك سبراي واقي من الشمس للأطفال 50+  200 مل من isis. التصنيف المرجعي: العناية بالبشرة — واقي شمس . الوسوم المرجعية: Kids Care، Kids Concerns، Kids Sunscreen، Skin Care، Skin Concerns، SPF 50، Sun Care، Sunscreen.,https://alfouadpharmacies.com/en/products/isis-uveblock-spf-50-spray-kids-200ml,AlFouad Pharmacies,Verify usage rights before commercial publication,غير مثبت,غير مثبت,مرجعي فقط — غير معتمد للنشر التجاري,بيانات مرجعية متاحة؛ يلزم تحقق PM,ضمن الفحص المبدئي
10569743171887,isis-aqua-ruboril-micellar-sensitive-skin-250ml,إيزيس فارما أكواروبيوريل ماء ميسيلار مهدئ للبشرة الحساسة 250 مل,isis,العناية بالبشرة,العناية بالبشرة,1,ماء ميسيلار,94816,615,184.5,430.5,,غير متاح لدى المصدر,https://cdn.shopify.com/s/files/1/0935/9550/0847/files/1_-_2026-06-30T132055.131.webp?v=1782814893,منتج إيزيس فارما أكواروبيوريل ماء ميسيلار مهدئ للبشرة الحساسة 250 مل من isis. التصنيف المرجعي: العناية بالبشرة — ماء ميسيلار. الوسوم المرجعية: Cleanser، Makeup Removers، Sensitive Skin / Redness، Skin Care، Skin Concerns.,https://alfouadpharmacies.com/en/products/isis-aqua-ruboril-micellar-sensitive-skin-250ml,AlFouad Pharmacies,Verify usage rights before commercial publication,غير مثبت,غير مثبت,مرجعي فقط — غير معتمد للنشر التجاري,بيانات مرجعية متاحة؛ يلزم تحقق PM,ضمن الفحص المبدئي
10569740484911,bionnex-preventiva-sunscreen-cream-spf50-50ml,كريم واقي من الشمس بيونيكس بريفينتيفا SPF50+ 50 مل,BIONNEX,العناية بالبشرة,العناية بالبشرة,1,بسيط,8638,519,155.7,363.3,,متاح لدى المصدر,https://cdn.shopify.com/s/files/1/0935/9550/0847/files/1_-_2026-07-29T112344.653.webp?v=1785313439,منتج كريم واقي من الشمس بيونيكس بريفينتيفا SPF50+ 50 مل من BIONNEX. التصنيف المرجعي: العناية بالبشرة — بسيط. الوسوم المرجعية: Skin Care، Skin Concerns، SPF 50، Sun Care، Sunscreen، Sunscreen Cream.,https://alfouadpharmacies.com/en/products/bionnex-preventiva-sunscreen-cream-spf50-50ml,AlFouad Pharmacies,Verify usage rights before commercial publication,غير مثبت,غير مثبت,مرجعي فقط — غير معتمد للنشر التجاري,بيانات مرجعية متاحة؛ يلزم تحقق PM,ضمن الفحص المبدئي
10569736814895,avene-sun-50ml-fluid-tinted-50-spf-50ml,أفين واقي شمس سائل ملون 50 مل، درجة حماية 50 SPF.,Avene,العناية بالبشرة,العناية بالبشرة,1,بسيط,104721,1025,307.5,717.5,,متاح لدى المصدر,https://cdn.shopify.com/s/files/1/0935/9550/0847/files/avenesun50mlfuildtinted_jpeghandmodel_jpg.webp?v=1785928466,منتج أفين واقي شمس سائل ملون 50 مل، درجة حماية 50 SPF. من Avene. التصنيف المرجعي: العناية بالبشرة — بسيط. الوسوم المرجعية: Skin Care، Skin Concerns، SPF 50، Sun Care، Sunscreen، Sunscreen Fluid، Sunscreen Tinted.,https://alfouadpharmacies.com/en/products/avene-sun-50ml-fluid-tinted-50-spf-50ml,AlFouad Pharmacies,Verify usage rights before commercial publication,غير مثبت,غير مثبت,مرجعي فقط — غير معتمد للنشر التجاري,بيانات مرجعية متاحة؛ يلزم تحقق PM,ضمن الفحص المبدئي
10569719087407,eva-gold-collagen-mask-100ml,قناع الكولاجين الذهبي من إيفا 100 مل,AlFouad Pharmacies,العناية بالبشرة,العناية بالبشرة,1,بسيط,97332,200,60,140,,غير متاح لدى المصدر,https://cdn.shopify.com/s/files/1/0935/9550/0847/files/Eva-Gold-Collagen-Mask-100ml.webp?v=1754299237,منتج قناع الكولاجين الذهبي من إيفا 100 مل من AlFouad Pharmacies. التصنيف المرجعي: العناية بالبشرة — بسيط. الوسوم المرجعية: Face Mask، Pores، Skin Care، Skin Concerns، Treatments.,https://alfouadpharmacies.com/en/products/eva-gold-collagen-mask-100ml,AlFouad Pharmacies,Verify usage rights before commercial publication,غير مثبت,غير مثبت,مرجعي فقط — غير معتمد للنشر التجاري,بيانات مرجعية متاحة؛ يلزم تحقق PM,ضمن الفحص المبدئي
10569718661423,eva-skin-clinic-white-pearl-facial-soap-70gm,صابون الوجه بيرل وايت من إيفا سكين كلينك 70 غرام,AlFouad Pharmacies,العناية بالبشرة,العناية بالبشرة,1,بسيط,6854,60,18,42,,غير متاح لدى المصدر,https://cdn.shopify.com/s/files/1/0935/9550/0847/files/Eva-Skin-Clinic-White-Pearl-Facial-Soap-70gm.webp?v=1754299243,منتج صابون الوجه بيرل وايت من إيفا سكين كلينك 70 غرام من AlFouad Pharmacies. التصنيف المرجعي: العناية بالبشرة — بسيط. الوسوم المرجعية: Cleanser، Face Soap، Skin Care.,https://alfouadpharmacies.com/en/products/eva-skin-clinic-white-pearl-facial-soap-70gm,AlFouad Pharmacies,Verify usage rights before commercial publication,غير مثبت,غير مثبت,مرجعي فقط — غير معتمد للنشر التجاري,بيانات مرجعية متاحة؛ يلزم تحقق PM,ضمن الفحص المبدئي
10569717219631,eva-skin-cream-55gm-honey,كريم إيفا للبشرة 55 جم (عسل),AlFouad Pharmacies,العناية بالبشرة,العناية بالبشرة,1,بسيط,82774,30,9,21,,متاح لدى المصدر,https://cdn.shopify.com/s/files/1/0935/9550/0847/files/Eva-Skin-Cream-55gm-Honey.webp?v=1754299253,منتج كريم إيفا للبشرة 55 جم (عسل) من AlFouad Pharmacies. التصنيف المرجعي: العناية بالبشرة — بسيط. الوسوم المرجعية: Creams، Moisturizers، Skin Care.,https://alfouadpharmacies.com/en/products/eva-skin-cream-55gm-honey,AlFouad Pharmacies,Verify usage rights before commercial publication,غير مثبت,غير مثبت,مرجعي فقط — غير معتمد للنشر التجاري,بيانات مرجعية متاحة؛ يلزم تحقق PM,ضمن الفحص المبدئي
10569717088559,eva-skin-clinc-white-pearl-day-cr-360-spf15-50ml,كريم النهار إيفا سكين كلينك بيرل وايت (360)  حماية من الشمس SPF15  50 مل,AlFouad Pharmacies,العناية بالبشرة,العناية بالبشرة,1,بسيط,18162,190,57,133,,غير متاح لدى المصدر,https://cdn.shopify.com/s/files/1/0935/9550/0847/files/Eva-Skin-Clinc-White-Pearl-Day-Cr-360-SPF15-50ml.webp?v=1754299255,منتج كريم النهار إيفا سكين كلينك بيرل وايت (360)  حماية من الشمس SPF15  50 مل من AlFouad Pharmacies. التصنيف المرجعي: العناية بالبشرة — بسيط. الوسوم المرجعية: Day Cream، Moisturizers، Skin Care.,https://alfouadpharmacies.com/en/products/eva-skin-clinc-white-pearl-day-cr-360-spf15-50ml,AlFouad Pharmacies,Verify usage rights before commercial publication,غير مثبت,غير مثبت,مرجعي فقط — غير معتمد للنشر التجاري,بيانات مرجعية متاحة؛ يلزم تحقق PM,ضمن الفحص المبدئي
10569717023023,raw-african-intense-hydration-facial-cream-50ml,كريم ترطيب الوجه المكثف من رو أفريكان، 50 مل,RAW AFRICAN,العناية بالبشرة,العناية بالبشرة,1,بسيط,92160,284,85.2,198.8,,غير متاح لدى المصدر,https://cdn.shopify.com/s/files/1/0935/9550/0847/files/Raw-African-Intense-Hydration-Facial-Cream-50ml-2.webp?v=1754299257,منتج كريم ترطيب الوجه المكثف من رو أفريكان، 50 مل من RAW AFRICAN. التصنيف المرجعي: العناية بالبشرة — بسيط. الوسوم المرجعية: Creams، Moisturizers، Skin Care.,https://alfouadpharmacies.com/en/products/raw-african-intense-hydration-facial-cream-50ml,AlFouad Pharmacies,Verify usage rights before commercial publication,غير مثبت,غير مثبت,مرجعي فقط — غير معتمد للنشر التجاري,بيانات مرجعية متاحة؛ يلزم تحقق PM,ضمن الفحص المبدئي
10569716826415,eva-collagen-3d-anti-ageing-40-serum-10ml,مصل إيفا كولاجين 3D المضاد للشيخوخة +40، 10 مل,AlFouad Pharmacies,العناية بالبشرة,العناية بالبشرة,1,بسيط,96197,190,57,133,,متاح لدى المصدر,https://cdn.shopify.com/s/files/1/0935/9550/0847/files/Eva-Collagen-3D-Anti-Ageing-40-Serum-10ml.webp?v=1754299260,منتج مصل إيفا كولاجين 3D المضاد للشيخوخة +40، 10 مل من AlFouad Pharmacies. التصنيف المرجعي: العناية بالبشرة — بسيط. الوسوم المرجعية: Serums، Skin Care، Treatments.,https://alfouadpharmacies.com/en/products/eva-collagen-3d-anti-ageing-40-serum-10ml,AlFouad Pharmacies,Verify usage rights before commercial publication,غير مثبت,غير مثبت,مرجعي فقط — غير معتمد للنشر التجاري,بيانات مرجعية متاحة؛ يلزم تحقق PM,ضمن الفحص المبدئي
10569716728111,azha-whitening-body-lotion-100gm-11-off,لوشن الجسم المبيض أزها 100 جم، عرض 1+1,AlFouad Pharmacies,العناية بالبشرة,العناية بالبشرة,1,بسيط,9502,349,104.7,244.3,,متاح لدى المصدر,https://cdn.shopify.com/s/files/1/0935/9550/0847/files/Azha-Whitening-Body-Lotion-100gm-11-Off.webp?v=1754299261,منتج لوشن الجسم المبيض أزها 100 جم، عرض 1+1 من AlFouad Pharmacies. التصنيف المرجعي: العناية بالبشرة — بسيط. الوسوم المرجعية: Skin Care، Skincare Offers.,https://alfouadpharmacies.com/en/products/azha-whitening-body-lotion-100gm-11-off,AlFouad Pharmacies,Verify usage rights before commercial publication,غير مثبت,غير مثبت,مرجعي فقط — غير معتمد للنشر التجاري,بيانات مرجعية متاحة؛ يلزم تحقق PM,ضمن الفحص المبدئي
10569716465967,eva-bb-collagen-cream-25spf-dark-50ml,كريم إيفا بي بي الكولاجين 25SPF (داكن) 50 مل,AlFouad Pharmacies,العناية بالبشرة,العناية بالبشرة,1,بسيط,6665,270,81,189,,غير متاح لدى المصدر,https://cdn.shopify.com/s/files/1/0935/9550/0847/files/Eva-BB-Collagen-Cream-25SPF-Dark-50ml.webp?v=1754299265,منتج كريم إيفا بي بي الكولاجين 25SPF (داكن) 50 مل من AlFouad Pharmacies. التصنيف المرجعي: العناية بالبشرة — بسيط. الوسوم المرجعية: Day Cream، Moisturizers، Skin Care.,https://alfouadpharmacies.com/en/products/eva-bb-collagen-cream-25spf-dark-50ml,AlFouad Pharmacies,Verify usage rights before commercial publication,غير مثبت,غير مثبت,مرجعي فقط — غير معتمد للنشر التجاري,بيانات مرجعية متاحة؛ يلزم تحقق PM,ضمن الفحص المبدئي
10569716302127,dermactive-acti-glow-night-cream-50ml,كريم ديرم اكتيف اكتي-جلو الليلي 50 مل,DERMACTIVE,العناية بالبشرة,العناية بالبشرة,1,بسيط,25645,349,104.7,244.3,,متاح لدى المصدر,https://cdn.shopify.com/s/files/1/0935/9550/0847/files/Dermactive-Acti-Glow-Night-Cream-50ml.webp?v=1754299268,منتج كريم ديرم اكتيف اكتي-جلو الليلي 50 مل من DERMACTIVE. التصنيف المرجعي: العناية بالبشرة — بسيط. الوسوم المرجعية: Moisturizers، Night Creams، Skin Care.,https://alfouadpharmacies.com/en/products/dermactive-acti-glow-night-cream-50ml,AlFouad Pharmacies,Verify usage rights before commercial publication,غير مثبت,غير مثبت,مرجعي فقط — غير معتمد للنشر التجاري,بيانات مرجعية متاحة؛ يلزم تحقق PM,ضمن الفحص المبدئي
10569715843375,eva-skin-cream-170gm-honey,كريم إيفا للبشرة 170 غرام (عسل),AlFouad Pharmacies,العناية بالبشرة,العناية بالبشرة,1,بسيط,33451,75,22.5,52.5,,متاح لدى المصدر,https://cdn.shopify.com/s/files/1/0935/9550/0847/files/Eva-Skin-Cream-170gm-Honey.webp?v=1754299276,منتج كريم إيفا للبشرة 170 غرام (عسل) من AlFouad Pharmacies. التصنيف المرجعي: العناية بالبشرة — بسيط. الوسوم المرجعية: Moisturizer Cream، Moisturizers، Skin Care.,https://alfouadpharmacies.com/en/products/eva-skin-cream-170gm-honey,AlFouad Pharmacies,Verify usage rights before commercial publication,غير مثبت,غير مثبت,مرجعي فقط — غير معتمد للنشر التجاري,بيانات مرجعية متاحة؛ يلزم تحقق PM,ضمن الفحص المبدئي
10569715810607,azha-whitening-cream-20-spf-75gm-11-off,كريم أزها للتفتيح 20 SPF 75 جم  شراء واحد واحصل على واحد مجاناً,AlFouad Pharmacies,العناية بالبشرة,العناية بالبشرة,1,بسيط,9492,349,104.7,244.3,,متاح لدى المصدر,https://cdn.shopify.com/s/files/1/0935/9550/0847/files/Azha-Whitening-Cream-20-Spf-75gm-11-Off-1.webp?v=1754299276,منتج كريم أزها للتفتيح 20 SPF 75 جم  شراء واحد واحصل على واحد مجاناً من AlFouad Pharmacies. التصنيف المرجعي: العناية بالبشرة — بسيط. الوسوم المرجعية: Skin Care، Skincare Offers.,https://alfouadpharmacies.com/en/products/azha-whitening-cream-20-spf-75gm-11-off,AlFouad Pharmacies,Verify usage rights before commercial publication,غير مثبت,غير مثبت,مرجعي فقط — غير معتمد للنشر التجاري,بيانات مرجعية متاحة؛ يلزم تحقق PM,ضمن الفحص المبدئي
10569715351855,dermatique-refine-purifying-toner-150ml-oily-skin,تونر ديرماتيك ريفاين لتنقية البشرة 150 مل للبشرة الدهنية,AlFouad Pharmacies,العناية بالبشرة,العناية بالبشرة,1,بسيط,84503,340,102,238,,غير متاح لدى المصدر,https://cdn.shopify.com/s/files/1/0935/9550/0847/files/Dermatique-Refine-Purifying-Toner-150ml-Oily-Skin.webp?v=1754299287,منتج تونر ديرماتيك ريفاين لتنقية البشرة 150 مل للبشرة الدهنية من AlFouad Pharmacies. التصنيف المرجعي: العناية بالبشرة — بسيط. الوسوم المرجعية: Acne & Blemishes، Skin Care، Skin Concerns، Toners، Treatments.,https://alfouadpharmacies.com/en/products/dermatique-refine-purifying-toner-150ml-oily-skin,AlFouad Pharmacies,Verify usage rights before commercial publication,غير مثبت,غير مثبت,مرجعي فقط — غير معتمد للنشر التجاري,بيانات مرجعية متاحة؛ يلزم تحقق PM,ضمن الفحص المبدئي
10569714401583,alejon-corrective-foundation-2-sand-spf50-30ml,قاعدة تصحيح ألوان الوجه من أليجون، درجة لون 2 ساند، عامل حماية من الشمس 50+، 30 مل,ALEJON,العناية بالبشرة,العناية بالبشرة,1,بسيط,85774,410,123,287,,غير متاح لدى المصدر,https://cdn.shopify.com/s/files/1/0935/9550/0847/files/Alejon-Corrective-Foundation-2-Sand-SPF50-30ml.webp?v=1754299306,منتج قاعدة تصحيح ألوان الوجه من أليجون، درجة لون 2 ساند، عامل حماية من الشمس 50+، 30 مل من ALEJON. التصنيف المرجعي: العناية بالبشرة — بسيط. الوسوم المرجعية: Beauty & Accessories، Foundation، Makeup، Skin Care، Skin Concerns، Sun Care، Sunscreen، Sunscreen Tinted.,https://alfouadpharmacies.com/en/products/alejon-corrective-foundation-2-sand-spf50-30ml,AlFouad Pharmacies,Verify usage rights before commercial publication,غير مثبت,غير مثبت,مرجعي فقط — غير معتمد للنشر التجاري,بيانات مرجعية متاحة؛ يلزم تحقق PM,ضمن الفحص المبدئي
10569713975599,argento-profit-sunscreen-gel-spf50-60ml-11-off,جل واقي شمس أرجينتو بروفيت SPF50+ 60 مل، عرض 1+1,AlFouad Pharmacies,العناية بالبشرة,العناية بالبشرة,1,بسيط,9531,349,104.7,244.3,,متاح لدى المصدر,https://cdn.shopify.com/s/files/1/0935/9550/0847/files/Argento-Profit-Sunscreen-Gel-SPF50-60ml-11-Off.webp?v=1754299315,منتج جل واقي شمس أرجينتو بروفيت SPF50+ 60 مل، عرض 1+1 من AlFouad Pharmacies. التصنيف المرجعي: العناية بالبشرة — بسيط. الوسوم المرجعية: Skin Care، Skin Concerns، Skincare Offers، Sun Care، Sun Gel، Sunscreen.,https://alfouadpharmacies.com/en/products/argento-profit-sunscreen-gel-spf50-60ml-11-off,AlFouad Pharmacies,Verify usage rights before commercial publication,غير مثبت,غير مثبت,مرجعي فقط — غير معتمد للنشر التجاري,بيانات مرجعية متاحة؛ يلزم تحقق PM,ضمن الفحص المبدئي
16184914739503,bioderma-sebium-pain-purifying-cleansing-bar-100g,Bioderma Sébium Pain Purifying Cleansing Bar 100g,Bioderma,العناية بالبشرة,العناية بالبشرة,1,Oily Skin,116856,549,164.7,384.3,,متاح لدى المصدر,https://cdn.shopify.com/s/files/1/0935/9550/0847/files/SEBIUM-PAIN-PURIFYING-CLEANSING-BAR-100GM-BIODERMA-768x768.webp?v=1790165657,منتج Bioderma Sébium Pain Purifying Cleansing Bar 100g من Bioderma. التصنيف المرجعي: العناية بالبشرة — Oily Skin. الحجم المذكور: 100 g. الوسوم المرجعية: Oily Skin.,https://alfouadpharmacies.com/en/products/bioderma-sebium-pain-purifying-cleansing-bar-100g,AlFouad Pharmacies,Verify usage rights before commercial publication,غير مثبت,غير مثبت,مرجعي فقط — غير معتمد للنشر التجاري,بيانات مرجعية متاحة؛ يلزم تحقق PM,ضمن الفحص المبدئي
16146958418223,سيروم-إيكوال-بيري-ديب-سيرا-باكوتشيول-لامتلاء-وشد-البشرة-30-مل,سيروم إيكوال بيري ديب سيرا باكوتشيول لامتلاء وشد البشرة 30 مل,korean product,العناية بالبشرة,العناية بالبشرة | الجمال الكوري,2,سيروم,115492,1930,579,1351,,متاح لدى المصدر,https://cdn.shopify.com/s/files/1/0935/9550/0847/files/eqqual_berry_bakuchiol_plumping_serum_1615x1615_d969c085-ebeb-4ae3-861d-33111ea80136.webp?v=1788157400,منتج سيروم إيكوال بيري ديب سيرا باكوتشيول لامتلاء وشد البشرة 30 مل من korean product. التصنيف المرجعي: العناية بالبشرة — سيروم. الوسوم المرجعية: Serums، Skin Care، Whitening Serum.,https://alfouadpharmacies.com/en/products/سيروم-إيكوال-بيري-ديب-سيرا-باكوتشيول-لامتلاء-وشد-البشرة-30-مل,AlFouad Pharmacies,Verify usage rights before commercial publication,غير مثبت,غير مثبت,مرجعي فقط — غير معتمد للنشر التجاري,بيانات مرجعية متاحة؛ يلزم تحقق PM,ضمن الفحص المبدئي
16146945966383,سيروم-إيكوال-بيري-لوش-بلاش-ناد-ببتيد-لتعزيز-نضارة-البشرة-30-مل,سيروم إيكوال بيري لوش بلاش ناد+ ببتيد لتعزيز نضارة البشرة 30 مل,korean product,العناية بالبشرة,العناية بالبشرة | الجمال الكوري,2,سيرم ,115622,2000,600,1400,,متاح لدى المصدر,https://cdn.shopify.com/s/files/1/0935/9550/0847/files/eqqual_berry_nad_peptide_serum_1615x1615_75c49a29-b63c-425d-97b0-f30cef6b1197.webp?v=1788156881,منتج سيروم إيكوال بيري لوش بلاش ناد+ ببتيد لتعزيز نضارة البشرة 30 مل من korean product. التصنيف المرجعي: العناية بالبشرة — سيرم . الوسوم المرجعية: Serums، Skin Care، Whitening Serum.,https://alfouadpharmacies.com/en/products/سيروم-إيكوال-بيري-لوش-بلاش-ناد-ببتيد-لتعزيز-نضارة-البشرة-30-مل,AlFouad Pharmacies,Verify usage rights before commercial publication,غير مثبت,غير مثبت,مرجعي فقط — غير معتمد للنشر التجاري,بيانات مرجعية متاحة؛ يلزم تحقق PM,ضمن الفحص المبدئي
16140074582319,كبسولات-ديلي-فيت-بيوتين-5000-ميكروجرام-لدعم-الشعر-والبشرة-والأظافر,كبسولات ديلي فيت بيوتين 5000 ميكروجرام لدعم الشعر والبشرة والأظافر,SofiLife,العناية بالبشرة,العناية بالبشرة | العناية بالشعر,2,بيوتين ,117895,390,117,273,,متاح لدى المصدر,https://cdn.shopify.com/s/files/1/0935/9550/0847/files/dailyvit_biotin_1615x1615_d76e7c0d-989c-4906-b793-2f85a5901101.webp?v=1787725107,منتج كبسولات ديلي فيت بيوتين 5000 ميكروجرام لدعم الشعر والبشرة والأظافر من SofiLife. التصنيف المرجعي: العناية بالبشرة — بيوتين . الوسوم المرجعية: Hair Care، Skin & Hair Care.,https://alfouadpharmacies.com/en/products/كبسولات-ديلي-فيت-بيوتين-5000-ميكروجرام-لدعم-الشعر-والبشرة-والأظافر,AlFouad Pharmacies,Verify usage rights before commercial publication,غير مثبت,غير مثبت,مرجعي فقط — غير معتمد للنشر التجاري,بيانات مرجعية متاحة؛ يلزم تحقق PM,مراجعة نطاق/تنظيم قبل الإدراج
16140068585775,أقراص-سباركل-بلس-للبشرة-والشعر-والأظافر-28-عنصراً-مغذياً-100-قرص,أقراص سباركل بلس للبشرة والشعر والأظافر 28 عنصراً مغذياً (100 قرص),SofiLife,العناية بالبشرة,العناية بالبشرة | العناية بالشعر,2, للبشرة والشعر والأظافر,117899,1050,315,735,,متاح لدى المصدر,https://cdn.shopify.com/s/files/1/0935/9550/0847/files/sparkle_plus_1615x1615_a5a3c989-9f09-47c0-8ff5-c83abf1f35fc.webp?v=1787724285,منتج أقراص سباركل بلس للبشرة والشعر والأظافر 28 عنصراً مغذياً (100 قرص) من SofiLife. التصنيف المرجعي: العناية بالبشرة —  للبشرة والشعر والأظافر. الوسوم المرجعية: Hair Care، Nails، Skin & Hair Care، Skin Care، Vitamins.,https://alfouadpharmacies.com/en/products/أقراص-سباركل-بلس-للبشرة-والشعر-والأظافر-28-عنصراً-مغذياً-100-قرص,AlFouad Pharmacies,Verify usage rights before commercial publication,غير مثبت,غير مثبت,مرجعي فقط — غير معتمد للنشر التجاري,بيانات مرجعية متاحة؛ يلزم تحقق PM,ضمن الفحص المبدئي
16118650470703,غسول-ديرماسي-لتنظيف-المسام-للبشرة-الدهنية-والحبوب-200-مل,غسول ديرماسي لتنظيف المسام للبشرة الدهنية والحبوب 200 مل,Dermacy,العناية بالبشرة,العناية بالبشرة,1,غسول,117303,320,96,224,,متاح لدى المصدر,https://cdn.shopify.com/s/files/1/0935/9550/0847/files/dermacy_pore_cleansing_face_gel_1615.webp?v=1786275962,منتج غسول ديرماسي لتنظيف المسام للبشرة الدهنية والحبوب 200 مل من Dermacy. التصنيف المرجعي: العناية بالبشرة — غسول. الوسوم المرجعية: Cleanser، Oily Skin، Skin Care.,https://alfouadpharmacies.com/en/products/غسول-ديرماسي-لتنظيف-المسام-للبشرة-الدهنية-والحبوب-200-مل,AlFouad Pharmacies,Verify usage rights before commercial publication,غير مثبت,غير مثبت,مرجعي فقط — غير معتمد للنشر التجاري,بيانات مرجعية متاحة؛ يلزم تحقق PM,ضمن الفحص المبدئي
16110670840111,سيروم-فاكيشن-برو-سيريز-جليكوليك-أسيد-10,سيروم فاكيشن برو سيريز جليكوليك أسيد 10%,vacation,العناية بالبشرة,العناية بالبشرة,1,سيروم ,117035,375,112.5,262.5,,متاح لدى المصدر,https://cdn.shopify.com/s/files/1/0935/9550/0847/files/vacation_glycolic_acid_serum_1615.webp?v=1785851482,منتج سيروم فاكيشن برو سيريز جليكوليك أسيد 10% من vacation. التصنيف المرجعي: العناية بالبشرة — سيروم . الوسوم المرجعية: Oily Skin، Serums.,https://alfouadpharmacies.com/en/products/سيروم-فاكيشن-برو-سيريز-جليكوليك-أسيد-10,AlFouad Pharmacies,Verify usage rights before commercial publication,غير مثبت,غير مثبت,مرجعي فقط — غير معتمد للنشر التجاري,بيانات مرجعية متاحة؛ يلزم تحقق PM,ضمن الفحص المبدئي
16110638530863,تونر-فاكيشن-سيبيو-كنترول-لتنقية-وتنظيم-البشرة-الدهنية-200-مل,تونر فاكيشن سيبيو كنترول لتنقية وتنظيم البشرة الدهنية 200 مل,vacation,العناية بالبشرة,العناية بالبشرة,1,تونر,116524,340,102,238,,متاح لدى المصدر,https://cdn.shopify.com/s/files/1/0935/9550/0847/files/vacation_sebio_control_toner_same_1615.webp?v=1785843453,منتج تونر فاكيشن سيبيو كنترول لتنقية وتنظيم البشرة الدهنية 200 مل من vacation. التصنيف المرجعي: العناية بالبشرة — تونر. الوسوم المرجعية: Oily Skin، Toners.,https://alfouadpharmacies.com/en/products/تونر-فاكيشن-سيبيو-كنترول-لتنقية-وتنظيم-البشرة-الدهنية-200-مل,AlFouad Pharmacies,Verify usage rights before commercial publication,غير مثبت,غير مثبت,مرجعي فقط — غير معتمد للنشر التجاري,بيانات مرجعية متاحة؛ يلزم تحقق PM,ضمن الفحص المبدئي
16108928729391,درمدك-نورماكني-تونر-منظف-و-موازن-للبشرة-200-مل,درمدك نورماكني تونر منظف و موازن للبشرة 200 مل,DERMEDIC,العناية بالبشرة,العناية بالبشرة,1,تونر,117435,600,180,420,,متاح لدى المصدر,https://cdn.shopify.com/s/files/1/0935/9550/0847/files/wwwprodukt-2026-04-07T124543.192.webp?v=1785746025,منتج درمدك نورماكني تونر منظف و موازن للبشرة 200 مل من DERMEDIC. التصنيف المرجعي: العناية بالبشرة — تونر. الوسوم المرجعية: Oily Skin، skin، Skin Care، Toners.,https://alfouadpharmacies.com/en/products/درمدك-نورماكني-تونر-منظف-و-موازن-للبشرة-200-مل,AlFouad Pharmacies,Verify usage rights before commercial publication,غير مثبت,غير مثبت,مرجعي فقط — غير معتمد للنشر التجاري,بيانات مرجعية متاحة؛ يلزم تحقق PM,ضمن الفحص المبدئي
16107346592047,جل-سيباكلار-لعلاج-حب-الشباب-50مل,جل سيباكلار لعلاج حب الشباب 50مل,HAYAH,العناية بالبشرة,العناية بالبشرة,1,بشره دهنيه ,109248,307,92.1,214.9,,متاح لدى المصدر,https://cdn.shopify.com/s/files/1/0935/9550/0847/files/Hayah_laboratories_03-09-20261239.webp?v=1785586003,منتج جل سيباكلار لعلاج حب الشباب 50مل من HAYAH. التصنيف المرجعي: العناية بالبشرة — بشره دهنيه . الوسوم المرجعية: Acne & Blemishes، Oily Skin، Skin Care.,https://alfouadpharmacies.com/en/products/جل-سيباكلار-لعلاج-حب-الشباب-50مل,AlFouad Pharmacies,Verify usage rights before commercial publication,غير مثبت,غير مثبت,مرجعي فقط — غير معتمد للنشر التجاري,بيانات مرجعية متاحة؛ يلزم تحقق PM,ضمن الفحص المبدئي
16103662158127,skinify-mattify-omega-fatty-acids-face-cream-oily-skin-50-ml,SKINIFY MATTIFY OMEGA FATTY ACIDS FACE CREAM OILY SKIN 50 ML,SKINIFY,العناية بالبشرة,العناية بالبشرة,1,Face cream,117055,600,180,420,,متاح لدى المصدر,https://cdn.shopify.com/s/files/1/0935/9550/0847/files/23_1.webp?v=1785317868,منتج SKINIFY MATTIFY OMEGA FATTY ACIDS FACE CREAM OILY SKIN 50 ML من SKINIFY. التصنيف المرجعي: العناية بالبشرة — Face cream. الحجم المذكور: 50 ML. الوسوم المرجعية: Oily Skin، Skin Care.,https://alfouadpharmacies.com/en/products/skinify-mattify-omega-fatty-acids-face-cream-oily-skin-50-ml,AlFouad Pharmacies,Verify usage rights before commercial publication,غير مثبت,غير مثبت,مرجعي فقط — غير معتمد للنشر التجاري,بيانات مرجعية متاحة؛ يلزم تحقق PM,ضمن الفحص المبدئي
16098363441455,سيروم-سكيني-فاي-ماتريكسيل-3-وهيالورونيك-أسيد,سيروم سكيني فاي ماتريكسيل 3% وهيالورونيك أسيد,SKINIFY,العناية بالبشرة,العناية بالبشرة,1,سيروم,117218,650,195,455,,متاح لدى المصدر,https://cdn.shopify.com/s/files/1/0935/9550/0847/files/skinify_matrixyl_3_ha_1615.webp?v=1784533280,منتج سيروم سكيني فاي ماتريكسيل 3% وهيالورونيك أسيد من SKINIFY. التصنيف المرجعي: العناية بالبشرة — سيروم. الوسوم المرجعية: Serums، Skin Care.,https://alfouadpharmacies.com/en/products/سيروم-سكيني-فاي-ماتريكسيل-3-وهيالورونيك-أسيد,AlFouad Pharmacies,Verify usage rights before commercial publication,غير مثبت,غير مثبت,مرجعي فقط — غير معتمد للنشر التجاري,بيانات مرجعية متاحة؛ يلزم تحقق PM,ضمن الفحص المبدئي
16098354331951,سيروم-سكيني-فاي-النياسيناميد-10-والزنك-1,سيروم سكيني فاي النياسيناميد 10% والزنك 1% ,SKINIFY,العناية بالبشرة,العناية بالبشرة,1,سيروم,117078,600,180,420,,متاح لدى المصدر,https://cdn.shopify.com/s/files/1/0935/9550/0847/files/skinify_niacinamide_zinc_1615.webp?v=1784532728,منتج سيروم سكيني فاي النياسيناميد 10% والزنك 1%  من SKINIFY. التصنيف المرجعي: العناية بالبشرة — سيروم. الوسوم المرجعية: Serums، Skin Care.,https://alfouadpharmacies.com/en/products/سيروم-سكيني-فاي-النياسيناميد-10-والزنك-1,AlFouad Pharmacies,Verify usage rights before commercial publication,غير مثبت,غير مثبت,مرجعي فقط — غير معتمد للنشر التجاري,بيانات مرجعية متاحة؛ يلزم تحقق PM,ضمن الفحص المبدئي
16054523363631,skinify-plump-argireline-10-peptide-face-serum-50-ml,SKINIFY PLUMP ARGIRELINE 10%+PEPTIDE FACE SERUM 50 ML,SKINIFY,العناية بالبشرة,العناية بالبشرة,1,Face Serum,117081,650,195,455,,غير متاح لدى المصدر,https://cdn.shopify.com/s/files/1/0935/9550/0847/files/skinify_argireline_peptide_complex_1615.webp?v=1783865297,منتج SKINIFY PLUMP ARGIRELINE 10%+PEPTIDE FACE SERUM 50 ML من SKINIFY. التصنيف المرجعي: العناية بالبشرة — Face Serum. الحجم المذكور: 50 ML. الوسوم المرجعية: Serums، Skin Care.,https://alfouadpharmacies.com/en/products/skinify-plump-argireline-10-peptide-face-serum-50-ml,AlFouad Pharmacies,Verify usage rights before commercial publication,غير مثبت,غير مثبت,مرجعي فقط — غير معتمد للنشر التجاري,بيانات مرجعية متاحة؛ يلزم تحقق PM,ضمن الفحص المبدئي
16054519365935,skinify-protect-sun-cream-spf-50-100-ml,SKINIFY PROTECT SUN CREAM SPF+50 100 ML,SKINIFY,العناية بالبشرة,العناية بالبشرة,1,sunscreen,117058,730,219,511,,غير متاح لدى المصدر,https://cdn.shopify.com/s/files/1/0935/9550/0847/files/skinify_sun_cream_spf50_1615.webp?v=1783865297,منتج SKINIFY PROTECT SUN CREAM SPF+50 100 ML من SKINIFY. التصنيف المرجعي: العناية بالبشرة — sunscreen. الحجم المذكور: 100 ML. الوسوم المرجعية: Skin Care، Sun Care، Sun Gel، sunblock، Sunscreen، Sunscreen Cream، Sunscreen Gel Cream.,https://alfouadpharmacies.com/en/products/skinify-protect-sun-cream-spf-50-100-ml,AlFouad Pharmacies,Verify usage rights before commercial publication,غير مثبت,غير مثبت,مرجعي فقط — غير معتمد للنشر التجاري,بيانات مرجعية متاحة؛ يلزم تحقق PM,ضمن الفحص المبدئي
16031778013487,some-by-mi-yuja-niacin-anti-blemish-starter-kit,SOME BY MI YUJA NIACIN ANTI BLEMISH STARTER KIT,korean product,العناية بالبشرة,العناية بالبشرة | الجمال الكوري,2,Skin Care,115698,1650,495,1155,,متاح لدى المصدر,https://cdn.shopify.com/s/files/1/0935/9550/0847/files/1_-_2026-06-28T105001.807.webp?v=1782633026,منتج SOME BY MI YUJA NIACIN ANTI BLEMISH STARTER KIT من korean product. التصنيف المرجعي: العناية بالبشرة — Skin Care. الوسوم المرجعية: korean product، Skin Care.,https://alfouadpharmacies.com/en/products/some-by-mi-yuja-niacin-anti-blemish-starter-kit,AlFouad Pharmacies,Verify usage rights before commercial publication,غير مثبت,غير مثبت,مرجعي فقط — غير معتمد للنشر التجاري,بيانات مرجعية متاحة؛ يلزم تحقق PM,ضمن الفحص المبدئي
16018976932143,lixora-sk-aromal-whitening-cream-50ml,ليكسورا SK أرومال كريم تفتيح وتوحيد لون البشرة 50 مل,LIXORA,العناية بالبشرة,العناية بالبشرة,1,Whitening creams,108532,455,136.5,318.5,,متاح لدى المصدر,https://cdn.shopify.com/s/files/1/0935/9550/0847/files/AromalWhiteningcream.webp?v=1781012265,منتج ليكسورا SK أرومال كريم تفتيح وتوحيد لون البشرة 50 مل من LIXORA. التصنيف المرجعي: العناية بالبشرة — Whitening creams. الوسوم المرجعية: Skin Care، Whitening، whitening cream.,https://alfouadpharmacies.com/en/products/lixora-sk-aromal-whitening-cream-50ml,AlFouad Pharmacies,Verify usage rights before commercial publication,غير مثبت,غير مثبت,مرجعي فقط — غير معتمد للنشر التجاري,بيانات مرجعية متاحة؛ يلزم تحقق PM,ضمن الفحص المبدئي
16018949079343,lixora-sk-wrinkles-free-face-neck-ampoules-5x5ml,ليكسورا SK أمبولات إنتنسيف مضادة لعلامات التقدم في العمر 5 مل,LIXORA,العناية بالبشرة,العناية بالبشرة,1,معالج للخطوط الرفيعه ,108535,999,299.7,699.3,,متاح لدى المصدر,https://cdn.shopify.com/s/files/1/0935/9550/0847/files/IntensiveAntiagingtherapy.webp?v=1781005785,منتج ليكسورا SK أمبولات إنتنسيف مضادة لعلامات التقدم في العمر 5 مل من LIXORA. التصنيف المرجعي: العناية بالبشرة — معالج للخطوط الرفيعه . الوسوم المرجعية: Anti-Aging، Serums، Skin Care.,https://alfouadpharmacies.com/en/products/lixora-sk-wrinkles-free-face-neck-ampoules-5x5ml,AlFouad Pharmacies,Verify usage rights before commercial publication,غير مثبت,غير مثبت,مرجعي فقط — غير معتمد للنشر التجاري,بيانات مرجعية متاحة؛ يلزم تحقق PM,ضمن الفحص المبدئي
16018923454767,lixora-sk-oily-face-toner-200ml,ليكسورا SK تونر للوجه للبشرة الدهنية والمختلطة والمعرضة للحبوب 200 مل,LIXORA,العناية بالبشرة,العناية بالبشرة,1,تونر,113283,299,89.7,209.3,,متاح لدى المصدر,https://cdn.shopify.com/s/files/1/0935/9550/0847/files/Facetoner.webp?v=1781000932,منتج ليكسورا SK تونر للوجه للبشرة الدهنية والمختلطة والمعرضة للحبوب 200 مل من LIXORA. التصنيف المرجعي: العناية بالبشرة — تونر. الوسوم المرجعية: Oily Skin، Skin Care، Toners.,https://alfouadpharmacies.com/en/products/lixora-sk-oily-face-toner-200ml,AlFouad Pharmacies,Verify usage rights before commercial publication,غير مثبت,غير مثبت,مرجعي فقط — غير معتمد للنشر التجاري,بيانات مرجعية متاحة؛ يلزم تحقق PM,ضمن الفحص المبدئي
16018910871855,lixora-sk-makeup-remover-200ml,ليكسورا SK مزيل المكياج 200 مل تنظيف لطيف وترطيب للبشرة,LIXORA,العناية بالبشرة,العناية بالبشرة,1,تونر ,113284,299,89.7,209.3,,متاح لدى المصدر,https://cdn.shopify.com/s/files/1/0935/9550/0847/files/Makeupremover.webp?v=1780997091,منتج ليكسورا SK مزيل المكياج 200 مل تنظيف لطيف وترطيب للبشرة من LIXORA. التصنيف المرجعي: العناية بالبشرة — تونر . الوسوم المرجعية: Makeup Removers، Skin Care، Toners.,https://alfouadpharmacies.com/en/products/lixora-sk-makeup-remover-200ml,AlFouad Pharmacies,Verify usage rights before commercial publication,غير مثبت,غير مثبت,مرجعي فقط — غير معتمد للنشر التجاري,بيانات مرجعية متاحة؛ يلزم تحقق PM,ضمن الفحص المبدئي
12881817862447,dr-althea-147-barrier-cream-50ml,Dr.Althea 147 Barrier Cream 50ml,AlFouad Pharmacies,العناية بالبشرة,العناية بالبشرة,1,,115799,1950,585,1365,,غير متاح لدى المصدر,https://cdn.shopify.com/s/files/1/0935/9550/0847/files/Dr_Althea_147_Barrier_Cream_1615x1615_cc4e0f0d-4da8-48e6-9847-c5a394a9fc3f.webp?v=1772358617,منتج Dr.Althea 147 Barrier Cream 50ml من AlFouad Pharmacies. التصنيف المرجعي: العناية بالبشرة. الحجم المذكور: 50 ml. الوسوم المرجعية: Moisturizers، Sensetive Skin، Sensitive Skin / Redness.,https://alfouadpharmacies.com/en/products/dr-althea-147-barrier-cream-50ml,AlFouad Pharmacies,Verify usage rights before commercial publication,غير مثبت,غير مثبت,مرجعي فقط — غير معتمد للنشر التجاري,بيانات مرجعية متاحة؛ يلزم تحقق PM,ضمن الفحص المبدئي
12833360970031,complete-oily-skin-balance-routine,روتين كامل لتوازن البشرة الدهنية,AlFouad Pharmacies,العناية بالبشرة,العناية بالبشرة,1,,116400,600,180,420,710,متاح لدى المصدر,https://cdn.shopify.com/s/files/1/0935/9550/0847/files/bundle_products_original_1615.webp?v=1789897563,منتج روتين كامل لتوازن البشرة الدهنية من AlFouad Pharmacies. التصنيف المرجعي: العناية بالبشرة. الوسوم المرجعية: Acne & Blemishes، Bundle، Oily Skin، Skin Care.,https://alfouadpharmacies.com/en/products/complete-oily-skin-balance-routine,AlFouad Pharmacies,Verify usage rights before commercial publication,غير مثبت,غير مثبت,مرجعي فقط — غير معتمد للنشر التجاري,بيانات مرجعية متاحة؛ يلزم تحقق PM,ضمن الفحص المبدئي
12689472061743,dermabelle-glycolic-10-duo-serum-free-sunscreen,مجموعة ديرمايل الثنائية من حمض الجليكوليك 10% (سيروم + واقي شمس مجاني),Dermaelle,العناية بالبشرة,العناية بالبشرة,1,,,510,153,357,780,غير متاح لدى المصدر,https://cdn.shopify.com/s/files/1/0935/9550/0847/files/DermaelleGlycolicAcid10_Duo_Serum_FreeSunscreen.webp?v=1771835671,منتج مجموعة ديرمايل الثنائية من حمض الجليكوليك 10% (سيروم + واقي شمس مجاني) من Dermaelle. التصنيف المرجعي: العناية بالبشرة. الوسوم المرجعية: Dark Spots، DERMAELLE OFFERS، Even Skin Tone / Pigmentation، Sunscreen.,https://alfouadpharmacies.com/en/products/dermabelle-glycolic-10-duo-serum-free-sunscreen,AlFouad Pharmacies,Verify usage rights before commercial publication,غير مثبت,غير مثبت,مرجعي فقط — غير معتمد للنشر التجاري,بيانات مرجعية متاحة؛ يلزم تحقق PM,ضمن الفحص المبدئي
12689441161519,normelan-sensitive-extra-lightening-lotion-30ml,لوشن نورميلان للبشرة الحساسة لتفتيح إضافي 30 مل,AlFouad Pharmacies,العناية بالبشرة,العناية بالبشرة | العناية بالجسم,2,,115377,380,114,266,,غير متاح لدى المصدر,https://cdn.shopify.com/s/files/1/0935/9550/0847/files/Normelan_Sensitive_Lotion_30ml_PureWhite_1615x1615_5355f77a-db0b-4152-83f0-a62c27665ab3.webp?v=1772284173,منتج لوشن نورميلان للبشرة الحساسة لتفتيح إضافي 30 مل من AlFouad Pharmacies. التصنيف المرجعي: العناية بالبشرة. الوسوم المرجعية: Body Lotion، Even Skin Tone / Pigmentation، Sensetive Skin.,https://alfouadpharmacies.com/en/products/normelan-sensitive-extra-lightening-lotion-30ml,AlFouad Pharmacies,Verify usage rights before commercial publication,غير مثبت,غير مثبت,مرجعي فقط — غير معتمد للنشر التجاري,بيانات مرجعية متاحة؛ يلزم تحقق PM,ضمن الفحص المبدئي
10570010231087,leylak-deod-whitening-rollon-50ml,ليلاك مزيل عرق لتفتيح البشرة، رول أون، 50 مل,AlFouad Pharmacies,العناية بالبشرة,العناية بالبشرة | العناية بالجسم,2,بسيط,,259,77.7,181.3,,غير متاح لدى المصدر,https://cdn.shopify.com/s/files/1/0935/9550/0847/files/leylak-whitening-deodorant-roll-on-50ml_1024x1024_960e9afc-f4f2-405c-a2d6-0e0fc641afec.webp?v=1754297070,منتج ليلاك مزيل عرق لتفتيح البشرة، رول أون، 50 مل من AlFouad Pharmacies. التصنيف المرجعي: العناية بالبشرة — بسيط. الوسوم المرجعية: Body Care، Body Concerns، Deodrant، Even Skin Tone / Pigmentation، Roll-on، Sensetive Skin.,https://alfouadpharmacies.com/en/products/leylak-deod-whitening-rollon-50ml,AlFouad Pharmacies,Verify usage rights before commercial publication,غير مثبت,غير مثبت,مرجعي فقط — غير معتمد للنشر التجاري,بيانات مرجعية متاحة؛ يلزم تحقق PM,ضمن الفحص المبدئي
10569912484143,hair-skinampnails-60-capnatrol,فيتامينات الشعر والجلد والأظافر 60 كبسولة (ناترول),AlFouad Pharmacies,العناية بالبشرة,العناية بالبشرة,1,بسيط,25543,570,171,399,,غير متاح لدى المصدر,https://cdn.shopify.com/s/files/1/0935/9550/0847/files/Hair-SkinNails-60-Capnatrol_D8_B4_D8_B1_D9_83_D8_A9.webp?v=1754297974,منتج فيتامينات الشعر والجلد والأظافر 60 كبسولة (ناترول) من AlFouad Pharmacies. التصنيف المرجعي: العناية بالبشرة — بسيط. الوسوم المرجعية: Adult Vitamins، Skin & Hair Care، Vitamins & Supplements.,https://alfouadpharmacies.com/en/products/hair-skinampnails-60-capnatrol,AlFouad Pharmacies,Verify usage rights before commercial publication,غير مثبت,غير مثبت,مرجعي فقط — غير معتمد للنشر التجاري,بيانات مرجعية متاحة؛ يلزم تحقق PM,مراجعة نطاق/تنظيم قبل الإدراج
10569832268079,easy-sweet-hair-rem-75-g,مزيل مكياج الشعر إيزي سويت 75 غرام,AlFouad Pharmacies,العناية بالبشرة,العناية بالبشرة | العناية بالجسم,2,بسيط,102989,6,1.8,4.2,,غير متاح لدى المصدر,https://cdn.shopify.com/s/files/1/0935/9550/0847/files/Easy-Sweet-Hair-Rem.-75G-_D9_88_D8_B1_D8_AF.webp?v=1754298580,منتج مزيل مكياج الشعر إيزي سويت 75 غرام من AlFouad Pharmacies. التصنيف المرجعي: العناية بالبشرة — بسيط. الوسوم المرجعية: Body Care، Body Concerns، Hair Removal، Sensetive Skin.,https://alfouadpharmacies.com/en/products/easy-sweet-hair-rem-75-g,AlFouad Pharmacies,Verify usage rights before commercial publication,غير مثبت,غير مثبت,مرجعي فقط — غير معتمد للنشر التجاري,بيانات مرجعية متاحة؛ يلزم تحقق PM,ضمن الفحص المبدئي
10569832235311,easy-sweet-hair-rem-50g,من السهل الشعر الحلو ريم. 50 جرام عسل اسود,AlFouad Pharmacies,العناية بالبشرة,العناية بالبشرة | العناية بالجسم,2,بسيط,87250,6,1.8,4.2,,غير متاح لدى المصدر,https://cdn.shopify.com/s/files/1/0935/9550/0847/files/Easy-Sweet-Hair-Rem.-50G-_D8_B9_D8_B3_D9_84-_D8_A7_D8_B3_D9_88_D8_AF.webp?v=1754298580,منتج من السهل الشعر الحلو ريم. 50 جرام عسل اسود من AlFouad Pharmacies. التصنيف المرجعي: العناية بالبشرة — بسيط. الوسوم المرجعية: Body Care، Body Concerns، Hair Removal، Sensetive Skin.,https://alfouadpharmacies.com/en/products/easy-sweet-hair-rem-50g,AlFouad Pharmacies,Verify usage rights before commercial publication,غير مثبت,غير مثبت,مرجعي فقط — غير معتمد للنشر التجاري,بيانات مرجعية متاحة؛ يلزم تحقق PM,ضمن الفحص المبدئي
10569831678255,avuva-white-paste-100-gm-vanillaampcoconut,معجون أفوفا الأبيض 100 غرام بنكهة الفانيليا وجوز الهند,AlFouad Pharmacies,العناية بالبشرة,العناية بالبشرة | العناية بالجسم,2,بسيط,0,35,10.5,24.5,,غير متاح لدى المصدر,https://cdn.shopify.com/s/files/1/0935/9550/0847/files/avuva-vanilla-coconut-white-paste-100gm-197227.webp?v=1754298584,منتج معجون أفوفا الأبيض 100 غرام بنكهة الفانيليا وجوز الهند من AlFouad Pharmacies. التصنيف المرجعي: العناية بالبشرة — بسيط. الوسوم المرجعية: Body Care، Body Concerns، Hair Removal، Sensetive Skin.,https://alfouadpharmacies.com/en/products/avuva-white-paste-100-gm-vanillaampcoconut,AlFouad Pharmacies,Verify usage rights before commercial publication,غير مثبت,غير مثبت,مرجعي فقط — غير معتمد للنشر التجاري,بيانات مرجعية متاحة؛ يلزم تحقق PM,ضمن الفحص المبدئي
10569811755311,avuva-cold-wax-228-gm-gold,شمع إزالة الشعر البارد أفوفا 228 جرام ذهبي,AlFouad Pharmacies,العناية بالبشرة,العناية بالبشرة | العناية بالجسم,2,بسيط,,100,30,70,,غير متاح لدى المصدر,https://cdn.shopify.com/s/files/1/0935/9550/0847/files/Avuva-Cold-Wax-228-GM-Gold.webp?v=1754298716,منتج شمع إزالة الشعر البارد أفوفا 228 جرام ذهبي من AlFouad Pharmacies. التصنيف المرجعي: العناية بالبشرة — بسيط. الوسوم المرجعية: Body Care، Body Concerns، Hair Removal، Sensetive Skin.,https://alfouadpharmacies.com/en/products/avuva-cold-wax-228-gm-gold,AlFouad Pharmacies,Verify usage rights before commercial publication,غير مثبت,غير مثبت,مرجعي فقط — غير معتمد للنشر التجاري,بيانات مرجعية متاحة؛ يلزم تحقق PM,ضمن الفحص المبدئي
10569721413935,one-hair-removing-140gm-cream-sensitive-skin,واحد كريم إزالة الشعر 140 جرام (للبشرة الحساسة),AlFouad Pharmacies,العناية بالبشرة,العناية بالبشرة | العناية بالجسم,2,بسيط,,46,13.8,32.2,,غير متاح لدى المصدر,https://cdn.shopify.com/s/files/1/0935/9550/0847/files/One-Hair-Removing-140gm-Cream-Sensitive-Skin.webp?v=1754299203,منتج واحد كريم إزالة الشعر 140 جرام (للبشرة الحساسة) من AlFouad Pharmacies. التصنيف المرجعي: العناية بالبشرة — بسيط. الوسوم المرجعية: Body Care، Body Concerns، Hair Removal، Sensetive Skin.,https://alfouadpharmacies.com/en/products/one-hair-removing-140gm-cream-sensitive-skin,AlFouad Pharmacies,Verify usage rights before commercial publication,غير مثبت,غير مثبت,مرجعي فقط — غير معتمد للنشر التجاري,بيانات مرجعية متاحة؛ يلزم تحقق PM,ضمن الفحص المبدئي
12689540251951,vaseline-body-gel-oil-sensitive-skin-relief-200ml,فازلين جل زيتي للجسم، مُلطف للبشرة الحساسة، 200 مل,Vaseline,العناية بالبشرة,العناية بالبشرة | العناية بالجسم,2,,26196,510,153,357,,غير متاح لدى المصدر,https://cdn.shopify.com/s/files/1/0935/9550/0847/files/Vaseline_Sensitive_SkinRelief_GelOil_V2_PureWhite_1615x1615_4c50de4c-b44c-45a6-b2fe-ff78e13fbbcb.webp?v=1772218521,منتج فازلين جل زيتي للجسم، مُلطف للبشرة الحساسة، 200 مل من Vaseline. التصنيف المرجعي: العناية بالبشرة. الوسوم المرجعية: Body Care، Body Oil، Dry Skin.,https://alfouadpharmacies.com/en/products/vaseline-body-gel-oil-sensitive-skin-relief-200ml,AlFouad Pharmacies,Verify usage rights before commercial publication,غير مثبت,غير مثبت,مرجعي فقط — غير معتمد للنشر التجاري,بيانات مرجعية متاحة؛ يلزم تحقق PM,ضمن الفحص المبدئي
12689540219183,vaseline-body-gel-oil-essential-even-tone-200ml,فازلين جل للجسم بزيت عطري لتوحيد لون البشرة 200 مل,Vaseline,العناية بالبشرة,العناية بالبشرة | العناية بالجسم,2,,31824,510,153,357,,غير متاح لدى المصدر,https://cdn.shopify.com/s/files/1/0935/9550/0847/files/Vaseline_VitaminB3_BodyOil_200ml_PureWhite_1615x1615_1.webp?v=1772218764,منتج فازلين جل للجسم بزيت عطري لتوحيد لون البشرة 200 مل من Vaseline. التصنيف المرجعي: العناية بالبشرة. الوسوم المرجعية: Body Care، Body Oil، Dry Skin.,https://alfouadpharmacies.com/en/products/vaseline-body-gel-oil-essential-even-tone-200ml,AlFouad Pharmacies,Verify usage rights before commercial publication,غير مثبت,غير مثبت,مرجعي فقط — غير معتمد للنشر التجاري,بيانات مرجعية متاحة؛ يلزم تحقق PM,ضمن الفحص المبدئي
12689540088111,vaseline-body-gel-oil-advanced-repair-200ml,فازلين جل زيت للجسم، إصلاح متطور، 200 مل,Vaseline,العناية بالبشرة,العناية بالبشرة | العناية بالجسم,2,,32018,510,153,357,,غير متاح لدى المصدر,https://cdn.shopify.com/s/files/1/0935/9550/0847/files/Vaseline_AdvancedRepair_GelOil_V2_PureWhite_1615x1615_b8146867-5446-4277-a929-a814d4fb4486.webp?v=1772219093,منتج فازلين جل زيت للجسم، إصلاح متطور، 200 مل من Vaseline. التصنيف المرجعي: العناية بالبشرة. الوسوم المرجعية: Body Care، Body Oil، Dry Skin، Dryness.,https://alfouadpharmacies.com/en/products/vaseline-body-gel-oil-advanced-repair-200ml,AlFouad Pharmacies,Verify usage rights before commercial publication,غير مثبت,غير مثبت,مرجعي فقط — غير معتمد للنشر التجاري,بيانات مرجعية متاحة؛ يلزم تحقق PM,ضمن الفحص المبدئي
10569739960623,beesline-whitening-sensitive-zone-soap-110gm,صابون بيزلين لتفتيح المناطق الحساسة 110 غرام,AlFouad Pharmacies,العناية بالبشرة,العناية بالبشرة | العناية بالجسم,2,بسيط,103624,150,45,105,,غير متاح لدى المصدر,https://cdn.shopify.com/s/files/1/0935/9550/0847/files/Beesline-Whitening-Sensitive-Zone-Soap-110GM.webp?v=1754298942,منتج صابون بيزلين لتفتيح المناطق الحساسة 110 غرام من AlFouad Pharmacies. التصنيف المرجعي: العناية بالبشرة — بسيط. الوسوم المرجعية: Body Care، Body Concerns، Body Wash، Even Skin Tone / Pigmentation، Femming Wash، Intimate Care، Sensetive Skin، Sexual Health.,https://alfouadpharmacies.com/en/products/beesline-whitening-sensitive-zone-soap-110gm,AlFouad Pharmacies,Verify usage rights before commercial publication,غير مثبت,غير مثبت,مرجعي فقط — غير معتمد للنشر التجاري,بيانات مرجعية متاحة؛ يلزم تحقق PM,ضمن الفحص المبدئي
10569739731247,beesline-white-roll-on-jouri-roseactive-fresh-of,بيزلين وايت. رول أون جوري روز + اكتيف فريش,AlFouad Pharmacies,العناية بالبشرة,العناية بالبشرة | العناية بالجسم,2,بسيط,9310,500,150,350,,غير متاح لدى المصدر,https://cdn.shopify.com/s/files/1/0935/9550/0847/files/Beesline-White.-Roll-On-Jouri-Roseactive-Fresh-of.webp?v=1754298945,منتج بيزلين وايت. رول أون جوري روز + اكتيف فريش من AlFouad Pharmacies. التصنيف المرجعي: العناية بالبشرة — بسيط. الوسوم المرجعية: Body Care، Body Concerns، Deodrant، Even Skin Tone / Pigmentation، Sensetive Skin.,https://alfouadpharmacies.com/en/products/beesline-white-roll-on-jouri-roseactive-fresh-of,AlFouad Pharmacies,Verify usage rights before commercial publication,غير مثبت,غير مثبت,مرجعي فقط — غير معتمد للنشر التجاري,بيانات مرجعية متاحة؛ يلزم تحقق PM,ضمن الفحص المبدئي
10569739534639,beesline-white-roll-on-50ml-super-dry-fragr-free,بيزلين وايت. رول أون 50 مل.  جاف جداً.  بدون عطر.,AlFouad Pharmacies,العناية بالبشرة,العناية بالبشرة | العناية بالجسم,2,بسيط,15742,350,105,245,,غير متاح لدى المصدر,https://cdn.shopify.com/s/files/1/0935/9550/0847/files/Beesline-White.-Roll-On-50ML-Super-Dry-Fragr.-Free.webp?v=1754298945,منتج بيزلين وايت. رول أون 50 مل.  جاف جداً.  بدون عطر. من AlFouad Pharmacies. التصنيف المرجعي: العناية بالبشرة — بسيط. الوسوم المرجعية: Body Care، Body Concerns، Deodrant، Even Skin Tone / Pigmentation، Sensetive Skin.,https://alfouadpharmacies.com/en/products/beesline-white-roll-on-50ml-super-dry-fragr-free,AlFouad Pharmacies,Verify usage rights before commercial publication,غير مثبت,غير مثبت,مرجعي فقط — غير معتمد للنشر التجاري,بيانات مرجعية متاحة؛ يلزم تحقق PM,ضمن الفحص المبدئي
10569739272495,beesline-white-roll-on-50ml-men-active-fresh,بيزلين وايت. رول أون 50 مل للرجال، منعش وفعال.,AlFouad Pharmacies,العناية بالبشرة,العناية بالبشرة | العناية بالجسم,2,بسيط,108139,350,105,245,,غير متاح لدى المصدر,https://cdn.shopify.com/s/files/1/0935/9550/0847/files/Beesline-White.-Roll-On-50ML-Men-Active-Fresh.webp?v=1754298948,منتج بيزلين وايت. رول أون 50 مل للرجال، منعش وفعال. من AlFouad Pharmacies. التصنيف المرجعي: العناية بالبشرة — بسيط. الوسوم المرجعية: Body Care، Body Concerns، Deodrant، Even Skin Tone / Pigmentation، Sensetive Skin.,https://alfouadpharmacies.com/en/products/beesline-white-roll-on-50ml-men-active-fresh,AlFouad Pharmacies,Verify usage rights before commercial publication,غير مثبت,غير مثبت,مرجعي فقط — غير معتمد للنشر التجاري,بيانات مرجعية متاحة؛ يلزم تحقق PM,ضمن الفحص المبدئي
10569738518831,beesline-white-body-lotion-200ml-papaya,لوشن بيزلين لتفتيح البشرة 200 مل، فاكهة البابايا,Beesline,العناية بالبشرة,العناية بالبشرة | العناية بالجسم,2,بسيط,95898,275,82.5,192.5,,غير متاح لدى المصدر,https://cdn.shopify.com/s/files/1/0935/9550/0847/files/Beesline-White-Body-Lotion-200ML-Papaya.webp?v=1754298954,منتج لوشن بيزلين لتفتيح البشرة 200 مل، فاكهة البابايا من Beesline. التصنيف المرجعي: العناية بالبشرة — بسيط. الوسوم المرجعية: Body Care، Body Concerns، Body Lotion، Even Skin Tone / Pigmentation.,https://alfouadpharmacies.com/en/products/beesline-white-body-lotion-200ml-papaya,AlFouad Pharmacies,Verify usage rights before commercial publication,غير مثبت,غير مثبت,مرجعي فقط — غير معتمد للنشر التجاري,بيانات مرجعية متاحة؛ يلزم تحقق PM,ضمن الفحص المبدئي
10569724985647,starville-hair-reducer-light-pink-roll-on-off,مُقلِّل شعر ستارفيل و مزيل رائحة العرق باللون الوردي الفاتح (رول أون),parkville,العناية بالبشرة,العناية بالبشرة | العناية بالجسم,2,بسيط,3128,205,61.5,143.5,,غير متاح لدى المصدر,https://cdn.shopify.com/s/files/1/0935/9550/0847/files/Starville-Hair-Reducer-Light-Pink-Roll-On-off.webp?v=1754299152,منتج مُقلِّل شعر ستارفيل و مزيل رائحة العرق باللون الوردي الفاتح (رول أون) من parkville. التصنيف المرجعي: العناية بالبشرة — بسيط. الوسوم المرجعية: Body Care، Body Concerns، Deodrant، Even Skin Tone / Pigmentation، starville.,https://alfouadpharmacies.com/en/products/starville-hair-reducer-light-pink-roll-on-off,AlFouad Pharmacies,Verify usage rights before commercial publication,غير مثبت,غير مثبت,مرجعي فقط — غير معتمد للنشر التجاري,بيانات مرجعية متاحة؛ يلزم تحقق PM,ضمن الفحص المبدئي
10569724068143,dermatique-whitening-deodorant-roll-on-40ml,ديرماتيك مزيل عرق رول أون لتفتيح البشرة 40 مل,AlFouad Pharmacies,العناية بالبشرة,العناية بالبشرة | العناية بالجسم,2,بسيط,7360,260,78,182,,غير متاح لدى المصدر,https://cdn.shopify.com/s/files/1/0935/9550/0847/files/Dermatique-Whitening-Deodorant-Roll-On-40ml.webp?v=1754299164,منتج ديرماتيك مزيل عرق رول أون لتفتيح البشرة 40 مل من AlFouad Pharmacies. التصنيف المرجعي: العناية بالبشرة — بسيط. الوسوم المرجعية: Body Care، Body Concerns، Deodrant، Even Skin Tone / Pigmentation.,https://alfouadpharmacies.com/en/products/dermatique-whitening-deodorant-roll-on-40ml,AlFouad Pharmacies,Verify usage rights before commercial publication,غير مثبت,غير مثبت,مرجعي فقط — غير معتمد للنشر التجاري,بيانات مرجعية متاحة؛ يلزم تحقق PM,ضمن الفحص المبدئي
10569723969839,eva-skin-clinic-white-pearl-body-cream-150ml,كريم الجسم بيرل الأبيض من إيفا سكين كلينك 150 مل,AlFouad Pharmacies,العناية بالبشرة,العناية بالبشرة | العناية بالجسم,2,بسيط,1542,150,45,105,,متاح لدى المصدر,https://cdn.shopify.com/s/files/1/0935/9550/0847/files/Eva-Skin-Clinic-White-Pearl-Body-Cream-150ml.webp?v=1754299165,منتج كريم الجسم بيرل الأبيض من إيفا سكين كلينك 150 مل من AlFouad Pharmacies. التصنيف المرجعي: العناية بالبشرة — بسيط. الوسوم المرجعية: Body Care، Body Concerns، Body Cream، Even Skin Tone / Pigmentation.,https://alfouadpharmacies.com/en/products/eva-skin-clinic-white-pearl-body-cream-150ml,AlFouad Pharmacies,Verify usage rights before commercial publication,غير مثبت,غير مثبت,مرجعي فقط — غير معتمد للنشر التجاري,بيانات مرجعية متاحة؛ يلزم تحقق PM,ضمن الفحص المبدئي
10569722822959,eva-natural-glow-roll-on-60ml-active-fresh,إيفا رول أون لتفتيح البشرة بشكل طبيعي 60 مل، منعش للغاية,AlFouad Pharmacies,العناية بالبشرة,العناية بالبشرة | العناية بالجسم,2,بسيط,1574,100,30,70,,متاح لدى المصدر,https://cdn.shopify.com/s/files/1/0935/9550/0847/files/Eva-Natural-Glow-Roll-On-60ml-Active-Fresh.webp?v=1754299180,منتج إيفا رول أون لتفتيح البشرة بشكل طبيعي 60 مل، منعش للغاية من AlFouad Pharmacies. التصنيف المرجعي: العناية بالبشرة — بسيط. الوسوم المرجعية: Body Care، Body Concerns، Deodrant، Even Skin Tone / Pigmentation.,https://alfouadpharmacies.com/en/products/eva-natural-glow-roll-on-60ml-active-fresh,AlFouad Pharmacies,Verify usage rights before commercial publication,غير مثبت,غير مثبت,مرجعي فقط — غير معتمد للنشر التجاري,بيانات مرجعية متاحة؛ يلزم تحقق PM,ضمن الفحص المبدئي
10569722659119,azha-deodrant-roll-on-purple-60ml-11-off,دواء أزها مزيل عرق رول أون أرجواني 60 مل، عرض 1+1 مجاناً,AlFouad Pharmacies,العناية بالبشرة,العناية بالبشرة | العناية بالجسم,2,بسيط,12956,349,104.7,244.3,,متاح لدى المصدر,https://cdn.shopify.com/s/files/1/0935/9550/0847/files/Azha-Deodrant-Roll-On-Purple-60ml-11-Off.webp?v=1754299182,منتج دواء أزها مزيل عرق رول أون أرجواني 60 مل، عرض 1+1 مجاناً من AlFouad Pharmacies. التصنيف المرجعي: العناية بالبشرة — بسيط. الوسوم المرجعية: Body Care، Body Concerns، Body Offers، Deodrant، Even Skin Tone / Pigmentation.,https://alfouadpharmacies.com/en/products/azha-deodrant-roll-on-purple-60ml-11-off,AlFouad Pharmacies,Verify usage rights before commercial publication,غير مثبت,غير مثبت,مرجعي فقط — غير معتمد للنشر التجاري,بيانات مرجعية متاحة؛ يلزم تحقق PM,ضمن الفحص المبدئي
10569722528047,eva-natural-glow-roll-on-60ml-velvet-touch,إيفا رول أون ناتشورال جلو 60 مل لمسة مخملية,AlFouad Pharmacies,العناية بالبشرة,العناية بالبشرة | العناية بالجسم,2,بسيط,8688,100,30,70,,متاح لدى المصدر,https://cdn.shopify.com/s/files/1/0935/9550/0847/files/Eva-Natural-Glow-Roll-On-60ml-Velvet-Touch.webp?v=1754299184,منتج إيفا رول أون ناتشورال جلو 60 مل لمسة مخملية من AlFouad Pharmacies. التصنيف المرجعي: العناية بالبشرة — بسيط. الوسوم المرجعية: Body Care، Body Concerns، Deodrant، Even Skin Tone / Pigmentation.,https://alfouadpharmacies.com/en/products/eva-natural-glow-roll-on-60ml-velvet-touch,AlFouad Pharmacies,Verify usage rights before commercial publication,غير مثبت,غير مثبت,مرجعي فقط — غير معتمد للنشر التجاري,بيانات مرجعية متاحة؛ يلزم تحقق PM,ضمن الفحص المبدئي
10569722462511,azha-deodrant-roll-on-yellow-60ml-11-off,أزها مزيل عرق رول أون أصفر 60 مل، عرض 1+1,AlFouad Pharmacies,العناية بالبشرة,العناية بالبشرة | العناية بالجسم,2,بسيط,12968,349,104.7,244.3,,غير متاح لدى المصدر,https://cdn.shopify.com/s/files/1/0935/9550/0847/files/Azha-Deodrant-Roll-On-Yellow-60ML-11-Off.webp?v=1754299185,منتج أزها مزيل عرق رول أون أصفر 60 مل، عرض 1+1 من AlFouad Pharmacies. التصنيف المرجعي: العناية بالبشرة — بسيط. الوسوم المرجعية: Body Care، Body Concerns، Body Offers، Deodrant، Even Skin Tone / Pigmentation.,https://alfouadpharmacies.com/en/products/azha-deodrant-roll-on-yellow-60ml-11-off,AlFouad Pharmacies,Verify usage rights before commercial publication,غير مثبت,غير مثبت,مرجعي فقط — غير معتمد للنشر التجاري,بيانات مرجعية متاحة؛ يلزم تحقق PM,ضمن الفحص المبدئي
10569721217327,starville-roll-on-60ml-white-hair-reducer-off,ستارفيل رول أون 60 مل مزيل الشعر الأبيض,parkville,العناية بالبشرة,العناية بالبشرة | العناية بالجسم,2,بسيط,3405,240,72,168,,غير متاح لدى المصدر,https://cdn.shopify.com/s/files/1/0935/9550/0847/files/Starville-Roll-On-60ml-White-Hair-Reducer-off.webp?v=1754299208,منتج ستارفيل رول أون 60 مل مزيل الشعر الأبيض من parkville. التصنيف المرجعي: العناية بالبشرة — بسيط. الوسوم المرجعية: Body Care، Body Concerns، Deodrant، Even Skin Tone / Pigmentation، starville.,https://alfouadpharmacies.com/en/products/starville-roll-on-60ml-white-hair-reducer-off,AlFouad Pharmacies,Verify usage rights before commercial publication,غير مثبت,غير مثبت,مرجعي فقط — غير معتمد للنشر التجاري,بيانات مرجعية متاحة؛ يلزم تحقق PM,ضمن الفحص المبدئي
12689809375535,dermatique-sun-mattifying-fluid-spf50-50ml,سائل ديرماتيك صن ماتيفاينج، عامل حماية من الشمس 50+، 50 مل,AlFouad Pharmacies,العناية بالبشرة,العناية بالبشرة,1,بسيط,5154,500,150,350,,غير متاح لدى المصدر,https://cdn.shopify.com/s/files/1/0935/9550/0847/files/Dermatique_Mattifying_Fluid_SPF50_1615x1615_0a5c4179-494a-435c-ab0c-930cac0bb170.webp?v=1772276643,منتج سائل ديرماتيك صن ماتيفاينج، عامل حماية من الشمس 50+، 50 مل من AlFouad Pharmacies. التصنيف المرجعي: العناية بالبشرة — بسيط. الوسوم المرجعية: Skin Care، Skin Concerns، SPF 50، Sun Care، Sunscreen، Sunscreen Fluid.,https://alfouadpharmacies.com/en/products/dermatique-sun-mattifying-fluid-spf50-50ml,AlFouad Pharmacies,Verify usage rights before commercial publication,غير مثبت,غير مثبت,مرجعي فقط — غير معتمد للنشر التجاري,بيانات مرجعية متاحة؛ يلزم تحقق PM,ضمن الفحص المبدئي
12689809080623,starville-vit-c-serum-for-face-neck-30ml,مصل فيتامين سي من ستارفيل للوجه والرقبة 30 مل,parkville,العناية بالبشرة,العناية بالبشرة,1,بسيط,101449,187.5,56.25,131.25,,غير متاح لدى المصدر,https://cdn.shopify.com/s/files/1/0935/9550/0847/files/StarvilleVit-CSerumforFace_Neck30ml.webp?v=1771839053,منتج مصل فيتامين سي من ستارفيل للوجه والرقبة 30 مل من parkville. التصنيف المرجعي: العناية بالبشرة — بسيط. الوسوم المرجعية: Anti-Aging، Serums، Skin Care، Skin Concerns، Treatments.,https://alfouadpharmacies.com/en/products/starville-vit-c-serum-for-face-neck-30ml,AlFouad Pharmacies,Verify usage rights before commercial publication,غير مثبت,غير مثبت,مرجعي فقط — غير معتمد للنشر التجاري,بيانات مرجعية متاحة؛ يلزم تحقق PM,ضمن الفحص المبدئي
12689809047855,nebula-face-toner-200ml,مشروب تنشيط الوجه نيبولا 200 مل,Nebula,العناية بالبشرة,العناية بالبشرة,1,بسيط,25236,289,86.7,202.3,,غير متاح لدى المصدر,https://cdn.shopify.com/s/files/1/0935/9550/0847/files/Nebula_Serum_PureWhite_1615x1615_c8a4c5f5-ef45-43e1-8891-89bad5f6a5e1.webp?v=1772004028,منتج مشروب تنشيط الوجه نيبولا 200 مل من Nebula. التصنيف المرجعي: العناية بالبشرة — بسيط. الوسوم المرجعية: Acne & Blemishes، Skin Care، Skin Concerns، Toners، Treatments.,https://alfouadpharmacies.com/en/products/nebula-face-toner-200ml,AlFouad Pharmacies,Verify usage rights before commercial publication,غير مثبت,غير مثبت,مرجعي فقط — غير معتمد للنشر التجاري,بيانات مرجعية متاحة؛ يلزم تحقق PM,ضمن الفحص المبدئي
12689798070575,bobai-sun-screen-lotion-spf45-120ml,لوشن واقي من الشمس بوباي SPF45 120 مل,Bobai,العناية بالبشرة,العناية بالبشرة,1,بسيط,109748,250,75,175,,متاح لدى المصدر,https://cdn.shopify.com/s/files/1/0935/9550/0847/files/BobaiSunScreenLotionSPF45120ml.webp?v=1771843168,منتج لوشن واقي من الشمس بوباي SPF45 120 مل من Bobai. التصنيف المرجعي: العناية بالبشرة — بسيط. الوسوم المرجعية: bobai، Skin Care، Skin Concerns، Sun Care، Sunscreen، Sunscreen Lotion.,https://alfouadpharmacies.com/en/products/bobai-sun-screen-lotion-spf45-120ml,AlFouad Pharmacies,Verify usage rights before commercial publication,غير مثبت,غير مثبت,مرجعي فقط — غير معتمد للنشر التجاري,بيانات مرجعية متاحة؛ يلزم تحقق PM,ضمن الفحص المبدئي
12689797611823,nebula-emollient-cream-100ml,كريم نيبولا المرطب 100 مل,Nebula,العناية بالبشرة,العناية بالبشرة,1,بسيط,109330,269,80.7,188.3,,غير متاح لدى المصدر,https://cdn.shopify.com/s/files/1/0935/9550/0847/files/Nebula_EmollientCream_100ml_Web_1615x1615_89c8b968-58f9-44a7-9296-13d6999631f4.webp?v=1772002632,منتج كريم نيبولا المرطب 100 مل من Nebula. التصنيف المرجعي: العناية بالبشرة — بسيط. الوسوم المرجعية: Creams، Dryness، Moisturizers، Nebula، Skin Care، Skin Concerns.,https://alfouadpharmacies.com/en/products/nebula-emollient-cream-100ml,AlFouad Pharmacies,Verify usage rights before commercial publication,غير مثبت,غير مثبت,مرجعي فقط — غير معتمد للنشر التجاري,بيانات مرجعية متاحة؛ يلزم تحقق PM,ضمن الفحص المبدئي
12689797218607,bobai-sun-block-cream-spf80-tinted-60gm,كريم واقي من الشمس بوباي SPF80 (ذو لون) 60 جم,Bobai,العناية بالبشرة,العناية بالبشرة,1,بسيط,110194,125,37.5,87.5,,غير متاح لدى المصدر,https://cdn.shopify.com/s/files/1/0935/9550/0847/files/BobaiSunBlockCreamSPF80_Tinted_60gm.webp?v=1771843257,منتج كريم واقي من الشمس بوباي SPF80 (ذو لون) 60 جم من Bobai. التصنيف المرجعي: العناية بالبشرة — بسيط. الوسوم المرجعية: bobai، Skin Care، Skin Concerns، Sun Care، Sunscreen، Sunscreen Tinted.,https://alfouadpharmacies.com/en/products/bobai-sun-block-cream-spf80-tinted-60gm,AlFouad Pharmacies,Verify usage rights before commercial publication,غير مثبت,غير مثبت,مرجعي فقط — غير معتمد للنشر التجاري,بيانات مرجعية متاحة؛ يلزم تحقق PM,ضمن الفحص المبدئي
12689796170031,nebula-vitamin-c-serum-30ml,مصل فيتامين سي نيبولا 30 مل,Nebula,العناية بالبشرة,العناية بالبشرة,1,بسيط,90228,369,110.7,258.3,,غير متاح لدى المصدر,https://cdn.shopify.com/s/files/1/0935/9550/0847/files/Nebula_VitaminC_Serum_30ml_PureWhite_1615x1615_5811e61d-c5f0-4a86-90ce-c6a952658672.webp?v=1772006052,منتج مصل فيتامين سي نيبولا 30 مل من Nebula. التصنيف المرجعي: العناية بالبشرة — بسيط. الوسوم المرجعية: Fine Lines & Wrinkles، Serums، Skin Care، Skin Concerns، Treatments.,https://alfouadpharmacies.com/en/products/nebula-vitamin-c-serum-30ml,AlFouad Pharmacies,Verify usage rights before commercial publication,غير مثبت,غير مثبت,مرجعي فقط — غير معتمد للنشر التجاري,بيانات مرجعية متاحة؛ يلزم تحقق PM,ضمن الفحص المبدئي
12689796137263,nebula-sunscreen-gel-spf50-75ml,جل حماية من الشمس نيبولا SPF50+ 75 مل,Nebula,العناية بالبشرة,العناية بالبشرة,1,بسيط,13660,389,116.7,272.3,,غير متاح لدى المصدر,https://cdn.shopify.com/s/files/1/0935/9550/0847/files/Nebula_SunscreenGel_SPF50_75ml_PureWhite_1615x1615_8426293a-95ea-4b8b-90a6-03aade97d087.webp?v=1772006235,منتج جل حماية من الشمس نيبولا SPF50+ 75 مل من Nebula. التصنيف المرجعي: العناية بالبشرة — بسيط. الوسوم المرجعية: Skin Care، Skin Concerns، Sun Care، Sun Gel، Sunscreen.,https://alfouadpharmacies.com/en/products/nebula-sunscreen-gel-spf50-75ml,AlFouad Pharmacies,Verify usage rights before commercial publication,غير مثبت,غير مثبت,مرجعي فقط — غير معتمد للنشر التجاري,بيانات مرجعية متاحة؛ يلزم تحقق PM,ضمن الفحص المبدئي
12689795547439,raw-african-eye-balm-20gm,بلسم العين الأفريقي الخام 20 جرام,RAW AFRICAN,العناية بالبشرة,العناية بالبشرة,1,بسيط,93773,275,82.5,192.5,,متاح لدى المصدر,https://cdn.shopify.com/s/files/1/0935/9550/0847/files/Follicle_Booster_Gel_1615x1615_96e93c56-97f6-4313-91c0-fcc8ee4b9cdb.webp?v=1771751936,منتج بلسم العين الأفريقي الخام 20 جرام من RAW AFRICAN. التصنيف المرجعي: العناية بالبشرة — بسيط. الوسوم المرجعية: Dark Circles & Puffiness، Eye & Lip، Eye Care، Skin Care، Skin Concerns.,https://alfouadpharmacies.com/en/products/raw-african-eye-balm-20gm,AlFouad Pharmacies,Verify usage rights before commercial publication,غير مثبت,غير مثبت,مرجعي فقط — غير معتمد للنشر التجاري,بيانات مرجعية متاحة؛ يلزم تحقق PM,ضمن الفحص المبدئي
12689795285295,infinity-sunscreen-lotion-spf50-60ml-11,لوشن واقي من الشمس إنفينيتي SPF50+ 60 مل (2 عبوتين),Infinity,العناية بالبشرة,العناية بالبشرة,1,بسيط,12133,264,79.2,184.8,,غير متاح لدى المصدر,https://cdn.shopify.com/s/files/1/0935/9550/0847/files/Infinity_Care_Sunscreen_Lotion_SPF50_1615x1615_52c5284e-1522-42d8-ae5f-ab177610720e.webp?v=1771933138,منتج لوشن واقي من الشمس إنفينيتي SPF50+ 60 مل (2 عبوتين) من Infinity. التصنيف المرجعي: العناية بالبشرة — بسيط. الوسوم المرجعية: Skin Care، Skin Concerns، Skincare Offers، Sun Care، Sunscreen، Sunscreen Lotion.,https://alfouadpharmacies.com/en/products/infinity-sunscreen-lotion-spf50-60ml-11,AlFouad Pharmacies,Verify usage rights before commercial publication,غير مثبت,غير مثبت,مرجعي فقط — غير معتمد للنشر التجاري,بيانات مرجعية متاحة؛ يلزم تحقق PM,ضمن الفحص المبدئي
12689795219759,infinity-sunscreen-gel-antishine-spf50-60ml-11,جل واقي من الشمس إنفينيتي مضاد للمعان SPF50+ 60 مل (1+1),Infinity,العناية بالبشرة,العناية بالبشرة,1,بسيط,108290,274,82.2,191.8,,غير متاح لدى المصدر,https://cdn.shopify.com/s/files/1/0935/9550/0847/files/Infinity_Care_Sunscreen_Gel_SPF50_1615x1615_46e7d40a-aff7-4d8b-82c5-ba4894a1edd6.webp?v=1771933908,منتج جل واقي من الشمس إنفينيتي مضاد للمعان SPF50+ 60 مل (1+1) من Infinity. التصنيف المرجعي: العناية بالبشرة — بسيط. الوسوم المرجعية: Skin Care، Skincare Offers، Sun Gel، Sunscreen.,https://alfouadpharmacies.com/en/products/infinity-sunscreen-gel-antishine-spf50-60ml-11,AlFouad Pharmacies,Verify usage rights before commercial publication,غير مثبت,غير مثبت,مرجعي فقط — غير معتمد للنشر التجاري,بيانات مرجعية متاحة؛ يلزم تحقق PM,ضمن الفحص المبدئي
12689794826543,raw-african-micellar-water-120ml,ماء ميسيلار أفريقي خام 120 مل,RAW AFRICAN,العناية بالبشرة,العناية بالبشرة,1,بسيط,22270,160,48,112,,متاح لدى المصدر,https://cdn.shopify.com/s/files/1/0935/9550/0847/files/raw_african_micellar_water_1615x1615_white_bg.webp?v=1771757764,منتج ماء ميسيلار أفريقي خام 120 مل من RAW AFRICAN. التصنيف المرجعي: العناية بالبشرة — بسيط. الوسوم المرجعية: Cleanser، Makeup Removers، Skin Care.,https://alfouadpharmacies.com/en/products/raw-african-micellar-water-120ml,AlFouad Pharmacies,Verify usage rights before commercial publication,غير مثبت,غير مثبت,مرجعي فقط — غير معتمد للنشر التجاري,بيانات مرجعية متاحة؛ يلزم تحقق PM,ضمن الفحص المبدئي
12689794728239,argento-clear-cleanser-200ml-azha-c-serum-30ml-1,منظف أرجينتو كلير 200 مل + مصل أزها سي 30 مل 1,AlFouad Pharmacies,العناية بالبشرة,العناية بالبشرة,1,بسيط,109781,349,104.7,244.3,,غير متاح لدى المصدر,https://cdn.shopify.com/s/files/1/0935/9550/0847/files/ArgentoClearCleanser200ml_AzhaCSerum30ml1.webp?v=1771931911,منتج منظف أرجينتو كلير 200 مل + مصل أزها سي 30 مل 1 من AlFouad Pharmacies. التصنيف المرجعي: العناية بالبشرة — بسيط. الوسوم المرجعية: Cleanser، Face Offers، Serums، Skin Care، Treatments.,https://alfouadpharmacies.com/en/products/argento-clear-cleanser-200ml-azha-c-serum-30ml-1,AlFouad Pharmacies,Verify usage rights before commercial publication,غير مثبت,غير مثبت,مرجعي فقط — غير معتمد للنشر التجاري,بيانات مرجعية متاحة؛ يلزم تحقق PM,ضمن الفحص المبدئي
12689794662703,infinity-sunscreen-mist-spf50-120ml-11,بخاخ واقي شمس إنفينيتي SPF50+ 120 مل (2 عبوتين),Infinity,العناية بالبشرة,العناية بالبشرة,1,بسيط,,312,93.6,218.4,,غير متاح لدى المصدر,https://cdn.shopify.com/s/files/1/0935/9550/0847/files/Infinity_Care_Sunscreen_Mist_Box_1615x1615_v2.webp?v=1771934456,منتج بخاخ واقي شمس إنفينيتي SPF50+ 120 مل (2 عبوتين) من Infinity. التصنيف المرجعي: العناية بالبشرة — بسيط. الوسوم المرجعية: Face Offers، Skin Care، Skin Concerns، Sun Care، Sunscreen، Sunscreen Spray.,https://alfouadpharmacies.com/en/products/infinity-sunscreen-mist-spf50-120ml-11,AlFouad Pharmacies,Verify usage rights before commercial publication,غير مثبت,غير مثبت,مرجعي فقط — غير معتمد للنشر التجاري,بيانات مرجعية متاحة؛ يلزم تحقق PM,ضمن الفحص المبدئي
12689794498863,infinity-hyalu-collagen-eye-contour-30ml,إنفينيتي هاليول كولاجين تحديد محيط العين 30 مل,Infinity,العناية بالبشرة,العناية بالبشرة,1,بسيط,,370,111,259,,غير متاح لدى المصدر,https://cdn.shopify.com/s/files/1/0935/9550/0847/files/Infinity_Hyalu_Collagen_Eye_Contour_30gm_1615x1615_1.webp?v=1771934922,منتج إنفينيتي هاليول كولاجين تحديد محيط العين 30 مل من Infinity. التصنيف المرجعي: العناية بالبشرة — بسيط. الوسوم المرجعية: Eye & Lip، Eye Care، Eye Contour، Skin Care.,https://alfouadpharmacies.com/en/products/infinity-hyalu-collagen-eye-contour-30ml,AlFouad Pharmacies,Verify usage rights before commercial publication,غير مثبت,غير مثبت,مرجعي فقط — غير معتمد للنشر التجاري,بيانات مرجعية متاحة؛ يلزم تحقق PM,ضمن الفحص المبدئي
12689794433327,infinity-retinol-b3-cream-50gm,كريم إنفينيتي ريتينول بي 3، 50 جرام,Infinity,العناية بالبشرة,العناية بالبشرة,1,,,350,105,245,,غير متاح لدى المصدر,https://cdn.shopify.com/s/files/1/0935/9550/0847/files/Infinity_Retinol_Cream_B3_50gm_1615x1615_9fc1b48d-7537-42ef-add6-2bb16fb1c02a.webp?v=1771935255,منتج كريم إنفينيتي ريتينول بي 3، 50 جرام من Infinity. التصنيف المرجعي: العناية بالبشرة. الوسوم المرجعية: Anti-Aging، Creams، Moisturizers، Skin Care، Skin Concerns.,https://alfouadpharmacies.com/en/products/infinity-retinol-b3-cream-50gm,AlFouad Pharmacies,Verify usage rights before commercial publication,غير مثبت,غير مثبت,مرجعي فقط — غير معتمد للنشر التجاري,بيانات مرجعية متاحة؛ يلزم تحقق PM,ضمن الفحص المبدئي
12689794367791,argento-profit-sun-lotion-spf50-50ml-11-off,لوشن واقي شمس أرجينتو بروفيت SPF50+ 50 مل، عرض 1+1,AlFouad Pharmacies,العناية بالبشرة,العناية بالبشرة,1,بسيط,9434,349,104.7,244.3,,متاح لدى المصدر,https://cdn.shopify.com/s/files/1/0935/9550/0847/files/ArgentoProfitSunLotionSPF50_50ml1_1Off.webp?v=1771931844,منتج لوشن واقي شمس أرجينتو بروفيت SPF50+ 50 مل، عرض 1+1 من AlFouad Pharmacies. التصنيف المرجعي: العناية بالبشرة — بسيط. الوسوم المرجعية: Face Offers، Skin Care، Skin Concerns، Sun Care.,https://alfouadpharmacies.com/en/products/argento-profit-sun-lotion-spf50-50ml-11-off,AlFouad Pharmacies,Verify usage rights before commercial publication,غير مثبت,غير مثبت,مرجعي فقط — غير معتمد للنشر التجاري,بيانات مرجعية متاحة؛ يلزم تحقق PM,ضمن الفحص المبدئي
12689794335023,infinity-hyalu-collagen-cleansing-foam-200ml,رغوة تنظيف إنفينيتي هاليول كولاجين 200 مل,Infinity,العناية بالبشرة,العناية بالبشرة,1,بسيط,,250,75,175,,غير متاح لدى المصدر,https://cdn.shopify.com/s/files/1/0935/9550/0847/files/Infinity_Hyalu_Collagen_Cleansing_Foam_200ml_1615x1615_a8667ee9-6cbe-4278-9691-f5cd53a2cd6e.webp?v=1771936660,منتج رغوة تنظيف إنفينيتي هاليول كولاجين 200 مل من Infinity. التصنيف المرجعي: العناية بالبشرة — بسيط. الوسوم المرجعية: Cleanser، Face Wash، Skin Care.,https://alfouadpharmacies.com/en/products/infinity-hyalu-collagen-cleansing-foam-200ml,AlFouad Pharmacies,Verify usage rights before commercial publication,غير مثبت,غير مثبت,مرجعي فقط — غير معتمد للنشر التجاري,بيانات مرجعية متاحة؛ يلزم تحقق PM,ضمن الفحص المبدئي
12689794269487,infinity-sunscreen-gel-cream-spf50-50ml,جل كريم واقي من الشمس إنفينيتي SPF50+ 50 مل,Infinity,العناية بالبشرة,العناية بالبشرة,1,بسيط,,250,75,175,,غير متاح لدى المصدر,https://cdn.shopify.com/s/files/1/0935/9550/0847/files/Infinity_Oil_Control_Sunscreen_Gel_Cream_SPF50_50ml_1615x1615_83952c0c-e73a-4119-857c-e978b25a2fb8.webp?v=1771936938,منتج جل كريم واقي من الشمس إنفينيتي SPF50+ 50 مل من Infinity. التصنيف المرجعي: العناية بالبشرة — بسيط. الوسوم المرجعية: Skin Care، Skin Concerns، Sun Care، Sunscreen، Sunscreen Gel Cream.,https://alfouadpharmacies.com/en/products/infinity-sunscreen-gel-cream-spf50-50ml,AlFouad Pharmacies,Verify usage rights before commercial publication,غير مثبت,غير مثبت,مرجعي فقط — غير معتمد للنشر التجاري,بيانات مرجعية متاحة؛ يلزم تحقق PM,ضمن الفحص المبدئي
12689794138415,infinity-naturals-avocado-hair-skin-body-oil-50ml,زيت الأفوكادو من إنفينيتي ناتشورالز للشعر والجلد والجسم 50 مل,Infinity,العناية بالبشرة,العناية بالبشرة,1,بسيط,,300,90,210,,غير متاح لدى المصدر,https://cdn.shopify.com/s/files/1/0935/9550/0847/files/Infinity_Avocado_Oil_1615x1615_1.webp?v=1772016486,منتج زيت الأفوكادو من إنفينيتي ناتشورالز للشعر والجلد والجسم 50 مل من Infinity. التصنيف المرجعي: العناية بالبشرة — بسيط. الوسوم المرجعية: Face Oil، Moisturizers، Skin Care.,https://alfouadpharmacies.com/en/products/infinity-naturals-avocado-hair-skin-body-oil-50ml,AlFouad Pharmacies,Verify usage rights before commercial publication,غير مثبت,غير مثبت,مرجعي فقط — غير معتمد للنشر التجاري,بيانات مرجعية متاحة؛ يلزم تحقق PM,ضمن الفحص المبدئي
12689794040111,infinity-retinol-eye-cream-30gm,كريم العين بالريتينول إنفينيتي 30 جم,Infinity,العناية بالبشرة,العناية بالبشرة,1,بسيط,,350,105,245,,غير متاح لدى المصدر,https://cdn.shopify.com/s/files/1/0935/9550/0847/files/Infinity_Retinol_Eye_Cream_1615x1615_e8a87267-74d2-49f0-95ce-d730b5c9b5d0.webp?v=1772015876,منتج كريم العين بالريتينول إنفينيتي 30 جم من Infinity. التصنيف المرجعي: العناية بالبشرة — بسيط. الوسوم المرجعية: Eye & Lip، Eye Care، Eye Contour، Skin Care.,https://alfouadpharmacies.com/en/products/infinity-retinol-eye-cream-30gm,AlFouad Pharmacies,Verify usage rights before commercial publication,غير مثبت,غير مثبت,مرجعي فقط — غير معتمد للنشر التجاري,بيانات مرجعية متاحة؛ يلزم تحقق PM,ضمن الفحص المبدئي
12689792762159,bobai-sun-screen-lotion-spf45-120ml-50-on-2nd-off,لوشن واقي من الشمس بوباي SPF45 120 مل، 50 قطعة بسعر قطعة ثانية مجاناً,Bobai,العناية بالبشرة,العناية بالبشرة,1,بسيط,98268,225,67.5,157.5,,غير متاح لدى المصدر,https://cdn.shopify.com/s/files/1/0935/9550/0847/files/BobaiSunScreenLotionSPF45120ml50on2ndOff.webp?v=1771843293,منتج لوشن واقي من الشمس بوباي SPF45 120 مل، 50 قطعة بسعر قطعة ثانية مجاناً من Bobai. التصنيف المرجعي: العناية بالبشرة — بسيط. الوسوم المرجعية: bobai، Face Offers، Skin Care، Skin Concerns، Sun Care، Sunscreen، Sunscreen Spray.,https://alfouadpharmacies.com/en/products/bobai-sun-screen-lotion-spf45-120ml-50-on-2nd-off,AlFouad Pharmacies,Verify usage rights before commercial publication,غير مثبت,غير مثبت,مرجعي فقط — غير معتمد للنشر التجاري,بيانات مرجعية متاحة؛ يلزم تحقق PM,ضمن الفحص المبدئي
12689789813039,infinity-akren-cream-60ml,كريم إنفينيتي أكريين 60 مل,Infinity,العناية بالبشرة,العناية بالبشرة,1,بسيط,,100,30,70,,غير متاح لدى المصدر,https://cdn.shopify.com/s/files/1/0935/9550/0847/files/Infinity_AKREN_1615x1615_836215ca-7939-409e-bec0-9ae6caf1155a.webp?v=1772016167,منتج كريم إنفينيتي أكريين 60 مل من Infinity. التصنيف المرجعي: العناية بالبشرة — بسيط. الوسوم المرجعية: Skin Care، Treatment Cream، Treatments.,https://alfouadpharmacies.com/en/products/infinity-akren-cream-60ml,AlFouad Pharmacies,Verify usage rights before commercial publication,غير مثبت,غير مثبت,مرجعي فقط — غير معتمد للنشر التجاري,بيانات مرجعية متاحة؛ يلزم تحقق PM,ضمن الفحص المبدئي
12689667260719,nivea-soft-moisturizing-craem-100ml,نيفيا كريم مرطب سوفت 100 مل,AlFouad Pharmacies,العناية بالبشرة,العناية بالبشرة | العناية بالجسم,2,بسيط,82593,80,24,56,,متاح لدى المصدر,https://cdn.shopify.com/s/files/1/0935/9550/0847/files/Nivea_Soft_Cream_Jojoba_100ml_PureWhite_1615x1615_96bad9ee-64d4-4b66-824f-a86c77f1d2d0.webp?v=1772283478,منتج نيفيا كريم مرطب سوفت 100 مل من AlFouad Pharmacies. التصنيف المرجعي: العناية بالبشرة — بسيط. الوسوم المرجعية: Body Care، Body Concerns، Dry Skin body concerns، Moisturizer Cream، Moisturizers، Skin Care.,https://alfouadpharmacies.com/en/products/nivea-soft-moisturizing-craem-100ml,AlFouad Pharmacies,Verify usage rights before commercial publication,غير مثبت,غير مثبت,مرجعي فقط — غير معتمد للنشر التجاري,بيانات مرجعية متاحة؛ يلزم تحقق PM,ضمن الفحص المبدئي
12689577804079,eva-skin-cream-170gm-milk-proteins-1,كريم إيفا للبشرة 170 غرام (بروتينات الحليب) ,AlFouad Pharmacies,العناية بالبشرة,العناية بالبشرة,1,,12425,25,7.5,17.5,,غير متاح لدى المصدر,https://cdn.shopify.com/s/files/1/0935/9550/0847/files/1_95c5e670-c1c9-46ea-ac39-643a301182c9.webp?v=1771845676,منتج كريم إيفا للبشرة 170 غرام (بروتينات الحليب)  من AlFouad Pharmacies. التصنيف المرجعي: العناية بالبشرة. الوسوم المرجعية: Moisturizer Cream، Skin Care، Skin Concerns.,https://alfouadpharmacies.com/en/products/eva-skin-cream-170gm-milk-proteins-1,AlFouad Pharmacies,Verify usage rights before commercial publication,غير مثبت,غير مثبت,مرجعي فقط — غير معتمد للنشر التجاري,بيانات مرجعية متاحة؛ يلزم تحقق PM,ضمن الفحص المبدئي
12689577410863,meditopic-aquashuttle-cream-75ml,كريم ميديتوبيك أكواشاتل 75 مل,Meditopic,العناية بالبشرة,العناية بالبشرة,1,,81466,688,206.4,481.6,,غير متاح لدى المصدر,https://cdn.shopify.com/s/files/1/0935/9550/0847/files/Meditopic_Aqua_Shuttle_75ml_ECOM.webp?v=1771923898,منتج كريم ميديتوبيك أكواشاتل 75 مل من Meditopic. التصنيف المرجعي: العناية بالبشرة. الوسوم المرجعية: Dehydrated Skin، Moisturizer Cream، Oily Skin، Skin Care.,https://alfouadpharmacies.com/en/products/meditopic-aquashuttle-cream-75ml,AlFouad Pharmacies,Verify usage rights before commercial publication,غير مثبت,غير مثبت,مرجعي فقط — غير معتمد للنشر التجاري,بيانات مرجعية متاحة؛ يلزم تحقق PM,ضمن الفحص المبدئي
12689577083183,meditopic-acnimed-cleanser-200-ml,غسول ميديتوبيك أكنيميد 200 مل,Meditopic,العناية بالبشرة,العناية بالبشرة,1,,111165,698,209.4,488.6,,غير متاح لدى المصدر,https://cdn.shopify.com/s/files/1/0935/9550/0847/files/MeditopicAcnimedCleanser200ml_89ef6a8b-321d-45b8-b47b-c1156e084363.webp?v=1771922942,منتج غسول ميديتوبيك أكنيميد 200 مل من Meditopic. التصنيف المرجعي: العناية بالبشرة. الوسوم المرجعية: Face Wash، Oily Skin، Pores، Skin Care.,https://alfouadpharmacies.com/en/products/meditopic-acnimed-cleanser-200-ml,AlFouad Pharmacies,Verify usage rights before commercial publication,غير مثبت,غير مثبت,مرجعي فقط — غير معتمد للنشر التجاري,بيانات مرجعية متاحة؛ يلزم تحقق PM,ضمن الفحص المبدئي
12689576984879,eucerin-dermo-purifyer-mattifying-fluid-50ml,سائل يوسيرين ديرمو-بيوريفاير ماتيفاينج 50 مل ,Eucerin,العناية بالبشرة,العناية بالبشرة,1,,95329,619,185.7,433.3,0,غير متاح لدى المصدر,https://cdn.shopify.com/s/files/1/0935/9550/0847/files/Eucerin-Dermo-Purifyer-Skin-Renewal-Cream-40ML_5d30c4ae-6bee-4b7f-ad1e-78e18da9dee9.webp?v=1780229017,منتج سائل يوسيرين ديرمو-بيوريفاير ماتيفاينج 50 مل  من Eucerin. التصنيف المرجعي: العناية بالبشرة. الوسوم المرجعية: eucerin، Oily Skin، Skin Care، Skin Concerns.,https://alfouadpharmacies.com/en/products/eucerin-dermo-purifyer-mattifying-fluid-50ml,AlFouad Pharmacies,Verify usage rights before commercial publication,غير مثبت,غير مثبت,مرجعي فقط — غير معتمد للنشر التجاري,بيانات مرجعية متاحة؛ يلزم تحقق PM,ضمن الفحص المبدئي
12689576919343,meditopic-salitopic-gel-75-ml,جل ميديتوبيك ساليتوبيك 75 مل,AlFouad Pharmacies,العناية بالبشرة,العناية بالبشرة,1,,111502,838,251.4,586.6,,غير متاح لدى المصدر,https://cdn.shopify.com/s/files/1/0935/9550/0847/files/MeditopicSalitopicGel75ml_e825c60b-a8ba-444b-a600-f5dd8edf32db.webp?v=1771923334,منتج جل ميديتوبيك ساليتوبيك 75 مل من AlFouad Pharmacies. التصنيف المرجعي: العناية بالبشرة. الوسوم المرجعية: Oily Skin، Pores، Skin Care، Treatment Cream.,https://alfouadpharmacies.com/en/products/meditopic-salitopic-gel-75-ml,AlFouad Pharmacies,Verify usage rights before commercial publication,غير مثبت,غير مثبت,مرجعي فقط — غير معتمد للنشر التجاري,بيانات مرجعية متاحة؛ يلزم تحقق PM,ضمن الفحص المبدئي
12689565942063,كريم-يورياج-ديبييديرم-المصحح-لمحيط-العين-للتفتيح-والهالات-15-مل,كريم يورياج ديبييديرم المصحح لمحيط العين للتفتيح والهالات 15 مل,URIAGE,العناية بالبشرة,العناية بالبشرة,1,Eye Cream,103671,719,215.7,503.3,,غير متاح لدى المصدر,https://cdn.shopify.com/s/files/1/0935/9550/0847/files/Uriage_Depiderm_White_Eye_Contour_15ml.webp?v=1790670260,منتج كريم يورياج ديبييديرم المصحح لمحيط العين للتفتيح والهالات 15 مل من URIAGE. التصنيف المرجعي: العناية بالبشرة — Eye Cream. الوسوم المرجعية: Eye Contour، Skin Care، Skin Concerns.,https://alfouadpharmacies.com/en/products/كريم-يورياج-ديبييديرم-المصحح-لمحيط-العين-للتفتيح-والهالات-15-مل,AlFouad Pharmacies,Verify usage rights before commercial publication,غير مثبت,غير مثبت,مرجعي فقط — غير معتمد للنشر التجاري,بيانات مرجعية متاحة؛ يلزم تحقق PM,ضمن الفحص المبدئي
12689565909295,uriage-depiderm-fluid-anti-brown-spf15-30-ml,سائل يورياج ديبيديرم المضاد للسمرة بعامل حماية من الشمس 15+، 30 مل ,URIAGE,العناية بالبشرة,العناية بالبشرة,1,Whitening creams,109193,1100,330,770,,غير متاح لدى المصدر,https://cdn.shopify.com/s/files/1/0935/9550/0847/files/Uriage_Depiderm_Fluid_Anti_Brown_SPF15_30_ml.webp?v=1790667723,منتج سائل يورياج ديبيديرم المضاد للسمرة بعامل حماية من الشمس 15+، 30 مل  من URIAGE. التصنيف المرجعي: العناية بالبشرة — Whitening creams. الوسوم المرجعية: Even Skin Tone / Pigmentation، Skin Care، Sun Care.,https://alfouadpharmacies.com/en/products/uriage-depiderm-fluid-anti-brown-spf15-30-ml,AlFouad Pharmacies,Verify usage rights before commercial publication,غير مثبت,غير مثبت,مرجعي فقط — غير معتمد للنشر التجاري,بيانات مرجعية متاحة؛ يلزم تحقق PM,ضمن الفحص المبدئي
12689564631343,neutrogena-skin-detox-cooling-scrub-150ml,نيتروجينا سكين ديتوكس مقشر الوجه المنعش 150 مل,Neutrogena,العناية بالبشرة,العناية بالبشرة,1,مقشر للوجه,22389,120,36,84,,غير متاح لدى المصدر,https://cdn.shopify.com/s/files/1/0935/9550/0847/files/Neutrogena_Skin_Detox_Cooling_Gel_Scrub_150ml_1615x1615_64b68ee5-2476-4b86-86cb-cdd18f5f7464.webp?v=1772104570,منتج نيتروجينا سكين ديتوكس مقشر الوجه المنعش 150 مل من Neutrogena. التصنيف المرجعي: العناية بالبشرة — مقشر للوجه. الوسوم المرجعية: Oily Skin، Sensetive Skin، Skin Care.,https://alfouadpharmacies.com/en/products/neutrogena-skin-detox-cooling-scrub-150ml,AlFouad Pharmacies,Verify usage rights before commercial publication,غير مثبت,غير مثبت,مرجعي فقط — غير معتمد للنشر التجاري,بيانات مرجعية متاحة؛ يلزم تحقق PM,ضمن الفحص المبدئي
12689551622447,beesline-everyone-barrier-cream-50ml,كريم بيزلاين الحاجز للجميع 50 مل,Beesline,العناية بالبشرة,العناية بالبشرة,1,,114021,777,233.1,543.9,,متاح لدى المصدر,https://cdn.shopify.com/s/files/1/0935/9550/0847/files/beesline_everyone_barrier_cream_1615x1615_99691fd3-a918-4df3-b267-f5e4426fd060.webp?v=1771883427,منتج كريم بيزلاين الحاجز للجميع 50 مل من Beesline. التصنيف المرجعي: العناية بالبشرة. الوسوم المرجعية: Dehydrated Skin، Moisturizer Cream، Moisturizers، Sensetive Skin، Skin Care.,https://alfouadpharmacies.com/en/products/beesline-everyone-barrier-cream-50ml,AlFouad Pharmacies,Verify usage rights before commercial publication,غير مثبت,غير مثبت,مرجعي فقط — غير معتمد للنشر التجاري,بيانات مرجعية متاحة؛ يلزم تحقق PM,ضمن الفحص المبدئي
12689540677935,natavis-white-advanced-cream-30ml,ناتافيس وايت أدفانس كريم 30 مل | للعناية بالبقع الداكنة ,AlFouad Pharmacies,العناية بالبشرة,العناية بالبشرة,1,,13670,495,148.5,346.5,,غير متاح لدى المصدر,https://cdn.shopify.com/s/files/1/0935/9550/0847/files/Natavis_White_Advanced_Cream_30ml_1615x1615_2ad34a7a-943f-45ff-bde9-7847396ac4ce.webp?v=1772106377,منتج ناتافيس وايت أدفانس كريم 30 مل | للعناية بالبقع الداكنة  من AlFouad Pharmacies. التصنيف المرجعي: العناية بالبشرة. الوسوم المرجعية: Dark Spots، Even Skin Tone، Even Skin Tone / Pigmentation، Skin Care، Whitining Cream.,https://alfouadpharmacies.com/en/products/natavis-white-advanced-cream-30ml,AlFouad Pharmacies,Verify usage rights before commercial publication,غير مثبت,غير مثبت,مرجعي فقط — غير معتمد للنشر التجاري,بيانات مرجعية متاحة؛ يلزم تحقق PM,ضمن الفحص المبدئي
12689540284719,natavis-sunscreen-ultra-protect-spf50-90ml,واقي الشمس ناتافيس ألترا بروتكت بعامل حماية 50+، 90 مل,AlFouad Pharmacies,العناية بالبشرة,العناية بالبشرة,1,,13927,635,190.5,444.5,,متاح لدى المصدر,https://cdn.shopify.com/s/files/1/0935/9550/0847/files/ultra-protect-spf-50-natavis-xrZ.webp?v=1772108068,منتج واقي الشمس ناتافيس ألترا بروتكت بعامل حماية 50+، 90 مل من AlFouad Pharmacies. التصنيف المرجعي: العناية بالبشرة. الوسوم المرجعية: Skin Care، SPF 50، Sun Care، sunblock، Sunscreen، Sunscreen Cream.,https://alfouadpharmacies.com/en/products/natavis-sunscreen-ultra-protect-spf50-90ml,AlFouad Pharmacies,Verify usage rights before commercial publication,غير مثبت,غير مثبت,مرجعي فقط — غير معتمد للنشر التجاري,بيانات مرجعية متاحة؛ يلزم تحقق PM,ضمن الفحص المبدئي
12689499423023,cosrx-master-patch-clear-fit-18pcs,مجموعة رقعة COSRX MASTER الشفافة، 18 قطعة,AlFouad Pharmacies,العناية بالبشرة,العناية بالبشرة,1,,114815,270,81,189,,غير متاح لدى المصدر,https://cdn.shopify.com/s/files/1/0935/9550/0847/files/RX-1002-1200x1200_png.webp?v=1772278062,منتج مجموعة رقعة COSRX MASTER الشفافة، 18 قطعة من AlFouad Pharmacies. التصنيف المرجعي: العناية بالبشرة. الوسوم المرجعية: Acne & Blemishes، Oily Skin، Skin Care.,https://alfouadpharmacies.com/en/products/cosrx-master-patch-clear-fit-18pcs,AlFouad Pharmacies,Verify usage rights before commercial publication,غير مثبت,غير مثبت,مرجعي فقط — غير معتمد للنشر التجاري,بيانات مرجعية متاحة؛ يلزم تحقق PM,ضمن الفحص المبدئي
12689485824303,aroma-glutadin-f-cream-50ml,كريم أروما جلوتادين-إف 50 مل,AROMA,العناية بالبشرة,العناية بالبشرة,1,,32994,1566,469.8,1096.2,,متاح لدى المصدر,https://cdn.shopify.com/s/files/1/0935/9550/0847/files/AROMAGLUTADIN-FCREAM50ML.webp?v=1771930340,منتج كريم أروما جلوتادين-إف 50 مل من AROMA. التصنيف المرجعي: العناية بالبشرة. الوسوم المرجعية: Dark Spots، Even Skin Tone / Pigmentation، Skin Care، Whitining Cream.,https://alfouadpharmacies.com/en/products/aroma-glutadin-f-cream-50ml,AlFouad Pharmacies,Verify usage rights before commercial publication,غير مثبت,غير مثبت,مرجعي فقط — غير معتمد للنشر التجاري,بيانات مرجعية متاحة؛ يلزم تحقق PM,ضمن الفحص المبدئي
12689462919471,starville-collage-serum-50ml,سيروم ستارڤيل كولاج 50 مل,parkville,العناية بالبشرة,العناية بالبشرة,1,,114313,300,90,210,,متاح لدى المصدر,https://cdn.shopify.com/s/files/1/0935/9550/0847/files/STARVILLECOLLAGESERUM50ML.webp?v=1771840159,منتج سيروم ستارڤيل كولاج 50 مل من parkville. التصنيف المرجعي: العناية بالبشرة. الوسوم المرجعية: Fine Lines & Wrinkles، Parkville، Serums، Skin Care.,https://alfouadpharmacies.com/en/products/starville-collage-serum-50ml,AlFouad Pharmacies,Verify usage rights before commercial publication,غير مثبت,غير مثبت,مرجعي فقط — غير معتمد للنشر التجاري,بيانات مرجعية متاحة؛ يلزم تحقق PM,ضمن الفحص المبدئي
10589399187759,alejon-corrective-foundation-1-fair-spf50-30ml,كريم أساس أليخون التصحيحي، درجة 1 فاتح، عامل حماية من الشمس 50+، 30 مل,ALEJON,العناية بالبشرة,العناية بالبشرة,1,,26206,410,123,287,,غير متاح لدى المصدر,https://cdn.shopify.com/s/files/1/0935/9550/0847/files/Corrective-Foundation-Fair_11zon.webp?v=1790502515,منتج كريم أساس أليخون التصحيحي، درجة 1 فاتح، عامل حماية من الشمس 50+، 30 مل من ALEJON. التصنيف المرجعي: العناية بالبشرة. الوسوم المرجعية: Foundation، Skin Care، Skin Concerns.,https://alfouadpharmacies.com/en/products/alejon-corrective-foundation-1-fair-spf50-30ml,AlFouad Pharmacies,Verify usage rights before commercial publication,غير مثبت,غير مثبت,مرجعي فقط — غير معتمد للنشر التجاري,بيانات مرجعية متاحة؛ يلزم تحقق PM,ضمن الفحص المبدئي
10588057469231,acm-duolys-ce-serum-15ml,أيه سي إم دووليس سي سيروم 15 مل,ACM,العناية بالبشرة,العناية بالبشرة,1, سيروم الوجه,91847,465,139.5,325.5,465,غير متاح لدى المصدر,https://cdn.shopify.com/s/files/1/0935/9550/0847/files/Group_1_44_6135a67c-c1b3-449b-a7ed-b400cb0673f5.webp?v=1781941891,منتج أيه سي إم دووليس سي سيروم 15 مل من ACM. التصنيف المرجعي: العناية بالبشرة —  سيروم الوجه. الوسوم المرجعية: Serums، Skin Care.,https://alfouadpharmacies.com/en/products/acm-duolys-ce-serum-15ml,AlFouad Pharmacies,Verify usage rights before commercial publication,غير مثبت,غير مثبت,مرجعي فقط — غير معتمد للنشر التجاري,بيانات مرجعية متاحة؛ يلزم تحقق PM,ضمن الفحص المبدئي
10570013835567,raw-african-coconut-lip-balm,بلسم شفاه من جوز الهند الأفريقي الخام,RAW AFRICAN,العناية بالبشرة,العناية بالبشرة,1,بسيط,5756,63,18.9,44.1,,غير متاح لدى المصدر,https://cdn.shopify.com/s/files/1/0935/9550/0847/files/Raw-African-Coconut-Lip-Balm.webp?v=1754297026,منتج بلسم شفاه من جوز الهند الأفريقي الخام من RAW AFRICAN. التصنيف المرجعي: العناية بالبشرة — بسيط. الوسوم المرجعية: Eye & Lip، Lip، Lip Balm، Skin Care.,https://alfouadpharmacies.com/en/products/raw-african-coconut-lip-balm,AlFouad Pharmacies,Verify usage rights before commercial publication,غير مثبت,غير مثبت,مرجعي فقط — غير معتمد للنشر التجاري,بيانات مرجعية متاحة؛ يلزم تحقق PM,ضمن الفحص المبدئي
10570013606191,raw-african-argan-oil-75ml,زيت الأرغان الأفريقي الخام 75 مل,RAW AFRICAN,العناية بالبشرة,العناية بالبشرة | العناية بالشعر,2,بسيط,112682,284,85.2,198.8,,غير متاح لدى المصدر,https://cdn.shopify.com/s/files/1/0935/9550/0847/files/Raw-African-Argan-Oil-75ML.webp?v=1754297031,منتج زيت الأرغان الأفريقي الخام 75 مل من RAW AFRICAN. التصنيف المرجعي: العناية بالبشرة — بسيط. الوسوم المرجعية: Face Oil، Hair Care، Hair Oil، Moisturizers، Skin Care.,https://alfouadpharmacies.com/en/products/raw-african-argan-oil-75ml,AlFouad Pharmacies,Verify usage rights before commercial publication,غير مثبت,غير مثبت,مرجعي فقط — غير معتمد للنشر التجاري,بيانات مرجعية متاحة؛ يلزم تحقق PM,ضمن الفحص المبدئي
10570013540655,raw-african-raw-night-facial-cream-50ml,كريم الوجه الليلي الخام الأفريقي 50 مل,RAW AFRICAN,العناية بالبشرة,العناية بالبشرة,1,بسيط,111290,273,81.9,191.1,,غير متاح لدى المصدر,https://cdn.shopify.com/s/files/1/0935/9550/0847/files/Raw-African-Raw-Night-Facial-Cream-50ML.webp?v=1754297032,منتج كريم الوجه الليلي الخام الأفريقي 50 مل من RAW AFRICAN. التصنيف المرجعي: العناية بالبشرة — بسيط. الوسوم المرجعية: Moisturizers، Night Creams، Skin Care.,https://alfouadpharmacies.com/en/products/raw-african-raw-night-facial-cream-50ml,AlFouad Pharmacies,Verify usage rights before commercial publication,غير مثبت,غير مثبت,مرجعي فقط — غير معتمد للنشر التجاري,بيانات مرجعية متاحة؛ يلزم تحقق PM,ضمن الفحص المبدئي
10570013475119,raw-african-coconut-exfoliating-lip-polish-30g,مقشر شفاه طبيعي من جوز الهند الأفريقي 30 جرام,RAW AFRICAN,العناية بالبشرة,العناية بالبشرة,1,بسيط,108654,84,25.2,58.8,,غير متاح لدى المصدر,https://cdn.shopify.com/s/files/1/0935/9550/0847/files/Raw-African-Coconut-Exfoliating-Lip-Polish-30G.webp?v=1754297032,منتج مقشر شفاه طبيعي من جوز الهند الأفريقي 30 جرام من RAW AFRICAN. التصنيف المرجعي: العناية بالبشرة — بسيط. الوسوم المرجعية: Eye & Lip، Lip، Lip Scrub، Skin Care.,https://alfouadpharmacies.com/en/products/raw-african-coconut-exfoliating-lip-polish-30g,AlFouad Pharmacies,Verify usage rights before commercial publication,غير مثبت,غير مثبت,مرجعي فقط — غير معتمد للنشر التجاري,بيانات مرجعية متاحة؛ يلزم تحقق PM,ضمن الفحص المبدئي
10570010263855,leylak-hyalo-vitamin-c-serum-30ml,ليلاك هيالو فيتامين سي سيروم 30 مل,AlFouad Pharmacies,العناية بالبشرة,العناية بالبشرة,1,بسيط,,389,116.7,272.3,,غير متاح لدى المصدر,https://cdn.shopify.com/s/files/1/0935/9550/0847/files/1-2.webp?v=1754297070,منتج ليلاك هيالو فيتامين سي سيروم 30 مل من AlFouad Pharmacies. التصنيف المرجعي: العناية بالبشرة — بسيط. الوسوم المرجعية: Dark Spots، Dryness، Fine Lines & Wrinkles، Serums، Skin Care، Skin Concerns، Treatments.,https://alfouadpharmacies.com/en/products/leylak-hyalo-vitamin-c-serum-30ml,AlFouad Pharmacies,Verify usage rights before commercial publication,غير مثبت,غير مثبت,مرجعي فقط — غير معتمد للنشر التجاري,بيانات مرجعية متاحة؛ يلزم تحقق PM,ضمن الفحص المبدئي
10570010198319,leylak-eye-contour-15ml,محدد عيون ليلاك 15 مل,AlFouad Pharmacies,العناية بالبشرة,العناية بالبشرة,1,بسيط,,329,98.7,230.3,,غير متاح لدى المصدر,https://cdn.shopify.com/s/files/1/0935/9550/0847/files/Eye-contour_1024x1024_2767a914-bcb2-4824-b53d-a44e7a42705f.webp?v=1754297071,منتج محدد عيون ليلاك 15 مل من AlFouad Pharmacies. التصنيف المرجعي: العناية بالبشرة — بسيط. الوسوم المرجعية: Dark Circles & Puffiness، Eye & Lip، Eye Care، Eye Contour، Skin Care، Skin Concerns.,https://alfouadpharmacies.com/en/products/leylak-eye-contour-15ml,AlFouad Pharmacies,Verify usage rights before commercial publication,غير مثبت,غير مثبت,مرجعي فقط — غير معتمد للنشر التجاري,بيانات مرجعية متاحة؛ يلزم تحقق PM,ضمن الفحص المبدئي
10569943646511,larel-be-perfect-milk-makeup-cleansing-200ml,حليب لاريل بي بيرفكت لإزالة المكياج 200 مل,AlFouad Pharmacies,العناية بالبشرة,العناية بالبشرة,1,بسيط,112376,872,261.6,610.4,,متاح لدى المصدر,https://cdn.shopify.com/s/files/1/0935/9550/0847/files/Larel-Be-perfect-Milk-Make-up.webp?v=1754297713,منتج حليب لاريل بي بيرفكت لإزالة المكياج 200 مل من AlFouad Pharmacies. التصنيف المرجعي: العناية بالبشرة — بسيط. الوسوم المرجعية: Cleanser، Makeup Removers، Skin Care.,https://alfouadpharmacies.com/en/products/larel-be-perfect-milk-makeup-cleansing-200ml,AlFouad Pharmacies,Verify usage rights before commercial publication,غير مثبت,غير مثبت,مرجعي فقط — غير معتمد للنشر التجاري,بيانات مرجعية متاحة؛ يلزم تحقق PM,ضمن الفحص المبدئي
10569943515439,larel-be-perfect-micellar-gel-200ml,جل ميسيلار لاريل بي بيرفكت 200 مل,AlFouad Pharmacies,العناية بالبشرة,العناية بالبشرة,1,بسيط,112377,969,290.7,678.3,,متاح لدى المصدر,https://cdn.shopify.com/s/files/1/0935/9550/0847/files/Larel-Be-Perfect-Miceller-Gel.webp?v=1754297715,منتج جل ميسيلار لاريل بي بيرفكت 200 مل من AlFouad Pharmacies. التصنيف المرجعي: العناية بالبشرة — بسيط. الوسوم المرجعية: Cleanser، Dehydrated Skin، Makeup Removers، Skin Care، Skin Concerns.,https://alfouadpharmacies.com/en/products/larel-be-perfect-micellar-gel-200ml,AlFouad Pharmacies,Verify usage rights before commercial publication,غير مثبت,غير مثبت,مرجعي فقط — غير معتمد للنشر التجاري,بيانات مرجعية متاحة؛ يلزم تحقق PM,ضمن الفحص المبدئي
10569928573231,balea-tropical-dream-face-mask-2x8ml,قناع الوجه باليا تروبيكال دريم 2 × 8 مل,AlFouad Pharmacies,العناية بالبشرة,العناية بالبشرة,1,بسيط,112452,125,37.5,87.5,,غير متاح لدى المصدر,https://cdn.shopify.com/s/files/1/0935/9550/0847/files/Balea-Tropical-Dream-Face-Mask-2X8ML.webp?v=1754297804,منتج قناع الوجه باليا تروبيكال دريم 2 × 8 مل من AlFouad Pharmacies. التصنيف المرجعي: العناية بالبشرة — بسيط. الوسوم المرجعية: Dry Skin، Dryness، Face Mask، Skin Care، Skin Concerns، Treatments.,https://alfouadpharmacies.com/en/products/balea-tropical-dream-face-mask-2x8ml,AlFouad Pharmacies,Verify usage rights before commercial publication,غير مثبت,غير مثبت,مرجعي فقط — غير معتمد للنشر التجاري,بيانات مرجعية متاحة؛ يلزم تحقق PM,ضمن الفحص المبدئي
10569928507695,balea-totes-face-mask-2x8ml,قناع الوجه من باليا، عبوة من 2 × 8 مل,AlFouad Pharmacies,العناية بالبشرة,العناية بالبشرة,1,بسيط,112449,125,37.5,87.5,,غير متاح لدى المصدر,https://cdn.shopify.com/s/files/1/0935/9550/0847/files/Balea-Totes-Face-Mask-2X8ML.webp?v=1754297804,منتج قناع الوجه من باليا، عبوة من 2 × 8 مل من AlFouad Pharmacies. التصنيف المرجعي: العناية بالبشرة — بسيط. الوسوم المرجعية: Dry Skin، Dryness، Face Mask، Skin Care، Skin Concerns، Treatments.,https://alfouadpharmacies.com/en/products/balea-totes-face-mask-2x8ml,AlFouad Pharmacies,Verify usage rights before commercial publication,غير مثبت,غير مثبت,مرجعي فقط — غير معتمد للنشر التجاري,بيانات مرجعية متاحة؛ يلزم تحقق PM,ضمن الفحص المبدئي
10569928442159,balea-tonerde-face-mask-2x8ml,قناع الوجه من البتولا (Balea Tonerde) 2 × 8 مل,AlFouad Pharmacies,العناية بالبشرة,العناية بالبشرة,1,بسيط,112448,125,37.5,87.5,,غير متاح لدى المصدر,https://cdn.shopify.com/s/files/1/0935/9550/0847/files/Balea-Tonerde-Face-Mask-2X8ML.webp?v=1754297805,منتج قناع الوجه من البتولا (Balea Tonerde) 2 × 8 مل من AlFouad Pharmacies. التصنيف المرجعي: العناية بالبشرة — بسيط. الوسوم المرجعية: Dry Skin، Dryness، Face Mask، Skin Care، Skin Concerns، Treatments.,https://alfouadpharmacies.com/en/products/balea-tonerde-face-mask-2x8ml,AlFouad Pharmacies,Verify usage rights before commercial publication,غير مثبت,غير مثبت,مرجعي فقط — غير معتمد للنشر التجاري,بيانات مرجعية متاحة؛ يلزم تحقق PM,ضمن الفحص المبدئي
10569928343855,balea-retinol-face-mask-2x8ml,قناع الوجه بالريتينول من باليا 2 × 8 مل,AlFouad Pharmacies,العناية بالبشرة,العناية بالبشرة,1,بسيط,112451,125,37.5,87.5,,غير متاح لدى المصدر,https://cdn.shopify.com/s/files/1/0935/9550/0847/files/Balea-Retinol-Face-Mask-2X8ML.webp?v=1754297806,منتج قناع الوجه بالريتينول من باليا 2 × 8 مل من AlFouad Pharmacies. التصنيف المرجعي: العناية بالبشرة — بسيط. الوسوم المرجعية: Dry Skin، Dryness، Face Mask، Skin Care، Skin Concerns، Treatments.,https://alfouadpharmacies.com/en/products/balea-retinol-face-mask-2x8ml,AlFouad Pharmacies,Verify usage rights before commercial publication,غير مثبت,غير مثبت,مرجعي فقط — غير معتمد للنشر التجاري,بيانات مرجعية متاحة؛ يلزم تحقق PM,ضمن الفحص المبدئي
10569928311087,balea-hyaluron-face-mask-2x8ml,قناع الوجه بالهيالورون من باليا 2 × 8 مل,AlFouad Pharmacies,العناية بالبشرة,العناية بالبشرة,1,بسيط,112446,125,37.5,87.5,,غير متاح لدى المصدر,https://cdn.shopify.com/s/files/1/0935/9550/0847/files/Balea-Hyaluron-Face-Mask-2X8ML.webp?v=1754297806,منتج قناع الوجه بالهيالورون من باليا 2 × 8 مل من AlFouad Pharmacies. التصنيف المرجعي: العناية بالبشرة — بسيط. الوسوم المرجعية: Dry Skin، Dryness، Face Mask، Skin Care، Skin Concerns، Treatments.,https://alfouadpharmacies.com/en/products/balea-hyaluron-face-mask-2x8ml,AlFouad Pharmacies,Verify usage rights before commercial publication,غير مثبت,غير مثبت,مرجعي فقط — غير معتمد للنشر التجاري,بيانات مرجعية متاحة؛ يلزم تحقق PM,ضمن الفحص المبدئي
10569928212783,balea-honeyampmilk-face-mask-2x8ml,قناع الوجه بالخلطة العسل والحليب من بليا 2*8 مل,AlFouad Pharmacies,العناية بالبشرة,العناية بالبشرة,1,بسيط,112445,125,37.5,87.5,,غير متاح لدى المصدر,https://cdn.shopify.com/s/files/1/0935/9550/0847/files/Balea-HoneyMilk-Face-Mask-2X8ML.webp?v=1754297806,منتج قناع الوجه بالخلطة العسل والحليب من بليا 2*8 مل من AlFouad Pharmacies. التصنيف المرجعي: العناية بالبشرة — بسيط. الوسوم المرجعية: Dry Skin، Dryness، Face Mask، Skin Care، Skin Concerns، Treatments.,https://alfouadpharmacies.com/en/products/balea-honeyampmilk-face-mask-2x8ml,AlFouad Pharmacies,Verify usage rights before commercial publication,غير مثبت,غير مثبت,مرجعي فقط — غير معتمد للنشر التجاري,بيانات مرجعية متاحة؛ يلزم تحقق PM,ضمن الفحص المبدئي
10569928048943,balea-berry-sweet-face-mask-2x8ml,قناع الوجه بالفواكه من باليا، 2 × 8 مل,AlFouad Pharmacies,العناية بالبشرة,العناية بالبشرة,1,بسيط,112450,125,37.5,87.5,,غير متاح لدى المصدر,https://cdn.shopify.com/s/files/1/0935/9550/0847/files/Balea-Berry-Sweet-Face-Mask-2X8ML.webp?v=1754297807,منتج قناع الوجه بالفواكه من باليا، 2 × 8 مل من AlFouad Pharmacies. التصنيف المرجعي: العناية بالبشرة — بسيط. الوسوم المرجعية: Dry Skin، Dryness، Face Mask، Skin Care، Skin Concerns، Treatments.,https://alfouadpharmacies.com/en/products/balea-berry-sweet-face-mask-2x8ml,AlFouad Pharmacies,Verify usage rights before commercial publication,غير مثبت,غير مثبت,مرجعي فقط — غير معتمد للنشر التجاري,بيانات مرجعية متاحة؛ يلزم تحقق PM,ضمن الفحص المبدئي
10569927754031,balea-alovera-face-mask-2x8ml,قناع الوجه من Balea، الصبار، 2 × 8 مل,AlFouad Pharmacies,العناية بالبشرة,العناية بالبشرة,1,بسيط,112447,125,37.5,87.5,,غير متاح لدى المصدر,https://cdn.shopify.com/s/files/1/0935/9550/0847/files/Balea-Alovera-Face-Mask-2X8ML.webp?v=1754297808,منتج قناع الوجه من Balea، الصبار، 2 × 8 مل من AlFouad Pharmacies. التصنيف المرجعي: العناية بالبشرة — بسيط. الوسوم المرجعية: Dry Skin، Dryness، Face Mask، Skin Care، Skin Concerns، Treatments.,https://alfouadpharmacies.com/en/products/balea-alovera-face-mask-2x8ml,AlFouad Pharmacies,Verify usage rights before commercial publication,غير مثبت,غير مثبت,مرجعي فقط — غير معتمد للنشر التجاري,بيانات مرجعية متاحة؛ يلزم تحقق PM,ضمن الفحص المبدئي
10569923330351,stives-scrub-170gm-energizing,مقشر سانت ايفز المنشط 170 غرام,AlFouad Pharmacies,العناية بالبشرة,العناية بالبشرة,1,بسيط,21643,260,78,182,,غير متاح لدى المصدر,https://cdn.shopify.com/s/files/1/0935/9550/0847/files/ST.IVES-Scrub-170GM-Energizing.webp?v=1754297856,منتج مقشر سانت ايفز المنشط 170 غرام من AlFouad Pharmacies. التصنيف المرجعي: العناية بالبشرة — بسيط. الوسوم المرجعية: Acne & Blemishes، Cleanser، Face Scrub، Skin Care، Skin Concerns.,https://alfouadpharmacies.com/en/products/stives-scrub-170gm-energizing,AlFouad Pharmacies,Verify usage rights before commercial publication,غير مثبت,غير مثبت,مرجعي فقط — غير معتمد للنشر التجاري,بيانات مرجعية متاحة؛ يلزم تحقق PM,ضمن الفحص المبدئي
10569918939439,pears-soap-125-gmblue,صابون بيرز 125 غرام (أزرق),AlFouad Pharmacies,العناية بالبشرة,العناية بالبشرة,1,بسيط,86531,23,6.9,16.1,,غير متاح لدى المصدر,https://cdn.shopify.com/s/files/1/0935/9550/0847/files/Pears-Soap-125-GM-Blue.webp?v=1754297920,منتج صابون بيرز 125 غرام (أزرق) من AlFouad Pharmacies. التصنيف المرجعي: العناية بالبشرة — بسيط. الوسوم المرجعية: Cleanser، Dry Skin، Face Soap، Skin Care، Skin Concerns.,https://alfouadpharmacies.com/en/products/pears-soap-125-gmblue,AlFouad Pharmacies,Verify usage rights before commercial publication,غير مثبت,غير مثبت,مرجعي فقط — غير معتمد للنشر التجاري,بيانات مرجعية متاحة؛ يلزم تحقق PM,ضمن الفحص المبدئي
10569916023087,nuxe-very-rose-creamy-make-up-remover-milk-200ml,حليب إزالة المكياج الكريمي من نيوكس، بزيت الورد، 200 مل,AlFouad Pharmacies,العناية بالبشرة,العناية بالبشرة,1,بسيط,98913,599,179.7,419.3,,غير متاح لدى المصدر,https://cdn.shopify.com/s/files/1/0935/9550/0847/files/Nuxe-Very-Rose-Creamy-Make-Up-Remover-Milk-200ML.webp?v=1754297948,منتج حليب إزالة المكياج الكريمي من نيوكس، بزيت الورد، 200 مل من AlFouad Pharmacies. التصنيف المرجعي: العناية بالبشرة — بسيط. الوسوم المرجعية: Cleanser، Dryness، Makeup Removers، Skin Care، Skin Concerns.,https://alfouadpharmacies.com/en/products/nuxe-very-rose-creamy-make-up-remover-milk-200ml,AlFouad Pharmacies,Verify usage rights before commercial publication,غير مثبت,غير مثبت,مرجعي فقط — غير معتمد للنشر التجاري,بيانات مرجعية متاحة؛ يلزم تحقق PM,ضمن الفحص المبدئي
10569915924783,nuxe-sun-light-fluid-spf50-50ml,لوشن نيوكس الواقي من الشمس خفيف الوزن بدرجة حماية 50+، 50 مل,AlFouad Pharmacies,العناية بالبشرة,العناية بالبشرة,1,بسيط,109953,799,239.7,559.3,,غير متاح لدى المصدر,https://cdn.shopify.com/s/files/1/0935/9550/0847/files/Nuxe-Sun-Light-Fluid-SPF50-50ML.webp?v=1754297949,منتج لوشن نيوكس الواقي من الشمس خفيف الوزن بدرجة حماية 50+، 50 مل من AlFouad Pharmacies. التصنيف المرجعي: العناية بالبشرة — بسيط. الوسوم المرجعية: Skin Care، Skin Concerns، Sun Care، Sunscreen، Sunscreen Fluid.,https://alfouadpharmacies.com/en/products/nuxe-sun-light-fluid-spf50-50ml,AlFouad Pharmacies,Verify usage rights before commercial publication,غير مثبت,غير مثبت,مرجعي فقط — غير معتمد للنشر التجاري,بيانات مرجعية متاحة؛ يلزم تحقق PM,ضمن الفحص المبدئي
10569915892015,nuxe-body-reve-de-the-revitalizing-scrub-150ml,نكسي بودي ريف دي، مقشر مُجدد للبشرة، 150 مل,AlFouad Pharmacies,العناية بالبشرة,العناية بالبشرة,1,بسيط,110365,669,200.7,468.3,,غير متاح لدى المصدر,https://cdn.shopify.com/s/files/1/0935/9550/0847/files/Nuxe-Body-Reve-De-the-Revitalising-Scrub-150ML.webp?v=1754297949,منتج نكسي بودي ريف دي، مقشر مُجدد للبشرة، 150 مل من AlFouad Pharmacies. التصنيف المرجعي: العناية بالبشرة — بسيط. الوسوم المرجعية: Cleanser، Dry Skin، Face Scrub، Skin Care، Skin Concerns.,https://alfouadpharmacies.com/en/products/nuxe-body-reve-de-the-revitalizing-scrub-150ml,AlFouad Pharmacies,Verify usage rights before commercial publication,غير مثبت,غير مثبت,مرجعي فقط — غير معتمد للنشر التجاري,بيانات مرجعية متاحة؛ يلزم تحقق PM,ضمن الفحص المبدئي
10569915859247,nivea-visage-rose-care-wash-150ml-all-skin,نيفيا فيساج غسول روز كير 150 مل لجميع أنواع البشرة,AlFouad Pharmacies,العناية بالبشرة,العناية بالبشرة,1,بسيط,9306,270,81,189,,غير متاح لدى المصدر,https://cdn.shopify.com/s/files/1/0935/9550/0847/files/Nivea-Visage-Rose-Care-Wash-150ML-All-Skin.webp?v=1754297949,منتج نيفيا فيساج غسول روز كير 150 مل لجميع أنواع البشرة من AlFouad Pharmacies. التصنيف المرجعي: العناية بالبشرة — بسيط. الوسوم المرجعية: Cleanser، Dehydrated Skin، Face Wash، Skin Care، Skin Concerns.,https://alfouadpharmacies.com/en/products/nivea-visage-rose-care-wash-150ml-all-skin,AlFouad Pharmacies,Verify usage rights before commercial publication,غير مثبت,غير مثبت,مرجعي فقط — غير معتمد للنشر التجاري,بيانات مرجعية متاحة؛ يلزم تحقق PM,ضمن الفحص المبدئي
10569914777903,nivea-soft-moisturizing-craem-100ml-offer-30,نيفيا كريم مرطب سوفت 100 مل عرض 30,AlFouad Pharmacies,العناية بالبشرة,العناية بالبشرة | العناية بالجسم,2,بسيط,9233,61.5,18.45,43.05,,متاح لدى المصدر,https://cdn.shopify.com/s/files/1/0935/9550/0847/files/Nivea-Soft-Moisturizing-Craem-100ML-Offer-30.webp?v=1754297955,منتج نيفيا كريم مرطب سوفت 100 مل عرض 30 من AlFouad Pharmacies. التصنيف المرجعي: العناية بالبشرة — بسيط. الوسوم المرجعية: Body Care، Body Concerns، Dry Skin body concerns، Moisturizer Cream، Moisturizers، Skin Care.,https://alfouadpharmacies.com/en/products/nivea-soft-moisturizing-craem-100ml-offer-30,AlFouad Pharmacies,Verify usage rights before commercial publication,غير مثبت,غير مثبت,مرجعي فقط — غير معتمد للنشر التجاري,بيانات مرجعية متاحة؛ يلزم تحقق PM,ضمن الفحص المبدئي
10569914548527,nivea-soft-cream-20ml-cocoa-butter,كريم نيفيا سوفت 20 مل زبدة الكاكاو,AlFouad Pharmacies,العناية بالبشرة,العناية بالبشرة | العناية بالجسم,2,بسيط,107794,20,6,14,,غير متاح لدى المصدر,https://cdn.shopify.com/s/files/1/0935/9550/0847/files/Nivea-Soft-Cream-20ML-Cocoa-Butter.webp?v=1754297957,منتج كريم نيفيا سوفت 20 مل زبدة الكاكاو من AlFouad Pharmacies. التصنيف المرجعي: العناية بالبشرة — بسيط. الوسوم المرجعية: Body Care، Body Concerns، Dry Skin body concerns، Moisturizer Cream، Moisturizers، Skin Care.,https://alfouadpharmacies.com/en/products/nivea-soft-cream-20ml-cocoa-butter,AlFouad Pharmacies,Verify usage rights before commercial publication,غير مثبت,غير مثبت,مرجعي فقط — غير معتمد للنشر التجاري,بيانات مرجعية متاحة؛ يلزم تحقق PM,ضمن الفحص المبدئي
10569914482991,nivea-soft-cream-200ml-natural-fairness-off-30,نيفيا كريم سوفت 200 مل، نضارة طبيعية، خصم 30%,AlFouad Pharmacies,العناية بالبشرة,العناية بالبشرة | العناية بالجسم,2,بسيط,6197,98,29.4,68.6,,غير متاح لدى المصدر,https://cdn.shopify.com/s/files/1/0935/9550/0847/files/Nivea-Soft-Cream-200ML-Natural-Fairness-Off-30.webp?v=1754297957,منتج نيفيا كريم سوفت 200 مل، نضارة طبيعية، خصم 30% من AlFouad Pharmacies. التصنيف المرجعي: العناية بالبشرة — بسيط. الوسوم المرجعية: Body Care، Body Concerns، Dry Skin body concerns، Moisturizer Cream، Moisturizers، Skin Care.,https://alfouadpharmacies.com/en/products/nivea-soft-cream-200ml-natural-fairness-off-30,AlFouad Pharmacies,Verify usage rights before commercial publication,غير مثبت,غير مثبت,مرجعي فقط — غير معتمد للنشر التجاري,بيانات مرجعية متاحة؛ يلزم تحقق PM,ضمن الفحص المبدئي
10569914319151,nivea-soft-cream-200ml-cocoa-butter-off-30,كريم نيفيا سوفت 200 مل، زبدة الكاكاو، خصم 30%,AlFouad Pharmacies,العناية بالبشرة,العناية بالبشرة | العناية بالجسم,2,بسيط,6352,98,29.4,68.6,,غير متاح لدى المصدر,https://cdn.shopify.com/s/files/1/0935/9550/0847/files/Nivea-Soft-Cream-200ML-Cocoa-Butter-Off-30.webp?v=1754297959,منتج كريم نيفيا سوفت 200 مل، زبدة الكاكاو، خصم 30% من AlFouad Pharmacies. التصنيف المرجعي: العناية بالبشرة — بسيط. الوسوم المرجعية: Body Care، Body Concerns، Dry Skin body concerns، Moisturizer Cream، Moisturizers، Skin Care.,https://alfouadpharmacies.com/en/products/nivea-soft-cream-200ml-cocoa-butter-off-30,AlFouad Pharmacies,Verify usage rights before commercial publication,غير مثبت,غير مثبت,مرجعي فقط — غير معتمد للنشر التجاري,بيانات مرجعية متاحة؛ يلزم تحقق PM,ضمن الفحص المبدئي
10569914155311,nivea-soft-cream-100ml-natural-fairness-off-30,نيفيا كريم سوفت 100 مل، نضارة طبيعية، خصم 30%,AlFouad Pharmacies,العناية بالبشرة,العناية بالبشرة | العناية بالجسم | العناية بالأطفال,3,بسيط,6430,56,16.8,39.2,,متاح لدى المصدر,https://cdn.shopify.com/s/files/1/0935/9550/0847/files/Nivea-Soft-Cream-100ML-Natural-Fairness-Off-30.webp?v=1754297960,منتج نيفيا كريم سوفت 100 مل، نضارة طبيعية، خصم 30% من AlFouad Pharmacies. التصنيف المرجعي: العناية بالبشرة — بسيط. الوسوم المرجعية: Body Care، Body Concerns، Dry Skin body concerns، Kids Care، Kids Hair، Moisturizer Cream، Moisturizers، Skin Care.,https://alfouadpharmacies.com/en/products/nivea-soft-cream-100ml-natural-fairness-off-30,AlFouad Pharmacies,Verify usage rights before commercial publication,غير مثبت,غير مثبت,مرجعي فقط — غير معتمد للنشر التجاري,بيانات مرجعية متاحة؛ يلزم تحقق PM,ضمن الفحص المبدئي
10569913991471,nivea-soft-cream-100ml-mint,نيفيا كريم سوفت 100 مل نعناع,AlFouad Pharmacies,العناية بالبشرة,العناية بالبشرة | العناية بالجسم,2,بسيط,90363,80,24,56,,غير متاح لدى المصدر,https://cdn.shopify.com/s/files/1/0935/9550/0847/files/Nivea-Soft-Cream-100ML-Mint.webp?v=1754297961,منتج نيفيا كريم سوفت 100 مل نعناع من AlFouad Pharmacies. التصنيف المرجعي: العناية بالبشرة — بسيط. الوسوم المرجعية: Body Care، Body Concerns، Dry Skin body concerns، Moisturizer Cream، Moisturizers، Skin Care.,https://alfouadpharmacies.com/en/products/nivea-soft-cream-100ml-mint,AlFouad Pharmacies,Verify usage rights before commercial publication,غير مثبت,غير مثبت,مرجعي فقط — غير معتمد للنشر التجاري,بيانات مرجعية متاحة؛ يلزم تحقق PM,ضمن الفحص المبدئي
10569911042351,nivea-q10-energy-night-cream-50ml,نيفيا كريم نايت كير Q10 الطاقة 50 مل,AlFouad Pharmacies,العناية بالبشرة,العناية بالبشرة,1,بسيط,30763,350,105,245,,غير متاح لدى المصدر,https://cdn.shopify.com/s/files/1/0935/9550/0847/files/Nivea-Q10-Energy-Night-Cream-50-ml.webp?v=1754297994,منتج نيفيا كريم نايت كير Q10 الطاقة 50 مل من AlFouad Pharmacies. التصنيف المرجعي: العناية بالبشرة — بسيط. الوسوم المرجعية: Fine Lines & Wrinkles، Moisturizers، Night Creams، Skin Care، Skin Concerns.,https://alfouadpharmacies.com/en/products/nivea-q10-energy-night-cream-50ml,AlFouad Pharmacies,Verify usage rights before commercial publication,غير مثبت,غير مثبت,مرجعي فقط — غير معتمد للنشر التجاري,بيانات مرجعية متاحة؛ يلزم تحقق PM,ضمن الفحص المبدئي
10569910780207,nivea-natural-fairness-125ml-eye-make-up-remover,نيفيا ناتشورال فيرنس مزيل مكياج العيون 125 مل,AlFouad Pharmacies,العناية بالبشرة,العناية بالبشرة,1,بسيط,111714,300,90,210,,غير متاح لدى المصدر,https://cdn.shopify.com/s/files/1/0935/9550/0847/files/Nivea-Natural-Fairness-125ML-Eye-Make-Up-Remover.webp?v=1754297997,منتج نيفيا ناتشورال فيرنس مزيل مكياج العيون 125 مل من AlFouad Pharmacies. التصنيف المرجعي: العناية بالبشرة — بسيط. الوسوم المرجعية: Cleanser، Makeup Removers، Skin Care.,https://alfouadpharmacies.com/en/products/nivea-natural-fairness-125ml-eye-make-up-remover,AlFouad Pharmacies,Verify usage rights before commercial publication,غير مثبت,غير مثبت,مرجعي فقط — غير معتمد للنشر التجاري,بيانات مرجعية متاحة؛ يلزم تحقق PM,ضمن الفحص المبدئي
10569910616367,nivea-micellar-water-dry-to-sensitive-400ml,ماء نيڤيا الميسيلار للبشرة الجافة والحساسة 400 مل,AlFouad Pharmacies,العناية بالبشرة,العناية بالبشرة,1,بسيط,0,320,96,224,,غير متاح لدى المصدر,https://cdn.shopify.com/s/files/1/0935/9550/0847/files/Nivea-Micellair-Water-Dry-to-Sensitive-400ML389.webp?v=1754297999,منتج ماء نيڤيا الميسيلار للبشرة الجافة والحساسة 400 مل من AlFouad Pharmacies. التصنيف المرجعي: العناية بالبشرة — بسيط. الوسوم المرجعية: Cleanser، Makeup Removers، Skin Care.,https://alfouadpharmacies.com/en/products/nivea-micellar-water-dry-to-sensitive-400ml,AlFouad Pharmacies,Verify usage rights before commercial publication,غير مثبت,غير مثبت,مرجعي فقط — غير معتمد للنشر التجاري,بيانات مرجعية متاحة؛ يلزم تحقق PM,ضمن الفحص المبدئي
10569907208495,luna-sun-care-lip-balm-spf30-35gm-off,بلسم شفاه لونا+ للعناية بالبشرة من الشمس SPF30 3.5 جم - خصم,AlFouad Pharmacies,العناية بالبشرة,العناية بالبشرة,1,بسيط,12962,32,9.6,22.4,,غير متاح لدى المصدر,https://cdn.shopify.com/s/files/1/0935/9550/0847/files/Luna-Sun-Care-Lip-Balm-SPF30-3.5GM-Off.webp?v=1754298048,منتج بلسم شفاه لونا+ للعناية بالبشرة من الشمس SPF30 3.5 جم - خصم من AlFouad Pharmacies. التصنيف المرجعي: العناية بالبشرة — بسيط. الوسوم المرجعية: Dryness، Eye & Lip، Lip، Lip Balm، Skin Care، Skin Concerns.,https://alfouadpharmacies.com/en/products/luna-sun-care-lip-balm-spf30-35gm-off,AlFouad Pharmacies,Verify usage rights before commercial publication,غير مثبت,غير مثبت,مرجعي فقط — غير معتمد للنشر التجاري,بيانات مرجعية متاحة؛ يلزم تحقق PM,ضمن الفحص المبدئي
10569907011887,luna-sunscreen-invisible-spf45-spray-200ml,لوشن واقي من الشمس من لونا، غير مرئي، فاعلية وقاية من الشمس 45+، بخاخ، 200 مل,AlFouad Pharmacies,العناية بالبشرة,العناية بالبشرة,1,بسيط,99079,350,105,245,,متاح لدى المصدر,https://cdn.shopify.com/s/files/1/0935/9550/0847/files/Luna-Sunscreen-Invisible-SPF45-Spray-200ML.webp?v=1754298050,منتج لوشن واقي من الشمس من لونا، غير مرئي، فاعلية وقاية من الشمس 45+، بخاخ، 200 مل من AlFouad Pharmacies. التصنيف المرجعي: العناية بالبشرة — بسيط. الوسوم المرجعية: Skin Care، Skin Concerns، Sun Care، Sunscreen، Sunscreen Spray.,https://alfouadpharmacies.com/en/products/luna-sunscreen-invisible-spf45-spray-200ml,AlFouad Pharmacies,Verify usage rights before commercial publication,غير مثبت,غير مثبت,مرجعي فقط — غير معتمد للنشر التجاري,بيانات مرجعية متاحة؛ يلزم تحقق PM,ضمن الفحص المبدئي
10569906651439,luna-lip-moist-strawberryvanilla-off-22le,مرطب الشفاه لونا، بنكهة الفراولة والفانيليا، خصم 22 جنيه مصري.,AlFouad Pharmacies,العناية بالبشرة,العناية بالبشرة,1,بسيط,6988,22,6.6,15.4,,غير متاح لدى المصدر,https://cdn.shopify.com/s/files/1/0935/9550/0847/files/Luna-Lip-Moist-Strawberryvanilla-off-22L.E.webp?v=1754298053,منتج مرطب الشفاه لونا، بنكهة الفراولة والفانيليا، خصم 22 جنيه مصري. من AlFouad Pharmacies. التصنيف المرجعي: العناية بالبشرة — بسيط. الوسوم المرجعية: Dryness، Eye & Lip، Lip، Lip Balm، Skin Care، Skin Concerns.,https://alfouadpharmacies.com/en/products/luna-lip-moist-strawberryvanilla-off-22le,AlFouad Pharmacies,Verify usage rights before commercial publication,غير مثبت,غير مثبت,مرجعي فقط — غير معتمد للنشر التجاري,بيانات مرجعية متاحة؛ يلزم تحقق PM,ضمن الفحص المبدئي
10569906618671,luna-lip-moist-strawberryvanilla-off,لوشن لونا للشفاه، نكهة الفراولة والفانيليا، بدون رائحة.,AlFouad Pharmacies,العناية بالبشرة,العناية بالبشرة,1,بسيط,12460,30,9,21,,غير متاح لدى المصدر,https://cdn.shopify.com/s/files/1/0935/9550/0847/files/Luna-Lip-Moist-Strawberryvanilla-Off.webp?v=1754298054,منتج لوشن لونا للشفاه، نكهة الفراولة والفانيليا، بدون رائحة. من AlFouad Pharmacies. التصنيف المرجعي: العناية بالبشرة — بسيط. الوسوم المرجعية: Dryness، Eye & Lip، Lip، Lip Balm، Skin Care، Skin Concerns.,https://alfouadpharmacies.com/en/products/luna-lip-moist-strawberryvanilla-off,AlFouad Pharmacies,Verify usage rights before commercial publication,غير مثبت,غير مثبت,مرجعي فقط — غير معتمد للنشر التجاري,بيانات مرجعية متاحة؛ يلزم تحقق PM,ضمن الفحص المبدئي
10569906422063,luna-lip-moist-coconutrose-off-22le,مرطب الشفاه لونا باللوز والورد، خصم 22 جنيه مصري.,AlFouad Pharmacies,العناية بالبشرة,العناية بالبشرة,1,بسيط,6972,22,6.6,15.4,,غير متاح لدى المصدر,https://cdn.shopify.com/s/files/1/0935/9550/0847/files/Luna-Lip-Moist-Coconutrose-off-22L.E.webp?v=1754298057,منتج مرطب الشفاه لونا باللوز والورد، خصم 22 جنيه مصري. من AlFouad Pharmacies. التصنيف المرجعي: العناية بالبشرة — بسيط. الوسوم المرجعية: Dryness، Eye & Lip، Lip، Lip Balm، Skin Care، Skin Concerns.,https://alfouadpharmacies.com/en/products/luna-lip-moist-coconutrose-off-22le,AlFouad Pharmacies,Verify usage rights before commercial publication,غير مثبت,غير مثبت,مرجعي فقط — غير معتمد للنشر التجاري,بيانات مرجعية متاحة؛ يلزم تحقق PM,ضمن الفحص المبدئي
10569905799471,luna-emollient-super-moisturizing-50gm,لوشن لونا المرطب العميق 50 جرام,AlFouad Pharmacies,العناية بالبشرة,العناية بالبشرة,1,بسيط,12587,50,15,35,,غير متاح لدى المصدر,https://cdn.shopify.com/s/files/1/0935/9550/0847/files/Luna-Emollient-Super-Moisturizing-50GM.webp?v=1754298063,منتج لوشن لونا المرطب العميق 50 جرام من AlFouad Pharmacies. التصنيف المرجعي: العناية بالبشرة — بسيط. الوسوم المرجعية: Dryness، Moisturizer Cream، Moisturizers، Skin Care، Skin Concerns.,https://alfouadpharmacies.com/en/products/luna-emollient-super-moisturizing-50gm,AlFouad Pharmacies,Verify usage rights before commercial publication,غير مثبت,غير مثبت,مرجعي فقط — غير معتمد للنشر التجاري,بيانات مرجعية متاحة؛ يلزم تحقق PM,ضمن الفحص المبدئي
10569904390447,loreal-hyaluron-expert-tissue-mask,قناع الأنسجة من لوريال، خبير الهيالورونيك,LOREAL PCD,العناية بالبشرة,العناية بالبشرة,1,بسيط,25818,115,34.5,80.5,,غير متاح لدى المصدر,https://cdn.shopify.com/s/files/1/0935/9550/0847/files/Loreal-Hyaluron-Expert-Tissue-Mask.webp?v=1754298076,منتج قناع الأنسجة من لوريال، خبير الهيالورونيك من LOREAL PCD. التصنيف المرجعي: العناية بالبشرة — بسيط. الوسوم المرجعية: Dehydrated Skin، Face Mask، Skin Care، Skin Concerns، Treatments.,https://alfouadpharmacies.com/en/products/loreal-hyaluron-expert-tissue-mask,AlFouad Pharmacies,Verify usage rights before commercial publication,غير مثبت,غير مثبت,مرجعي فقط — غير معتمد للنشر التجاري,بيانات مرجعية متاحة؛ يلزم تحقق PM,ضمن الفحص المبدئي
10569898885423,neutrogena-hydra-boost-wipes-25pcs,منديل نيتروجينا هيدرا بوست المرطب 25 قطعة,Neutrogena,العناية بالبشرة,العناية بالبشرة,1,بسيط,4631,130,39,91,,غير متاح لدى المصدر,https://cdn.shopify.com/s/files/1/0935/9550/0847/files/Neutrogena-Hydra-Boost-Wipes-25PCS.webp?v=1754298157,منتج منديل نيتروجينا هيدرا بوست المرطب 25 قطعة من Neutrogena. التصنيف المرجعي: العناية بالبشرة — بسيط. الوسوم المرجعية: Beauty & Accessories، Cleanser، Dryness، Face Wipes، Makeup، Makeup Removers، Skin Care، Skin Concerns.,https://alfouadpharmacies.com/en/products/neutrogena-hydra-boost-wipes-25pcs,AlFouad Pharmacies,Verify usage rights before commercial publication,غير مثبت,غير مثبت,مرجعي فقط — غير معتمد للنشر التجاري,بيانات مرجعية متاحة؛ يلزم تحقق PM,ضمن الفحص المبدئي
10569898721583,neutrogena-hydra-boost-gel-cream-50ml,نيفروجينّا هيدرا بوست جل كريم 50 مل,Neutrogena,العناية بالبشرة,العناية بالبشرة,1,بسيط,0,375,112.5,262.5,,غير متاح لدى المصدر,https://cdn.shopify.com/s/files/1/0935/9550/0847/files/Neutrogena-Hydra-Boost-Gel-Cream-50ML.webp?v=1754298158,منتج نيفروجينّا هيدرا بوست جل كريم 50 مل من Neutrogena. التصنيف المرجعي: العناية بالبشرة — بسيط. الوسوم المرجعية: Dryness، Hydro-gel، Moisturizers، Skin Care، Skin Concerns.,https://alfouadpharmacies.com/en/products/neutrogena-hydra-boost-gel-cream-50ml,AlFouad Pharmacies,Verify usage rights before commercial publication,غير مثبت,غير مثبت,مرجعي فقط — غير معتمد للنشر التجاري,بيانات مرجعية متاحة؛ يلزم تحقق PM,ضمن الفحص المبدئي
10569897443631,jampj-fresh-rose-micellar-water-200ml,ماء ميسيلار برائحة الورد المنعش من جي آند جي 200 مل,J&J,العناية بالبشرة,العناية بالبشرة,1,بسيط,7122,115,34.5,80.5,,غير متاح لدى المصدر,https://cdn.shopify.com/s/files/1/0935/9550/0847/files/JJ-Fresh-Rose-Micellar-Water-200ML.webp?v=1754298174,منتج ماء ميسيلار برائحة الورد المنعش من جي آند جي 200 مل من J&J. التصنيف المرجعي: العناية بالبشرة — بسيط. الوسوم المرجعية: Cleanser، Makeup Removers، Skin Care.,https://alfouadpharmacies.com/en/products/jampj-fresh-rose-micellar-water-200ml,AlFouad Pharmacies,Verify usage rights before commercial publication,غير مثبت,غير مثبت,مرجعي فقط — غير معتمد للنشر التجاري,بيانات مرجعية متاحة؛ يلزم تحقق PM,ضمن الفحص المبدئي
10569896001839,jampj-moistcream-170ml-all-skin,كريم مرطب J&J 170 مل لجميع أنواع البشرة ازرق,J&J,العناية بالبشرة,العناية بالبشرة,1,بسيط,0,100,30,70,,غير متاح لدى المصدر,https://cdn.shopify.com/s/files/1/0935/9550/0847/files/JJ-MOIST.CREAM-170ML-All-Skin-_D8_A7_D8_B2_D8_B1_D9_82.webp?v=1754298192,منتج كريم مرطب J&J 170 مل لجميع أنواع البشرة ازرق من J&J. التصنيف المرجعي: العناية بالبشرة — بسيط. الوسوم المرجعية: Dry Skin، Moisturizer Cream، Moisturizers، Skin Care، Skin Concerns.,https://alfouadpharmacies.com/en/products/jampj-moistcream-170ml-all-skin,AlFouad Pharmacies,Verify usage rights before commercial publication,غير مثبت,غير مثبت,مرجعي فقط — غير معتمد للنشر التجاري,بيانات مرجعية متاحة؛ يلزم تحقق PM,ضمن الفحص المبدئي
10569895903535,jampj-micellar-wipes-sensitive-all-skin-type-25pcs,مناديل ميسيلار من جونسون آند جونسون للبشرة الحساسة (لجميع أنواع البشرة) 25 قطعة,J&J,العناية بالبشرة,العناية بالبشرة,1,بسيط,15749,90,27,63,,غير متاح لدى المصدر,https://cdn.shopify.com/s/files/1/0935/9550/0847/files/JJ-Micellar-Wipes-Sensitive-All-Skin-Type-25PCS.webp?v=1754298193,منتج مناديل ميسيلار من جونسون آند جونسون للبشرة الحساسة (لجميع أنواع البشرة) 25 قطعة من J&J. التصنيف المرجعي: العناية بالبشرة — بسيط. الوسوم المرجعية: Beauty & Accessories، Cleanser، Face Wipes، Makeup، Makeup Removers، Skin Care، Wipes.,https://alfouadpharmacies.com/en/products/jampj-micellar-wipes-sensitive-all-skin-type-25pcs,AlFouad Pharmacies,Verify usage rights before commercial publication,غير مثبت,غير مثبت,مرجعي فقط — غير معتمد للنشر التجاري,بيانات مرجعية متاحة؛ يلزم تحقق PM,ضمن الفحص المبدئي
10569895837999,jampj-make-up-removing-wipes25-normal,مناديل جونسون آند جونسون لإزالة المكياج (25 منديل) عادي,J&J,العناية بالبشرة,العناية بالبشرة,1,بسيط,3108,90,27,63,,غير متاح لدى المصدر,https://cdn.shopify.com/s/files/1/0935/9550/0847/files/JJ-Make-Up-Removing-WIPES25-Normal.webp?v=1754298194,منتج مناديل جونسون آند جونسون لإزالة المكياج (25 منديل) عادي من J&J. التصنيف المرجعي: العناية بالبشرة — بسيط. الوسوم المرجعية: Beauty & Accessories، Cleanser، Face Wipes، Makeup، Makeup Removers، Skin Care، Wipes.,https://alfouadpharmacies.com/en/products/jampj-make-up-removing-wipes25-normal,AlFouad Pharmacies,Verify usage rights before commercial publication,غير مثبت,غير مثبت,مرجعي فقط — غير معتمد للنشر التجاري,بيانات مرجعية متاحة؛ يلزم تحقق PM,ضمن الفحص المبدئي
10569895706927,jampj-fresh-hydration-wipes25,مناديل جيه آند جيه المرطبة المنعشة (25 منديل),J&J,العناية بالبشرة,العناية بالبشرة,1,بسيط,1658,70,21,49,,غير متاح لدى المصدر,https://cdn.shopify.com/s/files/1/0935/9550/0847/files/JJ-Fresh-Hydration-WIPES25.webp?v=1754298196,منتج مناديل جيه آند جيه المرطبة المنعشة (25 منديل) من J&J. التصنيف المرجعي: العناية بالبشرة — بسيط. الوسوم المرجعية: Beauty & Accessories، Cleanser، Face Wipes، Makeup، Makeup Removers، Skin Care، Wipes.,https://alfouadpharmacies.com/en/products/jampj-fresh-hydration-wipes25,AlFouad Pharmacies,Verify usage rights before commercial publication,غير مثبت,غير مثبت,مرجعي فقط — غير معتمد للنشر التجاري,بيانات مرجعية متاحة؛ يلزم تحقق PM,ضمن الفحص المبدئي
10569895608623,jampj-fresh-hydration-micellar-cleansing-jelly-200ml,جل التنظيف الميسيلار المرطب من جي آند جي فريش، 200 مل,J&J,العناية بالبشرة,العناية بالبشرة,1,بسيط,94884,225,67.5,157.5,,متاح لدى المصدر,https://cdn.shopify.com/s/files/1/0935/9550/0847/files/JJ-Fresh-Hydration-Micellar-Cleansing-Jelly-200ML.webp?v=1754298197,منتج جل التنظيف الميسيلار المرطب من جي آند جي فريش، 200 مل من J&J. التصنيف المرجعي: العناية بالبشرة — بسيط. الوسوم المرجعية: Cleanser، Makeup Removers، Skin Care.,https://alfouadpharmacies.com/en/products/jampj-fresh-hydration-micellar-cleansing-jelly-200ml,AlFouad Pharmacies,Verify usage rights before commercial publication,غير مثبت,غير مثبت,مرجعي فقط — غير معتمد للنشر التجاري,بيانات مرجعية متاحة؛ يلزم تحقق PM,ضمن الفحص المبدئي
10569889743151,garnier-bb-miracle-skin-per-light-50ml,غارنييه بي بي كريم سحري لتفتيح البشرة 50 مل,GARNIER,العناية بالبشرة,العناية بالبشرة,1,بسيط,88371,120,36,84,,غير متاح لدى المصدر,https://cdn.shopify.com/s/files/1/0935/9550/0847/files/Garnier-BB-Miracle-Skin-per-Light-50-ml.webp?v=1754298268,منتج غارنييه بي بي كريم سحري لتفتيح البشرة 50 مل من GARNIER. التصنيف المرجعي: العناية بالبشرة — بسيط. الوسوم المرجعية: Moisturizer Cream، Moisturizers، Skin Care.,https://alfouadpharmacies.com/en/products/garnier-bb-miracle-skin-per-light-50ml,AlFouad Pharmacies,Verify usage rights before commercial publication,غير مثبت,غير مثبت,مرجعي فقط — غير معتمد للنشر التجاري,بيانات مرجعية متاحة؛ يلزم تحقق PM,ضمن الفحص المبدئي
10569866740015,banana-boat-aloe-vera-gel-after-sun-230ml,جل الصبار من بينانا بوت بعد التعرض للشمس 230 مل,AlFouad Pharmacies,العناية بالبشرة,العناية بالبشرة,1,بسيط,,210,63,147,,غير متاح لدى المصدر,https://cdn.shopify.com/s/files/1/0935/9550/0847/files/Banana-Boat-Aloe-vera-Gel-After-Sun-230ML.webp?v=1754298280,منتج جل الصبار من بينانا بوت بعد التعرض للشمس 230 مل من AlFouad Pharmacies. التصنيف المرجعي: العناية بالبشرة — بسيط. الوسوم المرجعية: After Sun، Dry Skin، Dryness، Moisturizer Gel، Moisturizers، Skin Care، Skin Concerns، Sun Care.,https://alfouadpharmacies.com/en/products/banana-boat-aloe-vera-gel-after-sun-230ml,AlFouad Pharmacies,Verify usage rights before commercial publication,غير مثبت,غير مثبت,مرجعي فقط — غير معتمد للنشر التجاري,بيانات مرجعية متاحة؛ يلزم تحقق PM,ضمن الفحص المبدئي
10569864544559,fair-amp-lovely-20ml-multi-vitamins-off,فير آند لوفلي 20 مل، فيتامينات متعددة، عرض خاص.,AlFouad Pharmacies,العناية بالبشرة,العناية بالبشرة,1,بسيط,110940,8.5,2.55,5.95,,غير متاح لدى المصدر,https://cdn.shopify.com/s/files/1/0935/9550/0847/files/Fair-Lovely-20-ml-Multi-Vitamins-Off.webp?v=1754298300,منتج فير آند لوفلي 20 مل، فيتامينات متعددة، عرض خاص. من AlFouad Pharmacies. التصنيف المرجعي: العناية بالبشرة — بسيط. الوسوم المرجعية: Dark Spots، Moisturizers، Skin Care، Skin Concerns، Whitining Cream.,https://alfouadpharmacies.com/en/products/fair-amp-lovely-20ml-multi-vitamins-off,AlFouad Pharmacies,Verify usage rights before commercial publication,غير مثبت,غير مثبت,مرجعي فقط — غير معتمد للنشر التجاري,بيانات مرجعية متاحة؛ يلزم تحقق PM,ضمن الفحص المبدئي
10569864446255,fair-amp-lovely-18ml-multi-vitamins,فير آند لوفلي 18 ملليتر متعدد الفيتامينات,AlFouad Pharmacies,العناية بالبشرة,العناية بالبشرة,1,بسيط,89004,14,4.2,9.8,,غير متاح لدى المصدر,https://cdn.shopify.com/s/files/1/0935/9550/0847/files/Fair-Lovely-18ML-Multi-Vitamins.webp?v=1754298302,منتج فير آند لوفلي 18 ملليتر متعدد الفيتامينات من AlFouad Pharmacies. التصنيف المرجعي: العناية بالبشرة — بسيط. الوسوم المرجعية: Dark Spots، Moisturizers، Skin Care، Skin Concerns، Whitining Cream.,https://alfouadpharmacies.com/en/products/fair-amp-lovely-18ml-multi-vitamins,AlFouad Pharmacies,Verify usage rights before commercial publication,غير مثبت,غير مثبت,مرجعي فقط — غير معتمد للنشر التجاري,بيانات مرجعية متاحة؛ يلزم تحقق PM,ضمن الفحص المبدئي
10569848389935,clean-amp-clear-shine-control-facial-wash-150ml,غسول الوجه كنترول شاين من كلين آند كلير 150 مل,AlFouad Pharmacies,العناية بالبشرة,العناية بالبشرة,1,بسيط,95696,112,33.6,78.4,,غير متاح لدى المصدر,https://cdn.shopify.com/s/files/1/0935/9550/0847/files/Clean-Clear-Shine-Control-Facial-Wash-150ML.webp?v=1754298451,منتج غسول الوجه كنترول شاين من كلين آند كلير 150 مل من AlFouad Pharmacies. التصنيف المرجعي: العناية بالبشرة — بسيط. الوسوم المرجعية: Acne & Blemishes، Cleanser، Face Wash، Skin Care، Skin Concerns.,https://alfouadpharmacies.com/en/products/clean-amp-clear-shine-control-facial-wash-150ml,AlFouad Pharmacies,Verify usage rights before commercial publication,غير مثبت,غير مثبت,مرجعي فقط — غير معتمد للنشر التجاري,بيانات مرجعية متاحة؛ يلزم تحقق PM,ضمن الفحص المبدئي
10569848291631,clean-amp-clear-natural-bright-wash-50ml,غسول منظف وواضح طبيعي 50 مل,AlFouad Pharmacies,العناية بالبشرة,العناية بالبشرة,1,بسيط,102174,30,9,21,,غير متاح لدى المصدر,https://cdn.shopify.com/s/files/1/0935/9550/0847/files/Clean-Clear-Natural-Bright-Wash-50ML.webp?v=1754298452,منتج غسول منظف وواضح طبيعي 50 مل من AlFouad Pharmacies. التصنيف المرجعي: العناية بالبشرة — بسيط. الوسوم المرجعية: Cleanser، Dark Spots، Face Wash، Skin Care، Skin Concerns.,https://alfouadpharmacies.com/en/products/clean-amp-clear-natural-bright-wash-50ml,AlFouad Pharmacies,Verify usage rights before commercial publication,غير مثبت,غير مثبت,مرجعي فقط — غير معتمد للنشر التجاري,بيانات مرجعية متاحة؛ يلزم تحقق PM,ضمن الفحص المبدئي
10569848193327,clean-amp-clear-natural-bright-wash-100ml,غسول منظف وواضح طبيعي 100 مل,AlFouad Pharmacies,العناية بالبشرة,العناية بالبشرة,1,بسيط,111140,42,12.6,29.4,,غير متاح لدى المصدر,https://cdn.shopify.com/s/files/1/0935/9550/0847/files/Clean-Clear-Natural-Bright-Wash-100ML.webp?v=1754298452,منتج غسول منظف وواضح طبيعي 100 مل من AlFouad Pharmacies. التصنيف المرجعي: العناية بالبشرة — بسيط. الوسوم المرجعية: Cleanser، Dark Spots، Face Wash، Skin Care، Skin Concerns.,https://alfouadpharmacies.com/en/products/clean-amp-clear-natural-bright-wash-100ml,AlFouad Pharmacies,Verify usage rights before commercial publication,غير مثبت,غير مثبت,مرجعي فقط — غير معتمد للنشر التجاري,بيانات مرجعية متاحة؛ يلزم تحقق PM,ضمن الفحص المبدئي
10569847996719,clean-amp-clear-deep-action-cream-wash-100ml,غسول كريمي عميق التنظيف من كلين آند كلير 100 مل,AlFouad Pharmacies,العناية بالبشرة,العناية بالبشرة,1,بسيط,107710,77,23.1,53.9,,غير متاح لدى المصدر,https://cdn.shopify.com/s/files/1/0935/9550/0847/files/Clean-Clear-Deep-Action-Cream-Wash-100ML.webp?v=1754298454,منتج غسول كريمي عميق التنظيف من كلين آند كلير 100 مل من AlFouad Pharmacies. التصنيف المرجعي: العناية بالبشرة — بسيط. الوسوم المرجعية: Acne & Blemishes، Cleanser، Face Wash، Skin Care، Skin Concerns.,https://alfouadpharmacies.com/en/products/clean-amp-clear-deep-action-cream-wash-100ml,AlFouad Pharmacies,Verify usage rights before commercial publication,غير مثبت,غير مثبت,مرجعي فقط — غير معتمد للنشر التجاري,بيانات مرجعية متاحة؛ يلزم تحقق PM,ضمن الفحص المبدئي
10569842819375,carroten-suncare-invisible-spf-30-spray-200ml,كاريوتين واقي شمس شفاف سبف 30 بخاخ 200 مل,AlFouad Pharmacies,العناية بالبشرة,العناية بالبشرة,1,بسيط,14230,680,204,476,,متاح لدى المصدر,https://cdn.shopify.com/s/files/1/0935/9550/0847/files/Carroten-Suncare-Invisible-Spf-30-Spray-200ML.webp?v=1754298501,منتج كاريوتين واقي شمس شفاف سبف 30 بخاخ 200 مل من AlFouad Pharmacies. التصنيف المرجعي: العناية بالبشرة — بسيط. الوسوم المرجعية: Skin Care، Skin Concerns، Sun Care.,https://alfouadpharmacies.com/en/products/carroten-suncare-invisible-spf-30-spray-200ml,AlFouad Pharmacies,Verify usage rights before commercial publication,غير مثبت,غير مثبت,مرجعي فقط — غير معتمد للنشر التجاري,بيانات مرجعية متاحة؛ يلزم تحقق PM,ضمن الفحص المبدئي
10569842721071,carroten-suncare-dry-oil-spf30-spray-150ml,زيت كاروتين للشمس الجاف، عامل حماية من الشمس 30، بخاخ، 150 مل,AlFouad Pharmacies,العناية بالبشرة,العناية بالبشرة,1,بسيط,14232,485,145.5,339.5,,غير متاح لدى المصدر,https://cdn.shopify.com/s/files/1/0935/9550/0847/files/Carroten-Suncare-Dry-Oil-SPF30-Spray-150ML.webp?v=1754298502,منتج زيت كاروتين للشمس الجاف، عامل حماية من الشمس 30، بخاخ، 150 مل من AlFouad Pharmacies. التصنيف المرجعي: العناية بالبشرة — بسيط. الوسوم المرجعية: Skin Care، Sun Tan، Sunscreen.,https://alfouadpharmacies.com/en/products/carroten-suncare-dry-oil-spf30-spray-150ml,AlFouad Pharmacies,Verify usage rights before commercial publication,غير مثبت,غير مثبت,مرجعي فقط — غير معتمد للنشر التجاري,بيانات مرجعية متاحة؛ يلزم تحقق PM,ضمن الفحص المبدئي
10569842295087,bobana-scrub-gel-pomegranate-150ml,جل تنظيف الجسم بوبانا، رمان، 150 مل,AlFouad Pharmacies,العناية بالبشرة,العناية بالبشرة,1,بسيط,112955,85,25.5,59.5,,غير متاح لدى المصدر,https://cdn.shopify.com/s/files/1/0935/9550/0847/files/Bobana-Scrub-Gel-Pomegranate-150ML.webp?v=1753904662,منتج جل تنظيف الجسم بوبانا، رمان، 150 مل من AlFouad Pharmacies. التصنيف المرجعي: العناية بالبشرة — بسيط. الوسوم المرجعية: Cleanser، Dryness، Face Scrub، Skin Care، Skin Concerns.,https://alfouadpharmacies.com/en/products/bobana-scrub-gel-pomegranate-150ml,AlFouad Pharmacies,Verify usage rights before commercial publication,غير مثبت,غير مثبت,مرجعي فقط — غير معتمد للنشر التجاري,بيانات مرجعية متاحة؛ يلزم تحقق PM,ضمن الفحص المبدئي
10569842262319,bobana-peel-off-mask-vitamin-c-120ml,قناع بوبانا المقشر بالفيتامين سي 120 مل,AlFouad Pharmacies,العناية بالبشرة,العناية بالبشرة,1,بسيط,110435,60,18,42,,غير متاح لدى المصدر,https://cdn.shopify.com/s/files/1/0935/9550/0847/files/Bobana-Peel-Off-Mask-Vitamin-C-120ML.webp?v=1753904662,منتج قناع بوبانا المقشر بالفيتامين سي 120 مل من AlFouad Pharmacies. التصنيف المرجعي: العناية بالبشرة — بسيط. الوسوم المرجعية: Dryness، Face Mask، Skin Care، Skin Concerns، Treatments.,https://alfouadpharmacies.com/en/products/bobana-peel-off-mask-vitamin-c-120ml,AlFouad Pharmacies,Verify usage rights before commercial publication,غير مثبت,غير مثبت,مرجعي فقط — غير معتمد للنشر التجاري,بيانات مرجعية متاحة؛ يلزم تحقق PM,ضمن الفحص المبدئي
10569842032943,bobana-peel-off-mask-charcol-120ml,قناع بوبانا المقشر بالفحم 120 مل,AlFouad Pharmacies,العناية بالبشرة,العناية بالبشرة,1,بسيط,0,60,18,42,,غير متاح لدى المصدر,https://cdn.shopify.com/s/files/1/0935/9550/0847/files/Bobana-Peel-Off-Mask-Charcol-120ML.webp?v=1754298505,منتج قناع بوبانا المقشر بالفحم 120 مل من AlFouad Pharmacies. التصنيف المرجعي: العناية بالبشرة — بسيط. الوسوم المرجعية: Dryness، Face Mask، Skin Care، Skin Concerns، Treatments.,https://alfouadpharmacies.com/en/products/bobana-peel-off-mask-charcol-120ml,AlFouad Pharmacies,Verify usage rights before commercial publication,غير مثبت,غير مثبت,مرجعي فقط — غير معتمد للنشر التجاري,بيانات مرجعية متاحة؛ يلزم تحقق PM,ضمن الفحص المبدئي
10569841836335,banana-boat-tanning-oil-golden-236ml,زيت تسمير البشرة من بانانا بوت، ذهبي، 236 مل,AlFouad Pharmacies,العناية بالبشرة,العناية بالبشرة,1,بسيط,86724,890,267,623,,غير متاح لدى المصدر,https://cdn.shopify.com/s/files/1/0935/9550/0847/files/Banana-Boat-Tanning-Oil-Golden-236ML.webp?v=1754298507,منتج زيت تسمير البشرة من بانانا بوت، ذهبي، 236 مل من AlFouad Pharmacies. التصنيف المرجعي: العناية بالبشرة — بسيط. الوسوم المرجعية: Skin Care، Sun Tan، Sunscreen.,https://alfouadpharmacies.com/en/products/banana-boat-tanning-oil-golden-236ml,AlFouad Pharmacies,Verify usage rights before commercial publication,غير مثبت,غير مثبت,مرجعي فقط — غير معتمد للنشر التجاري,بيانات مرجعية متاحة؛ يلزم تحقق PM,ضمن الفحص المبدئي
10569834266927,the-ordinary-the-skin-support-set-2x30ml,مجموعة العناية بالبشرة من ذا أوردينري، 2 × 30 مل,The Ordinary,العناية بالبشرة,العناية بالبشرة,1,بسيط,112075,1200,360,840,0,غير متاح لدى المصدر,https://cdn.shopify.com/s/files/1/0935/9550/0847/files/The-Ordinary-the-Skin-Support-Set-2X30ML.webp?v=1754298566,منتج مجموعة العناية بالبشرة من ذا أوردينري، 2 × 30 مل من The Ordinary. التصنيف المرجعي: العناية بالبشرة — بسيط. الوسوم المرجعية: Acne & Blemishes، Dehydrated Skin، Fine Lines & Wrinkles، Oily Skin، Pores، Serums، Skin Care، Skin Concerns.,https://alfouadpharmacies.com/en/products/the-ordinary-the-skin-support-set-2x30ml,AlFouad Pharmacies,Verify usage rights before commercial publication,غير مثبت,غير مثبت,مرجعي فقط — غير معتمد للنشر التجاري,بيانات مرجعية متاحة؛ يلزم تحقق PM,ضمن الفحص المبدئي
10569833775407,the-ordinary-soothingampbarrier-serum-30ml,مصل The Ordinary Soothing&amp;Barrier Serum 30 مل,The Ordinary,العناية بالبشرة,العناية بالبشرة,1,سيرم ,13076,2450,735,1715,0,متاح لدى المصدر,https://cdn.shopify.com/s/files/1/0935/9550/0847/files/1_-_2026-07-06T161109.463.webp?v=1783343497,منتج مصل The Ordinary Soothing&amp;Barrier Serum 30 مل من The Ordinary. التصنيف المرجعي: العناية بالبشرة — سيرم . الوسوم المرجعية: Dehydrated Skin، Sensitive Skin / Redness، Serums، Skin Care، Skin Concerns، Treatments.,https://alfouadpharmacies.com/en/products/the-ordinary-soothingampbarrier-serum-30ml,AlFouad Pharmacies,Verify usage rights before commercial publication,غير مثبت,غير مثبت,مرجعي فقط — غير معتمد للنشر التجاري,بيانات مرجعية متاحة؛ يلزم تحقق PM,ضمن الفحص المبدئي
10569819619631,cote-bronzage-tanning-oil-spf-8-strawberry-jam-300ml,زيت تسمير البشرة كوت برونزاغ، عامل حماية من الشمس 8، بنكهة مربى الفراولة، 300 مل.,AlFouad Pharmacies,العناية بالبشرة,العناية بالبشرة | العناية بالجسم,2,بسيط,1635,375,112.5,262.5,,غير متاح لدى المصدر,https://cdn.shopify.com/s/files/1/0935/9550/0847/files/Cote-Bronzage-Tanning-Oil-Spf-8-Strawberry-Jam-300ml.webp?v=1754298665,منتج زيت تسمير البشرة كوت برونزاغ، عامل حماية من الشمس 8، بنكهة مربى الفراولة، 300 مل. من AlFouad Pharmacies. التصنيف المرجعي: العناية بالبشرة — بسيط. الوسوم المرجعية: Body Care، Skin Care، Skin Concerns، Sun Care، Sun Tan، Sunscreen، Tanning Oil.,https://alfouadpharmacies.com/en/products/cote-bronzage-tanning-oil-spf-8-strawberry-jam-300ml,AlFouad Pharmacies,Verify usage rights before commercial publication,غير مثبت,غير مثبت,مرجعي فقط — غير معتمد للنشر التجاري,بيانات مرجعية متاحة؛ يلزم تحقق PM,ضمن الفحص المبدئي
10569819488559,cote-bronzage-tanning-oil-spf-8-cacao-300ml,زيت كوت برونزاغ للحماية من الشمس بدرجة 8، بنكهة الكاكاو، 300 مل,AlFouad Pharmacies,العناية بالبشرة,العناية بالبشرة | العناية بالجسم,2,بسيط,1620,375,112.5,262.5,,غير متاح لدى المصدر,https://cdn.shopify.com/s/files/1/0935/9550/0847/files/Cote-Bronzage-Tanning-Oil-Spf-8-Cacao-300ml.webp?v=1754298665,منتج زيت كوت برونزاغ للحماية من الشمس بدرجة 8، بنكهة الكاكاو، 300 مل من AlFouad Pharmacies. التصنيف المرجعي: العناية بالبشرة — بسيط. الوسوم المرجعية: Body Care، Skin Care، Skin Concerns، Sun Care، Sun Tan، Sunscreen، Tanning Oil.,https://alfouadpharmacies.com/en/products/cote-bronzage-tanning-oil-spf-8-cacao-300ml,AlFouad Pharmacies,Verify usage rights before commercial publication,غير مثبت,غير مثبت,مرجعي فقط — غير معتمد للنشر التجاري,بيانات مرجعية متاحة؛ يلزم تحقق PM,ضمن الفحص المبدئي
10569819357487,cote-bronzage-tanning-oil-spf-15-cacao-300ml,زيت كوت برونزاغ للحماية من الشمس بدرجة حماية 15، بنكهة الكاكاو، 300 مل.,AlFouad Pharmacies,العناية بالبشرة,العناية بالبشرة | العناية بالجسم,2,بسيط,1623,375,112.5,262.5,,غير متاح لدى المصدر,https://cdn.shopify.com/s/files/1/0935/9550/0847/files/Cote-Bronzage-Tanning-Oil-Spf-15-Cacao-300ml.webp?v=1754298666,منتج زيت كوت برونزاغ للحماية من الشمس بدرجة حماية 15، بنكهة الكاكاو، 300 مل. من AlFouad Pharmacies. التصنيف المرجعي: العناية بالبشرة — بسيط. الوسوم المرجعية: Body Care، Skin Care، Skin Concerns، Sun Care، Sun Tan، Sunscreen، Tanning Oil.,https://alfouadpharmacies.com/en/products/cote-bronzage-tanning-oil-spf-15-cacao-300ml,AlFouad Pharmacies,Verify usage rights before commercial publication,غير مثبت,غير مثبت,مرجعي فقط — غير معتمد للنشر التجاري,بيانات مرجعية متاحة؛ يلزم تحقق PM,ضمن الفحص المبدئي
10569819029807,cote-bronzage-tanning-gel-200ml,جل التسمير كوت برونزاغ 200 مل,AlFouad Pharmacies,العناية بالبشرة,العناية بالبشرة,1,بسيط,4421,375,112.5,262.5,,غير متاح لدى المصدر,https://cdn.shopify.com/s/files/1/0935/9550/0847/files/Cote-Bronzage-Tanning-Gel-200ml-1.webp?v=1754298669,منتج جل التسمير كوت برونزاغ 200 مل من AlFouad Pharmacies. التصنيف المرجعي: العناية بالبشرة — بسيط. الوسوم المرجعية: Skin Care، Skin Concerns، Sun Care، Sun Gel، Sun Tan، Sunscreen.,https://alfouadpharmacies.com/en/products/cote-bronzage-tanning-gel-200ml,AlFouad Pharmacies,Verify usage rights before commercial publication,غير مثبت,غير مثبت,مرجعي فقط — غير معتمد للنشر التجاري,بيانات مرجعية متاحة؛ يلزم تحقق PM,ضمن الفحص المبدئي
10569818898735,cote-bronzage-shimmering-tanning-gel-200ml,جل التسمير اللامع كوت برونزاغ 200 مل,AlFouad Pharmacies,العناية بالبشرة,العناية بالبشرة,1,بسيط,3909,375,112.5,262.5,,غير متاح لدى المصدر,https://cdn.shopify.com/s/files/1/0935/9550/0847/files/Cote-Bronzage-Shimmering-Tanning-Gel-200ml-1.webp?v=1754298669,منتج جل التسمير اللامع كوت برونزاغ 200 مل من AlFouad Pharmacies. التصنيف المرجعي: العناية بالبشرة — بسيط. الوسوم المرجعية: Skin Care، Skin Concerns، Sun Care، Sun Gel، Sun Tan، Sunscreen.,https://alfouadpharmacies.com/en/products/cote-bronzage-shimmering-tanning-gel-200ml,AlFouad Pharmacies,Verify usage rights before commercial publication,غير مثبت,غير مثبت,مرجعي فقط — غير معتمد للنشر التجاري,بيانات مرجعية متاحة؛ يلزم تحقق PM,ضمن الفحص المبدئي
10569814049071,vichy-liftactiv-supreme-serum-10-30ml,مصل فيشي ليفتاكتيف سوبريم (10) 30 مل,Vichy,العناية بالبشرة,العناية بالبشرة,1,بسيط,103568,1500,450,1050,,غير متاح لدى المصدر,https://cdn.shopify.com/s/files/1/0935/9550/0847/files/1_28.webp?v=1780558527,منتج مصل فيشي ليفتاكتيف سوبريم (10) 30 مل من Vichy. التصنيف المرجعي: العناية بالبشرة — بسيط. الوسوم المرجعية: Anti-Aging، Dryness، Fine Lines & Wrinkles، Serums، Skin Care، Skin Concerns، Treatments.,https://alfouadpharmacies.com/en/products/vichy-liftactiv-supreme-serum-10-30ml,AlFouad Pharmacies,Verify usage rights before commercial publication,غير مثبت,غير مثبت,مرجعي فقط — غير معتمد للنشر التجاري,بيانات مرجعية متاحة؛ يلزم تحقق PM,ضمن الفحص المبدئي
10569813524783,vichy-liftactiv-suprem-combination-skin-cream-50ml,كريم فيشي ليفت أكتيف سوبريم للبشرة المختلطة 50 مل,Vichy,العناية بالبشرة,العناية بالبشرة,1,بسيط,21668,1400,420,980,,غير متاح لدى المصدر,https://cdn.shopify.com/s/files/1/0935/9550/0847/files/1_25.webp?v=1780554858,منتج كريم فيشي ليفت أكتيف سوبريم للبشرة المختلطة 50 مل من Vichy. التصنيف المرجعي: العناية بالبشرة — بسيط. الوسوم المرجعية: Anti-Aging، Anti-aging Cream، Day Cream، Fine Lines & Wrinkles، Moisturizers، Skin Care، Skin Concerns.,https://alfouadpharmacies.com/en/products/vichy-liftactiv-suprem-combination-skin-cream-50ml,AlFouad Pharmacies,Verify usage rights before commercial publication,غير مثبت,غير مثبت,مرجعي فقط — غير معتمد للنشر التجاري,بيانات مرجعية متاحة؛ يلزم تحقق PM,ضمن الفحص المبدئي
10569809068335,uriage-miciller-thermal-water-250-ml-mixed-skin,يورياج مياه ميسيلار حرارية للبشرة المختلطة والدهنية 250 مل,URIAGE,العناية بالبشرة,العناية بالبشرة,1,عنايه بالبشره,106721,715,214.5,500.5,,متاح لدى المصدر,https://cdn.shopify.com/s/files/1/0935/9550/0847/files/Group_1_83.webp?v=1782204243,منتج يورياج مياه ميسيلار حرارية للبشرة المختلطة والدهنية 250 مل من URIAGE. التصنيف المرجعي: العناية بالبشرة — عنايه بالبشره. الوسوم المرجعية: Acne & Blemishes، Cleanser، Makeup Removers، Oily Skin، Skin Care، Skin Concerns.,https://alfouadpharmacies.com/en/products/uriage-miciller-thermal-water-250-ml-mixed-skin,AlFouad Pharmacies,Verify usage rights before commercial publication,غير مثبت,غير مثبت,مرجعي فقط — غير معتمد للنشر التجاري,بيانات مرجعية متاحة؛ يلزم تحقق PM,ضمن الفحص المبدئي
10569803628847,uriage-age-protect-intensive-serum-30ml,مصل يورياج المضاد للشيخوخة المكثف 30 مل,URIAGE,العناية بالبشرة,العناية بالبشرة,1,بسيط,93268,999,299.7,699.3,,غير متاح لدى المصدر,https://cdn.shopify.com/s/files/1/0935/9550/0847/files/Uriage-Age-Protect-Intensive-Serum-30ML.webp?v=1754298779,منتج مصل يورياج المضاد للشيخوخة المكثف 30 مل من URIAGE. التصنيف المرجعي: العناية بالبشرة — بسيط. الوسوم المرجعية: Anti-Aging، Fine Lines & Wrinkles، Serums، Skin Care، Skin Concerns، Treatments.,https://alfouadpharmacies.com/en/products/uriage-age-protect-intensive-serum-30ml,AlFouad Pharmacies,Verify usage rights before commercial publication,غير مثبت,غير مثبت,مرجعي فقط — غير معتمد للنشر التجاري,بيانات مرجعية متاحة؛ يلزم تحقق PM,ضمن الفحص المبدئي
10569803530543,uriage-age-protect-detox-night-cream-40ml,كريم يورياج المضاد للشيخوخة لتنقية البشرة ليلاً 40 مل,URIAGE,العناية بالبشرة,العناية بالبشرة,1,بسيط,22380,950,285,665,,غير متاح لدى المصدر,https://cdn.shopify.com/s/files/1/0935/9550/0847/files/Uriage_Age_Protect_Detox_Night_Cream_30ml_1.webp?v=1790666313,منتج كريم يورياج المضاد للشيخوخة لتنقية البشرة ليلاً 40 مل من URIAGE. التصنيف المرجعي: العناية بالبشرة — بسيط. الوسوم المرجعية: Anti-Aging، Fine Lines & Wrinkles، Moisturizers، Night Creams، Skin Care، Skin Concerns.,https://alfouadpharmacies.com/en/products/uriage-age-protect-detox-night-cream-40ml,AlFouad Pharmacies,Verify usage rights before commercial publication,غير مثبت,غير مثبت,مرجعي فقط — غير معتمد للنشر التجاري,بيانات مرجعية متاحة؛ يلزم تحقق PM,ضمن الفحص المبدئي
10569801892143,matriskin-power-defense-serum-30ml,مصل ماتريسكن باور ديفينس 30 مل,AlFouad Pharmacies,العناية بالبشرة,العناية بالبشرة,1,بسيط,,850,255,595,,غير متاح لدى المصدر,https://cdn.shopify.com/s/files/1/0935/9550/0847/files/Matriskin-Power-Defense-Serum-30ML.webp?v=1754298794,منتج مصل ماتريسكن باور ديفينس 30 مل من AlFouad Pharmacies. التصنيف المرجعي: العناية بالبشرة — بسيط. الوسوم المرجعية: Even Skin Tone، Fine Lines & Wrinkles، Serums، Skin Care، Skin Concerns، Treatments.,https://alfouadpharmacies.com/en/products/matriskin-power-defense-serum-30ml,AlFouad Pharmacies,Verify usage rights before commercial publication,غير مثبت,غير مثبت,مرجعي فقط — غير معتمد للنشر التجاري,بيانات مرجعية متاحة؛ يلزم تحقق PM,ضمن الفحص المبدئي
10569801662767,matriskin-osmopeel-mask-50ml,قناع ماتريسكن أوزموبيل 50 مل,AlFouad Pharmacies,العناية بالبشرة,العناية بالبشرة,1,بسيط,,599,179.7,419.3,,غير متاح لدى المصدر,https://cdn.shopify.com/s/files/1/0935/9550/0847/files/Matriskin-Osmopeel-Mask-50ML.webp?v=1754298795,منتج قناع ماتريسكن أوزموبيل 50 مل من AlFouad Pharmacies. التصنيف المرجعي: العناية بالبشرة — بسيط. الوسوم المرجعية: Dark Spots، Face Mask، Fine Lines & Wrinkles، Skin Care، Skin Concerns، Treatments.,https://alfouadpharmacies.com/en/products/matriskin-osmopeel-mask-50ml,AlFouad Pharmacies,Verify usage rights before commercial publication,غير مثبت,غير مثبت,مرجعي فقط — غير معتمد للنشر التجاري,بيانات مرجعية متاحة؛ يلزم تحقق PM,ضمن الفحص المبدئي
10569801433391,matriskin-hydra-pure-mask-50ml,قناع ماتريسكن هيدرا بيور 50 مل,AlFouad Pharmacies,العناية بالبشرة,العناية بالبشرة,1,بسيط,,599,179.7,419.3,,غير متاح لدى المصدر,https://cdn.shopify.com/s/files/1/0935/9550/0847/files/Matriskin-HPR-Mask-50ML.webp?v=1754298795,منتج قناع ماتريسكن هيدرا بيور 50 مل من AlFouad Pharmacies. التصنيف المرجعي: العناية بالبشرة — بسيط. الوسوم المرجعية: Dehydrated Skin، Dullness، Face Mask، Fine Lines & Wrinkles، Skin Care، Skin Concerns، Treatments.,https://alfouadpharmacies.com/en/products/matriskin-hydra-pure-mask-50ml,AlFouad Pharmacies,Verify usage rights before commercial publication,غير مثبت,غير مثبت,مرجعي فقط — غير معتمد للنشر التجاري,بيانات مرجعية متاحة؛ يلزم تحقق PM,ضمن الفحص المبدئي
10569801367855,matriskin-hyaluronic-acid-serum-30ml,مصل حمض الهيالورونيك من ماتريسكن 30 مل,AlFouad Pharmacies,العناية بالبشرة,العناية بالبشرة,1,بسيط,,799,239.7,559.3,,غير متاح لدى المصدر,https://cdn.shopify.com/s/files/1/0935/9550/0847/files/Matriskin-Hyaluronic-Acid-Serum-30ML.webp?v=1754298796,منتج مصل حمض الهيالورونيك من ماتريسكن 30 مل من AlFouad Pharmacies. التصنيف المرجعي: العناية بالبشرة — بسيط. الوسوم المرجعية: Dullness، Fine Lines & Wrinkles، Serums، Skin Care، Skin Concerns، Treatments.,https://alfouadpharmacies.com/en/products/matriskin-hyaluronic-acid-serum-30ml,AlFouad Pharmacies,Verify usage rights before commercial publication,غير مثبت,غير مثبت,مرجعي فقط — غير معتمد للنشر التجاري,بيانات مرجعية متاحة؛ يلزم تحقق PM,ضمن الفحص المبدئي
10569801236783,matriskin-hpr-mask-50ml,قناع ماتريسكن HP/R 50 مل,AlFouad Pharmacies,العناية بالبشرة,العناية بالبشرة,1,بسيط,108919,375,112.5,262.5,,غير متاح لدى المصدر,https://cdn.shopify.com/s/files/1/0935/9550/0847/files/Matriskin-Hydra-Pure-Mask-50ML.webp?v=1754298797,منتج قناع ماتريسكن HP/R 50 مل من AlFouad Pharmacies. التصنيف المرجعي: العناية بالبشرة — بسيط. الوسوم المرجعية: Dehydrated Skin، Dullness، Face Mask، Fine Lines & Wrinkles، Skin Care، Skin Concerns، Treatments.,https://alfouadpharmacies.com/en/products/matriskin-hpr-mask-50ml,AlFouad Pharmacies,Verify usage rights before commercial publication,غير مثبت,غير مثبت,مرجعي فقط — غير معتمد للنشر التجاري,بيانات مرجعية متاحة؛ يلزم تحقق PM,ضمن الفحص المبدئي
10569800941871,matriskin-collagen-mp-serum-30ml,مصل ماتريسكن كولاجين للوجه والرقبة 30 مل,AlFouad Pharmacies,العناية بالبشرة,العناية بالبشرة,1,بسيط,,999,299.7,699.3,,غير متاح لدى المصدر,https://cdn.shopify.com/s/files/1/0935/9550/0847/files/Matriskin-Collagen-MP-Serum-30ML.webp?v=1754298799,منتج مصل ماتريسكن كولاجين للوجه والرقبة 30 مل من AlFouad Pharmacies. التصنيف المرجعي: العناية بالبشرة — بسيط. الوسوم المرجعية: Anti-Aging، Fine Lines & Wrinkles، Serums، Skin Care، Skin Concerns، Treatments.,https://alfouadpharmacies.com/en/products/matriskin-collagen-mp-serum-30ml,AlFouad Pharmacies,Verify usage rights before commercial publication,غير مثبت,غير مثبت,مرجعي فقط — غير معتمد للنشر التجاري,بيانات مرجعية متاحة؛ يلزم تحقق PM,ضمن الفحص المبدئي
10569796387119,la-roche-toleriane-foaming-gel-150ml,جل لا روتش تويليانز الرغوي 150 مل,La Roch Possay,العناية بالبشرة,العناية بالبشرة,1,بسيط,23970,661,198.3,462.7,,غير متاح لدى المصدر,https://cdn.shopify.com/s/files/1/0935/9550/0847/files/La-Roche-Toleriane-Foaming-Gel-150ML.webp?v=1754298829,منتج جل لا روتش تويليانز الرغوي 150 مل من La Roch Possay. التصنيف المرجعي: العناية بالبشرة — بسيط. الوسوم المرجعية: Cleanser، Dehydrated Skin، Face Wash، Sensitive Skin / Redness، Skin Care، Skin Concerns.,https://alfouadpharmacies.com/en/products/la-roche-toleriane-foaming-gel-150ml,AlFouad Pharmacies,Verify usage rights before commercial publication,غير مثبت,غير مثبت,مرجعي فقط — غير معتمد للنشر التجاري,بيانات مرجعية متاحة؛ يلزم تحقق PM,ضمن الفحص المبدئي
10569746153775,la-roche-lipikar-surgras-cleansing-soap-150-g,صابون لاروش بيسيكار سوجراس المنظف 150 غرام,La Roch Possay,العناية بالبشرة,العناية بالبشرة | العناية بالجسم,2,بسيط,17610,149,44.7,104.3,,غير متاح لدى المصدر,https://cdn.shopify.com/s/files/1/0935/9550/0847/files/La-Roche-Lipikar-Surgras-Cleansing-Soap-150-G.webp?v=1754298840,منتج صابون لاروش بيسيكار سوجراس المنظف 150 غرام من La Roch Possay. التصنيف المرجعي: العناية بالبشرة — بسيط. الوسوم المرجعية: Body Care، Body Concerns، Body Wash، Cleanser، Dry Skin، Dry Skin body concerns، Dryness، Face Soap.,https://alfouadpharmacies.com/en/products/la-roche-lipikar-surgras-cleansing-soap-150-g,AlFouad Pharmacies,Verify usage rights before commercial publication,غير مثبت,غير مثبت,مرجعي فقط — غير معتمد للنشر التجاري,بيانات مرجعية متاحة؛ يلزم تحقق PM,ضمن الفحص المبدئي
10569744482607,isisvitiskin-repigmentation-cream-50ml,كريم إعادة تصبغ البشرة من آيزيس فيتيسكين 50 مل,isis,العناية بالبشرة,العناية بالبشرة,1,بسيط,94465,1375,412.5,962.5,,غير متاح لدى المصدر,https://cdn.shopify.com/s/files/1/0935/9550/0847/files/1_-_2026-06-30T172454.263.webp?v=1782829533,منتج كريم إعادة تصبغ البشرة من آيزيس فيتيسكين 50 مل من isis. التصنيف المرجعي: العناية بالبشرة — بسيط. الوسوم المرجعية: Even Skin Tone، Skin Care، Skin Concerns، Treatment Cream، Treatments.,https://alfouadpharmacies.com/en/products/isisvitiskin-repigmentation-cream-50ml,AlFouad Pharmacies,Verify usage rights before commercial publication,غير مثبت,غير مثبت,مرجعي فقط — غير معتمد للنشر التجاري,بيانات مرجعية متاحة؛ يلزم تحقق PM,ضمن الفحص المبدئي
10569743991087,isis-unitone-4-white-cream-30ml,إيزيس. كريم يوني تون 4 لتفتيح البشرة 30 مل,isis,العناية بالبشرة,العناية بالبشرة,1,كريم تفتيح ,84624,1015,304.5,710.5,,غير متاح لدى المصدر,https://cdn.shopify.com/s/files/1/0935/9550/0847/files/1_-_2026-06-30T162842.251.webp?v=1782826158,منتج إيزيس. كريم يوني تون 4 لتفتيح البشرة 30 مل من isis. التصنيف المرجعي: العناية بالبشرة — كريم تفتيح . الوسوم المرجعية: Dark Spots، Even Skin Tone، Moisturizers، Skin Care، Skin Concerns، Whitining Cream.,https://alfouadpharmacies.com/en/products/isis-unitone-4-white-cream-30ml,AlFouad Pharmacies,Verify usage rights before commercial publication,غير مثبت,غير مثبت,مرجعي فقط — غير معتمد للنشر التجاري,بيانات مرجعية متاحة؛ يلزم تحقق PM,ضمن الفحص المبدئي
10569743958319,isis-unitone-4-advanced-serum-15ml,إيزيس. يوني تون 4 سيروم متطور 15 مل,isis,العناية بالبشرة,العناية بالبشرة,1,بسيط,91849,1329,398.7,930.3,,غير متاح لدى المصدر,https://cdn.shopify.com/s/files/1/0935/9550/0847/files/Isis.-Unitone-4-Advanced-Serum-15ML.webp?v=1754298877,منتج إيزيس. يوني تون 4 سيروم متطور 15 مل من isis. التصنيف المرجعي: العناية بالبشرة — بسيط. الوسوم المرجعية: Dark Spots، Even Skin Tone، Serums، Skin Care، Skin Concerns، Treatments.,https://alfouadpharmacies.com/en/products/isis-unitone-4-advanced-serum-15ml,AlFouad Pharmacies,Verify usage rights before commercial publication,غير مثبت,غير مثبت,مرجعي فقط — غير معتمد للنشر التجاري,بيانات مرجعية متاحة؛ يلزم تحقق PM,ضمن الفحص المبدئي
10569743860015,isis-teen-derm-micellar-aqua-200-250-ml,إيزيس فارما تين ديرم أكوا محلول ميسيلار للبشرة الدهنية والمعرضة للحبوب 250 مل,isis,العناية بالبشرة,العناية بالبشرة,1,ميسيلار,81696,339,101.7,237.3,,غير متاح لدى المصدر,https://cdn.shopify.com/s/files/1/0935/9550/0847/files/1_-_2026-06-30T160927.310.webp?v=1782824992,منتج إيزيس فارما تين ديرم أكوا محلول ميسيلار للبشرة الدهنية والمعرضة للحبوب 250 مل من isis. التصنيف المرجعي: العناية بالبشرة — ميسيلار. الوسوم المرجعية: Acne & Blemishes، Cleanser، Makeup Removers، Oily Skin، Pores، Skin Care، Skin Concerns.,https://alfouadpharmacies.com/en/products/isis-teen-derm-micellar-aqua-200-250-ml,AlFouad Pharmacies,Verify usage rights before commercial publication,غير مثبت,غير مثبت,مرجعي فقط — غير معتمد للنشر التجاري,بيانات مرجعية متاحة؛ يلزم تحقق PM,ضمن الفحص المبدئي
10569739927855,beesline-whitening-lifting-cream-night-50ml,كريم بيزلين تفتيح وشد البشرة ليلاً 50 مل,AlFouad Pharmacies,العناية بالبشرة,العناية بالبشرة,1,بسيط,97429,395,118.5,276.5,,غير متاح لدى المصدر,https://cdn.shopify.com/s/files/1/0935/9550/0847/files/Beesline-Whitening-Lifting-Cream-Night-50ML.webp?v=1754298942,منتج كريم بيزلين تفتيح وشد البشرة ليلاً 50 مل من AlFouad Pharmacies. التصنيف المرجعي: العناية بالبشرة — بسيط. الوسوم المرجعية: Even Skin Tone، Fine Lines & Wrinkles، Moisturizers، Night Creams، Skin Care، Skin Concerns، Whitining Cream.,https://alfouadpharmacies.com/en/products/beesline-whitening-lifting-cream-night-50ml,AlFouad Pharmacies,Verify usage rights before commercial publication,غير مثبت,غير مثبت,مرجعي فقط — غير معتمد للنشر التجاري,بيانات مرجعية متاحة؛ يلزم تحقق PM,ضمن الفحص المبدئي
10569738486063,beesline-ultrascreen-spf50facial-cleanser-4x1,بيزلين أولتراسكرين منظف الوجه SPF50+ 4×1,Beesline,العناية بالبشرة,العناية بالبشرة,1,بسيط,110306,450,135,315,,غير متاح لدى المصدر,https://cdn.shopify.com/s/files/1/0935/9550/0847/files/Beesline-Ultrascreen-SPF50FACIAL-Cleanser-4X1.webp?v=1754298955,منتج بيزلين أولتراسكرين منظف الوجه SPF50+ 4×1 من Beesline. التصنيف المرجعي: العناية بالبشرة — بسيط. الوسوم المرجعية: Cleanser، Face Offers، Face Wash، Sensitive Skin / Redness، Skin Care، Skin Concerns، SPF 50، Sun Care.,https://alfouadpharmacies.com/en/products/beesline-ultrascreen-spf50facial-cleanser-4x1,AlFouad Pharmacies,Verify usage rights before commercial publication,غير مثبت,غير مثبت,مرجعي فقط — غير معتمد للنشر التجاري,بيانات مرجعية متاحة؛ يلزم تحقق PM,ضمن الفحص المبدئي
10569738387759,beesline-ultrascreen-crroll-on-pacific-island-off,بيزلين أولتراسيرين كريم + رول أون إصدار جزيرة المحيط الهادئ,Beesline,العناية بالبشرة,العناية بالبشرة | العناية بالجسم,2,بسيط,18791,555,166.5,388.5,,غير متاح لدى المصدر,https://cdn.shopify.com/s/files/1/0935/9550/0847/files/Beesline-Ultrascreen-Crroll-on-Pacific-Island-Off.webp?v=1754298955,منتج بيزلين أولتراسيرين كريم + رول أون إصدار جزيرة المحيط الهادئ من Beesline. التصنيف المرجعي: العناية بالبشرة — بسيط. الوسوم المرجعية: Body Care، Body Kit، Deodrant، Skin Care، Skin Concerns، SPF 50، Sun Care، Sunscreen.,https://alfouadpharmacies.com/en/products/beesline-ultrascreen-crroll-on-pacific-island-off,AlFouad Pharmacies,Verify usage rights before commercial publication,غير مثبت,غير مثبت,مرجعي فقط — غير معتمد للنشر التجاري,بيانات مرجعية متاحة؛ يلزم تحقق PM,ضمن الفحص المبدئي
10569738322223,beesline-ultrascreen-crroll-on-elder-rose-off,بيزلين ألتراسكرين كريم + رول أون إيلدر روز أوف,Beesline,العناية بالبشرة,العناية بالبشرة | العناية بالجسم,2,بسيط,88171,555,166.5,388.5,,غير متاح لدى المصدر,https://cdn.shopify.com/s/files/1/0935/9550/0847/files/Beesline-Ultrascreen-Crroll-on-Elder-Rose-Off.webp?v=1754298956,منتج بيزلين ألتراسكرين كريم + رول أون إيلدر روز أوف من Beesline. التصنيف المرجعي: العناية بالبشرة — بسيط. الوسوم المرجعية: Body Care، Body Kit، Deodrant، Skin Care، Skin Concerns، SPF 50، Sun Care، Sunscreen.,https://alfouadpharmacies.com/en/products/beesline-ultrascreen-crroll-on-elder-rose-off,AlFouad Pharmacies,Verify usage rights before commercial publication,غير مثبت,غير مثبت,مرجعي فقط — غير معتمد للنشر التجاري,بيانات مرجعية متاحة؛ يلزم تحقق PM,ضمن الفحص المبدئي
10569738289455,beesline-ultrascreen-crroll-on-cotton-candy-off,بيزلين أولتراسيرين كريم + رول أون كوتون كاندي أوف,Beesline,العناية بالبشرة,العناية بالبشرة | العناية بالجسم,2,بسيط,18712,555,166.5,388.5,,غير متاح لدى المصدر,https://cdn.shopify.com/s/files/1/0935/9550/0847/files/Beesline-Ultrascreen-Crroll-on-Cotton-Candy-Off.webp?v=1754298956,منتج بيزلين أولتراسيرين كريم + رول أون كوتون كاندي أوف من Beesline. التصنيف المرجعي: العناية بالبشرة — بسيط. الوسوم المرجعية: Body Care، Body Kit، Deodrant، Skin Care، Skin Concerns، SPF 50، Sun Care، Sunscreen.,https://alfouadpharmacies.com/en/products/beesline-ultrascreen-crroll-on-cotton-candy-off,AlFouad Pharmacies,Verify usage rights before commercial publication,غير مثبت,غير مثبت,مرجعي فقط — غير معتمد للنشر التجاري,بيانات مرجعية متاحة؛ يلزم تحقق PM,ضمن الفحص المبدئي
10569738256687,beesline-ultrascreen-crroll-on-arabian-oud-off,بيزلين أولتراسكرين كريم + رول أون عود عربي أوف,Beesline,العناية بالبشرة,العناية بالبشرة | العناية بالجسم,2,بسيط,25965,555,166.5,388.5,,غير متاح لدى المصدر,https://cdn.shopify.com/s/files/1/0935/9550/0847/files/Beesline-Ultrascreen-Crroll-on-Arabian-Oud-Off_11zon.webp?v=1790502915,منتج بيزلين أولتراسكرين كريم + رول أون عود عربي أوف من Beesline. التصنيف المرجعي: العناية بالبشرة — بسيط. الوسوم المرجعية: Body Care، Body Kit، Deodrant، Skin Care، Skin Concerns، SPF 50، Sun Care، Sunscreen.,https://alfouadpharmacies.com/en/products/beesline-ultrascreen-crroll-on-arabian-oud-off,AlFouad Pharmacies,Verify usage rights before commercial publication,غير مثبت,غير مثبت,مرجعي فقط — غير معتمد للنشر التجاري,بيانات مرجعية متاحة؛ يلزم تحقق PM,ضمن الفحص المبدئي
10569738223919,beesline-suntan-oil-gold-shimmering-200ml,زيت شمس بيزلين الذهبي اللامع 200 مل,Beesline,العناية بالبشرة,العناية بالبشرة,1,بسيط,109089,375,112.5,262.5,,غير متاح لدى المصدر,https://cdn.shopify.com/s/files/1/0935/9550/0847/files/Beesline-Suntan-Oil-Gold-Shimmering-200ML.webp?v=1754298957,منتج زيت شمس بيزلين الذهبي اللامع 200 مل من Beesline. التصنيف المرجعي: العناية بالبشرة — بسيط. الوسوم المرجعية: Skin Care، Skin Concerns، Sun Care، Sun Tan، Sunscreen.,https://alfouadpharmacies.com/en/products/beesline-suntan-oil-gold-shimmering-200ml,AlFouad Pharmacies,Verify usage rights before commercial publication,غير مثبت,غير مثبت,مرجعي فقط — غير معتمد للنشر التجاري,بيانات مرجعية متاحة؛ يلزم تحقق PM,ضمن الفحص المبدئي
10569737863471,beesline-propoils-facial-wash-250ml,غسول الوجه بيزلاين بروبويلز 250 مل,Beesline,العناية بالبشرة,العناية بالبشرة,1,بسيط,95929,245,73.5,171.5,,غير متاح لدى المصدر,https://cdn.shopify.com/s/files/1/0935/9550/0847/files/Beesline-Propoils-Facial-Wash-250ML.webp?v=1754298961,منتج غسول الوجه بيزلاين بروبويلز 250 مل من Beesline. التصنيف المرجعي: العناية بالبشرة — بسيط. الوسوم المرجعية: Acne & Blemishes، Cleanser، Face Wash، Oily Skin، Skin Care، Skin Concerns.,https://alfouadpharmacies.com/en/products/beesline-propoils-facial-wash-250ml,AlFouad Pharmacies,Verify usage rights before commercial publication,غير مثبت,غير مثبت,مرجعي فقط — غير معتمد للنشر التجاري,بيانات مرجعية متاحة؛ يلزم تحقق PM,ضمن الفحص المبدئي
10569737765167,beesline-nourishing-facial-day-cream-50ml,كريم بيزلين المغذي للوجه ليلاً ونهاراً 50 مل,Beesline,العناية بالبشرة,العناية بالبشرة,1,بسيط,97939,295,88.5,206.5,,غير متاح لدى المصدر,https://cdn.shopify.com/s/files/1/0935/9550/0847/files/Beesline-Nourishing-Facial-Day-Cream-50ML.webp?v=1754298962,منتج كريم بيزلين المغذي للوجه ليلاً ونهاراً 50 مل من Beesline. التصنيف المرجعي: العناية بالبشرة — بسيط. الوسوم المرجعية: Day Cream، Dryness، Moisturizer Cream، Moisturizers، Oily Skin، Skin Care، Skin Concerns.,https://alfouadpharmacies.com/en/products/beesline-nourishing-facial-day-cream-50ml,AlFouad Pharmacies,Verify usage rights before commercial publication,غير مثبت,غير مثبت,مرجعي فقط — غير معتمد للنشر التجاري,بيانات مرجعية متاحة؛ يلزم تحقق PM,ضمن الفحص المبدئي
10569737273647,beesline-eye-contour-whitening-mask-8g,قناع بيزلين لتفتيح محيط العين 8 غرام,Beesline,العناية بالبشرة,العناية بالبشرة,1,بسيط,83087,350,105,245,,غير متاح لدى المصدر,https://cdn.shopify.com/s/files/1/0935/9550/0847/files/Beesline-Eye-Contour-Whitening-Mask-8G.webp?v=1754298967,منتج قناع بيزلين لتفتيح محيط العين 8 غرام من Beesline. التصنيف المرجعي: العناية بالبشرة — بسيط. الوسوم المرجعية: Dark Circles & Puffiness، Eye & Lip، Eye Care، Eye Contour، Skin Care، Skin Concerns.,https://alfouadpharmacies.com/en/products/beesline-eye-contour-whitening-mask-8g,AlFouad Pharmacies,Verify usage rights before commercial publication,غير مثبت,غير مثبت,مرجعي فقط — غير معتمد للنشر التجاري,بيانات مرجعية متاحة؛ يلزم تحقق PM,ضمن الفحص المبدئي
10569737240879,beesline-eye-contour-serum-30ml,مصل تحديد محيط العين من بيسلاين 30 مل,Beesline,العناية بالبشرة,العناية بالبشرة,1,بسيط,18926,325,97.5,227.5,,غير متاح لدى المصدر,https://cdn.shopify.com/s/files/1/0935/9550/0847/files/Beesline-Eye-Contour-Serum-30ML.webp?v=1754298967,منتج مصل تحديد محيط العين من بيسلاين 30 مل من Beesline. التصنيف المرجعي: العناية بالبشرة — بسيط. الوسوم المرجعية: Dark Circles & Puffiness، Eye & Lip، Eye Care، Eye Contour Serum، Fine Lines & Wrinkles، Skin Care، Skin Concerns.,https://alfouadpharmacies.com/en/products/beesline-eye-contour-serum-30ml,AlFouad Pharmacies,Verify usage rights before commercial publication,غير مثبت,غير مثبت,مرجعي فقط — غير معتمد للنشر التجاري,بيانات مرجعية متاحة؛ يلزم تحقق PM,ضمن الفحص المبدئي
10569737175343,beesline-age-defense-fluid-sun-screen-spf50-40ml,كريم واقي من الشمس بيزلين لتأخير علامات الشيخوخة، سائل، درجة حماية 50+، 40 مل,Beesline,العناية بالبشرة,العناية بالبشرة,1,بسيط,104147,375,112.5,262.5,,غير متاح لدى المصدر,https://cdn.shopify.com/s/files/1/0935/9550/0847/files/Beesline-Age-Defense-Fluid-Sun-Screen-SPF50-40ML.webp?v=1753905309,منتج كريم واقي من الشمس بيزلين لتأخير علامات الشيخوخة، سائل، درجة حماية 50+، 40 مل من Beesline. التصنيف المرجعي: العناية بالبشرة — بسيط. الوسوم المرجعية: Anti-Aging، Oily Skin، Skin Care، Skin Concerns، SPF 50، Sun Care، Sunscreen، Sunscreen Fluid.,https://alfouadpharmacies.com/en/products/beesline-age-defense-fluid-sun-screen-spf50-40ml,AlFouad Pharmacies,Verify usage rights before commercial publication,غير مثبت,غير مثبت,مرجعي فقط — غير معتمد للنشر التجاري,بيانات مرجعية متاحة؛ يلزم تحقق PM,ضمن الفحص المبدئي
10569737109807,ducray-keracnyl-glycolic-cream-30ml,كريم دوكراي كيرانييل جليكوليك بلس 30 مل,AlFouad Pharmacies,العناية بالبشرة,العناية بالبشرة,1,بسيط,25858,369,110.7,258.3,,غير متاح لدى المصدر,https://cdn.shopify.com/s/files/1/0935/9550/0847/files/Ducray-Keracnyl-Glycolic-Cream-30ML.webp?v=1754298968,منتج كريم دوكراي كيرانييل جليكوليك بلس 30 مل من AlFouad Pharmacies. التصنيف المرجعي: العناية بالبشرة — بسيط. الوسوم المرجعية: Acne & Blemishes، Dark Spots، Oily Skin، Pores، Skin Care، Skin Concerns، Treatment Cream، Treatments.,https://alfouadpharmacies.com/en/products/ducray-keracnyl-glycolic-cream-30ml,AlFouad Pharmacies,Verify usage rights before commercial publication,غير مثبت,غير مثبت,مرجعي فقط — غير معتمد للنشر التجاري,بيانات مرجعية متاحة؛ يلزم تحقق PM,ضمن الفحص المبدئي
10569733669167,acm-vitix-regulating-gel-50mlfaceampbody,إيه سي إم فيتكس جل للبشرة – 50 مل,ACM,العناية بالبشرة,العناية بالبشرة | العناية بالجسم,2,العناية بالبشرة > جل البشرة,105289,850,255,595,,غير متاح لدى المصدر,https://cdn.shopify.com/s/files/1/0935/9550/0847/files/Group_1_45_7f391c60-b956-4307-b686-c659fb29900c.webp?v=1781941984,منتج إيه سي إم فيتكس جل للبشرة – 50 مل من ACM. التصنيف المرجعي: العناية بالبشرة — العناية بالبشرة > جل البشرة. الوسوم المرجعية: Body Care، Body Concerns، Even Skin Tone، Even Skin Tone / Pigmentation، Skin Care، Skin Concerns، Treatment Cream، Treatments.,https://alfouadpharmacies.com/en/products/acm-vitix-regulating-gel-50mlfaceampbody,AlFouad Pharmacies,Verify usage rights before commercial publication,غير مثبت,غير مثبت,مرجعي فقط — غير معتمد للنشر التجاري,بيانات مرجعية متاحة؛ يلزم تحقق PM,ضمن الفحص المبدئي
10569719611695,eva-spotless-20gm-soap,صابون إيفا لإزالة البقع 20 جرام,AlFouad Pharmacies,العناية بالبشرة,العناية بالبشرة,1,بسيط,85461,16,4.8,11.2,,غير متاح لدى المصدر,https://cdn.shopify.com/s/files/1/0935/9550/0847/files/Eva-Spotless-20gm-Soap.webp?v=1754299230,منتج صابون إيفا لإزالة البقع 20 جرام من AlFouad Pharmacies. التصنيف المرجعي: العناية بالبشرة — بسيط. الوسوم المرجعية: Cleanser، Face Soap، Skin Care.,https://alfouadpharmacies.com/en/products/eva-spotless-20gm-soap,AlFouad Pharmacies,Verify usage rights before commercial publication,غير مثبت,غير مثبت,مرجعي فقط — غير معتمد للنشر التجاري,بيانات مرجعية متاحة؛ يلزم تحقق PM,ضمن الفحص المبدئي
10569719480623,evasiline-petrroleum-jellt-160gm-jar,إيفاسيلين جل بتروليوم 160 جم (عبوة زجاجية),AlFouad Pharmacies,العناية بالبشرة,العناية بالبشرة,1,بسيط,12421,90,27,63,,غير متاح لدى المصدر,https://cdn.shopify.com/s/files/1/0935/9550/0847/files/Evasiline-Petrroleum-Jellt-160gm-Jar.webp?v=1754299232,منتج إيفاسيلين جل بتروليوم 160 جم (عبوة زجاجية) من AlFouad Pharmacies. التصنيف المرجعي: العناية بالبشرة — بسيط. الوسوم المرجعية: Moisturizer Gel، Moisturizers، Skin Care.,https://alfouadpharmacies.com/en/products/evasiline-petrroleum-jellt-160gm-jar,AlFouad Pharmacies,Verify usage rights before commercial publication,غير مثبت,غير مثبت,مرجعي فقط — غير معتمد للنشر التجاري,بيانات مرجعية متاحة؛ يلزم تحقق PM,ضمن الفحص المبدئي
10569719316783,cleo-glow-vitamin-c-cleansing-gel-150ml,جل تنظيف كليو جلو (فيتامين سي) 150 مل,AlFouad Pharmacies,العناية بالبشرة,العناية بالبشرة,1,بسيط,,260,78,182,,غير متاح لدى المصدر,https://cdn.shopify.com/s/files/1/0935/9550/0847/files/Cleo-Glow-Vitamin-C-Cleansing-Gel-150ml.webp?v=1754299234,منتج جل تنظيف كليو جلو (فيتامين سي) 150 مل من AlFouad Pharmacies. التصنيف المرجعي: العناية بالبشرة — بسيط. الوسوم المرجعية: Cleanser، Face Wash، Skin Care.,https://alfouadpharmacies.com/en/products/cleo-glow-vitamin-c-cleansing-gel-150ml,AlFouad Pharmacies,Verify usage rights before commercial publication,غير مثبت,غير مثبت,مرجعي فقط — غير معتمد للنشر التجاري,بيانات مرجعية متاحة؛ يلزم تحقق PM,ضمن الفحص المبدئي
10569719251247,infinity-naturals-eye-brow-serum-8ml,مصل الحواجب إنفينيتي ناتشورالز 8 مل,AlFouad Pharmacies,العناية بالبشرة,العناية بالبشرة,1,بسيط,,155,46.5,108.5,,غير متاح لدى المصدر,https://cdn.shopify.com/s/files/1/0935/9550/0847/files/Infinity-Naturals-Eye-Brow-Serum-8ml.webp?v=1754299235,منتج مصل الحواجب إنفينيتي ناتشورالز 8 مل من AlFouad Pharmacies. التصنيف المرجعي: العناية بالبشرة — بسيط. الوسوم المرجعية: Eye & Lip، Eye Care، Eye Contour Serum، Skin Care.,https://alfouadpharmacies.com/en/products/infinity-naturals-eye-brow-serum-8ml,AlFouad Pharmacies,Verify usage rights before commercial publication,غير مثبت,غير مثبت,مرجعي فقط — غير معتمد للنشر التجاري,بيانات مرجعية متاحة؛ يلزم تحقق PM,ضمن الفحص المبدئي
10569719185711,infinity-whitening-cleansing-foam-200ml,رغوة تنظيف إنفينيتي لتفتيح البشرة 200 مل,AlFouad Pharmacies,العناية بالبشرة,العناية بالبشرة,1,بسيط,,200,60,140,,غير متاح لدى المصدر,https://cdn.shopify.com/s/files/1/0935/9550/0847/files/Infinity-Whitening-Cleansing-Foam-200ml.webp?v=1754299236,منتج رغوة تنظيف إنفينيتي لتفتيح البشرة 200 مل من AlFouad Pharmacies. التصنيف المرجعي: العناية بالبشرة — بسيط. الوسوم المرجعية: Cleanser، Face Wash، Skin Care.,https://alfouadpharmacies.com/en/products/infinity-whitening-cleansing-foam-200ml,AlFouad Pharmacies,Verify usage rights before commercial publication,غير مثبت,غير مثبت,مرجعي فقط — غير معتمد للنشر التجاري,بيانات مرجعية متاحة؛ يلزم تحقق PM,ضمن الفحص المبدئي
10569719152943,infinity-sunscreen-gelsoothing-gel-120ml,جل واقي من الشمس + جل مهدئ إنفينيتي 120 مل,AlFouad Pharmacies,العناية بالبشرة,العناية بالبشرة,1,بسيط,7135,230,69,161,,غير متاح لدى المصدر,https://cdn.shopify.com/s/files/1/0935/9550/0847/files/Infinity-Sunscreen-GelSoothing-Gel-120ml.webp?v=1754299237,منتج جل واقي من الشمس + جل مهدئ إنفينيتي 120 مل من AlFouad Pharmacies. التصنيف المرجعي: العناية بالبشرة — بسيط. الوسوم المرجعية: Skin Care، Skin Concerns، Sun Care، Sun Gel، Sunscreen.,https://alfouadpharmacies.com/en/products/infinity-sunscreen-gelsoothing-gel-120ml,AlFouad Pharmacies,Verify usage rights before commercial publication,غير مثبت,غير مثبت,مرجعي فقط — غير معتمد للنشر التجاري,بيانات مرجعية متاحة؛ يلزم تحقق PM,ضمن الفحص المبدئي
10569719021871,infinity-moisturizing-cream-120ml,كريم الترطيب إنفينيتي 120 مل,AlFouad Pharmacies,العناية بالبشرة,العناية بالبشرة,1,بسيط,,130,39,91,,غير متاح لدى المصدر,https://cdn.shopify.com/s/files/1/0935/9550/0847/files/Infinity-Moisturizing-Cream-120ml.webp?v=1754299238,منتج كريم الترطيب إنفينيتي 120 مل من AlFouad Pharmacies. التصنيف المرجعي: العناية بالبشرة — بسيط. الوسوم المرجعية: Creams، Moisturizers، Skin Care.,https://alfouadpharmacies.com/en/products/infinity-moisturizing-cream-120ml,AlFouad Pharmacies,Verify usage rights before commercial publication,غير مثبت,غير مثبت,مرجعي فقط — غير معتمد للنشر التجاري,بيانات مرجعية متاحة؛ يلزم تحقق PM,ضمن الفحص المبدئي
10569718956335,infinity-naturals-glowing-gel-face-mask-200gm,قناع الوجه الهلامي المضيء من إنفينيتي ناتشورالز 200 جرام,AlFouad Pharmacies,العناية بالبشرة,العناية بالبشرة,1,بسيط,13225,250,75,175,,غير متاح لدى المصدر,https://cdn.shopify.com/s/files/1/0935/9550/0847/files/Infinity-Naturals-Glowing-Gel-Face-Mask-200gm.webp?v=1754299239,منتج قناع الوجه الهلامي المضيء من إنفينيتي ناتشورالز 200 جرام من AlFouad Pharmacies. التصنيف المرجعي: العناية بالبشرة — بسيط. الوسوم المرجعية: Face Mask، Skin Care، Treatments.,https://alfouadpharmacies.com/en/products/infinity-naturals-glowing-gel-face-mask-200gm,AlFouad Pharmacies,Verify usage rights before commercial publication,غير مثبت,غير مثبت,مرجعي فقط — غير معتمد للنشر التجاري,بيانات مرجعية متاحة؛ يلزم تحقق PM,ضمن الفحص المبدئي
10569718923567,infinity-eye-contour-serum-40ml,مصل تحديد محيط العين إنفينيتي 40 مل,AlFouad Pharmacies,العناية بالبشرة,العناية بالبشرة,1,بسيط,6257,250,75,175,,غير متاح لدى المصدر,https://cdn.shopify.com/s/files/1/0935/9550/0847/files/Infinity-Eye-Contour-Serum-40ml.webp?v=1754299239,منتج مصل تحديد محيط العين إنفينيتي 40 مل من AlFouad Pharmacies. التصنيف المرجعي: العناية بالبشرة — بسيط. الوسوم المرجعية: Eye & Lip، Eye Care، Eye Contour Serum، Skin Care.,https://alfouadpharmacies.com/en/products/infinity-eye-contour-serum-40ml,AlFouad Pharmacies,Verify usage rights before commercial publication,غير مثبت,غير مثبت,مرجعي فقط — غير معتمد للنشر التجاري,بيانات مرجعية متاحة؛ يلزم تحقق PM,ضمن الفحص المبدئي
10569718890799,infinity-anti-aging-day-serum-40ml,مصل إنفينيتي المضاد للشيخوخة النهاري 40 مل,AlFouad Pharmacies,العناية بالبشرة,العناية بالبشرة,1,بسيط,102961,250,75,175,,غير متاح لدى المصدر,https://cdn.shopify.com/s/files/1/0935/9550/0847/files/Infinity-Anti-Aging-Day-Serum-40ml.webp?v=1754299239,منتج مصل إنفينيتي المضاد للشيخوخة النهاري 40 مل من AlFouad Pharmacies. التصنيف المرجعي: العناية بالبشرة — بسيط. الوسوم المرجعية: Serums، Skin Care، Treatments.,https://alfouadpharmacies.com/en/products/infinity-anti-aging-day-serum-40ml,AlFouad Pharmacies,Verify usage rights before commercial publication,غير مثبت,غير مثبت,مرجعي فقط — غير معتمد للنشر التجاري,بيانات مرجعية متاحة؛ يلزم تحقق PM,ضمن الفحص المبدئي
10569718825263,eva-sun-sea-face-sunscreen-cream-spf50-40ml,كريم واقي من الشمس للوجه إيفا صن آند سي SPF50+ 40 مل,AlFouad Pharmacies,العناية بالبشرة,العناية بالبشرة,1,بسيط,110988,130,39,91,,غير متاح لدى المصدر,https://cdn.shopify.com/s/files/1/0935/9550/0847/files/Eva-Sun-Sea-Face-Sunscreen-Cream-SPF50-40ml.webp?v=1754299240,منتج كريم واقي من الشمس للوجه إيفا صن آند سي SPF50+ 40 مل من AlFouad Pharmacies. التصنيف المرجعي: العناية بالبشرة — بسيط. الوسوم المرجعية: Skin Care، Skin Concerns، SPF 50، Sun Care، Sunscreen، Sunscreen Cream.,https://alfouadpharmacies.com/en/products/eva-sun-sea-face-sunscreen-cream-spf50-40ml,AlFouad Pharmacies,Verify usage rights before commercial publication,غير مثبت,غير مثبت,مرجعي فقط — غير معتمد للنشر التجاري,بيانات مرجعية متاحة؛ يلزم تحقق PM,ضمن الفحص المبدئي
10569718792495,dermatique-refine-shine-control-miosturizer-50ml,مرطب ديرماتيك ريفاين للتحكم في اللمعان 50 مل,AlFouad Pharmacies,العناية بالبشرة,العناية بالبشرة,1,بسيط,,260,78,182,,غير متاح لدى المصدر,https://cdn.shopify.com/s/files/1/0935/9550/0847/files/Dermatique-Refine-Shine-Control-Miosturizer-50ml-2.webp?v=1754299241,منتج مرطب ديرماتيك ريفاين للتحكم في اللمعان 50 مل من AlFouad Pharmacies. التصنيف المرجعي: العناية بالبشرة — بسيط. الوسوم المرجعية: Moisturizer Gel، Moisturizers، Skin Care.,https://alfouadpharmacies.com/en/products/dermatique-refine-shine-control-miosturizer-50ml,AlFouad Pharmacies,Verify usage rights before commercial publication,غير مثبت,غير مثبت,مرجعي فقط — غير معتمد للنشر التجاري,بيانات مرجعية متاحة؛ يلزم تحقق PM,ضمن الفحص المبدئي
10569718726959,infinity-vitamin-c-serum-40ml,مصل فيتامين سي إنفينيتي 40 مل,AlFouad Pharmacies,العناية بالبشرة,العناية بالبشرة,1,بسيط,,275,82.5,192.5,,غير متاح لدى المصدر,https://cdn.shopify.com/s/files/1/0935/9550/0847/files/Infinity-Vitamin-C-Serum-40ml.webp?v=1754299242,منتج مصل فيتامين سي إنفينيتي 40 مل من AlFouad Pharmacies. التصنيف المرجعي: العناية بالبشرة — بسيط. الوسوم المرجعية: Serums، Skin Care، Treatments.,https://alfouadpharmacies.com/en/products/infinity-vitamin-c-serum-40ml,AlFouad Pharmacies,Verify usage rights before commercial publication,غير مثبت,غير مثبت,مرجعي فقط — غير معتمد للنشر التجاري,بيانات مرجعية متاحة؛ يلزم تحقق PM,ضمن الفحص المبدئي
10569718694191,infinity-whitening-cream-60ml,كريم إنفينيتي لتفتيح البشرة 60 مل,AlFouad Pharmacies,العناية بالبشرة,العناية بالبشرة,1,بسيط,105316,130,39,91,,غير متاح لدى المصدر,https://cdn.shopify.com/s/files/1/0935/9550/0847/files/Infinity-Whitening-Cream-60ml.webp?v=1754299243,منتج كريم إنفينيتي لتفتيح البشرة 60 مل من AlFouad Pharmacies. التصنيف المرجعي: العناية بالبشرة — بسيط. الوسوم المرجعية: Moisturizers، Skin Care، Whitining Cream.,https://alfouadpharmacies.com/en/products/infinity-whitening-cream-60ml,AlFouad Pharmacies,Verify usage rights before commercial publication,غير مثبت,غير مثبت,مرجعي فقط — غير معتمد للنشر التجاري,بيانات مرجعية متاحة؛ يلزم تحقق PM,ضمن الفحص المبدئي
10569718628655,infinity-hyalu-collagen-cream-50ml,كريم إنفينيتي هايلو كولاجين 50 مل,AlFouad Pharmacies,العناية بالبشرة,العناية بالبشرة,1,بسيط,,325,97.5,227.5,,غير متاح لدى المصدر,https://cdn.shopify.com/s/files/1/0935/9550/0847/files/Infinity-Hyalu-Collagen-Cream-50ml.webp?v=1754299244,منتج كريم إنفينيتي هايلو كولاجين 50 مل من AlFouad Pharmacies. التصنيف المرجعي: العناية بالبشرة — بسيط. الوسوم المرجعية: Anti-aging Cream، Moisturizers، Skin Care.,https://alfouadpharmacies.com/en/products/infinity-hyalu-collagen-cream-50ml,AlFouad Pharmacies,Verify usage rights before commercial publication,غير مثبت,غير مثبت,مرجعي فقط — غير معتمد للنشر التجاري,بيانات مرجعية متاحة؛ يلزم تحقق PM,ضمن الفحص المبدئي
10569718595887,infinity-soothing-moisturizing-gel-spf45-120ml,جل إنفينيتي المرطب والمهدئ (SPF45) 120 مل,AlFouad Pharmacies,العناية بالبشرة,العناية بالبشرة,1,بسيط,,165,49.5,115.5,,غير متاح لدى المصدر,https://cdn.shopify.com/s/files/1/0935/9550/0847/files/Infinity-Soothing-Moisturizing-Gel-SPF45-120ml.webp?v=1754299244,منتج جل إنفينيتي المرطب والمهدئ (SPF45) 120 مل من AlFouad Pharmacies. التصنيف المرجعي: العناية بالبشرة — بسيط. الوسوم المرجعية: Day Cream، Moisturizers، Skin Care.,https://alfouadpharmacies.com/en/products/infinity-soothing-moisturizing-gel-spf45-120ml,AlFouad Pharmacies,Verify usage rights before commercial publication,غير مثبت,غير مثبت,مرجعي فقط — غير معتمد للنشر التجاري,بيانات مرجعية متاحة؛ يلزم تحقق PM,ضمن الفحص المبدئي
10569718399279,eva-skin-cream-55gm-yogh-cucumber,كريم إيفا للبشرة 55 جم (زبادي وخيار),AlFouad Pharmacies,العناية بالبشرة,العناية بالبشرة,1,بسيط,96722,30,9,21,,متاح لدى المصدر,https://cdn.shopify.com/s/files/1/0935/9550/0847/files/Eva-Skin-Cream-55gm-Yogh-Cucumber.webp?v=1754299245,منتج كريم إيفا للبشرة 55 جم (زبادي وخيار) من AlFouad Pharmacies. التصنيف المرجعي: العناية بالبشرة — بسيط. الوسوم المرجعية: Moisturizer Cream، Moisturizers، Skin Care.,https://alfouadpharmacies.com/en/products/eva-skin-cream-55gm-yogh-cucumber,AlFouad Pharmacies,Verify usage rights before commercial publication,غير مثبت,غير مثبت,مرجعي فقط — غير معتمد للنشر التجاري,بيانات مرجعية متاحة؛ يلزم تحقق PM,ضمن الفحص المبدئي
10569717973295,infinity-intense-spot-cream-30ml,كريم إنفينيتي المكثف للعناية بالبقع 30 مل,AlFouad Pharmacies,العناية بالبشرة,العناية بالبشرة,1,بسيط,,175,52.5,122.5,,غير متاح لدى المصدر,https://cdn.shopify.com/s/files/1/0935/9550/0847/files/Infinity-Intense-Spot-Cream-30ml.webp?v=1754299246,منتج كريم إنفينيتي المكثف للعناية بالبقع 30 مل من AlFouad Pharmacies. التصنيف المرجعي: العناية بالبشرة — بسيط. الوسوم المرجعية: Moisturizer Cream، Moisturizers، Skin Care.,https://alfouadpharmacies.com/en/products/infinity-intense-spot-cream-30ml,AlFouad Pharmacies,Verify usage rights before commercial publication,غير مثبت,غير مثبت,مرجعي فقط — غير معتمد للنشر التجاري,بيانات مرجعية متاحة؛ يلزم تحقق PM,ضمن الفحص المبدئي
10569717612847,eva-skin-clinc-white-pearl-scrub-100ml,مقشر اللؤلؤ الأبيض من إيفا سكين كلينك 100 مل,AlFouad Pharmacies,العناية بالبشرة,العناية بالبشرة,1,بسيط,1719,125,37.5,87.5,,غير متاح لدى المصدر,https://cdn.shopify.com/s/files/1/0935/9550/0847/files/Eva-Skin-Clinc-White-Pearl-Scrub-100ml.webp?v=1754299247,منتج مقشر اللؤلؤ الأبيض من إيفا سكين كلينك 100 مل من AlFouad Pharmacies. التصنيف المرجعي: العناية بالبشرة — بسيط. الوسوم المرجعية: Cleanser، Face Scrub، Skin Care.,https://alfouadpharmacies.com/en/products/eva-skin-clinc-white-pearl-scrub-100ml,AlFouad Pharmacies,Verify usage rights before commercial publication,غير مثبت,غير مثبت,مرجعي فقط — غير معتمد للنشر التجاري,بيانات مرجعية متاحة؛ يلزم تحقق PM,ضمن الفحص المبدئي
10569717514543,infinity-naturals-lip-balm-cocoa-butter-30gm,بلسم شفاه إنفينيتي ناتشورالز زبدة الكاكاو 30 جم,AlFouad Pharmacies,العناية بالبشرة,العناية بالبشرة,1,بسيط,,110,33,77,,غير متاح لدى المصدر,https://cdn.shopify.com/s/files/1/0935/9550/0847/files/Infinity-Naturals-Lip-Balm-Cocoa-Butter-30gm.webp?v=1754299248,منتج بلسم شفاه إنفينيتي ناتشورالز زبدة الكاكاو 30 جم من AlFouad Pharmacies. التصنيف المرجعي: العناية بالبشرة — بسيط. الوسوم المرجعية: Eye & Lip، Lip، Lip Balm، Skin Care.,https://alfouadpharmacies.com/en/products/infinity-naturals-lip-balm-cocoa-butter-30gm,AlFouad Pharmacies,Verify usage rights before commercial publication,غير مثبت,غير مثبت,مرجعي فقط — غير معتمد للنشر التجاري,بيانات مرجعية متاحة؛ يلزم تحقق PM,ضمن الفحص المبدئي
10569717481775,infinity-naturals-chamomile-cleansing-gel-200ml,جل تنظيف البابونج من إنفينيتي ناتشورالز 200 مل,AlFouad Pharmacies,العناية بالبشرة,العناية بالبشرة,1,بسيط,,230,69,161,,غير متاح لدى المصدر,https://cdn.shopify.com/s/files/1/0935/9550/0847/files/Infinity-Naturals-Chamomile-Cleansing-Gel-200ml.webp?v=1754299248,منتج جل تنظيف البابونج من إنفينيتي ناتشورالز 200 مل من AlFouad Pharmacies. التصنيف المرجعي: العناية بالبشرة — بسيط. الوسوم المرجعية: Cleanser، Face Wash، Skin Care.,https://alfouadpharmacies.com/en/products/infinity-naturals-chamomile-cleansing-gel-200ml,AlFouad Pharmacies,Verify usage rights before commercial publication,غير مثبت,غير مثبت,مرجعي فقط — غير معتمد للنشر التجاري,بيانات مرجعية متاحة؛ يلزم تحقق PM,ضمن الفحص المبدئي
10569717449007,dermatique-essential-vitamin-c-cleansing-gel-200,جل تنظيف ديرماتيك إيسينشال (فيتامين سي) 200 مل,AlFouad Pharmacies,العناية بالبشرة,العناية بالبشرة,1,بسيط,7361,300,90,210,,متاح لدى المصدر,https://cdn.shopify.com/s/files/1/0935/9550/0847/files/Dermatique-Essential-Vitamin-C-Cleansing-Gel-200.webp?v=1754299249,منتج جل تنظيف ديرماتيك إيسينشال (فيتامين سي) 200 مل من AlFouad Pharmacies. التصنيف المرجعي: العناية بالبشرة — بسيط. الوسوم المرجعية: Cleanser، Face Wash، Skin Care.,https://alfouadpharmacies.com/en/products/dermatique-essential-vitamin-c-cleansing-gel-200,AlFouad Pharmacies,Verify usage rights before commercial publication,غير مثبت,غير مثبت,مرجعي فقط — غير معتمد للنشر التجاري,بيانات مرجعية متاحة؛ يلزم تحقق PM,ضمن الفحص المبدئي
10569717416239,raw-african-daily-face-wash-200ml,غسول الوجه اليومي من Raw African، 200 مل,RAW AFRICAN,العناية بالبشرة,العناية بالبشرة,1,بسيط,107134,200,60,140,,غير متاح لدى المصدر,https://cdn.shopify.com/s/files/1/0935/9550/0847/files/Raw-African-Daily-Face-Wash-200ml.webp?v=1754299249,منتج غسول الوجه اليومي من Raw African، 200 مل من RAW AFRICAN. التصنيف المرجعي: العناية بالبشرة — بسيط. الوسوم المرجعية: Cleanser، Face Wash، Skin Care.,https://alfouadpharmacies.com/en/products/raw-african-daily-face-wash-200ml,AlFouad Pharmacies,Verify usage rights before commercial publication,غير مثبت,غير مثبت,مرجعي فقط — غير معتمد للنشر التجاري,بيانات مرجعية متاحة؛ يلزم تحقق PM,ضمن الفحص المبدئي
10569717383471,eva-sun-sea-tanning-oil-spf15-200ml,زيت إيفا للشمس والبحر لتسمير البشرة، عامل حماية من الشمس 15، 200 مل,AlFouad Pharmacies,العناية بالبشرة,العناية بالبشرة,1,بسيط,12374,200,60,140,,غير متاح لدى المصدر,https://cdn.shopify.com/s/files/1/0935/9550/0847/files/Eva-Sun-Sea-Tanning-Oil-SPF15-200ml.webp?v=1754299250,منتج زيت إيفا للشمس والبحر لتسمير البشرة، عامل حماية من الشمس 15، 200 مل من AlFouad Pharmacies. التصنيف المرجعي: العناية بالبشرة — بسيط. الوسوم المرجعية: Skin Care، Skin Concerns، Sun Care، Sun Tan، Sunscreen.,https://alfouadpharmacies.com/en/products/eva-sun-sea-tanning-oil-spf15-200ml,AlFouad Pharmacies,Verify usage rights before commercial publication,غير مثبت,غير مثبت,مرجعي فقط — غير معتمد للنشر التجاري,بيانات مرجعية متاحة؛ يلزم تحقق PM,ضمن الفحص المبدئي
10569717350703,eva-skin-clinc-white-pearl-night-cream-50ml,كريم إيفا سكين كلينك وايت بيرل الليلي 50 مل,AlFouad Pharmacies,العناية بالبشرة,العناية بالبشرة,1,بسيط,22654,190,57,133,,غير متاح لدى المصدر,https://cdn.shopify.com/s/files/1/0935/9550/0847/files/Eva-Skin-Clinc-White-Pearl-Night-Cream-50ml.webp?v=1754299251,منتج كريم إيفا سكين كلينك وايت بيرل الليلي 50 مل من AlFouad Pharmacies. التصنيف المرجعي: العناية بالبشرة — بسيط. الوسوم المرجعية: Moisturizers، Night Creams، Skin Care.,https://alfouadpharmacies.com/en/products/eva-skin-clinc-white-pearl-night-cream-50ml,AlFouad Pharmacies,Verify usage rights before commercial publication,غير مثبت,غير مثبت,مرجعي فقط — غير معتمد للنشر التجاري,بيانات مرجعية متاحة؛ يلزم تحقق PM,ضمن الفحص المبدئي
10569716859183,eva-sun-sea-sunscreen-50spf-200ml,واقي شمس إيفا صن آند سي 50+ SPF 200 مل,AlFouad Pharmacies,العناية بالبشرة,العناية بالبشرة,1,بسيط,83588,300,90,210,,غير متاح لدى المصدر,https://cdn.shopify.com/s/files/1/0935/9550/0847/files/Eva-Sun-Sea-Sunscreen-50SPF-200ml.webp?v=1754299259,منتج واقي شمس إيفا صن آند سي 50+ SPF 200 مل من AlFouad Pharmacies. التصنيف المرجعي: العناية بالبشرة — بسيط. الوسوم المرجعية: Skin Care، Skin Concerns، Sun Care، Sunscreen، Sunscreen Cream.,https://alfouadpharmacies.com/en/products/eva-sun-sea-sunscreen-50spf-200ml,AlFouad Pharmacies,Verify usage rights before commercial publication,غير مثبت,غير مثبت,مرجعي فقط — غير معتمد للنشر التجاري,بيانات مرجعية متاحة؛ يلزم تحقق PM,ضمن الفحص المبدئي
10569716760879,cleo-purifying-cleansing-gel-150ml,جل تنظيف كليهو المنقي 150 مل,AlFouad Pharmacies,العناية بالبشرة,العناية بالبشرة,1,بسيط,,260,78,182,,غير متاح لدى المصدر,https://cdn.shopify.com/s/files/1/0935/9550/0847/files/Cleo-Purifying-Cleansing-Gel-150ml.webp?v=1754299261,منتج جل تنظيف كليهو المنقي 150 مل من AlFouad Pharmacies. التصنيف المرجعي: العناية بالبشرة — بسيط. الوسوم المرجعية: Cleanser، Face Wash، Skin Care.,https://alfouadpharmacies.com/en/products/cleo-purifying-cleansing-gel-150ml,AlFouad Pharmacies,Verify usage rights before commercial publication,غير مثبت,غير مثبت,مرجعي فقط — غير معتمد للنشر التجاري,بيانات مرجعية متاحة؛ يلزم تحقق PM,ضمن الفحص المبدئي
10569716629807,dermatique-essentialvitamin-c-10-serum-40ml,مصل ديرماتيك إيسينشال (فيتامين سي 10) 40 مل,AlFouad Pharmacies,العناية بالبشرة,العناية بالبشرة,1,بسيط,,480,144,336,,غير متاح لدى المصدر,https://cdn.shopify.com/s/files/1/0935/9550/0847/files/Dermatique-Essentialvitamin-C-10-Serum-40ml.webp?v=1754299263,منتج مصل ديرماتيك إيسينشال (فيتامين سي 10) 40 مل من AlFouad Pharmacies. التصنيف المرجعي: العناية بالبشرة — بسيط. الوسوم المرجعية: Serums، Skin Care، Treatments.,https://alfouadpharmacies.com/en/products/dermatique-essentialvitamin-c-10-serum-40ml,AlFouad Pharmacies,Verify usage rights before commercial publication,غير مثبت,غير مثبت,مرجعي فقط — غير معتمد للنشر التجاري,بيانات مرجعية متاحة؛ يلزم تحقق PM,ضمن الفحص المبدئي
10569716498735,eva-bb-collagen-cream-25spf-light-50ml,كريم إيفا بي بي الكولاجين 25SPF (فاتح) 50 مل,AlFouad Pharmacies,العناية بالبشرة,العناية بالبشرة,1,بسيط,106204,270,81,189,,غير متاح لدى المصدر,https://cdn.shopify.com/s/files/1/0935/9550/0847/files/Eva-BB-Collagen-Cream-25SPF-Light-50ml.webp?v=1754299264,منتج كريم إيفا بي بي الكولاجين 25SPF (فاتح) 50 مل من AlFouad Pharmacies. التصنيف المرجعي: العناية بالبشرة — بسيط. الوسوم المرجعية: Day Cream، Moisturizers، Skin Care.,https://alfouadpharmacies.com/en/products/eva-bb-collagen-cream-25spf-light-50ml,AlFouad Pharmacies,Verify usage rights before commercial publication,غير مثبت,غير مثبت,مرجعي فقط — غير معتمد للنشر التجاري,بيانات مرجعية متاحة؛ يلزم تحقق PM,ضمن الفحص المبدئي
10569716433199,raw-african-miracle-face-serum-30gm,مصل الوجه الخام الأفريقي المعجزة 30 جرام,RAW AFRICAN,العناية بالبشرة,العناية بالبشرة,1,بسيط,25353,268,80.4,187.6,,غير متاح لدى المصدر,https://cdn.shopify.com/s/files/1/0935/9550/0847/files/Raw-African-Miracle-Face-Serum-30gm.webp?v=1754299266,منتج مصل الوجه الخام الأفريقي المعجزة 30 جرام من RAW AFRICAN. التصنيف المرجعي: العناية بالبشرة — بسيط. الوسوم المرجعية: Serums، Skin Care، Treatments.,https://alfouadpharmacies.com/en/products/raw-african-miracle-face-serum-30gm,AlFouad Pharmacies,Verify usage rights before commercial publication,غير مثبت,غير مثبت,مرجعي فقط — غير معتمد للنشر التجاري,بيانات مرجعية متاحة؛ يلزم تحقق PM,ضمن الفحص المبدئي
10569716203823,eva-collagen-3d-express-cream-instant-line-40ml,كريم إيفا كولاجين 3D إكسبريس لتنعيم التجاعيد الفوري 40 مل,AlFouad Pharmacies,العناية بالبشرة,العناية بالبشرة,1,بسيط,105561,250,75,175,,غير متاح لدى المصدر,https://cdn.shopify.com/s/files/1/0935/9550/0847/files/Eva-Collagen-3D-Express-Cream-Instant-Line-40ml.webp?v=1754299269,منتج كريم إيفا كولاجين 3D إكسبريس لتنعيم التجاعيد الفوري 40 مل من AlFouad Pharmacies. التصنيف المرجعي: العناية بالبشرة — بسيط. الوسوم المرجعية: Anti-aging Cream، Moisturizers، Skin Care.,https://alfouadpharmacies.com/en/products/eva-collagen-3d-express-cream-instant-line-40ml,AlFouad Pharmacies,Verify usage rights before commercial publication,غير مثبت,غير مثبت,مرجعي فقط — غير معتمد للنشر التجاري,بيانات مرجعية متاحة؛ يلزم تحقق PM,ضمن الفحص المبدئي
10569715319087,dermatique-gold-24k-caviar-serum-30ml,مصل الكافيار الذهبي 24 قيراط من ديرماتيك، 30 مل,AlFouad Pharmacies,العناية بالبشرة,العناية بالبشرة,1,بسيط,1532,580,174,406,,متاح لدى المصدر,https://cdn.shopify.com/s/files/1/0935/9550/0847/files/Dermatique-Gold-24K-Caviar-Serum-30ml.webp?v=1754299288,منتج مصل الكافيار الذهبي 24 قيراط من ديرماتيك، 30 مل من AlFouad Pharmacies. التصنيف المرجعي: العناية بالبشرة — بسيط. الوسوم المرجعية: Serums، Skin Care، Treatments.,https://alfouadpharmacies.com/en/products/dermatique-gold-24k-caviar-serum-30ml,AlFouad Pharmacies,Verify usage rights before commercial publication,غير مثبت,غير مثبت,مرجعي فقط — غير معتمد للنشر التجاري,بيانات مرجعية متاحة؛ يلزم تحقق PM,ضمن الفحص المبدئي
10569714958639,cleo-sun-gel-cream-50spf-50ml-dry-touch,جل كريم كليو للشمس +50 SPF 50 مللمتر لمسة جافة,AlFouad Pharmacies,العناية بالبشرة,العناية بالبشرة,1,بسيط,,400,120,280,,غير متاح لدى المصدر,https://cdn.shopify.com/s/files/1/0935/9550/0847/files/Cleo-Sun-Gel-Cream-50SPF-50ML-Dry-Touch.webp?v=1754299295,منتج جل كريم كليو للشمس +50 SPF 50 مللمتر لمسة جافة من AlFouad Pharmacies. التصنيف المرجعي: العناية بالبشرة — بسيط. الوسوم المرجعية: Skin Care، Skin Concerns، Sun Care، Sun Gel، Sunscreen.,https://alfouadpharmacies.com/en/products/cleo-sun-gel-cream-50spf-50ml-dry-touch,AlFouad Pharmacies,Verify usage rights before commercial publication,غير مثبت,غير مثبت,مرجعي فقط — غير معتمد للنشر التجاري,بيانات مرجعية متاحة؛ يلزم تحقق PM,ضمن الفحص المبدئي
10569714893103,dermatique-sensitive-micellar-water-4-in-1-150ml,ماء ميسيلار ديرماتيك للبشرة الحساسة 4 في 1، 150 مل,AlFouad Pharmacies,العناية بالبشرة,العناية بالبشرة,1,بسيط,,300,90,210,,غير متاح لدى المصدر,https://cdn.shopify.com/s/files/1/0935/9550/0847/files/Dermatique-Sensitive-Micellar-Water-4-in-1-150ml.webp?v=1754299296,منتج ماء ميسيلار ديرماتيك للبشرة الحساسة 4 في 1، 150 مل من AlFouad Pharmacies. التصنيف المرجعي: العناية بالبشرة — بسيط. الوسوم المرجعية: Cleanser، Makeup Removers، Pores، Skin Care، Skin Concerns.,https://alfouadpharmacies.com/en/products/dermatique-sensitive-micellar-water-4-in-1-150ml,AlFouad Pharmacies,Verify usage rights before commercial publication,غير مثبت,غير مثبت,مرجعي فقط — غير معتمد للنشر التجاري,بيانات مرجعية متاحة؛ يلزم تحقق PM,ضمن الفحص المبدئي
10569714696495,infinity-akren-foaming-cleanser-250ml,منظف رغوي آكيرين إنفينيتي 250 مل,AlFouad Pharmacies,العناية بالبشرة,العناية بالبشرة,1,بسيط,,130,39,91,,غير متاح لدى المصدر,https://cdn.shopify.com/s/files/1/0935/9550/0847/files/Infinity-Akren-Foaming-Cleanser-250ml.webp?v=1754299300,منتج منظف رغوي آكيرين إنفينيتي 250 مل من AlFouad Pharmacies. التصنيف المرجعي: العناية بالبشرة — بسيط. الوسوم المرجعية: Cleanser، Face Wash، Skin Care.,https://alfouadpharmacies.com/en/products/infinity-akren-foaming-cleanser-250ml,AlFouad Pharmacies,Verify usage rights before commercial publication,غير مثبت,غير مثبت,مرجعي فقط — غير معتمد للنشر التجاري,بيانات مرجعية متاحة؛ يلزم تحقق PM,ضمن الفحص المبدئي
10569714630959,alejon-acne-cream-50ml,كريم أليجون لحب الشباب 50 مل,ALEJON,العناية بالبشرة,العناية بالبشرة,1,بسيط,28155,200,60,140,,غير متاح لدى المصدر,https://cdn.shopify.com/s/files/1/0935/9550/0847/files/Alejon-Acne-Cream-50ml.webp?v=1754299301,منتج كريم أليجون لحب الشباب 50 مل من ALEJON. التصنيف المرجعي: العناية بالبشرة — بسيط. الوسوم المرجعية: Acne & Blemishes، Skin Care، Skin Concerns، Treatment Cream، Treatments.,https://alfouadpharmacies.com/en/products/alejon-acne-cream-50ml,AlFouad Pharmacies,Verify usage rights before commercial publication,غير مثبت,غير مثبت,مرجعي فقط — غير معتمد للنشر التجاري,بيانات مرجعية متاحة؛ يلزم تحقق PM,ضمن الفحص المبدئي
10569714204975,argento-profit-sunscreen-lotion-spf50-100ml-11-off,لوشن واقي من الشمس أرجينتو بروفيت SPF50+ 100 مل، عرض 1+1,AlFouad Pharmacies,العناية بالبشرة,العناية بالبشرة,1,بسيط,5101,545,163.5,381.5,,متاح لدى المصدر,https://cdn.shopify.com/s/files/1/0935/9550/0847/files/Argento-Profit-Sunscreen-Lotion-SPF50-100ml-11-Off.webp?v=1754299309,منتج لوشن واقي من الشمس أرجينتو بروفيت SPF50+ 100 مل، عرض 1+1 من AlFouad Pharmacies. التصنيف المرجعي: العناية بالبشرة — بسيط. الوسوم المرجعية: Skin Care، Skin Concerns، Skincare Offers، Sun Care، Sunscreen، Sunscreen Lotion.,https://alfouadpharmacies.com/en/products/argento-profit-sunscreen-lotion-spf50-100ml-11-off,AlFouad Pharmacies,Verify usage rights before commercial publication,غير مثبت,غير مثبت,مرجعي فقط — غير معتمد للنشر التجاري,بيانات مرجعية متاحة؛ يلزم تحقق PM,ضمن الفحص المبدئي
10569714139439,starville-eye-contour-white-cleanser-off,ملمس العين ومزيل المكياج من ستارفيل,parkville,العناية بالبشرة,العناية بالبشرة,1,بسيط,96790,235,70.5,164.5,,غير متاح لدى المصدر,https://cdn.shopify.com/s/files/1/0935/9550/0847/files/Starville-Eye-Contour-White-Cleanser-off.webp?v=1754299311,منتج ملمس العين ومزيل المكياج من ستارفيل من parkville. التصنيف المرجعي: العناية بالبشرة — بسيط. الوسوم المرجعية: Face Offers، Skin Care، starville.,https://alfouadpharmacies.com/en/products/starville-eye-contour-white-cleanser-off,AlFouad Pharmacies,Verify usage rights before commercial publication,غير مثبت,غير مثبت,مرجعي فقط — غير معتمد للنشر التجاري,بيانات مرجعية متاحة؛ يلزم تحقق PM,ضمن الفحص المبدئي
10569714106671,starville-facial-cleanser-gel-200ml-off,جل منظف للوجه من ستارفيل 200 مل  (خصم),parkville,العناية بالبشرة,العناية بالبشرة,1,بسيط,98904,157.5,47.25,110.25,,غير متاح لدى المصدر,https://cdn.shopify.com/s/files/1/0935/9550/0847/files/Starville-Facial-Cleanser-Gel-200ml-off.webp?v=1754299312,منتج جل منظف للوجه من ستارفيل 200 مل  (خصم) من parkville. التصنيف المرجعي: العناية بالبشرة — بسيط. الوسوم المرجعية: Cleanser، Face Wash، Skin Care، starville.,https://alfouadpharmacies.com/en/products/starville-facial-cleanser-gel-200ml-off,AlFouad Pharmacies,Verify usage rights before commercial publication,غير مثبت,غير مثبت,مرجعي فقط — غير معتمد للنشر التجاري,بيانات مرجعية متاحة؛ يلزم تحقق PM,ضمن الفحص المبدئي
10569714073903,infinity-naturals-castor-hair-skin-oil-50ml,زيت الخروع للشعر والبشرة من إنفينيتي ناتشورالز 50 مل,AlFouad Pharmacies,العناية بالبشرة,العناية بالبشرة,1,بسيط,13174,125,37.5,87.5,,غير متاح لدى المصدر,https://cdn.shopify.com/s/files/1/0935/9550/0847/files/Infinity-Naturals-Castor-Hair-Skin-Oil-50ml.webp?v=1754299313,منتج زيت الخروع للشعر والبشرة من إنفينيتي ناتشورالز 50 مل من AlFouad Pharmacies. التصنيف المرجعي: العناية بالبشرة — بسيط. الوسوم المرجعية: Face Oil، Moisturizers، Skin Care.,https://alfouadpharmacies.com/en/products/infinity-naturals-castor-hair-skin-oil-50ml,AlFouad Pharmacies,Verify usage rights before commercial publication,غير مثبت,غير مثبت,مرجعي فقط — غير معتمد للنشر التجاري,بيانات مرجعية متاحة؛ يلزم تحقق PM,ضمن الفحص المبدئي
10569714041135,infinity-anti-aging-night-serum-40ml,مصل إنفينيتي المضاد للشيخوخة الليلي 40 مل,AlFouad Pharmacies,العناية بالبشرة,العناية بالبشرة,1,بسيط,21819,250,75,175,,غير متاح لدى المصدر,https://cdn.shopify.com/s/files/1/0935/9550/0847/files/Infinity-Anti-Aging-Night-Serum-40ml.webp?v=1754299314,منتج مصل إنفينيتي المضاد للشيخوخة الليلي 40 مل من AlFouad Pharmacies. التصنيف المرجعي: العناية بالبشرة — بسيط. الوسوم المرجعية: Anti-Aging، Serums، Skin Care، Skin Concerns، Treatments.,https://alfouadpharmacies.com/en/products/infinity-anti-aging-night-serum-40ml,AlFouad Pharmacies,Verify usage rights before commercial publication,غير مثبت,غير مثبت,مرجعي فقط — غير معتمد للنشر التجاري,بيانات مرجعية متاحة؛ يلزم تحقق PM,ضمن الفحص المبدئي
10569713877295,infinity-purifying-cleansing-gel-200ml,جل تنظيف إينفينيتي المنقي 200 مل,AlFouad Pharmacies,العناية بالبشرة,العناية بالبشرة,1,بسيط,,180,54,126,,غير متاح لدى المصدر,https://cdn.shopify.com/s/files/1/0935/9550/0847/files/Infinity-Purifying-Cleansing-Gel-200mll.webp?v=1754299316,منتج جل تنظيف إينفينيتي المنقي 200 مل من AlFouad Pharmacies. التصنيف المرجعي: العناية بالبشرة — بسيط. الوسوم المرجعية: Cleanser، Face Wash، Skin Care.,https://alfouadpharmacies.com/en/products/infinity-purifying-cleansing-gel-200ml,AlFouad Pharmacies,Verify usage rights before commercial publication,غير مثبت,غير مثبت,مرجعي فقط — غير معتمد للنشر التجاري,بيانات مرجعية متاحة؛ يلزم تحقق PM,ضمن الفحص المبدئي
10569713844527,infinity-naturals-jojoba-hair-skin-nails-oil-125ml,زيت جوجوبا للشعر والبشرة والأظافر من إنفينيتي ناتشورالز 125 مل,AlFouad Pharmacies,العناية بالبشرة,العناية بالبشرة,1,بسيط,,275,82.5,192.5,,غير متاح لدى المصدر,https://cdn.shopify.com/s/files/1/0935/9550/0847/files/Infinity-Naturals-Jojoba-Hair-Skin-Nails-Oil-125ml.webp?v=1754299317,منتج زيت جوجوبا للشعر والبشرة والأظافر من إنفينيتي ناتشورالز 125 مل من AlFouad Pharmacies. التصنيف المرجعي: العناية بالبشرة — بسيط. الوسوم المرجعية: Face Oil، Moisturizers، Skin Care.,https://alfouadpharmacies.com/en/products/infinity-naturals-jojoba-hair-skin-nails-oil-125ml,AlFouad Pharmacies,Verify usage rights before commercial publication,غير مثبت,غير مثبت,مرجعي فقط — غير معتمد للنشر التجاري,بيانات مرجعية متاحة؛ يلزم تحقق PM,ضمن الفحص المبدئي
10569713811759,infinity-naturals-alo-vera-gel-250ml,جل الصبار من إنفينيتي ناتشورالز 250 مل,AlFouad Pharmacies,العناية بالبشرة,العناية بالبشرة,1,بسيط,,125,37.5,87.5,,غير متاح لدى المصدر,https://cdn.shopify.com/s/files/1/0935/9550/0847/files/Infinity-Naturals-Alo-Vera-Gel-250ml.webp?v=1754299318,منتج جل الصبار من إنفينيتي ناتشورالز 250 مل من AlFouad Pharmacies. التصنيف المرجعي: العناية بالبشرة — بسيط. الوسوم المرجعية: Moisturizer Gel، Moisturizers، Skin Care.,https://alfouadpharmacies.com/en/products/infinity-naturals-alo-vera-gel-250ml,AlFouad Pharmacies,Verify usage rights before commercial publication,غير مثبت,غير مثبت,مرجعي فقط — غير معتمد للنشر التجاري,بيانات مرجعية متاحة؛ يلزم تحقق PM,ضمن الفحص المبدئي
10569713778991,infinity-naturals-detoxifying-cleansing-gel-200ml,جل تنظيف الجسم المنقية من إنفينيتي ناتشورالز 200 مل,AlFouad Pharmacies,العناية بالبشرة,العناية بالبشرة,1,بسيط,,230,69,161,,غير متاح لدى المصدر,https://cdn.shopify.com/s/files/1/0935/9550/0847/files/Infinity-Naturals-Detoxifying-Cleansing-Gel-200ml.webp?v=1754299318,منتج جل تنظيف الجسم المنقية من إنفينيتي ناتشورالز 200 مل من AlFouad Pharmacies. التصنيف المرجعي: العناية بالبشرة — بسيط. الوسوم المرجعية: Cleanser، Face Wash، Skin Care.,https://alfouadpharmacies.com/en/products/infinity-naturals-detoxifying-cleansing-gel-200ml,AlFouad Pharmacies,Verify usage rights before commercial publication,غير مثبت,غير مثبت,مرجعي فقط — غير معتمد للنشر التجاري,بيانات مرجعية متاحة؛ يلزم تحقق PM,ضمن الفحص المبدئي
