معرّف المنتج في المصدر,Handle المرجعي,اسم المنتج,العلامة التجارية,التصنيف الأساسي المرجعي,التصنيفات التي يظهر بها المنتج,عدد مرات الظهور عبر التصنيفات,نوع المنتج المرجعي,كود المورد/المصدر (ليس SKU لـ PM),سعر الجمهور المرجعي (ج.م),قيمة خصم 30% المرجعية (ج.م),سعر الجملة المرجعي بعد الخصم (ج.م),سعر المقارنة في المصدر (ج.م),التوفر لدى المصدر المرجعي فقط,رابط الصورة المرجعي,الوصف المرجعي,رابط المنتج المرجعي,المصدر,حقوق استخدام الصورة,دليل مخزون PM,دليل تكلفة PM,حالة النشر التجاري,مراجعة البيانات,مراجعة النطاق
10569806020911,super-kids-baby-hair-cream-200ml,كريم شعر الأطفال سوبر كيدز 200 مل,Super kids,العناية بالأطفال,العناية بالأطفال,1,بسيط,4825,145,43.5,101.5,,متاح لدى المصدر,https://cdn.shopify.com/s/files/1/0935/9550/0847/files/Super-Kids-Baby-Hair-Cream-200ml.webp?v=1754298760,منتج كريم شعر الأطفال سوبر كيدز 200 مل من Super kids. التصنيف المرجعي: العناية بالأطفال — بسيط. الوسوم المرجعية: Anti-Frizz، Dry & Damage Hair، Kids Care، Kids Concerns، Kids Hair، Kids Hair Cream، super kids.,https://alfouadpharmacies.com/en/products/super-kids-baby-hair-cream-200ml,AlFouad Pharmacies,Verify usage rights before commercial publication,غير مثبت,غير مثبت,مرجعي فقط — غير معتمد للنشر التجاري,بيانات مرجعية متاحة؛ يلزم تحقق PM,ضمن الفحص المبدئي
10569806119215,super-kids-shamp-conditioner-bath-3-in-1-strawberry-500ml,شامبو، بلسم، وحمام للأطفال سوبر كيدز 3 في 1 (مشمش) 500 مل,Super kids,العناية بالأطفال,العناية بالأطفال,1,بسيط,82755,230,69,161,,متاح لدى المصدر,https://cdn.shopify.com/s/files/1/0935/9550/0847/files/Super-Kids-Shamp-Conditioner-Bath-3-in-1-Strawberry-500ml.webp?v=1754298758,منتج شامبو، بلسم، وحمام للأطفال سوبر كيدز 3 في 1 (مشمش) 500 مل من Super kids. التصنيف المرجعي: العناية بالأطفال — بسيط. الوسوم المرجعية: Kids Care، Kids Conditioner، Kids Hair، Kids Shampoo، Kids Shower، super kids.,https://alfouadpharmacies.com/en/products/super-kids-shamp-conditioner-bath-3-in-1-strawberry-500ml,AlFouad Pharmacies,Verify usage rights before commercial publication,غير مثبت,غير مثبت,مرجعي فقط — غير معتمد للنشر التجاري,بيانات مرجعية متاحة؛ يلزم تحقق PM,ضمن الفحص المبدئي
10569802875183,mustela-skin-freshener-200-ml,منشط البشرة من موستيلا 200 مل,Mustela,العناية بالأطفال,العناية بالأطفال,1,بسيط,13993,615,184.5,430.5,,متاح لدى المصدر,https://cdn.shopify.com/s/files/1/0935/9550/0847/files/Mustela-Skin-Freshener-200-ml.webp?v=1754298785,منتج منشط البشرة من موستيلا 200 مل من Mustela. التصنيف المرجعي: العناية بالأطفال — بسيط. الوسوم المرجعية: Baby Care، Kids Care، Kids Concerns، Kids Deodorant.,https://alfouadpharmacies.com/en/products/mustela-skin-freshener-200-ml,AlFouad Pharmacies,Verify usage rights before commercial publication,غير مثبت,غير مثبت,مرجعي فقط — غير معتمد للنشر التجاري,بيانات مرجعية متاحة؛ يلزم تحقق PM,ضمن الفحص المبدئي
10569802383663,mustela-dermo-cleansing-gel-derm-500ml,جل التنظيف المهدئ من موستيلا ديرم 500 مل,Mustela,العناية بالأطفال,العناية بالأطفال,1,بسيط,88434,1199,359.7,839.3,,متاح لدى المصدر,https://cdn.shopify.com/s/files/1/0935/9550/0847/files/Mustela-Dermo-Cleansing-Gel-Derm-500ML.webp?v=1754298789,منتج جل التنظيف المهدئ من موستيلا ديرم 500 مل من Mustela. التصنيف المرجعي: العناية بالأطفال — بسيط. الوسوم المرجعية: Baby Care، Kids Care، Kids Concerns، Kids Hair، Kids Shampoo، Kids Shower.,https://alfouadpharmacies.com/en/products/mustela-dermo-cleansing-gel-derm-500ml,AlFouad Pharmacies,Verify usage rights before commercial publication,غير مثبت,غير مثبت,مرجعي فقط — غير معتمد للنشر التجاري,بيانات مرجعية متاحة؛ يلزم تحقق PM,ضمن الفحص المبدئي
10569744711983,la-roche-anthelios-baby-lotion-spf50-50ml,لوشن لاروش بوزاي أنتيليوس للأطفال، حماية من الشمس بدرجة 50+، 50 مل,La Roch Possay,العناية بالأطفال,العناية بالبشرة | العناية بالأطفال,2,واقي شمس للاطفال ,12624,1200,360,840,,متاح لدى المصدر,https://cdn.shopify.com/s/files/1/0935/9550/0847/files/Group_1_19.webp?v=1781936083,منتج لوشن لاروش بوزاي أنتيليوس للأطفال، حماية من الشمس بدرجة 50+، 50 مل من La Roch Possay. التصنيف المرجعي: العناية بالأطفال — واقي شمس للاطفال . الوسوم المرجعية: Baby Sunscreen، Kids Care، Kids Concerns، Skin Care، SPF 50، Sun Care، Sunscreen.,https://alfouadpharmacies.com/en/products/la-roche-anthelios-baby-lotion-spf50-50ml,AlFouad Pharmacies,Verify usage rights before commercial publication,غير مثبت,غير مثبت,مرجعي فقط — غير معتمد للنشر التجاري,بيانات مرجعية متاحة؛ يلزم تحقق PM,ضمن الفحص المبدئي
10569802547503,mustela-hydra-bebe-body-lotion-300-ml,لوشن الجسم موستيلا هيدرا بيبي 300 مل,Mustela,العناية بالأطفال,العناية بالأطفال,1,بسيط,91536,1029,308.7,720.3,,متاح لدى المصدر,https://cdn.shopify.com/s/files/1/0935/9550/0847/files/Mustela-Hydra-Bebe-Body-Lotion-300-ml.webp?v=1754298788,منتج لوشن الجسم موستيلا هيدرا بيبي 300 مل من Mustela. التصنيف المرجعي: العناية بالأطفال — بسيط. الوسوم المرجعية: Baby Care، Kids Care، Kids Concerns، Kids Dry Skin، Kids Moisturizer.,https://alfouadpharmacies.com/en/products/mustela-hydra-bebe-body-lotion-300-ml,AlFouad Pharmacies,Verify usage rights before commercial publication,غير مثبت,غير مثبت,مرجعي فقط — غير معتمد للنشر التجاري,بيانات مرجعية متاحة؛ يلزم تحقق PM,ضمن الفحص المبدئي
10569895477551,jampj-baby-soft-lotion-200ml,لوشن جونسون للأطفال 200 مل,J&J,العناية بالأطفال,العناية بالأطفال,1,بسيط,86997,155,46.5,108.5,,متاح لدى المصدر,https://cdn.shopify.com/s/files/1/0935/9550/0847/files/JJ-Baby-Soft-Lotion-200ML.webp?v=1754298202,منتج لوشن جونسون للأطفال 200 مل من J&J. التصنيف المرجعي: العناية بالأطفال — بسيط. الوسوم المرجعية: Baby Care، Kids Care، Kids Concerns، Kids Moisturizer.,https://alfouadpharmacies.com/en/products/jampj-baby-soft-lotion-200ml,AlFouad Pharmacies,Verify usage rights before commercial publication,غير مثبت,غير مثبت,مرجعي فقط — غير معتمد للنشر التجاري,بيانات مرجعية متاحة؛ يلزم تحقق PM,ضمن الفحص المبدئي
10569805791535,لوشن-سبراي-واقٍ-من-الشمس-للأطفال-والرضع-من-عمر-6-أشهر,لوشن سبراي واقٍ من الشمس للأطفال والرضع من عمر 6 أشهر,parkville,العناية بالأطفال,العناية بالأطفال,1,واقي شمس ,106768,310,93,217,,متاح لدى المصدر,https://cdn.shopify.com/s/files/1/0935/9550/0847/files/super_kids_sunscreen_lotion_front_03_1615x1615_1e3eb68e-faa2-4f3c-b8d3-ad6b07e9488e.webp?v=1787044639,منتج لوشن سبراي واقٍ من الشمس للأطفال والرضع من عمر 6 أشهر من parkville. التصنيف المرجعي: العناية بالأطفال — واقي شمس . الوسوم المرجعية: Baby Care، Baby Sunscreen، Kids Care، Kids Concerns، Sun Care، Sunscreen، super kids.,https://alfouadpharmacies.com/en/products/لوشن-سبراي-واقٍ-من-الشمس-للأطفال-والرضع-من-عمر-6-أشهر,AlFouad Pharmacies,Verify usage rights before commercial publication,غير مثبت,غير مثبت,مرجعي فقط — غير معتمد للنشر التجاري,بيانات مرجعية متاحة؛ يلزم تحقق PM,ضمن الفحص المبدئي
10569802219823,mustela-2-in-1-hair-and-body-wash-200-ml,مستحضرات استحمام الشعر والجسم 2 في 1 من موستيلا 200 مل,Mustela,العناية بالأطفال,العناية بالأطفال,1,بسيط,13992,639,191.7,447.3,,متاح لدى المصدر,https://cdn.shopify.com/s/files/1/0935/9550/0847/files/Mustela-2-in-1-Hair-and-Body-Wash-200-ml.webp?v=1754298792,منتج مستحضرات استحمام الشعر والجسم 2 في 1 من موستيلا 200 مل من Mustela. التصنيف المرجعي: العناية بالأطفال — بسيط. الوسوم المرجعية: Baby Care، Kids Care، Kids Concerns، Kids Hair، Kids Shampoo، Kids Shower.,https://alfouadpharmacies.com/en/products/mustela-2-in-1-hair-and-body-wash-200-ml,AlFouad Pharmacies,Verify usage rights before commercial publication,غير مثبت,غير مثبت,مرجعي فقط — غير معتمد للنشر التجاري,بيانات مرجعية متاحة؛ يلزم تحقق PM,ضمن الفحص المبدئي
10569802285359,mustela-baby-shampoo-200-ml,شامبو موستيلا للأطفال 200 مل,Mustela,العناية بالأطفال,العناية بالأطفال,1,بسيط,13771,609,182.7,426.3,,متاح لدى المصدر,https://cdn.shopify.com/s/files/1/0935/9550/0847/files/Mustela-Baby-Shampoo-200-ml.webp?v=1754298791,منتج شامبو موستيلا للأطفال 200 مل من Mustela. التصنيف المرجعي: العناية بالأطفال — بسيط. الوسوم المرجعية: Baby Care، Kids Care، Kids Concerns، Kids Hair، Kids Shampoo.,https://alfouadpharmacies.com/en/products/mustela-baby-shampoo-200-ml,AlFouad Pharmacies,Verify usage rights before commercial publication,غير مثبت,غير مثبت,مرجعي فقط — غير معتمد للنشر التجاري,بيانات مرجعية متاحة؛ يلزم تحقق PM,ضمن الفحص المبدئي
10569806512431,super-kids-hair-mask-300ml,قناع شعر سوبر كيدز 300 مل,Super kids,العناية بالأطفال,العناية بالأطفال,1,بسيط,5800,150,45,105,,متاح لدى المصدر,https://cdn.shopify.com/s/files/1/0935/9550/0847/files/Super-Kids-Hair-Mask-300ml.webp?v=1754298755,منتج قناع شعر سوبر كيدز 300 مل من Super kids. التصنيف المرجعي: العناية بالأطفال — بسيط. الوسوم المرجعية: Kids Care، Kids Hair، Kids Hair Mask، super kids.,https://alfouadpharmacies.com/en/products/super-kids-hair-mask-300ml,AlFouad Pharmacies,Verify usage rights before commercial publication,غير مثبت,غير مثبت,مرجعي فقط — غير معتمد للنشر التجاري,بيانات مرجعية متاحة؛ يلزم تحقق PM,ضمن الفحص المبدئي
10569802481967,mustela-foam-shampoo-newborn-150-ml,شامبو موسيتلا الرغوي للرضع 150 مل,Mustela,العناية بالأطفال,العناية بالأطفال,1,بسيط,13614,915,274.5,640.5,,متاح لدى المصدر,https://cdn.shopify.com/s/files/1/0935/9550/0847/files/Mustela-Foam-Shampoo-Newborn-150-ml.webp?v=1754298789,منتج شامبو موسيتلا الرغوي للرضع 150 مل من Mustela. التصنيف المرجعي: العناية بالأطفال — بسيط. الوسوم المرجعية: Baby Care، Dandruff، Kids Care، Kids Concerns، Kids Hair، Kids Shampoo.,https://alfouadpharmacies.com/en/products/mustela-foam-shampoo-newborn-150-ml,AlFouad Pharmacies,Verify usage rights before commercial publication,غير مثبت,غير مثبت,مرجعي فقط — غير معتمد للنشر التجاري,بيانات مرجعية متاحة؛ يلزم تحقق PM,ضمن الفحص المبدئي
12689513152815,sanosan-baby-body-lotion-200-ml,لوشن للجسم للأطفال من سانوسان 200 مل,Sanosan,العناية بالأطفال,العناية بالأطفال,1,Body Lotion,83406,339.9,101.97,237.93,,متاح لدى المصدر,https://cdn.shopify.com/s/files/1/0935/9550/0847/files/Gemini_Generated_Image_400byk400byk400b.webp?v=1789633639,منتج لوشن للجسم للأطفال من سانوسان 200 مل من Sanosan. التصنيف المرجعي: العناية بالأطفال — Body Lotion. الوسوم المرجعية: Baby Care، Kids Care، Kids Dry Skin.,https://alfouadpharmacies.com/en/products/sanosan-baby-body-lotion-200-ml,AlFouad Pharmacies,Verify usage rights before commercial publication,غير مثبت,غير مثبت,مرجعي فقط — غير معتمد للنشر التجاري,بيانات مرجعية متاحة؛ يلزم تحقق PM,ضمن الفحص المبدئي
10569896362287,jampj-vita-rich-blotion-yogurt-honeyampoats-250ml,لوشن جيه آند جيه فيتا ريتش بي. لوشن بالزبادي والعسل والشوفان 250 مل,J&J,العناية بالأطفال,العناية بالجسم | العناية بالأطفال,2,بسيط,6947,75,22.5,52.5,,غير متاح لدى المصدر,https://cdn.shopify.com/s/files/1/0935/9550/0847/files/JJ-Vita-Rich-B.LOTION-Yogurt-HoneyOats-250ML.webp?v=1754298186,منتج لوشن جيه آند جيه فيتا ريتش بي. لوشن بالزبادي والعسل والشوفان 250 مل من J&J. التصنيف المرجعي: العناية بالأطفال — بسيط. الوسوم المرجعية: Body Care، Body Concerns، Body Lotion، Dry Skin body concerns، Kids Care، Kids Hair.,https://alfouadpharmacies.com/en/products/jampj-vita-rich-blotion-yogurt-honeyampoats-250ml,AlFouad Pharmacies,Verify usage rights before commercial publication,غير مثبت,غير مثبت,مرجعي فقط — غير معتمد للنشر التجاري,بيانات مرجعية متاحة؛ يلزم تحقق PM,ضمن الفحص المبدئي
10569802350895,mustela-cradle-cap-cream-40ml,كريم موستيلا لعلاج قشرة الرأس 40 مل,Mustela,العناية بالأطفال,العناية بالأطفال,1,بسيط,94698,669,200.7,468.3,,متاح لدى المصدر,https://cdn.shopify.com/s/files/1/0935/9550/0847/files/Mustela-Cradle-Cap-Cream-40ML.webp?v=1754298790,منتج كريم موستيلا لعلاج قشرة الرأس 40 مل من Mustela. التصنيف المرجعي: العناية بالأطفال — بسيط. الوسوم المرجعية: Dandruff، Kids Care، Kids Concerns، Kids Hair، Kids Hair Cream.,https://alfouadpharmacies.com/en/products/mustela-cradle-cap-cream-40ml,AlFouad Pharmacies,Verify usage rights before commercial publication,غير مثبت,غير مثبت,مرجعي فقط — غير معتمد للنشر التجاري,بيانات مرجعية متاحة؛ يلزم تحقق PM,ضمن الفحص المبدئي
12689691279663,jampj-baby-oil-200ml-normal,زيت جونسون للأطفال 200 مل عادي,J&J,العناية بالأطفال,العناية بالأطفال,1,بسيط,1734,130,39,91,,متاح لدى المصدر,https://cdn.shopify.com/s/files/1/0935/9550/0847/files/Johnsons_Baby_Oil_591ml_1615x1615_dbba0b27-b668-41d1-b498-4ab2fe01be36.webp?v=1771845827,منتج زيت جونسون للأطفال 200 مل عادي من J&J. التصنيف المرجعي: العناية بالأطفال — بسيط. الوسوم المرجعية: Baby Care، Kids Care، Kids Concerns، Kids Hair، Kids Hair Oil.,https://alfouadpharmacies.com/en/products/jampj-baby-oil-200ml-normal,AlFouad Pharmacies,Verify usage rights before commercial publication,غير مثبت,غير مثبت,مرجعي فقط — غير معتمد للنشر التجاري,بيانات مرجعية متاحة؛ يلزم تحقق PM,ضمن الفحص المبدئي
10569927524655,vaseline-petroleum-jelly-250ml-baby,فازلين جل بترولي 250 مل للأطفال,Vaseline,العناية بالأطفال,العناية بالأطفال,1,بسيط,20015,228,68.4,159.6,,متاح لدى المصدر,https://cdn.shopify.com/s/files/1/0935/9550/0847/files/Vaseline-Petroleum-Jelly-250ML-Baby.webp?v=1754297809,منتج فازلين جل بترولي 250 مل للأطفال من Vaseline. التصنيف المرجعي: العناية بالأطفال — بسيط. الوسوم المرجعية: Kids Care، Kids Concerns، Kids Dry Skin.,https://alfouadpharmacies.com/en/products/vaseline-petroleum-jelly-250ml-baby,AlFouad Pharmacies,Verify usage rights before commercial publication,غير مثبت,غير مثبت,مرجعي فقط — غير معتمد للنشر التجاري,بيانات مرجعية متاحة؛ يلزم تحقق PM,ضمن الفحص المبدئي
10569807331631,super-kids-deodorant-roll-on-30ml-lollipop-scent,مزيل عرق رول أون للأطفال سوبر كيدز 30 مل برائحة الحلوى,Super kids,العناية بالأطفال,العناية بالأطفال,1,بسيط,21641,110,33,77,,متاح لدى المصدر,https://cdn.shopify.com/s/files/1/0935/9550/0847/files/Super-Kids-Deodorant-Roll-On-30ml-Lollipop-Scent.webp?v=1754298749,منتج مزيل عرق رول أون للأطفال سوبر كيدز 30 مل برائحة الحلوى من Super kids. التصنيف المرجعي: العناية بالأطفال — بسيط. الوسوم المرجعية: Kids Care، Kids Deodorant، super kids.,https://alfouadpharmacies.com/en/products/super-kids-deodorant-roll-on-30ml-lollipop-scent,AlFouad Pharmacies,Verify usage rights before commercial publication,غير مثبت,غير مثبت,مرجعي فقط — غير معتمد للنشر التجاري,بيانات مرجعية متاحة؛ يلزم تحقق PM,ضمن الفحص المبدئي
10569807266095,super-kids-curly-hair-gel-250ml,جل شعر مجعد للأطفال سوبر كيدز 250 مل,Super kids,العناية بالأطفال,العناية بالأطفال,1,بسيط,8918,160,48,112,,متاح لدى المصدر,https://cdn.shopify.com/s/files/1/0935/9550/0847/files/Super-Kids-Curly-Hair-Gel-250ml.webp?v=1754298749,منتج جل شعر مجعد للأطفال سوبر كيدز 250 مل من Super kids. التصنيف المرجعي: العناية بالأطفال — بسيط. الوسوم المرجعية: Anti-Frizz، Curly Gel، Curly Hair، Kids Care، Kids Concerns، super kids.,https://alfouadpharmacies.com/en/products/super-kids-curly-hair-gel-250ml,AlFouad Pharmacies,Verify usage rights before commercial publication,غير مثبت,غير مثبت,مرجعي فقط — غير معتمد للنشر التجاري,بيانات مرجعية متاحة؛ يلزم تحقق PM,ضمن الفحص المبدئي
10569798484271,penduline-kids-shea-hair-cream-150ml,كريم شعر شيا من بيندولين للأطفال 150 مل,Penduline,العناية بالأطفال,العناية بالأطفال,1,بسيط,83297,165,49.5,115.5,,غير متاح لدى المصدر,https://cdn.shopify.com/s/files/1/0935/9550/0847/files/Penduline-Kids-Shea-Hair-Cream-150ml.webp?v=1754298814,منتج كريم شعر شيا من بيندولين للأطفال 150 مل من Penduline. التصنيف المرجعي: العناية بالأطفال — بسيط. الوسوم المرجعية: Anti-Frizz، Curly Hair، Curly Hair Cream، Dry & Damage Hair، Kids Care، Kids Concerns.,https://alfouadpharmacies.com/en/products/penduline-kids-shea-hair-cream-150ml,AlFouad Pharmacies,Verify usage rights before commercial publication,غير مثبت,غير مثبت,مرجعي فقط — غير معتمد للنشر التجاري,بيانات مرجعية متاحة؛ يلزم تحقق PM,ضمن الفحص المبدئي
10569806446895,شامبو-وبلسم-سوبر-كيدز-2-في-1-للأطفال-برائحة-التوت-الأزرق-500-مل,شامبو وبلسم سوبر كيدز 2 في 1 للأطفال برائحة التوت الأزرق 500 مل,Super kids,العناية بالأطفال,العناية بالأطفال,1,شامبو وبلسم ,17829,220,66,154,,متاح لدى المصدر,https://cdn.shopify.com/s/files/1/0935/9550/0847/files/super_kids_2in1_shampoo_conditioner_blueberry_foam_1615x1615_d1f161c9-a6a5-498a-9a8f-46159ab2a3ca.webp?v=1787051089,منتج شامبو وبلسم سوبر كيدز 2 في 1 للأطفال برائحة التوت الأزرق 500 مل من Super kids. التصنيف المرجعي: العناية بالأطفال — شامبو وبلسم . الوسوم المرجعية: Kids Care، Kids Conditioner، Kids Hair، Kids Shampoo، super kids.,https://alfouadpharmacies.com/en/products/شامبو-وبلسم-سوبر-كيدز-2-في-1-للأطفال-برائحة-التوت-الأزرق-500-مل,AlFouad Pharmacies,Verify usage rights before commercial publication,غير مثبت,غير مثبت,مرجعي فقط — غير معتمد للنشر التجاري,بيانات مرجعية متاحة؛ يلزم تحقق PM,ضمن الفحص المبدئي
10569798582575,penduline-baby-bath-2-in1-300ml,حمام الأطفال بيندولين 2 في 1 سعة 300 مل,Penduline,العناية بالأطفال,العناية بالأطفال,1,بسيط,101207,219,65.7,153.3,,متاح لدى المصدر,https://cdn.shopify.com/s/files/1/0935/9550/0847/files/Penduline-Baby-Bath-2-in1-300ml.webp?v=1754298813,منتج حمام الأطفال بيندولين 2 في 1 سعة 300 مل من Penduline. التصنيف المرجعي: العناية بالأطفال — بسيط. الوسوم المرجعية: Baby Care، Kids Care، Kids Concerns، Kids Shower.,https://alfouadpharmacies.com/en/products/penduline-baby-bath-2-in1-300ml,AlFouad Pharmacies,Verify usage rights before commercial publication,غير مثبت,غير مثبت,مرجعي فقط — غير معتمد للنشر التجاري,بيانات مرجعية متاحة؛ يلزم تحقق PM,ضمن الفحص المبدئي
12689735221551,super-kids-leave-in-conditioner-250ml,بلسم سوبر كيدز للشعر بدون شطف 250 مل,Super kids,العناية بالأطفال,العناية بالأطفال,1,بسيط,109141,170,51,119,,متاح لدى المصدر,https://cdn.shopify.com/s/files/1/0935/9550/0847/files/SUPER_KIDS_LEAVE_IN_CONDITIONER_ECOM_PRO.webp?v=1771834122,منتج بلسم سوبر كيدز للشعر بدون شطف 250 مل من Super kids. التصنيف المرجعي: العناية بالأطفال — بسيط. الوسوم المرجعية: Anti-Frizz، Dry & Damage Hair، Kids Care، Kids Concerns، Kids Hair، Kids Leave-in Conditioner، super kids.,https://alfouadpharmacies.com/en/products/super-kids-leave-in-conditioner-250ml,AlFouad Pharmacies,Verify usage rights before commercial publication,غير مثبت,غير مثبت,مرجعي فقط — غير معتمد للنشر التجاري,بيانات مرجعية متاحة؛ يلزم تحقق PM,ضمن الفحص المبدئي
12689724408111,dermaelle-solaire-spf50-kids-faceampbody-lotion-200ml,لوشن ديرمال سولير للبشرة SPF50 للأطفال للوجه والجسم 200 مل,Dermaelle,العناية بالأطفال,العناية بالأطفال,1,واقي شمس ,31398,262.5,78.75,183.75,,متاح لدى المصدر,https://cdn.shopify.com/s/files/1/0935/9550/0847/files/1_-_2026-06-25T134736.793.webp?v=1782384503,منتج لوشن ديرمال سولير للبشرة SPF50 للأطفال للوجه والجسم 200 مل من Dermaelle. التصنيف المرجعي: العناية بالأطفال — واقي شمس . الوسوم المرجعية: Kids Care، Kids Concerns، Kids Sunscreen، Sun Care، Sunscreen.,https://alfouadpharmacies.com/en/products/dermaelle-solaire-spf50-kids-faceampbody-lotion-200ml,AlFouad Pharmacies,Verify usage rights before commercial publication,غير مثبت,غير مثبت,مرجعي فقط — غير معتمد للنشر التجاري,بيانات مرجعية متاحة؛ يلزم تحقق PM,ضمن الفحص المبدئي
10569806741807,super-kids-nutritive-spray-120ml,بخاخ سوبر كيدز المغذي 120 مل,Super kids,العناية بالأطفال,العناية بالأطفال,1,بسيط,15736,150,45,105,,متاح لدى المصدر,https://cdn.shopify.com/s/files/1/0935/9550/0847/files/Super-Kids-Nutritive-Spray-120ml.webp?v=1754298753,منتج بخاخ سوبر كيدز المغذي 120 مل من Super kids. التصنيف المرجعي: العناية بالأطفال — بسيط. الوسوم المرجعية: Hair Loss، Kids Care، Kids Concerns، Kids Hair، Kids Hair Spray، super kids.,https://alfouadpharmacies.com/en/products/super-kids-nutritive-spray-120ml,AlFouad Pharmacies,Verify usage rights before commercial publication,غير مثبت,غير مثبت,مرجعي فقط — غير معتمد للنشر التجاري,بيانات مرجعية متاحة؛ يلزم تحقق PM,ضمن الفحص المبدئي
10569807167791,super-kids-curly-shampoo-300ml,شامبو سوبر كيدز للذين يمتلكون شعر مجعد 300 مل,Super kids,العناية بالأطفال,العناية بالأطفال,1,بسيط,103889,180,54,126,,متاح لدى المصدر,https://cdn.shopify.com/s/files/1/0935/9550/0847/files/Super-Kids-Curly-Shampoo-300ml.webp?v=1754298750,منتج شامبو سوبر كيدز للذين يمتلكون شعر مجعد 300 مل من Super kids. التصنيف المرجعي: العناية بالأطفال — بسيط. الوسوم المرجعية: Anti-Frizz، Curly Hair، Curly Shmapoo، Kids Care، Kids Concerns، super kids.,https://alfouadpharmacies.com/en/products/super-kids-curly-shampoo-300ml,AlFouad Pharmacies,Verify usage rights before commercial publication,غير مثبت,غير مثبت,مرجعي فقط — غير معتمد للنشر التجاري,بيانات مرجعية متاحة؛ يلزم تحقق PM,ضمن الفحص المبدئي
10569798418735,penduline-kids-hair-cream-150ml,كريم شعر الأطفال بيندولين 150 مل,Penduline,العناية بالأطفال,العناية بالأطفال,1,بسيط,118040,179,53.7,125.3,,متاح لدى المصدر,https://cdn.shopify.com/s/files/1/0935/9550/0847/files/Penduline-Kids-Hair-Cream-150ml.webp?v=1754298814,منتج كريم شعر الأطفال بيندولين 150 مل من Penduline. التصنيف المرجعي: العناية بالأطفال — بسيط. الوسوم المرجعية: Dry & Damage Hair، Kids Care، Kids Concerns، Kids Hair، Kids Hair Cream.,https://alfouadpharmacies.com/en/products/penduline-kids-hair-cream-150ml,AlFouad Pharmacies,Verify usage rights before commercial publication,غير مثبت,غير مثبت,مرجعي فقط — غير معتمد للنشر التجاري,بيانات مرجعية متاحة؛ يلزم تحقق PM,ضمن الفحص المبدئي
12689691115823,jampj-baby-oil-75ml-normal,زيت جونسون للأطفال 75 مل عادي,J&J,العناية بالأطفال,العناية بالأطفال,1,بسيط,1732,70,21,49,,متاح لدى المصدر,https://cdn.shopify.com/s/files/1/0935/9550/0847/files/Johnsons_Baby_Oil_75ml_1615x1615_79452ab7-36d5-42cc-b199-311649131dc3.webp?v=1771846164,منتج زيت جونسون للأطفال 75 مل عادي من J&J. التصنيف المرجعي: العناية بالأطفال — بسيط. الوسوم المرجعية: Baby Care، Kids Care، Kids Concerns، Kids Hair، Kids Hair Oil.,https://alfouadpharmacies.com/en/products/jampj-baby-oil-75ml-normal,AlFouad Pharmacies,Verify usage rights before commercial publication,غير مثبت,غير مثبت,مرجعي فقط — غير معتمد للنشر التجاري,بيانات مرجعية متاحة؛ يلزم تحقق PM,ضمن الفحص المبدئي
10569894101295,jampj-baby-cologne-100ml-morning-dew,كولونيا جونسون آند جونسون للأطفال 100 مل، رائحة ندى الصباح,AlFouad Pharmacies,العناية بالأطفال,العناية بالأطفال,1,بسيط,1504,135,40.5,94.5,,غير متاح لدى المصدر,https://cdn.shopify.com/s/files/1/0935/9550/0847/files/JJ-Baby-Cologne-100-ml-Morning-Dew.webp?v=1754298220,منتج كولونيا جونسون آند جونسون للأطفال 100 مل، رائحة ندى الصباح من AlFouad Pharmacies. التصنيف المرجعي: العناية بالأطفال — بسيط. الوسوم المرجعية: Baby Care، Kids Care، Kids Concerns، Kids Deodorant.,https://alfouadpharmacies.com/en/products/jampj-baby-cologne-100ml-morning-dew,AlFouad Pharmacies,Verify usage rights before commercial publication,غير مثبت,غير مثبت,مرجعي فقط — غير معتمد للنشر التجاري,بيانات مرجعية متاحة؛ يلزم تحقق PM,ضمن الفحص المبدئي
10569806283055,super-kids-facial-foam-200ml,رغوة تنظيف الوجه للأطفال سوبر كيدز 200 مل,Super kids,العناية بالأطفال,العناية بالأطفال,1,بسيط,7371,150,45,105,,متاح لدى المصدر,https://cdn.shopify.com/s/files/1/0935/9550/0847/files/Super-Kids-Facial-Foam-200ml.webp?v=1754298757,منتج رغوة تنظيف الوجه للأطفال سوبر كيدز 200 مل من Super kids. التصنيف المرجعي: العناية بالأطفال — بسيط. الوسوم المرجعية: Kids Care، Kids Facial Foam، super kids.,https://alfouadpharmacies.com/en/products/super-kids-facial-foam-200ml,AlFouad Pharmacies,Verify usage rights before commercial publication,غير مثبت,غير مثبت,مرجعي فقط — غير معتمد للنشر التجاري,بيانات مرجعية متاحة؛ يلزم تحقق PM,ضمن الفحص المبدئي
10569797992751,penduline-kids-shampoo-450ml,شامبو الأطفال بيندولين 450 مل,Penduline,العناية بالأطفال,العناية بالأطفال,1,بسيط,8724,285,85.5,199.5,,متاح لدى المصدر,https://cdn.shopify.com/s/files/1/0935/9550/0847/files/Penduline-Kids-Shampoo-450ml.webp?v=1754298817,منتج شامبو الأطفال بيندولين 450 مل من Penduline. التصنيف المرجعي: العناية بالأطفال — بسيط. الوسوم المرجعية: Kids Care، Kids Hair، Kids Shampoo.,https://alfouadpharmacies.com/en/products/penduline-kids-shampoo-450ml,AlFouad Pharmacies,Verify usage rights before commercial publication,غير مثبت,غير مثبت,مرجعي فقط — غير معتمد للنشر التجاري,بيانات مرجعية متاحة؛ يلزم تحقق PM,ضمن الفحص المبدئي
10569744515375,avene-sun-kids-spray-200ml-spf-50-sensitive-skin,بخاخ أڤين للأطفال للحماية من الشمس 200 مل، عامل حماية من الشمس 50 (للبشرة الحساسة),Avene,العناية بالأطفال,العناية بالبشرة | العناية بالأطفال,2,بسيط,83642,1599,479.7,1119.3,,متاح لدى المصدر,https://cdn.shopify.com/s/files/1/0935/9550/0847/files/Avene_Sun_Kids_Spray.webp?v=1785740870,منتج بخاخ أڤين للأطفال للحماية من الشمس 200 مل، عامل حماية من الشمس 50 (للبشرة الحساسة) من Avene. التصنيف المرجعي: العناية بالأطفال — بسيط. الوسوم المرجعية: Kids Care، Kids Concerns، Kids Sunscreen، Skin Care، SPF 50، Sun Care، Sunscreen.,https://alfouadpharmacies.com/en/products/avene-sun-kids-spray-200ml-spf-50-sensitive-skin,AlFouad Pharmacies,Verify usage rights before commercial publication,غير مثبت,غير مثبت,مرجعي فقط — غير معتمد للنشر التجاري,بيانات مرجعية متاحة؛ يلزم تحقق PM,ضمن الفحص المبدئي
12689691214127,jampj-baby-oil-200ml-sleep-time,زيت جونسون للأطفال 200 مل وقت النوم,J&J,العناية بالأطفال,العناية بالأطفال,1,بسيط,86299,130,39,91,,متاح لدى المصدر,https://cdn.shopify.com/s/files/1/0935/9550/0847/files/Johnsons_Sleep_Time_Oil_200ml_1615x1615_04b5d867-ad97-4ea0-8e54-d5b681eb1cf4.webp?v=1771845976,منتج زيت جونسون للأطفال 200 مل وقت النوم من J&J. التصنيف المرجعي: العناية بالأطفال — بسيط. الوسوم المرجعية: Baby Care، Kids Care، Kids Concerns، Kids Hair، Kids Hair Oil.,https://alfouadpharmacies.com/en/products/jampj-baby-oil-200ml-sleep-time,AlFouad Pharmacies,Verify usage rights before commercial publication,غير مثبت,غير مثبت,مرجعي فقط — غير معتمد للنشر التجاري,بيانات مرجعية متاحة؛ يلزم تحقق PM,ضمن الفحص المبدئي
10569805398319,penduline-bi-panthenol-cream-75ml,كريم بيندولين بي بانثينول 75 مل,Penduline,العناية بالأطفال,العناية بالأطفال,1,بسيط,17568,120,36,84,,غير متاح لدى المصدر,https://cdn.shopify.com/s/files/1/0935/9550/0847/files/Penduline-Bi-Panthenol-Cream-75ml.webp?v=1754298763,منتج كريم بيندولين بي بانثينول 75 مل من Penduline. التصنيف المرجعي: العناية بالأطفال — بسيط. الوسوم المرجعية: Kids Care، Kids Concerns، Kids Dry Skin، Kids Moisturizer.,https://alfouadpharmacies.com/en/products/penduline-bi-panthenol-cream-75ml,AlFouad Pharmacies,Verify usage rights before commercial publication,غير مثبت,غير مثبت,مرجعي فقط — غير معتمد للنشر التجاري,بيانات مرجعية متاحة؛ يلزم تحقق PM,ضمن الفحص المبدئي
10569798779183,penduline-wavy-hair-cream-150ml,كريم تصفيف الشعر المجعد بيندولين 150 مل,Penduline,العناية بالأطفال,العناية بالأطفال,1,بسيط,21522,179,53.7,125.3,,غير متاح لدى المصدر,https://cdn.shopify.com/s/files/1/0935/9550/0847/files/Penduline-Wavy-Hair-Cream-150ml.webp?v=1754298812,منتج كريم تصفيف الشعر المجعد بيندولين 150 مل من Penduline. التصنيف المرجعي: العناية بالأطفال — بسيط. الوسوم المرجعية: Anti-Frizz، Kids Care، Kids Concerns، Kids Hair، Kids Hair Cream.,https://alfouadpharmacies.com/en/products/penduline-wavy-hair-cream-150ml,AlFouad Pharmacies,Verify usage rights before commercial publication,غير مثبت,غير مثبت,مرجعي فقط — غير معتمد للنشر التجاري,بيانات مرجعية متاحة؛ يلزم تحقق PM,ضمن الفحص المبدئي
10569802776879,mustela-nourishing-lotion-cc-200ml,لوشن موستيلا المغذي CC 200 مل,Mustela,العناية بالأطفال,العناية بالأطفال,1,بسيط,91168,865,259.5,605.5,,متاح لدى المصدر,https://cdn.shopify.com/s/files/1/0935/9550/0847/files/Mustela-Nourishing-Lotion-CC-200ML.webp?v=1754298787,منتج لوشن موستيلا المغذي CC 200 مل من Mustela. التصنيف المرجعي: العناية بالأطفال — بسيط. الوسوم المرجعية: Kids Care، Kids Concerns، Kids Dry Skin، Kids Moisturizer.,https://alfouadpharmacies.com/en/products/mustela-nourishing-lotion-cc-200ml,AlFouad Pharmacies,Verify usage rights before commercial publication,غير مثبت,غير مثبت,مرجعي فقط — غير معتمد للنشر التجاري,بيانات مرجعية متاحة؛ يلزم تحقق PM,ضمن الفحص المبدئي
10569931391279,eva-advanced-care-kids-curls-spray-185ml,بخاخ إيفا للعناية المتقدمة لتصفيف الشعر المجعد للأطفال 185 مل,AlFouad Pharmacies,العناية بالأطفال,العناية بالأطفال,1,بسيط,112409,125,37.5,87.5,,متاح لدى المصدر,https://cdn.shopify.com/s/files/1/0935/9550/0847/files/Eva-Advanced-Care-Kids-Curls-Spray-185ML.webp?v=1754297789,منتج بخاخ إيفا للعناية المتقدمة لتصفيف الشعر المجعد للأطفال 185 مل من AlFouad Pharmacies. التصنيف المرجعي: العناية بالأطفال — بسيط. الوسوم المرجعية: Anti-Frizz، Curly Hair، Curly Spray، Kids Care، Kids Concerns.,https://alfouadpharmacies.com/en/products/eva-advanced-care-kids-curls-spray-185ml,AlFouad Pharmacies,Verify usage rights before commercial publication,غير مثبت,غير مثبت,مرجعي فقط — غير معتمد للنشر التجاري,بيانات مرجعية متاحة؛ يلزم تحقق PM,ضمن الفحص المبدئي
10569930670383,divol-kids-hairshea-butter-shampoo-450ml,شامبو ديفول للشعر بزبدة الشيا للأطفال 450 مل,AlFouad Pharmacies,العناية بالأطفال,العناية بالأطفال,1,بسيط,112463,260,78,182,,متاح لدى المصدر,https://cdn.shopify.com/s/files/1/0935/9550/0847/files/Divol-Kids-Hairshea-Butter-Shampoo-450ML.webp?v=1754297791,منتج شامبو ديفول للشعر بزبدة الشيا للأطفال 450 مل من AlFouad Pharmacies. التصنيف المرجعي: العناية بالأطفال — بسيط. الوسوم المرجعية: Anti-Frizz، Dry & Damage Hair، Kids Care، Kids Concerns، Kids Hair، Kids Shampoo.,https://alfouadpharmacies.com/en/products/divol-kids-hairshea-butter-shampoo-450ml,AlFouad Pharmacies,Verify usage rights before commercial publication,غير مثبت,غير مثبت,مرجعي فقط — غير معتمد للنشر التجاري,بيانات مرجعية متاحة؛ يلزم تحقق PM,ضمن الفحص المبدئي
10569894854959,jampj-baby-oil-75ml-aloe-vera,زيت جونسون للأطفال 75 مل بخلاصة الصبار,J&J,العناية بالأطفال,العناية بالأطفال,1,بسيط,82588,70,21,49,,متاح لدى المصدر,https://cdn.shopify.com/s/files/1/0935/9550/0847/files/JJ-Baby-Oil-75-ml-Aloe-vera.webp?v=1754298212,منتج زيت جونسون للأطفال 75 مل بخلاصة الصبار من J&J. التصنيف المرجعي: العناية بالأطفال — بسيط. الوسوم المرجعية: Baby Care، Kids Care، Kids Concerns، Kids Hair، Kids Hair Oil.,https://alfouadpharmacies.com/en/products/jampj-baby-oil-75ml-aloe-vera,AlFouad Pharmacies,Verify usage rights before commercial publication,غير مثبت,غير مثبت,مرجعي فقط — غير معتمد للنشر التجاري,بيانات مرجعية متاحة؛ يلزم تحقق PM,ضمن الفحص المبدئي
10569800253743,penduline-baby-foam-shampoo-150ml,شامبو رغوي للأطفال من بيندولين 150 مل,Penduline,العناية بالأطفال,العناية بالأطفال,1,بسيط,98910,280,84,196,,متاح لدى المصدر,https://cdn.shopify.com/s/files/1/0935/9550/0847/files/Penduline-Baby-Foam-Shampoo-150ml.webp?v=1754298804,منتج شامبو رغوي للأطفال من بيندولين 150 مل من Penduline. التصنيف المرجعي: العناية بالأطفال — بسيط. الوسوم المرجعية: Baby Care، Kids Care، Kids Concerns، Kids Hair، Kids Shampoo.,https://alfouadpharmacies.com/en/products/penduline-baby-foam-shampoo-150ml,AlFouad Pharmacies,Verify usage rights before commercial publication,غير مثبت,غير مثبت,مرجعي فقط — غير معتمد للنشر التجاري,بيانات مرجعية متاحة؛ يلزم تحقق PM,ضمن الفحص المبدئي
10569797599535,eva-sun-sea-kids-sunscreen-lotion-spf50-200ml,لوشن واقي من الشمس للأطفال إيفا صن آند سي، درجة حماية 50+، 200 مل,AlFouad Pharmacies,العناية بالأطفال,العناية بالأطفال,1,بسيط,85462,300,90,210,,متاح لدى المصدر,https://cdn.shopify.com/s/files/1/0935/9550/0847/files/Eva-Sun-Sea-Kids-Sunscreen-Lotion-SPF50-200ml.webp?v=1754298820,منتج لوشن واقي من الشمس للأطفال إيفا صن آند سي، درجة حماية 50+، 200 مل من AlFouad Pharmacies. التصنيف المرجعي: العناية بالأطفال — بسيط. الوسوم المرجعية: Kids Care، Kids Concerns، Kids Sunscreen، Sun Care، Sunscreen.,https://alfouadpharmacies.com/en/products/eva-sun-sea-kids-sunscreen-lotion-spf50-200ml,AlFouad Pharmacies,Verify usage rights before commercial publication,غير مثبت,غير مثبت,مرجعي فقط — غير معتمد للنشر التجاري,بيانات مرجعية متاحة؛ يلزم تحقق PM,ضمن الفحص المبدئي
15473376723247,happiness-baby-dreams-hair-cream-150ml,HAPPINESS BABY DREAMS HAIR CREAM 150ML,HAPPINESS,العناية بالأطفال,العناية بالشعر | العناية بالأطفال,2,,25908,185,55.5,129.5,,متاح لدى المصدر,https://cdn.shopify.com/s/files/1/0935/9550/0847/files/Happiness_Hair_Cream_1615.webp?v=1789892210,منتج HAPPINESS BABY DREAMS HAIR CREAM 150ML من HAPPINESS. التصنيف المرجعي: العناية بالأطفال. الحجم المذكور: 150 ML. الوسوم المرجعية: Dry & Damadged Hair، Dry & Damage Hair، Hair Care، Hair Cream، Kids Hair Cream.,https://alfouadpharmacies.com/en/products/happiness-baby-dreams-hair-cream-150ml,AlFouad Pharmacies,Verify usage rights before commercial publication,غير مثبت,غير مثبت,مرجعي فقط — غير معتمد للنشر التجاري,بيانات مرجعية متاحة؛ يلزم تحقق PM,ضمن الفحص المبدئي
10569797042479,dermactive-baby-gentel-shampoo-250ml,شامبو ديرم اكتيف بيبي لطيف للأطفال 250 مل,DERMACTIVE,العناية بالأطفال,العناية بالأطفال,1,بسيط,14887,179,53.7,125.3,,متاح لدى المصدر,https://cdn.shopify.com/s/files/1/0935/9550/0847/files/Dermactive-Baby-Gentel-Shampoo-250ml.webp?v=1754298824,منتج شامبو ديرم اكتيف بيبي لطيف للأطفال 250 مل من DERMACTIVE. التصنيف المرجعي: العناية بالأطفال — بسيط. الوسوم المرجعية: Baby Care، Kids Care، Kids Concerns، Kids Hair، Kids Shampoo.,https://alfouadpharmacies.com/en/products/dermactive-baby-gentel-shampoo-250ml,AlFouad Pharmacies,Verify usage rights before commercial publication,غير مثبت,غير مثبت,مرجعي فقط — غير معتمد للنشر التجاري,بيانات مرجعية متاحة؛ يلزم تحقق PM,ضمن الفحص المبدئي
12689691083055,jampj-baby-oil-75ml-sleep-time,زيت جونسون للأطفال 75 مل وقت النوم,J&J,العناية بالأطفال,العناية بالأطفال,1,بسيط,91856,70,21,49,,متاح لدى المصدر,https://cdn.shopify.com/s/files/1/0935/9550/0847/files/Johnsons_Sleep_Time_Oil_75ml_1615x1615_c8e0f49f-0814-4c5d-90d5-11e09bbda580.webp?v=1771846370,منتج زيت جونسون للأطفال 75 مل وقت النوم من J&J. التصنيف المرجعي: العناية بالأطفال — بسيط. الوسوم المرجعية: Baby Care، Kids Care، Kids Concerns، Kids Hair، Kids Hair Oil.,https://alfouadpharmacies.com/en/products/jampj-baby-oil-75ml-sleep-time,AlFouad Pharmacies,Verify usage rights before commercial publication,غير مثبت,غير مثبت,مرجعي فقط — غير معتمد للنشر التجاري,بيانات مرجعية متاحة؛ يلزم تحقق PM,ضمن الفحص المبدئي
10569807462703,super-kids-curly-refreshing-spray-250ml,بخاخ لتجديد تجعيدات الشعر للأطفال من سوبر كيدز 250 مل,Super kids,العناية بالأطفال,العناية بالأطفال,1,بسيط,8943,140,42,98,,متاح لدى المصدر,https://cdn.shopify.com/s/files/1/0935/9550/0847/files/Super-Kids-Curly-Refreshing-Spray-250ml.webp?v=1754298748,منتج بخاخ لتجديد تجعيدات الشعر للأطفال من سوبر كيدز 250 مل من Super kids. التصنيف المرجعي: العناية بالأطفال — بسيط. الوسوم المرجعية: Anti-Frizz، Curly Hair، Curly Spray، Kids Care، Kids Concerns، super kids.,https://alfouadpharmacies.com/en/products/super-kids-curly-refreshing-spray-250ml,AlFouad Pharmacies,Verify usage rights before commercial publication,غير مثبت,غير مثبت,مرجعي فقط — غير معتمد للنشر التجاري,بيانات مرجعية متاحة؛ يلزم تحقق PM,ضمن الفحص المبدئي
10569806971183,super-kids-shampoo-sulfate-free-greenapple-300ml,شامبو سوبر كيدز الخالي من الكبريتات (تفاحة خضراء) 300 مل,Super kids,العناية بالأطفال,العناية بالأطفال,1,بسيط,95476,150,45,105,,متاح لدى المصدر,https://cdn.shopify.com/s/files/1/0935/9550/0847/files/Super-Kids-Shampoo-Sulfate-Free-Greenapple-300ml.webp?v=1754298752,منتج شامبو سوبر كيدز الخالي من الكبريتات (تفاحة خضراء) 300 مل من Super kids. التصنيف المرجعي: العناية بالأطفال — بسيط. الوسوم المرجعية: Kids Care، Kids Hair، Kids Shampoo، super kids.,https://alfouadpharmacies.com/en/products/super-kids-shampoo-sulfate-free-greenapple-300ml,AlFouad Pharmacies,Verify usage rights before commercial publication,غير مثبت,غير مثبت,مرجعي فقط — غير معتمد للنشر التجاري,بيانات مرجعية متاحة؛ يلزم تحقق PM,ضمن الفحص المبدئي
10569806872879,super-kids-detangling-spray-for-kids-120ml,بخاخ فك التشابك للأطفال من سوبر كيدز 120 مل,Super kids,العناية بالأطفال,العناية بالأطفال,1,بسيط,17696,150,45,105,,متاح لدى المصدر,https://cdn.shopify.com/s/files/1/0935/9550/0847/files/Super-Kids-Detangling-Spray-for-Kids-120ml.webp?v=1754298752,منتج بخاخ فك التشابك للأطفال من سوبر كيدز 120 مل من Super kids. التصنيف المرجعي: العناية بالأطفال — بسيط. الوسوم المرجعية: Curly Hair، Curly Spray، Kids Care، super kids.,https://alfouadpharmacies.com/en/products/super-kids-detangling-spray-for-kids-120ml,AlFouad Pharmacies,Verify usage rights before commercial publication,غير مثبت,غير مثبت,مرجعي فقط — غير معتمد للنشر التجاري,بيانات مرجعية متاحة؛ يلزم تحقق PM,ضمن الفحص المبدئي
10569806709039,super-kids-shampoo-sulfate-free-strawberry-300ml,شامبو سوبر كيدز الخالي من الكبريتات (الكرز) 300 مل,Super kids,العناية بالأطفال,العناية بالأطفال,1,بسيط,95478,150,45,105,,متاح لدى المصدر,https://cdn.shopify.com/s/files/1/0935/9550/0847/files/Super-Kids-Shampoo-Sulfate-Free-Strawberry-300ml.webp?v=1754298754,منتج شامبو سوبر كيدز الخالي من الكبريتات (الكرز) 300 مل من Super kids. التصنيف المرجعي: العناية بالأطفال — بسيط. الوسوم المرجعية: Kids Care، Kids Hair، Kids Shampoo، super kids.,https://alfouadpharmacies.com/en/products/super-kids-shampoo-sulfate-free-strawberry-300ml,AlFouad Pharmacies,Verify usage rights before commercial publication,غير مثبت,غير مثبت,مرجعي فقط — غير معتمد للنشر التجاري,بيانات مرجعية متاحة؛ يلزم تحقق PM,ضمن الفحص المبدئي
10569800188207,penduline-baby-body-lotion-200ml,لوشن الجسم للأطفال من بيندولين 200 مل,Penduline,العناية بالأطفال,العناية بالأطفال,1,بسيط,21608,225,67.5,157.5,,متاح لدى المصدر,https://cdn.shopify.com/s/files/1/0935/9550/0847/files/Penduline-Baby-Body-Lotion-200ml.webp?v=1754298804,منتج لوشن الجسم للأطفال من بيندولين 200 مل من Penduline. التصنيف المرجعي: العناية بالأطفال — بسيط. الوسوم المرجعية: Baby Care، Kids Care، Kids Concerns، Kids Moisturizer.,https://alfouadpharmacies.com/en/products/penduline-baby-body-lotion-200ml,AlFouad Pharmacies,Verify usage rights before commercial publication,غير مثبت,غير مثبت,مرجعي فقط — غير معتمد للنشر التجاري,بيانات مرجعية متاحة؛ يلزم تحقق PM,ضمن الفحص المبدئي
12689691312431,jampj-baby-cologne-100ml-dream,كولونيا للأطفال من جونسون آند جونسون، 100 مل، دريم,J&J,العناية بالأطفال,العناية بالأطفال,1,بسيط,81402,135,40.5,94.5,,متاح لدى المصدر,https://cdn.shopify.com/s/files/1/0935/9550/0847/files/Johnsons_Dream_Cologne_100ml_1615x1615_d4539d5f-1ed9-40c9-a1bf-e3e600b7e18b.webp?v=1771845636,منتج كولونيا للأطفال من جونسون آند جونسون، 100 مل، دريم من J&J. التصنيف المرجعي: العناية بالأطفال — بسيط. الوسوم المرجعية: BABY COLOGNE، Kids Care، Kids Deodorant.,https://alfouadpharmacies.com/en/products/jampj-baby-cologne-100ml-dream,AlFouad Pharmacies,Verify usage rights before commercial publication,غير مثبت,غير مثبت,مرجعي فقط — غير معتمد للنشر التجاري,بيانات مرجعية متاحة؛ يلزم تحقق PM,ضمن الفحص المبدئي
10569807561007,the-hair-addict-kids-leave-in-condition-500ml,بلسم الشعر بدون شطف للأطفال من ذا هير أديكت، 500 مل,The Hair Addict,العناية بالأطفال,العناية بالأطفال,1,بسيط,17461,430,129,301,0,متاح لدى المصدر,https://cdn.shopify.com/s/files/1/0935/9550/0847/files/The-Hair-Addict-Kids-Leave-in-Condition-500ml.webp?v=1754298747,منتج بلسم الشعر بدون شطف للأطفال من ذا هير أديكت، 500 مل من The Hair Addict. التصنيف المرجعي: العناية بالأطفال — بسيط. الوسوم المرجعية: Anti-Frizz، Kids Care، Kids Concerns، Kids Hair، Kids Leave-in Conditioner.,https://alfouadpharmacies.com/en/products/the-hair-addict-kids-leave-in-condition-500ml,AlFouad Pharmacies,Verify usage rights before commercial publication,غير مثبت,غير مثبت,مرجعي فقط — غير معتمد للنشر التجاري,بيانات مرجعية متاحة؛ يلزم تحقق PM,ضمن الفحص المبدئي
10569800384815,penduline-baby-skin-oil-100ml,زيت بيندولين للجلد للرضع 100 مل,Penduline,العناية بالأطفال,العناية بالأطفال,1,بسيط,28860,159,47.7,111.3,,متاح لدى المصدر,https://cdn.shopify.com/s/files/1/0935/9550/0847/files/Penduline-Baby-Skin-Oil-100ml.webp?v=1754298803,منتج زيت بيندولين للجلد للرضع 100 مل من Penduline. التصنيف المرجعي: العناية بالأطفال — بسيط. الوسوم المرجعية: Baby Care، Kids Care، Kids Concerns، Kids Moisturizer.,https://alfouadpharmacies.com/en/products/penduline-baby-skin-oil-100ml,AlFouad Pharmacies,Verify usage rights before commercial publication,غير مثبت,غير مثبت,مرجعي فقط — غير معتمد للنشر التجاري,بيانات مرجعية متاحة؛ يلزم تحقق PM,ضمن الفحص المبدئي
10569799369007,penduline-kids-curly-shea-butter-shampoo-300ml,شامبو شيا بوتّر للذين ذوي الشعر المجعد من بيندولين للأطفال 300 مل,Penduline,العناية بالأطفال,العناية بالأطفال,1,بسيط,28845,230,69,161,,متاح لدى المصدر,https://cdn.shopify.com/s/files/1/0935/9550/0847/files/Penduline-Kids-Curly-Shea-Butter-Shampoo-300ml.webp?v=1754298809,منتج شامبو شيا بوتّر للذين ذوي الشعر المجعد من بيندولين للأطفال 300 مل من Penduline. التصنيف المرجعي: العناية بالأطفال — بسيط. الوسوم المرجعية: Curly Hair، Curly Shmapoo، Kids Care.,https://alfouadpharmacies.com/en/products/penduline-kids-curly-shea-butter-shampoo-300ml,AlFouad Pharmacies,Verify usage rights before commercial publication,غير مثبت,غير مثبت,مرجعي فقط — غير معتمد للنشر التجاري,بيانات مرجعية متاحة؛ يلزم تحقق PM,ضمن الفحص المبدئي
10569797533999,dermactive-baby-delicate-soothing-cream-75ml,كريم ديرم اكتيف بيبي ديلكات المطري 75 مل,DERMACTIVE,العناية بالأطفال,العناية بالأطفال,1,بسيط,14886,119,35.7,83.3,,متاح لدى المصدر,https://cdn.shopify.com/s/files/1/0935/9550/0847/files/Dermactive-Baby-Delicate-Soothing-Cream-75ml.webp?v=1754298821,منتج كريم ديرم اكتيف بيبي ديلكات المطري 75 مل من DERMACTIVE. التصنيف المرجعي: العناية بالأطفال — بسيط. الوسوم المرجعية: Baby Care، Kids Care، Kids Concerns، Kids Dry Skin، Kids Moisturizer.,https://alfouadpharmacies.com/en/products/dermactive-baby-delicate-soothing-cream-75ml,AlFouad Pharmacies,Verify usage rights before commercial publication,غير مثبت,غير مثبت,مرجعي فقط — غير معتمد للنشر التجاري,بيانات مرجعية متاحة؛ يلزم تحقق PM,ضمن الفحص المبدئي
10569796714799,bobai-kids-sun-screen-lotion-spf30-200ml,لوشن واقي من الشمس للأطفال بوباي، عامل حماية من الشمس 30، 200 مل,Bobai,العناية بالأطفال,العناية بالأطفال,1,بسيط,30974,280,84,196,,متاح لدى المصدر,https://cdn.shopify.com/s/files/1/0935/9550/0847/files/Bobai-Kids-Sun-Screen-Lotion-SPF30-200ml.webp?v=1754298827,منتج لوشن واقي من الشمس للأطفال بوباي، عامل حماية من الشمس 30، 200 مل من Bobai. التصنيف المرجعي: العناية بالأطفال — بسيط. الوسوم المرجعية: bobai، Kids Care، Kids Concerns، Kids Sunscreen، Sun Care، Sunscreen.,https://alfouadpharmacies.com/en/products/bobai-kids-sun-screen-lotion-spf30-200ml,AlFouad Pharmacies,Verify usage rights before commercial publication,غير مثبت,غير مثبت,مرجعي فقط — غير معتمد للنشر التجاري,بيانات مرجعية متاحة؛ يلزم تحقق PM,ضمن الفحص المبدئي
12689441784111,super-kids-lip-balm-strawberry-10ml,مرطب شفاه سوبر كيدز بنكهة الفراولة 10 مل,Super kids,العناية بالأطفال,العناية بالأطفال,1,,115365,85,25.5,59.5,,متاح لدى المصدر,https://cdn.shopify.com/s/files/1/0935/9550/0847/files/Gemini_Generated_Image_tjckmntjckmntjck_11zon.webp?v=1789635242,منتج مرطب شفاه سوبر كيدز بنكهة الفراولة 10 مل من Super kids. التصنيف المرجعي: العناية بالأطفال. الوسوم المرجعية: Eye & Lip، Kids Care، Lip، Lip Balm، super kids.,https://alfouadpharmacies.com/en/products/super-kids-lip-balm-strawberry-10ml,AlFouad Pharmacies,Verify usage rights before commercial publication,غير مثبت,غير مثبت,مرجعي فقط — غير معتمد للنشر التجاري,بيانات مرجعية متاحة؛ يلزم تحقق PM,ضمن الفحص المبدئي
12689513578799,dermaelle-solaire-kids-spf50-lotion-spray-200ml,DERMAELLE SOLAIRE KIDS SPF50+ لوشن سبراي 200 مل,Dermaelle,العناية بالأطفال,العناية بالأطفال,1,واقي شمس ,113829,390,117,273,,متاح لدى المصدر,https://cdn.shopify.com/s/files/1/0935/9550/0847/files/1_-_2026-06-25T131923.250.webp?v=1782382826,منتج DERMAELLE SOLAIRE KIDS SPF50+ لوشن سبراي 200 مل من Dermaelle. التصنيف المرجعي: العناية بالأطفال — واقي شمس . الوسوم المرجعية: Baby Sunscreen، Kids Sunscreen، Sunscreen، Sunscreen Spray.,https://alfouadpharmacies.com/en/products/dermaelle-solaire-kids-spf50-lotion-spray-200ml,AlFouad Pharmacies,Verify usage rights before commercial publication,غير مثبت,غير مثبت,مرجعي فقط — غير معتمد للنشر التجاري,بيانات مرجعية متاحة؛ يلزم تحقق PM,ضمن الفحص المبدئي
10569931358511,eva-advanced-care-kids-curls-moist-leave-in-con,مكيف إيفا للعناية المتقدمة لتصفيف الشعر المجعد للأطفال,AlFouad Pharmacies,العناية بالأطفال,العناية بالأطفال,1,بسيط,112410,150,45,105,,متاح لدى المصدر,https://cdn.shopify.com/s/files/1/0935/9550/0847/files/Eva-Advanced-Care-Kids-Curls-Moist-Leave-In-Con.webp?v=1754297789,منتج مكيف إيفا للعناية المتقدمة لتصفيف الشعر المجعد للأطفال من AlFouad Pharmacies. التصنيف المرجعي: العناية بالأطفال — بسيط. الوسوم المرجعية: Anti-Frizz، Curly Hair، Curly Hair Cream، Kids Care، Kids Concerns.,https://alfouadpharmacies.com/en/products/eva-advanced-care-kids-curls-moist-leave-in-con,AlFouad Pharmacies,Verify usage rights before commercial publication,غير مثبت,غير مثبت,مرجعي فقط — غير معتمد للنشر التجاري,بيانات مرجعية متاحة؛ يلزم تحقق PM,ضمن الفحص المبدئي
10569896132911,jampj-no-more-tangles-kids-shampoo-200ml,شامبو جيه آند جيه للأطفال بدون تشابك 200 مل,J&J,العناية بالأطفال,العناية بالأطفال,1,بسيط,1776,100,30,70,,متاح لدى المصدر,https://cdn.shopify.com/s/files/1/0935/9550/0847/files/JJ-No-More-Tangles-Kids-Shampoo-200ML.webp?v=1754298190,منتج شامبو جيه آند جيه للأطفال بدون تشابك 200 مل من J&J. التصنيف المرجعي: العناية بالأطفال — بسيط. الوسوم المرجعية: Baby Care، Kids Care، Kids Concerns، Kids Hair، Kids Shampoo.,https://alfouadpharmacies.com/en/products/jampj-no-more-tangles-kids-shampoo-200ml,AlFouad Pharmacies,Verify usage rights before commercial publication,غير مثبت,غير مثبت,مرجعي فقط — غير معتمد للنشر التجاري,بيانات مرجعية متاحة؛ يلزم تحقق PM,ضمن الفحص المبدئي
10569895313711,jampj-baby-shampoo-750ml-gold,شامبو جيه آند جيه بيبي 750 مل ذهبي,J&J,العناية بالأطفال,العناية بالأطفال,1,بسيط,81774,260,78,182,,متاح لدى المصدر,https://cdn.shopify.com/s/files/1/0935/9550/0847/files/JJ-Baby-Shampoo-750-ml-Gold.webp?v=1754298204,منتج شامبو جيه آند جيه بيبي 750 مل ذهبي من J&J. التصنيف المرجعي: العناية بالأطفال — بسيط. الوسوم المرجعية: Baby Care، Kids Care، Kids Concerns، Kids Hair، Kids Shampoo.,https://alfouadpharmacies.com/en/products/jampj-baby-shampoo-750ml-gold,AlFouad Pharmacies,Verify usage rights before commercial publication,غير مثبت,غير مثبت,مرجعي فقط — غير معتمد للنشر التجاري,بيانات مرجعية متاحة؛ يلزم تحقق PM,ضمن الفحص المبدئي
10569893871919,jampj-baby-bedtime-bath-500ml-lavender,حمام الأطفال قبل النوم من جونسون آند جونسون، 500 مل، باللافندر,Bath and Body,العناية بالأطفال,العناية بالأطفال,1,بسيط,27441,200,60,140,,متاح لدى المصدر,https://cdn.shopify.com/s/files/1/0935/9550/0847/files/JJ-Baby-Bedtime-Bath-500-ml-Lavender.webp?v=1754298222,منتج حمام الأطفال قبل النوم من جونسون آند جونسون، 500 مل، باللافندر من Bath and Body. التصنيف المرجعي: العناية بالأطفال — بسيط. الوسوم المرجعية: Kids Care، Kids Shower.,https://alfouadpharmacies.com/en/products/jampj-baby-bedtime-bath-500ml-lavender,AlFouad Pharmacies,Verify usage rights before commercial publication,غير مثبت,غير مثبت,مرجعي فقط — غير معتمد للنشر التجاري,بيانات مرجعية متاحة؛ يلزم تحقق PM,ضمن الفحص المبدئي
10569807626543,the-hair-addict-kids-shampoo-250ml,شامبو الأطفال من ذا هير أديكت، 250 مل,The Hair Addict,العناية بالأطفال,العناية بالأطفال,1,بسيط,17460,199,59.7,139.3,0,متاح لدى المصدر,https://cdn.shopify.com/s/files/1/0935/9550/0847/files/The-Hair-Addict-Kids-Shampoo-250ml.webp?v=1754298747,منتج شامبو الأطفال من ذا هير أديكت، 250 مل من The Hair Addict. التصنيف المرجعي: العناية بالأطفال — بسيط. الوسوم المرجعية: Anti-Frizz، Kids Care، Kids Concerns، Kids Hair، Kids Shampoo.,https://alfouadpharmacies.com/en/products/the-hair-addict-kids-shampoo-250ml,AlFouad Pharmacies,Verify usage rights before commercial publication,غير مثبت,غير مثبت,مرجعي فقط — غير معتمد للنشر التجاري,بيانات مرجعية متاحة؛ يلزم تحقق PM,ضمن الفحص المبدئي
10569806184751,super-kids-deodorant-roll-on-30ml,مزيل عرق رول أون للأطفال 30 مل,Super kids,العناية بالأطفال,العناية بالأطفال,1,بسيط,4716,110,33,77,,متاح لدى المصدر,https://cdn.shopify.com/s/files/1/0935/9550/0847/files/Super-Kids-Deodorant-Roll-On-30ml.webp?v=1754298758,منتج مزيل عرق رول أون للأطفال 30 مل من Super kids. التصنيف المرجعي: العناية بالأطفال — بسيط. الوسوم المرجعية: Kids Care، Kids Deodorant، super kids.,https://alfouadpharmacies.com/en/products/super-kids-deodorant-roll-on-30ml,AlFouad Pharmacies,Verify usage rights before commercial publication,غير مثبت,غير مثبت,مرجعي فقط — غير معتمد للنشر التجاري,بيانات مرجعية متاحة؛ يلزم تحقق PM,ضمن الفحص المبدئي
10569799172399,penduline-kids-hair-gel-250ml,جل الشعر للأطفال من بيندولين 250 مل,Penduline,العناية بالأطفال,العناية بالأطفال,1,بسيط,107475,149,44.7,104.3,,متاح لدى المصدر,https://cdn.shopify.com/s/files/1/0935/9550/0847/files/Penduline-Kids-Hair-Gel-250ml.webp?v=1754298810,منتج جل الشعر للأطفال من بيندولين 250 مل من Penduline. التصنيف المرجعي: العناية بالأطفال — بسيط. الوسوم المرجعية: Anti-Frizz، Curly Gel، Curly Hair، Kids Care، Kids Concerns.,https://alfouadpharmacies.com/en/products/penduline-kids-hair-gel-250ml,AlFouad Pharmacies,Verify usage rights before commercial publication,غير مثبت,غير مثبت,مرجعي فقط — غير معتمد للنشر التجاري,بيانات مرجعية متاحة؛ يلزم تحقق PM,ضمن الفحص المبدئي
10569796976943,dermactive-baby-hair-detangling-serum-120ml,مصل ديرم اكتيف لتفكيك تشابك شعر الأطفال 120 مل,DERMACTIVE,العناية بالأطفال,العناية بالأطفال,1,بسيط,14825,209,62.7,146.3,,متاح لدى المصدر,https://cdn.shopify.com/s/files/1/0935/9550/0847/files/Dermactive-Baby-Hair-Detangling-Serum-120ml.webp?v=1754298825,منتج مصل ديرم اكتيف لتفكيك تشابك شعر الأطفال 120 مل من DERMACTIVE. التصنيف المرجعي: العناية بالأطفال — بسيط. الوسوم المرجعية: Anti-Frizz، Kids Care، Kids Concerns، Kids Hair، Kids Hair Serum.,https://alfouadpharmacies.com/en/products/dermactive-baby-hair-detangling-serum-120ml,AlFouad Pharmacies,Verify usage rights before commercial publication,غير مثبت,غير مثبت,مرجعي فقط — غير معتمد للنشر التجاري,بيانات مرجعية متاحة؛ يلزم تحقق PM,ضمن الفحص المبدئي
12689512530223,شامبو-كانتو-للأطفال-بتركيبة-لا-تسبب-الدموع-لتغذية-الشعر-الكيرلي-237-مل,شامبو كانتو للأطفال بتركيبة لا تسبب الدموع لتغذية الشعر الكيرلي 237 مل,cantu,العناية بالأطفال,العناية بالشعر | العناية بالأطفال,2,شامبو ,10768,450,135,315,,متاح لدى المصدر,https://cdn.shopify.com/s/files/1/0935/9550/0847/files/Group_2_19_be8f1e8b-79d5-4d78-80b8-0befdd747a33.webp?v=1784016855,منتج شامبو كانتو للأطفال بتركيبة لا تسبب الدموع لتغذية الشعر الكيرلي 237 مل من cantu. التصنيف المرجعي: العناية بالأطفال — شامبو . الوسوم المرجعية: Baby Care، Hair Care، kids، Kids Care، Kids Concerns، Kids Hair، Kids Shampoo.,https://alfouadpharmacies.com/en/products/شامبو-كانتو-للأطفال-بتركيبة-لا-تسبب-الدموع-لتغذية-الشعر-الكيرلي-237-مل,AlFouad Pharmacies,Verify usage rights before commercial publication,غير مثبت,غير مثبت,مرجعي فقط — غير معتمد للنشر التجاري,بيانات مرجعية متاحة؛ يلزم تحقق PM,ضمن الفحص المبدئي
12689512137007,super-kids-hair-serum-100ml,سيروم الشعر للأطفال الخارقين 100 مل,Super kids,العناية بالأطفال,العناية بالأطفال,1,,102829,350,105,245,,متاح لدى المصدر,https://cdn.shopify.com/s/files/1/0935/9550/0847/files/Gemini_Generated_Image_1gtewj1gtewj1gte.webp?v=1789633898,منتج سيروم الشعر للأطفال الخارقين 100 مل من Super kids. التصنيف المرجعي: العناية بالأطفال. الوسوم المرجعية: Dry & Damage Hair، Kids Hair Serum، super kids.,https://alfouadpharmacies.com/en/products/super-kids-hair-serum-100ml,AlFouad Pharmacies,Verify usage rights before commercial publication,غير مثبت,غير مثبت,مرجعي فقط — غير معتمد للنشر التجاري,بيانات مرجعية متاحة؛ يلزم تحقق PM,ضمن الفحص المبدئي
10569895248175,jampj-baby-shampoo-200ml-sleep-time-lavander,شامبو جونسون آند جونسون للأطفال 200 مل وقت النوم باللافندر,J&J,العناية بالأطفال,العناية بالأطفال,1,بسيط,80287,105,31.5,73.5,,متاح لدى المصدر,https://cdn.shopify.com/s/files/1/0935/9550/0847/files/JJ-Baby-Shampoo-200-ml-Sleep-Time-Lavander.webp?v=1754298206,منتج شامبو جونسون آند جونسون للأطفال 200 مل وقت النوم باللافندر من J&J. التصنيف المرجعي: العناية بالأطفال — بسيط. الوسوم المرجعية: Baby Care، Kids Care، Kids Concerns، Kids Hair، Kids Shampoo.,https://alfouadpharmacies.com/en/products/jampj-baby-shampoo-200ml-sleep-time-lavander,AlFouad Pharmacies,Verify usage rights before commercial publication,غير مثبت,غير مثبت,مرجعي فقط — غير معتمد للنشر التجاري,بيانات مرجعية متاحة؛ يلزم تحقق PM,ضمن الفحص المبدئي
10569807724847,the-hair-addict-kids-leave-in-condition-250ml,بلسم الشعر بدون شطف للأطفال من ذا هير أديكت، 250 مل,The Hair Addict,العناية بالأطفال,العناية بالأطفال,1,بسيط,99897,250,75,175,0,متاح لدى المصدر,https://cdn.shopify.com/s/files/1/0935/9550/0847/files/The-Hair-Addict-Kids-Leave-in-Condition-250ml.webp?v=1754298746,منتج بلسم الشعر بدون شطف للأطفال من ذا هير أديكت، 250 مل من The Hair Addict. التصنيف المرجعي: العناية بالأطفال — بسيط. الوسوم المرجعية: Anti-Frizz، Kids Care، Kids Concerns، Kids Hair، Kids Leave-in Conditioner.,https://alfouadpharmacies.com/en/products/the-hair-addict-kids-leave-in-condition-250ml,AlFouad Pharmacies,Verify usage rights before commercial publication,غير مثبت,غير مثبت,مرجعي فقط — غير معتمد للنشر التجاري,بيانات مرجعية متاحة؛ يلزم تحقق PM,ضمن الفحص المبدئي
10569799893295,penduline-kids-hair-oil-plus-120ml,زيت الشعر للأطفال من بيندولين بلس 120 مل,Penduline,العناية بالأطفال,العناية بالأطفال,1,بسيط,88870,260,78,182,,غير متاح لدى المصدر,https://cdn.shopify.com/s/files/1/0935/9550/0847/files/Penduline-Kids-Hair-Oil-Plus-120-ml.webp?v=1754298806,منتج زيت الشعر للأطفال من بيندولين بلس 120 مل من Penduline. التصنيف المرجعي: العناية بالأطفال — بسيط. الوسوم المرجعية: Anti-Frizz، Kids Care، Kids Concerns، Kids Hair، Kids Hair Oil.,https://alfouadpharmacies.com/en/products/penduline-kids-hair-oil-plus-120ml,AlFouad Pharmacies,Verify usage rights before commercial publication,غير مثبت,غير مثبت,مرجعي فقط — غير معتمد للنشر التجاري,بيانات مرجعية متاحة؛ يلزم تحقق PM,ضمن الفحص المبدئي
10569799696687,penduline-kids-curly-hair-mask-450ml,قناع شعر مجعد للأطفال من بيندولين 450 مل,Penduline,العناية بالأطفال,العناية بالأطفال,1,بسيط,10877,299,89.7,209.3,,متاح لدى المصدر,https://cdn.shopify.com/s/files/1/0935/9550/0847/files/Penduline-Kids-Curly-Hair-Mask-450ml.webp?v=1754298807,منتج قناع شعر مجعد للأطفال من بيندولين 450 مل من Penduline. التصنيف المرجعي: العناية بالأطفال — بسيط. الوسوم المرجعية: Anti-Frizz، Curly Hair، Curly Hair Mask، Dry & Damage Hair، Kids Care، Kids Concerns.,https://alfouadpharmacies.com/en/products/penduline-kids-curly-hair-mask-450ml,AlFouad Pharmacies,Verify usage rights before commercial publication,غير مثبت,غير مثبت,مرجعي فقط — غير معتمد للنشر التجاري,بيانات مرجعية متاحة؛ يلزم تحقق PM,ضمن الفحص المبدئي
10569798975791,penduline-kids-curly-shampoo-300ml,شامبو الأطفال للشعر المجعد من بيندولين 300 مل,Penduline,العناية بالأطفال,العناية بالأطفال,1,بسيط,12583,230,69,161,,متاح لدى المصدر,https://cdn.shopify.com/s/files/1/0935/9550/0847/files/Penduline-Kids-Curly-Shampoo-300ml.webp?v=1754298811,منتج شامبو الأطفال للشعر المجعد من بيندولين 300 مل من Penduline. التصنيف المرجعي: العناية بالأطفال — بسيط. الوسوم المرجعية: Anti-Frizz، Curly Hair، Curly Shmapoo، Kids Care، Kids Concerns.,https://alfouadpharmacies.com/en/products/penduline-kids-curly-shampoo-300ml,AlFouad Pharmacies,Verify usage rights before commercial publication,غير مثبت,غير مثبت,مرجعي فقط — غير معتمد للنشر التجاري,بيانات مرجعية متاحة؛ يلزم تحقق PM,ضمن الفحص المبدئي
10569797304623,dermactive-baby-head-to-toe-wash-250ml,غسول ديرم اكتيف للجسم والشعر للأطفال 250 مل,DERMACTIVE,العناية بالأطفال,العناية بالأطفال,1,بسيط,14875,179,53.7,125.3,,متاح لدى المصدر,https://cdn.shopify.com/s/files/1/0935/9550/0847/files/Dermactive-Baby-Head-to-Toe-Wash-250ml.webp?v=1754298822,منتج غسول ديرم اكتيف للجسم والشعر للأطفال 250 مل من DERMACTIVE. التصنيف المرجعي: العناية بالأطفال — بسيط. الوسوم المرجعية: Baby Care، Kids Care، Kids Concerns، Kids Shower.,https://alfouadpharmacies.com/en/products/dermactive-baby-head-to-toe-wash-250ml,AlFouad Pharmacies,Verify usage rights before commercial publication,غير مثبت,غير مثبت,مرجعي فقط — غير معتمد للنشر التجاري,بيانات مرجعية متاحة؛ يلزم تحقق PM,ضمن الفحص المبدئي
10569797108015,dermactive-baby-body-moist-lotion-250ml,لوشن ترطيب الجسم للأطفال ديرم اكتيف 250 مل,DERMACTIVE,العناية بالأطفال,العناية بالأطفال,1,بسيط,14917,209,62.7,146.3,,متاح لدى المصدر,https://cdn.shopify.com/s/files/1/0935/9550/0847/files/Dermactive-Baby-Body-Moist-Lotion-250ml.webp?v=1754298824,منتج لوشن ترطيب الجسم للأطفال ديرم اكتيف 250 مل من DERMACTIVE. التصنيف المرجعي: العناية بالأطفال — بسيط. الوسوم المرجعية: Baby Care، Kids Care، Kids Concerns، Kids Moisturizer.,https://alfouadpharmacies.com/en/products/dermactive-baby-body-moist-lotion-250ml,AlFouad Pharmacies,Verify usage rights before commercial publication,غير مثبت,غير مثبت,مرجعي فقط — غير معتمد للنشر التجاري,بيانات مرجعية متاحة؛ يلزم تحقق PM,ضمن الفحص المبدئي
10569796878639,dermactive-baby-head-to-toe-wash-500ml,غسول ديرم اكتيف للجسم والشعر للأطفال 500 مل,DERMACTIVE,العناية بالأطفال,العناية بالأطفال,1,بسيط,14858,289,86.7,202.3,,متاح لدى المصدر,https://cdn.shopify.com/s/files/1/0935/9550/0847/files/Dermactive-Baby-Head-to-Toe-Wash-500ml.webp?v=1754298826,منتج غسول ديرم اكتيف للجسم والشعر للأطفال 500 مل من DERMACTIVE. التصنيف المرجعي: العناية بالأطفال — بسيط. الوسوم المرجعية: Baby Care، Kids Care، Kids Concerns، Kids Shower.,https://alfouadpharmacies.com/en/products/dermactive-baby-head-to-toe-wash-500ml,AlFouad Pharmacies,Verify usage rights before commercial publication,غير مثبت,غير مثبت,مرجعي فقط — غير معتمد للنشر التجاري,بيانات مرجعية متاحة؛ يلزم تحقق PM,ضمن الفحص المبدئي
10569796845871,dermactive-acti-solaire-kids-spray-spf50-125ml,ديرم اكتيف اكتي سولير سبراي للأطفال SPF50+ 125 مل,DERMACTIVE,العناية بالأطفال,العناية بالأطفال,1,بسيط,10277,379,113.7,265.3,,متاح لدى المصدر,https://cdn.shopify.com/s/files/1/0935/9550/0847/files/Dermactive-Acti-Solaire-Kids-Spray-SPF50-125ml.webp?v=1754298826,منتج ديرم اكتيف اكتي سولير سبراي للأطفال SPF50+ 125 مل من DERMACTIVE. التصنيف المرجعي: العناية بالأطفال — بسيط. الوسوم المرجعية: Kids Care، Kids Concerns، Kids Sunscreen، Sun Care، Sunscreen.,https://alfouadpharmacies.com/en/products/dermactive-acti-solaire-kids-spray-spf50-125ml,AlFouad Pharmacies,Verify usage rights before commercial publication,غير مثبت,غير مثبت,مرجعي فقط — غير معتمد للنشر التجاري,بيانات مرجعية متاحة؛ يلزم تحقق PM,ضمن الفحص المبدئي
10569744974127,la-roche-anthelios-pediatrics-lotion-spf50-75ml,لوشن لاروش انثيليوس للأطفال SPF+50 75 مل,La Roch Possay,العناية بالأطفال,العناية بالبشرة | العناية بالأطفال,2,بسيط,3361,1089,326.7,762.3,,غير متاح لدى المصدر,https://cdn.shopify.com/s/files/1/0935/9550/0847/files/Group_1_15.webp?v=1781935206,منتج لوشن لاروش انثيليوس للأطفال SPF+50 75 مل من La Roch Possay. التصنيف المرجعي: العناية بالأطفال — بسيط. الوسوم المرجعية: Baby Sunscreen، Kids Care، Kids Concerns، Skin Care، SPF 50، Sun Care، Sunscreen.,https://alfouadpharmacies.com/en/products/la-roche-anthelios-pediatrics-lotion-spf50-75ml,AlFouad Pharmacies,Verify usage rights before commercial publication,غير مثبت,غير مثبت,مرجعي فقط — غير معتمد للنشر التجاري,بيانات مرجعية متاحة؛ يلزم تحقق PM,ضمن الفحص المبدئي
16030591451439,cerave-sunscreen-body-hydrating-spf50-177ml,سيرافي واقي شمس مرطب غير مرئي SPF 50 للوجه والجسم,cerave,العناية بالأطفال,العناية بالجسم | العناية بالأطفال,2,واقي شمس للوجه و الجسم ,116845,1100,330,770,,متاح لدى المصدر,https://cdn.shopify.com/s/files/1/0935/9550/0847/files/Group1_55.webp?v=1781951653,منتج سيرافي واقي شمس مرطب غير مرئي SPF 50 للوجه والجسم من cerave. التصنيف المرجعي: العناية بالأطفال — واقي شمس للوجه و الجسم . الوسوم المرجعية: Body Care، cerave، Kids Sunscreen، Sun Care، sun screen lotion، sunblock، Sunscreen، Sunscreen Lotion.,https://alfouadpharmacies.com/en/products/cerave-sunscreen-body-hydrating-spf50-177ml,AlFouad Pharmacies,Verify usage rights before commercial publication,غير مثبت,غير مثبت,مرجعي فقط — غير معتمد للنشر التجاري,بيانات مرجعية متاحة؛ يلزم تحقق PM,ضمن الفحص المبدئي
12689690951983,jampj-baby-shampoo-500ml-gold,شامبو جونسون للأطفال ٥٠٠ مل ذهبي,J&J,العناية بالأطفال,العناية بالأطفال,1,بسيط,82558,190,57,133,,متاح لدى المصدر,https://cdn.shopify.com/s/files/1/0935/9550/0847/files/Johnsons_Baby_Shampoo_500ml_1615x1615_99d533ab-388f-4ba7-8a53-209228cca98a.webp?v=1771846642,منتج شامبو جونسون للأطفال ٥٠٠ مل ذهبي من J&J. التصنيف المرجعي: العناية بالأطفال — بسيط. الوسوم المرجعية: Baby Care، Kids Care، Kids Concerns، Kids Hair، Kids Shampoo.,https://alfouadpharmacies.com/en/products/jampj-baby-shampoo-500ml-gold,AlFouad Pharmacies,Verify usage rights before commercial publication,غير مثبت,غير مثبت,مرجعي فقط — غير معتمد للنشر التجاري,بيانات مرجعية متاحة؛ يلزم تحقق PM,ضمن الفحص المبدئي
10569906290991,luna-kids-sunscreen-spf50-130ml-off-20,لوشن حماية من الشمس للأطفال لونا، SPF50+، 130 مل، خصم 20%.,AlFouad Pharmacies,العناية بالأطفال,العناية بالأطفال,1,بسيط,13228,220,66,154,,غير متاح لدى المصدر,https://cdn.shopify.com/s/files/1/0935/9550/0847/files/Luna-Kids-Sunscreen-SPF50-130ML-off-20.webp?v=1754298058,منتج لوشن حماية من الشمس للأطفال لونا، SPF50+، 130 مل، خصم 20%. من AlFouad Pharmacies. التصنيف المرجعي: العناية بالأطفال — بسيط. الوسوم المرجعية: Kids Care، Kids Concerns، Kids Sunscreen، Sun Care، Sunscreen.,https://alfouadpharmacies.com/en/products/luna-kids-sunscreen-spf50-130ml-off-20,AlFouad Pharmacies,Verify usage rights before commercial publication,غير مثبت,غير مثبت,مرجعي فقط — غير معتمد للنشر التجاري,بيانات مرجعية متاحة؛ يلزم تحقق PM,ضمن الفحص المبدئي
10569896296751,jampj-spray-200ml-no-more-tangles,بخاخ جونسون آند جونسون 200 مل، لا مزيد من تشابك الشعر,J&J,العناية بالأطفال,العناية بالأطفال,1,بسيط,1612,160,48,112,,متاح لدى المصدر,https://cdn.shopify.com/s/files/1/0935/9550/0847/files/JJ-Spray-200ML-No-More-Tangles.webp?v=1754298187,منتج بخاخ جونسون آند جونسون 200 مل، لا مزيد من تشابك الشعر من J&J. التصنيف المرجعي: العناية بالأطفال — بسيط. الوسوم المرجعية: Curly Hair، Curly Spray، Kids Care.,https://alfouadpharmacies.com/en/products/jampj-spray-200ml-no-more-tangles,AlFouad Pharmacies,Verify usage rights before commercial publication,غير مثبت,غير مثبت,مرجعي فقط — غير معتمد للنشر التجاري,بيانات مرجعية متاحة؛ يلزم تحقق PM,ضمن الفحص المبدئي
10569893773615,jampj-baby-bedtime-bath-300ml-lavender-sleep-time,حمام جونسون آند جونسون للاستحمام قبل النوم للأطفال 300 مل، رائحة الخزامى، وقت النوم,Bath and Body,العناية بالأطفال,العناية بالأطفال,1,بسيط,98964,160,48,112,,متاح لدى المصدر,https://cdn.shopify.com/s/files/1/0935/9550/0847/files/JJ-Baby-Bedtime-Bath-300-ml-Lavender-Sleep-Time.webp?v=1754298223,منتج حمام جونسون آند جونسون للاستحمام قبل النوم للأطفال 300 مل، رائحة الخزامى، وقت النوم من Bath and Body. التصنيف المرجعي: العناية بالأطفال — بسيط. الوسوم المرجعية: Kids Care، Kids Shower.,https://alfouadpharmacies.com/en/products/jampj-baby-bedtime-bath-300ml-lavender-sleep-time,AlFouad Pharmacies,Verify usage rights before commercial publication,غير مثبت,غير مثبت,مرجعي فقط — غير معتمد للنشر التجاري,بيانات مرجعية متاحة؛ يلزم تحقق PM,ضمن الفحص المبدئي
10569800679727,penduline-kids-stimulator-spray-250ml,بخاخ منشط الأطفال من بيندولين 250 مل,Penduline,العناية بالأطفال,العناية بالأطفال,1,بسيط,102808,189,56.7,132.3,,متاح لدى المصدر,https://cdn.shopify.com/s/files/1/0935/9550/0847/files/Penduline-Kids-Stimulator-Spray-250ml.webp?v=1754298800,منتج بخاخ منشط الأطفال من بيندولين 250 مل من Penduline. التصنيف المرجعي: العناية بالأطفال — بسيط. الوسوم المرجعية: Anti-Frizz، Curly Hair، Curly Spray، Kids Care، Kids Concerns.,https://alfouadpharmacies.com/en/products/penduline-kids-stimulator-spray-250ml,AlFouad Pharmacies,Verify usage rights before commercial publication,غير مثبت,غير مثبت,مرجعي فقط — غير معتمد للنشر التجاري,بيانات مرجعية متاحة؛ يلزم تحقق PM,ضمن الفحص المبدئي
10569799827759,penduline-shower-gel-sweet-450300-ml,جل استحمام بيندولين سويت 450/300 مل,Penduline,العناية بالأطفال,العناية بالأطفال,1,بسيط,21554,219,65.7,153.3,,غير متاح لدى المصدر,https://cdn.shopify.com/s/files/1/0935/9550/0847/files/Penduline-Shower-Gel-Sweet-450300-ml.webp?v=1754298807,منتج جل استحمام بيندولين سويت 450/300 مل من Penduline. التصنيف المرجعي: العناية بالأطفال — بسيط. الوسوم المرجعية: Kids Care، Kids Shower.,https://alfouadpharmacies.com/en/products/penduline-shower-gel-sweet-450300-ml,AlFouad Pharmacies,Verify usage rights before commercial publication,غير مثبت,غير مثبت,مرجعي فقط — غير معتمد للنشر التجاري,بيانات مرجعية متاحة؛ يلزم تحقق PM,ضمن الفحص المبدئي
10569799631151,penduline-shower-gel-banana-450300-ml,جل استحمام بنكهة الموز من بيندولين 450/300 مل,Penduline,العناية بالأطفال,العناية بالأطفال,1,بسيط,21507,219,65.7,153.3,,غير متاح لدى المصدر,https://cdn.shopify.com/s/files/1/0935/9550/0847/files/Penduline-Shower-Gel-Banana-450300-ml.webp?v=1754298808,منتج جل استحمام بنكهة الموز من بيندولين 450/300 مل من Penduline. التصنيف المرجعي: العناية بالأطفال — بسيط. الوسوم المرجعية: Kids Care، Kids Shower.,https://alfouadpharmacies.com/en/products/penduline-shower-gel-banana-450300-ml,AlFouad Pharmacies,Verify usage rights before commercial publication,غير مثبت,غير مثبت,مرجعي فقط — غير معتمد للنشر التجاري,بيانات مرجعية متاحة؛ يلزم تحقق PM,ضمن الفحص المبدئي
10569798910255,penduline-kids-curly-detangling-spray-250ml,بخاخ بوندولين للأطفال لتفكيك تشابك الشعر المجعد 250 مل,Penduline,العناية بالأطفال,العناية بالأطفال,1,بسيط,94396,199,59.7,139.3,,متاح لدى المصدر,https://cdn.shopify.com/s/files/1/0935/9550/0847/files/Penduline-Kids-Curly-Detangling-Spray-250ml.webp?v=1754298811,منتج بخاخ بوندولين للأطفال لتفكيك تشابك الشعر المجعد 250 مل من Penduline. التصنيف المرجعي: العناية بالأطفال — بسيط. الوسوم المرجعية: Anti-Frizz، Curly Hair، Curly Spray، Kids Care، Kids Concerns.,https://alfouadpharmacies.com/en/products/penduline-kids-curly-detangling-spray-250ml,AlFouad Pharmacies,Verify usage rights before commercial publication,غير مثبت,غير مثبت,مرجعي فقط — غير معتمد للنشر التجاري,بيانات مرجعية متاحة؛ يلزم تحقق PM,ضمن الفحص المبدئي
10569744548143,beesline-sunscreen-kids-lotion-spf50-200ml,لوشن واقي من الشمس للأطفال بيزلين SPF50 200 مل,Beesline,العناية بالأطفال,العناية بالبشرة | العناية بالأطفال,2,بسيط,24482,440,132,308,,غير متاح لدى المصدر,https://cdn.shopify.com/s/files/1/0935/9550/0847/files/Beesline-Sunscreen-Kids-Lotion-SPF50-200ML.webp?v=1754298868,منتج لوشن واقي من الشمس للأطفال بيزلين SPF50 200 مل من Beesline. التصنيف المرجعي: العناية بالأطفال — بسيط. الوسوم المرجعية: Kids Care، Kids Concerns، Kids Sunscreen، Skin Care، SPF 50، Sun Care، Sunscreen.,https://alfouadpharmacies.com/en/products/beesline-sunscreen-kids-lotion-spf50-200ml,AlFouad Pharmacies,Verify usage rights before commercial publication,غير مثبت,غير مثبت,مرجعي فقط — غير معتمد للنشر التجاري,بيانات مرجعية متاحة؛ يلزم تحقق PM,ضمن الفحص المبدئي
12689691050287,jampj-baby-shampoo-100ml-gold,شامبو جونسون للأطفال 100 مل ذهبي,J&J,العناية بالأطفال,العناية بالأطفال,1,بسيط,1702,60,18,42,,متاح لدى المصدر,https://cdn.shopify.com/s/files/1/0935/9550/0847/files/Johnsons_Baby_Shampoo_100ml_V2_1615x1615_a7cc969c-c562-4160-9323-b4b2443d8b6e.webp?v=1771846594,منتج شامبو جونسون للأطفال 100 مل ذهبي من J&J. التصنيف المرجعي: العناية بالأطفال — بسيط. الوسوم المرجعية: Baby Care، Kids Care، Kids Concerns، Kids Hair، Kids Shampoo.,https://alfouadpharmacies.com/en/products/jampj-baby-shampoo-100ml-gold,AlFouad Pharmacies,Verify usage rights before commercial publication,غير مثبت,غير مثبت,مرجعي فقط — غير معتمد للنشر التجاري,بيانات مرجعية متاحة؛ يلزم تحقق PM,ضمن الفحص المبدئي
12689691017519,jampj-baby-shampoo-200ml-gold,شامبو جونسون للأطفال 200 مل ذهبي,J&J,العناية بالأطفال,العناية بالأطفال,1,بسيط,99142,100,30,70,,متاح لدى المصدر,https://cdn.shopify.com/s/files/1/0935/9550/0847/files/Johnsons_Baby_Shampoo_200ml_1615x1615_ca3f1004-366f-43a9-b077-32dfdccb8f15.webp?v=1771846735,منتج شامبو جونسون للأطفال 200 مل ذهبي من J&J. التصنيف المرجعي: العناية بالأطفال — بسيط. الوسوم المرجعية: Baby Care، Kids Care، Kids Concerns، Kids Hair، Kids Shampoo.,https://alfouadpharmacies.com/en/products/jampj-baby-shampoo-200ml-gold,AlFouad Pharmacies,Verify usage rights before commercial publication,غير مثبت,غير مثبت,مرجعي فقط — غير معتمد للنشر التجاري,بيانات مرجعية متاحة؛ يلزم تحقق PM,ضمن الفحص المبدئي
12689512923439,sanosan-shower-shampoo-strawberry-400ml,شامبو وجل استحمام سانوسان برائحة الفراولة 400 مل,baby joy,العناية بالأطفال,العناية بالأطفال,1,,96091,450.9,135.27,315.63,,متاح لدى المصدر,https://cdn.shopify.com/s/files/1/0935/9550/0847/files/Sanosan_Kids_2in1_Strawberry_1615x1615_df3c1441-170f-4c2f-a29f-c67c67c06ff4.webp?v=1771840170,منتج شامبو وجل استحمام سانوسان برائحة الفراولة 400 مل من baby joy. التصنيف المرجعي: العناية بالأطفال. الوسوم المرجعية: Baby Care، Kids Care، Kids Shampoo، Kids Shower.,https://alfouadpharmacies.com/en/products/sanosan-shower-shampoo-strawberry-400ml,AlFouad Pharmacies,Verify usage rights before commercial publication,غير مثبت,غير مثبت,مرجعي فقط — غير معتمد للنشر التجاري,بيانات مرجعية متاحة؛ يلزم تحقق PM,ضمن الفحص المبدئي
10570010722607,mustela-stelatopia-cleansing-gel-200ml,جل تنظيف ستيلاتيوبيا من موستيلا 200 مل,Mustela,العناية بالأطفال,العناية بالبشرة | العناية بالجسم | العناية بالأطفال,3,بسيط,112935,1045,313.5,731.5,,متاح لدى المصدر,https://cdn.shopify.com/s/files/1/0935/9550/0847/files/Mustela-Stelatopia-Cleansing-Gel-200ML.webp?v=1754297065,منتج جل تنظيف ستيلاتيوبيا من موستيلا 200 مل من Mustela. التصنيف المرجعي: العناية بالأطفال — بسيط. الوسوم المرجعية: Body Care، Body Concerns، Body Wash، Dry Skin body concerns، Kids Care، Kids Concerns، Kids Dry Skin، Kids Shower.,https://alfouadpharmacies.com/en/products/mustela-stelatopia-cleansing-gel-200ml,AlFouad Pharmacies,Verify usage rights before commercial publication,غير مثبت,غير مثبت,مرجعي فقط — غير معتمد للنشر التجاري,بيانات مرجعية متاحة؛ يلزم تحقق PM,ضمن الفحص المبدئي
10569960128815,penduline-facial-pink-foam-150ml,رغوة بيندولين لتنظيف الوجه باللون الوردي 150 مل,Penduline,العناية بالأطفال,العناية بالأطفال,1,بسيط,112128,179,53.7,125.3,,متاح لدى المصدر,https://cdn.shopify.com/s/files/1/0935/9550/0847/files/Penduline-Facial-Pink-Foam-150ML.webp?v=1754297559,منتج رغوة بيندولين لتنظيف الوجه باللون الوردي 150 مل من Penduline. التصنيف المرجعي: العناية بالأطفال — بسيط. الوسوم المرجعية: Kids Care، Kids Facial Foam.,https://alfouadpharmacies.com/en/products/penduline-facial-pink-foam-150ml,AlFouad Pharmacies,Verify usage rights before commercial publication,غير مثبت,غير مثبت,مرجعي فقط — غير معتمد للنشر التجاري,بيانات مرجعية متاحة؛ يلزم تحقق PM,ضمن الفحص المبدئي
10569960063279,penduline-facial-blue-foam-150ml,رغوة تنظيف الوجه الزرقاء من بيندولين 150 مل,Penduline,العناية بالأطفال,العناية بالأطفال,1,بسيط,112127,179,53.7,125.3,,متاح لدى المصدر,https://cdn.shopify.com/s/files/1/0935/9550/0847/files/Penduline-Facial-Blue-Foam-150ML.webp?v=1754297560,منتج رغوة تنظيف الوجه الزرقاء من بيندولين 150 مل من Penduline. التصنيف المرجعي: العناية بالأطفال — بسيط. الوسوم المرجعية: Kids Care، Kids Facial Foam.,https://alfouadpharmacies.com/en/products/penduline-facial-blue-foam-150ml,AlFouad Pharmacies,Verify usage rights before commercial publication,غير مثبت,غير مثبت,مرجعي فقط — غير معتمد للنشر التجاري,بيانات مرجعية متاحة؛ يلزم تحقق PM,ضمن الفحص المبدئي
10569906749743,luna-nail-polish-remover-strawberry-100ml,مزيل طلاء أظافر لونا بنكهة الفراولة 100 مل,AlFouad Pharmacies,العناية بالأطفال,العناية بالجسم | العناية بالأطفال,2,بسيط,9039,40,12,28,,متاح لدى المصدر,https://cdn.shopify.com/s/files/1/0935/9550/0847/files/Luna-Nail-Polish-Remover-Strawberry-100ML.webp?v=1754298053,منتج مزيل طلاء أظافر لونا بنكهة الفراولة 100 مل من AlFouad Pharmacies. التصنيف المرجعي: العناية بالأطفال — بسيط. الوسوم المرجعية: Body Care، Hands & Feet، Kids Care، Kids Hair، Nails.,https://alfouadpharmacies.com/en/products/luna-nail-polish-remover-strawberry-100ml,AlFouad Pharmacies,Verify usage rights before commercial publication,غير مثبت,غير مثبت,مرجعي فقط — غير معتمد للنشر التجاري,بيانات مرجعية متاحة؛ يلزم تحقق PM,ضمن الفحص المبدئي
10569896100143,jampj-no-more-tangle-kids-conditioner-200ml,بلسم جيه آند جيه للأطفال بدون تشابك 200 مل,J&J,العناية بالأطفال,العناية بالأطفال,1,بسيط,15519,100,30,70,,متاح لدى المصدر,https://cdn.shopify.com/s/files/1/0935/9550/0847/files/JJ-No-More-Tangle-Kids-Conditioner-200ML.webp?v=1754298191,منتج بلسم جيه آند جيه للأطفال بدون تشابك 200 مل من J&J. التصنيف المرجعي: العناية بالأطفال — بسيط. الوسوم المرجعية: Kids Care، Kids Conditioner، Kids Hair.,https://alfouadpharmacies.com/en/products/jampj-no-more-tangle-kids-conditioner-200ml,AlFouad Pharmacies,Verify usage rights before commercial publication,غير مثبت,غير مثبت,مرجعي فقط — غير معتمد للنشر التجاري,بيانات مرجعية متاحة؛ يلزم تحقق PM,ضمن الفحص المبدئي
10569895412015,jampj-baby-soap-125gm-white,صابون جونسون للأطفال 125 غرام (أبيض),J&J,العناية بالأطفال,العناية بالأطفال,1,بسيط,1736,40,12,28,,غير متاح لدى المصدر,https://cdn.shopify.com/s/files/1/0935/9550/0847/files/JJ-Baby-Soap-125GM-White.webp?v=1754298203,منتج صابون جونسون للأطفال 125 غرام (أبيض) من J&J. التصنيف المرجعي: العناية بالأطفال — بسيط. الوسوم المرجعية: Baby Care، Kids Care، Kids Concerns، Kids Shower.,https://alfouadpharmacies.com/en/products/jampj-baby-soap-125gm-white,AlFouad Pharmacies,Verify usage rights before commercial publication,غير مثبت,غير مثبت,مرجعي فقط — غير معتمد للنشر التجاري,بيانات مرجعية متاحة؛ يلزم تحقق PM,ضمن الفحص المبدئي
10569893708079,jampj-baby-bath-500ml,حمام الأطفال من جيه أند جيه 500 مل,Bath and Body,العناية بالأطفال,العناية بالأطفال,1,بسيط,105203,200,60,140,,متاح لدى المصدر,https://cdn.shopify.com/s/files/1/0935/9550/0847/files/JJ-Baby-Bath-500ML.webp?v=1754298224,منتج حمام الأطفال من جيه أند جيه 500 مل من Bath and Body. التصنيف المرجعي: العناية بالأطفال — بسيط. الوسوم المرجعية: Kids Care، Kids Shower.,https://alfouadpharmacies.com/en/products/jampj-baby-bath-500ml,AlFouad Pharmacies,Verify usage rights before commercial publication,غير مثبت,غير مثبت,مرجعي فقط — غير معتمد للنشر التجاري,بيانات مرجعية متاحة؛ يلزم تحقق PM,ضمن الفحص المبدئي
10569893609775,jampj-baby-bath-200ml,حمام الأطفال من جونسون آند جونسون 200 مل,Bath and Body,العناية بالأطفال,العناية بالأطفال,1,بسيط,1754,125,37.5,87.5,,متاح لدى المصدر,https://cdn.shopify.com/s/files/1/0935/9550/0847/files/JJ-Baby-Bath-200-ml.webp?v=1754298225,منتج حمام الأطفال من جونسون آند جونسون 200 مل من Bath and Body. التصنيف المرجعي: العناية بالأطفال — بسيط. الوسوم المرجعية: Kids Care، Kids Shower.,https://alfouadpharmacies.com/en/products/jampj-baby-bath-200ml,AlFouad Pharmacies,Verify usage rights before commercial publication,غير مثبت,غير مثبت,مرجعي فقط — غير معتمد للنشر التجاري,بيانات مرجعية متاحة؛ يلزم تحقق PM,ضمن الفحص المبدئي
10569798123823,penduline-kids-shampoo-250ml,شامبو الأطفال من بيندولين 250 مل,Penduline,العناية بالأطفال,العناية بالأطفال,1,بسيط,21992,230,69,161,,متاح لدى المصدر,https://cdn.shopify.com/s/files/1/0935/9550/0847/files/Penduline-Kids-Shampoo-250ml.webp?v=1754298816,منتج شامبو الأطفال من بيندولين 250 مل من Penduline. التصنيف المرجعي: العناية بالأطفال — بسيط. الوسوم المرجعية: Kids Care، Kids Hair، Kids Shampoo.,https://alfouadpharmacies.com/en/products/penduline-kids-shampoo-250ml,AlFouad Pharmacies,Verify usage rights before commercial publication,غير مثبت,غير مثبت,مرجعي فقط — غير معتمد للنشر التجاري,بيانات مرجعية متاحة؛ يلزم تحقق PM,ضمن الفحص المبدئي
10569797206319,dermactive-baby-gentel-shampoo-500ml,شامبو ديرم اكتيف بيبي اللطيف 500 مل,DERMACTIVE,العناية بالأطفال,العناية بالأطفال,1,بسيط,14911,289,86.7,202.3,,متاح لدى المصدر,https://cdn.shopify.com/s/files/1/0935/9550/0847/files/Dermactive-Baby-Gentel-Shampoo-500ml.webp?v=1754298823,منتج شامبو ديرم اكتيف بيبي اللطيف 500 مل من DERMACTIVE. التصنيف المرجعي: العناية بالأطفال — بسيط. الوسوم المرجعية: Baby Care، Kids Care، Kids Concerns، Kids Hair، Kids Shampoo.,https://alfouadpharmacies.com/en/products/dermactive-baby-gentel-shampoo-500ml,AlFouad Pharmacies,Verify usage rights before commercial publication,غير مثبت,غير مثبت,مرجعي فقط — غير معتمد للنشر التجاري,بيانات مرجعية متاحة؛ يلزم تحقق PM,ضمن الفحص المبدئي
12689565843759,melatime-sunscreen-kids-spf30-200ml,واقي الشمس للأطفال من ميلاتيم بعامل حماية 30، 200 مل,melatime,العناية بالأطفال,العناية بالأطفال,1,,113441,550,165,385,,متاح لدى المصدر,https://cdn.shopify.com/s/files/1/0935/9550/0847/files/Melatime_Kids_SPF30_200ml_PureWhite_1615x1615_063b507c-e0d7-4ef1-8167-3763d04ab105.webp?v=1772224805,منتج واقي الشمس للأطفال من ميلاتيم بعامل حماية 30، 200 مل من melatime. التصنيف المرجعي: العناية بالأطفال. الوسوم المرجعية: Kids Sunscreen، Sun Care، Sunscreen، Sunscreen Lotion.,https://alfouadpharmacies.com/en/products/melatime-sunscreen-kids-spf30-200ml,AlFouad Pharmacies,Verify usage rights before commercial publication,غير مثبت,غير مثبت,مرجعي فقط — غير معتمد للنشر التجاري,بيانات مرجعية متاحة؛ يلزم تحقق PM,ضمن الفحص المبدئي
12689564696879,luna-sun-kids-cream-spf50-after-sun-130ml-off,كريم لونا صن للأطفال بعامل حماية من الشمس 50+، متوفر بحجم 130 مل.,AlFouad Pharmacies,العناية بالأطفال,العناية بالأطفال,1,,113505,325,97.5,227.5,,متاح لدى المصدر,https://cdn.shopify.com/s/files/1/0935/9550/0847/files/Luna_Sun_Kids_SPF50_1615x1615_df153efa-3e6c-44b2-8527-3f4962f86aed.webp?v=1772274216,منتج كريم لونا صن للأطفال بعامل حماية من الشمس 50+، متوفر بحجم 130 مل. من AlFouad Pharmacies. التصنيف المرجعي: العناية بالأطفال. الوسوم المرجعية: Kids Sunscreen، Sunscreen.,https://alfouadpharmacies.com/en/products/luna-sun-kids-cream-spf50-after-sun-130ml-off,AlFouad Pharmacies,Verify usage rights before commercial publication,غير مثبت,غير مثبت,مرجعي فقط — غير معتمد للنشر التجاري,بيانات مرجعية متاحة؛ يلزم تحقق PM,ضمن الفحص المبدئي
12689512857903,sanosan-shower-shampoo-raspberry-400ml,سانوسان للاستحمام والشامبو برائحة التوت 400 مل ,Sanosan,العناية بالأطفال,العناية بالأطفال,1,شاور جل وشامبو,111773,450.9,135.27,315.63,,غير متاح لدى المصدر,https://cdn.shopify.com/s/files/1/0935/9550/0847/files/sanosan_kids_raspberry_1615x1615_cd24be67-4f7e-4c12-9349-c6d5a03b1408.webp?v=1773148416,منتج سانوسان للاستحمام والشامبو برائحة التوت 400 مل  من Sanosan. التصنيف المرجعي: العناية بالأطفال — شاور جل وشامبو. الوسوم المرجعية: Kids Care، Kids Shampoo، Kids Shower.,https://alfouadpharmacies.com/en/products/sanosan-shower-shampoo-raspberry-400ml,AlFouad Pharmacies,Verify usage rights before commercial publication,غير مثبت,غير مثبت,مرجعي فقط — غير معتمد للنشر التجاري,بيانات مرجعية متاحة؛ يلزم تحقق PM,ضمن الفحص المبدئي
10569927852335,vatika-baby-olive-shampoo-200ml,شامبو زيت الزيتون للأطفال من فتيکا 200 مل,AlFouad Pharmacies,العناية بالأطفال,العناية بالأطفال,1,بسيط,108456,47,14.1,32.9,,غير متاح لدى المصدر,https://cdn.shopify.com/s/files/1/0935/9550/0847/files/Vatika-Baby-Olive-Shampoo-200ML.webp?v=1754297807,منتج شامبو زيت الزيتون للأطفال من فتيکا 200 مل من AlFouad Pharmacies. التصنيف المرجعي: العناية بالأطفال — بسيط. الوسوم المرجعية: Baby Care، Kids Care، Kids Concerns، Kids Hair، Kids Shampoo.,https://alfouadpharmacies.com/en/products/vatika-baby-olive-shampoo-200ml,AlFouad Pharmacies,Verify usage rights before commercial publication,غير مثبت,غير مثبت,مرجعي فقط — غير معتمد للنشر التجاري,بيانات مرجعية متاحة؛ يلزم تحقق PM,ضمن الفحص المبدئي
10569906323759,luna-kids-sunscreen-spray-spf36-165ml,لوشن واقي من الشمس للأطفال لونا، عامل حماية من الشمس 36+، 165 مل,AlFouad Pharmacies,العناية بالأطفال,العناية بالأطفال,1,بسيط,105742,200,60,140,,غير متاح لدى المصدر,https://cdn.shopify.com/s/files/1/0935/9550/0847/files/Luna-Kids-Sunscreen-Spray-SPF36-165ML.webp?v=1754298058,منتج لوشن واقي من الشمس للأطفال لونا، عامل حماية من الشمس 36+، 165 مل من AlFouad Pharmacies. التصنيف المرجعي: العناية بالأطفال — بسيط. الوسوم المرجعية: Kids Care، Kids Concerns، Kids Sunscreen، Sun Care، Sunscreen.,https://alfouadpharmacies.com/en/products/luna-kids-sunscreen-spray-spf36-165ml,AlFouad Pharmacies,Verify usage rights before commercial publication,غير مثبت,غير مثبت,مرجعي فقط — غير معتمد للنشر التجاري,بيانات مرجعية متاحة؛ يلزم تحقق PM,ضمن الفحص المبدئي
10569906258223,luna-kids-sunscreen-spf50-130ml,لوشن حماية من الشمس للأطفال لونا، عامل حماية من الشمس 50+، 130 مل,AlFouad Pharmacies,العناية بالأطفال,العناية بالأطفال,1,بسيط,106799,275,82.5,192.5,,غير متاح لدى المصدر,https://cdn.shopify.com/s/files/1/0935/9550/0847/files/Luna-Kids-Sunscreen-SPF50-130ML.webp?v=1754298059,منتج لوشن حماية من الشمس للأطفال لونا، عامل حماية من الشمس 50+، 130 مل من AlFouad Pharmacies. التصنيف المرجعي: العناية بالأطفال — بسيط. الوسوم المرجعية: Kids Care، Kids Concerns، Kids Sunscreen، Sun Care، Sunscreen.,https://alfouadpharmacies.com/en/products/luna-kids-sunscreen-spf50-130ml,AlFouad Pharmacies,Verify usage rights before commercial publication,غير مثبت,غير مثبت,مرجعي فقط — غير معتمد للنشر التجاري,بيانات مرجعية متاحة؛ يلزم تحقق PM,ضمن الفحص المبدئي
10569895510319,jampj-body-care-cream-100ml-glycerin,كريم العناية بالجسم من جونسون آند جونسون، 100 مل، جلسرين,J&J,العناية بالأطفال,العناية بالأطفال,1,بسيط,22883,75,22.5,52.5,,متاح لدى المصدر,https://cdn.shopify.com/s/files/1/0935/9550/0847/files/JJ-Body-Care-Cream-100-ml-Glycerin.webp?v=1754298201,منتج كريم العناية بالجسم من جونسون آند جونسون، 100 مل، جلسرين من J&J. التصنيف المرجعي: العناية بالأطفال — بسيط. الوسوم المرجعية: Baby Care، Kids Care، Kids Concerns، Kids Dry Skin، Kids Moisturizer.,https://alfouadpharmacies.com/en/products/jampj-body-care-cream-100ml-glycerin,AlFouad Pharmacies,Verify usage rights before commercial publication,غير مثبت,غير مثبت,مرجعي فقط — غير معتمد للنشر التجاري,بيانات مرجعية متاحة؛ يلزم تحقق PM,ضمن الفحص المبدئي
10569808052527,the-hair-addict-kids-bubble-trouble-conditioner-500ml,"بلسم الشعر للأطفال من ذا هير أديكت، إصدار ""مشكلة الفقاعات""، سعة 500 مل.",The Hair Addict,العناية بالأطفال,العناية بالأطفال,1,بسيط,27916,340,102,238,0,متاح لدى المصدر,https://cdn.shopify.com/s/files/1/0935/9550/0847/files/The-Hair-Addict-Kids-Bubble-Trouble-Cond-500ml.webp?v=1754298744,"منتج بلسم الشعر للأطفال من ذا هير أديكت، إصدار ""مشكلة الفقاعات""، سعة 500 مل. من The Hair Addict. التصنيف المرجعي: العناية بالأطفال — بسيط. الوسوم المرجعية: Kids Care، Kids Conditioner، Kids Hair.",https://alfouadpharmacies.com/en/products/the-hair-addict-kids-bubble-trouble-conditioner-500ml,AlFouad Pharmacies,Verify usage rights before commercial publication,غير مثبت,غير مثبت,مرجعي فقط — غير معتمد للنشر التجاري,بيانات مرجعية متاحة؛ يلزم تحقق PM,ضمن الفحص المبدئي
10569807855919,the-hair-addict-kids-conditioner-250ml,بلسم الشعر للأطفال من ذا هير أديكت 250 مل,The Hair Addict,العناية بالأطفال,العناية بالأطفال,1,بسيط,17380,199,59.7,139.3,0,متاح لدى المصدر,https://cdn.shopify.com/s/files/1/0935/9550/0847/files/The-Hair-Addict-Kids-Conditioner-250ml.webp?v=1754298745,منتج بلسم الشعر للأطفال من ذا هير أديكت 250 مل من The Hair Addict. التصنيف المرجعي: العناية بالأطفال — بسيط. الوسوم المرجعية: Anti-Frizz، Kids Care، Kids Concerns، Kids Conditioner، Kids Hair.,https://alfouadpharmacies.com/en/products/the-hair-addict-kids-conditioner-250ml,AlFouad Pharmacies,Verify usage rights before commercial publication,غير مثبت,غير مثبت,مرجعي فقط — غير معتمد للنشر التجاري,بيانات مرجعية متاحة؛ يلزم تحقق PM,ضمن الفحص المبدئي
10569805234479,penduline-baby-antidandruff-hair-cream-150ml,كريم شعر مضاد للقشرة للرضع من بيندولين 150 مل,Penduline,العناية بالأطفال,العناية بالأطفال,1,بسيط,10239,179,53.7,125.3,,متاح لدى المصدر,https://cdn.shopify.com/s/files/1/0935/9550/0847/files/Penduline-Baby-Antidandruff-Hair-Cream-150ml.webp?v=1754298764,منتج كريم شعر مضاد للقشرة للرضع من بيندولين 150 مل من Penduline. التصنيف المرجعي: العناية بالأطفال — بسيط. الوسوم المرجعية: Baby Care، Kids Care، Kids Concerns، Kids Hair، Kids Hair Cream.,https://alfouadpharmacies.com/en/products/penduline-baby-antidandruff-hair-cream-150ml,AlFouad Pharmacies,Verify usage rights before commercial publication,غير مثبت,غير مثبت,مرجعي فقط — غير معتمد للنشر التجاري,بيانات مرجعية متاحة؛ يلزم تحقق PM,ضمن الفحص المبدئي
10569805103407,penduline-baby-cologen-100ml-soft-touch,كولونيا بيندولين للأطفال 100 مل، لمسة ناعمة,Penduline,العناية بالأطفال,العناية بالأطفال,1,بسيط,21505,119,35.7,83.3,,غير متاح لدى المصدر,https://cdn.shopify.com/s/files/1/0935/9550/0847/files/Penduline-Baby-Cologen-100ml-Soft-Touch.webp?v=1754298764,منتج كولونيا بيندولين للأطفال 100 مل، لمسة ناعمة من Penduline. التصنيف المرجعي: العناية بالأطفال — بسيط. الوسوم المرجعية: Baby Care، Kids Care، Kids Concerns، Kids Deodorant.,https://alfouadpharmacies.com/en/products/penduline-baby-cologen-100ml-soft-touch,AlFouad Pharmacies,Verify usage rights before commercial publication,غير مثبت,غير مثبت,مرجعي فقط — غير معتمد للنشر التجاري,بيانات مرجعية متاحة؛ يلزم تحقق PM,ضمن الفحص المبدئي
10569800515887,penduline-kids-moringa-hair-shampoo-300ml,شامبو شعر الأطفال من بيندولين، مغذي بزيت المورينغا، 300 مل,Penduline,العناية بالأطفال,العناية بالأطفال,1,بسيط,92018,230,69,161,,متاح لدى المصدر,https://cdn.shopify.com/s/files/1/0935/9550/0847/files/Penduline-Kids-Moringa-Hair-Shampoo-300ml.webp?v=1754298802,منتج شامبو شعر الأطفال من بيندولين، مغذي بزيت المورينغا، 300 مل من Penduline. التصنيف المرجعي: العناية بالأطفال — بسيط. الوسوم المرجعية: Kids Care، Kids Hair، Kids Shampoo.,https://alfouadpharmacies.com/en/products/penduline-kids-moringa-hair-shampoo-300ml,AlFouad Pharmacies,Verify usage rights before commercial publication,غير مثبت,غير مثبت,مرجعي فقط — غير معتمد للنشر التجاري,بيانات مرجعية متاحة؛ يلزم تحقق PM,ضمن الفحص المبدئي
10569800450351,penduline-kids-curly-conditioner-300ml,بلسم للشعر المجعد للأطفال من بيندولين، 300 مل,Penduline,العناية بالأطفال,العناية بالأطفال,1,بسيط,18927,230,69,161,,متاح لدى المصدر,https://cdn.shopify.com/s/files/1/0935/9550/0847/files/Penduline-Kids-Curly-Conditioner-300ml.webp?v=1754298802,منتج بلسم للشعر المجعد للأطفال من بيندولين، 300 مل من Penduline. التصنيف المرجعي: العناية بالأطفال — بسيط. الوسوم المرجعية: Curly Conditioner، Curly Hair، Kids Care.,https://alfouadpharmacies.com/en/products/penduline-kids-curly-conditioner-300ml,AlFouad Pharmacies,Verify usage rights before commercial publication,غير مثبت,غير مثبت,مرجعي فقط — غير معتمد للنشر التجاري,بيانات مرجعية متاحة؛ يلزم تحقق PM,ضمن الفحص المبدئي
10569800089903,penduline-kids-moringa-hair-cream-150ml,كريم شعر مورينغا للأطفال من بيندولين 150 مل,Penduline,العناية بالأطفال,العناية بالأطفال,1,بسيط,21631,185,55.5,129.5,,متاح لدى المصدر,https://cdn.shopify.com/s/files/1/0935/9550/0847/files/Penduline-Kids-Moringa-Hair-Cream-150ml.webp?v=1754298805,منتج كريم شعر مورينغا للأطفال من بيندولين 150 مل من Penduline. التصنيف المرجعي: العناية بالأطفال — بسيط. الوسوم المرجعية: Anti-Frizz، Kids Care، Kids Concerns، Kids Hair، Kids Hair Cream.,https://alfouadpharmacies.com/en/products/penduline-kids-moringa-hair-cream-150ml,AlFouad Pharmacies,Verify usage rights before commercial publication,غير مثبت,غير مثبت,مرجعي فقط — غير معتمد للنشر التجاري,بيانات مرجعية متاحة؛ يلزم تحقق PM,ضمن الفحص المبدئي
10569800024367,penduline-shower-gel-fresh-lemon-450300-ml,جل استحمام بيندولين بالليمون المنعش 450/300 مل,Penduline,العناية بالأطفال,العناية بالأطفال,1,بسيط,25799,219,65.7,153.3,,غير متاح لدى المصدر,https://cdn.shopify.com/s/files/1/0935/9550/0847/files/Penduline-Shower-Gel-Fresh-Lemon-450300-ml.webp?v=1754298806,منتج جل استحمام بيندولين بالليمون المنعش 450/300 مل من Penduline. التصنيف المرجعي: العناية بالأطفال — بسيط. الوسوم المرجعية: Kids Care، Kids Shower.,https://alfouadpharmacies.com/en/products/penduline-shower-gel-fresh-lemon-450300-ml,AlFouad Pharmacies,Verify usage rights before commercial publication,غير مثبت,غير مثبت,مرجعي فقط — غير معتمد للنشر التجاري,بيانات مرجعية متاحة؛ يلزم تحقق PM,ضمن الفحص المبدئي
10569798680879,penduline-kids-curly-shea-butter-condition-300ml,بلسم للشعر المجعد للأطفال من بيندولين، بزبدة الشيا، 300 مل,Penduline,العناية بالأطفال,العناية بالأطفال,1,بسيط,108664,230,69,161,,متاح لدى المصدر,https://cdn.shopify.com/s/files/1/0935/9550/0847/files/Penduline-Kids-Curly-Shea-Butter-Condition-300ml.webp?v=1754298813,منتج بلسم للشعر المجعد للأطفال من بيندولين، بزبدة الشيا، 300 مل من Penduline. التصنيف المرجعي: العناية بالأطفال — بسيط. الوسوم المرجعية: Curly Conditioner، Curly Hair، Dry & Damage Hair، Kids Care، Kids Concerns.,https://alfouadpharmacies.com/en/products/penduline-kids-curly-shea-butter-condition-300ml,AlFouad Pharmacies,Verify usage rights before commercial publication,غير مثبت,غير مثبت,مرجعي فقط — غير معتمد للنشر التجاري,بيانات مرجعية متاحة؛ يلزم تحقق PM,ضمن الفحص المبدئي
10569798254895,penduline-kids-moringa-argan-hair-serum-60ml,مصل الشعر من بيندولين للأطفال بزيت المورينغا والأرغان 60 مل,Penduline,العناية بالأطفال,العناية بالأطفال,1,بسيط,17683,350,105,245,,متاح لدى المصدر,https://cdn.shopify.com/s/files/1/0935/9550/0847/files/Penduline-Kids-Moringa-Argan-Hair-Serum-60ml.webp?v=1754298816,منتج مصل الشعر من بيندولين للأطفال بزيت المورينغا والأرغان 60 مل من Penduline. التصنيف المرجعي: العناية بالأطفال — بسيط. الوسوم المرجعية: Anti-Frizz، Kids Care، Kids Concerns، Kids Hair، Kids Hair Serum.,https://alfouadpharmacies.com/en/products/penduline-kids-moringa-argan-hair-serum-60ml,AlFouad Pharmacies,Verify usage rights before commercial publication,غير مثبت,غير مثبت,مرجعي فقط — غير معتمد للنشر التجاري,بيانات مرجعية متاحة؛ يلزم تحقق PM,ضمن الفحص المبدئي
10569797730607,eva-bebe-shower-cream-200ml,كريم استحمام إيفا بيبي 200 مل,AlFouad Pharmacies,العناية بالأطفال,العناية بالأطفال,1,بسيط,110995,90,27,63,,غير متاح لدى المصدر,https://cdn.shopify.com/s/files/1/0935/9550/0847/files/Eva-Bebe-Shower-Cream-200ml.webp?v=1754298819,منتج كريم استحمام إيفا بيبي 200 مل من AlFouad Pharmacies. التصنيف المرجعي: العناية بالأطفال — بسيط. الوسوم المرجعية: Baby Care، Kids Care، Kids Concerns، Kids Shower.,https://alfouadpharmacies.com/en/products/eva-bebe-shower-cream-200ml,AlFouad Pharmacies,Verify usage rights before commercial publication,غير مثبت,غير مثبت,مرجعي فقط — غير معتمد للنشر التجاري,بيانات مرجعية متاحة؛ يلزم تحقق PM,ضمن الفحص المبدئي
12689441947951,bino-trust-fluffino-hair-leave-in-cond-350ml,بلسم الشعر الذي يُترك على الشعر من بينو تراست فلافينو، 350 مل,AlFouad Pharmacies,العناية بالأطفال,العناية بالأطفال,1,,113580,245,73.5,171.5,,متاح لدى المصدر,https://cdn.shopify.com/s/files/1/0935/9550/0847/files/BINOTRUSTFLUFFINOHAIRLEAVEINCOND350ML.webp?v=1772108831,منتج بلسم الشعر الذي يُترك على الشعر من بينو تراست فلافينو، 350 مل من AlFouad Pharmacies. التصنيف المرجعي: العناية بالأطفال. الوسوم المرجعية: Kids Hair، Kids Hair Cream، Kids Leave-in Conditioner.,https://alfouadpharmacies.com/en/products/bino-trust-fluffino-hair-leave-in-cond-350ml,AlFouad Pharmacies,Verify usage rights before commercial publication,غير مثبت,غير مثبت,مرجعي فقط — غير معتمد للنشر التجاري,بيانات مرجعية متاحة؛ يلزم تحقق PM,ضمن الفحص المبدئي
12689667129647,nivea-soft-moisturizing-cream-200ml-offer,عرض كريم نيفيا سوفت المرطب 200 مل,AlFouad Pharmacies,العناية بالأطفال,العناية بالبشرة | العناية بالجسم | العناية بالأطفال,3,بسيط,85123,154,46.2,107.8,,متاح لدى المصدر,https://cdn.shopify.com/s/files/1/0935/9550/0847/files/Nivea_Soft_Cream_Jojoba_100ml_PureWhite_1615x1615_ee012a60-147d-4c75-8e3b-f9acc4329731.webp?v=1772283625,منتج عرض كريم نيفيا سوفت المرطب 200 مل من AlFouad Pharmacies. التصنيف المرجعي: العناية بالأطفال — بسيط. الوسوم المرجعية: Body Care، Body Concerns، Dry Skin body concerns، Kids Care، Kids Hair، Moisturizer Cream، Moisturizers، Skin Care.,https://alfouadpharmacies.com/en/products/nivea-soft-moisturizing-cream-200ml-offer,AlFouad Pharmacies,Verify usage rights before commercial publication,غير مثبت,غير مثبت,مرجعي فقط — غير معتمد للنشر التجاري,بيانات مرجعية متاحة؛ يلزم تحقق PM,ضمن الفحص المبدئي
12689513185583,sanosan-bath-shampoo-peach-200ml,شامبو وغسول للجسم برائحة الخوخ من سانوسان، 200 مل,Sanosan,العناية بالأطفال,العناية بالأطفال,1,Shampoo,20307,302.9,90.87,212.03,,متاح لدى المصدر,https://cdn.shopify.com/s/files/1/0935/9550/0847/files/Gemini_Generated_Image_pwss15pwss15pwss.webp?v=1789633762,منتج شامبو وغسول للجسم برائحة الخوخ من سانوسان، 200 مل من Sanosan. التصنيف المرجعي: العناية بالأطفال — Shampoo. الوسوم المرجعية: Baby Care، Kids Care، Kids Shampoo.,https://alfouadpharmacies.com/en/products/sanosan-bath-shampoo-peach-200ml,AlFouad Pharmacies,Verify usage rights before commercial publication,غير مثبت,غير مثبت,مرجعي فقط — غير معتمد للنشر التجاري,بيانات مرجعية متاحة؛ يلزم تحقق PM,ضمن الفحص المبدئي
12689441128751,lucky-owl-bath-shampoo-200ml,شامبو وغسول للجسم من لاكي أول، 200 مل,LUCKY OWL,العناية بالأطفال,العناية بالأطفال,1,,115209,260,78,182,,متاح لدى المصدر,https://cdn.shopify.com/s/files/1/0935/9550/0847/files/LUCKYOWLBATH_SHAMPOO200ML.webp?v=1772099837,منتج شامبو وغسول للجسم من لاكي أول، 200 مل من LUCKY OWL. التصنيف المرجعي: العناية بالأطفال. الوسوم المرجعية: Kids Care، Kids Shampoo، Kids Shower.,https://alfouadpharmacies.com/en/products/lucky-owl-bath-shampoo-200ml,AlFouad Pharmacies,Verify usage rights before commercial publication,غير مثبت,غير مثبت,مرجعي فقط — غير معتمد للنشر التجاري,بيانات مرجعية متاحة؛ يلزم تحقق PM,ضمن الفحص المبدئي
10569894396207,jampj-baby-conditioner-500ml,بلسم جونسون للأطفال ٥٠٠ مل,J&J,العناية بالأطفال,العناية بالأطفال,1,بسيط,86409,180,54,126,,متاح لدى المصدر,https://cdn.shopify.com/s/files/1/0935/9550/0847/files/JJ-Baby-Conditioner-500-ml.webp?v=1754298216,منتج بلسم جونسون للأطفال ٥٠٠ مل من J&J. التصنيف المرجعي: العناية بالأطفال — بسيط. الوسوم المرجعية: Baby Care، Kids Care، Kids Concerns، Kids Conditioner، Kids Hair.,https://alfouadpharmacies.com/en/products/jampj-baby-conditioner-500ml,AlFouad Pharmacies,Verify usage rights before commercial publication,غير مثبت,غير مثبت,مرجعي فقط — غير معتمد للنشر التجاري,بيانات مرجعية متاحة؛ يلزم تحقق PM,ضمن الفحص المبدئي
10569846063407,dabur-amla-kids-hair-oil-270ml,زيت دابور أملا للشعر للأطفال 270 مل,AlFouad Pharmacies,العناية بالأطفال,العناية بالأطفال,1,بسيط,9228,115,34.5,80.5,,متاح لدى المصدر,https://cdn.shopify.com/s/files/1/0935/9550/0847/files/Dabur-Amla-Kids-Hair-Oil-270ML.webp?v=1754298475,منتج زيت دابور أملا للشعر للأطفال 270 مل من AlFouad Pharmacies. التصنيف المرجعي: العناية بالأطفال — بسيط. الوسوم المرجعية: Anti-Frizz، Kids Care، Kids Concerns، Kids Hair، Kids Hair Oil.,https://alfouadpharmacies.com/en/products/dabur-amla-kids-hair-oil-270ml,AlFouad Pharmacies,Verify usage rights before commercial publication,غير مثبت,غير مثبت,مرجعي فقط — غير معتمد للنشر التجاري,بيانات مرجعية متاحة؛ يلزم تحقق PM,ضمن الفحص المبدئي
10569845965103,dabur-amla-kids-hair-oil-200ml,زيت دابور أملا للشعر للأطفال 200 مل,AlFouad Pharmacies,العناية بالأطفال,العناية بالأطفال,1,بسيط,82105,96,28.8,67.2,,متاح لدى المصدر,https://cdn.shopify.com/s/files/1/0935/9550/0847/files/Dabur-Amla-Kids-Hair-Oil-200ML.webp?v=1754298476,منتج زيت دابور أملا للشعر للأطفال 200 مل من AlFouad Pharmacies. التصنيف المرجعي: العناية بالأطفال — بسيط. الوسوم المرجعية: Anti-Frizz، Kids Care، Kids Concerns، Kids Hair، Kids Hair Oil.,https://alfouadpharmacies.com/en/products/dabur-amla-kids-hair-oil-200ml,AlFouad Pharmacies,Verify usage rights before commercial publication,غير مثبت,غير مثبت,مرجعي فقط — غير معتمد للنشر التجاري,بيانات مرجعية متاحة؛ يلزم تحقق PM,ضمن الفحص المبدئي
10569808216367,tola-kids-curly-leave-in-cream-120ml-11-off,كريم تويلا للأطفال لتصفيف الشعر المجعد 120 مل، عرض 1+1,AlFouad Pharmacies,العناية بالأطفال,العناية بالأطفال,1,بسيط,9569,349,104.7,244.3,,غير متاح لدى المصدر,https://cdn.shopify.com/s/files/1/0935/9550/0847/files/Tola-Kids-Curly-Leave-in-Cream-120ml-11-Off.webp?v=1754298743,منتج كريم تويلا للأطفال لتصفيف الشعر المجعد 120 مل، عرض 1+1 من AlFouad Pharmacies. التصنيف المرجعي: العناية بالأطفال — بسيط. الوسوم المرجعية: Anti-Frizz، Kids Care، Kids Concerns، Kids Offers.,https://alfouadpharmacies.com/en/products/tola-kids-curly-leave-in-cream-120ml-11-off,AlFouad Pharmacies,Verify usage rights before commercial publication,غير مثبت,غير مثبت,مرجعي فقط — غير معتمد للنشر التجاري,بيانات مرجعية متاحة؛ يلزم تحقق PM,ضمن الفحص المبدئي
10569807921455,the-hair-addict-kids-reactivator-spray-250ml,بخاخ إعادة تنشيط الشعر للأطفال من هير أديكت، 250 مل,The Hair Addict,العناية بالأطفال,العناية بالأطفال,1,بسيط,110669,220,66,154,0,متاح لدى المصدر,https://cdn.shopify.com/s/files/1/0935/9550/0847/files/The-Hair-Addict-Kids-Reactivator-Spray-250ml.webp?v=1754298744,منتج بخاخ إعادة تنشيط الشعر للأطفال من هير أديكت، 250 مل من The Hair Addict. التصنيف المرجعي: العناية بالأطفال — بسيط. الوسوم المرجعية: Anti-Frizz، Curls Activator، Curly Hair، Kids Care، Kids Concerns.,https://alfouadpharmacies.com/en/products/the-hair-addict-kids-reactivator-spray-250ml,AlFouad Pharmacies,Verify usage rights before commercial publication,غير مثبت,غير مثبت,مرجعي فقط — غير معتمد للنشر التجاري,بيانات مرجعية متاحة؛ يلزم تحقق PM,ضمن الفحص المبدئي
10569805627695,penduline-kids-shampoo-65ml,شامبو الأطفال من بيندولين 65 مل,Penduline,العناية بالأطفال,العناية بالأطفال,1,بسيط,94371,90,27,63,,غير متاح لدى المصدر,https://cdn.shopify.com/s/files/1/0935/9550/0847/files/Penduline-Kids-Shampoo-65ml.webp?v=1754298762,منتج شامبو الأطفال من بيندولين 65 مل من Penduline. التصنيف المرجعي: العناية بالأطفال — بسيط. الوسوم المرجعية: Kids Care، Kids Hair، Kids Shampoo.,https://alfouadpharmacies.com/en/products/penduline-kids-shampoo-65ml,AlFouad Pharmacies,Verify usage rights before commercial publication,غير مثبت,غير مثبت,مرجعي فقط — غير معتمد للنشر التجاري,بيانات مرجعية متاحة؛ يلزم تحقق PM,ضمن الفحص المبدئي
10569802678575,mustela-nourishing-cleansing-gel-cc-300ml,جل تنظيف مغذي من موستيلا CC 300 مل,Mustela,العناية بالأطفال,العناية بالأطفال,1,بسيط,18096,925,277.5,647.5,,متاح لدى المصدر,https://cdn.shopify.com/s/files/1/0935/9550/0847/files/Mustela-Nourishing-Cleansing-Gel-CC-300ML.webp?v=1754298787,منتج جل تنظيف مغذي من موستيلا CC 300 مل من Mustela. التصنيف المرجعي: العناية بالأطفال — بسيط. الوسوم المرجعية: Baby Care، Kids Care، Kids Concerns، Kids Shower.,https://alfouadpharmacies.com/en/products/mustela-nourishing-cleansing-gel-cc-300ml,AlFouad Pharmacies,Verify usage rights before commercial publication,غير مثبت,غير مثبت,مرجعي فقط — غير معتمد للنشر التجاري,بيانات مرجعية متاحة؛ يلزم تحقق PM,ضمن الفحص المبدئي
10569799303471,penduline-kids-hair-mask-300ml,قناع شعر الأطفال من بيندولين 300 مل,Penduline,العناية بالأطفال,العناية بالأطفال,1,بسيط,85706,255,76.5,178.5,,متاح لدى المصدر,https://cdn.shopify.com/s/files/1/0935/9550/0847/files/Penduline-Kids-Hair-Mask-300ml.webp?v=1754298810,منتج قناع شعر الأطفال من بيندولين 300 مل من Penduline. التصنيف المرجعي: العناية بالأطفال — بسيط. الوسوم المرجعية: Dry & Damage Hair، Kids Care، Kids Concerns، Kids Hair، Kids Hair Mask.,https://alfouadpharmacies.com/en/products/penduline-kids-hair-mask-300ml,AlFouad Pharmacies,Verify usage rights before commercial publication,غير مثبت,غير مثبت,مرجعي فقط — غير معتمد للنشر التجاري,بيانات مرجعية متاحة؛ يلزم تحقق PM,ضمن الفحص المبدئي
10569744580911,bionnex-preventiva-sun-kids-spray-spf50-200ml,بخاخ بيونيكس بريفينتيڤا صن للأطفال، عامل حماية من الشمس 50+، 200 مل,BIONNEX,العناية بالأطفال,العناية بالبشرة | العناية بالأطفال,2,بسيط,12200,675,202.5,472.5,,غير متاح لدى المصدر,https://cdn.shopify.com/s/files/1/0935/9550/0847/files/Bionnex-Preventiva-Sun-Kids-Spray-SPF50-200ML.webp?v=1754298867,منتج بخاخ بيونيكس بريفينتيڤا صن للأطفال، عامل حماية من الشمس 50+، 200 مل من BIONNEX. التصنيف المرجعي: العناية بالأطفال — بسيط. الوسوم المرجعية: Kids Care، Kids Concerns، Kids Sunscreen، Skin Care، SPF 50، Sun Care، Sunscreen.,https://alfouadpharmacies.com/en/products/bionnex-preventiva-sun-kids-spray-spf50-200ml,AlFouad Pharmacies,Verify usage rights before commercial publication,غير مثبت,غير مثبت,مرجعي فقط — غير معتمد للنشر التجاري,بيانات مرجعية متاحة؛ يلزم تحقق PM,ضمن الفحص المبدئي
10569744417071,isis-uveblock-spf-50-spray-kids-200ml,آيسيس. يو في بلوك سبراي واقي من الشمس للأطفال 50+  200 مل,isis,العناية بالأطفال,العناية بالبشرة | العناية بالأطفال,2,واقي شمس ,30168,1439,431.7,1007.3,,متاح لدى المصدر,https://cdn.shopify.com/s/files/1/0935/9550/0847/files/1_-_2026-06-30T171840.853.webp?v=1782829139,منتج آيسيس. يو في بلوك سبراي واقي من الشمس للأطفال 50+  200 مل من isis. التصنيف المرجعي: العناية بالأطفال — واقي شمس . الوسوم المرجعية: Kids Care، Kids Concerns، Kids Sunscreen، Skin Care، Skin Concerns، SPF 50، Sun Care، Sunscreen.,https://alfouadpharmacies.com/en/products/isis-uveblock-spf-50-spray-kids-200ml,AlFouad Pharmacies,Verify usage rights before commercial publication,غير مثبت,غير مثبت,مرجعي فقط — غير معتمد للنشر التجاري,بيانات مرجعية متاحة؛ يلزم تحقق PM,ضمن الفحص المبدئي
12689565024559,the-hair-addict-kids-bubble-trouble-sham-500ml,"شامبو الأطفال ""ذا هير أديكت"" برائحة الفقاعات ٥٠٠ مل ",The Hair Addict,العناية بالأطفال,العناية بالشعر | العناية بالأطفال,2,,83126,340,102,238,0,متاح لدى المصدر,https://cdn.shopify.com/s/files/1/0935/9550/0847/files/TheHairAddictKidsBubbleTroubleSham500ML.webp?v=1771920545,"منتج شامبو الأطفال ""ذا هير أديكت"" برائحة الفقاعات ٥٠٠ مل  من The Hair Addict. التصنيف المرجعي: العناية بالأطفال. الوسوم المرجعية: Hair Care، Hair Concerns، Hair Shampoo، Kids Hair.",https://alfouadpharmacies.com/en/products/the-hair-addict-kids-bubble-trouble-sham-500ml,AlFouad Pharmacies,Verify usage rights before commercial publication,غير مثبت,غير مثبت,مرجعي فقط — غير معتمد للنشر التجاري,بيانات مرجعية متاحة؛ يلزم تحقق PM,ضمن الفحص المبدئي
12689512988975,sanosan-baby-body-lotion-100ml,لوشن للجسم للأطفال من سانوسان 100 مل,Sanosan,العناية بالأطفال,العناية بالأطفال,1,,94721,194.9,58.47,136.43,,غير متاح لدى المصدر,https://cdn.shopify.com/s/files/1/0935/9550/0847/files/Sanosan_Baby_Care_Lotion_1615x1615_157d92cd-f86e-45d2-91d6-e62935f6296d.webp?v=1771840006,منتج لوشن للجسم للأطفال من سانوسان 100 مل من Sanosan. التصنيف المرجعي: العناية بالأطفال. الوسوم المرجعية: Baby Care، Kids Care.,https://alfouadpharmacies.com/en/products/sanosan-baby-body-lotion-100ml,AlFouad Pharmacies,Verify usage rights before commercial publication,غير مثبت,غير مثبت,مرجعي فقط — غير معتمد للنشر التجاري,بيانات مرجعية متاحة؛ يلزم تحقق PM,ضمن الفحص المبدئي
12689441915183,bino-trust-bubblino-shower-gel-350ml,جل استحمام بينو تراست بابلينو 350 مل,AlFouad Pharmacies,العناية بالأطفال,العناية بالأطفال,1,,113581,115,34.5,80.5,,متاح لدى المصدر,https://cdn.shopify.com/s/files/1/0935/9550/0847/files/BINOTRUSTBUBBLINOSHOWERGEL350ML.webp?v=1772108868,منتج جل استحمام بينو تراست بابلينو 350 مل من AlFouad Pharmacies. التصنيف المرجعي: العناية بالأطفال. الوسوم المرجعية: Kids Care، Kids Shower.,https://alfouadpharmacies.com/en/products/bino-trust-bubblino-shower-gel-350ml,AlFouad Pharmacies,Verify usage rights before commercial publication,غير مثبت,غير مثبت,مرجعي فقط — غير معتمد للنشر التجاري,بيانات مرجعية متاحة؛ يلزم تحقق PM,ضمن الفحص المبدئي
12689441816879,bino-trust-coolino-shower-gel-350ml,جل استحمام بينو ترست كولينو 350 مل,AlFouad Pharmacies,العناية بالأطفال,العناية بالأطفال,1,,113582,115,34.5,80.5,,متاح لدى المصدر,https://cdn.shopify.com/s/files/1/0935/9550/0847/files/BINOTRUSTCOOLINOSHOWERGEL350ML.webp?v=1772108894,منتج جل استحمام بينو ترست كولينو 350 مل من AlFouad Pharmacies. التصنيف المرجعي: العناية بالأطفال. الوسوم المرجعية: Kids Care، Kids Shower.,https://alfouadpharmacies.com/en/products/bino-trust-coolino-shower-gel-350ml,AlFouad Pharmacies,Verify usage rights before commercial publication,غير مثبت,غير مثبت,مرجعي فقط — غير معتمد للنشر التجاري,بيانات مرجعية متاحة؛ يلزم تحقق PM,ضمن الفحص المبدئي
10589303537967,mustela-kids-sun-lotion-50-spf-100ml,لوشن حماية من الشمس للأطفال من موستيلا، 50 SPF، 100 مل,Mustela,العناية بالأطفال,العناية بالأطفال,1,,103976,999,299.7,699.3,,غير متاح لدى المصدر,https://cdn.shopify.com/s/files/1/0935/9550/0847/files/mustela-002694mu_08.webp?v=1754296953,منتج لوشن حماية من الشمس للأطفال من موستيلا، 50 SPF، 100 مل من Mustela. التصنيف المرجعي: العناية بالأطفال. الوسوم المرجعية: Baby Care، Kids Care، Kids Sunscreen.,https://alfouadpharmacies.com/en/products/mustela-kids-sun-lotion-50-spf-100ml,AlFouad Pharmacies,Verify usage rights before commercial publication,غير مثبت,غير مثبت,مرجعي فقط — غير معتمد للنشر التجاري,بيانات مرجعية متاحة؛ يلزم تحقق PM,ضمن الفحص المبدئي
10569927819567,vatika-baby-olive-massage-oil-100ml,زيت تدليك زيتون فيتيكا للأطفال 100 مل,AlFouad Pharmacies,العناية بالأطفال,العناية بالأطفال,1,بسيط,94928,50,15,35,,غير متاح لدى المصدر,https://cdn.shopify.com/s/files/1/0935/9550/0847/files/Vatika-Baby-Olive-Massage-Oil-100ML.webp?v=1754297808,منتج زيت تدليك زيتون فيتيكا للأطفال 100 مل من AlFouad Pharmacies. التصنيف المرجعي: العناية بالأطفال — بسيط. الوسوم المرجعية: Baby Care، Kids Care، Kids Concerns، Kids Hair، Kids Hair Oil.,https://alfouadpharmacies.com/en/products/vatika-baby-olive-massage-oil-100ml,AlFouad Pharmacies,Verify usage rights before commercial publication,غير مثبت,غير مثبت,مرجعي فقط — غير معتمد للنشر التجاري,بيانات مرجعية متاحة؛ يلزم تحقق PM,ضمن الفحص المبدئي
10569914155311,nivea-soft-cream-100ml-natural-fairness-off-30,نيفيا كريم سوفت 100 مل، نضارة طبيعية، خصم 30%,AlFouad Pharmacies,العناية بالأطفال,العناية بالبشرة | العناية بالجسم | العناية بالأطفال,3,بسيط,6430,56,16.8,39.2,,متاح لدى المصدر,https://cdn.shopify.com/s/files/1/0935/9550/0847/files/Nivea-Soft-Cream-100ML-Natural-Fairness-Off-30.webp?v=1754297960,منتج نيفيا كريم سوفت 100 مل، نضارة طبيعية، خصم 30% من AlFouad Pharmacies. التصنيف المرجعي: العناية بالأطفال — بسيط. الوسوم المرجعية: Body Care، Body Concerns، Dry Skin body concerns، Kids Care، Kids Hair، Moisturizer Cream، Moisturizers، Skin Care.,https://alfouadpharmacies.com/en/products/nivea-soft-cream-100ml-natural-fairness-off-30,AlFouad Pharmacies,Verify usage rights before commercial publication,غير مثبت,غير مثبت,مرجعي فقط — غير معتمد للنشر التجاري,بيانات مرجعية متاحة؛ يلزم تحقق PM,ضمن الفحص المبدئي
10569897476399,jampj-baby-conditioner-1000ml,بلسم الأطفال من جونسون آند جونسون 1000 مل,J&J,العناية بالأطفال,العناية بالأطفال,1,بسيط,31711,88,26.4,61.6,,غير متاح لدى المصدر,https://cdn.shopify.com/s/files/1/0935/9550/0847/files/JJ-Baby-Conditioner-1000-ml.webp?v=1754298174,منتج بلسم الأطفال من جونسون آند جونسون 1000 مل من J&J. التصنيف المرجعي: العناية بالأطفال — بسيط. الوسوم المرجعية: Baby Care، Kids Care، Kids Concerns، Kids Conditioner، Kids Hair.,https://alfouadpharmacies.com/en/products/jampj-baby-conditioner-1000ml,AlFouad Pharmacies,Verify usage rights before commercial publication,غير مثبت,غير مثبت,مرجعي فقط — غير معتمد للنشر التجاري,بيانات مرجعية متاحة؛ يلزم تحقق PM,ضمن الفحص المبدئي
10569897345327,jampj-baby-shampoo-750mlcond-300ml-offer,عرض شامبو جونسون للأطفال 750 مل + بلسم 300 مل,J&J,العناية بالأطفال,العناية بالأطفال,1,بسيط,83329,244,73.2,170.8,,غير متاح لدى المصدر,https://cdn.shopify.com/s/files/1/0935/9550/0847/files/JJ-Baby-Shampoo-750MLCOND-300ML-Offer.webp?v=1754298176,منتج عرض شامبو جونسون للأطفال 750 مل + بلسم 300 مل من J&J. التصنيف المرجعي: العناية بالأطفال — بسيط. الوسوم المرجعية: Baby Care، Kids Care، Kids Concerns، Kids Offers.,https://alfouadpharmacies.com/en/products/jampj-baby-shampoo-750mlcond-300ml-offer,AlFouad Pharmacies,Verify usage rights before commercial publication,غير مثبت,غير مثبت,مرجعي فقط — غير معتمد للنشر التجاري,بيانات مرجعية متاحة؛ يلزم تحقق PM,ضمن الفحص المبدئي
10569896591663,jampj-vita-rich-hand-wash-raspberryamppeony-300ml-off,غسول اليدين جيه آند جيه فيتا-ريتش (توت العليق والفاوانيا) 300 مل خصم,J&J,العناية بالأطفال,العناية بالجسم | العناية بالأطفال,2,بسيط,97974,50,15,35,,غير متاح لدى المصدر,https://cdn.shopify.com/s/files/1/0935/9550/0847/files/JJ-Vita-Rich-Hand-Wash-RaspberryPeony-300MLOFF.webp?v=1754298184,منتج غسول اليدين جيه آند جيه فيتا-ريتش (توت العليق والفاوانيا) 300 مل خصم من J&J. التصنيف المرجعي: العناية بالأطفال — بسيط. الوسوم المرجعية: Body Care، Hand Wash، Kids Care، Kids Hair.,https://alfouadpharmacies.com/en/products/jampj-vita-rich-hand-wash-raspberryamppeony-300ml-off,AlFouad Pharmacies,Verify usage rights before commercial publication,غير مثبت,غير مثبت,مرجعي فقط — غير معتمد للنشر التجاري,بيانات مرجعية متاحة؛ يلزم تحقق PM,ضمن الفحص المبدئي
10569896526127,jampj-vita-rich-hand-wash-pomegranate-300ml-off,غسول اليدين جيه آند جيه فيتا-ريتش (برائحة الرمان) 300 مل بخصم,J&J,العناية بالأطفال,العناية بالجسم | العناية بالأطفال,2,بسيط,95754,50,15,35,,غير متاح لدى المصدر,https://cdn.shopify.com/s/files/1/0935/9550/0847/files/JJ-Vita-Rich-Hand-Wash-Pomegranate-300ML-Off.webp?v=1754298184,منتج غسول اليدين جيه آند جيه فيتا-ريتش (برائحة الرمان) 300 مل بخصم من J&J. التصنيف المرجعي: العناية بالأطفال — بسيط. الوسوم المرجعية: Body Care، Hand Wash، Kids Care، Kids Hair.,https://alfouadpharmacies.com/en/products/jampj-vita-rich-hand-wash-pomegranate-300ml-off,AlFouad Pharmacies,Verify usage rights before commercial publication,غير مثبت,غير مثبت,مرجعي فقط — غير معتمد للنشر التجاري,بيانات مرجعية متاحة؛ يلزم تحقق PM,ضمن الفحص المبدئي
10569896493359,jampj-vita-rich-hand-wash-peach-300ml-off,غسول اليدين جيه آند جيه فيتا-ريتش (برائحة الخوخ) 300 مل بخصم,J&J,العناية بالأطفال,العناية بالجسم | العناية بالأطفال,2,بسيط,110739,50,15,35,,غير متاح لدى المصدر,https://cdn.shopify.com/s/files/1/0935/9550/0847/files/JJ-Vita-Rich-Hand-Wash-Peach-300ML-Off.webp?v=1754298185,منتج غسول اليدين جيه آند جيه فيتا-ريتش (برائحة الخوخ) 300 مل بخصم من J&J. التصنيف المرجعي: العناية بالأطفال — بسيط. الوسوم المرجعية: Body Care، Hand Wash، Kids Care، Kids Hair.,https://alfouadpharmacies.com/en/products/jampj-vita-rich-hand-wash-peach-300ml-off,AlFouad Pharmacies,Verify usage rights before commercial publication,غير مثبت,غير مثبت,مرجعي فقط — غير معتمد للنشر التجاري,بيانات مرجعية متاحة؛ يلزم تحقق PM,ضمن الفحص المبدئي
10569895543087,jampj-body-care-cream-100ml-all-skin-type,كريم العناية بالجسم من جيه آند جيه 100 مل (لجميع أنواع البشرة),J&J,العناية بالأطفال,العناية بالأطفال,1,بسيط,1774,75,22.5,52.5,,متاح لدى المصدر,https://cdn.shopify.com/s/files/1/0935/9550/0847/files/JJ-Body-Care-Cream-100ML-All-Skin-Type.webp?v=1754298201,منتج كريم العناية بالجسم من جيه آند جيه 100 مل (لجميع أنواع البشرة) من J&J. التصنيف المرجعي: العناية بالأطفال — بسيط. الوسوم المرجعية: Baby Care، Kids Care، Kids Concerns، Kids Dry Skin، Kids Moisturizer.,https://alfouadpharmacies.com/en/products/jampj-body-care-cream-100ml-all-skin-type,AlFouad Pharmacies,Verify usage rights before commercial publication,غير مثبت,غير مثبت,مرجعي فقط — غير معتمد للنشر التجاري,بيانات مرجعية متاحة؛ يلزم تحقق PM,ضمن الفحص المبدئي
10569895379247,jampj-baby-shampoo-750ml-off,شامبو جونسون للأطفال 750 مل (خصم),J&J,العناية بالأطفال,العناية بالأطفال,1,بسيط,18494,160,48,112,,غير متاح لدى المصدر,https://cdn.shopify.com/s/files/1/0935/9550/0847/files/JJ-Baby-Shampoo-750ML-Off.webp?v=1754298203,منتج شامبو جونسون للأطفال 750 مل (خصم) من J&J. التصنيف المرجعي: العناية بالأطفال — بسيط. الوسوم المرجعية: Baby Care، Kids Care، Kids Concerns، Kids Hair، Kids Shampoo.,https://alfouadpharmacies.com/en/products/jampj-baby-shampoo-750ml-off,AlFouad Pharmacies,Verify usage rights before commercial publication,غير مثبت,غير مثبت,مرجعي فقط — غير معتمد للنشر التجاري,بيانات مرجعية متاحة؛ يلزم تحقق PM,ضمن الفحص المبدئي
10569894953263,jampj-baby-powder-300gm-blossom,بودرة اطفال جي اند جي 300 جرام بلوسوم مرطبة للجسم,J&J,العناية بالأطفال,العناية بالأطفال,1,بسيط,20055,350,105,245,,غير متاح لدى المصدر,https://cdn.shopify.com/s/files/1/0935/9550/0847/files/JJ-Baby-Powder-300GM-Blossom-_D8_A8_D9_88_D8_AF_D8_B1_D8_A9-_D9_85_D8_B1_D8_B7_D8_A8_D8_A9-_D9_84_D9_84_D8_AC_D8_B3_D9_85.webp?v=1754298209,منتج بودرة اطفال جي اند جي 300 جرام بلوسوم مرطبة للجسم من J&J. التصنيف المرجعي: العناية بالأطفال — بسيط. الوسوم المرجعية: Baby Care، Kids Care، Kids Concerns.,https://alfouadpharmacies.com/en/products/jampj-baby-powder-300gm-blossom,AlFouad Pharmacies,Verify usage rights before commercial publication,غير مثبت,غير مثبت,مرجعي فقط — غير معتمد للنشر التجاري,بيانات مرجعية متاحة؛ يلزم تحقق PM,ضمن الفحص المبدئي
10569894363439,jampj-baby-conditioner-300ml,بلسم جونسون للأطفال 300 مل,J&J,العناية بالأطفال,العناية بالأطفال,1,بسيط,96923,130,39,91,,متاح لدى المصدر,https://cdn.shopify.com/s/files/1/0935/9550/0847/files/JJ-Baby-Conditioner-300-ml.webp?v=1754298216,منتج بلسم جونسون للأطفال 300 مل من J&J. التصنيف المرجعي: العناية بالأطفال — بسيط. الوسوم المرجعية: Baby Care، Kids Care، Kids Concerns، Kids Conditioner، Kids Hair.,https://alfouadpharmacies.com/en/products/jampj-baby-conditioner-300ml,AlFouad Pharmacies,Verify usage rights before commercial publication,غير مثبت,غير مثبت,مرجعي فقط — غير معتمد للنشر التجاري,بيانات مرجعية متاحة؛ يلزم تحقق PM,ضمن الفحص المبدئي
10569894297903,jampj-baby-conditioner-200ml-no-more-tan,بلسم جونسون للأطفال 200 مل، لا مزيد من السمرة,AlFouad Pharmacies,العناية بالأطفال,العناية بالأطفال,1,بسيط,95806,16,4.8,11.2,,غير متاح لدى المصدر,https://cdn.shopify.com/s/files/1/0935/9550/0847/files/JJ-Baby-Conditioner-200-ml-No-More-Tan.webp?v=1753904255,منتج بلسم جونسون للأطفال 200 مل، لا مزيد من السمرة من AlFouad Pharmacies. التصنيف المرجعي: العناية بالأطفال — بسيط. الوسوم المرجعية: Baby Care، Kids Care، Kids Concerns، Kids Conditioner، Kids Hair.,https://alfouadpharmacies.com/en/products/jampj-baby-conditioner-200ml-no-more-tan,AlFouad Pharmacies,Verify usage rights before commercial publication,غير مثبت,غير مثبت,مرجعي فقط — غير معتمد للنشر التجاري,بيانات مرجعية متاحة؛ يلزم تحقق PM,ضمن الفحص المبدئي
10569894035759,jampj-baby-cologne-100ml-lemon-fresh,كولونيا جونسون آند جونسون للأطفال 100 مل، رائحة الليمون المنعشة,AlFouad Pharmacies,العناية بالأطفال,العناية بالأطفال,1,بسيط,1728,80,24,56,,غير متاح لدى المصدر,https://cdn.shopify.com/s/files/1/0935/9550/0847/files/JJ-Baby-Cologne-100-ml-Lemon-Fresh.webp?v=1753904262,منتج كولونيا جونسون آند جونسون للأطفال 100 مل، رائحة الليمون المنعشة من AlFouad Pharmacies. التصنيف المرجعي: العناية بالأطفال — بسيط. الوسوم المرجعية: Baby Care، Kids Care، Kids Concerns، Kids Deodorant.,https://alfouadpharmacies.com/en/products/jampj-baby-cologne-100ml-lemon-fresh,AlFouad Pharmacies,Verify usage rights before commercial publication,غير مثبت,غير مثبت,مرجعي فقط — غير معتمد للنشر التجاري,بيانات مرجعية متاحة؛ يلزم تحقق PM,ضمن الفحص المبدئي
10569889841455,dabur-amla-kids-hair-oil-disney-100ml,زيت دابور أملا للشعر للأطفال ديزني 100 مل,AlFouad Pharmacies,العناية بالأطفال,العناية بالأطفال,1,بسيط,17397,55,16.5,38.5,,غير متاح لدى المصدر,https://cdn.shopify.com/s/files/1/0935/9550/0847/files/Dabur-Amla-Kids-Hair-Oil-Disney-100ML.webp?v=1754298267,منتج زيت دابور أملا للشعر للأطفال ديزني 100 مل من AlFouad Pharmacies. التصنيف المرجعي: العناية بالأطفال — بسيط. الوسوم المرجعية: Anti-Frizz، Kids Care، Kids Concerns، Kids Hair، Kids Hair Oil.,https://alfouadpharmacies.com/en/products/dabur-amla-kids-hair-oil-disney-100ml,AlFouad Pharmacies,Verify usage rights before commercial publication,غير مثبت,غير مثبت,مرجعي فقط — غير معتمد للنشر التجاري,بيانات مرجعية متاحة؛ يلزم تحقق PM,ضمن الفحص المبدئي
10569846260015,dabur-amla-kids-hair-oil-spray-200ml,بخاخ زيت الشعر دابور أملا للأطفال 200 مل,AlFouad Pharmacies,العناية بالأطفال,العناية بالأطفال,1,بسيط,5709,85,25.5,59.5,,غير متاح لدى المصدر,https://cdn.shopify.com/s/files/1/0935/9550/0847/files/Dabur-Amla-Kids-Hair-Oil-Spray-200ML.webp?v=1754298468,منتج بخاخ زيت الشعر دابور أملا للأطفال 200 مل من AlFouad Pharmacies. التصنيف المرجعي: العناية بالأطفال — بسيط. الوسوم المرجعية: Anti-Frizz، Kids Care، Kids Concerns، Kids Hair، Kids Hair Oil.,https://alfouadpharmacies.com/en/products/dabur-amla-kids-hair-oil-spray-200ml,AlFouad Pharmacies,Verify usage rights before commercial publication,غير مثبت,غير مثبت,مرجعي فقط — غير معتمد للنشر التجاري,بيانات مرجعية متاحة؛ يلزم تحقق PM,ضمن الفحص المبدئي
10569808118063,tola-baby-shampoo-250mloil-replac-150ml-off,شامبو توالا للأطفال 250 مل + زيت بديل 150 مل  (عرض خاص),AlFouad Pharmacies,العناية بالأطفال,العناية بالأطفال,1,بسيط,12929,349,104.7,244.3,,غير متاح لدى المصدر,https://cdn.shopify.com/s/files/1/0935/9550/0847/files/Tola-Baby-Shampoo-250mlOIL-Replac-150ml-Off.webp?v=1754298743,منتج شامبو توالا للأطفال 250 مل + زيت بديل 150 مل  (عرض خاص) من AlFouad Pharmacies. التصنيف المرجعي: العناية بالأطفال — بسيط. الوسوم المرجعية: Baby Care، Kids Care، Kids Concerns، Kids Offers.,https://alfouadpharmacies.com/en/products/tola-baby-shampoo-250mloil-replac-150ml-off,AlFouad Pharmacies,Verify usage rights before commercial publication,غير مثبت,غير مثبت,مرجعي فقط — غير معتمد للنشر التجاري,بيانات مرجعية متاحة؛ يلزم تحقق PM,ضمن الفحص المبدئي
10569806577967,super-kids-deodorant-roll-on-30ml-pineapple-scent,مزيل عرق رول أون للأطفال سوبر كيدز 30 مل، برائحة الأناناس,Super kids,العناية بالأطفال,العناية بالأطفال,1,بسيط,109782,110,33,77,,متاح لدى المصدر,https://cdn.shopify.com/s/files/1/0935/9550/0847/files/Super-Kids-Deodorant-Roll-On-30ml-Pineapple-Scent.webp?v=1754298754,منتج مزيل عرق رول أون للأطفال سوبر كيدز 30 مل، برائحة الأناناس من Super kids. التصنيف المرجعي: العناية بالأطفال — بسيط. الوسوم المرجعية: Kids Care، Kids Deodorant، super kids.,https://alfouadpharmacies.com/en/products/super-kids-deodorant-roll-on-30ml-pineapple-scent,AlFouad Pharmacies,Verify usage rights before commercial publication,غير مثبت,غير مثبت,مرجعي فقط — غير معتمد للنشر التجاري,بيانات مرجعية متاحة؛ يلزم تحقق PM,ضمن الفحص المبدئي
10569800614191,penduline-kids-hair-oil-120ml,زيت الشعر للأطفال من بيندولين 120 مل,Penduline,العناية بالأطفال,العناية بالأطفال,1,بسيط,88870,260,78,182,,غير متاح لدى المصدر,https://cdn.shopify.com/s/files/1/0935/9550/0847/files/Penduline-Kids-Hair-Oil-120ml.webp?v=1754298801,منتج زيت الشعر للأطفال من بيندولين 120 مل من Penduline. التصنيف المرجعي: العناية بالأطفال — بسيط. الوسوم المرجعية: Anti-Frizz، Kids Care، Kids Concerns، Kids Hair، Kids Hair Oil.,https://alfouadpharmacies.com/en/products/penduline-kids-hair-oil-120ml,AlFouad Pharmacies,Verify usage rights before commercial publication,غير مثبت,غير مثبت,مرجعي فقط — غير معتمد للنشر التجاري,بيانات مرجعية متاحة؛ يلزم تحقق PM,ضمن الفحص المبدئي
10569797861679,infinity-sunscreen-kids-lotion-spf45-120ml,لوشن واقي من الشمس للأطفال إنفينيتي، عامل حماية من الشمس 45، 120 مل,AlFouad Pharmacies,العناية بالأطفال,العناية بالأطفال,1,بسيط,104346,200,60,140,,غير متاح لدى المصدر,https://cdn.shopify.com/s/files/1/0935/9550/0847/files/Infinity-Sunscreen-Kids-Lotion-SPF45-120ml.webp?v=1754298818,منتج لوشن واقي من الشمس للأطفال إنفينيتي، عامل حماية من الشمس 45، 120 مل من AlFouad Pharmacies. التصنيف المرجعي: العناية بالأطفال — بسيط. الوسوم المرجعية: Kids Care، Kids Concerns، Kids Sunscreen، Sun Care، Sunscreen.,https://alfouadpharmacies.com/en/products/infinity-sunscreen-kids-lotion-spf45-120ml,AlFouad Pharmacies,Verify usage rights before commercial publication,غير مثبت,غير مثبت,مرجعي فقط — غير معتمد للنشر التجاري,بيانات مرجعية متاحة؛ يلزم تحقق PM,ضمن الفحص المبدئي
10569797632303,eva-bebe-shampoo,شامبو إيفا بيبي,AlFouad Pharmacies,العناية بالأطفال,العناية بالأطفال,1,بسيط,111003,100,30,70,,غير متاح لدى المصدر,https://cdn.shopify.com/s/files/1/0935/9550/0847/files/Eva-Bebe-Shampoo.webp?v=1754298819,منتج شامبو إيفا بيبي من AlFouad Pharmacies. التصنيف المرجعي: العناية بالأطفال — بسيط. الوسوم المرجعية: Baby Care، Kids Care، Kids Concerns، Kids Hair، Kids Shampoo.,https://alfouadpharmacies.com/en/products/eva-bebe-shampoo,AlFouad Pharmacies,Verify usage rights before commercial publication,غير مثبت,غير مثبت,مرجعي فقط — غير معتمد للنشر التجاري,بيانات مرجعية متاحة؛ يلزم تحقق PM,ضمن الفحص المبدئي
