معرّف المنتج في المصدر,Handle المرجعي,اسم المنتج,العلامة التجارية,التصنيف الأساسي المرجعي,التصنيفات التي يظهر بها المنتج,عدد مرات الظهور عبر التصنيفات,نوع المنتج المرجعي,كود المورد/المصدر (ليس SKU لـ PM),سعر الجمهور المرجعي (ج.م),قيمة خصم 30% المرجعية (ج.م),سعر الجملة المرجعي بعد الخصم (ج.م),سعر المقارنة في المصدر (ج.م),التوفر لدى المصدر المرجعي فقط,رابط الصورة المرجعي,الوصف المرجعي,رابط المنتج المرجعي,المصدر,حقوق استخدام الصورة,دليل مخزون PM,دليل تكلفة PM,حالة النشر التجاري,مراجعة البيانات,مراجعة النطاق
16054534111535,jean-paul-gaultier-le-male-elixir-set-2pcs,JEAN PAUL GAULTIER LE MALE ELIXIR SET 2PCS,perfumes,العطور,العطور,1,PERFUME,115785,9450,2835,6615,,متاح لدى المصدر,https://cdn.shopify.com/s/files/1/0935/9550/0847/files/1_34.webp?v=1783932030,منتج JEAN PAUL GAULTIER LE MALE ELIXIR SET 2PCS من perfumes. التصنيف المرجعي: العطور — PERFUME. الوسوم المرجعية: Bundle، Perfumes.,https://alfouadpharmacies.com/en/products/jean-paul-gaultier-le-male-elixir-set-2pcs,AlFouad Pharmacies,Verify usage rights before commercial publication,غير مثبت,غير مثبت,مرجعي فقط — غير معتمد للنشر التجاري,بيانات مرجعية متاحة؛ يلزم تحقق PM,ضمن الفحص المبدئي
16033403535663,c-herrera-good-girl-blush-f-w-set-3pcs,طقم هدايا كارولينا هيريرا جود جيرل بلاش للسيدات,perfumes,العطور,العطور,1,بيرفيوم,115786,9400,2820,6580,,متاح لدى المصدر,https://cdn.shopify.com/s/files/1/0935/9550/0847/files/1-2026-06-25T144131.487.webp?v=1782388442,منتج طقم هدايا كارولينا هيريرا جود جيرل بلاش للسيدات من perfumes. التصنيف المرجعي: العطور — بيرفيوم. الوسوم المرجعية: Bundle، Perfumes، Women’s Perfumes.,https://alfouadpharmacies.com/en/products/c-herrera-good-girl-blush-f-w-set-3pcs,AlFouad Pharmacies,Verify usage rights before commercial publication,غير مثبت,غير مثبت,مرجعي فقط — غير معتمد للنشر التجاري,بيانات مرجعية متاحة؛ يلزم تحقق PM,ضمن الفحص المبدئي
16033401733423,c-herrera-bad-boy-new-york-f-m-set-3pcs,كارولينا هيريرا باد بوي كوبالت مجموعة هدايا للرجال,perfumes,العطور,العطور,1,بيرفيوم,115783,7300,2190,5110,,متاح لدى المصدر,https://cdn.shopify.com/s/files/1/0935/9550/0847/files/1-2026-06-25T143304.614.webp?v=1782387274,منتج كارولينا هيريرا باد بوي كوبالت مجموعة هدايا للرجال من perfumes. التصنيف المرجعي: العطور — بيرفيوم. الوسوم المرجعية: Bundle، Men’s Perfumes، Perfumes.,https://alfouadpharmacies.com/en/products/c-herrera-bad-boy-new-york-f-m-set-3pcs,AlFouad Pharmacies,Verify usage rights before commercial publication,غير مثبت,غير مثبت,مرجعي فقط — غير معتمد للنشر التجاري,بيانات مرجعية متاحة؛ يلزم تحقق PM,ضمن الفحص المبدئي
16033400586543,g-armani-acqua-di-gio-f-m-set-3pcs,G. ARMANI ACQUA DI GIO F/M SET 3PCS,perfumes,العطور,العطور,1,PERFUME,115790,8200,2460,5740,,متاح لدى المصدر,https://cdn.shopify.com/s/files/1/0935/9550/0847/files/1-2026-06-25T142234.596_31c9b520-49c7-40d5-a071-0e7697050d37.webp?v=1782386750,منتج G. ARMANI ACQUA DI GIO F/M SET 3PCS من perfumes. التصنيف المرجعي: العطور — PERFUME. الوسوم المرجعية: Bundle، Men’s Perfumes، Perfumes.,https://alfouadpharmacies.com/en/products/g-armani-acqua-di-gio-f-m-set-3pcs,AlFouad Pharmacies,Verify usage rights before commercial publication,غير مثبت,غير مثبت,مرجعي فقط — غير معتمد للنشر التجاري,بيانات مرجعية متاحة؛ يلزم تحقق PM,ضمن الفحص المبدئي
16032670875951,hugo-boss-the-scent-elixir-edp-f-m-100-ml,هوجو بوس ذا سينت إليكسير بارفام إنتنس 100 مل,perfumes,العطور,العطور,1,بيرفيوم,115581,8700,2610,6090,,غير متاح لدى المصدر,https://cdn.shopify.com/s/files/1/0935/9550/0847/files/1_78.webp?v=1782304735,منتج هوجو بوس ذا سينت إليكسير بارفام إنتنس 100 مل من perfumes. التصنيف المرجعي: العطور — بيرفيوم. الوسوم المرجعية: Men’s Perfumes، Perfumes.,https://alfouadpharmacies.com/en/products/hugo-boss-the-scent-elixir-edp-f-m-100-ml,AlFouad Pharmacies,Verify usage rights before commercial publication,غير مثبت,غير مثبت,مرجعي فقط — غير معتمد للنشر التجاري,بيانات مرجعية متاحة؛ يلزم تحقق PM,ضمن الفحص المبدئي
16032670712111,mercedes-benz-club-edt-f-m-100ml,مرسيدس بنز مان برايفت أو دو بارفيوم 100 مل,perfumes,العطور,العطور,1,بيرفيوم ,21794,2800,840,1960,,متاح لدى المصدر,https://cdn.shopify.com/s/files/1/0935/9550/0847/files/images_1.webp?v=1784970711,منتج مرسيدس بنز مان برايفت أو دو بارفيوم 100 مل من perfumes. التصنيف المرجعي: العطور — بيرفيوم . الوسوم المرجعية: Men’s Perfumes، Perfumes.,https://alfouadpharmacies.com/en/products/mercedes-benz-club-edt-f-m-100ml,AlFouad Pharmacies,Verify usage rights before commercial publication,غير مثبت,غير مثبت,مرجعي فقط — غير معتمد للنشر التجاري,بيانات مرجعية متاحة؛ يلزم تحقق PM,ضمن الفحص المبدئي
12882100617519,guess-bella-vita-la-mia-pink-edp-f-w-100ml,جيس بيلا فيتا لا ميا بينك او دي بارفان 100 مل,perfumes,العطور,العطور,1,عطر أو دي بارفان,115705,2500,750,1750,,متاح لدى المصدر,https://cdn.shopify.com/s/files/1/0935/9550/0847/files/Guess_La_Mia_Bella_Vita_100ml_1615x1615_9fc507d1-1a7c-48b0-8fe7-186fb69d5dfc.webp?v=1772359168,منتج جيس بيلا فيتا لا ميا بينك او دي بارفان 100 مل من perfumes. التصنيف المرجعي: العطور — عطر أو دي بارفان. الوسوم المرجعية: Perfumes، Women’s Perfumes.,https://alfouadpharmacies.com/en/products/guess-bella-vita-la-mia-pink-edp-f-w-100ml,AlFouad Pharmacies,Verify usage rights before commercial publication,غير مثبت,غير مثبت,مرجعي فقط — غير معتمد للنشر التجاري,بيانات مرجعية متاحة؛ يلزم تحقق PM,ضمن الفحص المبدئي
12881987764527,عطر-جيس-بيلا-فيتا-باراديسو-أو-دي-برفام-للنساء-100-مل,عطر جيس بيلا فيتا باراديسو أو دي برفام للنساء 100 مل,perfumes,العطور,العطور,1,Guess Bella Vita,115706,2700,810,1890,,متاح لدى المصدر,https://cdn.shopify.com/s/files/1/0935/9550/0847/files/1_-_2026-07-09T142754.744.webp?v=1783596490,منتج عطر جيس بيلا فيتا باراديسو أو دي برفام للنساء 100 مل من perfumes. التصنيف المرجعي: العطور — Guess Bella Vita. الوسوم المرجعية: Perfumes، Women’s Perfumes.,https://alfouadpharmacies.com/en/products/عطر-جيس-بيلا-فيتا-باراديسو-أو-دي-برفام-للنساء-100-مل,AlFouad Pharmacies,Verify usage rights before commercial publication,غير مثبت,غير مثبت,مرجعي فقط — غير معتمد للنشر التجاري,بيانات مرجعية متاحة؛ يلزم تحقق PM,ضمن الفحص المبدئي
12881885888815,عطر-جيس-إيكونيك-أو-دي-برفام-للنساء-100-مل,عطر جيس إيكونيك أو دي برفام للنساء 100 مل,perfumes,العطور,العطور,1,جيس إيكونيك,115707,3000,900,2100,,متاح لدى المصدر,https://cdn.shopify.com/s/files/1/0935/9550/0847/files/1_-_2026-07-09T162528.726.webp?v=1783603571,منتج عطر جيس إيكونيك أو دي برفام للنساء 100 مل من perfumes. التصنيف المرجعي: العطور — جيس إيكونيك. الوسوم المرجعية: Men’s Perfumes، Perfumes.,https://alfouadpharmacies.com/en/products/عطر-جيس-إيكونيك-أو-دي-برفام-للنساء-100-مل,AlFouad Pharmacies,Verify usage rights before commercial publication,غير مثبت,غير مثبت,مرجعي فقط — غير معتمد للنشر التجاري,بيانات مرجعية متاحة؛ يلزم تحقق PM,ضمن الفحص المبدئي
12689498964271,paco-rabanne-invictus-elixir-intense-f-m-100ml-edp,باكو رابان انفيكتوس اليكسير انتنس عطر f/m 100 مل او دي بارفان,perfumes,العطور,العطور,1,,1730,8600,2580,6020,0,متاح لدى المصدر,https://cdn.shopify.com/s/files/1/0935/9550/0847/files/PACORABANNE.webp?v=1771847189,منتج باكو رابان انفيكتوس اليكسير انتنس عطر f/m 100 مل او دي بارفان من perfumes. التصنيف المرجعي: العطور. الوسوم المرجعية: Men’s Perfumes، Perfumes.,https://alfouadpharmacies.com/en/products/paco-rabanne-invictus-elixir-intense-f-m-100ml-edp,AlFouad Pharmacies,Verify usage rights before commercial publication,غير مثبت,غير مثبت,مرجعي فقط — غير معتمد للنشر التجاري,بيانات مرجعية متاحة؛ يلزم تحقق PM,ضمن الفحص المبدئي
12689498931503,dunhill-desire-extreme-red-edt-f-m-100ml,دانهيل ديزاير إكستريم ريد أو دو تواليت نسائي/رجالي 100 مل,perfumes,العطور,العطور,1,,12996,2450,735,1715,,غير متاح لدى المصدر,https://cdn.shopify.com/s/files/1/0935/9550/0847/files/DUNHILLDESIREEXTREME.webp?v=1771847219,منتج دانهيل ديزاير إكستريم ريد أو دو تواليت نسائي/رجالي 100 مل من perfumes. التصنيف المرجعي: العطور. الوسوم المرجعية: Men’s Perfumes، Perfumes.,https://alfouadpharmacies.com/en/products/dunhill-desire-extreme-red-edt-f-m-100ml,AlFouad Pharmacies,Verify usage rights before commercial publication,غير مثبت,غير مثبت,مرجعي فقط — غير معتمد للنشر التجاري,بيانات مرجعية متاحة؛ يلزم تحقق PM,ضمن الفحص المبدئي
12689498898735,عطر-كارولينا-هيريرا-212-vip-بلاك-للرجال-100-مل,عطر كارولينا هيريرا 212 VIP بلاك للرجال 100 مل,perfumes,العطور,العطور,1,212 vip ,20349,7000,2100,4900,,متاح لدى المصدر,https://cdn.shopify.com/s/files/1/0935/9550/0847/files/1_-_2026-07-09T141913.456.webp?v=1783596008,منتج عطر كارولينا هيريرا 212 VIP بلاك للرجال 100 مل من perfumes. التصنيف المرجعي: العطور — 212 vip . الوسوم المرجعية: Men’s Perfumes، Perfumes.,https://alfouadpharmacies.com/en/products/عطر-كارولينا-هيريرا-212-vip-بلاك-للرجال-100-مل,AlFouad Pharmacies,Verify usage rights before commercial publication,غير مثبت,غير مثبت,مرجعي فقط — غير معتمد للنشر التجاري,بيانات مرجعية متاحة؛ يلزم تحقق PM,ضمن الفحص المبدئي
12689498865967,issey-miyake-pour-homme-edt-125-ml,ايسي مياكي بور هوم او دي تواليت 125 مل,perfumes,العطور,العطور,1,,21083,4200,1260,2940,,متاح لدى المصدر,https://cdn.shopify.com/s/files/1/0935/9550/0847/files/ISSEY_MIYAKE_1615x1615_b88ead0d-ae62-4165-991a-52b315ebc32e.webp?v=1771866825,منتج ايسي مياكي بور هوم او دي تواليت 125 مل من perfumes. التصنيف المرجعي: العطور. الوسوم المرجعية: Men’s Perfumes، Perfumes.,https://alfouadpharmacies.com/en/products/issey-miyake-pour-homme-edt-125-ml,AlFouad Pharmacies,Verify usage rights before commercial publication,غير مثبت,غير مثبت,مرجعي فقط — غير معتمد للنشر التجاري,بيانات مرجعية متاحة؛ يلزم تحقق PM,ضمن الفحص المبدئي
12689498833199,كارولينا-هيريرا-212-مين-هيروز-فوريفر-يونج-أو-دو-تواليت-90-مل,كارولينا هيريرا 212 مين هيروز فوريفر يونج أو دو تواليت 90 مل,perfumes,العطور,العطور,1,بيرفيوم ,24355,6500,1950,4550,,متاح لدى المصدر,https://cdn.shopify.com/s/files/1/0935/9550/0847/files/1_76.webp?v=1782303679,منتج كارولينا هيريرا 212 مين هيروز فوريفر يونج أو دو تواليت 90 مل من perfumes. التصنيف المرجعي: العطور — بيرفيوم . الوسوم المرجعية: Men’s Perfumes، Perfumes.,https://alfouadpharmacies.com/en/products/كارولينا-هيريرا-212-مين-هيروز-فوريفر-يونج-أو-دو-تواليت-90-مل,AlFouad Pharmacies,Verify usage rights before commercial publication,غير مثبت,غير مثبت,مرجعي فقط — غير معتمد للنشر التجاري,بيانات مرجعية متاحة؛ يلزم تحقق PM,ضمن الفحص المبدئي
12689498800431,guess-gold-edp-75-ml-f-w,عطر جيس جولد أو دو بارفان 75 مل، مناسب للنباتيين,perfumes,العطور,العطور,1,,24898,2000,600,1400,,متاح لدى المصدر,https://cdn.shopify.com/s/files/1/0935/9550/0847/files/GUESS_GOLD_V2_1615x1615_93f50cd6-237c-4e10-b3cf-295c8c89c54f.webp?v=1771867613,منتج عطر جيس جولد أو دو بارفان 75 مل، مناسب للنباتيين من perfumes. التصنيف المرجعي: العطور. الوسوم المرجعية: Perfumes، Women’s Perfumes.,https://alfouadpharmacies.com/en/products/guess-gold-edp-75-ml-f-w,AlFouad Pharmacies,Verify usage rights before commercial publication,غير مثبت,غير مثبت,مرجعي فقط — غير معتمد للنشر التجاري,بيانات مرجعية متاحة؛ يلزم تحقق PM,ضمن الفحص المبدئي
12689498734895,c-herrera-good-girl-blush-elixir-edp-80ml-f-w,أحمر خدود سي. هيريرا جود جيرل إكسير أو دو بارفان 80 مل F/W,perfumes,العطور,العطور,1,,25677,10500,3150,7350,,متاح لدى المصدر,https://cdn.shopify.com/s/files/1/0935/9550/0847/files/GOOD_GIRL_BLUSH_1615x1615_56f4a086-13a4-40b2-9895-d22fa0b8e71c.webp?v=1771868031,منتج أحمر خدود سي. هيريرا جود جيرل إكسير أو دو بارفان 80 مل F/W من perfumes. التصنيف المرجعي: العطور. الوسوم المرجعية: Perfumes، Women’s Perfumes.,https://alfouadpharmacies.com/en/products/c-herrera-good-girl-blush-elixir-edp-80ml-f-w,AlFouad Pharmacies,Verify usage rights before commercial publication,غير مثبت,غير مثبت,مرجعي فقط — غير معتمد للنشر التجاري,بيانات مرجعية متاحة؛ يلزم تحقق PM,ضمن الفحص المبدئي
12689498669359,c-d-dior-homme-intense-150ml-edp-f-m,سي ديور أوم إنتنس 150 مل ماء عطر نسائي/رجالي,perfumes,العطور,العطور,1,,31229,12000,3600,8400,,غير متاح لدى المصدر,https://cdn.shopify.com/s/files/1/0935/9550/0847/files/DIOR_HOMME_INTENSE_1615x1615_7386f92e-5dbc-4d9a-9ad0-ebcddd5e2319.webp?v=1771868708,منتج سي ديور أوم إنتنس 150 مل ماء عطر نسائي/رجالي من perfumes. التصنيف المرجعي: العطور. الوسوم المرجعية: Men’s Perfumes، Perfumes.,https://alfouadpharmacies.com/en/products/c-d-dior-homme-intense-150ml-edp-f-m,AlFouad Pharmacies,Verify usage rights before commercial publication,غير مثبت,غير مثبت,مرجعي فقط — غير معتمد للنشر التجاري,بيانات مرجعية متاحة؛ يلزم تحقق PM,ضمن الفحص المبدئي
12689498571055,c-d-dior-sauvage-edp-f-m-100ml,سي ديور سوفاج أو دو بارفان رجالي/رجالي 100 مل,perfumes,العطور,العطور,1,سوفاج ,101662,11050,3315,7735,,غير متاح لدى المصدر,https://cdn.shopify.com/s/files/1/0935/9550/0847/files/1_-_2026-07-09T140155.113.webp?v=1783594934,منتج سي ديور سوفاج أو دو بارفان رجالي/رجالي 100 مل من perfumes. التصنيف المرجعي: العطور — سوفاج . الوسوم المرجعية: Men’s Perfumes، Perfumes.,https://alfouadpharmacies.com/en/products/c-d-dior-sauvage-edp-f-m-100ml,AlFouad Pharmacies,Verify usage rights before commercial publication,غير مثبت,غير مثبت,مرجعي فقط — غير معتمد للنشر التجاري,بيانات مرجعية متاحة؛ يلزم تحقق PM,ضمن الفحص المبدئي
12689498538287,عطر-دولتشي-آند-غابانا-ذا-ون-غولد-أو-دي-برفام-إنتنس-75-مل,عطر دولتشي آند غابانا ذا ون غولد أو دي برفام إنتنس 75 مل,perfumes,العطور,العطور,1,دولتشي آند غابانا,114961,9700,2910,6790,,متاح لدى المصدر,https://cdn.shopify.com/s/files/1/0935/9550/0847/files/1_-_2026-07-09T151000.885.webp?v=1783599194,منتج عطر دولتشي آند غابانا ذا ون غولد أو دي برفام إنتنس 75 مل من perfumes. التصنيف المرجعي: العطور — دولتشي آند غابانا. الوسوم المرجعية: Perfumes، Women’s Perfumes.,https://alfouadpharmacies.com/en/products/عطر-دولتشي-آند-غابانا-ذا-ون-غولد-أو-دي-برفام-إنتنس-75-مل,AlFouad Pharmacies,Verify usage rights before commercial publication,غير مثبت,غير مثبت,مرجعي فقط — غير معتمد للنشر التجاري,بيانات مرجعية متاحة؛ يلزم تحقق PM,ضمن الفحص المبدئي
12689498505519,dolce-gabbana-the-one-edt-f-m-100ml,دولتشي آند غابانا ذا ون أو دو تواليت نسائي/رجالي 100 مل,perfumes,العطور,العطور,1,,114962,4600,1380,3220,,متاح لدى المصدر,https://cdn.shopify.com/s/files/1/0935/9550/0847/files/DG_THE_ONE_MEN_V2_1615x1615_2fcc55cc-53e7-45a4-ac43-935561f3e006.webp?v=1771869991,منتج دولتشي آند غابانا ذا ون أو دو تواليت نسائي/رجالي 100 مل من perfumes. التصنيف المرجعي: العطور. الوسوم المرجعية: Men’s Perfumes، Perfumes.,https://alfouadpharmacies.com/en/products/dolce-gabbana-the-one-edt-f-m-100ml,AlFouad Pharmacies,Verify usage rights before commercial publication,غير مثبت,غير مثبت,مرجعي فقط — غير معتمد للنشر التجاري,بيانات مرجعية متاحة؛ يلزم تحقق PM,ضمن الفحص المبدئي
12689498472751,gucci-guilty-essence-edt-f-m-90ml,عطر غوتشي غيلتي إيسنس أو دو تواليت نسائي/رجالي 90 مل,perfumes,العطور,العطور,1,,114963,5300,1590,3710,,متاح لدى المصدر,https://cdn.shopify.com/s/files/1/0935/9550/0847/files/GUCCI_GUILTY_ESSENCE_V2_1615x1615_f5da1204-d587-431a-a08a-8aae09b79236.webp?v=1771870390,منتج عطر غوتشي غيلتي إيسنس أو دو تواليت نسائي/رجالي 90 مل من perfumes. التصنيف المرجعي: العطور. الوسوم المرجعية: Men’s Perfumes، Perfumes.,https://alfouadpharmacies.com/en/products/gucci-guilty-essence-edt-f-m-90ml,AlFouad Pharmacies,Verify usage rights before commercial publication,غير مثبت,غير مثبت,مرجعي فقط — غير معتمد للنشر التجاري,بيانات مرجعية متاحة؛ يلزم تحقق PM,ضمن الفحص المبدئي
12689497751855,عطر-غوتشي-بلوم-أو-دي-للنساء-100-مل,عطر غوتشي بلوم أو دي للنساء 100 مل,perfumes,العطور,العطور,1,غوتشي بلوم,114964,7200,2160,5040,,متاح لدى المصدر,https://cdn.shopify.com/s/files/1/0935/9550/0847/files/1_-_2026-07-09T155147.531.webp?v=1783601541,منتج عطر غوتشي بلوم أو دي للنساء 100 مل من perfumes. التصنيف المرجعي: العطور — غوتشي بلوم. الوسوم المرجعية: Perfumes، Women’s Perfumes.,https://alfouadpharmacies.com/en/products/عطر-غوتشي-بلوم-أو-دي-للنساء-100-مل,AlFouad Pharmacies,Verify usage rights before commercial publication,غير مثبت,غير مثبت,مرجعي فقط — غير معتمد للنشر التجاري,بيانات مرجعية متاحة؛ يلزم تحقق PM,ضمن الفحص المبدئي
12689495753007,hugo-intense-edp-f-m-75ml,عطر هوغو إنتنس أو دو بارفان للرجال والنساء 75 مل,perfumes,العطور,العطور,1,Hugo Intense,114965,4950,1485,3465,,متاح لدى المصدر,https://cdn.shopify.com/s/files/1/0935/9550/0847/files/1_24_53fb55b2-bf74-4cc1-8548-9fb76aa84f01.webp?v=1783754267,منتج عطر هوغو إنتنس أو دو بارفان للرجال والنساء 75 مل من perfumes. التصنيف المرجعي: العطور — Hugo Intense. الوسوم المرجعية: Men’s Perfumes، Perfumes.,https://alfouadpharmacies.com/en/products/hugo-intense-edp-f-m-75ml,AlFouad Pharmacies,Verify usage rights before commercial publication,غير مثبت,غير مثبت,مرجعي فقط — غير معتمد للنشر التجاري,بيانات مرجعية متاحة؛ يلزم تحقق PM,ضمن الفحص المبدئي
12689494573359,g-armani-si-passion-red-musk-edp-f-w-100ml,جي. أرماني سي باشن ريد مسك أو دو بارفان 100 مل,perfumes,العطور,العطور,1,,114966,9700,2910,6790,,متاح لدى المصدر,https://cdn.shopify.com/s/files/1/0935/9550/0847/files/ARMANI_RED_MUSK_1615x1615_dd8186e1-8fdd-4e9c-a086-acdfa104ed9e.webp?v=1771871187,منتج جي. أرماني سي باشن ريد مسك أو دو بارفان 100 مل من perfumes. التصنيف المرجعي: العطور. الوسوم المرجعية: Perfumes، Women’s Perfumes.,https://alfouadpharmacies.com/en/products/g-armani-si-passion-red-musk-edp-f-w-100ml,AlFouad Pharmacies,Verify usage rights before commercial publication,غير مثبت,غير مثبت,مرجعي فقط — غير معتمد للنشر التجاري,بيانات مرجعية متاحة؛ يلزم تحقق PM,ضمن الفحص المبدئي
12689493754159,عطر-كارولينا-هيريرا-جود-جيرل-أو-دي-برفام-للنساء-80-مل,عطر كارولينا هيريرا جود جيرل أو دي برفام للنساء 80 مل,perfumes,العطور,العطور,1,Good Girl,114967,9200,2760,6440,,متاح لدى المصدر,https://cdn.shopify.com/s/files/1/0935/9550/0847/files/1_-_2026-07-09T144029.985.webp?v=1783597358,منتج عطر كارولينا هيريرا جود جيرل أو دي برفام للنساء 80 مل من perfumes. التصنيف المرجعي: العطور — Good Girl. الوسوم المرجعية: Perfumes، Women’s Perfumes.,https://alfouadpharmacies.com/en/products/عطر-كارولينا-هيريرا-جود-جيرل-أو-دي-برفام-للنساء-80-مل,AlFouad Pharmacies,Verify usage rights before commercial publication,غير مثبت,غير مثبت,مرجعي فقط — غير معتمد للنشر التجاري,بيانات مرجعية متاحة؛ يلزم تحقق PM,ضمن الفحص المبدئي
12689493459247,c-herrera-good-girl-bowtastic-edp-f-w-80ml,عطر سي. هيريرا جود جيرل بوتاستيك أو دو بارفان للخريف والشتاء 80 مل,perfumes,العطور,العطور,1,,114969,9400,2820,6580,,متاح لدى المصدر,https://cdn.shopify.com/s/files/1/0935/9550/0847/files/GOOD_GIRL_BLUE_BOW_1615x1615_9d63a7c5-5c59-4c3e-ae25-03309aee25f9.webp?v=1771874989,منتج عطر سي. هيريرا جود جيرل بوتاستيك أو دو بارفان للخريف والشتاء 80 مل من perfumes. التصنيف المرجعي: العطور. الوسوم المرجعية: Perfumes، Women’s Perfumes.,https://alfouadpharmacies.com/en/products/c-herrera-good-girl-bowtastic-edp-f-w-80ml,AlFouad Pharmacies,Verify usage rights before commercial publication,غير مثبت,غير مثبت,مرجعي فقط — غير معتمد للنشر التجاري,بيانات مرجعية متاحة؛ يلزم تحقق PM,ضمن الفحص المبدئي
12689491493167,c-herrera-good-girl-bowtastic-blush-edp-f-w-80ml,أحمر خدود سي. هيريرا جود جيرل بوتاستيك، ماء عطر خريفي/شتوي، 80 مل,perfumes,العطور,العطور,1,,114970,10000,3000,7000,,متاح لدى المصدر,https://cdn.shopify.com/s/files/1/0935/9550/0847/files/GOOD_GIRL_BOWTASTIC_1615x1615_fd1609ef-40c0-499d-a3ff-dfbe4b448a22.webp?v=1771872117,منتج أحمر خدود سي. هيريرا جود جيرل بوتاستيك، ماء عطر خريفي/شتوي، 80 مل من perfumes. التصنيف المرجعي: العطور. الوسوم المرجعية: Perfumes، Women’s Perfumes.,https://alfouadpharmacies.com/en/products/c-herrera-good-girl-bowtastic-blush-edp-f-w-80ml,AlFouad Pharmacies,Verify usage rights before commercial publication,غير مثبت,غير مثبت,مرجعي فقط — غير معتمد للنشر التجاري,بيانات مرجعية متاحة؛ يلزم تحقق PM,ضمن الفحص المبدئي
12689490018607,paco-rabanne-invictus-victory-absoul-f-m-100ml,باكو رابان إنفيكتوس فيكتوري أبسول للرجال والنساء 100 مل,perfumes,العطور,العطور,1,,114971,8500,2550,5950,,متاح لدى المصدر,https://cdn.shopify.com/s/files/1/0935/9550/0847/files/INVICTUS_VICTORY_ELIXIR_V3_1615x1615_c544af8a-8f28-4bd0-b5bc-0d3d66a8c9d5.webp?v=1771873489,منتج باكو رابان إنفيكتوس فيكتوري أبسول للرجال والنساء 100 مل من perfumes. التصنيف المرجعي: العطور. الوسوم المرجعية: Men’s Perfumes، Perfumes.,https://alfouadpharmacies.com/en/products/paco-rabanne-invictus-victory-absoul-f-m-100ml,AlFouad Pharmacies,Verify usage rights before commercial publication,غير مثبت,غير مثبت,مرجعي فقط — غير معتمد للنشر التجاري,بيانات مرجعية متاحة؛ يلزم تحقق PM,ضمن الفحص المبدئي
12689489068335,hugo-boss-bottled-black-edp-f-m-100ml,عطر هوغو بوس بوتلد بلاك أو دو بارفان للرجال والنساء 100 مل,perfumes,العطور,العطور,1,,114972,7200,2160,5040,,متاح لدى المصدر,https://cdn.shopify.com/s/files/1/0935/9550/0847/files/HUGO_BOSS_BOTTLED_PARFUM_1615x1615_7dbe503e-02b6-44b3-81df-e420b8469bc3.webp?v=1771873883,منتج عطر هوغو بوس بوتلد بلاك أو دو بارفان للرجال والنساء 100 مل من perfumes. التصنيف المرجعي: العطور. الوسوم المرجعية: Men’s Perfumes، Perfumes.,https://alfouadpharmacies.com/en/products/hugo-boss-bottled-black-edp-f-m-100ml,AlFouad Pharmacies,Verify usage rights before commercial publication,غير مثبت,غير مثبت,مرجعي فقط — غير معتمد للنشر التجاري,بيانات مرجعية متاحة؛ يلزم تحقق PM,ضمن الفحص المبدئي
10569980707119,paco-rabanne1million-ellxir-edp-100ml,عطر 1 Million Elixir من Paco Rabanne، تركيز EDP، سعة 100 مل,perfumes,العطور,العطور,1,بسيط,0,6860,2058,4802,0,غير متاح لدى المصدر,https://cdn.shopify.com/s/files/1/0935/9550/0847/files/Paco-RABANNE.1.MILLION-Ellxir-Edp-FM-100ML.webp?v=1754297360,منتج عطر 1 Million Elixir من Paco Rabanne، تركيز EDP، سعة 100 مل من perfumes. التصنيف المرجعي: العطور — بسيط. الوسوم المرجعية: Men’s Perfumes، Perfumes.,https://alfouadpharmacies.com/en/products/paco-rabanne1million-ellxir-edp-100ml,AlFouad Pharmacies,Verify usage rights before commercial publication,غير مثبت,غير مثبت,مرجعي فقط — غير معتمد للنشر التجاري,بيانات مرجعية متاحة؛ يلزم تحقق PM,ضمن الفحص المبدئي
10569980674351,paco-rabanne-olympea-solar-intense-edp-80ml,عطر باكو رابان أوليمبيا سولار إنتنس، تركيز إي دي بي، 80 مل,perfumes,العطور,العطور,1,بسيط,13037,3850,1155,2695,0,غير متاح لدى المصدر,https://cdn.shopify.com/s/files/1/0935/9550/0847/files/Paco-Rabanne-Olympea-Solar-Intense-Edp-FW-80ML.webp?v=1754297360,منتج عطر باكو رابان أوليمبيا سولار إنتنس، تركيز إي دي بي، 80 مل من perfumes. التصنيف المرجعي: العطور — بسيط. الوسوم المرجعية: Perfumes، Women’s Perfumes.,https://alfouadpharmacies.com/en/products/paco-rabanne-olympea-solar-intense-edp-80ml,AlFouad Pharmacies,Verify usage rights before commercial publication,غير مثبت,غير مثبت,مرجعي فقط — غير معتمد للنشر التجاري,بيانات مرجعية متاحة؛ يلزم تحقق PM,ضمن الفحص المبدئي
10569980641583,paco-rabanne-olympea-parfum-80ml,عطر باكوا رابان أولمبيا 80 مل,perfumes,العطور,العطور,1,بسيط,0,7700,2310,5390,,غير متاح لدى المصدر,https://cdn.shopify.com/s/files/1/0935/9550/0847/files/Paco-Rabanne-Olympea-Parfum-FW-80ML.webp?v=1754297361,منتج عطر باكوا رابان أولمبيا 80 مل من perfumes. التصنيف المرجعي: العطور — بسيط. الوسوم المرجعية: Perfumes، Women’s Perfumes.,https://alfouadpharmacies.com/en/products/paco-rabanne-olympea-parfum-80ml,AlFouad Pharmacies,Verify usage rights before commercial publication,غير مثبت,غير مثبت,مرجعي فقط — غير معتمد للنشر التجاري,بيانات مرجعية متاحة؛ يلزم تحقق PM,ضمن الفحص المبدئي
10569980608815,paco-rabanne-olympea-onyx-edp-80ml,عطر باكو رابان أوليمبيا أونيكس إي دي بي 80 مل,perfumes,العطور,العطور,1,بسيط,15767,4300,1290,3010,0,غير متاح لدى المصدر,https://cdn.shopify.com/s/files/1/0935/9550/0847/files/Paco-Rabanne-Olympea-Onyx-Edp-80ML.webp?v=1754297361,منتج عطر باكو رابان أوليمبيا أونيكس إي دي بي 80 مل من perfumes. التصنيف المرجعي: العطور — بسيط. الوسوم المرجعية: Perfumes، Women’s Perfumes.,https://alfouadpharmacies.com/en/products/paco-rabanne-olympea-onyx-edp-80ml,AlFouad Pharmacies,Verify usage rights before commercial publication,غير مثبت,غير مثبت,مرجعي فقط — غير معتمد للنشر التجاري,بيانات مرجعية متاحة؛ يلزم تحقق PM,ضمن الفحص المبدئي
10569980576047,paco-rabanne-olympea-intense-edp-80ml,عطر باكو رابان أولمبيا إنتنس، تركيز إي دي بي، 80 مل,perfumes,العطور,العطور,1,بسيط,110825,1650,495,1155,0,غير متاح لدى المصدر,https://cdn.shopify.com/s/files/1/0935/9550/0847/files/Paco-Rabanne-Olympea-Intense-Edp-80ML-FW.webp?v=1754297362,منتج عطر باكو رابان أولمبيا إنتنس، تركيز إي دي بي، 80 مل من perfumes. التصنيف المرجعي: العطور — بسيط. الوسوم المرجعية: Perfumes، Women’s Perfumes.,https://alfouadpharmacies.com/en/products/paco-rabanne-olympea-intense-edp-80ml,AlFouad Pharmacies,Verify usage rights before commercial publication,غير مثبت,غير مثبت,مرجعي فقط — غير معتمد للنشر التجاري,بيانات مرجعية متاحة؛ يلزم تحقق PM,ضمن الفحص المبدئي
10569980477743,paco-rabanne-lady-million-lucky-80ml-edp,عطر باكوا رابان ليدي مليون لاكي 80 مل (إي دي بي),perfumes,العطور,العطور,1,بسيط,0,6000,1800,4200,0,غير متاح لدى المصدر,https://cdn.shopify.com/s/files/1/0935/9550/0847/files/Paco-Rabanne-Lady-Million-Lucky-FW-80-ml-Edp.webp?v=1754297363,منتج عطر باكوا رابان ليدي مليون لاكي 80 مل (إي دي بي) من perfumes. التصنيف المرجعي: العطور — بسيط. الوسوم المرجعية: Perfumes، Women’s Perfumes.,https://alfouadpharmacies.com/en/products/paco-rabanne-lady-million-lucky-80ml-edp,AlFouad Pharmacies,Verify usage rights before commercial publication,غير مثبت,غير مثبت,مرجعي فقط — غير معتمد للنشر التجاري,بيانات مرجعية متاحة؛ يلزم تحقق PM,ضمن الفحص المبدئي
10569980444975,paco-rabanne-lady-million-edp-80ml,باكو رابان ليدي مليون او دي بارفان 80 مل,perfumes,العطور,العطور,1,بسيط,109467,7800,2340,5460,0,متاح لدى المصدر,https://cdn.shopify.com/s/files/1/0935/9550/0847/files/1_33_f4d21da1-93bf-4308-b880-77401b45daf0.webp?v=1783755860,منتج باكو رابان ليدي مليون او دي بارفان 80 مل من perfumes. التصنيف المرجعي: العطور — بسيط. الوسوم المرجعية: Perfumes، Women’s Perfumes.,https://alfouadpharmacies.com/en/products/paco-rabanne-lady-million-edp-80ml,AlFouad Pharmacies,Verify usage rights before commercial publication,غير مثبت,غير مثبت,مرجعي فقط — غير معتمد للنشر التجاري,بيانات مرجعية متاحة؛ يلزم تحقق PM,ضمن الفحص المبدئي
10569980412207,paco-rabanne-invictus-victory-200ml,عطر باكوراباني انفيكتوس فيكتوري 200 مل,perfumes,العطور,العطور,1,بسيط,0,8000,2400,5600,,غير متاح لدى المصدر,https://cdn.shopify.com/s/files/1/0935/9550/0847/files/Paco-Rabanne-Invictus-Victory-FM-200ML.webp?v=1754297364,منتج عطر باكوراباني انفيكتوس فيكتوري 200 مل من perfumes. التصنيف المرجعي: العطور — بسيط. الوسوم المرجعية: Men’s Perfumes، Perfumes.,https://alfouadpharmacies.com/en/products/paco-rabanne-invictus-victory-200ml,AlFouad Pharmacies,Verify usage rights before commercial publication,غير مثبت,غير مثبت,مرجعي فقط — غير معتمد للنشر التجاري,بيانات مرجعية متاحة؛ يلزم تحقق PM,ضمن الفحص المبدئي
10569980379439,paco-rabanne-invictus-parfum-100ml,عطر باكوا رابان إنفيكتوس 100 مل,perfumes,العطور,العطور,1,بسيط,0,6700,2010,4690,,غير متاح لدى المصدر,https://cdn.shopify.com/s/files/1/0935/9550/0847/files/Paco-Rabanne-Invictus-Parfum-FM-100ML.webp?v=1754297364,منتج عطر باكوا رابان إنفيكتوس 100 مل من perfumes. التصنيف المرجعي: العطور — بسيط. الوسوم المرجعية: Men’s Perfumes، Perfumes.,https://alfouadpharmacies.com/en/products/paco-rabanne-invictus-parfum-100ml,AlFouad Pharmacies,Verify usage rights before commercial publication,غير مثبت,غير مثبت,مرجعي فقط — غير معتمد للنشر التجاري,بيانات مرجعية متاحة؛ يلزم تحقق PM,ضمن الفحص المبدئي
10569980346671,paco-rabanne-invictus-legendedp-100mlstick10ml,عطر باكو رابان إنفيكتوس ليجند (ماء عطر 100 مل + عصا العطر + 10 مل),perfumes,العطور,العطور,1,بسيط,85162,4650,1395,3255,0,غير متاح لدى المصدر,https://cdn.shopify.com/s/files/1/0935/9550/0847/files/Paco-Rabanne-Invictus-Legendedp-100MLSTICK10ML.webp?v=1754297365,منتج عطر باكو رابان إنفيكتوس ليجند (ماء عطر 100 مل + عصا العطر + 10 مل) من perfumes. التصنيف المرجعي: العطور — بسيط. الوسوم المرجعية: Men’s Perfumes، Perfumes.,https://alfouadpharmacies.com/en/products/paco-rabanne-invictus-legendedp-100mlstick10ml,AlFouad Pharmacies,Verify usage rights before commercial publication,غير مثبت,غير مثبت,مرجعي فقط — غير معتمد للنشر التجاري,بيانات مرجعية متاحة؛ يلزم تحقق PM,ضمن الفحص المبدئي
10569980313903,paco-rabanne-invictus-edt-set-2-pcs,طقم عطر باكو رابان إنفيكتوس للرجال (2 قطعة),perfumes,العطور,العطور,1,بسيط,105719,6600,1980,4620,,متاح لدى المصدر,https://cdn.shopify.com/s/files/1/0935/9550/0847/files/2_26_42b91562-fc0e-4924-8c34-119f37763d5e.webp?v=1783932131,منتج طقم عطر باكو رابان إنفيكتوس للرجال (2 قطعة) من perfumes. التصنيف المرجعي: العطور — بسيط. الوسوم المرجعية: Perfumes، Women’s Perfumes.,https://alfouadpharmacies.com/en/products/paco-rabanne-invictus-edt-set-2-pcs,AlFouad Pharmacies,Verify usage rights before commercial publication,غير مثبت,غير مثبت,مرجعي فقط — غير معتمد للنشر التجاري,بيانات مرجعية متاحة؛ يلزم تحقق PM,ضمن الفحص المبدئي
10569980281135,paco-rabanne-invictus-elixir-intense100ml-edp,عطر باكوا رابان إنفيكتوس إليكسير إنتنس 100 مل (إي دي بي),perfumes,العطور,العطور,1,بسيط,0,6700,2010,4690,0,غير متاح لدى المصدر,https://cdn.shopify.com/s/files/1/0935/9550/0847/files/Paco-Rabanne-Invictus-Elixir-Intense-FM-100ML-Edp.webp?v=1754297366,منتج عطر باكوا رابان إنفيكتوس إليكسير إنتنس 100 مل (إي دي بي) من perfumes. التصنيف المرجعي: العطور — بسيط. الوسوم المرجعية: Men’s Perfumes، Perfumes.,https://alfouadpharmacies.com/en/products/paco-rabanne-invictus-elixir-intense100ml-edp,AlFouad Pharmacies,Verify usage rights before commercial publication,غير مثبت,غير مثبت,مرجعي فقط — غير معتمد للنشر التجاري,بيانات مرجعية متاحة؛ يلزم تحقق PM,ضمن الفحص المبدئي
10569980215599,paco-rabanne-fame-80ml-edp,عطر باكو رابان فام 80 مل (إي دي بي),perfumes,العطور,العطور,1,بسيط,0,3600,1080,2520,0,غير متاح لدى المصدر,https://cdn.shopify.com/s/files/1/0935/9550/0847/files/Paco-Rabanne-Fame-80ML-Edp.webp?v=1754297367,منتج عطر باكو رابان فام 80 مل (إي دي بي) من perfumes. التصنيف المرجعي: العطور — بسيط. الوسوم المرجعية: Perfumes، Women’s Perfumes.,https://alfouadpharmacies.com/en/products/paco-rabanne-fame-80ml-edp,AlFouad Pharmacies,Verify usage rights before commercial publication,غير مثبت,غير مثبت,مرجعي فقط — غير معتمد للنشر التجاري,بيانات مرجعية متاحة؛ يلزم تحقق PM,ضمن الفحص المبدئي
10569980182831,paco-rabanne-black-xs-80ml-edt,عطر باكوا رابان بلاك إكس إس 80 مل (ماء تواليت),perfumes,العطور,العطور,1,بسيط,0,4200,1260,2940,,غير متاح لدى المصدر,https://cdn.shopify.com/s/files/1/0935/9550/0847/files/Paco-Rabanne-Black-Xs-FW-80ML-Edt.webp?v=1754297367,منتج عطر باكوا رابان بلاك إكس إس 80 مل (ماء تواليت) من perfumes. التصنيف المرجعي: العطور — بسيط. الوسوم المرجعية: Perfumes، Women’s Perfumes.,https://alfouadpharmacies.com/en/products/paco-rabanne-black-xs-80ml-edt,AlFouad Pharmacies,Verify usage rights before commercial publication,غير مثبت,غير مثبت,مرجعي فقط — غير معتمد للنشر التجاري,بيانات مرجعية متاحة؛ يلزم تحقق PM,ضمن الفحص المبدئي
10569980150063,paco-rabanne-black-xs-edt-100ml,عطر باك رابان بلاك إكس إس، ماء تواليت، 100 مل,perfumes,العطور,العطور,1,بسيط,0,4300,1290,3010,,غير متاح لدى المصدر,https://cdn.shopify.com/s/files/1/0935/9550/0847/files/Paco-Rabanne-Black-Xs-Edt-FM-100ML.webp?v=1754297368,منتج عطر باك رابان بلاك إكس إس، ماء تواليت، 100 مل من perfumes. التصنيف المرجعي: العطور — بسيط. الوسوم المرجعية: Men’s Perfumes، Perfumes.,https://alfouadpharmacies.com/en/products/paco-rabanne-black-xs-edt-100ml,AlFouad Pharmacies,Verify usage rights before commercial publication,غير مثبت,غير مثبت,مرجعي فقط — غير معتمد للنشر التجاري,بيانات مرجعية متاحة؛ يلزم تحقق PM,ضمن الفحص المبدئي
10569980117295,paco-rabanne-black-xs-edp-80ml-red,عطر باك رابان بلاك إكس إس إي دي بي 80 مل أحمر,perfumes,العطور,العطور,1,بسيط,91321,4300,1290,3010,,غير متاح لدى المصدر,https://cdn.shopify.com/s/files/1/0935/9550/0847/files/Paco-Rabanne-Black-Xs-Edp-80ML-Red-5062.webp?v=1754297368,منتج عطر باك رابان بلاك إكس إس إي دي بي 80 مل أحمر من perfumes. التصنيف المرجعي: العطور — بسيط. الوسوم المرجعية: Perfumes، Women’s Perfumes.,https://alfouadpharmacies.com/en/products/paco-rabanne-black-xs-edp-80ml-red,AlFouad Pharmacies,Verify usage rights before commercial publication,غير مثبت,غير مثبت,مرجعي فقط — غير معتمد للنشر التجاري,بيانات مرجعية متاحة؛ يلزم تحقق PM,ضمن الفحص المبدئي
10569980084527,paco-rabanne-1-million-intense-oud-edp-100ml,عطر باكوا رابان 1 مليون إنتنس عود، تركيز EDP، 100 مل,perfumes,العطور,العطور,1,بسيط,0,6000,1800,4200,,غير متاح لدى المصدر,https://cdn.shopify.com/s/files/1/0935/9550/0847/files/Paco-Rabanne-.1.-Million-Intense-Oud-Edp-FM-100ML.webp?v=1754297369,منتج عطر باكوا رابان 1 مليون إنتنس عود، تركيز EDP، 100 مل من perfumes. التصنيف المرجعي: العطور — بسيط. الوسوم المرجعية: Men’s Perfumes، Perfumes.,https://alfouadpharmacies.com/en/products/paco-rabanne-1-million-intense-oud-edp-100ml,AlFouad Pharmacies,Verify usage rights before commercial publication,غير مثبت,غير مثبت,مرجعي فقط — غير معتمد للنشر التجاري,بيانات مرجعية متاحة؛ يلزم تحقق PM,ضمن الفحص المبدئي
10569980051759,paco-rabanne-1-million-gold-edp-90ml,عطر باكو رابان 1 مليون جولد، تركيز إي دي بي، 90 مل,perfumes,العطور,العطور,1,بسيط,0,7900,2370,5530,,غير متاح لدى المصدر,https://cdn.shopify.com/s/files/1/0935/9550/0847/files/Paco-Rabanne-.1.-Million-Gold-FW-Edp-90ML.webp?v=1754297369,منتج عطر باكو رابان 1 مليون جولد، تركيز إي دي بي، 90 مل من perfumes. التصنيف المرجعي: العطور — بسيط. الوسوم المرجعية: Perfumes، Women’s Perfumes.,https://alfouadpharmacies.com/en/products/paco-rabanne-1-million-gold-edp-90ml,AlFouad Pharmacies,Verify usage rights before commercial publication,غير مثبت,غير مثبت,مرجعي فقط — غير معتمد للنشر التجاري,بيانات مرجعية متاحة؛ يلزم تحقق PM,ضمن الفحص المبدئي
10569980018991,paco-rabanne-1-million-gold-edp-100ml,عطر باكو رابان 1 مليون جولد، تركيز إي دي بي، 100 مل,perfumes,العطور,العطور,1,بسيط,0,6300,1890,4410,,غير متاح لدى المصدر,https://cdn.shopify.com/s/files/1/0935/9550/0847/files/Paco-Rabanne-.1.-Million-Gold-FM-Edp-100ML.webp?v=1754297370,منتج عطر باكو رابان 1 مليون جولد، تركيز إي دي بي، 100 مل من perfumes. التصنيف المرجعي: العطور — بسيط. الوسوم المرجعية: Men’s Perfumes، Perfumes.,https://alfouadpharmacies.com/en/products/paco-rabanne-1-million-gold-edp-100ml,AlFouad Pharmacies,Verify usage rights before commercial publication,غير مثبت,غير مثبت,مرجعي فقط — غير معتمد للنشر التجاري,بيانات مرجعية متاحة؛ يلزم تحقق PM,ضمن الفحص المبدئي
10569979986223,paco-rabanne-1-million-set-2pcs100ml,طقم باكو رابان 1 مليون قطعة 2 × 100 مل,perfumes,العطور,العطور,1,بسيط,0,5750,1725,4025,,غير متاح لدى المصدر,https://cdn.shopify.com/s/files/1/0935/9550/0847/files/Paco-Rabanne-.1.-Million-FM-Set-2PCS100ML.webp?v=1754297370,منتج طقم باكو رابان 1 مليون قطعة 2 × 100 مل من perfumes. التصنيف المرجعي: العطور — بسيط. الوسوم المرجعية: Men’s Perfumes، Perfumes.,https://alfouadpharmacies.com/en/products/paco-rabanne-1-million-set-2pcs100ml,AlFouad Pharmacies,Verify usage rights before commercial publication,غير مثبت,غير مثبت,مرجعي فقط — غير معتمد للنشر التجاري,بيانات مرجعية متاحة؛ يلزم تحقق PM,ضمن الفحص المبدئي
10569979953455,paco-rabanne-1-million-100-ml-edt,عطر 1 Million من Paco Rabanne، 100 مل، تركيز EDT.,perfumes,العطور,العطور,1,بسيط,19675,5300,1590,3710,,متاح لدى المصدر,https://cdn.shopify.com/s/files/1/0935/9550/0847/files/1_32_93543eed-2184-46c1-ac88-f673474bc587.webp?v=1783755807,منتج عطر 1 Million من Paco Rabanne، 100 مل، تركيز EDT. من perfumes. التصنيف المرجعي: العطور — بسيط. الوسوم المرجعية: Men’s Perfumes، Perfumes.,https://alfouadpharmacies.com/en/products/paco-rabanne-1-million-100-ml-edt,AlFouad Pharmacies,Verify usage rights before commercial publication,غير مثبت,غير مثبت,مرجعي فقط — غير معتمد للنشر التجاري,بيانات مرجعية متاحة؛ يلزم تحقق PM,ضمن الفحص المبدئي
10569978741039,ysl-liber-lep-90ml,إي اس إل ليبر لِيب 90 مل,perfumes,العطور,العطور,1,بسيط,0,9000,2700,6300,,غير متاح لدى المصدر,https://cdn.shopify.com/s/files/1/0935/9550/0847/files/Y.S.L-Liber-Lep-FW-90ML.webp?v=1754297390,منتج إي اس إل ليبر لِيب 90 مل من perfumes. التصنيف المرجعي: العطور — بسيط. الوسوم المرجعية: Perfumes، Women’s Perfumes.,https://alfouadpharmacies.com/en/products/ysl-liber-lep-90ml,AlFouad Pharmacies,Verify usage rights before commercial publication,غير مثبت,غير مثبت,مرجعي فقط — غير معتمد للنشر التجاري,بيانات مرجعية متاحة؛ يلزم تحقق PM,ضمن الفحص المبدئي
10569978708271,ysl-black-opium-gift-set-edp-90ml,طقم هدايا عطر YSL Black Opium  (إيد بي) 90 مل,perfumes,العطور,العطور,1,بسيط,112695,9500,2850,6650,0,غير متاح لدى المصدر,https://cdn.shopify.com/s/files/1/0935/9550/0847/files/Y.S.L-Black-Opium-Gift-Set-Edp-90ML.webp?v=1754297391,منتج طقم هدايا عطر YSL Black Opium  (إيد بي) 90 مل من perfumes. التصنيف المرجعي: العطور — بسيط. الوسوم المرجعية: Perfumes، Women’s Perfumes.,https://alfouadpharmacies.com/en/products/ysl-black-opium-gift-set-edp-90ml,AlFouad Pharmacies,Verify usage rights before commercial publication,غير مثبت,غير مثبت,مرجعي فقط — غير معتمد للنشر التجاري,بيانات مرجعية متاحة؛ يلزم تحقق PM,ضمن الفحص المبدئي
10569978577199,ysl-y-intense-edp100ml,إي إس إل (واي) إن تنس عطر للرجال 100 مل,perfumes,العطور,العطور,1,بسيط,1656,9000,2700,6300,0,متاح لدى المصدر,https://cdn.shopify.com/s/files/1/0935/9550/0847/files/Y.S.L-Y-Intense-Edp-FM-100ML.webp?v=1754297392,منتج إي إس إل (واي) إن تنس عطر للرجال 100 مل من perfumes. التصنيف المرجعي: العطور — بسيط. الوسوم المرجعية: Men’s Perfumes، Perfumes.,https://alfouadpharmacies.com/en/products/ysl-y-intense-edp100ml,AlFouad Pharmacies,Verify usage rights before commercial publication,غير مثبت,غير مثبت,مرجعي فقط — غير معتمد للنشر التجاري,بيانات مرجعية متاحة؛ يلزم تحقق PM,ضمن الفحص المبدئي
10569978544431,strawberry-shortcake-gift-set-50ml,مجموعة هدايا ستروبري شورت كيك 50 مل,perfumes,العطور,العطور,1,بسيط,11804,124.9,37.47,87.43,,غير متاح لدى المصدر,https://cdn.shopify.com/s/files/1/0935/9550/0847/files/61pUNr8O7S._AC_UF8941000_QL80.webp?v=1754297393,منتج مجموعة هدايا ستروبري شورت كيك 50 مل من perfumes. التصنيف المرجعي: العطور — بسيط. الوسوم المرجعية: Perfumes، Teens & Baby.,https://alfouadpharmacies.com/en/products/strawberry-shortcake-gift-set-50ml,AlFouad Pharmacies,Verify usage rights before commercial publication,غير مثبت,غير مثبت,مرجعي فقط — غير معتمد للنشر التجاري,بيانات مرجعية متاحة؛ يلزم تحقق PM,ضمن الفحص المبدئي
10569978478895,st-dupont-royal-amber-edp-100-ml,ST Dupont Royal Amber عطر رجالي 100 مل,perfumes,العطور,العطور,1,بسيط,0,4200,1260,2940,0,غير متاح لدى المصدر,https://cdn.shopify.com/s/files/1/0935/9550/0847/files/S.T.-Dupont-Royal-Amber-Edp-100-ml-FW.webp?v=1754297394,منتج ST Dupont Royal Amber عطر رجالي 100 مل من perfumes. التصنيف المرجعي: العطور — بسيط. الوسوم المرجعية: Men’s Perfumes، Perfumes، Women’s Perfumes.,https://alfouadpharmacies.com/en/products/st-dupont-royal-amber-edp-100-ml,AlFouad Pharmacies,Verify usage rights before commercial publication,غير مثبت,غير مثبت,مرجعي فقط — غير معتمد للنشر التجاري,بيانات مرجعية متاحة؛ يلزم تحقق PM,ضمن الفحص المبدئي
10569978446127,st-dupont-essence-pure-edt-100ml,ST Dupont Essence Pure Edt 100 مل,perfumes,العطور,العطور,1,بسيط,0,2400,720,1680,,غير متاح لدى المصدر,https://cdn.shopify.com/s/files/1/0935/9550/0847/files/S.T.-Dupont-Essence-Pure-Edt-FM-100ML.webp?v=1754297395,منتج ST Dupont Essence Pure Edt 100 مل من perfumes. التصنيف المرجعي: العطور — بسيط. الوسوم المرجعية: Men’s Perfumes، Perfumes.,https://alfouadpharmacies.com/en/products/st-dupont-essence-pure-edt-100ml,AlFouad Pharmacies,Verify usage rights before commercial publication,غير مثبت,غير مثبت,مرجعي فقط — غير معتمد للنشر التجاري,بيانات مرجعية متاحة؛ يلزم تحقق PM,ضمن الفحص المبدئي
10569978380591,nina-ricci-luna-edt-80ml,نينا ريتشي لونا عطر تستر 80 مل,perfumes,العطور,العطور,1,بسيط,93935,1900,570,1330,,غير متاح لدى المصدر,https://cdn.shopify.com/s/files/1/0935/9550/0847/files/Nina-Ricci-Luna-Edt-80ML.webp?v=1754297396,منتج نينا ريتشي لونا عطر تستر 80 مل من perfumes. التصنيف المرجعي: العطور — بسيط. الوسوم المرجعية: Perfumes، Women’s Perfumes.,https://alfouadpharmacies.com/en/products/nina-ricci-luna-edt-80ml,AlFouad Pharmacies,Verify usage rights before commercial publication,غير مثبت,غير مثبت,مرجعي فقط — غير معتمد للنشر التجاري,بيانات مرجعية متاحة؛ يلزم تحقق PM,ضمن الفحص المبدئي
10569978347823,nina-ricci-l-extase-edp-80-ml,نينا ريتشي إل إكستاس عطر نسائي 80 مل,perfumes,العطور,العطور,1,بسيط,104376,2100,630,1470,,غير متاح لدى المصدر,https://cdn.shopify.com/s/files/1/0935/9550/0847/files/Nina-Ricci-L-Extase-Edp-80-ml-FW.webp?v=1754297397,منتج نينا ريتشي إل إكستاس عطر نسائي 80 مل من perfumes. التصنيف المرجعي: العطور — بسيط. الوسوم المرجعية: Perfumes، Women’s Perfumes.,https://alfouadpharmacies.com/en/products/nina-ricci-l-extase-edp-80-ml,AlFouad Pharmacies,Verify usage rights before commercial publication,غير مثبت,غير مثبت,مرجعي فقط — غير معتمد للنشر التجاري,بيانات مرجعية متاحة؛ يلزم تحقق PM,ضمن الفحص المبدئي
10569978282287,mont-blanc-leganed-spirt-100ml-edt,مونت بلانك ليجاند سبيريت 100 مل عطر رجالي,perfumes,العطور,العطور,1,بسيط,0,4100,1230,2870,,غير متاح لدى المصدر,https://cdn.shopify.com/s/files/1/0935/9550/0847/files/Mont-Blanc-Leganed-Spirt-100ML-FM-Edt.webp?v=1754297397,منتج مونت بلانك ليجاند سبيريت 100 مل عطر رجالي من perfumes. التصنيف المرجعي: العطور — بسيط. الوسوم المرجعية: Men’s Perfumes، Perfumes.,https://alfouadpharmacies.com/en/products/mont-blanc-leganed-spirt-100ml-edt,AlFouad Pharmacies,Verify usage rights before commercial publication,غير مثبت,غير مثبت,مرجعي فقط — غير معتمد للنشر التجاري,بيانات مرجعية متاحة؛ يلزم تحقق PM,ضمن الفحص المبدئي
10569978249519,mont-blanc-legand-rededp-100mldeod-stick75ml,مونت بلانك ليجند ريد (ماء عطر 100 مل + مزيل عرق عصا 7.5 مل),perfumes,العطور,العطور,1,بسيط,0,3650,1095,2555,,غير متاح لدى المصدر,https://cdn.shopify.com/s/files/1/0935/9550/0847/files/Mont-Blanc-Legand-Rededp-100MLDEOD-STICK7.5ML.webp?v=1754297398,منتج مونت بلانك ليجند ريد (ماء عطر 100 مل + مزيل عرق عصا 7.5 مل) من perfumes. التصنيف المرجعي: العطور — بسيط. الوسوم المرجعية: Men’s Perfumes، Perfumes.,https://alfouadpharmacies.com/en/products/mont-blanc-legand-rededp-100mldeod-stick75ml,AlFouad Pharmacies,Verify usage rights before commercial publication,غير مثبت,غير مثبت,مرجعي فقط — غير معتمد للنشر التجاري,بيانات مرجعية متاحة؛ يلزم تحقق PM,ضمن الفحص المبدئي
10569978216751,guess-uomo-set-3pcs-100ml,طقم غيس للرجال، 3 قطع، 100 مل,perfumes,العطور,العطور,1,بسيط,14699,3900,1170,2730,,غير متاح لدى المصدر,https://cdn.shopify.com/s/files/1/0935/9550/0847/files/Guess-Uomo-FM-Set-3PCS-100ML.webp?v=1754297398,منتج طقم غيس للرجال، 3 قطع، 100 مل من perfumes. التصنيف المرجعي: العطور — بسيط. الوسوم المرجعية: Men’s Perfumes، Perfumes.,https://alfouadpharmacies.com/en/products/guess-uomo-set-3pcs-100ml,AlFouad Pharmacies,Verify usage rights before commercial publication,غير مثبت,غير مثبت,مرجعي فقط — غير معتمد للنشر التجاري,بيانات مرجعية متاحة؛ يلزم تحقق PM,ضمن الفحص المبدئي
10569978151215,guess-seductive-noir-set-3pcs,مجموعة غيس سيديختيف نوير، 3 قطع,perfumes,العطور,العطور,1,بسيط,93745,2600,780,1820,,غير متاح لدى المصدر,https://cdn.shopify.com/s/files/1/0935/9550/0847/files/Guess-Seductive-Noir-FM-Set-3PCS.webp?v=1754297399,منتج مجموعة غيس سيديختيف نوير، 3 قطع من perfumes. التصنيف المرجعي: العطور — بسيط. الوسوم المرجعية: Perfumes، Women’s Perfumes.,https://alfouadpharmacies.com/en/products/guess-seductive-noir-set-3pcs,AlFouad Pharmacies,Verify usage rights before commercial publication,غير مثبت,غير مثبت,مرجعي فقط — غير معتمد للنشر التجاري,بيانات مرجعية متاحة؛ يلزم تحقق PM,ضمن الفحص المبدئي
10569978085679,mercedes-benz-intense-edt-80ml,مرسيدس بنز إنتنس عطر رجالي 80 مل,perfumes,العطور,العطور,1,بسيط,0,3600,1080,2520,,غير متاح لدى المصدر,https://cdn.shopify.com/s/files/1/0935/9550/0847/files/Mercedes-Benz-Intense-Edt-FM-80ML.webp?v=1754297399,منتج مرسيدس بنز إنتنس عطر رجالي 80 مل من perfumes. التصنيف المرجعي: العطور — بسيط. الوسوم المرجعية: Men’s Perfumes، Perfumes.,https://alfouadpharmacies.com/en/products/mercedes-benz-intense-edt-80ml,AlFouad Pharmacies,Verify usage rights before commercial publication,غير مثبت,غير مثبت,مرجعي فقط — غير معتمد للنشر التجاري,بيانات مرجعية متاحة؛ يلزم تحقق PM,ضمن الفحص المبدئي
10569978052911,mercedes-benz-club-edt-100ml,مرسيدس بنز كلوب عطر رجالي 100 مل,perfumes,العطور,العطور,1,بسيط,115704,4000,1200,2800,,متاح لدى المصدر,https://cdn.shopify.com/s/files/1/0935/9550/0847/files/1_77_5ce8ddbb-cce0-4026-a160-ea181b15f854.webp?v=1784970840,منتج مرسيدس بنز كلوب عطر رجالي 100 مل من perfumes. التصنيف المرجعي: العطور — بسيط. الوسوم المرجعية: Men’s Perfumes، Perfumes.,https://alfouadpharmacies.com/en/products/mercedes-benz-club-edt-100ml,AlFouad Pharmacies,Verify usage rights before commercial publication,غير مثبت,غير مثبت,مرجعي فقط — غير معتمد للنشر التجاري,بيانات مرجعية متاحة؛ يلزم تحقق PM,ضمن الفحص المبدئي
10569978020143,lancome-la-vie-est-belle-iris-absolu-edp-50ml,لانكوم لا في إست بيل إيريس أبسولوت عطر نسائي 50 مل,perfumes,العطور,العطور,1,بسيط,0,6300,1890,4410,,غير متاح لدى المصدر,https://cdn.shopify.com/s/files/1/0935/9550/0847/files/Lancome-La-Vie-Est-Belle-Iris-Absolu-Edp-FW-50ML.webp?v=1754297400,منتج لانكوم لا في إست بيل إيريس أبسولوت عطر نسائي 50 مل من perfumes. التصنيف المرجعي: العطور — بسيط. الوسوم المرجعية: Perfumes، Women’s Perfumes.,https://alfouadpharmacies.com/en/products/lancome-la-vie-est-belle-iris-absolu-edp-50ml,AlFouad Pharmacies,Verify usage rights before commercial publication,غير مثبت,غير مثبت,مرجعي فقط — غير معتمد للنشر التجاري,بيانات مرجعية متاحة؛ يلزم تحقق PM,ضمن الفحص المبدئي
10569977954607,lancome-la-vie-est-belle-iris-absolu-edp-100ml,لانكوم لا في إست بيل إيريس أبسوليو عطر نسائي 100 مل,perfumes,العطور,العطور,1,بسيط,0,7800,2340,5460,,غير متاح لدى المصدر,https://cdn.shopify.com/s/files/1/0935/9550/0847/files/Lancome-La-Vie-Est-Belle-Iris-Absolu-Edp-FW-100ML.webp?v=1754297401,منتج لانكوم لا في إست بيل إيريس أبسوليو عطر نسائي 100 مل من perfumes. التصنيف المرجعي: العطور — بسيط. الوسوم المرجعية: Perfumes، Women’s Perfumes.,https://alfouadpharmacies.com/en/products/lancome-la-vie-est-belle-iris-absolu-edp-100ml,AlFouad Pharmacies,Verify usage rights before commercial publication,غير مثبت,غير مثبت,مرجعي فقط — غير معتمد للنشر التجاري,بيانات مرجعية متاحة؛ يلزم تحقق PM,ضمن الفحص المبدئي
10569977889071,lancome-idole-75ml-edp-intense,لانكوم إيدول 75 مل عطر إكستريم (إدي بي),perfumes,العطور,العطور,1,بسيط,0,8000,2400,5600,,غير متاح لدى المصدر,https://cdn.shopify.com/s/files/1/0935/9550/0847/files/Lancome-Idole-75ML-Edp-FW-Intense.webp?v=1754297401,منتج لانكوم إيدول 75 مل عطر إكستريم (إدي بي) من perfumes. التصنيف المرجعي: العطور — بسيط. الوسوم المرجعية: Perfumes، Women’s Perfumes.,https://alfouadpharmacies.com/en/products/lancome-idole-75ml-edp-intense,AlFouad Pharmacies,Verify usage rights before commercial publication,غير مثبت,غير مثبت,مرجعي فقط — غير معتمد للنشر التجاري,بيانات مرجعية متاحة؛ يلزم تحقق PM,ضمن الفحص المبدئي
10569977823535,lancome-la-vie-est-belle-100ml-intensement,لانكوم لا في إست بيل 100 مل إنتنسيمانت,perfumes,العطور,العطور,1,بسيط,97152,8800,2640,6160,,متاح لدى المصدر,https://cdn.shopify.com/s/files/1/0935/9550/0847/files/1_31_f0002a90-7f36-4fca-8a4b-20a4aac8a9f6.webp?v=1783755730,منتج لانكوم لا في إست بيل 100 مل إنتنسيمانت من perfumes. التصنيف المرجعي: العطور — بسيط. الوسوم المرجعية: Perfumes، Women’s Perfumes.,https://alfouadpharmacies.com/en/products/lancome-la-vie-est-belle-100ml-intensement,AlFouad Pharmacies,Verify usage rights before commercial publication,غير مثبت,غير مثبت,مرجعي فقط — غير معتمد للنشر التجاري,بيانات مرجعية متاحة؛ يلزم تحقق PM,ضمن الفحص المبدئي
10569977790767,lancome-la-vie-est-belle-100ml-edp,لانكوم لا في إست بيل عطر نسائي 100 مل (إي دي بي),perfumes,العطور,العطور,1,بسيط,102096,7300,2190,5110,,غير متاح لدى المصدر,https://cdn.shopify.com/s/files/1/0935/9550/0847/files/Lancome-La-Vie-Est-Belle-100ML-Edp-FW.webp?v=1754297403,منتج لانكوم لا في إست بيل عطر نسائي 100 مل (إي دي بي) من perfumes. التصنيف المرجعي: العطور — بسيط. الوسوم المرجعية: Perfumes، Women’s Perfumes.,https://alfouadpharmacies.com/en/products/lancome-la-vie-est-belle-100ml-edp,AlFouad Pharmacies,Verify usage rights before commercial publication,غير مثبت,غير مثبت,مرجعي فقط — غير معتمد للنشر التجاري,بيانات مرجعية متاحة؛ يلزم تحقق PM,ضمن الفحص المبدئي
10569977757999,lacoste-pour-femme-intense-edp-90ml,عطر لاكوست بور فام إنتنس، تركيز EDP، سعة 90 مل,perfumes,العطور,العطور,1,بسيط,86148,2050,615,1435,,غير متاح لدى المصدر,https://cdn.shopify.com/s/files/1/0935/9550/0847/files/Lacoste-Pour-Femme-Intense-Edp-90ML.webp?v=1754297404,منتج عطر لاكوست بور فام إنتنس، تركيز EDP، سعة 90 مل من perfumes. التصنيف المرجعي: العطور — بسيط. الوسوم المرجعية: Perfumes، Women’s Perfumes.,https://alfouadpharmacies.com/en/products/lacoste-pour-femme-intense-edp-90ml,AlFouad Pharmacies,Verify usage rights before commercial publication,غير مثبت,غير مثبت,مرجعي فقط — غير معتمد للنشر التجاري,بيانات مرجعية متاحة؛ يلزم تحقق PM,ضمن الفحص المبدئي
10569977692463,jean-paul-scandal-gaultier-absolu-80ml,جير بول غولتييه سكاندال أبسولوت 80 مل,perfumes,العطور,العطور,1,بسيط,14404,8400,2520,5880,,متاح لدى المصدر,https://cdn.shopify.com/s/files/1/0935/9550/0847/files/1_29_8832fe24-2b9f-48eb-a009-ec29ff0ae812.webp?v=1783755512,منتج جير بول غولتييه سكاندال أبسولوت 80 مل من perfumes. التصنيف المرجعي: العطور — بسيط. الوسوم المرجعية: Perfumes، Women’s Perfumes.,https://alfouadpharmacies.com/en/products/jean-paul-scandal-gaultier-absolu-80ml,AlFouad Pharmacies,Verify usage rights before commercial publication,غير مثبت,غير مثبت,مرجعي فقط — غير معتمد للنشر التجاري,بيانات مرجعية متاحة؛ يلزم تحقق PM,ضمن الفحص المبدئي
10569977659695,jean-paul-scandal-gaultier-absolu-100ml,جير Paul Scandal Gaultier Absolu 100 مل,perfumes,العطور,العطور,1,بسيط,14395,7700,2310,5390,,متاح لدى المصدر,https://cdn.shopify.com/s/files/1/0935/9550/0847/files/1_30.webp?v=1783755598,منتج جير Paul Scandal Gaultier Absolu 100 مل من perfumes. التصنيف المرجعي: العطور — بسيط. الوسوم المرجعية: Men’s Perfumes، Perfumes.,https://alfouadpharmacies.com/en/products/jean-paul-scandal-gaultier-absolu-100ml,AlFouad Pharmacies,Verify usage rights before commercial publication,غير مثبت,غير مثبت,مرجعي فقط — غير معتمد للنشر التجاري,بيانات مرجعية متاحة؛ يلزم تحقق PM,ضمن الفحص المبدئي
10569977561391,jean-paul-scandal-edp-80ml-20ml,جان بول سكاندال (عطر 80 مل + 20 مل),perfumes,العطور,العطور,1,بسيط,10487,5990,1797,4193,,غير متاح لدى المصدر,https://cdn.shopify.com/s/files/1/0935/9550/0847/files/Jean-Paul-Scandal-FW-Edp-80ML-20ML.webp?v=1754297405,منتج جان بول سكاندال (عطر 80 مل + 20 مل) من perfumes. التصنيف المرجعي: العطور — بسيط. الوسوم المرجعية: Perfumes، Women’s Perfumes.,https://alfouadpharmacies.com/en/products/jean-paul-scandal-edp-80ml-20ml,AlFouad Pharmacies,Verify usage rights before commercial publication,غير مثبت,غير مثبت,مرجعي فقط — غير معتمد للنشر التجاري,بيانات مرجعية متاحة؛ يلزم تحقق PM,ضمن الفحص المبدئي
10569977528623,jean-paul-scandal-edp-100mledp-10ml,جان بول سكاندال (ماء عطر 100 مل + ماء عطر 10 مل),perfumes,العطور,العطور,1,بسيط,10704,4550,1365,3185,,غير متاح لدى المصدر,https://cdn.shopify.com/s/files/1/0935/9550/0847/files/Jean-Paul-Scandal-FM-Edp-100MLEDP-10ML.webp?v=1754297406,منتج جان بول سكاندال (ماء عطر 100 مل + ماء عطر 10 مل) من perfumes. التصنيف المرجعي: العطور — بسيط. الوسوم المرجعية: Men’s Perfumes، Perfumes.,https://alfouadpharmacies.com/en/products/jean-paul-scandal-edp-100mledp-10ml,AlFouad Pharmacies,Verify usage rights before commercial publication,غير مثبت,غير مثبت,مرجعي فقط — غير معتمد للنشر التجاري,بيانات مرجعية متاحة؛ يلزم تحقق PM,ضمن الفحص المبدئي
10569977495855,jean-paul-gaultier-so-scandal-edp-80ml,جير بول غولتير سو سكاندال عطر نسائي 80 مل,perfumes,العطور,العطور,1,بسيط,106157,6500,1950,4550,,غير متاح لدى المصدر,https://cdn.shopify.com/s/files/1/0935/9550/0847/files/Jean-Paul-Gaultier-So-Scandal-Edp-FW-80ML.webp?v=1754297406,منتج جير بول غولتير سو سكاندال عطر نسائي 80 مل من perfumes. التصنيف المرجعي: العطور — بسيط. الوسوم المرجعية: Perfumes، Women’s Perfumes.,https://alfouadpharmacies.com/en/products/jean-paul-gaultier-so-scandal-edp-80ml,AlFouad Pharmacies,Verify usage rights before commercial publication,غير مثبت,غير مثبت,مرجعي فقط — غير معتمد للنشر التجاري,بيانات مرجعية متاحة؛ يلزم تحقق PM,ضمن الفحص المبدئي
10569977463087,jean-paul-gaultier-le-male-elixir-parfum-125ml,عطر جان بول غولتيه لي مالي إليكسير 125 مل,perfumes,العطور,العطور,1,بسيط,112291,9200,2760,6440,,متاح لدى المصدر,https://cdn.shopify.com/s/files/1/0935/9550/0847/files/1_28_3571e210-3a9e-4497-b626-3bbcc9b1c2c6.webp?v=1783755427,منتج عطر جان بول غولتيه لي مالي إليكسير 125 مل من perfumes. التصنيف المرجعي: العطور — بسيط. الوسوم المرجعية: Men’s Perfumes، Perfumes.,https://alfouadpharmacies.com/en/products/jean-paul-gaultier-le-male-elixir-parfum-125ml,AlFouad Pharmacies,Verify usage rights before commercial publication,غير مثبت,غير مثبت,مرجعي فقط — غير معتمد للنشر التجاري,بيانات مرجعية متاحة؛ يلزم تحقق PM,ضمن الفحص المبدئي
10569977364783,jaguar-classic-red-edt-100-ml,جاكوار كلاسيك ريد عطر رجالي 100 مل,perfumes,العطور,العطور,1,بسيط,105272,2250,675,1575,,متاح لدى المصدر,https://cdn.shopify.com/s/files/1/0935/9550/0847/files/1_27_1a31c07b-0575-4055-b83b-8a533755ef2f.webp?v=1783754809,منتج جاكوار كلاسيك ريد عطر رجالي 100 مل من perfumes. التصنيف المرجعي: العطور — بسيط. الوسوم المرجعية: Men’s Perfumes، Perfumes.,https://alfouadpharmacies.com/en/products/jaguar-classic-red-edt-100-ml,AlFouad Pharmacies,Verify usage rights before commercial publication,غير مثبت,غير مثبت,مرجعي فقط — غير معتمد للنشر التجاري,بيانات مرجعية متاحة؛ يلزم تحقق PM,ضمن الفحص المبدئي
10569977266479,jaguar-classic-gold-edt-100-ml,جاكوار كلاسيك جولد عطر رجالي 100 مل,perfumes,العطور,العطور,1,بسيط,105271,1420,426,994,,غير متاح لدى المصدر,https://cdn.shopify.com/s/files/1/0935/9550/0847/files/Jaguar-Classic-Gold-Edt-100-ml-FM.webp?v=1754297408,منتج جاكوار كلاسيك جولد عطر رجالي 100 مل من perfumes. التصنيف المرجعي: العطور — بسيط. الوسوم المرجعية: Men’s Perfumes، Perfumes.,https://alfouadpharmacies.com/en/products/jaguar-classic-gold-edt-100-ml,AlFouad Pharmacies,Verify usage rights before commercial publication,غير مثبت,غير مثبت,مرجعي فقط — غير معتمد للنشر التجاري,بيانات مرجعية متاحة؛ يلزم تحقق PM,ضمن الفحص المبدئي
10569977200943,jaguar-classic-black-edt-100-ml,جاكوار كلاسيك بلاك عطر رجالي 100 مل,perfumes,العطور,العطور,1,بسيط,105273,1400,420,980,,غير متاح لدى المصدر,https://cdn.shopify.com/s/files/1/0935/9550/0847/files/1_26_453407b5-a8c0-4727-8088-691c93ab3851.webp?v=1783754557,منتج جاكوار كلاسيك بلاك عطر رجالي 100 مل من perfumes. التصنيف المرجعي: العطور — بسيط. الوسوم المرجعية: Men’s Perfumes، Perfumes.,https://alfouadpharmacies.com/en/products/jaguar-classic-black-edt-100-ml,AlFouad Pharmacies,Verify usage rights before commercial publication,غير مثبت,غير مثبت,مرجعي فقط — غير معتمد للنشر التجاري,بيانات مرجعية متاحة؛ يلزم تحقق PM,ضمن الفحص المبدئي
10569977102639,jacques-bone-man-show-ruby-edition-edt-100ml,جاك بي. وان مان شو (إصدار روبي) عطر رجالي 100 مل,perfumes,العطور,العطور,1,بسيط,105734,1250,375,875,,غير متاح لدى المصدر,https://cdn.shopify.com/s/files/1/0935/9550/0847/files/1_25_74eacd59-84b3-4716-af86-c293db51495a.webp?v=1783754343,منتج جاك بي. وان مان شو (إصدار روبي) عطر رجالي 100 مل من perfumes. التصنيف المرجعي: العطور — بسيط. الوسوم المرجعية: Men’s Perfumes، Perfumes.,https://alfouadpharmacies.com/en/products/jacques-bone-man-show-ruby-edition-edt-100ml,AlFouad Pharmacies,Verify usage rights before commercial publication,غير مثبت,غير مثبت,مرجعي فقط — غير معتمد للنشر التجاري,بيانات مرجعية متاحة؛ يلزم تحقق PM,ضمن الفحص المبدئي
10569976971567,issey-miyake-leau-super-majeure-d-issey-edt-100ml,إيسي ميياكي لو سوبر ماجور دي إيسي، عطر رجالي، 100 مل.,perfumes,العطور,العطور,1,بسيط,10173,1850,555,1295,,غير متاح لدى المصدر,https://cdn.shopify.com/s/files/1/0935/9550/0847/files/Issey-Miyake-Leau-Super-Majeure-D-Issey-Edt-100ML.webp?v=1754297411,منتج إيسي ميياكي لو سوبر ماجور دي إيسي، عطر رجالي، 100 مل. من perfumes. التصنيف المرجعي: العطور — بسيط. الوسوم المرجعية: Men’s Perfumes، Perfumes.,https://alfouadpharmacies.com/en/products/issey-miyake-leau-super-majeure-d-issey-edt-100ml,AlFouad Pharmacies,Verify usage rights before commercial publication,غير مثبت,غير مثبت,مرجعي فقط — غير معتمد للنشر التجاري,بيانات مرجعية متاحة؛ يلزم تحقق PM,ضمن الفحص المبدئي
10569976938799,hugo-boss-the-scent-absolute-edp-100ml,عطر هوغو بوس ذا سنت أبсолюت، تركيز إي دي بي، 100 مل,perfumes,العطور,العطور,1,بسيط,104611,4900,1470,3430,,غير متاح لدى المصدر,https://cdn.shopify.com/s/files/1/0935/9550/0847/files/Hugo-Boss-the-Scent-Absolute-Edp-100ML.webp?v=1754297412,منتج عطر هوغو بوس ذا سنت أبсолюت، تركيز إي دي بي، 100 مل من perfumes. التصنيف المرجعي: العطور — بسيط. الوسوم المرجعية: Men’s Perfumes، Perfumes.,https://alfouadpharmacies.com/en/products/hugo-boss-the-scent-absolute-edp-100ml,AlFouad Pharmacies,Verify usage rights before commercial publication,غير مثبت,غير مثبت,مرجعي فقط — غير معتمد للنشر التجاري,بيانات مرجعية متاحة؛ يلزم تحقق PM,ضمن الفحص المبدئي
10569976840495,hugo-boss-hugo-edt-125-ml-green,عطر هوغو بوس هوغو، ماء تواليت، 125 مل (أخضر),perfumes,العطور,العطور,1,بسيط,106323,4200,1260,2940,,متاح لدى المصدر,https://cdn.shopify.com/s/files/1/0935/9550/0847/files/1_23_71de5a65-2530-4ece-ab8c-f0049d56e80e.webp?v=1783754136,منتج عطر هوغو بوس هوغو، ماء تواليت، 125 مل (أخضر) من perfumes. التصنيف المرجعي: العطور — بسيط. الوسوم المرجعية: Men’s Perfumes، Perfumes.,https://alfouadpharmacies.com/en/products/hugo-boss-hugo-edt-125-ml-green,AlFouad Pharmacies,Verify usage rights before commercial publication,غير مثبت,غير مثبت,مرجعي فقط — غير معتمد للنشر التجاري,بيانات مرجعية متاحة؛ يلزم تحقق PM,ضمن الفحص المبدئي
10569976774959,hugo-boss-bottled-unlimited-edt-100ml,عطر هوغو بوس بوتلد أنليميتد، إصدار تواليت، 100 مل,perfumes,العطور,العطور,1,بسيط,9967,3450,1035,2415,,غير متاح لدى المصدر,https://cdn.shopify.com/s/files/1/0935/9550/0847/files/Hugo-Boss-Bottled-Unlimited-FM-Edt-100ML.webp?v=1754297414,منتج عطر هوغو بوس بوتلد أنليميتد، إصدار تواليت، 100 مل من perfumes. التصنيف المرجعي: العطور — بسيط. الوسوم المرجعية: Men’s Perfumes، Perfumes.,https://alfouadpharmacies.com/en/products/hugo-boss-bottled-unlimited-edt-100ml,AlFouad Pharmacies,Verify usage rights before commercial publication,غير مثبت,غير مثبت,مرجعي فقط — غير معتمد للنشر التجاري,بيانات مرجعية متاحة؛ يلزم تحقق PM,ضمن الفحص المبدئي
10569976676655,hugo-boss-infinite-edp-100mlshower,هوغو بوس إنفينيت (عطر 100 مل + جل استحمام),perfumes,العطور,العطور,1,بسيط,83671,4000,1200,2800,,غير متاح لدى المصدر,https://cdn.shopify.com/s/files/1/0935/9550/0847/files/Hugo-Boss-Boss-Infinite-FM-Edp-100MLSHOWER.webp?v=1754297415,منتج هوغو بوس إنفينيت (عطر 100 مل + جل استحمام) من perfumes. التصنيف المرجعي: العطور — بسيط. الوسوم المرجعية: Men’s Perfumes، Perfumes.,https://alfouadpharmacies.com/en/products/hugo-boss-infinite-edp-100mlshower,AlFouad Pharmacies,Verify usage rights before commercial publication,غير مثبت,غير مثبت,مرجعي فقط — غير معتمد للنشر التجاري,بيانات مرجعية متاحة؛ يلزم تحقق PM,ضمن الفحص المبدئي
10569976611119,hugo-boss-alive-edp-80ml,عطر هوغو بوس ألايف، تركيز إي دي بي، 80 مل,perfumes,العطور,العطور,1,بسيط,88129,2150,645,1505,,غير متاح لدى المصدر,https://cdn.shopify.com/s/files/1/0935/9550/0847/files/Hugo-Boss-Alive-Edp-80ML.webp?v=1754297416,منتج عطر هوغو بوس ألايف، تركيز إي دي بي، 80 مل من perfumes. التصنيف المرجعي: العطور — بسيط. الوسوم المرجعية: Perfumes، Women’s Perfumes.,https://alfouadpharmacies.com/en/products/hugo-boss-alive-edp-80ml,AlFouad Pharmacies,Verify usage rights before commercial publication,غير مثبت,غير مثبت,مرجعي فقط — غير معتمد للنشر التجاري,بيانات مرجعية متاحة؛ يلزم تحقق PM,ضمن الفحص المبدئي
10569976480047,guess-seductive-kiss-edt-75-ml,عطر غيس سيدوكتيف كيس، ماء تواليت، 75 مل,perfumes,العطور,العطور,1,بسيط,108428,1450,435,1015,,غير متاح لدى المصدر,https://cdn.shopify.com/s/files/1/0935/9550/0847/files/1_22_502f1cd9-c405-4a44-a03d-6e9c21a2f2a5.webp?v=1783753981,منتج عطر غيس سيدوكتيف كيس، ماء تواليت، 75 مل من perfumes. التصنيف المرجعي: العطور — بسيط. الوسوم المرجعية: Perfumes، Women’s Perfumes.,https://alfouadpharmacies.com/en/products/guess-seductive-kiss-edt-75-ml,AlFouad Pharmacies,Verify usage rights before commercial publication,غير مثبت,غير مثبت,مرجعي فقط — غير معتمد للنشر التجاري,بيانات مرجعية متاحة؛ يلزم تحقق PM,ضمن الفحص المبدئي
10569976185135,guess-seductive-homme-edt-150-ml,عطر غيس سيدوكتيف هوم للرجال، تركيز أو دو تواليت، 150 مل,perfumes,العطور,العطور,1,بسيط,8785,2200,660,1540,,غير متاح لدى المصدر,https://cdn.shopify.com/s/files/1/0935/9550/0847/files/1_21_42bfc13b-b12f-4db8-95e7-6dfc08d5dfa9.webp?v=1783752365,منتج عطر غيس سيدوكتيف هوم للرجال، تركيز أو دو تواليت، 150 مل من perfumes. التصنيف المرجعي: العطور — بسيط. الوسوم المرجعية: Men’s Perfumes، Perfumes.,https://alfouadpharmacies.com/en/products/guess-seductive-homme-edt-150-ml,AlFouad Pharmacies,Verify usage rights before commercial publication,غير مثبت,غير مثبت,مرجعي فقط — غير معتمد للنشر التجاري,بيانات مرجعية متاحة؛ يلزم تحقق PM,ضمن الفحص المبدئي
10569976152367,guess-seductive-homme-edt-100ml,غيس سيدوكتيف هوم عطر رجالي 100 مل,perfumes,العطور,العطور,1,بسيط,10489,1800,540,1260,,غير متاح لدى المصدر,https://cdn.shopify.com/s/files/1/0935/9550/0847/files/Guess-Seductive-Homme-Edt-FM-100ML.webp?v=1754297422,منتج غيس سيدوكتيف هوم عطر رجالي 100 مل من perfumes. التصنيف المرجعي: العطور — بسيط. الوسوم المرجعية: Men’s Perfumes، Perfumes.,https://alfouadpharmacies.com/en/products/guess-seductive-homme-edt-100ml,AlFouad Pharmacies,Verify usage rights before commercial publication,غير مثبت,غير مثبت,مرجعي فقط — غير معتمد للنشر التجاري,بيانات مرجعية متاحة؛ يلزم تحقق PM,ضمن الفحص المبدئي
10569976119599,guess-seductive-homme-black-set-edt-100ml,طقم غيس سيديقطيف هوم بلاك، عطر رجالي، 100 مل,perfumes,العطور,العطور,1,بسيط,112697,3500,1050,2450,,غير متاح لدى المصدر,https://cdn.shopify.com/s/files/1/0935/9550/0847/files/cl5sdnqkhtwi.webp?v=1754297423,منتج طقم غيس سيديقطيف هوم بلاك، عطر رجالي، 100 مل من perfumes. التصنيف المرجعي: العطور — بسيط. الوسوم المرجعية: Men’s Perfumes، Perfumes.,https://alfouadpharmacies.com/en/products/guess-seductive-homme-black-set-edt-100ml,AlFouad Pharmacies,Verify usage rights before commercial publication,غير مثبت,غير مثبت,مرجعي فقط — غير معتمد للنشر التجاري,بيانات مرجعية متاحة؛ يلزم تحقق PM,ضمن الفحص المبدئي
10569976086831,guess-seductive-flirt-edt-75-ml,غيس سيداكتيف فليرت عطر 75 مل.,perfumes,العطور,العطور,1,بسيط,16027,990,297,693,,غير متاح لدى المصدر,https://cdn.shopify.com/s/files/1/0935/9550/0847/files/Guess-Seductive-Flirt-FW-Edt-75-ml.webp?v=1754297423,منتج غيس سيداكتيف فليرت عطر 75 مل. من perfumes. التصنيف المرجعي: العطور — بسيط. الوسوم المرجعية: Perfumes، Women’s Perfumes.,https://alfouadpharmacies.com/en/products/guess-seductive-flirt-edt-75-ml,AlFouad Pharmacies,Verify usage rights before commercial publication,غير مثبت,غير مثبت,مرجعي فقط — غير معتمد للنشر التجاري,بيانات مرجعية متاحة؛ يلزم تحقق PM,ضمن الفحص المبدئي
10569975922991,guess-seductive-edt-75ml,غيس سيدوكتيف عطر 75 مل,perfumes,العطور,العطور,1,بسيط,93837,1950,585,1365,,متاح لدى المصدر,https://cdn.shopify.com/s/files/1/0935/9550/0847/files/1_20_b0d7e080-9489-4b7b-9c38-a5b501d49da8.webp?v=1783752083,منتج غيس سيدوكتيف عطر 75 مل من perfumes. التصنيف المرجعي: العطور — بسيط. الوسوم المرجعية: Perfumes، Women’s Perfumes.,https://alfouadpharmacies.com/en/products/guess-seductive-edt-75ml,AlFouad Pharmacies,Verify usage rights before commercial publication,غير مثبت,غير مثبت,مرجعي فقط — غير معتمد للنشر التجاري,بيانات مرجعية متاحة؛ يلزم تحقق PM,ضمن الفحص المبدئي
10569975890223,guess-seductive-charm-edt-75-ml,عطر غيس سيدوكتيف تشارم، ماء تواليت، 75 مل,perfumes,العطور,العطور,1,بسيط,94493,995,298.5,696.5,,غير متاح لدى المصدر,https://cdn.shopify.com/s/files/1/0935/9550/0847/files/1.webp?v=1754297425,منتج عطر غيس سيدوكتيف تشارم، ماء تواليت، 75 مل من perfumes. التصنيف المرجعي: العطور — بسيط. الوسوم المرجعية: Perfumes، Women’s Perfumes.,https://alfouadpharmacies.com/en/products/guess-seductive-charm-edt-75-ml,AlFouad Pharmacies,Verify usage rights before commercial publication,غير مثبت,غير مثبت,مرجعي فقط — غير معتمد للنشر التجاري,بيانات مرجعية متاحة؛ يلزم تحقق PM,ضمن الفحص المبدئي
10569975791919,عطر-جيس-سدكتف-بلو-للنساء-أو-دي-تواليت-75-مل,عطر جيس سدكتف بلو للنساء أو دي تواليت 75 مل,perfumes,العطور,العطور,1,جيس سدكتف,91240,2100,630,1470,,متاح لدى المصدر,https://cdn.shopify.com/s/files/1/0935/9550/0847/files/1_-_2026-07-09T163451.221.webp?v=1783604290,منتج عطر جيس سدكتف بلو للنساء أو دي تواليت 75 مل من perfumes. التصنيف المرجعي: العطور — جيس سدكتف. الوسوم المرجعية: Perfumes، Women’s Perfumes.,https://alfouadpharmacies.com/en/products/عطر-جيس-سدكتف-بلو-للنساء-أو-دي-تواليت-75-مل,AlFouad Pharmacies,Verify usage rights before commercial publication,غير مثبت,غير مثبت,مرجعي فقط — غير معتمد للنشر التجاري,بيانات مرجعية متاحة؛ يلزم تحقق PM,ضمن الفحص المبدئي
10569975660847,guess-rose-edp-150-ml,غيس روز عطر نسائي 150 مل,perfumes,العطور,العطور,1,بسيط,25512,2400,720,1680,,غير متاح لدى المصدر,https://cdn.shopify.com/s/files/1/0935/9550/0847/files/61ReZGdyZ7L.webp?v=1754297427,منتج غيس روز عطر نسائي 150 مل من perfumes. التصنيف المرجعي: العطور — بسيط. الوسوم المرجعية: Perfumes، Women’s Perfumes.,https://alfouadpharmacies.com/en/products/guess-rose-edp-150-ml,AlFouad Pharmacies,Verify usage rights before commercial publication,غير مثبت,غير مثبت,مرجعي فقط — غير معتمد للنشر التجاري,بيانات مرجعية متاحة؛ يلزم تحقق PM,ضمن الفحص المبدئي
10569975595311,عطر-جيس-بور-فيم-للنساء-أو-دي-برفام-75-مل,عطر جيس بور فيم للنساء أو دي برفام 75 مل,perfumes,العطور,العطور,1, جيس بور فيم,96932,2100,630,1470,,متاح لدى المصدر,https://cdn.shopify.com/s/files/1/0935/9550/0847/files/1_-_2026-07-09T162846.096.webp?v=1783603743,منتج عطر جيس بور فيم للنساء أو دي برفام 75 مل من perfumes. التصنيف المرجعي: العطور —  جيس بور فيم. الوسوم المرجعية: Perfumes، Women’s Perfumes.,https://alfouadpharmacies.com/en/products/عطر-جيس-بور-فيم-للنساء-أو-دي-برفام-75-مل,AlFouad Pharmacies,Verify usage rights before commercial publication,غير مثبت,غير مثبت,مرجعي فقط — غير معتمد للنشر التجاري,بيانات مرجعية متاحة؛ يلزم تحقق PM,ضمن الفحص المبدئي
10569975431471,guess-pink-edp-set-2pcs-75ml,طقم عطر غيس بينك (إي دي بي) مكون من قطعتين، سعة 75 مل.,perfumes,العطور,العطور,1,بسيط,10063,2700,810,1890,,غير متاح لدى المصدر,https://cdn.shopify.com/s/files/1/0935/9550/0847/files/guess-ladies-pink-gift-set-fragrances-085715329868.webp?v=1754297430,منتج طقم عطر غيس بينك (إي دي بي) مكون من قطعتين، سعة 75 مل. من perfumes. التصنيف المرجعي: العطور — بسيط. الوسوم المرجعية: Perfumes، Women’s Perfumes.,https://alfouadpharmacies.com/en/products/guess-pink-edp-set-2pcs-75ml,AlFouad Pharmacies,Verify usage rights before commercial publication,غير مثبت,غير مثبت,مرجعي فقط — غير معتمد للنشر التجاري,بيانات مرجعية متاحة؛ يلزم تحقق PM,ضمن الفحص المبدئي
10569975398703,guess-marciano-100ml-edt,عطر غيس مارسيانو 100 مل (مياه تواليت),perfumes,العطور,العطور,1,بسيط,89403,2000,600,1400,,متاح لدى المصدر,https://cdn.shopify.com/s/files/1/0935/9550/0847/files/Guess-Marciano-FM-100ML-Edt.webp?v=1754297430,منتج عطر غيس مارسيانو 100 مل (مياه تواليت) من perfumes. التصنيف المرجعي: العطور — بسيط. الوسوم المرجعية: Men’s Perfumes، Perfumes.,https://alfouadpharmacies.com/en/products/guess-marciano-100ml-edt,AlFouad Pharmacies,Verify usage rights before commercial publication,غير مثبت,غير مثبت,مرجعي فقط — غير معتمد للنشر التجاري,بيانات مرجعية متاحة؛ يلزم تحقق PM,ضمن الفحص المبدئي
10569975365935,guess-ladies-for-ever-edp-75ml-set-2pcs,طقم عطر Guess Ladies for Ever  75 مل (إيديه بي)  مكون من قطعتين,perfumes,العطور,العطور,1,بسيط,10284,2700,810,1890,,غير متاح لدى المصدر,https://cdn.shopify.com/s/files/1/0935/9550/0847/files/Guess-Ladies-for-Ever-Edp-FW-75ML-Set-2PCS.webp?v=1754297431,منتج طقم عطر Guess Ladies for Ever  75 مل (إيديه بي)  مكون من قطعتين من perfumes. التصنيف المرجعي: العطور — بسيط. الوسوم المرجعية: Perfumes، Women’s Perfumes.,https://alfouadpharmacies.com/en/products/guess-ladies-for-ever-edp-75ml-set-2pcs,AlFouad Pharmacies,Verify usage rights before commercial publication,غير مثبت,غير مثبت,مرجعي فقط — غير معتمد للنشر التجاري,بيانات مرجعية متاحة؛ يلزم تحقق PM,ضمن الفحص المبدئي
10569975300399,guess-gold-edp-75ml,غيس جولد عطر نسائي 75 مل,perfumes,العطور,العطور,1,بسيط,15939,1900,570,1330,,متاح لدى المصدر,https://cdn.shopify.com/s/files/1/0935/9550/0847/files/Guess-Gold-Edp-75ML-FM-0704.webp?v=1754297431,منتج غيس جولد عطر نسائي 75 مل من perfumes. التصنيف المرجعي: العطور — بسيط. الوسوم المرجعية: Men’s Perfumes، Perfumes.,https://alfouadpharmacies.com/en/products/guess-gold-edp-75ml,AlFouad Pharmacies,Verify usage rights before commercial publication,غير مثبت,غير مثبت,مرجعي فقط — غير معتمد للنشر التجاري,بيانات مرجعية متاحة؛ يلزم تحقق PM,ضمن الفحص المبدئي
10569975267631,عطر-جيس-غولد-أو-دي-برفام-للنساء-75-مل,عطر جيس غولد أو دي برفام للنساء 75 مل,perfumes,العطور,العطور,1,جيس غولد,24898,2000,600,1400,,متاح لدى المصدر,https://cdn.shopify.com/s/files/1/0935/9550/0847/files/1_-_2026-07-09T160839.772.webp?v=1783602541,منتج عطر جيس غولد أو دي برفام للنساء 75 مل من perfumes. التصنيف المرجعي: العطور — جيس غولد. الوسوم المرجعية: Perfumes، Women’s Perfumes.,https://alfouadpharmacies.com/en/products/عطر-جيس-غولد-أو-دي-برفام-للنساء-75-مل,AlFouad Pharmacies,Verify usage rights before commercial publication,غير مثبت,غير مثبت,مرجعي فقط — غير معتمد للنشر التجاري,بيانات مرجعية متاحة؛ يلزم تحقق PM,ضمن الفحص المبدئي
10569975136559,guess-by-marciano-set-3pcs-100ml,مجموعة غيس من مارسيانو، 3 قطع، 100 مل.,perfumes,العطور,العطور,1,بسيط,108431,3000,900,2100,,غير متاح لدى المصدر,https://cdn.shopify.com/s/files/1/0935/9550/0847/files/61baVKUjoqL_1_600x_0ee100ce-d904-421e-b445-72a87606f67a.webp?v=1754297433,منتج مجموعة غيس من مارسيانو، 3 قطع، 100 مل. من perfumes. التصنيف المرجعي: العطور — بسيط. الوسوم المرجعية: Men’s Perfumes، Perfumes.,https://alfouadpharmacies.com/en/products/guess-by-marciano-set-3pcs-100ml,AlFouad Pharmacies,Verify usage rights before commercial publication,غير مثبت,غير مثبت,مرجعي فقط — غير معتمد للنشر التجاري,بيانات مرجعية متاحة؛ يلزم تحقق PM,ضمن الفحص المبدئي
10569975103791,عطر-جيس-باي-مارسيانو-أو-دي-برفام-للنساء-100-مل,عطر جيس باي مارسيانو أو دي برفام للنساء 100 مل,perfumes,العطور,العطور,1,جيس باي مارسيانو,93801,3500,1050,2450,,متاح لدى المصدر,https://cdn.shopify.com/s/files/1/0935/9550/0847/files/1_-_2026-07-09T160846.334.webp?v=1783603074,منتج عطر جيس باي مارسيانو أو دي برفام للنساء 100 مل من perfumes. التصنيف المرجعي: العطور — جيس باي مارسيانو. الوسوم المرجعية: Perfumes، Women’s Perfumes.,https://alfouadpharmacies.com/en/products/عطر-جيس-باي-مارسيانو-أو-دي-برفام-للنساء-100-مل,AlFouad Pharmacies,Verify usage rights before commercial publication,غير مثبت,غير مثبت,مرجعي فقط — غير معتمد للنشر التجاري,بيانات مرجعية متاحة؛ يلزم تحقق PM,ضمن الفحص المبدئي
10569974972719,guess-by-marciano-edt-set-3pcs-100ml,مجموعة غيس من مارسيانو، عطر تواليت، 3 قطع، 100 مل,perfumes,العطور,العطور,1,بسيط,14782,3600,1080,2520,,غير متاح لدى المصدر,https://cdn.shopify.com/s/files/1/0935/9550/0847/files/30106492_GuessByMarcianoForWomenGiftSet-EauDeToilette-3Pieces-680x680-1.webp?v=1754297435,منتج مجموعة غيس من مارسيانو، عطر تواليت، 3 قطع، 100 مل من perfumes. التصنيف المرجعي: العطور — بسيط. الوسوم المرجعية: Perfumes، Women’s Perfumes.,https://alfouadpharmacies.com/en/products/guess-by-marciano-edt-set-3pcs-100ml,AlFouad Pharmacies,Verify usage rights before commercial publication,غير مثبت,غير مثبت,مرجعي فقط — غير معتمد للنشر التجاري,بيانات مرجعية متاحة؛ يلزم تحقق PM,ضمن الفحص المبدئي
10569974907183,guess-bella-vita-rosa-gift-set-edt-150ml,طقم هدايا غيس بيلا فيتا روزا، عطر نسائي، 150 مل.,perfumes,العطور,العطور,1,بسيط,0,3500,1050,2450,,غير متاح لدى المصدر,https://cdn.shopify.com/s/files/1/0935/9550/0847/files/61VNZveWGL.webp?v=1754297436,منتج طقم هدايا غيس بيلا فيتا روزا، عطر نسائي، 150 مل. من perfumes. التصنيف المرجعي: العطور — بسيط. الوسوم المرجعية: Perfumes، Women’s Perfumes.,https://alfouadpharmacies.com/en/products/guess-bella-vita-rosa-gift-set-edt-150ml,AlFouad Pharmacies,Verify usage rights before commercial publication,غير مثبت,غير مثبت,مرجعي فقط — غير معتمد للنشر التجاري,بيانات مرجعية متاحة؛ يلزم تحقق PM,ضمن الفحص المبدئي
10569974808879,عطر-غوتشي-غيلتي-أبسولوت-أو-دي-برفام-للنساء-90-مل,عطر غوتشي غيلتي أبسولوت أو دي برفام للنساء 90 مل,perfumes,العطور,العطور,1,غوتشي غيلتي,93333,6900,2070,4830,,متاح لدى المصدر,https://cdn.shopify.com/s/files/1/0935/9550/0847/files/1_-_2026-07-09T155711.641.webp?v=1783601853,منتج عطر غوتشي غيلتي أبسولوت أو دي برفام للنساء 90 مل من perfumes. التصنيف المرجعي: العطور — غوتشي غيلتي. الوسوم المرجعية: Perfumes، Women’s Perfumes.,https://alfouadpharmacies.com/en/products/عطر-غوتشي-غيلتي-أبسولوت-أو-دي-برفام-للنساء-90-مل,AlFouad Pharmacies,Verify usage rights before commercial publication,غير مثبت,غير مثبت,مرجعي فقط — غير معتمد للنشر التجاري,بيانات مرجعية متاحة؛ يلزم تحقق PM,ضمن الفحص المبدئي
10569974776111,gucci-bloom-intense-edp-100ml,عطر قوتشي بلوم إنتنس، تركيز إي دي بي، 100 مل,perfumes,العطور,العطور,1,بسيط,97405,8400,2520,5880,,غير متاح لدى المصدر,https://cdn.shopify.com/s/files/1/0935/9550/0847/files/Gucci-Bloom-Intense-FW-Edp-100ML.webp?v=1754297438,منتج عطر قوتشي بلوم إنتنس، تركيز إي دي بي، 100 مل من perfumes. التصنيف المرجعي: العطور — بسيط. الوسوم المرجعية: Perfumes، Women’s Perfumes.,https://alfouadpharmacies.com/en/products/gucci-bloom-intense-edp-100ml,AlFouad Pharmacies,Verify usage rights before commercial publication,غير مثبت,غير مثبت,مرجعي فقط — غير معتمد للنشر التجاري,بيانات مرجعية متاحة؛ يلزم تحقق PM,ضمن الفحص المبدئي
10569974677807,givenchy-dahlia-divin-eau-initiale-edt-75ml,جيفنشي داليا ديفين إو إنيسيال عطر تواليت 75 مل,perfumes,العطور,العطور,1,بسيط,94271,2400,720,1680,,غير متاح لدى المصدر,https://cdn.shopify.com/s/files/1/0935/9550/0847/files/Givenchy-Dahlia-Divin-Eau-Initiale-Edt-75ML.webp?v=1754297440,منتج جيفنشي داليا ديفين إو إنيسيال عطر تواليت 75 مل من perfumes. التصنيف المرجعي: العطور — بسيط. الوسوم المرجعية: Perfumes، Women’s Perfumes.,https://alfouadpharmacies.com/en/products/givenchy-dahlia-divin-eau-initiale-edt-75ml,AlFouad Pharmacies,Verify usage rights before commercial publication,غير مثبت,غير مثبت,مرجعي فقط — غير معتمد للنشر التجاري,بيانات مرجعية متاحة؛ يلزم تحقق PM,ضمن الفحص المبدئي
10569974546735,givenchy-ange-ou-etrange-75-ml-edp,جيفنشي أنج أو إترانج 75 مل عطر للرجال,perfumes,العطور,العطور,1,بسيط,109453,1850,555,1295,,غير متاح لدى المصدر,https://cdn.shopify.com/s/files/1/0935/9550/0847/files/Givenchy-Ange-Ou-Etrange-75-ml-Edp-FW.webp?v=1754297441,منتج جيفنشي أنج أو إترانج 75 مل عطر للرجال من perfumes. التصنيف المرجعي: العطور — بسيط. الوسوم المرجعية: Perfumes، Women’s Perfumes.,https://alfouadpharmacies.com/en/products/givenchy-ange-ou-etrange-75-ml-edp,AlFouad Pharmacies,Verify usage rights before commercial publication,غير مثبت,غير مثبت,مرجعي فقط — غير معتمد للنشر التجاري,بيانات مرجعية متاحة؛ يلزم تحقق PM,ضمن الفحص المبدئي
10569974513967,giorgio-armani-stronger-with-you-tobacco-edp-100ml,إمبوريو أرماني سترونجر ويذ يو توباكو أو دو بارفيوم 100 مل,perfumes,العطور,العطور,1,بيرفيوم ,14312,7500,2250,5250,,متاح لدى المصدر,https://cdn.shopify.com/s/files/1/0935/9550/0847/files/1_74.webp?v=1782302879,منتج إمبوريو أرماني سترونجر ويذ يو توباكو أو دو بارفيوم 100 مل من perfumes. التصنيف المرجعي: العطور — بيرفيوم . الوسوم المرجعية: Men’s Perfumes، Perfumes.,https://alfouadpharmacies.com/en/products/giorgio-armani-stronger-with-you-tobacco-edp-100ml,AlFouad Pharmacies,Verify usage rights before commercial publication,غير مثبت,غير مثبت,مرجعي فقط — غير معتمد للنشر التجاري,بيانات مرجعية متاحة؛ يلزم تحقق PM,ضمن الفحص المبدئي
10569974481199,عطر-إمبوريو-أرماني-سترونجر-ويث-يو-أبسولوتلي-للرجال-50-مل,عطر إمبوريو أرماني سترونجر ويث يو أبسولوتلي للرجال 50 مل,perfumes,العطور,العطور,1,أرماني سترونجر,103410,7500,2250,5250,,متاح لدى المصدر,https://cdn.shopify.com/s/files/1/0935/9550/0847/files/1_-_2026-07-09T154242.615.webp?v=1783601105,منتج عطر إمبوريو أرماني سترونجر ويث يو أبسولوتلي للرجال 50 مل من perfumes. التصنيف المرجعي: العطور — أرماني سترونجر. الوسوم المرجعية: Men’s Perfumes، Perfumes.,https://alfouadpharmacies.com/en/products/عطر-إمبوريو-أرماني-سترونجر-ويث-يو-أبسولوتلي-للرجال-50-مل,AlFouad Pharmacies,Verify usage rights before commercial publication,غير مثبت,غير مثبت,مرجعي فقط — غير معتمد للنشر التجاري,بيانات مرجعية متاحة؛ يلزم تحقق PM,ضمن الفحص المبدئي
10569974350127,giorgio-armani-aqua-de-gio-edp-fm-125-ml,جيرجيو أرماني أكوا دي جيو عطر للرجال 125 مل,perfumes,العطور,العطور,1,بسيط,20240,8400,2520,5880,,متاح لدى المصدر,https://cdn.shopify.com/s/files/1/0935/9550/0847/files/1_73.webp?v=1782302401,منتج جيرجيو أرماني أكوا دي جيو عطر للرجال 125 مل من perfumes. التصنيف المرجعي: العطور — بسيط. الوسوم المرجعية: Men’s Perfumes، Perfumes.,https://alfouadpharmacies.com/en/products/giorgio-armani-aqua-de-gio-edp-fm-125-ml,AlFouad Pharmacies,Verify usage rights before commercial publication,غير مثبت,غير مثبت,مرجعي فقط — غير معتمد للنشر التجاري,بيانات مرجعية متاحة؛ يلزم تحقق PM,ضمن الفحص المبدئي
10569974284591,garmani-stronger-with-you-edp-100mllotion10ml,جي. آرماني سترونجر ويذ يو (عطر 100 مل + لوشن + 10 مل),perfumes,العطور,العطور,1,بسيط,96942,6100,1830,4270,,غير متاح لدى المصدر,https://cdn.shopify.com/s/files/1/0935/9550/0847/files/G.ARMANI-Stronger-With-You-Edp-100MLLOTION10ML.webp?v=1754297445,منتج جي. آرماني سترونجر ويذ يو (عطر 100 مل + لوشن + 10 مل) من perfumes. التصنيف المرجعي: العطور — بسيط. الوسوم المرجعية: Men’s Perfumes، Perfumes.,https://alfouadpharmacies.com/en/products/garmani-stronger-with-you-edp-100mllotion10ml,AlFouad Pharmacies,Verify usage rights before commercial publication,غير مثبت,غير مثبت,مرجعي فقط — غير معتمد للنشر التجاري,بيانات مرجعية متاحة؛ يلزم تحقق PM,ضمن الفحص المبدئي
10569974219055,g-armani-si-passione-100ml-edp,جي. آرماني سي باسيوني 100 مل عطر نسائي (إي دي بي),perfumes,العطور,العطور,1,بسيط,31457,10000,3000,7000,,متاح لدى المصدر,https://cdn.shopify.com/s/files/1/0935/9550/0847/files/G.-Armani-Si-Passione-100ML-Edp.webp?v=1754297445,منتج جي. آرماني سي باسيوني 100 مل عطر نسائي (إي دي بي) من perfumes. التصنيف المرجعي: العطور — بسيط. الوسوم المرجعية: Perfumes، Women’s Perfumes.,https://alfouadpharmacies.com/en/products/g-armani-si-passione-100ml-edp,AlFouad Pharmacies,Verify usage rights before commercial publication,غير مثبت,غير مثبت,مرجعي فقط — غير معتمد للنشر التجاري,بيانات مرجعية متاحة؛ يلزم تحقق PM,ضمن الفحص المبدئي
10569974120751,عطر-جورجيو-أرماني-سي-إنتنس-للنساء-100-مل,عطر جورجيو أرماني سي إنتنس للنساء 100 مل,perfumes,العطور,العطور,1, جورجيو أرماني,31457,10000,3000,7000,,متاح لدى المصدر,https://cdn.shopify.com/s/files/1/0935/9550/0847/files/1_-_2026-07-09T153825.640.webp?v=1783600723,منتج عطر جورجيو أرماني سي إنتنس للنساء 100 مل من perfumes. التصنيف المرجعي: العطور —  جورجيو أرماني. الوسوم المرجعية: Perfumes، Women’s Perfumes.,https://alfouadpharmacies.com/en/products/عطر-جورجيو-أرماني-سي-إنتنس-للنساء-100-مل,AlFouad Pharmacies,Verify usage rights before commercial publication,غير مثبت,غير مثبت,مرجعي فقط — غير معتمد للنشر التجاري,بيانات مرجعية متاحة؛ يلزم تحقق PM,ضمن الفحص المبدئي
10569974022447,g-armani-si-passion-eclat-edp100ml,جي. آرماني سي باشون إكلات عطر نسائي 100 مل,perfumes,العطور,العطور,1,بسيط,90152,9000,2700,6300,,متاح لدى المصدر,https://cdn.shopify.com/s/files/1/0935/9550/0847/files/G.-Armani-Si-Passion-Eclat-Edp-FW-100ML.webp?v=1754297448,منتج جي. آرماني سي باشون إكلات عطر نسائي 100 مل من perfumes. التصنيف المرجعي: العطور — بسيط. الوسوم المرجعية: Perfumes، Women’s Perfumes.,https://alfouadpharmacies.com/en/products/g-armani-si-passion-eclat-edp100ml,AlFouad Pharmacies,Verify usage rights before commercial publication,غير مثبت,غير مثبت,مرجعي فقط — غير معتمد للنشر التجاري,بيانات مرجعية متاحة؛ يلزم تحقق PM,ضمن الفحص المبدئي
10569973924143,g-armani-si-intense-refillable-edp-100ml,عطر جي. آرماني سي إنتنس قابل لإعادة التعبئة، تركيز إي دي بي، 100 مل,perfumes,العطور,العطور,1,بسيط,104339,8600,2580,6020,,غير متاح لدى المصدر,https://cdn.shopify.com/s/files/1/0935/9550/0847/files/G.-Armani-Si-Intense-Refillable-Edp-FW-100ML.webp?v=1754297449,منتج عطر جي. آرماني سي إنتنس قابل لإعادة التعبئة، تركيز إي دي بي، 100 مل من perfumes. التصنيف المرجعي: العطور — بسيط. الوسوم المرجعية: Perfumes، Women’s Perfumes.,https://alfouadpharmacies.com/en/products/g-armani-si-intense-refillable-edp-100ml,AlFouad Pharmacies,Verify usage rights before commercial publication,غير مثبت,غير مثبت,مرجعي فقط — غير معتمد للنشر التجاري,بيانات مرجعية متاحة؛ يلزم تحقق PM,ضمن الفحص المبدئي
10569973858607,عطر-جورجيو-أرماني-سي-إنتنس-للنساء-50-مل,عطر جورجيو أرماني سي إنتنس للنساء 50 مل,perfumes,العطور,العطور,1,جورجيو أرماني,104367,8600,2580,6020,,متاح لدى المصدر,https://cdn.shopify.com/s/files/1/0935/9550/0847/files/1_-_2026-07-09T151727.441.webp?v=1783599593,منتج عطر جورجيو أرماني سي إنتنس للنساء 50 مل من perfumes. التصنيف المرجعي: العطور — جورجيو أرماني. الوسوم المرجعية: Perfumes، Women’s Perfumes.,https://alfouadpharmacies.com/en/products/عطر-جورجيو-أرماني-سي-إنتنس-للنساء-50-مل,AlFouad Pharmacies,Verify usage rights before commercial publication,غير مثبت,غير مثبت,مرجعي فقط — غير معتمد للنشر التجاري,بيانات مرجعية متاحة؛ يلزم تحقق PM,ضمن الفحص المبدئي
10569973727535,g-armani-my-way-edp-90ml,عطر جي. آرماني ماي واي، تركيز إي دي بي، 90 مل,perfumes,العطور,العطور,1,بسيط,97852,9000,2700,6300,,متاح لدى المصدر,https://cdn.shopify.com/s/files/1/0935/9550/0847/files/G.-Armani-My-Way-Edp-FW-90ML.webp?v=1754297451,منتج عطر جي. آرماني ماي واي، تركيز إي دي بي، 90 مل من perfumes. التصنيف المرجعي: العطور — بسيط. الوسوم المرجعية: Perfumes، Women’s Perfumes.,https://alfouadpharmacies.com/en/products/g-armani-my-way-edp-90ml,AlFouad Pharmacies,Verify usage rights before commercial publication,غير مثبت,غير مثبت,مرجعي فقط — غير معتمد للنشر التجاري,بيانات مرجعية متاحة؛ يلزم تحقق PM,ضمن الفحص المبدئي
10569973661999,g-armani-code-black-edp-125ml,عطر جورجيو أرماني كود بلاك، تركيز إي دي بي، 125 مل,perfumes,العطور,العطور,1,بسيط,93716,7500,2250,5250,,غير متاح لدى المصدر,https://cdn.shopify.com/s/files/1/0935/9550/0847/files/G.-Armani-Code-Black-Edp-125ML.webp?v=1754297452,منتج عطر جورجيو أرماني كود بلاك، تركيز إي دي بي، 125 مل من perfumes. التصنيف المرجعي: العطور — بسيط. الوسوم المرجعية: Men’s Perfumes، Perfumes.,https://alfouadpharmacies.com/en/products/g-armani-code-black-edp-125ml,AlFouad Pharmacies,Verify usage rights before commercial publication,غير مثبت,غير مثبت,مرجعي فقط — غير معتمد للنشر التجاري,بيانات مرجعية متاحة؛ يلزم تحقق PM,ضمن الفحص المبدئي
10569973596463,fantasy-briteny-spears-edp-100ml,عطر فانتاسي بريتني سبيرز، تركيز عالي (إي دي بي)، 100 مل,perfumes,العطور,العطور,1,بسيط,25665,2200,660,1540,,متاح لدى المصدر,https://cdn.shopify.com/s/files/1/0935/9550/0847/files/Fantasy-Briteny-Spears-Edp-100ML.webp?v=1754297452,منتج عطر فانتاسي بريتني سبيرز، تركيز عالي (إي دي بي)، 100 مل من perfumes. التصنيف المرجعي: العطور — بسيط. الوسوم المرجعية: Perfumes، Women’s Perfumes.,https://alfouadpharmacies.com/en/products/fantasy-briteny-spears-edp-100ml,AlFouad Pharmacies,Verify usage rights before commercial publication,غير مثبت,غير مثبت,مرجعي فقط — غير معتمد للنشر التجاري,بيانات مرجعية متاحة؛ يلزم تحقق PM,ضمن الفحص المبدئي
10569973530927,emporio-armani-stronger-with-you-fm-edt-100-ml,Emporio Armani Stronger With You F/M Edt 100 مل,perfumes,العطور,العطور,1,بسيط,10740,6200,1860,4340,,متاح لدى المصدر,https://cdn.shopify.com/s/files/1/0935/9550/0847/files/Emporio-Armani-Stronger-With-You-FM-Edt-100-ml.webp?v=1754297453,منتج Emporio Armani Stronger With You F/M Edt 100 مل من perfumes. التصنيف المرجعي: العطور — بسيط. الوسوم المرجعية: Men’s Perfumes، Perfumes.,https://alfouadpharmacies.com/en/products/emporio-armani-stronger-with-you-fm-edt-100-ml,AlFouad Pharmacies,Verify usage rights before commercial publication,غير مثبت,غير مثبت,مرجعي فقط — غير معتمد للنشر التجاري,بيانات مرجعية متاحة؛ يلزم تحقق PM,ضمن الفحص المبدئي
10569973432623,emporio-armani-strong-with-you-intensely-edp-100ml,عطر إمبوريو آرماني سترونج ويذ يو إنتنسلي، إصدار EDP، 100 مل,perfumes,العطور,العطور,1,بسيط,97362,7400,2220,5180,,غير متاح لدى المصدر,https://cdn.shopify.com/s/files/1/0935/9550/0847/files/Emporio-Armani-Strong-With-You-Intensely-FM-Edp-100ML.webp?v=1754297453,منتج عطر إمبوريو آرماني سترونج ويذ يو إنتنسلي، إصدار EDP، 100 مل من perfumes. التصنيف المرجعي: العطور — بسيط. الوسوم المرجعية: Men’s Perfumes، Perfumes.,https://alfouadpharmacies.com/en/products/emporio-armani-strong-with-you-intensely-edp-100ml,AlFouad Pharmacies,Verify usage rights before commercial publication,غير مثبت,غير مثبت,مرجعي فقط — غير معتمد للنشر التجاري,بيانات مرجعية متاحة؛ يلزم تحقق PM,ضمن الفحص المبدئي
10569973399855,dunhill-x-centric-100ml-set-2pcs,طقم دنهيل إكس سنترك 100 مل، قطعتان,perfumes,العطور,العطور,1,بسيط,93802,3600,1080,2520,,غير متاح لدى المصدر,https://cdn.shopify.com/s/files/1/0935/9550/0847/files/81V5LNSCg4L.webp?v=1754297454,منتج طقم دنهيل إكس سنترك 100 مل، قطعتان من perfumes. التصنيف المرجعي: العطور — بسيط. الوسوم المرجعية: Men’s Perfumes، Perfumes.,https://alfouadpharmacies.com/en/products/dunhill-x-centric-100ml-set-2pcs,AlFouad Pharmacies,Verify usage rights before commercial publication,غير مثبت,غير مثبت,مرجعي فقط — غير معتمد للنشر التجاري,بيانات مرجعية متاحة؛ يلزم تحقق PM,ضمن الفحص المبدئي
10569973367087,dunhill-driven-blue-edt-100ml,عطر دانهيل دريفن بلو، تركيز إي دي تي، 100 مل,perfumes,العطور,العطور,1,بسيط,21539,1550,465,1085,,غير متاح لدى المصدر,https://cdn.shopify.com/s/files/1/0935/9550/0847/files/Dunhill-Driven-Blue-Edt-FM-100ML.webp?v=1754297454,منتج عطر دانهيل دريفن بلو، تركيز إي دي تي، 100 مل من perfumes. التصنيف المرجعي: العطور — بسيط. الوسوم المرجعية: Men’s Perfumes، Perfumes، Women’s Perfumes.,https://alfouadpharmacies.com/en/products/dunhill-driven-blue-edt-100ml,AlFouad Pharmacies,Verify usage rights before commercial publication,غير مثبت,غير مثبت,مرجعي فقط — غير معتمد للنشر التجاري,بيانات مرجعية متاحة؛ يلزم تحقق PM,ضمن الفحص المبدئي
10569973236015,dunhill-driven-black-edp-100ml,عطر دانهيل دريفن بلاك، تركيز EDP، سعة 100 مل,perfumes,العطور,العطور,1,بسيط,21587,3150,945,2205,,متاح لدى المصدر,https://cdn.shopify.com/s/files/1/0935/9550/0847/files/Dunhill-Driven-Black-Edp-FM-100ML.webp?v=1754297455,منتج عطر دانهيل دريفن بلاك، تركيز EDP، سعة 100 مل من perfumes. التصنيف المرجعي: العطور — بسيط. الوسوم المرجعية: Men’s Perfumes، Perfumes، Women’s Perfumes.,https://alfouadpharmacies.com/en/products/dunhill-driven-black-edp-100ml,AlFouad Pharmacies,Verify usage rights before commercial publication,غير مثبت,غير مثبت,مرجعي فقط — غير معتمد للنشر التجاري,بيانات مرجعية متاحة؛ يلزم تحقق PM,ضمن الفحص المبدئي
10569973203247,dunhill-desire-red-edt-100ml,عطر دونهيل ديزاير ريد، تركيز إي دي تي، 100 مل,perfumes,العطور,العطور,1,بسيط,10748,3310,993,2317,,متاح لدى المصدر,https://cdn.shopify.com/s/files/1/0935/9550/0847/files/Dunhill-Desire-Red-Edt-FM-100ML.webp?v=1754297455,منتج عطر دونهيل ديزاير ريد، تركيز إي دي تي، 100 مل من perfumes. التصنيف المرجعي: العطور — بسيط. الوسوم المرجعية: Men’s Perfumes، Perfumes.,https://alfouadpharmacies.com/en/products/dunhill-desire-red-edt-100ml,AlFouad Pharmacies,Verify usage rights before commercial publication,غير مثبت,غير مثبت,مرجعي فقط — غير معتمد للنشر التجاري,بيانات مرجعية متاحة؛ يلزم تحقق PM,ضمن الفحص المبدئي
10569973137711,dunhill-desire-ocean-100-ml-edt,عطر دونهيل ديزاير أوشن 100 مل (مياه تواليت),perfumes,العطور,العطور,1,بسيط,99517,1550,465,1085,,غير متاح لدى المصدر,https://cdn.shopify.com/s/files/1/0935/9550/0847/files/Dunhill-Desire-Ocean-100-ml-Edt-FM.webp?v=1754297456,منتج عطر دونهيل ديزاير أوشن 100 مل (مياه تواليت) من perfumes. التصنيف المرجعي: العطور — بسيط. الوسوم المرجعية: Men’s Perfumes، Perfumes.,https://alfouadpharmacies.com/en/products/dunhill-desire-ocean-100-ml-edt,AlFouad Pharmacies,Verify usage rights before commercial publication,غير مثبت,غير مثبت,مرجعي فقط — غير معتمد للنشر التجاري,بيانات مرجعية متاحة؛ يلزم تحقق PM,ضمن الفحص المبدئي
10569973104943,dunhill-desire-extreme-red-edt-100ml,عطر دانهيل ديزاير إكستريم ريد، ماء تواليت، 100 مل,perfumes,العطور,العطور,1,بسيط,12996,2450,735,1715,,غير متاح لدى المصدر,https://cdn.shopify.com/s/files/1/0935/9550/0847/files/Dunhill-Desire-Extreme-Red-Edt-FM-100ML.webp?v=1754297456,منتج عطر دانهيل ديزاير إكستريم ريد، ماء تواليت، 100 مل من perfumes. التصنيف المرجعي: العطور — بسيط. الوسوم المرجعية: Men’s Perfumes، Perfumes.,https://alfouadpharmacies.com/en/products/dunhill-desire-extreme-red-edt-100ml,AlFouad Pharmacies,Verify usage rights before commercial publication,غير مثبت,غير مثبت,مرجعي فقط — غير معتمد للنشر التجاري,بيانات مرجعية متاحة؛ يلزم تحقق PM,ضمن الفحص المبدئي
10569973072175,dunhill-desire-blue-edt-100-ml,عطر دونهيل ديزير بلو، ماء تواليت، 100 مل,perfumes,العطور,العطور,1,بسيط,81202,3310,993,2317,,متاح لدى المصدر,https://cdn.shopify.com/s/files/1/0935/9550/0847/files/Dunhill-Desire-Blue-Edt-FM-100-ml.webp?v=1754297457,منتج عطر دونهيل ديزير بلو، ماء تواليت، 100 مل من perfumes. التصنيف المرجعي: العطور — بسيط. الوسوم المرجعية: Men’s Perfumes، Perfumes.,https://alfouadpharmacies.com/en/products/dunhill-desire-blue-edt-100-ml,AlFouad Pharmacies,Verify usage rights before commercial publication,غير مثبت,غير مثبت,مرجعي فقط — غير معتمد للنشر التجاري,بيانات مرجعية متاحة؛ يلزم تحقق PM,ضمن الفحص المبدئي
10569973006639,chkoudra-die-force-edp-100ml,Chkoudra .Die Force عطر رجالي 100 مل,perfumes,العطور,العطور,1,بسيط,96776,140,42,98,,غير متاح لدى المصدر,https://cdn.shopify.com/s/files/1/0935/9550/0847/files/Chkoudra-.Die-Force-Edp-100-ml-FW.webp?v=1754297458,منتج Chkoudra .Die Force عطر رجالي 100 مل من perfumes. التصنيف المرجعي: العطور — بسيط. الوسوم المرجعية: Perfumes، Women’s Perfumes.,https://alfouadpharmacies.com/en/products/chkoudra-die-force-edp-100ml,AlFouad Pharmacies,Verify usage rights before commercial publication,غير مثبت,غير مثبت,مرجعي فقط — غير معتمد للنشر التجاري,بيانات مرجعية متاحة؛ يلزم تحقق PM,ضمن الفحص المبدئي
10569972908335,عطر-شانيل-كوكو-مادوموزيل-أو-دي-برفام-للنساء-100-مل,عطر شانيل كوكو مادوموزيل أو دي برفام للنساء 100 مل,perfumes,العطور,العطور,1, شانيل كوكو,32110,16000,4800,11200,,غير متاح لدى المصدر,https://cdn.shopify.com/s/files/1/0935/9550/0847/files/1_-_2026-07-09T145016.402.webp?v=1783598720,منتج عطر شانيل كوكو مادوموزيل أو دي برفام للنساء 100 مل من perfumes. التصنيف المرجعي: العطور —  شانيل كوكو. الوسوم المرجعية: Perfumes، Women’s Perfumes.,https://alfouadpharmacies.com/en/products/عطر-شانيل-كوكو-مادوموزيل-أو-دي-برفام-للنساء-100-مل,AlFouad Pharmacies,Verify usage rights before commercial publication,غير مثبت,غير مثبت,مرجعي فقط — غير معتمد للنشر التجاري,بيانات مرجعية متاحة؛ يلزم تحقق PM,ضمن الفحص المبدئي
10569972810031,chanel-blue-de-channel-edt-150ml,شانيل بلو دي شانيل عطر رجالي 150 مل,perfumes,العطور,العطور,1,بسيط,105733,13500,4050,9450,,متاح لدى المصدر,https://cdn.shopify.com/s/files/1/0935/9550/0847/files/1_53.webp?v=1780829248,منتج شانيل بلو دي شانيل عطر رجالي 150 مل من perfumes. التصنيف المرجعي: العطور — بسيط. الوسوم المرجعية: Men’s Perfumes، Perfumes.,https://alfouadpharmacies.com/en/products/chanel-blue-de-channel-edt-150ml,AlFouad Pharmacies,Verify usage rights before commercial publication,غير مثبت,غير مثبت,مرجعي فقط — غير معتمد للنشر التجاري,بيانات مرجعية متاحة؛ يلزم تحقق PM,ضمن الفحص المبدئي
10569972777263,chanel-blue-de-channel-edp-150ml,شانيل بلو دي شانيل عطر للرجال 150 مل,perfumes,العطور,العطور,1,بسيط,103524,13500,4050,9450,,غير متاح لدى المصدر,https://cdn.shopify.com/s/files/1/0935/9550/0847/files/Chanel-Blue-De-Channel-Edp-FM-150ML.webp?v=1754297460,منتج شانيل بلو دي شانيل عطر للرجال 150 مل من perfumes. التصنيف المرجعي: العطور — بسيط. الوسوم المرجعية: Men’s Perfumes، Perfumes.,https://alfouadpharmacies.com/en/products/chanel-blue-de-channel-edp-150ml,AlFouad Pharmacies,Verify usage rights before commercial publication,غير مثبت,غير مثبت,مرجعي فقط — غير معتمد للنشر التجاري,بيانات مرجعية متاحة؛ يلزم تحقق PM,ضمن الفحص المبدئي
10569972580655,chanel-allure-sport-100ml-edt,شانيل أللور سبورت 100 مل عطر تواليت,perfumes,العطور,العطور,1,بسيط,95460,12000,3600,8400,,متاح لدى المصدر,https://cdn.shopify.com/s/files/1/0935/9550/0847/files/Chanel-Allure-Sport-FM-100ML-Edt.webp?v=1754297462,منتج شانيل أللور سبورت 100 مل عطر تواليت من perfumes. التصنيف المرجعي: العطور — بسيط. الوسوم المرجعية: Men’s Perfumes، Perfumes.,https://alfouadpharmacies.com/en/products/chanel-allure-sport-100ml-edt,AlFouad Pharmacies,Verify usage rights before commercial publication,غير مثبت,غير مثبت,مرجعي فقط — غير معتمد للنشر التجاري,بيانات مرجعية متاحة؛ يلزم تحقق PM,ضمن الفحص المبدئي
10569972416815,ck-euphoria-pure-gold-edp-100ml,CK Euphoria Pure Gold عطر نسائي 100 مل,perfumes,العطور,العطور,1,بسيط,88513,4300,1290,3010,,غير متاح لدى المصدر,https://cdn.shopify.com/s/files/1/0935/9550/0847/files/C.K-Euphoria-Pure-Gold-Edp-100ML-FW.webp?v=1754297463,منتج CK Euphoria Pure Gold عطر نسائي 100 مل من perfumes. التصنيف المرجعي: العطور — بسيط. الوسوم المرجعية: Perfumes، Women’s Perfumes.,https://alfouadpharmacies.com/en/products/ck-euphoria-pure-gold-edp-100ml,AlFouad Pharmacies,Verify usage rights before commercial publication,غير مثبت,غير مثبت,مرجعي فقط — غير معتمد للنشر التجاري,بيانات مرجعية متاحة؛ يلزم تحقق PM,ضمن الفحص المبدئي
10569972351279,ck-euphoria-gift-set-fm-100ml,مجموعة هدايا CK Euphoria للرجال والنساء 100 مل,perfumes,العطور,العطور,1,بسيط,112694,4850,1455,3395,,متاح لدى المصدر,https://cdn.shopify.com/s/files/1/0935/9550/0847/files/C.K-Euphoria-Gift-Set-FM-100ML.webp?v=1754297463,منتج مجموعة هدايا CK Euphoria للرجال والنساء 100 مل من perfumes. التصنيف المرجعي: العطور — بسيط. الوسوم المرجعية: Perfumes، Women’s Perfumes.,https://alfouadpharmacies.com/en/products/ck-euphoria-gift-set-fm-100ml,AlFouad Pharmacies,Verify usage rights before commercial publication,غير مثبت,غير مثبت,مرجعي فقط — غير معتمد للنشر التجاري,بيانات مرجعية متاحة؛ يلزم تحقق PM,ضمن الفحص المبدئي
10569972220207,ck-euphoria-edp-100mllotion10ml,CK Euphoria (عطر 100 مل + لوشن + 10 مل),perfumes,العطور,العطور,1,بسيط,90393,4350,1305,3045,,غير متاح لدى المصدر,https://cdn.shopify.com/s/files/1/0935/9550/0847/files/C.K-Euphoria-FW-Edp-100MLLOTION10ML.webp?v=1754297464,منتج CK Euphoria (عطر 100 مل + لوشن + 10 مل) من perfumes. التصنيف المرجعي: العطور — بسيط. الوسوم المرجعية: Perfumes، Women’s Perfumes.,https://alfouadpharmacies.com/en/products/ck-euphoria-edp-100mllotion10ml,AlFouad Pharmacies,Verify usage rights before commercial publication,غير مثبت,غير مثبت,مرجعي فقط — غير معتمد للنشر التجاري,بيانات مرجعية متاحة؛ يلزم تحقق PM,ضمن الفحص المبدئي
10569972187439,ck-euphoria-edp-100-ml,CK Euphoria عطر نسائي 100 مل,perfumes,العطور,العطور,1,بسيط,93799,4500,1350,3150,,متاح لدى المصدر,https://cdn.shopify.com/s/files/1/0935/9550/0847/files/41LOeTX9D4L._AC_UF8941000_QL80.webp?v=1754297465,منتج CK Euphoria عطر نسائي 100 مل من perfumes. التصنيف المرجعي: العطور — بسيط. الوسوم المرجعية: Perfumes، Women’s Perfumes.,https://alfouadpharmacies.com/en/products/ck-euphoria-edp-100-ml,AlFouad Pharmacies,Verify usage rights before commercial publication,غير مثبت,غير مثبت,مرجعي فقط — غير معتمد للنشر التجاري,بيانات مرجعية متاحة؛ يلزم تحقق PM,ضمن الفحص المبدئي
10569972154671,ck-euphoria-blush-edp-100ml,CK Euphoria Blush عطر نسائي 100 مل,perfumes,العطور,العطور,1,بسيط,26608,3700,1110,2590,,غير متاح لدى المصدر,https://cdn.shopify.com/s/files/1/0935/9550/0847/files/C.K-Euphoria-Blush-Edp-FW-100ML.webp?v=1754297465,منتج CK Euphoria Blush عطر نسائي 100 مل من perfumes. التصنيف المرجعي: العطور — بسيط. الوسوم المرجعية: Perfumes، Women’s Perfumes.,https://alfouadpharmacies.com/en/products/ck-euphoria-blush-edp-100ml,AlFouad Pharmacies,Verify usage rights before commercial publication,غير مثبت,غير مثبت,مرجعي فقط — غير معتمد للنشر التجاري,بيانات مرجعية متاحة؛ يلزم تحقق PM,ضمن الفحص المبدئي
10569972056367,ck-euphoria-100ml-edt,CK Euphoria 100 مل عطر تركيز EDT,perfumes,العطور,العطور,1,بسيط,90635,3500,1050,2450,,متاح لدى المصدر,https://cdn.shopify.com/s/files/1/0935/9550/0847/files/C.K-Euphoria-100ML-Edt-FM.webp?v=1754297466,منتج CK Euphoria 100 مل عطر تركيز EDT من perfumes. التصنيف المرجعي: العطور — بسيط. الوسوم المرجعية: Men’s Perfumes، Perfumes.,https://alfouadpharmacies.com/en/products/ck-euphoria-100ml-edt,AlFouad Pharmacies,Verify usage rights before commercial publication,غير مثبت,غير مثبت,مرجعي فقط — غير معتمد للنشر التجاري,بيانات مرجعية متاحة؛ يلزم تحقق PM,ضمن الفحص المبدئي
10569971990831,cherrera-good-girl-very-edp-80ml,عطر سي. هيريرا جود جيرل فيري، إصدار عطر مركز، 80 مل,perfumes,العطور,العطور,1,بسيط,7873,9800,2940,6860,,غير متاح لدى المصدر,https://cdn.shopify.com/s/files/1/0935/9550/0847/files/C.HERRERA-Good-Girl-Very-Edp-FW-80ML.webp?v=1754297466,منتج عطر سي. هيريرا جود جيرل فيري، إصدار عطر مركز، 80 مل من perfumes. التصنيف المرجعي: العطور — بسيط. الوسوم المرجعية: Perfumes، Women’s Perfumes.,https://alfouadpharmacies.com/en/products/cherrera-good-girl-very-edp-80ml,AlFouad Pharmacies,Verify usage rights before commercial publication,غير مثبت,غير مثبت,مرجعي فقط — غير معتمد للنشر التجاري,بيانات مرجعية متاحة؛ يلزم تحقق PM,ضمن الفحص المبدئي
10569971958063,cherrera-good-girl-midnight-edp-80ml,عطر سي. هيريرا جود جيرل منتصف الليل، تركيز عطر إي دي بي، 80 مل,perfumes,العطور,العطور,1,بسيط,106158,4500,1350,3150,,غير متاح لدى المصدر,https://cdn.shopify.com/s/files/1/0935/9550/0847/files/C.HERRERA-Good-Girl-Midnight-Edp-80ML-FW.webp?v=1754297467,منتج عطر سي. هيريرا جود جيرل منتصف الليل، تركيز عطر إي دي بي، 80 مل من perfumes. التصنيف المرجعي: العطور — بسيط. الوسوم المرجعية: Perfumes، Women’s Perfumes.,https://alfouadpharmacies.com/en/products/cherrera-good-girl-midnight-edp-80ml,AlFouad Pharmacies,Verify usage rights before commercial publication,غير مثبت,غير مثبت,مرجعي فقط — غير معتمد للنشر التجاري,بيانات مرجعية متاحة؛ يلزم تحقق PM,ضمن الفحص المبدئي
10569971859759,cherrera-good-girl-edp-80ml,عطر سي. هيريرا جود جيرل، تركيز إي دي بي، 80 مل,perfumes,العطور,العطور,1,بسيط,108062,9300,2790,6510,,متاح لدى المصدر,https://cdn.shopify.com/s/files/1/0935/9550/0847/files/C.HERRERA-Good-Girl-Edp-80ML-FW.webp?v=1754297467,منتج عطر سي. هيريرا جود جيرل، تركيز إي دي بي، 80 مل من perfumes. التصنيف المرجعي: العطور — بسيط. الوسوم المرجعية: Perfumes، Women’s Perfumes.,https://alfouadpharmacies.com/en/products/cherrera-good-girl-edp-80ml,AlFouad Pharmacies,Verify usage rights before commercial publication,غير مثبت,غير مثبت,مرجعي فقط — غير معتمد للنشر التجاري,بيانات مرجعية متاحة؛ يلزم تحقق PM,ضمن الفحص المبدئي
10569971794223,cherrera-good-girl-dazzling-garden-edp-80ml,عطر سي هيريرا جود جيرل دازلينج جاردن، إصدار إي دي بي، 80 مل,perfumes,العطور,العطور,1,بسيط,6258,5200,1560,3640,,غير متاح لدى المصدر,https://cdn.shopify.com/s/files/1/0935/9550/0847/files/C.HERRERA-Good-Girl-Dazzling-Garden-Edp-80ML-FW.webp?v=1754297468,منتج عطر سي هيريرا جود جيرل دازلينج جاردن، إصدار إي دي بي، 80 مل من perfumes. التصنيف المرجعي: العطور — بسيط. الوسوم المرجعية: Perfumes، Women’s Perfumes.,https://alfouadpharmacies.com/en/products/cherrera-good-girl-dazzling-garden-edp-80ml,AlFouad Pharmacies,Verify usage rights before commercial publication,غير مثبت,غير مثبت,مرجعي فقط — غير معتمد للنشر التجاري,بيانات مرجعية متاحة؛ يلزم تحقق PM,ضمن الفحص المبدئي
10569971761455,cherrera-good-girl-blush-elixir-edp-80ml,عطر سي. هيريرا جود جيرل بلش إليكسير أو دو برفيوم 80 مل,perfumes,العطور,العطور,1,بسيط,25677,10500,3150,7350,,متاح لدى المصدر,https://cdn.shopify.com/s/files/1/0935/9550/0847/files/51xW1E7gMxL._AC_UF8941000_QL80.webp?v=1754297468,منتج عطر سي. هيريرا جود جيرل بلش إليكسير أو دو برفيوم 80 مل من perfumes. التصنيف المرجعي: العطور — بسيط. الوسوم المرجعية: Perfumes، Women’s Perfumes.,https://alfouadpharmacies.com/en/products/cherrera-good-girl-blush-elixir-edp-80ml,AlFouad Pharmacies,Verify usage rights before commercial publication,غير مثبت,غير مثبت,مرجعي فقط — غير معتمد للنشر التجاري,بيانات مرجعية متاحة؛ يلزم تحقق PM,ضمن الفحص المبدئي
10569971630383,cherrera-bad-boy-extreme-edp100ml,C.HERRERA Bad Boy Extreme عطر رجالي 100 مل,perfumes,العطور,العطور,1,بسيط,21565,6600,1980,4620,,غير متاح لدى المصدر,https://cdn.shopify.com/s/files/1/0935/9550/0847/files/C.HERRERA-Bad-Boy-Extreme-Edp-FW-100ML.webp?v=1754297470,منتج C.HERRERA Bad Boy Extreme عطر رجالي 100 مل من perfumes. التصنيف المرجعي: العطور — بسيط. الوسوم المرجعية: Men’s Perfumes، Perfumes.,https://alfouadpharmacies.com/en/products/cherrera-bad-boy-extreme-edp100ml,AlFouad Pharmacies,Verify usage rights before commercial publication,غير مثبت,غير مثبت,مرجعي فقط — غير معتمد للنشر التجاري,بيانات مرجعية متاحة؛ يلزم تحقق PM,ضمن الفحص المبدئي
10569971532079,cherrera-bad-boy-edt-100-ml,C.HERRERA Bad Boy عطر رجالي 100 مل,perfumes,العطور,العطور,1,بسيط,24485,3450,1035,2415,,غير متاح لدى المصدر,https://cdn.shopify.com/s/files/1/0935/9550/0847/files/C.HERRERA-Bad-Boy-Edt-100-ml.webp?v=1754297471,منتج C.HERRERA Bad Boy عطر رجالي 100 مل من perfumes. التصنيف المرجعي: العطور — بسيط. الوسوم المرجعية: Men’s Perfumes، Perfumes.,https://alfouadpharmacies.com/en/products/cherrera-bad-boy-edt-100-ml,AlFouad Pharmacies,Verify usage rights before commercial publication,غير مثبت,غير مثبت,مرجعي فقط — غير معتمد للنشر التجاري,بيانات مرجعية متاحة؛ يلزم تحقق PM,ضمن الفحص المبدئي
10569971401007,cherrera-bad-boy-edp-100ml,عطر سي. هيريرا باد بوي للرجال 100 مل (إيديب),perfumes,العطور,العطور,1,بسيط,95596,3800,1140,2660,,غير متاح لدى المصدر,https://cdn.shopify.com/s/files/1/0935/9550/0847/files/C.HERRERA-Bad-Boy-Edp-FM-100ML.webp?v=1754297476,منتج عطر سي. هيريرا باد بوي للرجال 100 مل (إيديب) من perfumes. التصنيف المرجعي: العطور — بسيط. الوسوم المرجعية: Men’s Perfumes، Perfumes.,https://alfouadpharmacies.com/en/products/cherrera-bad-boy-edp-100ml,AlFouad Pharmacies,Verify usage rights before commercial publication,غير مثبت,غير مثبت,مرجعي فقط — غير معتمد للنشر التجاري,بيانات مرجعية متاحة؛ يلزم تحقق PM,ضمن الفحص المبدئي
10569971335471,cherrera-bad-boy-dazzling-garden-edt-100ml-fm,C.HERRERA Bad Boy Dazzling Garden عطر للرجال والنساء 100 مل,perfumes,العطور,العطور,1,بسيط,6226,4200,1260,2940,,غير متاح لدى المصدر,https://cdn.shopify.com/s/files/1/0935/9550/0847/files/C.HERRERA-Bad-Boy-Dazzling-Garden-Edt-100ML-FM.webp?v=1754297477,منتج C.HERRERA Bad Boy Dazzling Garden عطر للرجال والنساء 100 مل من perfumes. التصنيف المرجعي: العطور — بسيط. الوسوم المرجعية: Men’s Perfumes، Perfumes.,https://alfouadpharmacies.com/en/products/cherrera-bad-boy-dazzling-garden-edt-100ml-fm,AlFouad Pharmacies,Verify usage rights before commercial publication,غير مثبت,غير مثبت,مرجعي فقط — غير معتمد للنشر التجاري,بيانات مرجعية متاحة؛ يلزم تحقق PM,ضمن الفحص المبدئي
10569971171631,cherrera-bad-boy-cobalt-elixir-edp-100ml,عطر سي هيريرا باد بوي كوبالت إليكسير، تركيز إي دي بي، 100 مل,perfumes,العطور,العطور,1,بسيط,103873,9300,2790,6510,,متاح لدى المصدر,https://cdn.shopify.com/s/files/1/0935/9550/0847/files/C.HERRERA-Bad-Boy-Cobalt-Elixir-Edp-100ML-FM.webp?v=1754297480,منتج عطر سي هيريرا باد بوي كوبالت إليكسير، تركيز إي دي بي، 100 مل من perfumes. التصنيف المرجعي: العطور — بسيط. الوسوم المرجعية: Men’s Perfumes، Perfumes.,https://alfouadpharmacies.com/en/products/cherrera-bad-boy-cobalt-elixir-edp-100ml,AlFouad Pharmacies,Verify usage rights before commercial publication,غير مثبت,غير مثبت,مرجعي فقط — غير معتمد للنشر التجاري,بيانات مرجعية متاحة؛ يلزم تحقق PM,ضمن الفحص المبدئي
10569971040559,cherrera-bad-boy-cobalt-edpm-100ml,عطر سي. هيريرا باد بوي كوبالت للرجال، تركيز إي دي بي، 100 مل,perfumes,العطور,العطور,1,بسيط,19289,4000,1200,2800,,غير متاح لدى المصدر,https://cdn.shopify.com/s/files/1/0935/9550/0847/files/C.HERRERA-Bad-Boy-Cobalt-EdpM-100ML.webp?v=1754297481,منتج عطر سي. هيريرا باد بوي كوبالت للرجال، تركيز إي دي بي، 100 مل من perfumes. التصنيف المرجعي: العطور — بسيط. الوسوم المرجعية: Men’s Perfumes، Perfumes.,https://alfouadpharmacies.com/en/products/cherrera-bad-boy-cobalt-edpm-100ml,AlFouad Pharmacies,Verify usage rights before commercial publication,غير مثبت,غير مثبت,مرجعي فقط — غير معتمد للنشر التجاري,بيانات مرجعية متاحة؛ يلزم تحقق PM,ضمن الفحص المبدئي
10569970909487,cherrera-212-vip-wins-edp-80ml,عطر سي. هيريرا 212 VIP وينز، إصدار EDP، 80 مل,perfumes,العطور,العطور,1,بسيط,20386,2500,750,1750,,متاح لدى المصدر,https://cdn.shopify.com/s/files/1/0935/9550/0847/files/C.HERRERA-212-VIP-Wins-Edp-80ML.webp?v=1754297483,منتج عطر سي. هيريرا 212 VIP وينز، إصدار EDP، 80 مل من perfumes. التصنيف المرجعي: العطور — بسيط. الوسوم المرجعية: Perfumes، Women’s Perfumes.,https://alfouadpharmacies.com/en/products/cherrera-212-vip-wins-edp-80ml,AlFouad Pharmacies,Verify usage rights before commercial publication,غير مثبت,غير مثبت,مرجعي فقط — غير معتمد للنشر التجاري,بيانات مرجعية متاحة؛ يلزم تحقق PM,ضمن الفحص المبدئي
10569970680111,cherrera-212-vip-rose-saves-lives-80ml-edp-fw,ك. هيريرا 212 VIP روز ينقذ الأرواح 80 مل عطر نسائي,perfumes,العطور,العطور,1,بسيط,94877,5100,1530,3570,,متاح لدى المصدر,https://cdn.shopify.com/s/files/1/0935/9550/0847/files/C.HERRERA-212-VIP-Rose-Saves-Lives-80ML-Edp-FW.webp?v=1754297487,منتج ك. هيريرا 212 VIP روز ينقذ الأرواح 80 مل عطر نسائي من perfumes. التصنيف المرجعي: العطور — بسيط. الوسوم المرجعية: Perfumes، Women’s Perfumes.,https://alfouadpharmacies.com/en/products/cherrera-212-vip-rose-saves-lives-80ml-edp-fw,AlFouad Pharmacies,Verify usage rights before commercial publication,غير مثبت,غير مثبت,مرجعي فقط — غير معتمد للنشر التجاري,بيانات مرجعية متاحة؛ يلزم تحقق PM,ضمن الفحص المبدئي
10569970516271,cherrera-212-vip-rose-nyc-elixir-edp-fw-80ml,عطر سي. هيريرا 212 VIP روز نيويورك إيليكسير، إصدار محدود، 80 مل.,perfumes,العطور,العطور,1,بسيط,112293,6900,2070,4830,,غير متاح لدى المصدر,https://cdn.shopify.com/s/files/1/0935/9550/0847/files/C.HERRERA-212-VIP-Rose-NYC-Elixir-Edp-FW-80ML.webp?v=1754297489,منتج عطر سي. هيريرا 212 VIP روز نيويورك إيليكسير، إصدار محدود، 80 مل. من perfumes. التصنيف المرجعي: العطور — بسيط. الوسوم المرجعية: Perfumes، Women’s Perfumes.,https://alfouadpharmacies.com/en/products/cherrera-212-vip-rose-nyc-elixir-edp-fw-80ml,AlFouad Pharmacies,Verify usage rights before commercial publication,غير مثبت,غير مثبت,مرجعي فقط — غير معتمد للنشر التجاري,بيانات مرجعية متاحة؛ يلزم تحقق PM,ضمن الفحص المبدئي
10569970483503,cherrera-212-vip-rose-ny-fw-edp-80ml-white,عطر سي. هيريرا 212 VIP روز نيويورك فايرست فول EDP 80 مل (أبيض),perfumes,العطور,العطور,1,بسيط,1742,7000,2100,4900,,متاح لدى المصدر,https://cdn.shopify.com/s/files/1/0935/9550/0847/files/C.HERRERA-212-VIP-Rose-NY-FW-Edp-80ML-White.webp?v=1754297490,منتج عطر سي. هيريرا 212 VIP روز نيويورك فايرست فول EDP 80 مل (أبيض) من perfumes. التصنيف المرجعي: العطور — بسيط. الوسوم المرجعية: Perfumes، Women’s Perfumes.,https://alfouadpharmacies.com/en/products/cherrera-212-vip-rose-ny-fw-edp-80ml-white,AlFouad Pharmacies,Verify usage rights before commercial publication,غير مثبت,غير مثبت,مرجعي فقط — غير معتمد للنشر التجاري,بيانات مرجعية متاحة؛ يلزم تحقق PM,ضمن الفحص المبدئي
10569970417967,cherrera-212-vip-party-fever-edt-fw-80ml,عطر سي. هيريرا 212 VIP Party Fever  إدي تواليت نسائي 80 مل,perfumes,العطور,العطور,1,بسيط,102221,5000,1500,3500,,غير متاح لدى المصدر,https://cdn.shopify.com/s/files/1/0935/9550/0847/files/C.HERRERA-212-VIP-Party-Fever-Edt-FW-80ML.webp?v=1754297490,منتج عطر سي. هيريرا 212 VIP Party Fever  إدي تواليت نسائي 80 مل من perfumes. التصنيف المرجعي: العطور — بسيط. الوسوم المرجعية: Men’s Perfumes، Perfumes، Women’s Perfumes.,https://alfouadpharmacies.com/en/products/cherrera-212-vip-party-fever-edt-fw-80ml,AlFouad Pharmacies,Verify usage rights before commercial publication,غير مثبت,غير مثبت,مرجعي فقط — غير معتمد للنشر التجاري,بيانات مرجعية متاحة؛ يلزم تحقق PM,ضمن الفحص المبدئي
10569970352431,cherrera-212-vip-fw-edp-80mlblotion,C.HERRERA 212 VIP F/W (ماء عطر 80 مل + لوشن للجسم),perfumes,العطور,العطور,1,بسيط,103528,4500,1350,3150,,غير متاح لدى المصدر,https://cdn.shopify.com/s/files/1/0935/9550/0847/files/51lrevLagTL.webp?v=1754297491,منتج C.HERRERA 212 VIP F/W (ماء عطر 80 مل + لوشن للجسم) من perfumes. التصنيف المرجعي: العطور — بسيط. الوسوم المرجعية: Perfumes، Women’s Perfumes.,https://alfouadpharmacies.com/en/products/cherrera-212-vip-fw-edp-80mlblotion,AlFouad Pharmacies,Verify usage rights before commercial publication,غير مثبت,غير مثبت,مرجعي فقط — غير معتمد للنشر التجاري,بيانات مرجعية متاحة؛ يلزم تحقق PM,ضمن الفحص المبدئي
10569970221359,cherrera-212-vip-fm-black-200ml-edp,عطر سي. هيريرا 212 VIP F/M بلاك 200 مل (إدي بي),perfumes,العطور,العطور,1,بسيط,25204,8000,2400,5600,,غير متاح لدى المصدر,https://cdn.shopify.com/s/files/1/0935/9550/0847/files/61pjEdHqy9L._AC_UF8941000_QL80.webp?v=1754297493,منتج عطر سي. هيريرا 212 VIP F/M بلاك 200 مل (إدي بي) من perfumes. التصنيف المرجعي: العطور — بسيط. الوسوم المرجعية: Men’s Perfumes، Perfumes.,https://alfouadpharmacies.com/en/products/cherrera-212-vip-fm-black-200ml-edp,AlFouad Pharmacies,Verify usage rights before commercial publication,غير مثبت,غير مثبت,مرجعي فقط — غير معتمد للنشر التجاري,بيانات مرجعية متاحة؛ يلزم تحقق PM,ضمن الفحص المبدئي
10569970188591,cherrera-212-vip-black-own-the-party-edp-fm-100ml,عطر سي. هيريرا 212 VIP بلاك أوون ذا بارتي، إصدار EDP، للرجال والنساء، 100 مل.,perfumes,العطور,العطور,1,بسيط,14390,6000,1800,4200,,غير متاح لدى المصدر,https://cdn.shopify.com/s/files/1/0935/9550/0847/files/C.HERRERA-212-VIP-Black-NYC-FM-100ML.webp?v=1754297493,منتج عطر سي. هيريرا 212 VIP بلاك أوون ذا بارتي، إصدار EDP، للرجال والنساء، 100 مل. من perfumes. التصنيف المرجعي: العطور — بسيط. الوسوم المرجعية: Men’s Perfumes، Perfumes.,https://alfouadpharmacies.com/en/products/cherrera-212-vip-black-own-the-party-edp-fm-100ml,AlFouad Pharmacies,Verify usage rights before commercial publication,غير مثبت,غير مثبت,مرجعي فقط — غير معتمد للنشر التجاري,بيانات مرجعية متاحة؛ يلزم تحقق PM,ضمن الفحص المبدئي
10569970155823,cherrera-212-vip-black-nyc-fm-100ml,C.HERRERA 212 VIP Black NYC F/M 100 مل,perfumes,العطور,العطور,1,بسيط,14406,6000,1800,4200,,غير متاح لدى المصدر,https://cdn.shopify.com/s/files/1/0935/9550/0847/files/51soGRNM8uL.webp?v=1754297494,منتج C.HERRERA 212 VIP Black NYC F/M 100 مل من perfumes. التصنيف المرجعي: العطور — بسيط. الوسوم المرجعية: Men’s Perfumes، Perfumes.,https://alfouadpharmacies.com/en/products/cherrera-212-vip-black-nyc-fm-100ml,AlFouad Pharmacies,Verify usage rights before commercial publication,غير مثبت,غير مثبت,مرجعي فقط — غير معتمد للنشر التجاري,بيانات مرجعية متاحة؛ يلزم تحقق PM,ضمن الفحص المبدئي
10569970123055,cherrera-212-vip-edt-100mlshower,C.HERRERA 212 VIP (ماء تواليت 100 مل + جل استحمام),perfumes,العطور,العطور,1,بسيط,109258,5500,1650,3850,,متاح لدى المصدر,https://cdn.shopify.com/s/files/1/0935/9550/0847/files/p-pdl1160-1-3fb58f75-115d-4a2d-81bd-bb9ba98ec589_800x_66737029-cc2c-43ce-b6c4-3d25ac30bc9d.webp?v=1754297494,منتج C.HERRERA 212 VIP (ماء تواليت 100 مل + جل استحمام) من perfumes. التصنيف المرجعي: العطور — بسيط. الوسوم المرجعية: Men’s Perfumes، Perfumes.,https://alfouadpharmacies.com/en/products/cherrera-212-vip-edt-100mlshower,AlFouad Pharmacies,Verify usage rights before commercial publication,غير مثبت,غير مثبت,مرجعي فقط — غير معتمد للنشر التجاري,بيانات مرجعية متاحة؛ يلزم تحقق PM,ضمن الفحص المبدئي
10569970057519,cherrera-212-sexy-edt-100-ml-fm,عطر سي. هيريرا 212 سيكسي، تركيز إي دي تي، 100 مل، للجنسين.,perfumes,العطور,العطور,1,بسيط,99174,5200,1560,3640,,متاح لدى المصدر,https://cdn.shopify.com/s/files/1/0935/9550/0847/files/C.HERRERA-212-Sexy-Edt-100-ml-FM.webp?v=1754297495,منتج عطر سي. هيريرا 212 سيكسي، تركيز إي دي تي، 100 مل، للجنسين. من perfumes. التصنيف المرجعي: العطور — بسيط. الوسوم المرجعية: Men’s Perfumes، Perfumes.,https://alfouadpharmacies.com/en/products/cherrera-212-sexy-edt-100-ml-fm,AlFouad Pharmacies,Verify usage rights before commercial publication,غير مثبت,غير مثبت,مرجعي فقط — غير معتمد للنشر التجاري,بيانات مرجعية متاحة؛ يلزم تحقق PM,ضمن الفحص المبدئي
10569969991983,cherrera-212-sexy-100ml-edp-fw,عطر سي. هيريرا 212 سيكسي 100 مل، تركيز عالي (إي دي بي)، نسائي.,perfumes,العطور,العطور,1,بسيط,93238,5400,1620,3780,,غير متاح لدى المصدر,https://cdn.shopify.com/s/files/1/0935/9550/0847/files/C.HERRERA-212-Sexy-100ML-Edp-FW.webp?v=1754297496,منتج عطر سي. هيريرا 212 سيكسي 100 مل، تركيز عالي (إي دي بي)، نسائي. من perfumes. التصنيف المرجعي: العطور — بسيط. الوسوم المرجعية: Perfumes، Women’s Perfumes.,https://alfouadpharmacies.com/en/products/cherrera-212-sexy-100ml-edp-fw,AlFouad Pharmacies,Verify usage rights before commercial publication,غير مثبت,غير مثبت,مرجعي فقط — غير معتمد للنشر التجاري,بيانات مرجعية متاحة؛ يلزم تحقق PM,ضمن الفحص المبدئي
10569969565999,cherrera-212-men-nyc-gold-fm-edt-100ml,عطر سي. هيريرا 212 للرجال نيويورك جولد، إصدار محدود، 100 مل.,perfumes,العطور,العطور,1,بسيط,112292,6500,1950,4550,,متاح لدى المصدر,https://cdn.shopify.com/s/files/1/0935/9550/0847/files/C.HERRERA-212-Men-NYC-Gold-FM-Edt-100ML-2.webp?v=1754297500,منتج عطر سي. هيريرا 212 للرجال نيويورك جولد، إصدار محدود، 100 مل. من perfumes. التصنيف المرجعي: العطور — بسيط. الوسوم المرجعية: Men’s Perfumes، Perfumes.,https://alfouadpharmacies.com/en/products/cherrera-212-men-nyc-gold-fm-edt-100ml,AlFouad Pharmacies,Verify usage rights before commercial publication,غير مثبت,غير مثبت,مرجعي فقط — غير معتمد للنشر التجاري,بيانات مرجعية متاحة؛ يلزم تحقق PM,ضمن الفحص المبدئي
10569969434927,cherrera-212-men-nyc-fm-edt-100ml,عطر سي. هيريرا 212 للرجال نيويورك، إصدار EDT، 100 مل,perfumes,العطور,العطور,1,بسيط,106211,7000,2100,4900,,متاح لدى المصدر,https://cdn.shopify.com/s/files/1/0935/9550/0847/files/C.HERRERA-212-Men-NYC-FM-Edt-100ML.webp?v=1754297501,منتج عطر سي. هيريرا 212 للرجال نيويورك، إصدار EDT، 100 مل من perfumes. التصنيف المرجعي: العطور — بسيط. الوسوم المرجعية: Men’s Perfumes، Perfumes.,https://alfouadpharmacies.com/en/products/cherrera-212-men-nyc-fm-edt-100ml,AlFouad Pharmacies,Verify usage rights before commercial publication,غير مثبت,غير مثبت,مرجعي فقط — غير معتمد للنشر التجاري,بيانات مرجعية متاحة؛ يلزم تحقق PM,ضمن الفحص المبدئي
10569969008943,cherrera-212-men-heroes-forever-young-edt-150ml,عطر سي. هيريرا 212 للرجال هيروز فور إيفر يونغ، تركيز إي دي تي، 150 مل,perfumes,العطور,العطور,1,بسيط,93775,8000,2400,5600,,متاح لدى المصدر,https://cdn.shopify.com/s/files/1/0935/9550/0847/files/C.HERRERA-212-Men-Heroes-Forever-Young-Edt-150ML.webp?v=1754297505,منتج عطر سي. هيريرا 212 للرجال هيروز فور إيفر يونغ، تركيز إي دي تي، 150 مل من perfumes. التصنيف المرجعي: العطور — بسيط. الوسوم المرجعية: Men’s Perfumes، Perfumes.,https://alfouadpharmacies.com/en/products/cherrera-212-men-heroes-forever-young-edt-150ml,AlFouad Pharmacies,Verify usage rights before commercial publication,غير مثبت,غير مثبت,مرجعي فقط — غير معتمد للنشر التجاري,بيانات مرجعية متاحة؛ يلزم تحقق PM,ضمن الفحص المبدئي
10569968681263,cd-dior-sauvage-elixir-edp-fm-100ml,ديور سوفاج إليكسير أو دو بارفيوم 60 مل,perfumes,العطور,العطور,1,بيرفيوم ,12986,15500,4650,10850,,متاح لدى المصدر,https://cdn.shopify.com/s/files/1/0935/9550/0847/files/1_75.webp?v=1782303159,منتج ديور سوفاج إليكسير أو دو بارفيوم 60 مل من perfumes. التصنيف المرجعي: العطور — بيرفيوم . الوسوم المرجعية: Men’s Perfumes، Perfumes.,https://alfouadpharmacies.com/en/products/cd-dior-sauvage-elixir-edp-fm-100ml,AlFouad Pharmacies,Verify usage rights before commercial publication,غير مثبت,غير مثبت,مرجعي فقط — غير معتمد للنشر التجاري,بيانات مرجعية متاحة؛ يلزم تحقق PM,ضمن الفحص المبدئي
10569968582959,bvlgari-man-terrae-essence-edp-100ml,عطر بولغاري مان تيرّاي إيسنس، تركيز إي دي بي، 100 مل,perfumes,العطور,العطور,1,بسيط,9049,7200,2160,5040,,متاح لدى المصدر,https://cdn.shopify.com/s/files/1/0935/9550/0847/files/Bvlgari-Man-Terrae-Essence-Edp-100ML.webp?v=1754297509,منتج عطر بولغاري مان تيرّاي إيسنس، تركيز إي دي بي، 100 مل من perfumes. التصنيف المرجعي: العطور — بسيط. الوسوم المرجعية: Men’s Perfumes، Perfumes.,https://alfouadpharmacies.com/en/products/bvlgari-man-terrae-essence-edp-100ml,AlFouad Pharmacies,Verify usage rights before commercial publication,غير مثبت,غير مثبت,مرجعي فقط — غير معتمد للنشر التجاري,بيانات مرجعية متاحة؛ يلزم تحقق PM,ضمن الفحص المبدئي
10569968517423,bvlgari-man-glacial-essence-edp-100ml,عطر بولغاري مان جليد إيسنس أو دو برفيوم 100 مل,perfumes,العطور,العطور,1,بسيط,7678,7500,2250,5250,,متاح لدى المصدر,https://cdn.shopify.com/s/files/1/0935/9550/0847/files/Bvlgari-Man-Glacial-Essence-Edp-100ML.webp?v=1754297509,منتج عطر بولغاري مان جليد إيسنس أو دو برفيوم 100 مل من perfumes. التصنيف المرجعي: العطور — بسيط. الوسوم المرجعية: Men’s Perfumes، Perfumes.,https://alfouadpharmacies.com/en/products/bvlgari-man-glacial-essence-edp-100ml,AlFouad Pharmacies,Verify usage rights before commercial publication,غير مثبت,غير مثبت,مرجعي فقط — غير معتمد للنشر التجاري,بيانات مرجعية متاحة؛ يلزم تحقق PM,ضمن الفحص المبدئي
10569968484655,burberry-my-burberry-fw-edp-90-ml,Burberry My Burberry F/W عطر نسائي 90 مل,perfumes,العطور,العطور,1,بسيط,95973,6075,1822.5,4252.5,,متاح لدى المصدر,https://cdn.shopify.com/s/files/1/0935/9550/0847/files/Burberry-My-Burberry-FW-Edp-90-ml.webp?v=1754297510,منتج Burberry My Burberry F/W عطر نسائي 90 مل من perfumes. التصنيف المرجعي: العطور — بسيط. الوسوم المرجعية: Perfumes، Women’s Perfumes.,https://alfouadpharmacies.com/en/products/burberry-my-burberry-fw-edp-90-ml,AlFouad Pharmacies,Verify usage rights before commercial publication,غير مثبت,غير مثبت,مرجعي فقط — غير معتمد للنشر التجاري,بيانات مرجعية متاحة؛ يلزم تحقق PM,ضمن الفحص المبدئي
10569967894831,burberry-mrburberry-indigo-edt-150ml,عطر بوربيري MR.BURBERRY Indigo  أو دو تواليت 150 مل,perfumes,العطور,العطور,1,بسيط,15762,2200,660,1540,,غير متاح لدى المصدر,https://cdn.shopify.com/s/files/1/0935/9550/0847/files/91Q8BJwelXL._AC_UF8941000_QL80.webp?v=1754297515,منتج عطر بوربيري MR.BURBERRY Indigo  أو دو تواليت 150 مل من perfumes. التصنيف المرجعي: العطور — بسيط. الوسوم المرجعية: Men’s Perfumes، Perfumes.,https://alfouadpharmacies.com/en/products/burberry-mrburberry-indigo-edt-150ml,AlFouad Pharmacies,Verify usage rights before commercial publication,غير مثبت,غير مثبت,مرجعي فقط — غير معتمد للنشر التجاري,بيانات مرجعية متاحة؛ يلزم تحقق PM,ضمن الفحص المبدئي
10569967829295,burberry-mr-edp-fm-100-ml,بربري مستر عطر للرجال 100 مل,perfumes,العطور,العطور,1,بسيط,32286,4900,1470,3430,,متاح لدى المصدر,https://cdn.shopify.com/s/files/1/0935/9550/0847/files/Burberry-Mr.-Edp-FM-100-ml.webp?v=1754297516,منتج بربري مستر عطر للرجال 100 مل من perfumes. التصنيف المرجعي: العطور — بسيط. الوسوم المرجعية: Men’s Perfumes، Perfumes.,https://alfouadpharmacies.com/en/products/burberry-mr-edp-fm-100-ml,AlFouad Pharmacies,Verify usage rights before commercial publication,غير مثبت,غير مثبت,مرجعي فقط — غير معتمد للنشر التجاري,بيانات مرجعية متاحة؛ يلزم تحقق PM,ضمن الفحص المبدئي
10569967796527,burberry-london-edt-fm-100ml,عطر بربري لندن، إصدار تواليت، 100 مل,perfumes,العطور,العطور,1,بسيط,20843,3550,1065,2485,,متاح لدى المصدر,https://cdn.shopify.com/s/files/1/0935/9550/0847/files/Burberry-London-Edt-FM-100ML.webp?v=1754297516,منتج عطر بربري لندن، إصدار تواليت، 100 مل من perfumes. التصنيف المرجعي: العطور — بسيط. الوسوم المرجعية: Men’s Perfumes، Perfumes.,https://alfouadpharmacies.com/en/products/burberry-london-edt-fm-100ml,AlFouad Pharmacies,Verify usage rights before commercial publication,غير مثبت,غير مثبت,مرجعي فقط — غير معتمد للنشر التجاري,بيانات مرجعية متاحة؛ يلزم تحقق PM,ضمن الفحص المبدئي
10569967763759,burberry-element-edt-fm-150ml,عطر بربري إليمنت، ماء تواليت، للرجال، 150 مل,perfumes,العطور,العطور,1,بسيط,111052,4300,1290,3010,,غير متاح لدى المصدر,https://cdn.shopify.com/s/files/1/0935/9550/0847/files/Burberry-Element-Edt-FM-150ML.webp?v=1754297517,منتج عطر بربري إليمنت، ماء تواليت، للرجال، 150 مل من perfumes. التصنيف المرجعي: العطور — بسيط. الوسوم المرجعية: Men’s Perfumes، Perfumes.,https://alfouadpharmacies.com/en/products/burberry-element-edt-fm-150ml,AlFouad Pharmacies,Verify usage rights before commercial publication,غير مثبت,غير مثبت,مرجعي فقط — غير معتمد للنشر التجاري,بيانات مرجعية متاحة؛ يلزم تحقق PM,ضمن الفحص المبدئي
10569967698223,burberry-body-edp-fw-85ml,عطر بوربيري بودي إي دي بي، إصدار الخريف/الشتاء، 85 مل,perfumes,العطور,العطور,1,بسيط,104049,4200,1260,2940,,غير متاح لدى المصدر,https://cdn.shopify.com/s/files/1/0935/9550/0847/files/Burberry-Body-Edp-FW-85ML.webp?v=1754297517,منتج عطر بوربيري بودي إي دي بي، إصدار الخريف/الشتاء، 85 مل من perfumes. التصنيف المرجعي: العطور — بسيط. الوسوم المرجعية: Perfumes، Women’s Perfumes.,https://alfouadpharmacies.com/en/products/burberry-body-edp-fw-85ml,AlFouad Pharmacies,Verify usage rights before commercial publication,غير مثبت,غير مثبت,مرجعي فقط — غير معتمد للنشر التجاري,بيانات مرجعية متاحة؛ يلزم تحقق PM,ضمن الفحص المبدئي
10569967567151,azzaro-wanted-girl-edp-80-ml-body-lotion-100ml,أزارو وانتد جيرل (ماء عطر 80 مل + لوشن للجسم 100 مل),perfumes,العطور,العطور,1,بسيط,9304,2500,750,1750,,غير متاح لدى المصدر,https://cdn.shopify.com/s/files/1/0935/9550/0847/files/Azzaro-Wanted-Girl-Edp-80-ml-Body-Lotion-100ML.webp?v=1754297518,منتج أزارو وانتد جيرل (ماء عطر 80 مل + لوشن للجسم 100 مل) من perfumes. التصنيف المرجعي: العطور — بسيط. الوسوم المرجعية: Perfumes، Women’s Perfumes.,https://alfouadpharmacies.com/en/products/azzaro-wanted-girl-edp-80-ml-body-lotion-100ml,AlFouad Pharmacies,Verify usage rights before commercial publication,غير مثبت,غير مثبت,مرجعي فقط — غير معتمد للنشر التجاري,بيانات مرجعية متاحة؛ يلزم تحقق PM,ضمن الفحص المبدئي
10569967436079,azzaro-pour-homme-edt-fm-100ml,أزارو بور هوم عطر للرجال 100 مل,perfumes,العطور,العطور,1,بسيط,10495,2600,780,1820,,غير متاح لدى المصدر,https://cdn.shopify.com/s/files/1/0935/9550/0847/files/AZZARO-POUR-HOMME-EDT-100ML.webp?v=1754297520,منتج أزارو بور هوم عطر للرجال 100 مل من perfumes. التصنيف المرجعي: العطور — بسيط. الوسوم المرجعية: Men’s Perfumes، Perfumes.,https://alfouadpharmacies.com/en/products/azzaro-pour-homme-edt-fm-100ml,AlFouad Pharmacies,Verify usage rights before commercial publication,غير مثبت,غير مثبت,مرجعي فقط — غير معتمد للنشر التجاري,بيانات مرجعية متاحة؛ يلزم تحقق PM,ضمن الفحص المبدئي
