معرّف المنتج في المصدر,Handle المرجعي,اسم المنتج,العلامة التجارية,التصنيف الأساسي المرجعي,التصنيفات التي يظهر بها المنتج,عدد مرات الظهور عبر التصنيفات,نوع المنتج المرجعي,كود المورد/المصدر (ليس SKU لـ PM),سعر الجمهور المرجعي (ج.م),قيمة خصم 30% المرجعية (ج.م),سعر الجملة المرجعي بعد الخصم (ج.م),سعر المقارنة في المصدر (ج.م),التوفر لدى المصدر المرجعي فقط,رابط الصورة المرجعي,الوصف المرجعي,رابط المنتج المرجعي,المصدر,حقوق استخدام الصورة,دليل مخزون PM,دليل تكلفة PM,حالة النشر التجاري,مراجعة البيانات,مراجعة النطاق
10569861792047,energy-styling-hair-cream-250ml,كريم تصفيف الشعر إينرجي 250 مل,AlFouad Pharmacies,العناية بالشعر,العناية بالشعر,1,بسيط,14173,80,24,56,,غير متاح لدى المصدر,https://cdn.shopify.com/s/files/1/0935/9550/0847/files/Energy-Styling-Hair-Cream-250ML.webp?v=1754298324,منتج كريم تصفيف الشعر إينرجي 250 مل من AlFouad Pharmacies. التصنيف المرجعي: العناية بالشعر — بسيط. الوسوم المرجعية: Anti-Frizz، Hair Care، Hair Concerns، Hair Cream.,https://alfouadpharmacies.com/en/products/energy-styling-hair-cream-250ml,AlFouad Pharmacies,Verify usage rights before commercial publication,غير مثبت,غير مثبت,مرجعي فقط — غير معتمد للنشر التجاري,بيانات مرجعية متاحة؛ يلزم تحقق PM,ضمن الفحص المبدئي
10569847341359,hair-code-styling-cream-150ml,كريم تصفيف الشعر من هير كود 150 مل - علبة زرقاء,AlFouad Pharmacies,العناية بالشعر,العناية بالشعر,1,بسيط,82591,17,5.1,11.9,,غير متاح لدى المصدر,https://cdn.shopify.com/s/files/1/0935/9550/0847/files/Hair-Code-Gel-Ultra-Hold-250ML-Offf.webp?v=1754298460,منتج كريم تصفيف الشعر من هير كود 150 مل - علبة زرقاء من AlFouad Pharmacies. التصنيف المرجعي: العناية بالشعر — بسيط. الوسوم المرجعية: Anti-Frizz، Hair Care، Hair Concerns، Hair Cream.,https://alfouadpharmacies.com/en/products/hair-code-styling-cream-150ml,AlFouad Pharmacies,Verify usage rights before commercial publication,غير مثبت,غير مثبت,مرجعي فقط — غير معتمد للنشر التجاري,بيانات مرجعية متاحة؛ يلزم تحقق PM,ضمن الفحص المبدئي
12689565417775,twist-go-leave-in-cream-250ml,كريم تويست آند جو الذي يُترك على الشعر 250 مل,TWIST&GO,العناية بالشعر,العناية بالشعر,1,,15222,450,135,315,,متاح لدى المصدر,https://cdn.shopify.com/s/files/1/0935/9550/0847/files/Twist_Go_Leave_In_Cream_250ml_ECOM.webp?v=1771925122,منتج كريم تويست آند جو الذي يُترك على الشعر 250 مل من TWIST&GO. التصنيف المرجعي: العناية بالشعر. الوسوم المرجعية: Dry & Damadged Hair، Hair Care، Hair Cream، Hair Defining & Volume.,https://alfouadpharmacies.com/en/products/twist-go-leave-in-cream-250ml,AlFouad Pharmacies,Verify usage rights before commercial publication,غير مثبت,غير مثبت,مرجعي فقط — غير معتمد للنشر التجاري,بيانات مرجعية متاحة؛ يلزم تحقق PM,ضمن الفحص المبدئي
10569864970543,fiancee-gel-cream-with-honey-225ml,كريم جل العروس مع العسل 225 مل,Fiancee,العناية بالشعر,العناية بالشعر,1,كريم مرطب للبشرة,0,47,14.1,32.9,,غير متاح لدى المصدر,https://cdn.shopify.com/s/files/1/0935/9550/0847/files/Fiancee-Gel-Cream-With-Honey-225ML.webp?v=1754298297,منتج كريم جل العروس مع العسل 225 مل من Fiancee. التصنيف المرجعي: العناية بالشعر — كريم مرطب للبشرة. الوسوم المرجعية: Hair Care، Hair Cream.,https://alfouadpharmacies.com/en/products/fiancee-gel-cream-with-honey-225ml,AlFouad Pharmacies,Verify usage rights before commercial publication,غير مثبت,غير مثبت,مرجعي فقط — غير معتمد للنشر التجاري,بيانات مرجعية متاحة؛ يلزم تحقق PM,ضمن الفحص المبدئي
10569865036079,fiancee-gel-cream-with-vitamin-225ml,كريم جل العروس مع فيتامين 225 مل,AlFouad Pharmacies,العناية بالشعر,العناية بالشعر,1,بسيط,0,47,14.1,32.9,,غير متاح لدى المصدر,https://cdn.shopify.com/s/files/1/0935/9550/0847/files/Fiancee-Gel-Cream-With-Vitamin-225ML.webp?v=1754298297,منتج كريم جل العروس مع فيتامين 225 مل من AlFouad Pharmacies. التصنيف المرجعي: العناية بالشعر — بسيط. الوسوم المرجعية: Hair Care، Hair Cream.,https://alfouadpharmacies.com/en/products/fiancee-gel-cream-with-vitamin-225ml,AlFouad Pharmacies,Verify usage rights before commercial publication,غير مثبت,غير مثبت,مرجعي فقط — غير معتمد للنشر التجاري,بيانات مرجعية متاحة؛ يلزم تحقق PM,ضمن الفحص المبدئي
10569845080367,dabur-amla-hair-cream-125ml-snake-oil,كريم دابور أملا للشعر 125 مل بزيت الثعبان,AlFouad Pharmacies,العناية بالشعر,العناية بالشعر,1,بسيط,102975,84,25.2,58.8,,متاح لدى المصدر,https://cdn.shopify.com/s/files/1/0935/9550/0847/files/Dabur-Amla-Hair-Cream-125ML-Snake-Oil.webp?v=1754298484,منتج كريم دابور أملا للشعر 125 مل بزيت الثعبان من AlFouad Pharmacies. التصنيف المرجعي: العناية بالشعر — بسيط. الوسوم المرجعية: Anti-Frizz، Hair Care، Hair Concerns، Hair Cream.,https://alfouadpharmacies.com/en/products/dabur-amla-hair-cream-125ml-snake-oil,AlFouad Pharmacies,Verify usage rights before commercial publication,غير مثبت,غير مثبت,مرجعي فقط — غير معتمد للنشر التجاري,بيانات مرجعية متاحة؛ يلزم تحقق PM,ضمن الفحص المبدئي
10569729999151,infinity-dandel-cream-100ml,كريم دانديلي إنفينيتي 100 مل,AlFouad Pharmacies,العناية بالشعر,العناية بالشعر,1,بسيط,,130,39,91,,غير متاح لدى المصدر,https://cdn.shopify.com/s/files/1/0935/9550/0847/files/Infinity-Dandel-Cream-100ml.webp?v=1754299069,منتج كريم دانديلي إنفينيتي 100 مل من AlFouad Pharmacies. التصنيف المرجعي: العناية بالشعر — بسيط. الوسوم المرجعية: Dandruff، Hair Care، Hair Concerns، Hair Cream، Scalp Care.,https://alfouadpharmacies.com/en/products/infinity-dandel-cream-100ml,AlFouad Pharmacies,Verify usage rights before commercial publication,غير مثبت,غير مثبت,مرجعي فقط — غير معتمد للنشر التجاري,بيانات مرجعية متاحة؛ يلزم تحقق PM,ضمن الفحص المبدئي
10569852846383,dax-hair-cream-99gm-green-gold,كريم دكس للشعر 99 جرام ذهبي أخضر,AlFouad Pharmacies,العناية بالشعر,العناية بالشعر,1,بسيط,34081,380,114,266,,متاح لدى المصدر,https://cdn.shopify.com/s/files/1/0935/9550/0847/files/Dax-Hair-Creme-99GM-Green-Gold.webp?v=1754298412,منتج كريم دكس للشعر 99 جرام ذهبي أخضر من AlFouad Pharmacies. التصنيف المرجعي: العناية بالشعر — بسيط. الوسوم المرجعية: Anti-Frizz، Hair Care، Hair Concerns، Hair Cream.,https://alfouadpharmacies.com/en/products/dax-hair-cream-99gm-green-gold,AlFouad Pharmacies,Verify usage rights before commercial publication,غير مثبت,غير مثبت,مرجعي فقط — غير معتمد للنشر التجاري,بيانات مرجعية متاحة؛ يلزم تحقق PM,ضمن الفحص المبدئي
10569731965231,strongville-nourishing-cream-120ml-men,كريم سترونج فيل المغذي للشعر للرجال – 120 مل,Strongville,العناية بالشعر,العناية بالشعر,1,كريم شعر,89214,195,58.5,136.5,,متاح لدى المصدر,https://cdn.shopify.com/s/files/1/0935/9550/0847/files/Strongville-Nourishing-Cream-120ml-Men.webp?v=1754299042,منتج كريم سترونج فيل المغذي للشعر للرجال – 120 مل من Strongville. التصنيف المرجعي: العناية بالشعر — كريم شعر. الوسوم المرجعية: Dry & Damadged Hair، Hair Care، Hair Concerns، Men Hair، Strongville.,https://alfouadpharmacies.com/en/products/strongville-nourishing-cream-120ml-men,AlFouad Pharmacies,Verify usage rights before commercial publication,غير مثبت,غير مثبت,مرجعي فقط — غير معتمد للنشر التجاري,بيانات مرجعية متاحة؛ يلزم تحقق PM,ضمن الفحص المبدئي
10569853370671,dax-hair-cream-super-neat-99gm,كريم شعر داكس سوبر نيت 99 جم موف,AlFouad Pharmacies,العناية بالشعر,العناية بالشعر,1,بسيط,92424,380,114,266,,متاح لدى المصدر,https://cdn.shopify.com/s/files/1/0935/9550/0847/files/Dax-Hair-Creme-Super-Neat-99GM-_D9_85_D9_88_D9_81.webp?v=1754298407,منتج كريم شعر داكس سوبر نيت 99 جم موف من AlFouad Pharmacies. التصنيف المرجعي: العناية بالشعر — بسيط. الوسوم المرجعية: Anti-Frizz، Hair Care، Hair Concerns، Hair Cream.,https://alfouadpharmacies.com/en/products/dax-hair-cream-super-neat-99gm,AlFouad Pharmacies,Verify usage rights before commercial publication,غير مثبت,غير مثبت,مرجعي فقط — غير معتمد للنشر التجاري,بيانات مرجعية متاحة؛ يلزم تحقق PM,ضمن الفحص المبدئي
10569853141295,dax-hair-cream-neatampwave-99gm,كريم شعر داكس نيت آند ويف 99 جرام برتقالي,AlFouad Pharmacies,العناية بالشعر,العناية بالشعر,1,بسيط,12574,380,114,266,,متاح لدى المصدر,https://cdn.shopify.com/s/files/1/0935/9550/0847/files/Dax-Hair-Creme-NeatWave-99GM-_D8_A8_D8_B1_D8_AA_D9_82_D8_A7_D9_84_D9_8A.webp?v=1754298409,منتج كريم شعر داكس نيت آند ويف 99 جرام برتقالي من AlFouad Pharmacies. التصنيف المرجعي: العناية بالشعر — بسيط. الوسوم المرجعية: Anti-Frizz، Hair Care، Hair Concerns، Hair Cream.,https://alfouadpharmacies.com/en/products/dax-hair-cream-neatampwave-99gm,AlFouad Pharmacies,Verify usage rights before commercial publication,غير مثبت,غير مثبت,مرجعي فقط — غير معتمد للنشر التجاري,بيانات مرجعية متاحة؛ يلزم تحقق PM,ضمن الفحص المبدئي
10569853468975,dax-hair-cream-wave-amp-groom-99gm,كريم شعر دكس لتصفيف الشعر المجعد 99 جرام أحمر,AlFouad Pharmacies,العناية بالشعر,العناية بالشعر,1,بسيط,4624,380,114,266,,متاح لدى المصدر,https://cdn.shopify.com/s/files/1/0935/9550/0847/files/Dax-Hair-Creme-Wave-Groom-99GM-_D8_A7_D8_AD_D9_85_D8_B1.webp?v=1754298406,منتج كريم شعر دكس لتصفيف الشعر المجعد 99 جرام أحمر من AlFouad Pharmacies. التصنيف المرجعي: العناية بالشعر — بسيط. الوسوم المرجعية: Anti-Frizz، Hair Care، Hair Concerns، Hair Cream.,https://alfouadpharmacies.com/en/products/dax-hair-cream-wave-amp-groom-99gm,AlFouad Pharmacies,Verify usage rights before commercial publication,غير مثبت,غير مثبت,مرجعي فقط — غير معتمد للنشر التجاري,بيانات مرجعية متاحة؛ يلزم تحقق PM,ضمن الفحص المبدئي
10569853272367,dax-hair-creamshort-amp-neat-99gm,كريم شعر دكس، قصير ومرتب، 99 جرام، أزرق,AlFouad Pharmacies,العناية بالشعر,العناية بالشعر,1,بسيط,4627,380,114,266,,متاح لدى المصدر,https://cdn.shopify.com/s/files/1/0935/9550/0847/files/Dax-Hair-Creme-Short-Neat-99GM-_D8_A7_D8_B2_D8_B1_D9_82.webp?v=1754298408,منتج كريم شعر دكس، قصير ومرتب، 99 جرام، أزرق من AlFouad Pharmacies. التصنيف المرجعي: العناية بالشعر — بسيط. الوسوم المرجعية: Anti-Frizz، Hair Care، Hair Concerns، Hair Cream.,https://alfouadpharmacies.com/en/products/dax-hair-creamshort-amp-neat-99gm,AlFouad Pharmacies,Verify usage rights before commercial publication,غير مثبت,غير مثبت,مرجعي فقط — غير معتمد للنشر التجاري,بيانات مرجعية متاحة؛ يلزم تحقق PM,ضمن الفحص المبدئي
10569923756335,sunsilk-hair-cream-210ml-strenghtampshine,كريم شعر صن سيلك 210 مل قوة ولمعان,SUNSILK,العناية بالشعر,العناية بالشعر,1,بسيط,17403,100,30,70,,غير متاح لدى المصدر,https://cdn.shopify.com/s/files/1/0935/9550/0847/files/Sunsilk-Hair-Cream-210ML-StrenghtShine.webp?v=1754297849,منتج كريم شعر صن سيلك 210 مل قوة ولمعان من SUNSILK. التصنيف المرجعي: العناية بالشعر — بسيط. الوسوم المرجعية: Anti-Frizz، Hair Care، Hair Concerns، Hair Cream.,https://alfouadpharmacies.com/en/products/sunsilk-hair-cream-210ml-strenghtampshine,AlFouad Pharmacies,Verify usage rights before commercial publication,غير مثبت,غير مثبت,مرجعي فقط — غير معتمد للنشر التجاري,بيانات مرجعية متاحة؛ يلزم تحقق PM,ضمن الفحص المبدئي
10569923723567,sunsilk-hair-cream-210ml-defined-curls,كريم شعر صن سيلك 210 مل لتحديد تجعيدات الشعر,SUNSILK,العناية بالشعر,العناية بالشعر,1,بسيط,17046,165,49.5,115.5,,متاح لدى المصدر,https://cdn.shopify.com/s/files/1/0935/9550/0847/files/Sunsilk-Hair-Cream-210ML-Defined-Curls.webp?v=1754297850,منتج كريم شعر صن سيلك 210 مل لتحديد تجعيدات الشعر من SUNSILK. التصنيف المرجعي: العناية بالشعر — بسيط. الوسوم المرجعية: Anti-Frizz، Hair Care، Hair Concerns، Hair Cream.,https://alfouadpharmacies.com/en/products/sunsilk-hair-cream-210ml-defined-curls,AlFouad Pharmacies,Verify usage rights before commercial publication,غير مثبت,غير مثبت,مرجعي فقط — غير معتمد للنشر التجاري,بيانات مرجعية متاحة؛ يلزم تحقق PM,ضمن الفحص المبدئي
10569848422703,clear-men-hair-cream-210ml-cool-sport-menthol,كريم شعر كلير للرجال 210 مل، منكه بالمنثول، رائحة رياضية منعشة.,Clear,العناية بالشعر,العناية بالشعر,1,بسيط,97862,90,27,63,,متاح لدى المصدر,https://cdn.shopify.com/s/files/1/0935/9550/0847/files/Clear-Men-Hair-Cream-210ML-Cool-Sport-Menthol.webp?v=1754298450,منتج كريم شعر كلير للرجال 210 مل، منكه بالمنثول، رائحة رياضية منعشة. من Clear. التصنيف المرجعي: العناية بالشعر — بسيط. الوسوم المرجعية: Anti-Frizz، Hair Care، Hair Concerns، Hair Cream.,https://alfouadpharmacies.com/en/products/clear-men-hair-cream-210ml-cool-sport-menthol,AlFouad Pharmacies,Verify usage rights before commercial publication,غير مثبت,غير مثبت,مرجعي فقط — غير معتمد للنشر التجاري,بيانات مرجعية متاحة؛ يلزم تحقق PM,ضمن الفحص المبدئي
10569902948655,loreal-elvive-hyaluron-moisture-hair-cream-200ml,كريم شعر لوريال إلفيف هيدروجيلون المرطب 200 مل,LOREAL PCD,العناية بالشعر,العناية بالشعر,1,بسيط,101459,273,81.9,191.1,,متاح لدى المصدر,https://cdn.shopify.com/s/files/1/0935/9550/0847/files/Loreal-Elvive-Hyaluron-Moisture-Hair-Cream-200ML.webp?v=1754298094,منتج كريم شعر لوريال إلفيف هيدروجيلون المرطب 200 مل من LOREAL PCD. التصنيف المرجعي: العناية بالشعر — بسيط. الوسوم المرجعية: Dry & Damadged Hair، Hair Care، Hair Concerns، Hair Cream.,https://alfouadpharmacies.com/en/products/loreal-elvive-hyaluron-moisture-hair-cream-200ml,AlFouad Pharmacies,Verify usage rights before commercial publication,غير مثبت,غير مثبت,مرجعي فقط — غير معتمد للنشر التجاري,بيانات مرجعية متاحة؛ يلزم تحقق PM,ضمن الفحص المبدئي
10569902096687,loreal-elvive-extraord-hair-cream-200ml,كريم شعر لوريال إلكفيف إكستراورديناري 200 مل,LOREAL PCD,العناية بالشعر,العناية بالشعر,1,بسيط,109551,260,78,182,,غير متاح لدى المصدر,https://cdn.shopify.com/s/files/1/0935/9550/0847/files/Loreal-Elvive-Extraord-Hair-Cream-200ML.webp?v=1754298106,منتج كريم شعر لوريال إلكفيف إكستراورديناري 200 مل من LOREAL PCD. التصنيف المرجعي: العناية بالشعر — بسيط. الوسوم المرجعية: Dry & Damadged Hair، Hair Care، Hair Concerns، Hair Cream.,https://alfouadpharmacies.com/en/products/loreal-elvive-extraord-hair-cream-200ml,AlFouad Pharmacies,Verify usage rights before commercial publication,غير مثبت,غير مثبت,مرجعي فقط — غير معتمد للنشر التجاري,بيانات مرجعية متاحة؛ يلزم تحقق PM,ضمن الفحص المبدئي
10569862840623,mink-hair-cream-125ml-almond,كريم شعر منك 125 مل باللوز,AlFouad Pharmacies,العناية بالشعر,العناية بالشعر,1,بسيط,0,27,8.1,18.9,,غير متاح لدى المصدر,https://cdn.shopify.com/s/files/1/0935/9550/0847/files/Mink-Hair-Cream-125ML-Almond.webp?v=1754298315,منتج كريم شعر منك 125 مل باللوز من AlFouad Pharmacies. التصنيف المرجعي: العناية بالشعر — بسيط. الوسوم المرجعية: Anti-Frizz، Hair Care، Hair Concerns، Hair Cream.,https://alfouadpharmacies.com/en/products/mink-hair-cream-125ml-almond,AlFouad Pharmacies,Verify usage rights before commercial publication,غير مثبت,غير مثبت,مرجعي فقط — غير معتمد للنشر التجاري,بيانات مرجعية متاحة؛ يلزم تحقق PM,ضمن الفحص المبدئي
10569863069999,mink-hair-cream-125ml-mink-oil,كريم شعر منك 125 مل زيت منك,AlFouad Pharmacies,العناية بالشعر,العناية بالشعر,1,بسيط,11438,27,8.1,18.9,,غير متاح لدى المصدر,https://cdn.shopify.com/s/files/1/0935/9550/0847/files/Mink-Hair-Cream-125ML-Mink-Oil.webp?v=1753904398,منتج كريم شعر منك 125 مل زيت منك من AlFouad Pharmacies. التصنيف المرجعي: العناية بالشعر — بسيط. الوسوم المرجعية: Anti-Frizz، Hair Care، Hair Concerns، Hair Cream.,https://alfouadpharmacies.com/en/products/mink-hair-cream-125ml-mink-oil,AlFouad Pharmacies,Verify usage rights before commercial publication,غير مثبت,غير مثبت,مرجعي فقط — غير معتمد للنشر التجاري,بيانات مرجعية متاحة؛ يلزم تحقق PM,ضمن الفحص المبدئي
10569863168303,mink-hair-cream-125ml-olive,كريم شعر منك 125 مل زيتون,AlFouad Pharmacies,العناية بالشعر,العناية بالشعر,1,بسيط,11307,27,8.1,18.9,,غير متاح لدى المصدر,https://cdn.shopify.com/s/files/1/0935/9550/0847/files/Mink-Hair-Cream-125ML-Olive.webp?v=1753904397,منتج كريم شعر منك 125 مل زيتون من AlFouad Pharmacies. التصنيف المرجعي: العناية بالشعر — بسيط. الوسوم المرجعية: Anti-Frizz، Hair Care، Hair Concerns، Hair Cream.,https://alfouadpharmacies.com/en/products/mink-hair-cream-125ml-olive,AlFouad Pharmacies,Verify usage rights before commercial publication,غير مثبت,غير مثبت,مرجعي فقط — غير معتمد للنشر التجاري,بيانات مرجعية متاحة؛ يلزم تحقق PM,ضمن الفحص المبدئي
10569862873391,mink-hair-cream-125ml-coconut,كريم شعر مينك 125 مل جوز الهند,AlFouad Pharmacies,العناية بالشعر,العناية بالشعر,1,بسيط,11272,27,8.1,18.9,,غير متاح لدى المصدر,https://cdn.shopify.com/s/files/1/0935/9550/0847/files/Mink-Hair-Cream-125ML-Coconut.webp?v=1753904401,منتج كريم شعر مينك 125 مل جوز الهند من AlFouad Pharmacies. التصنيف المرجعي: العناية بالشعر — بسيط. الوسوم المرجعية: Anti-Frizz، Hair Care، Hair Concerns، Hair Cream.,https://alfouadpharmacies.com/en/products/mink-hair-cream-125ml-coconut,AlFouad Pharmacies,Verify usage rights before commercial publication,غير مثبت,غير مثبت,مرجعي فقط — غير معتمد للنشر التجاري,بيانات مرجعية متاحة؛ يلزم تحقق PM,ضمن الفحص المبدئي
10569828794671,global-keratin-bombshell-leave-in-cream-100ml,كريم غلوبال كيراتين بومبشيل الذي يُترك على الشعر 100 مل,GK,العناية بالشعر,العناية بالشعر,1,بسيط,31278,310,93,217,,غير متاح لدى المصدر,https://cdn.shopify.com/s/files/1/0935/9550/0847/files/Global-Keratin-Bombshell-Leave-in-Cream-100ML.webp?v=1754298603,منتج كريم غلوبال كيراتين بومبشيل الذي يُترك على الشعر 100 مل من GK. التصنيف المرجعي: العناية بالشعر — بسيط. الوسوم المرجعية: Anti-Frizz، Dry & Damadged Hair، GK، Hair Care، Hair Concerns، Leave In Cream، Weak & Thin.,https://alfouadpharmacies.com/en/products/global-keratin-bombshell-leave-in-cream-100ml,AlFouad Pharmacies,Verify usage rights before commercial publication,غير مثبت,غير مثبت,مرجعي فقط — غير معتمد للنشر التجاري,بيانات مرجعية متاحة؛ يلزم تحقق PM,ضمن الفحص المبدئي
10569829056815,global-keratin-leave-in-cond-cream-130-ml,كريم غلوبال كيراتين يُترك على الشعر 130 مل,GK,العناية بالشعر,العناية بالشعر,1,بسيط,84763,1190,357,833,0,متاح لدى المصدر,https://cdn.shopify.com/s/files/1/0935/9550/0847/files/Global-Keratin-Leave-in-Cond-Cream-130-ml.webp?v=1754298601,منتج كريم غلوبال كيراتين يُترك على الشعر 130 مل من GK. التصنيف المرجعي: العناية بالشعر — بسيط. الوسوم المرجعية: Anti-Frizz، Dry & Damadged Hair، GK، Hair Care، Hair Concerns، Hair Cream، Leave In Cream.,https://alfouadpharmacies.com/en/products/global-keratin-leave-in-cond-cream-130-ml,AlFouad Pharmacies,Verify usage rights before commercial publication,غير مثبت,غير مثبت,مرجعي فقط — غير معتمد للنشر التجاري,بيانات مرجعية متاحة؛ يلزم تحقق PM,ضمن الفحص المبدئي
10569865167151,fiancee-hair-food-cream-with-olive-oil-125ml,كريم فيانسيه للعناية بالشعر بزيت الزيتون 125 مل,AlFouad Pharmacies,العناية بالشعر,العناية بالشعر,1,بسيط,84484,35,10.5,24.5,,غير متاح لدى المصدر,https://cdn.shopify.com/s/files/1/0935/9550/0847/files/Fiancee-Hair-Food-Cream-With-Olive-Oil-125ML.webp?v=1753904377,منتج كريم فيانسيه للعناية بالشعر بزيت الزيتون 125 مل من AlFouad Pharmacies. التصنيف المرجعي: العناية بالشعر — بسيط. الوسوم المرجعية: Hair Care، Hair Cream.,https://alfouadpharmacies.com/en/products/fiancee-hair-food-cream-with-olive-oil-125ml,AlFouad Pharmacies,Verify usage rights before commercial publication,غير مثبت,غير مثبت,مرجعي فقط — غير معتمد للنشر التجاري,بيانات مرجعية متاحة؛ يلزم تحقق PM,ضمن الفحص المبدئي
12689768513839,capixy-hair-cream-120ml,كريم كابيكسي للشعر 120 مل,CAPIXY,العناية بالشعر,العناية بالشعر,1,بسيط,20335,320,96,224,0,متاح لدى المصدر,https://cdn.shopify.com/s/files/1/0935/9550/0847/files/1_-_2026-07-28T113516.281.webp?v=1785227732,منتج كريم كابيكسي للشعر 120 مل من CAPIXY. التصنيف المرجعي: العناية بالشعر — بسيط. الوسوم المرجعية: Anti-Frizz، Hair Care، Hair Concerns، Hair Cream، Hair Loss.,https://alfouadpharmacies.com/en/products/capixy-hair-cream-120ml,AlFouad Pharmacies,Verify usage rights before commercial publication,غير مثبت,غير مثبت,مرجعي فقط — غير معتمد للنشر التجاري,بيانات مرجعية متاحة؛ يلزم تحقق PM,ضمن الفحص المبدئي
16055131734319,كريم-كانتو-بالأفوكادو-المرطب-لتصفيف-وتحديد-الشعر-الكيرلي-340-جم,كريم كانتو بالأفوكادو المرطب لتصفيف وتحديد الشعر الكيرلي 340 جم,cantu,العناية بالشعر,العناية بالشعر,1,كريم شعر ,7457,654,196.2,457.8,,متاح لدى المصدر,https://cdn.shopify.com/s/files/1/0935/9550/0847/files/Group2_24.webp?v=1784020400,منتج كريم كانتو بالأفوكادو المرطب لتصفيف وتحديد الشعر الكيرلي 340 جم من cantu. التصنيف المرجعي: العناية بالشعر — كريم شعر . الوسوم المرجعية: Curls Cream، Curly، Curly Hair، Curly Leave In Cream، Hair Care، Hair Concerns.,https://alfouadpharmacies.com/en/products/كريم-كانتو-بالأفوكادو-المرطب-لتصفيف-وتحديد-الشعر-الكيرلي-340-جم,AlFouad Pharmacies,Verify usage rights before commercial publication,غير مثبت,غير مثبت,مرجعي فقط — غير معتمد للنشر التجاري,بيانات مرجعية متاحة؛ يلزم تحقق PM,ضمن الفحص المبدئي
16093920985391,كريم-كانتو-للأطفال-ليف-إن-لتغذية-وتنعيم-الشعر-الكيرلي-283-جرام,كريم كانتو للأطفال ليف إن لتغذية وتنعيم الشعر الكيرلي 283 جرام,cantu,العناية بالشعر,العناية بالشعر,1,كريم ,94637,450,135,315,,متاح لدى المصدر,https://cdn.shopify.com/s/files/1/0935/9550/0847/files/Group1-2026-07-15T154903.169.webp?v=1784121071,منتج كريم كانتو للأطفال ليف إن لتغذية وتنعيم الشعر الكيرلي 283 جرام من cantu. التصنيف المرجعي: العناية بالشعر — كريم . الوسوم المرجعية: Curls Conditioner، Curly، Curly Conditioner، Curly Hair Cream، Curly Leave In Cream، Hair Care.,https://alfouadpharmacies.com/en/products/كريم-كانتو-للأطفال-ليف-إن-لتغذية-وتنعيم-الشعر-الكيرلي-283-جرام,AlFouad Pharmacies,Verify usage rights before commercial publication,غير مثبت,غير مثبت,مرجعي فقط — غير معتمد للنشر التجاري,بيانات مرجعية متاحة؛ يلزم تحقق PM,ضمن الفحص المبدئي
12689768382767,clary-hair-leave-in-cream-300gm,كريم كلاري للشعر يُترك على الشعر 300 غرام ,Clear,العناية بالشعر,العناية بالشعر,1,كريم للشعر ,9158,340,102,238,,متاح لدى المصدر,https://cdn.shopify.com/s/files/1/0935/9550/0847/files/1_6_735af2ae-6719-4abc-9150-3ff62ef3b46f.webp?v=1781948739,منتج كريم كلاري للشعر يُترك على الشعر 300 غرام  من Clear. التصنيف المرجعي: العناية بالشعر — كريم للشعر . الوسوم المرجعية: clary، Dry & Damadged Hair، Hair Care، Hair Concerns، Hair Cream، Leave In Cream.,https://alfouadpharmacies.com/en/products/clary-hair-leave-in-cream-300gm,AlFouad Pharmacies,Verify usage rights before commercial publication,غير مثبت,غير مثبت,مرجعي فقط — غير معتمد للنشر التجاري,بيانات مرجعية متاحة؛ يلزم تحقق PM,ضمن الفحص المبدئي
12689566531887,loreal-elviv-glycolic-gloss-cream-200ml,كريم لوريال إلفيف جليكوليك جلوس 200 مل,LOREAL PCD,العناية بالشعر,العناية بالشعر,1,,113325,273,81.9,191.1,,متاح لدى المصدر,https://cdn.shopify.com/s/files/1/0935/9550/0847/files/processed_product_image_17.webp?v=1771761517,منتج كريم لوريال إلفيف جليكوليك جلوس 200 مل من LOREAL PCD. التصنيف المرجعي: العناية بالشعر. الوسوم المرجعية: Dry & Damadged Hair، Hair Care، Hair Cream، Hair Defining & Volume.,https://alfouadpharmacies.com/en/products/loreal-elviv-glycolic-gloss-cream-200ml,AlFouad Pharmacies,Verify usage rights before commercial publication,غير مثبت,غير مثبت,مرجعي فقط — غير معتمد للنشر التجاري,بيانات مرجعية متاحة؛ يلزم تحقق PM,ضمن الفحص المبدئي
10569901310255,loreal-elvive-dream-long-hair-cream-200ml,كريم لوريال إلفيف دريم لونغ للشعر 200 مل,LOREAL PCD,العناية بالشعر,العناية بالشعر,1,بسيط,101022,260,78,182,,غير متاح لدى المصدر,https://cdn.shopify.com/s/files/1/0935/9550/0847/files/Loreal-Elvive-Dream-Long-Hair-Cream-200ML.webp?v=1754298122,منتج كريم لوريال إلفيف دريم لونغ للشعر 200 مل من LOREAL PCD. التصنيف المرجعي: العناية بالشعر — بسيط. الوسوم المرجعية: Hair Care، Hair Concerns، Hair Cream، Weak & Thin.,https://alfouadpharmacies.com/en/products/loreal-elvive-dream-long-hair-cream-200ml,AlFouad Pharmacies,Verify usage rights before commercial publication,غير مثبت,غير مثبت,مرجعي فقط — غير معتمد للنشر التجاري,بيانات مرجعية متاحة؛ يلزم تحقق PM,ضمن الفحص المبدئي
10569906782511,luna-oxy-20-cream-100ml,كريم لونا أوكسي 20، 100 مل,AlFouad Pharmacies,العناية بالشعر,العناية بالشعر,1,بسيط,105123,30,9,21,,متاح لدى المصدر,https://cdn.shopify.com/s/files/1/0935/9550/0847/files/Luna-Oxy-20-Cream-100ML.webp?v=1754298052,منتج كريم لونا أوكسي 20، 100 مل من AlFouad Pharmacies. التصنيف المرجعي: العناية بالشعر — بسيط. الوسوم المرجعية: Colored Hair، Hair Care، Hair Color، Hair Concerns.,https://alfouadpharmacies.com/en/products/luna-oxy-20-cream-100ml,AlFouad Pharmacies,Verify usage rights before commercial publication,غير مثبت,غير مثبت,مرجعي فقط — غير معتمد للنشر التجاري,بيانات مرجعية متاحة؛ يلزم تحقق PM,ضمن الفحص المبدئي
10569906815279,luna-oxy-30-cream-100ml,كريم لونا أوكسي 30، 100 مل,AlFouad Pharmacies,العناية بالشعر,العناية بالشعر,1,بسيط,104183,32,9.6,22.4,,متاح لدى المصدر,https://cdn.shopify.com/s/files/1/0935/9550/0847/files/Luna-Oxy-30-Cream-100ML.webp?v=1754298052,منتج كريم لونا أوكسي 30، 100 مل من AlFouad Pharmacies. التصنيف المرجعي: العناية بالشعر — بسيط. الوسوم المرجعية: Colored Hair، Hair Care، Hair Color، Hair Concerns.,https://alfouadpharmacies.com/en/products/luna-oxy-30-cream-100ml,AlFouad Pharmacies,Verify usage rights before commercial publication,غير مثبت,غير مثبت,مرجعي فقط — غير معتمد للنشر التجاري,بيانات مرجعية متاحة؛ يلزم تحقق PM,ضمن الفحص المبدئي
16103275299119,كريم-معالج-كانتو-جرو-سترونج-بزبدة-الشيا-لتقوية-الشعر-ومنع-التكسر,كريم معالج كانتو جرو سترونج بزبدة الشيا لتقوية الشعر ومنع التكسر,cantu,العناية بالشعر,العناية بالشعر,1,كريم شعر ,96296,460,138,322,,متاح لدى المصدر,https://cdn.shopify.com/s/files/1/0935/9550/0847/files/Group2_39.webp?v=1785243889,منتج كريم معالج كانتو جرو سترونج بزبدة الشيا لتقوية الشعر ومنع التكسر من cantu. التصنيف المرجعي: العناية بالشعر — كريم شعر . الوسوم المرجعية: CANTU، Curls Cream، Curly، Curly Hair، Curly Hair Cream، Curly Leave In Cream، Hair Care.,https://alfouadpharmacies.com/en/products/كريم-معالج-كانتو-جرو-سترونج-بزبدة-الشيا-لتقوية-الشعر-ومنع-التكسر,AlFouad Pharmacies,Verify usage rights before commercial publication,غير مثبت,غير مثبت,مرجعي فقط — غير معتمد للنشر التجاري,بيانات مرجعية متاحة؛ يلزم تحقق PM,ضمن الفحص المبدئي
10570011017519,nawah-hair-cream-200ml,كريم نواة للشعر 200 مل,NAWAH,العناية بالشعر,العناية بالشعر,1,بسيط,112952,250,75,175,,غير متاح لدى المصدر,https://cdn.shopify.com/s/files/1/0935/9550/0847/files/NAWAHHAIRCREAM200ML_11zon.webp?v=1789638203,منتج كريم نواة للشعر 200 مل من NAWAH. التصنيف المرجعي: العناية بالشعر — بسيط. الوسوم المرجعية: Dry & Damadged Hair، Hair Care، Hair Cream.,https://alfouadpharmacies.com/en/products/nawah-hair-cream-200ml,AlFouad Pharmacies,Verify usage rights before commercial publication,غير مثبت,غير مثبت,مرجعي فقط — غير معتمد للنشر التجاري,بيانات مرجعية متاحة؛ يلزم تحقق PM,ضمن الفحص المبدئي
10569846358319,hair-code-cream-140ml,كريم هير كود 140 مل، علبة حمراء,AlFouad Pharmacies,العناية بالشعر,العناية بالشعر,1,بسيط,89172,38,11.4,26.6,,متاح لدى المصدر,https://cdn.shopify.com/s/files/1/0935/9550/0847/files/Hair-Code-Cream-140ML-_D8_A8_D8_B1_D8_B7_D9_85_D8_A7_D9_86-_D8_A7_D8_AD_D9_85_D8_B1.webp?v=1754298467,منتج كريم هير كود 140 مل، علبة حمراء من AlFouad Pharmacies. التصنيف المرجعي: العناية بالشعر — بسيط. الوسوم المرجعية: Anti-Frizz، Hair Care، Hair Concerns، Hair Cream.,https://alfouadpharmacies.com/en/products/hair-code-cream-140ml,AlFouad Pharmacies,Verify usage rights before commercial publication,غير مثبت,غير مثبت,مرجعي فقط — غير معتمد للنشر التجاري,بيانات مرجعية متاحة؛ يلزم تحقق PM,ضمن الفحص المبدئي
10569815720239,youthair-cream-106-ml,كريم يوث اير 106 مل,AlFouad Pharmacies,العناية بالشعر,العناية بالشعر,1,بسيط,87605,360,108,252,,غير متاح لدى المصدر,https://cdn.shopify.com/s/files/1/0935/9550/0847/files/Youthair-Cream-106-ml.webp?v=1754298699,منتج كريم يوث اير 106 مل من AlFouad Pharmacies. التصنيف المرجعي: العناية بالشعر — بسيط. الوسوم المرجعية: Colored Hair، Hair Care، Hair Color، Hair Concerns، Hair Cream.,https://alfouadpharmacies.com/en/products/youthair-cream-106-ml,AlFouad Pharmacies,Verify usage rights before commercial publication,غير مثبت,غير مثبت,مرجعي فقط — غير معتمد للنشر التجاري,بيانات مرجعية متاحة؛ يلزم تحقق PM,ضمن الفحص المبدئي
10569844982063,dabur-amla-hair-cream-125ml-protein,كريمة دابور أملا للشعر 125 مل بروتين,AlFouad Pharmacies,العناية بالشعر,العناية بالشعر,1,بسيط,111293,84,25.2,58.8,,متاح لدى المصدر,https://cdn.shopify.com/s/files/1/0935/9550/0847/files/Dabur-Amla-Hair-Cream-125ML-Protein.webp?v=1754298485,منتج كريمة دابور أملا للشعر 125 مل بروتين من AlFouad Pharmacies. التصنيف المرجعي: العناية بالشعر — بسيط. الوسوم المرجعية: Anti-Frizz، Hair Care، Hair Concerns، Hair Cream.,https://alfouadpharmacies.com/en/products/dabur-amla-hair-cream-125ml-protein,AlFouad Pharmacies,Verify usage rights before commercial publication,غير مثبت,غير مثبت,مرجعي فقط — غير معتمد للنشر التجاري,بيانات مرجعية متاحة؛ يلزم تحقق PM,ضمن الفحص المبدئي
10569862644015,every-strand-sheaampcoconut-curl-defining-425ml,كل خصلة شعر، زبدة الشيا والأفوكادو، لتحديد تجعيدات الشعر، 425 مل,AlFouad Pharmacies,العناية بالشعر,العناية بالشعر,1,بسيط,111340,724.9,217.47,507.43,,متاح لدى المصدر,https://cdn.shopify.com/s/files/1/0935/9550/0847/files/Every-Strand-SheaCoconut-Curl-Defining-425ML.webp?v=1754298317,منتج كل خصلة شعر، زبدة الشيا والأفوكادو، لتحديد تجعيدات الشعر، 425 مل من AlFouad Pharmacies. التصنيف المرجعي: العناية بالشعر — بسيط. الوسوم المرجعية: Anti-Frizz، Curly Hair، Curly Leave In Cream، Hair Care، Hair Concerns.,https://alfouadpharmacies.com/en/products/every-strand-sheaampcoconut-curl-defining-425ml,AlFouad Pharmacies,Verify usage rights before commercial publication,غير مثبت,غير مثبت,مرجعي فقط — غير معتمد للنشر التجاري,بيانات مرجعية متاحة؛ يلزم تحقق PM,ضمن الفحص المبدئي
10569862742319,every-strand-sheaampcoconut-deep-moist-425ml,كل خصلة شيا وزبدة جوز الهند ترطيب عميق 425 مل,AlFouad Pharmacies,العناية بالشعر,العناية بالشعر,1,بسيط,106702,724.9,217.47,507.43,,متاح لدى المصدر,https://cdn.shopify.com/s/files/1/0935/9550/0847/files/Every-Strand-SheaCoconut-Deep-Moist-425ML.webp?v=1754298315,منتج كل خصلة شيا وزبدة جوز الهند ترطيب عميق 425 مل من AlFouad Pharmacies. التصنيف المرجعي: العناية بالشعر — بسيط. الوسوم المرجعية: Deep Repair، Hair Care، Hair Concerns، Hair Mask.,https://alfouadpharmacies.com/en/products/every-strand-sheaampcoconut-deep-moist-425ml,AlFouad Pharmacies,Verify usage rights before commercial publication,غير مثبت,غير مثبت,مرجعي فقط — غير معتمد للنشر التجاري,بيانات مرجعية متاحة؛ يلزم تحقق PM,ضمن الفحص المبدئي
10569862054191,every-strand-con-399ml-argan,كل خصلة كون 399 مل أرغان,AlFouad Pharmacies,العناية بالشعر,العناية بالشعر,1,بسيط,21635,534.9,160.47,374.43,,متاح لدى المصدر,https://cdn.shopify.com/s/files/1/0935/9550/0847/files/Every-Strand-Con-399ML-Argan.webp?v=1754298322,منتج كل خصلة كون 399 مل أرغان من AlFouad Pharmacies. التصنيف المرجعي: العناية بالشعر — بسيط. الوسوم المرجعية: Dry & Damadged Hair، Hair Care، Hair Concerns، Hair Conditioner.,https://alfouadpharmacies.com/en/products/every-strand-con-399ml-argan,AlFouad Pharmacies,Verify usage rights before commercial publication,غير مثبت,غير مثبت,مرجعي فقط — غير معتمد للنشر التجاري,بيانات مرجعية متاحة؛ يلزم تحقق PM,ضمن الفحص المبدئي
10569862185263,every-strand-con-399ml-shea-ampcoconut,كل خصلة كون 399 مل زبدة الشيا وجوز الهند,AlFouad Pharmacies,العناية بالشعر,العناية بالشعر,1,بسيط,21295,449.9,134.97,314.93,,غير متاح لدى المصدر,https://cdn.shopify.com/s/files/1/0935/9550/0847/files/Every-Strand-Con-399ML-Shea-Coconut.webp?v=1754298320,منتج كل خصلة كون 399 مل زبدة الشيا وجوز الهند من AlFouad Pharmacies. التصنيف المرجعي: العناية بالشعر — بسيط. الوسوم المرجعية: Dry & Damadged Hair، Hair Care، Hair Concerns، Hair Conditioner.,https://alfouadpharmacies.com/en/products/every-strand-con-399ml-shea-ampcoconut,AlFouad Pharmacies,Verify usage rights before commercial publication,غير مثبت,غير مثبت,مرجعي فقط — غير معتمد للنشر التجاري,بيانات مرجعية متاحة؛ يلزم تحقق PM,ضمن الفحص المبدئي
10569862119727,every-strand-con-399ml-keratineampaloe,كل خصلة كون 399 مل كيراتين وألوة,AlFouad Pharmacies,العناية بالشعر,العناية بالشعر,1,بسيط,21843,494.9,148.47,346.43,,متاح لدى المصدر,https://cdn.shopify.com/s/files/1/0935/9550/0847/files/Every-Strand-Con-399ML-KeratineAloe.webp?v=1754298321,منتج كل خصلة كون 399 مل كيراتين وألوة من AlFouad Pharmacies. التصنيف المرجعي: العناية بالشعر — بسيط. الوسوم المرجعية: Dry & Damadged Hair، Hair Care، Hair Concerns، Hair Conditioner.,https://alfouadpharmacies.com/en/products/every-strand-con-399ml-keratineampaloe,AlFouad Pharmacies,Verify usage rights before commercial publication,غير مثبت,غير مثبت,مرجعي فقط — غير معتمد للنشر التجاري,بيانات مرجعية متاحة؛ يلزم تحقق PM,ضمن الفحص المبدئي
16172152914223,كورس-روتين-إنبات-وحماية-الشعر-المتكامل,كورس روتين إنبات وحماية الشعر المتكامل,Bundle,العناية بالشعر,العناية بالشعر,1,كورس روتين إنبات وحماية الشعر المتكامل,118180,4449,1334.7,3114.3,4620,متاح لدى المصدر,https://cdn.shopify.com/s/files/1/0935/9550/0847/files/hair_care_set_1615_web.webp?v=1789481795,منتج كورس روتين إنبات وحماية الشعر المتكامل من Bundle. التصنيف المرجعي: العناية بالشعر — كورس روتين إنبات وحماية الشعر المتكامل. الوسوم المرجعية: Bundle، Hair Care، Hair Concerns.,https://alfouadpharmacies.com/en/products/كورس-روتين-إنبات-وحماية-الشعر-المتكامل,AlFouad Pharmacies,Verify usage rights before commercial publication,غير مثبت,غير مثبت,مرجعي فقط — غير معتمد للنشر التجاري,بيانات مرجعية متاحة؛ يلزم تحقق PM,ضمن الفحص المبدئي
16045957382447,كيراستاس-ديسبلين-أوليو-ريلاكس-زيت-للشعر-75-مل,كيراستاس ديسبلين أوليو ريلاكس زيت للشعر 75 مل,Kerastase,العناية بالشعر,العناية بالشعر,1,سيرم للشعر ,113574,3140,942,2198,,متاح لدى المصدر,https://cdn.shopify.com/s/files/1/0935/9550/0847/files/Kerastase_Discipline_Oleo-Relax_Advanced_Hair_Oil_75ml.webp?v=1786365093,منتج كيراستاس ديسبلين أوليو ريلاكس زيت للشعر 75 مل من Kerastase. التصنيف المرجعي: العناية بالشعر — سيرم للشعر . الوسوم المرجعية: Hair Care، Kerastase.,https://alfouadpharmacies.com/en/products/كيراستاس-ديسبلين-أوليو-ريلاكس-زيت-للشعر-75-مل,AlFouad Pharmacies,Verify usage rights before commercial publication,غير مثبت,غير مثبت,مرجعي فقط — غير معتمد للنشر التجاري,بيانات مرجعية متاحة؛ يلزم تحقق PM,ضمن الفحص المبدئي
16046029537583,كيراستاس-ديسبلين-ماسك-أوليو-ريلاكس-للشعر-200-مل,كيراستاس ديسبلين ماسك أوليو ريلاكس للشعر 200 مل,Kerastase,العناية بالشعر,العناية بالشعر,1,عنايه بالشعر ,31304,3250,975,2275,,غير متاح لدى المصدر,https://cdn.shopify.com/s/files/1/0935/9550/0847/files/Kerastase_Discipline_Masque_Oleo-Relax_Hair_Mask_200ml.webp?v=1786365264,منتج كيراستاس ديسبلين ماسك أوليو ريلاكس للشعر 200 مل من Kerastase. التصنيف المرجعي: العناية بالشعر — عنايه بالشعر . الوسوم المرجعية: Hair Care، Kerastase.,https://alfouadpharmacies.com/en/products/كيراستاس-ديسبلين-ماسك-أوليو-ريلاكس-للشعر-200-مل,AlFouad Pharmacies,Verify usage rights before commercial publication,غير مثبت,غير مثبت,مرجعي فقط — غير معتمد للنشر التجاري,بيانات مرجعية متاحة؛ يلزم تحقق PM,ضمن الفحص المبدئي
16046411579695,كيراستاس-دينسيفيك-ماسك-دينسيتي-لزيادة-كثافة-الشعر-200-مل,كيراستاس دينسيفيك ماسك دينسيتي لزيادة كثافة الشعر 200 مل,Kerastase,العناية بالشعر,العناية بالشعر,1,ماسك للشعر ,101878,2500,750,1750,,غير متاح لدى المصدر,https://cdn.shopify.com/s/files/1/0935/9550/0847/files/Kerastase_Densifique_Masque_Densite_Hair_Mask_200ml.webp?v=1786365805,منتج كيراستاس دينسيفيك ماسك دينسيتي لزيادة كثافة الشعر 200 مل من Kerastase. التصنيف المرجعي: العناية بالشعر — ماسك للشعر . الوسوم المرجعية: Hair Care، Kerastase.,https://alfouadpharmacies.com/en/products/كيراستاس-دينسيفيك-ماسك-دينسيتي-لزيادة-كثافة-الشعر-200-مل,AlFouad Pharmacies,Verify usage rights before commercial publication,غير مثبت,غير مثبت,مرجعي فقط — غير معتمد للنشر التجاري,بيانات مرجعية متاحة؛ يلزم تحقق PM,ضمن الفحص المبدئي
16046216741167,كيراستاس-ريزيستانس-باين-إكستنسيونيست-شامبو-تقوية-وإطالة-الشعر-250-مل,كيراستاس ريزيستانس باين إكستنسيونيست شامبو تقوية وإطالة الشعر 250 مل,Kerastase,العناية بالشعر,العناية بالشعر,1,شامبو,3414,2025,607.5,1417.5,,غير متاح لدى المصدر,https://cdn.shopify.com/s/files/1/0935/9550/0847/files/Kerastase_Resistance_Bain_Extentioniste_Length_Strengthening_Shampoo_250ml.webp?v=1786364929,منتج كيراستاس ريزيستانس باين إكستنسيونيست شامبو تقوية وإطالة الشعر 250 مل من Kerastase. التصنيف المرجعي: العناية بالشعر — شامبو. الوسوم المرجعية: Hair Care، Kerastase.,https://alfouadpharmacies.com/en/products/كيراستاس-ريزيستانس-باين-إكستنسيونيست-شامبو-تقوية-وإطالة-الشعر-250-مل,AlFouad Pharmacies,Verify usage rights before commercial publication,غير مثبت,غير مثبت,مرجعي فقط — غير معتمد للنشر التجاري,بيانات مرجعية متاحة؛ يلزم تحقق PM,ضمن الفحص المبدئي
16046201176367,كيراستاس-ريزيستانس-باين-فورس-أركيتيكت-شامبو-لإصلاح-الشعر-التالف-250-مل,كيراستاس ريزيستانس باين فورس أركيتيكت شامبو لإصلاح الشعر التالف 250 مل,Kerastase,العناية بالشعر,العناية بالشعر,1,شامبو,105521,2025,607.5,1417.5,,متاح لدى المصدر,https://cdn.shopify.com/s/files/1/0935/9550/0847/files/Kerastase_Resistance_Bain_Force_Architecte_Shampoo_250ml.webp?v=1786364576,منتج كيراستاس ريزيستانس باين فورس أركيتيكت شامبو لإصلاح الشعر التالف 250 مل من Kerastase. التصنيف المرجعي: العناية بالشعر — شامبو. الوسوم المرجعية: Hair Care، Kerastase.,https://alfouadpharmacies.com/en/products/كيراستاس-ريزيستانس-باين-فورس-أركيتيكت-شامبو-لإصلاح-الشعر-التالف-250-مل,AlFouad Pharmacies,Verify usage rights before commercial publication,غير مثبت,غير مثبت,مرجعي فقط — غير معتمد للنشر التجاري,بيانات مرجعية متاحة؛ يلزم تحقق PM,ضمن الفحص المبدئي
16046271660335,كيراستاس-ريزيستانس-سيروم-ثيرابيست-لإصلاح-الشعر-التالف-30-مل,كيراستاس ريزيستانس سيروم ثيرابيست لإصلاح الشعر التالف 30 مل,Kerastase,العناية بالشعر,العناية بالشعر,1,سيرم ,105592,2985,895.5,2089.5,,متاح لدى المصدر,https://cdn.shopify.com/s/files/1/0935/9550/0847/files/Kerastase_Resistance_Serum_Therapiste_Leave-In_Hair_Serum_30ml.webp?v=1786363645,منتج كيراستاس ريزيستانس سيروم ثيرابيست لإصلاح الشعر التالف 30 مل من Kerastase. التصنيف المرجعي: العناية بالشعر — سيرم . الوسوم المرجعية: Hair Care، Kerastase.,https://alfouadpharmacies.com/en/products/كيراستاس-ريزيستانس-سيروم-ثيرابيست-لإصلاح-الشعر-التالف-30-مل,AlFouad Pharmacies,Verify usage rights before commercial publication,غير مثبت,غير مثبت,مرجعي فقط — غير معتمد للنشر التجاري,بيانات مرجعية متاحة؛ يلزم تحقق PM,ضمن الفحص المبدئي
16046304624943,كيراستاس-ريزيستانس-فوندان-إكستانسيونيست-بلسم-لتقوية-وإطالة-الشعر-200-مل,كيراستاس ريزيستانس فوندان إكستانسيونيست بلسم لتقوية وإطالة الشعر 200 مل,Kerastase,العناية بالشعر,العناية بالشعر,1,بلسم للشعر ,24164,2550,765,1785,,متاح لدى المصدر,https://cdn.shopify.com/s/files/1/0935/9550/0847/files/kerastase_resistance_fondant_extentioniste_same_1615.webp?v=1783258233,منتج كيراستاس ريزيستانس فوندان إكستانسيونيست بلسم لتقوية وإطالة الشعر 200 مل من Kerastase. التصنيف المرجعي: العناية بالشعر — بلسم للشعر . الوسوم المرجعية: Hair Care، Kerastase.,https://alfouadpharmacies.com/en/products/كيراستاس-ريزيستانس-فوندان-إكستانسيونيست-بلسم-لتقوية-وإطالة-الشعر-200-مل,AlFouad Pharmacies,Verify usage rights before commercial publication,غير مثبت,غير مثبت,مرجعي فقط — غير معتمد للنشر التجاري,بيانات مرجعية متاحة؛ يلزم تحقق PM,ضمن الفحص المبدئي
16046177321263,كيراستاس-كروما-أبسولو-باين-ريش-كروما-ريسبكت-شامبو-للشعر-المصبوغ-250-مل,كيراستاس كروما أبسولو باين ريش كروما ريسبكت شامبو للشعر المصبوغ 250 مل,Kerastase,العناية بالشعر,العناية بالشعر,1,شامبو ,107926,2025,607.5,1417.5,,متاح لدى المصدر,https://cdn.shopify.com/s/files/1/0935/9550/0847/files/Kerastase_Chroma_Absolu_Bain_Riche_Chroma_Respect_Shampoo_250ml.webp?v=1786348662,منتج كيراستاس كروما أبسولو باين ريش كروما ريسبكت شامبو للشعر المصبوغ 250 مل من Kerastase. التصنيف المرجعي: العناية بالشعر — شامبو . الوسوم المرجعية: Hair Care، Kerastase.,https://alfouadpharmacies.com/en/products/كيراستاس-كروما-أبسولو-باين-ريش-كروما-ريسبكت-شامبو-للشعر-المصبوغ-250-مل,AlFouad Pharmacies,Verify usage rights before commercial publication,غير مثبت,غير مثبت,مرجعي فقط — غير معتمد للنشر التجاري,بيانات مرجعية متاحة؛ يلزم تحقق PM,ضمن الفحص المبدئي
16045968425263,كيراستاس-كيرل-مانيفستو-بان-هيدراتاسيون-دوسور-شامبو-للشعر-الكيرلي-250-مل,كيراستاس كيرل مانيفستو بان هيدراتاسيون دوسور شامبو للشعر الكيرلي 250 مل,Kerastase,العناية بالشعر,العناية بالشعر,1,شامبو للشعر ,100049,2025,607.5,1417.5,,متاح لدى المصدر,https://cdn.shopify.com/s/files/1/0935/9550/0847/files/Kerastase_Curl_Manifesto_Bain_Hydratation_Douceur_Shampoo_250ml.webp?v=1786349043,منتج كيراستاس كيرل مانيفستو بان هيدراتاسيون دوسور شامبو للشعر الكيرلي 250 مل من Kerastase. التصنيف المرجعي: العناية بالشعر — شامبو للشعر . الوسوم المرجعية: Hair Care، Kerastase.,https://alfouadpharmacies.com/en/products/كيراستاس-كيرل-مانيفستو-بان-هيدراتاسيون-دوسور-شامبو-للشعر-الكيرلي-250-مل,AlFouad Pharmacies,Verify usage rights before commercial publication,غير مثبت,غير مثبت,مرجعي فقط — غير معتمد للنشر التجاري,بيانات مرجعية متاحة؛ يلزم تحقق PM,ضمن الفحص المبدئي
16046055751983,كيراستاس-كيرل-مانيفستو-ماسك-بيور-أوت-نيوتريشن-للشعر-الكيرلي-200-مل,كيراستاس كيرل مانيفستو ماسك بيور أوت نيوتريشن للشعر الكيرلي 200 مل,Kerastase,العناية بالشعر,العناية بالشعر,1,ماسك للشعر ,10695,3250,975,2275,,متاح لدى المصدر,https://cdn.shopify.com/s/files/1/0935/9550/0847/files/Kerastase_Curl_Manifesto_Masque_Beurre_Haute_Nutrition_Hair_Mask_200ml.webp?v=1786355006,منتج كيراستاس كيرل مانيفستو ماسك بيور أوت نيوتريشن للشعر الكيرلي 200 مل من Kerastase. التصنيف المرجعي: العناية بالشعر — ماسك للشعر . الوسوم المرجعية: Hair Care، Kerastase.,https://alfouadpharmacies.com/en/products/كيراستاس-كيرل-مانيفستو-ماسك-بيور-أوت-نيوتريشن-للشعر-الكيرلي-200-مل,AlFouad Pharmacies,Verify usage rights before commercial publication,غير مثبت,غير مثبت,مرجعي فقط — غير معتمد للنشر التجاري,بيانات مرجعية متاحة؛ يلزم تحقق PM,ضمن الفحص المبدئي
16045936312623,كيراستاس-كيرلي-مانيفستو-كريم-دي-جور-فوندامنتال-ليف-إن-كريم-150-مل,كيراستاس كيرلي مانيفستو كريم دي جور فوندامنتال ليف إن كريم 150 مل,Kerastase,العناية بالشعر,العناية بالشعر,1,كريم شعر ,87045,1885,565.5,1319.5,,غير متاح لدى المصدر,https://cdn.shopify.com/s/files/1/0935/9550/0847/files/kerastase-curl-manifesto-creme-de-jour-fondamentale-leave-in-cream-150ml-787758.webp?v=1783246997,منتج كيراستاس كيرلي مانيفستو كريم دي جور فوندامنتال ليف إن كريم 150 مل من Kerastase. التصنيف المرجعي: العناية بالشعر — كريم شعر . الوسوم المرجعية: Hair Care، Kerastase.,https://alfouadpharmacies.com/en/products/كيراستاس-كيرلي-مانيفستو-كريم-دي-جور-فوندامنتال-ليف-إن-كريم-150-مل,AlFouad Pharmacies,Verify usage rights before commercial publication,غير مثبت,غير مثبت,مرجعي فقط — غير معتمد للنشر التجاري,بيانات مرجعية متاحة؛ يلزم تحقق PM,ضمن الفحص المبدئي
10569900228911,loreal-excellence-7-blonde,لو هير إكسيلانس 7 (شقراء),LOREAL COLOR,العناية بالشعر,العناية بالشعر,1,بسيط,94620,370,111,259,,متاح لدى المصدر,https://cdn.shopify.com/s/files/1/0935/9550/0847/files/Loreal-Excellence-7-Blonde.webp?v=1754298138,منتج لو هير إكسيلانس 7 (شقراء) من LOREAL COLOR. التصنيف المرجعي: العناية بالشعر — بسيط. الوسوم المرجعية: Colored Hair، Hair Care، Hair Color، Hair Concerns.,https://alfouadpharmacies.com/en/products/loreal-excellence-7-blonde,AlFouad Pharmacies,Verify usage rights before commercial publication,غير مثبت,غير مثبت,مرجعي فقط — غير معتمد للنشر التجاري,بيانات مرجعية متاحة؛ يلزم تحقق PM,ضمن الفحص المبدئي
10569900458287,loreal-excellence-81-light-ash-blonde,لو هير إكسيلانس 8.1 (شقراء رمادية فاتحة),LOREAL COLOR,العناية بالشعر,العناية بالشعر,1,بسيط,94622,430,129,301,,متاح لدى المصدر,https://cdn.shopify.com/s/files/1/0935/9550/0847/files/Loreal-Excellence-8.1-Light-Ash-Blonde.webp?v=1754298135,منتج لو هير إكسيلانس 8.1 (شقراء رمادية فاتحة) من LOREAL COLOR. التصنيف المرجعي: العناية بالشعر — بسيط. الوسوم المرجعية: Colored Hair، Hair Care، Hair Color، Hair Concerns.,https://alfouadpharmacies.com/en/products/loreal-excellence-81-light-ash-blonde,AlFouad Pharmacies,Verify usage rights before commercial publication,غير مثبت,غير مثبت,مرجعي فقط — غير معتمد للنشر التجاري,بيانات مرجعية متاحة؛ يلزم تحقق PM,ضمن الفحص المبدئي
10569901146415,loreal-prodigy-80-light-blonde,لو هير بروديجى 8.0 (شقراء فاتحة),LOREAL COLOR,العناية بالشعر,العناية بالشعر,1,بسيط,103924,450,135,315,,متاح لدى المصدر,https://cdn.shopify.com/s/files/1/0935/9550/0847/files/Loreal-Prodigy-8.0-Light-Blonde.webp?v=1754298125,منتج لو هير بروديجى 8.0 (شقراء فاتحة) من LOREAL COLOR. التصنيف المرجعي: العناية بالشعر — بسيط. الوسوم المرجعية: Colored Hair، Hair Care، Hair Color، Hair Concerns.,https://alfouadpharmacies.com/en/products/loreal-prodigy-80-light-blonde,AlFouad Pharmacies,Verify usage rights before commercial publication,غير مثبت,غير مثبت,مرجعي فقط — غير معتمد للنشر التجاري,بيانات مرجعية متاحة؛ يلزم تحقق PM,ضمن الفحص المبدئي
10569900720431,loreal-prodigy-21-ash-black,لو هير بروديجي 2.1 (أسود رمادي),LOREAL COLOR,العناية بالشعر,العناية بالشعر,1,بسيط,10448,450,135,315,,متاح لدى المصدر,https://cdn.shopify.com/s/files/1/0935/9550/0847/files/Loreal-Prodigy-2.1-Ash-Black.webp?v=1754298132,منتج لو هير بروديجي 2.1 (أسود رمادي) من LOREAL COLOR. التصنيف المرجعي: العناية بالشعر — بسيط. الوسوم المرجعية: Colored Hair، Hair Care، Hair Color، Hair Concerns.,https://alfouadpharmacies.com/en/products/loreal-prodigy-21-ash-black,AlFouad Pharmacies,Verify usage rights before commercial publication,غير مثبت,غير مثبت,مرجعي فقط — غير معتمد للنشر التجاري,بيانات مرجعية متاحة؛ يلزم تحقق PM,ضمن الفحص المبدئي
10569900818735,loreal-prodigy-415-frosted-brown,لو هير بروديجي 4.15 (براون مزركش),LOREAL COLOR,العناية بالشعر,العناية بالشعر,1,بسيط,108125,450,135,315,,متاح لدى المصدر,https://cdn.shopify.com/s/files/1/0935/9550/0847/files/Loreal-Prodigy-4.15-Frosted-Brown.webp?v=1754298130,منتج لو هير بروديجي 4.15 (براون مزركش) من LOREAL COLOR. التصنيف المرجعي: العناية بالشعر — بسيط. الوسوم المرجعية: Colored Hair، Hair Care، Hair Color، Hair Concerns.,https://alfouadpharmacies.com/en/products/loreal-prodigy-415-frosted-brown,AlFouad Pharmacies,Verify usage rights before commercial publication,غير مثبت,غير مثبت,مرجعي فقط — غير معتمد للنشر التجاري,بيانات مرجعية متاحة؛ يلزم تحقق PM,ضمن الفحص المبدئي
10569900982575,loreal-prodigy-632-dark-golden-blonde,لو هير بروديجي 6.32 (شقراء ذهبية داكنة),LOREAL COLOR,العناية بالشعر,العناية بالشعر,1,بسيط,108126,450,135,315,,متاح لدى المصدر,https://cdn.shopify.com/s/files/1/0935/9550/0847/files/Loreal-Prodigy-6.32-Dark-Golden-Blonde.webp?v=1754298127,منتج لو هير بروديجي 6.32 (شقراء ذهبية داكنة) من LOREAL COLOR. التصنيف المرجعي: العناية بالشعر — بسيط. الوسوم المرجعية: Colored Hair، Hair Care، Hair Color، Hair Concerns.,https://alfouadpharmacies.com/en/products/loreal-prodigy-632-dark-golden-blonde,AlFouad Pharmacies,Verify usage rights before commercial publication,غير مثبت,غير مثبت,مرجعي فقط — غير معتمد للنشر التجاري,بيانات مرجعية متاحة؛ يلزم تحقق PM,ضمن الفحص المبدئي
10569901179183,loreal-prodigy-81-light-ash-blonde,لو هير بروديجي 8.1 (شقراء رمادية فاتحة),LOREAL COLOR,العناية بالشعر,العناية بالشعر,1,بسيط,108784,450,135,315,,متاح لدى المصدر,https://cdn.shopify.com/s/files/1/0935/9550/0847/files/Loreal-Prodigy-8.1-Light-Ash-Blonde.webp?v=1754298124,منتج لو هير بروديجي 8.1 (شقراء رمادية فاتحة) من LOREAL COLOR. التصنيف المرجعي: العناية بالشعر — بسيط. الوسوم المرجعية: Colored Hair، Hair Care، Hair Color، Hair Concerns.,https://alfouadpharmacies.com/en/products/loreal-prodigy-81-light-ash-blonde,AlFouad Pharmacies,Verify usage rights before commercial publication,غير مثبت,غير مثبت,مرجعي فقط — غير معتمد للنشر التجاري,بيانات مرجعية متاحة؛ يلزم تحقق PM,ضمن الفحص المبدئي
10569899802927,loreal-casting-creme-no700-blonde,لو هير كاستينغ كريم رقم 700 (شقراء),LOREAL COLOR,العناية بالشعر,العناية بالشعر,1,بسيط,82111,495,148.5,346.5,,متاح لدى المصدر,https://cdn.shopify.com/s/files/1/0935/9550/0847/files/Loreal-Casting-Creme-NO.700-Blonde.webp?v=1754298144,منتج لو هير كاستينغ كريم رقم 700 (شقراء) من LOREAL COLOR. التصنيف المرجعي: العناية بالشعر — بسيط. الوسوم المرجعية: Colored Hair، Hair Care، Hair Color، Hair Concerns.,https://alfouadpharmacies.com/en/products/loreal-casting-creme-no700-blonde,AlFouad Pharmacies,Verify usage rights before commercial publication,غير مثبت,غير مثبت,مرجعي فقط — غير معتمد للنشر التجاري,بيانات مرجعية متاحة؛ يلزم تحقق PM,ضمن الفحص المبدئي
10569900622127,loreal-excellence-912-cool-pearl-vl-blond,لو هير لوريال إكستنس 9.12 (بلون بيلور بارد جداً),LOREAL COLOR,العناية بالشعر,العناية بالشعر,1,بسيط,97498,370,111,259,,متاح لدى المصدر,https://cdn.shopify.com/s/files/1/0935/9550/0847/files/Loreal-Excellence-9.12-Cool-Pearl-V.L-Blond.webp?v=1754298133,منتج لو هير لوريال إكستنس 9.12 (بلون بيلور بارد جداً) من LOREAL COLOR. التصنيف المرجعي: العناية بالشعر — بسيط. الوسوم المرجعية: Colored Hair، Hair Care، Hair Color، Hair Concerns.,https://alfouadpharmacies.com/en/products/loreal-excellence-912-cool-pearl-vl-blond,AlFouad Pharmacies,Verify usage rights before commercial publication,غير مثبت,غير مثبت,مرجعي فقط — غير معتمد للنشر التجاري,بيانات مرجعية متاحة؛ يلزم تحقق PM,ضمن الفحص المبدئي
10569900359983,loreal-excellence-717-ash-blonde,لو هير لوريال إكسيلانس 7.17 (شقراء رمادية),LOREAL COLOR,العناية بالشعر,العناية بالشعر,1,بسيط,80607,370,111,259,,متاح لدى المصدر,https://cdn.shopify.com/s/files/1/0935/9550/0847/files/Loreal-Excellence-7.17-Ash-Blonde.webp?v=1754298137,منتج لو هير لوريال إكسيلانس 7.17 (شقراء رمادية) من LOREAL COLOR. التصنيف المرجعي: العناية بالشعر — بسيط. الوسوم المرجعية: Colored Hair، Hair Care، Hair Color، Hair Concerns.,https://alfouadpharmacies.com/en/products/loreal-excellence-717-ash-blonde,AlFouad Pharmacies,Verify usage rights before commercial publication,غير مثبت,غير مثبت,مرجعي فقط — غير معتمد للنشر التجاري,بيانات مرجعية متاحة؛ يلزم تحقق PM,ضمن الفحص المبدئي
10569837773103,loreal-prof-curl-expr-cream-200ml,لو هير لوريال كريم لتصفيف الشعر المجعد 200 مل,LOREAL PROF,العناية بالشعر,العناية بالشعر,1,بسيط,24174,1092,327.6,764.4,0,غير متاح لدى المصدر,https://cdn.shopify.com/s/files/1/0935/9550/0847/files/Loreal-Prof.-Curl-Expr.-Cream-200ML.webp?v=1754298535,منتج لو هير لوريال كريم لتصفيف الشعر المجعد 200 مل من LOREAL PROF. التصنيف المرجعي: العناية بالشعر — بسيط. الوسوم المرجعية: Anti-Frizz، Curly Hair، Curly Leave In Cream، Hair Care، Hair Concerns، Hair Defining & Volume.,https://alfouadpharmacies.com/en/products/loreal-prof-curl-expr-cream-200ml,AlFouad Pharmacies,Verify usage rights before commercial publication,غير مثبت,غير مثبت,مرجعي فقط — غير معتمد للنشر التجاري,بيانات مرجعية متاحة؛ يلزم تحقق PM,ضمن الفحص المبدئي
10569837805871,loreal-prof-curl-expr-cream-in-mousse-250ml,لو هير لوريال كريم موس لتصفيف الشعر 250 مل,LOREAL PROF,العناية بالشعر,العناية بالشعر,1,بسيط,24191,1100,330,770,0,غير متاح لدى المصدر,https://cdn.shopify.com/s/files/1/0935/9550/0847/files/Loreal-Prof.-Curl-Expr.-Cream-in-Mousse-250ML.webp?v=1754298534,منتج لو هير لوريال كريم موس لتصفيف الشعر 250 مل من LOREAL PROF. التصنيف المرجعي: العناية بالشعر — بسيط. الوسوم المرجعية: Anti-Frizz، Curl Activator، Curly Hair، Hair Care، Hair Concerns، Hair Defining & Volume، Hair Spray.,https://alfouadpharmacies.com/en/products/loreal-prof-curl-expr-cream-in-mousse-250ml,AlFouad Pharmacies,Verify usage rights before commercial publication,غير مثبت,غير مثبت,مرجعي فقط — غير معتمد للنشر التجاري,بيانات مرجعية متاحة؛ يلزم تحقق PM,ضمن الفحص المبدئي
10569899933999,loreal-excellence-3-dark-brown,لو هيرال إكسيلانس 3 (بني داكن),LOREAL COLOR,العناية بالشعر,العناية بالشعر,1,بسيط,94611,370,111,259,,متاح لدى المصدر,https://cdn.shopify.com/s/files/1/0935/9550/0847/files/Loreal-Excellence-3-Dark-Brown.webp?v=1754298142,منتج لو هيرال إكسيلانس 3 (بني داكن) من LOREAL COLOR. التصنيف المرجعي: العناية بالشعر — بسيط. الوسوم المرجعية: Colored Hair، Hair Care، Hair Color، Hair Concerns.,https://alfouadpharmacies.com/en/products/loreal-excellence-3-dark-brown,AlFouad Pharmacies,Verify usage rights before commercial publication,غير مثبت,غير مثبت,مرجعي فقط — غير معتمد للنشر التجاري,بيانات مرجعية متاحة؛ يلزم تحقق PM,ضمن الفحص المبدئي
10569900032303,loreal-excellence-4-brown,لو هيرال إكسيلانس 4 (بني),LOREAL COLOR,العناية بالشعر,العناية بالشعر,1,بسيط,94612,370,111,259,,متاح لدى المصدر,https://cdn.shopify.com/s/files/1/0935/9550/0847/files/Loreal-Excellence-4-Brown.webp?v=1754298141,منتج لو هيرال إكسيلانس 4 (بني) من LOREAL COLOR. التصنيف المرجعي: العناية بالشعر — بسيط. الوسوم المرجعية: Colored Hair، Hair Care، Hair Color، Hair Concerns.,https://alfouadpharmacies.com/en/products/loreal-excellence-4-brown,AlFouad Pharmacies,Verify usage rights before commercial publication,غير مثبت,غير مثبت,مرجعي فقط — غير معتمد للنشر التجاري,بيانات مرجعية متاحة؛ يلزم تحقق PM,ضمن الفحص المبدئي
10569900130607,loreal-excellence-53-golden-light-brown,لو هيرال إكسيلانس 5.3 (براون فاتح ذهبي),LOREAL COLOR,العناية بالشعر,العناية بالشعر,1,بسيط,28807,370,111,259,,متاح لدى المصدر,https://cdn.shopify.com/s/files/1/0935/9550/0847/files/Loreal-Excellence-5.3-Golden-Light-Brown.webp?v=1754298140,منتج لو هيرال إكسيلانس 5.3 (براون فاتح ذهبي) من LOREAL COLOR. التصنيف المرجعي: العناية بالشعر — بسيط. الوسوم المرجعية: Colored Hair، Hair Care، Hair Color، Hair Concerns.,https://alfouadpharmacies.com/en/products/loreal-excellence-53-golden-light-brown,AlFouad Pharmacies,Verify usage rights before commercial publication,غير مثبت,غير مثبت,مرجعي فقط — غير معتمد للنشر التجاري,بيانات مرجعية متاحة؛ يلزم تحقق PM,ضمن الفحص المبدئي
10569900392751,loreal-excellence-77-honey-brown,لو هيرال إكسيلانس 7.7 (براون عسلي),LOREAL COLOR,العناية بالشعر,العناية بالشعر,1,بسيط,107947,370,111,259,,متاح لدى المصدر,https://cdn.shopify.com/s/files/1/0935/9550/0847/files/Loreal-Excellence-7.7-Honey-Brown.webp?v=1754298136,منتج لو هيرال إكسيلانس 7.7 (براون عسلي) من LOREAL COLOR. التصنيف المرجعي: العناية بالشعر — بسيط. الوسوم المرجعية: Colored Hair، Hair Care، Hair Color، Hair Concerns.,https://alfouadpharmacies.com/en/products/loreal-excellence-77-honey-brown,AlFouad Pharmacies,Verify usage rights before commercial publication,غير مثبت,غير مثبت,مرجعي فقط — غير معتمد للنشر التجاري,بيانات مرجعية متاحة؛ يلزم تحقق PM,ضمن الفحص المبدئي
10569903538479,loreal-elvive-total-repair-oil-replacment-300ml,لو هيرال إلفيف زيت إصلاح شامل 300 مل,LOREAL PCD,العناية بالشعر,العناية بالشعر,1,بسيط,107017,193,57.9,135.1,,متاح لدى المصدر,https://cdn.shopify.com/s/files/1/0935/9550/0847/files/Loreal-Elvive-Total-Repair-Oil-Replacment-300ML.webp?v=1754298088,منتج لو هيرال إلفيف زيت إصلاح شامل 300 مل من LOREAL PCD. التصنيف المرجعي: العناية بالشعر — بسيط. الوسوم المرجعية: Dry & Damadged Hair، Hair Care، Hair Concerns، Hair Cream.,https://alfouadpharmacies.com/en/products/loreal-elvive-total-repair-oil-replacment-300ml,AlFouad Pharmacies,Verify usage rights before commercial publication,غير مثبت,غير مثبت,مرجعي فقط — غير معتمد للنشر التجاري,بيانات مرجعية متاحة؛ يلزم تحقق PM,ضمن الفحص المبدئي
10569850814767,loreal-prof-powermix-force-concentration-150ml,لو هيرال بروفيشنال باور مكس تركيز قوى 150 مل,LOREAL PROF,العناية بالشعر,العناية بالشعر,1,بسيط,109053,482,144.6,337.4,0,غير متاح لدى المصدر,https://cdn.shopify.com/s/files/1/0935/9550/0847/files/Loreal-Prof.-Powermix-Force-Concentration-150ML.webp?v=1754298429,منتج لو هيرال بروفيشنال باور مكس تركيز قوى 150 مل من LOREAL PROF. التصنيف المرجعي: العناية بالشعر — بسيط. الوسوم المرجعية: Deep Repair، Dry & Damadged Hair، Hair Care، Hair Concerns، Hair Treatment.,https://alfouadpharmacies.com/en/products/loreal-prof-powermix-force-concentration-150ml,AlFouad Pharmacies,Verify usage rights before commercial publication,غير مثبت,غير مثبت,مرجعي فقط — غير معتمد للنشر التجاري,بيانات مرجعية متاحة؛ يلزم تحقق PM,ضمن الفحص المبدئي
12689689805103,loreal-prodigy-30-dark-brown,لوال PRODIGY 3.0 (بني داكن),LOREAL COLOR,العناية بالشعر,العناية بالشعر,1,بسيط,103930,450,135,315,,متاح لدى المصدر,https://cdn.shopify.com/s/files/1/0935/9550/0847/files/3_1.webp?v=1771754451,منتج لوال PRODIGY 3.0 (بني داكن) من LOREAL COLOR. التصنيف المرجعي: العناية بالشعر — بسيط. الوسوم المرجعية: Colored Hair، Hair Care، Hair Color، Hair Concerns.,https://alfouadpharmacies.com/en/products/loreal-prodigy-30-dark-brown,AlFouad Pharmacies,Verify usage rights before commercial publication,غير مثبت,غير مثبت,مرجعي فقط — غير معتمد للنشر التجاري,بيانات مرجعية متاحة؛ يلزم تحقق PM,ضمن الفحص المبدئي
12689679810863,loreal-prodigy-60-dark-blonde,لوال PRODIGY 6.0 (شقراء داكنة),LOREAL COLOR,العناية بالشعر,العناية بالشعر,1,بسيط,103925,450,135,315,,متاح لدى المصدر,https://cdn.shopify.com/s/files/1/0935/9550/0847/files/5_164ec3a1-b3a1-47fd-9a95-140fae948bdc.webp?v=1771755413,منتج لوال PRODIGY 6.0 (شقراء داكنة) من LOREAL COLOR. التصنيف المرجعي: العناية بالشعر — بسيط. الوسوم المرجعية: Colored Hair، Hair Care، Hair Color، Hair Concerns.,https://alfouadpharmacies.com/en/products/loreal-prodigy-60-dark-blonde,AlFouad Pharmacies,Verify usage rights before commercial publication,غير مثبت,غير مثبت,مرجعي فقط — غير معتمد للنشر التجاري,بيانات مرجعية متاحة؛ يلزم تحقق PM,ضمن الفحص المبدئي
10569901015343,loreal-prodigy-660-ruby-red,لوال PRODIGY 6.60 (أحمر روبي),LOREAL COLOR,العناية بالشعر,العناية بالشعر,1,بسيط,103929,450,135,315,,متاح لدى المصدر,https://cdn.shopify.com/s/files/1/0935/9550/0847/files/Loreal-Prodigy-6.60-Ruby-Red.webp?v=1754298127,منتج لوال PRODIGY 6.60 (أحمر روبي) من LOREAL COLOR. التصنيف المرجعي: العناية بالشعر — بسيط. الوسوم المرجعية: Colored Hair، Hair Care، Hair Color، Hair Concerns.,https://alfouadpharmacies.com/en/products/loreal-prodigy-660-ruby-red,AlFouad Pharmacies,Verify usage rights before commercial publication,غير مثبت,غير مثبت,مرجعي فقط — غير معتمد للنشر التجاري,بيانات مرجعية متاحة؛ يلزم تحقق PM,ضمن الفحص المبدئي
10569901048111,loreal-prodigy-70-blonde,لوال PRODIGY 7.0 (شقراء),LOREAL COLOR,العناية بالشعر,العناية بالشعر,1,بسيط,103952,450,135,315,,متاح لدى المصدر,https://cdn.shopify.com/s/files/1/0935/9550/0847/files/Loreal-Prodigy-7.0-Blonde.webp?v=1754298126,منتج لوال PRODIGY 7.0 (شقراء) من LOREAL COLOR. التصنيف المرجعي: العناية بالشعر — بسيط. الوسوم المرجعية: Colored Hair، Hair Care، Hair Color، Hair Concerns.,https://alfouadpharmacies.com/en/products/loreal-prodigy-70-blonde,AlFouad Pharmacies,Verify usage rights before commercial publication,غير مثبت,غير مثبت,مرجعي فقط — غير معتمد للنشر التجاري,بيانات مرجعية متاحة؛ يلزم تحقق PM,ضمن الفحص المبدئي
10569901080879,loreal-prodigy-710-ash-blonde,لوال PRODIGY 7.10 (شقراء رمادية),LOREAL COLOR,العناية بالشعر,العناية بالشعر,1,بسيط,108783,450,135,315,,متاح لدى المصدر,https://cdn.shopify.com/s/files/1/0935/9550/0847/files/Loreal-Prodigy-7.10-Ash-Blonde.webp?v=1754298126,منتج لوال PRODIGY 7.10 (شقراء رمادية) من LOREAL COLOR. التصنيف المرجعي: العناية بالشعر — بسيط. الوسوم المرجعية: Colored Hair، Hair Care، Hair Color، Hair Concerns.,https://alfouadpharmacies.com/en/products/loreal-prodigy-710-ash-blonde,AlFouad Pharmacies,Verify usage rights before commercial publication,غير مثبت,غير مثبت,مرجعي فقط — غير معتمد للنشر التجاري,بيانات مرجعية متاحة؛ يلزم تحقق PM,ضمن الفحص المبدئي
10569900163375,loreal-excellence-6-dark-blonde,لوال إكسيلانس 6 (شقراء داكنة),LOREAL COLOR,العناية بالشعر,العناية بالشعر,1,بسيط,94618,370,111,259,,متاح لدى المصدر,https://cdn.shopify.com/s/files/1/0935/9550/0847/files/Loreal-Excellence-6-Dark-Blonde.webp?v=1754298140,منتج لوال إكسيلانس 6 (شقراء داكنة) من LOREAL COLOR. التصنيف المرجعي: العناية بالشعر — بسيط. الوسوم المرجعية: Colored Hair، Hair Care، Hair Color، Hair Concerns.,https://alfouadpharmacies.com/en/products/loreal-excellence-6-dark-blonde,AlFouad Pharmacies,Verify usage rights before commercial publication,غير مثبت,غير مثبت,مرجعي فقط — غير معتمد للنشر التجاري,بيانات مرجعية متاحة؛ يلزم تحقق PM,ضمن الفحص المبدئي
10569900425519,loreal-excellence-8-light-blonde,لوال إكسيلانس 8 (شقراء فاتحة),LOREAL COLOR,العناية بالشعر,العناية بالشعر,1,بسيط,95019,432,129.6,302.4,,متاح لدى المصدر,https://cdn.shopify.com/s/files/1/0935/9550/0847/files/Loreal-Excellence-8-Light-Blonde.webp?v=1754298135,منتج لوال إكسيلانس 8 (شقراء فاتحة) من LOREAL COLOR. التصنيف المرجعي: العناية بالشعر — بسيط. الوسوم المرجعية: Colored Hair، Hair Care، Hair Color، Hair Concerns.,https://alfouadpharmacies.com/en/products/loreal-excellence-8-light-blonde,AlFouad Pharmacies,Verify usage rights before commercial publication,غير مثبت,غير مثبت,مرجعي فقط — غير معتمد للنشر التجاري,بيانات مرجعية متاحة؛ يلزم تحقق PM,ضمن الفحص المبدئي
12689679548719,loreal-elvive-extraord-oil-replacment-300ml,لوال إلفيف زيت استبدال إكستراورديناري 300 مل,LOREAL PCD,العناية بالشعر,العناية بالشعر,1,بسيط,13359,193,57.9,135.1,,متاح لدى المصدر,https://cdn.shopify.com/s/files/1/0935/9550/0847/files/processed_product_image_no_shadow.webp?v=1771758775,منتج لوال إلفيف زيت استبدال إكستراورديناري 300 مل من LOREAL PCD. التصنيف المرجعي: العناية بالشعر — بسيط. الوسوم المرجعية: Dry & Damadged Hair، Hair Care، Hair Concerns، Hair Cream.,https://alfouadpharmacies.com/en/products/loreal-elvive-extraord-oil-replacment-300ml,AlFouad Pharmacies,Verify usage rights before commercial publication,غير مثبت,غير مثبت,مرجعي فقط — غير معتمد للنشر التجاري,بيانات مرجعية متاحة؛ يلزم تحقق PM,ضمن الفحص المبدئي
12689689870639,loreal-prodigy-10-black,لوالبروديجى 1.0 (أسود),LOREAL COLOR,العناية بالشعر,العناية بالشعر,1,بسيط,103931,450,135,315,,متاح لدى المصدر,https://cdn.shopify.com/s/files/1/0935/9550/0847/files/2_1_c81e3689-1afe-4deb-ac9e-dc7bc11a2186.webp?v=1771754312,منتج لوالبروديجى 1.0 (أسود) من LOREAL COLOR. التصنيف المرجعي: العناية بالشعر — بسيط. الوسوم المرجعية: Colored Hair، Hair Care، Hair Color، Hair Concerns.,https://alfouadpharmacies.com/en/products/loreal-prodigy-10-black,AlFouad Pharmacies,Verify usage rights before commercial publication,غير مثبت,غير مثبت,مرجعي فقط — غير معتمد للنشر التجاري,بيانات مرجعية متاحة؛ يلزم تحقق PM,ضمن الفحص المبدئي
12689689772335,loreal-prodigy-40-brown,لوالبروديجى 4.0 (بني),LOREAL COLOR,العناية بالشعر,العناية بالشعر,1,بسيط,103926,450,135,315,,متاح لدى المصدر,https://cdn.shopify.com/s/files/1/0935/9550/0847/files/4_1.webp?v=1771755297,منتج لوالبروديجى 4.0 (بني) من LOREAL COLOR. التصنيف المرجعي: العناية بالشعر — بسيط. الوسوم المرجعية: Colored Hair، Hair Care، Hair Color، Hair Concerns.,https://alfouadpharmacies.com/en/products/loreal-prodigy-40-brown,AlFouad Pharmacies,Verify usage rights before commercial publication,غير مثبت,غير مثبت,مرجعي فقط — غير معتمد للنشر التجاري,بيانات مرجعية متاحة؛ يلزم تحقق PM,ضمن الفحص المبدئي
10569901441327,loreal-elvive-dream-long-kerat-oil-replacment-300ml,لواليل إلفيف دريم لونغ كيرات أويل ريبليسمنت 300 مل,LOREAL PCD,العناية بالشعر,العناية بالشعر,1,بسيط,84152,193,57.9,135.1,,متاح لدى المصدر,https://cdn.shopify.com/s/files/1/0935/9550/0847/files/Loreal-Elvive-Dream-Long-Kerat-Oil-Replacment-300M.webp?v=1754298120,منتج لواليل إلفيف دريم لونغ كيرات أويل ريبليسمنت 300 مل من LOREAL PCD. التصنيف المرجعي: العناية بالشعر — بسيط. الوسوم المرجعية: Hair Care، Hair Concerns، Hair Cream، Weak & Thin.,https://alfouadpharmacies.com/en/products/loreal-elvive-dream-long-kerat-oil-replacment-300ml,AlFouad Pharmacies,Verify usage rights before commercial publication,غير مثبت,غير مثبت,مرجعي فقط — غير معتمد للنشر التجاري,بيانات مرجعية متاحة؛ يلزم تحقق PM,ضمن الفحص المبدئي
10569836855599,loreal-prof-absolut-molecular-serum-75ml,لوجود وصف المنتج باللغة العربية، يرجى الرجوع إلى صفحة المنتج على موقعنا.  (The product description in Arabic is available on our website.),LOREAL PROF,العناية بالشعر,العناية بالشعر,1,بسيط,12393,500,150,350,0,غير متاح لدى المصدر,https://cdn.shopify.com/s/files/1/0935/9550/0847/files/Loreal-Prof.-Absolut-Molecular-Serum-75ML.webp?v=1754298545,منتج لوجود وصف المنتج باللغة العربية، يرجى الرجوع إلى صفحة المنتج على موقعنا.  (The product description in Arabic is available on our website.) من LOREAL PROF. التصنيف المرجعي: العناية بالشعر — بسيط. الوسوم المرجعية: Anti-Frizz، Dry & Damadged Hair، Hair Care، Hair Concerns، Hair Serum.,https://alfouadpharmacies.com/en/products/loreal-prof-absolut-molecular-serum-75ml,AlFouad Pharmacies,Verify usage rights before commercial publication,غير مثبت,غير مثبت,مرجعي فقط — غير معتمد للنشر التجاري,بيانات مرجعية متاحة؛ يلزم تحقق PM,ضمن الفحص المبدئي
10569837543727,loreal-prof-aminexil-advanced-amp-10x6ml,لوريال أمينكسيل المحترف أمبولات متقدمة 10 × 6 مل,LOREAL PROF,العناية بالشعر,العناية بالشعر,1,بسيط,8983,1900,570,1330,,غير متاح لدى المصدر,https://cdn.shopify.com/s/files/1/0935/9550/0847/files/Loreal-Prof.-Aminexil-Advanced-Amp-10X6ML.webp?v=1754298538,منتج لوريال أمينكسيل المحترف أمبولات متقدمة 10 × 6 مل من LOREAL PROF. التصنيف المرجعي: العناية بالشعر — بسيط. الوسوم المرجعية: Hair Care، Hair Concerns، Hair Defining & Volume، Hair Growth، Hair Loss، Hair Vials.,https://alfouadpharmacies.com/en/products/loreal-prof-aminexil-advanced-amp-10x6ml,AlFouad Pharmacies,Verify usage rights before commercial publication,غير مثبت,غير مثبت,مرجعي فقط — غير معتمد للنشر التجاري,بيانات مرجعية متاحة؛ يلزم تحقق PM,ضمن الفحص المبدئي
12689578262831,loreal-excellence-4-15-stunning-coffee,لوريال إكسيلانس 4.15 (قهوة رائعة) ,LOREAL COLOR,العناية بالشعر,العناية بالشعر,1,,113205,370,111,259,,متاح لدى المصدر,https://cdn.shopify.com/s/files/1/0935/9550/0847/files/processed_product_image_5.webp?v=1771759707,منتج لوريال إكسيلانس 4.15 (قهوة رائعة)  من LOREAL COLOR. التصنيف المرجعي: العناية بالشعر. الوسوم المرجعية: Hair Care، Hair Color، Hair Concerns.,https://alfouadpharmacies.com/en/products/loreal-excellence-4-15-stunning-coffee,AlFouad Pharmacies,Verify usage rights before commercial publication,غير مثبت,غير مثبت,مرجعي فقط — غير معتمد للنشر التجاري,بيانات مرجعية متاحة؛ يلزم تحقق PM,ضمن الفحص المبدئي
12689566695727,loreal-elviv-glycolic-gloss-sham-200ml,لوريال إلفيف جليكوليك جلوس شام 200 مل,LOREAL PCD,العناية بالشعر,العناية بالشعر,1,,113201,130,39,91,,متاح لدى المصدر,https://cdn.shopify.com/s/files/1/0935/9550/0847/files/elvive_shampoo_1615.webp?v=1771763090,منتج لوريال إلفيف جليكوليك جلوس شام 200 مل من LOREAL PCD. التصنيف المرجعي: العناية بالشعر. الوسوم المرجعية: Dry & Damadged Hair، Hair Care، Hair Defining & Volume، Hair Shampoo.,https://alfouadpharmacies.com/en/products/loreal-elviv-glycolic-gloss-sham-200ml,AlFouad Pharmacies,Verify usage rights before commercial publication,غير مثبت,غير مثبت,مرجعي فقط — غير معتمد للنشر التجاري,بيانات مرجعية متاحة؛ يلزم تحقق PM,ضمن الفحص المبدئي
12689566630191,loreal-elviv-glycolic-gloss-sham-400ml-1,لوريال إلفيف جليكوليك جلوس شام 400 مل,LOREAL PCD,العناية بالشعر,العناية بالشعر,1,,113203,213,63.9,149.1,,متاح لدى المصدر,https://cdn.shopify.com/s/files/1/0935/9550/0847/files/processed_product_image_6_7b3ef86a-970c-4f98-887f-33760f5cef13.webp?v=1771762693,منتج لوريال إلفيف جليكوليك جلوس شام 400 مل من LOREAL PCD. التصنيف المرجعي: العناية بالشعر. الوسوم المرجعية: Dry & Damadged Hair، Hair Care، Hair Defining & Volume، Hair Shampoo.,https://alfouadpharmacies.com/en/products/loreal-elviv-glycolic-gloss-sham-400ml-1,AlFouad Pharmacies,Verify usage rights before commercial publication,غير مثبت,غير مثبت,مرجعي فقط — غير معتمد للنشر التجاري,بيانات مرجعية متاحة؛ يلزم تحقق PM,ضمن الفحص المبدئي
12689578230063,loreal-elviv-glycolic-gloss-sham-400ml,لوريال إلفيف جليكوليك جلوس شام 400 مل ,LOREAL PCD,العناية بالشعر,العناية بالشعر,1,,113203,213,63.9,149.1,,متاح لدى المصدر,https://cdn.shopify.com/s/files/1/0935/9550/0847/files/processed_product_image_6.webp?v=1771759921,منتج لوريال إلفيف جليكوليك جلوس شام 400 مل  من LOREAL PCD. التصنيف المرجعي: العناية بالشعر. الوسوم المرجعية: Hair Care، Hair Concerns، Hair Shampoo.,https://alfouadpharmacies.com/en/products/loreal-elviv-glycolic-gloss-sham-400ml,AlFouad Pharmacies,Verify usage rights before commercial publication,غير مثبت,غير مثبت,مرجعي فقط — غير معتمد للنشر التجاري,بيانات مرجعية متاحة؛ يلزم تحقق PM,ضمن الفحص المبدئي
12689566597423,loreal-elviv-glycolic-gloss-sham-600ml,لوريال إلفيف جليكوليك جلوس شام 600 مل,LOREAL PCD,العناية بالشعر,العناية بالشعر,1,,113204,275,82.5,192.5,,متاح لدى المصدر,https://cdn.shopify.com/s/files/1/0935/9550/0847/files/elvive_glycolic_gloss_1615x1615_NO_SHADOW_822b400c-4ac1-4dc8-8677-33cccc6b87b7.webp?v=1771762633,منتج لوريال إلفيف جليكوليك جلوس شام 600 مل من LOREAL PCD. التصنيف المرجعي: العناية بالشعر. الوسوم المرجعية: Dry & Damadged Hair، Hair Care، Hair Defining & Volume، Hair Shampoo.,https://alfouadpharmacies.com/en/products/loreal-elviv-glycolic-gloss-sham-600ml,AlFouad Pharmacies,Verify usage rights before commercial publication,غير مثبت,غير مثبت,مرجعي فقط — غير معتمد للنشر التجاري,بيانات مرجعية متاحة؛ يلزم تحقق PM,ضمن الفحص المبدئي
12689566728495,loreal-elviv-glycolic-gloss-cond-200ml,لوريال إلفيف جليكوليك جلوس كوند 200 مل,LOREAL PCD,العناية بالشعر,العناية بالشعر,1,,113200,138,41.4,96.6,,متاح لدى المصدر,https://cdn.shopify.com/s/files/1/0935/9550/0847/files/1_71c48728-4278-490c-a99a-9a6852c2166d.webp?v=1771764333,منتج لوريال إلفيف جليكوليك جلوس كوند 200 مل من LOREAL PCD. التصنيف المرجعي: العناية بالشعر. الوسوم المرجعية: Dry & Damadged Hair، Hair Care، Hair Conditioner، Hair Defining & Volume.,https://alfouadpharmacies.com/en/products/loreal-elviv-glycolic-gloss-cond-200ml,AlFouad Pharmacies,Verify usage rights before commercial publication,غير مثبت,غير مثبت,مرجعي فقط — غير معتمد للنشر التجاري,بيانات مرجعية متاحة؛ يلزم تحقق PM,ضمن الفحص المبدئي
12689566662959,loreal-elviv-glycolic-gloss-cond-360ml-1,لوريال إلفيف جليكوليك جلوس كوند 360 مل,LOREAL PCD,العناية بالشعر,العناية بالشعر,1,,113202,223,66.9,156.1,,متاح لدى المصدر,https://cdn.shopify.com/s/files/1/0935/9550/0847/files/1_91c9bacc-d323-4bf3-9041-c0d60a5a965b.webp?v=1771763603,منتج لوريال إلفيف جليكوليك جلوس كوند 360 مل من LOREAL PCD. التصنيف المرجعي: العناية بالشعر. الوسوم المرجعية: Dry & Damadged Hair، Hair Care، Hair Conditioner، Hair Defining & Volume.,https://alfouadpharmacies.com/en/products/loreal-elviv-glycolic-gloss-cond-360ml-1,AlFouad Pharmacies,Verify usage rights before commercial publication,غير مثبت,غير مثبت,مرجعي فقط — غير معتمد للنشر التجاري,بيانات مرجعية متاحة؛ يلزم تحقق PM,ضمن الفحص المبدئي
12689578164527,loreal-elviv-glycolic-gloss-cond-360ml,لوريال إلفيف جليكوليك جلوس كوند 360 مل ,LOREAL PCD,العناية بالشعر,العناية بالشعر,1,,113202,223,66.9,156.1,,متاح لدى المصدر,https://cdn.shopify.com/s/files/1/0935/9550/0847/files/elvive_conditioner_1615.webp?v=1771762930,منتج لوريال إلفيف جليكوليك جلوس كوند 360 مل  من LOREAL PCD. التصنيف المرجعي: العناية بالشعر. الوسوم المرجعية: Hair Care، Hair Concerns، Hair Conditioner.,https://alfouadpharmacies.com/en/products/loreal-elviv-glycolic-gloss-cond-360ml,AlFouad Pharmacies,Verify usage rights before commercial publication,غير مثبت,غير مثبت,مرجعي فقط — غير معتمد للنشر التجاري,بيانات مرجعية متاحة؛ يلزم تحقق PM,ضمن الفحص المبدئي
12689578197295,loreal-elviv-dream-long-keratin-cond-360ml,لوريال إلفيف دريم لونج كيراتين كونديشن 360 مل ,LOREAL PCD,العناية بالشعر,العناية بالشعر,1,,6124,203,60.9,142.1,,متاح لدى المصدر,https://cdn.shopify.com/s/files/1/0935/9550/0847/files/processed_product_image_7.webp?v=1771760035,منتج لوريال إلفيف دريم لونج كيراتين كونديشن 360 مل  من LOREAL PCD. التصنيف المرجعي: العناية بالشعر. الوسوم المرجعية: Hair Care، Hair Concerns، Hair Conditioner.,https://alfouadpharmacies.com/en/products/loreal-elviv-dream-long-keratin-cond-360ml,AlFouad Pharmacies,Verify usage rights before commercial publication,غير مثبت,غير مثبت,مرجعي فقط — غير معتمد للنشر التجاري,بيانات مرجعية متاحة؛ يلزم تحقق PM,ضمن الفحص المبدئي
10569903079727,loreal-elvive-hyaluron-moisture-shampoo-200ml,لوريال إلفيف هيالورون مرطب للوجه 200 مل,LOREAL PCD,العناية بالشعر,العناية بالشعر,1,بسيط,25739,130,39,91,,متاح لدى المصدر,https://cdn.shopify.com/s/files/1/0935/9550/0847/files/Loreal-Elvive-Hyaluron-Moisture-Shampoo-400ML.webp?v=1754298093,منتج لوريال إلفيف هيالورون مرطب للوجه 200 مل من LOREAL PCD. التصنيف المرجعي: العناية بالشعر — بسيط. الوسوم المرجعية: Dry & Damadged Hair، Hair Care، Hair Concerns، Hair Shampoo.,https://alfouadpharmacies.com/en/products/loreal-elvive-hyaluron-moisture-shampoo-200ml,AlFouad Pharmacies,Verify usage rights before commercial publication,غير مثبت,غير مثبت,مرجعي فقط — غير معتمد للنشر التجاري,بيانات مرجعية متاحة؛ يلزم تحقق PM,ضمن الفحص المبدئي
10569900884271,loreal-prodigy-530-light-golden-brown,لوريال بروديجي 5.3 (بني ذهبي فاتح),LOREAL COLOR,العناية بالشعر,العناية بالشعر,1,بسيط,103928,450,135,315,,متاح لدى المصدر,https://cdn.shopify.com/s/files/1/0935/9550/0847/files/458150_main_11zon.webp?v=1790503451,منتج لوريال بروديجي 5.3 (بني ذهبي فاتح) من LOREAL COLOR. التصنيف المرجعي: العناية بالشعر — بسيط. الوسوم المرجعية: Colored Hair، Hair Care، Hair Color، Hair Concerns.,https://alfouadpharmacies.com/en/products/loreal-prodigy-530-light-golden-brown,AlFouad Pharmacies,Verify usage rights before commercial publication,غير مثبت,غير مثبت,مرجعي فقط — غير معتمد للنشر التجاري,بيانات مرجعية متاحة؛ يلزم تحقق PM,ضمن الفحص المبدئي
10569837248815,loreal-prof-absolut-repair-oil-90ml,لوريال بروفشنال أبسولوت ريبير زيت الشعر الاحترافي 10 في 1 – 90 مل,LOREAL PROF,العناية بالشعر,العناية بالشعر,1,زيت ,15667,1750,525,1225,0,متاح لدى المصدر,https://cdn.shopify.com/s/files/1/0935/9550/0847/files/663.webp?v=1780836491,منتج لوريال بروفشنال أبسولوت ريبير زيت الشعر الاحترافي 10 في 1 – 90 مل من LOREAL PROF. التصنيف المرجعي: العناية بالشعر — زيت . الوسوم المرجعية: Anti-Frizz، Dry & Damadged Hair، Hair Care، Hair Concerns، Hair Oil، Hair Serum، Heat Protection، loreal prof.,https://alfouadpharmacies.com/en/products/loreal-prof-absolut-repair-oil-90ml,AlFouad Pharmacies,Verify usage rights before commercial publication,غير مثبت,غير مثبت,مرجعي فقط — غير معتمد للنشر التجاري,بيانات مرجعية متاحة؛ يلزم تحقق PM,ضمن الفحص المبدئي
10569836658991,loreal-prof-absolut-molecular-leave-in-mask-100ml,لوريال بروفشنال أبسولوت ريبير موليكيولار ليف إن ماسك لإصلاح الشعر التالف 100 مل,LOREAL PROF,العناية بالشعر,العناية بالشعر,1,ماسك ,12208,1550,465,1085,0,متاح لدى المصدر,https://cdn.shopify.com/s/files/1/0935/9550/0847/files/668.webp?v=1780836242,منتج لوريال بروفشنال أبسولوت ريبير موليكيولار ليف إن ماسك لإصلاح الشعر التالف 100 مل من LOREAL PROF. التصنيف المرجعي: العناية بالشعر — ماسك . الوسوم المرجعية: Anti-Frizz، Deep Repair، Dry & Damadged Hair، Hair Care، Hair Concerns، Hair Cream، Heat Protection، Leave In Cream.,https://alfouadpharmacies.com/en/products/loreal-prof-absolut-molecular-leave-in-mask-100ml,AlFouad Pharmacies,Verify usage rights before commercial publication,غير مثبت,غير مثبت,مرجعي فقط — غير معتمد للنشر التجاري,بيانات مرجعية متاحة؛ يلزم تحقق PM,ضمن الفحص المبدئي
12689712906543,لوريال-بروفيسيونال-تيكني-آرت-فليكس-ويب-لتشكيل-الشعر-150-مل,لوريال بروفيسيونال تيكني آرت فليكس ويب لتشكيل الشعر 150 مل,LOREAL PROF,العناية بالشعر,العناية بالشعر,1,كريم شعر ,109635,1050,315,735,0,متاح لدى المصدر,https://cdn.shopify.com/s/files/1/0935/9550/0847/files/1_-_2026-07-08T090727.402.webp?v=1783491035,منتج لوريال بروفيسيونال تيكني آرت فليكس ويب لتشكيل الشعر 150 مل من LOREAL PROF. التصنيف المرجعي: العناية بالشعر — كريم شعر . الوسوم المرجعية: Anti-Frizz، Hair Care، Hair Concerns، Hair Cream، Hair Gel، loreal prof.,https://alfouadpharmacies.com/en/products/لوريال-بروفيسيونال-تيكني-آرت-فليكس-ويب-لتشكيل-الشعر-150-مل,AlFouad Pharmacies,Verify usage rights before commercial publication,غير مثبت,غير مثبت,مرجعي فقط — غير معتمد للنشر التجاري,بيانات مرجعية متاحة؛ يلزم تحقق PM,ضمن الفحص المبدئي
10569851666735,لوريال-بروفيسيونال-سيري-إكسبرت-برو-لونجر-ماسك-للشعر-الطويل-500-مل,لوريال بروفيسيونال سيري إكسبرت برو لونجر ماسك للشعر الطويل 500 مل,LOREAL PROF,العناية بالشعر,العناية بالشعر,1,ماسك,102377,2600,780,1820,0,متاح لدى المصدر,https://cdn.shopify.com/s/files/1/0935/9550/0847/files/1_-_2026-07-07T101104.092.webp?v=1783408455,منتج لوريال بروفيسيونال سيري إكسبرت برو لونجر ماسك للشعر الطويل 500 مل من LOREAL PROF. التصنيف المرجعي: العناية بالشعر — ماسك. الوسوم المرجعية: Deep Repair، Hair Care، Hair Concerns، Hair Defining & Volume، Hair Mask، loreal prof، Weak & Thin.,https://alfouadpharmacies.com/en/products/لوريال-بروفيسيونال-سيري-إكسبرت-برو-لونجر-ماسك-للشعر-الطويل-500-مل,AlFouad Pharmacies,Verify usage rights before commercial publication,غير مثبت,غير مثبت,مرجعي فقط — غير معتمد للنشر التجاري,بيانات مرجعية متاحة؛ يلزم تحقق PM,ضمن الفحص المبدئي
10569853010223,لوريال-بروفيسيونال-سيري-إكسبرت-فيتامينو-كولور-شامبو-للشعر-المصبوغ-300-مل,لوريال بروفيسيونال سيري إكسبرت فيتامينو كولور شامبو للشعر المصبوغ 300 مل,LOREAL PROF,العناية بالشعر,العناية بالشعر,1,شامبو ,9090,1100,330,770,0,متاح لدى المصدر,https://cdn.shopify.com/s/files/1/0935/9550/0847/files/1_-_2026-07-07T110724.249.webp?v=1783420526,منتج لوريال بروفيسيونال سيري إكسبرت فيتامينو كولور شامبو للشعر المصبوغ 300 مل من LOREAL PROF. التصنيف المرجعي: العناية بالشعر — شامبو . الوسوم المرجعية: Anti-Frizz، Colored Hair، Hair Care، Hair Color، Hair Concerns، Hair Shampoo، loreal prof، Weak & Thin.,https://alfouadpharmacies.com/en/products/لوريال-بروفيسيونال-سيري-إكسبرت-فيتامينو-كولور-شامبو-للشعر-المصبوغ-300-مل,AlFouad Pharmacies,Verify usage rights before commercial publication,غير مثبت,غير مثبت,مرجعي فقط — غير معتمد للنشر التجاري,بيانات مرجعية متاحة؛ يلزم تحقق PM,ضمن الفحص المبدئي
10569853305135,لوريال-بروفيسيونال-سيريوكسيل-أدفانسد-سيروم-تكثيف-الشعر-الاحترافي-90-مل,لوريال بروفيسيونال سيريوكسيل أدفانسد سيروم تكثيف الشعر الاحترافي 90 مل,LOREAL PROF,العناية بالشعر,العناية بالشعر,1,علاجي ,9115,1950,585,1365,0,غير متاح لدى المصدر,https://cdn.shopify.com/s/files/1/0935/9550/0847/files/1_-_2026-07-07T102052.787.webp?v=1783409006,منتج لوريال بروفيسيونال سيريوكسيل أدفانسد سيروم تكثيف الشعر الاحترافي 90 مل من LOREAL PROF. التصنيف المرجعي: العناية بالشعر — علاجي . الوسوم المرجعية: Hair Care، Hair Concerns، Hair Defining & Volume، Hair Growth، Hair Serum، Hair Spray، Weak & Thin.,https://alfouadpharmacies.com/en/products/لوريال-بروفيسيونال-سيريوكسيل-أدفانسد-سيروم-تكثيف-الشعر-الاحترافي-90-مل,AlFouad Pharmacies,Verify usage rights before commercial publication,غير مثبت,غير مثبت,مرجعي فقط — غير معتمد للنشر التجاري,بيانات مرجعية متاحة؛ يلزم تحقق PM,ضمن الفحص المبدئي
10569853108527,لوريال-بروفيسيونال-فيتامينو-كلر-10-في-1-لحماية-الشعر-المصبوغ-190-مل,لوريال بروفيسيونال فيتامينو كلر 10 في 1 لحماية الشعر المصبوغ 190 مل,LOREAL PROF,العناية بالشعر,العناية بالشعر,1,سبراي ,107357,1690,507,1183,0,متاح لدى المصدر,https://cdn.shopify.com/s/files/1/0935/9550/0847/files/1_-_2026-07-09T110847.111.webp?v=1783584553,منتج لوريال بروفيسيونال فيتامينو كلر 10 في 1 لحماية الشعر المصبوغ 190 مل من LOREAL PROF. التصنيف المرجعي: العناية بالشعر — سبراي . الوسوم المرجعية: Anti-Frizz، Colored Hair، Hair Care، Hair Color، Hair Concerns، Hair Spray، Heat Protection، loreal prof.,https://alfouadpharmacies.com/en/products/لوريال-بروفيسيونال-فيتامينو-كلر-10-في-1-لحماية-الشعر-المصبوغ-190-مل,AlFouad Pharmacies,Verify usage rights before commercial publication,غير مثبت,غير مثبت,مرجعي فقط — غير معتمد للنشر التجاري,بيانات مرجعية متاحة؛ يلزم تحقق PM,ضمن الفحص المبدئي
13013210202415,لوريال-بروفيسيونال-فيتامينو-كولور-سبكترم-سيروم-اللمعان-للشعر-المصبوغ-50-مل,لوريال بروفيسيونال فيتامينو كولور سبكترم سيروم اللمعان للشعر المصبوغ 50 مل,LOREAL PROF,العناية بالشعر,العناية بالشعر,1,Hair Care,113862,1600,480,1120,,متاح لدى المصدر,https://cdn.shopify.com/s/files/1/0935/9550/0847/files/1_-_2026-07-07T103447.924.webp?v=1783409741,منتج لوريال بروفيسيونال فيتامينو كولور سبكترم سيروم اللمعان للشعر المصبوغ 50 مل من LOREAL PROF. التصنيف المرجعي: العناية بالشعر — Hair Care. الوسوم المرجعية: Colored Hair، Dry & Damadged Hair، Hair Care، Hair Color، Hair Serum.,https://alfouadpharmacies.com/en/products/لوريال-بروفيسيونال-فيتامينو-كولور-سبكترم-سيروم-اللمعان-للشعر-المصبوغ-50-مل,AlFouad Pharmacies,Verify usage rights before commercial publication,غير مثبت,غير مثبت,مرجعي فقط — غير معتمد للنشر التجاري,بيانات مرجعية متاحة؛ يلزم تحقق PM,ضمن الفحص المبدئي
10569846456623,لوريال-بروفيسيونال-كيرل-إكسبريشن-محفز-كثافة-الشعر-الكيرلي-90-مل,لوريال بروفيسيونال كيرل إكسبريشن محفز كثافة الشعر الكيرلي 90 مل,LOREAL PROF,العناية بالشعر,العناية بالشعر,1,علاجي ,24141,1925,577.5,1347.5,0,متاح لدى المصدر,https://cdn.shopify.com/s/files/1/0935/9550/0847/files/1_-_2026-07-07T095330.759.webp?v=1783407266,منتج لوريال بروفيسيونال كيرل إكسبريشن محفز كثافة الشعر الكيرلي 90 مل من LOREAL PROF. التصنيف المرجعي: العناية بالشعر — علاجي . الوسوم المرجعية: Hair Care، Hair Concerns، Hair Defining & Volume، Hair Growth، Hair Treatment، loreal prof.,https://alfouadpharmacies.com/en/products/لوريال-بروفيسيونال-كيرل-إكسبريشن-محفز-كثافة-الشعر-الكيرلي-90-مل,AlFouad Pharmacies,Verify usage rights before commercial publication,غير مثبت,غير مثبت,مرجعي فقط — غير معتمد للنشر التجاري,بيانات مرجعية متاحة؛ يلزم تحقق PM,ضمن الفحص المبدئي
10569851535663,loreal-prof-pro-longer-filler-amp-15ml,لوريال بروفيشنال برو لونغر فيلر أمب 15 مل,LOREAL PROF,العناية بالشعر,العناية بالشعر,1,بسيط,95399,660,198,462,0,غير متاح لدى المصدر,https://cdn.shopify.com/s/files/1/0935/9550/0847/files/Loreal-Prof.-Pro-Longer-Filler-Amp-15ML.webp?v=1754298423,منتج لوريال بروفيشنال برو لونغر فيلر أمب 15 مل من LOREAL PROF. التصنيف المرجعي: العناية بالشعر — بسيط. الوسوم المرجعية: Hair Ampouls، Hair Care، Hair Concerns، Weak & Thin.,https://alfouadpharmacies.com/en/products/loreal-prof-pro-longer-filler-amp-15ml,AlFouad Pharmacies,Verify usage rights before commercial publication,غير مثبت,غير مثبت,مرجعي فقط — غير معتمد للنشر التجاري,بيانات مرجعية متاحة؛ يلزم تحقق PM,ضمن الفحص المبدئي
10569836626223,loreal-prof-absolut-molecular-treat-190ml,لوريال بروفيشنال سيري إكسبرت أبسولوت ريبير موليكيولار علاج مركز مسبق لإصلاح الشعر 190 مل,LOREAL PROF,العناية بالشعر,العناية بالشعر,1,إصلاح الشعر,12373,1430,429,1001,0,متاح لدى المصدر,https://cdn.shopify.com/s/files/1/0935/9550/0847/files/Loreal_Prof._Absolut_Molecular_Treat_190ml_copy.webp?v=1780833824,منتج لوريال بروفيشنال سيري إكسبرت أبسولوت ريبير موليكيولار علاج مركز مسبق لإصلاح الشعر 190 مل من LOREAL PROF. التصنيف المرجعي: العناية بالشعر — إصلاح الشعر. الوسوم المرجعية: Deep Repair، Dry & Damadged Hair، Hair Care، Hair Concerns، Hair Treatment، loreal prof.,https://alfouadpharmacies.com/en/products/loreal-prof-absolut-molecular-treat-190ml,AlFouad Pharmacies,Verify usage rights before commercial publication,غير مثبت,غير مثبت,مرجعي فقط — غير معتمد للنشر التجاري,بيانات مرجعية متاحة؛ يلزم تحقق PM,ضمن الفحص المبدئي
10569733308719,acm-novophane-anti-hair-loss-lotion-100ml,لوشن ACM Novophane  المضاد لتساقط الشعر 100 مل,ACM,العناية بالشعر,العناية بالشعر,1,العناية بالشعر > علاجات الشعر,85445,839,251.7,587.3,,متاح لدى المصدر,https://cdn.shopify.com/s/files/1/0935/9550/0847/files/ACM_Novophane_Hair_Care_Lotion_100_ml.webp?v=1790490888,منتج لوشن ACM Novophane  المضاد لتساقط الشعر 100 مل من ACM. التصنيف المرجعي: العناية بالشعر — العناية بالشعر > علاجات الشعر. الوسوم المرجعية: acm، Hair Care، Hair Concerns، Hair Loss، Hair Spray.,https://alfouadpharmacies.com/en/products/acm-novophane-anti-hair-loss-lotion-100ml,AlFouad Pharmacies,Verify usage rights before commercial publication,غير مثبت,غير مثبت,مرجعي فقط — غير معتمد للنشر التجاري,بيانات مرجعية متاحة؛ يلزم تحقق PM,ضمن الفحص المبدئي
10569733767471,anivagene-lotion-hair-tonic-men-125ml,لوشن أنيفاجين تونيك للشعر للرجال 125 مل,Anivagene,العناية بالشعر,العناية بالشعر,1,بسيط,94196,749,224.7,524.3,,متاح لدى المصدر,https://cdn.shopify.com/s/files/1/0935/9550/0847/files/Anivagene-Lotion-Hair-Tonic-Men-125ML.webp?v=1754299007,منتج لوشن أنيفاجين تونيك للشعر للرجال 125 مل من Anivagene. التصنيف المرجعي: العناية بالشعر — بسيط. الوسوم المرجعية: Hair Care، Hair Concerns، Hair Growth، Hair Loss، Hair Spray.,https://alfouadpharmacies.com/en/products/anivagene-lotion-hair-tonic-men-125ml,AlFouad Pharmacies,Verify usage rights before commercial publication,غير مثبت,غير مثبت,مرجعي فقط — غير معتمد للنشر التجاري,بيانات مرجعية متاحة؛ يلزم تحقق PM,ضمن الفحص المبدئي
10569733800239,anivagene-lotion-hair-tonic-woman-125ml,لوشن أنيفاجين لتنعيم الشعر للنساء 125 مل,Anivagene,العناية بالشعر,العناية بالشعر,1,بسيط,26567,749,224.7,524.3,,متاح لدى المصدر,https://cdn.shopify.com/s/files/1/0935/9550/0847/files/Anivagene-Lotion-Hair-Tonic-Woman-125ML.webp?v=1754299007,منتج لوشن أنيفاجين لتنعيم الشعر للنساء 125 مل من Anivagene. التصنيف المرجعي: العناية بالشعر — بسيط. الوسوم المرجعية: Hair Care، Hair Concerns، Hair Growth، Hair Loss، Hair Spray.,https://alfouadpharmacies.com/en/products/anivagene-lotion-hair-tonic-woman-125ml,AlFouad Pharmacies,Verify usage rights before commercial publication,غير مثبت,غير مثبت,مرجعي فقط — غير معتمد للنشر التجاري,بيانات مرجعية متاحة؛ يلزم تحقق PM,ضمن الفحص المبدئي
10569729769775,infinity-top-hair-anti-hair-loss-lotion-120ml,لوشن إنفينيتي توب للشعر المضاد لتساقط الشعر 120 مل,AlFouad Pharmacies,العناية بالشعر,العناية بالشعر,1,بسيط,,160,48,112,,غير متاح لدى المصدر,https://cdn.shopify.com/s/files/1/0935/9550/0847/files/Infinity-Top-Hair-Anti-Hair-Loss-Lotion-120ml-2.webp?v=1754299072,منتج لوشن إنفينيتي توب للشعر المضاد لتساقط الشعر 120 مل من AlFouad Pharmacies. التصنيف المرجعي: العناية بالشعر — بسيط. الوسوم المرجعية: Hair Care، Hair Concerns، Hair Loss، Hair Spray.,https://alfouadpharmacies.com/en/products/infinity-top-hair-anti-hair-loss-lotion-120ml,AlFouad Pharmacies,Verify usage rights before commercial publication,غير مثبت,غير مثبت,مرجعي فقط — غير معتمد للنشر التجاري,بيانات مرجعية متاحة؛ يلزم تحقق PM,ضمن الفحص المبدئي
10569729704239,infinity-top-hair-anti-hair-loss-lotion-120ml11,لوشن إنفينيتي توب للشعر ضد تساقط الشعر 120 مل (1+1),AlFouad Pharmacies,العناية بالشعر,العناية بالشعر,1,بسيط,103678,230,69,161,,متاح لدى المصدر,https://cdn.shopify.com/s/files/1/0935/9550/0847/files/Infinity-Top-Hair-Anti-Hair-Loss-Lotion-120ml11.webp?v=1754299073,منتج لوشن إنفينيتي توب للشعر ضد تساقط الشعر 120 مل (1+1) من AlFouad Pharmacies. التصنيف المرجعي: العناية بالشعر — بسيط. الوسوم المرجعية: Hair Care، Hair Concerns، Hair Loss، Hair Spray.,https://alfouadpharmacies.com/en/products/infinity-top-hair-anti-hair-loss-lotion-120ml11,AlFouad Pharmacies,Verify usage rights before commercial publication,غير مثبت,غير مثبت,مرجعي فقط — غير معتمد للنشر التجاري,بيانات مرجعية متاحة؛ يلزم تحقق PM,ضمن الفحص المبدئي
12689458004271,innox-anti-dandruff-hair-lotion-100ml,لوشن إينوكس المضاد للقشرة للشعر 100 مل,Innox,العناية بالشعر,العناية بالشعر,1,,13159,450,135,315,0,غير متاح لدى المصدر,https://cdn.shopify.com/s/files/1/0935/9550/0847/files/INNOXANTI-DANDRUFFHAIRLOTION100ML2.webp?v=1772099458,منتج لوشن إينوكس المضاد للقشرة للشعر 100 مل من Innox. التصنيف المرجعي: العناية بالشعر. الوسوم المرجعية: Dandruff، Hair Care، Hair Spray، Hair Treatment.,https://alfouadpharmacies.com/en/products/innox-anti-dandruff-hair-lotion-100ml,AlFouad Pharmacies,Verify usage rights before commercial publication,غير مثبت,غير مثبت,مرجعي فقط — غير معتمد للنشر التجاري,بيانات مرجعية متاحة؛ يلزم تحقق PM,ضمن الفحص المبدئي
10569732784431,tola-hair-lotion-120ml-11-off,لوشن تولا للشعر 120 مل، عرض 1+1,AlFouad Pharmacies,العناية بالشعر,العناية بالشعر,1,بسيط,101845,349,104.7,244.3,,متاح لدى المصدر,https://cdn.shopify.com/s/files/1/0935/9550/0847/files/Tola-Hair-Lotion-120ml-11-Off.webp?v=1754299026,منتج لوشن تولا للشعر 120 مل، عرض 1+1 من AlFouad Pharmacies. التصنيف المرجعي: العناية بالشعر — بسيط. الوسوم المرجعية: Hair Care، Hair Concerns، Hair Loss، Hair Offers.,https://alfouadpharmacies.com/en/products/tola-hair-lotion-120ml-11-off,AlFouad Pharmacies,Verify usage rights before commercial publication,غير مثبت,غير مثبت,مرجعي فقط — غير معتمد للنشر التجاري,بيانات مرجعية متاحة؛ يلزم تحقق PM,ضمن الفحص المبدئي
12689552638255,twist-go-intensive-treatment-hair-lotion-125ml,لوشن تويست آند جو للعناية المكثفة بالشعر 125 مل ,TWIST&GO,العناية بالشعر,العناية بالشعر,1,,112641,800,240,560,,متاح لدى المصدر,https://cdn.shopify.com/s/files/1/0935/9550/0847/files/Twist_Go_Length_Intensive_Lotion_125ml_ECOM.webp?v=1771925928,منتج لوشن تويست آند جو للعناية المكثفة بالشعر 125 مل  من TWIST&GO. التصنيف المرجعي: العناية بالشعر. الوسوم المرجعية: Dry & Damadged Hair، Hair Care، Hair Defining & Volume، Hair Loss، Hair Spray.,https://alfouadpharmacies.com/en/products/twist-go-intensive-treatment-hair-lotion-125ml,AlFouad Pharmacies,Verify usage rights before commercial publication,غير مثبت,غير مثبت,مرجعي فقط — غير معتمد للنشر التجاري,بيانات مرجعية متاحة؛ يلزم تحقق PM,ضمن الفحص المبدئي
10569727476015,dermactive-tricho-act-anti-hair-loss-lotion-120ml,لوشن ديرم اكتيف للتساقط 120 مل,DERMACTIVE,العناية بالشعر,العناية بالشعر,1,بسيط,3238,299,89.7,209.3,,متاح لدى المصدر,https://cdn.shopify.com/s/files/1/0935/9550/0847/files/Dermactive-Tricho-Act-Anti-Hair-Loss-Lotion-120ml.webp?v=1754299111,منتج لوشن ديرم اكتيف للتساقط 120 مل من DERMACTIVE. التصنيف المرجعي: العناية بالشعر — بسيط. الوسوم المرجعية: Hair Care، Hair Concerns، Hair Loss، Hair Spray.,https://alfouadpharmacies.com/en/products/dermactive-tricho-act-anti-hair-loss-lotion-120ml,AlFouad Pharmacies,Verify usage rights before commercial publication,غير مثبت,غير مثبت,مرجعي فقط — غير معتمد للنشر التجاري,بيانات مرجعية متاحة؛ يلزم تحقق PM,ضمن الفحص المبدئي
10569731899695,strongville-hair-lotion-men-100ml,لوشن سترونج فيل للشعر للرجال – 100 مل,Strongville,العناية بالشعر,العناية بالشعر,1,العناية بالشعر,96735,295,88.5,206.5,,متاح لدى المصدر,https://cdn.shopify.com/s/files/1/0935/9550/0847/files/Strongville-Hair-Lotion-Men-100ml.webp?v=1754299043,منتج لوشن سترونج فيل للشعر للرجال – 100 مل من Strongville. التصنيف المرجعي: العناية بالشعر — العناية بالشعر. الوسوم المرجعية: Hair Care، Hair Concerns، Hair Loss، Men Hair، Strongville.,https://alfouadpharmacies.com/en/products/strongville-hair-lotion-men-100ml,AlFouad Pharmacies,Verify usage rights before commercial publication,غير مثبت,غير مثبت,مرجعي فقط — غير معتمد للنشر التجاري,بيانات مرجعية متاحة؛ يلزم تحقق PM,ضمن الفحص المبدئي
16139242537263,لوشن-كامينوموتو-لنمو-الشعر-المطور-180-مل,لوشن كامينوموتو لنمو الشعر المطور 180 مل,Kamino Moto,العناية بالشعر,العناية بالشعر,1,علاج تساقط الشعر ,4934,2300,690,1610,,متاح لدى المصدر,https://cdn.shopify.com/s/files/1/0935/9550/0847/files/kaminomoto_accelerator_ii_upgrade_1615x1615_1f91ab19-175b-4b12-bad8-27a7569aa5d3.webp?v=1787656836,منتج لوشن كامينوموتو لنمو الشعر المطور 180 مل من Kamino Moto. التصنيف المرجعي: العناية بالشعر — علاج تساقط الشعر . الوسوم المرجعية: Hair Care، Hair Concerns، Hair Growth، Hair Loss.,https://alfouadpharmacies.com/en/products/لوشن-كامينوموتو-لنمو-الشعر-المطور-180-مل,AlFouad Pharmacies,Verify usage rights before commercial publication,غير مثبت,غير مثبت,مرجعي فقط — غير معتمد للنشر التجاري,بيانات مرجعية متاحة؛ يلزم تحقق PM,ضمن الفحص المبدئي
12689553064239,root-to-end-anti-hair-loss-lotion-250ml,لوشن مضاد لتساقط الشعر من الجذور إلى الأطراف 250 مل ,Root to End,العناية بالشعر,العناية بالشعر,1,,112972,600,180,420,,متاح لدى المصدر,https://cdn.shopify.com/s/files/1/0935/9550/0847/files/Root_to_End_Lotion_250ml_1615x1615_2d874332-058b-49fb-8b60-eac2dc992c2a.webp?v=1772272416,منتج لوشن مضاد لتساقط الشعر من الجذور إلى الأطراف 250 مل  من Root to End. التصنيف المرجعي: العناية بالشعر. الوسوم المرجعية: Hair Care، Hair Loss، Hair Spray.,https://alfouadpharmacies.com/en/products/root-to-end-anti-hair-loss-lotion-250ml,AlFouad Pharmacies,Verify usage rights before commercial publication,غير مثبت,غير مثبت,مرجعي فقط — غير معتمد للنشر التجاري,بيانات مرجعية متاحة؛ يلزم تحقق PM,ضمن الفحص المبدئي
10570011050287,nawah-hair-lotion-200ml,لوشن نواه للشعر - 200 مل,NAWAH,العناية بالشعر,العناية بالشعر,1,بسيط,15121,450,135,315,,متاح لدى المصدر,https://cdn.shopify.com/s/files/1/0935/9550/0847/files/nawah-hair-lotion-200ml.webp?v=1790497951,منتج لوشن نواه للشعر - 200 مل من NAWAH. التصنيف المرجعي: العناية بالشعر — بسيط. الوسوم المرجعية: Dry & Damadged Hair، Dry & Damage Hair، Hair Care، Hair Loss، Hair Oil، Hair Spray.,https://alfouadpharmacies.com/en/products/nawah-hair-lotion-200ml,AlFouad Pharmacies,Verify usage rights before commercial publication,غير مثبت,غير مثبت,مرجعي فقط — غير معتمد للنشر التجاري,بيانات مرجعية متاحة؛ يلزم تحقق PM,ضمن الفحص المبدئي
10569902719279,loreal-elvive-full-resist-oil-replacment-300ml,لوضع بديل الزيت من لوريال إلفيف فول ريزيست 300 مل,LOREAL PCD,العناية بالشعر,العناية بالشعر,1,بسيط,96951,193,57.9,135.1,,متاح لدى المصدر,https://cdn.shopify.com/s/files/1/0935/9550/0847/files/Loreal-Elvive-Full-Resist-Oil-Replacment-300ML.webp?v=1754298098,منتج لوضع بديل الزيت من لوريال إلفيف فول ريزيست 300 مل من LOREAL PCD. التصنيف المرجعي: العناية بالشعر — بسيط. الوسوم المرجعية: Hair Care، Hair Concerns، Hair Cream، Hair Loss.,https://alfouadpharmacies.com/en/products/loreal-elvive-full-resist-oil-replacment-300ml,AlFouad Pharmacies,Verify usage rights before commercial publication,غير مثبت,غير مثبت,مرجعي فقط — غير معتمد للنشر التجاري,بيانات مرجعية متاحة؛ يلزم تحقق PM,ضمن الفحص المبدئي
10569960030511,the-hair-addict-temp-tone-frosty-blonde-88ml,لون الشعر المؤقت من ذا هير أديكت، درجة لون فروستي بلوند، 88 مل.,The Hair Addict,العناية بالشعر,العناية بالشعر,1,بسيط,112658,299,89.7,209.3,0,متاح لدى المصدر,https://cdn.shopify.com/s/files/1/0935/9550/0847/files/The-Hair-Addict-Temp-Tone-Frosty-Blonde-88ml.webp?v=1754297560,منتج لون الشعر المؤقت من ذا هير أديكت، درجة لون فروستي بلوند، 88 مل. من The Hair Addict. التصنيف المرجعي: العناية بالشعر — بسيط. الوسوم المرجعية: Colored Hair، Hair Care، Hair Color، Hair Concerns.,https://alfouadpharmacies.com/en/products/the-hair-addict-temp-tone-frosty-blonde-88ml,AlFouad Pharmacies,Verify usage rights before commercial publication,غير مثبت,غير مثبت,مرجعي فقط — غير معتمد للنشر التجاري,بيانات مرجعية متاحة؛ يلزم تحقق PM,ضمن الفحص المبدئي
10569959407919,the-hair-addict-temp-tone-copper-flash-88ml,لون الشعر المؤقت من هير أديكت، لون نحاسي ساطع، 88 مل,The Hair Addict,العناية بالشعر,العناية بالشعر,1,بسيط,112652,299,89.7,209.3,0,متاح لدى المصدر,https://cdn.shopify.com/s/files/1/0935/9550/0847/files/The-Hair-Addict-Temp-Tone-Copper-Flash-88ML.webp?v=1754297566,منتج لون الشعر المؤقت من هير أديكت، لون نحاسي ساطع، 88 مل من The Hair Addict. التصنيف المرجعي: العناية بالشعر — بسيط. الوسوم المرجعية: Colored Hair، Hair Care، Hair Color، Hair Concerns.,https://alfouadpharmacies.com/en/products/the-hair-addict-temp-tone-copper-flash-88ml,AlFouad Pharmacies,Verify usage rights before commercial publication,غير مثبت,غير مثبت,مرجعي فقط — غير معتمد للنشر التجاري,بيانات مرجعية متاحة؛ يلزم تحقق PM,ضمن الفحص المبدئي
10572103680303,palette-intensive-color-50-light-brown,لون الشعر باليت المكثف (5-0) بني فاتح,Palette,العناية بالشعر,العناية بالشعر,1,بسيط,92503,145,43.5,101.5,,متاح لدى المصدر,https://cdn.shopify.com/s/files/1/0935/9550/0847/files/Palette-Intensive-Color-5_E2_80_930-Light-Brown.webp?v=1754296989,منتج لون الشعر باليت المكثف (5-0) بني فاتح من Palette. التصنيف المرجعي: العناية بالشعر — بسيط. الوسوم المرجعية: Colored Hair، Hair Care، Hair Color، Hair Concerns.,https://alfouadpharmacies.com/en/products/palette-intensive-color-50-light-brown,AlFouad Pharmacies,Verify usage rights before commercial publication,غير مثبت,غير مثبت,مرجعي فقط — غير معتمد للنشر التجاري,بيانات مرجعية متاحة؛ يلزم تحقق PM,ضمن الفحص المبدئي
10572103123247,palette-intensive-color-368-dark-mahogany,لون باليت المكثف (3-68) خشب الماهوجني الداكن,Palette,العناية بالشعر,العناية بالشعر,1,بسيط,111472,145,43.5,101.5,,متاح لدى المصدر,https://cdn.shopify.com/s/files/1/0935/9550/0847/files/Palette-Intensive-Color-3_E2_80_9368-Dark-Mahogany-Off-2.webp?v=1754296993,منتج لون باليت المكثف (3-68) خشب الماهوجني الداكن من Palette. التصنيف المرجعي: العناية بالشعر — بسيط. الوسوم المرجعية: Colored Hair، Hair Care، Hair Color، Hair Concerns.,https://alfouadpharmacies.com/en/products/palette-intensive-color-368-dark-mahogany,AlFouad Pharmacies,Verify usage rights before commercial publication,غير مثبت,غير مثبت,مرجعي فقط — غير معتمد للنشر التجاري,بيانات مرجعية متاحة؛ يلزم تحقق PM,ضمن الفحص المبدئي
10572103450927,palette-intensive-color-40-sparkling-brown-off,لون باليت المكثف (4-0) بني لامع أوف,Palette,العناية بالشعر,العناية بالشعر,1,بسيط,13346,116,34.8,81.2,,غير متاح لدى المصدر,https://cdn.shopify.com/s/files/1/0935/9550/0847/files/Palette-Intensive-Color-4_E2_80_930-Sparkling-Brown-Off.webp?v=1754296991,منتج لون باليت المكثف (4-0) بني لامع أوف من Palette. التصنيف المرجعي: العناية بالشعر — بسيط. الوسوم المرجعية: Colored Hair، Hair Care، Hair Color، Hair Concerns.,https://alfouadpharmacies.com/en/products/palette-intensive-color-40-sparkling-brown-off,AlFouad Pharmacies,Verify usage rights before commercial publication,غير مثبت,غير مثبت,مرجعي فقط — غير معتمد للنشر التجاري,بيانات مرجعية متاحة؛ يلزم تحقق PM,ضمن الفحص المبدئي
10572103549231,palette-intensive-color-460-lustr-mid-brown-off,لون باليت المكثف (4-60) بني متوسط لامع,Palette,العناية بالشعر,العناية بالشعر,1,بسيط,13396,116,34.8,81.2,,غير متاح لدى المصدر,https://cdn.shopify.com/s/files/1/0935/9550/0847/files/Palette-Intensive-Color-4_E2_80_9360-Lustr-mid-Brown-Off.webp?v=1754296990,منتج لون باليت المكثف (4-60) بني متوسط لامع من Palette. التصنيف المرجعي: العناية بالشعر — بسيط. الوسوم المرجعية: Colored Hair، Hair Care، Hair Color، Hair Concerns.,https://alfouadpharmacies.com/en/products/palette-intensive-color-460-lustr-mid-brown-off,AlFouad Pharmacies,Verify usage rights before commercial publication,غير مثبت,غير مثبت,مرجعي فقط — غير معتمد للنشر التجاري,بيانات مرجعية متاحة؛ يلزم تحقق PM,ضمن الفحص المبدئي
10572104827183,palette-intensive-color-765-sparkling-nougat-off,لون باليت المكثف (7-65) نوجات لامع أوف,Palette,العناية بالشعر,العناية بالشعر,1,بسيط,107772,116,34.8,81.2,,متاح لدى المصدر,https://cdn.shopify.com/s/files/1/0935/9550/0847/files/Palette-Intensive-Color-7_E2_80_9365-Sparkling-Nougat-Of.webp?v=1754296982,منتج لون باليت المكثف (7-65) نوجات لامع أوف من Palette. التصنيف المرجعي: العناية بالشعر — بسيط. الوسوم المرجعية: Colored Hair، Hair Care، Hair Color، Hair Concerns.,https://alfouadpharmacies.com/en/products/palette-intensive-color-765-sparkling-nougat-off,AlFouad Pharmacies,Verify usage rights before commercial publication,غير مثبت,غير مثبت,مرجعي فقط — غير معتمد للنشر التجاري,بيانات مرجعية متاحة؛ يلزم تحقق PM,ضمن الفحص المبدئي
10572105810223,palette-natural-color-80-light-blond,لون طبيعي من باليت (8-0) أشقر فاتح,Palette,العناية بالشعر,العناية بالشعر,1,بسيط,13467,145,43.5,101.5,,متاح لدى المصدر,https://cdn.shopify.com/s/files/1/0935/9550/0847/files/Palette-Natural-Color-8_E2_80_930-Light-Blond.webp?v=1754296976,منتج لون طبيعي من باليت (8-0) أشقر فاتح من Palette. التصنيف المرجعي: العناية بالشعر — بسيط. الوسوم المرجعية: Colored Hair، Hair Care، Hair Color، Hair Concerns.,https://alfouadpharmacies.com/en/products/palette-natural-color-80-light-blond,AlFouad Pharmacies,Verify usage rights before commercial publication,غير مثبت,غير مثبت,مرجعي فقط — غير معتمد للنشر التجاري,بيانات مرجعية متاحة؛ يلزم تحقق PM,ضمن الفحص المبدئي
10569899901231,loreal-excellence-10-black,لوरियल إكسيلانس 1.0 (أسود),LOREAL COLOR,العناية بالشعر,العناية بالشعر,1,بسيط,28806,370,111,259,,متاح لدى المصدر,https://cdn.shopify.com/s/files/1/0935/9550/0847/files/Loreal-Excellence-1.0-Black.webp?v=1754298143,منتج لوरियल إكسيلانس 1.0 (أسود) من LOREAL COLOR. التصنيف المرجعي: العناية بالشعر — بسيط. الوسوم المرجعية: Colored Hair، Hair Care، Hair Color، Hair Concerns.,https://alfouadpharmacies.com/en/products/loreal-excellence-10-black,AlFouad Pharmacies,Verify usage rights before commercial publication,غير مثبت,غير مثبت,مرجعي فقط — غير معتمد للنشر التجاري,بيانات مرجعية متاحة؛ يلزم تحقق PM,ضمن الفحص المبدئي
10569900097839,loreal-excellence-5-light-brown,لوरियल إكسيلانس 5 (بني فاتح),LOREAL COLOR,العناية بالشعر,العناية بالشعر,1,بسيط,94614,370,111,259,,متاح لدى المصدر,https://cdn.shopify.com/s/files/1/0935/9550/0847/files/Loreal-Excellence-5-Light-Brown.webp?v=1754298141,منتج لوरियल إكسيلانس 5 (بني فاتح) من LOREAL COLOR. التصنيف المرجعي: العناية بالشعر — بسيط. الوسوم المرجعية: Colored Hair، Hair Care، Hair Color، Hair Concerns.,https://alfouadpharmacies.com/en/products/loreal-excellence-5-light-brown,AlFouad Pharmacies,Verify usage rights before commercial publication,غير مثبت,غير مثبت,مرجعي فقط — غير معتمد للنشر التجاري,بيانات مرجعية متاحة؛ يلزم تحقق PM,ضمن الفحص المبدئي
10569900196143,loreal-excellence-67-chocolate-brown,لوरियल إكسيلانس 6.7 (بني شوكولاتة),LOREAL COLOR,العناية بالشعر,العناية بالشعر,1,بسيط,107946,370,111,259,,متاح لدى المصدر,https://cdn.shopify.com/s/files/1/0935/9550/0847/files/Loreal-Excellence-6.7-Chocolate-Brown.webp?v=1754298139,منتج لوरियल إكسيلانس 6.7 (بني شوكولاتة) من LOREAL COLOR. التصنيف المرجعي: العناية بالشعر — بسيط. الوسوم المرجعية: Colored Hair، Hair Care، Hair Color، Hair Concerns.,https://alfouadpharmacies.com/en/products/loreal-excellence-67-chocolate-brown,AlFouad Pharmacies,Verify usage rights before commercial publication,غير مثبت,غير مثبت,مرجعي فقط — غير معتمد للنشر التجاري,بيانات مرجعية متاحة؛ يلزم تحقق PM,ضمن الفحص المبدئي
10569900294447,loreal-excellence-71-ash-blonde,لوरियल إكسيلانس 7.1 (شقراء رمادية),LOREAL COLOR,العناية بالشعر,العناية بالشعر,1,بسيط,28797,370,111,259,,متاح لدى المصدر,https://cdn.shopify.com/s/files/1/0935/9550/0847/files/Loreal-Excellence-7.1-Ash-Blonde.webp?v=1754298138,منتج لوरियल إكسيلانس 7.1 (شقراء رمادية) من LOREAL COLOR. التصنيف المرجعي: العناية بالشعر — بسيط. الوسوم المرجعية: Colored Hair، Hair Care، Hair Color، Hair Concerns.,https://alfouadpharmacies.com/en/products/loreal-excellence-71-ash-blonde,AlFouad Pharmacies,Verify usage rights before commercial publication,غير مثبت,غير مثبت,مرجعي فقط — غير معتمد للنشر التجاري,بيانات مرجعية متاحة؛ يلزم تحقق PM,ضمن الفحص المبدئي
10569900327215,loreal-excellence-712-cool-pearl-blonde,لوरियल إكسيلانس 7.12 (بلون أشقر بيرلي بارد),LOREAL COLOR,العناية بالشعر,العناية بالشعر,1,بسيط,97497,370,111,259,,متاح لدى المصدر,https://cdn.shopify.com/s/files/1/0935/9550/0847/files/Loreal-Excellence-7.12-Cool-Pearl-Blonde.webp?v=1754298137,منتج لوरियल إكسيلانس 7.12 (بلون أشقر بيرلي بارد) من LOREAL COLOR. التصنيف المرجعي: العناية بالشعر — بسيط. الوسوم المرجعية: Colored Hair، Hair Care، Hair Color، Hair Concerns.,https://alfouadpharmacies.com/en/products/loreal-excellence-712-cool-pearl-blonde,AlFouad Pharmacies,Verify usage rights before commercial publication,غير مثبت,غير مثبت,مرجعي فقط — غير معتمد للنشر التجاري,بيانات مرجعية متاحة؛ يلزم تحقق PM,ضمن الفحص المبدئي
10569900491055,loreal-excellence-812-mythic-blonde,لوरियल إكسيلانس 8.12 (بلون ذهبي أسطوري),LOREAL COLOR,العناية بالشعر,العناية بالشعر,1,بسيط,106483,370,111,259,,متاح لدى المصدر,https://cdn.shopify.com/s/files/1/0935/9550/0847/files/Loreal-Excellence-8.12-Mythic-Blonde.webp?v=1754298134,منتج لوरियल إكسيلانس 8.12 (بلون ذهبي أسطوري) من LOREAL COLOR. التصنيف المرجعي: العناية بالشعر — بسيط. الوسوم المرجعية: Colored Hair، Hair Care، Hair Color، Hair Concerns.,https://alfouadpharmacies.com/en/products/loreal-excellence-812-mythic-blonde,AlFouad Pharmacies,Verify usage rights before commercial publication,غير مثبت,غير مثبت,مرجعي فقط — غير معتمد للنشر التجاري,بيانات مرجعية متاحة؛ يلزم تحقق PM,ضمن الفحص المبدئي
10569900556591,loreal-excellence-91-vl-ash-blonde,لوरियल إكسيلانس 9.1 (بلون أشقر رمادي فاتح جداً),LOREAL COLOR,العناية بالشعر,العناية بالشعر,1,بسيط,109109,370,111,259,,متاح لدى المصدر,https://cdn.shopify.com/s/files/1/0935/9550/0847/files/Loreal-Excellence-9.1-V.L-Ash-Blonde.webp?v=1754298134,منتج لوरियल إكسيلانس 9.1 (بلون أشقر رمادي فاتح جداً) من LOREAL COLOR. التصنيف المرجعي: العناية بالشعر — بسيط. الوسوم المرجعية: Colored Hair، Hair Care، Hair Color، Hair Concerns.,https://alfouadpharmacies.com/en/products/loreal-excellence-91-vl-ash-blonde,AlFouad Pharmacies,Verify usage rights before commercial publication,غير مثبت,غير مثبت,مرجعي فقط — غير معتمد للنشر التجاري,بيانات مرجعية متاحة؛ يلزم تحقق PM,ضمن الفحص المبدئي
12689679876399,loreal-prodigy-50-light-brown,لوरियल بروديجي 5.0 (بني فاتح),LOREAL COLOR,العناية بالشعر,العناية بالشعر,1,بسيط,80021,450,135,315,,متاح لدى المصدر,https://cdn.shopify.com/s/files/1/0935/9550/0847/files/2_2.webp?v=1771755233,منتج لوरियल بروديجي 5.0 (بني فاتح) من LOREAL COLOR. التصنيف المرجعي: العناية بالشعر — بسيط. الوسوم المرجعية: Colored Hair، Hair Care، Hair Color، Hair Concerns.,https://alfouadpharmacies.com/en/products/loreal-prodigy-50-light-brown,AlFouad Pharmacies,Verify usage rights before commercial publication,غير مثبت,غير مثبت,مرجعي فقط — غير معتمد للنشر التجاري,بيانات مرجعية متاحة؛ يلزم تحقق PM,ضمن الفحص المبدئي
10569850061103,loreal-prof-powerdose-color-15x10ml-amp,لوरियल بروفيشنال باور دوز كولور 15×10 مل أمبول,LOREAL PROF,العناية بالشعر,العناية بالشعر,1,بسيط,104882,399,119.7,279.3,0,غير متاح لدى المصدر,https://cdn.shopify.com/s/files/1/0935/9550/0847/files/Loreal-Prof.-Powerdose-Color-15X10ML-Amp.webp?v=1754298437,منتج لوरियल بروفيشنال باور دوز كولور 15×10 مل أمبول من LOREAL PROF. التصنيف المرجعي: العناية بالشعر — بسيط. الوسوم المرجعية: Colored Hair، Deep Repair، Hair Care، Hair Color، Hair Concerns، Hair Vials.,https://alfouadpharmacies.com/en/products/loreal-prof-powerdose-color-15x10ml-amp,AlFouad Pharmacies,Verify usage rights before commercial publication,غير مثبت,غير مثبت,مرجعي فقط — غير معتمد للنشر التجاري,بيانات مرجعية متاحة؛ يلزم تحقق PM,ضمن الفحص المبدئي
10569899442479,loreal-casting-creme-no200-deep-black,لوरियल كاستينغ كريم رقم 200 (أسود داكن),LOREAL COLOR,العناية بالشعر,العناية بالشعر,1,بسيط,97269,495,148.5,346.5,,متاح لدى المصدر,https://cdn.shopify.com/s/files/1/0935/9550/0847/files/Loreal-Casting-Creme-NO.200-Deep-Black.webp?v=1754298150,منتج لوरियल كاستينغ كريم رقم 200 (أسود داكن) من LOREAL COLOR. التصنيف المرجعي: العناية بالشعر — بسيط. الوسوم المرجعية: Colored Hair، Hair Care، Hair Color، Hair Concerns.,https://alfouadpharmacies.com/en/products/loreal-casting-creme-no200-deep-black,AlFouad Pharmacies,Verify usage rights before commercial publication,غير مثبت,غير مثبت,مرجعي فقط — غير معتمد للنشر التجاري,بيانات مرجعية متاحة؛ يلزم تحقق PM,ضمن الفحص المبدئي
10569899475247,loreal-casting-creme-no300-dark-brown,لوरियल كاستينغ كريم رقم 300 (بني داكن),LOREAL COLOR,العناية بالشعر,العناية بالشعر,1,بسيط,13217,495,148.5,346.5,,متاح لدى المصدر,https://cdn.shopify.com/s/files/1/0935/9550/0847/files/Loreal-Casting-Creme-NO.300-Dark-Brown.webp?v=1754298150,منتج لوरियल كاستينغ كريم رقم 300 (بني داكن) من LOREAL COLOR. التصنيف المرجعي: العناية بالشعر — بسيط. الوسوم المرجعية: Colored Hair، Hair Care، Hair Color، Hair Concerns.,https://alfouadpharmacies.com/en/products/loreal-casting-creme-no300-dark-brown,AlFouad Pharmacies,Verify usage rights before commercial publication,غير مثبت,غير مثبت,مرجعي فقط — غير معتمد للنشر التجاري,بيانات مرجعية متاحة؛ يلزم تحقق PM,ضمن الفحص المبدئي
10569899573551,loreal-casting-creme-no400-brown,لوरियल كاستينغ كريم رقم 400 (بني),LOREAL COLOR,العناية بالشعر,العناية بالشعر,1,بسيط,109133,495,148.5,346.5,,متاح لدى المصدر,https://cdn.shopify.com/s/files/1/0935/9550/0847/files/Loreal-Casting-Creme-NO.400-Brown.webp?v=1754298148,منتج لوरियल كاستينغ كريم رقم 400 (بني) من LOREAL COLOR. التصنيف المرجعي: العناية بالشعر — بسيط. الوسوم المرجعية: Colored Hair، Hair Care، Hair Color، Hair Concerns.,https://alfouadpharmacies.com/en/products/loreal-casting-creme-no400-brown,AlFouad Pharmacies,Verify usage rights before commercial publication,غير مثبت,غير مثبت,مرجعي فقط — غير معتمد للنشر التجاري,بيانات مرجعية متاحة؛ يلزم تحقق PM,ضمن الفحص المبدئي
10569899606319,loreal-casting-creme-no500-light-brown,لوरियल كاستينغ كريم رقم 500 (بني فاتح),LOREAL COLOR,العناية بالشعر,العناية بالشعر,1,بسيط,8829,495,148.5,346.5,,متاح لدى المصدر,https://cdn.shopify.com/s/files/1/0935/9550/0847/files/Loreal-Casting-Creme-NO.500-Light-Brown.webp?v=1754298147,منتج لوरियल كاستينغ كريم رقم 500 (بني فاتح) من LOREAL COLOR. التصنيف المرجعي: العناية بالشعر — بسيط. الوسوم المرجعية: Colored Hair، Hair Care، Hair Color، Hair Concerns.,https://alfouadpharmacies.com/en/products/loreal-casting-creme-no500-light-brown,AlFouad Pharmacies,Verify usage rights before commercial publication,غير مثبت,غير مثبت,مرجعي فقط — غير معتمد للنشر التجاري,بيانات مرجعية متاحة؛ يلزم تحقق PM,ضمن الفحص المبدئي
10569899737391,loreal-casting-creme-no600-dark-blone,لوरियल كاستينغ كريم رقم 600 (شقراء داكنة),LOREAL COLOR,العناية بالشعر,العناية بالشعر,1,بسيط,8830,495,148.5,346.5,,متاح لدى المصدر,https://cdn.shopify.com/s/files/1/0935/9550/0847/files/Loreal-Casting-Creme-NO.600-Dark-Blone.webp?v=1754298145,منتج لوरियल كاستينغ كريم رقم 600 (شقراء داكنة) من LOREAL COLOR. التصنيف المرجعي: العناية بالشعر — بسيط. الوسوم المرجعية: Colored Hair، Hair Care، Hair Color، Hair Concerns.,https://alfouadpharmacies.com/en/products/loreal-casting-creme-no600-dark-blone,AlFouad Pharmacies,Verify usage rights before commercial publication,غير مثبت,غير مثبت,مرجعي فقط — غير معتمد للنشر التجاري,بيانات مرجعية متاحة؛ يلزم تحقق PM,ضمن الفحص المبدئي
10569899770159,loreal-casting-creme-no630-light-dark-blond,لوरियल كاستينغ كريم رقم 630 (شقراء داكنة فاتحة),LOREAL COLOR,العناية بالشعر,العناية بالشعر,1,بسيط,8818,495,148.5,346.5,,غير متاح لدى المصدر,https://cdn.shopify.com/s/files/1/0935/9550/0847/files/Loreal-Casting-Creme-NO.630-Light-Dark-Blond.webp?v=1754298144,منتج لوरियल كاستينغ كريم رقم 630 (شقراء داكنة فاتحة) من LOREAL COLOR. التصنيف المرجعي: العناية بالشعر — بسيط. الوسوم المرجعية: Colored Hair، Hair Care، Hair Color، Hair Concerns.,https://alfouadpharmacies.com/en/products/loreal-casting-creme-no630-light-dark-blond,AlFouad Pharmacies,Verify usage rights before commercial publication,غير مثبت,غير مثبت,مرجعي فقط — غير معتمد للنشر التجاري,بيانات مرجعية متاحة؛ يلزم تحقق PM,ضمن الفحص المبدئي
16018962055471,lixora-sk-anti-hair-loss-serum-50ml,ليكسورا SK أرومال سيروم للشعر ضد التساقط مع حماية من الأشعة فوق البنفسجية 50 مل,LIXORA,العناية بالشعر,العناية بالشعر,1,سيرم ضد التساقط ,3268,600,180,420,,متاح لدى المصدر,https://cdn.shopify.com/s/files/1/0935/9550/0847/files/Aromalhairserum.webp?v=1781010355,منتج ليكسورا SK أرومال سيروم للشعر ضد التساقط مع حماية من الأشعة فوق البنفسجية 50 مل من LIXORA. التصنيف المرجعي: العناية بالشعر — سيرم ضد التساقط . الوسوم المرجعية: Hair Care، Hair Loss، Hair Serum.,https://alfouadpharmacies.com/en/products/lixora-sk-anti-hair-loss-serum-50ml,AlFouad Pharmacies,Verify usage rights before commercial publication,غير مثبت,غير مثبت,مرجعي فقط — غير معتمد للنشر التجاري,بيانات مرجعية متاحة؛ يلزم تحقق PM,ضمن الفحص المبدئي
16018967527727,lixora-sk-anti-hair-loss-revitalizing-mask-250ml,ليكسورا SK أرومال ماسك مضاد لتساقط الشعر ومنشط للشعر 250 مل,LIXORA,العناية بالشعر,العناية بالشعر,1,ماسك ,111435,350,105,245,,متاح لدى المصدر,https://cdn.shopify.com/s/files/1/0935/9550/0847/files/Aromalantihairloss_Revitalizingmask_da285ce7-a02c-425f-a7d9-f1112449bd3e.webp?v=1781011342,منتج ليكسورا SK أرومال ماسك مضاد لتساقط الشعر ومنشط للشعر 250 مل من LIXORA. التصنيف المرجعي: العناية بالشعر — ماسك . الوسوم المرجعية: Hair Care، Hair Loss، Hair Mask، Hair Treatment.,https://alfouadpharmacies.com/en/products/lixora-sk-anti-hair-loss-revitalizing-mask-250ml,AlFouad Pharmacies,Verify usage rights before commercial publication,غير مثبت,غير مثبت,مرجعي فقط — غير معتمد للنشر التجاري,بيانات مرجعية متاحة؛ يلزم تحقق PM,ضمن الفحص المبدئي
16018946818351,lixora-sk-anti-hair-loss-ampoules-8x5ml,ليكسورا SK أمبولات تساقط الشعر 5 مل ,LIXORA,العناية بالشعر,العناية بالشعر,1,امبولا لتقويه الشعر ,21361,850,255,595,,متاح لدى المصدر,https://cdn.shopify.com/s/files/1/0935/9550/0847/files/Intensivehairtherapy.webp?v=1781004415,منتج ليكسورا SK أمبولات تساقط الشعر 5 مل  من LIXORA. التصنيف المرجعي: العناية بالشعر — امبولا لتقويه الشعر . الوسوم المرجعية: Hair Ampouls، Hair Care، Hair Growth، Hair Loss، Hair Vials.,https://alfouadpharmacies.com/en/products/lixora-sk-anti-hair-loss-ampoules-8x5ml,AlFouad Pharmacies,Verify usage rights before commercial publication,غير مثبت,غير مثبت,مرجعي فقط — غير معتمد للنشر التجاري,بيانات مرجعية متاحة؛ يلزم تحقق PM,ضمن الفحص المبدئي
16018941641007,lixora-sk-anti-hair-loss-shampoo-250ml,ليكسورا SK شامبو الشعر الأقوى والأطول الخالي من السلفات 250 مل,LIXORA,العناية بالشعر,العناية بالشعر,1,شامبو ,111434,350,105,245,,متاح لدى المصدر,https://cdn.shopify.com/s/files/1/0935/9550/0847/files/1_61.webp?v=1781002798,منتج ليكسورا SK شامبو الشعر الأقوى والأطول الخالي من السلفات 250 مل من LIXORA. التصنيف المرجعي: العناية بالشعر — شامبو . الوسوم المرجعية: Hair Care، Hair Growth، Hair Loss، Hair Shampoo، Hair Treatment.,https://alfouadpharmacies.com/en/products/lixora-sk-anti-hair-loss-shampoo-250ml,AlFouad Pharmacies,Verify usage rights before commercial publication,غير مثبت,غير مثبت,مرجعي فقط — غير معتمد للنشر التجاري,بيانات مرجعية متاحة؛ يلزم تحقق PM,ضمن الفحص المبدئي
16018954420527,lixora-sk-anti-hair-loss-lotion-150ml,ليكسورا SK لوشن مضاد لتساقط الشعر 150 مل,LIXORA,العناية بالشعر,العناية بالشعر,1,عنايه بالشعر ,109948,460,138,322,,متاح لدى المصدر,https://cdn.shopify.com/s/files/1/0935/9550/0847/files/AntiHairlosslotion.webp?v=1781008655,منتج ليكسورا SK لوشن مضاد لتساقط الشعر 150 مل من LIXORA. التصنيف المرجعي: العناية بالشعر — عنايه بالشعر . الوسوم المرجعية: Hair Care، Hair Loss، Hair Treatment.,https://alfouadpharmacies.com/en/products/lixora-sk-anti-hair-loss-lotion-150ml,AlFouad Pharmacies,Verify usage rights before commercial publication,غير مثبت,غير مثبت,مرجعي فقط — غير معتمد للنشر التجاري,بيانات مرجعية متاحة؛ يلزم تحقق PM,ضمن الفحص المبدئي
10569727017263,clary-hair-water-keratin-smooth-anti-frizz-200ml,ماء كلاري للشعر بالكيراتين لتنعيم الشعر ومنع التجعد 200 مل ,Clear,العناية بالشعر,العناية بالشعر,1,للشعر الجاف ,85204,300,90,210,,متاح لدى المصدر,https://cdn.shopify.com/s/files/1/0935/9550/0847/files/1_3_fc5c1be7-b679-47a9-a5d7-7db57b5ad9ac.webp?v=1781947106,منتج ماء كلاري للشعر بالكيراتين لتنعيم الشعر ومنع التجعد 200 مل  من Clear. التصنيف المرجعي: العناية بالشعر — للشعر الجاف . الوسوم المرجعية: Anti-Frizz، clary، Hair Care، Hair Concerns، Hair Spray.,https://alfouadpharmacies.com/en/products/clary-hair-water-keratin-smooth-anti-frizz-200ml,AlFouad Pharmacies,Verify usage rights before commercial publication,غير مثبت,غير مثبت,مرجعي فقط — غير معتمد للنشر التجاري,بيانات مرجعية متاحة؛ يلزم تحقق PM,ضمن الفحص المبدئي
16151830659375,ماسك-كابيكسي-أدفانس-ريبير-ليف-إن-لترميم-الشعر,ماسك كابيكسي أدفانس ريبير ليف إن لترميم الشعر,CAPIXY,العناية بالشعر,العناية بالشعر,1,ماسك ,117745,450,135,315,,متاح لدى المصدر,https://cdn.shopify.com/s/files/1/0935/9550/0847/files/CapiXy_Leave_in_Mask_1615x1615_v2.webp?v=1788353653,منتج ماسك كابيكسي أدفانس ريبير ليف إن لترميم الشعر من CAPIXY. التصنيف المرجعي: العناية بالشعر — ماسك . الوسوم المرجعية: CAPIXY، Capixy Advance Repair، Hair Care، Hair Concerns، Hair Mask، Hair Treatment.,https://alfouadpharmacies.com/en/products/ماسك-كابيكسي-أدفانس-ريبير-ليف-إن-لترميم-الشعر,AlFouad Pharmacies,Verify usage rights before commercial publication,غير مثبت,غير مثبت,مرجعي فقط — غير معتمد للنشر التجاري,بيانات مرجعية متاحة؛ يلزم تحقق PM,ضمن الفحص المبدئي
16045915832623,كيراستاس-ديسبلين-ماسكيراتين-ماسك-للشعر-200-مل,ماسك كيرستاس ديسيبلين ماسكيراتين للتحكم في هيشان الشعر 200 مل,Kerastase,العناية بالشعر,العناية بالشعر,1,ماسك للشعر ,103051,3250,975,2275,,متاح لدى المصدر,https://cdn.shopify.com/s/files/1/0935/9550/0847/files/Kerastase_Discipline_Maskeratine_Hair_Mask_200ml.webp?v=1786365487,منتج ماسك كيرستاس ديسيبلين ماسكيراتين للتحكم في هيشان الشعر 200 مل من Kerastase. التصنيف المرجعي: العناية بالشعر — ماسك للشعر . الوسوم المرجعية: Hair Care، Kerastase.,https://alfouadpharmacies.com/en/products/كيراستاس-ديسبلين-ماسكيراتين-ماسك-للشعر-200-مل,AlFouad Pharmacies,Verify usage rights before commercial publication,غير مثبت,غير مثبت,مرجعي فقط — غير معتمد للنشر التجاري,بيانات مرجعية متاحة؛ يلزم تحقق PM,ضمن الفحص المبدئي
16102665486639,ماسك-كيرستاس-ريزيستانس-اكستنشنست-لتقوية-وإطالة-الشعر-200-مل,ماسك كيرستاس ريزيستانس اكستنشنست لتقوية وإطالة الشعر 200 مل,Kerastase,العناية بالشعر,العناية بالشعر,1,ماسك,99217,3250,975,2275,,متاح لدى المصدر,https://cdn.shopify.com/s/files/1/0935/9550/0847/files/KERAST__BAIN_RESIST_EXTENTION-THERMIQUE_150ML_jpg.webp?v=1786346298,منتج ماسك كيرستاس ريزيستانس اكستنشنست لتقوية وإطالة الشعر 200 مل من Kerastase. التصنيف المرجعي: العناية بالشعر — ماسك. الوسوم المرجعية: Hair Care، Hair Mask، Kerastase.,https://alfouadpharmacies.com/en/products/ماسك-كيرستاس-ريزيستانس-اكستنشنست-لتقوية-وإطالة-الشعر-200-مل,AlFouad Pharmacies,Verify usage rights before commercial publication,غير مثبت,غير مثبت,مرجعي فقط — غير معتمد للنشر التجاري,بيانات مرجعية متاحة؛ يلزم تحقق PM,ضمن الفحص المبدئي
10569837117743,loreal-prof-absolut-repair-mask-500ml,ماسك لوريال أبسلوت ريبير 500 مل,LOREAL PROF,العناية بالشعر,العناية بالشعر,1,ماسك ,102246,2520,756,1764,0,متاح لدى المصدر,https://cdn.shopify.com/s/files/1/0935/9550/0847/files/1_-_2026-07-08T095306.188.webp?v=1783493701,منتج ماسك لوريال أبسلوت ريبير 500 مل من LOREAL PROF. التصنيف المرجعي: العناية بالشعر — ماسك . الوسوم المرجعية: Deep Repair، Dry & Damadged Hair، Hair Care، Hair Concerns، Hair Mask.,https://alfouadpharmacies.com/en/products/loreal-prof-absolut-repair-mask-500ml,AlFouad Pharmacies,Verify usage rights before commercial publication,غير مثبت,غير مثبت,مرجعي فقط — غير معتمد للنشر التجاري,بيانات مرجعية متاحة؛ يلزم تحقق PM,ضمن الفحص المبدئي
15659295015215,ماسك-لوريال-بروفيسيونال-ابسلوت-ريبير-موليكولار-للشعر-التالف-250-مل,ماسك لوريال بروفيسيونال ابسلوت ريبير موليكولار للشعر التالف 250 مل,LOREAL PROF,العناية بالشعر,العناية بالشعر,1,Hair Care,112708,1950,585,1365,,متاح لدى المصدر,https://cdn.shopify.com/s/files/1/0935/9550/0847/files/1_-_2026-07-08T093518.590.webp?v=1783492633,منتج ماسك لوريال بروفيسيونال ابسلوت ريبير موليكولار للشعر التالف 250 مل من LOREAL PROF. التصنيف المرجعي: العناية بالشعر — Hair Care. الوسوم المرجعية: Dry & Damadged Hair، Dry & Damage Hair، Hair Care، Hair Mask.,https://alfouadpharmacies.com/en/products/ماسك-لوريال-بروفيسيونال-ابسلوت-ريبير-موليكولار-للشعر-التالف-250-مل,AlFouad Pharmacies,Verify usage rights before commercial publication,غير مثبت,غير مثبت,مرجعي فقط — غير معتمد للنشر التجاري,بيانات مرجعية متاحة؛ يلزم تحقق PM,ضمن الفحص المبدئي
10569851601199,ماسك-لوريال-بروفيسيونال-برو-لونجر-لتكثيف-الشعر-الطويل-250-مل,ماسك لوريال بروفيسيونال برو لونجر لتكثيف الشعر الطويل 250 مل,LOREAL PROF,العناية بالشعر,العناية بالشعر,1,ماسك,95396,1600,480,1120,0,متاح لدى المصدر,https://cdn.shopify.com/s/files/1/0935/9550/0847/files/1_-_2026-07-08T124111.485.webp?v=1783503712,منتج ماسك لوريال بروفيسيونال برو لونجر لتكثيف الشعر الطويل 250 مل من LOREAL PROF. التصنيف المرجعي: العناية بالشعر — ماسك. الوسوم المرجعية: Deep Repair، Hair Care، Hair Concerns، Hair Defining & Volume، Hair Mask، loreal prof، Weak & Thin.,https://alfouadpharmacies.com/en/products/ماسك-لوريال-بروفيسيونال-برو-لونجر-لتكثيف-الشعر-الطويل-250-مل,AlFouad Pharmacies,Verify usage rights before commercial publication,غير مثبت,غير مثبت,مرجعي فقط — غير معتمد للنشر التجاري,بيانات مرجعية متاحة؛ يلزم تحقق PM,ضمن الفحص المبدئي
10569848684847,ماسك-لوريال-بروفيسيونال-سيري-إكسبرت-ميتال-ديتوكس-500-مل,ماسك لوريال بروفيسيونال سيري إكسبرت ميتال ديتوكس (500 مل),LOREAL PROF,العناية بالشعر,العناية بالشعر,1,ماسك ,107159,2800,840,1960,0,متاح لدى المصدر,https://cdn.shopify.com/s/files/1/0935/9550/0847/files/1_-_2026-07-07T165744.329.webp?v=1783432797,منتج ماسك لوريال بروفيسيونال سيري إكسبرت ميتال ديتوكس (500 مل) من LOREAL PROF. التصنيف المرجعي: العناية بالشعر — ماسك . الوسوم المرجعية: Colored Hair، Deep Repair، Hair Care، Hair Concerns، loreal prof.,https://alfouadpharmacies.com/en/products/ماسك-لوريال-بروفيسيونال-سيري-إكسبرت-ميتال-ديتوكس-500-مل,AlFouad Pharmacies,Verify usage rights before commercial publication,غير مثبت,غير مثبت,مرجعي فقط — غير معتمد للنشر التجاري,بيانات مرجعية متاحة؛ يلزم تحقق PM,ضمن الفحص المبدئي
13013015855407,ماسك-لوريال-بروفيسيونال-فيتامينو-كلر-سبيكتروم-للشعر-المصبوغ-250-مل,ماسك لوريال بروفيسيونال فيتامينو كلر سبيكتروم للشعر المصبوغ 250 مل,LOREAL PROF,العناية بالشعر,العناية بالشعر,1,ماسك ,113861,1950,585,1365,,متاح لدى المصدر,https://cdn.shopify.com/s/files/1/0935/9550/0847/files/1_-_2026-07-08T164013.449.webp?v=1783518125,منتج ماسك لوريال بروفيسيونال فيتامينو كلر سبيكتروم للشعر المصبوغ 250 مل من LOREAL PROF. التصنيف المرجعي: العناية بالشعر — ماسك . الوسوم المرجعية: Colored Hair، Dry & Damage Hair، Hair Care، Hair Mask.,https://alfouadpharmacies.com/en/products/ماسك-لوريال-بروفيسيونال-فيتامينو-كلر-سبيكتروم-للشعر-المصبوغ-250-مل,AlFouad Pharmacies,Verify usage rights before commercial publication,غير مثبت,غير مثبت,مرجعي فقط — غير معتمد للنشر التجاري,بيانات مرجعية متاحة؛ يلزم تحقق PM,ضمن الفحص المبدئي
10569852911919,ماسك-لوريال-بروفيسيونال-فيتامينو-كلر-لحماية-الشعر-المصبوغ-250-مل,ماسك لوريال بروفيسيونال فيتامينو كلر لحماية الشعر المصبوغ 250 مل,LOREAL PROF,العناية بالشعر,العناية بالشعر,1,ماسك ,111385,1600,480,1120,0,متاح لدى المصدر,https://cdn.shopify.com/s/files/1/0935/9550/0847/files/1_-_2026-07-09T104602.709.webp?v=1783583231,منتج ماسك لوريال بروفيسيونال فيتامينو كلر لحماية الشعر المصبوغ 250 مل من LOREAL PROF. التصنيف المرجعي: العناية بالشعر — ماسك . الوسوم المرجعية: Anti-Frizz، Colored Hair، Hair Care، Hair Color، Hair Concerns، Hair Mask، loreal prof.,https://alfouadpharmacies.com/en/products/ماسك-لوريال-بروفيسيونال-فيتامينو-كلر-لحماية-الشعر-المصبوغ-250-مل,AlFouad Pharmacies,Verify usage rights before commercial publication,غير مثبت,غير مثبت,مرجعي فقط — غير معتمد للنشر التجاري,بيانات مرجعية متاحة؛ يلزم تحقق PM,ضمن الفحص المبدئي
10569847636271,ماسك-لوريال-بروفيسيونال-ليس-انليميتد-لتنعيم-الشعر-250-مل,ماسك لوريال بروفيسيونال ليس انليميتد لتنعيم الشعر 250 مل,LOREAL PROF,العناية بالشعر,العناية بالشعر,1,ماسك ,111105,1600,480,1120,0,متاح لدى المصدر,https://cdn.shopify.com/s/files/1/0935/9550/0847/files/1_-_2026-07-08T103935.613.webp?v=1783496402,منتج ماسك لوريال بروفيسيونال ليس انليميتد لتنعيم الشعر 250 مل من LOREAL PROF. التصنيف المرجعي: العناية بالشعر — ماسك . الوسوم المرجعية: Anti-Frizz، Deep Repair، Dry & Damadged Hair، Hair Care، Hair Concerns، Hair Mask، loreal prof.,https://alfouadpharmacies.com/en/products/ماسك-لوريال-بروفيسيونال-ليس-انليميتد-لتنعيم-الشعر-250-مل,AlFouad Pharmacies,Verify usage rights before commercial publication,غير مثبت,غير مثبت,مرجعي فقط — غير معتمد للنشر التجاري,بيانات مرجعية متاحة؛ يلزم تحقق PM,ضمن الفحص المبدئي
10569847734575,ماسك-لوريال-بروفيسيونال-ليس-انليميتد-لتنعيم-الشعر-500-مل,ماسك لوريال بروفيسيونال ليس انليميتد لتنعيم الشعر 500 مل,LOREAL PROF,العناية بالشعر,العناية بالشعر,1,ماسك,107886,2520,756,1764,0,متاح لدى المصدر,https://cdn.shopify.com/s/files/1/0935/9550/0847/files/1_-_2026-07-08T103110.914.webp?v=1783495957,منتج ماسك لوريال بروفيسيونال ليس انليميتد لتنعيم الشعر 500 مل من LOREAL PROF. التصنيف المرجعي: العناية بالشعر — ماسك. الوسوم المرجعية: Anti-Frizz، Deep Repair، Dry & Damadged Hair، Hair Care، Hair Concerns، Hair Mask، loreal prof.,https://alfouadpharmacies.com/en/products/ماسك-لوريال-بروفيسيونال-ليس-انليميتد-لتنعيم-الشعر-500-مل,AlFouad Pharmacies,Verify usage rights before commercial publication,غير مثبت,غير مثبت,مرجعي فقط — غير معتمد للنشر التجاري,بيانات مرجعية متاحة؛ يلزم تحقق PM,ضمن الفحص المبدئي
10569848521007,ماسك-لوريال-بروفيسيونال-ميتال-ديتوكس-لحماية-الشعر-250-مل,ماسك لوريال بروفيسيونال ميتال ديتوكس لحماية الشعر 250 مل,LOREAL PROF,العناية بالشعر,العناية بالشعر,1,ماسك ,82118,1960,588,1372,0,متاح لدى المصدر,https://cdn.shopify.com/s/files/1/0935/9550/0847/files/1_-_2026-07-08T112748.321.webp?v=1783499294,منتج ماسك لوريال بروفيسيونال ميتال ديتوكس لحماية الشعر 250 مل من LOREAL PROF. التصنيف المرجعي: العناية بالشعر — ماسك . الوسوم المرجعية: Colored Hair، Deep Repair، Hair Care، Hair Color، Hair Concerns، Hair Mask، loreal prof.,https://alfouadpharmacies.com/en/products/ماسك-لوريال-بروفيسيونال-ميتال-ديتوكس-لحماية-الشعر-250-مل,AlFouad Pharmacies,Verify usage rights before commercial publication,غير مثبت,غير مثبت,مرجعي فقط — غير معتمد للنشر التجاري,بيانات مرجعية متاحة؛ يلزم تحقق PM,ضمن الفحص المبدئي
10569732423983,the-hair-addict-curl-fuser,مُثبّت تجعيد الشعر من هير أديكت,AlFouad Pharmacies,العناية بالشعر,العناية بالشعر,1,بسيط,17409,550,165,385,0,غير متاح لدى المصدر,https://cdn.shopify.com/s/files/1/0935/9550/0847/files/The-Hair-Addict-Curl-Fuser.webp?v=1754299032,منتج مُثبّت تجعيد الشعر من هير أديكت من AlFouad Pharmacies. التصنيف المرجعي: العناية بالشعر — بسيط. الوسوم المرجعية: Anti-Frizz، Hair Care، Hair Concerns، Hair Defining & Volume.,https://alfouadpharmacies.com/en/products/the-hair-addict-curl-fuser,AlFouad Pharmacies,Verify usage rights before commercial publication,غير مثبت,غير مثبت,مرجعي فقط — غير معتمد للنشر التجاري,بيانات مرجعية متاحة؛ يلزم تحقق PM,ضمن الفحص المبدئي
10569829777711,olaplex-no0-3-4-5-hair-rescue-kit,مجموعة أولابليكس لإنقاذ الشعر رقم 0-3-4-5 ,OLAPLEX,العناية بالشعر,العناية بالشعر,1,العناية بالشعر,112074,2500,750,1750,,غير متاح لدى المصدر,https://cdn.shopify.com/s/files/1/0935/9550/0847/files/Olaplex_Hair_Rescue_Kit_1615x1615_8ade47b9-8b71-48f3-b80d-45d9a54e0f13.webp?v=1772281427,منتج مجموعة أولابليكس لإنقاذ الشعر رقم 0-3-4-5  من OLAPLEX. التصنيف المرجعي: العناية بالشعر — العناية بالشعر. الوسوم المرجعية: Anti-Frizz، Deep Repair، Dry & Damadged Hair، Hair Care، Hair Concerns، Hair Offers.,https://alfouadpharmacies.com/en/products/olaplex-no0-3-4-5-hair-rescue-kit,AlFouad Pharmacies,Verify usage rights before commercial publication,غير مثبت,غير مثبت,مرجعي فقط — غير معتمد للنشر التجاري,بيانات مرجعية متاحة؛ يلزم تحقق PM,ضمن الفحص المبدئي
10569730588975,raw-african-maya-avocado-curl-enh-leave-in-250gm,مُحسّن تجعيد الأفوكادو الخام من مايا الأفريقية.  يُترك على الشعر. 250 غرام.,RAW AFRICAN,العناية بالشعر,العناية بالشعر,1,بسيط,108291,320,96,224,,متاح لدى المصدر,https://cdn.shopify.com/s/files/1/0935/9550/0847/files/Raw-African-Maya-Avocado-Curl-Enh.-Leave-in-250gm.webp?v=1754299060,منتج مُحسّن تجعيد الأفوكادو الخام من مايا الأفريقية.  يُترك على الشعر. 250 غرام. من RAW AFRICAN. التصنيف المرجعي: العناية بالشعر — بسيط. الوسوم المرجعية: Anti-Frizz، Curl Activator، Curly Hair، Hair Care، Hair Concerns، Hair Defining & Volume.,https://alfouadpharmacies.com/en/products/raw-african-maya-avocado-curl-enh-leave-in-250gm,AlFouad Pharmacies,Verify usage rights before commercial publication,غير مثبت,غير مثبت,مرجعي فقط — غير معتمد للنشر التجاري,بيانات مرجعية متاحة؛ يلزم تحقق PM,ضمن الفحص المبدئي
10569743139119,hair-burst-volumeampgrowth-elixir-125ml,محلول الشعر المغذي لزيادة الحجم والنمو 125 مل,AlFouad Pharmacies,العناية بالشعر,العناية بالشعر,1,بسيط,,1399.99,420,979.99,,غير متاح لدى المصدر,https://cdn.shopify.com/s/files/1/0935/9550/0847/files/Hair-Burst-VolumeGrowth-Elixir-125ML.webp?v=1754298890,منتج محلول الشعر المغذي لزيادة الحجم والنمو 125 مل من AlFouad Pharmacies. التصنيف المرجعي: العناية بالشعر — بسيط. الوسوم المرجعية: Hair Care، Hair Concerns، Hair Defining & Volume، Hair Growth، Hair Oil.,https://alfouadpharmacies.com/en/products/hair-burst-volumeampgrowth-elixir-125ml,AlFouad Pharmacies,Verify usage rights before commercial publication,غير مثبت,غير مثبت,مرجعي فقط — غير معتمد للنشر التجاري,بيانات مرجعية متاحة؛ يلزم تحقق PM,ضمن الفحص المبدئي
10569940435247,tettello-plus-hair-growth-accel-vials-6x10ml,محلول تيّتيلّو بلاس لتسريع نمو الشعر، عبوات صغيرة 6 × 10 مل,Tettello,العناية بالشعر,العناية بالشعر,1,بسيط,11741,510,153,357,,متاح لدى المصدر,https://cdn.shopify.com/s/files/1/0935/9550/0847/files/Tettello-Plus-Hair-Growth-Accel-Vials-6X10ML.webp?v=1754297748,منتج محلول تيّتيلّو بلاس لتسريع نمو الشعر، عبوات صغيرة 6 × 10 مل من Tettello. التصنيف المرجعي: العناية بالشعر — بسيط. الوسوم المرجعية: Hair Ampouls، Hair Care، Hair Concerns، Hair Loss.,https://alfouadpharmacies.com/en/products/tettello-plus-hair-growth-accel-vials-6x10ml,AlFouad Pharmacies,Verify usage rights before commercial publication,غير مثبت,غير مثبت,مرجعي فقط — غير معتمد للنشر التجاري,بيانات مرجعية متاحة؛ يلزم تحقق PM,ضمن الفحص المبدئي
10569923002671,soft-amp-beautiful-cream-relaxer-regular,مستحضر تمليس الشعر الكريمي سوفت آند بيوتيفول - عادي,AlFouad Pharmacies,العناية بالشعر,العناية بالشعر,1,بسيط,87466,734.9,220.47,514.43,,متاح لدى المصدر,https://cdn.shopify.com/s/files/1/0935/9550/0847/files/Soft-Beautiful-Cream-Relaxer-Regular.webp?v=1754297861,منتج مستحضر تمليس الشعر الكريمي سوفت آند بيوتيفول - عادي من AlFouad Pharmacies. التصنيف المرجعي: العناية بالشعر — بسيط. الوسوم المرجعية: Deep Repair، Hair Care، Hair Concerns، Hair Treatment.,https://alfouadpharmacies.com/en/products/soft-amp-beautiful-cream-relaxer-regular,AlFouad Pharmacies,Verify usage rights before commercial publication,غير مثبت,غير مثبت,مرجعي فقط — غير معتمد للنشر التجاري,بيانات مرجعية متاحة؛ يلزم تحقق PM,ضمن الفحص المبدئي
10569918578991,ors-olive-oil-extra-strenght-hair-relaxer,مستحضر فرد الشعر بزيت الزيتون من أورس - قوة إضافية,AlFouad Pharmacies,العناية بالشعر,العناية بالشعر,1,بسيط,108443,240,72,168,,متاح لدى المصدر,https://cdn.shopify.com/s/files/1/0935/9550/0847/files/Ors-Olive-Oil-Extra-Strenght-Hair-Relaxer.webp?v=1754297924,منتج مستحضر فرد الشعر بزيت الزيتون من أورس - قوة إضافية من AlFouad Pharmacies. التصنيف المرجعي: العناية بالشعر — بسيط. الوسوم المرجعية: Dry & Damadged Hair، Hair Care، Hair Concerns، Hair Treatment.,https://alfouadpharmacies.com/en/products/ors-olive-oil-extra-strenght-hair-relaxer,AlFouad Pharmacies,Verify usage rights before commercial publication,غير مثبت,غير مثبت,مرجعي فقط — غير معتمد للنشر التجاري,بيانات مرجعية متاحة؛ يلزم تحقق PM,ضمن الفحص المبدئي
10569940238639,tettello-hair-growth-accelerator-vials-12x10ml,مسرّع نمو الشعر تيتيللو، عبوات زجاجية 12 × 10 مل,Tettello,العناية بالشعر,العناية بالشعر,1,بسيط,11589,590,177,413,,غير متاح لدى المصدر,https://cdn.shopify.com/s/files/1/0935/9550/0847/files/Tettello-Hair-Growth-Accelerator-Vials-12X10ML.webp?v=1754297749,منتج مسرّع نمو الشعر تيتيللو، عبوات زجاجية 12 × 10 مل من Tettello. التصنيف المرجعي: العناية بالشعر — بسيط. الوسوم المرجعية: Hair Care، Hair Concerns، Hair Growth، Hair Loss، Hair Vials.,https://alfouadpharmacies.com/en/products/tettello-hair-growth-accelerator-vials-12x10ml,AlFouad Pharmacies,Verify usage rights before commercial publication,غير مثبت,غير مثبت,مرجعي فقط — غير معتمد للنشر التجاري,بيانات مرجعية متاحة؛ يلزم تحقق PM,ضمن الفحص المبدئي
10569940173103,tettello-hair-growth-accelerator-vials-6x10ml,مسرّع نمو الشعر تيتيللو، عبوات زجاجية 6 × 10 مل,Tettello,العناية بالشعر,العناية بالشعر,1,بسيط,98487,400,120,280,,متاح لدى المصدر,https://cdn.shopify.com/s/files/1/0935/9550/0847/files/Tettello-Hair-Growth-Accelerator-Vials-6X10ML.webp?v=1754297750,منتج مسرّع نمو الشعر تيتيللو، عبوات زجاجية 6 × 10 مل من Tettello. التصنيف المرجعي: العناية بالشعر — بسيط. الوسوم المرجعية: Hair Care، Hair Concerns، Hair Growth، Hair Loss، Hair Vials.,https://alfouadpharmacies.com/en/products/tettello-hair-growth-accelerator-vials-6x10ml,AlFouad Pharmacies,Verify usage rights before commercial publication,غير مثبت,غير مثبت,مرجعي فقط — غير معتمد للنشر التجاري,بيانات مرجعية متاحة؛ يلزم تحقق PM,ضمن الفحص المبدئي
10569732718895,the-hair-addict-fluff-on-pick-comb,مشط الشعر المُنفّش من Hair Addict,The Hair Addict,العناية بالشعر,العناية بالشعر,1,بسيط,11561,160,48,112,0,متاح لدى المصدر,https://cdn.shopify.com/s/files/1/0935/9550/0847/files/The-Hair-Addict-Fluff-on-Pick-Comb.webp?v=1754299027,منتج مشط الشعر المُنفّش من Hair Addict من The Hair Addict. التصنيف المرجعي: العناية بالشعر — بسيط. الوسوم المرجعية: Anti-Frizz، Hair Care، Hair Concerns.,https://alfouadpharmacies.com/en/products/the-hair-addict-fluff-on-pick-comb,AlFouad Pharmacies,Verify usage rights before commercial publication,غير مثبت,غير مثبت,مرجعي فقط — غير معتمد للنشر التجاري,بيانات مرجعية متاحة؛ يلزم تحقق PM,ضمن الفحص المبدئي
10569729671471,infinity-treato-serum-amp-8pcs10ml,مصل إنفينيتي تريتو، عبوة من 8 أمبولات، كل أمبولة 10 مل.,AlFouad Pharmacies,العناية بالشعر,العناية بالشعر,1,بسيط,,380,114,266,,غير متاح لدى المصدر,https://cdn.shopify.com/s/files/1/0935/9550/0847/files/Infinity-Treato-Serum-Amp-8pcs10ml.webp?v=1754299073,منتج مصل إنفينيتي تريتو، عبوة من 8 أمبولات، كل أمبولة 10 مل. من AlFouad Pharmacies. التصنيف المرجعي: العناية بالشعر — بسيط. الوسوم المرجعية: Hair Ampouls، Hair Care، Hair Concerns، Hair Loss.,https://alfouadpharmacies.com/en/products/infinity-treato-serum-amp-8pcs10ml,AlFouad Pharmacies,Verify usage rights before commercial publication,غير مثبت,غير مثبت,مرجعي فقط — غير معتمد للنشر التجاري,بيانات مرجعية متاحة؛ يلزم تحقق PM,ضمن الفحص المبدئي
10569902293295,loreal-elvive-extraord-hair-serum-50ml,مصل الشعر إكستراورد من لوريال إلفيف 50 مل,LOREAL PCD,العناية بالشعر,العناية بالشعر,1,بسيط,9119,380,114,266,,غير متاح لدى المصدر,https://cdn.shopify.com/s/files/1/0935/9550/0847/files/Loreal-Elvive-Extraord-Hair-Serum-50ML.webp?v=1754298104,منتج مصل الشعر إكستراورد من لوريال إلفيف 50 مل من LOREAL PCD. التصنيف المرجعي: العناية بالشعر — بسيط. الوسوم المرجعية: Dry & Damadged Hair، Hair Care، Hair Concerns، Hair Serum.,https://alfouadpharmacies.com/en/products/loreal-elvive-extraord-hair-serum-50ml,AlFouad Pharmacies,Verify usage rights before commercial publication,غير مثبت,غير مثبت,مرجعي فقط — غير معتمد للنشر التجاري,بيانات مرجعية متاحة؛ يلزم تحقق PM,ضمن الفحص المبدئي
10569939386671,vatika-repairamprestore-hair-serum-47ml,مصل الشعر الإصلاحي والترميمي من فاتيكا 47 مل,AlFouad Pharmacies,العناية بالشعر,العناية بالشعر,1,بسيط,1497,185,55.5,129.5,,متاح لدى المصدر,https://cdn.shopify.com/s/files/1/0935/9550/0847/files/Vatika-RepairRestore-Hair-Serum-47ML.webp?v=1754297754,منتج مصل الشعر الإصلاحي والترميمي من فاتيكا 47 مل من AlFouad Pharmacies. التصنيف المرجعي: العناية بالشعر — بسيط. الوسوم المرجعية: Hair Care، Hair Serum.,https://alfouadpharmacies.com/en/products/vatika-repairamprestore-hair-serum-47ml,AlFouad Pharmacies,Verify usage rights before commercial publication,غير مثبت,غير مثبت,مرجعي فقط — غير معتمد للنشر التجاري,بيانات مرجعية متاحة؛ يلزم تحقق PM,ضمن الفحص المبدئي
10569902981423,loreal-elvive-hyaluron-moisture-hair-serum-150ml,مصل الشعر المرطب من لوريال إلفيف، تركيبة هيدروجيل، 150 مل,LOREAL PCD,العناية بالشعر,العناية بالشعر,1,بسيط,5490,500,150,350,,متاح لدى المصدر,https://cdn.shopify.com/s/files/1/0935/9550/0847/files/Loreal-Elvive-Hyaluron-Moisture-Hair-Serum-150ML.webp?v=1754298093,منتج مصل الشعر المرطب من لوريال إلفيف، تركيبة هيدروجيل، 150 مل من LOREAL PCD. التصنيف المرجعي: العناية بالشعر — بسيط. الوسوم المرجعية: Dry & Damadged Hair، Hair Care، Hair Concerns، Hair Serum.,https://alfouadpharmacies.com/en/products/loreal-elvive-hyaluron-moisture-hair-serum-150ml,AlFouad Pharmacies,Verify usage rights before commercial publication,غير مثبت,غير مثبت,مرجعي فقط — غير معتمد للنشر التجاري,بيانات مرجعية متاحة؛ يلزم تحقق PM,ضمن الفحص المبدئي
10569852223791,zero-frizz-hair-serum-148mlkeratin-corrective,مصل الشعر المضاد للتجعد 148 مل (كيراتين تصحيحي),AlFouad Pharmacies,العناية بالشعر,العناية بالشعر,1,بسيط,95900,360,108,252,,متاح لدى المصدر,https://cdn.shopify.com/s/files/1/0935/9550/0847/files/Zero-Frizz-Hair-Serum-148MLKERATIN-Corrective.webp?v=1754298416,منتج مصل الشعر المضاد للتجعد 148 مل (كيراتين تصحيحي) من AlFouad Pharmacies. التصنيف المرجعي: العناية بالشعر — بسيط. الوسوم المرجعية: Anti-Frizz، Hair Care، Hair Concerns، Hair Serum.,https://alfouadpharmacies.com/en/products/zero-frizz-hair-serum-148mlkeratin-corrective,AlFouad Pharmacies,Verify usage rights before commercial publication,غير مثبت,غير مثبت,مرجعي فقط — غير معتمد للنشر التجاري,بيانات مرجعية متاحة؛ يلزم تحقق PM,ضمن الفحص المبدئي
10569852649775,zero-frizz-triple-butter-hair-serum-148ml,مصل الشعر المضاد للتجعّد بثلاث زبدات 148 مل,AlFouad Pharmacies,العناية بالشعر,العناية بالشعر,1,بسيط,103289,360,108,252,,متاح لدى المصدر,https://cdn.shopify.com/s/files/1/0935/9550/0847/files/Zero-Frizz-Triple-Butter-Hair-Serum-148ML.webp?v=1754298413,منتج مصل الشعر المضاد للتجعّد بثلاث زبدات 148 مل من AlFouad Pharmacies. التصنيف المرجعي: العناية بالشعر — بسيط. الوسوم المرجعية: Anti-Frizz، Hair Care، Hair Concerns، Hair Serum.,https://alfouadpharmacies.com/en/products/zero-frizz-triple-butter-hair-serum-148ml,AlFouad Pharmacies,Verify usage rights before commercial publication,غير مثبت,غير مثبت,مرجعي فقط — غير معتمد للنشر التجاري,بيانات مرجعية متاحة؛ يلزم تحقق PM,ضمن الفحص المبدئي
10569845899567,dabur-amla-hair-serum-50ml-split-ends-seal,مصل الشعر دابور أملا 50 مل لإصلاح أطراف الشعر التالفة,AlFouad Pharmacies,العناية بالشعر,العناية بالشعر,1,بسيط,6618,160,48,112,,غير متاح لدى المصدر,https://cdn.shopify.com/s/files/1/0935/9550/0847/files/Dabur-Amla-Hair-Serum-50ML-Split-Ends-Seal.webp?v=1754298478,منتج مصل الشعر دابور أملا 50 مل لإصلاح أطراف الشعر التالفة من AlFouad Pharmacies. التصنيف المرجعي: العناية بالشعر — بسيط. الوسوم المرجعية: Anti-Frizz، Hair Care، Hair Concerns، Hair Serum.,https://alfouadpharmacies.com/en/products/dabur-amla-hair-serum-50ml-split-ends-seal,AlFouad Pharmacies,Verify usage rights before commercial publication,غير مثبت,غير مثبت,مرجعي فقط — غير معتمد للنشر التجاري,بيانات مرجعية متاحة؛ يلزم تحقق PM,ضمن الفحص المبدئي
10569928376623,vatika-frizz-control-hair-serum-47ml,مصل الشعر لتسريح الشعر المتموج من فاتيكا 47 مل,AlFouad Pharmacies,العناية بالشعر,العناية بالشعر,1,بسيط,25664,185,55.5,129.5,,متاح لدى المصدر,https://cdn.shopify.com/s/files/1/0935/9550/0847/files/Vatika-Frizz-Control-Hair-Serum-47ML.webp?v=1754297805,منتج مصل الشعر لتسريح الشعر المتموج من فاتيكا 47 مل من AlFouad Pharmacies. التصنيف المرجعي: العناية بالشعر — بسيط. الوسوم المرجعية: Hair Care، Hair Serum.,https://alfouadpharmacies.com/en/products/vatika-frizz-control-hair-serum-47ml,AlFouad Pharmacies,Verify usage rights before commercial publication,غير مثبت,غير مثبت,مرجعي فقط — غير معتمد للنشر التجاري,بيانات مرجعية متاحة؛ يلزم تحقق PM,ضمن الفحص المبدئي
10569901408559,loreal-elvive-dream-long-hair-serum-100ml-frizz,مصل الشعر لوريال إلفيف دريم لونغ 100 مل لتسريح الشعر المجعد,LOREAL PCD,العناية بالشعر,العناية بالشعر,1,بسيط,9107,500,150,350,,غير متاح لدى المصدر,https://cdn.shopify.com/s/files/1/0935/9550/0847/files/Loreal-Elvive-Dream-Long-Hair-Serum-100ML-Frizz.webp?v=1754298121,منتج مصل الشعر لوريال إلفيف دريم لونغ 100 مل لتسريح الشعر المجعد من LOREAL PCD. التصنيف المرجعي: العناية بالشعر — بسيط. الوسوم المرجعية: Hair Care، Hair Concerns، Hair Serum، Weak & Thin.,https://alfouadpharmacies.com/en/products/loreal-elvive-dream-long-hair-serum-100ml-frizz,AlFouad Pharmacies,Verify usage rights before commercial publication,غير مثبت,غير مثبت,مرجعي فقط — غير معتمد للنشر التجاري,بيانات مرجعية متاحة؛ يلزم تحقق PM,ضمن الفحص المبدئي
10570011246895,nawah-hair-serum-50ml,مصل الشعر نواه 50 مل,NAWAH,العناية بالشعر,العناية بالشعر,1,بسيط,112950,300,90,210,,متاح لدى المصدر,https://cdn.shopify.com/s/files/1/0935/9550/0847/files/Nawah-Hair-Serum-100ML3_0d74c198-4cb9-4a64-958b-1dbc26dfa781.webp?v=1754297060,منتج مصل الشعر نواه 50 مل من NAWAH. التصنيف المرجعي: العناية بالشعر — بسيط. الوسوم المرجعية: Anti-Frizz، Dry & Damadged Hair، Hair Care، Hair Concerns، Hair Serum.,https://alfouadpharmacies.com/en/products/nawah-hair-serum-50ml,AlFouad Pharmacies,Verify usage rights before commercial publication,غير مثبت,غير مثبت,مرجعي فقط — غير معتمد للنشر التجاري,بيانات مرجعية متاحة؛ يلزم تحقق PM,ضمن الفحص المبدئي
10569730130223,nebula-hair-serum-100ml,مصل الشعر نيبولا 100 مل,Nebula,العناية بالشعر,العناية بالشعر,1,بسيط,25194,399,119.7,279.3,,غير متاح لدى المصدر,https://cdn.shopify.com/s/files/1/0935/9550/0847/files/Nebula-Hair-Serum-100ml.webp?v=1754299067,منتج مصل الشعر نيبولا 100 مل من Nebula. التصنيف المرجعي: العناية بالشعر — بسيط. الوسوم المرجعية: Dry & Damadged Hair، Hair Care، Hair Concerns، Hair Serum.,https://alfouadpharmacies.com/en/products/nebula-hair-serum-100ml,AlFouad Pharmacies,Verify usage rights before commercial publication,غير مثبت,غير مثبت,مرجعي فقط — غير معتمد للنشر التجاري,بيانات مرجعية متاحة؛ يلزم تحقق PM,ضمن الفحص المبدئي
10569862414639,every-strand-serum-keratin-177ml,مصل الكيراتين إيفري ستراند 177 مل,AlFouad Pharmacies,العناية بالشعر,العناية بالشعر,1,بسيط,92491,694.9,208.47,486.43,,متاح لدى المصدر,https://cdn.shopify.com/s/files/1/0935/9550/0847/files/Every-Strand-Serum-Keratin-177ML.webp?v=1754298319,منتج مصل الكيراتين إيفري ستراند 177 مل من AlFouad Pharmacies. التصنيف المرجعي: العناية بالشعر — بسيط. الوسوم المرجعية: Anti-Frizz، Hair Care، Hair Concerns، Hair Serum.,https://alfouadpharmacies.com/en/products/every-strand-serum-keratin-177ml,AlFouad Pharmacies,Verify usage rights before commercial publication,غير مثبت,غير مثبت,مرجعي فقط — غير معتمد للنشر التجاري,بيانات مرجعية متاحة؛ يلزم تحقق PM,ضمن الفحص المبدئي
10569740255535,bionnex-organ-anti-hair-loss-serum-concent-12x10ml,مصل بيونيكس العضوي المضاد لتساقط الشعر المركز 12 × 10 مل,BIONNEX,العناية بالشعر,العناية بالشعر,1,عنايه بالشعر ,8605,1039,311.7,727.3,,متاح لدى المصدر,https://cdn.shopify.com/s/files/1/0935/9550/0847/files/675.webp?v=1780575494,منتج مصل بيونيكس العضوي المضاد لتساقط الشعر المركز 12 × 10 مل من BIONNEX. التصنيف المرجعي: العناية بالشعر — عنايه بالشعر . الوسوم المرجعية: Hair Care، Hair Concerns، Hair Growth، Hair Loss، Hair Treatment، Hair Vials.,https://alfouadpharmacies.com/en/products/bionnex-organ-anti-hair-loss-serum-concent-12x10ml,AlFouad Pharmacies,Verify usage rights before commercial publication,غير مثبت,غير مثبت,مرجعي فقط — غير معتمد للنشر التجاري,بيانات مرجعية متاحة؛ يلزم تحقق PM,ضمن الفحص المبدئي
10569841869103,bio-hair-care-argan-oil-serum-150ml,مصل زيت الأرغان للعناية بالشعر من Bio Hair Care، 150 مل,AlFouad Pharmacies,العناية بالشعر,العناية بالشعر,1,بسيط,0,209.9,62.97,146.93,,غير متاح لدى المصدر,https://cdn.shopify.com/s/files/1/0935/9550/0847/files/Bio-Hair-Care-Argan-Oil-Serum-150ML.webp?v=1754298506,منتج مصل زيت الأرغان للعناية بالشعر من Bio Hair Care، 150 مل من AlFouad Pharmacies. التصنيف المرجعي: العناية بالشعر — بسيط. الوسوم المرجعية: Dry & Damadged Hair، Hair Care، Hair Concerns، Hair Serum.,https://alfouadpharmacies.com/en/products/bio-hair-care-argan-oil-serum-150ml,AlFouad Pharmacies,Verify usage rights before commercial publication,غير مثبت,غير مثبت,مرجعي فقط — غير معتمد للنشر التجاري,بيانات مرجعية متاحة؛ يلزم تحقق PM,ضمن الفحص المبدئي
10569939779887,tettello-anti-hair-loss-leave-in-150ml,مضاد لتساقط الشعر تييتيلو، تركيبة بدون شطف، 150 مل,Tettello,العناية بالشعر,العناية بالشعر,1,بسيط,109148,260,78,182,,متاح لدى المصدر,https://cdn.shopify.com/s/files/1/0935/9550/0847/files/Tettello-Anti-Hair-Loss-Leave-in-150ML.webp?v=1754297752,منتج مضاد لتساقط الشعر تييتيلو، تركيبة بدون شطف، 150 مل من Tettello. التصنيف المرجعي: العناية بالشعر — بسيط. الوسوم المرجعية: Anti-Frizz، Dry & Damadged Hair، Hair Care، Hair Concerns، Hair Cream، Leave In Cream، Weak & Thin.,https://alfouadpharmacies.com/en/products/tettello-anti-hair-loss-leave-in-150ml,AlFouad Pharmacies,Verify usage rights before commercial publication,غير مثبت,غير مثبت,مرجعي فقط — غير معتمد للنشر التجاري,بيانات مرجعية متاحة؛ يلزم تحقق PM,ضمن الفحص المبدئي
10569861955887,every-strand-aloe-vera-oil-treatment-425ml,معالج الشعر بزيت الصبار إيفري ستراند 425 مل,AlFouad Pharmacies,العناية بالشعر,العناية بالشعر,1,بسيط,3801,634.9,190.47,444.43,,متاح لدى المصدر,https://cdn.shopify.com/s/files/1/0935/9550/0847/files/Every-Strand-Aloe-vera-Oil-Treatment-425-ml.webp?v=1754298323,منتج معالج الشعر بزيت الصبار إيفري ستراند 425 مل من AlFouad Pharmacies. التصنيف المرجعي: العناية بالشعر — بسيط. الوسوم المرجعية: Deep Repair، Hair Care، Hair Concerns، Hair Mask.,https://alfouadpharmacies.com/en/products/every-strand-aloe-vera-oil-treatment-425ml,AlFouad Pharmacies,Verify usage rights before commercial publication,غير مثبت,غير مثبت,مرجعي فقط — غير معتمد للنشر التجاري,بيانات مرجعية متاحة؛ يلزم تحقق PM,ضمن الفحص المبدئي
10569862676783,mood-keratin-plus-repair-hair-leave-in-200-ml,مُعالج الشعر من مود كيراتين بلس لإصلاح الشعر، بدون شطف، 200 مل,MOOD,العناية بالشعر,العناية بالشعر,1,بسيط,112438,115,34.5,80.5,,متاح لدى المصدر,https://cdn.shopify.com/s/files/1/0935/9550/0847/files/MOOD-KERATIN-PLUS-REPAIR-HAIR-LEAVE-IN-200-ML.webp?v=1754298316,منتج مُعالج الشعر من مود كيراتين بلس لإصلاح الشعر، بدون شطف، 200 مل من MOOD. التصنيف المرجعي: العناية بالشعر — بسيط. الوسوم المرجعية: Anti-Frizz، Dry & Damadged Hair، Hair Care، Hair Concerns، Leave In Cream.,https://alfouadpharmacies.com/en/products/mood-keratin-plus-repair-hair-leave-in-200-ml,AlFouad Pharmacies,Verify usage rights before commercial publication,غير مثبت,غير مثبت,مرجعي فقط — غير معتمد للنشر التجاري,بيانات مرجعية متاحة؛ يلزم تحقق PM,ضمن الفحص المبدئي
10569732456751,the-hair-addict-pure-amla-250gm,مُعِدّ الشعر من ذا هير أديكت، زيت أملا نقي، 250 غرام,AlFouad Pharmacies,العناية بالشعر,العناية بالشعر,1,بسيط,92919,360,108,252,0,غير متاح لدى المصدر,https://cdn.shopify.com/s/files/1/0935/9550/0847/files/The-Hair-Addict-Pure-Amla-250gm.webp?v=1754299032,منتج مُعِدّ الشعر من ذا هير أديكت، زيت أملا نقي، 250 غرام من AlFouad Pharmacies. التصنيف المرجعي: العناية بالشعر — بسيط. الوسوم المرجعية: Anti-Frizz، Hair Care، Hair Concerns، Hair Treatment.,https://alfouadpharmacies.com/en/products/the-hair-addict-pure-amla-250gm,AlFouad Pharmacies,Verify usage rights before commercial publication,غير مثبت,غير مثبت,مرجعي فقط — غير معتمد للنشر التجاري,بيانات مرجعية متاحة؛ يلزم تحقق PM,ضمن الفحص المبدئي
10569959178543,the-hair-addict-temp-tone-golden-glow-88ml,مُعزز اللون المؤقت من ذا هير أديكت، لون ذهبي لامع، 88 مل,The Hair Addict,العناية بالشعر,العناية بالشعر,1,بسيط,112651,299,89.7,209.3,0,متاح لدى المصدر,https://cdn.shopify.com/s/files/1/0935/9550/0847/files/The-Hair-Addict-Temp-Tone-Golden-Glow-88ML.webp?v=1754297567,منتج مُعزز اللون المؤقت من ذا هير أديكت، لون ذهبي لامع، 88 مل من The Hair Addict. التصنيف المرجعي: العناية بالشعر — بسيط. الوسوم المرجعية: Colored Hair، Hair Care، Hair Color، Hair Concerns.,https://alfouadpharmacies.com/en/products/the-hair-addict-temp-tone-golden-glow-88ml,AlFouad Pharmacies,Verify usage rights before commercial publication,غير مثبت,غير مثبت,مرجعي فقط — غير معتمد للنشر التجاري,بيانات مرجعية متاحة؛ يلزم تحقق PM,ضمن الفحص المبدئي
10569863266607,mood-vitamin-shock-plus-strengthening-hair-leave-in-200ml,مُقوّي الشعر من مود فيتامين شوك بلس، تركيبة بدون شطف، 200 مل,MOOD,العناية بالشعر,العناية بالشعر,1,بسيط,112435,115,34.5,80.5,160,متاح لدى المصدر,https://cdn.shopify.com/s/files/1/0935/9550/0847/files/MOOD-VITAMIN-SHOCK-PLUS-STRENGTHENING-HAIR-LEAVE-I.webp?v=1754298312,منتج مُقوّي الشعر من مود فيتامين شوك بلس، تركيبة بدون شطف، 200 مل من MOOD. التصنيف المرجعي: العناية بالشعر — بسيط. الوسوم المرجعية: Anti-Frizz، Hair Care، Hair Concerns، Hair Cream، Hair Defining & Volume، Hair Growth، Leave In Cream، mood offer.,https://alfouadpharmacies.com/en/products/mood-vitamin-shock-plus-strengthening-hair-leave-in-200ml,AlFouad Pharmacies,Verify usage rights before commercial publication,غير مثبت,غير مثبت,مرجعي فقط — غير معتمد للنشر التجاري,بيانات مرجعية متاحة؛ يلزم تحقق PM,ضمن الفحص المبدئي
10569861005615,mood-hyaluronic-acid-plus-moisture-hair-leave-in-200ml,مُلطّف شعر مانيوس هيدروكسي إيثيل يوريا + حمض الهيالورونيك 200 مل,MOOD,العناية بالشعر,العناية بالشعر,1,بسيط,112436,115,34.5,80.5,,متاح لدى المصدر,https://cdn.shopify.com/s/files/1/0935/9550/0847/files/MOOD-HYALURONIC-ACID-PLUS-MOISTURE-HAIR-LEAVE-IN-2.webp?v=1754298331,منتج مُلطّف شعر مانيوس هيدروكسي إيثيل يوريا + حمض الهيالورونيك 200 مل من MOOD. التصنيف المرجعي: العناية بالشعر — بسيط. الوسوم المرجعية: Anti-Frizz، Dry & Damadged Hair، Hair Care، Hair Concerns، Hair Cream، Leave In Cream، Weak & Thin.,https://alfouadpharmacies.com/en/products/mood-hyaluronic-acid-plus-moisture-hair-leave-in-200ml,AlFouad Pharmacies,Verify usage rights before commercial publication,غير مثبت,غير مثبت,مرجعي فقط — غير معتمد للنشر التجاري,بيانات مرجعية متاحة؛ يلزم تحقق PM,ضمن الفحص المبدئي
10569959997743,the-hair-addict-temp-tone-purple-pop-88ml,مُلوّن الشعر المؤقت من ذا هير أديكت، لون أرجواني، 88 مل.,The Hair Addict,العناية بالشعر,العناية بالشعر,1,بسيط,112657,299,89.7,209.3,0,غير متاح لدى المصدر,https://cdn.shopify.com/s/files/1/0935/9550/0847/files/The-Hair-Addict-Temp-Tone-Purple-Pop-88ML.webp?v=1754297561,منتج مُلوّن الشعر المؤقت من ذا هير أديكت، لون أرجواني، 88 مل. من The Hair Addict. التصنيف المرجعي: العناية بالشعر — بسيط. الوسوم المرجعية: Colored Hair، Hair Care، Hair Color، Hair Concerns.,https://alfouadpharmacies.com/en/products/the-hair-addict-temp-tone-purple-pop-88ml,AlFouad Pharmacies,Verify usage rights before commercial publication,غير مثبت,غير مثبت,مرجعي فقط — غير معتمد للنشر التجاري,بيانات مرجعية متاحة؛ يلزم تحقق PM,ضمن الفحص المبدئي
10569959932207,the-hair-addict-temp-tone-ruby-rush-88ml,مُلوّن الشعر المؤقت من ذا هير أديكت، لون روبي راش، 88 مل,The Hair Addict,العناية بالشعر,العناية بالشعر,1,بسيط,112655,299,89.7,209.3,0,متاح لدى المصدر,https://cdn.shopify.com/s/files/1/0935/9550/0847/files/The-Hair-Addict-Temp-Tone-Ruby-Rush-88ML.webp?v=1754297562,منتج مُلوّن الشعر المؤقت من ذا هير أديكت، لون روبي راش، 88 مل من The Hair Addict. التصنيف المرجعي: العناية بالشعر — بسيط. الوسوم المرجعية: Colored Hair، Hair Care، Hair Color، Hair Concerns.,https://alfouadpharmacies.com/en/products/the-hair-addict-temp-tone-ruby-rush-88ml,AlFouad Pharmacies,Verify usage rights before commercial publication,غير مثبت,غير مثبت,مرجعي فقط — غير معتمد للنشر التجاري,بيانات مرجعية متاحة؛ يلزم تحقق PM,ضمن الفحص المبدئي
10569959440687,the-hair-addict-temp-tone-aquatique-88ml,مُلوّن الشعر المؤقت من هير أديكت، طراز أكواتيك، 88 مل.,The Hair Addict,العناية بالشعر,العناية بالشعر,1,بسيط,112653,299,89.7,209.3,0,متاح لدى المصدر,https://cdn.shopify.com/s/files/1/0935/9550/0847/files/The-Hair-Addict-Temp-Tone-Aquatique-88ML.webp?v=1754297565,منتج مُلوّن الشعر المؤقت من هير أديكت، طراز أكواتيك، 88 مل. من The Hair Addict. التصنيف المرجعي: العناية بالشعر — بسيط. الوسوم المرجعية: Colored Hair، Hair Care، Hair Color، Hair Concerns.,https://alfouadpharmacies.com/en/products/the-hair-addict-temp-tone-aquatique-88ml,AlFouad Pharmacies,Verify usage rights before commercial publication,غير مثبت,غير مثبت,مرجعي فقط — غير معتمد للنشر التجاري,بيانات مرجعية متاحة؛ يلزم تحقق PM,ضمن الفحص المبدئي
10569732129071,the-hair-addict-frizz-off-curl-activator-250ml,مُنشّط تجعيد الشعر المضاد للتجعد من ذا هير أديكت، 250 مل,AlFouad Pharmacies,العناية بالشعر,العناية بالشعر,1,بسيط,9415,345,103.5,241.5,0,متاح لدى المصدر,https://cdn.shopify.com/s/files/1/0935/9550/0847/files/The-Hair-Addict-Frizz-off-Curl-Activator-250ml.webp?v=1754299037,منتج مُنشّط تجعيد الشعر المضاد للتجعد من ذا هير أديكت، 250 مل من AlFouad Pharmacies. التصنيف المرجعي: العناية بالشعر — بسيط. الوسوم المرجعية: Anti-Frizz، Curl Activator، Curly Hair، Hair Care، Hair Concerns، Hair Defining & Volume.,https://alfouadpharmacies.com/en/products/the-hair-addict-frizz-off-curl-activator-250ml,AlFouad Pharmacies,Verify usage rights before commercial publication,غير مثبت,غير مثبت,مرجعي فقط — غير معتمد للنشر التجاري,بيانات مرجعية متاحة؛ يلزم تحقق PM,ضمن الفحص المبدئي
10569726296367,avrelle-build-up-cleanser-hair-scalp-250ml,منظف ​​أفريل للشعر وفروة الرأس 250 مل,Avrelle,العناية بالشعر,العناية بالشعر,1,بسيط,10867,430,129,301,0,متاح لدى المصدر,https://cdn.shopify.com/s/files/1/0935/9550/0847/files/Avrelle-Build-Up-Cleanser-Hair-Scalp-250ml.webp?v=1754299132,منتج منظف ​​أفريل للشعر وفروة الرأس 250 مل من Avrelle. التصنيف المرجعي: العناية بالشعر — بسيط. الوسوم المرجعية: Hair Care، Hair Concerns، Hair Shampoo، Scalp Care.,https://alfouadpharmacies.com/en/products/avrelle-build-up-cleanser-hair-scalp-250ml,AlFouad Pharmacies,Verify usage rights before commercial publication,غير مثبت,غير مثبت,مرجعي فقط — غير معتمد للنشر التجاري,بيانات مرجعية متاحة؛ يلزم تحقق PM,ضمن الفحص المبدئي
10569732194607,the-hair-addict-frizz-off-deep-condition-300ml,مُنعِش الشعر العميق المضاد للتجعد من ذا هير أديكت، 300 مل,AlFouad Pharmacies,العناية بالشعر,العناية بالشعر,1,بسيط,97455,385,115.5,269.5,0,متاح لدى المصدر,https://cdn.shopify.com/s/files/1/0935/9550/0847/files/The-Hair-Addict-Frizz-off-Deep-Condition-300ml.webp?v=1754299035,منتج مُنعِش الشعر العميق المضاد للتجعد من ذا هير أديكت، 300 مل من AlFouad Pharmacies. التصنيف المرجعي: العناية بالشعر — بسيط. الوسوم المرجعية: Anti-Frizz، Hair Care، Hair Concerns، Hair Conditioner.,https://alfouadpharmacies.com/en/products/the-hair-addict-frizz-off-deep-condition-300ml,AlFouad Pharmacies,Verify usage rights before commercial publication,غير مثبت,غير مثبت,مرجعي فقط — غير معتمد للنشر التجاري,بيانات مرجعية متاحة؛ يلزم تحقق PM,ضمن الفحص المبدئي
10569732292911,the-hair-addict-frizz-off-leave-in-men-250ml,مُنعِش الشعر المضاد للتجعد من ذا هير أديكت، للرجال، 250 مل,AlFouad Pharmacies,العناية بالشعر,العناية بالشعر,1,بسيط,17028,299,89.7,209.3,0,متاح لدى المصدر,https://cdn.shopify.com/s/files/1/0935/9550/0847/files/The-Hair-Addict-Frizz-off-Leave-in-Men-250ml.webp?v=1754299034,منتج مُنعِش الشعر المضاد للتجعد من ذا هير أديكت، للرجال، 250 مل من AlFouad Pharmacies. التصنيف المرجعي: العناية بالشعر — بسيط. الوسوم المرجعية: Anti-Frizz، Hair Care، Hair Concerns، Men Hair.,https://alfouadpharmacies.com/en/products/the-hair-addict-frizz-off-leave-in-men-250ml,AlFouad Pharmacies,Verify usage rights before commercial publication,غير مثبت,غير مثبت,مرجعي فقط — غير معتمد للنشر التجاري,بيانات مرجعية متاحة؛ يلزم تحقق PM,ضمن الفحص المبدئي
10569923035439,soft-amp-beautiful-cream-relaxer-super-systm,نظام سوفت آند بيوتيفول كريم ريلاكسر الفائق,AlFouad Pharmacies,العناية بالشعر,العناية بالشعر,1,بسيط,4559,749.9,224.97,524.93,,متاح لدى المصدر,https://cdn.shopify.com/s/files/1/0935/9550/0847/files/Soft-Beautiful-Cream-Relaxer-Super-Systm.webp?v=1754297861,منتج نظام سوفت آند بيوتيفول كريم ريلاكسر الفائق من AlFouad Pharmacies. التصنيف المرجعي: العناية بالشعر — بسيط. الوسوم المرجعية: Deep Repair، Hair Care، Hair Concerns، Hair Treatment.,https://alfouadpharmacies.com/en/products/soft-amp-beautiful-cream-relaxer-super-systm,AlFouad Pharmacies,Verify usage rights before commercial publication,غير مثبت,غير مثبت,مرجعي فقط — غير معتمد للنشر التجاري,بيانات مرجعية متاحة؛ يلزم تحقق PM,ضمن الفحص المبدئي
10570011148591,nawah-hair-mask-500ml,نواة قناع ترطيب الشعر – 500 مل,NAWAH,العناية بالشعر,العناية بالشعر,1,العناية بالشعر > ماسكات الشعر,84117,450,135,315,,غير متاح لدى المصدر,https://cdn.shopify.com/s/files/1/0935/9550/0847/files/nawah-hair-mask-deep-moist-500ml-5857834.webp?v=1772281038,منتج نواة قناع ترطيب الشعر – 500 مل من NAWAH. التصنيف المرجعي: العناية بالشعر — العناية بالشعر > ماسكات الشعر. الوسوم المرجعية: Dry & Damage Hair، Hair Care، Hair Mask.,https://alfouadpharmacies.com/en/products/nawah-hair-mask-500ml,AlFouad Pharmacies,Verify usage rights before commercial publication,غير مثبت,غير مثبت,مرجعي فقط — غير معتمد للنشر التجاري,بيانات مرجعية متاحة؛ يلزم تحقق PM,ضمن الفحص المبدئي
10569939058991,vatika-henna-chestnut-6xbox,هنا فيتيكا باللون البني المحمر (6 علب),AlFouad Pharmacies,العناية بالشعر,العناية بالشعر,1,بسيط,8876,40,12,28,,متاح لدى المصدر,https://cdn.shopify.com/s/files/1/0935/9550/0847/files/Vatika-Henna-Chestnut-6-x-Box.webp?v=1754297757,منتج هنا فيتيكا باللون البني المحمر (6 علب) من AlFouad Pharmacies. التصنيف المرجعي: العناية بالشعر — بسيط. الوسوم المرجعية: Hair Care، Hair Oil.,https://alfouadpharmacies.com/en/products/vatika-henna-chestnut-6xbox,AlFouad Pharmacies,Verify usage rights before commercial publication,غير مثبت,غير مثبت,مرجعي فقط — غير معتمد للنشر التجاري,بيانات مرجعية متاحة؛ يلزم تحقق PM,ضمن الفحص المبدئي
10569938927919,vatika-henna-black-6xbox,هنا من فاتيكا باللون الأسود (6 علب),AlFouad Pharmacies,العناية بالشعر,العناية بالشعر,1,بسيط,108750,40,12,28,,متاح لدى المصدر,https://cdn.shopify.com/s/files/1/0935/9550/0847/files/Vatika-Henna-Black-6-x-Box.webp?v=1754297759,منتج هنا من فاتيكا باللون الأسود (6 علب) من AlFouad Pharmacies. التصنيف المرجعي: العناية بالشعر — بسيط. الوسوم المرجعية: Hair Care، Hair Color.,https://alfouadpharmacies.com/en/products/vatika-henna-black-6xbox,AlFouad Pharmacies,Verify usage rights before commercial publication,غير مثبت,غير مثبت,مرجعي فقط — غير معتمد للنشر التجاري,بيانات مرجعية متاحة؛ يلزم تحقق PM,ضمن الفحص المبدئي
10569732358447,the-hair-addict-beard-recipe-25ml,وصفة حلاقة الشعر من ذا هير أديكت 25 مل,AlFouad Pharmacies,العناية بالشعر,العناية بالشعر,1,بسيط,11697,170,51,119,0,غير متاح لدى المصدر,https://cdn.shopify.com/s/files/1/0935/9550/0847/files/The-Hair-Addict-Beard-Recipe.webp?v=1754299033,منتج وصفة حلاقة الشعر من ذا هير أديكت 25 مل من AlFouad Pharmacies. التصنيف المرجعي: العناية بالشعر — بسيط. الوسوم المرجعية: Anti-Frizz، Hair Care، Hair Concerns، Men Hair.,https://alfouadpharmacies.com/en/products/the-hair-addict-beard-recipe-25ml,AlFouad Pharmacies,Verify usage rights before commercial publication,غير مثبت,غير مثبت,مرجعي فقط — غير معتمد للنشر التجاري,بيانات مرجعية متاحة؛ يلزم تحقق PM,ضمن الفحص المبدئي
12689565057327,the-hair-addict-indian-recipe-20vials,وصفة هندية من ذا هير أديكت (20 قارورة) ,The Hair Addict,العناية بالشعر,العناية بالشعر,1,,11665,620,186,434,,متاح لدى المصدر,https://cdn.shopify.com/s/files/1/0935/9550/0847/files/TheHairAddictIndianRecipe20VIALS.webp?v=1771920504,منتج وصفة هندية من ذا هير أديكت (20 قارورة)  من The Hair Addict. التصنيف المرجعي: العناية بالشعر. الوسوم المرجعية: Hair Care، Hair Concerns، Hair Vials.,https://alfouadpharmacies.com/en/products/the-hair-addict-indian-recipe-20vials,AlFouad Pharmacies,Verify usage rights before commercial publication,غير مثبت,غير مثبت,مرجعي فقط — غير معتمد للنشر التجاري,بيانات مرجعية متاحة؛ يلزم تحقق PM,ضمن الفحص المبدئي
16103243022639,celimax-retinal-shot-tightening-booster-15ml,CELIMAX RETINAL SHOT TIGHTENING BOOSTER 15ML,korean product,منتجات كورية,الجمال الكوري,1,Face Treatment,114114,1430,429,1001,,متاح لدى المصدر,https://cdn.shopify.com/s/files/1/0935/9550/0847/files/celimax_retinal_booster_box_1615.webp?v=1785229090,منتج CELIMAX RETINAL SHOT TIGHTENING BOOSTER 15ML من korean product. التصنيف المرجعي: منتجات كورية — Face Treatment. الحجم المذكور: 15 ML. الوسوم المرجعية: Eye Care.,https://alfouadpharmacies.com/en/products/celimax-retinal-shot-tightening-booster-15ml,AlFouad Pharmacies,Verify usage rights before commercial publication,غير مثبت,غير مثبت,مرجعي فقط — غير معتمد للنشر التجاري,بيانات مرجعية متاحة؛ يلزم تحقق PM,ضمن الفحص المبدئي
12882570314031,centella-poremizing-quick-clay-stick-mask-27ml,Centella Poremizing Quick Clay Stick Mask 27ml,korean product,منتجات كورية,الجمال الكوري,1,,115700,1370,411,959,,متاح لدى المصدر,https://cdn.shopify.com/s/files/1/0935/9550/0847/files/Madagascar_Centella_Clay_Stick_Mask_1615.webp?v=1789896497,منتج Centella Poremizing Quick Clay Stick Mask 27ml من korean product. التصنيف المرجعي: منتجات كورية. الحجم المذكور: 27 ml. الوسوم المرجعية: Face Mask، korean product، Pores.,https://alfouadpharmacies.com/en/products/centella-poremizing-quick-clay-stick-mask-27ml,AlFouad Pharmacies,Verify usage rights before commercial publication,غير مثبت,غير مثبت,مرجعي فقط — غير معتمد للنشر التجاري,بيانات مرجعية متاحة؛ يلزم تحقق PM,ضمن الفحص المبدئي
12881226301743,mary-may-tranexamic-acid-glutathion-eye-cream-30ml,Mary&May Tranexamic Acid+Glutathion Eye Cream 30ml,korean product,منتجات كورية,الجمال الكوري,1,,114378,1300,390,910,,متاح لدى المصدر,https://cdn.shopify.com/s/files/1/0935/9550/0847/files/1B82B051-EF88-4DE2-B67A-E4BD11F74375.webp?v=1772357266,منتج Mary&May Tranexamic Acid+Glutathion Eye Cream 30ml من korean product. التصنيف المرجعي: منتجات كورية. الحجم المذكور: 30 ml. الوسوم المرجعية: Dark Circles & Puffiness، Eye Care، Eye Contour، korean product.,https://alfouadpharmacies.com/en/products/mary-may-tranexamic-acid-glutathion-eye-cream-30ml,AlFouad Pharmacies,Verify usage rights before commercial publication,غير مثبت,غير مثبت,مرجعي فقط — غير معتمد للنشر التجاري,بيانات مرجعية متاحة؛ يلزم تحقق PM,ضمن الفحص المبدئي
12880456581423,medicube-collagen-glow-booster-serum-15ml,Medicube Collagen Glow Booster Serum 15ml,korean product,منتجات كورية,الجمال الكوري,1,,115623,1850,555,1295,,متاح لدى المصدر,https://cdn.shopify.com/s/files/1/0935/9550/0847/files/medicube-collagen-glow-booster-serum-15ml-5850668.webp?v=1772356092,منتج Medicube Collagen Glow Booster Serum 15ml من korean product. التصنيف المرجعي: منتجات كورية. الحجم المذكور: 15 ml. الوسوم المرجعية: Anti-Aging، Fine Lines & Wrinkles، korean product، Serums.,https://alfouadpharmacies.com/en/products/medicube-collagen-glow-booster-serum-15ml,AlFouad Pharmacies,Verify usage rights before commercial publication,غير مثبت,غير مثبت,مرجعي فقط — غير معتمد للنشر التجاري,بيانات مرجعية متاحة؛ يلزم تحقق PM,ضمن الفحص المبدئي
12880359915823,medicube-pdrn-pink-peptide-serum-30ml,Medicube PDRN Pink Peptide Serum 30ml,korean product,منتجات كورية,الجمال الكوري,1,SERUM,114958,1700,510,1190,,متاح لدى المصدر,https://cdn.shopify.com/s/files/1/0935/9550/0847/files/medicube_pdrn_pink_serum_1615_web.webp?v=1788963490,منتج Medicube PDRN Pink Peptide Serum 30ml من korean product. التصنيف المرجعي: منتجات كورية — SERUM. الحجم المذكور: 30 ml. الوسوم المرجعية: Anti-Aging، Fine Lines & Wrinkles، korean product، Pores، Serums.,https://alfouadpharmacies.com/en/products/medicube-pdrn-pink-peptide-serum-30ml,AlFouad Pharmacies,Verify usage rights before commercial publication,غير مثبت,غير مثبت,مرجعي فقط — غير معتمد للنشر التجاري,بيانات مرجعية متاحة؛ يلزم تحقق PM,ضمن الفحص المبدئي
16035830432047,beauty-of-joseon-ginseng-moist-sun-serum-spf50-50,بيوتي أوف جوسون جلونج رايس صن سيروم SPF50 + 50ML ,korean product,منتجات كورية,الجمال الكوري,1,سيرم ,116181,1650,495,1155,,متاح لدى المصدر,https://cdn.shopify.com/s/files/1/0935/9550/0847/files/3_27.webp?v=1782633503,منتج بيوتي أوف جوسون جلونج رايس صن سيروم SPF50 + 50ML  من korean product. التصنيف المرجعي: منتجات كورية — سيرم . الحجم المذكور: 50 ML. الوسوم المرجعية: Serums.,https://alfouadpharmacies.com/en/products/beauty-of-joseon-ginseng-moist-sun-serum-spf50-50,AlFouad Pharmacies,Verify usage rights before commercial publication,غير مثبت,غير مثبت,مرجعي فقط — غير معتمد للنشر التجاري,بيانات مرجعية متاحة؛ يلزم تحقق PM,ضمن الفحص المبدئي
16121957646639,زيت-وسيروم-فينو-بريميوم,زيت وسيروم فينو بريميوم,korean product,منتجات كورية,الجمال الكوري,1,سيرم ,113828,1580,474,1106,,متاح لدى المصدر,https://cdn.shopify.com/s/files/1/0935/9550/0847/files/fino_premium_touch_hair_oil_lifestyle_1615.webp?v=1786517977,منتج زيت وسيروم فينو بريميوم من korean product. التصنيف المرجعي: منتجات كورية — سيرم . الوسوم المرجعية: Hair Oil.,https://alfouadpharmacies.com/en/products/زيت-وسيروم-فينو-بريميوم,AlFouad Pharmacies,Verify usage rights before commercial publication,غير مثبت,غير مثبت,مرجعي فقط — غير معتمد للنشر التجاري,بيانات مرجعية متاحة؛ يلزم تحقق PM,ضمن الفحص المبدئي
12689515118895,beauty-of-joseon-revive-eye-serum-ginseng-retinal-30ml,سيروم بيوتي أوف جوسون ريفايف للعينين بخلاصة الجينسنغ والريتينول 30 مل,korean product,منتجات كورية,الجمال الكوري,1,,114115,1368,410.4,957.6,,غير متاح لدى المصدر,https://cdn.shopify.com/s/files/1/0935/9550/0847/files/boj_revive_eye_serum_ecommerce_standard.webp?v=1771834743,منتج سيروم بيوتي أوف جوسون ريفايف للعينين بخلاصة الجينسنغ والريتينول 30 مل من korean product. التصنيف المرجعي: منتجات كورية. الوسوم المرجعية: Dark Circles & Puffiness، Eye Care، Eye Contour، Fine Lines & Wrinkles، korean product.,https://alfouadpharmacies.com/en/products/beauty-of-joseon-revive-eye-serum-ginseng-retinal-30ml,AlFouad Pharmacies,Verify usage rights before commercial publication,غير مثبت,غير مثبت,مرجعي فقط — غير معتمد للنشر التجاري,بيانات مرجعية متاحة؛ يلزم تحقق PM,ضمن الفحص المبدئي
12689514889519,some-by-me-retinol-intense-serum-30-ml,سيروم ريتينول مكثف من سم باي مي 30 مل ,korean product,منتجات كورية,الجمال الكوري,1,,114235,1656,496.8,1159.2,,متاح لدى المصدر,https://cdn.shopify.com/s/files/1/0935/9550/0847/files/some_by_mi_retinol_intense_1615x1615_e82dbae7-f264-440a-ad09-d597697e51d3.webp?v=1789905024,منتج سيروم ريتينول مكثف من سم باي مي 30 مل  من korean product. التصنيف المرجعي: منتجات كورية. الوسوم المرجعية: Anti-Aging، Fine Lines & Wrinkles، korean product، Serums.,https://alfouadpharmacies.com/en/products/some-by-me-retinol-intense-serum-30-ml,AlFouad Pharmacies,Verify usage rights before commercial publication,غير مثبت,غير مثبت,مرجعي فقط — غير معتمد للنشر التجاري,بيانات مرجعية متاحة؛ يلزم تحقق PM,ضمن الفحص المبدئي
16103191511343,سيروم-سيليماكس-ريتينول-شوت-لشد-البشرة-وتضييق-المسام-30-مل,سيروم سيليماكس ريتينول شوت لشد البشرة وتضييق المسام 30 مل,korean product,منتجات كورية,الجمال الكوري,1,شد البشرة,114873,1400,420,980,,متاح لدى المصدر,https://cdn.shopify.com/s/files/1/0935/9550/0847/files/download_2.webp?v=1785236442,منتج سيروم سيليماكس ريتينول شوت لشد البشرة وتضييق المسام 30 مل من korean product. التصنيف المرجعي: منتجات كورية — شد البشرة. الوسوم المرجعية: Anti-Aging، CELIMAX، Fine Lines & Wrinkles، RETINAL.,https://alfouadpharmacies.com/en/products/سيروم-سيليماكس-ريتينول-شوت-لشد-البشرة-وتضييق-المسام-30-مل,AlFouad Pharmacies,Verify usage rights before commercial publication,غير مثبت,غير مثبت,مرجعي فقط — غير معتمد للنشر التجاري,بيانات مرجعية متاحة؛ يلزم تحقق PM,ضمن الفحص المبدئي
16121967739183,ماسك-فينو-بريميوم-تاتش,ماسك فينو بريميوم تاتش,korean product,منتجات كورية,الجمال الكوري,1,ماسك ,112240,1440,432,1008,,متاح لدى المصدر,https://cdn.shopify.com/s/files/1/0935/9550/0847/files/fino_premium_touch_hair_mask_lifestyle_1615.webp?v=1786518331,منتج ماسك فينو بريميوم تاتش من korean product. التصنيف المرجعي: منتجات كورية — ماسك . الوسوم المرجعية: Hair Mask.,https://alfouadpharmacies.com/en/products/ماسك-فينو-بريميوم-تاتش,AlFouad Pharmacies,Verify usage rights before commercial publication,غير مثبت,غير مثبت,مرجعي فقط — غير معتمد للنشر التجاري,بيانات مرجعية متاحة؛ يلزم تحقق PM,ضمن الفحص المبدئي
