معرّف المنتج في المصدر,Handle المرجعي,اسم المنتج,العلامة التجارية,التصنيف الأساسي المرجعي,التصنيفات التي يظهر بها المنتج,عدد مرات الظهور عبر التصنيفات,نوع المنتج المرجعي,كود المورد/المصدر (ليس SKU لـ PM),سعر الجمهور المرجعي (ج.م),قيمة خصم 30% المرجعية (ج.م),سعر الجملة المرجعي بعد الخصم (ج.م),سعر المقارنة في المصدر (ج.م),التوفر لدى المصدر المرجعي فقط,رابط الصورة المرجعي,الوصف المرجعي,رابط المنتج المرجعي,المصدر,حقوق استخدام الصورة,دليل مخزون PM,دليل تكلفة PM,حالة النشر التجاري,مراجعة البيانات,مراجعة النطاق
10569728721199,eva-hair-amp-aloe-vera-4-amp-anti-hair-fall,أمبولات إيفا للشعر. الصبار (4 أمبولات) (لمنع تساقط الشعر),AlFouad Pharmacies,العناية بالشعر,العناية بالشعر,1,بسيط,96427,100,30,70,,متاح لدى المصدر,https://cdn.shopify.com/s/files/1/0935/9550/0847/files/Eva-Hair-Amp.-Aloe-vera-4-Amp-Anti-Hair-Fall.webp?v=1754299088,منتج أمبولات إيفا للشعر. الصبار (4 أمبولات) (لمنع تساقط الشعر) من AlFouad Pharmacies. التصنيف المرجعي: العناية بالشعر — بسيط. الوسوم المرجعية: Dry & Damadged Hair، Hair Ampouls، Hair Care، Hair Concerns.,https://alfouadpharmacies.com/en/products/eva-hair-amp-aloe-vera-4-amp-anti-hair-fall,AlFouad Pharmacies,Verify usage rights before commercial publication,غير مثبت,غير مثبت,مرجعي فقط — غير معتمد للنشر التجاري,بيانات مرجعية متاحة؛ يلزم تحقق PM,ضمن الفحص المبدئي
10569731277103,أمبولات-سيروبيب-هير-دروبر-لتغذية-وتحفيز-نمو-الشعر-7-أمبولات-10-مل,أمبولات سيروبيب هير دروبر لتغذية وتحفيز نمو الشعر 7 أمبولات × 10 مل,Seropipe,العناية بالشعر,العناية بالشعر,1,امبولات ,104807,525,157.5,367.5,,متاح لدى المصدر,https://cdn.shopify.com/s/files/1/0935/9550/0847/files/seropipe_hair_dropper_front_1615x1615_875338e8-7c13-4b6d-8a4e-cb32374dcd2e.webp?v=1786884695,منتج أمبولات سيروبيب هير دروبر لتغذية وتحفيز نمو الشعر 7 أمبولات × 10 مل من Seropipe. التصنيف المرجعي: العناية بالشعر — امبولات . الوسوم المرجعية: Hair Ampouls، Hair Care، Hair Concerns، Hair Loss، Scalp Care، seropipe.,https://alfouadpharmacies.com/en/products/أمبولات-سيروبيب-هير-دروبر-لتغذية-وتحفيز-نمو-الشعر-7-أمبولات-10-مل,AlFouad Pharmacies,Verify usage rights before commercial publication,غير مثبت,غير مثبت,مرجعي فقط — غير معتمد للنشر التجاري,بيانات مرجعية متاحة؛ يلزم تحقق PM,ضمن الفحص المبدئي
10570013737263,raw-african-follicle-hair-ampule-8x5ml,أمبولات شعر بصيلات أفريقية طبيعية 8 × 5 مل,RAW AFRICAN,العناية بالشعر,العناية بالشعر,1,بسيط,112993,498,149.4,348.6,,متاح لدى المصدر,https://cdn.shopify.com/s/files/1/0935/9550/0847/files/Raw-African-Follicle-Hair-Ampule-8X5ML.webp?v=1754297028,منتج أمبولات شعر بصيلات أفريقية طبيعية 8 × 5 مل من RAW AFRICAN. التصنيف المرجعي: العناية بالشعر — بسيط. الوسوم المرجعية: Hair Ampouls، Hair Care.,https://alfouadpharmacies.com/en/products/raw-african-follicle-hair-ampule-8x5ml,AlFouad Pharmacies,Verify usage rights before commercial publication,غير مثبت,غير مثبت,مرجعي فقط — غير معتمد للنشر التجاري,بيانات مرجعية متاحة؛ يلزم تحقق PM,ضمن الفحص المبدئي
16102659031343,أمبولات-كيرستاس-دنسيفيك-كيور-دنسيتي-لتكثيف-وإنبات-الشعر-10-6-مل,أمبولات كيرستاس دنسيفيك كيور دنسيتي لتكثيف وإنبات الشعر 10×6 مل,Kerastase,العناية بالشعر,العناية بالشعر,1,امبولات تساقط,101700,4120,1236,2884,,متاح لدى المصدر,https://cdn.shopify.com/s/files/1/0935/9550/0847/files/KERASTASE._DENSIFIQUE_STEMOXYDINE_AMP_10X6ML.webp?v=1786360984,منتج أمبولات كيرستاس دنسيفيك كيور دنسيتي لتكثيف وإنبات الشعر 10×6 مل من Kerastase. التصنيف المرجعي: العناية بالشعر — امبولات تساقط. الوسوم المرجعية: Hair Care، Kerastase.,https://alfouadpharmacies.com/en/products/أمبولات-كيرستاس-دنسيفيك-كيور-دنسيتي-لتكثيف-وإنبات-الشعر-10-6-مل,AlFouad Pharmacies,Verify usage rights before commercial publication,غير مثبت,غير مثبت,مرجعي فقط — غير معتمد للنشر التجاري,بيانات مرجعية متاحة؛ يلزم تحقق PM,ضمن الفحص المبدئي
10569829744943,olaplex-no0-intensive-bond-building-treatment-155ml,أولابليكس رقم 0 علاج مكثف لتقوية الروابط (155 مل) ,OLAPLEX,العناية بالشعر,العناية بالشعر,1,بسيط,102940,1950,585,1365,0,متاح لدى المصدر,https://cdn.shopify.com/s/files/1/0935/9550/0847/files/Olaplex-NO.0-Intensive-Bond-Building.webp?v=1754298597,منتج أولابليكس رقم 0 علاج مكثف لتقوية الروابط (155 مل)  من OLAPLEX. التصنيف المرجعي: العناية بالشعر — بسيط. الوسوم المرجعية: Anti-Frizz، Deep Repair، Dry & Damadged Hair، Hair Care، Hair Concerns، Hair Spray، Hair Treatment.,https://alfouadpharmacies.com/en/products/olaplex-no0-intensive-bond-building-treatment-155ml,AlFouad Pharmacies,Verify usage rights before commercial publication,غير مثبت,غير مثبت,مرجعي فقط — غير معتمد للنشر التجاري,بيانات مرجعية متاحة؛ يلزم تحقق PM,ضمن الفحص المبدئي
10569829810479,olaplex-no2-after-shampoo-100ml,أولابليكس رقم 2 بعد الشامبو (100 مل) ,OLAPLEX,العناية بالشعر,العناية بالشعر,1,بسيط,33733,1950,585,1365,,غير متاح لدى المصدر,https://cdn.shopify.com/s/files/1/0935/9550/0847/files/Olaplex-NO.2-After-Shampoo.webp?v=1754298596,منتج أولابليكس رقم 2 بعد الشامبو (100 مل)  من OLAPLEX. التصنيف المرجعي: العناية بالشعر — بسيط. الوسوم المرجعية: Deep Repair، Dry & Damadged Hair، Hair Care، Hair Concerns، Hair Treatment.,https://alfouadpharmacies.com/en/products/olaplex-no2-after-shampoo-100ml,AlFouad Pharmacies,Verify usage rights before commercial publication,غير مثبت,غير مثبت,مرجعي فقط — غير معتمد للنشر التجاري,بيانات مرجعية متاحة؛ يلزم تحقق PM,ضمن الفحص المبدئي
10569830138159,olaplex-no6-bond-smoother-100ml,أولابليكس رقم 6 لتنعيم الروابط 100 مل,OLAPLEX,العناية بالشعر,العناية بالشعر,1,بسيط,93359,2250,675,1575,,متاح لدى المصدر,https://cdn.shopify.com/s/files/1/0935/9550/0847/files/Olaplex-NO.6-Bond-Smoother-100ML.webp?v=1754298593,منتج أولابليكس رقم 6 لتنعيم الروابط 100 مل من OLAPLEX. التصنيف المرجعي: العناية بالشعر — بسيط. الوسوم المرجعية: Anti-Frizz، Dry & Damadged Hair، Hair Care، Hair Concerns، Hair Cream، Leave In Cream.,https://alfouadpharmacies.com/en/products/olaplex-no6-bond-smoother-100ml,AlFouad Pharmacies,Verify usage rights before commercial publication,غير مثبت,غير مثبت,مرجعي فقط — غير معتمد للنشر التجاري,بيانات مرجعية متاحة؛ يلزم تحقق PM,ضمن الفحص المبدئي
12689441718575,aroma-hair-elongation-elixir-50ml,إكسير أروما لتطويل الشعر 50 مل,AROMA,العناية بالشعر,العناية بالشعر,1,,115202,1674,502.2,1171.8,,متاح لدى المصدر,https://cdn.shopify.com/s/files/1/0935/9550/0847/files/AROMAHAIRELONGATIONELIXIR50ML_c78386db-0b5f-41ca-a23b-674b79aa257b.webp?v=1771930023,منتج إكسير أروما لتطويل الشعر 50 مل من AROMA. التصنيف المرجعي: العناية بالشعر. الوسوم المرجعية: Hair Care، Hair Defining & Volume، Hair Growth، Hair Loss، Hair Oil.,https://alfouadpharmacies.com/en/products/aroma-hair-elongation-elixir-50ml,AlFouad Pharmacies,Verify usage rights before commercial publication,غير مثبت,غير مثبت,مرجعي فقط — غير معتمد للنشر التجاري,بيانات مرجعية متاحة؛ يلزم تحقق PM,ضمن الفحص المبدئي
10569860251951,en-liven-con-400ml-coconutampvanilla,إن ليفن كون 400 مل جوز الهند والفانيليا,AlFouad Pharmacies,العناية بالشعر,العناية بالشعر,1,بسيط,84007,144.9,43.47,101.43,,غير متاح لدى المصدر,https://cdn.shopify.com/s/files/1/0935/9550/0847/files/En-Liven-Con-400ML-CoconutVanilla.webp?v=1754298338,منتج إن ليفن كون 400 مل جوز الهند والفانيليا من AlFouad Pharmacies. التصنيف المرجعي: العناية بالشعر — بسيط. الوسوم المرجعية: Dry & Damadged Hair، Hair Care، Hair Concerns، Hair Conditioner.,https://alfouadpharmacies.com/en/products/en-liven-con-400ml-coconutampvanilla,AlFouad Pharmacies,Verify usage rights before commercial publication,غير مثبت,غير مثبت,مرجعي فقط — غير معتمد للنشر التجاري,بيانات مرجعية متاحة؛ يلزم تحقق PM,ضمن الفحص المبدئي
10569860317487,en-liven-cond-400ml-appleamp-taspberry,إن ليفن كوندي 400 مل تفاح وتوت بري,AlFouad Pharmacies,العناية بالشعر,العناية بالشعر,1,بسيط,92871,144.9,43.47,101.43,,غير متاح لدى المصدر,https://cdn.shopify.com/s/files/1/0935/9550/0847/files/En-Liven-Cond-400ML-Apple-Taspberry.webp?v=1754298337,منتج إن ليفن كوندي 400 مل تفاح وتوت بري من AlFouad Pharmacies. التصنيف المرجعي: العناية بالشعر — بسيط. الوسوم المرجعية: Dry & Damadged Hair، Hair Care، Hair Concerns، Hair Conditioner.,https://alfouadpharmacies.com/en/products/en-liven-cond-400ml-appleamp-taspberry,AlFouad Pharmacies,Verify usage rights before commercial publication,غير مثبت,غير مثبت,مرجعي فقط — غير معتمد للنشر التجاري,بيانات مرجعية متاحة؛ يلزم تحقق PM,ضمن الفحص المبدئي
10569729409327,infinity-treato-anti-breakage-serum-120ml,إنفينيتي تريتو سيرم العناية بالشعر 120 مل,Infinity,العناية بالشعر,العناية بالشعر,1,سيرم العناية بالشعر,33393,300,90,210,,متاح لدى المصدر,https://cdn.shopify.com/s/files/1/0935/9550/0847/files/Infinity-Treato-Anti-Breakage-Serum-120ml.webp?v=1754299077,منتج إنفينيتي تريتو سيرم العناية بالشعر 120 مل من Infinity. التصنيف المرجعي: العناية بالشعر — سيرم العناية بالشعر. الوسوم المرجعية: Anti-Frizz، Hair Care، Hair Concerns، Hair Serum.,https://alfouadpharmacies.com/en/products/infinity-treato-anti-breakage-serum-120ml,AlFouad Pharmacies,Verify usage rights before commercial publication,غير مثبت,غير مثبت,مرجعي فقط — غير معتمد للنشر التجاري,بيانات مرجعية متاحة؛ يلزم تحقق PM,ضمن الفحص المبدئي
10569729048879,eva-hair-amp-protein-4-amp-coloured-hair,إيفا أمب للشعر، بروتين (4 أمب) (لشعر ملون),AlFouad Pharmacies,العناية بالشعر,العناية بالشعر,1,بسيط,14000,100,30,70,,متاح لدى المصدر,https://cdn.shopify.com/s/files/1/0935/9550/0847/files/Eva-Hair-Amp.-Protein-4-Amp-Coloured-Hair.webp?v=1754299083,منتج إيفا أمب للشعر، بروتين (4 أمب) (لشعر ملون) من AlFouad Pharmacies. التصنيف المرجعي: العناية بالشعر — بسيط. الوسوم المرجعية: Colored Hair، Dry & Damadged Hair، Hair Ampouls، Hair Care، Hair Concerns.,https://alfouadpharmacies.com/en/products/eva-hair-amp-protein-4-amp-coloured-hair,AlFouad Pharmacies,Verify usage rights before commercial publication,غير مثبت,غير مثبت,مرجعي فقط — غير معتمد للنشر التجاري,بيانات مرجعية متاحة؛ يلزم تحقق PM,ضمن الفحص المبدئي
10569728753967,eva-hair-amp-yoghurt-4-amp-dry-hair,إيفا أمبول للشعر. زبادي (4 أمبول) (لشعر جاف),AlFouad Pharmacies,العناية بالشعر,العناية بالشعر,1,بسيط,15664,100,30,70,,غير متاح لدى المصدر,https://cdn.shopify.com/s/files/1/0935/9550/0847/files/Eva-Hair-Amp.-Yoghurt-4-Amp-Dry-Hair.webp?v=1754299087,منتج إيفا أمبول للشعر. زبادي (4 أمبول) (لشعر جاف) من AlFouad Pharmacies. التصنيف المرجعي: العناية بالشعر — بسيط. الوسوم المرجعية: Dry & Damadged Hair، Hair Ampouls، Hair Care، Hair Concerns.,https://alfouadpharmacies.com/en/products/eva-hair-amp-yoghurt-4-amp-dry-hair,AlFouad Pharmacies,Verify usage rights before commercial publication,غير مثبت,غير مثبت,مرجعي فقط — غير معتمد للنشر التجاري,بيانات مرجعية متاحة؛ يلزم تحقق PM,ضمن الفحص المبدئي
10569727705391,eva-gold-argan-heat-protection-200ml,إيفا جولد أرغان للحماية من الحرارة 200 مل,AlFouad Pharmacies,العناية بالشعر,العناية بالشعر,1,بسيط,94866,220,66,154,,متاح لدى المصدر,https://cdn.shopify.com/s/files/1/0935/9550/0847/files/Eva-Gold-Argan-Heat-Protection-200ml_60349069-5127-4b8f-a1a9-3c0c49fa54ed.webp?v=1771448512,منتج إيفا جولد أرغان للحماية من الحرارة 200 مل من AlFouad Pharmacies. التصنيف المرجعي: العناية بالشعر — بسيط. الوسوم المرجعية: Hair Care، Hair Concerns، Hair Spray، Heat Protection.,https://alfouadpharmacies.com/en/products/eva-gold-argan-heat-protection-200ml,AlFouad Pharmacies,Verify usage rights before commercial publication,غير مثبت,غير مثبت,مرجعي فقط — غير معتمد للنشر التجاري,بيانات مرجعية متاحة؛ يلزم تحقق PM,ضمن الفحص المبدئي
10569733341487,acm-novophane-ds-shampoo-125ml,إيه سي إم نوفوفان دي إس شامبو – 125 مل,ACM,العناية بالشعر,العناية بالشعر,1,ضد القشرة ,97725,639,191.7,447.3,,متاح لدى المصدر,https://cdn.shopify.com/s/files/1/0935/9550/0847/files/Group_1_43_feced64c-b190-4f22-a40c-f90856955e71.webp?v=1781941716,منتج إيه سي إم نوفوفان دي إس شامبو – 125 مل من ACM. التصنيف المرجعي: العناية بالشعر — ضد القشرة . الوسوم المرجعية: Dandruff، Hair Care، Hair Shampoo.,https://alfouadpharmacies.com/en/products/acm-novophane-ds-shampoo-125ml,AlFouad Pharmacies,Verify usage rights before commercial publication,غير مثبت,غير مثبت,مرجعي فقط — غير معتمد للنشر التجاري,بيانات مرجعية متاحة؛ يلزم تحقق PM,ضمن الفحص المبدئي
10569726001455,avrelle-sheabutter-argan-hair-condition-400ml,افريل بلسم الشعر بزبدة الشيا والارجان 400 مل,Avrelle,العناية بالشعر,العناية بالشعر,1,بسيط,2849,395,118.5,276.5,0,متاح لدى المصدر,https://cdn.shopify.com/s/files/1/0935/9550/0847/files/Avrelle-Sheabutter-Argan-Hair-Condition-400ml.webp?v=1754299138,منتج افريل بلسم الشعر بزبدة الشيا والارجان 400 مل من Avrelle. التصنيف المرجعي: العناية بالشعر — بسيط. الوسوم المرجعية: Dry & Damadged Hair، Hair Care، Hair Concerns، Hair Conditioner.,https://alfouadpharmacies.com/en/products/avrelle-sheabutter-argan-hair-condition-400ml,AlFouad Pharmacies,Verify usage rights before commercial publication,غير مثبت,غير مثبت,مرجعي فقط — غير معتمد للنشر التجاري,بيانات مرجعية متاحة؛ يلزم تحقق PM,ضمن الفحص المبدئي
12689768022319,eva-aloe-vera-argan-oil-shampoo-230ml,الشامبو الغني بزيت الأرجان المغربي لترطيب الشعر الجاف وإعادة,AlFouad Pharmacies,العناية بالشعر,العناية بالشعر,1,بسيط,107353,75,22.5,52.5,,متاح لدى المصدر,https://cdn.shopify.com/s/files/1/0935/9550/0847/files/Untitled_1024x1024px_17_28d07893-bd15-4269-8430-0666a753d52c.webp?v=1771844759,منتج الشامبو الغني بزيت الأرجان المغربي لترطيب الشعر الجاف وإعادة من AlFouad Pharmacies. التصنيف المرجعي: العناية بالشعر — بسيط. الوسوم المرجعية: Anti-Frizz، Hair Care، Hair Concerns، Hair Shampoo.,https://alfouadpharmacies.com/en/products/eva-aloe-vera-argan-oil-shampoo-230ml,AlFouad Pharmacies,Verify usage rights before commercial publication,غير مثبت,غير مثبت,مرجعي فقط — غير معتمد للنشر التجاري,بيانات مرجعية متاحة؛ يلزم تحقق PM,ضمن الفحص المبدئي
12689768612143,capixy-hair-fertilizer-vial-for-women-70ml,العلاج المكثف والمركز للفراغات وتساقط الشعر الشديد عند النساء؛,CAPIXY,العناية بالشعر,العناية بالشعر,1,علاج تساقط الشعر ,8564,995,298.5,696.5,0,متاح لدى المصدر,https://cdn.shopify.com/s/files/1/0935/9550/0847/files/683.webp?v=1780828744,منتج العلاج المكثف والمركز للفراغات وتساقط الشعر الشديد عند النساء؛ من CAPIXY. التصنيف المرجعي: العناية بالشعر — علاج تساقط الشعر . الوسوم المرجعية: Hair Care، Hair Concerns، Hair Loss، Hair Vials.,https://alfouadpharmacies.com/en/products/capixy-hair-fertilizer-vial-for-women-70ml,AlFouad Pharmacies,Verify usage rights before commercial publication,غير مثبت,غير مثبت,مرجعي فقط — غير معتمد للنشر التجاري,بيانات مرجعية متاحة؛ يلزم تحقق PM,ضمن الفحص المبدئي
10569829908783,olaplex-no3-hair-perfector-100ml,المعالج المنزلي رقم 1 عالميًا لإعادة بناء روابط الشعر التالفة من,OLAPLEX,العناية بالشعر,العناية بالشعر,1,بسيط,93358,2250,675,1575,,متاح لدى المصدر,https://cdn.shopify.com/s/files/1/0935/9550/0847/files/Olaplex-NO.3-Hair-Perfector-100ML.webp?v=1754298595,منتج المعالج المنزلي رقم 1 عالميًا لإعادة بناء روابط الشعر التالفة من من OLAPLEX. التصنيف المرجعي: العناية بالشعر — بسيط. الوسوم المرجعية: Deep Repair، Dry & Damadged Hair، Hair Care، Hair Concerns، Hair Mask، Hair Treatment.,https://alfouadpharmacies.com/en/products/olaplex-no3-hair-perfector-100ml,AlFouad Pharmacies,Verify usage rights before commercial publication,غير مثبت,غير مثبت,مرجعي فقط — غير معتمد للنشر التجاري,بيانات مرجعية متاحة؛ يلزم تحقق PM,ضمن الفحص المبدئي
10569733833007,anivagene-nutriserum-hair-noursih-125ml,انيفاجين نوتري سيروم للشعر المغذي 125 مل,Anivagene,العناية بالشعر,العناية بالشعر,1,بسيط,86522,649,194.7,454.3,,متاح لدى المصدر,https://cdn.shopify.com/s/files/1/0935/9550/0847/files/Anivagene-Nutriserum-Hair-Noursih-125ML.webp?v=1754299006,منتج انيفاجين نوتري سيروم للشعر المغذي 125 مل من Anivagene. التصنيف المرجعي: العناية بالشعر — بسيط. الوسوم المرجعية: Anti-Frizz، Dry & Damadged Hair، Hair Care، Hair Concerns، Hair Loss، Hair Serum.,https://alfouadpharmacies.com/en/products/anivagene-nutriserum-hair-noursih-125ml,AlFouad Pharmacies,Verify usage rights before commercial publication,غير مثبت,غير مثبت,مرجعي فقط — غير معتمد للنشر التجاري,بيانات مرجعية متاحة؛ يلزم تحقق PM,ضمن الفحص المبدئي
13056149160239,ogx-biotin-collagen-conditioner-577ml,او جي اكس بلسم الامريكي الغني بالبيوتين والكولاجين 577مل ,OGX,العناية بالشعر,العناية بالشعر,1,,115834,435,130.5,304.5,,متاح لدى المصدر,https://cdn.shopify.com/s/files/1/0935/9550/0847/files/3574661626338.webp?v=1772704113,منتج او جي اكس بلسم الامريكي الغني بالبيوتين والكولاجين 577مل  من OGX. التصنيف المرجعي: العناية بالشعر. الوسوم المرجعية: Dry & Damadged Hair، Hair Care، Hair Conditioner.,https://alfouadpharmacies.com/en/products/ogx-biotin-collagen-conditioner-577ml,AlFouad Pharmacies,Verify usage rights before commercial publication,غير مثبت,غير مثبت,مرجعي فقط — غير معتمد للنشر التجاري,بيانات مرجعية متاحة؛ يلزم تحقق PM,ضمن الفحص المبدئي
10572102926639,palette-intensive-color-365-dark-chocolate,باليت إنترنسيف كولور (3-65) شوكولاتة داكنة,Palette,العناية بالشعر,العناية بالشعر,1,بسيط,92611,145,43.5,101.5,,متاح لدى المصدر,https://cdn.shopify.com/s/files/1/0935/9550/0847/files/Palette-Intensive-Color-3_E2_80_9365-Dark-Chocolate-Off.webp?v=1754296994,منتج باليت إنترنسيف كولور (3-65) شوكولاتة داكنة من Palette. التصنيف المرجعي: العناية بالشعر — بسيط. الوسوم المرجعية: Colored Hair، Hair Care، Hair Color، Hair Concerns.,https://alfouadpharmacies.com/en/products/palette-intensive-color-365-dark-chocolate,AlFouad Pharmacies,Verify usage rights before commercial publication,غير مثبت,غير مثبت,مرجعي فقط — غير معتمد للنشر التجاري,بيانات مرجعية متاحة؛ يلزم تحقق PM,ضمن الفحص المبدئي
10572103975215,palette-intensive-color-680-marsala-brown,باليت إنترنسيف كولور (6-80) بني مارسالا,Palette,العناية بالشعر,العناية بالشعر,1,بسيط,111470,145,43.5,101.5,,متاح لدى المصدر,https://cdn.shopify.com/s/files/1/0935/9550/0847/files/Palette-Intensive-Color-6_E2_80_9380-Marsala-Brown.webp?v=1754296987,منتج باليت إنترنسيف كولور (6-80) بني مارسالا من Palette. التصنيف المرجعي: العناية بالشعر — بسيط. الوسوم المرجعية: Colored Hair، Hair Care، Hair Color، Hair Concerns.,https://alfouadpharmacies.com/en/products/palette-intensive-color-680-marsala-brown,AlFouad Pharmacies,Verify usage rights before commercial publication,غير مثبت,غير مثبت,مرجعي فقط — غير معتمد للنشر التجاري,بيانات مرجعية متاحة؛ يلزم تحقق PM,ضمن الفحص المبدئي
10572104171823,palette-intensive-color-688-intensive-red,باليت إنترنسيف كولور (6–88) أحمر مكثف,Palette,العناية بالشعر,العناية بالشعر,1,بسيط,92519,145,43.5,101.5,,غير متاح لدى المصدر,https://cdn.shopify.com/s/files/1/0935/9550/0847/files/Palette-Intensive-Color-6_E2_80_9388-Intensive-Red.webp?v=1754296986,منتج باليت إنترنسيف كولور (6–88) أحمر مكثف من Palette. التصنيف المرجعي: العناية بالشعر — بسيط. الوسوم المرجعية: Colored Hair، Hair Care، Hair Color، Hair Concerns.,https://alfouadpharmacies.com/en/products/palette-intensive-color-688-intensive-red,AlFouad Pharmacies,Verify usage rights before commercial publication,غير مثبت,غير مثبت,مرجعي فقط — غير معتمد للنشر التجاري,بيانات مرجعية متاحة؛ يلزم تحقق PM,ضمن الفحص المبدئي
10572104204591,palette-intensive-color-699-intense-violet,باليت إنترنسيف كولور (6–99) أرجواني مكثف,Palette,العناية بالشعر,العناية بالشعر,1,بسيط,110936,145,43.5,101.5,,متاح لدى المصدر,https://cdn.shopify.com/s/files/1/0935/9550/0847/files/Palette-Intensive-Color-6_E2_80_9399-Intense-Violet.webp?v=1754296985,منتج باليت إنترنسيف كولور (6–99) أرجواني مكثف من Palette. التصنيف المرجعي: العناية بالشعر — بسيط. الوسوم المرجعية: Colored Hair، Hair Care، Hair Color، Hair Concerns.,https://alfouadpharmacies.com/en/products/palette-intensive-color-699-intense-violet,AlFouad Pharmacies,Verify usage rights before commercial publication,غير مثبت,غير مثبت,مرجعي فقط — غير معتمد للنشر التجاري,بيانات مرجعية متاحة؛ يلزم تحقق PM,ضمن الفحص المبدئي
10572104663343,palette-intensive-color-765-sparkling-nougat,باليت إنترنسيف كولور (7-65) نوجات متلألئ,Palette,العناية بالشعر,العناية بالشعر,1,بسيط,97911,145,43.5,101.5,,متاح لدى المصدر,https://cdn.shopify.com/s/files/1/0935/9550/0847/files/Palette-Intensive-Color-7_E2_80_9365-Sparkling-Nougat.webp?v=1754296983,منتج باليت إنترنسيف كولور (7-65) نوجات متلألئ من Palette. التصنيف المرجعي: العناية بالشعر — بسيط. الوسوم المرجعية: Colored Hair، Hair Care، Hair Color، Hair Concerns.,https://alfouadpharmacies.com/en/products/palette-intensive-color-765-sparkling-nougat,AlFouad Pharmacies,Verify usage rights before commercial publication,غير مثبت,غير مثبت,مرجعي فقط — غير معتمد للنشر التجاري,بيانات مرجعية متاحة؛ يلزم تحقق PM,ضمن الفحص المبدئي
10569920184623,palette-natural-color-5-light-brown,باليت لون طبيعي (5) بني فاتح,Palette,العناية بالشعر,العناية بالشعر,1,بسيط,81144,145,43.5,101.5,,غير متاح لدى المصدر,https://cdn.shopify.com/s/files/1/0935/9550/0847/files/Palette-Natural-Color-5-Light-Brown.webp?v=1754297903,منتج باليت لون طبيعي (5) بني فاتح من Palette. التصنيف المرجعي: العناية بالشعر — بسيط. الوسوم المرجعية: Colored Hair، Hair Care، Hair Color، Hair Concerns.,https://alfouadpharmacies.com/en/products/palette-natural-color-5-light-brown,AlFouad Pharmacies,Verify usage rights before commercial publication,غير مثبت,غير مثبت,مرجعي فقط — غير معتمد للنشر التجاري,بيانات مرجعية متاحة؛ يلزم تحقق PM,ضمن الفحص المبدئي
10569920315695,palette-natural-color-6-dark-blonde,باليت لون طبيعي (6) أشقر داكن,Palette,العناية بالشعر,العناية بالشعر,1,بسيط,87947,145,43.5,101.5,,غير متاح لدى المصدر,https://cdn.shopify.com/s/files/1/0935/9550/0847/files/Palette-Natural-Color-6-Dark-Blonde.webp?v=1754297902,منتج باليت لون طبيعي (6) أشقر داكن من Palette. التصنيف المرجعي: العناية بالشعر — بسيط. الوسوم المرجعية: Colored Hair، Hair Care، Hair Color، Hair Concerns.,https://alfouadpharmacies.com/en/products/palette-natural-color-6-dark-blonde,AlFouad Pharmacies,Verify usage rights before commercial publication,غير مثبت,غير مثبت,مرجعي فقط — غير معتمد للنشر التجاري,بيانات مرجعية متاحة؛ يلزم تحقق PM,ضمن الفحص المبدئي
10572105580847,palette-natural-color-30-dark-brown,باليت ناتشورال كولور (3-0) بني داكن,Palette,العناية بالشعر,العناية بالشعر,1,بسيط,19134,145,43.5,101.5,,غير متاح لدى المصدر,https://cdn.shopify.com/s/files/1/0935/9550/0847/files/Palette-Natural-Color-3_E2_80_930-Dark-Brown.webp?v=1754296977,منتج باليت ناتشورال كولور (3-0) بني داكن من Palette. التصنيف المرجعي: العناية بالشعر — بسيط. الوسوم المرجعية: Colored Hair، Hair Care، Hair Color، Hair Concerns.,https://alfouadpharmacies.com/en/products/palette-natural-color-30-dark-brown,AlFouad Pharmacies,Verify usage rights before commercial publication,غير مثبت,غير مثبت,مرجعي فقط — غير معتمد للنشر التجاري,بيانات مرجعية متاحة؛ يلزم تحقق PM,ضمن الفحص المبدئي
10572105613615,palette-natural-color-40-medium-brown,باليت ناتشورال كولور (4-0) بني متوسط,Palette,العناية بالشعر,العناية بالشعر,1,بسيط,92520,145,43.5,101.5,,متاح لدى المصدر,https://cdn.shopify.com/s/files/1/0935/9550/0847/files/Palette-Natural-Color-4_E2_80_930-Medium-Brown.webp?v=1754296977,منتج باليت ناتشورال كولور (4-0) بني متوسط من Palette. التصنيف المرجعي: العناية بالشعر — بسيط. الوسوم المرجعية: Colored Hair، Hair Care، Hair Color، Hair Concerns.,https://alfouadpharmacies.com/en/products/palette-natural-color-40-medium-brown,AlFouad Pharmacies,Verify usage rights before commercial publication,غير مثبت,غير مثبت,مرجعي فقط — غير معتمد للنشر التجاري,بيانات مرجعية متاحة؛ يلزم تحقق PM,ضمن الفحص المبدئي
10572105744687,palette-natural-color-460-golden-brown-new,باليت ناتشورال كولور (4-60) بني ذهبي جديد,Palette,العناية بالشعر,العناية بالشعر,1,بسيط,92505,145,43.5,101.5,,متاح لدى المصدر,https://cdn.shopify.com/s/files/1/0935/9550/0847/files/Palette-Natural-Color-4_E2_80_9360-Golden-Brown-New.webp?v=1754296976,منتج باليت ناتشورال كولور (4-60) بني ذهبي جديد من Palette. التصنيف المرجعي: العناية بالشعر — بسيط. الوسوم المرجعية: Colored Hair، Hair Care، Hair Color، Hair Concerns.,https://alfouadpharmacies.com/en/products/palette-natural-color-460-golden-brown-new,AlFouad Pharmacies,Verify usage rights before commercial publication,غير مثبت,غير مثبت,مرجعي فقط — غير معتمد للنشر التجاري,بيانات مرجعية متاحة؛ يلزم تحقق PM,ضمن الفحص المبدئي
10572105908527,palette-natural-color-816-light-ash-blonde-new,باليت ناتشورال كولور (8-16) أشقر رمادي فاتح جديد,Palette,العناية بالشعر,العناية بالشعر,1,بسيط,109977,145,43.5,101.5,,غير متاح لدى المصدر,https://cdn.shopify.com/s/files/1/0935/9550/0847/files/Palette-Natural-Color-8_E2_80_9316-Light-Ash-Blonde-New.webp?v=1754296975,منتج باليت ناتشورال كولور (8-16) أشقر رمادي فاتح جديد من Palette. التصنيف المرجعي: العناية بالشعر — بسيط. الوسوم المرجعية: Colored Hair، Hair Care، Hair Color، Hair Concerns.,https://alfouadpharmacies.com/en/products/palette-natural-color-816-light-ash-blonde-new,AlFouad Pharmacies,Verify usage rights before commercial publication,غير مثبت,غير مثبت,مرجعي فقط — غير معتمد للنشر التجاري,بيانات مرجعية متاحة؛ يلزم تحقق PM,ضمن الفحص المبدئي
10589386309935,alejon-bi-phase-spray-200ml,بخاخ أليجون ثنائي الطور 200 مل,ALEJON,العناية بالشعر,العناية بالشعر,1,,20106,395,118.5,276.5,,متاح لدى المصدر,https://cdn.shopify.com/s/files/1/0935/9550/0847/files/Bi-Phase_11zon.webp?v=1789638203,منتج بخاخ أليجون ثنائي الطور 200 مل من ALEJON. التصنيف المرجعي: العناية بالشعر. الوسوم المرجعية: Hair Care، Hair Concerns.,https://alfouadpharmacies.com/en/products/alejon-bi-phase-spray-200ml,AlFouad Pharmacies,Verify usage rights before commercial publication,غير مثبت,غير مثبت,مرجعي فقط — غير معتمد للنشر التجاري,بيانات مرجعية متاحة؛ يلزم تحقق PM,ضمن الفحص المبدئي
10569918447919,ors-argan-oil-sheen-spray-275ml-4929,بخاخ أورز لتلميع الشعر بزيت الأرغان 275 مل (4929),AlFouad Pharmacies,العناية بالشعر,العناية بالشعر,1,بسيط,7482,120,36,84,,متاح لدى المصدر,https://cdn.shopify.com/s/files/1/0935/9550/0847/files/Ors-Argan-Oil-Sheen-Spray-275ML-4929.webp?v=1754297927,منتج بخاخ أورز لتلميع الشعر بزيت الأرغان 275 مل (4929) من AlFouad Pharmacies. التصنيف المرجعي: العناية بالشعر — بسيط. الوسوم المرجعية: Anti-Frizz، Hair Care، Hair Concerns، Hair Spray.,https://alfouadpharmacies.com/en/products/ors-argan-oil-sheen-spray-275ml-4929,AlFouad Pharmacies,Verify usage rights before commercial publication,غير مثبت,غير مثبت,مرجعي فقط — غير معتمد للنشر التجاري,بيانات مرجعية متاحة؛ يلزم تحقق PM,ضمن الفحص المبدئي
12689455481135,innox-hair-spray-100ml,بخاخ الشعر إينوكس 100 مل,Innox,العناية بالشعر,العناية بالشعر,1,,97069,550,165,385,0,متاح لدى المصدر,https://cdn.shopify.com/s/files/1/0935/9550/0847/files/Annox_HairSpray_100ml_PureWhite_1615x1615_e2af2dc3-4c3a-4e6a-9ab3-40236b69af41.webp?v=1772201335,منتج بخاخ الشعر إينوكس 100 مل من Innox. التصنيف المرجعي: العناية بالشعر. الوسوم المرجعية: Hair Care، Hair Defining & Volume، Hair Growth، Hair Loss، Hair Spray.,https://alfouadpharmacies.com/en/products/innox-hair-spray-100ml,AlFouad Pharmacies,Verify usage rights before commercial publication,غير مثبت,غير مثبت,مرجعي فقط — غير معتمد للنشر التجاري,بيانات مرجعية متاحة؛ يلزم تحقق PM,ضمن الفحص المبدئي
10569846653231,loreal-prof-curl-expr-water-mist-190ml,بخاخ الماء لتصفيف الشعر المجعد من لوريال محترف 190 مل,LOREAL PROF,العناية بالشعر,العناية بالشعر,1,بسيط,24134,1100,330,770,0,غير متاح لدى المصدر,https://cdn.shopify.com/s/files/1/0935/9550/0847/files/Loreal-Prof.-Curl-Expr.-Water-Mist-190ML.webp?v=1754298465,منتج بخاخ الماء لتصفيف الشعر المجعد من لوريال محترف 190 مل من LOREAL PROF. التصنيف المرجعي: العناية بالشعر — بسيط. الوسوم المرجعية: Anti-Frizz، Curl Activator، Curly Hair، Hair Care، Hair Concerns، Hair Defining & Volume، Hair Spray.,https://alfouadpharmacies.com/en/products/loreal-prof-curl-expr-water-mist-190ml,AlFouad Pharmacies,Verify usage rights before commercial publication,غير مثبت,غير مثبت,مرجعي فقط — غير معتمد للنشر التجاري,بيانات مرجعية متاحة؛ يلزم تحقق PM,ضمن الفحص المبدئي
10569730097455,nebula-hair-tonic-spray-125ml,بخاخ تونيك الشعر نيبولا 125 مل,Nebula,العناية بالشعر,العناية بالشعر,1,بسيط,90087,449,134.7,314.3,,متاح لدى المصدر,https://cdn.shopify.com/s/files/1/0935/9550/0847/files/Nebula-Hair-Tonic-Spray-125ml.webp?v=1754299068,منتج بخاخ تونيك الشعر نيبولا 125 مل من Nebula. التصنيف المرجعي: العناية بالشعر — بسيط. الوسوم المرجعية: Hair Care، Hair Concerns، Hair Loss، Hair Spray.,https://alfouadpharmacies.com/en/products/nebula-hair-tonic-spray-125ml,AlFouad Pharmacies,Verify usage rights before commercial publication,غير مثبت,غير مثبت,مرجعي فقط — غير معتمد للنشر التجاري,بيانات مرجعية متاحة؛ يلزم تحقق PM,ضمن الفحص المبدئي
10569940042031,tettello-anti-hair-loss-spray-150ml,بخاخ تيتيللو المضاد لتساقط الشعر 150 مل,Tettello,العناية بالشعر,العناية بالشعر,1,بسيط,11863,300,90,210,,متاح لدى المصدر,https://cdn.shopify.com/s/files/1/0935/9550/0847/files/Tettello-Anti-Hair-Loss-Spray-150ML.webp?v=1754297750,منتج بخاخ تيتيللو المضاد لتساقط الشعر 150 مل من Tettello. التصنيف المرجعي: العناية بالشعر — بسيط. الوسوم المرجعية: Hair Care، Hair Concerns، Hair Growth، Hair Loss، Hair Spray.,https://alfouadpharmacies.com/en/products/tettello-anti-hair-loss-spray-150ml,AlFouad Pharmacies,Verify usage rights before commercial publication,غير مثبت,غير مثبت,مرجعي فقط — غير معتمد للنشر التجاري,بيانات مرجعية متاحة؛ يلزم تحقق PM,ضمن الفحص المبدئي
10569940369711,tettello-plus-anti-hair-loss-spray-150ml,بخاخ تيتيلو بلس المضاد لتساقط الشعر 150 مل,Tettello,العناية بالشعر,العناية بالشعر,1,بسيط,11786,410,123,287,,متاح لدى المصدر,https://cdn.shopify.com/s/files/1/0935/9550/0847/files/Tettello-Plus-Anti-Hair-Loss-Spray-150ML.webp?v=1754297748,منتج بخاخ تيتيلو بلس المضاد لتساقط الشعر 150 مل من Tettello. التصنيف المرجعي: العناية بالشعر — بسيط. الوسوم المرجعية: Hair Care، Hair Concerns، Hair Loss، Hair Spray.,https://alfouadpharmacies.com/en/products/tettello-plus-anti-hair-loss-spray-150ml,AlFouad Pharmacies,Verify usage rights before commercial publication,غير مثبت,غير مثبت,مرجعي فقط — غير معتمد للنشر التجاري,بيانات مرجعية متاحة؛ يلزم تحقق PM,ضمن الفحص المبدئي
10569918513455,ors-olive-oil-nourishing-sheen-spray-275ml-0476,بخاخ زيت الزيتون المغذي اللامع من أورس 275 مل (0476),AlFouad Pharmacies,العناية بالشعر,العناية بالشعر,1,بسيط,109777,105,31.5,73.5,,غير متاح لدى المصدر,https://cdn.shopify.com/s/files/1/0935/9550/0847/files/Ors-Olive-Oil-Nourishing-Sheen-Spray-275ML-0476.webp?v=1754297924,منتج بخاخ زيت الزيتون المغذي اللامع من أورس 275 مل (0476) من AlFouad Pharmacies. التصنيف المرجعي: العناية بالشعر — بسيط. الوسوم المرجعية: Anti-Frizz، Hair Care، Hair Concerns، Hair Spray.,https://alfouadpharmacies.com/en/products/ors-olive-oil-nourishing-sheen-spray-275ml-0476,AlFouad Pharmacies,Verify usage rights before commercial publication,غير مثبت,غير مثبت,مرجعي فقط — غير معتمد للنشر التجاري,بيانات مرجعية متاحة؛ يلزم تحقق PM,ضمن الفحص المبدئي
10569917497647,ogx-hair-oil-spray-118ml-keratin-oil,بخاخ زيت الشعر أو جي إكس 118 مل بزيت الكيراتين,OGX,العناية بالشعر,العناية بالشعر,1,بسيط,93426,400,120,280,,غير متاح لدى المصدر,https://cdn.shopify.com/s/files/1/0935/9550/0847/files/Ogx-Hair-Oil-Spray-118ML-Keratin-Oil.webp?v=1754297936,منتج بخاخ زيت الشعر أو جي إكس 118 مل بزيت الكيراتين من OGX. التصنيف المرجعي: العناية بالشعر — بسيط. الوسوم المرجعية: Anti-Frizz، Hair Care، Hair Concerns، Hair Oil.,https://alfouadpharmacies.com/en/products/ogx-hair-oil-spray-118ml-keratin-oil,AlFouad Pharmacies,Verify usage rights before commercial publication,غير مثبت,غير مثبت,مرجعي فقط — غير معتمد للنشر التجاري,بيانات مرجعية متاحة؛ يلزم تحقق PM,ضمن الفحص المبدئي
10569917366575,ogx-hair-oil-spray-118ml-coconut-oil,بخاخ زيت الشعر أو جي إكس 118 مل بزيت جوز الهند,OGX,العناية بالشعر,العناية بالشعر,1,بسيط,93406,400,120,280,,غير متاح لدى المصدر,https://cdn.shopify.com/s/files/1/0935/9550/0847/files/Ogx-Hair-Oil-Spray-118ML-Coconut-Oil.webp?v=1754297937,منتج بخاخ زيت الشعر أو جي إكس 118 مل بزيت جوز الهند من OGX. التصنيف المرجعي: العناية بالشعر — بسيط. الوسوم المرجعية: Anti-Frizz، Hair Care، Hair Concerns، Hair Oil.,https://alfouadpharmacies.com/en/products/ogx-hair-oil-spray-118ml-coconut-oil,AlFouad Pharmacies,Verify usage rights before commercial publication,غير مثبت,غير مثبت,مرجعي فقط — غير معتمد للنشر التجاري,بيانات مرجعية متاحة؛ يلزم تحقق PM,ضمن الفحص المبدئي
12689702125871,en-liven-hair-spray-300ml-ultra-hold,بخاخ شعر إن ليفن 300 مل تثبيت فائق,AlFouad Pharmacies,العناية بالشعر,العناية بالشعر,1,بسيط,31790,269.9,80.97,188.93,,متاح لدى المصدر,https://cdn.shopify.com/s/files/1/0935/9550/0847/files/Enliven_Hairspray_Ultra_Hold_300ml_1615x1615_2cfd2106-75f1-42a1-be48-c9139c0be06c.webp?v=1772348303,منتج بخاخ شعر إن ليفن 300 مل تثبيت فائق من AlFouad Pharmacies. التصنيف المرجعي: العناية بالشعر — بسيط. الوسوم المرجعية: Anti-Frizz، Hair Care، Hair Concerns، Hair Spray.,https://alfouadpharmacies.com/en/products/en-liven-hair-spray-300ml-ultra-hold,AlFouad Pharmacies,Verify usage rights before commercial publication,غير مثبت,غير مثبت,مرجعي فقط — غير معتمد للنشر التجاري,بيانات مرجعية متاحة؛ يلزم تحقق PM,ضمن الفحص المبدئي
12692382515503,finjuve-2-275-mg-spray,بخاخ فينجوف 2.275 ملغ للشعر للرجال,Finjuve,العناية بالشعر,العناية بالشعر,1,العناية بالشعر,115714,1300,390,910,,متاح لدى المصدر,https://cdn.shopify.com/s/files/1/0935/9550/0847/files/429.webp?v=1780580620,منتج بخاخ فينجوف 2.275 ملغ للشعر للرجال من Finjuve. التصنيف المرجعي: العناية بالشعر — العناية بالشعر. الوسوم المرجعية: Hair Care، Hair Growth، Hair Loss، Hair Spray، Hair Treatment.,https://alfouadpharmacies.com/en/products/finjuve-2-275-mg-spray,AlFouad Pharmacies,Verify usage rights before commercial publication,غير مثبت,غير مثبت,مرجعي فقط — غير معتمد للنشر التجاري,بيانات مرجعية متاحة؛ يلزم تحقق PM,ضمن الفحص المبدئي
10569726656815,capixy-hair-tonic-spray-250ml,بخاخ كابيكسي لتقوية الشعر 250 مل,CAPIXY,العناية بالشعر,العناية بالشعر,1,بسيط,21759,420,126,294,0,متاح لدى المصدر,https://cdn.shopify.com/s/files/1/0935/9550/0847/files/Capixy-Hair-Tonic-Spray-250ml.webp?v=1754299126,منتج بخاخ كابيكسي لتقوية الشعر 250 مل من CAPIXY. التصنيف المرجعي: العناية بالشعر — بسيط. الوسوم المرجعية: Hair Care، Hair Concerns، Hair Loss، Hair Spray.,https://alfouadpharmacies.com/en/products/capixy-hair-tonic-spray-250ml,AlFouad Pharmacies,Verify usage rights before commercial publication,غير مثبت,غير مثبت,مرجعي فقط — غير معتمد للنشر التجاري,بيانات مرجعية متاحة؛ يلزم تحقق PM,ضمن الفحص المبدئي
10569726984495,clary-heat-protection-hair-mist-spf50-120ml,بخاخ كلاري الواقي من الحرارة للشعر بعامل حماية من الشمس 50+، 120 مل ,Clear,العناية بالشعر,العناية بالشعر,1,حمايه من الحراره ,108548,320,96,224,,متاح لدى المصدر,https://cdn.shopify.com/s/files/1/0935/9550/0847/files/1_2_4f29a7e6-8fbf-4e8f-97fa-26bfd1ead222.webp?v=1781946013,منتج بخاخ كلاري الواقي من الحرارة للشعر بعامل حماية من الشمس 50+، 120 مل  من Clear. التصنيف المرجعي: العناية بالشعر — حمايه من الحراره . الوسوم المرجعية: clary، Dry & Damadged Hair، Hair Care، Hair Concerns، Hair Refresh، Heat Protection.,https://alfouadpharmacies.com/en/products/clary-heat-protection-hair-mist-spf50-120ml,AlFouad Pharmacies,Verify usage rights before commercial publication,غير مثبت,غير مثبت,مرجعي فقط — غير معتمد للنشر التجاري,بيانات مرجعية متاحة؛ يلزم تحقق PM,ضمن الفحص المبدئي
12689539465519,clary-hair-fall-control-spray-200ml,بخاخ كلاري للتحكم في تساقط الشعر 200 مل,Clear,العناية بالشعر,العناية بالشعر,1,Hair Care > Hair Treatments,113630,450,135,315,,متاح لدى المصدر,https://cdn.shopify.com/s/files/1/0935/9550/0847/files/1_16_6334a113-97ff-4c9a-b2f1-06012f64f391.webp?v=1781951103,منتج بخاخ كلاري للتحكم في تساقط الشعر 200 مل من Clear. التصنيف المرجعي: العناية بالشعر — Hair Care > Hair Treatments. الوسوم المرجعية: clary، Hair Care، Hair Spray، Parkville.,https://alfouadpharmacies.com/en/products/clary-hair-fall-control-spray-200ml,AlFouad Pharmacies,Verify usage rights before commercial publication,غير مثبت,غير مثبت,مرجعي فقط — غير معتمد للنشر التجاري,بيانات مرجعية متاحة؛ يلزم تحقق PM,ضمن الفحص المبدئي
12689552965935,root-to-end-silk-solution-hair-mist-r1-150ml,بخاخ للشعر من الجذور إلى الأطراف، محلول حريري، 150 مل ,Root to End,العناية بالشعر,العناية بالشعر,1,,113452,500,150,350,,متاح لدى المصدر,https://cdn.shopify.com/s/files/1/0935/9550/0847/files/Root_to_End_Silk_Solution_Hair_Mist_150ml_1615x1615_b6ee1880-31df-487b-a2fa-d01b56f36d6a.webp?v=1772273028,منتج بخاخ للشعر من الجذور إلى الأطراف، محلول حريري، 150 مل  من Root to End. التصنيف المرجعي: العناية بالشعر. الوسوم المرجعية: Dry & Damadged Hair، Hair Care، Hair Defining & Volume، Hair Spray، Hair Treatment.,https://alfouadpharmacies.com/en/products/root-to-end-silk-solution-hair-mist-r1-150ml,AlFouad Pharmacies,Verify usage rights before commercial publication,غير مثبت,غير مثبت,مرجعي فقط — غير معتمد للنشر التجاري,بيانات مرجعية متاحة؛ يلزم تحقق PM,ضمن الفحص المبدئي
10569849700655,loreal-prof-metal-detox-spray-500ml,بخاخ لوريال بروفتشنال لتنظيف المعادن من الشعر 500 مل,LOREAL PROF,العناية بالشعر,العناية بالشعر,1,بسيط,94936,1625,487.5,1137.5,0,غير متاح لدى المصدر,https://cdn.shopify.com/s/files/1/0935/9550/0847/files/Loreal-Prof.-Metal-Detox-Spray-500ML.webp?v=1754298442,منتج بخاخ لوريال بروفتشنال لتنظيف المعادن من الشعر 500 مل من LOREAL PROF. التصنيف المرجعي: العناية بالشعر — بسيط. الوسوم المرجعية: Anti-Frizz، Colored Hair، Hair Care، Hair Color، Hair Concerns، Hair Spray، Heat Protection.,https://alfouadpharmacies.com/en/products/loreal-prof-metal-detox-spray-500ml,AlFouad Pharmacies,Verify usage rights before commercial publication,غير مثبت,غير مثبت,مرجعي فقط — غير معتمد للنشر التجاري,بيانات مرجعية متاحة؛ يلزم تحقق PM,ضمن الفحص المبدئي
12689452630319,loreal-magic-retouch-spray-black-75ml,بخاخ لوريال ماجيك ريتوتش أسود 75 مل,Loreal Magic,العناية بالشعر,العناية بالشعر,1,,89480,630,189,441,,متاح لدى المصدر,https://cdn.shopify.com/s/files/1/0935/9550/0847/files/processed_product_image_11.webp?v=1771760546,منتج بخاخ لوريال ماجيك ريتوتش أسود 75 مل من Loreal Magic. التصنيف المرجعي: العناية بالشعر. الوسوم المرجعية: Colored Hair، Hair Care، Hair Color.,https://alfouadpharmacies.com/en/products/loreal-magic-retouch-spray-black-75ml,AlFouad Pharmacies,Verify usage rights before commercial publication,غير مثبت,غير مثبت,مرجعي فقط — غير معتمد للنشر التجاري,بيانات مرجعية متاحة؛ يلزم تحقق PM,ضمن الفحص المبدئي
12689452597551,loreal-magic-retouch-spray-brown-75ml,بخاخ لوريال ماجيك ريتوتش بني 75 مل,Loreal Magic,العناية بالشعر,العناية بالشعر,1,,89946,630,189,441,,متاح لدى المصدر,https://cdn.shopify.com/s/files/1/0935/9550/0847/files/processed_product_image_10.webp?v=1771760440,منتج بخاخ لوريال ماجيك ريتوتش بني 75 مل من Loreal Magic. التصنيف المرجعي: العناية بالشعر. الوسوم المرجعية: Colored Hair، Hair Care، Hair Color.,https://alfouadpharmacies.com/en/products/loreal-magic-retouch-spray-brown-75ml,AlFouad Pharmacies,Verify usage rights before commercial publication,غير مثبت,غير مثبت,مرجعي فقط — غير معتمد للنشر التجاري,بيانات مرجعية متاحة؛ يلزم تحقق PM,ضمن الفحص المبدئي
12689452499247,loreal-magic-retouch-spray-dark-brown-75ml,بخاخ لوريال ماجيك ريتوتش بني داكن 75 مل,Loreal Magic,العناية بالشعر,العناية بالشعر,1,Hair Care,115348,630,189,441,,غير متاح لدى المصدر,https://cdn.shopify.com/s/files/1/0935/9550/0847/files/processed_product_image_8.webp?v=1771760154,منتج بخاخ لوريال ماجيك ريتوتش بني داكن 75 مل من Loreal Magic. التصنيف المرجعي: العناية بالشعر — Hair Care. الوسوم المرجعية: Colored Hair، Hair Care، Hair Color.,https://alfouadpharmacies.com/en/products/loreal-magic-retouch-spray-dark-brown-75ml,AlFouad Pharmacies,Verify usage rights before commercial publication,غير مثبت,غير مثبت,مرجعي فقط — غير معتمد للنشر التجاري,بيانات مرجعية متاحة؛ يلزم تحقق PM,ضمن الفحص المبدئي
12689452564783,loreal-magic-retouch-spray-golden-brown-75ml,بخاخ لوريال ماجيك ريتوتش، لون بني ذهبي، 75 مل,Loreal Magic,العناية بالشعر,العناية بالشعر,1,,115347,630,189,441,,غير متاح لدى المصدر,https://cdn.shopify.com/s/files/1/0935/9550/0847/files/processed_product_image_9.webp?v=1771760283,منتج بخاخ لوريال ماجيك ريتوتش، لون بني ذهبي، 75 مل من Loreal Magic. التصنيف المرجعي: العناية بالشعر. الوسوم المرجعية: Colored Hair، Hair Care، Hair Color.,https://alfouadpharmacies.com/en/products/loreal-magic-retouch-spray-golden-brown-75ml,AlFouad Pharmacies,Verify usage rights before commercial publication,غير مثبت,غير مثبت,مرجعي فقط — غير معتمد للنشر التجاري,بيانات مرجعية متاحة؛ يلزم تحقق PM,ضمن الفحص المبدئي
12689452663087,loreal-magic-retouch-spray-mahogany-brown-75ml,بخاخ لوريال ماجيك ريتوتش، لون بني ماهوجني، 75 مل,Loreal Magic,العناية بالشعر,العناية بالشعر,1,,10797,630,189,441,,متاح لدى المصدر,https://cdn.shopify.com/s/files/1/0935/9550/0847/files/processed_product_image_12.webp?v=1771760685,منتج بخاخ لوريال ماجيك ريتوتش، لون بني ماهوجني، 75 مل من Loreal Magic. التصنيف المرجعي: العناية بالشعر. الوسوم المرجعية: Colored Hair، Hair Care.,https://alfouadpharmacies.com/en/products/loreal-magic-retouch-spray-mahogany-brown-75ml,AlFouad Pharmacies,Verify usage rights before commercial publication,غير مثبت,غير مثبت,مرجعي فقط — غير معتمد للنشر التجاري,بيانات مرجعية متاحة؛ يلزم تحقق PM,ضمن الفحص المبدئي
10569846292783,loreal-prof-curl-expr-spray-150ml,بخاخ لوريال محترف لتسريحات الشعر المجعد 150 مل,LOREAL PROF,العناية بالشعر,العناية بالشعر,1,بسيط,24170,650,195,455,0,غير متاح لدى المصدر,https://cdn.shopify.com/s/files/1/0935/9550/0847/files/Loreal-Prof.-Curl-Expr.-Spray-150ML.webp?v=1754298468,منتج بخاخ لوريال محترف لتسريحات الشعر المجعد 150 مل من LOREAL PROF. التصنيف المرجعي: العناية بالشعر — بسيط. الوسوم المرجعية: Anti-Frizz، Curl Activator، Curly Hair، Hair Care، Hair Concerns، Hair Defining & Volume.,https://alfouadpharmacies.com/en/products/loreal-prof-curl-expr-spray-150ml,AlFouad Pharmacies,Verify usage rights before commercial publication,غير مثبت,غير مثبت,مرجعي فقط — غير معتمد للنشر التجاري,بيانات مرجعية متاحة؛ يلزم تحقق PM,ضمن الفحص المبدئي
10569725542703,alejon-hair-lotion-spray-150ml,بخاخ لوشن الشعر أليخون 150 مل,ALEJON,العناية بالشعر,العناية بالشعر,1,بسيط,85617,430,129,301,,متاح لدى المصدر,https://cdn.shopify.com/s/files/1/0935/9550/0847/files/Alejon-Hair-Lotion-Spray-150ml.webp?v=1754299145,منتج بخاخ لوشن الشعر أليخون 150 مل من ALEJON. التصنيف المرجعي: العناية بالشعر — بسيط. الوسوم المرجعية: Hair Care، Hair Concerns، Hair Loss، Hair Spray.,https://alfouadpharmacies.com/en/products/alejon-hair-lotion-spray-150ml,AlFouad Pharmacies,Verify usage rights before commercial publication,غير مثبت,غير مثبت,مرجعي فقط — غير معتمد للنشر التجاري,بيانات مرجعية متاحة؛ يلزم تحقق PM,ضمن الفحص المبدئي
12689552671023,twist-go-anti-hair-loss-lotion-spray-100ml,بخاخ لوشن مضاد لتساقط الشعر تويست آند جو 100 مل ,TWIST&GO,العناية بالشعر,العناية بالشعر,1,,112500,700,210,490,,متاح لدى المصدر,https://cdn.shopify.com/s/files/1/0935/9550/0847/files/Twist_Go_Hair_Growth_Booster_100ml_ECOM.webp?v=1771925822,منتج بخاخ لوشن مضاد لتساقط الشعر تويست آند جو 100 مل  من TWIST&GO. التصنيف المرجعي: العناية بالشعر. الوسوم المرجعية: Hair Care، Hair Growth، Hair Loss، Hair Spray.,https://alfouadpharmacies.com/en/products/twist-go-anti-hair-loss-lotion-spray-100ml,AlFouad Pharmacies,Verify usage rights before commercial publication,غير مثبت,غير مثبت,مرجعي فقط — غير معتمد للنشر التجاري,بيانات مرجعية متاحة؛ يلزم تحقق PM,ضمن الفحص المبدئي
12689564500271,twist-go-anti-hair-loss-lotion-spray-250ml,بخاخ لوشن مضاد لتساقط الشعر تويست آند جو 250 مل,TWIST&GO,العناية بالشعر,العناية بالشعر,1,,98489,900,270,630,0,متاح لدى المصدر,https://cdn.shopify.com/s/files/1/0935/9550/0847/files/Twist_Go_Hair_Lotion_250ml_ECOM.webp?v=1771925566,منتج بخاخ لوشن مضاد لتساقط الشعر تويست آند جو 250 مل من TWIST&GO. التصنيف المرجعي: العناية بالشعر. الوسوم المرجعية: Hair Care، Hair Loss، Hair Spray، Hair Treatment.,https://alfouadpharmacies.com/en/products/twist-go-anti-hair-loss-lotion-spray-250ml,AlFouad Pharmacies,Verify usage rights before commercial publication,غير مثبت,غير مثبت,مرجعي فقط — غير معتمد للنشر التجاري,بيانات مرجعية متاحة؛ يلزم تحقق PM,ضمن الفحص المبدئي
10569727148335,clary-hydrating-hair-mist-200ml,بخاخ مرطب للشعر بخلاصة المريمية 200 مل ,Clear,العناية بالشعر,العناية بالشعر,1,بخاخ مرطب للشعر ,12429,200,60,140,,متاح لدى المصدر,https://cdn.shopify.com/s/files/1/0935/9550/0847/files/1_1_3be470a8-c6f4-478f-b049-1f66044a7094.webp?v=1781945455,منتج بخاخ مرطب للشعر بخلاصة المريمية 200 مل  من Clear. التصنيف المرجعي: العناية بالشعر — بخاخ مرطب للشعر . الوسوم المرجعية: clary، Hair Care، Hair Concerns، Hair Refresh، Hair Spray.,https://alfouadpharmacies.com/en/products/clary-hydrating-hair-mist-200ml,AlFouad Pharmacies,Verify usage rights before commercial publication,غير مثبت,غير مثبت,مرجعي فقط — غير معتمد للنشر التجاري,بيانات مرجعية متاحة؛ يلزم تحقق PM,ضمن الفحص المبدئي
12689540317487,natavis-hair-booster-spray-100ml,بخاخ ناتافيس لتقوية الشعر 100 مل,AlFouad Pharmacies,العناية بالشعر,العناية بالشعر,1,,13770,1245,373.5,871.5,,غير متاح لدى المصدر,https://cdn.shopify.com/s/files/1/0935/9550/0847/files/hair-booster-spray-100ml-natavis-f3E.webp?v=1772108039,منتج بخاخ ناتافيس لتقوية الشعر 100 مل من AlFouad Pharmacies. التصنيف المرجعي: العناية بالشعر. الوسوم المرجعية: Hair Care، Hair Defining & Volume، Hair Growth، Hair Loss، Hair Spray، Hair Treatment.,https://alfouadpharmacies.com/en/products/natavis-hair-booster-spray-100ml,AlFouad Pharmacies,Verify usage rights before commercial publication,غير مثبت,غير مثبت,مرجعي فقط — غير معتمد للنشر التجاري,بيانات مرجعية متاحة؛ يلزم تحقق PM,ضمن الفحص المبدئي
10569728164143,eva-aloe-vera-argan-oil-replac-250ml,بديل زيت إيفا بالصبار والأرجان 250 مل,AlFouad Pharmacies,العناية بالشعر,العناية بالشعر,1,بسيط,111341,90,27,63,,متاح لدى المصدر,https://cdn.shopify.com/s/files/1/0935/9550/0847/files/Eva-Aloe-vera-Argan-Oil-Replac-250ml.webp?v=1754299098,منتج بديل زيت إيفا بالصبار والأرجان 250 مل من AlFouad Pharmacies. التصنيف المرجعي: العناية بالشعر — بسيط. الوسوم المرجعية: Anti-Frizz، Hair Care، Hair Concerns، Hair Cream.,https://alfouadpharmacies.com/en/products/eva-aloe-vera-argan-oil-replac-250ml,AlFouad Pharmacies,Verify usage rights before commercial publication,غير مثبت,غير مثبت,مرجعي فقط — غير معتمد للنشر التجاري,بيانات مرجعية متاحة؛ يلزم تحقق PM,ضمن الفحص المبدئي
12689577509167,eva-gold-argan-replacement-250ml,بديل زيت الأرغان من إيفا جولد 250 مل ,AlFouad Pharmacies,العناية بالشعر,العناية بالشعر,1,,15729,60,18,42,,غير متاح لدى المصدر,https://cdn.shopify.com/s/files/1/0935/9550/0847/files/jObUP0DsbNNP0vUrUolm17WVKjKqiFDXeNBdHsLW_e0649360-aadc-4ba6-b234-4204c9d0b7df.webp?v=1771445501,منتج بديل زيت الأرغان من إيفا جولد 250 مل  من AlFouad Pharmacies. التصنيف المرجعي: العناية بالشعر. الوسوم المرجعية: Hair Care، Hair Concerns.,https://alfouadpharmacies.com/en/products/eva-gold-argan-replacement-250ml,AlFouad Pharmacies,Verify usage rights before commercial publication,غير مثبت,غير مثبت,مرجعي فقط — غير معتمد للنشر التجاري,بيانات مرجعية متاحة؛ يلزم تحقق PM,ضمن الفحص المبدئي
10569829646639,gk-coco-hair-protein,بروتين جي كي كوكو بجوز الهند 300 مل,GK,العناية بالشعر,العناية بالشعر,1,بروتين للشعر ,108520,5725,1717.5,4007.5,,متاح لدى المصدر,https://cdn.shopify.com/s/files/1/0935/9550/0847/files/1_-_2026-07-29T113952.705.webp?v=1785314608,منتج بروتين جي كي كوكو بجوز الهند 300 مل من GK. التصنيف المرجعي: العناية بالشعر — بروتين للشعر . الوسوم المرجعية: Deep Repair، Dry & Damadged Hair، GK، Hair Care، Hair Concerns، Hair Treatment.,https://alfouadpharmacies.com/en/products/gk-coco-hair-protein,AlFouad Pharmacies,Verify usage rights before commercial publication,غير مثبت,غير مثبت,مرجعي فقط — غير معتمد للنشر التجاري,بيانات مرجعية متاحة؛ يلزم تحقق PM,ضمن الفحص المبدئي
10569726230831,avrelle-olive-rocca-oil-hair-condition-400ml,بلسم أفريل للشعر بزيت الزيتون وزيت الجرجير 400 مل,Avrelle,العناية بالشعر,العناية بالشعر,1,بسيط,5746,395,118.5,276.5,0,متاح لدى المصدر,https://cdn.shopify.com/s/files/1/0935/9550/0847/files/Avrelle-Olive-Rocca-Oil-Hair-Condition-400ml.webp?v=1754299134,منتج بلسم أفريل للشعر بزيت الزيتون وزيت الجرجير 400 مل من Avrelle. التصنيف المرجعي: العناية بالشعر — بسيط. الوسوم المرجعية: Hair Care، Hair Concerns، Hair Conditioner، Weak & Thin.,https://alfouadpharmacies.com/en/products/avrelle-olive-rocca-oil-hair-condition-400ml,AlFouad Pharmacies,Verify usage rights before commercial publication,غير مثبت,غير مثبت,مرجعي فقط — غير معتمد للنشر التجاري,بيانات مرجعية متاحة؛ يلزم تحقق PM,ضمن الفحص المبدئي
12689566073135,avrelle-vitamin-e-bioten-hair-condition-400ml,بلسم أفريل للشعر بفيتامين E والبيوتين 400 مل,Avrelle,العناية بالشعر,العناية بالشعر,1,,113420,395,118.5,276.5,0,متاح لدى المصدر,https://cdn.shopify.com/s/files/1/0935/9550/0847/files/AvrelleVitaminE_BiotenHairShampoo400ml.webp?v=1771918002,منتج بلسم أفريل للشعر بفيتامين E والبيوتين 400 مل من Avrelle. التصنيف المرجعي: العناية بالشعر. الوسوم المرجعية: Anti-Frizz، Dry & Damadged Hair، Hair Care، Hair Conditioner.,https://alfouadpharmacies.com/en/products/avrelle-vitamin-e-bioten-hair-condition-400ml,AlFouad Pharmacies,Verify usage rights before commercial publication,غير مثبت,غير مثبت,مرجعي فقط — غير معتمد للنشر التجاري,بيانات مرجعية متاحة؛ يلزم تحقق PM,ضمن الفحص المبدئي
10569916645679,ogx-conditioner-385ml-coconut-oil-miracle-off,بلسم أو جي إكس (OGX) بزيت جوز الهند، 385 مل،  مفعول رائع.,OGX,العناية بالشعر,العناية بالشعر,1,بسيط,9257,195,58.5,136.5,,غير متاح لدى المصدر,https://cdn.shopify.com/s/files/1/0935/9550/0847/files/Ogx-Conditioner-385ML-Coconut-Oil-Miracle-Off.webp?v=1754297942,منتج بلسم أو جي إكس (OGX) بزيت جوز الهند، 385 مل،  مفعول رائع. من OGX. التصنيف المرجعي: العناية بالشعر — بسيط. الوسوم المرجعية: Dry & Damadged Hair، Hair Care، Hair Concerns، Hair Conditioner.,https://alfouadpharmacies.com/en/products/ogx-conditioner-385ml-coconut-oil-miracle-off,AlFouad Pharmacies,Verify usage rights before commercial publication,غير مثبت,غير مثبت,مرجعي فقط — غير معتمد للنشر التجاري,بيانات مرجعية متاحة؛ يلزم تحقق PM,ضمن الفحص المبدئي
10569916121391,ogx-conditioner-385ml-argan-oil,بلسم أو جي إكس 385 مل بزيت الأرغان,OGX,العناية بالشعر,العناية بالشعر,1,بسيط,9004,350,105,245,,متاح لدى المصدر,https://cdn.shopify.com/s/files/1/0935/9550/0847/files/Ogx-Conditioner-385ML-Argan-Oil.webp?v=1754297947,منتج بلسم أو جي إكس 385 مل بزيت الأرغان من OGX. التصنيف المرجعي: العناية بالشعر — بسيط. الوسوم المرجعية: Dry & Damadged Hair، Hair Care، Hair Concerns، Hair Conditioner.,https://alfouadpharmacies.com/en/products/ogx-conditioner-385ml-argan-oil,AlFouad Pharmacies,Verify usage rights before commercial publication,غير مثبت,غير مثبت,مرجعي فقط — غير معتمد للنشر التجاري,بيانات مرجعية متاحة؛ يلزم تحقق PM,ضمن الفحص المبدئي
10569916842287,ogx-conditioner-385ml-keratine-oil,بلسم أو جي إكس 385 مل بزيت الكيراتين,OGX,العناية بالشعر,العناية بالشعر,1,بسيط,91862,350,105,245,,متاح لدى المصدر,https://cdn.shopify.com/s/files/1/0935/9550/0847/files/Ogx-Conditioner-385ML-Keratine-Oil.webp?v=1754297941,منتج بلسم أو جي إكس 385 مل بزيت الكيراتين من OGX. التصنيف المرجعي: العناية بالشعر — بسيط. الوسوم المرجعية: Dry & Damadged Hair، Hair Care، Hair Concerns، Hair Conditioner.,https://alfouadpharmacies.com/en/products/ogx-conditioner-385ml-keratine-oil,AlFouad Pharmacies,Verify usage rights before commercial publication,غير مثبت,غير مثبت,مرجعي فقط — غير معتمد للنشر التجاري,بيانات مرجعية متاحة؛ يلزم تحقق PM,ضمن الفحص المبدئي
10569916285231,ogx-conditioner-385ml-biotinampcollagen,بلسم أو جي إكس 385 مل بيوتين وكولاجين,OGX,العناية بالشعر,العناية بالشعر,1,بسيط,98287,350,105,245,,متاح لدى المصدر,https://cdn.shopify.com/s/files/1/0935/9550/0847/files/Ogx-Conditioner-385ML-BiotinCollagen.webp?v=1754297945,منتج بلسم أو جي إكس 385 مل بيوتين وكولاجين من OGX. التصنيف المرجعي: العناية بالشعر — بسيط. الوسوم المرجعية: Dry & Damadged Hair، Hair Care، Hair Concerns، Hair Conditioner.,https://alfouadpharmacies.com/en/products/ogx-conditioner-385ml-biotinampcollagen,AlFouad Pharmacies,Verify usage rights before commercial publication,غير مثبت,غير مثبت,مرجعي فقط — غير معتمد للنشر التجاري,بيانات مرجعية متاحة؛ يلزم تحقق PM,ضمن الفحص المبدئي
10569916612911,ogx-conditioner-385ml-coconut-milk,بلسم أو جي إكس 385 مل حليب جوز الهند,OGX,العناية بالشعر,العناية بالشعر,1,بسيط,32738,350,105,245,,متاح لدى المصدر,https://cdn.shopify.com/s/files/1/0935/9550/0847/files/Ogx-Conditioner-385ML-Coconut-Milk.webp?v=1754297943,منتج بلسم أو جي إكس 385 مل حليب جوز الهند من OGX. التصنيف المرجعي: العناية بالشعر — بسيط. الوسوم المرجعية: Dry & Damadged Hair، Hair Care، Hair Concerns، Hair Conditioner.,https://alfouadpharmacies.com/en/products/ogx-conditioner-385ml-coconut-milk,AlFouad Pharmacies,Verify usage rights before commercial publication,غير مثبت,غير مثبت,مرجعي فقط — غير معتمد للنشر التجاري,بيانات مرجعية متاحة؛ يلزم تحقق PM,ضمن الفحص المبدئي
10569916907823,ogx-conditioner-385ml-kukui,بلسم أو جي إكس 385 مل كوكوي,OGX,العناية بالشعر,العناية بالشعر,1,بسيط,87828,350,105,245,,متاح لدى المصدر,https://cdn.shopify.com/s/files/1/0935/9550/0847/files/Ogx-Conditioner-385ML-Kukui.webp?v=1754297940,منتج بلسم أو جي إكس 385 مل كوكوي من OGX. التصنيف المرجعي: العناية بالشعر — بسيط. الوسوم المرجعية: Dry & Damadged Hair، Hair Care، Hair Concerns، Hair Conditioner.,https://alfouadpharmacies.com/en/products/ogx-conditioner-385ml-kukui,AlFouad Pharmacies,Verify usage rights before commercial publication,غير مثبت,غير مثبت,مرجعي فقط — غير معتمد للنشر التجاري,بيانات مرجعية متاحة؛ يلزم تحقق PM,ضمن الفحص المبدئي
10569916186927,ogx-conditioner-385ml-barzilian-keratin,بلسم أو جي إكس 385 مل، الكيراتين البرازيلي,OGX,العناية بالشعر,العناية بالشعر,1,بسيط,30330,350,105,245,,متاح لدى المصدر,https://cdn.shopify.com/s/files/1/0935/9550/0847/files/Ogx-Conditioner-385ML-Barzilian-Keratin.webp?v=1754297946,منتج بلسم أو جي إكس 385 مل، الكيراتين البرازيلي من OGX. التصنيف المرجعي: العناية بالشعر — بسيط. الوسوم المرجعية: Dry & Damadged Hair، Hair Care، Hair Concerns، Hair Conditioner.,https://alfouadpharmacies.com/en/products/ogx-conditioner-385ml-barzilian-keratin,AlFouad Pharmacies,Verify usage rights before commercial publication,غير مثبت,غير مثبت,مرجعي فقط — غير معتمد للنشر التجاري,بيانات مرجعية متاحة؛ يلزم تحقق PM,ضمن الفحص المبدئي
10569916449071,ogx-conditioner-385ml-biotinampcollagen-off,بلسم أو جي إكس 385 مل، بيوتين وكولاجين، انتهى.,OGX,العناية بالشعر,العناية بالشعر,1,بسيط,10513,195,58.5,136.5,,غير متاح لدى المصدر,https://cdn.shopify.com/s/files/1/0935/9550/0847/files/Ogx-Conditioner-385ML-BiotinCollagen-Off.webp?v=1754297944,منتج بلسم أو جي إكس 385 مل، بيوتين وكولاجين، انتهى. من OGX. التصنيف المرجعي: العناية بالشعر — بسيط. الوسوم المرجعية: Dry & Damadged Hair، Hair Care، Hair Concerns، Hair Conditioner.,https://alfouadpharmacies.com/en/products/ogx-conditioner-385ml-biotinampcollagen-off,AlFouad Pharmacies,Verify usage rights before commercial publication,غير مثبت,غير مثبت,مرجعي فقط — غير معتمد للنشر التجاري,بيانات مرجعية متاحة؛ يلزم تحقق PM,ضمن الفحص المبدئي
10569830072623,olaplex-no5-conditioner-bond-250ml,بلسم أولابليكس رقم 5 لربط الشعر 250 مل ,OLAPLEX,العناية بالشعر,العناية بالشعر,1,بسيط,93660,2250,675,1575,,متاح لدى المصدر,https://cdn.shopify.com/s/files/1/0935/9550/0847/files/Olaplex-NO.5-Conditioner-Bond-250ML.webp?v=1754298593,منتج بلسم أولابليكس رقم 5 لربط الشعر 250 مل  من OLAPLEX. التصنيف المرجعي: العناية بالشعر — بسيط. الوسوم المرجعية: Anti-Frizz، Dry & Damadged Hair، Hair Care، Hair Concerns، Hair Conditioner.,https://alfouadpharmacies.com/en/products/olaplex-no5-conditioner-bond-250ml,AlFouad Pharmacies,Verify usage rights before commercial publication,غير مثبت,غير مثبت,مرجعي فقط — غير معتمد للنشر التجاري,بيانات مرجعية متاحة؛ يلزم تحقق PM,ضمن الفحص المبدئي
12689767924015,eva-keratin-conditioner-230ml-all-hair,بلسم إيفا الكيراتيني 230 مل لجميع أنواع الشعر,AlFouad Pharmacies,العناية بالشعر,العناية بالشعر,1,بسيط,7749,125,37.5,87.5,,متاح لدى المصدر,https://cdn.shopify.com/s/files/1/0935/9550/0847/files/51Phh2t1-gL._AC_UL495_SR435_495.webp?v=1771844812,منتج بلسم إيفا الكيراتيني 230 مل لجميع أنواع الشعر من AlFouad Pharmacies. التصنيف المرجعي: العناية بالشعر — بسيط. الوسوم المرجعية: Dry & Damadged Hair، Hair Care، Hair Concerns، Hair Conditioner.,https://alfouadpharmacies.com/en/products/eva-keratin-conditioner-230ml-all-hair,AlFouad Pharmacies,Verify usage rights before commercial publication,غير مثبت,غير مثبت,مرجعي فقط — غير معتمد للنشر التجاري,بيانات مرجعية متاحة؛ يلزم تحقق PM,ضمن الفحص المبدئي
12689768120623,eva-aloe-vera-argan-oil-conditioner-230ml,بلسم إيفا بخلاصة الصبار وزيت الأرغان، 230 مل,AlFouad Pharmacies,العناية بالشعر,العناية بالشعر,1,بسيط,102840,80,24,56,,متاح لدى المصدر,https://cdn.shopify.com/s/files/1/0935/9550/0847/files/1_1.webp?v=1771844649,منتج بلسم إيفا بخلاصة الصبار وزيت الأرغان، 230 مل من AlFouad Pharmacies. التصنيف المرجعي: العناية بالشعر — بسيط. الوسوم المرجعية: Dry & Damadged Hair، Hair Care، Hair Concerns، Hair Conditioner.,https://alfouadpharmacies.com/en/products/eva-aloe-vera-argan-oil-conditioner-230ml,AlFouad Pharmacies,Verify usage rights before commercial publication,غير مثبت,غير مثبت,مرجعي فقط — غير معتمد للنشر التجاري,بيانات مرجعية متاحة؛ يلزم تحقق PM,ضمن الفحص المبدئي
10569728852271,eva-gold-argan-conditioner-230ml,بلسم إيفا جولد الأرغان 230 مل,AlFouad Pharmacies,العناية بالشعر,العناية بالشعر,1,بسيط,86127,150,45,105,,متاح لدى المصدر,https://cdn.shopify.com/s/files/1/0935/9550/0847/files/Eva-Gold-Argan-Conditioner-230ml_b7c3a94a-5f78-478a-8d9f-3f375706e3c3.webp?v=1771448478,منتج بلسم إيفا جولد الأرغان 230 مل من AlFouad Pharmacies. التصنيف المرجعي: العناية بالشعر — بسيط. الوسوم المرجعية: Dry & Damadged Hair، Hair Care، Hair Concerns، Hair Conditioner.,https://alfouadpharmacies.com/en/products/eva-gold-argan-conditioner-230ml,AlFouad Pharmacies,Verify usage rights before commercial publication,غير مثبت,غير مثبت,مرجعي فقط — غير معتمد للنشر التجاري,بيانات مرجعية متاحة؛ يلزم تحقق PM,ضمن الفحص المبدئي
10569728262447,eva-recipe-berries-scent-conditioner-350ml,بلسم إيفا ريسبي برائحة التوت 350 مل,AlFouad Pharmacies,العناية بالشعر,العناية بالشعر,1,بسيط,12953,125,37.5,87.5,,متاح لدى المصدر,https://cdn.shopify.com/s/files/1/0935/9550/0847/files/Eva-Recipe-Berries-Scent-Conditioner-350ml.webp?v=1754299097,منتج بلسم إيفا ريسبي برائحة التوت 350 مل من AlFouad Pharmacies. التصنيف المرجعي: العناية بالشعر — بسيط. الوسوم المرجعية: Anti-Frizz، Dry & Damadged Hair، Hair Care، Hair Concerns، Hair Conditioner.,https://alfouadpharmacies.com/en/products/eva-recipe-berries-scent-conditioner-350ml,AlFouad Pharmacies,Verify usage rights before commercial publication,غير مثبت,غير مثبت,مرجعي فقط — غير معتمد للنشر التجاري,بيانات مرجعية متاحة؛ يلزم تحقق PM,ضمن الفحص المبدئي
10569728196911,eva-recipe-marshmallow-scent-conditioner-350ml,بلسم إيفا ريسبي برائحة المارشميلو 350 مل,AlFouad Pharmacies,العناية بالشعر,العناية بالشعر,1,بسيط,12954,125,37.5,87.5,,متاح لدى المصدر,https://cdn.shopify.com/s/files/1/0935/9550/0847/files/Eva-Recipe-Marshmallow-Scent-Conditioner-350ml.webp?v=1754299098,منتج بلسم إيفا ريسبي برائحة المارشميلو 350 مل من AlFouad Pharmacies. التصنيف المرجعي: العناية بالشعر — بسيط. الوسوم المرجعية: Anti-Frizz، Hair Care، Hair Concerns، Hair Conditioner، Weak & Thin.,https://alfouadpharmacies.com/en/products/eva-recipe-marshmallow-scent-conditioner-350ml,AlFouad Pharmacies,Verify usage rights before commercial publication,غير مثبت,غير مثبت,مرجعي فقط — غير معتمد للنشر التجاري,بيانات مرجعية متاحة؛ يلزم تحقق PM,ضمن الفحص المبدئي
10569728360751,eva-recipe-coconut-scent-conditioner-350ml,بلسم إيفا ريسبي برائحة جوز الهند 350 مل,AlFouad Pharmacies,العناية بالشعر,العناية بالشعر,1,بسيط,12541,125,37.5,87.5,,متاح لدى المصدر,https://cdn.shopify.com/s/files/1/0935/9550/0847/files/Eva-Recipe-Coconut-Scent-Conditioner-350ml.webp?v=1754299095,منتج بلسم إيفا ريسبي برائحة جوز الهند 350 مل من AlFouad Pharmacies. التصنيف المرجعي: العناية بالشعر — بسيط. الوسوم المرجعية: Deep Repair، Dry & Damadged Hair، Hair Care، Hair Concerns، Hair Conditioner.,https://alfouadpharmacies.com/en/products/eva-recipe-coconut-scent-conditioner-350ml,AlFouad Pharmacies,Verify usage rights before commercial publication,غير مثبت,غير مثبت,مرجعي فقط — غير معتمد للنشر التجاري,بيانات مرجعية متاحة؛ يلزم تحقق PM,ضمن الفحص المبدئي
10569728491823,eva-recipe-mocha-scent-conditioner-350ml,بلسم إيفا ريسيبي بنكهة الموكا 350 مل,AlFouad Pharmacies,العناية بالشعر,العناية بالشعر,1,بسيط,12938,125,37.5,87.5,,متاح لدى المصدر,https://cdn.shopify.com/s/files/1/0935/9550/0847/files/Eva-Recipe-Mocha-Scent-Conditioner-350ml.webp?v=1754299093,منتج بلسم إيفا ريسيبي بنكهة الموكا 350 مل من AlFouad Pharmacies. التصنيف المرجعي: العناية بالشعر — بسيط. الوسوم المرجعية: Hair Care، Hair Concerns، Hair Conditioner، Weak & Thin.,https://alfouadpharmacies.com/en/products/eva-recipe-mocha-scent-conditioner-350ml,AlFouad Pharmacies,Verify usage rights before commercial publication,غير مثبت,غير مثبت,مرجعي فقط — غير معتمد للنشر التجاري,بيانات مرجعية متاحة؛ يلزم تحقق PM,ضمن الفحص المبدئي
10569728655663,eva-keratin-conditioner-anti-dan-230ml,بلسم إيفا كيراتين مضاد للقشرة - 230 مل,AlFouad Pharmacies,العناية بالشعر,العناية بالشعر,1,بسيط,109198,150,45,105,,غير متاح لدى المصدر,https://cdn.shopify.com/s/files/1/0935/9550/0847/files/Eva-Keratin-Conditioner-Anti-Dan-230ml_147b28a5-3472-4f06-b940-f2d88d8531e0.webp?v=1771448482,منتج بلسم إيفا كيراتين مضاد للقشرة - 230 مل من AlFouad Pharmacies. التصنيف المرجعي: العناية بالشعر — بسيط. الوسوم المرجعية: Dandruff، Hair Care، Hair Concerns، Hair Conditioner.,https://alfouadpharmacies.com/en/products/eva-keratin-conditioner-anti-dan-230ml,AlFouad Pharmacies,Verify usage rights before commercial publication,غير مثبت,غير مثبت,مرجعي فقط — غير معتمد للنشر التجاري,بيانات مرجعية متاحة؛ يلزم تحقق PM,ضمن الفحص المبدئي
10569728622895,eva-hair-clinic-curls-conditioner-230ml,بلسم إيفا هير كلينك لتصفيف الشعر المجعد 230 مل,AlFouad Pharmacies,العناية بالشعر,العناية بالشعر,1,بسيط,94405,130,39,91,,متاح لدى المصدر,https://cdn.shopify.com/s/files/1/0935/9550/0847/files/Eva-Hair-Clinic-Curls-Conditioner-230ml_477d9977-9c22-48b4-b999-c65ffe8bb915.webp?v=1771448484,منتج بلسم إيفا هير كلينك لتصفيف الشعر المجعد 230 مل من AlFouad Pharmacies. التصنيف المرجعي: العناية بالشعر — بسيط. الوسوم المرجعية: Curls Conditioner، Curly Hair، Hair Care.,https://alfouadpharmacies.com/en/products/eva-hair-clinic-curls-conditioner-230ml,AlFouad Pharmacies,Verify usage rights before commercial publication,غير مثبت,غير مثبت,مرجعي فقط — غير معتمد للنشر التجاري,بيانات مرجعية متاحة؛ يلزم تحقق PM,ضمن الفحص المبدئي
10569725673775,alejon-hair-conditioner-200ml,بلسم الشعر أليخون 200 مل,ALEJON,العناية بالشعر,العناية بالشعر,1,بسيط,10543,275,82.5,192.5,,متاح لدى المصدر,https://cdn.shopify.com/s/files/1/0935/9550/0847/files/Alejon-Hair-Conditioner-200ml.webp?v=1754299142,منتج بلسم الشعر أليخون 200 مل من ALEJON. التصنيف المرجعي: العناية بالشعر — بسيط. الوسوم المرجعية: Deep Repair، Dry & Damadged Hair، Hair Care، Hair Concerns، Hair Conditioner.,https://alfouadpharmacies.com/en/products/alejon-hair-conditioner-200ml,AlFouad Pharmacies,Verify usage rights before commercial publication,غير مثبت,غير مثبت,مرجعي فقط — غير معتمد للنشر التجاري,بيانات مرجعية متاحة؛ يلزم تحقق PM,ضمن الفحص المبدئي
10569733734703,anivagene-hair-res-conditioner-125ml,بلسم الشعر الإصلاحي أنيفاجين 125 مل,Anivagene,العناية بالشعر,العناية بالشعر,1,بسيط,108980,465,139.5,325.5,,متاح لدى المصدر,https://cdn.shopify.com/s/files/1/0935/9550/0847/files/ANIVAGENE-HAIR-RES-CONDITIONER-125-ML-Anwar-Store-969_1024x1024_ff094215-ba07-4337-bc48-1b126079a7ff.webp?v=1754299008,منتج بلسم الشعر الإصلاحي أنيفاجين 125 مل من Anivagene. التصنيف المرجعي: العناية بالشعر — بسيط. الوسوم المرجعية: Dry & Damadged Hair، Hair Care، Hair Concerns، Hair Conditioner، Hair Loss.,https://alfouadpharmacies.com/en/products/anivagene-hair-res-conditioner-125ml,AlFouad Pharmacies,Verify usage rights before commercial publication,غير مثبت,غير مثبت,مرجعي فقط — غير معتمد للنشر التجاري,بيانات مرجعية متاحة؛ يلزم تحقق PM,ضمن الفحص المبدئي
10569901801775,loreal-elvive-extraord-dry-hair-conditioner-200ml,بلسم الشعر الجاف من لوريال إلكفيف إكستراورديناري 200 مل,LOREAL PCD,العناية بالشعر,العناية بالشعر,1,بسيط,33998,128,38.4,89.6,,متاح لدى المصدر,https://cdn.shopify.com/s/files/1/0935/9550/0847/files/Loreal-Elvive-Extraord-Dry-Hair-Conditioner-200ML.webp?v=1754298113,منتج بلسم الشعر الجاف من لوريال إلكفيف إكستراورديناري 200 مل من LOREAL PCD. التصنيف المرجعي: العناية بالشعر — بسيط. الوسوم المرجعية: Dry & Damadged Hair، Hair Care، Hair Concerns، Hair Conditioner.,https://alfouadpharmacies.com/en/products/loreal-elvive-extraord-dry-hair-conditioner-200ml,AlFouad Pharmacies,Verify usage rights before commercial publication,غير مثبت,غير مثبت,مرجعي فقط — غير معتمد للنشر التجاري,بيانات مرجعية متاحة؛ يلزم تحقق PM,ضمن الفحص المبدئي
10569901834543,loreal-elvive-extraord-dry-hair-conditioner-360ml,بلسم الشعر الجاف من لوريال إلكفيف إكستراورديناري 360 مل,LOREAL PCD,العناية بالشعر,العناية بالشعر,1,بسيط,87893,203,60.9,142.1,,متاح لدى المصدر,https://cdn.shopify.com/s/files/1/0935/9550/0847/files/Loreal-Elvive-Extraord-Dry-Hair-Conditioner-360ML.webp?v=1754298112,منتج بلسم الشعر الجاف من لوريال إلكفيف إكستراورديناري 360 مل من LOREAL PCD. التصنيف المرجعي: العناية بالشعر — بسيط. الوسوم المرجعية: Dry & Damadged Hair، Hair Care، Hair Concerns، Hair Conditioner.,https://alfouadpharmacies.com/en/products/loreal-elvive-extraord-dry-hair-conditioner-360ml,AlFouad Pharmacies,Verify usage rights before commercial publication,غير مثبت,غير مثبت,مرجعي فقط — غير معتمد للنشر التجاري,بيانات مرجعية متاحة؛ يلزم تحقق PM,ضمن الفحص المبدئي
10569731309871,seropipe-leave-in-hair-conditioner-spray-200ml,بلسم الشعر الذي يُترك على الشعر من سيروبيب، 200 مل ,Seropipe,العناية بالشعر,العناية بالشعر,1,بسيط,102833,345,103.5,241.5,,متاح لدى المصدر,https://cdn.shopify.com/s/files/1/0935/9550/0847/files/seropipe_leave_in_conditioner.webp?v=1787221079,منتج بلسم الشعر الذي يُترك على الشعر من سيروبيب، 200 مل  من Seropipe. التصنيف المرجعي: العناية بالشعر — بسيط. الوسوم المرجعية: Hair Care، Hair Concerns، Hair Conditioner، Hair Loss، seropipe.,https://alfouadpharmacies.com/en/products/seropipe-leave-in-hair-conditioner-spray-200ml,AlFouad Pharmacies,Verify usage rights before commercial publication,غير مثبت,غير مثبت,مرجعي فقط — غير معتمد للنشر التجاري,بيانات مرجعية متاحة؛ يلزم تحقق PM,ضمن الفحص المبدئي
10587471937839,capixy-hydrating-hair-conditioner-250ml-1,بلسم الشعر المرطب كابيكسي 250 مل,CAPIXY,العناية بالشعر,العناية بالشعر,1,,113091,350,105,245,0,متاح لدى المصدر,https://cdn.shopify.com/s/files/1/0935/9550/0847/files/CapixyHydratingHairConditioner250ml_11zon.webp?v=1789638202,منتج بلسم الشعر المرطب كابيكسي 250 مل من CAPIXY. التصنيف المرجعي: العناية بالشعر. الوسوم المرجعية: Hair Care، Hair Conditioner.,https://alfouadpharmacies.com/en/products/capixy-hydrating-hair-conditioner-250ml-1,AlFouad Pharmacies,Verify usage rights before commercial publication,غير مثبت,غير مثبت,مرجعي فقط — غير معتمد للنشر التجاري,بيانات مرجعية متاحة؛ يلزم تحقق PM,ضمن الفحص المبدئي
12689757471023,the-hair-addict-frizz-off-leave-in-cond-250ml,بلسم الشعر المضاد للتجعد من ذا هير أديكت، 250 مل.,The Hair Addict,العناية بالشعر,العناية بالشعر,1,بسيط,104523,330,99,231,0,متاح لدى المصدر,https://cdn.shopify.com/s/files/1/0935/9550/0847/files/TheHairAddictFrizzoffLeaveinCond250ml.webp?v=1771920306,منتج بلسم الشعر المضاد للتجعد من ذا هير أديكت، 250 مل. من The Hair Addict. التصنيف المرجعي: العناية بالشعر — بسيط. الوسوم المرجعية: Anti-Frizz، Hair Care، Hair Concerns، Hair Conditioner.,https://alfouadpharmacies.com/en/products/the-hair-addict-frizz-off-leave-in-cond-250ml,AlFouad Pharmacies,Verify usage rights before commercial publication,غير مثبت,غير مثبت,مرجعي فقط — غير معتمد للنشر التجاري,بيانات مرجعية متاحة؛ يلزم تحقق PM,ضمن الفحص المبدئي
10569726132527,avrelle-keratin-collagen-hair-condition-400ml,بلسم الشعر بالكيراتين والكولاجين من أفريل، 400 مل,Avrelle,العناية بالشعر,العناية بالشعر,1,بسيط,3017,395,118.5,276.5,0,متاح لدى المصدر,https://cdn.shopify.com/s/files/1/0935/9550/0847/files/Avrelle-Keratin-Collagen-Hair-Condition-400ml.webp?v=1754299135,منتج بلسم الشعر بالكيراتين والكولاجين من أفريل، 400 مل من Avrelle. التصنيف المرجعي: العناية بالشعر — بسيط. الوسوم المرجعية: Colored Hair، Hair Care، Hair Concerns، Hair Conditioner.,https://alfouadpharmacies.com/en/products/avrelle-keratin-collagen-hair-condition-400ml,AlFouad Pharmacies,Verify usage rights before commercial publication,غير مثبت,غير مثبت,مرجعي فقط — غير معتمد للنشر التجاري,بيانات مرجعية متاحة؛ يلزم تحقق PM,ضمن الفحص المبدئي
10569742876975,hair-burst-conditioner-curlyampwavy-350ml,بلسم الشعر للشعر المجعد والمموج Hair Burst Conditioner Curly&amp;Wavy 350 مل,AlFouad Pharmacies,العناية بالشعر,العناية بالشعر,1,بسيط,,750,225,525,,غير متاح لدى المصدر,https://cdn.shopify.com/s/files/1/0935/9550/0847/files/HAIR-BURST-CONDITIONER-CURLYWAVY-350ML.webp?v=1754298893,منتج بلسم الشعر للشعر المجعد والمموج Hair Burst Conditioner Curly&amp;Wavy 350 مل من AlFouad Pharmacies. التصنيف المرجعي: العناية بالشعر — بسيط. الوسوم المرجعية: Anti-Frizz، Curls Conditioner، Curly Hair، Hair Care، Hair Concerns.,https://alfouadpharmacies.com/en/products/hair-burst-conditioner-curlyampwavy-350ml,AlFouad Pharmacies,Verify usage rights before commercial publication,غير مثبت,غير مثبت,مرجعي فقط — غير معتمد للنشر التجاري,بيانات مرجعية متاحة؛ يلزم تحقق PM,ضمن الفحص المبدئي
10570010984751,nawah-hair-conditioner-250ml,بلسم الشعر نواه - 250 مل,NAWAH,العناية بالشعر,العناية بالشعر,1,بسيط,15727,300,90,210,,متاح لدى المصدر,https://cdn.shopify.com/s/files/1/0935/9550/0847/files/nawah-hair-conditioner-250ml.webp?v=1790497951,منتج بلسم الشعر نواه - 250 مل من NAWAH. التصنيف المرجعي: العناية بالشعر — بسيط. الوسوم المرجعية: Dry & Damage Hair، Hair Care، Hair Conditioner، Hair Defining & Volume.,https://alfouadpharmacies.com/en/products/nawah-hair-conditioner-250ml,AlFouad Pharmacies,Verify usage rights before commercial publication,غير مثبت,غير مثبت,مرجعي فقط — غير معتمد للنشر التجاري,بيانات مرجعية متاحة؛ يلزم تحقق PM,ضمن الفحص المبدئي
10570010951983,nawah-hair-conditioner-100ml,بلسم الشعر نواه 100 مل,NAWAH,العناية بالشعر,العناية بالشعر,1,بسيط,10698,150,45,105,,غير متاح لدى المصدر,https://cdn.shopify.com/s/files/1/0935/9550/0847/files/Nawah-Hair-Conditioner-100ML.webp?v=1754297063,منتج بلسم الشعر نواه 100 مل من NAWAH. التصنيف المرجعي: العناية بالشعر — بسيط. الوسوم المرجعية: Dry & Damadged Hair، Hair Care، Hair Concerns، Hair Conditioner، Hair Loss.,https://alfouadpharmacies.com/en/products/nawah-hair-conditioner-100ml,AlFouad Pharmacies,Verify usage rights before commercial publication,غير مثبت,غير مثبت,مرجعي فقط — غير معتمد للنشر التجاري,بيانات مرجعية متاحة؛ يلزم تحقق PM,ضمن الفحص المبدئي
10569742811439,hair-burst-conditioner-avocadoampcoconut-350ml,بلسم الشعر هير بيرست الأفوكادو واللوز 350 مل,AlFouad Pharmacies,العناية بالشعر,العناية بالشعر,1,بسيط,104795,699,209.7,489.3,,متاح لدى المصدر,https://cdn.shopify.com/s/files/1/0935/9550/0847/files/Hair-Burst-Conditioner-AvocadoCoconut-350ML.webp?v=1754298894,منتج بلسم الشعر هير بيرست الأفوكادو واللوز 350 مل من AlFouad Pharmacies. التصنيف المرجعي: العناية بالشعر — بسيط. الوسوم المرجعية: Dry & Damadged Hair، Hair Care، Hair Concerns، Hair Conditioner.,https://alfouadpharmacies.com/en/products/hair-burst-conditioner-avocadoampcoconut-350ml,AlFouad Pharmacies,Verify usage rights before commercial publication,غير مثبت,غير مثبت,مرجعي فقط — غير معتمد للنشر التجاري,بيانات مرجعية متاحة؛ يلزم تحقق PM,ضمن الفحص المبدئي
10569740222767,bionnex-organ-anti-hair-loss-cond-all-type-300ml,بلسم بيونيكس أورجان المضاد لتساقط الشعر لجميع أنواع الشعر 300 مل,BIONNEX,العناية بالشعر,العناية بالشعر,1,بسيط,8627,479,143.7,335.3,,متاح لدى المصدر,https://cdn.shopify.com/s/files/1/0935/9550/0847/files/1_-_2026-07-29T114824.695.webp?v=1785314922,منتج بلسم بيونيكس أورجان المضاد لتساقط الشعر لجميع أنواع الشعر 300 مل من BIONNEX. التصنيف المرجعي: العناية بالشعر — بسيط. الوسوم المرجعية: Dry & Damadged Hair، Hair Care، Hair Concerns، Hair Conditioner، Hair Loss.,https://alfouadpharmacies.com/en/products/bionnex-organ-anti-hair-loss-cond-all-type-300ml,AlFouad Pharmacies,Verify usage rights before commercial publication,غير مثبت,غير مثبت,مرجعي فقط — غير معتمد للنشر التجاري,بيانات مرجعية متاحة؛ يلزم تحقق PM,ضمن الفحص المبدئي
10569924804911,tresemme-conditioner-250ml-pro-keratin-sulfate-free,بلسم تريسمي 250 مل برو كيراتين خالٍ من الكبريتات,Tresemme,العناية بالشعر,العناية بالشعر,1,بسيط,8884,175,52.5,122.5,,غير متاح لدى المصدر,https://cdn.shopify.com/s/files/1/0935/9550/0847/files/Tresemme-Conditioner-250ML-Pro-Keratin-Sulfate-Fre.webp?v=1754297834,منتج بلسم تريسمي 250 مل برو كيراتين خالٍ من الكبريتات من Tresemme. التصنيف المرجعي: العناية بالشعر — بسيط. الوسوم المرجعية: Dry & Damadged Hair، Hair Care، Hair Concerns، Hair Conditioner.,https://alfouadpharmacies.com/en/products/tresemme-conditioner-250ml-pro-keratin-sulfate-free,AlFouad Pharmacies,Verify usage rights before commercial publication,غير مثبت,غير مثبت,مرجعي فقط — غير معتمد للنشر التجاري,بيانات مرجعية متاحة؛ يلزم تحقق PM,ضمن الفحص المبدئي
10569925034287,tresemme-conditioner-400ml-rapair-protect-off20,بلسم تريسمي 400 مل إصلاح وحماية  خصم 20%,Tresemme off,العناية بالشعر,العناية بالشعر,1,بسيط,94094,104,31.2,72.8,,غير متاح لدى المصدر,https://cdn.shopify.com/s/files/1/0935/9550/0847/files/Tresemme-Conditioner-400ML-Rapair-Protect-OFF20.webp?v=1754297831,منتج بلسم تريسمي 400 مل إصلاح وحماية  خصم 20% من Tresemme off. التصنيف المرجعي: العناية بالشعر — بسيط. الوسوم المرجعية: Dry & Damadged Hair، Hair Care، Hair Concerns، Hair Conditioner.,https://alfouadpharmacies.com/en/products/tresemme-conditioner-400ml-rapair-protect-off20,AlFouad Pharmacies,Verify usage rights before commercial publication,غير مثبت,غير مثبت,مرجعي فقط — غير معتمد للنشر التجاري,بيانات مرجعية متاحة؛ يلزم تحقق PM,ضمن الفحص المبدئي
10569924870447,tresemme-conditioner-400ml-botanix-coconut,بلسم تريسمي 400 مل بوتانيكس جوز الهند,Tresemme,العناية بالشعر,العناية بالشعر,1,بسيط,7266,250,75,175,,متاح لدى المصدر,https://cdn.shopify.com/s/files/1/0935/9550/0847/files/Tresemme-Conditioner-400ML-Botanix-Coconut.webp?v=1754297833,منتج بلسم تريسمي 400 مل بوتانيكس جوز الهند من Tresemme. التصنيف المرجعي: العناية بالشعر — بسيط. الوسوم المرجعية: Dry & Damadged Hair، Hair Care، Hair Concerns، Hair Conditioner.,https://alfouadpharmacies.com/en/products/tresemme-conditioner-400ml-botanix-coconut,AlFouad Pharmacies,Verify usage rights before commercial publication,غير مثبت,غير مثبت,مرجعي فقط — غير معتمد للنشر التجاري,بيانات مرجعية متاحة؛ يلزم تحقق PM,ضمن الفحص المبدئي
10569924903215,tresemme-conditioner-400ml-botanix-coconut-off,بلسم تريسمي 400 مل بوتانيكس جوز الهند أوف,Tresemme off,العناية بالشعر,العناية بالشعر,1,بسيط,6862,144,43.2,100.8,,غير متاح لدى المصدر,https://cdn.shopify.com/s/files/1/0935/9550/0847/files/Tresemme-Conditioner-400ML-Botanix-Coconut-Off.webp?v=1754297832,منتج بلسم تريسمي 400 مل بوتانيكس جوز الهند أوف من Tresemme off. التصنيف المرجعي: العناية بالشعر — بسيط. الوسوم المرجعية: Dry & Damadged Hair، Hair Care، Hair Concerns، Hair Conditioner.,https://alfouadpharmacies.com/en/products/tresemme-conditioner-400ml-botanix-coconut-off,AlFouad Pharmacies,Verify usage rights before commercial publication,غير مثبت,غير مثبت,مرجعي فقط — غير معتمد للنشر التجاري,بيانات مرجعية متاحة؛ يلزم تحقق PM,ضمن الفحص المبدئي
10569925001519,tresemme-conditioner-400ml-keratin-smooth,بلسم تريسمي 400 مل لتنعيم الشعر بالкератин,Tresemme,العناية بالشعر,العناية بالشعر,1,بسيط,22446,250,75,175,,متاح لدى المصدر,https://cdn.shopify.com/s/files/1/0935/9550/0847/files/Tresemme-Conditioner-400ML-Keratin-Smooth.webp?v=1754297831,منتج بلسم تريسمي 400 مل لتنعيم الشعر بالкератин من Tresemme. التصنيف المرجعي: العناية بالشعر — بسيط. الوسوم المرجعية: Dry & Damadged Hair، Hair Care، Hair Concerns، Hair Conditioner.,https://alfouadpharmacies.com/en/products/tresemme-conditioner-400ml-keratin-smooth,AlFouad Pharmacies,Verify usage rights before commercial publication,غير مثبت,غير مثبت,مرجعي فقط — غير معتمد للنشر التجاري,بيانات مرجعية متاحة؛ يلزم تحقق PM,ضمن الفحص المبدئي
10569925165359,tresemme-conditioner-600ml-ketarin-smooth,بلسم تريسمي 600 مل كيتارين سموث,Tresemme,العناية بالشعر,العناية بالشعر,1,بسيط,5548,305,91.5,213.5,,متاح لدى المصدر,https://cdn.shopify.com/s/files/1/0935/9550/0847/files/Tresemme-Conditioner-600ML-Ketarin-Smooth.webp?v=1754297829,منتج بلسم تريسمي 600 مل كيتارين سموث من Tresemme. التصنيف المرجعي: العناية بالشعر — بسيط. الوسوم المرجعية: Dry & Damadged Hair، Hair Care، Hair Concerns، Hair Conditioner.,https://alfouadpharmacies.com/en/products/tresemme-conditioner-600ml-ketarin-smooth,AlFouad Pharmacies,Verify usage rights before commercial publication,غير مثبت,غير مثبت,مرجعي فقط — غير معتمد للنشر التجاري,بيانات مرجعية متاحة؛ يلزم تحقق PM,ضمن الفحص المبدئي
10569925067055,tresemme-conditioner-600ml-botanix-coconut,بلسم تريسمي 600 مل، بوتانيكس جوز الهند,Tresemme,العناية بالشعر,العناية بالشعر,1,بسيط,110762,275,82.5,192.5,,غير متاح لدى المصدر,https://cdn.shopify.com/s/files/1/0935/9550/0847/files/Tresemme-Conditioner-600ML-Botanix-Coconut.webp?v=1754297830,منتج بلسم تريسمي 600 مل، بوتانيكس جوز الهند من Tresemme. التصنيف المرجعي: العناية بالشعر — بسيط. الوسوم المرجعية: Dry & Damadged Hair، Hair Care، Hair Concerns، Hair Conditioner.,https://alfouadpharmacies.com/en/products/tresemme-conditioner-600ml-botanix-coconut,AlFouad Pharmacies,Verify usage rights before commercial publication,غير مثبت,غير مثبت,مرجعي فقط — غير معتمد للنشر التجاري,بيانات مرجعية متاحة؛ يلزم تحقق PM,ضمن الفحص المبدئي
10569925099823,tresemme-conditioner-600ml-botanix-coconut-off-20,بلسم تريسمي 600 مل، بوتانيكس جوز الهند، خصم 20%,Tresemme off,العناية بالشعر,العناية بالشعر,1,بسيط,87259,244,73.2,170.8,,متاح لدى المصدر,https://cdn.shopify.com/s/files/1/0935/9550/0847/files/Tresemme-Conditioner-600ML-Botanix-Coconut-Off-20.webp?v=1754297830,منتج بلسم تريسمي 600 مل، بوتانيكس جوز الهند، خصم 20% من Tresemme off. التصنيف المرجعي: العناية بالشعر — بسيط. الوسوم المرجعية: Dry & Damadged Hair، Hair Care، Hair Concerns، Hair Conditioner.,https://alfouadpharmacies.com/en/products/tresemme-conditioner-600ml-botanix-coconut-off-20,AlFouad Pharmacies,Verify usage rights before commercial publication,غير مثبت,غير مثبت,مرجعي فقط — غير معتمد للنشر التجاري,بيانات مرجعية متاحة؛ يلزم تحقق PM,ضمن الفحص المبدئي
10569924772143,tresemme-conditioner-250ml-pro-curls-sulfate-free,بلسم تريسمي لتصفيف الشعر المجعد 250 مل، خالٍ من الكبريتات.,Tresemme,العناية بالشعر,العناية بالشعر,1,بسيط,8922,175,52.5,122.5,,غير متاح لدى المصدر,https://cdn.shopify.com/s/files/1/0935/9550/0847/files/Tresemme-Conditioner-250ML-Pro-Curls-Sulfate-Free.webp?v=1754297837,منتج بلسم تريسمي لتصفيف الشعر المجعد 250 مل، خالٍ من الكبريتات. من Tresemme. التصنيف المرجعي: العناية بالشعر — بسيط. الوسوم المرجعية: Dry & Damadged Hair، Hair Care، Hair Concerns، Hair Conditioner.,https://alfouadpharmacies.com/en/products/tresemme-conditioner-250ml-pro-curls-sulfate-free,AlFouad Pharmacies,Verify usage rights before commercial publication,غير مثبت,غير مثبت,مرجعي فقط — غير معتمد للنشر التجاري,بيانات مرجعية متاحة؛ يلزم تحقق PM,ضمن الفحص المبدئي
10569924935983,tresemme-conditioner-400ml-fall-control,بلسم تريسمي للتحكم في تساقط الشعر 400 مل,Tresemme,العناية بالشعر,العناية بالشعر,1,بسيط,33193,170,51,119,,غير متاح لدى المصدر,https://cdn.shopify.com/s/files/1/0935/9550/0847/files/Tresemme-Conditioner-400ML-Fall-Control.webp?v=1754297832,منتج بلسم تريسمي للتحكم في تساقط الشعر 400 مل من Tresemme. التصنيف المرجعي: العناية بالشعر — بسيط. الوسوم المرجعية: Dry & Damadged Hair، Hair Care، Hair Concerns، Hair Conditioner.,https://alfouadpharmacies.com/en/products/tresemme-conditioner-400ml-fall-control,AlFouad Pharmacies,Verify usage rights before commercial publication,غير مثبت,غير مثبت,مرجعي فقط — غير معتمد للنشر التجاري,بيانات مرجعية متاحة؛ يلزم تحقق PM,ضمن الفحص المبدئي
10569924739375,tresemme-conditioner-250ml-pro-color-sulfate-free,بلسم تريسمي للعناية بالشعر المصبوغ 250 مل، خالٍ من الكبريتات.,Tresemme,العناية بالشعر,العناية بالشعر,1,بسيط,8923,175,52.5,122.5,,غير متاح لدى المصدر,https://cdn.shopify.com/s/files/1/0935/9550/0847/files/Tresemme-Conditioner-250ML-Pro-Color-Sulfate-Free.webp?v=1754297838,منتج بلسم تريسمي للعناية بالشعر المصبوغ 250 مل، خالٍ من الكبريتات. من Tresemme. التصنيف المرجعي: العناية بالشعر — بسيط. الوسوم المرجعية: Dry & Damadged Hair، Hair Care، Hair Concerns، Hair Conditioner.,https://alfouadpharmacies.com/en/products/tresemme-conditioner-250ml-pro-color-sulfate-free,AlFouad Pharmacies,Verify usage rights before commercial publication,غير مثبت,غير مثبت,مرجعي فقط — غير معتمد للنشر التجاري,بيانات مرجعية متاحة؛ يلزم تحقق PM,ضمن الفحص المبدئي
12689541136687,chi-enviro-smoothing-conditioner-355ml,بلسم تشي إنفيرو لتنعيم الشعر 355 مل,chi,العناية بالشعر,العناية بالشعر,1,,94642,1100,330,770,,متاح لدى المصدر,https://cdn.shopify.com/s/files/1/0935/9550/0847/files/CHI_Enviro_Smoothing_Conditioner_1615x1615_27a79ea2-5dff-48ec-b73a-9c6f3ccf5b50.webp?v=1771756266,منتج بلسم تشي إنفيرو لتنعيم الشعر 355 مل من chi. التصنيف المرجعي: العناية بالشعر. الوسوم المرجعية: Dry & Damadged Hair، Hair Care، Hair Conditioner.,https://alfouadpharmacies.com/en/products/chi-enviro-smoothing-conditioner-355ml,AlFouad Pharmacies,Verify usage rights before commercial publication,غير مثبت,غير مثبت,مرجعي فقط — غير معتمد للنشر التجاري,بيانات مرجعية متاحة؛ يلزم تحقق PM,ضمن الفحص المبدئي
10569732555055,the-hair-addict-frizz-off-men-condition-250ml,بلسم تصفيف الشعر المضاد للتجعد للرجال من ذا هير أديكت، 250 مل,AlFouad Pharmacies,العناية بالشعر,العناية بالشعر,1,بسيط,93340,220,66,154,0,متاح لدى المصدر,https://cdn.shopify.com/s/files/1/0935/9550/0847/files/The-Hair-Addict-Frizz-off-Men-Condition-250ml.webp?v=1754299030,منتج بلسم تصفيف الشعر المضاد للتجعد للرجال من ذا هير أديكت، 250 مل من AlFouad Pharmacies. التصنيف المرجعي: العناية بالشعر — بسيط. الوسوم المرجعية: Dry & Damadged Hair، Hair Care، Hair Concerns، Hair Conditioner، Men Hair.,https://alfouadpharmacies.com/en/products/the-hair-addict-frizz-off-men-condition-250ml,AlFouad Pharmacies,Verify usage rights before commercial publication,غير مثبت,غير مثبت,مرجعي فقط — غير معتمد للنشر التجاري,بيانات مرجعية متاحة؛ يلزم تحقق PM,ضمن الفحص المبدئي
10569730818351,raw-african-follicle-booster-conditioner-300ml,بلسم تقوية بصيلات الشعر الأفريقي الخام 300 مل,RAW AFRICAN,العناية بالشعر,العناية بالشعر,1,بسيط,14728,290,87,203,,متاح لدى المصدر,https://cdn.shopify.com/s/files/1/0935/9550/0847/files/raw_african_follicle_booster_conditioner_1615x1615_white_bg.webp?v=1771758392,منتج بلسم تقوية بصيلات الشعر الأفريقي الخام 300 مل من RAW AFRICAN. التصنيف المرجعي: العناية بالشعر — بسيط. الوسوم المرجعية: Anti-Frizz، Hair Care، Hair Concerns، Hair Conditioner.,https://alfouadpharmacies.com/en/products/raw-african-follicle-booster-conditioner-300ml,AlFouad Pharmacies,Verify usage rights before commercial publication,غير مثبت,غير مثبت,مرجعي فقط — غير معتمد للنشر التجاري,بيانات مرجعية متاحة؛ يلزم تحقق PM,ضمن الفحص المبدئي
10569939583279,tettello-anti-hair-loss-conditioner-200ml,بلسم تيتيلو المضاد لتساقط الشعر 200 مل,Tettello,العناية بالشعر,العناية بالشعر,1,بسيط,109147,250,75,175,,متاح لدى المصدر,https://cdn.shopify.com/s/files/1/0935/9550/0847/files/Tettello-Anti-Hair-Loss-Conditioner-200ML.webp?v=1754297752,منتج بلسم تيتيلو المضاد لتساقط الشعر 200 مل من Tettello. التصنيف المرجعي: العناية بالشعر — بسيط. الوسوم المرجعية: Anti-Frizz، Dry & Damadged Hair، Hair Care، Hair Concerns، Hair Conditioner.,https://alfouadpharmacies.com/en/products/tettello-anti-hair-loss-conditioner-200ml,AlFouad Pharmacies,Verify usage rights before commercial publication,غير مثبت,غير مثبت,مرجعي فقط — غير معتمد للنشر التجاري,بيانات مرجعية متاحة؛ يلزم تحقق PM,ضمن الفحص المبدئي
10569939714351,tettello-anti-hair-loss-conditioner-400ml,بلسم تيتيلو المضاد لتساقط الشعر 400 مل,Tettello,العناية بالشعر,العناية بالشعر,1,بسيط,112188,425,127.5,297.5,,متاح لدى المصدر,https://cdn.shopify.com/s/files/1/0935/9550/0847/files/614SdvjR3KL._AC_UF10001000_QL80.webp?v=1754297752,منتج بلسم تيتيلو المضاد لتساقط الشعر 400 مل من Tettello. التصنيف المرجعي: العناية بالشعر — بسيط. الوسوم المرجعية: Anti-Frizz، Dry & Damadged Hair، Hair Care، Hair Concerns، Hair Conditioner.,https://alfouadpharmacies.com/en/products/tettello-anti-hair-loss-conditioner-400ml,AlFouad Pharmacies,Verify usage rights before commercial publication,غير مثبت,غير مثبت,مرجعي فقط — غير معتمد للنشر التجاري,بيانات مرجعية متاحة؛ يلزم تحقق PM,ضمن الفحص المبدئي
10569940304175,tettello-leave-in-conditioner-300ml,بلسم تيتيلو بدون شطف 300 مل,Tettello,العناية بالشعر,العناية بالشعر,1,بسيط,112189,435,130.5,304.5,,متاح لدى المصدر,https://cdn.shopify.com/s/files/1/0935/9550/0847/files/Tettello-Leave-In-Conditioner-300ML.webp?v=1754297749,منتج بلسم تيتيلو بدون شطف 300 مل من Tettello. التصنيف المرجعي: العناية بالشعر — بسيط. الوسوم المرجعية: Hair Care، Leave In Cream.,https://alfouadpharmacies.com/en/products/tettello-leave-in-conditioner-300ml,AlFouad Pharmacies,Verify usage rights before commercial publication,غير مثبت,غير مثبت,مرجعي فقط — غير معتمد للنشر التجاري,بيانات مرجعية متاحة؛ يلزم تحقق PM,ضمن الفحص المبدئي
10569829220655,global-keratin-moisturizing-conditioner-300ml,بلسم جلوبال كيراتين المرطب 300 مل,GK,العناية بالشعر,العناية بالشعر,1,بسيط,92679,1059,317.7,741.3,0,متاح لدى المصدر,https://cdn.shopify.com/s/files/1/0935/9550/0847/files/Global-Keratin-Moisturizing-Conditioner-300ML.webp?v=1754298601,منتج بلسم جلوبال كيراتين المرطب 300 مل من GK. التصنيف المرجعي: العناية بالشعر — بسيط. الوسوم المرجعية: Anti-Frizz، Colored Hair، Dry & Damadged Hair، GK، Hair Care، Hair Color، Hair Concerns، Hair Conditioner.,https://alfouadpharmacies.com/en/products/global-keratin-moisturizing-conditioner-300ml,AlFouad Pharmacies,Verify usage rights before commercial publication,غير مثبت,غير مثبت,مرجعي فقط — غير معتمد للنشر التجاري,بيانات مرجعية متاحة؛ يلزم تحقق PM,ضمن الفحص المبدئي
10569828860207,global-keratin-color-shield-conditioner-240-ml,بلسم جلوبال كيراتين كولور شيلد 240 مل,GK,العناية بالشعر,العناية بالشعر,1,بسيط,105767,260,78,182,,غير متاح لدى المصدر,https://cdn.shopify.com/s/files/1/0935/9550/0847/files/Global-Keratin-Color-Shield-Conditioner-240-ml.webp?v=1754298603,منتج بلسم جلوبال كيراتين كولور شيلد 240 مل من GK. التصنيف المرجعي: العناية بالشعر — بسيط. الوسوم المرجعية: Anti-Frizz، Colored Hair، GK، Hair Care، Hair Color، Hair Concerns، Hair Conditioner.,https://alfouadpharmacies.com/en/products/global-keratin-color-shield-conditioner-240-ml,AlFouad Pharmacies,Verify usage rights before commercial publication,غير مثبت,غير مثبت,مرجعي فقط — غير معتمد للنشر التجاري,بيانات مرجعية متاحة؛ يلزم تحقق PM,ضمن الفحص المبدئي
10569737011503,ducray-densiage-redensifying-conditioner-200ml,بلسم دكراي دنسياج لتعزيز كثافة الشعر 200 مل,AlFouad Pharmacies,العناية بالشعر,العناية بالشعر,1,بسيط,,525,157.5,367.5,,غير متاح لدى المصدر,https://cdn.shopify.com/s/files/1/0935/9550/0847/files/Ducray-Densiage-Redensifying-Conditioner-200ML.webp?v=1754298968,منتج بلسم دكراي دنسياج لتعزيز كثافة الشعر 200 مل من AlFouad Pharmacies. التصنيف المرجعي: العناية بالشعر — بسيط. الوسوم المرجعية: Dry & Damadged Hair، Hair Care، Hair Concerns، Hair Conditioner، Hair Defining & Volume.,https://alfouadpharmacies.com/en/products/ducray-densiage-redensifying-conditioner-200ml,AlFouad Pharmacies,Verify usage rights before commercial publication,غير مثبت,غير مثبت,مرجعي فقط — غير معتمد للنشر التجاري,بيانات مرجعية متاحة؛ يلزم تحقق PM,ضمن الفحص المبدئي
10569854189871,dove-conditioner-350ml-strengthening,بلسم دوف 350 مل تقوية روتين,Dove,العناية بالشعر,العناية بالشعر,1,بسيط,0,77,23.1,53.9,,غير متاح لدى المصدر,https://cdn.shopify.com/s/files/1/0935/9550/0847/files/Dove-Conditioner-350ML-Strengthening-_D8_B1_D9_88_D8_AA_D9_8A_D9_86.webp?v=1754298400,منتج بلسم دوف 350 مل تقوية روتين من Dove. التصنيف المرجعي: العناية بالشعر — بسيط. الوسوم المرجعية: Dry & Damadged Hair، Hair Care، Hair Concerns، Hair Conditioner.,https://alfouadpharmacies.com/en/products/dove-conditioner-350ml-strengthening,AlFouad Pharmacies,Verify usage rights before commercial publication,غير مثبت,غير مثبت,مرجعي فقط — غير معتمد للنشر التجاري,بيانات مرجعية متاحة؛ يلزم تحقق PM,ضمن الفحص المبدئي
10569854058799,dove-conditioner-350ml-hair-fall-off,بلسم دوف 350 مل لتساقط الشعر,Dove off,العناية بالشعر,العناية بالشعر,1,بسيط,98660,215,64.5,150.5,,متاح لدى المصدر,https://cdn.shopify.com/s/files/1/0935/9550/0847/files/Dove-Conditioner-350ML-Hair-Fall-Off.webp?v=1754298401,منتج بلسم دوف 350 مل لتساقط الشعر من Dove off. التصنيف المرجعي: العناية بالشعر — بسيط. الوسوم المرجعية: Dry & Damadged Hair، Hair Care، Hair Concerns، Hair Conditioner.,https://alfouadpharmacies.com/en/products/dove-conditioner-350ml-hair-fall-off,AlFouad Pharmacies,Verify usage rights before commercial publication,غير مثبت,غير مثبت,مرجعي فقط — غير معتمد للنشر التجاري,بيانات مرجعية متاحة؛ يلزم تحقق PM,ضمن الفحص المبدئي
10569854386479,dove-conditioner-400ml-intense-repair-damaged,بلسم دوف 400 مل إصلاح مكثف للشعر التالف,Dove,العناية بالشعر,العناية بالشعر,1,بسيط,98663,225,67.5,157.5,,متاح لدى المصدر,https://cdn.shopify.com/s/files/1/0935/9550/0847/files/Dove-Conditioner-400ML-Intense-Repair-Damaged.webp?v=1754298398,منتج بلسم دوف 400 مل إصلاح مكثف للشعر التالف من Dove. التصنيف المرجعي: العناية بالشعر — بسيط. الوسوم المرجعية: Dry & Damadged Hair، Hair Care، Hair Concerns، Hair Conditioner.,https://alfouadpharmacies.com/en/products/dove-conditioner-400ml-intense-repair-damaged,AlFouad Pharmacies,Verify usage rights before commercial publication,غير مثبت,غير مثبت,مرجعي فقط — غير معتمد للنشر التجاري,بيانات مرجعية متاحة؛ يلزم تحقق PM,ضمن الفحص المبدئي
10569854615855,dove-conditioner-400ml-thickening,بلسم دوف 400 مل لتكثيف الشعر - روتين,Dove,العناية بالشعر,العناية بالشعر,1,بسيط,7307,215,64.5,150.5,,متاح لدى المصدر,https://cdn.shopify.com/s/files/1/0935/9550/0847/files/Dove-Conditioner-400ML-Thickening-_D8_B1_D9_88_D8_AA_D9_8A_D9_86.webp?v=1754298396,منتج بلسم دوف 400 مل لتكثيف الشعر - روتين من Dove. التصنيف المرجعي: العناية بالشعر — بسيط. الوسوم المرجعية: Dry & Damadged Hair، Hair Care، Hair Concerns، Hair Conditioner.,https://alfouadpharmacies.com/en/products/dove-conditioner-400ml-thickening,AlFouad Pharmacies,Verify usage rights before commercial publication,غير مثبت,غير مثبت,مرجعي فقط — غير معتمد للنشر التجاري,بيانات مرجعية متاحة؛ يلزم تحقق PM,ضمن الفحص المبدئي
10569854320943,dove-conditioner-400ml-hair-fall-rescue,بلسم دوف 400 مل لعلاج تساقط الشعر,Dove,العناية بالشعر,العناية بالشعر,1,بسيط,98660,215,64.5,150.5,,متاح لدى المصدر,https://cdn.shopify.com/s/files/1/0935/9550/0847/files/Dove-Conditioner-400ML-Hair-Fall-Rescue.webp?v=1754298399,منتج بلسم دوف 400 مل لعلاج تساقط الشعر من Dove. التصنيف المرجعي: العناية بالشعر — بسيط. الوسوم المرجعية: Dry & Damadged Hair، Hair Care، Hair Concerns، Hair Conditioner.,https://alfouadpharmacies.com/en/products/dove-conditioner-400ml-hair-fall-rescue,AlFouad Pharmacies,Verify usage rights before commercial publication,غير مثبت,غير مثبت,مرجعي فقط — غير معتمد للنشر التجاري,بيانات مرجعية متاحة؛ يلزم تحقق PM,ضمن الفحص المبدئي
10569854288175,dove-conditioner-400ml-daily-care-normal,بلسم دوف للعناية اليومية للشعر الطبيعي 400 مل,Dove,العناية بالشعر,العناية بالشعر,1,بسيط,95848,202,60.6,141.4,,متاح لدى المصدر,https://cdn.shopify.com/s/files/1/0935/9550/0847/files/Dove-Conditioner-400ML-Daily-Care-Normal.webp?v=1754298399,منتج بلسم دوف للعناية اليومية للشعر الطبيعي 400 مل من Dove. التصنيف المرجعي: العناية بالشعر — بسيط. الوسوم المرجعية: Dry & Damadged Hair، Hair Care، Hair Concerns، Hair Conditioner.,https://alfouadpharmacies.com/en/products/dove-conditioner-400ml-daily-care-normal,AlFouad Pharmacies,Verify usage rights before commercial publication,غير مثبت,غير مثبت,مرجعي فقط — غير معتمد للنشر التجاري,بيانات مرجعية متاحة؛ يلزم تحقق PM,ضمن الفحص المبدئي
10569854452015,dove-conditioner-400ml-nourishing-oil-care,بلسم دوف للعناية بالزيت المغذي 400 مل,Dove,العناية بالشعر,العناية بالشعر,1,بسيط,94066,215,64.5,150.5,,متاح لدى المصدر,https://cdn.shopify.com/s/files/1/0935/9550/0847/files/Dove-Conditioner-400ML-Nourishing-Oil-Care.webp?v=1754298397,منتج بلسم دوف للعناية بالزيت المغذي 400 مل من Dove. التصنيف المرجعي: العناية بالشعر — بسيط. الوسوم المرجعية: Dry & Damadged Hair، Hair Care، Hair Concerns، Hair Conditioner.,https://alfouadpharmacies.com/en/products/dove-conditioner-400ml-nourishing-oil-care,AlFouad Pharmacies,Verify usage rights before commercial publication,غير مثبت,غير مثبت,مرجعي فقط — غير معتمد للنشر التجاري,بيانات مرجعية متاحة؛ يلزم تحقق PM,ضمن الفحص المبدئي
10569730720047,raw-african-hair-argan-oil-cond-300ml,بلسم زيت الأرغان للشعر الأفريقي الخام 300 مل,RAW AFRICAN,العناية بالشعر,العناية بالشعر,1,بسيط,5991,225,67.5,157.5,,متاح لدى المصدر,https://cdn.shopify.com/s/files/1/0935/9550/0847/files/Raw-African-Hair-Argan-Oil-Cond-300ml.webp?v=1754299057,منتج بلسم زيت الأرغان للشعر الأفريقي الخام 300 مل من RAW AFRICAN. التصنيف المرجعي: العناية بالشعر — بسيط. الوسوم المرجعية: Dry & Damadged Hair، Hair Care، Hair Concerns، Hair Conditioner.,https://alfouadpharmacies.com/en/products/raw-african-hair-argan-oil-cond-300ml,AlFouad Pharmacies,Verify usage rights before commercial publication,غير مثبت,غير مثبت,مرجعي فقط — غير معتمد للنشر التجاري,بيانات مرجعية متاحة؛ يلزم تحقق PM,ضمن الفحص المبدئي
10569730523439,raw-african-hair-argan-oil-conditioner-500ml,بلسم زيت الأرغان للشعر الأفريقي الخام 500 مل,RAW AFRICAN,العناية بالشعر,العناية بالشعر,1,بسيط,28256,270,81,189,,متاح لدى المصدر,https://cdn.shopify.com/s/files/1/0935/9550/0847/files/Raw-African-Hair-Argan-Oil-Conditioner-500ml.webp?v=1754299061,منتج بلسم زيت الأرغان للشعر الأفريقي الخام 500 مل من RAW AFRICAN. التصنيف المرجعي: العناية بالشعر — بسيط. الوسوم المرجعية: Anti-Frizz، Hair Care، Hair Concerns، Hair Conditioner.,https://alfouadpharmacies.com/en/products/raw-african-hair-argan-oil-conditioner-500ml,AlFouad Pharmacies,Verify usage rights before commercial publication,غير مثبت,غير مثبت,مرجعي فقط — غير معتمد للنشر التجاري,بيانات مرجعية متاحة؛ يلزم تحقق PM,ضمن الفحص المبدئي
12689541333295,chi-argan-oil-conditioner-355ml,بلسم زيت الأرغان من تشي 355 مل,chi,العناية بالشعر,العناية بالشعر,1,,9165,1605,481.5,1123.5,,متاح لدى المصدر,https://cdn.shopify.com/s/files/1/0935/9550/0847/files/CHI_Argan_Oil_1615x1615_93e5b9f2-cbd5-44db-8fc7-eb06b821c242.webp?v=1771755338,منتج بلسم زيت الأرغان من تشي 355 مل من chi. التصنيف المرجعي: العناية بالشعر. الوسوم المرجعية: Dry & Damadged Hair، Hair Care، Hair Conditioner.,https://alfouadpharmacies.com/en/products/chi-argan-oil-conditioner-355ml,AlFouad Pharmacies,Verify usage rights before commercial publication,غير مثبت,غير مثبت,مرجعي فقط — غير معتمد للنشر التجاري,بيانات مرجعية متاحة؛ يلزم تحقق PM,ضمن الفحص المبدئي
10569731211567,بلسم-سيروبيب-للشعر-لترميم-الألياف-وفك-التشابك-300-مل,بلسم سيروبيب للشعر لترميم الألياف وفك التشابك 300 مل,Seropipe,العناية بالشعر,العناية بالشعر,1,بلسم,3288,295,88.5,206.5,,متاح لدى المصدر,https://cdn.shopify.com/s/files/1/0935/9550/0847/files/seropipe_hair_conditioner_1615x1615_36d16690-f91b-4ebf-9183-6de0302458db.webp?v=1786881292,منتج بلسم سيروبيب للشعر لترميم الألياف وفك التشابك 300 مل من Seropipe. التصنيف المرجعي: العناية بالشعر — بلسم. الوسوم المرجعية: Anti-Frizz، Dry & Damadged Hair، Hair Care، Hair Concerns، Hair Conditioner، seropipe.,https://alfouadpharmacies.com/en/products/بلسم-سيروبيب-للشعر-لترميم-الألياف-وفك-التشابك-300-مل,AlFouad Pharmacies,Verify usage rights before commercial publication,غير مثبت,غير مثبت,مرجعي فقط — غير معتمد للنشر التجاري,بيانات مرجعية متاحة؛ يلزم تحقق PM,ضمن الفحص المبدئي
10569729966383,infinity-top-hair-conditioner-250ml,بلسم شعر إنفينيتي توب 250 مل,AlFouad Pharmacies,العناية بالشعر,العناية بالشعر,1,بسيط,,160,48,112,,غير متاح لدى المصدر,https://cdn.shopify.com/s/files/1/0935/9550/0847/files/Infinity-Top-Hair-Conditioner-250ml.webp?v=1754299070,منتج بلسم شعر إنفينيتي توب 250 مل من AlFouad Pharmacies. التصنيف المرجعي: العناية بالشعر — بسيط. الوسوم المرجعية: Hair Care، Hair Concerns، Hair Conditioner، Hair Loss، Weak & Thin.,https://alfouadpharmacies.com/en/products/infinity-top-hair-conditioner-250ml,AlFouad Pharmacies,Verify usage rights before commercial publication,غير مثبت,غير مثبت,مرجعي فقط — غير معتمد للنشر التجاري,بيانات مرجعية متاحة؛ يلزم تحقق PM,ضمن الفحص المبدئي
10569729442095,infinity-naturals-hair-conditioner-300ml,بلسم شعر إنفينيتي ناتشورالز 300 مل,AlFouad Pharmacies,العناية بالشعر,العناية بالشعر,1,بسيط,13312,270,81,189,,غير متاح لدى المصدر,https://cdn.shopify.com/s/files/1/0935/9550/0847/files/Infinity-Naturals-Hair-Conditioner-300ml.webp?v=1754299077,منتج بلسم شعر إنفينيتي ناتشورالز 300 مل من AlFouad Pharmacies. التصنيف المرجعي: العناية بالشعر — بسيط. الوسوم المرجعية: Dry & Damadged Hair، Hair Care، Hair Concerns، Hair Conditioner.,https://alfouadpharmacies.com/en/products/infinity-naturals-hair-conditioner-300ml,AlFouad Pharmacies,Verify usage rights before commercial publication,غير مثبت,غير مثبت,مرجعي فقط — غير معتمد للنشر التجاري,بيانات مرجعية متاحة؛ يلزم تحقق PM,ضمن الفحص المبدئي
10569860022575,mood-7oils-plus-hydration-hair-conditioner-400-ml,بلسم شعر موود 7OILS Plus المرطب 400 مل,MOOD,العناية بالشعر,العناية بالشعر,1,بسيط,112429,140,42,98,,متاح لدى المصدر,https://cdn.shopify.com/s/files/1/0935/9550/0847/files/MOOD-7OILS-PLUS-HYDRATION-HAIR-CONDITIONER-400-ML.webp?v=1754298339,منتج بلسم شعر موود 7OILS Plus المرطب 400 مل من MOOD. التصنيف المرجعي: العناية بالشعر — بسيط. الوسوم المرجعية: Anti-Frizz، Dry & Damadged Hair، Hair Care، Hair Concerns، Hair Conditioner، Special-offer.,https://alfouadpharmacies.com/en/products/mood-7oils-plus-hydration-hair-conditioner-400-ml,AlFouad Pharmacies,Verify usage rights before commercial publication,غير مثبت,غير مثبت,مرجعي فقط — غير معتمد للنشر التجاري,بيانات مرجعية متاحة؛ يلزم تحقق PM,ضمن الفحص المبدئي
10569860710703,mood-hyaluronic-acid-plus-moisture-hair-conditioner-400ml,بلسم شعر موود بزيت الأرجان وحمض الهيالورونيك المرطب 400 مل,MOOD,العناية بالشعر,العناية بالشعر,1,بسيط,112428,140,42,98,199,متاح لدى المصدر,https://cdn.shopify.com/s/files/1/0935/9550/0847/files/MOOD-HYALURONIC-ACID-PLUS-MOISTURE-HAIR-CONDITIONE.webp?v=1754298333,منتج بلسم شعر موود بزيت الأرجان وحمض الهيالورونيك المرطب 400 مل من MOOD. التصنيف المرجعي: العناية بالشعر — بسيط. الوسوم المرجعية: Anti-Frizz، Dry & Damadged Hair، Hair Care، Hair Concerns، Hair Conditioner، mood offer، Weak & Thin.,https://alfouadpharmacies.com/en/products/mood-hyaluronic-acid-plus-moisture-hair-conditioner-400ml,AlFouad Pharmacies,Verify usage rights before commercial publication,غير مثبت,غير مثبت,مرجعي فقط — غير معتمد للنشر التجاري,بيانات مرجعية متاحة؛ يلزم تحقق PM,ضمن الفحص المبدئي
10569863135535,mood-vitamin-shock-plus-strengthening-hair-conditioner-400ml,بلسم شعر موود فيتامين شوك بلس المعزز 400 مل,MOOD,العناية بالشعر,العناية بالشعر,1,بسيط,112427,140,42,98,,متاح لدى المصدر,https://cdn.shopify.com/s/files/1/0935/9550/0847/files/MOOD-VITAMIN-SHOCK-PLUS-STRENGTHENING-HAIR-CONDITI.webp?v=1754298313,منتج بلسم شعر موود فيتامين شوك بلس المعزز 400 مل من MOOD. التصنيف المرجعي: العناية بالشعر — بسيط. الوسوم المرجعية: Hair Care، Hair Concerns، Hair Conditioner، Hair Defining & Volume، Hair Growth، Weak & Thin.,https://alfouadpharmacies.com/en/products/mood-vitamin-shock-plus-strengthening-hair-conditioner-400ml,AlFouad Pharmacies,Verify usage rights before commercial publication,غير مثبت,غير مثبت,مرجعي فقط — غير معتمد للنشر التجاري,بيانات مرجعية متاحة؛ يلزم تحقق PM,ضمن الفحص المبدئي
10569861890351,mood-keratin-plus-repair-hair-conditioner-400-ml,بلسم شعر موود كيراتين بلس لإصلاح الشعر 400 مل,MOOD,العناية بالشعر,العناية بالشعر,1,بسيط,112430,140,42,98,,متاح لدى المصدر,https://cdn.shopify.com/s/files/1/0935/9550/0847/files/MOOD-KERATIN-PLUS-REPAIR-HAIR-CONDITIONER-400-ML.webp?v=1754298323,منتج بلسم شعر موود كيراتين بلس لإصلاح الشعر 400 مل من MOOD. التصنيف المرجعي: العناية بالشعر — بسيط. الوسوم المرجعية: Dry & Damadged Hair، Hair Care، Hair Concerns، Hair Conditioner، Hair Defining & Volume، Weak & Thin.,https://alfouadpharmacies.com/en/products/mood-keratin-plus-repair-hair-conditioner-400-ml,AlFouad Pharmacies,Verify usage rights before commercial publication,غير مثبت,غير مثبت,مرجعي فقط — غير معتمد للنشر التجاري,بيانات مرجعية متاحة؛ يلزم تحقق PM,ضمن الفحص المبدئي
10569923690799,sunsilk-bye-bye-hair-fall-super-condition-170ml,بلسم صن سيلك ضد تساقط الشعر سوبر كوندشن 170 مل,SUNSILK,العناية بالشعر,العناية بالشعر,1,بسيط,13165,155,46.5,108.5,,متاح لدى المصدر,https://cdn.shopify.com/s/files/1/0935/9550/0847/files/Sunsilk-Bye-Bye-Hair-Fall-Super-Condition-170ML.webp?v=1754297850,منتج بلسم صن سيلك ضد تساقط الشعر سوبر كوندشن 170 مل من SUNSILK. التصنيف المرجعي: العناية بالشعر — بسيط. الوسوم المرجعية: Anti-Frizz، Hair Care، Hair Concerns، Hair Conditioner.,https://alfouadpharmacies.com/en/products/sunsilk-bye-bye-hair-fall-super-condition-170ml,AlFouad Pharmacies,Verify usage rights before commercial publication,غير مثبت,غير مثبت,مرجعي فقط — غير معتمد للنشر التجاري,بيانات مرجعية متاحة؛ يلزم تحقق PM,ضمن الفحص المبدئي
10569924084015,sunsilk-moisture-bomb-super-condition-170ml,بلسم صن سيلك مويستشر بومب سوبر 170 مل,SUNSILK,العناية بالشعر,العناية بالشعر,1,بسيط,13146,187,56.1,130.9,,متاح لدى المصدر,https://cdn.shopify.com/s/files/1/0935/9550/0847/files/Sunsilk-Moisture-Bomb-Super-Condition-170ML.webp?v=1754297845,منتج بلسم صن سيلك مويستشر بومب سوبر 170 مل من SUNSILK. التصنيف المرجعي: العناية بالشعر — بسيط. الوسوم المرجعية: Anti-Frizz، Hair Care، Hair Concerns، Hair Conditioner.,https://alfouadpharmacies.com/en/products/sunsilk-moisture-bomb-super-condition-170ml,AlFouad Pharmacies,Verify usage rights before commercial publication,غير مثبت,غير مثبت,مرجعي فقط — غير معتمد للنشر التجاري,بيانات مرجعية متاحة؛ يلزم تحقق PM,ضمن الفحص المبدئي
10569828630831,global-keratin-balancing-conditioner-300ml,بلسم غلوبال كيراتين الموازن 300 مل,GK,العناية بالشعر,العناية بالشعر,1,بسيط,97627,1059,317.7,741.3,,متاح لدى المصدر,https://cdn.shopify.com/s/files/1/0935/9550/0847/files/Global-Keratin-Balancing-Conditioner-300ML.webp?v=1754298605,منتج بلسم غلوبال كيراتين الموازن 300 مل من GK. التصنيف المرجعي: العناية بالشعر — بسيط. الوسوم المرجعية: Anti-Frizz، Dry & Damadged Hair، GK، Hair Care، Hair Concerns، Hair Conditioner.,https://alfouadpharmacies.com/en/products/global-keratin-balancing-conditioner-300ml,AlFouad Pharmacies,Verify usage rights before commercial publication,غير مثبت,غير مثبت,مرجعي فقط — غير معتمد للنشر التجاري,بيانات مرجعية متاحة؛ يلزم تحقق PM,ضمن الفحص المبدئي
10569957933359,phyto-softness-conditioner-175ml,بلسم فايتو لتنعيم الشعر 175 مل,AlFouad Pharmacies,العناية بالشعر,العناية بالشعر,1,بسيط,112198,1060,318,742,,غير متاح لدى المصدر,https://cdn.shopify.com/s/files/1/0935/9550/0847/files/Phyto-Softness-Conditioner-175ML.webp?v=1754297570,منتج بلسم فايتو لتنعيم الشعر 175 مل من AlFouad Pharmacies. التصنيف المرجعي: العناية بالشعر — بسيط. الوسوم المرجعية: Anti-Frizz، Deep Repair، Dry & Damadged Hair، Hair Care، Hair Concerns، Hair Conditioner.,https://alfouadpharmacies.com/en/products/phyto-softness-conditioner-175ml,AlFouad Pharmacies,Verify usage rights before commercial publication,غير مثبت,غير مثبت,مرجعي فقط — غير معتمد للنشر التجاري,بيانات مرجعية متاحة؛ يلزم تحقق PM,ضمن الفحص المبدئي
16122006503727,بلسم-فينو-بريميوم-تاتش,بلسم فينو بريميوم تاتش,korean product,العناية بالشعر,العناية بالشعر | الجمال الكوري,2,بلسم ,115620,2200,660,1540,,متاح لدى المصدر,https://cdn.shopify.com/s/files/1/0935/9550/0847/files/fino_premium_touch_conditioner_lifestyle_1615.webp?v=1786519575,منتج بلسم فينو بريميوم تاتش من korean product. التصنيف المرجعي: العناية بالشعر — بلسم . الوسوم المرجعية: Hair Care.,https://alfouadpharmacies.com/en/products/بلسم-فينو-بريميوم-تاتش,AlFouad Pharmacies,Verify usage rights before commercial publication,غير مثبت,غير مثبت,مرجعي فقط — غير معتمد للنشر التجاري,بيانات مرجعية متاحة؛ يلزم تحقق PM,ضمن الفحص المبدئي
16124511453487,بلسم-كابيكسي-ادفانس-ريبير-لترميم-الشعر-التالف-250-مل,بلسم كابيكسي ادفانس ريبير لترميم الشعر التالف 250 مل,CAPIXY,العناية بالشعر,العناية بالشعر,1,بلسم ,117744,350,105,245,,متاح لدى المصدر,https://cdn.shopify.com/s/files/1/0935/9550/0847/files/capixy_advance_repair_conditioner_lifestyle_1615.webp?v=1786614669,منتج بلسم كابيكسي ادفانس ريبير لترميم الشعر التالف 250 مل من CAPIXY. التصنيف المرجعي: العناية بالشعر — بلسم . الوسوم المرجعية: Deep Repair، Hair Care.,https://alfouadpharmacies.com/en/products/بلسم-كابيكسي-ادفانس-ريبير-لترميم-الشعر-التالف-250-مل,AlFouad Pharmacies,Verify usage rights before commercial publication,غير مثبت,غير مثبت,مرجعي فقط — غير معتمد للنشر التجاري,بيانات مرجعية متاحة؛ يلزم تحقق PM,ضمن الفحص المبدئي
16117951299887,بلسم-كارسيل-لإصلاح-الشعر-التالف-بعمق,"بلسم كارسيل لإصلاح الشعر التالف بعمق
",korean product,العناية بالشعر,العناية بالشعر | الجمال الكوري,2,بلسم,114341,650,195,455,,متاح لدى المصدر,https://cdn.shopify.com/s/files/1/0935/9550/0847/files/Karseell-Deep-Restoring-Hair-Conditioner-for-Damaged-Hair-5_1.webp?v=1786187492,"منتج بلسم كارسيل لإصلاح الشعر التالف بعمق
 من korean product. التصنيف المرجعي: العناية بالشعر — بلسم. الوسوم المرجعية: Hair Care، Hair Concerns، Hair Conditioner.",https://alfouadpharmacies.com/en/products/بلسم-كارسيل-لإصلاح-الشعر-التالف-بعمق,AlFouad Pharmacies,Verify usage rights before commercial publication,غير مثبت,غير مثبت,مرجعي فقط — غير معتمد للنشر التجاري,بيانات مرجعية متاحة؛ يلزم تحقق PM,ضمن الفحص المبدئي
16055122460975,بلسم-كانتو-بالأفوكادو-المرطب-للشعر-الطبيعي-والكيرلي-400-مل,بلسم كانتو بالأفوكادو المرطب للشعر الطبيعي والكيرلي 400 مل,cantu,العناية بالشعر,العناية بالشعر,1,بلسم ,116527,540,162,378,,متاح لدى المصدر,https://cdn.shopify.com/s/files/1/0935/9550/0847/files/Group1-2026-07-14T115453.393.webp?v=1784019319,منتج بلسم كانتو بالأفوكادو المرطب للشعر الطبيعي والكيرلي 400 مل من cantu. التصنيف المرجعي: العناية بالشعر — بلسم . الوسوم المرجعية: Curly، Curly Conditioner، Hair Care، Hair Conditioner، Hair Treatment.,https://alfouadpharmacies.com/en/products/بلسم-كانتو-بالأفوكادو-المرطب-للشعر-الطبيعي-والكيرلي-400-مل,AlFouad Pharmacies,Verify usage rights before commercial publication,غير مثبت,غير مثبت,مرجعي فقط — غير معتمد للنشر التجاري,بيانات مرجعية متاحة؛ يلزم تحقق PM,ضمن الفحص المبدئي
16103280902447,بلسم-كانتو-للأطفال-المغذي-بزبدة-الشيا-والعسل-237-مل,بلسم كانتو للأطفال المغذي بزبدة الشيا والعسل 237 مل,cantu,العناية بالشعر,العناية بالشعر,1,بلسم ,92287,450,135,315,,متاح لدى المصدر,https://cdn.shopify.com/s/files/1/0935/9550/0847/files/Group2_40.webp?v=1785245462,منتج بلسم كانتو للأطفال المغذي بزبدة الشيا والعسل 237 مل من cantu. التصنيف المرجعي: العناية بالشعر — بلسم . الوسوم المرجعية: CANTU، Curls Conditioner، Curly Conditioner، Hair Conditioner، Kids Conditioner.,https://alfouadpharmacies.com/en/products/بلسم-كانتو-للأطفال-المغذي-بزبدة-الشيا-والعسل-237-مل,AlFouad Pharmacies,Verify usage rights before commercial publication,غير مثبت,غير مثبت,مرجعي فقط — غير معتمد للنشر التجاري,بيانات مرجعية متاحة؛ يلزم تحقق PM,ضمن الفحص المبدئي
10569726886191,clary-conditioner-for-dry-damaged-hair-300ml,بلسم كلاري للشعر الجاف والتالف 300 مل ,Clear,العناية بالشعر,العناية بالشعر,1,بسيط,86922,345,103.5,241.5,,متاح لدى المصدر,https://cdn.shopify.com/s/files/1/0935/9550/0847/files/1_17_715d75b1-5a47-4862-a012-cf84313039a6.webp?v=1781951167,منتج بلسم كلاري للشعر الجاف والتالف 300 مل  من Clear. التصنيف المرجعي: العناية بالشعر — بسيط. الوسوم المرجعية: clary، Dry & Damadged Hair، Hair Care، Hair Concerns، Hair Conditioner.,https://alfouadpharmacies.com/en/products/clary-conditioner-for-dry-damaged-hair-300ml,AlFouad Pharmacies,Verify usage rights before commercial publication,غير مثبت,غير مثبت,مرجعي فقط — غير معتمد للنشر التجاري,بيانات مرجعية متاحة؛ يلزم تحقق PM,ضمن الفحص المبدئي
10569726820655,clary-hair-fresh-scalp-300ml,بلسم كلاري للشعر وفروة الرأس المنعشة 300 مل ,Clear,العناية بالشعر,العناية بالشعر,1,مقشر لفروه الراس ,5604,390,117,273,,متاح لدى المصدر,https://cdn.shopify.com/s/files/1/0935/9550/0847/files/1_7_e2723655-92e7-4f9b-b0ee-1132d59b9b45.webp?v=1781948941,منتج بلسم كلاري للشعر وفروة الرأس المنعشة 300 مل  من Clear. التصنيف المرجعي: العناية بالشعر — مقشر لفروه الراس . الوسوم المرجعية: clary، Hair Care، Hair Concerns، Scalp Care.,https://alfouadpharmacies.com/en/products/clary-hair-fresh-scalp-300ml,AlFouad Pharmacies,Verify usage rights before commercial publication,غير مثبت,غير مثبت,مرجعي فقط — غير معتمد للنشر التجاري,بيانات مرجعية متاحة؛ يلزم تحقق PM,ضمن الفحص المبدئي
10569852322095,zero-frizz-keratin-smoothing-cond-355ml,بلسم كيراتين لتنعيم الشعر بدون تجعد 355 مل,AlFouad Pharmacies,العناية بالشعر,العناية بالشعر,1,بسيط,110546,210,63,147,,متاح لدى المصدر,https://cdn.shopify.com/s/files/1/0935/9550/0847/files/Zero-Frizz-Keratin-Smoothing-Cond-355ML.webp?v=1754298416,منتج بلسم كيراتين لتنعيم الشعر بدون تجعد 355 مل من AlFouad Pharmacies. التصنيف المرجعي: العناية بالشعر — بسيط. الوسوم المرجعية: Dry & Damadged Hair، Hair Care، Hair Concerns، Hair Conditioner.,https://alfouadpharmacies.com/en/products/zero-frizz-keratin-smoothing-cond-355ml,AlFouad Pharmacies,Verify usage rights before commercial publication,غير مثبت,غير مثبت,مرجعي فقط — غير معتمد للنشر التجاري,بيانات مرجعية متاحة؛ يلزم تحقق PM,ضمن الفحص المبدئي
10569943941423,larel-dermovax-sterengthening-cond-300ml,بلسم لاريل ديرموفاكس لتقوية الشعر 300 مل,AlFouad Pharmacies,العناية بالشعر,العناية بالشعر,1,بسيط,112380,895,268.5,626.5,,متاح لدى المصدر,https://cdn.shopify.com/s/files/1/0935/9550/0847/files/Dermovax-Conditioner.webp?v=1754297709,منتج بلسم لاريل ديرموفاكس لتقوية الشعر 300 مل من AlFouad Pharmacies. التصنيف المرجعي: العناية بالشعر — بسيط. الوسوم المرجعية: Anti-Frizz، Dry & Damadged Hair، Hair Care، Hair Concerns، Hair Conditioner، Weak & Thin.,https://alfouadpharmacies.com/en/products/larel-dermovax-sterengthening-cond-300ml,AlFouad Pharmacies,Verify usage rights before commercial publication,غير مثبت,غير مثبت,مرجعي فقط — غير معتمد للنشر التجاري,بيانات مرجعية متاحة؛ يلزم تحقق PM,ضمن الفحص المبدئي
10569903505711,loreal-elvive-total-repair-conditioner-200ml,بلسم لوريال إلفيف إصلاح شامل 200 مل,LOREAL PCD,العناية بالشعر,العناية بالشعر,1,بسيط,95387,128,38.4,89.6,,متاح لدى المصدر,https://cdn.shopify.com/s/files/1/0935/9550/0847/files/Loreal-Elvive-Total-Repair-Conditioner-200ML.webp?v=1754298088,منتج بلسم لوريال إلفيف إصلاح شامل 200 مل من LOREAL PCD. التصنيف المرجعي: العناية بالشعر — بسيط. الوسوم المرجعية: Dry & Damadged Hair، Hair Care، Hair Concerns، Hair Conditioner.,https://alfouadpharmacies.com/en/products/loreal-elvive-total-repair-conditioner-200ml,AlFouad Pharmacies,Verify usage rights before commercial publication,غير مثبت,غير مثبت,مرجعي فقط — غير معتمد للنشر التجاري,بيانات مرجعية متاحة؛ يلزم تحقق PM,ضمن الفحص المبدئي
12689566466351,loreal-elviv-total-repair-conditioner-360ml,بلسم لوريال إلفيف توتال ريبير 360 مل,LOREAL PCD,العناية بالشعر,العناية بالشعر,1,,109487,203,60.9,142.1,,متاح لدى المصدر,https://cdn.shopify.com/s/files/1/0935/9550/0847/files/processed_product_image_15.webp?v=1771761216,منتج بلسم لوريال إلفيف توتال ريبير 360 مل من LOREAL PCD. التصنيف المرجعي: العناية بالشعر. الوسوم المرجعية: Dry & Damadged Hair، Hair Care، Hair Conditioner.,https://alfouadpharmacies.com/en/products/loreal-elviv-total-repair-conditioner-360ml,AlFouad Pharmacies,Verify usage rights before commercial publication,غير مثبت,غير مثبت,مرجعي فقط — غير معتمد للنشر التجاري,بيانات مرجعية متاحة؛ يلزم تحقق PM,ضمن الفحص المبدئي
10569901244719,loreal-elvive-dream-long-conditioner-200ml,بلسم لوريال إلفيف دريم لونغ 200 مل,LOREAL PCD,العناية بالشعر,العناية بالشعر,1,بسيط,13004,128,38.4,89.6,,متاح لدى المصدر,https://cdn.shopify.com/s/files/1/0935/9550/0847/files/Loreal-Elvive-Dream-Long-Conditioner-200ML.webp?v=1754298124,منتج بلسم لوريال إلفيف دريم لونغ 200 مل من LOREAL PCD. التصنيف المرجعي: العناية بالشعر — بسيط. الوسوم المرجعية: Hair Care، Hair Concerns، Hair Conditioner، Weak & Thin.,https://alfouadpharmacies.com/en/products/loreal-elvive-dream-long-conditioner-200ml,AlFouad Pharmacies,Verify usage rights before commercial publication,غير مثبت,غير مثبت,مرجعي فقط — غير معتمد للنشر التجاري,بيانات مرجعية متاحة؛ يلزم تحقق PM,ضمن الفحص المبدئي
10569901277487,loreal-elvive-dream-long-conditioner-360ml,بلسم لوريال إلفيف دريم لونغ 360 مل,LOREAL PCD,العناية بالشعر,العناية بالشعر,1,بسيط,107718,203,60.9,142.1,,متاح لدى المصدر,https://cdn.shopify.com/s/files/1/0935/9550/0847/files/Loreal-Elvive-Dream-Long-Conditioner-360ML.webp?v=1754298123,منتج بلسم لوريال إلفيف دريم لونغ 360 مل من LOREAL PCD. التصنيف المرجعي: العناية بالشعر — بسيط. الوسوم المرجعية: Hair Care، Hair Concerns، Hair Conditioner، Weak & Thin.,https://alfouadpharmacies.com/en/products/loreal-elvive-dream-long-conditioner-360ml,AlFouad Pharmacies,Verify usage rights before commercial publication,غير مثبت,غير مثبت,مرجعي فقط — غير معتمد للنشر التجاري,بيانات مرجعية متاحة؛ يلزم تحقق PM,ضمن الفحص المبدئي
10569901474095,loreal-elvive-dream-long-keratin-conditioner-200ml,بلسم لوريال إلفيف دريم لونغ كيراتين 200 مل,LOREAL PCD,العناية بالشعر,العناية بالشعر,1,بسيط,86356,128,38.4,89.6,,متاح لدى المصدر,https://cdn.shopify.com/s/files/1/0935/9550/0847/files/Loreal-Elvive-Dream-Long-Keratin-Conditioner-200M.webp?v=1754298119,منتج بلسم لوريال إلفيف دريم لونغ كيراتين 200 مل من LOREAL PCD. التصنيف المرجعي: العناية بالشعر — بسيط. الوسوم المرجعية: Hair Care، Hair Concerns، Hair Conditioner، Weak & Thin.,https://alfouadpharmacies.com/en/products/loreal-elvive-dream-long-keratin-conditioner-200ml,AlFouad Pharmacies,Verify usage rights before commercial publication,غير مثبت,غير مثبت,مرجعي فقط — غير معتمد للنشر التجاري,بيانات مرجعية متاحة؛ يلزم تحقق PM,ضمن الفحص المبدئي
10569901506863,loreal-elvive-dream-long-keratin-conditioner-400ml,بلسم لوريال إلفيف دريم لونغ كيراتين 360 مل,LOREAL PCD,العناية بالشعر,العناية بالشعر,1,بسيط,6124,203,60.9,142.1,,متاح لدى المصدر,https://cdn.shopify.com/s/files/1/0935/9550/0847/files/Loreal-Elvive-Dream-Long-Keratin-Conditioner-400M.webp?v=1754298119,منتج بلسم لوريال إلفيف دريم لونغ كيراتين 360 مل من LOREAL PCD. التصنيف المرجعي: العناية بالشعر — بسيط. الوسوم المرجعية: Hair Care، Hair Concerns، Hair Conditioner، Weak & Thin.,https://alfouadpharmacies.com/en/products/loreal-elvive-dream-long-keratin-conditioner-400ml,AlFouad Pharmacies,Verify usage rights before commercial publication,غير مثبت,غير مثبت,مرجعي فقط — غير معتمد للنشر التجاري,بيانات مرجعية متاحة؛ يلزم تحقق PM,ضمن الفحص المبدئي
10569902555439,loreal-elvive-full-resist-conditioner-200ml,بلسم لوريال إلفيف فول ريزيست 200 مل,LOREAL PCD,العناية بالشعر,العناية بالشعر,1,بسيط,102765,128,38.4,89.6,,متاح لدى المصدر,https://cdn.shopify.com/s/files/1/0935/9550/0847/files/Loreal-Elvive-Full-Resist-Conditioner-200ML.webp?v=1754298100,منتج بلسم لوريال إلفيف فول ريزيست 200 مل من LOREAL PCD. التصنيف المرجعي: العناية بالشعر — بسيط. الوسوم المرجعية: Hair Care، Hair Concerns، Hair Conditioner، Hair Loss.,https://alfouadpharmacies.com/en/products/loreal-elvive-full-resist-conditioner-200ml,AlFouad Pharmacies,Verify usage rights before commercial publication,غير مثبت,غير مثبت,مرجعي فقط — غير معتمد للنشر التجاري,بيانات مرجعية متاحة؛ يلزم تحقق PM,ضمن الفحص المبدئي
16153837371695,بلسم-لوريال-إلفيف-كولاجين-ببتيد-ليفتر-لتكثيف-الشعر-الخفيف-360-مل,بلسم لوريال إلفيف كولاجين ببتيد + ليفتر لتكثيف الشعر الخفيف 360 مل,LOREAL new,العناية بالشعر,العناية بالشعر,1,بلسم,1117662,223,66.9,156.1,,متاح لدى المصدر,https://cdn.shopify.com/s/files/1/0935/9550/0847/files/Loreal_Elvive_Collagen_Peptide_Lifter_Conditioner_1615x1615_8da2dd31-86fe-4323-a754-5255f1977317.webp?v=1788423758,منتج بلسم لوريال إلفيف كولاجين ببتيد + ليفتر لتكثيف الشعر الخفيف 360 مل من LOREAL new. التصنيف المرجعي: العناية بالشعر — بلسم. الوسوم المرجعية: Hair Care، Hair Concerns، Hair Conditioner، Loreal Elvive.,https://alfouadpharmacies.com/en/products/بلسم-لوريال-إلفيف-كولاجين-ببتيد-ليفتر-لتكثيف-الشعر-الخفيف-360-مل,AlFouad Pharmacies,Verify usage rights before commercial publication,غير مثبت,غير مثبت,مرجعي فقط — غير معتمد للنشر التجاري,بيانات مرجعية متاحة؛ يلزم تحقق PM,ضمن الفحص المبدئي
10569902588207,loreal-elvive-full-resist-conditioner-400ml,بلسم لوريال إلفيف مقاومة كاملة 360 مل,LOREAL PCD,العناية بالشعر,العناية بالشعر,1,بسيط,102766,203,60.9,142.1,,متاح لدى المصدر,https://cdn.shopify.com/s/files/1/0935/9550/0847/files/Loreal-Elvive-Full-Resist-Conditioner-400ML.webp?v=1754298099,منتج بلسم لوريال إلفيف مقاومة كاملة 360 مل من LOREAL PCD. التصنيف المرجعي: العناية بالشعر — بسيط. الوسوم المرجعية: Hair Care، Hair Concerns، Hair Conditioner، Hair Loss.,https://alfouadpharmacies.com/en/products/loreal-elvive-full-resist-conditioner-400ml,AlFouad Pharmacies,Verify usage rights before commercial publication,غير مثبت,غير مثبت,مرجعي فقط — غير معتمد للنشر التجاري,بيانات مرجعية متاحة؛ يلزم تحقق PM,ضمن الفحص المبدئي
10569903276335,loreal-elvive-hyaluron-pure-cond-200ml,بلسم لوريال إلفيف هاليورون بيور 200 مل,LOREAL PCD,العناية بالشعر,العناية بالشعر,1,بسيط,12585,138,41.4,96.6,,متاح لدى المصدر,https://cdn.shopify.com/s/files/1/0935/9550/0847/files/Loreal-Elvive-Hyaluron-Pure-Cond-200ML.webp?v=1754298091,منتج بلسم لوريال إلفيف هاليورون بيور 200 مل من LOREAL PCD. التصنيف المرجعي: العناية بالشعر — بسيط. الوسوم المرجعية: Hair Care، Hair Concerns، Hair Conditioner، Scalp Care.,https://alfouadpharmacies.com/en/products/loreal-elvive-hyaluron-pure-cond-200ml,AlFouad Pharmacies,Verify usage rights before commercial publication,غير مثبت,غير مثبت,مرجعي فقط — غير معتمد للنشر التجاري,بيانات مرجعية متاحة؛ يلزم تحقق PM,ضمن الفحص المبدئي
10569903309103,loreal-elvive-hyaluron-pure-cond-360ml,بلسم لوريال إلفيف هاليورون بيور 360 مل,LOREAL PCD,العناية بالشعر,العناية بالشعر,1,بسيط,12820,223,66.9,156.1,,متاح لدى المصدر,https://cdn.shopify.com/s/files/1/0935/9550/0847/files/Loreal-Elvive-Hyaluron-Pure-Cond-360ML.webp?v=1754298090,منتج بلسم لوريال إلفيف هاليورون بيور 360 مل من LOREAL PCD. التصنيف المرجعي: العناية بالشعر — بسيط. الوسوم المرجعية: Hair Care، Hair Concerns، Hair Conditioner، Scalp Care.,https://alfouadpharmacies.com/en/products/loreal-elvive-hyaluron-pure-cond-360ml,AlFouad Pharmacies,Verify usage rights before commercial publication,غير مثبت,غير مثبت,مرجعي فقط — غير معتمد للنشر التجاري,بيانات مرجعية متاحة؛ يلزم تحقق PM,ضمن الفحص المبدئي
12689679450415,loreal-elvive-hyaluron-moisture-cond-360ml,بلسم لوريال إلفيف هيدرو-هيالورون المرطب 360 مل,LOREAL PCD,العناية بالشعر,العناية بالشعر,1,بسيط,104785,223,66.9,156.1,,متاح لدى المصدر,https://cdn.shopify.com/s/files/1/0935/9550/0847/files/processed_product_image_3.webp?v=1771759269,منتج بلسم لوريال إلفيف هيدرو-هيالورون المرطب 360 مل من LOREAL PCD. التصنيف المرجعي: العناية بالشعر — بسيط. الوسوم المرجعية: Dry & Damadged Hair، Hair Care، Hair Concerns، Hair Conditioner.,https://alfouadpharmacies.com/en/products/loreal-elvive-hyaluron-moisture-cond-360ml,AlFouad Pharmacies,Verify usage rights before commercial publication,غير مثبت,غير مثبت,مرجعي فقط — غير معتمد للنشر التجاري,بيانات مرجعية متاحة؛ يلزم تحقق PM,ضمن الفحص المبدئي
12689679483183,loreal-elvive-hyaluron-moisture-cond-200ml,بلسم لوريال إلفيف هيدروجيل 200 مل,LOREAL PCD,العناية بالشعر,العناية بالشعر,1,بسيط,25484,138,41.4,96.6,,متاح لدى المصدر,https://cdn.shopify.com/s/files/1/0935/9550/0847/files/processed_product_image_2.webp?v=1771759075,منتج بلسم لوريال إلفيف هيدروجيل 200 مل من LOREAL PCD. التصنيف المرجعي: العناية بالشعر — بسيط. الوسوم المرجعية: Dry & Damadged Hair، Hair Care، Hair Concerns، Hair Conditioner.,https://alfouadpharmacies.com/en/products/loreal-elvive-hyaluron-moisture-cond-200ml,AlFouad Pharmacies,Verify usage rights before commercial publication,غير مثبت,غير مثبت,مرجعي فقط — غير معتمد للنشر التجاري,بيانات مرجعية متاحة؛ يلزم تحقق PM,ضمن الفحص المبدئي
10569903735087,loreal-elvive-wonder-water-lamellar-cond-200ml,بلسم لوريال إلفيف ووندر ووتر لاميليار 200 مل,LOREAL PCD,العناية بالشعر,العناية بالشعر,1,بسيط,104732,295,88.5,206.5,,غير متاح لدى المصدر,https://cdn.shopify.com/s/files/1/0935/9550/0847/files/LOreal_Elvive_WonderWater_Web_1615x1615_e30464c8-f6f8-4ff0-9298-1dd460fe3579.webp?v=1771918069,منتج بلسم لوريال إلفيف ووندر ووتر لاميليار 200 مل من LOREAL PCD. التصنيف المرجعي: العناية بالشعر — بسيط. الوسوم المرجعية: Dry & Damadged Hair، Hair Care، Hair Concerns، Hair Mask.,https://alfouadpharmacies.com/en/products/loreal-elvive-wonder-water-lamellar-cond-200ml,AlFouad Pharmacies,Verify usage rights before commercial publication,غير مثبت,غير مثبت,مرجعي فقط — غير معتمد للنشر التجاري,بيانات مرجعية متاحة؛ يلزم تحقق PM,ضمن الفحص المبدئي
10569836921135,بلسم-لوريال-بروف-سيري-إكسبرت-أبسولوت-ريبير-لإصلاح-الشعر-التالف-200-مل,بلسم لوريال بروف سيري إكسبرت أبسولوت ريبير لإصلاح الشعر التالف (200 مل),LOREAL PROF,العناية بالشعر,العناية بالشعر,1,بلسم ,111107,1370,411,959,0,متاح لدى المصدر,https://cdn.shopify.com/s/files/1/0935/9550/0847/files/1_-_2026-07-07T154743.723.webp?v=1783428583,منتج بلسم لوريال بروف سيري إكسبرت أبسولوت ريبير لإصلاح الشعر التالف (200 مل) من LOREAL PROF. التصنيف المرجعي: العناية بالشعر — بلسم . الوسوم المرجعية: Deep Repair، Dry & Damadged Hair، Hair Care، Hair Concerns، Hair Conditioner، loreal prof، Weak & Thin.,https://alfouadpharmacies.com/en/products/بلسم-لوريال-بروف-سيري-إكسبرت-أبسولوت-ريبير-لإصلاح-الشعر-التالف-200-مل,AlFouad Pharmacies,Verify usage rights before commercial publication,غير مثبت,غير مثبت,مرجعي فقط — غير معتمد للنشر التجاري,بيانات مرجعية متاحة؛ يلزم تحقق PM,ضمن الفحص المبدئي
10569851240751,بلسم-لوريال-بروفيسيونال-برو-لونجر-لتكثيف-الشعر-الطويل-200-مل,بلسم لوريال بروفيسيونال برو لونجر لتكثيف الشعر الطويل 200 مل,LOREAL PROF,العناية بالشعر,العناية بالشعر,1,بلسم,95402,1370,411,959,0,متاح لدى المصدر,https://cdn.shopify.com/s/files/1/0935/9550/0847/files/1_-_2026-07-08T121847.292.webp?v=1783502366,منتج بلسم لوريال بروفيسيونال برو لونجر لتكثيف الشعر الطويل 200 مل من LOREAL PROF. التصنيف المرجعي: العناية بالشعر — بلسم. الوسوم المرجعية: Anti-Frizz، Hair Care، Hair Concerns، Hair Conditioner، loreal prof، Weak & Thin.,https://alfouadpharmacies.com/en/products/بلسم-لوريال-بروفيسيونال-برو-لونجر-لتكثيف-الشعر-الطويل-200-مل,AlFouad Pharmacies,Verify usage rights before commercial publication,غير مثبت,غير مثبت,مرجعي فقط — غير معتمد للنشر التجاري,بيانات مرجعية متاحة؛ يلزم تحقق PM,ضمن الفحص المبدئي
10569852715311,loreal-prof-vitamino-color-condtioner-200ml,بلسم لوريال بروفيسيونال فيتامينو كلر سبيكتروم للشعر المصبوغ 200 مل,LOREAL PROF,العناية بالشعر,العناية بالشعر,1,بلسم ,17863,1370,411,959,0,متاح لدى المصدر,https://cdn.shopify.com/s/files/1/0935/9550/0847/files/1_-_2026-07-09T101934.610.webp?v=1783581614,منتج بلسم لوريال بروفيسيونال فيتامينو كلر سبيكتروم للشعر المصبوغ 200 مل من LOREAL PROF. التصنيف المرجعي: العناية بالشعر — بلسم . الوسوم المرجعية: Anti-Frizz، Colored Hair، Hair Care، Hair Color، Hair Concerns، Hair Conditioner، loreal prof.,https://alfouadpharmacies.com/en/products/loreal-prof-vitamino-color-condtioner-200ml,AlFouad Pharmacies,Verify usage rights before commercial publication,غير مثبت,غير مثبت,مرجعي فقط — غير معتمد للنشر التجاري,بيانات مرجعية متاحة؛ يلزم تحقق PM,ضمن الفحص المبدئي
13012914307375,بلسم-لوريال-بروفيسيونال-فيتامينو-كلر-سبيكتروم-للشعر-المصبوغ-200-مل,بلسم لوريال بروفيسيونال فيتامينو كلر سبيكتروم للشعر المصبوغ 200 مل,LOREAL PROF,العناية بالشعر,العناية بالشعر,1,Hair Care,113860,1750,525,1225,,متاح لدى المصدر,https://cdn.shopify.com/s/files/1/0935/9550/0847/files/1_-_2026-07-08T155704.779.webp?v=1783515467,منتج بلسم لوريال بروفيسيونال فيتامينو كلر سبيكتروم للشعر المصبوغ 200 مل من LOREAL PROF. التصنيف المرجعي: العناية بالشعر — Hair Care. الوسوم المرجعية: Colored Hair، Hair Care، Hair Conditioner.,https://alfouadpharmacies.com/en/products/بلسم-لوريال-بروفيسيونال-فيتامينو-كلر-سبيكتروم-للشعر-المصبوغ-200-مل,AlFouad Pharmacies,Verify usage rights before commercial publication,غير مثبت,غير مثبت,مرجعي فقط — غير معتمد للنشر التجاري,بيانات مرجعية متاحة؛ يلزم تحقق PM,ضمن الفحص المبدئي
10569846817071,loreal-prof-inforcer-conditioner-200ml,بلسم لوريال محترف معزز 200 مل,LOREAL PROF,العناية بالشعر,العناية بالشعر,1,بسيط,13214,1080,324,756,0,غير متاح لدى المصدر,https://cdn.shopify.com/s/files/1/0935/9550/0847/files/Loreal-Prof.-Inforcer-Conditioner-200ML.webp?v=1754298463,منتج بلسم لوريال محترف معزز 200 مل من LOREAL PROF. التصنيف المرجعي: العناية بالشعر — بسيط. الوسوم المرجعية: Deep Repair، Dry & Damadged Hair، Hair Care، Hair Concerns، Hair Conditioner، Weak & Thin.,https://alfouadpharmacies.com/en/products/loreal-prof-inforcer-conditioner-200ml,AlFouad Pharmacies,Verify usage rights before commercial publication,غير مثبت,غير مثبت,مرجعي فقط — غير معتمد للنشر التجاري,بيانات مرجعية متاحة؛ يلزم تحقق PM,ضمن الفحص المبدئي
10569732096303,the-hair-addict-frizz-off-conditioner-250ml,بلسم مكافحة التجعدات من ذا هير أديكت، 250 مل,AlFouad Pharmacies,العناية بالشعر,العناية بالشعر,1,بسيط,33614,220,66,154,0,متاح لدى المصدر,https://cdn.shopify.com/s/files/1/0935/9550/0847/files/The-Hair-Addict-Frizz-off-Conditioner-250ml.webp?v=1754299038,منتج بلسم مكافحة التجعدات من ذا هير أديكت، 250 مل من AlFouad Pharmacies. التصنيف المرجعي: العناية بالشعر — بسيط. الوسوم المرجعية: Anti-Frizz، Hair Care، Hair Concerns، Hair Conditioner.,https://alfouadpharmacies.com/en/products/the-hair-addict-frizz-off-conditioner-250ml,AlFouad Pharmacies,Verify usage rights before commercial publication,غير مثبت,غير مثبت,مرجعي فقط — غير معتمد للنشر التجاري,بيانات مرجعية متاحة؛ يلزم تحقق PM,ضمن الفحص المبدئي
10569730261295,nebula-leave-in-conditioner-200ml,بلسم نيبولا بدون شطف 200 مل,Nebula,العناية بالشعر,العناية بالشعر,1,بسيط,25211,289,86.7,202.3,,غير متاح لدى المصدر,https://cdn.shopify.com/s/files/1/0935/9550/0847/files/Nebula-Leave-In-Conditioner-200ml.webp?v=1754299066,منتج بلسم نيبولا بدون شطف 200 مل من Nebula. التصنيف المرجعي: العناية بالشعر — بسيط. الوسوم المرجعية: Anti-Frizz، Hair Care، Hair Concerns، Hair Conditioner.,https://alfouadpharmacies.com/en/products/nebula-leave-in-conditioner-200ml,AlFouad Pharmacies,Verify usage rights before commercial publication,غير مثبت,غير مثبت,مرجعي فقط — غير معتمد للنشر التجاري,بيانات مرجعية متاحة؛ يلزم تحقق PM,ضمن الفحص المبدئي
12689553097007,root-to-end-leave-in-conditioner-400ml,بلسم يُترك على الشعر من الجذور إلى الأطراف 400 مل ,Root to End,العناية بالشعر,العناية بالشعر,1,بلسم,21537,500,150,350,,متاح لدى المصدر,https://cdn.shopify.com/s/files/1/0935/9550/0847/files/root-to-end-leave-in-conditioner-400ml-7525517.webp?v=1772272326,منتج بلسم يُترك على الشعر من الجذور إلى الأطراف 400 مل  من Root to End. التصنيف المرجعي: العناية بالشعر — بلسم. الوسوم المرجعية: Dry & Damadged Hair، Hair Care، Hair Cream.,https://alfouadpharmacies.com/en/products/root-to-end-leave-in-conditioner-400ml,AlFouad Pharmacies,Verify usage rights before commercial publication,غير مثبت,غير مثبت,مرجعي فقط — غير معتمد للنشر التجاري,بيانات مرجعية متاحة؛ يلزم تحقق PM,ضمن الفحص المبدئي
10569861300527,en-liven-hair-mousse-300ml-ultra-hold,بوم بوم للشعر من إن ليفن، 300 مل، تثبيت فائق.,AlFouad Pharmacies,العناية بالشعر,العناية بالشعر,1,بسيط,94243,289.9,86.97,202.93,,متاح لدى المصدر,https://cdn.shopify.com/s/files/1/0935/9550/0847/files/En-Liven-Hair-Mousse-300ML-Ultra-Hold.webp?v=1754298328,منتج بوم بوم للشعر من إن ليفن، 300 مل، تثبيت فائق. من AlFouad Pharmacies. التصنيف المرجعي: العناية بالشعر — بسيط. الوسوم المرجعية: Anti-Frizz، Hair Care، Hair Concerns، Hair Spray.,https://alfouadpharmacies.com/en/products/en-liven-hair-mousse-300ml-ultra-hold,AlFouad Pharmacies,Verify usage rights before commercial publication,غير مثبت,غير مثبت,مرجعي فقط — غير معتمد للنشر التجاري,بيانات مرجعية متاحة؛ يلزم تحقق PM,ضمن الفحص المبدئي
12689512038703,beter-coffee-oclock-scalp-massager,بيتير كوفي أوكلوك مساج لفروة الرأس | فرشاة عناية بفروة الرأس,AlFouad Pharmacies,العناية بالشعر,العناية بالشعر,1,,111940,300,90,210,,متاح لدى المصدر,https://cdn.shopify.com/s/files/1/0935/9550/0847/files/Beter_Scalp_Massager_1615x1615_580d6c8c-275a-4625-833f-43977fd1491d.webp?v=1772279836,منتج بيتير كوفي أوكلوك مساج لفروة الرأس | فرشاة عناية بفروة الرأس من AlFouad Pharmacies. التصنيف المرجعي: العناية بالشعر. الوسوم المرجعية: Brushes، Hair Care.,https://alfouadpharmacies.com/en/products/beter-coffee-oclock-scalp-massager,AlFouad Pharmacies,Verify usage rights before commercial publication,غير مثبت,غير مثبت,مرجعي فقط — غير معتمد للنشر التجاري,بيانات مرجعية متاحة؛ يلزم تحقق PM,ضمن الفحص المبدئي
10569850781999,loreal-prof-powermix-color-concentration-150ml,تركيز لون باور مكس من لوريال للمحترفين 150 مل,LOREAL PROF,العناية بالشعر,العناية بالشعر,1,بسيط,95095,500,150,350,0,غير متاح لدى المصدر,https://cdn.shopify.com/s/files/1/0935/9550/0847/files/Loreal-Prof.-Powermix-Color-Concentration-150ML.webp?v=1754298429,منتج تركيز لون باور مكس من لوريال للمحترفين 150 مل من LOREAL PROF. التصنيف المرجعي: العناية بالشعر — بسيط. الوسوم المرجعية: Anti-Frizz، Colored Hair، Deep Repair، Hair Care، Hair Color، Hair Concerns، Hair Treatment.,https://alfouadpharmacies.com/en/products/loreal-prof-powermix-color-concentration-150ml,AlFouad Pharmacies,Verify usage rights before commercial publication,غير مثبت,غير مثبت,مرجعي فقط — غير معتمد للنشر التجاري,بيانات مرجعية متاحة؛ يلزم تحقق PM,ضمن الفحص المبدئي
10569924673839,tresemme-shampoocond-keratin-smooth-400ml-50off,تريسيمي كيراتين النعومة مجموعة شامبو وبلسم للشعر 400 مل,Tresemme off,العناية بالشعر,العناية بالشعر,1,بسيط,108684,290,87,203,410,غير متاح لدى المصدر,https://cdn.shopify.com/s/files/1/0935/9550/0847/files/Tresemme-Shampoocond-Keratin-Smooth-400ML-50OFF.webp?v=1754297839,منتج تريسيمي كيراتين النعومة مجموعة شامبو وبلسم للشعر 400 مل من Tresemme off. التصنيف المرجعي: العناية بالشعر — بسيط. الوسوم المرجعية: Bundle، Dry & Damadged Hair، Hair Care، Hair Concerns، Hair Offers.,https://alfouadpharmacies.com/en/products/tresemme-shampoocond-keratin-smooth-400ml-50off,AlFouad Pharmacies,Verify usage rights before commercial publication,غير مثبت,غير مثبت,مرجعي فقط — غير معتمد للنشر التجاري,بيانات مرجعية متاحة؛ يلزم تحقق PM,ضمن الفحص المبدئي
10569924575535,tresemme-shampoocond-curly-400ml-50off,تريسيمي مجموعة الشامبو والبلسم للشعر الكيرلي 400 مل,Tresemme off,العناية بالشعر,العناية بالشعر,1,بسيط,90710,290,87,203,410,غير متاح لدى المصدر,https://cdn.shopify.com/s/files/1/0935/9550/0847/files/Tresemme-Shampoocond-Curly-400ML-50-Off.webp?v=1754297840,منتج تريسيمي مجموعة الشامبو والبلسم للشعر الكيرلي 400 مل من Tresemme off. التصنيف المرجعي: العناية بالشعر — بسيط. الوسوم المرجعية: Bundle، Dry & Damadged Hair، Hair Care، Hair Concerns، Hair Offers.,https://alfouadpharmacies.com/en/products/tresemme-shampoocond-curly-400ml-50off,AlFouad Pharmacies,Verify usage rights before commercial publication,غير مثبت,غير مثبت,مرجعي فقط — غير معتمد للنشر التجاري,بيانات مرجعية متاحة؛ يلزم تحقق PM,ضمن الفحص المبدئي
12689541005615,chi-infra-tretment-thermal-protective-355ml,تشي حماية حرارية بالأشعة تحت الحمراء 355 مل,chi,العناية بالشعر,العناية بالشعر,1,,25754,810,243,567,,متاح لدى المصدر,https://cdn.shopify.com/s/files/1/0935/9550/0847/files/CHI_Infra_Treatment_1615x1615_e5d28fac-0c3d-40f1-b850-82d7dde3eeca.webp?v=1771756805,منتج تشي حماية حرارية بالأشعة تحت الحمراء 355 مل من chi. التصنيف المرجعي: العناية بالشعر. الوسوم المرجعية: Dry & Damadged Hair، Hair Care، Hair Mask، Hair Treatment.,https://alfouadpharmacies.com/en/products/chi-infra-tretment-thermal-protective-355ml,AlFouad Pharmacies,Verify usage rights before commercial publication,غير مثبت,غير مثبت,مرجعي فقط — غير معتمد للنشر التجاري,بيانات مرجعية متاحة؛ يلزم تحقق PM,ضمن الفحص المبدئي
10569958981935,nebula-xyl-hair-complex-tonic-125ml,تونيك نيبولا - إكسيل للشعر 125 مل,Nebula,العناية بالشعر,العناية بالشعر,1,بسيط,112637,449,134.7,314.3,,متاح لدى المصدر,https://cdn.shopify.com/s/files/1/0935/9550/0847/files/Nebula-Xyl-Hair-Complex-Tonic-125ML.webp?v=1754297567,منتج تونيك نيبولا - إكسيل للشعر 125 مل من Nebula. التصنيف المرجعي: العناية بالشعر — بسيط. الوسوم المرجعية: Hair Care، Hair Concerns، Hair Growth، Hair Loss، Hair Spray.,https://alfouadpharmacies.com/en/products/nebula-xyl-hair-complex-tonic-125ml,AlFouad Pharmacies,Verify usage rights before commercial publication,غير مثبت,غير مثبت,مرجعي فقط — غير معتمد للنشر التجاري,بيانات مرجعية متاحة؛ يلزم تحقق PM,ضمن الفحص المبدئي
12689553424687,k18-leave-in-molecular-repair-hair-mask-50ml,ثورة البيبتيدات التي تصلح الروابط الكيراتينية المكسورة في 4 دقائق,korean product,العناية بالشعر,العناية بالشعر | الجمال الكوري,2,,113688,4800,1440,3360,,غير متاح لدى المصدر,https://cdn.shopify.com/s/files/1/0935/9550/0847/files/k18_molecular_mask_ecommerce_standard.webp?v=1771833628,منتج ثورة البيبتيدات التي تصلح الروابط الكيراتينية المكسورة في 4 دقائق من korean product. التصنيف المرجعي: العناية بالشعر. الوسوم المرجعية: Dry & Damadged Hair، Dry & Damage Hair، Hair Care، Hair Mask، Hair Treatment، korean product.,https://alfouadpharmacies.com/en/products/k18-leave-in-molecular-repair-hair-mask-50ml,AlFouad Pharmacies,Verify usage rights before commercial publication,غير مثبت,غير مثبت,مرجعي فقط — غير معتمد للنشر التجاري,بيانات مرجعية متاحة؛ يلزم تحقق PM,ضمن الفحص المبدئي
10569726951727,clary-booster-shot-30ml,جرعة معززة من كلاري 30 مل,Clear,العناية بالشعر,العناية بالشعر,1,بسيط,8028,500,150,350,,متاح لدى المصدر,https://cdn.shopify.com/s/files/1/0935/9550/0847/files/1_18_e7aaea81-53e4-4a4f-9fe8-162342500b6b.webp?v=1781951236,منتج جرعة معززة من كلاري 30 مل من Clear. التصنيف المرجعي: العناية بالشعر — بسيط. الوسوم المرجعية: clary، Hair Care، Hair Concerns، Hair Loss، Hair Serum، Scalp Care.,https://alfouadpharmacies.com/en/products/clary-booster-shot-30ml,AlFouad Pharmacies,Verify usage rights before commercial publication,غير مثبت,غير مثبت,مرجعي فقط — غير معتمد للنشر التجاري,بيانات مرجعية متاحة؛ يلزم تحقق PM,ضمن الفحص المبدئي
10569853534511,loreal-proftecni-art-liss-control-gel-crf2-150,جل التحكم في الشعر لوريال بروفيشنال تكنى آرت ليس كنترول كريمي (F2) 150 مل,LOREAL PROF,العناية بالشعر,العناية بالشعر,1,بسيط,96977,760,228,532,0,غير متاح لدى المصدر,https://cdn.shopify.com/s/files/1/0935/9550/0847/files/Loreal-PROF.TECNI-Art-Liss-Control-Gel-CR.F2-150.webp?v=1754298405,منتج جل التحكم في الشعر لوريال بروفيشنال تكنى آرت ليس كنترول كريمي (F2) 150 مل من LOREAL PROF. التصنيف المرجعي: العناية بالشعر — بسيط. الوسوم المرجعية: Anti-Frizz، Hair Care، Hair Concerns، Hair Gel.,https://alfouadpharmacies.com/en/products/loreal-proftecni-art-liss-control-gel-crf2-150,AlFouad Pharmacies,Verify usage rights before commercial publication,غير مثبت,غير مثبت,مرجعي فقط — غير معتمد للنشر التجاري,بيانات مرجعية متاحة؛ يلزم تحقق PM,ضمن الفحص المبدئي
10569860448559,en-liven-hair-gel-250gm-extrem-hold-jar,جل الشعر إن ليفن 250 جرام تثبيت فائق القوة - عبوة جرة,AlFouad Pharmacies,العناية بالشعر,العناية بالشعر,1,بسيط,31781,134.9,40.47,94.43,,متاح لدى المصدر,https://cdn.shopify.com/s/files/1/0935/9550/0847/files/En-Liven-Hair-Gel-250GM-Extrem-Hold-Jar.webp?v=1754298336,منتج جل الشعر إن ليفن 250 جرام تثبيت فائق القوة - عبوة جرة من AlFouad Pharmacies. التصنيف المرجعي: العناية بالشعر — بسيط. الوسوم المرجعية: Anti-Frizz، Hair Care، Hair Concerns، Hair Gel.,https://alfouadpharmacies.com/en/products/en-liven-hair-gel-250gm-extrem-hold-jar,AlFouad Pharmacies,Verify usage rights before commercial publication,غير مثبت,غير مثبت,مرجعي فقط — غير معتمد للنشر التجاري,بيانات مرجعية متاحة؛ يلزم تحقق PM,ضمن الفحص المبدئي
10569860645167,en-liven-hair-gel-250gm-ultimate-hold-jar,جل الشعر إن ليفن 250 جرام تثبيت فائق القوة - عبوة جرة,AlFouad Pharmacies,العناية بالشعر,العناية بالشعر,1,بسيط,91043,134.9,40.47,94.43,,متاح لدى المصدر,https://cdn.shopify.com/s/files/1/0935/9550/0847/files/En-Liven-Hair-Gel-250GM-Ultimate-Hold-Jar.webp?v=1754298334,منتج جل الشعر إن ليفن 250 جرام تثبيت فائق القوة - عبوة جرة من AlFouad Pharmacies. التصنيف المرجعي: العناية بالشعر — بسيط. الوسوم المرجعية: Anti-Frizz، Hair Care، Hair Concerns، Hair Gel.,https://alfouadpharmacies.com/en/products/en-liven-hair-gel-250gm-ultimate-hold-jar,AlFouad Pharmacies,Verify usage rights before commercial publication,غير مثبت,غير مثبت,مرجعي فقط — غير معتمد للنشر التجاري,بيانات مرجعية متاحة؛ يلزم تحقق PM,ضمن الفحص المبدئي
10569860579631,en-liven-hair-gel-250gm-firm-hold-jar,جل الشعر إن ليفن 250 جرام تثبيت قوي - عبوة زجاجية,AlFouad Pharmacies,العناية بالشعر,العناية بالشعر,1,بسيط,91042,134.9,40.47,94.43,,متاح لدى المصدر,https://cdn.shopify.com/s/files/1/0935/9550/0847/files/En-Liven-Hair-Gel-250GM-Firm-Hold-Jar.webp?v=1754298335,منتج جل الشعر إن ليفن 250 جرام تثبيت قوي - عبوة زجاجية من AlFouad Pharmacies. التصنيف المرجعي: العناية بالشعر — بسيط. الوسوم المرجعية: Anti-Frizz، Hair Care، Hair Concerns، Hair Gel.,https://alfouadpharmacies.com/en/products/en-liven-hair-gel-250gm-firm-hold-jar,AlFouad Pharmacies,Verify usage rights before commercial publication,غير مثبت,غير مثبت,مرجعي فقط — غير معتمد للنشر التجاري,بيانات مرجعية متاحة؛ يلزم تحقق PM,ضمن الفحص المبدئي
10569861136687,en-liven-hair-gel-500ml-ultimate-hold-hair,جل الشعر إن ليفن 250 مل تثبيت فائق اصفر,AlFouad Pharmacies,العناية بالشعر,العناية بالشعر,1,بسيط,91043,134.9,40.47,94.43,,متاح لدى المصدر,https://cdn.shopify.com/s/files/1/0935/9550/0847/files/En-Liven-Hair-Gel-500ML-Ultimate-Hold-Hair-_D8_A7_D8_B5_D9_81_D8_B1.webp?v=1754298330,منتج جل الشعر إن ليفن 250 مل تثبيت فائق اصفر من AlFouad Pharmacies. التصنيف المرجعي: العناية بالشعر — بسيط. الوسوم المرجعية: Anti-Frizz، Hair Care، Hair Concerns، Hair Gel.,https://alfouadpharmacies.com/en/products/en-liven-hair-gel-500ml-ultimate-hold-hair,AlFouad Pharmacies,Verify usage rights before commercial publication,غير مثبت,غير مثبت,مرجعي فقط — غير معتمد للنشر التجاري,بيانات مرجعية متاحة؛ يلزم تحقق PM,ضمن الفحص المبدئي
10569860940079,en-liven-hair-gel-500ml-firm-hold,جل الشعر إن ليفن 500 مل تثبيت قوي أحمر,AlFouad Pharmacies,العناية بالشعر,العناية بالشعر,1,بسيط,81983,209.9,62.97,146.93,,متاح لدى المصدر,https://cdn.shopify.com/s/files/1/0935/9550/0847/files/En-Liven-Hair-Gel-500ML-Firm-Hold_D8_A7_D8_AD_D9_85_D8_B1.webp?v=1754298332,منتج جل الشعر إن ليفن 500 مل تثبيت قوي أحمر من AlFouad Pharmacies. التصنيف المرجعي: العناية بالشعر — بسيط. الوسوم المرجعية: Anti-Frizz، Hair Care، Hair Concerns، Hair Gel.,https://alfouadpharmacies.com/en/products/en-liven-hair-gel-500ml-firm-hold,AlFouad Pharmacies,Verify usage rights before commercial publication,غير مثبت,غير مثبت,مرجعي فقط — غير معتمد للنشر التجاري,بيانات مرجعية متاحة؛ يلزم تحقق PM,ضمن الفحص المبدئي
10569860743471,en-liven-hair-gel-250gm-wet-hold-jar,جل الشعر إين ليفين 250 جرام، تثبيت رطب، عبوة زجاجية.,AlFouad Pharmacies,العناية بالشعر,العناية بالشعر,1,بسيط,31780,134.9,40.47,94.43,,متاح لدى المصدر,https://cdn.shopify.com/s/files/1/0935/9550/0847/files/En-Liven-Hair-Gel-250GM-Wet-Hold-Jar.webp?v=1754298333,منتج جل الشعر إين ليفين 250 جرام، تثبيت رطب، عبوة زجاجية. من AlFouad Pharmacies. التصنيف المرجعي: العناية بالشعر — بسيط. الوسوم المرجعية: Anti-Frizz، Hair Care، Hair Concerns، Hair Gel.,https://alfouadpharmacies.com/en/products/en-liven-hair-gel-250gm-wet-hold-jar,AlFouad Pharmacies,Verify usage rights before commercial publication,غير مثبت,غير مثبت,مرجعي فقط — غير معتمد للنشر التجاري,بيانات مرجعية متاحة؛ يلزم تحقق PM,ضمن الفحص المبدئي
10569861660975,energy-hair-gel-250ml-strong-look,جل الشعر إينرجي 250 مل، مظهر قوي,AlFouad Pharmacies,العناية بالشعر,العناية بالشعر,1,بسيط,14175,69,20.7,48.3,,متاح لدى المصدر,https://cdn.shopify.com/s/files/1/0935/9550/0847/files/Energy-Hair-Gel-250ML-Strong-Look.webp?v=1754298325,منتج جل الشعر إينرجي 250 مل، مظهر قوي من AlFouad Pharmacies. التصنيف المرجعي: العناية بالشعر — بسيط. الوسوم المرجعية: Anti-Frizz، Hair Care، Hair Concerns، Hair Gel.,https://alfouadpharmacies.com/en/products/energy-hair-gel-250ml-strong-look,AlFouad Pharmacies,Verify usage rights before commercial publication,غير مثبت,غير مثبت,مرجعي فقط — غير معتمد للنشر التجاري,بيانات مرجعية متاحة؛ يلزم تحقق PM,ضمن الفحص المبدئي
10569861693743,energy-hair-gel-250ml-wet-look,جل الشعر المنشط 250 مل، مظهر رطب.,AlFouad Pharmacies,العناية بالشعر,العناية بالشعر,1,بسيط,14181,69,20.7,48.3,,متاح لدى المصدر,https://cdn.shopify.com/s/files/1/0935/9550/0847/files/Energy-Hair-Gel-250ML-Wet-Look.webp?v=1754298325,منتج جل الشعر المنشط 250 مل، مظهر رطب. من AlFouad Pharmacies. التصنيف المرجعي: العناية بالشعر — بسيط. الوسوم المرجعية: Anti-Frizz، Hair Care، Hair Concerns، Hair Gel.,https://alfouadpharmacies.com/en/products/energy-hair-gel-250ml-wet-look,AlFouad Pharmacies,Verify usage rights before commercial publication,غير مثبت,غير مثبت,مرجعي فقط — غير معتمد للنشر التجاري,بيانات مرجعية متاحة؛ يلزم تحقق PM,ضمن الفحص المبدئي
12689757438255,the-hair-addict-frizz-off-papaya-gel-250ml,جل بابايّا المضاد للتجعّد من ذا هير أديكت، 250 مل,The Hair Addict,العناية بالشعر,العناية بالشعر,1,بسيط,104029,345,103.5,241.5,0,متاح لدى المصدر,https://cdn.shopify.com/s/files/1/0935/9550/0847/files/TheHairAddictFrizz-OffPapayaGel250ml.webp?v=1771920387,منتج جل بابايّا المضاد للتجعّد من ذا هير أديكت، 250 مل من The Hair Addict. التصنيف المرجعي: العناية بالشعر — بسيط. الوسوم المرجعية: Anti-Frizz، Curly Gel، Curly Hair، Hair Care، Hair Concerns، Hair Defining & Volume.,https://alfouadpharmacies.com/en/products/the-hair-addict-frizz-off-papaya-gel-250ml,AlFouad Pharmacies,Verify usage rights before commercial publication,غير مثبت,غير مثبت,مرجعي فقط — غير معتمد للنشر التجاري,بيانات مرجعية متاحة؛ يلزم تحقق PM,ضمن الفحص المبدئي
10569847177519,hair-code-gel-spike-mega-hold-250ml-green-off,جل تحديد الشعر كود هير، قوة تثبيت فائقة، 250 مل، أخضر.,AlFouad Pharmacies,العناية بالشعر,العناية بالشعر,1,بسيط,28683,40,12,28,,متاح لدى المصدر,https://cdn.shopify.com/s/files/1/0935/9550/0847/files/Hair-Code-Gel-Spike-Mega-Hold-250ML-Green-Off.webp?v=1754298461,منتج جل تحديد الشعر كود هير، قوة تثبيت فائقة، 250 مل، أخضر. من AlFouad Pharmacies. التصنيف المرجعي: العناية بالشعر — بسيط. الوسوم المرجعية: Anti-Frizz، Hair Care، Hair Concerns، Hair Gel.,https://alfouadpharmacies.com/en/products/hair-code-gel-spike-mega-hold-250ml-green-off,AlFouad Pharmacies,Verify usage rights before commercial publication,غير مثبت,غير مثبت,مرجعي فقط — غير معتمد للنشر التجاري,بيانات مرجعية متاحة؛ يلزم تحقق PM,ضمن الفحص المبدئي
10569846685999,hair-code-gel-blue-160ml-bottle-extra-25,جل تصفيف الشعر (أزرق) زجاجة 160 مل، إضافي 25,AlFouad Pharmacies,العناية بالشعر,العناية بالشعر,1,بسيط,17890,35,10.5,24.5,,متاح لدى المصدر,https://cdn.shopify.com/s/files/1/0935/9550/0847/files/Hair-Code-Gel-Blue-160ML-Bottle-Extra-25.webp?v=1754298464,منتج جل تصفيف الشعر (أزرق) زجاجة 160 مل، إضافي 25 من AlFouad Pharmacies. التصنيف المرجعي: العناية بالشعر — بسيط. الوسوم المرجعية: Anti-Frizz، Hair Care، Hair Concerns، Hair Gel.,https://alfouadpharmacies.com/en/products/hair-code-gel-blue-160ml-bottle-extra-25,AlFouad Pharmacies,Verify usage rights before commercial publication,غير مثبت,غير مثبت,مرجعي فقط — غير معتمد للنشر التجاري,بيانات مرجعية متاحة؛ يلزم تحقق PM,ضمن الفحص المبدئي
10569726066991,avrelle-liquid-flaxseed-extract-styling-gel-250ml,جل تصفيف الشعر السائل بخلاصة بذور الكتان من أفريل، 250 مل,Avrelle,العناية بالشعر,العناية بالشعر,1,بسيط,5805,320,96,224,0,متاح لدى المصدر,https://cdn.shopify.com/s/files/1/0935/9550/0847/files/Avrelle-Liquid-Flaxseed-Extract-Styling-Gel-250ml.webp?v=1754299137,منتج جل تصفيف الشعر السائل بخلاصة بذور الكتان من أفريل، 250 مل من Avrelle. التصنيف المرجعي: العناية بالشعر — بسيط. الوسوم المرجعية: Curly Gel، Curly Hair، Hair Care، Hair Concerns، Hair Defining & Volume.,https://alfouadpharmacies.com/en/products/avrelle-liquid-flaxseed-extract-styling-gel-250ml,AlFouad Pharmacies,Verify usage rights before commercial publication,غير مثبت,غير مثبت,مرجعي فقط — غير معتمد للنشر التجاري,بيانات مرجعية متاحة؛ يلزم تحقق PM,ضمن الفحص المبدئي
10569847046447,hair-code-gel-free-style-300ml-blue-jar,جل تصفيف الشعر كود هير، بدون بقايا، 300 مل، عبوة زجاجية زرقاء.,AlFouad Pharmacies,العناية بالشعر,العناية بالشعر,1,بسيط,28685,48,14.4,33.6,,متاح لدى المصدر,https://cdn.shopify.com/s/files/1/0935/9550/0847/files/Hair-Code-Gel-Free-Style-300ML-Blue-Jar.webp?v=1754298462,منتج جل تصفيف الشعر كود هير، بدون بقايا، 300 مل، عبوة زجاجية زرقاء. من AlFouad Pharmacies. التصنيف المرجعي: العناية بالشعر — بسيط. الوسوم المرجعية: Anti-Frizz، Hair Care، Hair Concerns، Hair Gel.,https://alfouadpharmacies.com/en/products/hair-code-gel-free-style-300ml-blue-jar,AlFouad Pharmacies,Verify usage rights before commercial publication,غير مثبت,غير مثبت,مرجعي فقط — غير معتمد للنشر التجاري,بيانات مرجعية متاحة؛ يلزم تحقق PM,ضمن الفحص المبدئي
10569889972527,hair-code-gel-ultra-hold-100ml,جل تصفيف الشعر كود هير، قوة تثبيت فائقة، 100 مل,AlFouad Pharmacies,العناية بالشعر,العناية بالشعر,1,بسيط,10515,23.5,7.05,16.45,,متاح لدى المصدر,https://cdn.shopify.com/s/files/1/0935/9550/0847/files/Hair-Code-Gel-Ultra-Hold-100ML.webp?v=1754298265,منتج جل تصفيف الشعر كود هير، قوة تثبيت فائقة، 100 مل من AlFouad Pharmacies. التصنيف المرجعي: العناية بالشعر — بسيط. الوسوم المرجعية: Anti-Frizz، Hair Care، Hair Concerns، Hair Gel.,https://alfouadpharmacies.com/en/products/hair-code-gel-ultra-hold-100ml,AlFouad Pharmacies,Verify usage rights before commercial publication,غير مثبت,غير مثبت,مرجعي فقط — غير معتمد للنشر التجاري,بيانات مرجعية متاحة؛ يلزم تحقق PM,ضمن الفحص المبدئي
10569847243055,hair-code-gel-ultra-hold-250ml-off,جل تصفيف الشعر كود هير، قوة تثبيت فائقة، 250 مل، عرض خاص.,AlFouad Pharmacies,العناية بالشعر,العناية بالشعر,1,بسيط,10773,49.5,14.85,34.65,,غير متاح لدى المصدر,https://cdn.shopify.com/s/files/1/0935/9550/0847/files/Hair-Code-Gel-Ultra-Hold-250ML-Off.webp?v=1754298461,منتج جل تصفيف الشعر كود هير، قوة تثبيت فائقة، 250 مل، عرض خاص. من AlFouad Pharmacies. التصنيف المرجعي: العناية بالشعر — بسيط. الوسوم المرجعية: Anti-Frizz، Hair Care، Hair Concerns، Hair Gel.,https://alfouadpharmacies.com/en/products/hair-code-gel-ultra-hold-250ml-off,AlFouad Pharmacies,Verify usage rights before commercial publication,غير مثبت,غير مثبت,مرجعي فقط — غير معتمد للنشر التجاري,بيانات مرجعية متاحة؛ يلزم تحقق PM,ضمن الفحص المبدئي
10569847144751,hair-code-gel-free-style-wet-look-250ml-blue-off,جل تصفيف الشعر كود هير، مظهر رطب، بدون بقايا، 250 مل، أزرق.,AlFouad Pharmacies,العناية بالشعر,العناية بالشعر,1,بسيط,95600,49.5,14.85,34.65,,متاح لدى المصدر,https://cdn.shopify.com/s/files/1/0935/9550/0847/files/Hair-Code-Gel-Free-Style-Wet-Look-250ML-Blue-Off.webp?v=1754298462,منتج جل تصفيف الشعر كود هير، مظهر رطب، بدون بقايا، 250 مل، أزرق. من AlFouad Pharmacies. التصنيف المرجعي: العناية بالشعر — بسيط. الوسوم المرجعية: Anti-Frizz، Hair Care، Hair Concerns، Hair Gel.,https://alfouadpharmacies.com/en/products/hair-code-gel-free-style-wet-look-250ml-blue-off,AlFouad Pharmacies,Verify usage rights before commercial publication,غير مثبت,غير مثبت,مرجعي فقط — غير معتمد للنشر التجاري,بيانات مرجعية متاحة؛ يلزم تحقق PM,ضمن الفحص المبدئي
10569846751535,hair-code-gel-100-ml-wet-look,جل تصفيف الشعر هير كود 100 مل، مظهر رطب، عبوة زرقاء.,AlFouad Pharmacies,العناية بالشعر,العناية بالشعر,1,بسيط,83239,18,5.4,12.6,,متاح لدى المصدر,https://cdn.shopify.com/s/files/1/0935/9550/0847/files/Hair-Code-Gel-100-ml-Wet-Look-_D8_A8_D8_B7_D8_B1_D9_85_D8_A7_D9_86-_D8_A7_D8_B2_D8_B1_D9_82.webp?v=1754298464,منتج جل تصفيف الشعر هير كود 100 مل، مظهر رطب، عبوة زرقاء. من AlFouad Pharmacies. التصنيف المرجعي: العناية بالشعر — بسيط. الوسوم المرجعية: Anti-Frizz، Hair Care، Hair Concerns، Hair Gel.,https://alfouadpharmacies.com/en/products/hair-code-gel-100-ml-wet-look,AlFouad Pharmacies,Verify usage rights before commercial publication,غير مثبت,غير مثبت,مرجعي فقط — غير معتمد للنشر التجاري,بيانات مرجعية متاحة؛ يلزم تحقق PM,ضمن الفحص المبدئي
10569931522351,hair-code-gel-160-ml-blue-off,جل تصفيف الشعر هير كود 160 مل أزرق أوف,AlFouad Pharmacies,العناية بالشعر,العناية بالشعر,1,بسيط,112517,31.5,9.45,22.05,,متاح لدى المصدر,https://cdn.shopify.com/s/files/1/0935/9550/0847/files/Hair-Code-Gel-160-ml-Blue-Off.webp?v=1754297788,منتج جل تصفيف الشعر هير كود 160 مل أزرق أوف من AlFouad Pharmacies. التصنيف المرجعي: العناية بالشعر — بسيط. الوسوم المرجعية: Anti-Frizz، Hair Care، Hair Concerns، Hair Gel.,https://alfouadpharmacies.com/en/products/hair-code-gel-160-ml-blue-off,AlFouad Pharmacies,Verify usage rights before commercial publication,غير مثبت,غير مثبت,مرجعي فقط — غير معتمد للنشر التجاري,بيانات مرجعية متاحة؛ يلزم تحقق PM,ضمن الفحص المبدئي
10569846980911,hair-code-gel-160-ml-wet-look,جل تصفيف الشعر هير كود، 160 مل، مظهر رطب، أزرق، أنبوبي.,AlFouad Pharmacies,العناية بالشعر,العناية بالشعر,1,بسيط,110555,35,10.5,24.5,,متاح لدى المصدر,https://cdn.shopify.com/s/files/1/0935/9550/0847/files/Hair-Code-Gel-160-ml-Wet-Look-_D8_A7_D8_B2_D8_B1_D9_82-_D8_A7_D9_86_D8_A8_D9_88_D8_A8_D9_87.webp?v=1754298463,منتج جل تصفيف الشعر هير كود، 160 مل، مظهر رطب، أزرق، أنبوبي. من AlFouad Pharmacies. التصنيف المرجعي: العناية بالشعر — بسيط. الوسوم المرجعية: Anti-Frizz، Hair Care، Hair Concerns، Hair Gel.,https://alfouadpharmacies.com/en/products/hair-code-gel-160-ml-wet-look,AlFouad Pharmacies,Verify usage rights before commercial publication,غير مثبت,غير مثبت,مرجعي فقط — غير معتمد للنشر التجاري,بيانات مرجعية متاحة؛ يلزم تحقق PM,ضمن الفحص المبدئي
10569860809007,en-liven-hair-gel-500ml-jar-wet-hold,جل شعر إن ليفن 500 مل، قوام رطب، أبيض.,AlFouad Pharmacies,العناية بالشعر,العناية بالشعر,1,بسيط,81385,209.9,62.97,146.93,,متاح لدى المصدر,https://cdn.shopify.com/s/files/1/0935/9550/0847/files/En-Liven-Hair-Gel-500-ml-Jar-Wet-Hold_D8_A7_D8_A8_D9_8A_D8_B6.webp?v=1754298332,منتج جل شعر إن ليفن 500 مل، قوام رطب، أبيض. من AlFouad Pharmacies. التصنيف المرجعي: العناية بالشعر — بسيط. الوسوم المرجعية: Anti-Frizz، Hair Care، Hair Concerns، Hair Gel.,https://alfouadpharmacies.com/en/products/en-liven-hair-gel-500ml-jar-wet-hold,AlFouad Pharmacies,Verify usage rights before commercial publication,غير مثبت,غير مثبت,مرجعي فقط — غير معتمد للنشر التجاري,بيانات مرجعية متاحة؛ يلزم تحقق PM,ضمن الفحص المبدئي
10569861103919,en-liven-hair-gel-500ml-jar-extreme-hold,جل شعر إن ليفن، 500 مل، قوام ثابت للغاية، أزرق.,AlFouad Pharmacies,العناية بالشعر,العناية بالشعر,1,بسيط,31878,209.9,62.97,146.93,,متاح لدى المصدر,https://cdn.shopify.com/s/files/1/0935/9550/0847/files/En-Liven-Hair-Gel-500ML-Jar-Extreme-Hold_D8_A7_D8_B2_D8_B1_D9_82.webp?v=1754298331,منتج جل شعر إن ليفن، 500 مل، قوام ثابت للغاية، أزرق. من AlFouad Pharmacies. التصنيف المرجعي: العناية بالشعر — بسيط. الوسوم المرجعية: Anti-Frizz، Hair Care، Hair Concerns، Hair Gel.,https://alfouadpharmacies.com/en/products/en-liven-hair-gel-500ml-jar-extreme-hold,AlFouad Pharmacies,Verify usage rights before commercial publication,غير مثبت,غير مثبت,مرجعي فقط — غير معتمد للنشر التجاري,بيانات مرجعية متاحة؛ يلزم تحقق PM,ضمن الفحص المبدئي
10569861595439,energy-hair-gel-250ml-extra-strong-look,جل شعر إينرجي 250 مل، قوة إضافية، مظهر مثالي.,AlFouad Pharmacies,العناية بالشعر,العناية بالشعر,1,بسيط,13926,69,20.7,48.3,,متاح لدى المصدر,https://cdn.shopify.com/s/files/1/0935/9550/0847/files/Energy-Hair-Gel-250ML-Extra-Strong-Look.webp?v=1754298326,منتج جل شعر إينرجي 250 مل، قوة إضافية، مظهر مثالي. من AlFouad Pharmacies. التصنيف المرجعي: العناية بالشعر — بسيط. الوسوم المرجعية: Anti-Frizz، Hair Care، Hair Concerns، Hair Gel.,https://alfouadpharmacies.com/en/products/energy-hair-gel-250ml-extra-strong-look,AlFouad Pharmacies,Verify usage rights before commercial publication,غير مثبت,غير مثبت,مرجعي فقط — غير معتمد للنشر التجاري,بيانات مرجعية متاحة؛ يلزم تحقق PM,ضمن الفحص المبدئي
16092574286127,جل-كانتو-ببذور-الكتان-وزيت-الزيتون-لتصفيف-وتثبيت-الشعر-524-ج,جل كانتو ببذور الكتان وزيت الزيتون لتصفيف وتثبيت الشعر 524 ج,cantu,العناية بالشعر,العناية بالشعر,1,جل ,116526,390,117,273,,متاح لدى المصدر,https://cdn.shopify.com/s/files/1/0935/9550/0847/files/Group1-2026-07-15T140739.368.webp?v=1784113680,منتج جل كانتو ببذور الكتان وزيت الزيتون لتصفيف وتثبيت الشعر 524 ج من cantu. التصنيف المرجعي: العناية بالشعر — جل . الوسوم المرجعية: CANTU، Curly، Curly Gel، Hair Care، Hair Concerns.,https://alfouadpharmacies.com/en/products/جل-كانتو-ببذور-الكتان-وزيت-الزيتون-لتصفيف-وتثبيت-الشعر-524-ج,AlFouad Pharmacies,Verify usage rights before commercial publication,غير مثبت,غير مثبت,مرجعي فقط — غير معتمد للنشر التجاري,بيانات مرجعية متاحة؛ يلزم تحقق PM,ضمن الفحص المبدئي
10569846489391,hair-code-cream-gel-styleampcare-150ml,جل كريم لتصفيف الشعر من هير كود، عناية وتصفيف، 150 مل,AlFouad Pharmacies,العناية بالشعر,العناية بالشعر,1,بسيط,110585,55,16.5,38.5,,متاح لدى المصدر,https://cdn.shopify.com/s/files/1/0935/9550/0847/files/Hair-Code-Cream-Gel-StyleCare-150ML.webp?v=1754298466,منتج جل كريم لتصفيف الشعر من هير كود، عناية وتصفيف، 150 مل من AlFouad Pharmacies. التصنيف المرجعي: العناية بالشعر — بسيط. الوسوم المرجعية: Anti-Frizz، Hair Care، Hair Concerns، Hair Cream.,https://alfouadpharmacies.com/en/products/hair-code-cream-gel-styleampcare-150ml,AlFouad Pharmacies,Verify usage rights before commercial publication,غير مثبت,غير مثبت,مرجعي فقط — غير معتمد للنشر التجاري,بيانات مرجعية متاحة؛ يلزم تحقق PM,ضمن الفحص المبدئي
10569846554927,hair-code-cream-gel-styleampcare-80ml-jar-blue,جل كريم لتصفيف الشعر من هير كود، عناية وتصفيف، 80 مل، عبوة زجاجية زرقاء.,AlFouad Pharmacies,العناية بالشعر,العناية بالشعر,1,بسيط,84806,26,7.8,18.2,,متاح لدى المصدر,https://cdn.shopify.com/s/files/1/0935/9550/0847/files/Hair-Code-Cream-Gel-StyleCare-80ML-Jar-Blue.webp?v=1754298465,منتج جل كريم لتصفيف الشعر من هير كود، عناية وتصفيف، 80 مل، عبوة زجاجية زرقاء. من AlFouad Pharmacies. التصنيف المرجعي: العناية بالشعر — بسيط. الوسوم المرجعية: Anti-Frizz، Hair Care، Hair Concerns، Hair Cream.,https://alfouadpharmacies.com/en/products/hair-code-cream-gel-styleampcare-80ml-jar-blue,AlFouad Pharmacies,Verify usage rights before commercial publication,غير مثبت,غير مثبت,مرجعي فقط — غير معتمد للنشر التجاري,بيانات مرجعية متاحة؛ يلزم تحقق PM,ضمن الفحص المبدئي
10569730064687,man-look-gel-250ml-curly-look-green-off,جل مان لوك 250 مل للشعر المجعد (أخضر)  -  إزالة,AlFouad Pharmacies,العناية بالشعر,العناية بالشعر,1,بسيط,9058,45,13.5,31.5,,متاح لدى المصدر,https://cdn.shopify.com/s/files/1/0935/9550/0847/files/Man-Look-Gel-250ml-Curly-Look-Green-Off.webp?v=1754299068,منتج جل مان لوك 250 مل للشعر المجعد (أخضر)  -  إزالة من AlFouad Pharmacies. التصنيف المرجعي: العناية بالشعر — بسيط. الوسوم المرجعية: Anti-Frizz، Curly Gel، Curly Hair، Hair Care، Hair Concerns، Hair Defining & Volume.,https://alfouadpharmacies.com/en/products/man-look-gel-250ml-curly-look-green-off,AlFouad Pharmacies,Verify usage rights before commercial publication,غير مثبت,غير مثبت,مرجعي فقط — غير معتمد للنشر التجاري,بيانات مرجعية متاحة؛ يلزم تحقق PM,ضمن الفحص المبدئي
10569730031919,man-look-gel-250ml-wet-look-blue-off,جل مان لوك 250 مل، مظهر لامع (أزرق) - غير متوفر,AlFouad Pharmacies,العناية بالشعر,العناية بالشعر,1,بسيط,7359,45,13.5,31.5,,متاح لدى المصدر,https://cdn.shopify.com/s/files/1/0935/9550/0847/files/Man-Look-Gel-250ml-Wet-Look-Blue-Off.webp?v=1754299069,منتج جل مان لوك 250 مل، مظهر لامع (أزرق) - غير متوفر من AlFouad Pharmacies. التصنيف المرجعي: العناية بالشعر — بسيط. الوسوم المرجعية: Anti-Frizz، Hair Care، Hair Concerns، Hair Gel.,https://alfouadpharmacies.com/en/products/man-look-gel-250ml-wet-look-blue-off,AlFouad Pharmacies,Verify usage rights before commercial publication,غير مثبت,غير مثبت,مرجعي فقط — غير معتمد للنشر التجاري,بيانات مرجعية متاحة؛ يلزم تحقق PM,ضمن الفحص المبدئي
10569856450863,dove-oil-replacement-300ml-hair-fall,دوف شامبو زيت بديل 300 مل لتساقط الشعر,Dove,العناية بالشعر,العناية بالشعر,1,بسيط,99390,135,40.5,94.5,,غير متاح لدى المصدر,https://cdn.shopify.com/s/files/1/0935/9550/0847/files/Dove-Oil-Replacement-300ML-Hair-Fall.webp?v=1754298377,منتج دوف شامبو زيت بديل 300 مل لتساقط الشعر من Dove. التصنيف المرجعي: العناية بالشعر — بسيط. الوسوم المرجعية: Anti-Frizz، Hair Care، Hair Concerns، Hair Cream.,https://alfouadpharmacies.com/en/products/dove-oil-replacement-300ml-hair-fall,AlFouad Pharmacies,Verify usage rights before commercial publication,غير مثبت,غير مثبت,مرجعي فقط — غير معتمد للنشر التجاري,بيانات مرجعية متاحة؛ يلزم تحقق PM,ضمن الفحص المبدئي
12689565090095,the-hair-addict-indian-recipe-10vials,ذا هير أديكت إنديان ريسيبي أمبولات العناية بالشعر – 10 أمبولات,The Hair Addict,العناية بالشعر,العناية بالشعر,1,أمبولات العناية بالشعر,11659,340,102,238,0,غير متاح لدى المصدر,https://cdn.shopify.com/s/files/1/0935/9550/0847/files/TheHairAddictIndianRecipe10VIALS.webp?v=1771920425,منتج ذا هير أديكت إنديان ريسيبي أمبولات العناية بالشعر – 10 أمبولات من The Hair Addict. التصنيف المرجعي: العناية بالشعر — أمبولات العناية بالشعر. الوسوم المرجعية: Hair Care، Hair Concerns، Hair Vials.,https://alfouadpharmacies.com/en/products/the-hair-addict-indian-recipe-10vials,AlFouad Pharmacies,Verify usage rights before commercial publication,غير مثبت,غير مثبت,مرجعي فقط — غير معتمد للنشر التجاري,بيانات مرجعية متاحة؛ يلزم تحقق PM,ضمن الفحص المبدئي
10569732522287,the-hair-addict-red-wild-berries-70ml,ذا هير أديكت ريد وايلد بيري 70 مل,AlFouad Pharmacies,العناية بالشعر,العناية بالشعر,1,بسيط,11686,120,36,84,0,متاح لدى المصدر,https://cdn.shopify.com/s/files/1/0935/9550/0847/files/The-Hair-Addict-Red-Wild-Berries-70ml.webp?v=1754299031,منتج ذا هير أديكت ريد وايلد بيري 70 مل من AlFouad Pharmacies. التصنيف المرجعي: العناية بالشعر — بسيط. الوسوم المرجعية: Hair Care، Hair Concerns، Hair Perfum، Hair Refresh.,https://alfouadpharmacies.com/en/products/the-hair-addict-red-wild-berries-70ml,AlFouad Pharmacies,Verify usage rights before commercial publication,غير مثبت,غير مثبت,مرجعي فقط — غير معتمد للنشر التجاري,بيانات مرجعية متاحة؛ يلزم تحقق PM,ضمن الفحص المبدئي
10569732653359,the-hair-addict-honeycomb-vanilla-haze-70ml,ذا هير أديكت هانيكومب فانيلا هيز 70 مل,AlFouad Pharmacies,العناية بالشعر,العناية بالشعر,1,بسيط,11707,120,36,84,0,غير متاح لدى المصدر,https://cdn.shopify.com/s/files/1/0935/9550/0847/files/The-Hair-Addict-Honeycomb-Vanilla-Haze-70ml.webp?v=1754299029,منتج ذا هير أديكت هانيكومب فانيلا هيز 70 مل من AlFouad Pharmacies. التصنيف المرجعي: العناية بالشعر — بسيط. الوسوم المرجعية: Hair Care، Hair Concerns، Hair Perfum، Hair Refresh.,https://alfouadpharmacies.com/en/products/the-hair-addict-honeycomb-vanilla-haze-70ml,AlFouad Pharmacies,Verify usage rights before commercial publication,غير مثبت,غير مثبت,مرجعي فقط — غير معتمد للنشر التجاري,بيانات مرجعية متاحة؛ يلزم تحقق PM,ضمن الفحص المبدئي
10569957998895,phyto-express-detangling-milk-leave-in-spray-150ml,رذاذ الحليب المُرطب لتسهيل فك تشابك الشعر من فيتو إكسبريس، 150 مل.,AlFouad Pharmacies,العناية بالشعر,العناية بالشعر,1,بسيط,112199,1060,318,742,,غير متاح لدى المصدر,https://cdn.shopify.com/s/files/1/0935/9550/0847/files/Phyto-Express-Detangling-Milk-Leave-in-Spray-150ML.webp?v=1754297570,منتج رذاذ الحليب المُرطب لتسهيل فك تشابك الشعر من فيتو إكسبريس، 150 مل. من AlFouad Pharmacies. التصنيف المرجعي: العناية بالشعر — بسيط. الوسوم المرجعية: Anti-Frizz، Dry & Damadged Hair، Hair Care، Hair Concerns، Hair Spray.,https://alfouadpharmacies.com/en/products/phyto-express-detangling-milk-leave-in-spray-150ml,AlFouad Pharmacies,Verify usage rights before commercial publication,غير مثبت,غير مثبت,مرجعي فقط — غير معتمد للنشر التجاري,بيانات مرجعية متاحة؛ يلزم تحقق PM,ضمن الفحص المبدئي
10570013671727,raw-african-follicle-hair-spray-120ml,رذاذ الشعر من جذور الشعر الأفريقي الخام 120 مل,RAW AFRICAN,العناية بالشعر,العناية بالشعر,1,بسيط,112992,570,171,399,,متاح لدى المصدر,https://cdn.shopify.com/s/files/1/0935/9550/0847/files/Raw-African-Follicle-Hair-Spray-120ML.webp?v=1754297030,منتج رذاذ الشعر من جذور الشعر الأفريقي الخام 120 مل من RAW AFRICAN. التصنيف المرجعي: العناية بالشعر — بسيط. الوسوم المرجعية: Hair Care، Hair Spray.,https://alfouadpharmacies.com/en/products/raw-african-follicle-hair-spray-120ml,AlFouad Pharmacies,Verify usage rights before commercial publication,غير مثبت,غير مثبت,مرجعي فقط — غير معتمد للنشر التجاري,بيانات مرجعية متاحة؛ يلزم تحقق PM,ضمن الفحص المبدئي
12689487790383,regaine-2-for-men-women-60-ml,ريجين 2 للرجال والنساء 60 مل,Regaine,العناية بالشعر,العناية بالشعر,1,Hair Loss,98871,370,111,259,,متاح لدى المصدر,https://cdn.shopify.com/s/files/1/0935/9550/0847/files/Regaine_2pct_TopicalSolution_PureWhite_1615x1615_818c8a7c-c1f6-4b94-8edc-ea08f0c7de01.webp?v=1772242014,منتج ريجين 2 للرجال والنساء 60 مل من Regaine. التصنيف المرجعي: العناية بالشعر — Hair Loss. الوسوم المرجعية: Hair Care، Hair Growth، Hair Loss، Hair Treatment.,https://alfouadpharmacies.com/en/products/regaine-2-for-men-women-60-ml,AlFouad Pharmacies,Verify usage rights before commercial publication,غير مثبت,غير مثبت,مرجعي فقط — غير معتمد للنشر التجاري,بيانات مرجعية متاحة؛ يلزم تحقق PM,ضمن الفحص المبدئي
12689487823151,regaine-foam-5,ريجين فوم 5٪ مينوكسيديل للشعر,Regaine,العناية بالشعر,العناية بالشعر,1,فوم للعناية بالشعر,13699,610,183,427,,متاح لدى المصدر,https://cdn.shopify.com/s/files/1/0935/9550/0847/files/1_48.webp?v=1780580524,منتج ريجين فوم 5٪ مينوكسيديل للشعر من Regaine. التصنيف المرجعي: العناية بالشعر — فوم للعناية بالشعر. الوسوم المرجعية: Hair Care، Hair Growth، Hair Loss، Hair Treatment، limit-one.,https://alfouadpharmacies.com/en/products/regaine-foam-5,AlFouad Pharmacies,Verify usage rights before commercial publication,غير مثبت,غير مثبت,مرجعي فقط — غير معتمد للنشر التجاري,بيانات مرجعية متاحة؛ يلزم تحقق PM,مراجعة نطاق/تنظيم قبل الإدراج
10569730654511,raw-african-shea-butter-curl-enh-leave-in-250gm,زبدة الشيا الأفريقية الخام لتعزيز تجعيد الشعر. تركيز عالٍ. 250 جرام.,RAW AFRICAN,العناية بالشعر,العناية بالشعر,1,بسيط,22619,320,96,224,,متاح لدى المصدر,https://cdn.shopify.com/s/files/1/0935/9550/0847/files/Raw-African-Shea-Butter-Curl-Enh.-Leave-in-250gm.webp?v=1754299058,منتج زبدة الشيا الأفريقية الخام لتعزيز تجعيد الشعر. تركيز عالٍ. 250 جرام. من RAW AFRICAN. التصنيف المرجعي: العناية بالشعر — بسيط. الوسوم المرجعية: Anti-Frizz، Curl Activator، Curly Hair، Hair Care، Hair Concerns، Hair Defining & Volume.,https://alfouadpharmacies.com/en/products/raw-african-shea-butter-curl-enh-leave-in-250gm,AlFouad Pharmacies,Verify usage rights before commercial publication,غير مثبت,غير مثبت,مرجعي فقط — غير معتمد للنشر التجاري,بيانات مرجعية متاحة؛ يلزم تحقق PM,ضمن الفحص المبدئي
10569957835055,phyto-specific-nourishing-styling-butter-100ml,زبدة فيتو سبيسيفيك المغذية لتصفيف الشعر 100 مل,AlFouad Pharmacies,العناية بالشعر,العناية بالشعر,1,بسيط,112196,910,273,637,,غير متاح لدى المصدر,https://cdn.shopify.com/s/files/1/0935/9550/0847/files/Phyto-Specific-Nourishing-Styling-Butter-100ML.webp?v=1754297571,منتج زبدة فيتو سبيسيفيك المغذية لتصفيف الشعر 100 مل من AlFouad Pharmacies. التصنيف المرجعي: العناية بالشعر — بسيط. الوسوم المرجعية: Anti-Frizz، Deep Repair، Dry & Damadged Hair، Hair Care، Hair Concerns، Hair Cream، Leave In Cream.,https://alfouadpharmacies.com/en/products/phyto-specific-nourishing-styling-butter-100ml,AlFouad Pharmacies,Verify usage rights before commercial publication,غير مثبت,غير مثبت,مرجعي فقط — غير معتمد للنشر التجاري,بيانات مرجعية متاحة؛ يلزم تحقق PM,ضمن الفحص المبدئي
12689485660463,aroma-argan-hair-oil-100ml,زيت أروما للشعر بالأرغان 100 مل,AROMA,العناية بالشعر,العناية بالشعر,1,,97527,2095,628.5,1466.5,,غير متاح لدى المصدر,https://cdn.shopify.com/s/files/1/0935/9550/0847/files/AROMAARGANHAIROIL100ML.webp?v=1771930088,منتج زيت أروما للشعر بالأرغان 100 مل من AROMA. التصنيف المرجعي: العناية بالشعر. الوسوم المرجعية: Dry & Damadged Hair، Hair Care، Hair Growth، Hair Loss، Hair Serum.,https://alfouadpharmacies.com/en/products/aroma-argan-hair-oil-100ml,AlFouad Pharmacies,Verify usage rights before commercial publication,غير مثبت,غير مثبت,مرجعي فقط — غير معتمد للنشر التجاري,بيانات مرجعية متاحة؛ يلزم تحقق PM,ضمن الفحص المبدئي
10569726361903,avrelle-garlic-castor-cedarwood-hair-oil-50ml,زيت أفريل للشعر بالثوم والخروع وخشب الأرز 50 مل,Avrelle,العناية بالشعر,العناية بالشعر,1,بسيط,2830,330,99,231,0,متاح لدى المصدر,https://cdn.shopify.com/s/files/1/0935/9550/0847/files/Avrelle-Garlic-Castor-Cedarwood-Hair-Oil-50ml.webp?v=1754299131,منتج زيت أفريل للشعر بالثوم والخروع وخشب الأرز 50 مل من Avrelle. التصنيف المرجعي: العناية بالشعر — بسيط. الوسوم المرجعية: Hair Care، Hair Concerns، Hair Loss، Hair Oil.,https://alfouadpharmacies.com/en/products/avrelle-garlic-castor-cedarwood-hair-oil-50ml,AlFouad Pharmacies,Verify usage rights before commercial publication,غير مثبت,غير مثبت,مرجعي فقط — غير معتمد للنشر التجاري,بيانات مرجعية متاحة؛ يلزم تحقق PM,ضمن الفحص المبدئي
10569726263599,avrelle-rosemary-olive-rocca-hair-oil-50ml,زيت أفريل للشعر بالروزماري والزيتون والروكا 50 مل,Avrelle,العناية بالشعر,العناية بالشعر,1,بسيط,2876,330,99,231,0,متاح لدى المصدر,https://cdn.shopify.com/s/files/1/0935/9550/0847/files/Avrelle-Rosemary-OliveRocca-Hair-Oil-50ml.webp?v=1754299133,منتج زيت أفريل للشعر بالروزماري والزيتون والروكا 50 مل من Avrelle. التصنيف المرجعي: العناية بالشعر — بسيط. الوسوم المرجعية: Hair Care، Hair Concerns، Hair Oil، Weak & Thin.,https://alfouadpharmacies.com/en/products/avrelle-rosemary-olive-rocca-hair-oil-50ml,AlFouad Pharmacies,Verify usage rights before commercial publication,غير مثبت,غير مثبت,مرجعي فقط — غير معتمد للنشر التجاري,بيانات مرجعية متاحة؛ يلزم تحقق PM,ضمن الفحص المبدئي
10569726329135,avrelle-argan-jojoba-almond-hair-oil-50ml,زيت أفريل للشعر بزيت الأرغان والجوجوبا واللوز 50 مل,Avrelle,العناية بالشعر,العناية بالشعر,1,بسيط,2992,330,99,231,0,متاح لدى المصدر,https://cdn.shopify.com/s/files/1/0935/9550/0847/files/Avrelle-Argan-JojobaAlmond-Hair-Oil-50ml.webp?v=1754299132,منتج زيت أفريل للشعر بزيت الأرغان والجوجوبا واللوز 50 مل من Avrelle. التصنيف المرجعي: العناية بالشعر — بسيط. الوسوم المرجعية: Anti-Frizz، Hair Care، Hair Concerns، Hair Oil.,https://alfouadpharmacies.com/en/products/avrelle-argan-jojoba-almond-hair-oil-50ml,AlFouad Pharmacies,Verify usage rights before commercial publication,غير مثبت,غير مثبت,مرجعي فقط — غير معتمد للنشر التجاري,بيانات مرجعية متاحة؛ يلزم تحقق PM,ضمن الفحص المبدئي
10569726427439,avrelle-vitamin-e-hair-oil-50ml,زيت أفريل للشعر بفيتامين E، 50 مل,Avrelle,العناية بالشعر,العناية بالشعر,1,بسيط,3002,330,99,231,0,متاح لدى المصدر,https://cdn.shopify.com/s/files/1/0935/9550/0847/files/Avrelle-Vitamin-E-Hair-Oil-50ml.webp?v=1754299130,منتج زيت أفريل للشعر بفيتامين E، 50 مل من Avrelle. التصنيف المرجعي: العناية بالشعر — بسيط. الوسوم المرجعية: Dry & Damadged Hair، Hair Care، Hair Concerns، Hair Oil.,https://alfouadpharmacies.com/en/products/avrelle-vitamin-e-hair-oil-50ml,AlFouad Pharmacies,Verify usage rights before commercial publication,غير مثبت,غير مثبت,مرجعي فقط — غير معتمد للنشر التجاري,بيانات مرجعية متاحة؛ يلزم تحقق PM,ضمن الفحص المبدئي
10569917595951,ogx-penetrating-oil-100ml-coconut-oil-miracle,زيت أو جي إكس المغذي 100 مل، زيت جوز الهند المعجزة,OGX,العناية بالشعر,العناية بالشعر,1,بسيط,11029,400,120,280,,غير متاح لدى المصدر,https://cdn.shopify.com/s/files/1/0935/9550/0847/files/Ogx-Penetrating-Oil-100ML-Coconut-Oil-Miracle.webp?v=1754297935,منتج زيت أو جي إكس المغذي 100 مل، زيت جوز الهند المعجزة من OGX. التصنيف المرجعي: العناية بالشعر — بسيط. الوسوم المرجعية: Anti-Frizz، Hair Care، Hair Concerns، Hair Oil.,https://alfouadpharmacies.com/en/products/ogx-penetrating-oil-100ml-coconut-oil-miracle,AlFouad Pharmacies,Verify usage rights before commercial publication,غير مثبت,غير مثبت,مرجعي فقط — غير معتمد للنشر التجاري,بيانات مرجعية متاحة؛ يلزم تحقق PM,ضمن الفحص المبدئي
10569830236463,olaplex-no7-bonding-oil-30ml,زيت أولابليكس رقم 7 لربط الروابط 30 مل ,OLAPLEX,العناية بالشعر,العناية بالشعر,1,بسيط,93360,2250,675,1575,,متاح لدى المصدر,https://cdn.shopify.com/s/files/1/0935/9550/0847/files/Olaplex-NO.7-Bonding-Oil-30ML-2.webp?v=1754298592,منتج زيت أولابليكس رقم 7 لربط الروابط 30 مل  من OLAPLEX. التصنيف المرجعي: العناية بالشعر — بسيط. الوسوم المرجعية: Anti-Frizz، Dry & Damadged Hair، Hair Care، Hair Concerns، Hair Oil، Weak & Thin.,https://alfouadpharmacies.com/en/products/olaplex-no7-bonding-oil-30ml,AlFouad Pharmacies,Verify usage rights before commercial publication,غير مثبت,غير مثبت,مرجعي فقط — غير معتمد للنشر التجاري,بيانات مرجعية متاحة؛ يلزم تحقق PM,ضمن الفحص المبدئي
10569728426287,eva-keratin-oil-replacement-dual-action-190ml,زيت إيفا الكيراتيني البديل ذو التأثير المزدوج 190 مل,AlFouad Pharmacies,العناية بالشعر,العناية بالشعر,1,بسيط,109197,100,30,70,,متاح لدى المصدر,https://cdn.shopify.com/s/files/1/0935/9550/0847/files/EVAKERATINOILREPLACEMENTDUALACTION.webp?v=1765180357,منتج زيت إيفا الكيراتيني البديل ذو التأثير المزدوج 190 مل من AlFouad Pharmacies. التصنيف المرجعي: العناية بالشعر — بسيط. الوسوم المرجعية: Anti-Frizz، Deep Repair، Dry & Damadged Hair، Hair Care، Hair Concerns، Hair Cream.,https://alfouadpharmacies.com/en/products/eva-keratin-oil-replacement-dual-action-190ml,AlFouad Pharmacies,Verify usage rights before commercial publication,غير مثبت,غير مثبت,مرجعي فقط — غير معتمد للنشر التجاري,بيانات مرجعية متاحة؛ يلزم تحقق PM,ضمن الفحص المبدئي
10569729081647,eva-hair-oil-170ml-aloe-vera,زيت إيفا للشعر 170 مل، الصبار,AlFouad Pharmacies,العناية بالشعر,العناية بالشعر,1,بسيط,12480,68,20.4,47.6,,غير متاح لدى المصدر,https://cdn.shopify.com/s/files/1/0935/9550/0847/files/Eva-Hair-Oil-255ml-Aloe-vera_d3d96b4f-8df5-41a0-9cc7-c285726f4b7a.webp?v=1754299082,منتج زيت إيفا للشعر 170 مل، الصبار من AlFouad Pharmacies. التصنيف المرجعي: العناية بالشعر — بسيط. الوسوم المرجعية: Dry & Damadged Hair، Hair Care، Hair Concerns، Hair Oil.,https://alfouadpharmacies.com/en/products/eva-hair-oil-170ml-aloe-vera,AlFouad Pharmacies,Verify usage rights before commercial publication,غير مثبت,غير مثبت,مرجعي فقط — غير معتمد للنشر التجاري,بيانات مرجعية متاحة؛ يلزم تحقق PM,ضمن الفحص المبدئي
10569728885039,eva-hair-oil-255ml-aloe-vera,زيت إيفا للشعر 255 مل، الصبار,AlFouad Pharmacies,العناية بالشعر,العناية بالشعر,1,بسيط,105557,85,25.5,59.5,,غير متاح لدى المصدر,https://cdn.shopify.com/s/files/1/0935/9550/0847/files/Eva-Hair-Oil-255ml-Aloe-vera.webp?v=1754299085,منتج زيت إيفا للشعر 255 مل، الصبار من AlFouad Pharmacies. التصنيف المرجعي: العناية بالشعر — بسيط. الوسوم المرجعية: Dry & Damadged Hair، Hair Care، Hair Concerns، Hair Oil.,https://alfouadpharmacies.com/en/products/eva-hair-oil-255ml-aloe-vera,AlFouad Pharmacies,Verify usage rights before commercial publication,غير مثبت,غير مثبت,مرجعي فقط — غير معتمد للنشر التجاري,بيانات مرجعية متاحة؛ يلزم تحقق PM,ضمن الفحص المبدئي
10570013868335,ogx-argan-oil-118ml-reviving-dry-oil,زيت الأرغان من أو جي إكس، 118 مل، زيت جاف لتجديد الحيوية,OGX,العناية بالشعر,العناية بالشعر,1,بسيط,28871,400,120,280,,غير متاح لدى المصدر,https://cdn.shopify.com/s/files/1/0935/9550/0847/files/Ogx-Argan-Oil-118ML-Reviving-Dry-Oil.webp?v=1754297025,منتج زيت الأرغان من أو جي إكس، 118 مل، زيت جاف لتجديد الحيوية من OGX. التصنيف المرجعي: العناية بالشعر — بسيط. الوسوم المرجعية: Hair Care، Hair Oil.,https://alfouadpharmacies.com/en/products/ogx-argan-oil-118ml-reviving-dry-oil,AlFouad Pharmacies,Verify usage rights before commercial publication,غير مثبت,غير مثبت,مرجعي فقط — غير معتمد للنشر التجاري,بيانات مرجعية متاحة؛ يلزم تحقق PM,ضمن الفحص المبدئي
16117949858095,زيت-الأركان-المغربي-من-كارسيل-لعلاج-الشعر,زيت الأركان المغربي من كارسيل لعلاج الشعر,korean product,العناية بالشعر,العناية بالشعر | الجمال الكوري,2,Hair Serum & Oil,114135,1300,390,910,,متاح لدى المصدر,https://cdn.shopify.com/s/files/1/0935/9550/0847/files/Karseell-Moroccan-Argan-Oil-for-Hair-Healing-8.webp?v=1786187148,منتج زيت الأركان المغربي من كارسيل لعلاج الشعر من korean product. التصنيف المرجعي: العناية بالشعر — Hair Serum & Oil. الوسوم المرجعية: Hair Care، Hair Concerns، Hair Oil.,https://alfouadpharmacies.com/en/products/زيت-الأركان-المغربي-من-كارسيل-لعلاج-الشعر,AlFouad Pharmacies,Verify usage rights before commercial publication,غير مثبت,غير مثبت,مرجعي فقط — غير معتمد للنشر التجاري,بيانات مرجعية متاحة؛ يلزم تحقق PM,ضمن الفحص المبدئي
10569729802543,infinity-naturals-sesame-hair-skin-nails-oil-125ml,زيت السمسم للشعر والبشرة والأظافر من إنفينيتي ناتشورالز 125 مل,AlFouad Pharmacies,العناية بالشعر,العناية بالشعر,1,بسيط,13119,150,45,105,,غير متاح لدى المصدر,https://cdn.shopify.com/s/files/1/0935/9550/0847/files/Infinity-Naturals-Sesame-Hair-Skin-Nails-Oil-125ml.webp?v=1754299072,منتج زيت السمسم للشعر والبشرة والأظافر من إنفينيتي ناتشورالز 125 مل من AlFouad Pharmacies. التصنيف المرجعي: العناية بالشعر — بسيط. الوسوم المرجعية: Dry & Damadged Hair، Hair Care، Hair Concerns، Hair Oil.,https://alfouadpharmacies.com/en/products/infinity-naturals-sesame-hair-skin-nails-oil-125ml,AlFouad Pharmacies,Verify usage rights before commercial publication,غير مثبت,غير مثبت,مرجعي فقط — غير معتمد للنشر التجاري,بيانات مرجعية متاحة؛ يلزم تحقق PM,ضمن الفحص المبدئي
10569731997999,strongville-hair-oil-200ml,زيت الشعر سترونجفيل 200 مل,Strongville,العناية بالشعر,العناية بالشعر,1,بسيط,5424,175,52.5,122.5,,متاح لدى المصدر,https://cdn.shopify.com/s/files/1/0935/9550/0847/files/Strongville-Hair-Oil-200ml.webp?v=1754299041,منتج زيت الشعر سترونجفيل 200 مل من Strongville. التصنيف المرجعي: العناية بالشعر — بسيط. الوسوم المرجعية: Hair Care، Hair Concerns، Hair Growth، Hair Oil، Strongville، Weak & Thin.,https://alfouadpharmacies.com/en/products/strongville-hair-oil-200ml,AlFouad Pharmacies,Verify usage rights before commercial publication,غير مثبت,غير مثبت,مرجعي فقط — غير معتمد للنشر التجاري,بيانات مرجعية متاحة؛ يلزم تحقق PM,ضمن الفحص المبدئي
10569923789103,sunsilk-hair-oil-250ml-coconut,زيت الشعر صن سيلك 250 مل جوز الهند,SUNSILK,العناية بالشعر,العناية بالشعر,1,بسيط,86841,95,28.5,66.5,,متاح لدى المصدر,https://cdn.shopify.com/s/files/1/0935/9550/0847/files/Sunsilk-Hair-Oil-250ML-Coconut.webp?v=1754297848,منتج زيت الشعر صن سيلك 250 مل جوز الهند من SUNSILK. التصنيف المرجعي: العناية بالشعر — بسيط. الوسوم المرجعية: Hair Care، Hair Concerns، Hair Oil، Weak & Thin.,https://alfouadpharmacies.com/en/products/sunsilk-hair-oil-250ml-coconut,AlFouad Pharmacies,Verify usage rights before commercial publication,غير مثبت,غير مثبت,مرجعي فقط — غير معتمد للنشر التجاري,بيانات مرجعية متاحة؛ يلزم تحقق PM,ضمن الفحص المبدئي
10569937355055,vatika-hair-oil-180ml-almond-off,زيت الشعر فاتيكا 180 مل اللوز بدون رائحة,AlFouad Pharmacies,العناية بالشعر,العناية بالشعر,1,بسيط,101962,39.75,11.93,27.83,,متاح لدى المصدر,https://cdn.shopify.com/s/files/1/0935/9550/0847/files/Vatika-Hair-Oil-180-ml-Almond-Off.webp?v=1754297770,منتج زيت الشعر فاتيكا 180 مل اللوز بدون رائحة من AlFouad Pharmacies. التصنيف المرجعي: العناية بالشعر — بسيط. الوسوم المرجعية: Hair Care، Hair Oil.,https://alfouadpharmacies.com/en/products/vatika-hair-oil-180ml-almond-off,AlFouad Pharmacies,Verify usage rights before commercial publication,غير مثبت,غير مثبت,مرجعي فقط — غير معتمد للنشر التجاري,بيانات مرجعية متاحة؛ يلزم تحقق PM,ضمن الفحص المبدئي
10569937748271,vatika-hair-oil-180ml-olive-oil,زيت الشعر فاتيكا 180 مل بزيت الزيتون,AlFouad Pharmacies,العناية بالشعر,العناية بالشعر,1,بسيط,80177,15,4.5,10.5,,غير متاح لدى المصدر,https://cdn.shopify.com/s/files/1/0935/9550/0847/files/Vatika-Hair-Oil-180-ml-Olive-Oil.webp?v=1754297768,منتج زيت الشعر فاتيكا 180 مل بزيت الزيتون من AlFouad Pharmacies. التصنيف المرجعي: العناية بالشعر — بسيط. الوسوم المرجعية: Hair Care، Hair Oil.,https://alfouadpharmacies.com/en/products/vatika-hair-oil-180ml-olive-oil,AlFouad Pharmacies,Verify usage rights before commercial publication,غير مثبت,غير مثبت,مرجعي فقط — غير معتمد للنشر التجاري,بيانات مرجعية متاحة؛ يلزم تحقق PM,ضمن الفحص المبدئي
10569937486127,vatika-hair-oil-180ml-aloe-vera-off,زيت الشعر فاتيكا 180 مل، بدون الصبار.,AlFouad Pharmacies,العناية بالشعر,العناية بالشعر,1,بسيط,87239,42.5,12.75,29.75,,متاح لدى المصدر,https://cdn.shopify.com/s/files/1/0935/9550/0847/files/Vatika-Hair-Oil-180-ml-Aloe-vera-Off.webp?v=1754297770,منتج زيت الشعر فاتيكا 180 مل، بدون الصبار. من AlFouad Pharmacies. التصنيف المرجعي: العناية بالشعر — بسيط. الوسوم المرجعية: Hair Care، Hair Oil.,https://alfouadpharmacies.com/en/products/vatika-hair-oil-180ml-aloe-vera-off,AlFouad Pharmacies,Verify usage rights before commercial publication,غير مثبت,غير مثبت,مرجعي فقط — غير معتمد للنشر التجاري,بيانات مرجعية متاحة؛ يلزم تحقق PM,ضمن الفحص المبدئي
10569937944879,vatika-hair-oil-180ml-watercress-off,زيت الشعر فاتيكا 180 مل، بدون كراث مائي.,AlFouad Pharmacies,العناية بالشعر,العناية بالشعر,1,بسيط,28943,47,14.1,32.9,,متاح لدى المصدر,https://cdn.shopify.com/s/files/1/0935/9550/0847/files/Vatika-Hair-Oil-180-ml-Watercress-Off.webp?v=1754297768,منتج زيت الشعر فاتيكا 180 مل، بدون كراث مائي. من AlFouad Pharmacies. التصنيف المرجعي: العناية بالشعر — بسيط. الوسوم المرجعية: Hair Care، Hair Oil.,https://alfouadpharmacies.com/en/products/vatika-hair-oil-180ml-watercress-off,AlFouad Pharmacies,Verify usage rights before commercial publication,غير مثبت,غير مثبت,مرجعي فقط — غير معتمد للنشر التجاري,بيانات مرجعية متاحة؛ يلزم تحقق PM,ضمن الفحص المبدئي
10569937912111,vatika-hair-oil-180ml-olive-oil-off,زيت الشعر فاتيكا 180 مل، زيت زيتون، عرض خاص.,AlFouad Pharmacies,العناية بالشعر,العناية بالشعر,1,بسيط,24305,47,14.1,32.9,,متاح لدى المصدر,https://cdn.shopify.com/s/files/1/0935/9550/0847/files/Vatika-Hair-Oil-180-ml-Olive-Oil-Off.webp?v=1754297768,منتج زيت الشعر فاتيكا 180 مل، زيت زيتون، عرض خاص. من AlFouad Pharmacies. التصنيف المرجعي: العناية بالشعر — بسيط. الوسوم المرجعية: Hair Care، Hair Oil.,https://alfouadpharmacies.com/en/products/vatika-hair-oil-180ml-olive-oil-off,AlFouad Pharmacies,Verify usage rights before commercial publication,غير مثبت,غير مثبت,مرجعي فقط — غير معتمد للنشر التجاري,بيانات مرجعية متاحة؛ يلزم تحقق PM,ضمن الفحص المبدئي
10569937617199,vatika-hair-oil-180ml-coconut-off,زيت الشعر فاتيكا 180 مل، نكهة جوز الهند,AlFouad Pharmacies,العناية بالشعر,العناية بالشعر,1,بسيط,17701,47,14.1,32.9,,متاح لدى المصدر,https://cdn.shopify.com/s/files/1/0935/9550/0847/files/Vatika-Hair-Oil-180-ml-Coconut-Off.webp?v=1754297769,منتج زيت الشعر فاتيكا 180 مل، نكهة جوز الهند من AlFouad Pharmacies. التصنيف المرجعي: العناية بالشعر — بسيط. الوسوم المرجعية: Hair Care، Hair Oil.,https://alfouadpharmacies.com/en/products/vatika-hair-oil-180ml-coconut-off,AlFouad Pharmacies,Verify usage rights before commercial publication,غير مثبت,غير مثبت,مرجعي فقط — غير معتمد للنشر التجاري,بيانات مرجعية متاحة؛ يلزم تحقق PM,ضمن الفحص المبدئي
10569938207023,vatika-hair-oil-45ml-olive,زيت الشعر فاتيكا 45 مل زيت زيتون,AlFouad Pharmacies,العناية بالشعر,العناية بالشعر,1,بسيط,31531,10,3,7,,غير متاح لدى المصدر,https://cdn.shopify.com/s/files/1/0935/9550/0847/files/Vatika-Hair-Oil-45-ml-Olive.webp?v=1754297766,منتج زيت الشعر فاتيكا 45 مل زيت زيتون من AlFouad Pharmacies. التصنيف المرجعي: العناية بالشعر — بسيط. الوسوم المرجعية: Hair Care، Hair Oil.,https://alfouadpharmacies.com/en/products/vatika-hair-oil-45ml-olive,AlFouad Pharmacies,Verify usage rights before commercial publication,غير مثبت,غير مثبت,مرجعي فقط — غير معتمد للنشر التجاري,بيانات مرجعية متاحة؛ يلزم تحقق PM,ضمن الفحص المبدئي
10569938010415,vatika-hair-oil-45ml-alo-vera-amp-cactus,زيت الشعر فاتيكا 45 مل، الصبار والصبار الشوكي,AlFouad Pharmacies,العناية بالشعر,العناية بالشعر,1,بسيط,31527,10,3,7,,غير متاح لدى المصدر,https://cdn.shopify.com/s/files/1/0935/9550/0847/files/Vatika-Hair-Oil-45-ml-Alo-Vera-Cactus.webp?v=1754297767,منتج زيت الشعر فاتيكا 45 مل، الصبار والصبار الشوكي من AlFouad Pharmacies. التصنيف المرجعي: العناية بالشعر — بسيط. الوسوم المرجعية: Hair Care، Hair Oil.,https://alfouadpharmacies.com/en/products/vatika-hair-oil-45ml-alo-vera-amp-cactus,AlFouad Pharmacies,Verify usage rights before commercial publication,غير مثبت,غير مثبت,مرجعي فقط — غير معتمد للنشر التجاري,بيانات مرجعية متاحة؛ يلزم تحقق PM,ضمن الفحص المبدئي
10569938272559,vatika-hair-oil-45ml-watercress,زيت الشعر فاتيكا 45 مل، نوع الخردل المائي,AlFouad Pharmacies,العناية بالشعر,العناية بالشعر,1,بسيط,103548,10,3,7,,غير متاح لدى المصدر,https://cdn.shopify.com/s/files/1/0935/9550/0847/files/Vatika-Hair-Oil-45-ml-Watercress.webp?v=1754297765,منتج زيت الشعر فاتيكا 45 مل، نوع الخردل المائي من AlFouad Pharmacies. التصنيف المرجعي: العناية بالشعر — بسيط. الوسوم المرجعية: Hair Care، Hair Oil.,https://alfouadpharmacies.com/en/products/vatika-hair-oil-45ml-watercress,AlFouad Pharmacies,Verify usage rights before commercial publication,غير مثبت,غير مثبت,مرجعي فقط — غير معتمد للنشر التجاري,بيانات مرجعية متاحة؛ يلزم تحقق PM,ضمن الفحص المبدئي
10569938338095,vatika-hair-oil-90ml-almond-off,زيت الشعر فاتيكا 90 مل اللوز بدون رائحة,AlFouad Pharmacies,العناية بالشعر,العناية بالشعر,1,بسيط,93390,23.5,7.05,16.45,,غير متاح لدى المصدر,https://cdn.shopify.com/s/files/1/0935/9550/0847/files/Vatika-Hair-Oil-90-ml-Almond-Off.webp?v=1754297765,منتج زيت الشعر فاتيكا 90 مل اللوز بدون رائحة من AlFouad Pharmacies. التصنيف المرجعي: العناية بالشعر — بسيط. الوسوم المرجعية: Hair Care، Hair Oil.,https://alfouadpharmacies.com/en/products/vatika-hair-oil-90ml-almond-off,AlFouad Pharmacies,Verify usage rights before commercial publication,غير مثبت,غير مثبت,مرجعي فقط — غير معتمد للنشر التجاري,بيانات مرجعية متاحة؛ يلزم تحقق PM,ضمن الفحص المبدئي
10569938534703,vatika-hair-oil-90ml-cactus-off,زيت الشعر فاتيكا 90 مل، بدون الصبار.,AlFouad Pharmacies,العناية بالشعر,العناية بالشعر,1,بسيط,10043,23.5,7.05,16.45,,متاح لدى المصدر,https://cdn.shopify.com/s/files/1/0935/9550/0847/files/Vatika-Hair-Oil-90-ml-Cactus-Off.webp?v=1754297762,منتج زيت الشعر فاتيكا 90 مل، بدون الصبار. من AlFouad Pharmacies. التصنيف المرجعي: العناية بالشعر — بسيط. الوسوم المرجعية: Hair Care، Hair Oil.,https://alfouadpharmacies.com/en/products/vatika-hair-oil-90ml-cactus-off,AlFouad Pharmacies,Verify usage rights before commercial publication,غير مثبت,غير مثبت,مرجعي فقط — غير معتمد للنشر التجاري,بيانات مرجعية متاحة؛ يلزم تحقق PM,ضمن الفحص المبدئي
10569938403631,vatika-hair-oil-90ml-aloe-vera-off,زيت الشعر فاتيكا 90 مل، بدون الصبار.,AlFouad Pharmacies,العناية بالشعر,العناية بالشعر,1,بسيط,24373,23.5,7.05,16.45,,متاح لدى المصدر,https://cdn.shopify.com/s/files/1/0935/9550/0847/files/Vatika-Hair-Oil-90-ml-Aloe-vera-Off.webp?v=1754297764,منتج زيت الشعر فاتيكا 90 مل، بدون الصبار. من AlFouad Pharmacies. التصنيف المرجعي: العناية بالشعر — بسيط. الوسوم المرجعية: Hair Care، Hair Oil.,https://alfouadpharmacies.com/en/products/vatika-hair-oil-90ml-aloe-vera-off,AlFouad Pharmacies,Verify usage rights before commercial publication,غير مثبت,غير مثبت,مرجعي فقط — غير معتمد للنشر التجاري,بيانات مرجعية متاحة؛ يلزم تحقق PM,ضمن الفحص المبدئي
10569938731311,vatika-hair-oil-90ml-coconut-off,زيت الشعر فاتيكا 90 مل، بدون جوز الهند,AlFouad Pharmacies,العناية بالشعر,العناية بالشعر,1,بسيط,24311,23.5,7.05,16.45,,متاح لدى المصدر,https://cdn.shopify.com/s/files/1/0935/9550/0847/files/Vatika-Hair-Oil-90-ml-Coconut-Off.webp?v=1754297761,منتج زيت الشعر فاتيكا 90 مل، بدون جوز الهند من AlFouad Pharmacies. التصنيف المرجعي: العناية بالشعر — بسيط. الوسوم المرجعية: Hair Care، Hair Oil.,https://alfouadpharmacies.com/en/products/vatika-hair-oil-90ml-coconut-off,AlFouad Pharmacies,Verify usage rights before commercial publication,غير مثبت,غير مثبت,مرجعي فقط — غير معتمد للنشر التجاري,بيانات مرجعية متاحة؛ يلزم تحقق PM,ضمن الفحص المبدئي
10569938764079,vatika-hair-oil-90ml-watercress-off,زيت الشعر فاتيكا 90 مل، بدون كراث مائي.,AlFouad Pharmacies,العناية بالشعر,العناية بالشعر,1,بسيط,98116,23.5,7.05,16.45,,متاح لدى المصدر,https://cdn.shopify.com/s/files/1/0935/9550/0847/files/Vatika-Hair-Oil-90-ml-Watercress-Off.webp?v=1754297760,منتج زيت الشعر فاتيكا 90 مل، بدون كراث مائي. من AlFouad Pharmacies. التصنيف المرجعي: العناية بالشعر — بسيط. الوسوم المرجعية: Hair Care، Hair Oil.,https://alfouadpharmacies.com/en/products/vatika-hair-oil-90ml-watercress-off,AlFouad Pharmacies,Verify usage rights before commercial publication,غير مثبت,غير مثبت,مرجعي فقط — غير معتمد للنشر التجاري,بيانات مرجعية متاحة؛ يلزم تحقق PM,ضمن الفحص المبدئي
10569938862383,vatika-hair-oil-90ml-olive-oil-off,زيت الشعر فاتيكا 90 مل، زيت زيتون، عرض خاص.,AlFouad Pharmacies,العناية بالشعر,العناية بالشعر,1,بسيط,27682,23.5,7.05,16.45,,متاح لدى المصدر,https://cdn.shopify.com/s/files/1/0935/9550/0847/files/Vatika-Hair-Oil-90ML-Olive-Oil-Off.webp?v=1754297759,منتج زيت الشعر فاتيكا 90 مل، زيت زيتون، عرض خاص. من AlFouad Pharmacies. التصنيف المرجعي: العناية بالشعر — بسيط. الوسوم المرجعية: Hair Care، Hair Oil.,https://alfouadpharmacies.com/en/products/vatika-hair-oil-90ml-olive-oil-off,AlFouad Pharmacies,Verify usage rights before commercial publication,غير مثبت,غير مثبت,مرجعي فقط — غير معتمد للنشر التجاري,بيانات مرجعية متاحة؛ يلزم تحقق PM,ضمن الفحص المبدئي
10569938829615,vatika-hair-oil-90ml-mink-off,زيت الشعر فاتيكا 90 مل، لون أسود (مِنك أوف),AlFouad Pharmacies,العناية بالشعر,العناية بالشعر,1,بسيط,10605,23.5,7.05,16.45,,متاح لدى المصدر,https://cdn.shopify.com/s/files/1/0935/9550/0847/files/Vatika-Hair-Oil-90ML-Mink-Off.webp?v=1754297759,منتج زيت الشعر فاتيكا 90 مل، لون أسود (مِنك أوف) من AlFouad Pharmacies. التصنيف المرجعي: العناية بالشعر — بسيط. الوسوم المرجعية: Hair Care، Hair Oil.,https://alfouadpharmacies.com/en/products/vatika-hair-oil-90ml-mink-off,AlFouad Pharmacies,Verify usage rights before commercial publication,غير مثبت,غير مثبت,مرجعي فقط — غير معتمد للنشر التجاري,بيانات مرجعية متاحة؛ يلزم تحقق PM,ضمن الفحص المبدئي
10569938043183,vatika-hair-oil-45ml-coconut,زيت الشعر فايتيكا 45 مل جوز الهند,AlFouad Pharmacies,العناية بالشعر,العناية بالشعر,1,بسيط,31419,10,3,7,,غير متاح لدى المصدر,https://cdn.shopify.com/s/files/1/0935/9550/0847/files/Vatika-Hair-Oil-45-ml-Coconut.webp?v=1754297767,منتج زيت الشعر فايتيكا 45 مل جوز الهند من AlFouad Pharmacies. التصنيف المرجعي: العناية بالشعر — بسيط. الوسوم المرجعية: Hair Care، Hair Oil.,https://alfouadpharmacies.com/en/products/vatika-hair-oil-45ml-coconut,AlFouad Pharmacies,Verify usage rights before commercial publication,غير مثبت,غير مثبت,مرجعي فقط — غير معتمد للنشر التجاري,بيانات مرجعية متاحة؛ يلزم تحقق PM,ضمن الفحص المبدئي
10569938600239,vatika-hair-oil-90ml-coconut,زيت الشعر فايتيكا 90 مل جوز الهند,AlFouad Pharmacies,العناية بالشعر,العناية بالشعر,1,بسيط,87377,21,6.3,14.7,,غير متاح لدى المصدر,https://cdn.shopify.com/s/files/1/0935/9550/0847/files/Vatika-Hair-Oil-90-ml-Coconut.webp?v=1754297762,منتج زيت الشعر فايتيكا 90 مل جوز الهند من AlFouad Pharmacies. التصنيف المرجعي: العناية بالشعر — بسيط. الوسوم المرجعية: Hair Care، Hair Oil.,https://alfouadpharmacies.com/en/products/vatika-hair-oil-90ml-coconut,AlFouad Pharmacies,Verify usage rights before commercial publication,غير مثبت,غير مثبت,مرجعي فقط — غير معتمد للنشر التجاري,بيانات مرجعية متاحة؛ يلزم تحقق PM,ضمن الفحص المبدئي
10569938469167,vatika-hair-oil-90ml-argan-off,زيت الشعر فايتيكا 90 مل، زيت الأرغان,AlFouad Pharmacies,العناية بالشعر,العناية بالشعر,1,بسيط,6525,23.5,7.05,16.45,,متاح لدى المصدر,https://cdn.shopify.com/s/files/1/0935/9550/0847/files/Vatika-Hair-Oil-90-ml-Argan-Off.webp?v=1754297763,منتج زيت الشعر فايتيكا 90 مل، زيت الأرغان من AlFouad Pharmacies. التصنيف المرجعي: العناية بالشعر — بسيط. الوسوم المرجعية: Hair Care، Hair Oil.,https://alfouadpharmacies.com/en/products/vatika-hair-oil-90ml-argan-off,AlFouad Pharmacies,Verify usage rights before commercial publication,غير مثبت,غير مثبت,مرجعي فقط — غير معتمد للنشر التجاري,بيانات مرجعية متاحة؛ يلزم تحقق PM,ضمن الفحص المبدئي
10569937584431,vatika-hair-oil-180ml-black-seed-off,زيت الشعر فتيکا 180 مل، بدون بذور الكتان السوداء,AlFouad Pharmacies,العناية بالشعر,العناية بالشعر,1,بسيط,11042,39.75,11.93,27.83,,غير متاح لدى المصدر,https://cdn.shopify.com/s/files/1/0935/9550/0847/files/Vatika-Hair-Oil-180-ml-Black-Seed-Off.webp?v=1754297769,منتج زيت الشعر فتيکا 180 مل، بدون بذور الكتان السوداء من AlFouad Pharmacies. التصنيف المرجعي: العناية بالشعر — بسيط. الوسوم المرجعية: Hair Care، Hair Oil.,https://alfouadpharmacies.com/en/products/vatika-hair-oil-180ml-black-seed-off,AlFouad Pharmacies,Verify usage rights before commercial publication,غير مثبت,غير مثبت,مرجعي فقط — غير معتمد للنشر التجاري,بيانات مرجعية متاحة؛ يلزم تحقق PM,ضمن الفحص المبدئي
10569902227759,loreal-elvive-extraord-hair-oil-100ml,زيت الشعر لوريال إلكفيف إكستراورديناري 100 مل,LOREAL PCD,العناية بالشعر,العناية بالشعر,1,بسيط,22447,550,165,385,,متاح لدى المصدر,https://cdn.shopify.com/s/files/1/0935/9550/0847/files/Loreal-Elvive-Extraord-Hair-Oil-100ML.webp?v=1754298105,منتج زيت الشعر لوريال إلكفيف إكستراورديناري 100 مل من LOREAL PCD. التصنيف المرجعي: العناية بالشعر — بسيط. الوسوم المرجعية: Dry & Damadged Hair، Hair Care، Hair Concerns، Hair Serum.,https://alfouadpharmacies.com/en/products/loreal-elvive-extraord-hair-oil-100ml,AlFouad Pharmacies,Verify usage rights before commercial publication,غير مثبت,غير مثبت,مرجعي فقط — غير معتمد للنشر التجاري,بيانات مرجعية متاحة؛ يلزم تحقق PM,ضمن الفحص المبدئي
10569730883887,raw-african-grape-seed-oil-75ml,زيت بذور العنب الأفريقي الخام 75 مل,RAW AFRICAN,العناية بالشعر,العناية بالشعر,1,بسيط,109556,150,45,105,,متاح لدى المصدر,https://cdn.shopify.com/s/files/1/0935/9550/0847/files/Raw-African-Grape-Seed-Oil-75ml.webp?v=1754299055,منتج زيت بذور العنب الأفريقي الخام 75 مل من RAW AFRICAN. التصنيف المرجعي: العناية بالشعر — بسيط. الوسوم المرجعية: Hair Care، Hair Oil.,https://alfouadpharmacies.com/en/products/raw-african-grape-seed-oil-75ml,AlFouad Pharmacies,Verify usage rights before commercial publication,غير مثبت,غير مثبت,مرجعي فقط — غير معتمد للنشر التجاري,بيانات مرجعية متاحة؛ يلزم تحقق PM,ضمن الفحص المبدئي
10569732751663,tola-hair-oil-replacement-150ml-11-off,زيت تولا للشعر، بديل الزيت، 150 مل، عرض 1+1,AlFouad Pharmacies,العناية بالشعر,العناية بالشعر,1,بسيط,6967,349,104.7,244.3,,غير متاح لدى المصدر,https://cdn.shopify.com/s/files/1/0935/9550/0847/files/Tola-Hair-Oil-Replacement-150ml-11-Off.webp?v=1754299027,منتج زيت تولا للشعر، بديل الزيت، 150 مل، عرض 1+1 من AlFouad Pharmacies. التصنيف المرجعي: العناية بالشعر — بسيط. الوسوم المرجعية: Anti-Frizz، Hair Care، Hair Concerns، Hair Cream، Hair Offers.,https://alfouadpharmacies.com/en/products/tola-hair-oil-replacement-150ml-11-off,AlFouad Pharmacies,Verify usage rights before commercial publication,غير مثبت,غير مثبت,مرجعي فقط — غير معتمد للنشر التجاري,بيانات مرجعية متاحة؛ يلزم تحقق PM,ضمن الفحص المبدئي
12689794072879,raw-african-jojoba-oil-75ml,زيت جوجوبا أفريقي خام 75 مل,RAW AFRICAN,العناية بالشعر,العناية بالشعر,1,بسيط,108497,170,51,119,,متاح لدى المصدر,https://cdn.shopify.com/s/files/1/0935/9550/0847/files/raw_african_jojoba_oil_1615x1615_white_bg.webp?v=1771758184,منتج زيت جوجوبا أفريقي خام 75 مل من RAW AFRICAN. التصنيف المرجعي: العناية بالشعر — بسيط. الوسوم المرجعية: Hair Care، Hair Concerns، Hair Growth، Hair Oil.,https://alfouadpharmacies.com/en/products/raw-african-jojoba-oil-75ml,AlFouad Pharmacies,Verify usage rights before commercial publication,غير مثبت,غير مثبت,مرجعي فقط — غير معتمد للنشر التجاري,بيانات مرجعية متاحة؛ يلزم تحقق PM,ضمن الفحص المبدئي
12689794203951,raw-african-coconut-oil-200ml,زيت جوز الهند الأفريقي الخام 200 مل,RAW AFRICAN,العناية بالشعر,العناية بالشعر,1,بسيط,108500,195,58.5,136.5,,متاح لدى المصدر,https://cdn.shopify.com/s/files/1/0935/9550/0847/files/raw_african_coconut_oil_1615x1615_white_bg.webp?v=1771757913,منتج زيت جوز الهند الأفريقي الخام 200 مل من RAW AFRICAN. التصنيف المرجعي: العناية بالشعر — بسيط. الوسوم المرجعية: Hair Care، Hair Concerns، Hair Growth، Hair Oil.,https://alfouadpharmacies.com/en/products/raw-african-coconut-oil-200ml,AlFouad Pharmacies,Verify usage rights before commercial publication,غير مثبت,غير مثبت,مرجعي فقط — غير معتمد للنشر التجاري,بيانات مرجعية متاحة؛ يلزم تحقق PM,ضمن الفحص المبدئي
10569918906671,parachute-coconut-oil-thickampstrong-200ml,زيت جوز الهند باراشوت لتكثيف الشعر وتقويته 200 مل,AlFouad Pharmacies,العناية بالشعر,العناية بالشعر,1,بسيط,108952,150,45,105,,غير متاح لدى المصدر,https://cdn.shopify.com/s/files/1/0935/9550/0847/files/Parachute-Coconut-Oil-ThickStrong-200ML.webp?v=1754297920,منتج زيت جوز الهند باراشوت لتكثيف الشعر وتقويته 200 مل من AlFouad Pharmacies. التصنيف المرجعي: العناية بالشعر — بسيط. الوسوم المرجعية: Anti-Frizz، Hair Care، Hair Concerns، Hair Oil.,https://alfouadpharmacies.com/en/products/parachute-coconut-oil-thickampstrong-200ml,AlFouad Pharmacies,Verify usage rights before commercial publication,غير مثبت,غير مثبت,مرجعي فقط — غير معتمد للنشر التجاري,بيانات مرجعية متاحة؛ يلزم تحقق PM,ضمن الفحص المبدئي
10569845309743,dabur-amla-hair-oil-200ml-10-off,زيت دابر أملا للشعر 180 مل، خصم 10%,AlFouad Pharmacies,العناية بالشعر,العناية بالشعر,1,بسيط,5182,100,30,70,,متاح لدى المصدر,https://cdn.shopify.com/s/files/1/0935/9550/0847/files/Dabur-Amla-Hair-Oil-200ML-10-Off.webp?v=1754298482,منتج زيت دابر أملا للشعر 180 مل، خصم 10% من AlFouad Pharmacies. التصنيف المرجعي: العناية بالشعر — بسيط. الوسوم المرجعية: Anti-Frizz، Hair Care، Hair Concerns، Hair Oil.,https://alfouadpharmacies.com/en/products/dabur-amla-hair-oil-200ml-10-off,AlFouad Pharmacies,Verify usage rights before commercial publication,غير مثبت,غير مثبت,مرجعي فقط — غير معتمد للنشر التجاري,بيانات مرجعية متاحة؛ يلزم تحقق PM,ضمن الفحص المبدئي
10569844719919,dabur-amla-gold-hair-oil-100ml-10-off,زيت دابور أملا جولد للشعر 100 مل، خصم 10%,AlFouad Pharmacies,العناية بالشعر,العناية بالشعر,1,بسيط,9018,59,17.7,41.3,,متاح لدى المصدر,https://cdn.shopify.com/s/files/1/0935/9550/0847/files/Dabur-Amla-Gold-Hair-Oil-100ML-10-Off.webp?v=1754298487,منتج زيت دابور أملا جولد للشعر 100 مل، خصم 10% من AlFouad Pharmacies. التصنيف المرجعي: العناية بالشعر — بسيط. الوسوم المرجعية: Anti-Frizz، Hair Care، Hair Concerns، Hair Oil.,https://alfouadpharmacies.com/en/products/dabur-amla-gold-hair-oil-100ml-10-off,AlFouad Pharmacies,Verify usage rights before commercial publication,غير مثبت,غير مثبت,مرجعي فقط — غير معتمد للنشر التجاري,بيانات مرجعية متاحة؛ يلزم تحقق PM,ضمن الفحص المبدئي
10569844785455,dabur-amla-gold-hair-oil-180ml,زيت دابور أملا جولد للشعر 180 مل,AlFouad Pharmacies,العناية بالشعر,العناية بالشعر,1,بسيط,31655,24.5,7.35,17.15,,غير متاح لدى المصدر,https://cdn.shopify.com/s/files/1/0935/9550/0847/files/Dabur-Amla-Gold-Hair-Oil-180ML.webp?v=1754298487,منتج زيت دابور أملا جولد للشعر 180 مل من AlFouad Pharmacies. التصنيف المرجعي: العناية بالشعر — بسيط. الوسوم المرجعية: Anti-Frizz، Hair Care، Hair Concerns، Hair Oil.,https://alfouadpharmacies.com/en/products/dabur-amla-gold-hair-oil-180ml,AlFouad Pharmacies,Verify usage rights before commercial publication,غير مثبت,غير مثبت,مرجعي فقط — غير معتمد للنشر التجاري,بيانات مرجعية متاحة؛ يلزم تحقق PM,ضمن الفحص المبدئي
10569844850991,dabur-amla-gold-hair-oil-200ml-10-off,زيت دابور أملا جولد للشعر 200 مل، خصم 10%,AlFouad Pharmacies,العناية بالشعر,العناية بالشعر,1,بسيط,17123,79,23.7,55.3,,غير متاح لدى المصدر,https://cdn.shopify.com/s/files/1/0935/9550/0847/files/Dabur-Amla-Gold-Hair-Oil-200ML-10-Off.webp?v=1754298486,منتج زيت دابور أملا جولد للشعر 200 مل، خصم 10% من AlFouad Pharmacies. التصنيف المرجعي: العناية بالشعر — بسيط. الوسوم المرجعية: Anti-Frizz، Hair Care، Hair Concerns، Hair Oil.,https://alfouadpharmacies.com/en/products/dabur-amla-gold-hair-oil-200ml-10-off,AlFouad Pharmacies,Verify usage rights before commercial publication,غير مثبت,غير مثبت,مرجعي فقط — غير معتمد للنشر التجاري,بيانات مرجعية متاحة؛ يلزم تحقق PM,ضمن الفحص المبدئي
10569844916527,dabur-amla-gold-hair-oil-50ml-10-off,زيت دابور أملا جولد للشعر 50 مل، خصم 10%,AlFouad Pharmacies,العناية بالشعر,العناية بالشعر,1,بسيط,11435,31,9.3,21.7,,متاح لدى المصدر,https://cdn.shopify.com/s/files/1/0935/9550/0847/files/Dabur-Amla-Gold-Hair-Oil-50ML-10-Off.webp?v=1754298486,منتج زيت دابور أملا جولد للشعر 50 مل، خصم 10% من AlFouad Pharmacies. التصنيف المرجعي: العناية بالشعر — بسيط. الوسوم المرجعية: Anti-Frizz، Hair Care، Hair Concerns، Hair Oil.,https://alfouadpharmacies.com/en/products/dabur-amla-gold-hair-oil-50ml-10-off,AlFouad Pharmacies,Verify usage rights before commercial publication,غير مثبت,غير مثبت,مرجعي فقط — غير معتمد للنشر التجاري,بيانات مرجعية متاحة؛ يلزم تحقق PM,ضمن الفحص المبدئي
10569845145903,dabur-amla-hair-oil-100ml,زيت دابور أملا للشعر 100 مل,AlFouad Pharmacies,العناية بالشعر,العناية بالشعر,1,بسيط,5181,55,16.5,38.5,,غير متاح لدى المصدر,https://cdn.shopify.com/s/files/1/0935/9550/0847/files/Dabur-Amla-Hair-Oil-100ML.webp?v=1754298484,منتج زيت دابور أملا للشعر 100 مل من AlFouad Pharmacies. التصنيف المرجعي: العناية بالشعر — بسيط. الوسوم المرجعية: Anti-Frizz، Hair Care، Hair Concerns، Hair Oil.,https://alfouadpharmacies.com/en/products/dabur-amla-hair-oil-100ml,AlFouad Pharmacies,Verify usage rights before commercial publication,غير مثبت,غير مثبت,مرجعي فقط — غير معتمد للنشر التجاري,بيانات مرجعية متاحة؛ يلزم تحقق PM,ضمن الفحص المبدئي
10569845178671,dabur-amla-hair-oil-100ml-10-off,زيت دابور أملا للشعر 100 مل، خصم 10%,AlFouad Pharmacies,العناية بالشعر,العناية بالشعر,1,بسيط,17353,50,15,35,,متاح لدى المصدر,https://cdn.shopify.com/s/files/1/0935/9550/0847/files/Dabur-Amla-Hair-Oil-100ML-10-Off.webp?v=1754298483,منتج زيت دابور أملا للشعر 100 مل، خصم 10% من AlFouad Pharmacies. التصنيف المرجعي: العناية بالشعر — بسيط. الوسوم المرجعية: Anti-Frizz، Hair Care، Hair Concerns، Hair Oil.,https://alfouadpharmacies.com/en/products/dabur-amla-hair-oil-100ml-10-off,AlFouad Pharmacies,Verify usage rights before commercial publication,غير مثبت,غير مثبت,مرجعي فقط — غير معتمد للنشر التجاري,بيانات مرجعية متاحة؛ يلزم تحقق PM,ضمن الفحص المبدئي
10569845276975,dabur-amla-hair-oil-100ml-jasmin-10-off,زيت دابور أملا للشعر 100 مل، خصم 10%,AlFouad Pharmacies,العناية بالشعر,العناية بالشعر,1,بسيط,96299,59,17.7,41.3,,متاح لدى المصدر,https://cdn.shopify.com/s/files/1/0935/9550/0847/files/Dabur-Amla-Hair-Oil-100ML-Jasmin-10-Off.webp?v=1754298483,منتج زيت دابور أملا للشعر 100 مل، خصم 10% من AlFouad Pharmacies. التصنيف المرجعي: العناية بالشعر — بسيط. الوسوم المرجعية: Anti-Frizz، Hair Care، Hair Concerns، Hair Oil.,https://alfouadpharmacies.com/en/products/dabur-amla-hair-oil-100ml-jasmin-10-off,AlFouad Pharmacies,Verify usage rights before commercial publication,غير مثبت,غير مثبت,مرجعي فقط — غير معتمد للنشر التجاري,بيانات مرجعية متاحة؛ يلزم تحقق PM,ضمن الفحص المبدئي
10569845506351,dabur-amla-hair-oil-200ml-jasmin-10-off,زيت دابور أملا للشعر 200 مل، خصم 10%,AlFouad Pharmacies,العناية بالشعر,العناية بالشعر,1,بسيط,97097,91,27.3,63.7,,متاح لدى المصدر,https://cdn.shopify.com/s/files/1/0935/9550/0847/files/Dabur-Amla-Hair-Oil-200ML-Jasmin-10-Off.webp?v=1754298481,منتج زيت دابور أملا للشعر 200 مل، خصم 10% من AlFouad Pharmacies. التصنيف المرجعي: العناية بالشعر — بسيط. الوسوم المرجعية: Anti-Frizz، Hair Care، Hair Concerns، Hair Oil.,https://alfouadpharmacies.com/en/products/dabur-amla-hair-oil-200ml-jasmin-10-off,AlFouad Pharmacies,Verify usage rights before commercial publication,غير مثبت,غير مثبت,مرجعي فقط — غير معتمد للنشر التجاري,بيانات مرجعية متاحة؛ يلزم تحقق PM,ضمن الفحص المبدئي
10569845637423,dabur-amla-hair-oil-300ml-10-off,زيت دابور أملا للشعر 300 مل، خصم 10%,AlFouad Pharmacies,العناية بالشعر,العناية بالشعر,1,بسيط,101221,130,39,91,,متاح لدى المصدر,https://cdn.shopify.com/s/files/1/0935/9550/0847/files/Dabur-Amla-Hair-Oil-300ML-10-Off.webp?v=1754298481,منتج زيت دابور أملا للشعر 300 مل، خصم 10% من AlFouad Pharmacies. التصنيف المرجعي: العناية بالشعر — بسيط. الوسوم المرجعية: Anti-Frizz، Hair Care، Hair Concerns، Hair Oil.,https://alfouadpharmacies.com/en/products/dabur-amla-hair-oil-300ml-10-off,AlFouad Pharmacies,Verify usage rights before commercial publication,غير مثبت,غير مثبت,مرجعي فقط — غير معتمد للنشر التجاري,بيانات مرجعية متاحة؛ يلزم تحقق PM,ضمن الفحص المبدئي
10569845768495,dabur-amla-hair-oil-50ml-10-off,زيت دابور أملا للشعر 50 مل، خصم 10%,AlFouad Pharmacies,العناية بالشعر,العناية بالشعر,1,بسيط,11435,31,9.3,21.7,,متاح لدى المصدر,https://cdn.shopify.com/s/files/1/0935/9550/0847/files/Dabur-Amla-Hair-Oil-50ML-10-Off.webp?v=1754298480,منتج زيت دابور أملا للشعر 50 مل، خصم 10% من AlFouad Pharmacies. التصنيف المرجعي: العناية بالشعر — بسيط. الوسوم المرجعية: Anti-Frizz، Hair Care، Hair Concerns، Hair Oil.,https://alfouadpharmacies.com/en/products/dabur-amla-hair-oil-50ml-10-off,AlFouad Pharmacies,Verify usage rights before commercial publication,غير مثبت,غير مثبت,مرجعي فقط — غير معتمد للنشر التجاري,بيانات مرجعية متاحة؛ يلزم تحقق PM,ضمن الفحص المبدئي
10569856713007,dove-oil-replacement-300ml-nourishing-oil-care,زيت دوف البديل للعناية المغذية 300 مل,Dove,العناية بالشعر,العناية بالشعر,1,بسيط,18030,230,69,161,,متاح لدى المصدر,https://cdn.shopify.com/s/files/1/0935/9550/0847/files/Dove-Oil-Replacement-300ML-Nourishing-Oil-Care.webp?v=1754298375,منتج زيت دوف البديل للعناية المغذية 300 مل من Dove. التصنيف المرجعي: العناية بالشعر — بسيط. الوسوم المرجعية: Anti-Frizz، Hair Care، Hair Concerns، Hair Cream.,https://alfouadpharmacies.com/en/products/dove-oil-replacement-300ml-nourishing-oil-care,AlFouad Pharmacies,Verify usage rights before commercial publication,غير مثبت,غير مثبت,مرجعي فقط — غير معتمد للنشر التجاري,بيانات مرجعية متاحة؛ يلزم تحقق PM,ضمن الفحص المبدئي
10569923887407,sunsilk-hair-oil-250ml-hair-fall,زيت شعر صن سيلك 250 مل لتساقط الشعر,SUNSILK,العناية بالشعر,العناية بالشعر,1,بسيط,93707,95,28.5,66.5,,متاح لدى المصدر,https://cdn.shopify.com/s/files/1/0935/9550/0847/files/Sunsilk-Hair-Oil-250ML-Hair-Fall.webp?v=1754297847,منتج زيت شعر صن سيلك 250 مل لتساقط الشعر من SUNSILK. التصنيف المرجعي: العناية بالشعر — بسيط. الوسوم المرجعية: Hair Care، Hair Concerns، Hair Oil، Weak & Thin.,https://alfouadpharmacies.com/en/products/sunsilk-hair-oil-250ml-hair-fall,AlFouad Pharmacies,Verify usage rights before commercial publication,غير مثبت,غير مثبت,مرجعي فقط — غير معتمد للنشر التجاري,بيانات مرجعية متاحة؛ يلزم تحقق PM,ضمن الفحص المبدئي
10569939353903,vatika-oil-replacement-smoothampsilky-200ml,زيت فيتيكا البديل لتنعيم الشعر 200 مل,AlFouad Pharmacies,العناية بالشعر,العناية بالشعر,1,بسيط,110570,80,24,56,,غير متاح لدى المصدر,https://cdn.shopify.com/s/files/1/0935/9550/0847/files/Vatika-Oil-Replacment-SmoothSilky-200ML.webp?v=1754297755,منتج زيت فيتيكا البديل لتنعيم الشعر 200 مل من AlFouad Pharmacies. التصنيف المرجعي: العناية بالشعر — بسيط. الوسوم المرجعية: Hair Care، Hair Cream.,https://alfouadpharmacies.com/en/products/vatika-oil-replacement-smoothampsilky-200ml,AlFouad Pharmacies,Verify usage rights before commercial publication,غير مثبت,غير مثبت,مرجعي فقط — غير معتمد للنشر التجاري,بيانات مرجعية متاحة؛ يلزم تحقق PM,ضمن الفحص المبدئي
10569939321135,vatika-oil-replacement-hair-fall-control-200ml,زيت فيتيكا البديل للتحكم في تساقط الشعر 200 مل,AlFouad Pharmacies,العناية بالشعر,العناية بالشعر,1,بسيط,110571,80,24,56,,غير متاح لدى المصدر,https://cdn.shopify.com/s/files/1/0935/9550/0847/files/Vatika-Oil-Replacment-Hair-Fall-Control-200ML.webp?v=1754297755,منتج زيت فيتيكا البديل للتحكم في تساقط الشعر 200 مل من AlFouad Pharmacies. التصنيف المرجعي: العناية بالشعر — بسيط. الوسوم المرجعية: Hair Care، Hair Cream.,https://alfouadpharmacies.com/en/products/vatika-oil-replacement-hair-fall-control-200ml,AlFouad Pharmacies,Verify usage rights before commercial publication,غير مثبت,غير مثبت,مرجعي فقط — غير معتمد للنشر التجاري,بيانات مرجعية متاحة؛ يلزم تحقق PM,ضمن الفحص المبدئي
10569849143599,زيت-لوريال-بروفيسيونال-ميتال-ديتوكس-للشعر-50-مل,زيت لوريال بروفيسيونال ميتال ديتوكس  للشعر 50 مل,LOREAL PROF,العناية بالشعر,العناية بالشعر,1,زيت شعر ,7888,1950,585,1365,0,متاح لدى المصدر,https://cdn.shopify.com/s/files/1/0935/9550/0847/files/1_-_2026-07-08T114558.445.webp?v=1783500580,منتج زيت لوريال بروفيسيونال ميتال ديتوكس  للشعر 50 مل من LOREAL PROF. التصنيف المرجعي: العناية بالشعر — زيت شعر . الوسوم المرجعية: Anti-Frizz، Colored Hair، Dry & Damadged Hair، Hair Care، Hair Color، Hair Concerns، Hair Oil.,https://alfouadpharmacies.com/en/products/زيت-لوريال-بروفيسيونال-ميتال-ديتوكس-للشعر-50-مل,AlFouad Pharmacies,Verify usage rights before commercial publication,غير مثبت,غير مثبت,مرجعي فقط — غير معتمد للنشر التجاري,بيانات مرجعية متاحة؛ يلزم تحقق PM,ضمن الفحص المبدئي
10569730425135,raw-african-follicle-booster-oil-hair-growth-100ml,زيت مغذي بصيلات الشعر الخام الأفريقي لنمو الشعر 100 مل,RAW AFRICAN,العناية بالشعر,العناية بالشعر,1,بسيط,5022,285,85.5,199.5,,متاح لدى المصدر,https://cdn.shopify.com/s/files/1/0935/9550/0847/files/Raw-African-Follicle-Booster-Oil-Hair-Growth-100ml.webp?v=1754299062,منتج زيت مغذي بصيلات الشعر الخام الأفريقي لنمو الشعر 100 مل من RAW AFRICAN. التصنيف المرجعي: العناية بالشعر — بسيط. الوسوم المرجعية: Hair Care، Hair Concerns، Hair Growth، Hair Oil.,https://alfouadpharmacies.com/en/products/raw-african-follicle-booster-oil-hair-growth-100ml,AlFouad Pharmacies,Verify usage rights before commercial publication,غير مثبت,غير مثبت,مرجعي فقط — غير معتمد للنشر التجاري,بيانات مرجعية متاحة؛ يلزم تحقق PM,ضمن الفحص المبدئي
10570011377967,nawah-hot-oil-200ml,زيت نواح الساخن 200 مل,NAWAH,العناية بالشعر,العناية بالشعر,1,بسيط,112951,450,135,315,,متاح لدى المصدر,https://cdn.shopify.com/s/files/1/0935/9550/0847/files/Nawah-Hot-Oil-200ML.webp?v=1754297057,منتج زيت نواح الساخن 200 مل من NAWAH. التصنيف المرجعي: العناية بالشعر — بسيط. الوسوم المرجعية: Anti-Frizz، Deep Repair، Dry & Damadged Hair، Hair Care، Hair Concerns، Hair Oil.,https://alfouadpharmacies.com/en/products/nawah-hot-oil-200ml,AlFouad Pharmacies,Verify usage rights before commercial publication,غير مثبت,غير مثبت,مرجعي فقط — غير معتمد للنشر التجاري,بيانات مرجعية متاحة؛ يلزم تحقق PM,ضمن الفحص المبدئي
10570011181359,nawah-hair-oil-replacement-250ml,زيت نواه للشعر بديل الزيت 250 مل,NAWAH,العناية بالشعر,العناية بالشعر,1,بسيط,112953,250,75,175,,متاح لدى المصدر,https://cdn.shopify.com/s/files/1/0935/9550/0847/files/Nawah-Hair-Oil-Replacement-250ML.webp?v=1754297061,منتج زيت نواه للشعر بديل الزيت 250 مل من NAWAH. التصنيف المرجعي: العناية بالشعر — بسيط. الوسوم المرجعية: Anti-Frizz، Dry & Damadged Hair، Hair Care، Hair Concerns، Hair Cream، Weak & Thin.,https://alfouadpharmacies.com/en/products/nawah-hair-oil-replacement-250ml,AlFouad Pharmacies,Verify usage rights before commercial publication,غير مثبت,غير مثبت,مرجعي فقط — غير معتمد للنشر التجاري,بيانات مرجعية متاحة؛ يلزم تحقق PM,ضمن الفحص المبدئي
12689552539951,twist-go-organic-oils-growth-volume-100ml,زيوت عضوية قابلة للفتح والاستخدام لزيادة حجم الشعر 100 مل ,TWIST&GO,العناية بالشعر,العناية بالشعر,1,,113455,650,195,455,,متاح لدى المصدر,https://cdn.shopify.com/s/files/1/0935/9550/0847/files/Twist_Go_Organic_Oils_100ml_Bottle_ECOM.webp?v=1771926307,منتج زيوت عضوية قابلة للفتح والاستخدام لزيادة حجم الشعر 100 مل  من TWIST&GO. التصنيف المرجعي: العناية بالشعر. الوسوم المرجعية: Hair Care، Hair Loss، Hair Oil.,https://alfouadpharmacies.com/en/products/twist-go-organic-oils-growth-volume-100ml,AlFouad Pharmacies,Verify usage rights before commercial publication,غير مثبت,غير مثبت,مرجعي فقط — غير معتمد للنشر التجاري,بيانات مرجعية متاحة؛ يلزم تحقق PM,ضمن الفحص المبدئي
10569731244335,سبراي-سيروبيب-لتغذية-الفروة-وتقليل-تساقط-الشعر-200-مل,سبراي سيروبيب لتغذية الفروة وتقليل تساقط الشعر 200 مل,Seropipe,العناية بالشعر,العناية بالشعر,1,سبراي تساقط ,21487,325,97.5,227.5,,متاح لدى المصدر,https://cdn.shopify.com/s/files/1/0935/9550/0847/files/seropipe_hair_spray_front_02_1615x1615_ea996778-c033-4bb3-b468-40669a569711.webp?v=1786883146,منتج سبراي سيروبيب لتغذية الفروة وتقليل تساقط الشعر 200 مل من Seropipe. التصنيف المرجعي: العناية بالشعر — سبراي تساقط . الوسوم المرجعية: Hair Care، Hair Concerns، Hair Loss، Hair Spray، Scalp Care، seropipe.,https://alfouadpharmacies.com/en/products/سبراي-سيروبيب-لتغذية-الفروة-وتقليل-تساقط-الشعر-200-مل,AlFouad Pharmacies,Verify usage rights before commercial publication,غير مثبت,غير مثبت,مرجعي فقط — غير معتمد للنشر التجاري,بيانات مرجعية متاحة؛ يلزم تحقق PM,ضمن الفحص المبدئي
12708904730927,سبراي-فيشي-ديركوس-دنسي-سوليوشن-للشعر-الخفيف-100-مل,سبراي فيشي ديركوس دنسي سوليوشن للشعر الخفيف 100 مل,Vichy,العناية بالشعر,العناية بالشعر,1,لوشن ,88125,2380,714,1666,,متاح لدى المصدر,https://cdn.shopify.com/s/files/1/0935/9550/0847/files/1_10.webp?v=1780478395,منتج سبراي فيشي ديركوس دنسي سوليوشن للشعر الخفيف 100 مل من Vichy. التصنيف المرجعي: العناية بالشعر — لوشن . الوسوم المرجعية: Hair Care، Hair Defining & Volume، Hair Growth، Hair Loss، Hair Spray، Hair Treatment.,https://alfouadpharmacies.com/en/products/سبراي-فيشي-ديركوس-دنسي-سوليوشن-للشعر-الخفيف-100-مل,AlFouad Pharmacies,Verify usage rights before commercial publication,غير مثبت,غير مثبت,مرجعي فقط — غير معتمد للنشر التجاري,بيانات مرجعية متاحة؛ يلزم تحقق PM,ضمن الفحص المبدئي
10569731866927,strongville-hair-spray-tonic-220ml,سترونج فيل سبراي تونك للشعر – 220 مل,Strongville,العناية بالشعر,العناية بالشعر,1,العناية بالشعر,102684,185,55.5,129.5,,متاح لدى المصدر,https://cdn.shopify.com/s/files/1/0935/9550/0847/files/Strongville-Hair-Spray-Tonic-220ml.webp?v=1754299044,منتج سترونج فيل سبراي تونك للشعر – 220 مل من Strongville. التصنيف المرجعي: العناية بالشعر — العناية بالشعر. الوسوم المرجعية: Hair Care، Hair Concerns، Hair Loss، Hair Spray، Scalp Care، Strongville.,https://alfouadpharmacies.com/en/products/strongville-hair-spray-tonic-220ml,AlFouad Pharmacies,Verify usage rights before commercial publication,غير مثبت,غير مثبت,مرجعي فقط — غير معتمد للنشر التجاري,بيانات مرجعية متاحة؛ يلزم تحقق PM,ضمن الفحص المبدئي
10569732030767,strongville-hair-shampooconditioner-220ml-men,سترونج فيل شامبو وبلسم للشعر للرجال 2 في 1 – 220 مل,Strongville,العناية بالشعر,العناية بالشعر,1,العناية بالشعر,91846,195,58.5,136.5,,متاح لدى المصدر,https://cdn.shopify.com/s/files/1/0935/9550/0847/files/Strongville-Hair-ShampooConditioner-220ml-Men.webp?v=1754299040,منتج سترونج فيل شامبو وبلسم للشعر للرجال 2 في 1 – 220 مل من Strongville. التصنيف المرجعي: العناية بالشعر — العناية بالشعر. الوسوم المرجعية: Hair Care، Hair Concerns، Hair Loss، Men Hair، Strongville.,https://alfouadpharmacies.com/en/products/strongville-hair-shampooconditioner-220ml-men,AlFouad Pharmacies,Verify usage rights before commercial publication,غير مثبت,غير مثبت,مرجعي فقط — غير معتمد للنشر التجاري,بيانات مرجعية متاحة؛ يلزم تحقق PM,ضمن الفحص المبدئي
12689757569327,strongville-hair-nourishing-cream-120ml,سترونج فيل كريم مغذي للشعر – 120 مل,Strongville,العناية بالشعر,العناية بالشعر,1,العناية بالشعر,108946,185,55.5,129.5,,متاح لدى المصدر,https://cdn.shopify.com/s/files/1/0935/9550/0847/files/StrongVille_NourishingCream_120gm_PureWhite_1615x1615_1.webp?v=1772008048,منتج سترونج فيل كريم مغذي للشعر – 120 مل من Strongville. التصنيف المرجعي: العناية بالشعر — العناية بالشعر. الوسوم المرجعية: Dry & Damadged Hair، Hair Care، Hair Concerns، Hair Cream، Strongville.,https://alfouadpharmacies.com/en/products/strongville-hair-nourishing-cream-120ml,AlFouad Pharmacies,Verify usage rights before commercial publication,غير مثبت,غير مثبت,مرجعي فقط — غير معتمد للنشر التجاري,بيانات مرجعية متاحة؛ يلزم تحقق PM,ضمن الفحص المبدئي
12689656152367,sorciere-hair-lotion-160ml,سورسير لوشن لتساقط الشعر ,Sorciere,العناية بالشعر,العناية بالشعر,1,لوشن للشعر ,4546,2350,705,1645,,متاح لدى المصدر,https://cdn.shopify.com/s/files/1/0935/9550/0847/files/474_1.webp?v=1780581122,منتج سورسير لوشن لتساقط الشعر  من Sorciere. التصنيف المرجعي: العناية بالشعر — لوشن للشعر . الوسوم المرجعية: Hair Care، Hair Concerns، Hair Loss، Hair Oil.,https://alfouadpharmacies.com/en/products/sorciere-hair-lotion-160ml,AlFouad Pharmacies,Verify usage rights before commercial publication,غير مثبت,غير مثبت,مرجعي فقط — غير معتمد للنشر التجاري,بيانات مرجعية متاحة؛ يلزم تحقق PM,ضمن الفحص المبدئي
10569725739311,avrelle-coconut-aloevera-protect-serum-100ml,سيروم أفريل بجوز الهند والصبار للحماية 100 مل,Avrelle,العناية بالشعر,العناية بالشعر,1,بسيط,5774,395,118.5,276.5,0,متاح لدى المصدر,https://cdn.shopify.com/s/files/1/0935/9550/0847/files/Avrelle-Coconut-Aloevera-Protect-Serum-100ML.webp?v=1754299141,منتج سيروم أفريل بجوز الهند والصبار للحماية 100 مل من Avrelle. التصنيف المرجعي: العناية بالشعر — بسيط. الوسوم المرجعية: Anti-Frizz، Hair Care، Hair Concerns، Hair Serum، Heat Protection.,https://alfouadpharmacies.com/en/products/avrelle-coconut-aloevera-protect-serum-100ml,AlFouad Pharmacies,Verify usage rights before commercial publication,غير مثبت,غير مثبت,مرجعي فقط — غير معتمد للنشر التجاري,بيانات مرجعية متاحة؛ يلزم تحقق PM,ضمن الفحص المبدئي
10569725575471,alejon-hair-serum-50ml-heat-protection,سيروم أليخون للشعر 50 مل للحماية من الحرارة,ALEJON,العناية بالشعر,العناية بالشعر,1,بسيط,100511,330,99,231,,متاح لدى المصدر,https://cdn.shopify.com/s/files/1/0935/9550/0847/files/Alejon-Hair-Serum-50ml-Heat-Protection.webp?v=1754299144,منتج سيروم أليخون للشعر 50 مل للحماية من الحرارة من ALEJON. التصنيف المرجعي: العناية بالشعر — بسيط. الوسوم المرجعية: Hair Care، Hair Concerns، Hair Serum، Heat Protection.,https://alfouadpharmacies.com/en/products/alejon-hair-serum-50ml-heat-protection,AlFouad Pharmacies,Verify usage rights before commercial publication,غير مثبت,غير مثبت,مرجعي فقط — غير معتمد للنشر التجاري,بيانات مرجعية متاحة؛ يلزم تحقق PM,ضمن الفحص المبدئي
12689578000687,ebafix-serum-120-ml,سيروم إيبافيكس 120 مل,AlFouad Pharmacies,العناية بالشعر,العناية بالشعر,1,,102805,249,74.7,174.3,,متاح لدى المصدر,https://cdn.shopify.com/s/files/1/0935/9550/0847/files/Ebafix-Hair-SERUM-120-ml.webp?v=1772279578,منتج سيروم إيبافيكس 120 مل من AlFouad Pharmacies. التصنيف المرجعي: العناية بالشعر. الوسوم المرجعية: Dry & Damadged Hair، Hair Care، Hair Serum.,https://alfouadpharmacies.com/en/products/ebafix-serum-120-ml,AlFouad Pharmacies,Verify usage rights before commercial publication,غير مثبت,غير مثبت,مرجعي فقط — غير معتمد للنشر التجاري,بيانات مرجعية متاحة؛ يلزم تحقق PM,ضمن الفحص المبدئي
10569727574319,eva-gold-argan-serum-90ml,سيروم إيفا جولد بالأرغان 90 مل,AlFouad Pharmacies,العناية بالشعر,العناية بالشعر,1,بسيط,94844,220,66,154,,متاح لدى المصدر,https://cdn.shopify.com/s/files/1/0935/9550/0847/files/Eva-Gold-Argan-Serum-90ml_57b3e9e1-ffa7-4159-b8da-fca59c707299.webp?v=1771448517,منتج سيروم إيفا جولد بالأرغان 90 مل من AlFouad Pharmacies. التصنيف المرجعي: العناية بالشعر — بسيط. الوسوم المرجعية: Anti-Frizz، Hair Care، Hair Concerns، Hair Serum.,https://alfouadpharmacies.com/en/products/eva-gold-argan-serum-90ml,AlFouad Pharmacies,Verify usage rights before commercial publication,غير مثبت,غير مثبت,مرجعي فقط — غير معتمد للنشر التجاري,بيانات مرجعية متاحة؛ يلزم تحقق PM,ضمن الفحص المبدئي
10569728098607,eva-keratin-protective-serum-100ml,سيروم إيفا كيراتين الواقي 100 مل,AlFouad Pharmacies,العناية بالشعر,العناية بالشعر,1,بسيط,85045,200,60,140,,متاح لدى المصدر,https://cdn.shopify.com/s/files/1/0935/9550/0847/files/EVAKERATINPROTECTIVESERUM100ML.webp?v=1765180230,منتج سيروم إيفا كيراتين الواقي 100 مل من AlFouad Pharmacies. التصنيف المرجعي: العناية بالشعر — بسيط. الوسوم المرجعية: Dry & Damadged Hair، Hair Care، Hair Concerns، Hair Serum.,https://alfouadpharmacies.com/en/products/eva-keratin-protective-serum-100ml,AlFouad Pharmacies,Verify usage rights before commercial publication,غير مثبت,غير مثبت,مرجعي فقط — غير معتمد للنشر التجاري,بيانات مرجعية متاحة؛ يلزم تحقق PM,ضمن الفحص المبدئي
12689552572719,twist-go-hair-serum-dry-touch-60ml,سيروم الشعر تويست آند جو دراي تاتش 60 مل ,TWIST&GO,العناية بالشعر,العناية بالشعر,1,,113454,475,142.5,332.5,,متاح لدى المصدر,https://cdn.shopify.com/s/files/1/0935/9550/0847/files/Twist_Go_Hair_Serum_Dry_Touch_60ml_ECOM.webp?v=1771926210,منتج سيروم الشعر تويست آند جو دراي تاتش 60 مل  من TWIST&GO. التصنيف المرجعي: العناية بالشعر. الوسوم المرجعية: Dry & Damadged Hair، Hair Care، Hair Serum.,https://alfouadpharmacies.com/en/products/twist-go-hair-serum-dry-touch-60ml,AlFouad Pharmacies,Verify usage rights before commercial publication,غير مثبت,غير مثبت,مرجعي فقط — غير معتمد للنشر التجاري,بيانات مرجعية متاحة؛ يلزم تحقق PM,ضمن الفحص المبدئي
10569727312175,complete-care-scalp-hair-clearing-serum-60ml,سيروم العناية الكاملة بفروة الرأس والشعر 60 مل,AlFouad Pharmacies,العناية بالشعر,العناية بالشعر,1,بسيط,,100,30,70,,غير متاح لدى المصدر,https://cdn.shopify.com/s/files/1/0935/9550/0847/files/Complete-Care-Scalp-Hair-Clearing-Serum-60ml.webp?v=1754299113,منتج سيروم العناية الكاملة بفروة الرأس والشعر 60 مل من AlFouad Pharmacies. التصنيف المرجعي: العناية بالشعر — بسيط. الوسوم المرجعية: Hair Care، Hair Concerns، Hair Serum، Scalp Care.,https://alfouadpharmacies.com/en/products/complete-care-scalp-hair-clearing-serum-60ml,AlFouad Pharmacies,Verify usage rights before commercial publication,غير مثبت,غير مثبت,مرجعي فقط — غير معتمد للنشر التجاري,بيانات مرجعية متاحة؛ يلزم تحقق PM,ضمن الفحص المبدئي
10569829450031,global-keratin-serum-100ml,سيروم الكيراتين العالمي 100 مل,GK,العناية بالشعر,العناية بالشعر,1,بسيط,103504,1890,567,1323,0,متاح لدى المصدر,https://cdn.shopify.com/s/files/1/0935/9550/0847/files/Global-Keratin-Serum-100ML.webp?v=1754298600,منتج سيروم الكيراتين العالمي 100 مل من GK. التصنيف المرجعي: العناية بالشعر — بسيط. الوسوم المرجعية: Anti-Frizz، Dry & Damadged Hair، GK، Hair Care، Hair Concerns، Hair Serum، Heat Protection.,https://alfouadpharmacies.com/en/products/global-keratin-serum-100ml,AlFouad Pharmacies,Verify usage rights before commercial publication,غير مثبت,غير مثبت,مرجعي فقط — غير معتمد للنشر التجاري,بيانات مرجعية متاحة؛ يلزم تحقق PM,ضمن الفحص المبدئي
10569829581103,global-keratin-serum-50-ml,سيروم الكيراتين العالمي 50 مل,GK,العناية بالشعر,العناية بالشعر,1,بسيط,24148,1155,346.5,808.5,0,متاح لدى المصدر,https://cdn.shopify.com/s/files/1/0935/9550/0847/files/Global-Keratin-Serum-50ml-2.webp?v=1754298599,منتج سيروم الكيراتين العالمي 50 مل من GK. التصنيف المرجعي: العناية بالشعر — بسيط. الوسوم المرجعية: Anti-Frizz، Dry & Damadged Hair، Hair Care، Hair Concerns، Hair Serum، Heat Protection.,https://alfouadpharmacies.com/en/products/global-keratin-serum-50-ml,AlFouad Pharmacies,Verify usage rights before commercial publication,غير مثبت,غير مثبت,مرجعي فقط — غير معتمد للنشر التجاري,بيانات مرجعية متاحة؛ يلزم تحقق PM,ضمن الفحص المبدئي
12689541038383,chi-enviro-smoothing-serum-59ml,سيروم تشي إنفيرو لتنعيم البشرة 59 مل,chi,العناية بالشعر,العناية بالشعر,1,,105702,720,216,504,,متاح لدى المصدر,https://cdn.shopify.com/s/files/1/0935/9550/0847/files/CHI_Enviro_Smoothing_Serum_1615x1615_728c65a1-5d4e-4247-9f0f-fa7d401c4528.webp?v=1771756665,منتج سيروم تشي إنفيرو لتنعيم البشرة 59 مل من chi. التصنيف المرجعي: العناية بالشعر. الوسوم المرجعية: Dry & Damadged Hair، Hair Care، Hair Serum.,https://alfouadpharmacies.com/en/products/chi-enviro-smoothing-serum-59ml,AlFouad Pharmacies,Verify usage rights before commercial publication,غير مثبت,غير مثبت,مرجعي فقط — غير معتمد للنشر التجاري,بيانات مرجعية متاحة؛ يلزم تحقق PM,ضمن الفحص المبدئي
12689578033455,chi-silk-infusion-serum-177ml,سيروم تشي سيلك إنفيوجن 177 مل,chi,العناية بالشعر,العناية بالشعر,1,,93437,1560,468,1092,,متاح لدى المصدر,https://cdn.shopify.com/s/files/1/0935/9550/0847/files/chi_silk_infusion_square_1615x1615_40ffd436-4750-4ca5-9979-28fd51cf3f7d.webp?v=1771751678,منتج سيروم تشي سيلك إنفيوجن 177 مل من chi. التصنيف المرجعي: العناية بالشعر. الوسوم المرجعية: Dry & Damadged Hair، Hair Care، Hair Serum.,https://alfouadpharmacies.com/en/products/chi-silk-infusion-serum-177ml,AlFouad Pharmacies,Verify usage rights before commercial publication,غير مثبت,غير مثبت,مرجعي فقط — غير معتمد للنشر التجاري,بيانات مرجعية متاحة؛ يلزم تحقق PM,ضمن الفحص المبدئي
12689578066223,chi-silk-infusion-serum-59ml,سيروم تشي سيلك إنفيوجن 59 مل,chi,العناية بالشعر,العناية بالشعر,1,,81370,775,232.5,542.5,,متاح لدى المصدر,https://cdn.shopify.com/s/files/1/0935/9550/0847/files/chi_silk_infusion_square_1615x1615_ea3805ea-a898-489b-b224-5cf53bfd0e5d.webp?v=1771751409,منتج سيروم تشي سيلك إنفيوجن 59 مل من chi. التصنيف المرجعي: العناية بالشعر. الوسوم المرجعية: Dry & Damadged Hair، Hair Care، Hair Serum.,https://alfouadpharmacies.com/en/products/chi-silk-infusion-serum-59ml,AlFouad Pharmacies,Verify usage rights before commercial publication,غير مثبت,غير مثبت,مرجعي فقط — غير معتمد للنشر التجاري,بيانات مرجعية متاحة؛ يلزم تحقق PM,ضمن الفحص المبدئي
10569939419439,vatika-thermal-protect-hair-serum-47ml,سيروم حماية الشعر من الحرارة فايتيكا 47 مل,AlFouad Pharmacies,العناية بالشعر,العناية بالشعر,1,بسيط,17848,170,51,119,,غير متاح لدى المصدر,https://cdn.shopify.com/s/files/1/0935/9550/0847/files/Vatika-Thermal-Protect-Hair-Serum-47ML.webp?v=1754297754,منتج سيروم حماية الشعر من الحرارة فايتيكا 47 مل من AlFouad Pharmacies. التصنيف المرجعي: العناية بالشعر — بسيط. الوسوم المرجعية: Hair Care، Hair Serum.,https://alfouadpharmacies.com/en/products/vatika-thermal-protect-hair-serum-47ml,AlFouad Pharmacies,Verify usage rights before commercial publication,غير مثبت,غير مثبت,مرجعي فقط — غير معتمد للنشر التجاري,بيانات مرجعية متاحة؛ يلزم تحقق PM,ضمن الفحص المبدئي
16108436783407,سيروم-ديرميديك-كابيلارت-لتحفيز-نمو-الشعر-وتعبئة-الفراغات-150-مل,سيروم ديرميديك كابيلارت لتحفيز نمو الشعر وتعبئة الفراغات 150 مل,DERMEDIC,العناية بالشعر,العناية بالشعر,1,سيرم ,115885,1850,555,1295,,غير متاح لدى المصدر,https://cdn.shopify.com/s/files/1/0935/9550/0847/files/30_2.webp?v=1785671934,منتج سيروم ديرميديك كابيلارت لتحفيز نمو الشعر وتعبئة الفراغات 150 مل من DERMEDIC. التصنيف المرجعي: العناية بالشعر — سيرم . الوسوم المرجعية: Hair Care، Hair Serum، Hair Treatment، Serums.,https://alfouadpharmacies.com/en/products/سيروم-ديرميديك-كابيلارت-لتحفيز-نمو-الشعر-وتعبئة-الفراغات-150-مل,AlFouad Pharmacies,Verify usage rights before commercial publication,غير مثبت,غير مثبت,مرجعي فقط — غير معتمد للنشر التجاري,بيانات مرجعية متاحة؛ يلزم تحقق PM,ضمن الفحص المبدئي
10569832399151,the-ordinary-multi-peptide-serum-for-hair-60ml,سيروم ذا أورديناري متعدد الببتيدات للشعر 60 مل,The Ordinary,العناية بالشعر,العناية بالشعر,1,بسيط,82682,3950,1185,2765,0,متاح لدى المصدر,https://cdn.shopify.com/s/files/1/0935/9550/0847/files/The_Ordinary_Multi-peptide_Serum_for_Hair_60ml.webp?v=1790490338,منتج سيروم ذا أورديناري متعدد الببتيدات للشعر 60 مل من The Ordinary. التصنيف المرجعي: العناية بالشعر — بسيط. الوسوم المرجعية: Hair Care، Hair Concerns، Hair Growth، Hair Loss، Hair Serum.,https://alfouadpharmacies.com/en/products/the-ordinary-multi-peptide-serum-for-hair-60ml,AlFouad Pharmacies,Verify usage rights before commercial publication,غير مثبت,غير مثبت,مرجعي فقط — غير معتمد للنشر التجاري,بيانات مرجعية متاحة؛ يلزم تحقق PM,ضمن الفحص المبدئي
12689541234991,chi-argan-oil-serum-89-ml,سيروم زيت الأرغان من تشي 89 مل,chi,العناية بالشعر,العناية بالشعر,1,,105225,1995,598.5,1396.5,,متاح لدى المصدر,https://cdn.shopify.com/s/files/1/0935/9550/0847/files/CHI_Argan_Oil_LeaveIn_1615x1615_1cab3f92-03f1-441c-a84e-e03893b234b1.webp?v=1771755964,منتج سيروم زيت الأرغان من تشي 89 مل من chi. التصنيف المرجعي: العناية بالشعر. الوسوم المرجعية: Dry & Damadged Hair، Hair Care، Hair Defining & Volume، Hair Serum.,https://alfouadpharmacies.com/en/products/chi-argan-oil-serum-89-ml,AlFouad Pharmacies,Verify usage rights before commercial publication,غير مثبت,غير مثبت,مرجعي فقط — غير معتمد للنشر التجاري,بيانات مرجعية متاحة؛ يلزم تحقق PM,ضمن الفحص المبدئي
10569847537967,سيروم-زيت-لوريال-بروفيسيونال-سيري-إكسبرت-ليس-أنليميتد-لتنعيم-الشعر-125-مل,سيروم زيت لوريال بروفيسيونال سيري إكسبرت ليس أنليميتد لتنعيم الشعر (125 مل),LOREAL PROF,العناية بالشعر,العناية بالشعر,1,سيرم ,8980,1620,486,1134,0,متاح لدى المصدر,https://cdn.shopify.com/s/files/1/0935/9550/0847/files/1_-_2026-07-07T163431.012.webp?v=1783431471,منتج سيروم زيت لوريال بروفيسيونال سيري إكسبرت ليس أنليميتد لتنعيم الشعر (125 مل) من LOREAL PROF. التصنيف المرجعي: العناية بالشعر — سيرم . الوسوم المرجعية: Anti-Frizz، Dry & Damadged Hair، Hair Care، Hair Concerns، Hair Oil، Heat Protection، loreal prof.,https://alfouadpharmacies.com/en/products/سيروم-زيت-لوريال-بروفيسيونال-سيري-إكسبرت-ليس-أنليميتد-لتنعيم-الشعر-125-مل,AlFouad Pharmacies,Verify usage rights before commercial publication,غير مثبت,غير مثبت,مرجعي فقط — غير معتمد للنشر التجاري,بيانات مرجعية متاحة؛ يلزم تحقق PM,ضمن الفحص المبدئي
12689757667631,سيروم-سيروبيب-للشعر-لترميم-الأطراف-المتقصفة-وتقليل-الهيشان-120-مل,سيروم سيروبيب للشعر لترميم الأطراف المتقصفة وتقليل الهيشان 120 مل,Seropipe,العناية بالشعر,العناية بالشعر,1,سيرم شعر ,24346,345,103.5,241.5,,متاح لدى المصدر,https://cdn.shopify.com/s/files/1/0935/9550/0847/files/seropipe_hair_serum_1615x1615_b74bed7c-6b7f-4d9e-98f9-5a7249b887ed.webp?v=1786885645,منتج سيروم سيروبيب للشعر لترميم الأطراف المتقصفة وتقليل الهيشان 120 مل من Seropipe. التصنيف المرجعي: العناية بالشعر — سيرم شعر . الوسوم المرجعية: Dry & Damadged Hair، Hair Care، Hair Concerns، Hair Serum، seropipe.,https://alfouadpharmacies.com/en/products/سيروم-سيروبيب-للشعر-لترميم-الأطراف-المتقصفة-وتقليل-الهيشان-120-مل,AlFouad Pharmacies,Verify usage rights before commercial publication,غير مثبت,غير مثبت,مرجعي فقط — غير معتمد للنشر التجاري,بيانات مرجعية متاحة؛ يلزم تحقق PM,ضمن الفحص المبدئي
13013476770095,vichy-dercos-r-e-g-e-n-booster-hair-serum-90ml,سيروم فيشي ديركوس ريجين بوستر للشعر 90 مل,Vichy,العناية بالشعر,العناية بالشعر,1,العناية بالشعر > سيروم الشعر,116064,2700,810,1890,,متاح لدى المصدر,https://cdn.shopify.com/s/files/1/0935/9550/0847/files/VICHY_Dercos_R.E.G.E.N_Booster_Hair_Serum_90ml.webp?v=1789625895,منتج سيروم فيشي ديركوس ريجين بوستر للشعر 90 مل من Vichy. التصنيف المرجعي: العناية بالشعر — العناية بالشعر > سيروم الشعر. الوسوم المرجعية: Hair Care، Hair Defining & Volume، Hair Growth، Hair Treatment.,https://alfouadpharmacies.com/en/products/vichy-dercos-r-e-g-e-n-booster-hair-serum-90ml,AlFouad Pharmacies,Verify usage rights before commercial publication,غير مثبت,غير مثبت,مرجعي فقط — غير معتمد للنشر التجاري,بيانات مرجعية متاحة؛ يلزم تحقق PM,ضمن الفحص المبدئي
12689768415535,clary-hair-serum-for-dry-damaged-hair-100ml,سيروم كلاري للشعر الجاف والمجعد - 100 مل,Clear,العناية بالشعر,العناية بالشعر,1,سيرم ,24645,375,112.5,262.5,,متاح لدى المصدر,https://cdn.shopify.com/s/files/1/0935/9550/0847/files/1_4_4a8917fe-71a0-4358-a0f3-6fa3e3092e8e.webp?v=1781947557,منتج سيروم كلاري للشعر الجاف والمجعد - 100 مل من Clear. التصنيف المرجعي: العناية بالشعر — سيرم . الوسوم المرجعية: clary، Dry & Damadged Hair، Hair Care، Hair Concerns، Hair Serum.,https://alfouadpharmacies.com/en/products/clary-hair-serum-for-dry-damaged-hair-100ml,AlFouad Pharmacies,Verify usage rights before commercial publication,غير مثبت,غير مثبت,مرجعي فقط — غير معتمد للنشر التجاري,بيانات مرجعية متاحة؛ يلزم تحقق PM,ضمن الفحص المبدئي
12689553031471,root-to-end-hair-serum-120ml,سيروم للشعر من الجذور إلى الأطراف 120 مل ,Root to End,العناية بالشعر,العناية بالشعر,1,,113148,420,126,294,,متاح لدى المصدر,https://cdn.shopify.com/s/files/1/0935/9550/0847/files/ROOTTOENDHAIRSERUM120ML.webp?v=1772272470,منتج سيروم للشعر من الجذور إلى الأطراف 120 مل  من Root to End. التصنيف المرجعي: العناية بالشعر. الوسوم المرجعية: Dry & Damadged Hair، Hair Care، Hair Serum.,https://alfouadpharmacies.com/en/products/root-to-end-hair-serum-120ml,AlFouad Pharmacies,Verify usage rights before commercial publication,غير مثبت,غير مثبت,مرجعي فقط — غير معتمد للنشر التجاري,بيانات مرجعية متاحة؛ يلزم تحقق PM,ضمن الفحص المبدئي
12689566794031,loreal-elviv-extraord-midnight-hair-serum-100ml-1,سيروم لوريال إلفيف إكستراورديناري ميدنايت للشعر 100 مل,LOREAL PCD,العناية بالشعر,العناية بالشعر,1,,112502,550,165,385,,متاح لدى المصدر,https://cdn.shopify.com/s/files/1/0935/9550/0847/files/product_1615x1615_v2.webp?v=1771764220,منتج سيروم لوريال إلفيف إكستراورديناري ميدنايت للشعر 100 مل من LOREAL PCD. التصنيف المرجعي: العناية بالشعر. الوسوم المرجعية: Dry & Damadged Hair، Hair Care، Hair Serum.,https://alfouadpharmacies.com/en/products/loreal-elviv-extraord-midnight-hair-serum-100ml-1,AlFouad Pharmacies,Verify usage rights before commercial publication,غير مثبت,غير مثبت,مرجعي فقط — غير معتمد للنشر التجاري,بيانات مرجعية متاحة؛ يلزم تحقق PM,ضمن الفحص المبدئي
12689578131759,loreal-elviv-full-resist-serum-with-aminexil-102ml,سيروم لوريال إلفيف فول ريزيست مع أمينكسيل 102 مل ,LOREAL PCD,العناية بالشعر,العناية بالشعر,1,,12922,675,202.5,472.5,,متاح لدى المصدر,https://cdn.shopify.com/s/files/1/0935/9550/0847/files/La_f8f6368b-1a15-46d4-b577-b295d4d81074.webp?v=1771763795,منتج سيروم لوريال إلفيف فول ريزيست مع أمينكسيل 102 مل  من LOREAL PCD. التصنيف المرجعي: العناية بالشعر. الوسوم المرجعية: Hair Care، Hair Concerns، Hair Serum.,https://alfouadpharmacies.com/en/products/loreal-elviv-full-resist-serum-with-aminexil-102ml,AlFouad Pharmacies,Verify usage rights before commercial publication,غير مثبت,غير مثبت,مرجعي فقط — غير معتمد للنشر التجاري,بيانات مرجعية متاحة؛ يلزم تحقق PM,ضمن الفحص المبدئي
12689566499119,loreal-elviv-hyalu-pure-scalp-serum-oily-102ml-1,سيروم لوريال إلفيف هيالو بيور لفروة الرأس (زيتي) 102 مل,LOREAL PCD,العناية بالشعر,العناية بالشعر,1,,112332,500,150,350,,متاح لدى المصدر,https://cdn.shopify.com/s/files/1/0935/9550/0847/files/processed_product_image_16.webp?v=1771761359,منتج سيروم لوريال إلفيف هيالو بيور لفروة الرأس (زيتي) 102 مل من LOREAL PCD. التصنيف المرجعي: العناية بالشعر. الوسوم المرجعية: Dry & Damadged Hair، Hair Care، Hair Serum.,https://alfouadpharmacies.com/en/products/loreal-elviv-hyalu-pure-scalp-serum-oily-102ml-1,AlFouad Pharmacies,Verify usage rights before commercial publication,غير مثبت,غير مثبت,مرجعي فقط — غير معتمد للنشر التجاري,بيانات مرجعية متاحة؛ يلزم تحقق PM,ضمن الفحص المبدئي
12689578098991,loreal-elviv-hyalu-pure-scalp-serum-oily-102ml,سيروم لوريال إلفيف هيالو بيور لفروة الرأس (زيتي) 102 مل ,LOREAL PCD,العناية بالشعر,العناية بالشعر,1,,112332,500,150,350,,متاح لدى المصدر,https://cdn.shopify.com/s/files/1/0935/9550/0847/files/product_1615x1615_8fceeb76-9cca-42e5-85e0-5f877e272d94.webp?v=1771764090,منتج سيروم لوريال إلفيف هيالو بيور لفروة الرأس (زيتي) 102 مل  من LOREAL PCD. التصنيف المرجعي: العناية بالشعر. الوسوم المرجعية: Hair Care، Hair Concerns، Hair Serum.,https://alfouadpharmacies.com/en/products/loreal-elviv-hyalu-pure-scalp-serum-oily-102ml,AlFouad Pharmacies,Verify usage rights before commercial publication,غير مثبت,غير مثبت,مرجعي فقط — غير معتمد للنشر التجاري,بيانات مرجعية متاحة؛ يلزم تحقق PM,ضمن الفحص المبدئي
10569852125487,سيروم-لوريال-بروفيسيونال-سيريوكسيل-لتكثيف-الشعر-الخفيف-90-مل,سيروم لوريال بروفيسيونال سيريوكسيل لتكثيف الشعر الخفيف 90 مل,LOREAL PROF,العناية بالشعر,العناية بالشعر,1,سيرم,105919,2250,675,1575,0,متاح لدى المصدر,https://cdn.shopify.com/s/files/1/0935/9550/0847/files/1_-_2026-07-08T135029.452.webp?v=1783507892,منتج سيروم لوريال بروفيسيونال سيريوكسيل لتكثيف الشعر الخفيف 90 مل من LOREAL PROF. التصنيف المرجعي: العناية بالشعر — سيرم. الوسوم المرجعية: Hair Care، Hair Concerns، Hair Defining & Volume، Hair Growth، Hair Serum، Hair Spray، loreal prof.,https://alfouadpharmacies.com/en/products/سيروم-لوريال-بروفيسيونال-سيريوكسيل-لتكثيف-الشعر-الخفيف-90-مل,AlFouad Pharmacies,Verify usage rights before commercial publication,غير مثبت,غير مثبت,مرجعي فقط — غير معتمد للنشر التجاري,بيانات مرجعية متاحة؛ يلزم تحقق PM,ضمن الفحص المبدئي
12689539498287,loreal-prof-absolut-molecular-serum-250ml,سيروم لوريال بروفيشنال أبسولوت الجزيئي 250 مل,LOREAL PROF,العناية بالشعر,العناية بالشعر,1,Hair Care,12375,1850,555,1295,0,متاح لدى المصدر,https://cdn.shopify.com/s/files/1/0935/9550/0847/files/processed_product_image_13.webp?v=1771760892,منتج سيروم لوريال بروفيشنال أبسولوت الجزيئي 250 مل من LOREAL PROF. التصنيف المرجعي: العناية بالشعر — Hair Care. الوسوم المرجعية: Dry & Damadged Hair، Hair Care، Hair Serum، loreal prof.,https://alfouadpharmacies.com/en/products/loreal-prof-absolut-molecular-serum-250ml,AlFouad Pharmacies,Verify usage rights before commercial publication,غير مثبت,غير مثبت,مرجعي فقط — غير معتمد للنشر التجاري,بيانات مرجعية متاحة؛ يلزم تحقق PM,ضمن الفحص المبدئي
10569732620591,the-hair-addict-frizz-off-men-shampoo-250ml,"شامبو ""هير أديكت"" لإزالة التجعدات للرجال، 250 مل.",AlFouad Pharmacies,العناية بالشعر,العناية بالشعر,1,بسيط,25845,220,66,154,0,متاح لدى المصدر,https://cdn.shopify.com/s/files/1/0935/9550/0847/files/The-Hair-Addict-Frizz-off-Men-Shampoo-250ml.webp?v=1754299029,"منتج شامبو ""هير أديكت"" لإزالة التجعدات للرجال، 250 مل. من AlFouad Pharmacies. التصنيف المرجعي: العناية بالشعر — بسيط. الوسوم المرجعية: Dry & Damadged Hair، Hair Care، Hair Concerns، Hair Shampoo، Men Hair.",https://alfouadpharmacies.com/en/products/the-hair-addict-frizz-off-men-shampoo-250ml,AlFouad Pharmacies,Verify usage rights before commercial publication,غير مثبت,غير مثبت,مرجعي فقط — غير معتمد للنشر التجاري,بيانات مرجعية متاحة؛ يلزم تحقق PM,ضمن الفحص المبدئي
10569902358831,loreal-elvive-extraord-shampcond-400ml-off,شامبو + بلسم لوريال إلكسيف إكستراورديناري 400 مل - عرض خاص,Loreal Elvive,العناية بالشعر,العناية بالشعر,1,بسيط,9581,215,64.5,150.5,,غير متاح لدى المصدر,https://cdn.shopify.com/s/files/1/0935/9550/0847/files/Loreal-Elvive-Extraord-Shampcond-400ML-Off.webp?v=1754298103,منتج شامبو + بلسم لوريال إلكسيف إكستراورديناري 400 مل - عرض خاص من Loreal Elvive. التصنيف المرجعي: العناية بالشعر — بسيط. الوسوم المرجعية: Dry & Damadged Hair، Hair Care، Hair Concerns، Hair Offers.,https://alfouadpharmacies.com/en/products/loreal-elvive-extraord-shampcond-400ml-off,AlFouad Pharmacies,Verify usage rights before commercial publication,غير مثبت,غير مثبت,مرجعي فقط — غير معتمد للنشر التجاري,بيانات مرجعية متاحة؛ يلزم تحقق PM,ضمن الفحص المبدئي
10569902391599,loreal-elvive-extraord-shampoil-replac-300ml-off,شامبو + زيت لوريال إلفيف إكستراورديناري ريبليس 300 مل - عرض خاص,Loreal Elvive,العناية بالشعر,العناية بالشعر,1,بسيط,9598,152,45.6,106.4,,غير متاح لدى المصدر,https://cdn.shopify.com/s/files/1/0935/9550/0847/files/Loreal-Elvive-Extraord-Shampoil-Replac-300ML-Off.webp?v=1754298102,منتج شامبو + زيت لوريال إلفيف إكستراورديناري ريبليس 300 مل - عرض خاص من Loreal Elvive. التصنيف المرجعي: العناية بالشعر — بسيط. الوسوم المرجعية: Dry & Damadged Hair، Hair Care، Hair Concerns، Hair Offers.,https://alfouadpharmacies.com/en/products/loreal-elvive-extraord-shampoil-replac-300ml-off,AlFouad Pharmacies,Verify usage rights before commercial publication,غير مثبت,غير مثبت,مرجعي فقط — غير معتمد للنشر التجاري,بيانات مرجعية متاحة؛ يلزم تحقق PM,ضمن الفحص المبدئي
10569732161839,the-hair-addict-frizz-off-shampoo-250ml,شامبو Hair Addict Frizz off 250 مل,AlFouad Pharmacies,العناية بالشعر,العناية بالشعر,1,بسيط,107354,220,66,154,0,متاح لدى المصدر,https://cdn.shopify.com/s/files/1/0935/9550/0847/files/The-Hair-Addict-Frizz-off-Shampoo-250ml.webp?v=1754299036,منتج شامبو Hair Addict Frizz off 250 مل من AlFouad Pharmacies. التصنيف المرجعي: العناية بالشعر — بسيط. الوسوم المرجعية: Anti-Frizz، Hair Care، Hair Concerns، Hair Shampoo.,https://alfouadpharmacies.com/en/products/the-hair-addict-frizz-off-shampoo-250ml,AlFouad Pharmacies,Verify usage rights before commercial publication,غير مثبت,غير مثبت,مرجعي فقط — غير معتمد للنشر التجاري,بيانات مرجعية متاحة؛ يلزم تحقق PM,ضمن الفحص المبدئي
12689441653039,aroma-anti-hair-loss-shampoo-250ml,شامبو أروما المضاد لتساقط الشعر 250 مل,AROMA,العناية بالشعر,العناية بالشعر,1,,115204,810,243,567,,متاح لدى المصدر,https://cdn.shopify.com/s/files/1/0935/9550/0847/files/AROMAMENTHOL_MINTANTIDANDRUFFSHAMPOO250ML_da940b52-d5fe-4b3f-84aa-d597dcf8bc1f.webp?v=1771929924,منتج شامبو أروما المضاد لتساقط الشعر 250 مل من AROMA. التصنيف المرجعي: العناية بالشعر. الوسوم المرجعية: Hair Care، Hair Defining & Volume، Hair Loss، Hair Shampoo.,https://alfouadpharmacies.com/en/products/aroma-anti-hair-loss-shampoo-250ml,AlFouad Pharmacies,Verify usage rights before commercial publication,غير مثبت,غير مثبت,مرجعي فقط — غير معتمد للنشر التجاري,بيانات مرجعية متاحة؛ يلزم تحقق PM,ضمن الفحص المبدئي
12689441620271,aroma-menthol-mint-anti-dandruff-shampoo-250ml,شامبو أروما بالمنثول والنعناع المضاد للقشرة 250 مل,AROMA,العناية بالشعر,العناية بالشعر,1,,115205,810,243,567,,متاح لدى المصدر,https://cdn.shopify.com/s/files/1/0935/9550/0847/files/AROMAMENTHOL_MINTANTIDANDRUFFSHAMPOO250ML_c63f868e-1a38-40d0-bbb6-0c0de0a52197.webp?v=1771929901,منتج شامبو أروما بالمنثول والنعناع المضاد للقشرة 250 مل من AROMA. التصنيف المرجعي: العناية بالشعر. الوسوم المرجعية: Dandruff، Hair Care، Hair Shampoo.,https://alfouadpharmacies.com/en/products/aroma-menthol-mint-anti-dandruff-shampoo-250ml,AlFouad Pharmacies,Verify usage rights before commercial publication,غير مثبت,غير مثبت,مرجعي فقط — غير معتمد للنشر التجاري,بيانات مرجعية متاحة؛ يلزم تحقق PM,ضمن الفحص المبدئي
10569725903151,avrelle-olive-rocca-hair-shampoo-400ml,شامبو أفريل أوليف آند روكا للشعر 400 مل,Avrelle,العناية بالشعر,العناية بالشعر,1,بسيط,3093,395,118.5,276.5,0,متاح لدى المصدر,https://cdn.shopify.com/s/files/1/0935/9550/0847/files/Avrelle-Olive-Rocca-Hair-Shampoo-400ml.webp?v=1754299140,منتج شامبو أفريل أوليف آند روكا للشعر 400 مل من Avrelle. التصنيف المرجعي: العناية بالشعر — بسيط. الوسوم المرجعية: Hair Care، Hair Concerns، Hair Shampoo، Weak & Thin.,https://alfouadpharmacies.com/en/products/avrelle-olive-rocca-hair-shampoo-400ml,AlFouad Pharmacies,Verify usage rights before commercial publication,غير مثبت,غير مثبت,مرجعي فقط — غير معتمد للنشر التجاري,بيانات مرجعية متاحة؛ يلزم تحقق PM,ضمن الفحص المبدئي
10569725935919,avrelle-keratin-collagen-hair-shampoo-400ml,شامبو أفريل بالكيراتين والكولاجين للشعر 400 مل ,Avrelle,العناية بالشعر,العناية بالشعر,1,بسيط,3023,430,129,301,0,متاح لدى المصدر,https://cdn.shopify.com/s/files/1/0935/9550/0847/files/Avrelle-Keratin-Collagen-Hair-Shampoo-400ml.webp?v=1754299139,منتج شامبو أفريل بالكيراتين والكولاجين للشعر 400 مل  من Avrelle. التصنيف المرجعي: العناية بالشعر — بسيط. الوسوم المرجعية: Colored Hair، Hair Care، Hair Concerns، Hair Shampoo.,https://alfouadpharmacies.com/en/products/avrelle-keratin-collagen-hair-shampoo-400ml,AlFouad Pharmacies,Verify usage rights before commercial publication,غير مثبت,غير مثبت,مرجعي فقط — غير معتمد للنشر التجاري,بيانات مرجعية متاحة؛ يلزم تحقق PM,ضمن الفحص المبدئي
10569726165295,avrelle-lemongrass-mint-hair-shampoo-400ml,شامبو أفريل بالليمون والنعناع للشعر 400 مل,Avrelle,العناية بالشعر,العناية بالشعر,1,بسيط,8901,420,126,294,0,غير متاح لدى المصدر,https://cdn.shopify.com/s/files/1/0935/9550/0847/files/Avrelle-Lemongrass-Mint-Hair-Shampoo-400ml.webp?v=1754299135,منتج شامبو أفريل بالليمون والنعناع للشعر 400 مل من Avrelle. التصنيف المرجعي: العناية بالشعر — بسيط. الوسوم المرجعية: Dandruff، Hair Care، Hair Concerns.,https://alfouadpharmacies.com/en/products/avrelle-lemongrass-mint-hair-shampoo-400ml,AlFouad Pharmacies,Verify usage rights before commercial publication,غير مثبت,غير مثبت,مرجعي فقط — غير معتمد للنشر التجاري,بيانات مرجعية متاحة؛ يلزم تحقق PM,ضمن الفحص المبدئي
12689566040367,avrelle-vitamin-e-bioten-hair-shampoo-400ml,شامبو أفريل للشعر بفيتامين E والبيوتين 400 مل,Avrelle,العناية بالشعر,العناية بالشعر,1,,113421,395,118.5,276.5,0,متاح لدى المصدر,https://cdn.shopify.com/s/files/1/0935/9550/0847/files/VitaminEOil_BiotinLowSulfateShampooForUnhealthyAndBrittleHair.webp?v=1771918053,منتج شامبو أفريل للشعر بفيتامين E والبيوتين 400 مل من Avrelle. التصنيف المرجعي: العناية بالشعر. الوسوم المرجعية: Dry & Damadged Hair، Hair Care، Hair Shampoo.,https://alfouadpharmacies.com/en/products/avrelle-vitamin-e-bioten-hair-shampoo-400ml,AlFouad Pharmacies,Verify usage rights before commercial publication,غير مثبت,غير مثبت,مرجعي فقط — غير معتمد للنشر التجاري,بيانات مرجعية متاحة؛ يلزم تحقق PM,ضمن الفحص المبدئي
10569725706543,alejon-antidandruff-shampoo-200ml,شامبو أليجون المضاد للقشرة 200 مل,ALEJON,العناية بالشعر,العناية بالشعر,1,بسيط,101371,150,45,105,,غير متاح لدى المصدر,https://cdn.shopify.com/s/files/1/0935/9550/0847/files/Alejon-Antidandruff-Shampoo-200ml.webp?v=1754299142,منتج شامبو أليجون المضاد للقشرة 200 مل من ALEJON. التصنيف المرجعي: العناية بالشعر — بسيط. الوسوم المرجعية: Dandruff، Hair Care، Hair Concerns.,https://alfouadpharmacies.com/en/products/alejon-antidandruff-shampoo-200ml,AlFouad Pharmacies,Verify usage rights before commercial publication,غير مثبت,غير مثبت,مرجعي فقط — غير معتمد للنشر التجاري,بيانات مرجعية متاحة؛ يلزم تحقق PM,ضمن الفحص المبدئي
10569725641007,alejon-anti-dandruff-shampoo-120ml,شامبو أليخون المضاد للقشرة 120 مل,ALEJON,العناية بالشعر,العناية بالشعر,1,بسيط,96432,230,69,161,,متاح لدى المصدر,https://cdn.shopify.com/s/files/1/0935/9550/0847/files/Alejon-Anti-Dandruff-Shampoo-120ml.webp?v=1754299143,منتج شامبو أليخون المضاد للقشرة 120 مل من ALEJON. التصنيف المرجعي: العناية بالشعر — بسيط. الوسوم المرجعية: Dandruff، Hair Care، Hair Concerns.,https://alfouadpharmacies.com/en/products/alejon-anti-dandruff-shampoo-120ml,AlFouad Pharmacies,Verify usage rights before commercial publication,غير مثبت,غير مثبت,مرجعي فقط — غير معتمد للنشر التجاري,بيانات مرجعية متاحة؛ يلزم تحقق PM,ضمن الفحص المبدئي
10569726492975,alejon-hair-shampoo-200ml,شامبو أليخون للشعر 200 مل,ALEJON,العناية بالشعر,العناية بالشعر,1,بسيط,93554,275,82.5,192.5,,متاح لدى المصدر,https://cdn.shopify.com/s/files/1/0935/9550/0847/files/Alejon-Hair-Shampoo-200ml.webp?v=1754299129,منتج شامبو أليخون للشعر 200 مل من ALEJON. التصنيف المرجعي: العناية بالشعر — بسيط. الوسوم المرجعية: Hair Care، Hair Concerns، Hair Loss، Hair Shampoo.,https://alfouadpharmacies.com/en/products/alejon-hair-shampoo-200ml,AlFouad Pharmacies,Verify usage rights before commercial publication,غير مثبت,غير مثبت,مرجعي فقط — غير معتمد للنشر التجاري,بيانات مرجعية متاحة؛ يلزم تحقق PM,ضمن الفحص المبدئي
10569733898543,anivagene-shampoo-fman-200ml,شامبو أنيفاجين للرجال والنساء 200 مل,Anivagene,العناية بالشعر,العناية بالشعر,1,بسيط,108979,465,139.5,325.5,,متاح لدى المصدر,https://cdn.shopify.com/s/files/1/0935/9550/0847/files/ANIVAGENE-SHAMPOO-MAN-200-ML-Anwar-Store-83_1024x1024_bea33899-69db-48ae-a1cf-48a94ff8fb66.webp?v=1754299005,منتج شامبو أنيفاجين للرجال والنساء 200 مل من Anivagene. التصنيف المرجعي: العناية بالشعر — بسيط. الوسوم المرجعية: Hair Care، Hair Concerns، Hair Growth، Hair Loss، Hair Shampoo.,https://alfouadpharmacies.com/en/products/anivagene-shampoo-fman-200ml,AlFouad Pharmacies,Verify usage rights before commercial publication,غير مثبت,غير مثبت,مرجعي فقط — غير معتمد للنشر التجاري,بيانات مرجعية متاحة؛ يلزم تحقق PM,ضمن الفحص المبدئي
10569733964079,anivagene-shampoo-fwoman-200ml,شامبو أنيفاجين للسيدات 200 مل,Anivagene,العناية بالشعر,العناية بالشعر,1,بسيط,108978,465,139.5,325.5,,متاح لدى المصدر,https://cdn.shopify.com/s/files/1/0935/9550/0847/files/ANIVAGENE-SHAMPOO-WOMAN-200ML-Anwar-Store-603_1024x1024_484c71a9-2e8e-45ac-87f6-e5729c7a95b2.webp?v=1754299004,منتج شامبو أنيفاجين للسيدات 200 مل من Anivagene. التصنيف المرجعي: العناية بالشعر — بسيط. الوسوم المرجعية: Hair Care، Hair Concerns، Hair Growth، Hair Loss، Hair Shampoo.,https://alfouadpharmacies.com/en/products/anivagene-shampoo-fwoman-200ml,AlFouad Pharmacies,Verify usage rights before commercial publication,غير مثبت,غير مثبت,مرجعي فقط — غير معتمد للنشر التجاري,بيانات مرجعية متاحة؛ يلزم تحقق PM,ضمن الفحص المبدئي
10569733865775,anivagene-shampoo-anti-dandruff-200ml,شامبو أنيفاجين مضاد للقشرة 200 مل,Anivagene,العناية بالشعر,العناية بالشعر,1,بسيط,31452,479,143.7,335.3,,متاح لدى المصدر,https://cdn.shopify.com/s/files/1/0935/9550/0847/files/Anivagene-Shampoo-Anti-Dandruff-200ML.webp?v=1754299005,منتج شامبو أنيفاجين مضاد للقشرة 200 مل من Anivagene. التصنيف المرجعي: العناية بالشعر — بسيط. الوسوم المرجعية: Dandruff، Hair Care، Hair Shampoo.,https://alfouadpharmacies.com/en/products/anivagene-shampoo-anti-dandruff-200ml,AlFouad Pharmacies,Verify usage rights before commercial publication,غير مثبت,غير مثبت,مرجعي فقط — غير معتمد للنشر التجاري,بيانات مرجعية متاحة؛ يلزم تحقق PM,ضمن الفحص المبدئي
10569917858095,ogx-shampoo-385ml-biotinampcollagen,شامبو أو جي إكس 385 مل بيوتين وكولاجين,OGX,العناية بالشعر,العناية بالشعر,1,بسيط,9062,350,105,245,,متاح لدى المصدر,https://cdn.shopify.com/s/files/1/0935/9550/0847/files/Ogx-Shampoo-385ML-BiotinCollagen.webp?v=1754297932,منتج شامبو أو جي إكس 385 مل بيوتين وكولاجين من OGX. التصنيف المرجعي: العناية بالشعر — بسيط. الوسوم المرجعية: Dry & Damadged Hair، Hair Care، Hair Concerns، Hair Shampoo.,https://alfouadpharmacies.com/en/products/ogx-shampoo-385ml-biotinampcollagen,AlFouad Pharmacies,Verify usage rights before commercial publication,غير مثبت,غير مثبت,مرجعي فقط — غير معتمد للنشر التجاري,بيانات مرجعية متاحة؛ يلزم تحقق PM,ضمن الفحص المبدئي
10569917956399,ogx-shampoo-385ml-biotinampcollagen-off,شامبو أو جي إكس 385 مل بيوتين وكولاجين (إوف),OGX,العناية بالشعر,العناية بالشعر,1,بسيط,9958,195,58.5,136.5,,غير متاح لدى المصدر,https://cdn.shopify.com/s/files/1/0935/9550/0847/files/Ogx-Shampoo-385ML-BiotinCollagen-Off.webp?v=1754297931,منتج شامبو أو جي إكس 385 مل بيوتين وكولاجين (إوف) من OGX. التصنيف المرجعي: العناية بالشعر — بسيط. الوسوم المرجعية: Dry & Damadged Hair، Hair Care، Hair Concerns، Hair Shampoo.,https://alfouadpharmacies.com/en/products/ogx-shampoo-385ml-biotinampcollagen-off,AlFouad Pharmacies,Verify usage rights before commercial publication,غير مثبت,غير مثبت,مرجعي فقط — غير معتمد للنشر التجاري,بيانات مرجعية متاحة؛ يلزم تحقق PM,ضمن الفحص المبدئي
10569918185775,ogx-shampoo-385ml-coconut-milk,شامبو أو جي إكس 385 مل حليب جوز الهند,OGX,العناية بالشعر,العناية بالشعر,1,بسيط,96660,350,105,245,,متاح لدى المصدر,https://cdn.shopify.com/s/files/1/0935/9550/0847/files/Ogx-Shampoo-385ML-Coconut-Milk.webp?v=1754297929,منتج شامبو أو جي إكس 385 مل حليب جوز الهند من OGX. التصنيف المرجعي: العناية بالشعر — بسيط. الوسوم المرجعية: Dry & Damadged Hair، Hair Care، Hair Concerns، Hair Shampoo.,https://alfouadpharmacies.com/en/products/ogx-shampoo-385ml-coconut-milk,AlFouad Pharmacies,Verify usage rights before commercial publication,غير مثبت,غير مثبت,مرجعي فقط — غير معتمد للنشر التجاري,بيانات مرجعية متاحة؛ يلزم تحقق PM,ضمن الفحص المبدئي
10569918251311,ogx-shampoo-385ml-coconut-milk-off,شامبو أو جي إكس 385 مل حليب جوز الهند  (خصم),OGX,العناية بالشعر,العناية بالشعر,1,بسيط,9226,195,58.5,136.5,,غير متاح لدى المصدر,https://cdn.shopify.com/s/files/1/0935/9550/0847/files/Ogx-Shampoo-385ML-Coconut-Milk-Off.webp?v=1754297929,منتج شامبو أو جي إكس 385 مل حليب جوز الهند  (خصم) من OGX. التصنيف المرجعي: العناية بالشعر — بسيط. الوسوم المرجعية: Dry & Damadged Hair، Hair Care، Hair Concerns، Hair Shampoo.,https://alfouadpharmacies.com/en/products/ogx-shampoo-385ml-coconut-milk-off,AlFouad Pharmacies,Verify usage rights before commercial publication,غير مثبت,غير مثبت,مرجعي فقط — غير معتمد للنشر التجاري,بيانات مرجعية متاحة؛ يلزم تحقق PM,ضمن الفحص المبدئي
10569918415151,ogx-shampoo-385ml-coconut-oil-miracle-off,شامبو أو جي إكس 385 مل زيت جوز الهند المعجز (مُنظف),OGX,العناية بالشعر,العناية بالشعر,1,بسيط,9240,195,58.5,136.5,,غير متاح لدى المصدر,https://cdn.shopify.com/s/files/1/0935/9550/0847/files/Ogx-Shampoo-385ML-Coconut-Oil-Miracle-Off.webp?v=1754297927,منتج شامبو أو جي إكس 385 مل زيت جوز الهند المعجز (مُنظف) من OGX. التصنيف المرجعي: العناية بالشعر — بسيط. الوسوم المرجعية: Dry & Damadged Hair، Hair Care، Hair Concerns، Hair Shampoo.,https://alfouadpharmacies.com/en/products/ogx-shampoo-385ml-coconut-oil-miracle-off,AlFouad Pharmacies,Verify usage rights before commercial publication,غير مثبت,غير مثبت,مرجعي فقط — غير معتمد للنشر التجاري,بيانات مرجعية متاحة؛ يلزم تحقق PM,ضمن الفحص المبدئي
10569918316847,ogx-shampoo-385ml-coconut-oil-miracle,شامبو أو جي إكس 385 مل زيت جوز الهند المعجزة,OGX,العناية بالشعر,العناية بالشعر,1,بسيط,11165,350,105,245,,متاح لدى المصدر,https://cdn.shopify.com/s/files/1/0935/9550/0847/files/Ogx-Shampoo-385ML-Coconut-Oil-Miracle.webp?v=1754297928,منتج شامبو أو جي إكس 385 مل زيت جوز الهند المعجزة من OGX. التصنيف المرجعي: العناية بالشعر — بسيط. الوسوم المرجعية: Dry & Damadged Hair، Hair Care، Hair Concerns، Hair Shampoo.,https://alfouadpharmacies.com/en/products/ogx-shampoo-385ml-coconut-oil-miracle,AlFouad Pharmacies,Verify usage rights before commercial publication,غير مثبت,غير مثبت,مرجعي فقط — غير معتمد للنشر التجاري,بيانات مرجعية متاحة؛ يلزم تحقق PM,ضمن الفحص المبدئي
10569918054703,ogx-shampoo-385ml-brazilian-keratin,شامبو أو جي إكس 385 مل، الكيراتين البرازيلي,OGX,العناية بالشعر,العناية بالشعر,1,بسيط,96476,350,105,245,,متاح لدى المصدر,https://cdn.shopify.com/s/files/1/0935/9550/0847/files/Ogx-Shampoo-385ML-Brazilian-Keratin.webp?v=1754297930,منتج شامبو أو جي إكس 385 مل، الكيراتين البرازيلي من OGX. التصنيف المرجعي: العناية بالشعر — بسيط. الوسوم المرجعية: Dry & Damadged Hair، Hair Care، Hair Concerns، Hair Shampoo.,https://alfouadpharmacies.com/en/products/ogx-shampoo-385ml-brazilian-keratin,AlFouad Pharmacies,Verify usage rights before commercial publication,غير مثبت,غير مثبت,مرجعي فقط — غير معتمد للنشر التجاري,بيانات مرجعية متاحة؛ يلزم تحقق PM,ضمن الفحص المبدئي
10569917792559,ogx-shampoo-385ml-argan,شامبو أو جي إكس 385 مل، زيت الأرغان,OGX,العناية بالشعر,العناية بالشعر,1,بسيط,98284,350,105,245,,متاح لدى المصدر,https://cdn.shopify.com/s/files/1/0935/9550/0847/files/Ogx-Shampoo-385ML-Argan.webp?v=1754297933,منتج شامبو أو جي إكس 385 مل، زيت الأرغان من OGX. التصنيف المرجعي: العناية بالشعر — بسيط. الوسوم المرجعية: Dry & Damadged Hair، Hair Care، Hair Concerns، Hair Shampoo.,https://alfouadpharmacies.com/en/products/ogx-shampoo-385ml-argan,AlFouad Pharmacies,Verify usage rights before commercial publication,غير مثبت,غير مثبت,مرجعي فقط — غير معتمد للنشر التجاري,بيانات مرجعية متاحة؛ يلزم تحقق PM,ضمن الفحص المبدئي
16153912639791,شامبو-أو-جي-إكس-روزماري-ومينت-لتنقية-فروة-الرأس-385-مل,شامبو أو جي إكس روزماري ومينت لتنقية فروة الرأس 385 مل,OGX,العناية بالشعر,العناية بالشعر,1,شامبو,117897,350,105,245,,متاح لدى المصدر,https://cdn.shopify.com/s/files/1/0935/9550/0847/files/OGX_Rosemary_Mint_Shampoo_1615x1615_366e5f74-f7f3-4398-aeba-f3bc3f4467a9.webp?v=1788426603,منتج شامبو أو جي إكس روزماري ومينت لتنقية فروة الرأس 385 مل من OGX. التصنيف المرجعي: العناية بالشعر — شامبو. الوسوم المرجعية: Hair Care، Hair Concerns، Hair Shampoo، OGX.,https://alfouadpharmacies.com/en/products/شامبو-أو-جي-إكس-روزماري-ومينت-لتنقية-فروة-الرأس-385-مل,AlFouad Pharmacies,Verify usage rights before commercial publication,غير مثبت,غير مثبت,مرجعي فقط — غير معتمد للنشر التجاري,بيانات مرجعية متاحة؛ يلزم تحقق PM,ضمن الفحص المبدئي
12689564664111,ogx-shampoo-385ml-colour-retention,شامبو أو جي إكس للحفاظ على لون الشعر 385 مل,OGX,العناية بالشعر,العناية بالشعر,1,,113496,370,111,259,,غير متاح لدى المصدر,https://cdn.shopify.com/s/files/1/0935/9550/0847/files/ogx_colour_retention_shampoo_1615x1615_white_bg.webp?v=1771759796,منتج شامبو أو جي إكس للحفاظ على لون الشعر 385 مل من OGX. التصنيف المرجعي: العناية بالشعر. الوسوم المرجعية: Hair Care، Hair Shampoo، OGX.,https://alfouadpharmacies.com/en/products/ogx-shampoo-385ml-colour-retention,AlFouad Pharmacies,Verify usage rights before commercial publication,غير مثبت,غير مثبت,مرجعي فقط — غير معتمد للنشر التجاري,بيانات مرجعية متاحة؛ يلزم تحقق PM,ضمن الفحص المبدئي
10569829941551,olaplex-no4-shampoo-bond-250ml,شامبو أولابليكس رقم 4 بوند 250 مل ,OLAPLEX,العناية بالشعر,العناية بالشعر,1,بسيط,93363,2250,675,1575,,متاح لدى المصدر,https://cdn.shopify.com/s/files/1/0935/9550/0847/files/Olaplex-NO.4-Shampoo-Bond-250ML.webp?v=1754298595,منتج شامبو أولابليكس رقم 4 بوند 250 مل  من OLAPLEX. التصنيف المرجعي: العناية بالشعر — بسيط. الوسوم المرجعية: Anti-Frizz، Dry & Damadged Hair، Hair Care، Hair Concerns، Hair Shampoo.,https://alfouadpharmacies.com/en/products/olaplex-no4-shampoo-bond-250ml,AlFouad Pharmacies,Verify usage rights before commercial publication,غير مثبت,غير مثبت,مرجعي فقط — غير معتمد للنشر التجاري,بيانات مرجعية متاحة؛ يلزم تحقق PM,ضمن الفحص المبدئي
10569830007087,olaplex-no4c-clarifying-shampoo-250ml,شامبو أولابليكس رقم 4 سي المنقي 250 مل,OLAPLEX,العناية بالشعر,العناية بالشعر,1,بسيط,17686,1950,585,1365,,غير متاح لدى المصدر,https://cdn.shopify.com/s/files/1/0935/9550/0847/files/Olaplex-NO.4C-Clarifying-Shampoo-250ML.webp?v=1754298594,منتج شامبو أولابليكس رقم 4 سي المنقي 250 مل من OLAPLEX. التصنيف المرجعي: العناية بالشعر — بسيط. الوسوم المرجعية: Deep Repair، Hair Care، Hair Concerns، Hair Refresh، Hair Shampoo، Scalp Care.,https://alfouadpharmacies.com/en/products/olaplex-no4c-clarifying-shampoo-250ml,AlFouad Pharmacies,Verify usage rights before commercial publication,غير مثبت,غير مثبت,مرجعي فقط — غير معتمد للنشر التجاري,بيانات مرجعية متاحة؛ يلزم تحقق PM,ضمن الفحص المبدئي
10569861464367,en-liven-shampoo-400ml-appleamp-taspberry,شامبو إن ليفن 400 مل تفاح وتوت بري,AlFouad Pharmacies,العناية بالشعر,العناية بالشعر,1,بسيط,83503,174.9,52.47,122.43,,غير متاح لدى المصدر,https://cdn.shopify.com/s/files/1/0935/9550/0847/files/En-Liven-Shampoo-400ML-Apple-Taspberry.webp?v=1754298327,منتج شامبو إن ليفن 400 مل تفاح وتوت بري من AlFouad Pharmacies. التصنيف المرجعي: العناية بالشعر — بسيط. الوسوم المرجعية: Dry & Damadged Hair، Hair Care، Hair Concerns، Hair Shampoo.,https://alfouadpharmacies.com/en/products/en-liven-shampoo-400ml-appleamp-taspberry,AlFouad Pharmacies,Verify usage rights before commercial publication,غير مثبت,غير مثبت,مرجعي فقط — غير معتمد للنشر التجاري,بيانات مرجعية متاحة؛ يلزم تحقق PM,ضمن الفحص المبدئي
10569861529903,en-liven-shampoo-400ml-coconut-vanilla,شامبو إن ليفن 400 مل، بنكهة جوز الهند والفانيليا,AlFouad Pharmacies,العناية بالشعر,العناية بالشعر,1,بسيط,31786,174.9,52.47,122.43,,غير متاح لدى المصدر,https://cdn.shopify.com/s/files/1/0935/9550/0847/files/En-Liven-Shampoo-400ML-Coconut-Vanilla.webp?v=1754298327,منتج شامبو إن ليفن 400 مل، بنكهة جوز الهند والفانيليا من AlFouad Pharmacies. التصنيف المرجعي: العناية بالشعر — بسيط. الوسوم المرجعية: Dry & Damadged Hair، Hair Care، Hair Concerns، Hair Shampoo.,https://alfouadpharmacies.com/en/products/en-liven-shampoo-400ml-coconut-vanilla,AlFouad Pharmacies,Verify usage rights before commercial publication,غير مثبت,غير مثبت,مرجعي فقط — غير معتمد للنشر التجاري,بيانات مرجعية متاحة؛ يلزم تحقق PM,ضمن الفحص المبدئي
10569729933615,infinity-top-hair-shampoo-250ml,شامبو إنفينيتي توب للشعر 250 مل,AlFouad Pharmacies,العناية بالشعر,العناية بالشعر,1,بسيط,,160,48,112,,غير متاح لدى المصدر,https://cdn.shopify.com/s/files/1/0935/9550/0847/files/Infinity-Top-Hair-Shampoo-250ml-2.webp?v=1754299071,منتج شامبو إنفينيتي توب للشعر 250 مل من AlFouad Pharmacies. التصنيف المرجعي: العناية بالشعر — بسيط. الوسوم المرجعية: Hair Care، Hair Concerns، Hair Loss، Hair Shampoo، Weak & Thin.,https://alfouadpharmacies.com/en/products/infinity-top-hair-shampoo-250ml,AlFouad Pharmacies,Verify usage rights before commercial publication,غير مثبت,غير مثبت,مرجعي فقط — غير معتمد للنشر التجاري,بيانات مرجعية متاحة؛ يلزم تحقق PM,ضمن الفحص المبدئي
10569728688431,eva-keratin-intensive-repair-shampoo-230ml,شامبو إيفا الكيراتيني لإصلاح الشعر المكثف 230 مل,AlFouad Pharmacies,العناية بالشعر,العناية بالشعر,1,بسيط,7733,120,36,84,,متاح لدى المصدر,https://cdn.shopify.com/s/files/1/0935/9550/0847/files/Eva_Keratin_Intensive_Repair_Shampoo_230ml.webp?v=1765179937,منتج شامبو إيفا الكيراتيني لإصلاح الشعر المكثف 230 مل من AlFouad Pharmacies. التصنيف المرجعي: العناية بالشعر — بسيط. الوسوم المرجعية: Dry & Damadged Hair، Hair Care، Hair Concerns، Hair Shampoo، Weak & Thin.,https://alfouadpharmacies.com/en/products/eva-keratin-intensive-repair-shampoo-230ml,AlFouad Pharmacies,Verify usage rights before commercial publication,غير مثبت,غير مثبت,مرجعي فقط — غير معتمد للنشر التجاري,بيانات مرجعية متاحة؛ يلزم تحقق PM,ضمن الفحص المبدئي
10569727738159,eva-keratin-shampoo-anti-dand-230ml,شامبو إيفا بالكيراتين المضاد للقشرة 230 مل,AlFouad Pharmacies,العناية بالشعر,العناية بالشعر,1,بسيط,109199,140,42,98,,متاح لدى المصدر,https://cdn.shopify.com/s/files/1/0935/9550/0847/files/Eva-Keratin-Shampoo-Anti-Dand-230ml.webp?v=1754299106,منتج شامبو إيفا بالكيراتين المضاد للقشرة 230 مل من AlFouad Pharmacies. التصنيف المرجعي: العناية بالشعر — بسيط. الوسوم المرجعية: Dandruff، Hair Care، Hair Concerns.,https://alfouadpharmacies.com/en/products/eva-keratin-shampoo-anti-dand-230ml,AlFouad Pharmacies,Verify usage rights before commercial publication,غير مثبت,غير مثبت,مرجعي فقط — غير معتمد للنشر التجاري,بيانات مرجعية متاحة؛ يلزم تحقق PM,ضمن الفحص المبدئي
12689768087855,eva-gold-argan-shampoo-230ml,شامبو إيفا جولد بالأرغان 230 مل,AlFouad Pharmacies,العناية بالشعر,العناية بالشعر,1,بسيط,90342,140,42,98,,متاح لدى المصدر,https://cdn.shopify.com/s/files/1/0935/9550/0847/files/Eva-Gold-Argan-Shampoo-230ml_ff614673-89d3-4ec2-a6db-e8bf63ca1146.webp?v=1771448510,منتج شامبو إيفا جولد بالأرغان 230 مل من AlFouad Pharmacies. التصنيف المرجعي: العناية بالشعر — بسيط. الوسوم المرجعية: Dry & Damadged Hair، Hair Care، Hair Concerns، Hair Shampoo.,https://alfouadpharmacies.com/en/products/eva-gold-argan-shampoo-230ml,AlFouad Pharmacies,Verify usage rights before commercial publication,غير مثبت,غير مثبت,مرجعي فقط — غير معتمد للنشر التجاري,بيانات مرجعية متاحة؛ يلزم تحقق PM,ضمن الفحص المبدئي
10569727869231,eva-recipe-berries-scent-shampoo-350ml,شامبو إيفا ريسبي برائحة التوت 350 مل,AlFouad Pharmacies,العناية بالشعر,العناية بالشعر,1,بسيط,12862,120,36,84,,متاح لدى المصدر,https://cdn.shopify.com/s/files/1/0935/9550/0847/files/Eva-Recipe-Berries-Scent-Shampoo-350ml.webp?v=1754299105,منتج شامبو إيفا ريسبي برائحة التوت 350 مل من AlFouad Pharmacies. التصنيف المرجعي: العناية بالشعر — بسيط. الوسوم المرجعية: Dry & Damadged Hair، Hair Care، Hair Concerns، Hair Shampoo.,https://alfouadpharmacies.com/en/products/eva-recipe-berries-scent-shampoo-350ml,AlFouad Pharmacies,Verify usage rights before commercial publication,غير مثبت,غير مثبت,مرجعي فقط — غير معتمد للنشر التجاري,بيانات مرجعية متاحة؛ يلزم تحقق PM,ضمن الفحص المبدئي
10569727901999,eva-recipe-marshmallow-scent-shampoo-350ml,شامبو إيفا ريسبي برائحة المارشميلو 350 مل,AlFouad Pharmacies,العناية بالشعر,العناية بالشعر,1,بسيط,12913,120,36,84,,متاح لدى المصدر,https://cdn.shopify.com/s/files/1/0935/9550/0847/files/Eva-Recipe-Marshmallow-Scent-Shampoo-350ml.webp?v=1754299104,منتج شامبو إيفا ريسبي برائحة المارشميلو 350 مل من AlFouad Pharmacies. التصنيف المرجعي: العناية بالشعر — بسيط. الوسوم المرجعية: Hair Care، Hair Concerns، Hair Shampoo، Weak & Thin.,https://alfouadpharmacies.com/en/products/eva-recipe-marshmallow-scent-shampoo-350ml,AlFouad Pharmacies,Verify usage rights before commercial publication,غير مثبت,غير مثبت,مرجعي فقط — غير معتمد للنشر التجاري,بيانات مرجعية متاحة؛ يلزم تحقق PM,ضمن الفحص المبدئي
10569728295215,eva-recipe-mocha-scent-shampoo-350ml,شامبو إيفا ريسبي برائحة الموكا 350 مل,AlFouad Pharmacies,العناية بالشعر,العناية بالشعر,1,بسيط,12640,120,36,84,,متاح لدى المصدر,https://cdn.shopify.com/s/files/1/0935/9550/0847/files/Eva-Recipe-Mocha-Scent-Shampoo-350ml.webp?v=1754299096,منتج شامبو إيفا ريسبي برائحة الموكا 350 مل من AlFouad Pharmacies. التصنيف المرجعي: العناية بالشعر — بسيط. الوسوم المرجعية: Hair Care، Hair Concerns، Hair Shampoo، Weak & Thin.,https://alfouadpharmacies.com/en/products/eva-recipe-mocha-scent-shampoo-350ml,AlFouad Pharmacies,Verify usage rights before commercial publication,غير مثبت,غير مثبت,مرجعي فقط — غير معتمد للنشر التجاري,بيانات مرجعية متاحة؛ يلزم تحقق PM,ضمن الفحص المبدئي
10569727836463,eva-recipe-coconut-scent-shampoo-350ml,شامبو إيفا ريسبي برائحة جوز الهند 350 مل,AlFouad Pharmacies,العناية بالشعر,العناية بالشعر,1,بسيط,12923,120,36,84,,متاح لدى المصدر,https://cdn.shopify.com/s/files/1/0935/9550/0847/files/Eva-Recipe-Coconut-Scent-Shampoo-350ml.webp?v=1754299105,منتج شامبو إيفا ريسبي برائحة جوز الهند 350 مل من AlFouad Pharmacies. التصنيف المرجعي: العناية بالشعر — بسيط. الوسوم المرجعية: Dry & Damadged Hair، Hair Care، Hair Concerns، Hair Shampoo.,https://alfouadpharmacies.com/en/products/eva-recipe-coconut-scent-shampoo-350ml,AlFouad Pharmacies,Verify usage rights before commercial publication,غير مثبت,غير مثبت,مرجعي فقط — غير معتمد للنشر التجاري,بيانات مرجعية متاحة؛ يلزم تحقق PM,ضمن الفحص المبدئي
10569728327983,eva-hair-clinic-curls-shampoo-230ml,شامبو إيفا هير كلينيك للشعر الكيرلي 230 مل,AlFouad Pharmacies,العناية بالشعر,العناية بالشعر,1,بسيط,93855,125,37.5,87.5,,متاح لدى المصدر,https://cdn.shopify.com/s/files/1/0935/9550/0847/files/Eva-Hair-Clinic-Curls-Shampoo-230ml_68e3d231-c1a0-43c2-962c-c619927928ee.webp?v=1771448492,منتج شامبو إيفا هير كلينيك للشعر الكيرلي 230 مل من AlFouad Pharmacies. التصنيف المرجعي: العناية بالشعر — بسيط. الوسوم المرجعية: Anti-Frizz، Curls Shampoo، Curly Hair، Hair Care، Hair Concerns.,https://alfouadpharmacies.com/en/products/eva-hair-clinic-curls-shampoo-230ml,AlFouad Pharmacies,Verify usage rights before commercial publication,غير مثبت,غير مثبت,مرجعي فقط — غير معتمد للنشر التجاري,بيانات مرجعية متاحة؛ يلزم تحقق PM,ضمن الفحص المبدئي
10569862447407,every-strand-shampoo-399ml-argan-oil,شامبو إيفري ستراند 399 مل بزيت الأرغان,AlFouad Pharmacies,العناية بالشعر,العناية بالشعر,1,بسيط,21844,534.9,160.47,374.43,,متاح لدى المصدر,https://cdn.shopify.com/s/files/1/0935/9550/0847/files/Every-Strand-Shampoo-399ML-Argan-Oil.webp?v=1754298318,منتج شامبو إيفري ستراند 399 مل بزيت الأرغان من AlFouad Pharmacies. التصنيف المرجعي: العناية بالشعر — بسيط. الوسوم المرجعية: Dry & Damadged Hair، Hair Care، Hair Concerns، Hair Shampoo.,https://alfouadpharmacies.com/en/products/every-strand-shampoo-399ml-argan-oil,AlFouad Pharmacies,Verify usage rights before commercial publication,غير مثبت,غير مثبت,مرجعي فقط — غير معتمد للنشر التجاري,بيانات مرجعية متاحة؛ يلزم تحقق PM,ضمن الفحص المبدئي
10569862480175,every-strand-shampoo-399ml-keratine-aloe,شامبو إيفري ستراند 399 مل، الكيراتين والألوفيرا,AlFouad Pharmacies,العناية بالشعر,العناية بالشعر,1,بسيط,21845,534.9,160.47,374.43,,متاح لدى المصدر,https://cdn.shopify.com/s/files/1/0935/9550/0847/files/Every-Strand-Shampoo-399ML-Keratine-Aloe.webp?v=1754298318,منتج شامبو إيفري ستراند 399 مل، الكيراتين والألوفيرا من AlFouad Pharmacies. التصنيف المرجعي: العناية بالشعر — بسيط. الوسوم المرجعية: Dry & Damadged Hair، Hair Care، Hair Concerns، Hair Shampoo.,https://alfouadpharmacies.com/en/products/every-strand-shampoo-399ml-keratine-aloe,AlFouad Pharmacies,Verify usage rights before commercial publication,غير مثبت,غير مثبت,مرجعي فقط — غير معتمد للنشر التجاري,بيانات مرجعية متاحة؛ يلزم تحقق PM,ضمن الفحص المبدئي
10569862512943,every-strand-shampoo-399ml-sheaampcoconut,شامبو إيفري ستراند 399 مل، زبدة الشيا وجوز الهند,AlFouad Pharmacies,العناية بالشعر,العناية بالشعر,1,بسيط,21798,534.9,160.47,374.43,,متاح لدى المصدر,https://cdn.shopify.com/s/files/1/0935/9550/0847/files/Every-Strand-Shampoo-399ML-SheaCoconut.webp?v=1754298317,منتج شامبو إيفري ستراند 399 مل، زبدة الشيا وجوز الهند من AlFouad Pharmacies. التصنيف المرجعي: العناية بالشعر — بسيط. الوسوم المرجعية: Dry & Damadged Hair، Hair Care، Hair Concerns، Hair Shampoo.,https://alfouadpharmacies.com/en/products/every-strand-shampoo-399ml-sheaampcoconut,AlFouad Pharmacies,Verify usage rights before commercial publication,غير مثبت,غير مثبت,مرجعي فقط — غير معتمد للنشر التجاري,بيانات مرجعية متاحة؛ يلزم تحقق PM,ضمن الفحص المبدئي
12689565024559,the-hair-addict-kids-bubble-trouble-sham-500ml,"شامبو الأطفال ""ذا هير أديكت"" برائحة الفقاعات ٥٠٠ مل ",The Hair Addict,العناية بالشعر,العناية بالشعر | العناية بالأطفال,2,,83126,340,102,238,0,متاح لدى المصدر,https://cdn.shopify.com/s/files/1/0935/9550/0847/files/TheHairAddictKidsBubbleTroubleSham500ML.webp?v=1771920545,"منتج شامبو الأطفال ""ذا هير أديكت"" برائحة الفقاعات ٥٠٠ مل  من The Hair Addict. التصنيف المرجعي: العناية بالشعر. الوسوم المرجعية: Hair Care، Hair Concerns، Hair Shampoo، Kids Hair.",https://alfouadpharmacies.com/en/products/the-hair-addict-kids-bubble-trouble-sham-500ml,AlFouad Pharmacies,Verify usage rights before commercial publication,غير مثبت,غير مثبت,مرجعي فقط — غير معتمد للنشر التجاري,بيانات مرجعية متاحة؛ يلزم تحقق PM,ضمن الفحص المبدئي
10569729507631,infinity-naturals-hair-shampoo-300ml,شامبو الشعر إنفينيتي ناتشورالز 300 مل,AlFouad Pharmacies,العناية بالشعر,العناية بالشعر,1,بسيط,,230,69,161,,غير متاح لدى المصدر,https://cdn.shopify.com/s/files/1/0935/9550/0847/files/Infinity-Naturals-Hair-Shampoo-300ml.webp?v=1754299076,منتج شامبو الشعر إنفينيتي ناتشورالز 300 مل من AlFouad Pharmacies. التصنيف المرجعي: العناية بالشعر — بسيط. الوسوم المرجعية: Dry & Damadged Hair، Hair Care، Hair Concerns، Hair Shampoo.,https://alfouadpharmacies.com/en/products/infinity-naturals-hair-shampoo-300ml,AlFouad Pharmacies,Verify usage rights before commercial publication,غير مثبت,غير مثبت,مرجعي فقط — غير معتمد للنشر التجاري,بيانات مرجعية متاحة؛ يلزم تحقق PM,ضمن الفحص المبدئي
10569725772079,avrelle-sheabutter-argan-hair-shampoo-400ml,شامبو الشعر افريل بزبدة الشيا والارجان 400 مل,Avrelle,العناية بالشعر,العناية بالشعر,1,بسيط,2869,395,118.5,276.5,0,متاح لدى المصدر,https://cdn.shopify.com/s/files/1/0935/9550/0847/files/Avrelle-Sheabutter-Argan-Hair-Shampoo-400ml.webp?v=1754299141,منتج شامبو الشعر افريل بزبدة الشيا والارجان 400 مل من Avrelle. التصنيف المرجعي: العناية بالشعر — بسيط. الوسوم المرجعية: Dry & Damadged Hair، Hair Care، Hair Concerns، Hair Shampoo.,https://alfouadpharmacies.com/en/products/avrelle-sheabutter-argan-hair-shampoo-400ml,AlFouad Pharmacies,Verify usage rights before commercial publication,غير مثبت,غير مثبت,مرجعي فقط — غير معتمد للنشر التجاري,بيانات مرجعية متاحة؛ يلزم تحقق PM,ضمن الفحص المبدئي
12689702027567,mood-vitamin-shock-plus-strengthening-hair-shampoo-400ml,شامبو الشعر المعزز بالفيتامينات من مود، لتنقية الشعر وتقويته، 400 مل.,MOOD,العناية بالشعر,العناية بالشعر,1,بسيط,112423,135,40.5,94.5,189,متاح لدى المصدر,https://cdn.shopify.com/s/files/1/0935/9550/0847/files/MoodVitaminShockPlusStrengtheningHairShampoo400ml.webp?v=1771845051,منتج شامبو الشعر المعزز بالفيتامينات من مود، لتنقية الشعر وتقويته، 400 مل. من MOOD. التصنيف المرجعي: العناية بالشعر — بسيط. الوسوم المرجعية: Hair Care، Hair Concerns، Hair Defining & Volume، Hair Growth، Hair Shampoo، mood offer، Weak & Thin.,https://alfouadpharmacies.com/en/products/mood-vitamin-shock-plus-strengthening-hair-shampoo-400ml,AlFouad Pharmacies,Verify usage rights before commercial publication,غير مثبت,غير مثبت,مرجعي فقط — غير معتمد للنشر التجاري,بيانات مرجعية متاحة؛ يلزم تحقق PM,ضمن الفحص المبدئي
12689540940079,chi-keratine-hair-shampoo-355ml,شامبو الشعر بالكيراتين من تشي 355 مل,chi,العناية بالشعر,العناية بالشعر,1,,114034,790,237,553,,متاح لدى المصدر,https://cdn.shopify.com/s/files/1/0935/9550/0847/files/CHI_Keratin_Reconstructing_Shampoo_1615x1615_63545da0-29a4-44ed-96b8-a4e3e73ebde8.webp?v=1771757441,منتج شامبو الشعر بالكيراتين من تشي 355 مل من chi. التصنيف المرجعي: العناية بالشعر. الوسوم المرجعية: Dry & Damadged Hair، Hair Care، Hair Shampoo.,https://alfouadpharmacies.com/en/products/chi-keratine-hair-shampoo-355ml,AlFouad Pharmacies,Verify usage rights before commercial publication,غير مثبت,غير مثبت,مرجعي فقط — غير معتمد للنشر التجاري,بيانات مرجعية متاحة؛ يلزم تحقق PM,ضمن الفحص المبدئي
12689540972847,chi-infra-hair-shampoo-355ml,شامبو الشعر تشي إنفرا 355 مل,chi,العناية بالشعر,العناية بالشعر,1,,87396,725,217.5,507.5,,متاح لدى المصدر,https://cdn.shopify.com/s/files/1/0935/9550/0847/files/CHI_Infra_Shampoo_1615x1615_f5ea30d8-362c-4dad-b37c-933ab8c5bd3a.webp?v=1771757085,منتج شامبو الشعر تشي إنفرا 355 مل من chi. التصنيف المرجعي: العناية بالشعر. الوسوم المرجعية: Dry & Damadged Hair، Hair Care، Hair Shampoo.,https://alfouadpharmacies.com/en/products/chi-infra-hair-shampoo-355ml,AlFouad Pharmacies,Verify usage rights before commercial publication,غير مثبت,غير مثبت,مرجعي فقط — غير معتمد للنشر التجاري,بيانات مرجعية متاحة؛ يلزم تحقق PM,ضمن الفحص المبدئي
10570011279663,nawah-hair-shampoo-100ml,شامبو الشعر نواه 100 مل,NAWAH,العناية بالشعر,العناية بالشعر,1,بسيط,112947,150,45,105,,غير متاح لدى المصدر,https://cdn.shopify.com/s/files/1/0935/9550/0847/files/517EUdgjUGL.webp?v=1754297059,منتج شامبو الشعر نواه 100 مل من NAWAH. التصنيف المرجعي: العناية بالشعر — بسيط. الوسوم المرجعية: Anti-Frizz، Dandruff، Dry & Damadged Hair، Hair Care، Hair Concerns، Hair Loss، Hair Shampoo.,https://alfouadpharmacies.com/en/products/nawah-hair-shampoo-100ml,AlFouad Pharmacies,Verify usage rights before commercial publication,غير مثبت,غير مثبت,مرجعي فقط — غير معتمد للنشر التجاري,بيانات مرجعية متاحة؛ يلزم تحقق PM,ضمن الفحص المبدئي
10569727344943,complete-care-scalp-hair-clear-shampoo-60ml,شامبو العناية الكاملة بفروة الرأس والشعر 60 مل,AlFouad Pharmacies,العناية بالشعر,العناية بالشعر,1,بسيط,,50,15,35,,غير متاح لدى المصدر,https://cdn.shopify.com/s/files/1/0935/9550/0847/files/Complete-Care-Scalp-Hair-Clearing-Serum-60ml-1.webp?v=1754299113,منتج شامبو العناية الكاملة بفروة الرأس والشعر 60 مل من AlFouad Pharmacies. التصنيف المرجعي: العناية بالشعر — بسيط. الوسوم المرجعية: Hair Care، Hair Concerns، Hair Shampoo، Scalp Care.,https://alfouadpharmacies.com/en/products/complete-care-scalp-hair-clear-shampoo-60ml,AlFouad Pharmacies,Verify usage rights before commercial publication,غير مثبت,غير مثبت,مرجعي فقط — غير معتمد للنشر التجاري,بيانات مرجعية متاحة؛ يلزم تحقق PM,ضمن الفحص المبدئي
10569867821359,batiste-dry-shampoo-200ml-nice,شامبو باتيست الجاف 200 مل، جيد.,AlFouad Pharmacies,العناية بالشعر,العناية بالشعر,1,بسيط,112121,520,156,364,,غير متاح لدى المصدر,https://cdn.shopify.com/s/files/1/0935/9550/0847/files/Batiste-Dry-Shampoo-200ML-Nice.webp?v=1754298271,منتج شامبو باتيست الجاف 200 مل، جيد. من AlFouad Pharmacies. التصنيف المرجعي: العناية بالشعر — بسيط. الوسوم المرجعية: Dry Shampoo، Hair Care، Hair Concerns، Hair Refresh، Scalp Care.,https://alfouadpharmacies.com/en/products/batiste-dry-shampoo-200ml-nice,AlFouad Pharmacies,Verify usage rights before commercial publication,غير مثبت,غير مثبت,مرجعي فقط — غير معتمد للنشر التجاري,بيانات مرجعية متاحة؛ يلزم تحقق PM,ضمن الفحص المبدئي
10569889710383,batiste-dry-shampoo-200ml-tropical,شامبو باتيست الجاف 200 مل، رائحة استوائية,AlFouad Pharmacies,العناية بالشعر,العناية بالشعر,1,بسيط,103779,520,156,364,,متاح لدى المصدر,https://cdn.shopify.com/s/files/1/0935/9550/0847/files/Batiste-Dry-Shampoo-200ML-Tropical.webp?v=1754298269,منتج شامبو باتيست الجاف 200 مل، رائحة استوائية من AlFouad Pharmacies. التصنيف المرجعي: العناية بالشعر — بسيط. الوسوم المرجعية: Dry Shampoo، Hair Care، Hair Concerns، Hair Refresh، Scalp Care.,https://alfouadpharmacies.com/en/products/batiste-dry-shampoo-200ml-tropical,AlFouad Pharmacies,Verify usage rights before commercial publication,غير مثبت,غير مثبت,مرجعي فقط — غير معتمد للنشر التجاري,بيانات مرجعية متاحة؛ يلزم تحقق PM,ضمن الفحص المبدئي
10569867755823,batiste-dry-shampoo-200ml-fresh,شامبو باتيست الجاف 200 مل، رائحة منعشة,AlFouad Pharmacies,العناية بالشعر,العناية بالشعر,1,بسيط,21511,520,156,364,,متاح لدى المصدر,https://cdn.shopify.com/s/files/1/0935/9550/0847/files/Batiste-Dry-Shampoo-200ML-Fresh.webp?v=1754298271,منتج شامبو باتيست الجاف 200 مل، رائحة منعشة من AlFouad Pharmacies. التصنيف المرجعي: العناية بالشعر — بسيط. الوسوم المرجعية: Dry Shampoo، Hair Care، Hair Concerns، Hair Refresh، Scalp Care.,https://alfouadpharmacies.com/en/products/batiste-dry-shampoo-200ml-fresh,AlFouad Pharmacies,Verify usage rights before commercial publication,غير مثبت,غير مثبت,مرجعي فقط — غير معتمد للنشر التجاري,بيانات مرجعية متاحة؛ يلزم تحقق PM,ضمن الفحص المبدئي
10569867723055,batiste-dry-shampoo-200ml-divine-dark,شامبو باتيست الجاف 200 مل، لون داكن جداً,AlFouad Pharmacies,العناية بالشعر,العناية بالشعر,1,بسيط,24779,520,156,364,,غير متاح لدى المصدر,https://cdn.shopify.com/s/files/1/0935/9550/0847/files/Batiste-Dry-Shampoo-200ML-Divine-Dark.webp?v=1754298272,منتج شامبو باتيست الجاف 200 مل، لون داكن جداً من AlFouad Pharmacies. التصنيف المرجعي: العناية بالشعر — بسيط. الوسوم المرجعية: Dry Shampoo، Hair Care، Hair Color، Hair Concerns، Hair Refresh، Scalp Care.,https://alfouadpharmacies.com/en/products/batiste-dry-shampoo-200ml-divine-dark,AlFouad Pharmacies,Verify usage rights before commercial publication,غير مثبت,غير مثبت,مرجعي فقط — غير معتمد للنشر التجاري,بيانات مرجعية متاحة؛ يلزم تحقق PM,ضمن الفحص المبدئي
10569867264303,batiste-dry-shampoo-200ml-blush,شامبو باتيست الجاف 200 مل، لون روزي,AlFouad Pharmacies,العناية بالشعر,العناية بالشعر,1,بسيط,103781,480,144,336,,متاح لدى المصدر,https://cdn.shopify.com/s/files/1/0935/9550/0847/files/Batiste-Dry-Shampoo-200ML-Blush.webp?v=1754298275,منتج شامبو باتيست الجاف 200 مل، لون روزي من AlFouad Pharmacies. التصنيف المرجعي: العناية بالشعر — بسيط. الوسوم المرجعية: Dry Shampoo، Hair Care، Hair Concerns، Hair Refresh، Scalp Care.,https://alfouadpharmacies.com/en/products/batiste-dry-shampoo-200ml-blush,AlFouad Pharmacies,Verify usage rights before commercial publication,غير مثبت,غير مثبت,مرجعي فقط — غير معتمد للنشر التجاري,بيانات مرجعية متاحة؛ يلزم تحقق PM,ضمن الفحص المبدئي
10569867526447,batiste-dry-shampoo-200ml-cherry,شامبو باتيست الجاف 200 مل، نكهة الكرز,AlFouad Pharmacies,العناية بالشعر,العناية بالشعر,1,بسيط,21506,480,144,336,,متاح لدى المصدر,https://cdn.shopify.com/s/files/1/0935/9550/0847/files/Untitleddesign-25_f1095a36-eee5-4b06-8d4e-b37883f24c00.webp?v=1754298274,منتج شامبو باتيست الجاف 200 مل، نكهة الكرز من AlFouad Pharmacies. التصنيف المرجعي: العناية بالشعر — بسيط. الوسوم المرجعية: Dry Shampoo، Hair Care، Hair Concerns، Hair Refresh، Scalp Care.,https://alfouadpharmacies.com/en/products/batiste-dry-shampoo-200ml-cherry,AlFouad Pharmacies,Verify usage rights before commercial publication,غير مثبت,غير مثبت,مرجعي فقط — غير معتمد للنشر التجاري,بيانات مرجعية متاحة؛ يلزم تحقق PM,ضمن الفحص المبدئي
10569867886895,batiste-dry-shampoo-200ml-original,شامبو بايتست الجاف 200 مل الأصلي,AlFouad Pharmacies,العناية بالشعر,العناية بالشعر,1,بسيط,103780,480,144,336,,متاح لدى المصدر,https://cdn.shopify.com/s/files/1/0935/9550/0847/files/Batiste-Dry-Shampoo-200ML-Original.webp?v=1754298270,منتج شامبو بايتست الجاف 200 مل الأصلي من AlFouad Pharmacies. التصنيف المرجعي: العناية بالشعر — بسيط. الوسوم المرجعية: Dry Shampoo، Hair Care، Hair Concerns، Hair Refresh، Scalp Care.,https://alfouadpharmacies.com/en/products/batiste-dry-shampoo-200ml-original,AlFouad Pharmacies,Verify usage rights before commercial publication,غير مثبت,غير مثبت,مرجعي فقط — غير معتمد للنشر التجاري,بيانات مرجعية متاحة؛ يلزم تحقق PM,ضمن الفحص المبدئي
12689485693231,aroma-argan-oil-shampoo-330ml,شامبو بزيت الأرغان العطري 330 مل,AROMA,العناية بالشعر,العناية بالشعر,1,,95230,1382.5,414.75,967.75,,متاح لدى المصدر,https://cdn.shopify.com/s/files/1/0935/9550/0847/files/AROMAARGANOILSHAMPOO330ML.webp?v=1771930152,منتج شامبو بزيت الأرغان العطري 330 مل من AROMA. التصنيف المرجعي: العناية بالشعر. الوسوم المرجعية: Dry & Damadged Hair، Hair Care، Hair Shampoo.,https://alfouadpharmacies.com/en/products/aroma-argan-oil-shampoo-330ml,AlFouad Pharmacies,Verify usage rights before commercial publication,غير مثبت,غير مثبت,مرجعي فقط — غير معتمد للنشر التجاري,بيانات مرجعية متاحة؛ يلزم تحقق PM,ضمن الفحص المبدئي
10569740321071,شامبو-بيونيكس-أورجان-المضاد-لتساقط-الشعر-للشعر-الجاف-300-مل,شامبو بيونيكس أورجان المضاد لتساقط الشعر للشعر الجاف 300 مل,BIONNEX,العناية بالشعر,العناية بالشعر,1,شامبو ضد القشره ,8598,479,143.7,335.3,,متاح لدى المصدر,https://cdn.shopify.com/s/files/1/0935/9550/0847/files/bionnex_anti_hair_loss_shampoo_1615.webp?v=1789887374,منتج شامبو بيونيكس أورجان المضاد لتساقط الشعر للشعر الجاف 300 مل من BIONNEX. التصنيف المرجعي: العناية بالشعر — شامبو ضد القشره . الوسوم المرجعية: Dry & Damadged Hair، Hair Care، Hair Concerns، Hair Growth، Hair Loss، Hair Shampoo.,https://alfouadpharmacies.com/en/products/شامبو-بيونيكس-أورجان-المضاد-لتساقط-الشعر-للشعر-الجاف-300-مل,AlFouad Pharmacies,Verify usage rights before commercial publication,غير مثبت,غير مثبت,مرجعي فقط — غير معتمد للنشر التجاري,بيانات مرجعية متاحة؛ يلزم تحقق PM,ضمن الفحص المبدئي
10569740353839,شامبو-بيونيكس-أورجان-المضاد-لتساقط-الشعر-للشعر-الدهني-300-مل,شامبو بيونيكس أورجان المضاد لتساقط الشعر للشعر الدهني 300 مل,BIONNEX,العناية بالشعر,العناية بالشعر,1,شامبو ضد القشره ,8570,479,143.7,335.3,,متاح لدى المصدر,https://cdn.shopify.com/s/files/1/0935/9550/0847/files/bionnex_anti_hair_loss_oily_hair_1615.webp?v=1789887477,منتج شامبو بيونيكس أورجان المضاد لتساقط الشعر للشعر الدهني 300 مل من BIONNEX. التصنيف المرجعي: العناية بالشعر — شامبو ضد القشره . الوسوم المرجعية: Hair Care، Hair Concerns، Hair Growth، Hair Loss.,https://alfouadpharmacies.com/en/products/شامبو-بيونيكس-أورجان-المضاد-لتساقط-الشعر-للشعر-الدهني-300-مل,AlFouad Pharmacies,Verify usage rights before commercial publication,غير مثبت,غير مثبت,مرجعي فقط — غير معتمد للنشر التجاري,بيانات مرجعية متاحة؛ يلزم تحقق PM,ضمن الفحص المبدئي
10569740288303,bionnex-organ-anti-hair-loss-shamp-antidandruff-300ml,شامبو بيونيكس أورجان المضاد لتساقط الشعر ومضاد للقشرة 300 مل,BIONNEX,العناية بالشعر,العناية بالشعر,1,بسيط,8597,479,143.7,335.3,,متاح لدى المصدر,https://cdn.shopify.com/s/files/1/0935/9550/0847/files/1_-_2026-07-29T115002.707.webp?v=1785315018,منتج شامبو بيونيكس أورجان المضاد لتساقط الشعر ومضاد للقشرة 300 مل من BIONNEX. التصنيف المرجعي: العناية بالشعر — بسيط. الوسوم المرجعية: Dandruff، Hair Care، Hair Concerns، Hair Loss، Hair Shampoo، Scalp Care.,https://alfouadpharmacies.com/en/products/bionnex-organ-anti-hair-loss-shamp-antidandruff-300ml,AlFouad Pharmacies,Verify usage rights before commercial publication,غير مثبت,غير مثبت,مرجعي فقط — غير معتمد للنشر التجاري,بيانات مرجعية متاحة؛ يلزم تحقق PM,ضمن الفحص المبدئي
10569740189999,bionnex-organ-anti-dandruff-shamp-all-type-300ml,شامبو بيونيكس أورجان المضاد للقشرة لجميع أنواع الشعر 300 مل,BIONNEX,العناية بالشعر,العناية بالشعر,1,بسيط,8536,479,143.7,335.3,,متاح لدى المصدر,https://cdn.shopify.com/s/files/1/0935/9550/0847/files/1_-_2026-07-29T114633.166.webp?v=1785314827,منتج شامبو بيونيكس أورجان المضاد للقشرة لجميع أنواع الشعر 300 مل من BIONNEX. التصنيف المرجعي: العناية بالشعر — بسيط. الوسوم المرجعية: Dandruff، Hair Care، Hair Concerns، Hair Shampoo.,https://alfouadpharmacies.com/en/products/bionnex-organ-anti-dandruff-shamp-all-type-300ml,AlFouad Pharmacies,Verify usage rights before commercial publication,غير مثبت,غير مثبت,مرجعي فقط — غير معتمد للنشر التجاري,بيانات مرجعية متاحة؛ يلزم تحقق PM,ضمن الفحص المبدئي
10569926050095,tresemme-shampoo-600ml-botanix-coconut,شامبو تريزمي بوتانيكس جوز الهند 600 مل,Tresemme,العناية بالشعر,العناية بالشعر,1,شامبو,102001,265,79.5,185.5,,غير متاح لدى المصدر,https://cdn.shopify.com/s/files/1/0935/9550/0847/files/TRESemme_Coconut_Nourish_Shampoo_1615x1615_1f6531a2-2101-4eeb-82c1-a62a34409a34.webp?v=1773225463,منتج شامبو تريزمي بوتانيكس جوز الهند 600 مل من Tresemme. التصنيف المرجعي: العناية بالشعر — شامبو. الوسوم المرجعية: Dry & Damadged Hair، Hair Care، Hair Concerns، Hair Shampoo.,https://alfouadpharmacies.com/en/products/tresemme-shampoo-600ml-botanix-coconut,AlFouad Pharmacies,Verify usage rights before commercial publication,غير مثبت,غير مثبت,مرجعي فقط — غير معتمد للنشر التجاري,بيانات مرجعية متاحة؛ يلزم تحقق PM,ضمن الفحص المبدئي
10569925263663,tresemme-sh-250ml-pro-color-sulfate-free-off,شامبو تريسمي 250 مل برو كولور خالٍ من الكبريتات - عرض خاص,Tresemme off,العناية بالشعر,العناية بالشعر,1,بسيط,14628,156,46.8,109.2,,غير متاح لدى المصدر,https://cdn.shopify.com/s/files/1/0935/9550/0847/files/Tresemme-Sh-250ML-Pro-Color-Sulfate-Free-Off.webp?v=1754297828,منتج شامبو تريسمي 250 مل برو كولور خالٍ من الكبريتات - عرض خاص من Tresemme off. التصنيف المرجعي: العناية بالشعر — بسيط. الوسوم المرجعية: Dry & Damadged Hair، Hair Care، Hair Concerns، Hair Shampoo.,https://alfouadpharmacies.com/en/products/tresemme-sh-250ml-pro-color-sulfate-free-off,AlFouad Pharmacies,Verify usage rights before commercial publication,غير مثبت,غير مثبت,مرجعي فقط — غير معتمد للنشر التجاري,بيانات مرجعية متاحة؛ يلزم تحقق PM,ضمن الفحص المبدئي
10569925525807,tresemme-shampoo-250ml-pro-keratin-sulfate-free,شامبو تريسمي 250 مل برو كيراتين خالٍ من الكبريتات,Tresemme,العناية بالشعر,العناية بالشعر,1,بسيط,8896,175,52.5,122.5,,غير متاح لدى المصدر,https://cdn.shopify.com/s/files/1/0935/9550/0847/files/Tresemme-Shampoo-250ML-Pro-Keratin-Sulfate-Free.webp?v=1754297825,منتج شامبو تريسمي 250 مل برو كيراتين خالٍ من الكبريتات من Tresemme. التصنيف المرجعي: العناية بالشعر — بسيط. الوسوم المرجعية: Dry & Damadged Hair، Hair Care، Hair Concerns، Hair Shampoo.,https://alfouadpharmacies.com/en/products/tresemme-shampoo-250ml-pro-keratin-sulfate-free,AlFouad Pharmacies,Verify usage rights before commercial publication,غير مثبت,غير مثبت,مرجعي فقط — غير معتمد للنشر التجاري,بيانات مرجعية متاحة؛ يلزم تحقق PM,ضمن الفحص المبدئي
10569925394735,tresemme-sh-250ml-pro-keratin-sulfate-free-off,شامبو تريسمي 250 مل برو كيراتين خالٍ من الكبريتات - عرض خاص,Tresemme off,العناية بالشعر,العناية بالشعر,1,بسيط,14646,156,46.8,109.2,,غير متاح لدى المصدر,https://cdn.shopify.com/s/files/1/0935/9550/0847/files/Tresemme-Sh-250ML-Pro-Keratin-Sulfate-Free-Off.webp?v=1754297827,منتج شامبو تريسمي 250 مل برو كيراتين خالٍ من الكبريتات - عرض خاص من Tresemme off. التصنيف المرجعي: العناية بالشعر — بسيط. الوسوم المرجعية: Dry & Damadged Hair، Hair Care، Hair Concerns، Hair Shampoo.,https://alfouadpharmacies.com/en/products/tresemme-sh-250ml-pro-keratin-sulfate-free-off,AlFouad Pharmacies,Verify usage rights before commercial publication,غير مثبت,غير مثبت,مرجعي فقط — غير معتمد للنشر التجاري,بيانات مرجعية متاحة؛ يلزم تحقق PM,ضمن الفحص المبدئي
10569925361967,tresemme-sh-250ml-pro-curls-sulfate-free-off,شامبو تريسمي 250 مل برو كيرلز بدون كبريتات,Tresemme off,العناية بالشعر,العناية بالشعر,1,بسيط,14639,156,46.8,109.2,,غير متاح لدى المصدر,https://cdn.shopify.com/s/files/1/0935/9550/0847/files/Tresemme-Sh-250ML-Pro-Curls-Sulfate-Free-Off.webp?v=1754297827,منتج شامبو تريسمي 250 مل برو كيرلز بدون كبريتات من Tresemme off. التصنيف المرجعي: العناية بالشعر — بسيط. الوسوم المرجعية: Dry & Damadged Hair، Hair Care، Hair Concerns، Hair Shampoo.,https://alfouadpharmacies.com/en/products/tresemme-sh-250ml-pro-curls-sulfate-free-off,AlFouad Pharmacies,Verify usage rights before commercial publication,غير مثبت,غير مثبت,مرجعي فقط — غير معتمد للنشر التجاري,بيانات مرجعية متاحة؛ يلزم تحقق PM,ضمن الفحص المبدئي
10569925493039,tresemme-shampoo-250ml-pro-curls-sulfate-free,شامبو تريسمي 250 مل برو كيرلز خالٍ من الكبريتات,Tresemme,العناية بالشعر,العناية بالشعر,1,بسيط,8895,175,52.5,122.5,,غير متاح لدى المصدر,https://cdn.shopify.com/s/files/1/0935/9550/0847/files/Tresemme-Shampoo-250ML-Pro-Curls-Sulfate-Free.webp?v=1754297825,منتج شامبو تريسمي 250 مل برو كيرلز خالٍ من الكبريتات من Tresemme. التصنيف المرجعي: العناية بالشعر — بسيط. الوسوم المرجعية: Dry & Damadged Hair، Hair Care، Hair Concerns، Hair Shampoo.,https://alfouadpharmacies.com/en/products/tresemme-shampoo-250ml-pro-curls-sulfate-free,AlFouad Pharmacies,Verify usage rights before commercial publication,غير مثبت,غير مثبت,مرجعي فقط — غير معتمد للنشر التجاري,بيانات مرجعية متاحة؛ يلزم تحقق PM,ضمن الفحص المبدئي
10569925427503,tresemme-shampoo-250ml-pro-color-sulfate-free,شامبو تريسمي 250 مل للعناية بالشعر المصبوغ، خالٍ من الكبريتات.,Tresemme,العناية بالشعر,العناية بالشعر,1,بسيط,8882,195,58.5,136.5,,غير متاح لدى المصدر,https://cdn.shopify.com/s/files/1/0935/9550/0847/files/Tresemme-Shampoo-250ML-Pro-Color-Sulfate-Free.webp?v=1754297826,منتج شامبو تريسمي 250 مل للعناية بالشعر المصبوغ، خالٍ من الكبريتات. من Tresemme. التصنيف المرجعي: العناية بالشعر — بسيط. الوسوم المرجعية: Dry & Damadged Hair، Hair Care، Hair Concerns، Hair Shampoo.,https://alfouadpharmacies.com/en/products/tresemme-shampoo-250ml-pro-color-sulfate-free,AlFouad Pharmacies,Verify usage rights before commercial publication,غير مثبت,غير مثبت,مرجعي فقط — غير معتمد للنشر التجاري,بيانات مرجعية متاحة؛ يلزم تحقق PM,ضمن الفحص المبدئي
10569925951791,tresemme-shampoo-400ml-rapair-protect,شامبو تريسمي 400 مل إصلاح وحماية,Tresemme,العناية بالشعر,العناية بالشعر,1,بسيط,4769,180,54,126,,غير متاح لدى المصدر,https://cdn.shopify.com/s/files/1/0935/9550/0847/files/Tresemme-Shampoo-400ML-Rapair-Protect.webp?v=1754297822,منتج شامبو تريسمي 400 مل إصلاح وحماية من Tresemme. التصنيف المرجعي: العناية بالشعر — بسيط. الوسوم المرجعية: Dry & Damadged Hair، Hair Care، Hair Concerns، Hair Shampoo.,https://alfouadpharmacies.com/en/products/tresemme-shampoo-400ml-rapair-protect,AlFouad Pharmacies,Verify usage rights before commercial publication,غير مثبت,غير مثبت,مرجعي فقط — غير معتمد للنشر التجاري,بيانات مرجعية متاحة؛ يلزم تحقق PM,ضمن الفحص المبدئي
10569926017327,tresemme-shampoo-400ml-repair-protect-off20,شامبو تريسمي 400 مل إصلاح وحماية خصم 20%,Tresemme off,العناية بالشعر,العناية بالشعر,1,بسيط,110303,104,31.2,72.8,,غير متاح لدى المصدر,https://cdn.shopify.com/s/files/1/0935/9550/0847/files/Tresemme-Shampoo-400ML-Rapair-Protect-OFF20.webp?v=1754297821,منتج شامبو تريسمي 400 مل إصلاح وحماية خصم 20% من Tresemme off. التصنيف المرجعي: العناية بالشعر — بسيط. الوسوم المرجعية: Dry & Damadged Hair، Hair Care، Hair Concerns، Hair Shampoo.,https://alfouadpharmacies.com/en/products/tresemme-shampoo-400ml-repair-protect-off20,AlFouad Pharmacies,Verify usage rights before commercial publication,غير مثبت,غير مثبت,مرجعي فقط — غير معتمد للنشر التجاري,بيانات مرجعية متاحة؛ يلزم تحقق PM,ضمن الفحص المبدئي
10569925558575,tresemme-shampoo-400ml-botanix-coconut,شامبو تريسمي 400 مل بوتانيكس جوز الهند,Tresemme,العناية بالشعر,العناية بالشعر,1,بسيط,81265,225,67.5,157.5,,متاح لدى المصدر,https://cdn.shopify.com/s/files/1/0935/9550/0847/files/Tresemme-Shampoo-400ML-Botanix-Coconut.webp?v=1754297824,منتج شامبو تريسمي 400 مل بوتانيكس جوز الهند من Tresemme. التصنيف المرجعي: العناية بالشعر — بسيط. الوسوم المرجعية: Dry & Damadged Hair، Hair Care، Hair Concerns، Hair Shampoo.,https://alfouadpharmacies.com/en/products/tresemme-shampoo-400ml-botanix-coconut,AlFouad Pharmacies,Verify usage rights before commercial publication,غير مثبت,غير مثبت,مرجعي فقط — غير معتمد للنشر التجاري,بيانات مرجعية متاحة؛ يلزم تحقق PM,ضمن الفحص المبدئي
10569925689647,tresemme-shampoo-400ml-curl,شامبو تريسمي 400 مل لتصفيف الشعر المجعد,Tresemme,العناية بالشعر,العناية بالشعر,1,بسيط,27419,180,54,126,,غير متاح لدى المصدر,https://cdn.shopify.com/s/files/1/0935/9550/0847/files/Tresemme-Shampoo-400ML-Curl.webp?v=1754297824,منتج شامبو تريسمي 400 مل لتصفيف الشعر المجعد من Tresemme. التصنيف المرجعي: العناية بالشعر — بسيط. الوسوم المرجعية: Dry & Damadged Hair، Hair Care، Hair Concerns، Hair Shampoo.,https://alfouadpharmacies.com/en/products/tresemme-shampoo-400ml-curl,AlFouad Pharmacies,Verify usage rights before commercial publication,غير مثبت,غير مثبت,مرجعي فقط — غير معتمد للنشر التجاري,بيانات مرجعية متاحة؛ يلزم تحقق PM,ضمن الفحص المبدئي
10569925787951,tresemme-shampoo-400ml-curly-off,شامبو تريسمي 400 مل لتصفيف الشعر المجعد,Tresemme,العناية بالشعر,العناية بالشعر,1,بسيط,96993,104,31.2,72.8,,غير متاح لدى المصدر,https://cdn.shopify.com/s/files/1/0935/9550/0847/files/Tresemme-Shampoo-400ML-Curly-Off.webp?v=1754297823,منتج شامبو تريسمي 400 مل لتصفيف الشعر المجعد من Tresemme. التصنيف المرجعي: العناية بالشعر — بسيط. الوسوم المرجعية: Dry & Damadged Hair، Hair Care، Hair Concerns، Hair Shampoo.,https://alfouadpharmacies.com/en/products/tresemme-shampoo-400ml-curly-off,AlFouad Pharmacies,Verify usage rights before commercial publication,غير مثبت,غير مثبت,مرجعي فقط — غير معتمد للنشر التجاري,بيانات مرجعية متاحة؛ يلزم تحقق PM,ضمن الفحص المبدئي
10569925886255,tresemme-shampoo-400ml-keratin-smooth,شامبو تريسمي 400 مل لتنعيم الشعر بالкератин,Tresemme,العناية بالشعر,العناية بالشعر,1,بسيط,6422,225,67.5,157.5,,متاح لدى المصدر,https://cdn.shopify.com/s/files/1/0935/9550/0847/files/Tresemme-Shampoo-400ML-Keratin-Smooth.webp?v=1754297823,منتج شامبو تريسمي 400 مل لتنعيم الشعر بالкератин من Tresemme. التصنيف المرجعي: العناية بالشعر — بسيط. الوسوم المرجعية: Dry & Damadged Hair، Hair Care، Hair Concerns، Hair Shampoo.,https://alfouadpharmacies.com/en/products/tresemme-shampoo-400ml-keratin-smooth,AlFouad Pharmacies,Verify usage rights before commercial publication,غير مثبت,غير مثبت,مرجعي فقط — غير معتمد للنشر التجاري,بيانات مرجعية متاحة؛ يلزم تحقق PM,ضمن الفحص المبدئي
10569926082863,tresemme-shampoo-600ml-keratin-cond-200ml-off,شامبو تريسمي 600 مل + بلسم كيراتين 200 مل  (عرض خاص),Tresemme off,العناية بالشعر,العناية بالشعر,1,بسيط,86912,195,58.5,136.5,,غير متاح لدى المصدر,https://cdn.shopify.com/s/files/1/0935/9550/0847/files/Tresemme-Shampoo-600ML-Keratin-Cond-200ML-Off.webp?v=1754297820,منتج شامبو تريسمي 600 مل + بلسم كيراتين 200 مل  (عرض خاص) من Tresemme off. التصنيف المرجعي: العناية بالشعر — بسيط. الوسوم المرجعية: Dry & Damadged Hair، Hair Care، Hair Concerns، Hair Shampoo.,https://alfouadpharmacies.com/en/products/tresemme-shampoo-600ml-keratin-cond-200ml-off,AlFouad Pharmacies,Verify usage rights before commercial publication,غير مثبت,غير مثبت,مرجعي فقط — غير معتمد للنشر التجاري,بيانات مرجعية متاحة؛ يلزم تحقق PM,ضمن الفحص المبدئي
10569926246703,tresemme-shampoo-600ml-keratin-smooth-off-20,شامبو تريسمي 600 مل كيراتين سموث أوف 20,Tresemme off,العناية بالشعر,العناية بالشعر,1,بسيط,92518,220,66,154,,غير متاح لدى المصدر,https://cdn.shopify.com/s/files/1/0935/9550/0847/files/41WYA52A-7L._SL500_._AC_SL500_1024x1024_34cd8bdf-f7c2-4e56-9d8f-6c32c9c3f9d4.webp?v=1754297819,منتج شامبو تريسمي 600 مل كيراتين سموث أوف 20 من Tresemme off. التصنيف المرجعي: العناية بالشعر — بسيط. الوسوم المرجعية: Dry & Damadged Hair، Hair Care، Hair Concerns، Hair Shampoo.,https://alfouadpharmacies.com/en/products/tresemme-shampoo-600ml-keratin-smooth-off-20,AlFouad Pharmacies,Verify usage rights before commercial publication,غير مثبت,غير مثبت,مرجعي فقط — غير معتمد للنشر التجاري,بيانات مرجعية متاحة؛ يلزم تحقق PM,ضمن الفحص المبدئي
10569926115631,tresemme-shampoo-600ml-keratin-smooth,شامبو تريسمي 600 مل لتنعيم الشعر بالкератин,Tresemme,العناية بالشعر,العناية بالشعر,1,بسيط,23942,265,79.5,185.5,,غير متاح لدى المصدر,https://cdn.shopify.com/s/files/1/0935/9550/0847/files/Tresemme-Shampoo-600ML-Keratin-Smooth.webp?v=1754297819,منتج شامبو تريسمي 600 مل لتنعيم الشعر بالкератин من Tresemme. التصنيف المرجعي: العناية بالشعر — بسيط. الوسوم المرجعية: Dry & Damadged Hair، Hair Care، Hair Concerns، Hair Shampoo.,https://alfouadpharmacies.com/en/products/tresemme-shampoo-600ml-keratin-smooth,AlFouad Pharmacies,Verify usage rights before commercial publication,غير مثبت,غير مثبت,مرجعي فقط — غير معتمد للنشر التجاري,بيانات مرجعية متاحة؛ يلزم تحقق PM,ضمن الفحص المبدئي
12689541169455,chi-enviro-smoothing-shampoo-355ml,شامبو تشي إنفيرو المنعم 355 مل,chi,العناية بالشعر,العناية بالشعر,1,,9850,985,295.5,689.5,,متاح لدى المصدر,https://cdn.shopify.com/s/files/1/0935/9550/0847/files/CHI_Enviro_Smoothing_Shampoo_1615x1615_451553b7-cdec-4274-9a63-6eab9779d078.webp?v=1771756113,منتج شامبو تشي إنفيرو المنعم 355 مل من chi. التصنيف المرجعي: العناية بالشعر. الوسوم المرجعية: Dry & Damadged Hair، Hair Care، Hair Shampoo.,https://alfouadpharmacies.com/en/products/chi-enviro-smoothing-shampoo-355ml,AlFouad Pharmacies,Verify usage rights before commercial publication,غير مثبت,غير مثبت,مرجعي فقط — غير معتمد للنشر التجاري,بيانات مرجعية متاحة؛ يلزم تحقق PM,ضمن الفحص المبدئي
10569732817199,tola-hair-shampoo-250ml-11-off,شامبو تولا للشعر 250 مل، عرض 1+1,AlFouad Pharmacies,العناية بالشعر,العناية بالشعر,1,بسيط,9533,349,104.7,244.3,,غير متاح لدى المصدر,https://cdn.shopify.com/s/files/1/0935/9550/0847/files/Tola-Hair-Shampoo-250ml-11-Off.webp?v=1754299026,منتج شامبو تولا للشعر 250 مل، عرض 1+1 من AlFouad Pharmacies. التصنيف المرجعي: العناية بالشعر — بسيط. الوسوم المرجعية: Dandruff، Hair Care، Hair Concerns، Hair Offers، Hair Shampoo.,https://alfouadpharmacies.com/en/products/tola-hair-shampoo-250ml-11-off,AlFouad Pharmacies,Verify usage rights before commercial publication,غير مثبت,غير مثبت,مرجعي فقط — غير معتمد للنشر التجاري,بيانات مرجعية متاحة؛ يلزم تحقق PM,ضمن الفحص المبدئي
12689552703791,twist-go-volumizing-hair-shampoo-250g,شامبو تويست آند جو لتكثيف الشعر 250 غرام ,TWIST&GO,العناية بالشعر,العناية بالشعر,1,,111338,400,120,280,,متاح لدى المصدر,https://cdn.shopify.com/s/files/1/0935/9550/0847/files/TwistAndGo_HairVolumising_250gm_PureWhite_1615x1615_e539398f-54b9-4a46-865e-8beb3cdbbf63.webp?v=1772279518,منتج شامبو تويست آند جو لتكثيف الشعر 250 غرام  من TWIST&GO. التصنيف المرجعي: العناية بالشعر. الوسوم المرجعية: Dry & Damadged Hair، Hair Care، Hair Defining & Volume، Hair Growth، Hair Shampoo.,https://alfouadpharmacies.com/en/products/twist-go-volumizing-hair-shampoo-250g,AlFouad Pharmacies,Verify usage rights before commercial publication,غير مثبت,غير مثبت,مرجعي فقط — غير معتمد للنشر التجاري,بيانات مرجعية متاحة؛ يلزم تحقق PM,ضمن الفحص المبدئي
12689564467503,twist-go-volumizing-hair-shampoo-250ml,شامبو تويست آند جو لتكثيف الشعر 250 مل,TWIST&GO,العناية بالشعر,العناية بالشعر,1,,111338,400,120,280,,متاح لدى المصدر,https://cdn.shopify.com/s/files/1/0935/9550/0847/files/Twist_Go_Hair_Volumizing_Shampoo_250ml_ECOM.webp?v=1771925660,منتج شامبو تويست آند جو لتكثيف الشعر 250 مل من TWIST&GO. التصنيف المرجعي: العناية بالشعر. الوسوم المرجعية: Dry & Damadged Hair، Hair Care، Hair Growth، Hair Shampoo.,https://alfouadpharmacies.com/en/products/twist-go-volumizing-hair-shampoo-250ml,AlFouad Pharmacies,Verify usage rights before commercial publication,غير مثبت,غير مثبت,مرجعي فقط — غير معتمد للنشر التجاري,بيانات مرجعية متاحة؛ يلزم تحقق PM,ضمن الفحص المبدئي
10569939845423,tettello-anti-hair-loss-shampoo-200ml,شامبو تيتيلو المضاد لتساقط الشعر 200 مل,Tettello,العناية بالشعر,العناية بالشعر,1,بسيط,109145,230,69,161,,متاح لدى المصدر,https://cdn.shopify.com/s/files/1/0935/9550/0847/files/Tettello-Anti-Hair-Loss-Shampoo-200ML.webp?v=1754297751,منتج شامبو تيتيلو المضاد لتساقط الشعر 200 مل من Tettello. التصنيف المرجعي: العناية بالشعر — بسيط. الوسوم المرجعية: Hair Care، Hair Concerns، Hair Growth، Hair Loss، Hair Shampoo.,https://alfouadpharmacies.com/en/products/tettello-anti-hair-loss-shampoo-200ml,AlFouad Pharmacies,Verify usage rights before commercial publication,غير مثبت,غير مثبت,مرجعي فقط — غير معتمد للنشر التجاري,بيانات مرجعية متاحة؛ يلزم تحقق PM,ضمن الفحص المبدئي
10569939976495,tettello-anti-hair-loss-shampoo-400ml,شامبو تيتيلو المضاد لتساقط الشعر 400 مل,Tettello,العناية بالشعر,العناية بالشعر,1,بسيط,112187,405,121.5,283.5,,متاح لدى المصدر,https://cdn.shopify.com/s/files/1/0935/9550/0847/files/TETTELLO-ANTI-HAIR-LOSS-SHAMPOO-400ML.webp?v=1754297751,منتج شامبو تيتيلو المضاد لتساقط الشعر 400 مل من Tettello. التصنيف المرجعي: العناية بالشعر — بسيط. الوسوم المرجعية: Hair Care، Hair Concerns، Hair Growth، Hair Loss، Hair Shampoo.,https://alfouadpharmacies.com/en/products/tettello-anti-hair-loss-shampoo-400ml,AlFouad Pharmacies,Verify usage rights before commercial publication,غير مثبت,غير مثبت,مرجعي فقط — غير معتمد للنشر التجاري,بيانات مرجعية متاحة؛ يلزم تحقق PM,ضمن الفحص المبدئي
10569939452207,tettello-anti-dandruff-shampoo-150ml,شامبو تيتيلو المضاد للقشرة 150 مل,Tettello,العناية بالشعر,العناية بالشعر,1,بسيط,111336,215,64.5,150.5,,متاح لدى المصدر,https://cdn.shopify.com/s/files/1/0935/9550/0847/files/Tettello-Anti-Dandruff-Shampoo-150ML.webp?v=1754297753,منتج شامبو تيتيلو المضاد للقشرة 150 مل من Tettello. التصنيف المرجعي: العناية بالشعر — بسيط. الوسوم المرجعية: Dandruff، Hair Care، Hair Concerns، Hair Shampoo.,https://alfouadpharmacies.com/en/products/tettello-anti-dandruff-shampoo-150ml,AlFouad Pharmacies,Verify usage rights before commercial publication,غير مثبت,غير مثبت,مرجعي فقط — غير معتمد للنشر التجاري,بيانات مرجعية متاحة؛ يلزم تحقق PM,ضمن الفحص المبدئي
10569939517743,tettello-anti-dandruff-shampoo-300ml,شامبو تيتيلو المضاد للقشرة 300 مل,Tettello,العناية بالشعر,العناية بالشعر,1,بسيط,112186,395,118.5,276.5,,متاح لدى المصدر,https://cdn.shopify.com/s/files/1/0935/9550/0847/files/Tettello-Anti-Dandruff-Shampoo-300ML.webp?v=1754297753,منتج شامبو تيتيلو المضاد للقشرة 300 مل من Tettello. التصنيف المرجعي: العناية بالشعر — بسيط. الوسوم المرجعية: Dandruff، Hair Care، Hair Concerns، Hair Shampoo.,https://alfouadpharmacies.com/en/products/tettello-anti-dandruff-shampoo-300ml,AlFouad Pharmacies,Verify usage rights before commercial publication,غير مثبت,غير مثبت,مرجعي فقط — غير معتمد للنشر التجاري,بيانات مرجعية متاحة؛ يلزم تحقق PM,ضمن الفحص المبدئي
10569829351727,global-keratin-moisturizing-shampoo-300ml,شامبو جلوبال كيراتين المرطب 300 مل,GK,العناية بالشعر,العناية بالشعر,1,بسيط,82949,1059,317.7,741.3,0,متاح لدى المصدر,https://cdn.shopify.com/s/files/1/0935/9550/0847/files/Global-Keratin-Moisturizing-Shampoo-300ML.webp?v=1754298600,منتج شامبو جلوبال كيراتين المرطب 300 مل من GK. التصنيف المرجعي: العناية بالشعر — بسيط. الوسوم المرجعية: Anti-Frizz، Colored Hair، Dry & Damadged Hair، GK، Hair Care، Hair Color، Hair Concerns، Hair Shampoo.,https://alfouadpharmacies.com/en/products/global-keratin-moisturizing-shampoo-300ml,AlFouad Pharmacies,Verify usage rights before commercial publication,غير مثبت,غير مثبت,مرجعي فقط — غير معتمد للنشر التجاري,بيانات مرجعية متاحة؛ يلزم تحقق PM,ضمن الفحص المبدئي
10569828761903,global-keratin-balancing-shampoo-300ml,شامبو جلوبال كيراتين الموازن 300 مل,GK,العناية بالشعر,العناية بالشعر,1,بسيط,98689,1059,317.7,741.3,0,متاح لدى المصدر,https://cdn.shopify.com/s/files/1/0935/9550/0847/files/Global-Keratin-Balancing-Shampoo-300ML.webp?v=1754298604,منتج شامبو جلوبال كيراتين الموازن 300 مل من GK. التصنيف المرجعي: العناية بالشعر — بسيط. الوسوم المرجعية: Anti-Frizz، Dry & Damadged Hair، GK، Hair Care، Hair Concerns، Hair Shampoo.,https://alfouadpharmacies.com/en/products/global-keratin-balancing-shampoo-300ml,AlFouad Pharmacies,Verify usage rights before commercial publication,غير مثبت,غير مثبت,مرجعي فقط — غير معتمد للنشر التجاري,بيانات مرجعية متاحة؛ يلزم تحقق PM,ضمن الفحص المبدئي
10569729900847,infinity-dandel-shamppo-250ml,شامبو دانديلي إنفينيتي 250 مل,AlFouad Pharmacies,العناية بالشعر,العناية بالشعر,1,بسيط,,130,39,91,,غير متاح لدى المصدر,https://cdn.shopify.com/s/files/1/0935/9550/0847/files/Infinity-Dandel-Shamppo-250ml-2.webp?v=1754299071,منتج شامبو دانديلي إنفينيتي 250 مل من AlFouad Pharmacies. التصنيف المرجعي: العناية بالشعر — بسيط. الوسوم المرجعية: Dandruff، Hair Care، Hair Concerns، Hair Shampoo.,https://alfouadpharmacies.com/en/products/infinity-dandel-shamppo-250ml,AlFouad Pharmacies,Verify usage rights before commercial publication,غير مثبت,غير مثبت,مرجعي فقط — غير معتمد للنشر التجاري,بيانات مرجعية متاحة؛ يلزم تحقق PM,ضمن الفحص المبدئي
10569736978735,ducray-anaphase-shampoo-200ml,شامبو دكريه أنافاز 200 مل,AlFouad Pharmacies,العناية بالشعر,العناية بالشعر,1,بسيط,1544,950,285,665,,متاح لدى المصدر,https://cdn.shopify.com/s/files/1/0935/9550/0847/files/Ducray-Anaphase-Shampoo-200ML.webp?v=1754298969,منتج شامبو دكريه أنافاز 200 مل من AlFouad Pharmacies. التصنيف المرجعي: العناية بالشعر — بسيط. الوسوم المرجعية: Hair Care، Hair Concerns، Hair Growth، Hair Loss، Hair Shampoo.,https://alfouadpharmacies.com/en/products/ducray-anaphase-shampoo-200ml,AlFouad Pharmacies,Verify usage rights before commercial publication,غير مثبت,غير مثبت,مرجعي فقط — غير معتمد للنشر التجاري,بيانات مرجعية متاحة؛ يلزم تحقق PM,ضمن الفحص المبدئي
10569859662127,dove-shampoo-intensive-repair-180ml-off,شامبو دوف إصلاح مكثف 180 مل  (عرض خاص),Dove off,العناية بالشعر,العناية بالشعر,1,بسيط,95849,99,29.7,69.3,,متاح لدى المصدر,https://cdn.shopify.com/s/files/1/0935/9550/0847/files/Dove-Shampoo-Intensive-Repair-180ML-Off.webp?v=1754298344,منتج شامبو دوف إصلاح مكثف 180 مل  (عرض خاص) من Dove off. التصنيف المرجعي: العناية بالشعر — بسيط. الوسوم المرجعية: Dry & Damadged Hair، Hair Care، Hair Concerns، Hair Shampoo.,https://alfouadpharmacies.com/en/products/dove-shampoo-intensive-repair-180ml-off,AlFouad Pharmacies,Verify usage rights before commercial publication,غير مثبت,غير مثبت,مرجعي فقط — غير معتمد للنشر التجاري,بيانات مرجعية متاحة؛ يلزم تحقق PM,ضمن الفحص المبدئي
10569859694895,dove-shampoo-intensive-repair-200180ml,شامبو دوف إصلاح مكثف 200/180 مل,Dove,العناية بالشعر,العناية بالشعر,1,بسيط,98652,105,31.5,73.5,,متاح لدى المصدر,https://cdn.shopify.com/s/files/1/0935/9550/0847/files/Dove-Shampoo-Intensive-Repair-200180ML.webp?v=1754298344,منتج شامبو دوف إصلاح مكثف 200/180 مل من Dove. التصنيف المرجعي: العناية بالشعر — بسيط. الوسوم المرجعية: Dry & Damadged Hair، Hair Care، Hair Concerns، Hair Shampoo.,https://alfouadpharmacies.com/en/products/dove-shampoo-intensive-repair-200180ml,AlFouad Pharmacies,Verify usage rights before commercial publication,غير مثبت,غير مثبت,مرجعي فقط — غير معتمد للنشر التجاري,بيانات مرجعية متاحة؛ يلزم تحقق PM,ضمن الفحص المبدئي
10569859727663,dove-shampoo-intensive-repair-350ml-off,شامبو دوف إصلاح مكثف 350 مل  (عرض خاص),Dove off,العناية بالشعر,العناية بالشعر,1,بسيط,85896,145,43.5,101.5,,متاح لدى المصدر,https://cdn.shopify.com/s/files/1/0935/9550/0847/files/Dove-Shampoo-Intensive-Repair-350ML-Off.webp?v=1754298343,منتج شامبو دوف إصلاح مكثف 350 مل  (عرض خاص) من Dove off. التصنيف المرجعي: العناية بالشعر — بسيط. الوسوم المرجعية: Dry & Damadged Hair، Hair Care، Hair Concerns، Hair Shampoo.,https://alfouadpharmacies.com/en/products/dove-shampoo-intensive-repair-350ml-off,AlFouad Pharmacies,Verify usage rights before commercial publication,غير مثبت,غير مثبت,مرجعي فقط — غير معتمد للنشر التجاري,بيانات مرجعية متاحة؛ يلزم تحقق PM,ضمن الفحص المبدئي
10569859924271,dove-shampoo-nourishing-200ml,شامبو دوف المغذي 200 مل,Dove,العناية بالشعر,العناية بالشعر,1,بسيط,31602,105,31.5,73.5,,متاح لدى المصدر,https://cdn.shopify.com/s/files/1/0935/9550/0847/files/Dove-Shampoo-Nourishing-200ML.webp?v=1754298341,منتج شامبو دوف المغذي 200 مل من Dove. التصنيف المرجعي: العناية بالشعر — بسيط. الوسوم المرجعية: Dry & Damadged Hair، Hair Care، Hair Concerns، Hair Shampoo.,https://alfouadpharmacies.com/en/products/dove-shampoo-nourishing-200ml,AlFouad Pharmacies,Verify usage rights before commercial publication,غير مثبت,غير مثبت,مرجعي فقط — غير معتمد للنشر التجاري,بيانات مرجعية متاحة؛ يلزم تحقق PM,ضمن الفحص المبدئي
10569859989807,dove-shampoo-nourishing-200ml-off,شامبو دوف المغذي 200 مل  (عرض خاص),Dove off,العناية بالشعر,العناية بالشعر,1,بسيط,110186,100,30,70,,متاح لدى المصدر,https://cdn.shopify.com/s/files/1/0935/9550/0847/files/Dove-Shampoo-Nourishing-200ML-Off.webp?v=1754298340,منتج شامبو دوف المغذي 200 مل  (عرض خاص) من Dove off. التصنيف المرجعي: العناية بالشعر — بسيط. الوسوم المرجعية: Dry & Damadged Hair، Hair Care، Hair Concerns، Hair Shampoo.,https://alfouadpharmacies.com/en/products/dove-shampoo-nourishing-200ml-off,AlFouad Pharmacies,Verify usage rights before commercial publication,غير مثبت,غير مثبت,مرجعي فقط — غير معتمد للنشر التجاري,بيانات مرجعية متاحة؛ يلزم تحقق PM,ضمن الفحص المبدئي
10569859498287,dove-shampoo-hair-fall-180ml-offer-20,شامبو دوف ضد تساقط الشعر 180 مل، عرض 20,Dove off,العناية بالشعر,العناية بالشعر,1,بسيط,92866,100,30,70,,متاح لدى المصدر,https://cdn.shopify.com/s/files/1/0935/9550/0847/files/Dove-Shampoo-Hair-Fall-180ML-Offer-20.webp?v=1754298346,منتج شامبو دوف ضد تساقط الشعر 180 مل، عرض 20 من Dove off. التصنيف المرجعي: العناية بالشعر — بسيط. الوسوم المرجعية: Dry & Damadged Hair، Hair Care، Hair Concerns، Hair Shampoo.,https://alfouadpharmacies.com/en/products/dove-shampoo-hair-fall-180ml-offer-20,AlFouad Pharmacies,Verify usage rights before commercial publication,غير مثبت,غير مثبت,مرجعي فقط — غير معتمد للنشر التجاري,بيانات مرجعية متاحة؛ يلزم تحقق PM,ضمن الفحص المبدئي
10569859563823,dove-shampoo-hair-fall-200180ml,شامبو دوف ضد تساقط الشعر 200/180 مل,Dove,العناية بالشعر,العناية بالشعر,1,بسيط,98653,105,31.5,73.5,,متاح لدى المصدر,https://cdn.shopify.com/s/files/1/0935/9550/0847/files/Dove-Shampoo-Hair-Fall-200180ML.webp?v=1754298345,منتج شامبو دوف ضد تساقط الشعر 200/180 مل من Dove. التصنيف المرجعي: العناية بالشعر — بسيط. الوسوم المرجعية: Dry & Damadged Hair، Hair Care، Hair Concerns، Hair Shampoo.,https://alfouadpharmacies.com/en/products/dove-shampoo-hair-fall-200180ml,AlFouad Pharmacies,Verify usage rights before commercial publication,غير مثبت,غير مثبت,مرجعي فقط — غير معتمد للنشر التجاري,بيانات مرجعية متاحة؛ يلزم تحقق PM,ضمن الفحص المبدئي
10569859760431,dove-shampoo-intensive-repair-400350ml,شامبو دوف لإصلاح الشعر التالف 400/350 مل,Dove,العناية بالشعر,العناية بالشعر,1,بسيط,98645,150,45,105,,غير متاح لدى المصدر,https://cdn.shopify.com/s/files/1/0935/9550/0847/files/Dove-Shampoo-Intensive-Repair-400350ML.webp?v=1754298342,منتج شامبو دوف لإصلاح الشعر التالف 400/350 مل من Dove. التصنيف المرجعي: العناية بالشعر — بسيط. الوسوم المرجعية: Dry & Damadged Hair، Hair Care، Hair Concerns، Hair Shampoo.,https://alfouadpharmacies.com/en/products/dove-shampoo-intensive-repair-400350ml,AlFouad Pharmacies,Verify usage rights before commercial publication,غير مثبت,غير مثبت,مرجعي فقط — غير معتمد للنشر التجاري,بيانات مرجعية متاحة؛ يلزم تحقق PM,ضمن الفحص المبدئي
10569859825967,dove-shampoo-intensive-repair-600ml,شامبو دوف لإصلاح الشعر التالف 600 مل,Dove,العناية بالشعر,العناية بالشعر,1,بسيط,27155,210,63,147,,غير متاح لدى المصدر,https://cdn.shopify.com/s/files/1/0935/9550/0847/files/Dove-Shampoo-Intensive-Repair-600ML.webp?v=1754298342,منتج شامبو دوف لإصلاح الشعر التالف 600 مل من Dove. التصنيف المرجعي: العناية بالشعر — بسيط. الوسوم المرجعية: Dry & Damadged Hair، Hair Care، Hair Concerns، Hair Shampoo.,https://alfouadpharmacies.com/en/products/dove-shampoo-intensive-repair-600ml,AlFouad Pharmacies,Verify usage rights before commercial publication,غير مثبت,غير مثبت,مرجعي فقط — غير معتمد للنشر التجاري,بيانات مرجعية متاحة؛ يلزم تحقق PM,ضمن الفحص المبدئي
10569859301679,dove-shampoo-daily-care-200ml,شامبو دوف للعناية اليومية 200 مل,Dove,العناية بالشعر,العناية بالشعر,1,بسيط,90459,105,31.5,73.5,,متاح لدى المصدر,https://cdn.shopify.com/s/files/1/0935/9550/0847/files/Dove-Shampoo-Daily-Care-200ML.webp?v=1754298348,منتج شامبو دوف للعناية اليومية 200 مل من Dove. التصنيف المرجعي: العناية بالشعر — بسيط. الوسوم المرجعية: Dry & Damadged Hair، Hair Care، Hair Concerns، Hair Shampoo.,https://alfouadpharmacies.com/en/products/dove-shampoo-daily-care-200ml,AlFouad Pharmacies,Verify usage rights before commercial publication,غير مثبت,غير مثبت,مرجعي فقط — غير معتمد للنشر التجاري,بيانات مرجعية متاحة؛ يلزم تحقق PM,ضمن الفحص المبدئي
10569859367215,dove-shampoo-daily-care-350ml-off-20,شامبو دوف للعناية اليومية 350 مل، خصم 20%,Dove off,العناية بالشعر,العناية بالشعر,1,بسيط,19521,120,36,84,,غير متاح لدى المصدر,https://cdn.shopify.com/s/files/1/0935/9550/0847/files/Dove-Shampoo-Daily-Care-350ML-Off-20.webp?v=1754298347,منتج شامبو دوف للعناية اليومية 350 مل، خصم 20% من Dove off. التصنيف المرجعي: العناية بالشعر — بسيط. الوسوم المرجعية: Dry & Damadged Hair، Hair Care، Hair Concerns، Hair Shampoo.,https://alfouadpharmacies.com/en/products/dove-shampoo-daily-care-350ml-off-20,AlFouad Pharmacies,Verify usage rights before commercial publication,غير مثبت,غير مثبت,مرجعي فقط — غير معتمد للنشر التجاري,بيانات مرجعية متاحة؛ يلزم تحقق PM,ضمن الفحص المبدئي
10569859465519,dove-shampoo-daily-care-400350ml,شامبو دوف للعناية اليومية 400/350 مل,Dove,العناية بالشعر,العناية بالشعر,1,بسيط,83318,170,51,119,,متاح لدى المصدر,https://cdn.shopify.com/s/files/1/0935/9550/0847/files/Dove-Shampoo-Daily-Care-400350ML.webp?v=1754298347,منتج شامبو دوف للعناية اليومية 400/350 مل من Dove. التصنيف المرجعي: العناية بالشعر — بسيط. الوسوم المرجعية: Dry & Damadged Hair، Hair Care، Hair Concerns، Hair Shampoo.,https://alfouadpharmacies.com/en/products/dove-shampoo-daily-care-400350ml,AlFouad Pharmacies,Verify usage rights before commercial publication,غير مثبت,غير مثبت,مرجعي فقط — غير معتمد للنشر التجاري,بيانات مرجعية متاحة؛ يلزم تحقق PM,ضمن الفحص المبدئي
12689768251695,dermactive-tricho-act-anti-dandruff-shampoo-200ml,شامبو ديرما أكتيف تريكو-أكت المضاد للقشرة 200 مل,DERMACTIVE,العناية بالشعر,العناية بالشعر,1,بسيط,3112,199,59.7,139.3,,متاح لدى المصدر,https://cdn.shopify.com/s/files/1/0935/9550/0847/files/dermactive_tricho_act_1615x1615_6984daed-b937-4d53-872f-e676733b7bfd.webp?v=1771748751,منتج شامبو ديرما أكتيف تريكو-أكت المضاد للقشرة 200 مل من DERMACTIVE. التصنيف المرجعي: العناية بالشعر — بسيط. الوسوم المرجعية: Dandruff، Hair Care، Hair Concerns.,https://alfouadpharmacies.com/en/products/dermactive-tricho-act-anti-dandruff-shampoo-200ml,AlFouad Pharmacies,Verify usage rights before commercial publication,غير مثبت,غير مثبت,مرجعي فقط — غير معتمد للنشر التجاري,بيانات مرجعية متاحة؛ يلزم تحقق PM,ضمن الفحص المبدئي
16108435439919,شامبو-ديرميديك-كابيلارت-المضاد-للقشرة-وتهدئة-الفروة-300-مل,شامبو ديرميديك كابيلارت المضاد للقشرة وتهدئة الفروة 300 مل,DERMEDIC,العناية بالشعر,العناية بالشعر,1,شامبو,117438,850,255,595,,متاح لدى المصدر,https://cdn.shopify.com/s/files/1/0935/9550/0847/files/31_1.webp?v=1785670706,منتج شامبو ديرميديك كابيلارت المضاد للقشرة وتهدئة الفروة 300 مل من DERMEDIC. التصنيف المرجعي: العناية بالشعر — شامبو. الوسوم المرجعية: anti danruff، Hair Care، Hair Shampoo.,https://alfouadpharmacies.com/en/products/شامبو-ديرميديك-كابيلارت-المضاد-للقشرة-وتهدئة-الفروة-300-مل,AlFouad Pharmacies,Verify usage rights before commercial publication,غير مثبت,غير مثبت,مرجعي فقط — غير معتمد للنشر التجاري,بيانات مرجعية متاحة؛ يلزم تحقق PM,ضمن الفحص المبدئي
16108436226351,شامبو-ديرميديك-كابيلارت-لتحفيز-نمو-الشعر-وإيقاف-التساقط-300-مل,شامبو ديرميديك كابيلارت لتحفيز نمو الشعر وإيقاف التساقط 300 مل,DERMEDIC,العناية بالشعر,العناية بالشعر,1,شامبو ,117439,850,255,595,,متاح لدى المصدر,https://cdn.shopify.com/s/files/1/0935/9550/0847/files/29_2.webp?v=1785671225,منتج شامبو ديرميديك كابيلارت لتحفيز نمو الشعر وإيقاف التساقط 300 مل من DERMEDIC. التصنيف المرجعي: العناية بالشعر — شامبو . الوسوم المرجعية: Hair Care، Hair Shampoo، Hair Treatment.,https://alfouadpharmacies.com/en/products/شامبو-ديرميديك-كابيلارت-لتحفيز-نمو-الشعر-وإيقاف-التساقط-300-مل,AlFouad Pharmacies,Verify usage rights before commercial publication,غير مثبت,غير مثبت,مرجعي فقط — غير معتمد للنشر التجاري,بيانات مرجعية متاحة؛ يلزم تحقق PM,ضمن الفحص المبدئي
10569730752815,raw-african-follicle-booster-shampoo-300ml,شامبو رو أفريكان لتعزيز بصيلات الشعر 300 مل,RAW AFRICAN,العناية بالشعر,العناية بالشعر,1,بسيط,14718,295,88.5,206.5,,متاح لدى المصدر,https://cdn.shopify.com/s/files/1/0935/9550/0847/files/raw_african_follicle_booster_shampoo_1615x1615_white_bg.webp?v=1771758520,منتج شامبو رو أفريكان لتعزيز بصيلات الشعر 300 مل من RAW AFRICAN. التصنيف المرجعي: العناية بالشعر — بسيط. الوسوم المرجعية: Hair Care، Hair Concerns، Hair Growth، Hair Shampoo.,https://alfouadpharmacies.com/en/products/raw-african-follicle-booster-shampoo-300ml,AlFouad Pharmacies,Verify usage rights before commercial publication,غير مثبت,غير مثبت,مرجعي فقط — غير معتمد للنشر التجاري,بيانات مرجعية متاحة؛ يلزم تحقق PM,ضمن الفحص المبدئي
10569730621743,raw-african-hair-argan-oil-shampoo-300ml,شامبو زيت الأرغان للشعر الأفريقي الخام 300 مل,RAW AFRICAN,العناية بالشعر,العناية بالشعر,1,بسيط,109963,225,67.5,157.5,,متاح لدى المصدر,https://cdn.shopify.com/s/files/1/0935/9550/0847/files/Raw-African-Hair-Argan-Oil-Shampoo-300ml.webp?v=1754299059,منتج شامبو زيت الأرغان للشعر الأفريقي الخام 300 مل من RAW AFRICAN. التصنيف المرجعي: العناية بالشعر — بسيط. الوسوم المرجعية: Dry & Damadged Hair، Hair Care، Hair Concerns، Hair Shampoo.,https://alfouadpharmacies.com/en/products/raw-african-hair-argan-oil-shampoo-300ml,AlFouad Pharmacies,Verify usage rights before commercial publication,غير مثبت,غير مثبت,مرجعي فقط — غير معتمد للنشر التجاري,بيانات مرجعية متاحة؛ يلزم تحقق PM,ضمن الفحص المبدئي
10569730490671,raw-african-hair-argan-oil-shampoo-500ml,شامبو زيت الأرغان للشعر الأفريقي الخام 500 مل,RAW AFRICAN,العناية بالشعر,العناية بالشعر,1,بسيط,32972,290,87,203,,متاح لدى المصدر,https://cdn.shopify.com/s/files/1/0935/9550/0847/files/Raw-African-Hair-Argan-Oil-Shampoo-500ml.webp?v=1754299062,منتج شامبو زيت الأرغان للشعر الأفريقي الخام 500 مل من RAW AFRICAN. التصنيف المرجعي: العناية بالشعر — بسيط. الوسوم المرجعية: Anti-Frizz، Hair Care، Hair Concerns، Hair Shampoo.,https://alfouadpharmacies.com/en/products/raw-african-hair-argan-oil-shampoo-500ml,AlFouad Pharmacies,Verify usage rights before commercial publication,غير مثبت,غير مثبت,مرجعي فقط — غير معتمد للنشر التجاري,بيانات مرجعية متاحة؛ يلزم تحقق PM,ضمن الفحص المبدئي
12689541267759,chi-argan-oil-shampoo-340ml,شامبو زيت الأرغان من تشي 340 مل,chi,العناية بالشعر,العناية بالشعر,1,,105223,1605,481.5,1123.5,,متاح لدى المصدر,https://cdn.shopify.com/s/files/1/0935/9550/0847/files/CHI_Shamppo_Argan_Oil_1615x1615_9ff77f40-15cd-4dff-ae45-43ca526c5859.webp?v=1771755522,منتج شامبو زيت الأرغان من تشي 340 مل من chi. التصنيف المرجعي: العناية بالشعر. الوسوم المرجعية: Dry & Damadged Hair، Hair Care، Hair Shampoo.,https://alfouadpharmacies.com/en/products/chi-argan-oil-shampoo-340ml,AlFouad Pharmacies,Verify usage rights before commercial publication,غير مثبت,غير مثبت,مرجعي فقط — غير معتمد للنشر التجاري,بيانات مرجعية متاحة؛ يلزم تحقق PM,ضمن الفحص المبدئي
10569939222831,vatika-nourishing-olive-shampoo-180ml,شامبو زيت الزيتون المغذي من فاتيكا 180 مل,AlFouad Pharmacies,العناية بالشعر,العناية بالشعر,1,بسيط,11276,50,15,35,,غير متاح لدى المصدر,https://cdn.shopify.com/s/files/1/0935/9550/0847/files/Vatika-Nourshing-Olive-Shampoo-180ML.webp?v=1754297756,منتج شامبو زيت الزيتون المغذي من فاتيكا 180 مل من AlFouad Pharmacies. التصنيف المرجعي: العناية بالشعر — بسيط. الوسوم المرجعية: Hair Care، Hair Shampoo.,https://alfouadpharmacies.com/en/products/vatika-nourishing-olive-shampoo-180ml,AlFouad Pharmacies,Verify usage rights before commercial publication,غير مثبت,غير مثبت,مرجعي فقط — غير معتمد للنشر التجاري,بيانات مرجعية متاحة؛ يلزم تحقق PM,ضمن الفحص المبدئي
10569852584239,zero-frizz-shampoo-355ml-keratine,شامبو زيرو فريز 355 مل، كيراتين,AlFouad Pharmacies,العناية بالشعر,العناية بالشعر,1,بسيط,84597,210,63,147,,متاح لدى المصدر,https://cdn.shopify.com/s/files/1/0935/9550/0847/files/Zero-Frizz-Shampoo-355ML-Keratine.webp?v=1754298414,منتج شامبو زيرو فريز 355 مل، كيراتين من AlFouad Pharmacies. التصنيف المرجعي: العناية بالشعر — بسيط. الوسوم المرجعية: Dry & Damadged Hair، Hair Care، Hair Concerns، Hair Shampoo.,https://alfouadpharmacies.com/en/products/zero-frizz-shampoo-355ml-keratine,AlFouad Pharmacies,Verify usage rights before commercial publication,غير مثبت,غير مثبت,مرجعي فقط — غير معتمد للنشر التجاري,بيانات مرجعية متاحة؛ يلزم تحقق PM,ضمن الفحص المبدئي
10569852780847,zero-frizz-triple-butter-shampoo-355ml,شامبو زيرو فريز بثلاث زبدات 355 مل,AlFouad Pharmacies,العناية بالشعر,العناية بالشعر,1,بسيط,102963,210,63,147,,متاح لدى المصدر,https://cdn.shopify.com/s/files/1/0935/9550/0847/files/Zero-Frizz-Triple-Butter-Shampoo-355ML.webp?v=1754298412,منتج شامبو زيرو فريز بثلاث زبدات 355 مل من AlFouad Pharmacies. التصنيف المرجعي: العناية بالشعر — بسيط. الوسوم المرجعية: Dry & Damadged Hair، Hair Care، Hair Concerns، Hair Shampoo.,https://alfouadpharmacies.com/en/products/zero-frizz-triple-butter-shampoo-355ml,AlFouad Pharmacies,Verify usage rights before commercial publication,غير مثبت,غير مثبت,مرجعي فقط — غير معتمد للنشر التجاري,بيانات مرجعية متاحة؛ يلزم تحقق PM,ضمن الفحص المبدئي
10569731834159,strongville-shampoo-220ml,شامبو سترونج فيل للشعر – 220 مل,Strongville,العناية بالشعر,العناية بالشعر,1,العناية بالشعر,108944,185,55.5,129.5,,متاح لدى المصدر,https://cdn.shopify.com/s/files/1/0935/9550/0847/files/Strongville-Shampoo-220ml.webp?v=1754299045,منتج شامبو سترونج فيل للشعر – 220 مل من Strongville. التصنيف المرجعي: العناية بالشعر — العناية بالشعر. الوسوم المرجعية: Hair Care، Hair Concerns، Hair Loss، Hair Shampoo، Strongville.,https://alfouadpharmacies.com/en/products/strongville-shampoo-220ml,AlFouad Pharmacies,Verify usage rights before commercial publication,غير مثبت,غير مثبت,مرجعي فقط — غير معتمد للنشر التجاري,بيانات مرجعية متاحة؛ يلزم تحقق PM,ضمن الفحص المبدئي
12689554800943,soralone-anti-dandruff-shampoo-250ml,شامبو سورالون المضاد للقشرة 250 مل ,Soralone,العناية بالشعر,العناية بالشعر,1,,111213,295,88.5,206.5,,متاح لدى المصدر,https://cdn.shopify.com/s/files/1/0935/9550/0847/files/Soralone_Anti_Dandruff_Shampoo_1615x1615_dece6f4a-deb0-4afb-a24c-7e65b8153f42.webp?v=1771497422,منتج شامبو سورالون المضاد للقشرة 250 مل  من Soralone. التصنيف المرجعي: العناية بالشعر. الوسوم المرجعية: Dandruff، Hair Care، Hair Shampoo.,https://alfouadpharmacies.com/en/products/soralone-anti-dandruff-shampoo-250ml,AlFouad Pharmacies,Verify usage rights before commercial publication,غير مثبت,غير مثبت,مرجعي فقط — غير معتمد للنشر التجاري,بيانات مرجعية متاحة؛ يلزم تحقق PM,ضمن الفحص المبدئي
12689757602095,شامبو-الشعر-سيروبايت-300-مل,شامبو سيروبيب للشعر خالي من السلفات 300 مل,Seropipe,العناية بالشعر,العناية بالشعر,1,شامبو ,101089,295,88.5,206.5,,متاح لدى المصدر,https://cdn.shopify.com/s/files/1/0935/9550/0847/files/seropipe_hair_shampoo_lifestyle_1615.webp?v=1786867351,منتج شامبو سيروبيب للشعر خالي من السلفات 300 مل من Seropipe. التصنيف المرجعي: العناية بالشعر — شامبو . الوسوم المرجعية: Colored Hair، Hair Care، Hair Concerns، Hair Shampoo، seropipe، Weak & Thin.,https://alfouadpharmacies.com/en/products/شامبو-الشعر-سيروبايت-300-مل,AlFouad Pharmacies,Verify usage rights before commercial publication,غير مثبت,غير مثبت,مرجعي فقط — غير معتمد للنشر التجاري,بيانات مرجعية متاحة؛ يلزم تحقق PM,ضمن الفحص المبدئي
12689757733167,selengena-anti-dandruff-shampoo-120ml,شامبو سيلينجينا المضاد للقشرة 120 مل,selengena,العناية بالشعر,العناية بالشعر,1,بسيط,100454,135,40.5,94.5,,متاح لدى المصدر,https://cdn.shopify.com/s/files/1/0935/9550/0847/files/Selengena_AntiDandruff_120ml_Web_1615x1615_6a9ed9bc-de99-4a94-a85d-85e91a09a74b.webp?v=1771938874,منتج شامبو سيلينجينا المضاد للقشرة 120 مل من selengena. التصنيف المرجعي: العناية بالشعر — بسيط. الوسوم المرجعية: an، Dandruff، Hair Care، Hair Concerns.,https://alfouadpharmacies.com/en/products/selengena-anti-dandruff-shampoo-120ml,AlFouad Pharmacies,Verify usage rights before commercial publication,غير مثبت,غير مثبت,مرجعي فقط — غير معتمد للنشر التجاري,بيانات مرجعية متاحة؛ يلزم تحقق PM,ضمن الفحص المبدئي
12689757700399,selengena-anti-dandruff-shampoo-220ml,شامبو سيلينجينا المضاد للقشرة 220 مل,selengena,العناية بالشعر,العناية بالشعر,1,بسيط,19014,195,58.5,136.5,,متاح لدى المصدر,https://cdn.shopify.com/s/files/1/0935/9550/0847/files/Selengena_AntiDandruff_220ml_Web_1615x1615_76e4eaf5-f7fa-44b8-9e77-0a55477726ac.webp?v=1771939150,منتج شامبو سيلينجينا المضاد للقشرة 220 مل من selengena. التصنيف المرجعي: العناية بالشعر — بسيط. الوسوم المرجعية: Dandruff، Hair Care، Hair Concerns.,https://alfouadpharmacies.com/en/products/selengena-anti-dandruff-shampoo-220ml,AlFouad Pharmacies,Verify usage rights before commercial publication,غير مثبت,غير مثبت,مرجعي فقط — غير معتمد للنشر التجاري,بيانات مرجعية متاحة؛ يلزم تحقق PM,ضمن الفحص المبدئي
10569861234991,mood-hyaluronic-acid-plus-moisture-hair-shampoo-400ml,شامبو شعر مهدئ بزيت الألوافيرا وزيت اللوز الحلو 400 مل,MOOD,العناية بالشعر,العناية بالشعر,1,بسيط,112424,135,40.5,94.5,,متاح لدى المصدر,https://cdn.shopify.com/s/files/1/0935/9550/0847/files/MOOD-HYALURONIC-ACID-PLUS-MOISTURE-HAIR-SHAMPOO-40.webp?v=1754298329,منتج شامبو شعر مهدئ بزيت الألوافيرا وزيت اللوز الحلو 400 مل من MOOD. التصنيف المرجعي: العناية بالشعر — بسيط. الوسوم المرجعية: Dry & Damadged Hair، Hair Care، Hair Concerns، Hair Shampoo، Weak & Thin.,https://alfouadpharmacies.com/en/products/mood-hyaluronic-acid-plus-moisture-hair-shampoo-400ml,AlFouad Pharmacies,Verify usage rights before commercial publication,غير مثبت,غير مثبت,مرجعي فقط — غير معتمد للنشر التجاري,بيانات مرجعية متاحة؛ يلزم تحقق PM,ضمن الفحص المبدئي
10569860514095,mood-7oils-plus-hydration-hair-shampoo-400-ml,شامبو شعر موود 7أويلز بلس ترطيب 400 مل,MOOD,العناية بالشعر,العناية بالشعر,1,بسيط,112425,135,40.5,94.5,,متاح لدى المصدر,https://cdn.shopify.com/s/files/1/0935/9550/0847/files/MOOD-7OILS-PLUS-HYDRATION-HAIR-SHAMPOO-400-ML.webp?v=1754298335,منتج شامبو شعر موود 7أويلز بلس ترطيب 400 مل من MOOD. التصنيف المرجعي: العناية بالشعر — بسيط. الوسوم المرجعية: Dry & Damadged Hair، Hair Care، Hair Concerns، Hair Shampoo، Special-Offer.,https://alfouadpharmacies.com/en/products/mood-7oils-plus-hydration-hair-shampoo-400-ml,AlFouad Pharmacies,Verify usage rights before commercial publication,غير مثبت,غير مثبت,مرجعي فقط — غير معتمد للنشر التجاري,بيانات مرجعية متاحة؛ يلزم تحقق PM,ضمن الفحص المبدئي
10569924378927,sunsilk-shampoo-190ml-black-shine,شامبو صن سيلك 190 مل أسود لامع,SUNSILK,العناية بالشعر,العناية بالشعر,1,بسيط,7095,75,22.5,52.5,,متاح لدى المصدر,https://cdn.shopify.com/s/files/1/0935/9550/0847/files/Sunsilk-Shampoo-190ML-Black-Shine-_D8_A7_D8_B3_D9_88_D8_AF.webp?v=1754297842,منتج شامبو صن سيلك 190 مل أسود لامع من SUNSILK. التصنيف المرجعي: العناية بالشعر — بسيط. الوسوم المرجعية: Dry & Damadged Hair، Hair Care، Hair Concerns، Hair Shampoo.,https://alfouadpharmacies.com/en/products/sunsilk-shampoo-190ml-black-shine,AlFouad Pharmacies,Verify usage rights before commercial publication,غير مثبت,غير مثبت,مرجعي فقط — غير معتمد للنشر التجاري,بيانات مرجعية متاحة؛ يلزم تحقق PM,ضمن الفحص المبدئي
10569924313391,sunsilk-shampoo-190ml-black-shine-offer,شامبو صن سيلك 190 مل أسود لامع - عرض خاص,SUNSILK OFF,العناية بالشعر,العناية بالشعر,1,بسيط,109655,60,18,42,,غير متاح لدى المصدر,https://cdn.shopify.com/s/files/1/0935/9550/0847/files/Sunsilk-Shampoo-190ML-Black-Shine-Offer-_D8_A7_D8_B3_D9_88_D8_AF.webp?v=1754297843,منتج شامبو صن سيلك 190 مل أسود لامع - عرض خاص من SUNSILK OFF. التصنيف المرجعي: العناية بالشعر — بسيط. الوسوم المرجعية: Dry & Damadged Hair، Hair Care، Hair Concerns، Hair Shampoo.,https://alfouadpharmacies.com/en/products/sunsilk-shampoo-190ml-black-shine-offer,AlFouad Pharmacies,Verify usage rights before commercial publication,غير مثبت,غير مثبت,مرجعي فقط — غير معتمد للنشر التجاري,بيانات مرجعية متاحة؛ يلزم تحقق PM,ضمن الفحص المبدئي
10569924444463,sunsilk-shampoo-350ml-instant-repair,شامبو صن سيلك 350 مل إصلاح فوري,SUNSILK,العناية بالشعر,العناية بالشعر,1,بسيط,107822,118,35.4,82.6,,متاح لدى المصدر,https://cdn.shopify.com/s/files/1/0935/9550/0847/files/Sunsilk-Shampoo-350ML-Instant-Repair.webp?v=1754297841,منتج شامبو صن سيلك 350 مل إصلاح فوري من SUNSILK. التصنيف المرجعي: العناية بالشعر — بسيط. الوسوم المرجعية: Dry & Damadged Hair، Hair Care، Hair Concerns، Hair Shampoo.,https://alfouadpharmacies.com/en/products/sunsilk-shampoo-350ml-instant-repair,AlFouad Pharmacies,Verify usage rights before commercial publication,غير مثبت,غير مثبت,مرجعي فقط — غير معتمد للنشر التجاري,بيانات مرجعية متاحة؛ يلزم تحقق PM,ضمن الفحص المبدئي
10569923658031,sunsilk-bye-bye-hair-fall-shampoo-350ml,شامبو صن سيلك Goodbye Hair Fall 350 مل,SUNSILK,العناية بالشعر,العناية بالشعر,1,بسيط,1628,187,56.1,130.9,,متاح لدى المصدر,https://cdn.shopify.com/s/files/1/0935/9550/0847/files/Sunsilk-Bye-Bye-Hair-Fall-Shampoo-350ML.webp?v=1754297851,منتج شامبو صن سيلك Goodbye Hair Fall 350 مل من SUNSILK. التصنيف المرجعي: العناية بالشعر — بسيط. الوسوم المرجعية: Hair Care، Hair Concerns، Hair Loss، Hair Shampoo.,https://alfouadpharmacies.com/en/products/sunsilk-bye-bye-hair-fall-shampoo-350ml,AlFouad Pharmacies,Verify usage rights before commercial publication,غير مثبت,غير مثبت,مرجعي فقط — غير معتمد للنشر التجاري,بيانات مرجعية متاحة؛ يلزم تحقق PM,ضمن الفحص المبدئي
10569924247855,sunsilk-out-with-damage-shampoo-350ml,شامبو صن سيلك لإصلاح التلف 350 مل,SUNSILK,العناية بالشعر,العناية بالشعر,1,بسيط,1634,155,46.5,108.5,,متاح لدى المصدر,https://cdn.shopify.com/s/files/1/0935/9550/0847/files/Sunsilk-Out-With-Damage-Shampoo-350ML.webp?v=1754297844,منتج شامبو صن سيلك لإصلاح التلف 350 مل من SUNSILK. التصنيف المرجعي: العناية بالشعر — بسيط. الوسوم المرجعية: Dry & Damadged Hair، Hair Care، Hair Concerns، Hair Shampoo.,https://alfouadpharmacies.com/en/products/sunsilk-out-with-damage-shampoo-350ml,AlFouad Pharmacies,Verify usage rights before commercial publication,غير مثبت,غير مثبت,مرجعي فقط — غير معتمد للنشر التجاري,بيانات مرجعية متاحة؛ يلزم تحقق PM,ضمن الفحص المبدئي
10569924149551,sunsilk-moisture-bomb-super-shampoo-350ml,شامبو صن سيلك مويستشر بومب سوبر للشعر 350 مل,SUNSILK,العناية بالشعر,العناية بالشعر,1,بسيط,1783,170,51,119,,متاح لدى المصدر,https://cdn.shopify.com/s/files/1/0935/9550/0847/files/Sunsilk-Moisture-Bomb-Super-Shampoo-350ML.webp?v=1754297845,منتج شامبو صن سيلك مويستشر بومب سوبر للشعر 350 مل من SUNSILK. التصنيف المرجعي: العناية بالشعر — بسيط. الوسوم المرجعية: Anti-Frizz، Hair Care، Hair Concerns، Hair Shampoo.,https://alfouadpharmacies.com/en/products/sunsilk-moisture-bomb-super-shampoo-350ml,AlFouad Pharmacies,Verify usage rights before commercial publication,غير مثبت,غير مثبت,مرجعي فقط — غير معتمد للنشر التجاري,بيانات مرجعية متاحة؛ يلزم تحقق PM,ضمن الفحص المبدئي
10569957736751,phyto-defrisant-anti-frizz-hair-shampoo-250ml,شامبو فيتو ديفريسان المضاد للتجعد للشعر 250 مل,AlFouad Pharmacies,العناية بالشعر,العناية بالشعر,1,بسيط,112194,650,195,455,,غير متاح لدى المصدر,https://cdn.shopify.com/s/files/1/0935/9550/0847/files/Phyto-Defrisant-Anti-Frizz-Hair-Shampoo-250ML-100.webp?v=1754297573,منتج شامبو فيتو ديفريسان المضاد للتجعد للشعر 250 مل من AlFouad Pharmacies. التصنيف المرجعي: العناية بالشعر — بسيط. الوسوم المرجعية: Anti-Frizz، Dry & Damadged Hair، Hair Care، Hair Concerns، Hair Shampoo.,https://alfouadpharmacies.com/en/products/phyto-defrisant-anti-frizz-hair-shampoo-250ml,AlFouad Pharmacies,Verify usage rights before commercial publication,غير مثبت,غير مثبت,مرجعي فقط — غير معتمد للنشر التجاري,بيانات مرجعية متاحة؛ يلزم تحقق PM,ضمن الفحص المبدئي
10569958031663,phyto-softness-shampoo-250ml,شامبو فيتو سوفتنس 250 مل,AlFouad Pharmacies,العناية بالشعر,العناية بالشعر,1,بسيط,112200,800,240,560,,غير متاح لدى المصدر,https://cdn.shopify.com/s/files/1/0935/9550/0847/files/pdp_carrousel_1.webp?v=1754297569,منتج شامبو فيتو سوفتنس 250 مل من AlFouad Pharmacies. التصنيف المرجعي: العناية بالشعر — بسيط. الوسوم المرجعية: Anti-Frizz، Deep Repair، Dry & Damadged Hair، Hair Care، Hair Concerns، Hair Shampoo.,https://alfouadpharmacies.com/en/products/phyto-softness-shampoo-250ml,AlFouad Pharmacies,Verify usage rights before commercial publication,غير مثبت,غير مثبت,مرجعي فقط — غير معتمد للنشر التجاري,بيانات مرجعية متاحة؛ يلزم تحقق PM,ضمن الفحص المبدئي
10569957900591,phyto-softness-shampoo-500ml,شامبو فيتو سوفتنس 500 مل,AlFouad Pharmacies,العناية بالشعر,العناية بالشعر,1,بسيط,112197,1390,417,973,,غير متاح لدى المصدر,https://cdn.shopify.com/s/files/1/0935/9550/0847/files/Phyto-Softness-Shampoo-500ML.webp?v=1754297571,منتج شامبو فيتو سوفتنس 500 مل من AlFouad Pharmacies. التصنيف المرجعي: العناية بالشعر — بسيط. الوسوم المرجعية: Anti-Frizz، Dry & Damadged Hair، Hair Care، Hair Concerns، Hair Shampoo، Weak & Thin.,https://alfouadpharmacies.com/en/products/phyto-softness-shampoo-500ml,AlFouad Pharmacies,Verify usage rights before commercial publication,غير مثبت,غير مثبت,مرجعي فقط — غير معتمد للنشر التجاري,بيانات مرجعية متاحة؛ يلزم تحقق PM,ضمن الفحص المبدئي
10569939190063,vatika-men-anti-dandruff-shampoo-180ml,شامبو فيتيكا للرجال ضد القشرة 180 مل,AlFouad Pharmacies,العناية بالشعر,العناية بالشعر,1,بسيط,9202,75,22.5,52.5,,متاح لدى المصدر,https://cdn.shopify.com/s/files/1/0935/9550/0847/files/Vatika-Men-Anti-Dandruff-Shampoo-180ML.webp?v=1754297756,منتج شامبو فيتيكا للرجال ضد القشرة 180 مل من AlFouad Pharmacies. التصنيف المرجعي: العناية بالشعر — بسيط. الوسوم المرجعية: Hair Care، Hair Shampoo.,https://alfouadpharmacies.com/en/products/vatika-men-anti-dandruff-shampoo-180ml,AlFouad Pharmacies,Verify usage rights before commercial publication,غير مثبت,غير مثبت,مرجعي فقط — غير معتمد للنشر التجاري,بيانات مرجعية متاحة؛ يلزم تحقق PM,ضمن الفحص المبدئي
10569810477359,vichy-derc-anti-dandruff-oily-shampoo-75ml,شامبو فيشي ديرك المضاد للقشرة للشعر الدهني 75 مل,Vichy,العناية بالشعر,العناية بالشعر,1,بسيط,6900,351,105.3,245.7,,غير متاح لدى المصدر,https://cdn.shopify.com/s/files/1/0935/9550/0847/files/Vichy-Derc-Anti-Dandruff-Oily-Shampoo-75ML.webp?v=1754298722,منتج شامبو فيشي ديرك المضاد للقشرة للشعر الدهني 75 مل من Vichy. التصنيف المرجعي: العناية بالشعر — بسيط. الوسوم المرجعية: Dandruff، Hair Care، Hair Concerns، Hair Shampoo.,https://alfouadpharmacies.com/en/products/vichy-derc-anti-dandruff-oily-shampoo-75ml,AlFouad Pharmacies,Verify usage rights before commercial publication,غير مثبت,غير مثبت,مرجعي فقط — غير معتمد للنشر التجاري,بيانات مرجعية متاحة؛ يلزم تحقق PM,ضمن الفحص المبدئي
12689734762799,شامبو-فيشي-ديركوس-المضاد-للقشرة-للشعر-الجاف-200-مل,شامبو فيشي ديركوس المضاد للقشرة للشعر الجاف - 200 مل,Vichy,العناية بالشعر,العناية بالشعر,1,shampoo,110269,800,240,560,,متاح لدى المصدر,https://cdn.shopify.com/s/files/1/0935/9550/0847/files/1_11.webp?v=1780478866,منتج شامبو فيشي ديركوس المضاد للقشرة للشعر الجاف - 200 مل من Vichy. التصنيف المرجعي: العناية بالشعر — shampoo. الوسوم المرجعية: 10، Dandruff، Hair Care، Hair Concerns، Hair Shampoo.,https://alfouadpharmacies.com/en/products/شامبو-فيشي-ديركوس-المضاد-للقشرة-للشعر-الجاف-200-مل,AlFouad Pharmacies,Verify usage rights before commercial publication,غير مثبت,غير مثبت,مرجعي فقط — غير معتمد للنشر التجاري,بيانات مرجعية متاحة؛ يلزم تحقق PM,ضمن الفحص المبدئي
10569811820847,شامبو-فيشي-ديركوس-انرجايزنج-لتساقط-الشعر-200-مل,شامبو فيشي ديركوس انرجايزنج لتساقط الشعر 200 مل,Vichy,العناية بالشعر,العناية بالشعر,1,شامبو,106474,880,264,616,,متاح لدى المصدر,https://cdn.shopify.com/s/files/1/0935/9550/0847/files/1_20.webp?v=1780486938,منتج شامبو فيشي ديركوس انرجايزنج لتساقط الشعر 200 مل من Vichy. التصنيف المرجعي: العناية بالشعر — شامبو. الوسوم المرجعية: Hair Care، Hair Concerns، Hair Growth، Hair Loss، Hair Shampoo.,https://alfouadpharmacies.com/en/products/شامبو-فيشي-ديركوس-انرجايزنج-لتساقط-الشعر-200-مل,AlFouad Pharmacies,Verify usage rights before commercial publication,غير مثبت,غير مثبت,مرجعي فقط — غير معتمد للنشر التجاري,بيانات مرجعية متاحة؛ يلزم تحقق PM,ضمن الفحص المبدئي
12689734730031,شامبو-فيشي-ديركوس-ضد-القشرة-للشعر-الدهني-200-مل,شامبو فيشي ديركوس ضد القشرة للشعر الدهني 200 مل,Vichy,العناية بالشعر,العناية بالشعر,1,بسيط,108194,800,240,560,,متاح لدى المصدر,https://cdn.shopify.com/s/files/1/0935/9550/0847/files/1_17.webp?v=1780484824,منتج شامبو فيشي ديركوس ضد القشرة للشعر الدهني 200 مل من Vichy. التصنيف المرجعي: العناية بالشعر — بسيط. الوسوم المرجعية: 10، Dandruff، Hair Care، Hair Concerns، Hair Shampoo.,https://alfouadpharmacies.com/en/products/شامبو-فيشي-ديركوس-ضد-القشرة-للشعر-الدهني-200-مل,AlFouad Pharmacies,Verify usage rights before commercial publication,غير مثبت,غير مثبت,مرجعي فقط — غير معتمد للنشر التجاري,بيانات مرجعية متاحة؛ يلزم تحقق PM,ضمن الفحص المبدئي
16121987629359,شامبو-فينو-بريميوم-تاتش,شامبو فينو بريميوم تاتش,korean product,العناية بالشعر,العناية بالشعر | الجمال الكوري,2,شامبو ,115432,2200,660,1540,,متاح لدى المصدر,https://cdn.shopify.com/s/files/1/0935/9550/0847/files/fino_premium_touch_shampoo_lifestyle_1615.webp?v=1786518981,منتج شامبو فينو بريميوم تاتش من korean product. التصنيف المرجعي: العناية بالشعر — شامبو . الوسوم المرجعية: Hair Care.,https://alfouadpharmacies.com/en/products/شامبو-فينو-بريميوم-تاتش,AlFouad Pharmacies,Verify usage rights before commercial publication,غير مثبت,غير مثبت,مرجعي فقط — غير معتمد للنشر التجاري,بيانات مرجعية متاحة؛ يلزم تحقق PM,ضمن الفحص المبدئي
16110416003375,شامبو-كابيكسي-أدفانس-ريبير-250-مل,شامبو كابيكسي أدفانس ريبير – 250 مل,CAPIXY,العناية بالشعر,العناية بالشعر,1,شامبو,117556,320,96,224,,متاح لدى المصدر,https://cdn.shopify.com/s/files/1/0935/9550/0847/files/Shampoo_f237cd96-d28c-4654-9736-7799ed8ba334.webp?v=1785829379,منتج شامبو كابيكسي أدفانس ريبير – 250 مل من CAPIXY. التصنيف المرجعي: العناية بالشعر — شامبو. الوسوم المرجعية: Deep Repair، Hair Care، Hair Shampoo، Hair Treatment.,https://alfouadpharmacies.com/en/products/شامبو-كابيكسي-أدفانس-ريبير-250-مل,AlFouad Pharmacies,Verify usage rights before commercial publication,غير مثبت,غير مثبت,مرجعي فقط — غير معتمد للنشر التجاري,بيانات مرجعية متاحة؛ يلزم تحقق PM,ضمن الفحص المبدئي
12689768579375,capixy-hair-shampoo-250ml,شامبو كابيكسي للشعر 250 مل,CAPIXY,العناية بالشعر,العناية بالشعر,1,بسيط,102819,320,96,224,0,متاح لدى المصدر,https://cdn.shopify.com/s/files/1/0935/9550/0847/files/Capixy_Shampoo_1615x1615_e58f85a2-0df7-4609-a16d-b2edfe54aac1.webp?v=1771496284,منتج شامبو كابيكسي للشعر 250 مل من CAPIXY. التصنيف المرجعي: العناية بالشعر — بسيط. الوسوم المرجعية: Hair Care، Hair Concerns، Hair Loss، Hair Shampoo.,https://alfouadpharmacies.com/en/products/capixy-hair-shampoo-250ml,AlFouad Pharmacies,Verify usage rights before commercial publication,غير مثبت,غير مثبت,مرجعي فقط — غير معتمد للنشر التجاري,بيانات مرجعية متاحة؛ يلزم تحقق PM,ضمن الفحص المبدئي
16054230090031,شامبو-كانتو-بالأفوكادو-المرطب-للشعر-الطبيعي-والكيرلي-400-مل,شامبو كانتو بالأفوكادو المرطب للشعر الطبيعي والكيرلي 400 مل,cantu,العناية بالشعر,العناية بالشعر,1,عنايه بالشعر ,112681,540,162,378,,متاح لدى المصدر,https://cdn.shopify.com/s/files/1/0935/9550/0847/files/Group_2_20_ebefd40d-0d9e-4d6b-9adc-df63e4952636.webp?v=1784017098,منتج شامبو كانتو بالأفوكادو المرطب للشعر الطبيعي والكيرلي 400 مل من cantu. التصنيف المرجعي: العناية بالشعر — عنايه بالشعر . الوسوم المرجعية: CANTU، Curls Shampoo، Curly Hair، Hair Care، Hair Concerns، Hair Shampoo.,https://alfouadpharmacies.com/en/products/شامبو-كانتو-بالأفوكادو-المرطب-للشعر-الطبيعي-والكيرلي-400-مل,AlFouad Pharmacies,Verify usage rights before commercial publication,غير مثبت,غير مثبت,مرجعي فقط — غير معتمد للنشر التجاري,بيانات مرجعية متاحة؛ يلزم تحقق PM,ضمن الفحص المبدئي
16089682051375,شامبو-كانتو-بزبدة-الشيا-المرطب-للشعر-الطبيعي-والكيرلي-400-مل,شامبو كانتو بزبدة الشيا المرطب للشعر الطبيعي والكيرلي 400 مل,cantu,العناية بالشعر,العناية بالشعر,1,شامبو ,81191,620,186,434,,متاح لدى المصدر,https://cdn.shopify.com/s/files/1/0935/9550/0847/files/Group1-2026-07-15T111037.557.webp?v=1784103185,منتج شامبو كانتو بزبدة الشيا المرطب للشعر الطبيعي والكيرلي 400 مل من cantu. التصنيف المرجعي: العناية بالشعر — شامبو . الوسوم المرجعية: Curls Shampoo، Curly، Curly Hair، Curly Shmapoo، Hair Care، Hair Concerns، Hair Shampoo.,https://alfouadpharmacies.com/en/products/شامبو-كانتو-بزبدة-الشيا-المرطب-للشعر-الطبيعي-والكيرلي-400-مل,AlFouad Pharmacies,Verify usage rights before commercial publication,غير مثبت,غير مثبت,مرجعي فقط — غير معتمد للنشر التجاري,بيانات مرجعية متاحة؛ يلزم تحقق PM,ضمن الفحص المبدئي
12689512530223,شامبو-كانتو-للأطفال-بتركيبة-لا-تسبب-الدموع-لتغذية-الشعر-الكيرلي-237-مل,شامبو كانتو للأطفال بتركيبة لا تسبب الدموع لتغذية الشعر الكيرلي 237 مل,cantu,العناية بالشعر,العناية بالشعر | العناية بالأطفال,2,شامبو ,10768,450,135,315,,متاح لدى المصدر,https://cdn.shopify.com/s/files/1/0935/9550/0847/files/Group_2_19_be8f1e8b-79d5-4d78-80b8-0befdd747a33.webp?v=1784016855,منتج شامبو كانتو للأطفال بتركيبة لا تسبب الدموع لتغذية الشعر الكيرلي 237 مل من cantu. التصنيف المرجعي: العناية بالشعر — شامبو . الوسوم المرجعية: Baby Care، Hair Care، kids، Kids Care، Kids Concerns، Kids Hair، Kids Shampoo.,https://alfouadpharmacies.com/en/products/شامبو-كانتو-للأطفال-بتركيبة-لا-تسبب-الدموع-لتغذية-الشعر-الكيرلي-237-مل,AlFouad Pharmacies,Verify usage rights before commercial publication,غير مثبت,غير مثبت,مرجعي فقط — غير معتمد للنشر التجاري,بيانات مرجعية متاحة؛ يلزم تحقق PM,ضمن الفحص المبدئي
12689539924271,clary-anti-dandruff-hair-shampoo-300ml,شامبو كلاري المضاد للقشرة للشعر 300 مل,Clear,العناية بالشعر,العناية بالشعر,1,Hair Care > Hair Treatments,114173,350,105,245,,متاح لدى المصدر,https://cdn.shopify.com/s/files/1/0935/9550/0847/files/1_19_ce3ff1c9-4737-4282-b009-a0879ca4ef7a.webp?v=1781951302,منتج شامبو كلاري المضاد للقشرة للشعر 300 مل من Clear. التصنيف المرجعي: العناية بالشعر — Hair Care > Hair Treatments. الوسوم المرجعية: clary، Dandruff، Hair Care، Hair Shampoo.,https://alfouadpharmacies.com/en/products/clary-anti-dandruff-hair-shampoo-300ml,AlFouad Pharmacies,Verify usage rights before commercial publication,غير مثبت,غير مثبت,مرجعي فقط — غير معتمد للنشر التجاري,بيانات مرجعية متاحة؛ يلزم تحقق PM,ضمن الفحص المبدئي
12689768448303,clary-shampoo-for-dry-damaged-hair-300ml,شامبو كلاري للشعر الجاف والتالف 300 مل,Clear,العناية بالشعر,العناية بالشعر,1,شامبو للشعر التالف ,29535,330,99,231,,متاح لدى المصدر,https://cdn.shopify.com/s/files/1/0935/9550/0847/files/1_40b0ce84-02e4-4264-aaee-b72b6293f61b.webp?v=1781945303,منتج شامبو كلاري للشعر الجاف والتالف 300 مل من Clear. التصنيف المرجعي: العناية بالشعر — شامبو للشعر التالف . الوسوم المرجعية: clary، Dry & Damadged Hair، Hair Care، Hair Concerns، Hair Shampoo.,https://alfouadpharmacies.com/en/products/clary-shampoo-for-dry-damaged-hair-300ml,AlFouad Pharmacies,Verify usage rights before commercial publication,غير مثبت,غير مثبت,مرجعي فقط — غير معتمد للنشر التجاري,بيانات مرجعية متاحة؛ يلزم تحقق PM,ضمن الفحص المبدئي
10569849307439,clear-men-sh190ml-deep-cleanse-20-off,شامبو كلير للرجال 190 مل تنظيف عميق خصم 20%,Clear off,العناية بالشعر,العناية بالشعر,1,بسيط,108436,85,25.5,59.5,,غير متاح لدى المصدر,https://cdn.shopify.com/s/files/1/0935/9550/0847/files/Clear-Men-SH.190ML-Deep-Cleanse-20-Off.webp?v=1754298445,منتج شامبو كلير للرجال 190 مل تنظيف عميق خصم 20% من Clear off. التصنيف المرجعي: العناية بالشعر — بسيط. الوسوم المرجعية: Dandruff، Hair Care، Hair Concerns، Hair Shampoo.,https://alfouadpharmacies.com/en/products/clear-men-sh190ml-deep-cleanse-20-off,AlFouad Pharmacies,Verify usage rights before commercial publication,غير مثبت,غير مثبت,مرجعي فقط — غير معتمد للنشر التجاري,بيانات مرجعية متاحة؛ يلزم تحقق PM,ضمن الفحص المبدئي
10569848914223,clear-men-sh190ml-3x1-with-active-charcoal-off,شامبو كلير للرجال 190 مل، 3 × 1 مع الفحم النشط، عرض خاص.,Clear off,العناية بالشعر,العناية بالشعر,1,بسيط,111216,100,30,70,,متاح لدى المصدر,https://cdn.shopify.com/s/files/1/0935/9550/0847/files/CLEAR-SH-M-3X1-_-_-510x510.webp?v=1788608358,منتج شامبو كلير للرجال 190 مل، 3 × 1 مع الفحم النشط، عرض خاص. من Clear off. التصنيف المرجعي: العناية بالشعر — بسيط. الوسوم المرجعية: Dandruff، Hair Care، Hair Concerns، Hair Shampoo.,https://alfouadpharmacies.com/en/products/clear-men-sh190ml-3x1-with-active-charcoal-off,AlFouad Pharmacies,Verify usage rights before commercial publication,غير مثبت,غير مثبت,مرجعي فقط — غير معتمد للنشر التجاري,بيانات مرجعية متاحة؛ يلزم تحقق PM,ضمن الفحص المبدئي
10569848815919,clear-men-sh190ml-3x1-with-active-charcoal,شامبو كلير للرجال 190 مل، 3 في 1، مع فحم طبيعي نشط,Clear,العناية بالشعر,العناية بالشعر,1,بسيط,93202,100,30,70,,متاح لدى المصدر,https://cdn.shopify.com/s/files/1/0935/9550/0847/files/Clear-Men-SH.190ML-3X1-With-Active-Charcoal.webp?v=1754298448,منتج شامبو كلير للرجال 190 مل، 3 في 1، مع فحم طبيعي نشط من Clear. التصنيف المرجعي: العناية بالشعر — بسيط. الوسوم المرجعية: Dandruff، Hair Care، Hair Concerns، Hair Shampoo.,https://alfouadpharmacies.com/en/products/clear-men-sh190ml-3x1-with-active-charcoal,AlFouad Pharmacies,Verify usage rights before commercial publication,غير مثبت,غير مثبت,مرجعي فقط — غير معتمد للنشر التجاري,بيانات مرجعية متاحة؛ يلزم تحقق PM,ضمن الفحص المبدئي
10569849766191,clear-men-sh190ml-legend-cr7,شامبو كلير للرجال 190 مل، إصدار ليجند سي آر 7,Clear,العناية بالشعر,العناية بالشعر,1,بسيط,17025,85,25.5,59.5,,غير متاح لدى المصدر,https://cdn.shopify.com/s/files/1/0935/9550/0847/files/Clear-Men-SH.190ML-Legend-CR7.webp?v=1754298441,منتج شامبو كلير للرجال 190 مل، إصدار ليجند سي آر 7 من Clear. التصنيف المرجعي: العناية بالشعر — بسيط. الوسوم المرجعية: Dandruff، Hair Care، Hair Concerns، Hair Shampoo.,https://alfouadpharmacies.com/en/products/clear-men-sh190ml-legend-cr7,AlFouad Pharmacies,Verify usage rights before commercial publication,غير مثبت,غير مثبت,مرجعي فقط — غير معتمد للنشر التجاري,بيانات مرجعية متاحة؛ يلزم تحقق PM,ضمن الفحص المبدئي
10569849798959,clear-men-sh190ml-legend-cr7-20-off,شامبو كلير للرجال 190 مل، إصدار ليجند سي آر 7، خصم 20%,Clear off,العناية بالشعر,العناية بالشعر,1,بسيط,94222,85,25.5,59.5,,غير متاح لدى المصدر,https://cdn.shopify.com/s/files/1/0935/9550/0847/files/Clear-Men-SH.190ML-Legend-CR7-20-Off.webp?v=1754298440,منتج شامبو كلير للرجال 190 مل، إصدار ليجند سي آر 7، خصم 20% من Clear off. التصنيف المرجعي: العناية بالشعر — بسيط. الوسوم المرجعية: Dandruff، Hair Care، Hair Concerns، Hair Shampoo.,https://alfouadpharmacies.com/en/products/clear-men-sh190ml-legend-cr7-20-off,AlFouad Pharmacies,Verify usage rights before commercial publication,غير مثبت,غير مثبت,مرجعي فقط — غير معتمد للنشر التجاري,بيانات مرجعية متاحة؛ يلزم تحقق PM,ضمن الفحص المبدئي
10569849471279,clear-men-sh190ml-hair-fall-20-off,شامبو كلير للرجال 190 مل، خصم 20% على منتجات علاج تساقط الشعر.,Clear,العناية بالشعر,العناية بالشعر,1,بسيط,95569,100,30,70,,متاح لدى المصدر,https://cdn.shopify.com/s/files/1/0935/9550/0847/files/Clear-Men-SH.190ML-Hair-Fall-20-Off.webp?v=1754298444,منتج شامبو كلير للرجال 190 مل، خصم 20% على منتجات علاج تساقط الشعر. من Clear. التصنيف المرجعي: العناية بالشعر — بسيط. الوسوم المرجعية: Dandruff، Hair Care، Hair Concerns، Hair Shampoo.,https://alfouadpharmacies.com/en/products/clear-men-sh190ml-hair-fall-20-off,AlFouad Pharmacies,Verify usage rights before commercial publication,غير مثبت,غير مثبت,مرجعي فقط — غير معتمد للنشر التجاري,بيانات مرجعية متاحة؛ يلزم تحقق PM,ضمن الفحص المبدئي
10569850323247,clear-men-sh400ml-legend-cr7,شامبو كلير للرجال 400 مل ليجند سي آر 7,Clear,العناية بالشعر,العناية بالشعر,1,بسيط,92898,145,43.5,101.5,,غير متاح لدى المصدر,https://cdn.shopify.com/s/files/1/0935/9550/0847/files/Clear-Men-SH.400ML-Legend-CR7.webp?v=1754298434,منتج شامبو كلير للرجال 400 مل ليجند سي آر 7 من Clear. التصنيف المرجعي: العناية بالشعر — بسيط. الوسوم المرجعية: Dandruff، Hair Care، Hair Concerns، Hair Shampoo.,https://alfouadpharmacies.com/en/products/clear-men-sh400ml-legend-cr7,AlFouad Pharmacies,Verify usage rights before commercial publication,غير مثبت,غير مثبت,مرجعي فقط — غير معتمد للنشر التجاري,بيانات مرجعية متاحة؛ يلزم تحقق PM,ضمن الفحص المبدئي
10569850421551,clear-men-sh400ml-legend-cr7-off,شامبو كلير للرجال 400 مل، إصدار كريستيانو رونالدو المحدود.,Clear off,العناية بالشعر,العناية بالشعر,1,بسيط,13370,130,39,91,,غير متاح لدى المصدر,https://cdn.shopify.com/s/files/1/0935/9550/0847/files/Clear-Men-SH.400ML-Legend-CR7-Off.webp?v=1754298433,منتج شامبو كلير للرجال 400 مل، إصدار كريستيانو رونالدو المحدود. من Clear off. التصنيف المرجعي: العناية بالشعر — بسيط. الوسوم المرجعية: Dandruff، Hair Care، Hair Concerns، Hair Shampoo.,https://alfouadpharmacies.com/en/products/clear-men-sh400ml-legend-cr7-off,AlFouad Pharmacies,Verify usage rights before commercial publication,غير مثبت,غير مثبت,مرجعي فقط — غير معتمد للنشر التجاري,بيانات مرجعية متاحة؛ يلزم تحقق PM,ضمن الفحص المبدئي
10569851142447,clear-men-sh600ml-legend-cr7-off,شامبو كلير للرجال 600 مل، إصدار ليجند سي آر 7.,Clear off,العناية بالشعر,العناية بالشعر,1,بسيط,92896,185,55.5,129.5,,غير متاح لدى المصدر,https://cdn.shopify.com/s/files/1/0935/9550/0847/files/Clear-Men-SH.600ML-Legend-CR7-Off.webp?v=1754298426,منتج شامبو كلير للرجال 600 مل، إصدار ليجند سي آر 7. من Clear off. التصنيف المرجعي: العناية بالشعر — بسيط. الوسوم المرجعية: Dandruff، Hair Care، Hair Concerns، Hair Shampoo.,https://alfouadpharmacies.com/en/products/clear-men-sh600ml-legend-cr7-off,AlFouad Pharmacies,Verify usage rights before commercial publication,غير مثبت,غير مثبت,مرجعي فقط — غير معتمد للنشر التجاري,بيانات مرجعية متاحة؛ يلزم تحقق PM,ضمن الفحص المبدئي
10569848979759,clear-men-sh190ml-cool-sport-mentol,شامبو كلير للرجال، 190 مل، برودة رياضية، بنكهة المانثول,Clear,العناية بالشعر,العناية بالشعر,1,بسيط,86645,100,30,70,,متاح لدى المصدر,https://cdn.shopify.com/s/files/1/0935/9550/0847/files/Clear-Men-SH.190ML-Cool-Sport-Mentol.webp?v=1754298447,منتج شامبو كلير للرجال، 190 مل، برودة رياضية، بنكهة المانثول من Clear. التصنيف المرجعي: العناية بالشعر — بسيط. الوسوم المرجعية: Dandruff، Hair Care، Hair Concerns، Hair Shampoo.,https://alfouadpharmacies.com/en/products/clear-men-sh190ml-cool-sport-mentol,AlFouad Pharmacies,Verify usage rights before commercial publication,غير مثبت,غير مثبت,مرجعي فقط — غير معتمد للنشر التجاري,بيانات مرجعية متاحة؛ يلزم تحقق PM,ضمن الفحص المبدئي
10569849209135,clear-men-sh190ml-deep-cleanse,شامبو كلير للرجال، 190 مل، تنظيف عميق.,Clear,العناية بالشعر,العناية بالشعر,1,بسيط,29628,100,30,70,,متاح لدى المصدر,https://cdn.shopify.com/s/files/1/0935/9550/0847/files/Clear-Men-SH.190ML-Deep-Cleanse.webp?v=1754298446,منتج شامبو كلير للرجال، 190 مل، تنظيف عميق. من Clear. التصنيف المرجعي: العناية بالشعر — بسيط. الوسوم المرجعية: Dandruff، Hair Care، Hair Concerns، Hair Shampoo.,https://alfouadpharmacies.com/en/products/clear-men-sh190ml-deep-cleanse,AlFouad Pharmacies,Verify usage rights before commercial publication,غير مثبت,غير مثبت,مرجعي فقط — غير معتمد للنشر التجاري,بيانات مرجعية متاحة؛ يلزم تحقق PM,ضمن الفحص المبدئي
10569849078063,clear-men-sh190ml-cool-sport-mentol-20-off,شامبو كلير للرجال، 190 مل، كول سبورت، منثول، خصم 20%,Clear off,العناية بالشعر,العناية بالشعر,1,بسيط,81205,100,30,70,,متاح لدى المصدر,https://cdn.shopify.com/s/files/1/0935/9550/0847/files/Clear-Men-SH.190ML-Cool-Sport-Mentol-20-Off.webp?v=1754298447,منتج شامبو كلير للرجال، 190 مل، كول سبورت، منثول، خصم 20% من Clear off. التصنيف المرجعي: العناية بالشعر — بسيط. الوسوم المرجعية: Dandruff، Hair Care، Hair Concerns، Hair Shampoo.,https://alfouadpharmacies.com/en/products/clear-men-sh190ml-cool-sport-mentol-20-off,AlFouad Pharmacies,Verify usage rights before commercial publication,غير مثبت,غير مثبت,مرجعي فقط — غير معتمد للنشر التجاري,بيانات مرجعية متاحة؛ يلزم تحقق PM,ضمن الفحص المبدئي
10569849536815,clear-men-sh190ml-hair-fall-defense,شامبو كلير للرجال، 190 مل، لتساقط الشعر.,Clear,العناية بالشعر,العناية بالشعر,1,بسيط,32778,110,33,77,,متاح لدى المصدر,https://cdn.shopify.com/s/files/1/0935/9550/0847/files/Clear-Men-SH.190ML-Hair-Fall-Defense.webp?v=1754298443,منتج شامبو كلير للرجال، 190 مل، لتساقط الشعر. من Clear. التصنيف المرجعي: العناية بالشعر — بسيط. الوسوم المرجعية: Dandruff، Hair Care، Hair Concerns، Hair Shampoo.,https://alfouadpharmacies.com/en/products/clear-men-sh190ml-hair-fall-defense,AlFouad Pharmacies,Verify usage rights before commercial publication,غير مثبت,غير مثبت,مرجعي فقط — غير معتمد للنشر التجاري,بيانات مرجعية متاحة؛ يلزم تحقق PM,ضمن الفحص المبدئي
10569849995567,clear-men-sh400ml-deep-cleanse-charcol,شامبو كلير للرجال، 400 مل، تنظيف عميق بالفحم,Clear,العناية بالشعر,العناية بالشعر,1,بسيط,2879,167,50.1,116.9,,متاح لدى المصدر,https://cdn.shopify.com/s/files/1/0935/9550/0847/files/Clear-Men-SH.400ML-Deep-Cleanse-Charcol.webp?v=1754298438,منتج شامبو كلير للرجال، 400 مل، تنظيف عميق بالفحم من Clear. التصنيف المرجعي: العناية بالشعر — بسيط. الوسوم المرجعية: Dandruff، Hair Care، Hair Concerns، Hair Shampoo.,https://alfouadpharmacies.com/en/products/clear-men-sh400ml-deep-cleanse-charcol,AlFouad Pharmacies,Verify usage rights before commercial publication,غير مثبت,غير مثبت,مرجعي فقط — غير معتمد للنشر التجاري,بيانات مرجعية متاحة؛ يلزم تحقق PM,ضمن الفحص المبدئي
10569850224943,clear-men-sh400ml-hairfall-defense,شامبو كلير للرجال، 400 مل، حماية من تساقط الشعر,Clear,العناية بالشعر,العناية بالشعر,1,بسيط,14135,160,48,112,,متاح لدى المصدر,https://cdn.shopify.com/s/files/1/0935/9550/0847/files/Clear-Men-SH.400ML-Hairfall-Defense.webp?v=1754298436,منتج شامبو كلير للرجال، 400 مل، حماية من تساقط الشعر من Clear. التصنيف المرجعي: العناية بالشعر — بسيط. الوسوم المرجعية: Dandruff، Hair Care، Hair Concerns، Hair Shampoo.,https://alfouadpharmacies.com/en/products/clear-men-sh400ml-hairfall-defense,AlFouad Pharmacies,Verify usage rights before commercial publication,غير مثبت,غير مثبت,مرجعي فقط — غير معتمد للنشر التجاري,بيانات مرجعية متاحة؛ يلزم تحقق PM,ضمن الفحص المبدئي
10569849897263,clear-men-sh400360ml-cool-sport-mentol,شامبو كلير للرجال، 400/360 مل، منكه بالمنثول، رياضي منعش.,Clear,العناية بالشعر,العناية بالشعر,1,بسيط,14082,160,48,112,,متاح لدى المصدر,https://cdn.shopify.com/s/files/1/0935/9550/0847/files/Clear-Men-SH.400360ML-Cool-Sport-Mentol.webp?v=1754298440,منتج شامبو كلير للرجال، 400/360 مل، منكه بالمنثول، رياضي منعش. من Clear. التصنيف المرجعي: العناية بالشعر — بسيط. الوسوم المرجعية: Dandruff، Hair Care، Hair Concerns، Hair Shampoo.,https://alfouadpharmacies.com/en/products/clear-men-sh400360ml-cool-sport-mentol,AlFouad Pharmacies,Verify usage rights before commercial publication,غير مثبت,غير مثبت,مرجعي فقط — غير معتمد للنشر التجاري,بيانات مرجعية متاحة؛ يلزم تحقق PM,ضمن الفحص المبدئي
10569851076911,clear-men-sh600ml-legend-cr7,شامبو كلير للرجال، 600 مل، إصدار كريستيانو رونالدو (CR7),Clear,العناية بالشعر,العناية بالشعر,1,بسيط,13267,185,55.5,129.5,,غير متاح لدى المصدر,https://cdn.shopify.com/s/files/1/0935/9550/0847/files/Clear-Men-SH.600ML-Legend-CR7.webp?v=1754298427,منتج شامبو كلير للرجال، 600 مل، إصدار كريستيانو رونالدو (CR7) من Clear. التصنيف المرجعي: العناية بالشعر — بسيط. الوسوم المرجعية: Dandruff، Hair Care، Hair Concerns، Hair Shampoo.,https://alfouadpharmacies.com/en/products/clear-men-sh600ml-legend-cr7,AlFouad Pharmacies,Verify usage rights before commercial publication,غير مثبت,غير مثبت,مرجعي فقط — غير معتمد للنشر التجاري,بيانات مرجعية متاحة؛ يلزم تحقق PM,ضمن الفحص المبدئي
10569850716463,clear-men-sh600ml-deep-cleanseaxe-17ml-off,شامبو كلير للرجال، 600 مل، تنظيف عميق + بخاخ إكس، 17 مل,Clear off,العناية بالشعر,العناية بالشعر,1,بسيط,13591,230,69,161,,غير متاح لدى المصدر,https://cdn.shopify.com/s/files/1/0935/9550/0847/files/Clear-Men-SH.600ML-Deep-Cleanseaxe-17ML-Off.webp?v=1754298430,منتج شامبو كلير للرجال، 600 مل، تنظيف عميق + بخاخ إكس، 17 مل من Clear off. التصنيف المرجعي: العناية بالشعر — بسيط. الوسوم المرجعية: Dandruff، Hair Care، Hair Concerns، Hair Shampoo.,https://alfouadpharmacies.com/en/products/clear-men-sh600ml-deep-cleanseaxe-17ml-off,AlFouad Pharmacies,Verify usage rights before commercial publication,غير مثبت,غير مثبت,مرجعي فقط — غير معتمد للنشر التجاري,بيانات مرجعية متاحة؛ يلزم تحقق PM,ضمن الفحص المبدئي
10569850650927,clear-men-sh600ml-deep-cleanse,شامبو كلير للرجال، 600 مل، تنظيف عميق.,Clear,العناية بالشعر,العناية بالشعر,1,بسيط,93852,210,63,147,,متاح لدى المصدر,https://cdn.shopify.com/s/files/1/0935/9550/0847/files/Clear-Men-SH.600ML-Deep-Cleanse.webp?v=1754298431,منتج شامبو كلير للرجال، 600 مل، تنظيف عميق. من Clear. التصنيف المرجعي: العناية بالشعر — بسيط. الوسوم المرجعية: Dandruff، Hair Care، Hair Concerns، Hair Shampoo.,https://alfouadpharmacies.com/en/products/clear-men-sh600ml-deep-cleanse,AlFouad Pharmacies,Verify usage rights before commercial publication,غير مثبت,غير مثبت,مرجعي فقط — غير معتمد للنشر التجاري,بيانات مرجعية متاحة؛ يلزم تحقق PM,ضمن الفحص المبدئي
10569850978607,clear-men-sh600ml-hairfall-defense-off,شامبو كلير للرجال، 600 مل، حماية من تساقط الشعر.,Clear off,العناية بالشعر,العناية بالشعر,1,بسيط,25878,185,55.5,129.5,,متاح لدى المصدر,https://cdn.shopify.com/s/files/1/0935/9550/0847/files/Clear-Men-SH.600ML-Hairfall-Defense-Off.webp?v=1754298428,منتج شامبو كلير للرجال، 600 مل، حماية من تساقط الشعر. من Clear off. التصنيف المرجعي: العناية بالشعر — بسيط. الوسوم المرجعية: Dandruff، Hair Care، Hair Concerns، Hair Shampoo.,https://alfouadpharmacies.com/en/products/clear-men-sh600ml-hairfall-defense-off,AlFouad Pharmacies,Verify usage rights before commercial publication,غير مثبت,غير مثبت,مرجعي فقط — غير معتمد للنشر التجاري,بيانات مرجعية متاحة؛ يلزم تحقق PM,ضمن الفحص المبدئي
10569850519855,clear-men-sh600ml-cool-sport-mentol-off,شامبو كلير للرجال، 600 مل، كول سبورت، منثول، مزيل للروائح.,Clear off,العناية بالشعر,العناية بالشعر,1,بسيط,102988,185,55.5,129.5,,غير متاح لدى المصدر,https://cdn.shopify.com/s/files/1/0935/9550/0847/files/Clear-Men-SH.600ML-Cool-Sport-Mentol-Off.webp?v=1754298431,منتج شامبو كلير للرجال، 600 مل، كول سبورت، منثول، مزيل للروائح. من Clear off. التصنيف المرجعي: العناية بالشعر — بسيط. الوسوم المرجعية: Dandruff، Hair Care، Hair Concerns، Hair Shampoo.,https://alfouadpharmacies.com/en/products/clear-men-sh600ml-cool-sport-mentol-off,AlFouad Pharmacies,Verify usage rights before commercial publication,غير مثبت,غير مثبت,مرجعي فقط — غير معتمد للنشر التجاري,بيانات مرجعية متاحة؛ يلزم تحقق PM,ضمن الفحص المبدئي
10569850913071,clear-men-sh600ml-hairfall-defense,شامبو كلير للرجال، 600 مل، لتساقط الشعر.,Clear,العناية بالشعر,العناية بالشعر,1,بسيط,25020,230,69,161,,متاح لدى المصدر,https://cdn.shopify.com/s/files/1/0935/9550/0847/files/Clear-Men-SH.600ML-Hairfall-Defense.webp?v=1754298428,منتج شامبو كلير للرجال، 600 مل، لتساقط الشعر. من Clear. التصنيف المرجعي: العناية بالشعر — بسيط. الوسوم المرجعية: Dandruff، Hair Care، Hair Concerns، Hair Shampoo.,https://alfouadpharmacies.com/en/products/clear-men-sh600ml-hairfall-defense,AlFouad Pharmacies,Verify usage rights before commercial publication,غير مثبت,غير مثبت,مرجعي فقط — غير معتمد للنشر التجاري,بيانات مرجعية متاحة؛ يلزم تحقق PM,ضمن الفحص المبدئي
10569851371823,clear-woman-sh190ml-hair-fall,شامبو كلير للشعر للنساء، 190 مل، لعلاج تساقط الشعر,Clear,العناية بالشعر,العناية بالشعر,1,بسيط,22459,98,29.4,68.6,,متاح لدى المصدر,https://cdn.shopify.com/s/files/1/0935/9550/0847/files/Clear-Woman-SH.190ML-Hair-Fall.webp?v=1754298424,منتج شامبو كلير للشعر للنساء، 190 مل، لعلاج تساقط الشعر من Clear. التصنيف المرجعي: العناية بالشعر — بسيط. الوسوم المرجعية: Dandruff، Hair Care، Hair Concerns، Hair Shampoo.,https://alfouadpharmacies.com/en/products/clear-woman-sh190ml-hair-fall,AlFouad Pharmacies,Verify usage rights before commercial publication,غير مثبت,غير مثبت,مرجعي فقط — غير معتمد للنشر التجاري,بيانات مرجعية متاحة؛ يلزم تحقق PM,ضمن الفحص المبدئي
10569851470127,clear-woman-sh190ml-hair-fall-off,شامبو كلير للشعر للنساء، 190 مل، مضاد لتساقط الشعر.,Clear off,العناية بالشعر,العناية بالشعر,1,بسيط,110205,85,25.5,59.5,,متاح لدى المصدر,https://cdn.shopify.com/s/files/1/0935/9550/0847/files/Clear-Woman-SH.190ML-Hair-Fall-Off.webp?v=1754298424,منتج شامبو كلير للشعر للنساء، 190 مل، مضاد لتساقط الشعر. من Clear off. التصنيف المرجعي: العناية بالشعر — بسيط. الوسوم المرجعية: Dandruff، Hair Care، Hair Concerns، Hair Shampoo.,https://alfouadpharmacies.com/en/products/clear-woman-sh190ml-hair-fall-off,AlFouad Pharmacies,Verify usage rights before commercial publication,غير مثبت,غير مثبت,مرجعي فقط — غير معتمد للنشر التجاري,بيانات مرجعية متاحة؛ يلزم تحقق PM,ضمن الفحص المبدئي
16046379729199,كيراستاس-دينسيفيك-بان-دينسيتي-شامبو-لزيادة-كثافة-الشعر-250-مل,شامبو كيرستاس دنسيفيك باين دنسيتي لتكثيف الشعر الخفيف 250 مل,Kerastase,العناية بالشعر,العناية بالشعر,1,شامبو,101697,2025,607.5,1417.5,,متاح لدى المصدر,https://cdn.shopify.com/s/files/1/0935/9550/0847/files/Kerastase_Densifique_Bain_Densite_Bodifying_Shampoo_250ml.webp?v=1786355325,منتج شامبو كيرستاس دنسيفيك باين دنسيتي لتكثيف الشعر الخفيف 250 مل من Kerastase. التصنيف المرجعي: العناية بالشعر — شامبو. الوسوم المرجعية: Hair Care، Kerastase.,https://alfouadpharmacies.com/en/products/كيراستاس-دينسيفيك-بان-دينسيتي-شامبو-لزيادة-كثافة-الشعر-250-مل,AlFouad Pharmacies,Verify usage rights before commercial publication,غير مثبت,غير مثبت,مرجعي فقط — غير معتمد للنشر التجاري,بيانات مرجعية متاحة؛ يلزم تحقق PM,ضمن الفحص المبدئي
16046313079087,كيراستاس-بان-أوليو-ريلاكس-شامبو-250-مل-شامبو-مضاد-للهيشان-للشعر-الجاف,شامبو كيرستاس ديسيبلين باين أوليو ريلاكس للتحكم في نفشة الشعر 250 مل,Kerastase,العناية بالشعر,العناية بالشعر,1,شامبو ,81512,1550,465,1085,,متاح لدى المصدر,https://cdn.shopify.com/s/files/1/0935/9550/0847/files/Kerastase_Discipline_Bain_Oleo-Relax_Shampoo_250ml.webp?v=1786354965,منتج شامبو كيرستاس ديسيبلين باين أوليو ريلاكس للتحكم في نفشة الشعر 250 مل من Kerastase. التصنيف المرجعي: العناية بالشعر — شامبو . الوسوم المرجعية: Hair Care، Kerastase.,https://alfouadpharmacies.com/en/products/كيراستاس-بان-أوليو-ريلاكس-شامبو-250-مل-شامبو-مضاد-للهيشان-للشعر-الجاف,AlFouad Pharmacies,Verify usage rights before commercial publication,غير مثبت,غير مثبت,مرجعي فقط — غير معتمد للنشر التجاري,بيانات مرجعية متاحة؛ يلزم تحقق PM,ضمن الفحص المبدئي
10569943843119,larel-dermovax-specialist-shampoo-300ml,شامبو لاريال ديرموفاكس المتخصص 300 مل,AlFouad Pharmacies,العناية بالشعر,العناية بالشعر,1,بسيط,112381,895,268.5,626.5,,متاح لدى المصدر,https://cdn.shopify.com/s/files/1/0935/9550/0847/files/Dermovax-Shampoo.webp?v=1754297710,منتج شامبو لاريال ديرموفاكس المتخصص 300 مل من AlFouad Pharmacies. التصنيف المرجعي: العناية بالشعر — بسيط. الوسوم المرجعية: Anti-Frizz، Dry & Damadged Hair، Hair Care، Hair Concerns، Hair Shampoo، Weak & Thin.,https://alfouadpharmacies.com/en/products/larel-dermovax-specialist-shampoo-300ml,AlFouad Pharmacies,Verify usage rights before commercial publication,غير مثبت,غير مثبت,مرجعي فقط — غير معتمد للنشر التجاري,بيانات مرجعية متاحة؛ يلزم تحقق PM,ضمن الفحص المبدئي
10569903604015,loreal-elvive-total-repair-shampoo-200ml,شامبو لوريال إلفيف إصلاح شامل 200 مل,LOREAL PCD,العناية بالشعر,العناية بالشعر,1,بسيط,95365,128,38.4,89.6,,متاح لدى المصدر,https://cdn.shopify.com/s/files/1/0935/9550/0847/files/Loreal-Elvive-Total-Repair-Shampoo-200ML.webp?v=1754298087,منتج شامبو لوريال إلفيف إصلاح شامل 200 مل من LOREAL PCD. التصنيف المرجعي: العناية بالشعر — بسيط. الوسوم المرجعية: Dry & Damadged Hair، Hair Care، Hair Concerns، Hair Shampoo.,https://alfouadpharmacies.com/en/products/loreal-elvive-total-repair-shampoo-200ml,AlFouad Pharmacies,Verify usage rights before commercial publication,غير مثبت,غير مثبت,مرجعي فقط — غير معتمد للنشر التجاري,بيانات مرجعية متاحة؛ يلزم تحقق PM,ضمن الفحص المبدئي
10569903669551,loreal-elvive-total-repair-shampoo-400ml,شامبو لوريال إلفيف إصلاح شامل 400 مل,LOREAL PCD,العناية بالشعر,العناية بالشعر,1,بسيط,12634,193,57.9,135.1,,متاح لدى المصدر,https://cdn.shopify.com/s/files/1/0935/9550/0847/files/Loreal-Elvive-Total-Repair-Shampoo-400ML.webp?v=1754298086,منتج شامبو لوريال إلفيف إصلاح شامل 400 مل من LOREAL PCD. التصنيف المرجعي: العناية بالشعر — بسيط. الوسوم المرجعية: Dry & Damadged Hair، Hair Care، Hair Concerns، Hair Shampoo.,https://alfouadpharmacies.com/en/products/loreal-elvive-total-repair-shampoo-400ml,AlFouad Pharmacies,Verify usage rights before commercial publication,غير مثبت,غير مثبت,مرجعي فقط — غير معتمد للنشر التجاري,بيانات مرجعية متاحة؛ يلزم تحقق PM,ضمن الفحص المبدئي
10569903702319,loreal-elvive-total-repair-shampoo-600ml,شامبو لوريال إلفيف إصلاح شامل 600 مل,LOREAL PCD,العناية بالشعر,العناية بالشعر,1,بسيط,13020,255,76.5,178.5,,متاح لدى المصدر,https://cdn.shopify.com/s/files/1/0935/9550/0847/files/Loreal-Elvive-Total-Repair-Shampoo-600ML.webp?v=1754298086,منتج شامبو لوريال إلفيف إصلاح شامل 600 مل من LOREAL PCD. التصنيف المرجعي: العناية بالشعر — بسيط. الوسوم المرجعية: Dry & Damadged Hair، Hair Care، Hair Concerns، Hair Shampoo.,https://alfouadpharmacies.com/en/products/loreal-elvive-total-repair-shampoo-600ml,AlFouad Pharmacies,Verify usage rights before commercial publication,غير مثبت,غير مثبت,مرجعي فقط — غير معتمد للنشر التجاري,بيانات مرجعية متاحة؛ يلزم تحقق PM,ضمن الفحص المبدئي
10569901670703,loreal-elvive-dream-long-shampoo-200ml,شامبو لوريال إلفيف دريم لونغ 200 مل,LOREAL PCD,العناية بالشعر,العناية بالشعر,1,بسيط,110301,120,36,84,,متاح لدى المصدر,https://cdn.shopify.com/s/files/1/0935/9550/0847/files/Loreal-Elvive-Dream-Long-Shampoo-200ML.webp?v=1754298116,منتج شامبو لوريال إلفيف دريم لونغ 200 مل من LOREAL PCD. التصنيف المرجعي: العناية بالشعر — بسيط. الوسوم المرجعية: Hair Care، Hair Concerns، Hair Shampoo، Weak & Thin.,https://alfouadpharmacies.com/en/products/loreal-elvive-dream-long-shampoo-200ml,AlFouad Pharmacies,Verify usage rights before commercial publication,غير مثبت,غير مثبت,مرجعي فقط — غير معتمد للنشر التجاري,بيانات مرجعية متاحة؛ يلزم تحقق PM,ضمن الفحص المبدئي
10569901703471,loreal-elvive-dream-long-shampoo-200ml-off,شامبو لوريال إلفيف دريم لونغ 200 مل - عرض خاص,LOREAL PCD,العناية بالشعر,العناية بالشعر,1,بسيط,6876,71.9,21.57,50.33,,غير متاح لدى المصدر,https://cdn.shopify.com/s/files/1/0935/9550/0847/files/Loreal-Elvive-Dream-Long-Shampoo-200ML-Off.webp?v=1754298115,منتج شامبو لوريال إلفيف دريم لونغ 200 مل - عرض خاص من LOREAL PCD. التصنيف المرجعي: العناية بالشعر — بسيط. الوسوم المرجعية: Hair Care، Hair Concerns، Hair Shampoo، Weak & Thin.,https://alfouadpharmacies.com/en/products/loreal-elvive-dream-long-shampoo-200ml-off,AlFouad Pharmacies,Verify usage rights before commercial publication,غير مثبت,غير مثبت,مرجعي فقط — غير معتمد للنشر التجاري,بيانات مرجعية متاحة؛ يلزم تحقق PM,ضمن الفحص المبدئي
10569901736239,loreal-elvive-dream-long-shampoo-400ml,شامبو لوريال إلفيف دريم لونغ 400 مل,LOREAL PCD,العناية بالشعر,العناية بالشعر,1,بسيط,101024,193,57.9,135.1,,متاح لدى المصدر,https://cdn.shopify.com/s/files/1/0935/9550/0847/files/Loreal-Elvive-Dream-Long-Shampoo-400ML.webp?v=1754298115,منتج شامبو لوريال إلفيف دريم لونغ 400 مل من LOREAL PCD. التصنيف المرجعي: العناية بالشعر — بسيط. الوسوم المرجعية: Hair Care، Hair Concerns، Hair Shampoo، Weak & Thin.,https://alfouadpharmacies.com/en/products/loreal-elvive-dream-long-shampoo-400ml,AlFouad Pharmacies,Verify usage rights before commercial publication,غير مثبت,غير مثبت,مرجعي فقط — غير معتمد للنشر التجاري,بيانات مرجعية متاحة؛ يلزم تحقق PM,ضمن الفحص المبدئي
10569901769007,loreal-elvive-dream-long-shampoo-600ml,شامبو لوريال إلفيف دريم لونغ 600 مل,LOREAL PCD,العناية بالشعر,العناية بالشعر,1,بسيط,93394,255,76.5,178.5,,متاح لدى المصدر,https://cdn.shopify.com/s/files/1/0935/9550/0847/files/Loreal-Elvive-Dream-Long-Shampoo-600ML.webp?v=1754298114,منتج شامبو لوريال إلفيف دريم لونغ 600 مل من LOREAL PCD. التصنيف المرجعي: العناية بالشعر — بسيط. الوسوم المرجعية: Hair Care، Hair Concerns، Hair Shampoo، Weak & Thin.,https://alfouadpharmacies.com/en/products/loreal-elvive-dream-long-shampoo-600ml,AlFouad Pharmacies,Verify usage rights before commercial publication,غير مثبت,غير مثبت,مرجعي فقط — غير معتمد للنشر التجاري,بيانات مرجعية متاحة؛ يلزم تحقق PM,ضمن الفحص المبدئي
10569901539631,loreal-elvive-dream-long-keratin-shampoo-200ml,شامبو لوريال إلفيف دريم لونغ كيراتين 200 مل,LOREAL PCD,العناية بالشعر,العناية بالشعر,1,بسيط,19478,128,38.4,89.6,,متاح لدى المصدر,https://cdn.shopify.com/s/files/1/0935/9550/0847/files/Loreal-Elvive-Dream-Long-Keratin-Shampoo-200ML.webp?v=1754298118,منتج شامبو لوريال إلفيف دريم لونغ كيراتين 200 مل من LOREAL PCD. التصنيف المرجعي: العناية بالشعر — بسيط. الوسوم المرجعية: Hair Care، Hair Concerns، Hair Shampoo، Weak & Thin.,https://alfouadpharmacies.com/en/products/loreal-elvive-dream-long-keratin-shampoo-200ml,AlFouad Pharmacies,Verify usage rights before commercial publication,غير مثبت,غير مثبت,مرجعي فقط — غير معتمد للنشر التجاري,بيانات مرجعية متاحة؛ يلزم تحقق PM,ضمن الفحص المبدئي
10569901605167,loreal-elvive-dream-long-keratin-shampoo-400ml,شامبو لوريال إلفيف دريم لونغ كيراتين 400 مل,LOREAL PCD,العناية بالشعر,العناية بالشعر,1,بسيط,95232,193,57.9,135.1,,متاح لدى المصدر,https://cdn.shopify.com/s/files/1/0935/9550/0847/files/Loreal-Elvive-Dream-Long-Keratin-Shampoo-400ML.webp?v=1754298117,منتج شامبو لوريال إلفيف دريم لونغ كيراتين 400 مل من LOREAL PCD. التصنيف المرجعي: العناية بالشعر — بسيط. الوسوم المرجعية: Hair Care، Hair Concerns، Hair Shampoo، Weak & Thin.,https://alfouadpharmacies.com/en/products/loreal-elvive-dream-long-keratin-shampoo-400ml,AlFouad Pharmacies,Verify usage rights before commercial publication,غير مثبت,غير مثبت,مرجعي فقط — غير معتمد للنشر التجاري,بيانات مرجعية متاحة؛ يلزم تحقق PM,ضمن الفحص المبدئي
10569901637935,loreal-elvive-dream-long-keratin-shampoo-600ml,شامبو لوريال إلفيف دريم لونغ كيراتين 600 مل,LOREAL PCD,العناية بالشعر,العناية بالشعر,1,بسيط,97499,255,76.5,178.5,,متاح لدى المصدر,https://cdn.shopify.com/s/files/1/0935/9550/0847/files/Loreal-Elvive-Dream-Long-Keratin-Shampoo-600ML.webp?v=1754298117,منتج شامبو لوريال إلفيف دريم لونغ كيراتين 600 مل من LOREAL PCD. التصنيف المرجعي: العناية بالشعر — بسيط. الوسوم المرجعية: Hair Care، Hair Concerns، Hair Shampoo، Weak & Thin.,https://alfouadpharmacies.com/en/products/loreal-elvive-dream-long-keratin-shampoo-600ml,AlFouad Pharmacies,Verify usage rights before commercial publication,غير مثبت,غير مثبت,مرجعي فقط — غير معتمد للنشر التجاري,بيانات مرجعية متاحة؛ يلزم تحقق PM,ضمن الفحص المبدئي
10569902752047,loreal-elvive-full-resist-shampoo-200ml,شامبو لوريال إلفيف فول ريزيست 200 مل,LOREAL PCD,العناية بالشعر,العناية بالشعر,1,بسيط,102770,128,38.4,89.6,,متاح لدى المصدر,https://cdn.shopify.com/s/files/1/0935/9550/0847/files/Loreal-Elvive-Full-Resist-Shampoo-200ML.webp?v=1754298097,منتج شامبو لوريال إلفيف فول ريزيست 200 مل من LOREAL PCD. التصنيف المرجعي: العناية بالشعر — بسيط. الوسوم المرجعية: Hair Care، Hair Concerns، Hair Loss، Hair Shampoo.,https://alfouadpharmacies.com/en/products/loreal-elvive-full-resist-shampoo-200ml,AlFouad Pharmacies,Verify usage rights before commercial publication,غير مثبت,غير مثبت,مرجعي فقط — غير معتمد للنشر التجاري,بيانات مرجعية متاحة؛ يلزم تحقق PM,ضمن الفحص المبدئي
10569902817583,loreal-elvive-full-resist-shampoo-400ml,شامبو لوريال إلفيف فول ريزيست 400 مل,LOREAL PCD,العناية بالشعر,العناية بالشعر,1,بسيط,93386,193,57.9,135.1,,متاح لدى المصدر,https://cdn.shopify.com/s/files/1/0935/9550/0847/files/Loreal-Elvive-Full-Resist-Shampoo-400ML.webp?v=1754298096,منتج شامبو لوريال إلفيف فول ريزيست 400 مل من LOREAL PCD. التصنيف المرجعي: العناية بالشعر — بسيط. الوسوم المرجعية: Hair Care، Hair Concerns، Hair Loss، Hair Shampoo.,https://alfouadpharmacies.com/en/products/loreal-elvive-full-resist-shampoo-400ml,AlFouad Pharmacies,Verify usage rights before commercial publication,غير مثبت,غير مثبت,مرجعي فقط — غير معتمد للنشر التجاري,بيانات مرجعية متاحة؛ يلزم تحقق PM,ضمن الفحص المبدئي
10569902850351,loreal-elvive-full-resist-shampoo-600ml,شامبو لوريال إلفيف فول ريزيست 600 مل,LOREAL PCD,العناية بالشعر,العناية بالشعر,1,بسيط,95723,255,76.5,178.5,,متاح لدى المصدر,https://cdn.shopify.com/s/files/1/0935/9550/0847/files/Loreal-Elvive-Full-Resist-Shampoo-600ML.webp?v=1754298096,منتج شامبو لوريال إلفيف فول ريزيست 600 مل من LOREAL PCD. التصنيف المرجعي: العناية بالشعر — بسيط. الوسوم المرجعية: Hair Care، Hair Concerns، Hair Loss، Hair Shampoo.,https://alfouadpharmacies.com/en/products/loreal-elvive-full-resist-shampoo-600ml,AlFouad Pharmacies,Verify usage rights before commercial publication,غير مثبت,غير مثبت,مرجعي فقط — غير معتمد للنشر التجاري,بيانات مرجعية متاحة؛ يلزم تحقق PM,ضمن الفحص المبدئي
16153877086511,شامبو-لوريال-إلفيف-كولاجين-ببتيد-ليفتر-لتكثيف-الشعر-الخفيف-400-مل,شامبو لوريال إلفيف كولاجين ببتيد + ليفتر لتكثيف الشعر الخفيف 400 مل,LOREAL new,العناية بالشعر,العناية بالشعر,1,شامبو,117659,213,63.9,149.1,,متاح لدى المصدر,https://cdn.shopify.com/s/files/1/0935/9550/0847/files/Loreal_Elvive_Peptide_Lifter_Shampoo_1615x1615_c1af9b94-491d-4fb0-8b40-9e766915f350.webp?v=1788425144,منتج شامبو لوريال إلفيف كولاجين ببتيد + ليفتر لتكثيف الشعر الخفيف 400 مل من LOREAL new. التصنيف المرجعي: العناية بالشعر — شامبو. الوسوم المرجعية: Hair Care، Hair Concerns، Hair Shampoo.,https://alfouadpharmacies.com/en/products/شامبو-لوريال-إلفيف-كولاجين-ببتيد-ليفتر-لتكثيف-الشعر-الخفيف-400-مل,AlFouad Pharmacies,Verify usage rights before commercial publication,غير مثبت,غير مثبت,مرجعي فقط — غير معتمد للنشر التجاري,بيانات مرجعية متاحة؛ يلزم تحقق PM,ضمن الفحص المبدئي
16153906544943,شامبو-لوريال-إلفيف-كولاجين-ببتيد-ليفتر-لتكثيف-الشعر-الخفيف-600-مل,شامبو لوريال إلفيف كولاجين ببتيد + ليفتر لتكثيف الشعر الخفيف 600 مل,LOREAL new,العناية بالشعر,العناية بالشعر,1,شامبو,117660,273,81.9,191.1,,متاح لدى المصدر,https://cdn.shopify.com/s/files/1/0935/9550/0847/files/Loreal_Elvive_Peptide_Lifter_Shampoo_1615x1615_4c9deec9-fa39-4409-baa3-ff73f6c08806.webp?v=1788426154,منتج شامبو لوريال إلفيف كولاجين ببتيد + ليفتر لتكثيف الشعر الخفيف 600 مل من LOREAL new. التصنيف المرجعي: العناية بالشعر — شامبو. الوسوم المرجعية: Hair Care، Hair Concerns، Hair Shampoo.,https://alfouadpharmacies.com/en/products/شامبو-لوريال-إلفيف-كولاجين-ببتيد-ليفتر-لتكثيف-الشعر-الخفيف-600-مل,AlFouad Pharmacies,Verify usage rights before commercial publication,غير مثبت,غير مثبت,مرجعي فقط — غير معتمد للنشر التجاري,بيانات مرجعية متاحة؛ يلزم تحقق PM,ضمن الفحص المبدئي
10569903341871,loreal-elvive-hyaluron-pure-shampoo-200ml,شامبو لوريال إلفيف هاليورون بيور 200 مل,LOREAL PCD,العناية بالشعر,العناية بالشعر,1,بسيط,12519,130,39,91,,متاح لدى المصدر,https://cdn.shopify.com/s/files/1/0935/9550/0847/files/Loreal-Elvive-Hyaluron-Pure-Shampoo-200ML.webp?v=1754298090,منتج شامبو لوريال إلفيف هاليورون بيور 200 مل من LOREAL PCD. التصنيف المرجعي: العناية بالشعر — بسيط. الوسوم المرجعية: Hair Care، Hair Concerns، Hair Shampoo، Scalp Care.,https://alfouadpharmacies.com/en/products/loreal-elvive-hyaluron-pure-shampoo-200ml,AlFouad Pharmacies,Verify usage rights before commercial publication,غير مثبت,غير مثبت,مرجعي فقط — غير معتمد للنشر التجاري,بيانات مرجعية متاحة؛ يلزم تحقق PM,ضمن الفحص المبدئي
10569903440175,loreal-elvive-hyaluron-pure-shampoo-400ml,شامبو لوريال إلفيف هاليورون بيور 400 مل,LOREAL PCD,العناية بالشعر,العناية بالشعر,1,بسيط,12532,213,63.9,149.1,,متاح لدى المصدر,https://cdn.shopify.com/s/files/1/0935/9550/0847/files/Loreal-Elvive-Hyaluron-Pure-Shampoo-400ML.webp?v=1754298089,منتج شامبو لوريال إلفيف هاليورون بيور 400 مل من LOREAL PCD. التصنيف المرجعي: العناية بالشعر — بسيط. الوسوم المرجعية: Hair Care، Hair Concerns، Hair Shampoo، Scalp Care.,https://alfouadpharmacies.com/en/products/loreal-elvive-hyaluron-pure-shampoo-400ml,AlFouad Pharmacies,Verify usage rights before commercial publication,غير مثبت,غير مثبت,مرجعي فقط — غير معتمد للنشر التجاري,بيانات مرجعية متاحة؛ يلزم تحقق PM,ضمن الفحص المبدئي
10569903472943,loreal-elvive-hyaluron-pure-shampoo-600ml,شامبو لوريال إلفيف هاليورون بيور 600 مل,LOREAL PCD,العناية بالشعر,العناية بالشعر,1,بسيط,12626,275,82.5,192.5,,متاح لدى المصدر,https://cdn.shopify.com/s/files/1/0935/9550/0847/files/Loreal-Elvive-Hyaluron-Pure-Shampoo-600ML.webp?v=1754298089,منتج شامبو لوريال إلفيف هاليورون بيور 600 مل من LOREAL PCD. التصنيف المرجعي: العناية بالشعر — بسيط. الوسوم المرجعية: Hair Care، Hair Concerns، Hair Shampoo، Scalp Care.,https://alfouadpharmacies.com/en/products/loreal-elvive-hyaluron-pure-shampoo-600ml,AlFouad Pharmacies,Verify usage rights before commercial publication,غير مثبت,غير مثبت,مرجعي فقط — غير معتمد للنشر التجاري,بيانات مرجعية متاحة؛ يلزم تحقق PM,ضمن الفحص المبدئي
10569903178031,loreal-elvive-hyaluron-moisture-shampoo-600ml,شامبو لوريال إلفيف هيدروجيل مويستشر 600 مل,LOREAL PCD,العناية بالشعر,العناية بالشعر,1,بسيط,25518,275,82.5,192.5,,متاح لدى المصدر,https://cdn.shopify.com/s/files/1/0935/9550/0847/files/Loreal-Elvive-Hyaluron-Moisture-Shampoo-600ML.webp?v=1754298092,منتج شامبو لوريال إلفيف هيدروجيل مويستشر 600 مل من LOREAL PCD. التصنيف المرجعي: العناية بالشعر — بسيط. الوسوم المرجعية: Dry & Damadged Hair، Hair Care، Hair Concerns، Hair Shampoo.,https://alfouadpharmacies.com/en/products/loreal-elvive-hyaluron-moisture-shampoo-600ml,AlFouad Pharmacies,Verify usage rights before commercial publication,غير مثبت,غير مثبت,مرجعي فقط — غير معتمد للنشر التجاري,بيانات مرجعية متاحة؛ يلزم تحقق PM,ضمن الفحص المبدئي
12689679352111,loreal-elvive-hyaluron-moisture-shampoo-400ml,شامبو لوريال إلفيف هيدروجيلورون المرطب 400 مل,LOREAL PCD,العناية بالشعر,العناية بالشعر,1,بسيط,25736,213,63.9,149.1,,متاح لدى المصدر,https://cdn.shopify.com/s/files/1/0935/9550/0847/files/processed_product_image_4.webp?v=1771759513,منتج شامبو لوريال إلفيف هيدروجيلورون المرطب 400 مل من LOREAL PCD. التصنيف المرجعي: العناية بالشعر — بسيط. الوسوم المرجعية: Dry & Damadged Hair، Hair Care، Hair Concerns، Hair Shampoo.,https://alfouadpharmacies.com/en/products/loreal-elvive-hyaluron-moisture-shampoo-400ml,AlFouad Pharmacies,Verify usage rights before commercial publication,غير مثبت,غير مثبت,مرجعي فقط — غير معتمد للنشر التجاري,بيانات مرجعية متاحة؛ يلزم تحقق PM,ضمن الفحص المبدئي
10569902063919,loreal-elvive-extraord-dry-sham-400ml-low,شامبو لوريال إلكسيف إكستراورديناري جاف 400 مل، منخفض السعر,LOREAL PCD,العناية بالشعر,العناية بالشعر,1,بسيط,110300,427,128.1,298.9,,غير متاح لدى المصدر,https://cdn.shopify.com/s/files/1/0935/9550/0847/files/Loreal-Elvive-Extraord-Dry-Sham-400ML-Low.webp?v=1754298106,منتج شامبو لوريال إلكسيف إكستراورديناري جاف 400 مل، منخفض السعر من LOREAL PCD. التصنيف المرجعي: العناية بالشعر — بسيط. الوسوم المرجعية: Dry & Damadged Hair، Hair Care، Hair Concerns، Hair Shampoo.,https://alfouadpharmacies.com/en/products/loreal-elvive-extraord-dry-sham-400ml-low,AlFouad Pharmacies,Verify usage rights before commercial publication,غير مثبت,غير مثبت,مرجعي فقط — غير معتمد للنشر التجاري,بيانات مرجعية متاحة؛ يلزم تحقق PM,ضمن الفحص المبدئي
10569901867311,loreal-elvive-extraord-dry-hair-shampoo-200ml,شامبو لوريال إلكفيف إكستراورديناري للشعر الجاف 200 مل,LOREAL PCD,العناية بالشعر,العناية بالشعر,1,بسيط,33107,128,38.4,89.6,,متاح لدى المصدر,https://cdn.shopify.com/s/files/1/0935/9550/0847/files/Loreal-Elvive-Extraord-Dry-Hair-Shampoo-200ML.webp?v=1754298112,منتج شامبو لوريال إلكفيف إكستراورديناري للشعر الجاف 200 مل من LOREAL PCD. التصنيف المرجعي: العناية بالشعر — بسيط. الوسوم المرجعية: Dry & Damadged Hair، Hair Care، Hair Concerns، Hair Shampoo.,https://alfouadpharmacies.com/en/products/loreal-elvive-extraord-dry-hair-shampoo-200ml,AlFouad Pharmacies,Verify usage rights before commercial publication,غير مثبت,غير مثبت,مرجعي فقط — غير معتمد للنشر التجاري,بيانات مرجعية متاحة؛ يلزم تحقق PM,ضمن الفحص المبدئي
10569901932847,loreal-elvive-extraord-dry-hair-shampoo-400ml,شامبو لوريال إلكفيف إكستراورديناري للشعر الجاف 400 مل,LOREAL PCD,العناية بالشعر,العناية بالشعر,1,بسيط,33114,193,57.9,135.1,,متاح لدى المصدر,https://cdn.shopify.com/s/files/1/0935/9550/0847/files/Loreal-Elvive-Extraord-Dry-Hair-Shampoo-400ML.webp?v=1754298111,منتج شامبو لوريال إلكفيف إكستراورديناري للشعر الجاف 400 مل من LOREAL PCD. التصنيف المرجعي: العناية بالشعر — بسيط. الوسوم المرجعية: Dry & Damadged Hair، Hair Care، Hair Concerns، Hair Shampoo.,https://alfouadpharmacies.com/en/products/loreal-elvive-extraord-dry-hair-shampoo-400ml,AlFouad Pharmacies,Verify usage rights before commercial publication,غير مثبت,غير مثبت,مرجعي فقط — غير معتمد للنشر التجاري,بيانات مرجعية متاحة؛ يلزم تحقق PM,ضمن الفحص المبدئي
10569901998383,loreal-elvive-extraord-dry-hair-shampoo-600ml,شامبو لوريال إلكفيف إكستراورديناري للشعر الجاف 600 مل,LOREAL PCD,العناية بالشعر,العناية بالشعر,1,بسيط,13513,255,76.5,178.5,,متاح لدى المصدر,https://cdn.shopify.com/s/files/1/0935/9550/0847/files/Loreal-Elvive-Extraord-Dry-Hair-Shampoo-600ML.webp?v=1754298110,منتج شامبو لوريال إلكفيف إكستراورديناري للشعر الجاف 600 مل من LOREAL PCD. التصنيف المرجعي: العناية بالشعر — بسيط. الوسوم المرجعية: Dry & Damadged Hair، Hair Care، Hair Concerns، Hair Shampoo.,https://alfouadpharmacies.com/en/products/loreal-elvive-extraord-dry-hair-shampoo-600ml,AlFouad Pharmacies,Verify usage rights before commercial publication,غير مثبت,غير مثبت,مرجعي فقط — غير معتمد للنشر التجاري,بيانات مرجعية متاحة؛ يلزم تحقق PM,ضمن الفحص المبدئي
10569902457135,loreal-elvive-extraord-very-dry-shampoo-200ml,شامبو لوريال إلكفيف إكستراورديناري للشعر الجاف جداً 200 مل,LOREAL PCD,العناية بالشعر,العناية بالشعر,1,بسيط,33501,120,36,84,,متاح لدى المصدر,https://cdn.shopify.com/s/files/1/0935/9550/0847/files/Loreal-Elvive-Extraord-Very-Dry-Shampoo-200ML-2.webp?v=1754298102,منتج شامبو لوريال إلكفيف إكستراورديناري للشعر الجاف جداً 200 مل من LOREAL PCD. التصنيف المرجعي: العناية بالشعر — بسيط. الوسوم المرجعية: Dry & Damadged Hair، Hair Care، Hair Concerns، Hair Shampoo.,https://alfouadpharmacies.com/en/products/loreal-elvive-extraord-very-dry-shampoo-200ml,AlFouad Pharmacies,Verify usage rights before commercial publication,غير مثبت,غير مثبت,مرجعي فقط — غير معتمد للنشر التجاري,بيانات مرجعية متاحة؛ يلزم تحقق PM,ضمن الفحص المبدئي
10569902489903,loreal-elvive-extraord-very-dry-shampoo-400ml,شامبو لوريال إلكفيف إكستراورديناري للشعر الجاف جداً 400 مل,LOREAL PCD,العناية بالشعر,العناية بالشعر,1,بسيط,29965,193,57.9,135.1,,متاح لدى المصدر,https://cdn.shopify.com/s/files/1/0935/9550/0847/files/Loreal-Elvive-Extraord-Very-Dry-Shampoo-400ML.webp?v=1754298101,منتج شامبو لوريال إلكفيف إكستراورديناري للشعر الجاف جداً 400 مل من LOREAL PCD. التصنيف المرجعي: العناية بالشعر — بسيط. الوسوم المرجعية: Dry & Damadged Hair، Hair Care، Hair Concerns، Hair Shampoo.,https://alfouadpharmacies.com/en/products/loreal-elvive-extraord-very-dry-shampoo-400ml,AlFouad Pharmacies,Verify usage rights before commercial publication,غير مثبت,غير مثبت,مرجعي فقط — غير معتمد للنشر التجاري,بيانات مرجعية متاحة؛ يلزم تحقق PM,ضمن الفحص المبدئي
10569902522671,loreal-elvive-extraord-very-dry-shampoo-600ml,شامبو لوريال إلكيف إكستراورديناري للشعر الجاف جداً 600 مل,LOREAL PCD,العناية بالشعر,العناية بالشعر,1,بسيط,13317,255,76.5,178.5,,متاح لدى المصدر,https://cdn.shopify.com/s/files/1/0935/9550/0847/files/Loreal-Elvive-Extraord-Very-Dry-Shampoo-600ML.webp?v=1754298101,منتج شامبو لوريال إلكيف إكستراورديناري للشعر الجاف جداً 600 مل من LOREAL PCD. التصنيف المرجعي: العناية بالشعر — بسيط. الوسوم المرجعية: Dry & Damadged Hair، Hair Care، Hair Concerns، Hair Shampoo.,https://alfouadpharmacies.com/en/products/loreal-elvive-extraord-very-dry-shampoo-600ml,AlFouad Pharmacies,Verify usage rights before commercial publication,غير مثبت,غير مثبت,مرجعي فقط — غير معتمد للنشر التجاري,بيانات مرجعية متاحة؛ يلزم تحقق PM,ضمن الفحص المبدئي
10569847505199,loreal-prof-inforcer-shampoo-300ml,شامبو لوريال برو إنفورسر 300 مل,LOREAL PROF,العناية بالشعر,العناية بالشعر,1,بسيط,8982,1250,375,875,0,غير متاح لدى المصدر,https://cdn.shopify.com/s/files/1/0935/9550/0847/files/Loreal-Prof.-Inforcer-Shampoo-300ML.webp?v=1754298458,منتج شامبو لوريال برو إنفورسر 300 مل من LOREAL PROF. التصنيف المرجعي: العناية بالشعر — بسيط. الوسوم المرجعية: Anti-Frizz، Hair Care، Hair Concerns، Hair Shampoo، Weak & Thin.,https://alfouadpharmacies.com/en/products/loreal-prof-inforcer-shampoo-300ml,AlFouad Pharmacies,Verify usage rights before commercial publication,غير مثبت,غير مثبت,مرجعي فقط — غير معتمد للنشر التجاري,بيانات مرجعية متاحة؛ يلزم تحقق PM,ضمن الفحص المبدئي
10569851044143,loreal-prof-pro-fiber-reconstruct-shampoo-1000ml,شامبو لوريال برو فايبير ريكانستركت 1000 مل,LOREAL PROF,العناية بالشعر,العناية بالشعر,1,بسيط,107716,650,195,455,0,غير متاح لدى المصدر,https://cdn.shopify.com/s/files/1/0935/9550/0847/files/Loreal-Prof.-Pro-Fiber-Reconstruct-Shampoo-1000ML.webp?v=1754298427,منتج شامبو لوريال برو فايبير ريكانستركت 1000 مل من LOREAL PROF. التصنيف المرجعي: العناية بالشعر — بسيط. الوسوم المرجعية: Anti-Frizz، Dry & Damadged Hair، Hair Care، Hair Concerns، Hair Shampoo، Weak & Thin.,https://alfouadpharmacies.com/en/products/loreal-prof-pro-fiber-reconstruct-shampoo-1000ml,AlFouad Pharmacies,Verify usage rights before commercial publication,غير مثبت,غير مثبت,مرجعي فقط — غير معتمد للنشر التجاري,بيانات مرجعية متاحة؛ يلزم تحقق PM,ضمن الفحص المبدئي
10569846128943,loreal-prof-curl-expr-moistur-shampoo-300ml,شامبو لوريال برو كيرل إكسبرت المرطب 300 مل,LOREAL PROF,العناية بالشعر,العناية بالشعر,1,بسيط,24186,1181,354.3,826.7,0,غير متاح لدى المصدر,https://cdn.shopify.com/s/files/1/0935/9550/0847/files/Loreal-Prof.-Curl-Expr.-Moistur-Shampoo-300ML.webp?v=1754298474,منتج شامبو لوريال برو كيرل إكسبرت المرطب 300 مل من LOREAL PROF. التصنيف المرجعي: العناية بالشعر — بسيط. الوسوم المرجعية: Anti-Frizz، Curls Shampoo، Curly Hair، Hair Care، Hair Concerns، Hair Defining & Volume.,https://alfouadpharmacies.com/en/products/loreal-prof-curl-expr-moistur-shampoo-300ml,AlFouad Pharmacies,Verify usage rights before commercial publication,غير مثبت,غير مثبت,مرجعي فقط — غير معتمد للنشر التجاري,بيانات مرجعية متاحة؛ يلزم تحقق PM,ضمن الفحص المبدئي
10569837347119,loreal-prof-absolut-repair-shampoo-1500ml,شامبو لوريال برو. أبсолю ريبير 1500 مل,LOREAL PROF,العناية بالشعر,العناية بالشعر,1,علاج للشعر التالف ,24348,2650,795,1855,0,متاح لدى المصدر,https://cdn.shopify.com/s/files/1/0935/9550/0847/files/688.webp?v=1780833150,منتج شامبو لوريال برو. أبсолю ريبير 1500 مل من LOREAL PROF. التصنيف المرجعي: العناية بالشعر — علاج للشعر التالف . الوسوم المرجعية: Anti-Frizz، Dry & Damadged Hair، Hair Care، Hair Concerns، Hair Shampoo، loreal prof.,https://alfouadpharmacies.com/en/products/loreal-prof-absolut-repair-shampoo-1500ml,AlFouad Pharmacies,Verify usage rights before commercial publication,غير مثبت,غير مثبت,مرجعي فقط — غير معتمد للنشر التجاري,بيانات مرجعية متاحة؛ يلزم تحقق PM,ضمن الفحص المبدئي
10569837707567,loreal-prof-curl-expr-anti-buildup-shampoo-300ml,شامبو لوريال برو. كيرل إكسبر. مضاد لتراكم الدهون 300 مل,LOREAL PROF,العناية بالشعر,العناية بالشعر,1,بسيط,24140,840,252,588,0,غير متاح لدى المصدر,https://cdn.shopify.com/s/files/1/0935/9550/0847/files/Loreal-Prof.-Curl-Expr.-Anti-buildup-Shampoo-300ML.webp?v=1754298536,منتج شامبو لوريال برو. كيرل إكسبر. مضاد لتراكم الدهون 300 مل من LOREAL PROF. التصنيف المرجعي: العناية بالشعر — بسيط. الوسوم المرجعية: Anti-Frizz، Curls Shampoo، Curly Hair، Hair Care، Hair Concerns، Hair Defining & Volume.,https://alfouadpharmacies.com/en/products/loreal-prof-curl-expr-anti-buildup-shampoo-300ml,AlFouad Pharmacies,Verify usage rights before commercial publication,غير مثبت,غير مثبت,مرجعي فقط — غير معتمد للنشر التجاري,بيانات مرجعية متاحة؛ يلزم تحقق PM,ضمن الفحص المبدئي
10569853206831,loreal-profscalp-advanced-shampoo-300ml,شامبو لوريال برو.سكالب المتقدم 300 مل,LOREAL PROF,العناية بالشعر,العناية بالشعر,1,بسيط,102741,550,165,385,0,غير متاح لدى المصدر,https://cdn.shopify.com/s/files/1/0935/9550/0847/files/Loreal-PROF.SCALP-Advanced-Shampoo-300ML.webp?v=1754298409,منتج شامبو لوريال برو.سكالب المتقدم 300 مل من LOREAL PROF. التصنيف المرجعي: العناية بالشعر — بسيط. الوسوم المرجعية: Hair Care، Hair Concerns، Hair Shampoo، Scalp Care.,https://alfouadpharmacies.com/en/products/loreal-profscalp-advanced-shampoo-300ml,AlFouad Pharmacies,Verify usage rights before commercial publication,غير مثبت,غير مثبت,مرجعي فقط — غير معتمد للنشر التجاري,بيانات مرجعية متاحة؛ يلزم تحقق PM,ضمن الفحص المبدئي
13012560281903,شامبو-لوريال-بروف-سيري-إكسبرت-فيتامينو-كولور-سبكتروم-البنفسجي-للشعر-الأشقر-300-مل,شامبو لوريال بروف سيري إكسبرت فيتامينو كولور سبكتروم البنفسجي للشعر الأشقر (300 مل),LOREAL PROF,العناية بالشعر,العناية بالشعر,1,Hair Care,113857,1489,446.7,1042.3,,متاح لدى المصدر,https://cdn.shopify.com/s/files/1/0935/9550/0847/files/1_-_2026-07-07T153430.181.webp?v=1783428090,منتج شامبو لوريال بروف سيري إكسبرت فيتامينو كولور سبكتروم البنفسجي للشعر الأشقر (300 مل) من LOREAL PROF. التصنيف المرجعي: العناية بالشعر — Hair Care. الوسوم المرجعية: Colored Hair، Hair Care، Hair Shampoo.,https://alfouadpharmacies.com/en/products/شامبو-لوريال-بروف-سيري-إكسبرت-فيتامينو-كولور-سبكتروم-البنفسجي-للشعر-الأشقر-300-مل,AlFouad Pharmacies,Verify usage rights before commercial publication,غير مثبت,غير مثبت,مرجعي فقط — غير معتمد للنشر التجاري,بيانات مرجعية متاحة؛ يلزم تحقق PM,ضمن الفحص المبدئي
10569849635119,loreal-prof-metal-detox-shampoo-300ml,شامبو لوريال بروفتشنال لتنظيف المعادن 300 مل,LOREAL PROF,العناية بالشعر,العناية بالشعر,1,بسيط,111611,1520,456,1064,0,متاح لدى المصدر,https://cdn.shopify.com/s/files/1/0935/9550/0847/files/Loreal-Prof.-Metal-Detox-Shampoo-300ML.webp?v=1754298443,منتج شامبو لوريال بروفتشنال لتنظيف المعادن 300 مل من LOREAL PROF. التصنيف المرجعي: العناية بالشعر — بسيط. الوسوم المرجعية: Anti-Frizz، Colored Hair، Hair Care، Hair Color، Hair Concerns، Hair Shampoo، loreal prof.,https://alfouadpharmacies.com/en/products/loreal-prof-metal-detox-shampoo-300ml,AlFouad Pharmacies,Verify usage rights before commercial publication,غير مثبت,غير مثبت,مرجعي فقط — غير معتمد للنشر التجاري,بيانات مرجعية متاحة؛ يلزم تحقق PM,ضمن الفحص المبدئي
10569837379887,شامبو-لوريال-بروفيسيونال-أبسلوت-ريبير-للشعر-الجاف-والتالف-300-مل,شامبو لوريال بروفيسيونال أبسلوت ريبير للشعر الجاف والتالف 300 مل,LOREAL PROF,العناية بالشعر,العناية بالشعر,1,شامبو,111383,1100,330,770,0,متاح لدى المصدر,https://cdn.shopify.com/s/files/1/0935/9550/0847/files/1_-_2026-07-09T112246.753.webp?v=1783585417,منتج شامبو لوريال بروفيسيونال أبسلوت ريبير للشعر الجاف والتالف 300 مل من LOREAL PROF. التصنيف المرجعي: العناية بالشعر — شامبو. الوسوم المرجعية: Anti-Frizz، Dry & Damadged Hair، Hair Care، Hair Concerns، Hair Shampoo، loreal prof.,https://alfouadpharmacies.com/en/products/شامبو-لوريال-بروفيسيونال-أبسلوت-ريبير-للشعر-الجاف-والتالف-300-مل,AlFouad Pharmacies,Verify usage rights before commercial publication,غير مثبت,غير مثبت,مرجعي فقط — غير معتمد للنشر التجاري,بيانات مرجعية متاحة؛ يلزم تحقق PM,ضمن الفحص المبدئي
10569851830575,شامبو-لوريال-بروفيسيونال-برو-لونجر-لتجديد-الشعر-الطويل-1-5-لتر,شامبو لوريال بروفيسيونال برو لونجر لتجديد الشعر الطويل 1.5 لتر,LOREAL PROF,العناية بالشعر,العناية بالشعر,1,شامبو ,101013,2650,795,1855,0,متاح لدى المصدر,https://cdn.shopify.com/s/files/1/0935/9550/0847/files/1_-_2026-07-08T132703.954.webp?v=1783506886,منتج شامبو لوريال بروفيسيونال برو لونجر لتجديد الشعر الطويل 1.5 لتر من LOREAL PROF. التصنيف المرجعي: العناية بالشعر — شامبو . الوسوم المرجعية: Anti-Frizz، Hair Care، Hair Concerns، Hair Shampoo، loreal prof، Weak & Thin.,https://alfouadpharmacies.com/en/products/شامبو-لوريال-بروفيسيونال-برو-لونجر-لتجديد-الشعر-الطويل-1-5-لتر,AlFouad Pharmacies,Verify usage rights before commercial publication,غير مثبت,غير مثبت,مرجعي فقط — غير معتمد للنشر التجاري,بيانات مرجعية متاحة؛ يلزم تحقق PM,ضمن الفحص المبدئي
10569851928879,شامبو-لوريال-بروفيسيونال-برو-لونجر-لتجديد-الشعر-الطويل-300-مل,شامبو لوريال بروفيسيونال برو لونجر لتجديد الشعر الطويل 300 مل,LOREAL PROF,العناية بالشعر,العناية بالشعر,1,شامبو,96975,1100,330,770,0,متاح لدى المصدر,https://cdn.shopify.com/s/files/1/0935/9550/0847/files/1_-_2026-07-08T125007.544.webp?v=1783504926,منتج شامبو لوريال بروفيسيونال برو لونجر لتجديد الشعر الطويل 300 مل من LOREAL PROF. التصنيف المرجعي: العناية بالشعر — شامبو. الوسوم المرجعية: Anti-Frizz، Hair Care، Hair Concerns، Hair Shampoo، loreal prof، Weak & Thin.,https://alfouadpharmacies.com/en/products/شامبو-لوريال-بروفيسيونال-برو-لونجر-لتجديد-الشعر-الطويل-300-مل,AlFouad Pharmacies,Verify usage rights before commercial publication,غير مثبت,غير مثبت,مرجعي فقط — غير معتمد للنشر التجاري,بيانات مرجعية متاحة؛ يلزم تحقق PM,ضمن الفحص المبدئي
10569851994415,شامبو-لوريال-بروفيسيونال-برو-لونجر-لتكثيف-الشعر-الطويل-500-مل,شامبو لوريال بروفيسيونال برو لونجر لتكثيف الشعر الطويل 500 مل,LOREAL PROF,العناية بالشعر,العناية بالشعر,1,شامبو ,95401,1515,454.5,1060.5,0,متاح لدى المصدر,https://cdn.shopify.com/s/files/1/0935/9550/0847/files/1_-_2026-07-08T131030.599.webp?v=1783505456,منتج شامبو لوريال بروفيسيونال برو لونجر لتكثيف الشعر الطويل 500 مل من LOREAL PROF. التصنيف المرجعي: العناية بالشعر — شامبو . الوسوم المرجعية: Anti-Frizz، Hair Care، Hair Concerns، Hair Shampoo، loreal prof، Weak & Thin.,https://alfouadpharmacies.com/en/products/شامبو-لوريال-بروفيسيونال-برو-لونجر-لتكثيف-الشعر-الطويل-500-مل,AlFouad Pharmacies,Verify usage rights before commercial publication,غير مثبت,غير مثبت,مرجعي فقط — غير معتمد للنشر التجاري,بيانات مرجعية متاحة؛ يلزم تحقق PM,ضمن الفحص المبدئي
10569837445423,شامبو-لوريال-بروفيسيونال-سيري-إكسبرت-أبسولوت-ريبير-لإصلاح-الشعر-التالف-500-مل,شامبو لوريال بروفيسيونال سيري إكسبرت أبسولوت ريبير لإصلاح الشعر التالف (500 مل),LOREAL PROF,العناية بالشعر,العناية بالشعر,1,شامبو ,111108,1621,486.3,1134.7,0,متاح لدى المصدر,https://cdn.shopify.com/s/files/1/0935/9550/0847/files/1_-_2026-07-07T160129.243.webp?v=1783429326,منتج شامبو لوريال بروفيسيونال سيري إكسبرت أبسولوت ريبير لإصلاح الشعر التالف (500 مل) من LOREAL PROF. التصنيف المرجعي: العناية بالشعر — شامبو . الوسوم المرجعية: Anti-Frizz، Dry & Damadged Hair، Hair Care، Hair Concerns، Hair Shampoo، loreal prof.,https://alfouadpharmacies.com/en/products/شامبو-لوريال-بروفيسيونال-سيري-إكسبرت-أبسولوت-ريبير-لإصلاح-الشعر-التالف-500-مل,AlFouad Pharmacies,Verify usage rights before commercial publication,غير مثبت,غير مثبت,مرجعي فقط — غير معتمد للنشر التجاري,بيانات مرجعية متاحة؛ يلزم تحقق PM,ضمن الفحص المبدئي
10569847767343,شامبو-لوريال-بروفيسيونال-سيري-إكسبرت-ليس-أنليميتد-لتنعيم-الشعر-1500-مل,شامبو لوريال بروفيسيونال سيري إكسبرت ليس أنليميتد لتنعيم الشعر (1500 مل),LOREAL PROF,العناية بالشعر,العناية بالشعر,1,شامبو ,24349,2650,795,1855,0,متاح لدى المصدر,https://cdn.shopify.com/s/files/1/0935/9550/0847/files/1_-_2026-07-07T152449.311.webp?v=1783427303,منتج شامبو لوريال بروفيسيونال سيري إكسبرت ليس أنليميتد لتنعيم الشعر (1500 مل) من LOREAL PROF. التصنيف المرجعي: العناية بالشعر — شامبو . الوسوم المرجعية: Anti-Frizz، Deep Repair، Dry & Damadged Hair، Hair Care، Hair Concerns، Hair Shampoo، loreal prof.,https://alfouadpharmacies.com/en/products/شامبو-لوريال-بروفيسيونال-سيري-إكسبرت-ليس-أنليميتد-لتنعيم-الشعر-1500-مل,AlFouad Pharmacies,Verify usage rights before commercial publication,غير مثبت,غير مثبت,مرجعي فقط — غير معتمد للنشر التجاري,بيانات مرجعية متاحة؛ يلزم تحقق PM,ضمن الفحص المبدئي
10569852354863,شامبو-لوريال-بروفيسيونال-سيلفر-للشعر-الأبيض-والمصبوغ-300-مل,شامبو لوريال بروفيسيونال سيلفر للشعر الأبيض والمصبوغ 300 مل,LOREAL PROF,العناية بالشعر,العناية بالشعر,1,شامبو سيلفر ,108262,1100,330,770,0,متاح لدى المصدر,https://cdn.shopify.com/s/files/1/0935/9550/0847/files/1_-_2026-07-08T135249.069.webp?v=1783515003,منتج شامبو لوريال بروفيسيونال سيلفر للشعر الأبيض والمصبوغ 300 مل من LOREAL PROF. التصنيف المرجعي: العناية بالشعر — شامبو سيلفر . الوسوم المرجعية: Colored Hair، Hair Care، Hair Color، Hair Concerns، Hair Shampoo، loreal prof.,https://alfouadpharmacies.com/en/products/شامبو-لوريال-بروفيسيونال-سيلفر-للشعر-الأبيض-والمصبوغ-300-مل,AlFouad Pharmacies,Verify usage rights before commercial publication,غير مثبت,غير مثبت,مرجعي فقط — غير معتمد للنشر التجاري,بيانات مرجعية متاحة؛ يلزم تحقق PM,ضمن الفحص المبدئي
13012679950639,شامبو-لوريال-بروفيسيونال-فيتامينو-كلر-سبيكتروم-للشعر-البني-300-مل,شامبو لوريال بروفيسيونال فيتامينو كلر سبيكتروم للشعر البني 300 مل,LOREAL PROF,العناية بالشعر,العناية بالشعر,1,شامبو ,113858,1490,447,1043,,متاح لدى المصدر,https://cdn.shopify.com/s/files/1/0935/9550/0847/files/1_-_2026-07-09T113133.150.webp?v=1783586067,منتج شامبو لوريال بروفيسيونال فيتامينو كلر سبيكتروم للشعر البني 300 مل من LOREAL PROF. التصنيف المرجعي: العناية بالشعر — شامبو . الوسوم المرجعية: Colored Hair، Hair Care، Hair Color، Hair Shampoo.,https://alfouadpharmacies.com/en/products/شامبو-لوريال-بروفيسيونال-فيتامينو-كلر-سبيكتروم-للشعر-البني-300-مل,AlFouad Pharmacies,Verify usage rights before commercial publication,غير مثبت,غير مثبت,مرجعي فقط — غير معتمد للنشر التجاري,بيانات مرجعية متاحة؛ يلزم تحقق PM,ضمن الفحص المبدئي
10569847832879,شامبو-لوريال-بروفيسيونال-ليس-انليميتد-لتنعيم-الشعر-300-مل,شامبو لوريال بروفيسيونال ليس انليميتد لتنعيم الشعر 300 مل,LOREAL PROF,العناية بالشعر,العناية بالشعر,1,شامبو,8961,1100,330,770,0,متاح لدى المصدر,https://cdn.shopify.com/s/files/1/0935/9550/0847/files/1_-_2026-07-08T111409.685.webp?v=1783498620,منتج شامبو لوريال بروفيسيونال ليس انليميتد لتنعيم الشعر 300 مل من LOREAL PROF. التصنيف المرجعي: العناية بالشعر — شامبو. الوسوم المرجعية: Anti-Frizz، Deep Repair، Dry & Damadged Hair، Hair Care، Hair Concerns، Hair Shampoo، loreal prof.,https://alfouadpharmacies.com/en/products/شامبو-لوريال-بروفيسيونال-ليس-انليميتد-لتنعيم-الشعر-300-مل,AlFouad Pharmacies,Verify usage rights before commercial publication,غير مثبت,غير مثبت,مرجعي فقط — غير معتمد للنشر التجاري,بيانات مرجعية متاحة؛ يلزم تحقق PM,ضمن الفحص المبدئي
10569849372975,شامبو-لوريال-بروفيسيونال-ميتال-ديتوكس-لحماية-الشعر-المصبوغ-1500-مل,شامبو لوريال بروفيسيونال ميتال ديتوكس لحماية الشعر المصبوغ 1500 مل,LOREAL PROF,العناية بالشعر,العناية بالشعر,1,بسيط,21342,3150,945,2205,0,متاح لدى المصدر,https://cdn.shopify.com/s/files/1/0935/9550/0847/files/1_-_2026-07-08T121133.025.webp?v=1783501934,منتج شامبو لوريال بروفيسيونال ميتال ديتوكس لحماية الشعر المصبوغ 1500 مل من LOREAL PROF. التصنيف المرجعي: العناية بالشعر — بسيط. الوسوم المرجعية: Anti-Frizz، Colored Hair، Hair Care، Hair Color، Hair Concerns، loreal prof.,https://alfouadpharmacies.com/en/products/شامبو-لوريال-بروفيسيونال-ميتال-ديتوكس-لحماية-الشعر-المصبوغ-1500-مل,AlFouad Pharmacies,Verify usage rights before commercial publication,غير مثبت,غير مثبت,مرجعي فقط — غير معتمد للنشر التجاري,بيانات مرجعية متاحة؛ يلزم تحقق PM,ضمن الفحص المبدئي
10569845932335,loreal-prof-curl-expr-moistur-shampoo-1500ml,شامبو لوريال محترف لتصفيف الشعر المجعد، مرطب، 1500 مل,LOREAL PROF,العناية بالشعر,العناية بالشعر,1,بسيط,21567,2729,818.7,1910.3,0,غير متاح لدى المصدر,https://cdn.shopify.com/s/files/1/0935/9550/0847/files/Loreal-Prof.-Curl-Expr.-Moistur-Shampoo-1500ML.webp?v=1754298477,منتج شامبو لوريال محترف لتصفيف الشعر المجعد، مرطب، 1500 مل من LOREAL PROF. التصنيف المرجعي: العناية بالشعر — بسيط. الوسوم المرجعية: Anti-Frizz، Curls Shampoo، Curly Hair، Hair Care، Hair Concerns، Hair Defining & Volume.,https://alfouadpharmacies.com/en/products/loreal-prof-curl-expr-moistur-shampoo-1500ml,AlFouad Pharmacies,Verify usage rights before commercial publication,غير مثبت,غير مثبت,مرجعي فقط — غير معتمد للنشر التجاري,بيانات مرجعية متاحة؛ يلزم تحقق PM,ضمن الفحص المبدئي
12689552998703,root-to-end-advanced-shampoo-500ml,شامبو متطور من الجذور إلى الأطراف 500 مل ,Root to,العناية بالشعر,العناية بالشعر,1,,113451,400,120,280,,متاح لدى المصدر,https://cdn.shopify.com/s/files/1/0935/9550/0847/files/Root_to_End_Shampoo_500ml_1615x1615_95808be7-b14b-4eed-95fe-e39c002c97cd.webp?v=1772272930,منتج شامبو متطور من الجذور إلى الأطراف 500 مل  من Root to. التصنيف المرجعي: العناية بالشعر. الوسوم المرجعية: Dry & Damadged Hair، Hair Care، Hair Loss، Hair Shampoo.,https://alfouadpharmacies.com/en/products/root-to-end-advanced-shampoo-500ml,AlFouad Pharmacies,Verify usage rights before commercial publication,غير مثبت,غير مثبت,مرجعي فقط — غير معتمد للنشر التجاري,بيانات مرجعية متاحة؛ يلزم تحقق PM,ضمن الفحص المبدئي
10569863004463,mood-keratin-plus-repair-sulphate-free-hair-shampoo-400ml,شامبو موود كيراتين بلس لإصلاح الشعر، خالٍ من الكبريتات، 400 مل,MOOD,العناية بالشعر,العناية بالشعر,1,بسيط,112426,135,40.5,94.5,,متاح لدى المصدر,https://cdn.shopify.com/s/files/1/0935/9550/0847/files/MOOD-KERATIN-PLUS-REPAIR-SULPHATE-FREE-HAIR-SHAMPO.webp?v=1754298313,منتج شامبو موود كيراتين بلس لإصلاح الشعر، خالٍ من الكبريتات، 400 مل من MOOD. التصنيف المرجعي: العناية بالشعر — بسيط. الوسوم المرجعية: Anti-Frizz، Dry & Damadged Hair، Hair Care، Hair Concerns، Hair Shampoo.,https://alfouadpharmacies.com/en/products/mood-keratin-plus-repair-sulphate-free-hair-shampoo-400ml,AlFouad Pharmacies,Verify usage rights before commercial publication,غير مثبت,غير مثبت,مرجعي فقط — غير معتمد للنشر التجاري,بيانات مرجعية متاحة؛ يلزم تحقق PM,ضمن الفحص المبدئي
10570011312431,nawah-hair-shampoo-250ml,شامبو نواه للشعر 250 مل,NAWAH,العناية بالشعر,العناية بالشعر,1,بسيط,5387,300,90,210,,متاح لدى المصدر,https://cdn.shopify.com/s/files/1/0935/9550/0847/files/Doctor_Health-08814_11zon.webp?v=1754297059,منتج شامبو نواه للشعر 250 مل من NAWAH. التصنيف المرجعي: العناية بالشعر — بسيط. الوسوم المرجعية: Dandruff، Dry & Damadged Hair، Hair Care، Hair Concerns، Hair Growth، Hair Loss.,https://alfouadpharmacies.com/en/products/nawah-hair-shampoo-250ml,AlFouad Pharmacies,Verify usage rights before commercial publication,غير مثبت,غير مثبت,مرجعي فقط — غير معتمد للنشر التجاري,بيانات مرجعية متاحة؛ يلزم تحقق PM,ضمن الفحص المبدئي
10570011345199,nawah-hair-shampoo-500ml,شامبو نواه للشعر 500 مل,NAWAH,العناية بالشعر,العناية بالشعر,1,بسيط,13166,450,135,315,,متاح لدى المصدر,https://cdn.shopify.com/s/files/1/0935/9550/0847/files/shampoobot500_fde32735-c8cf-41b3-8fa5-b4c303a28d74.webp?v=1754297058,منتج شامبو نواه للشعر 500 مل من NAWAH. التصنيف المرجعي: العناية بالشعر — بسيط. الوسوم المرجعية: Dandruff، Dry & Damadged Hair، Hair Care، Hair Concerns، Hair Growth، Hair Loss، Hair Shampoo.,https://alfouadpharmacies.com/en/products/nawah-hair-shampoo-500ml,AlFouad Pharmacies,Verify usage rights before commercial publication,غير مثبت,غير مثبت,مرجعي فقط — غير معتمد للنشر التجاري,بيانات مرجعية متاحة؛ يلزم تحقق PM,ضمن الفحص المبدئي
10569730228527,nebula-anti-hair-loss-shampoo-200ml,شامبو نيبولا المضاد لتساقط الشعر 200 مل,Nebula,العناية بالشعر,العناية بالشعر,1,بسيط,91768,289,86.7,202.3,,غير متاح لدى المصدر,https://cdn.shopify.com/s/files/1/0935/9550/0847/files/Nebula-Anti-Hair-Loss-Shampoo-200ml.webp?v=1754299066,منتج شامبو نيبولا المضاد لتساقط الشعر 200 مل من Nebula. التصنيف المرجعي: العناية بالشعر — بسيط. الوسوم المرجعية: Hair Care، Hair Concerns، Hair Loss، Hair Shampoo.,https://alfouadpharmacies.com/en/products/nebula-anti-hair-loss-shampoo-200ml,AlFouad Pharmacies,Verify usage rights before commercial publication,غير مثبت,غير مثبت,مرجعي فقط — غير معتمد للنشر التجاري,بيانات مرجعية متاحة؛ يلزم تحقق PM,ضمن الفحص المبدئي
10569730162991,nebula-anti-dandruff-shampoo-200ml,شامبو نيبولا المضاد للقشرة 200 مل,Nebula,العناية بالشعر,العناية بالشعر,1,بسيط,96855,289,86.7,202.3,,غير متاح لدى المصدر,https://cdn.shopify.com/s/files/1/0935/9550/0847/files/Nebula-Anti-Dandruff-Shampoo-200ml.webp?v=1754299067,منتج شامبو نيبولا المضاد للقشرة 200 مل من Nebula. التصنيف المرجعي: العناية بالشعر — بسيط. الوسوم المرجعية: Dandruff، Hair Care، Hair Concerns.,https://alfouadpharmacies.com/en/products/nebula-anti-dandruff-shampoo-200ml,AlFouad Pharmacies,Verify usage rights before commercial publication,غير مثبت,غير مثبت,مرجعي فقط — غير معتمد للنشر التجاري,بيانات مرجعية متاحة؛ يلزم تحقق PM,ضمن الفحص المبدئي
10569742975279,hair-burst-shampoo-avocadoampcoconut-350ml,شامبو هير بيرست الأفوكادو واللوز 350 مل,AlFouad Pharmacies,العناية بالشعر,العناية بالشعر,1,بسيط,103563,699,209.7,489.3,,متاح لدى المصدر,https://cdn.shopify.com/s/files/1/0935/9550/0847/files/Hair-Burst-Shampoo-AvocadoCoconut-350ML.webp?v=1754298892,منتج شامبو هير بيرست الأفوكادو واللوز 350 مل من AlFouad Pharmacies. التصنيف المرجعي: العناية بالشعر — بسيط. الوسوم المرجعية: Dry & Damadged Hair، Hair Care، Hair Concerns، Hair Shampoo.,https://alfouadpharmacies.com/en/products/hair-burst-shampoo-avocadoampcoconut-350ml,AlFouad Pharmacies,Verify usage rights before commercial publication,غير مثبت,غير مثبت,مرجعي فقط — غير معتمد للنشر التجاري,بيانات مرجعية متاحة؛ يلزم تحقق PM,ضمن الفحص المبدئي
10569743073583,hair-burst-shampoo-curlyampwavy-350ml,شامبو هير بيرست للشعر المجعد والمموج 350 مل,AlFouad Pharmacies,العناية بالشعر,العناية بالشعر,1,بسيط,11058,750,225,525,,متاح لدى المصدر,https://cdn.shopify.com/s/files/1/0935/9550/0847/files/Hair-Burst-Shampoo-CurlyWavy-350ML.webp?v=1754298891,منتج شامبو هير بيرست للشعر المجعد والمموج 350 مل من AlFouad Pharmacies. التصنيف المرجعي: العناية بالشعر — بسيط. الوسوم المرجعية: Anti-Frizz، Curls Shampoo، Curly Hair، Hair Care، Hair Concerns.,https://alfouadpharmacies.com/en/products/hair-burst-shampoo-curlyampwavy-350ml,AlFouad Pharmacies,Verify usage rights before commercial publication,غير مثبت,غير مثبت,مرجعي فقط — غير معتمد للنشر التجاري,بيانات مرجعية متاحة؛ يلزم تحقق PM,ضمن الفحص المبدئي
10569939124527,vatika-henna-shampoo-190ml-off,شامبو واتيكا حنا 190 مل  (عرض خاص),AlFouad Pharmacies,العناية بالشعر,العناية بالشعر,1,بسيط,0,41,12.3,28.7,,غير متاح لدى المصدر,https://cdn.shopify.com/s/files/1/0935/9550/0847/files/Vatika-Henna-Shampoo-190ML-Off.webp?v=1754297757,منتج شامبو واتيكا حنا 190 مل  (عرض خاص) من AlFouad Pharmacies. التصنيف المرجعي: العناية بالشعر — بسيط. الوسوم المرجعية: Hair Care، Hair Shampoo.,https://alfouadpharmacies.com/en/products/vatika-henna-shampoo-190ml-off,AlFouad Pharmacies,Verify usage rights before commercial publication,غير مثبت,غير مثبت,مرجعي فقط — غير معتمد للنشر التجاري,بيانات مرجعية متاحة؛ يلزم تحقق PM,ضمن الفحص المبدئي
10569923952943,sunsilk-instant-repair-shamcond-350ml-off-50,شامبو وبلسم صن سيلك إصلاح فوري 350 مل، خصم 50%,SUNSILK OFF,العناية بالشعر,العناية بالشعر,1,بسيط,1626,127.5,38.25,89.25,,غير متاح لدى المصدر,https://cdn.shopify.com/s/files/1/0935/9550/0847/files/Sunsilk-Instant-Repair-Shamcond-350ML-off-50.webp?v=1754297847,منتج شامبو وبلسم صن سيلك إصلاح فوري 350 مل، خصم 50% من SUNSILK OFF. التصنيف المرجعي: العناية بالشعر — بسيط. الوسوم المرجعية: Hair Care، Hair Concerns، Hair Offers، Weak & Thin.,https://alfouadpharmacies.com/en/products/sunsilk-instant-repair-shamcond-350ml-off-50,AlFouad Pharmacies,Verify usage rights before commercial publication,غير مثبت,غير مثبت,مرجعي فقط — غير معتمد للنشر التجاري,بيانات مرجعية متاحة؛ يلزم تحقق PM,ضمن الفحص المبدئي
10569743106351,hair-burst-shampooampconditioner-350ml-promobag,شامبو وبلسم هير بيرست 350 مل (حقيبة ترويجية),AlFouad Pharmacies,العناية بالشعر,العناية بالشعر,1,بسيط,,1350,405,945,,غير متاح لدى المصدر,https://cdn.shopify.com/s/files/1/0935/9550/0847/files/Hair-Burst-ShampooConditioner-350ML-Promobag.webp?v=1754298891,منتج شامبو وبلسم هير بيرست 350 مل (حقيبة ترويجية) من AlFouad Pharmacies. التصنيف المرجعي: العناية بالشعر — بسيط. الوسوم المرجعية: Dry & Damadged Hair، Hair Care، Hair Concerns، Hair Offers.,https://alfouadpharmacies.com/en/products/hair-burst-shampooampconditioner-350ml-promobag,AlFouad Pharmacies,Verify usage rights before commercial publication,غير مثبت,غير مثبت,مرجعي فقط — غير معتمد للنشر التجاري,بيانات مرجعية متاحة؛ يلزم تحقق PM,ضمن الفحص المبدئي
10569939255599,vatika-naturals-styling-hair-wax-140gm,شمع تصفيف الشعر من فاتيكا ناتشورالز 140 جم,AlFouad Pharmacies,العناية بالشعر,العناية بالشعر,1,بسيط,8014,50,15,35,,غير متاح لدى المصدر,https://cdn.shopify.com/s/files/1/0935/9550/0847/files/Vatika-Naturals-Styling-Hair-Wax-140GM.webp?v=1754297756,منتج شمع تصفيف الشعر من فاتيكا ناتشورالز 140 جم من AlFouad Pharmacies. التصنيف المرجعي: العناية بالشعر — بسيط. الوسوم المرجعية: Hair Care، Hair Cream.,https://alfouadpharmacies.com/en/products/vatika-naturals-styling-hair-wax-140gm,AlFouad Pharmacies,Verify usage rights before commercial publication,غير مثبت,غير مثبت,مرجعي فقط — غير معتمد للنشر التجاري,بيانات مرجعية متاحة؛ يلزم تحقق PM,ضمن الفحص المبدئي
10569861759279,energy-hair-wax-100gm-medium-shine,شمع شعر إينرجي 100 غرام، لمعان متوسط.,AlFouad Pharmacies,العناية بالشعر,العناية بالشعر,1,بسيط,14126,70,21,49,,غير متاح لدى المصدر,https://cdn.shopify.com/s/files/1/0935/9550/0847/files/Energy-Hair-Wax-100GM-Medium-Shine-1.webp?v=1754298324,منتج شمع شعر إينرجي 100 غرام، لمعان متوسط. من AlFouad Pharmacies. التصنيف المرجعي: العناية بالشعر — بسيط. الوسوم المرجعية: Anti-Frizz، Hair Care، Hair Concerns، Hair Cream.,https://alfouadpharmacies.com/en/products/energy-hair-wax-100gm-medium-shine,AlFouad Pharmacies,Verify usage rights before commercial publication,غير مثبت,غير مثبت,مرجعي فقط — غير معتمد للنشر التجاري,بيانات مرجعية متاحة؛ يلزم تحقق PM,ضمن الفحص المبدئي
10572102205743,palette-intensive-color-10-black-off-20,صبغة الشعر باليت المكثفة (1-0) أسود، خصم 20%,Palette,العناية بالشعر,العناية بالشعر,1,بسيط,13400,116,34.8,81.2,,متاح لدى المصدر,https://cdn.shopify.com/s/files/1/0935/9550/0847/files/Palette-Intensive-Color-1_E2_80_930-Black-off-20.webp?v=1754297001,منتج صبغة الشعر باليت المكثفة (1-0) أسود، خصم 20% من Palette. التصنيف المرجعي: العناية بالشعر — بسيط. الوسوم المرجعية: Colored Hair، Hair Care، Hair Color، Hair Concerns.,https://alfouadpharmacies.com/en/products/palette-intensive-color-10-black-off-20,AlFouad Pharmacies,Verify usage rights before commercial publication,غير مثبت,غير مثبت,مرجعي فقط — غير معتمد للنشر التجاري,بيانات مرجعية متاحة؛ يلزم تحقق PM,ضمن الفحص المبدئي
10572102697263,palette-intensive-color-11-blue-black,صبغة الشعر باليت المكثفة (1-1) أسود أزرق,Palette,العناية بالشعر,العناية بالشعر,1,بسيط,92511,145,43.5,101.5,,متاح لدى المصدر,https://cdn.shopify.com/s/files/1/0935/9550/0847/files/Palette-Intensive-Color-1_E2_80_931-Blue-Black.webp?v=1754296998,منتج صبغة الشعر باليت المكثفة (1-1) أسود أزرق من Palette. التصنيف المرجعي: العناية بالشعر — بسيط. الوسوم المرجعية: Colored Hair، Hair Care، Hair Color، Hair Concerns.,https://alfouadpharmacies.com/en/products/palette-intensive-color-11-blue-black,AlFouad Pharmacies,Verify usage rights before commercial publication,غير مثبت,غير مثبت,مرجعي فقط — غير معتمد للنشر التجاري,بيانات مرجعية متاحة؛ يلزم تحقق PM,ضمن الفحص المبدئي
10572102271279,palette-intensive-color-101-frost-silver-blond-20,صبغة الشعر باليت المكثفة (10-1) بلون أشقر فضي مزودج 20٪,Palette,العناية بالشعر,العناية بالشعر,1,بسيط,13421,116,34.8,81.2,,متاح لدى المصدر,https://cdn.shopify.com/s/files/1/0935/9550/0847/files/Palette-Intensive-Color-10_E2_80_931-Frost-Silver-Blond.webp?v=1754297000,منتج صبغة الشعر باليت المكثفة (10-1) بلون أشقر فضي مزودج 20٪ من Palette. التصنيف المرجعي: العناية بالشعر — بسيط. الوسوم المرجعية: Colored Hair، Hair Care، Hair Color، Hair Concerns.,https://alfouadpharmacies.com/en/products/palette-intensive-color-101-frost-silver-blond-20,AlFouad Pharmacies,Verify usage rights before commercial publication,غير مثبت,غير مثبت,مرجعي فقط — غير معتمد للنشر التجاري,بيانات مرجعية متاحة؛ يلزم تحقق PM,ضمن الفحص المبدئي
10572105449775,palette-intensive-color-965-golden-blonde,صبغة الشعر باليت المكثفة (9-65) أشقر ذهبي,Palette,العناية بالشعر,العناية بالشعر,1,بسيط,24413,145,43.5,101.5,,غير متاح لدى المصدر,https://cdn.shopify.com/s/files/1/0935/9550/0847/files/Palette-Intensive-Color-9_E2_80_9365-Golden-Blonde.webp?v=1754296978,منتج صبغة الشعر باليت المكثفة (9-65) أشقر ذهبي من Palette. التصنيف المرجعي: العناية بالشعر — بسيط. الوسوم المرجعية: Colored Hair، Hair Care، Hair Color، Hair Concerns.,https://alfouadpharmacies.com/en/products/palette-intensive-color-965-golden-blonde,AlFouad Pharmacies,Verify usage rights before commercial publication,غير مثبت,غير مثبت,مرجعي فقط — غير معتمد للنشر التجاري,بيانات مرجعية متاحة؛ يلزم تحقق PM,ضمن الفحص المبدئي
10569956196655,phyto-hair-color-no1-black,صبغة الشعر فايتو رقم 1، لون أسود,AlFouad Pharmacies,العناية بالشعر,العناية بالشعر,1,بسيط,5841,740,222,518,,غير متاح لدى المصدر,https://cdn.shopify.com/s/files/1/0935/9550/0847/files/Phyto-Hair-Color-NO.1-Black.webp?v=1754297592,منتج صبغة الشعر فايتو رقم 1، لون أسود من AlFouad Pharmacies. التصنيف المرجعي: العناية بالشعر — بسيط. الوسوم المرجعية: Colored Hair، Hair Care، Hair Color، Hair Concerns.,https://alfouadpharmacies.com/en/products/phyto-hair-color-no1-black,AlFouad Pharmacies,Verify usage rights before commercial publication,غير مثبت,غير مثبت,مرجعي فقط — غير معتمد للنشر التجاري,بيانات مرجعية متاحة؛ يلزم تحقق PM,ضمن الفحص المبدئي
10569956032815,phyto-hair-color-no7-blond,صبغة الشعر فايتو رقم 7 أشقر,AlFouad Pharmacies,العناية بالشعر,العناية بالشعر,1,بسيط,5790,740,222,518,,غير متاح لدى المصدر,https://cdn.shopify.com/s/files/1/0935/9550/0847/files/Phyto-Hair-Color-NO.7-Blond.webp?v=1754297595,منتج صبغة الشعر فايتو رقم 7 أشقر من AlFouad Pharmacies. التصنيف المرجعي: العناية بالشعر — بسيط. الوسوم المرجعية: Colored Hair، Hair Care، Hair Color، Hair Concerns.,https://alfouadpharmacies.com/en/products/phyto-hair-color-no7-blond,AlFouad Pharmacies,Verify usage rights before commercial publication,غير مثبت,غير مثبت,مرجعي فقط — غير معتمد للنشر التجاري,بيانات مرجعية متاحة؛ يلزم تحقق PM,ضمن الفحص المبدئي
10569955836207,phyto-hair-color-no73-golden-blonde,صبغة الشعر فايتو رقم 7.3 أشقر ذهبي,AlFouad Pharmacies,العناية بالشعر,العناية بالشعر,1,بسيط,5764,740,222,518,,غير متاح لدى المصدر,https://cdn.shopify.com/s/files/1/0935/9550/0847/files/Phyto-Hair-Color-NO.7.3-Golden-Blonde.webp?v=1754297596,منتج صبغة الشعر فايتو رقم 7.3 أشقر ذهبي من AlFouad Pharmacies. التصنيف المرجعي: العناية بالشعر — بسيط. الوسوم المرجعية: Colored Hair، Hair Care، Hair Color، Hair Concerns.,https://alfouadpharmacies.com/en/products/phyto-hair-color-no73-golden-blonde,AlFouad Pharmacies,Verify usage rights before commercial publication,غير مثبت,غير مثبت,مرجعي فقط — غير معتمد للنشر التجاري,بيانات مرجعية متاحة؛ يلزم تحقق PM,ضمن الفحص المبدئي
10569956262191,phyto-hair-color-no8-light-blond,صبغة الشعر فايتو رقم 8 أشقر فاتح,AlFouad Pharmacies,العناية بالشعر,العناية بالشعر,1,بسيط,5872,740,222,518,,غير متاح لدى المصدر,https://cdn.shopify.com/s/files/1/0935/9550/0847/files/Phyto-Hair-Color-NO.8-Light-Blond.webp?v=1754297591,منتج صبغة الشعر فايتو رقم 8 أشقر فاتح من AlFouad Pharmacies. التصنيف المرجعي: العناية بالشعر — بسيط. الوسوم المرجعية: Colored Hair، Hair Care، Hair Color، Hair Concerns.,https://alfouadpharmacies.com/en/products/phyto-hair-color-no8-light-blond,AlFouad Pharmacies,Verify usage rights before commercial publication,غير مثبت,غير مثبت,مرجعي فقط — غير معتمد للنشر التجاري,بيانات مرجعية متاحة؛ يلزم تحقق PM,ضمن الفحص المبدئي
10569957146927,phyto-hair-color-no9-very-light-blond,صبغة الشعر فايتو رقم 9 أشقر فاتح جداً,AlFouad Pharmacies,العناية بالشعر,العناية بالشعر,1,بسيط,89058,740,222,518,,غير متاح لدى المصدر,https://cdn.shopify.com/s/files/1/0935/9550/0847/files/Phyto-Hair-Color-NO.9-Very-Light-Blond.webp?v=1754297579,منتج صبغة الشعر فايتو رقم 9 أشقر فاتح جداً من AlFouad Pharmacies. التصنيف المرجعي: العناية بالشعر — بسيط. الوسوم المرجعية: Colored Hair، Hair Care، Hair Color، Hair Concerns.,https://alfouadpharmacies.com/en/products/phyto-hair-color-no9-very-light-blond,AlFouad Pharmacies,Verify usage rights before commercial publication,غير مثبت,غير مثبت,مرجعي فقط — غير معتمد للنشر التجاري,بيانات مرجعية متاحة؛ يلزم تحقق PM,ضمن الفحص المبدئي
10569899508015,loreal-casting-creme-no316-plum,صبغة الشعر لوريال كاستينغ كريم رقم 316 (برقوقي),LOREAL COLOR,العناية بالشعر,العناية بالشعر,1,بسيط,109041,495,148.5,346.5,,متاح لدى المصدر,https://cdn.shopify.com/s/files/1/0935/9550/0847/files/Loreal-Casting-Creme-NO.316-Plum.webp?v=1754298149,منتج صبغة الشعر لوريال كاستينغ كريم رقم 316 (برقوقي) من LOREAL COLOR. التصنيف المرجعي: العناية بالشعر — بسيط. الوسوم المرجعية: Colored Hair، Hair Care، Hair Color، Hair Concerns.,https://alfouadpharmacies.com/en/products/loreal-casting-creme-no316-plum,AlFouad Pharmacies,Verify usage rights before commercial publication,غير مثبت,غير مثبت,مرجعي فقط — غير معتمد للنشر التجاري,بيانات مرجعية متاحة؛ يلزم تحقق PM,ضمن الفحص المبدئي
10569899540783,loreal-casting-creme-no360-dark-red,صبغة الشعر لوريال كاستينغ كريم رقم 360 (أحمر داكن),LOREAL COLOR,العناية بالشعر,العناية بالشعر,1,بسيط,97268,495,148.5,346.5,,غير متاح لدى المصدر,https://cdn.shopify.com/s/files/1/0935/9550/0847/files/Loreal-Casting-Creme-NO.360-Dark-Red.webp?v=1754298149,منتج صبغة الشعر لوريال كاستينغ كريم رقم 360 (أحمر داكن) من LOREAL COLOR. التصنيف المرجعي: العناية بالشعر — بسيط. الوسوم المرجعية: Colored Hair، Hair Care، Hair Color، Hair Concerns.,https://alfouadpharmacies.com/en/products/loreal-casting-creme-no360-dark-red,AlFouad Pharmacies,Verify usage rights before commercial publication,غير مثبت,غير مثبت,مرجعي فقط — غير معتمد للنشر التجاري,بيانات مرجعية متاحة؛ يلزم تحقق PM,ضمن الفحص المبدئي
10569899639087,loreal-casting-creme-no513-ashy-nude-brown,صبغة الشعر لوريال كاستينغ كريم رقم 513 (بني رمادي طبيعي),LOREAL COLOR,العناية بالشعر,العناية بالشعر,1,بسيط,88407,495,148.5,346.5,,متاح لدى المصدر,https://cdn.shopify.com/s/files/1/0935/9550/0847/files/Loreal-Casting-Creme-NO.513-Ashy-Nude-Brown.webp?v=1754298147,منتج صبغة الشعر لوريال كاستينغ كريم رقم 513 (بني رمادي طبيعي) من LOREAL COLOR. التصنيف المرجعي: العناية بالشعر — بسيط. الوسوم المرجعية: Colored Hair، Hair Care، Hair Color، Hair Concerns.,https://alfouadpharmacies.com/en/products/loreal-casting-creme-no513-ashy-nude-brown,AlFouad Pharmacies,Verify usage rights before commercial publication,غير مثبت,غير مثبت,مرجعي فقط — غير معتمد للنشر التجاري,بيانات مرجعية متاحة؛ يلزم تحقق PM,ضمن الفحص المبدئي
10569899671855,loreal-casting-creme-no535-mahogany,صبغة الشعر لوريال كاستينغ كريم رقم 535 (خشب الماهوجني),LOREAL COLOR,العناية بالشعر,العناية بالشعر,1,بسيط,8833,495,148.5,346.5,,متاح لدى المصدر,https://cdn.shopify.com/s/files/1/0935/9550/0847/files/Loreal-Casting-Creme-NO.535-Mahogany.webp?v=1754298146,منتج صبغة الشعر لوريال كاستينغ كريم رقم 535 (خشب الماهوجني) من LOREAL COLOR. التصنيف المرجعي: العناية بالشعر — بسيط. الوسوم المرجعية: Colored Hair، Hair Care، Hair Color، Hair Concerns.,https://alfouadpharmacies.com/en/products/loreal-casting-creme-no535-mahogany,AlFouad Pharmacies,Verify usage rights before commercial publication,غير مثبت,غير مثبت,مرجعي فقط — غير معتمد للنشر التجاري,بيانات مرجعية متاحة؛ يلزم تحقق PM,ضمن الفحص المبدئي
10572102107439,palette-intensive-color-10-black,صبغة باليت المكثفة (1-0) أسود,Palette,العناية بالشعر,العناية بالشعر,1,بسيط,92516,145,43.5,101.5,,متاح لدى المصدر,https://cdn.shopify.com/s/files/1/0935/9550/0847/files/Palette-Intensive-Color-1_E2_80_930-Black.webp?v=1754297002,منتج صبغة باليت المكثفة (1-0) أسود من Palette. التصنيف المرجعي: العناية بالشعر — بسيط. الوسوم المرجعية: Colored Hair، Hair Care، Hair Color، Hair Concerns.,https://alfouadpharmacies.com/en/products/palette-intensive-color-10-black,AlFouad Pharmacies,Verify usage rights before commercial publication,غير مثبت,غير مثبت,مرجعي فقط — غير معتمد للنشر التجاري,بيانات مرجعية متاحة؛ يلزم تحقق PM,ضمن الفحص المبدئي
10572102369583,palette-intensive-color-101-frost-silver-blond,صبغة باليت المكثفة (10-1) أشقر فضي مزركش,Palette,العناية بالشعر,العناية بالشعر,1,بسيط,92513,145,43.5,101.5,,متاح لدى المصدر,https://cdn.shopify.com/s/files/1/0935/9550/0847/files/Palette-Intensive-Color-10_E2_80_931-Frost-Silver-Blond_077c3abd-50ff-4c42-8f50-d3befcda8e8b.webp?v=1754297000,منتج صبغة باليت المكثفة (10-1) أشقر فضي مزركش من Palette. التصنيف المرجعي: العناية بالشعر — بسيط. الوسوم المرجعية: Colored Hair، Hair Care، Hair Color، Hair Concerns.,https://alfouadpharmacies.com/en/products/palette-intensive-color-101-frost-silver-blond,AlFouad Pharmacies,Verify usage rights before commercial publication,غير مثبت,غير مثبت,مرجعي فقط — غير معتمد للنشر التجاري,بيانات مرجعية متاحة؛ يلزم تحقق PM,ضمن الفحص المبدئي
10572102598959,palette-intensive-color-1046-powdery-blonde-off,صبغة باليت المكثفة (10-46) أشقر غامق,Palette,العناية بالشعر,العناية بالشعر,1,بسيط,13509,116,34.8,81.2,,متاح لدى المصدر,https://cdn.shopify.com/s/files/1/0935/9550/0847/files/Palette-Intensive-Color-10_E2_80_9346-Powdery-Blonde-Off-600x600.webp?v=1754296998,منتج صبغة باليت المكثفة (10-46) أشقر غامق من Palette. التصنيف المرجعي: العناية بالشعر — بسيط. الوسوم المرجعية: Colored Hair، Hair Care، Hair Color، Hair Concerns.,https://alfouadpharmacies.com/en/products/palette-intensive-color-1046-powdery-blonde-off,AlFouad Pharmacies,Verify usage rights before commercial publication,غير مثبت,غير مثبت,مرجعي فقط — غير معتمد للنشر التجاري,بيانات مرجعية متاحة؛ يلزم تحقق PM,ضمن الفحص المبدئي
10572102467887,palette-intensive-color-1046-powdery-blonde,صبغة باليت المكثفة (10-46) أشقر غبرة,Palette,العناية بالشعر,العناية بالشعر,1,بسيط,110937,145,43.5,101.5,,متاح لدى المصدر,https://cdn.shopify.com/s/files/1/0935/9550/0847/files/Palette-Intensive-Color-10_E2_80_9346-Powdery-Blonde-600x600.webp?v=1754296999,منتج صبغة باليت المكثفة (10-46) أشقر غبرة من Palette. التصنيف المرجعي: العناية بالشعر — بسيط. الوسوم المرجعية: Colored Hair، Hair Care، Hair Color، Hair Concerns.,https://alfouadpharmacies.com/en/products/palette-intensive-color-1046-powdery-blonde,AlFouad Pharmacies,Verify usage rights before commercial publication,غير مثبت,غير مثبت,مرجعي فقط — غير معتمد للنشر التجاري,بيانات مرجعية متاحة؛ يلزم تحقق PM,ضمن الفحص المبدئي
10572102762799,palette-intensive-color-30-dark-brown,صبغة باليت المكثفة (3-0) بني داكن,Palette,العناية بالشعر,العناية بالشعر,1,بسيط,19134,145,43.5,101.5,,غير متاح لدى المصدر,https://cdn.shopify.com/s/files/1/0935/9550/0847/files/Palette-Intensive-Color-3_E2_80_930-Dark-Brown-off-20.webp?v=1754296997,منتج صبغة باليت المكثفة (3-0) بني داكن من Palette. التصنيف المرجعي: العناية بالشعر — بسيط. الوسوم المرجعية: Colored Hair، Hair Care، Hair Color، Hair Concerns.,https://alfouadpharmacies.com/en/products/palette-intensive-color-30-dark-brown,AlFouad Pharmacies,Verify usage rights before commercial publication,غير مثبت,غير مثبت,مرجعي فقط — غير معتمد للنشر التجاري,بيانات مرجعية متاحة؛ يلزم تحقق PM,ضمن الفحص المبدئي
10572102861103,palette-intensive-color-30-dark-brown-off-20,صبغة باليت المكثفة (3-0) بني داكن، خصم 20%.,Palette,العناية بالشعر,العناية بالشعر,1,بسيط,13352,116,34.8,81.2,,متاح لدى المصدر,https://cdn.shopify.com/s/files/1/0935/9550/0847/files/Palette-Intensive-Color-3_E2_80_930-Dark-Brown-off-20_da2a0dc3-4c57-4a32-bcaa-f97323e292b4.webp?v=1754296996,منتج صبغة باليت المكثفة (3-0) بني داكن، خصم 20%. من Palette. التصنيف المرجعي: العناية بالشعر — بسيط. الوسوم المرجعية: Colored Hair، Hair Care، Hair Color، Hair Concerns.,https://alfouadpharmacies.com/en/products/palette-intensive-color-30-dark-brown-off-20,AlFouad Pharmacies,Verify usage rights before commercial publication,غير مثبت,غير مثبت,مرجعي فقط — غير معتمد للنشر التجاري,بيانات مرجعية متاحة؛ يلزم تحقق PM,ضمن الفحص المبدئي
10572103024943,palette-intensive-color-365-dark-chocolate-off,صبغة باليت المكثفة (3-65) شوكولاتة داكنة,Palette,العناية بالشعر,العناية بالشعر,1,بسيط,13415,116,34.8,81.2,,متاح لدى المصدر,https://cdn.shopify.com/s/files/1/0935/9550/0847/files/Palette-Intensive-Color-3_E2_80_9365-Dark-Chocolate-Off_af30af44-55ce-43aa-9681-4f88b6493f12.webp?v=1754296993,منتج صبغة باليت المكثفة (3-65) شوكولاتة داكنة من Palette. التصنيف المرجعي: العناية بالشعر — بسيط. الوسوم المرجعية: Colored Hair، Hair Care، Hair Color، Hair Concerns.,https://alfouadpharmacies.com/en/products/palette-intensive-color-365-dark-chocolate-off,AlFouad Pharmacies,Verify usage rights before commercial publication,غير مثبت,غير مثبت,مرجعي فقط — غير معتمد للنشر التجاري,بيانات مرجعية متاحة؛ يلزم تحقق PM,ضمن الفحص المبدئي
10572103254319,palette-intensive-color-368-dark-mahogany-off-2,صبغة باليت المكثفة (3-68) خشب الماهوجني الداكن، خصم 2,Palette,العناية بالشعر,العناية بالشعر,1,بسيط,9568,116,34.8,81.2,,غير متاح لدى المصدر,https://cdn.shopify.com/s/files/1/0935/9550/0847/files/Palette-Intensive-Color-3_E2_80_9368-Dark-Mahogany-Off-2_7bf0589f-473f-4264-adbf-b02fe6373148.webp?v=1754296992,منتج صبغة باليت المكثفة (3-68) خشب الماهوجني الداكن، خصم 2 من Palette. التصنيف المرجعي: العناية بالشعر — بسيط. الوسوم المرجعية: Colored Hair، Hair Care، Hair Color، Hair Concerns.,https://alfouadpharmacies.com/en/products/palette-intensive-color-368-dark-mahogany-off-2,AlFouad Pharmacies,Verify usage rights before commercial publication,غير مثبت,غير مثبت,مرجعي فقط — غير معتمد للنشر التجاري,بيانات مرجعية متاحة؛ يلزم تحقق PM,ضمن الفحص المبدئي
10572103352623,palette-intensive-color-40-sparkling-brown,صبغة باليت المكثفة (4-0) بني لامع,Palette,العناية بالشعر,العناية بالشعر,1,بسيط,92520,145,43.5,101.5,,متاح لدى المصدر,https://cdn.shopify.com/s/files/1/0935/9550/0847/files/Palette-Intensive-Color-4_E2_80_930-Sparkling-Brown.webp?v=1754296992,منتج صبغة باليت المكثفة (4-0) بني لامع من Palette. التصنيف المرجعي: العناية بالشعر — بسيط. الوسوم المرجعية: Colored Hair، Hair Care، Hair Color، Hair Concerns.,https://alfouadpharmacies.com/en/products/palette-intensive-color-40-sparkling-brown,AlFouad Pharmacies,Verify usage rights before commercial publication,غير مثبت,غير مثبت,مرجعي فقط — غير معتمد للنشر التجاري,بيانات مرجعية متاحة؛ يلزم تحقق PM,ضمن الفحص المبدئي
10572103581999,palette-intensive-color-488-dark-red,صبغة باليت المكثفة (4-88) أحمر داكن,Palette,العناية بالشعر,العناية بالشعر,1,بسيط,92515,145,43.5,101.5,,متاح لدى المصدر,https://cdn.shopify.com/s/files/1/0935/9550/0847/files/Palette-Intensive-Color-4_E2_80_9388-Dark-Red.webp?v=1754296990,منتج صبغة باليت المكثفة (4-88) أحمر داكن من Palette. التصنيف المرجعي: العناية بالشعر — بسيط. الوسوم المرجعية: Colored Hair، Hair Care، Hair Color، Hair Concerns.,https://alfouadpharmacies.com/en/products/palette-intensive-color-488-dark-red,AlFouad Pharmacies,Verify usage rights before commercial publication,غير مثبت,غير مثبت,مرجعي فقط — غير معتمد للنشر التجاري,بيانات مرجعية متاحة؛ يلزم تحقق PM,ضمن الفحص المبدئي
10572103647535,palette-intensive-color-489-intens-aubergine,صبغة باليت المكثفة (4-89) أرجواني مكثف,Palette,العناية بالشعر,العناية بالشعر,1,بسيط,92507,145,43.5,101.5,,متاح لدى المصدر,https://cdn.shopify.com/s/files/1/0935/9550/0847/files/Palette-Intensive-Color-4_E2_80_9389-Intens-Aubergine.webp?v=1754296989,منتج صبغة باليت المكثفة (4-89) أرجواني مكثف من Palette. التصنيف المرجعي: العناية بالشعر — بسيط. الوسوم المرجعية: Colored Hair، Hair Care، Hair Color، Hair Concerns.,https://alfouadpharmacies.com/en/products/palette-intensive-color-489-intens-aubergine,AlFouad Pharmacies,Verify usage rights before commercial publication,غير مثبت,غير مثبت,مرجعي فقط — غير معتمد للنشر التجاري,بيانات مرجعية متاحة؛ يلزم تحقق PM,ضمن الفحص المبدئي
10572103778607,palette-intensive-color-50-light-brown-off-20,صبغة باليت المكثفة (5-0) بني فاتح، خصم 20%.,Palette,العناية بالشعر,العناية بالشعر,1,بسيط,13387,116,34.8,81.2,,متاح لدى المصدر,https://cdn.shopify.com/s/files/1/0935/9550/0847/files/Palette-Intensive-Color-5_E2_80_930-Light-Brown-off-20.webp?v=1754296988,منتج صبغة باليت المكثفة (5-0) بني فاتح، خصم 20%. من Palette. التصنيف المرجعي: العناية بالشعر — بسيط. الوسوم المرجعية: Colored Hair، Hair Care، Hair Color، Hair Concerns.,https://alfouadpharmacies.com/en/products/palette-intensive-color-50-light-brown-off-20,AlFouad Pharmacies,Verify usage rights before commercial publication,غير مثبت,غير مثبت,مرجعي فقط — غير معتمد للنشر التجاري,بيانات مرجعية متاحة؛ يلزم تحقق PM,ضمن الفحص المبدئي
10572103844143,palette-intensive-color-568-medium-chestnut,صبغة باليت المكثفة (5–68) بني متوسط,Palette,العناية بالشعر,العناية بالشعر,1,بسيط,92514,145,43.5,101.5,,متاح لدى المصدر,https://cdn.shopify.com/s/files/1/0935/9550/0847/files/Palette-Intensive-Color-5_E2_80_9368-Medium-Chestnut.webp?v=1754296988,منتج صبغة باليت المكثفة (5–68) بني متوسط من Palette. التصنيف المرجعي: العناية بالشعر — بسيط. الوسوم المرجعية: Colored Hair، Hair Care، Hair Color، Hair Concerns.,https://alfouadpharmacies.com/en/products/palette-intensive-color-568-medium-chestnut,AlFouad Pharmacies,Verify usage rights before commercial publication,غير مثبت,غير مثبت,مرجعي فقط — غير معتمد للنشر التجاري,بيانات مرجعية متاحة؛ يلزم تحقق PM,ضمن الفحص المبدئي
10569919758639,palette-intensive-color-6-0-dark-blonde,صبغة باليت المكثفة (6-0) أشقر داكن,Palette,العناية بالشعر,العناية بالشعر,1,بسيط,92510,145,43.5,101.5,,متاح لدى المصدر,https://cdn.shopify.com/s/files/1/0935/9550/0847/files/Palette-Intensive-Color-6-0-Dark-Blonde.webp?v=1754297909,منتج صبغة باليت المكثفة (6-0) أشقر داكن من Palette. التصنيف المرجعي: العناية بالشعر — بسيط. الوسوم المرجعية: Colored Hair، Hair Care، Hair Color، Hair Concerns.,https://alfouadpharmacies.com/en/products/palette-intensive-color-6-0-dark-blonde,AlFouad Pharmacies,Verify usage rights before commercial publication,غير مثبت,غير مثبت,مرجعي فقط — غير معتمد للنشر التجاري,بيانات مرجعية متاحة؛ يلزم تحقق PM,ضمن الفحص المبدئي
10572104368431,palette-intensive-color-70-medium-blonde,صبغة باليت المكثفة (7-0) أشقر متوسط,Palette,العناية بالشعر,العناية بالشعر,1,بسيط,92501,145,43.5,101.5,,متاح لدى المصدر,https://cdn.shopify.com/s/files/1/0935/9550/0847/files/Palette-Intensive-Color-7_E2_80_930-Medium-Blonde.webp?v=1754296984,منتج صبغة باليت المكثفة (7-0) أشقر متوسط من Palette. التصنيف المرجعي: العناية بالشعر — بسيط. الوسوم المرجعية: Colored Hair، Hair Care، Hair Color، Hair Concerns.,https://alfouadpharmacies.com/en/products/palette-intensive-color-70-medium-blonde,AlFouad Pharmacies,Verify usage rights before commercial publication,غير مثبت,غير مثبت,مرجعي فقط — غير معتمد للنشر التجاري,بيانات مرجعية متاحة؛ يلزم تحقق PM,ضمن الفحص المبدئي
10572104466735,palette-intensive-color-70-medium-blonde-off-20,صبغة باليت المكثفة (7-0) أشقر متوسط أوف 20,Palette,العناية بالشعر,العناية بالشعر,1,بسيط,13501,116,34.8,81.2,,متاح لدى المصدر,https://cdn.shopify.com/s/files/1/0935/9550/0847/files/Palette-Intensive-Color-7_E2_80_930-Medium-Blonde-Off-20.webp?v=1754296984,منتج صبغة باليت المكثفة (7-0) أشقر متوسط أوف 20 من Palette. التصنيف المرجعي: العناية بالشعر — بسيط. الوسوم المرجعية: Colored Hair، Hair Care، Hair Color، Hair Concerns.,https://alfouadpharmacies.com/en/products/palette-intensive-color-70-medium-blonde-off-20,AlFouad Pharmacies,Verify usage rights before commercial publication,غير مثبت,غير مثبت,مرجعي فقط — غير معتمد للنشر التجاري,بيانات مرجعية متاحة؛ يلزم تحقق PM,ضمن الفحص المبدئي
10572104892719,palette-intensive-color-80-light-blond,صبغة باليت المكثفة (8-0) أشقر فاتح,Palette,العناية بالشعر,العناية بالشعر,1,بسيط,13467,145,43.5,101.5,,متاح لدى المصدر,https://cdn.shopify.com/s/files/1/0935/9550/0847/files/Palette-Intensive-Color-8_E2_80_931-Light-Blond-Gray-Off.webp?v=1754296982,منتج صبغة باليت المكثفة (8-0) أشقر فاتح من Palette. التصنيف المرجعي: العناية بالشعر — بسيط. الوسوم المرجعية: Colored Hair، Hair Care، Hair Color، Hair Concerns.,https://alfouadpharmacies.com/en/products/palette-intensive-color-80-light-blond,AlFouad Pharmacies,Verify usage rights before commercial publication,غير مثبت,غير مثبت,مرجعي فقط — غير معتمد للنشر التجاري,بيانات مرجعية متاحة؛ يلزم تحقق PM,ضمن الفحص المبدئي
10572105056559,palette-intensive-color-80-light-blonde-off-20,صبغة باليت المكثفة (8-0) أشقر فاتح، خصم 20%.,Palette,العناية بالشعر,العناية بالشعر,1,بسيط,92288,116,34.8,81.2,,متاح لدى المصدر,https://cdn.shopify.com/s/files/1/0935/9550/0847/files/Palette-Intensive-Color-8_E2_80_930-Light-Blonde-off-20.webp?v=1754296981,منتج صبغة باليت المكثفة (8-0) أشقر فاتح، خصم 20%. من Palette. التصنيف المرجعي: العناية بالشعر — بسيط. الوسوم المرجعية: Colored Hair، Hair Care، Hair Color، Hair Concerns.,https://alfouadpharmacies.com/en/products/palette-intensive-color-80-light-blonde-off-20,AlFouad Pharmacies,Verify usage rights before commercial publication,غير مثبت,غير مثبت,مرجعي فقط — غير معتمد للنشر التجاري,بيانات مرجعية متاحة؛ يلزم تحقق PM,ضمن الفحص المبدئي
10572105220399,palette-intensive-color-81-light-blond-gray-off,صبغة باليت المكثفة (8-1) أشقر فاتح رمادي فاتح,Palette,العناية بالشعر,العناية بالشعر,1,بسيط,13525,116,34.8,81.2,,متاح لدى المصدر,https://cdn.shopify.com/s/files/1/0935/9550/0847/files/Palette-Intensive-Color-8_E2_80_931-Light-Blond-Gray-Off_715e0e07-5aa6-4782-82a2-10c2fa922c66.webp?v=1754296980,منتج صبغة باليت المكثفة (8-1) أشقر فاتح رمادي فاتح من Palette. التصنيف المرجعي: العناية بالشعر — بسيط. الوسوم المرجعية: Colored Hair، Hair Care، Hair Color، Hair Concerns.,https://alfouadpharmacies.com/en/products/palette-intensive-color-81-light-blond-gray-off,AlFouad Pharmacies,Verify usage rights before commercial publication,غير مثبت,غير مثبت,مرجعي فقط — غير معتمد للنشر التجاري,بيانات مرجعية متاحة؛ يلزم تحقق PM,ضمن الفحص المبدئي
10572105154863,palette-intensive-color-81-light-blond-gray,صبغة باليت المكثفة (8-1) رمادي فاتح أشقر,Palette,العناية بالشعر,العناية بالشعر,1,بسيط,106933,145,43.5,101.5,,متاح لدى المصدر,https://cdn.shopify.com/s/files/1/0935/9550/0847/files/Palette-Intensive-Color-8_E2_80_931-Light-Blond-Gray.webp?v=1754296980,منتج صبغة باليت المكثفة (8-1) رمادي فاتح أشقر من Palette. التصنيف المرجعي: العناية بالشعر — بسيط. الوسوم المرجعية: Colored Hair، Hair Care، Hair Color، Hair Concerns.,https://alfouadpharmacies.com/en/products/palette-intensive-color-81-light-blond-gray,AlFouad Pharmacies,Verify usage rights before commercial publication,غير مثبت,غير مثبت,مرجعي فقط — غير معتمد للنشر التجاري,بيانات مرجعية متاحة؛ يلزم تحقق PM,ضمن الفحص المبدئي
10572105384239,palette-intensive-color-90-extra-light-blonde-off,صبغة باليت المكثفة (9-0) أشقر فاتح جداً,Palette,العناية بالشعر,العناية بالشعر,1,بسيط,13321,96,28.8,67.2,,غير متاح لدى المصدر,https://cdn.shopify.com/s/files/1/0935/9550/0847/files/Palette-Intensive-Color-9_E2_80_930-Extra-Light-Blonde-Off.webp?v=1754296978,منتج صبغة باليت المكثفة (9-0) أشقر فاتح جداً من Palette. التصنيف المرجعي: العناية بالشعر — بسيط. الوسوم المرجعية: Colored Hair، Hair Care، Hair Color، Hair Concerns.,https://alfouadpharmacies.com/en/products/palette-intensive-color-90-extra-light-blonde-off,AlFouad Pharmacies,Verify usage rights before commercial publication,غير مثبت,غير مثبت,مرجعي فقط — غير معتمد للنشر التجاري,بيانات مرجعية متاحة؛ يلزم تحقق PM,ضمن الفحص المبدئي
10572105318703,palette-intensive-color-90-extra-light-blonde,صبغة باليت المكثفة (9-0) أشقر فاتح جداً,Palette,العناية بالشعر,العناية بالشعر,1,بسيط,92504,145,43.5,101.5,,متاح لدى المصدر,https://cdn.shopify.com/s/files/1/0935/9550/0847/files/Palette-Intensive-Color-9_E2_80_930-Extra-Light-Blonde.webp?v=1754296979,منتج صبغة باليت المكثفة (9-0) أشقر فاتح جداً من Palette. التصنيف المرجعي: العناية بالشعر — بسيط. الوسوم المرجعية: Colored Hair، Hair Care، Hair Color، Hair Concerns.,https://alfouadpharmacies.com/en/products/palette-intensive-color-90-extra-light-blonde,AlFouad Pharmacies,Verify usage rights before commercial publication,غير مثبت,غير مثبت,مرجعي فقط — غير معتمد للنشر التجاري,بيانات مرجعية متاحة؛ يلزم تحقق PM,ضمن الفحص المبدئي
10569920250159,palette-natural-color-5-light-brown-off-20,صبغة شعر باليت ناتشورال كولور (5) بني فاتح، خصم 20%,Palette,العناية بالشعر,العناية بالشعر,1,بسيط,99693,116,34.8,81.2,,غير متاح لدى المصدر,https://cdn.shopify.com/s/files/1/0935/9550/0847/files/Palette-Natural-Color-5-Light-Brown-off-20.webp?v=1754297902,منتج صبغة شعر باليت ناتشورال كولور (5) بني فاتح، خصم 20% من Palette. التصنيف المرجعي: العناية بالشعر — بسيط. الوسوم المرجعية: Colored Hair، Hair Care، Hair Color، Hair Concerns.,https://alfouadpharmacies.com/en/products/palette-natural-color-5-light-brown-off-20,AlFouad Pharmacies,Verify usage rights before commercial publication,غير مثبت,غير مثبت,مرجعي فقط — غير معتمد للنشر التجاري,بيانات مرجعية متاحة؛ يلزم تحقق PM,ضمن الفحص المبدئي
10569843867951,bigen-powder-hair-color-no26,صبغة شعر بيجين بودرة رقم 26,AlFouad Pharmacies,العناية بالشعر,العناية بالشعر,1,بسيط,4608,127,38.1,88.9,,غير متاح لدى المصدر,https://cdn.shopify.com/s/files/1/0935/9550/0847/files/Bigen-Powder-Hair-Color-NO.26.webp?v=1754298495,منتج صبغة شعر بيجين بودرة رقم 26 من AlFouad Pharmacies. التصنيف المرجعي: العناية بالشعر — بسيط. الوسوم المرجعية: Hair Care، Hair Color.,https://alfouadpharmacies.com/en/products/bigen-powder-hair-color-no26,AlFouad Pharmacies,Verify usage rights before commercial publication,غير مثبت,غير مثبت,مرجعي فقط — غير معتمد للنشر التجاري,بيانات مرجعية متاحة؛ يلزم تحقق PM,ضمن الفحص المبدئي
10569843933487,bigen-powder-hair-color-no37,صبغة شعر بيجين بودرة رقم 37,AlFouad Pharmacies,العناية بالشعر,العناية بالشعر,1,بسيط,99887,127,38.1,88.9,,متاح لدى المصدر,https://cdn.shopify.com/s/files/1/0935/9550/0847/files/Bigen-Powder-Hair-Color-NO.37.webp?v=1754298494,منتج صبغة شعر بيجين بودرة رقم 37 من AlFouad Pharmacies. التصنيف المرجعي: العناية بالشعر — بسيط. الوسوم المرجعية: Hair Care، Hair Color.,https://alfouadpharmacies.com/en/products/bigen-powder-hair-color-no37,AlFouad Pharmacies,Verify usage rights before commercial publication,غير مثبت,غير مثبت,مرجعي فقط — غير معتمد للنشر التجاري,بيانات مرجعية متاحة؛ يلزم تحقق PM,ضمن الفحص المبدئي
10569844064559,bigen-powder-hair-color-no46-light-chestnut,صبغة شعر بيجين بودرة رقم 46 كستنائي فاتح,AlFouad Pharmacies,العناية بالشعر,العناية بالشعر,1,بسيط,29048,127,38.1,88.9,,متاح لدى المصدر,https://cdn.shopify.com/s/files/1/0935/9550/0847/files/Bigen-Powder-Hair-Color-NO.46-Light-Chestnut.webp?v=1754298494,منتج صبغة شعر بيجين بودرة رقم 46 كستنائي فاتح من AlFouad Pharmacies. التصنيف المرجعي: العناية بالشعر — بسيط. الوسوم المرجعية: Hair Care، Hair Color.,https://alfouadpharmacies.com/en/products/bigen-powder-hair-color-no46-light-chestnut,AlFouad Pharmacies,Verify usage rights before commercial publication,غير مثبت,غير مثبت,مرجعي فقط — غير معتمد للنشر التجاري,بيانات مرجعية متاحة؛ يلزم تحقق PM,ضمن الفحص المبدئي
10569844097327,bigen-powder-hair-color-no47-medium-chestnut,صبغة شعر بيجين بودرة رقم 47 بني متوسط,AlFouad Pharmacies,العناية بالشعر,العناية بالشعر,1,بسيط,29049,127,38.1,88.9,,متاح لدى المصدر,https://cdn.shopify.com/s/files/1/0935/9550/0847/files/Bigen-Powder-Hair-Color-NO.47-Medium-Chestnut.webp?v=1754298493,منتج صبغة شعر بيجين بودرة رقم 47 بني متوسط من AlFouad Pharmacies. التصنيف المرجعي: العناية بالشعر — بسيط. الوسوم المرجعية: Hair Care، Hair Color.,https://alfouadpharmacies.com/en/products/bigen-powder-hair-color-no47-medium-chestnut,AlFouad Pharmacies,Verify usage rights before commercial publication,غير مثبت,غير مثبت,مرجعي فقط — غير معتمد للنشر التجاري,بيانات مرجعية متاحة؛ يلزم تحقق PM,ضمن الفحص المبدئي
10569844130095,bigen-powder-hair-color-no48,صبغة شعر بيجين بودرة رقم 48,AlFouad Pharmacies,العناية بالشعر,العناية بالشعر,1,بسيط,29050,127,38.1,88.9,,متاح لدى المصدر,https://cdn.shopify.com/s/files/1/0935/9550/0847/files/Bigen-Powder-Hair-Color-NO.48.webp?v=1754298492,منتج صبغة شعر بيجين بودرة رقم 48 من AlFouad Pharmacies. التصنيف المرجعي: العناية بالشعر — بسيط. الوسوم المرجعية: Hair Care، Hair Color.,https://alfouadpharmacies.com/en/products/bigen-powder-hair-color-no48,AlFouad Pharmacies,Verify usage rights before commercial publication,غير مثبت,غير مثبت,مرجعي فقط — غير معتمد للنشر التجاري,بيانات مرجعية متاحة؛ يلزم تحقق PM,ضمن الفحص المبدئي
10569844228399,bigen-powder-hair-color-no56,صبغة شعر بيجين بودرة رقم 56 بني متوسط,AlFouad Pharmacies,العناية بالشعر,العناية بالشعر,1,بسيط,29051,127,38.1,88.9,,متاح لدى المصدر,https://cdn.shopify.com/s/files/1/0935/9550/0847/files/Bigen-Powder-Hair-Color-NO.56-_D8_A8_D9_86_D9_8A-_D9_85_D8_AA_D9_88_D8_B3_D8_B7.webp?v=1754298492,منتج صبغة شعر بيجين بودرة رقم 56 بني متوسط من AlFouad Pharmacies. التصنيف المرجعي: العناية بالشعر — بسيط. الوسوم المرجعية: Hair Care، Hair Color.,https://alfouadpharmacies.com/en/products/bigen-powder-hair-color-no56,AlFouad Pharmacies,Verify usage rights before commercial publication,غير مثبت,غير مثبت,مرجعي فقط — غير معتمد للنشر التجاري,بيانات مرجعية متاحة؛ يلزم تحقق PM,ضمن الفحص المبدئي
10569844261167,bigen-powder-hair-color-no57,صبغة شعر بيجين بودرة رقم 57,AlFouad Pharmacies,العناية بالشعر,العناية بالشعر,1,بسيط,29052,127,38.1,88.9,,متاح لدى المصدر,https://cdn.shopify.com/s/files/1/0935/9550/0847/files/Bigen-Powder-Hair-Color-NO.57.webp?v=1754298491,منتج صبغة شعر بيجين بودرة رقم 57 من AlFouad Pharmacies. التصنيف المرجعي: العناية بالشعر — بسيط. الوسوم المرجعية: Hair Care، Hair Color.,https://alfouadpharmacies.com/en/products/bigen-powder-hair-color-no57,AlFouad Pharmacies,Verify usage rights before commercial publication,غير مثبت,غير مثبت,مرجعي فقط — غير معتمد للنشر التجاري,بيانات مرجعية متاحة؛ يلزم تحقق PM,ضمن الفحص المبدئي
10569844293935,bigen-powder-hair-color-no58,صبغة شعر بيجين بودرة رقم 58 أسود بني,AlFouad Pharmacies,العناية بالشعر,العناية بالشعر,1,بسيط,29053,127,38.1,88.9,,متاح لدى المصدر,https://cdn.shopify.com/s/files/1/0935/9550/0847/files/Bigen-Powder-Hair-Color-NO.58-_D8_A3_D8_B3_D9_88_D8_AF-_D8_A8_D9_86_D9_8A.webp?v=1754298491,منتج صبغة شعر بيجين بودرة رقم 58 أسود بني من AlFouad Pharmacies. التصنيف المرجعي: العناية بالشعر — بسيط. الوسوم المرجعية: Hair Care، Hair Color.,https://alfouadpharmacies.com/en/products/bigen-powder-hair-color-no58,AlFouad Pharmacies,Verify usage rights before commercial publication,غير مثبت,غير مثبت,مرجعي فقط — غير معتمد للنشر التجاري,بيانات مرجعية متاحة؛ يلزم تحقق PM,ضمن الفحص المبدئي
10569844425007,bigen-powder-hair-color-no59-oriental-black,صبغة شعر بيجين بودرة رقم 59 أسود شرقي,AlFouad Pharmacies,العناية بالشعر,العناية بالشعر,1,بسيط,29054,127,38.1,88.9,,متاح لدى المصدر,https://cdn.shopify.com/s/files/1/0935/9550/0847/files/Bigen-Powder-Hair-Color-NO.59-Oriental-Black.webp?v=1754298490,منتج صبغة شعر بيجين بودرة رقم 59 أسود شرقي من AlFouad Pharmacies. التصنيف المرجعي: العناية بالشعر — بسيط. الوسوم المرجعية: Hair Care، Hair Color.,https://alfouadpharmacies.com/en/products/bigen-powder-hair-color-no59-oriental-black,AlFouad Pharmacies,Verify usage rights before commercial publication,غير مثبت,غير مثبت,مرجعي فقط — غير معتمد للنشر التجاري,بيانات مرجعية متاحة؛ يلزم تحقق PM,ضمن الفحص المبدئي
10569844457775,bigen-powder-hair-color-no76,صبغة شعر بيجين بودرة رقم 76,AlFouad Pharmacies,العناية بالشعر,العناية بالشعر,1,بسيط,99455,127,38.1,88.9,,متاح لدى المصدر,https://cdn.shopify.com/s/files/1/0935/9550/0847/files/Bigen-Powder-Hair-Color-NO.76.webp?v=1754298490,منتج صبغة شعر بيجين بودرة رقم 76 من AlFouad Pharmacies. التصنيف المرجعي: العناية بالشعر — بسيط. الوسوم المرجعية: Hair Care، Hair Color.,https://alfouadpharmacies.com/en/products/bigen-powder-hair-color-no76,AlFouad Pharmacies,Verify usage rights before commercial publication,غير مثبت,غير مثبت,مرجعي فقط — غير معتمد للنشر التجاري,بيانات مرجعية متاحة؛ يلزم تحقق PM,ضمن الفحص المبدئي
10569844490543,bigen-speedy-hair-color-no881-natural-black,صبغة شعر بيجين سريعة رقم 881 أسود طبيعي,AlFouad Pharmacies,العناية بالشعر,العناية بالشعر,1,بسيط,107907,253,75.9,177.1,,متاح لدى المصدر,https://cdn.shopify.com/s/files/1/0935/9550/0847/files/Bigen-Speedy-Hair-Color-NO.881-Natural-Black.webp?v=1754298489,منتج صبغة شعر بيجين سريعة رقم 881 أسود طبيعي من AlFouad Pharmacies. التصنيف المرجعي: العناية بالشعر — بسيط. الوسوم المرجعية: Hair Care، Hair Color.,https://alfouadpharmacies.com/en/products/bigen-speedy-hair-color-no881-natural-black,AlFouad Pharmacies,Verify usage rights before commercial publication,غير مثبت,غير مثبت,مرجعي فقط — غير معتمد للنشر التجاري,بيانات مرجعية متاحة؛ يلزم تحقق PM,ضمن الفحص المبدئي
10569844621615,bigen-speedy-hair-color-no882-brownish-black,صبغة شعر بيجين سريعة رقم 882 بني داكن,AlFouad Pharmacies,العناية بالشعر,العناية بالشعر,1,بسيط,107908,253,75.9,177.1,,متاح لدى المصدر,https://cdn.shopify.com/s/files/1/0935/9550/0847/files/Bigen-Speedy-Hair-Color-NO.882-Brownish-Black.webp?v=1754298488,منتج صبغة شعر بيجين سريعة رقم 882 بني داكن من AlFouad Pharmacies. التصنيف المرجعي: العناية بالشعر — بسيط. الوسوم المرجعية: Hair Care، Hair Color.,https://alfouadpharmacies.com/en/products/bigen-speedy-hair-color-no882-brownish-black,AlFouad Pharmacies,Verify usage rights before commercial publication,غير مثبت,غير مثبت,مرجعي فقط — غير معتمد للنشر التجاري,بيانات مرجعية متاحة؛ يلزم تحقق PM,ضمن الفحص المبدئي
10569844654383,bigen-speedy-hair-color-no883-dark-brown,صبغة شعر بيجين سريعة رقم 883 بني غامق,AlFouad Pharmacies,العناية بالشعر,العناية بالشعر,1,بسيط,107909,253,75.9,177.1,,متاح لدى المصدر,https://cdn.shopify.com/s/files/1/0935/9550/0847/files/Bigen-Speedy-Hair-Color-NO.883-Dark-Brown.webp?v=1754298488,منتج صبغة شعر بيجين سريعة رقم 883 بني غامق من AlFouad Pharmacies. التصنيف المرجعي: العناية بالشعر — بسيط. الوسوم المرجعية: Hair Care، Hair Color.,https://alfouadpharmacies.com/en/products/bigen-speedy-hair-color-no883-dark-brown,AlFouad Pharmacies,Verify usage rights before commercial publication,غير مثبت,غير مثبت,مرجعي فقط — غير معتمد للنشر التجاري,بيانات مرجعية متاحة؛ يلزم تحقق PM,ضمن الفحص المبدئي
10569956327727,phyto-hair-color-no3-dark-brown,صبغة شعر فيتو رقم 3 بني داكن,AlFouad Pharmacies,العناية بالشعر,العناية بالشعر,1,بسيط,5973,740,222,518,,غير متاح لدى المصدر,https://cdn.shopify.com/s/files/1/0935/9550/0847/files/Phyto-Hair-Color-NO.3-Dark-Brown.webp?v=1754297590,منتج صبغة شعر فيتو رقم 3 بني داكن من AlFouad Pharmacies. التصنيف المرجعي: العناية بالشعر — بسيط. الوسوم المرجعية: Colored Hair، Hair Care، Hair Color، Hair Concerns.,https://alfouadpharmacies.com/en/products/phyto-hair-color-no3-dark-brown,AlFouad Pharmacies,Verify usage rights before commercial publication,غير مثبت,غير مثبت,مرجعي فقط — غير معتمد للنشر التجاري,بيانات مرجعية متاحة؛ يلزم تحقق PM,ضمن الفحص المبدئي
10569957507375,phyto-hair-color-no4-brown,صبغة شعر فيتو رقم 4 بني,AlFouad Pharmacies,العناية بالشعر,العناية بالشعر,1,بسيط,16216,740,222,518,,غير متاح لدى المصدر,https://cdn.shopify.com/s/files/1/0935/9550/0847/files/Phyto-Hair-Color-NO.4-Brown.webp?v=1754297575,منتج صبغة شعر فيتو رقم 4 بني من AlFouad Pharmacies. التصنيف المرجعي: العناية بالشعر — بسيط. الوسوم المرجعية: Colored Hair، Hair Care، Hair Color، Hair Concerns.,https://alfouadpharmacies.com/en/products/phyto-hair-color-no4-brown,AlFouad Pharmacies,Verify usage rights before commercial publication,غير مثبت,غير مثبت,مرجعي فقط — غير معتمد للنشر التجاري,بيانات مرجعية متاحة؛ يلزم تحقق PM,ضمن الفحص المبدئي
10569957540143,phyto-hair-color-no477-intense-chestnut-brown,صبغة شعر فيتو رقم 4.77 بني كستنائي مكثف,AlFouad Pharmacies,العناية بالشعر,العناية بالشعر,1,بسيط,16234,740,222,518,,غير متاح لدى المصدر,https://cdn.shopify.com/s/files/1/0935/9550/0847/files/Phyto-Hair-Color-NO.4.77-Intense-Chestnut-Brown.webp?v=1754297575,منتج صبغة شعر فيتو رقم 4.77 بني كستنائي مكثف من AlFouad Pharmacies. التصنيف المرجعي: العناية بالشعر — بسيط. الوسوم المرجعية: Colored Hair، Hair Care، Hair Color، Hair Concerns.,https://alfouadpharmacies.com/en/products/phyto-hair-color-no477-intense-chestnut-brown,AlFouad Pharmacies,Verify usage rights before commercial publication,غير مثبت,غير مثبت,مرجعي فقط — غير معتمد للنشر التجاري,بيانات مرجعية متاحة؛ يلزم تحقق PM,ضمن الفحص المبدئي
10569957638447,phyto-hair-color-no5-light-brown,صبغة شعر فيتو رقم 5 بني فاتح,AlFouad Pharmacies,العناية بالشعر,العناية بالشعر,1,بسيط,30417,740,222,518,,غير متاح لدى المصدر,https://cdn.shopify.com/s/files/1/0935/9550/0847/files/Phyto-Hair-Color-NO.5-Light-Brown.webp?v=1754297574,منتج صبغة شعر فيتو رقم 5 بني فاتح من AlFouad Pharmacies. التصنيف المرجعي: العناية بالشعر — بسيط. الوسوم المرجعية: Colored Hair، Hair Care، Hair Color، Hair Concerns.,https://alfouadpharmacies.com/en/products/phyto-hair-color-no5-light-brown,AlFouad Pharmacies,Verify usage rights before commercial publication,غير مثبت,غير مثبت,مرجعي فقط — غير معتمد للنشر التجاري,بيانات مرجعية متاحة؛ يلزم تحقق PM,ضمن الفحص المبدئي
10569956360495,phyto-hair-color-no53-light-golden-brown,صبغة شعر فيتو رقم 5.3 بني ذهبي فاتح,AlFouad Pharmacies,العناية بالشعر,العناية بالشعر,1,بسيط,5979,740,222,518,,غير متاح لدى المصدر,https://cdn.shopify.com/s/files/1/0935/9550/0847/files/Phyto-Hair-Color-NO.5.3-Light-Golden-Brown.webp?v=1754297589,منتج صبغة شعر فيتو رقم 5.3 بني ذهبي فاتح من AlFouad Pharmacies. التصنيف المرجعي: العناية بالشعر — بسيط. الوسوم المرجعية: Colored Hair، Hair Care، Hair Color، Hair Concerns.,https://alfouadpharmacies.com/en/products/phyto-hair-color-no53-light-golden-brown,AlFouad Pharmacies,Verify usage rights before commercial publication,غير مثبت,غير مثبت,مرجعي فقط — غير معتمد للنشر التجاري,بيانات مرجعية متاحة؛ يلزم تحقق PM,ضمن الفحص المبدئي
10569957376303,phyto-hair-color-no55-light-mohangany-brown,صبغة شعر فيتو رقم 5.5 بني محمر فاتح,AlFouad Pharmacies,العناية بالشعر,العناية بالشعر,1,بسيط,9535,740,222,518,,غير متاح لدى المصدر,https://cdn.shopify.com/s/files/1/0935/9550/0847/files/Phyto-Hair-Color-NO.5.5-Light-Mohangany-Brown.webp?v=1754297577,منتج صبغة شعر فيتو رقم 5.5 بني محمر فاتح من AlFouad Pharmacies. التصنيف المرجعي: العناية بالشعر — بسيط. الوسوم المرجعية: Colored Hair، Hair Care، Hair Color، Hair Concerns.,https://alfouadpharmacies.com/en/products/phyto-hair-color-no55-light-mohangany-brown,AlFouad Pharmacies,Verify usage rights before commercial publication,غير مثبت,غير مثبت,مرجعي فقط — غير معتمد للنشر التجاري,بيانات مرجعية متاحة؛ يلزم تحقق PM,ضمن الفحص المبدئي
10569956131119,phyto-hair-color-no57-light-chestnut-brown,صبغة شعر فيتو رقم 5.7 بني كستنائي فاتح,AlFouad Pharmacies,العناية بالشعر,العناية بالشعر,1,بسيط,5802,740,222,518,,غير متاح لدى المصدر,https://cdn.shopify.com/s/files/1/0935/9550/0847/files/Phyto-Hair-Color-NO.5.7-Light-Chestnut-Brown.webp?v=1754297593,منتج صبغة شعر فيتو رقم 5.7 بني كستنائي فاتح من AlFouad Pharmacies. التصنيف المرجعي: العناية بالشعر — بسيط. الوسوم المرجعية: Colored Hair، Hair Care، Hair Color، Hair Concerns.,https://alfouadpharmacies.com/en/products/phyto-hair-color-no57-light-chestnut-brown,AlFouad Pharmacies,Verify usage rights before commercial publication,غير مثبت,غير مثبت,مرجعي فقط — غير معتمد للنشر التجاري,بيانات مرجعية متاحة؛ يلزم تحقق PM,ضمن الفحص المبدئي
10569957572911,phyto-hair-color-no6-dark-blond,صبغة شعر فيتو رقم 6 أشقر داكن,AlFouad Pharmacies,العناية بالشعر,العناية بالشعر,1,بسيط,25515,740,222,518,,غير متاح لدى المصدر,https://cdn.shopify.com/s/files/1/0935/9550/0847/files/Phyto-Hair-Color-NO.6-Dark-Blond.webp?v=1754297574,منتج صبغة شعر فيتو رقم 6 أشقر داكن من AlFouad Pharmacies. التصنيف المرجعي: العناية بالشعر — بسيط. الوسوم المرجعية: Colored Hair، Hair Care، Hair Color، Hair Concerns.,https://alfouadpharmacies.com/en/products/phyto-hair-color-no6-dark-blond,AlFouad Pharmacies,Verify usage rights before commercial publication,غير مثبت,غير مثبت,مرجعي فقط — غير معتمد للنشر التجاري,بيانات مرجعية متاحة؛ يلزم تحقق PM,ضمن الفحص المبدئي
10569956458799,phyto-hair-color-no63-dark-golden-blonde,صبغة شعر فيتو رقم 6.3 أشقر ذهبي غامق,AlFouad Pharmacies,العناية بالشعر,العناية بالشعر,1,بسيط,5980,740,222,518,,غير متاح لدى المصدر,https://cdn.shopify.com/s/files/1/0935/9550/0847/files/Phyto-Hair-Color-NO.6.3-Dark-Golden-Blonde.webp?v=1754297588,منتج صبغة شعر فيتو رقم 6.3 أشقر ذهبي غامق من AlFouad Pharmacies. التصنيف المرجعي: العناية بالشعر — بسيط. الوسوم المرجعية: Colored Hair، Hair Care، Hair Color، Hair Concerns.,https://alfouadpharmacies.com/en/products/phyto-hair-color-no63-dark-golden-blonde,AlFouad Pharmacies,Verify usage rights before commercial publication,غير مثبت,غير مثبت,مرجعي فقط — غير معتمد للنشر التجاري,بيانات مرجعية متاحة؛ يلزم تحقق PM,ضمن الفحص المبدئي
10569956655407,phyto-hair-color-no677-light-brown-cappuccino,صبغة شعر فيتو رقم 6.77 بني فاتح كابتشينو,AlFouad Pharmacies,العناية بالشعر,العناية بالشعر,1,بسيط,6029,740,222,518,,غير متاح لدى المصدر,https://cdn.shopify.com/s/files/1/0935/9550/0847/files/Phyto-Hair-Color-NO.6.77-Light-Brown-Cappuccino.webp?v=1754297587,منتج صبغة شعر فيتو رقم 6.77 بني فاتح كابتشينو من AlFouad Pharmacies. التصنيف المرجعي: العناية بالشعر — بسيط. الوسوم المرجعية: Colored Hair، Hair Care، Hair Color، Hair Concerns.,https://alfouadpharmacies.com/en/products/phyto-hair-color-no677-light-brown-cappuccino,AlFouad Pharmacies,Verify usage rights before commercial publication,غير مثبت,غير مثبت,مرجعي فقط — غير معتمد للنشر التجاري,بيانات مرجعية متاحة؛ يلزم تحقق PM,ضمن الفحص المبدئي
10569956917551,phyto-hair-color-no81-light-ash-blonde,صبغة شعر فيتو رقم 8.1 أشقر رمادي فاتح,AlFouad Pharmacies,العناية بالشعر,العناية بالشعر,1,بسيط,9574,740,222,518,,غير متاح لدى المصدر,https://cdn.shopify.com/s/files/1/0935/9550/0847/files/Phyto-Hair-Color-NO.8.1-Light-Ash-Blonde.webp?v=1754297580,منتج صبغة شعر فيتو رقم 8.1 أشقر رمادي فاتح من AlFouad Pharmacies. التصنيف المرجعي: العناية بالشعر — بسيط. الوسوم المرجعية: Colored Hair، Hair Care، Hair Color، Hair Concerns.,https://alfouadpharmacies.com/en/products/phyto-hair-color-no81-light-ash-blonde,AlFouad Pharmacies,Verify usage rights before commercial publication,غير مثبت,غير مثبت,مرجعي فقط — غير معتمد للنشر التجاري,بيانات مرجعية متاحة؛ يلزم تحقق PM,ضمن الفحص المبدئي
10569956720943,phyto-hair-color-no83-light-blonde,صبغة شعر فيتو رقم 8.3 أشقر فاتح,AlFouad Pharmacies,العناية بالشعر,العناية بالشعر,1,بسيط,6040,740,222,518,,غير متاح لدى المصدر,https://cdn.shopify.com/s/files/1/0935/9550/0847/files/Phyto-Hair-Color-NO.8.3-Light-Blonde.webp?v=1754297584,منتج صبغة شعر فيتو رقم 8.3 أشقر فاتح من AlFouad Pharmacies. التصنيف المرجعي: العناية بالشعر — بسيط. الوسوم المرجعية: Colored Hair، Hair Care، Hair Color، Hair Concerns.,https://alfouadpharmacies.com/en/products/phyto-hair-color-no83-light-blonde,AlFouad Pharmacies,Verify usage rights before commercial publication,غير مثبت,غير مثبت,مرجعي فقط — غير معتمد للنشر التجاري,بيانات مرجعية متاحة؛ يلزم تحقق PM,ضمن الفحص المبدئي
10569957245231,phyto-hair-color-no98-light-beige-blonde,صبغة شعر فيتو رقم 9.8 أشقر بيج فاتح,AlFouad Pharmacies,العناية بالشعر,العناية بالشعر,1,بسيط,9578,740,222,518,,غير متاح لدى المصدر,https://cdn.shopify.com/s/files/1/0935/9550/0847/files/Phyto-Hair-Color-NO.9.8-Light-Beige-Blonde.webp?v=1754297578,منتج صبغة شعر فيتو رقم 9.8 أشقر بيج فاتح من AlFouad Pharmacies. التصنيف المرجعي: العناية بالشعر — بسيط. الوسوم المرجعية: Colored Hair، Hair Care، Hair Color، Hair Concerns.,https://alfouadpharmacies.com/en/products/phyto-hair-color-no98-light-beige-blonde,AlFouad Pharmacies,Verify usage rights before commercial publication,غير مثبت,غير مثبت,مرجعي فقط — غير معتمد للنشر التجاري,بيانات مرجعية متاحة؛ يلزم تحقق PM,ضمن الفحص المبدئي
10569892004143,garnier-natural-color-no-210,صبغة غارنييه الطبيعية رقم (2.10),Garnier Color,العناية بالشعر,العناية بالشعر,1,بسيط,92253,165,49.5,115.5,,متاح لدى المصدر,https://cdn.shopify.com/s/files/1/0935/9550/0847/files/Garnier-Natural-Color-No.-2.10.webp?v=1754298248,منتج صبغة غارنييه الطبيعية رقم (2.10) من Garnier Color. التصنيف المرجعي: العناية بالشعر — بسيط. الوسوم المرجعية: Colored Hair، Garnier Color، Hair Care، Hair Color، Hair Concerns.,https://alfouadpharmacies.com/en/products/garnier-natural-color-no-210,AlFouad Pharmacies,Verify usage rights before commercial publication,غير مثبت,غير مثبت,مرجعي فقط — غير معتمد للنشر التجاري,بيانات مرجعية متاحة؛ يلزم تحقق PM,ضمن الفحص المبدئي
10569892102447,garnier-natural-color-no-36,صبغة غارنييه الطبيعية رقم (3.6),Garnier Color,العناية بالشعر,العناية بالشعر,1,بسيط,94510,165,49.5,115.5,,متاح لدى المصدر,https://cdn.shopify.com/s/files/1/0935/9550/0847/files/Garnier-Natural-Color-No.-3.6.webp?v=1754298246,منتج صبغة غارنييه الطبيعية رقم (3.6) من Garnier Color. التصنيف المرجعي: العناية بالشعر — بسيط. الوسوم المرجعية: Colored Hair، Garnier Color، Hair Care، Hair Color، Hair Concerns.,https://alfouadpharmacies.com/en/products/garnier-natural-color-no-36,AlFouad Pharmacies,Verify usage rights before commercial publication,غير مثبت,غير مثبت,مرجعي فقط — غير معتمد للنشر التجاري,بيانات مرجعية متاحة؛ يلزم تحقق PM,ضمن الفحص المبدئي
10569892167983,garnier-natural-color-no361,صبغة غارنييه الطبيعية رقم (3.61),Garnier Color,العناية بالشعر,العناية بالشعر,1,بسيط,85978,165,49.5,115.5,,غير متاح لدى المصدر,https://cdn.shopify.com/s/files/1/0935/9550/0847/files/Garnier-Natural-Color-No.-3.61.webp?v=1754298245,منتج صبغة غارنييه الطبيعية رقم (3.61) من Garnier Color. التصنيف المرجعي: العناية بالشعر — بسيط. الوسوم المرجعية: Colored Hair، Garnier Color، Hair Care، Hair Color، Hair Concerns.,https://alfouadpharmacies.com/en/products/garnier-natural-color-no361,AlFouad Pharmacies,Verify usage rights before commercial publication,غير مثبت,غير مثبت,مرجعي فقط — غير معتمد للنشر التجاري,بيانات مرجعية متاحة؛ يلزم تحقق PM,ضمن الفحص المبدئي
10569892069679,garnier-natural-color-no-3,صبغة غارنييه الطبيعية رقم (3),Garnier Color,العناية بالشعر,العناية بالشعر,1,بسيط,94509,165,49.5,115.5,,متاح لدى المصدر,https://cdn.shopify.com/s/files/1/0935/9550/0847/files/Garnier-Natural-Color-No.-3.webp?v=1754298247,منتج صبغة غارنييه الطبيعية رقم (3) من Garnier Color. التصنيف المرجعي: العناية بالشعر — بسيط. الوسوم المرجعية: Colored Hair، Garnier Color، Hair Care، Hair Color، Hair Concerns.,https://alfouadpharmacies.com/en/products/garnier-natural-color-no-3,AlFouad Pharmacies,Verify usage rights before commercial publication,غير مثبت,غير مثبت,مرجعي فقط — غير معتمد للنشر التجاري,بيانات مرجعية متاحة؛ يلزم تحقق PM,ضمن الفحص المبدئي
10569892299055,garnier-natural-color-no46,صبغة غارنييه الطبيعية رقم (4.6),Garnier Color,العناية بالشعر,العناية بالشعر,1,بسيط,94512,165,49.5,115.5,,متاح لدى المصدر,https://cdn.shopify.com/s/files/1/0935/9550/0847/files/Garnier-Natural-Color-No.-4.6.webp?v=1754298244,منتج صبغة غارنييه الطبيعية رقم (4.6) من Garnier Color. التصنيف المرجعي: العناية بالشعر — بسيط. الوسوم المرجعية: Colored Hair، Garnier Color، Hair Care، Hair Color، Hair Concerns.,https://alfouadpharmacies.com/en/products/garnier-natural-color-no46,AlFouad Pharmacies,Verify usage rights before commercial publication,غير مثبت,غير مثبت,مرجعي فقط — غير معتمد للنشر التجاري,بيانات مرجعية متاحة؛ يلزم تحقق PM,ضمن الفحص المبدئي
10569892233519,garnier-natural-color-no4,صبغة غارنييه الطبيعية رقم (4),Garnier Color,العناية بالشعر,العناية بالشعر,1,بسيط,94511,165,49.5,115.5,,متاح لدى المصدر,https://cdn.shopify.com/s/files/1/0935/9550/0847/files/Garnier-Natural-Color-No.-4.webp?v=1754298245,منتج صبغة غارنييه الطبيعية رقم (4) من Garnier Color. التصنيف المرجعي: العناية بالشعر — بسيط. الوسوم المرجعية: Colored Hair، Garnier Color، Hair Care، Hair Color، Hair Concerns.,https://alfouadpharmacies.com/en/products/garnier-natural-color-no4,AlFouad Pharmacies,Verify usage rights before commercial publication,غير مثبت,غير مثبت,مرجعي فقط — غير معتمد للنشر التجاري,بيانات مرجعية متاحة؛ يلزم تحقق PM,ضمن الفحص المبدئي
10569892397359,garnier-natural-color-no53,صبغة غارنييه الطبيعية رقم (5.3),Garnier Color,العناية بالشعر,العناية بالشعر,1,بسيط,94515,165,49.5,115.5,,متاح لدى المصدر,https://cdn.shopify.com/s/files/1/0935/9550/0847/files/Garnier-Natural-Color-No.-5.3.webp?v=1754298242,منتج صبغة غارنييه الطبيعية رقم (5.3) من Garnier Color. التصنيف المرجعي: العناية بالشعر — بسيط. الوسوم المرجعية: Colored Hair، Garnier Color، Hair Care، Hair Color، Hair Concerns.,https://alfouadpharmacies.com/en/products/garnier-natural-color-no53,AlFouad Pharmacies,Verify usage rights before commercial publication,غير مثبت,غير مثبت,مرجعي فقط — غير معتمد للنشر التجاري,بيانات مرجعية متاحة؛ يلزم تحقق PM,ضمن الفحص المبدئي
10569892331823,garnier-natural-color-no5,صبغة غارنييه الطبيعية رقم (5),Garnier Color,العناية بالشعر,العناية بالشعر,1,بسيط,94513,165,49.5,115.5,,متاح لدى المصدر,https://cdn.shopify.com/s/files/1/0935/9550/0847/files/Garnier-Natural-Color-No.-5.webp?v=1754298243,منتج صبغة غارنييه الطبيعية رقم (5) من Garnier Color. التصنيف المرجعي: العناية بالشعر — بسيط. الوسوم المرجعية: Colored Hair، Garnier Color، Hair Care، Hair Color، Hair Concerns.,https://alfouadpharmacies.com/en/products/garnier-natural-color-no5,AlFouad Pharmacies,Verify usage rights before commercial publication,غير مثبت,غير مثبت,مرجعي فقط — غير معتمد للنشر التجاري,بيانات مرجعية متاحة؛ يلزم تحقق PM,ضمن الفحص المبدئي
10569892462895,garnier-natural-color-no61,صبغة غارنييه الطبيعية رقم (6.1),Garnier Color,العناية بالشعر,العناية بالشعر,1,بسيط,95452,165,49.5,115.5,,متاح لدى المصدر,https://cdn.shopify.com/s/files/1/0935/9550/0847/files/Garnier-Natural-Color-No.-6.1.webp?v=1754298241,منتج صبغة غارنييه الطبيعية رقم (6.1) من Garnier Color. التصنيف المرجعي: العناية بالشعر — بسيط. الوسوم المرجعية: Colored Hair، Garnier Color، Hair Care، Hair Color، Hair Concerns.,https://alfouadpharmacies.com/en/products/garnier-natural-color-no61,AlFouad Pharmacies,Verify usage rights before commercial publication,غير مثبت,غير مثبت,مرجعي فقط — غير معتمد للنشر التجاري,بيانات مرجعية متاحة؛ يلزم تحقق PM,ضمن الفحص المبدئي
10569892495663,garnier-natural-color-no63,صبغة غارنييه الطبيعية رقم (6.3),Garnier Color,العناية بالشعر,العناية بالشعر,1,بسيط,24848,165,49.5,115.5,,متاح لدى المصدر,https://cdn.shopify.com/s/files/1/0935/9550/0847/files/Garnier-Natural-Color-No.-6.3.webp?v=1754298240,منتج صبغة غارنييه الطبيعية رقم (6.3) من Garnier Color. التصنيف المرجعي: العناية بالشعر — بسيط. الوسوم المرجعية: Colored Hair، Garnier Color، Hair Care، Hair Color، Hair Concerns.,https://alfouadpharmacies.com/en/products/garnier-natural-color-no63,AlFouad Pharmacies,Verify usage rights before commercial publication,غير مثبت,غير مثبت,مرجعي فقط — غير معتمد للنشر التجاري,بيانات مرجعية متاحة؛ يلزم تحقق PM,ضمن الفحص المبدئي
10569892561199,garnier-natural-color-no634,صبغة غارنييه الطبيعية رقم (6.34),Garnier Color,العناية بالشعر,العناية بالشعر,1,بسيط,94516,165,49.5,115.5,,متاح لدى المصدر,https://cdn.shopify.com/s/files/1/0935/9550/0847/files/Garnier-Natural-Color-No.-6.34.webp?v=1754298239,منتج صبغة غارنييه الطبيعية رقم (6.34) من Garnier Color. التصنيف المرجعي: العناية بالشعر — بسيط. الوسوم المرجعية: Colored Hair، Garnier Color، Hair Care، Hair Color، Hair Concerns.,https://alfouadpharmacies.com/en/products/garnier-natural-color-no634,AlFouad Pharmacies,Verify usage rights before commercial publication,غير مثبت,غير مثبت,مرجعي فقط — غير معتمد للنشر التجاري,بيانات مرجعية متاحة؛ يلزم تحقق PM,ضمن الفحص المبدئي
10569892725039,garnier-natural-color-no67,صبغة غارنييه الطبيعية رقم (6.7),Garnier Color,العناية بالشعر,العناية بالشعر,1,بسيط,102881,165,49.5,115.5,,متاح لدى المصدر,https://cdn.shopify.com/s/files/1/0935/9550/0847/files/Garnier-Natural-Color-No.-6.7.webp?v=1754298237,منتج صبغة غارنييه الطبيعية رقم (6.7) من Garnier Color. التصنيف المرجعي: العناية بالشعر — بسيط. الوسوم المرجعية: Colored Hair، Garnier Color، Hair Care، Hair Color، Hair Concerns.,https://alfouadpharmacies.com/en/products/garnier-natural-color-no67,AlFouad Pharmacies,Verify usage rights before commercial publication,غير مثبت,غير مثبت,مرجعي فقط — غير معتمد للنشر التجاري,بيانات مرجعية متاحة؛ يلزم تحقق PM,ضمن الفحص المبدئي
10569892430127,garnier-natural-color-no6,صبغة غارنييه الطبيعية رقم (6),Garnier Color,العناية بالشعر,العناية بالشعر,1,بسيط,28835,165,49.5,115.5,,متاح لدى المصدر,https://cdn.shopify.com/s/files/1/0935/9550/0847/files/Garnier-Natural-Color-No.-6.webp?v=1754298242,منتج صبغة غارنييه الطبيعية رقم (6) من Garnier Color. التصنيف المرجعي: العناية بالشعر — بسيط. الوسوم المرجعية: Colored Hair، Garnier Color، Hair Care، Hair Color، Hair Concerns.,https://alfouadpharmacies.com/en/products/garnier-natural-color-no6,AlFouad Pharmacies,Verify usage rights before commercial publication,غير مثبت,غير مثبت,مرجعي فقط — غير معتمد للنشر التجاري,بيانات مرجعية متاحة؛ يلزم تحقق PM,ضمن الفحص المبدئي
10569892823343,garnier-natural-color-no71,صبغة غارنييه الطبيعية رقم (7.1),Garnier Color,العناية بالشعر,العناية بالشعر,1,بسيط,95451,165,49.5,115.5,,متاح لدى المصدر,https://cdn.shopify.com/s/files/1/0935/9550/0847/files/Garnier-Natural-Color-No.-7.1.webp?v=1754298235,منتج صبغة غارنييه الطبيعية رقم (7.1) من Garnier Color. التصنيف المرجعي: العناية بالشعر — بسيط. الوسوم المرجعية: Colored Hair، Garnier Color، Hair Care، Hair Color، Hair Concerns.,https://alfouadpharmacies.com/en/products/garnier-natural-color-no71,AlFouad Pharmacies,Verify usage rights before commercial publication,غير مثبت,غير مثبت,مرجعي فقط — غير معتمد للنشر التجاري,بيانات مرجعية متاحة؛ يلزم تحقق PM,ضمن الفحص المبدئي
10569892856111,garnier-natural-color-no711,صبغة غارنييه الطبيعية رقم (7.11),Garnier Color,العناية بالشعر,العناية بالشعر,1,بسيط,94068,165,49.5,115.5,,متاح لدى المصدر,https://cdn.shopify.com/s/files/1/0935/9550/0847/files/Garnier-Natural-Color-No.-7.11.webp?v=1754298234,منتج صبغة غارنييه الطبيعية رقم (7.11) من Garnier Color. التصنيف المرجعي: العناية بالشعر — بسيط. الوسوم المرجعية: Colored Hair، Garnier Color، Hair Care، Hair Color، Hair Concerns.,https://alfouadpharmacies.com/en/products/garnier-natural-color-no711,AlFouad Pharmacies,Verify usage rights before commercial publication,غير مثبت,غير مثبت,مرجعي فقط — غير معتمد للنشر التجاري,بيانات مرجعية متاحة؛ يلزم تحقق PM,ضمن الفحص المبدئي
10569892888879,garnier-natural-color-no77,صبغة غارنييه الطبيعية رقم (7.7),Garnier Color,العناية بالشعر,العناية بالشعر,1,بسيط,102880,165,49.5,115.5,,متاح لدى المصدر,https://cdn.shopify.com/s/files/1/0935/9550/0847/files/Garnier-Natural-Color-No.-7.7.webp?v=1754298234,منتج صبغة غارنييه الطبيعية رقم (7.7) من Garnier Color. التصنيف المرجعي: العناية بالشعر — بسيط. الوسوم المرجعية: Colored Hair، Garnier Color، Hair Care، Hair Color، Hair Concerns.,https://alfouadpharmacies.com/en/products/garnier-natural-color-no77,AlFouad Pharmacies,Verify usage rights before commercial publication,غير مثبت,غير مثبت,مرجعي فقط — غير معتمد للنشر التجاري,بيانات مرجعية متاحة؛ يلزم تحقق PM,ضمن الفحص المبدئي
10569892757807,garnier-natural-color-no7,صبغة غارنييه الطبيعية رقم (7),Garnier Color,العناية بالشعر,العناية بالشعر,1,بسيط,94517,165,49.5,115.5,,متاح لدى المصدر,https://cdn.shopify.com/s/files/1/0935/9550/0847/files/Garnier-Natural-Color-No.-7.webp?v=1754298237,منتج صبغة غارنييه الطبيعية رقم (7) من Garnier Color. التصنيف المرجعي: العناية بالشعر — بسيط. الوسوم المرجعية: Colored Hair، Garnier Color، Hair Care، Hair Color، Hair Concerns.,https://alfouadpharmacies.com/en/products/garnier-natural-color-no7,AlFouad Pharmacies,Verify usage rights before commercial publication,غير مثبت,غير مثبت,مرجعي فقط — غير معتمد للنشر التجاري,بيانات مرجعية متاحة؛ يلزم تحقق PM,ضمن الفحص المبدئي
10569893183791,garnier-natural-color-no81,صبغة غارنييه الطبيعية رقم (8.1),Garnier Color,العناية بالشعر,العناية بالشعر,1,بسيط,94518,165,49.5,115.5,,متاح لدى المصدر,https://cdn.shopify.com/s/files/1/0935/9550/0847/files/Garnier-Natural-Color-No.-8.1.webp?v=1754298231,منتج صبغة غارنييه الطبيعية رقم (8.1) من Garnier Color. التصنيف المرجعي: العناية بالشعر — بسيط. الوسوم المرجعية: Colored Hair، Garnier Color، Hair Care، Hair Color، Hair Concerns.,https://alfouadpharmacies.com/en/products/garnier-natural-color-no81,AlFouad Pharmacies,Verify usage rights before commercial publication,غير مثبت,غير مثبت,مرجعي فقط — غير معتمد للنشر التجاري,بيانات مرجعية متاحة؛ يلزم تحقق PM,ضمن الفحص المبدئي
10569893314863,garnier-natural-color-no811,صبغة غارنييه الطبيعية رقم (8.11),Garnier Color,العناية بالشعر,العناية بالشعر,1,بسيط,94714,165,49.5,115.5,,متاح لدى المصدر,https://cdn.shopify.com/s/files/1/0935/9550/0847/files/Garnier-Natural-Color-No.-8.11.webp?v=1754298230,منتج صبغة غارنييه الطبيعية رقم (8.11) من Garnier Color. التصنيف المرجعي: العناية بالشعر — بسيط. الوسوم المرجعية: Colored Hair، Garnier Color، Hair Care، Hair Color، Hair Concerns.,https://alfouadpharmacies.com/en/products/garnier-natural-color-no811,AlFouad Pharmacies,Verify usage rights before commercial publication,غير مثبت,غير مثبت,مرجعي فقط — غير معتمد للنشر التجاري,بيانات مرجعية متاحة؛ يلزم تحقق PM,ضمن الفحص المبدئي
10569893052719,garnier-natural-color-no8,صبغة غارنييه الطبيعية رقم (8),Garnier Color,العناية بالشعر,العناية بالشعر,1,بسيط,24495,165,49.5,115.5,,متاح لدى المصدر,https://cdn.shopify.com/s/files/1/0935/9550/0847/files/Garnier-Natural-Color-No.-8.webp?v=1754298232,منتج صبغة غارنييه الطبيعية رقم (8) من Garnier Color. التصنيف المرجعي: العناية بالشعر — بسيط. الوسوم المرجعية: Colored Hair، Garnier Color، Hair Care، Hair Color، Hair Concerns.,https://alfouadpharmacies.com/en/products/garnier-natural-color-no8,AlFouad Pharmacies,Verify usage rights before commercial publication,غير مثبت,غير مثبت,مرجعي فقط — غير معتمد للنشر التجاري,بيانات مرجعية متاحة؛ يلزم تحقق PM,ضمن الفحص المبدئي
10569893380399,garnier-natural-color-no91,صبغة غارنييه الطبيعية رقم (9.1),Garnier Color,العناية بالشعر,العناية بالشعر,1,بسيط,102098,165,49.5,115.5,,متاح لدى المصدر,https://cdn.shopify.com/s/files/1/0935/9550/0847/files/Garnier-Natural-Color-No.-9.1.webp?v=1754298229,منتج صبغة غارنييه الطبيعية رقم (9.1) من Garnier Color. التصنيف المرجعي: العناية بالشعر — بسيط. الوسوم المرجعية: Colored Hair، Garnier Color، Hair Care، Hair Color، Hair Concerns.,https://alfouadpharmacies.com/en/products/garnier-natural-color-no91,AlFouad Pharmacies,Verify usage rights before commercial publication,غير مثبت,غير مثبت,مرجعي فقط — غير معتمد للنشر التجاري,بيانات مرجعية متاحة؛ يلزم تحقق PM,ضمن الفحص المبدئي
10569899704623,loreal-casting-creme-no550-mahogany,صبغة لوريال كاستينغ كريم رقم 550 (خشب الماهوجني),LOREAL COLOR,العناية بالشعر,العناية بالشعر,1,بسيط,97580,495,148.5,346.5,,متاح لدى المصدر,https://cdn.shopify.com/s/files/1/0935/9550/0847/files/Loreal-Casting-Creme-NO.550-Mahogany.webp?v=1754298146,منتج صبغة لوريال كاستينغ كريم رقم 550 (خشب الماهوجني) من LOREAL COLOR. التصنيف المرجعي: العناية بالشعر — بسيط. الوسوم المرجعية: Colored Hair، Hair Care، Hair Color، Hair Concerns.,https://alfouadpharmacies.com/en/products/loreal-casting-creme-no550-mahogany,AlFouad Pharmacies,Verify usage rights before commercial publication,غير مثبت,غير مثبت,مرجعي فقط — غير معتمد للنشر التجاري,بيانات مرجعية متاحة؛ يلزم تحقق PM,ضمن الفحص المبدئي
10569899835695,loreal-casting-creme-no810-pearl-blonde,صبغة لوريال كاستينغ كريم رقم 810 (بلون أشقر لؤلؤي),LOREAL COLOR,العناية بالشعر,العناية بالشعر,1,بسيط,8839,495,148.5,346.5,,متاح لدى المصدر,https://cdn.shopify.com/s/files/1/0935/9550/0847/files/Loreal-Casting-Creme-NO.810-Pearl-Blonde.webp?v=1754298143,منتج صبغة لوريال كاستينغ كريم رقم 810 (بلون أشقر لؤلؤي) من LOREAL COLOR. التصنيف المرجعي: العناية بالشعر — بسيط. الوسوم المرجعية: Colored Hair، Hair Care، Hair Color، Hair Concerns.,https://alfouadpharmacies.com/en/products/loreal-casting-creme-no810-pearl-blonde,AlFouad Pharmacies,Verify usage rights before commercial publication,غير مثبت,غير مثبت,مرجعي فقط — غير معتمد للنشر التجاري,بيانات مرجعية متاحة؛ يلزم تحقق PM,ضمن الفحص المبدئي
10569924509999,sunsilk-shampoo-350ml-instant-repair-20-off,صن سيلك شامبو إنستانت ريبير لإصلاح الشعر 350 مل,SUNSILK,العناية بالشعر,العناية بالشعر,1,بسيط,1535,94,28.2,65.8,107,متاح لدى المصدر,https://cdn.shopify.com/s/files/1/0935/9550/0847/files/Sunsilk-Shampoo-350ML-Instant-Repair-20-Off.webp?v=1754297841,منتج صن سيلك شامبو إنستانت ريبير لإصلاح الشعر 350 مل من SUNSILK. التصنيف المرجعي: العناية بالشعر — بسيط. الوسوم المرجعية: Dry & Damadged Hair، Hair Care، Hair Concerns، Hair Shampoo.,https://alfouadpharmacies.com/en/products/sunsilk-shampoo-350ml-instant-repair-20-off,AlFouad Pharmacies,Verify usage rights before commercial publication,غير مثبت,غير مثبت,مرجعي فقط — غير معتمد للنشر التجاري,بيانات مرجعية متاحة؛ يلزم تحقق PM,ضمن الفحص المبدئي
12689485332783,sunsilk-bye-bye-hair-fall-super-sh-cond-350-170ml-off,صن سيلك شامبو وبلسم العناية بالشعر 350 مل + 170 مل,SUNSILK OFF,العناية بالشعر,العناية بالشعر,1,مجموعة شامبو وبلسم للشعر,113374,270,81,189,380,متاح لدى المصدر,https://cdn.shopify.com/s/files/1/0935/9550/0847/files/Sunsilk_ByeByeHairfall_Set_PureWhite_1615x1615_6e97baae-7347-4910-b858-e8c7ebfe76e3.webp?v=1772280848,منتج صن سيلك شامبو وبلسم العناية بالشعر 350 مل + 170 مل من SUNSILK OFF. التصنيف المرجعي: العناية بالشعر — مجموعة شامبو وبلسم للشعر. الوسوم المرجعية: Bundle، Hair Care، Hair Conditioner، Hair Shampoo.,https://alfouadpharmacies.com/en/products/sunsilk-bye-bye-hair-fall-super-sh-cond-350-170ml-off,AlFouad Pharmacies,Verify usage rights before commercial publication,غير مثبت,غير مثبت,مرجعي فقط — غير معتمد للنشر التجاري,بيانات مرجعية متاحة؛ يلزم تحقق PM,ضمن الفحص المبدئي
12689485300015,sunsilk-moisture-bomb-super-sh-cond-350-170ml,صن سيلك مويستشر بومب سوبر شور آند كوند 350+170 مل,SUNSILK,العناية بالشعر,العناية بالشعر,1,,113375,270,81,189,380,غير متاح لدى المصدر,https://cdn.shopify.com/s/files/1/0935/9550/0847/files/Sunsilk_MoistureBomb_Set_PureWhite_1615x1615_14688bd7-f019-4f72-8e10-230738d44968.webp?v=1772280875,منتج صن سيلك مويستشر بومب سوبر شور آند كوند 350+170 مل من SUNSILK. التصنيف المرجعي: العناية بالشعر. الوسوم المرجعية: Bundle، Hair Care، Hair Conditioner، Hair Shampoo.,https://alfouadpharmacies.com/en/products/sunsilk-moisture-bomb-super-sh-cond-350-170ml,AlFouad Pharmacies,Verify usage rights before commercial publication,غير مثبت,غير مثبت,مرجعي فقط — غير معتمد للنشر التجاري,بيانات مرجعية متاحة؛ يلزم تحقق PM,ضمن الفحص المبدئي
10569959964975,the-hair-addict-temp-tone-pink-glaze-88ml,طلاء الشعر المؤقت باللون الوردي من ذا هير أديكت، سعة 88 مل.,The Hair Addict,العناية بالشعر,العناية بالشعر,1,بسيط,112656,299,89.7,209.3,0,متاح لدى المصدر,https://cdn.shopify.com/s/files/1/0935/9550/0847/files/The-Hair-Addict-Temp-Tone-Pink-Glaze-88ML.webp?v=1754297561,منتج طلاء الشعر المؤقت باللون الوردي من ذا هير أديكت، سعة 88 مل. من The Hair Addict. التصنيف المرجعي: العناية بالشعر — بسيط. الوسوم المرجعية: Colored Hair، Hair Care، Hair Color، Hair Concerns.,https://alfouadpharmacies.com/en/products/the-hair-addict-temp-tone-pink-glaze-88ml,AlFouad Pharmacies,Verify usage rights before commercial publication,غير مثبت,غير مثبت,مرجعي فقط — غير معتمد للنشر التجاري,بيانات مرجعية متاحة؛ يلزم تحقق PM,ضمن الفحص المبدئي
12689439555887,عبوة-إعادة-تعبئة-شامبو-فيشي-ديرك-المضاد-للقشرة-للدهون-390-مل,عبوة إعادة تعبئة شامبو فيشي ديرك المضاد للقشرة للدهون 390 مل,Vichy,العناية بالشعر,العناية بالشعر,1,Anti-dandruff,114858,1270,381,889,,متاح لدى المصدر,https://cdn.shopify.com/s/files/1/0935/9550/0847/files/1_18.webp?v=1780485240,منتج عبوة إعادة تعبئة شامبو فيشي ديرك المضاد للقشرة للدهون 390 مل من Vichy. التصنيف المرجعي: العناية بالشعر — Anti-dandruff. الوسوم المرجعية: 10، Dandruff، Hair Care، Hair Shampoo.,https://alfouadpharmacies.com/en/products/عبوة-إعادة-تعبئة-شامبو-فيشي-ديرك-المضاد-للقشرة-للدهون-390-مل,AlFouad Pharmacies,Verify usage rights before commercial publication,غير مثبت,غير مثبت,مرجعي فقط — غير معتمد للنشر التجاري,بيانات مرجعية متاحة؛ يلزم تحقق PM,ضمن الفحص المبدئي
10569860088111,dove-shampoo-nourishing-oil-400ml-offer,عرض شامبو دوف المغذي بزيت 400 مل,Dove off,العناية بالشعر,العناية بالشعر,1,بسيط,107680,135,40.5,94.5,,متاح لدى المصدر,https://cdn.shopify.com/s/files/1/0935/9550/0847/files/Dove-Shampoo-Nourishing-Oil-400ML-Offer-1.webp?v=1754298339,منتج عرض شامبو دوف المغذي بزيت 400 مل من Dove off. التصنيف المرجعي: العناية بالشعر — بسيط. الوسوم المرجعية: Dry & Damadged Hair، Hair Care، Hair Concerns، Hair Shampoo.,https://alfouadpharmacies.com/en/products/dove-shampoo-nourishing-oil-400ml-offer,AlFouad Pharmacies,Verify usage rights before commercial publication,غير مثبت,غير مثبت,مرجعي فقط — غير معتمد للنشر التجاري,بيانات مرجعية متاحة؛ يلزم تحقق PM,ضمن الفحص المبدئي
10569924411695,sunsilk-shampoo-190ml-instant-repair-offer,عرض شامبو صن سيلك 190 مل إصلاح فوري,SUNSILK OFF,العناية بالشعر,العناية بالشعر,1,بسيط,85790,56,16.8,39.2,,غير متاح لدى المصدر,https://cdn.shopify.com/s/files/1/0935/9550/0847/files/Sunsilk-Shampoo-190ML-Instant-Repair-Ofeer.webp?v=1754297842,منتج عرض شامبو صن سيلك 190 مل إصلاح فوري من SUNSILK OFF. التصنيف المرجعي: العناية بالشعر — بسيط. الوسوم المرجعية: Dry & Damadged Hair، Hair Care، Hair Concerns، Hair Shampoo.,https://alfouadpharmacies.com/en/products/sunsilk-shampoo-190ml-instant-repair-offer,AlFouad Pharmacies,Verify usage rights before commercial publication,غير مثبت,غير مثبت,مرجعي فقط — غير معتمد للنشر التجاري,بيانات مرجعية متاحة؛ يلزم تحقق PM,ضمن الفحص المبدئي
10569850257711,clear-men-sh400ml-hairfall-defense-offer,عرض شامبو كلير للرجال 400 مل، حماية من تساقط الشعر.,Clear off,العناية بالشعر,العناية بالشعر,1,بسيط,110758,145,43.5,101.5,,متاح لدى المصدر,https://cdn.shopify.com/s/files/1/0935/9550/0847/files/Clear-Men-SH.400ML-Hairfall-Defense-Offer.webp?v=1754298435,منتج عرض شامبو كلير للرجال 400 مل، حماية من تساقط الشعر. من Clear off. التصنيف المرجعي: العناية بالشعر — بسيط. الوسوم المرجعية: Dandruff، Hair Care، Hair Concerns، Hair Shampoo.,https://alfouadpharmacies.com/en/products/clear-men-sh400ml-hairfall-defense-offer,AlFouad Pharmacies,Verify usage rights before commercial publication,غير مثبت,غير مثبت,مرجعي فقط — غير معتمد للنشر التجاري,بيانات مرجعية متاحة؛ يلزم تحقق PM,ضمن الفحص المبدئي
10569850159407,clear-men-sh400ml-deep-cleanse-offer,عرض شامبو كلير للرجال SH. 400 مل تنظيف عميق,Clear off,العناية بالشعر,العناية بالشعر,1,بسيط,110757,145,43.5,101.5,,متاح لدى المصدر,https://cdn.shopify.com/s/files/1/0935/9550/0847/files/Clear-Men-SH.400ML-Deep-Cleanse-Ofeer.webp?v=1754298436,منتج عرض شامبو كلير للرجال SH. 400 مل تنظيف عميق من Clear off. التصنيف المرجعي: العناية بالشعر — بسيط. الوسوم المرجعية: Dandruff، Hair Care، Hair Concerns، Hair Shampoo.,https://alfouadpharmacies.com/en/products/clear-men-sh400ml-deep-cleanse-offer,AlFouad Pharmacies,Verify usage rights before commercial publication,غير مثبت,غير مثبت,مرجعي فقط — غير معتمد للنشر التجاري,بيانات مرجعية متاحة؛ يلزم تحقق PM,ضمن الفحص المبدئي
10569849930031,clear-men-sh400ml-cool-sport-mentol-offer,عرض شامبو كلير للرجال، 400 مل، كول سبورت، بالمنثول,Clear off,العناية بالشعر,العناية بالشعر,1,بسيط,110756,145,43.5,101.5,,غير متاح لدى المصدر,https://cdn.shopify.com/s/files/1/0935/9550/0847/files/Clear-Men-SH.400ML-Cool-Sport-Mentol-Offer.webp?v=1754298439,منتج عرض شامبو كلير للرجال، 400 مل، كول سبورت، بالمنثول من Clear off. التصنيف المرجعي: العناية بالشعر — بسيط. الوسوم المرجعية: Dandruff، Hair Care، Hair Concerns، Hair Shampoo.,https://alfouadpharmacies.com/en/products/clear-men-sh400ml-cool-sport-mentol-offer,AlFouad Pharmacies,Verify usage rights before commercial publication,غير مثبت,غير مثبت,مرجعي فقط — غير معتمد للنشر التجاري,بيانات مرجعية متاحة؛ يلزم تحقق PM,ضمن الفحص المبدئي
10569851306287,clear-woman-sh-190ml-soft-shiny-offer,عرض شامبو كلير للسيدات 190 مل، ناعم ولامع.,Clear off,العناية بالشعر,العناية بالشعر,1,بسيط,98514,83,24.9,58.1,,غير متاح لدى المصدر,https://cdn.shopify.com/s/files/1/0935/9550/0847/files/Clear-Woman-Sh-190ML-Soft-Shiny-Offer.webp?v=1754298425,منتج عرض شامبو كلير للسيدات 190 مل، ناعم ولامع. من Clear off. التصنيف المرجعي: العناية بالشعر — بسيط. الوسوم المرجعية: Dandruff، Hair Care، Hair Concerns، Hair Shampoo.,https://alfouadpharmacies.com/en/products/clear-woman-sh-190ml-soft-shiny-offer,AlFouad Pharmacies,Verify usage rights before commercial publication,غير مثبت,غير مثبت,مرجعي فقط — غير معتمد للنشر التجاري,بيانات مرجعية متاحة؛ يلزم تحقق PM,ضمن الفحص المبدئي
10569726198063,avrelle-vanilla-sugar-hair-perfume-100ml,عطر أفريل للشعر برائحة الفانيليا والسكر 100 مل,Avrelle,العناية بالشعر,العناية بالشعر,1,بسيط,2999,290,87,203,0,متاح لدى المصدر,https://cdn.shopify.com/s/files/1/0935/9550/0847/files/Avrelle-Vanilla-Sugar-Hair-Perfume-100ml.webp?v=1754299134,منتج عطر أفريل للشعر برائحة الفانيليا والسكر 100 مل من Avrelle. التصنيف المرجعي: العناية بالشعر — بسيط. الوسوم المرجعية: Hair Care، Hair Concerns، Hair Perfum، Hair Refresh.,https://alfouadpharmacies.com/en/products/avrelle-vanilla-sugar-hair-perfume-100ml,AlFouad Pharmacies,Verify usage rights before commercial publication,غير مثبت,غير مثبت,مرجعي فقط — غير معتمد للنشر التجاري,بيانات مرجعية متاحة؛ يلزم تحقق PM,ضمن الفحص المبدئي
10569726394671,avrelle-rose-lavander-hair-perfume-100ml,عطر الشعر افريل روز ولافندر 100 مل,Avrelle,العناية بالشعر,العناية بالشعر,1,بسيط,3034,290,87,203,0,متاح لدى المصدر,https://cdn.shopify.com/s/files/1/0935/9550/0847/files/Avrelle-Rose-Lavander-Hair-Perfume-100ml.webp?v=1754299131,منتج عطر الشعر افريل روز ولافندر 100 مل من Avrelle. التصنيف المرجعي: العناية بالشعر — بسيط. الوسوم المرجعية: Hair Care، Hair Concerns، Hair Perfum، Hair Refresh.,https://alfouadpharmacies.com/en/products/avrelle-rose-lavander-hair-perfume-100ml,AlFouad Pharmacies,Verify usage rights before commercial publication,غير مثبت,غير مثبت,مرجعي فقط — غير معتمد للنشر التجاري,بيانات مرجعية متاحة؛ يلزم تحقق PM,ضمن الفحص المبدئي
12689541103919,chi-enviro-smoothing-protein-treatment-355ml,علاج بروتيني لتنعيم البشرة من تشي إنفيرو 355 مل,chi,العناية بالشعر,العناية بالشعر,1,,103409,4795,1438.5,3356.5,,متاح لدى المصدر,https://cdn.shopify.com/s/files/1/0935/9550/0847/files/chi_enviro.webp?v=1776594831,منتج علاج بروتيني لتنعيم البشرة من تشي إنفيرو 355 مل من chi. التصنيف المرجعي: العناية بالشعر. الوسوم المرجعية: Dry & Damadged Hair، Hair Care، Hair Treatment.,https://alfouadpharmacies.com/en/products/chi-enviro-smoothing-protein-treatment-355ml,AlFouad Pharmacies,Verify usage rights before commercial publication,غير مثبت,غير مثبت,مرجعي فقط — غير معتمد للنشر التجاري,بيانات مرجعية متاحة؛ يلزم تحقق PM,ضمن الفحص المبدئي
12689578295599,garnier-natural-color-no-2,غارنييه لون طبيعي رقم (1) ,Garnier Color,العناية بالشعر,العناية بالشعر,1,,31795,165,49.5,115.5,,متاح لدى المصدر,https://cdn.shopify.com/s/files/1/0935/9550/0847/files/Garnier_ColorNaturals_V2_Web_1615x1615_eebda4f4-626a-4eec-be0d-116a6f9b8d03.webp?v=1771918867,منتج غارنييه لون طبيعي رقم (1)  من Garnier Color. التصنيف المرجعي: العناية بالشعر. الوسوم المرجعية: Colored Hair، Garnier Color، Hair Care، Hair Color، Hair Concerns.,https://alfouadpharmacies.com/en/products/garnier-natural-color-no-2,AlFouad Pharmacies,Verify usage rights before commercial publication,غير مثبت,غير مثبت,مرجعي فقط — غير معتمد للنشر التجاري,بيانات مرجعية متاحة؛ يلزم تحقق PM,ضمن الفحص المبدئي
10592569819439,garnier-natural-color-no-1,غارنييه لون طبيعي رقم (1+),Garnier Color,العناية بالشعر,العناية بالشعر,1,,24826,165,49.5,115.5,,غير متاح لدى المصدر,https://cdn.shopify.com/s/files/1/0935/9550/0847/files/Garnier_ColorNaturals_1Plus_Web_1615x1615_112c47cc-f1b3-4261-bbbe-0befc0192aa9.webp?v=1771919205,منتج غارنييه لون طبيعي رقم (1+) من Garnier Color. التصنيف المرجعي: العناية بالشعر. الوسوم المرجعية: Colored Hair، Garnier Color، Hair Care، Hair Color، Hair Concerns.,https://alfouadpharmacies.com/en/products/garnier-natural-color-no-1,AlFouad Pharmacies,Verify usage rights before commercial publication,غير مثبت,غير مثبت,مرجعي فقط — غير معتمد للنشر التجاري,بيانات مرجعية متاحة؛ يلزم تحقق PM,ضمن الفحص المبدئي
10569829613871,global-keratin-silver-bombshell-sham-280ml,غطاء وسادة جلوبال كيراتين سيلفر بومبشيل 280 مل,GK,العناية بالشعر,العناية بالشعر,1,بسيط,110052,1059,317.7,741.3,0,متاح لدى المصدر,https://cdn.shopify.com/s/files/1/0935/9550/0847/files/Global-Keratin-Silver-Bombshell-Sham-280ML.webp?v=1754298598,منتج غطاء وسادة جلوبال كيراتين سيلفر بومبشيل 280 مل من GK. التصنيف المرجعي: العناية بالشعر — بسيط. الوسوم المرجعية: Anti-Frizz، Colored Hair، Dry & Damadged Hair، GK، Hair Care، Hair Color، Hair Concerns، Hair Shampoo.,https://alfouadpharmacies.com/en/products/global-keratin-silver-bombshell-sham-280ml,AlFouad Pharmacies,Verify usage rights before commercial publication,غير مثبت,غير مثبت,مرجعي فقط — غير معتمد للنشر التجاري,بيانات مرجعية متاحة؛ يلزم تحقق PM,ضمن الفحص المبدئي
10569864741167,fash-kool-500ml-coconut,فاش كول 500 مل جوز الهند,AlFouad Pharmacies,العناية بالشعر,العناية بالشعر,1,بسيط,33099,230,69,161,,متاح لدى المصدر,https://cdn.shopify.com/s/files/1/0935/9550/0847/files/Fash-Kool-500ML-Coconut-_D8_AC_D9_88_D8_B2-_D8_A7_D9_84_D9_87_D9_86_D8_AF.webp?v=1754298299,منتج فاش كول 500 مل جوز الهند من AlFouad Pharmacies. التصنيف المرجعي: العناية بالشعر — بسيط. الوسوم المرجعية: Hair Care، Hair Mask.,https://alfouadpharmacies.com/en/products/fash-kool-500ml-coconut,AlFouad Pharmacies,Verify usage rights before commercial publication,غير مثبت,غير مثبت,مرجعي فقط — غير معتمد للنشر التجاري,بيانات مرجعية متاحة؛ يلزم تحقق PM,ضمن الفحص المبدئي
10569864773935,fash-kool-500ml-fruit,فاش كول 500 مل فاكهة,AlFouad Pharmacies,العناية بالشعر,العناية بالشعر,1,بسيط,83063,230,69,161,,متاح لدى المصدر,https://cdn.shopify.com/s/files/1/0935/9550/0847/files/Fash-Kool-500ML-Fruit.webp?v=1754298298,منتج فاش كول 500 مل فاكهة من AlFouad Pharmacies. التصنيف المرجعي: العناية بالشعر — بسيط. الوسوم المرجعية: Hair Care، Hair Mask.,https://alfouadpharmacies.com/en/products/fash-kool-500ml-fruit,AlFouad Pharmacies,Verify usage rights before commercial publication,غير مثبت,غير مثبت,مرجعي فقط — غير معتمد للنشر التجاري,بيانات مرجعية متاحة؛ يلزم تحقق PM,ضمن الفحص المبدئي
10569732686127,the-hair-addict-gro-brush,فرشاة Hair Addict Gro,The Hair Addict,العناية بالشعر,العناية بالشعر,1,بسيط,24356,340,102,238,0,غير متاح لدى المصدر,https://cdn.shopify.com/s/files/1/0935/9550/0847/files/The-Hair-Addict-Gro-Brush.webp?v=1754299028,منتج فرشاة Hair Addict Gro من The Hair Addict. التصنيف المرجعي: العناية بالشعر — بسيط. الوسوم المرجعية: Anti-Frizz، Hair Care، Hair Concerns.,https://alfouadpharmacies.com/en/products/the-hair-addict-gro-brush,AlFouad Pharmacies,Verify usage rights before commercial publication,غير مثبت,غير مثبت,مرجعي فقط — غير معتمد للنشر التجاري,بيانات مرجعية متاحة؛ يلزم تحقق PM,ضمن الفحص المبدئي
12722244092207,فيشي-ديركوس-أمينكسيل-أمبولات-العناية-بالشعر-للسيدات-21-أمبول,فيشي ديركوس أمينكسيل أمبولات العناية بالشعر للسيدات – 21 أمبول,Vichy,العناية بالشعر,العناية بالشعر,1,أمبولات العناية بالشعر,110152,2660,798,1862,,متاح لدى المصدر,https://cdn.shopify.com/s/files/1/0935/9550/0847/files/6_2.webp?v=1785240041,منتج فيشي ديركوس أمينكسيل أمبولات العناية بالشعر للسيدات – 21 أمبول من Vichy. التصنيف المرجعي: العناية بالشعر — أمبولات العناية بالشعر. الوسوم المرجعية: Hair Care، Hair Defining & Volume، Hair Growth، Hair Loss، Hair Treatment.,https://alfouadpharmacies.com/en/products/فيشي-ديركوس-أمينكسيل-أمبولات-العناية-بالشعر-للسيدات-21-أمبول,AlFouad Pharmacies,Verify usage rights before commercial publication,غير مثبت,غير مثبت,مرجعي فقط — غير معتمد للنشر التجاري,بيانات مرجعية متاحة؛ يلزم تحقق PM,ضمن الفحص المبدئي
12708894802223,فيشي-ديركوس-دنسي-سولوشنز-بلسم-مكثّف-للشعر-200-مل,فيشي ديركوس دنسي سولوشنز بلسم مكثّف للشعر 200 مل,Vichy,العناية بالشعر,العناية بالشعر,1,بلسم للشعر ,80446,880,264,616,,متاح لدى المصدر,https://cdn.shopify.com/s/files/1/0935/9550/0847/files/1_19.webp?v=1780485974,منتج فيشي ديركوس دنسي سولوشنز بلسم مكثّف للشعر 200 مل من Vichy. التصنيف المرجعي: العناية بالشعر — بلسم للشعر . الوسوم المرجعية: 10، Dry & Damage Hair، Hair Care، Hair Conditioner، Hair Defining & Volume، Hair Loss.,https://alfouadpharmacies.com/en/products/فيشي-ديركوس-دنسي-سولوشنز-بلسم-مكثّف-للشعر-200-مل,AlFouad Pharmacies,Verify usage rights before commercial publication,غير مثبت,غير مثبت,مرجعي فقط — غير معتمد للنشر التجاري,بيانات مرجعية متاحة؛ يلزم تحقق PM,ضمن الفحص المبدئي
12708979343663,فيشي-ديركوس-دنسي-سولوشنز-شامبو-لتكثيف-الشعر-250-مل,فيشي ديركوس دنسي سولوشنز شامبو لتساقط الشعر 250 مل,Vichy,العناية بالشعر,العناية بالشعر,1,Hair Care > Shampoos,109168,880,264,616,,متاح لدى المصدر,https://cdn.shopify.com/s/files/1/0935/9550/0847/files/1_9.webp?v=1780477377,منتج فيشي ديركوس دنسي سولوشنز شامبو لتساقط الشعر 250 مل من Vichy. التصنيف المرجعي: العناية بالشعر — Hair Care > Shampoos. الوسوم المرجعية: 10، Hair Care، Hair Growth، Hair Loss، Hair Shampoo.,https://alfouadpharmacies.com/en/products/فيشي-ديركوس-دنسي-سولوشنز-شامبو-لتكثيف-الشعر-250-مل,AlFouad Pharmacies,Verify usage rights before commercial publication,غير مثبت,غير مثبت,مرجعي فقط — غير معتمد للنشر التجاري,بيانات مرجعية متاحة؛ يلزم تحقق PM,ضمن الفحص المبدئي
10569726099759,avrelle-keratin-collagen-deep-repair-mask-500ml,قناع أفريل كيراتين وكولاجين لإصلاح عميق 500 مل,Avrelle,العناية بالشعر,العناية بالشعر,1,بسيط,1807,500,150,350,0,متاح لدى المصدر,https://cdn.shopify.com/s/files/1/0935/9550/0847/files/Avrelle-Keratin-Collagen-Deep-Repair-Mask-500ml.webp?v=1754299136,منتج قناع أفريل كيراتين وكولاجين لإصلاح عميق 500 مل من Avrelle. التصنيف المرجعي: العناية بالشعر — بسيط. الوسوم المرجعية: Colored Hair، Deep Repair، Hair Care، Hair Concerns، Hair Mask.,https://alfouadpharmacies.com/en/products/avrelle-keratin-collagen-deep-repair-mask-500ml,AlFouad Pharmacies,Verify usage rights before commercial publication,غير مثبت,غير مثبت,مرجعي فقط — غير معتمد للنشر التجاري,بيانات مرجعية متاحة؛ يلزم تحقق PM,ضمن الفحص المبدئي
10569726525743,avrelle-vitamin-e-biotin-deep-repair-mask-500ml,قناع أفريل لإصلاح البشرة بعمق، غني بفيتامين E والبيوتين، 500 مل,Avrelle,العناية بالشعر,العناية بالشعر,1,بسيط,1788,500,150,350,0,متاح لدى المصدر,https://cdn.shopify.com/s/files/1/0935/9550/0847/files/Avrelle-Vitamin-E-Biotin-Deep-Repair-Mask-500ml.webp?v=1754299128,منتج قناع أفريل لإصلاح البشرة بعمق، غني بفيتامين E والبيوتين، 500 مل من Avrelle. التصنيف المرجعي: العناية بالشعر — بسيط. الوسوم المرجعية: Deep Repair، Hair Care، Hair Concerns، Hair Mask.,https://alfouadpharmacies.com/en/products/avrelle-vitamin-e-biotin-deep-repair-mask-500ml,AlFouad Pharmacies,Verify usage rights before commercial publication,غير مثبت,غير مثبت,مرجعي فقط — غير معتمد للنشر التجاري,بيانات مرجعية متاحة؛ يلزم تحقق PM,ضمن الفحص المبدئي
10569830400303,olaplex-no8-moisture-mask-100ml,قناع أولابليكس رقم 8 المرطب 100 مل ,OLAPLEX,العناية بالشعر,العناية بالشعر,1,بسيط,95686,2250,675,1575,0,غير متاح لدى المصدر,https://cdn.shopify.com/s/files/1/0935/9550/0847/files/Olaplex-NO.8-Moisture-Mask-100ML.webp?v=1754298592,منتج قناع أولابليكس رقم 8 المرطب 100 مل  من OLAPLEX. التصنيف المرجعي: العناية بالشعر — بسيط. الوسوم المرجعية: Deep Repair، Dry & Damadged Hair، Hair Care، Hair Concerns، Hair Mask.,https://alfouadpharmacies.com/en/products/olaplex-no8-moisture-mask-100ml,AlFouad Pharmacies,Verify usage rights before commercial publication,غير مثبت,غير مثبت,مرجعي فقط — غير معتمد للنشر التجاري,بيانات مرجعية متاحة؛ يلزم تحقق PM,ضمن الفحص المبدئي
10569727672623,eva-keratin-mask-200ml-all-hair,قناع إيفا بالكيراتين 200 مل لجميع أنواع الشعر,AlFouad Pharmacies,العناية بالشعر,العناية بالشعر,1,بسيط,102875,175,52.5,122.5,,متاح لدى المصدر,https://cdn.shopify.com/s/files/1/0935/9550/0847/files/Eva-Keratin-Mask-200ml-All-Hair.webp?v=1754299108,منتج قناع إيفا بالكيراتين 200 مل لجميع أنواع الشعر من AlFouad Pharmacies. التصنيف المرجعي: العناية بالشعر — بسيط. الوسوم المرجعية: Dry & Damadged Hair، Hair Care، Hair Concerns، Hair Mask.,https://alfouadpharmacies.com/en/products/eva-keratin-mask-200ml-all-hair,AlFouad Pharmacies,Verify usage rights before commercial publication,غير مثبت,غير مثبت,مرجعي فقط — غير معتمد للنشر التجاري,بيانات مرجعية متاحة؛ يلزم تحقق PM,ضمن الفحص المبدئي
12689768153391,eva-gold-argan-mask-200ml,قناع إيفا جولد بالأرغان 200 مل,AlFouad Pharmacies,العناية بالشعر,العناية بالشعر,1,بسيط,103566,200,60,140,,متاح لدى المصدر,https://cdn.shopify.com/s/files/1/0935/9550/0847/files/Eva-Gold-Argan-Mask-200ml_03c0f676-e066-4de5-ae63-41f081a2bed6.webp?v=1771448515,منتج قناع إيفا جولد بالأرغان 200 مل من AlFouad Pharmacies. التصنيف المرجعي: العناية بالشعر — بسيط. الوسوم المرجعية: Dry & Damadged Hair، Hair Care، Hair Concerns، Hair Mask.,https://alfouadpharmacies.com/en/products/eva-gold-argan-mask-200ml,AlFouad Pharmacies,Verify usage rights before commercial publication,غير مثبت,غير مثبت,مرجعي فقط — غير معتمد للنشر التجاري,بيانات مرجعية متاحة؛ يلزم تحقق PM,ضمن الفحص المبدئي
10569727967535,eva-hair-clinic-curls-mask-200ml,قناع إيفا هير كلينيك لتجعيد الشعر 200 مل,AlFouad Pharmacies,العناية بالشعر,العناية بالشعر,1,بسيط,21491,180,54,126,,متاح لدى المصدر,https://cdn.shopify.com/s/files/1/0935/9550/0847/files/Eva-Hair-Clinic-Curls-Mask-200ml_9989fe3e-3dc4-4a86-a9ed-33e5ddfe09ec.webp?v=1771448505,منتج قناع إيفا هير كلينيك لتجعيد الشعر 200 مل من AlFouad Pharmacies. التصنيف المرجعي: العناية بالشعر — بسيط. الوسوم المرجعية: Anti-Frizz، Curly Hair، Curly Hair Mask، Hair Care، Hair Concerns.,https://alfouadpharmacies.com/en/products/eva-hair-clinic-curls-mask-200ml,AlFouad Pharmacies,Verify usage rights before commercial publication,غير مثبت,غير مثبت,مرجعي فقط — غير معتمد للنشر التجاري,بيانات مرجعية متاحة؛ يلزم تحقق PM,ضمن الفحص المبدئي
10569725608239,alejon-hair-mask-200ml,قناع الشعر أليخون 200 مل,ALEJON,العناية بالشعر,العناية بالشعر,1,بسيط,93515,320,96,224,,متاح لدى المصدر,https://cdn.shopify.com/s/files/1/0935/9550/0847/files/Alejon-Hair-Mask-200ml.webp?v=1754299144,منتج قناع الشعر أليخون 200 مل من ALEJON. التصنيف المرجعي: العناية بالشعر — بسيط. الوسوم المرجعية: Dry & Damadged Hair، Hair Care، Hair Concerns، Hair Mask.,https://alfouadpharmacies.com/en/products/alejon-hair-mask-200ml,AlFouad Pharmacies,Verify usage rights before commercial publication,غير مثبت,غير مثبت,مرجعي فقط — غير معتمد للنشر التجاري,بيانات مرجعية متاحة؛ يلزم تحقق PM,ضمن الفحص المبدئي
10569733701935,anivagene-hair-mask-125ml,قناع الشعر أنيفاجين 125 مل,Anivagene,العناية بالشعر,العناية بالشعر,1,بسيط,111109,719,215.7,503.3,,متاح لدى المصدر,https://cdn.shopify.com/s/files/1/0935/9550/0847/files/Anivagene-Hair-Mask-125ML.webp?v=1754299008,منتج قناع الشعر أنيفاجين 125 مل من Anivagene. التصنيف المرجعي: العناية بالشعر — بسيط. الوسوم المرجعية: Dry & Damadged Hair، Hair Care، Hair Concerns، Hair Mask.,https://alfouadpharmacies.com/en/products/anivagene-hair-mask-125ml,AlFouad Pharmacies,Verify usage rights before commercial publication,غير مثبت,غير مثبت,مرجعي فقط — غير معتمد للنشر التجاري,بيانات مرجعية متاحة؛ يلزم تحقق PM,ضمن الفحص المبدئي
10569729540399,infinity-naturals-hair-mask-330gm,قناع الشعر إنفينيتي ناتشورالز 330 جرام,AlFouad Pharmacies,العناية بالشعر,العناية بالشعر,1,بسيط,,320,96,224,,غير متاح لدى المصدر,https://cdn.shopify.com/s/files/1/0935/9550/0847/files/Infinity-Naturals-Hair-Mask-330gm.webp?v=1754299075,منتج قناع الشعر إنفينيتي ناتشورالز 330 جرام من AlFouad Pharmacies. التصنيف المرجعي: العناية بالشعر — بسيط. الوسوم المرجعية: Dry & Damadged Hair، Hair Care، Hair Concerns، Hair Mask.,https://alfouadpharmacies.com/en/products/infinity-naturals-hair-mask-330gm,AlFouad Pharmacies,Verify usage rights before commercial publication,غير مثبت,غير مثبت,مرجعي فقط — غير معتمد للنشر التجاري,بيانات مرجعية متاحة؛ يلزم تحقق PM,ضمن الفحص المبدئي
10569958850863,nebula-xyl-hair-complex-mask-250ml,قناع الشعر المركب نيبولا - Xyl 250 مل,Nebula,العناية بالشعر,العناية بالشعر,1,بسيط,105347,339,101.7,237.3,,غير متاح لدى المصدر,https://cdn.shopify.com/s/files/1/0935/9550/0847/files/Nebula-Xyl-Hair-Complex-Mask-250ML.webp?v=1754297568,منتج قناع الشعر المركب نيبولا - Xyl 250 مل من Nebula. التصنيف المرجعي: العناية بالشعر — بسيط. الوسوم المرجعية: Deep Repair، Dry & Damadged Hair، Hair Care، Hair Concerns، Hair Mask.,https://alfouadpharmacies.com/en/products/nebula-xyl-hair-complex-mask-250ml,AlFouad Pharmacies,Verify usage rights before commercial publication,غير مثبت,غير مثبت,مرجعي فقط — غير معتمد للنشر التجاري,بيانات مرجعية متاحة؛ يلزم تحقق PM,ضمن الفحص المبدئي
10569742909743,hair-burst-mask-avocadoampcoconut-220ml,قناع الشعر المغذي بزيت الأفوكادو وجوز الهند 220 مل,AlFouad Pharmacies,العناية بالشعر,العناية بالشعر,1,بسيط,,1200,360,840,,غير متاح لدى المصدر,https://cdn.shopify.com/s/files/1/0935/9550/0847/files/Hair-Burst-Mask-AvocadoCoconut-220ML.webp?v=1754298892,منتج قناع الشعر المغذي بزيت الأفوكادو وجوز الهند 220 مل من AlFouad Pharmacies. التصنيف المرجعي: العناية بالشعر — بسيط. الوسوم المرجعية: Deep Repair، Dry & Damadged Hair، Hair Care، Hair Concerns، Hair Mask.,https://alfouadpharmacies.com/en/products/hair-burst-mask-avocadoampcoconut-220ml,AlFouad Pharmacies,Verify usage rights before commercial publication,غير مثبت,غير مثبت,مرجعي فقط — غير معتمد للنشر التجاري,بيانات مرجعية متاحة؛ يلزم تحقق PM,ضمن الفحص المبدئي
10569861988655,every-strand-argan-hair-mask-425ml,قناع الشعر بالأرغان إيفري ستراند 425 مل,AlFouad Pharmacies,العناية بالشعر,العناية بالشعر,1,بسيط,104239,724.9,217.47,507.43,,متاح لدى المصدر,https://cdn.shopify.com/s/files/1/0935/9550/0847/files/Every-Strand-Argan-Hair-Mask-425-ml.webp?v=1754298322,منتج قناع الشعر بالأرغان إيفري ستراند 425 مل من AlFouad Pharmacies. التصنيف المرجعي: العناية بالشعر — بسيط. الوسوم المرجعية: Deep Repair، Hair Care، Hair Concerns، Hair Mask.,https://alfouadpharmacies.com/en/products/every-strand-argan-hair-mask-425ml,AlFouad Pharmacies,Verify usage rights before commercial publication,غير مثبت,غير مثبت,مرجعي فقط — غير معتمد للنشر التجاري,بيانات مرجعية متاحة؛ يلزم تحقق PM,ضمن الفحص المبدئي
16117947892015,قناع-الشعر-بالكولاجين-من-كارسيل,"قناع الشعر بالكولاجين من كارسيل
",korean product,العناية بالشعر,العناية بالشعر | الجمال الكوري,2,ماسك,113946,990,297,693,,متاح لدى المصدر,https://cdn.shopify.com/s/files/1/0935/9550/0847/files/karseell-collagen-hair-mask-6.webp?v=1786186442,"منتج قناع الشعر بالكولاجين من كارسيل
 من korean product. التصنيف المرجعي: العناية بالشعر — ماسك. الوسوم المرجعية: Hair Care، Hair Concerns، Hair Mask.",https://alfouadpharmacies.com/en/products/قناع-الشعر-بالكولاجين-من-كارسيل,AlFouad Pharmacies,Verify usage rights before commercial publication,غير مثبت,غير مثبت,مرجعي فقط — غير معتمد للنشر التجاري,بيانات مرجعية متاحة؛ يلزم تحقق PM,ضمن الفحص المبدئي
12689768481071,clary-hair-mask-for-dry-damaged-hair-300ml,قناع الشعر بالمريمية للشعر الجاف والتالف - 300 مل,Clear,العناية بالشعر,العناية بالشعر,1,ماسك للشعر ,86920,380,114,266,,متاح لدى المصدر,https://cdn.shopify.com/s/files/1/0935/9550/0847/files/1_5_0c89304c-8494-4dce-9bae-cd1ffd3f0c36.webp?v=1781947775,منتج قناع الشعر بالمريمية للشعر الجاف والتالف - 300 مل من Clear. التصنيف المرجعي: العناية بالشعر — ماسك للشعر . الوسوم المرجعية: clary، Dry & Damadged Hair، Hair Care، Hair Concerns، Hair Mask، Parkville.,https://alfouadpharmacies.com/en/products/clary-hair-mask-for-dry-damaged-hair-300ml,AlFouad Pharmacies,Verify usage rights before commercial publication,غير مثبت,غير مثبت,مرجعي فقط — غير معتمد للنشر التجاري,بيانات مرجعية متاحة؛ يلزم تحقق PM,ضمن الفحص المبدئي
10569726034223,avrelle-olive-rocca-oil-hair-mask-500ml,قناع الشعر بزيت الزيتون وزيت الجرجير من أفريل، 500 مل,Avrelle,العناية بالشعر,العناية بالشعر,1,بسيط,5427,500,150,350,0,متاح لدى المصدر,https://cdn.shopify.com/s/files/1/0935/9550/0847/files/Avrelle-Olive-Rocca-Oil-Hair-Mask-500ML.webp?v=1754299137,منتج قناع الشعر بزيت الزيتون وزيت الجرجير من أفريل، 500 مل من Avrelle. التصنيف المرجعي: العناية بالشعر — بسيط. الوسوم المرجعية: Hair Care، Hair Concerns، Hair Mask، Weak & Thin.,https://alfouadpharmacies.com/en/products/avrelle-olive-rocca-oil-hair-mask-500ml,AlFouad Pharmacies,Verify usage rights before commercial publication,غير مثبت,غير مثبت,مرجعي فقط — غير معتمد للنشر التجاري,بيانات مرجعية متاحة؛ يلزم تحقق PM,ضمن الفحص المبدئي
12689565352239,twist-go-hair-mask-250g,قناع الشعر تويست آند جو 250 غرام,TWIST&GO,العناية بالشعر,العناية بالشعر,1,,21437,450,135,315,,متاح لدى المصدر,https://cdn.shopify.com/s/files/1/0935/9550/0847/files/Twist_Go_Hair_Mask_250gm_ECOM.webp?v=1771925256,منتج قناع الشعر تويست آند جو 250 غرام من TWIST&GO. التصنيف المرجعي: العناية بالشعر. الوسوم المرجعية: Dry & Damadged Hair، Dry & Damage Hair، Hair Care، Hair Mask.,https://alfouadpharmacies.com/en/products/twist-go-hair-mask-250g,AlFouad Pharmacies,Verify usage rights before commercial publication,غير مثبت,غير مثبت,مرجعي فقط — غير معتمد للنشر التجاري,بيانات مرجعية متاحة؛ يلزم تحقق PM,ضمن الفحص المبدئي
12689757634863,seropipe-hair-mask-300ml,قناع الشعر سيروبايت 300 مل,Seropipe,العناية بالشعر,العناية بالشعر,1,بسيط,103542,320,96,224,,متاح لدى المصدر,https://cdn.shopify.com/s/files/1/0935/9550/0847/files/seropipe_hair_mask_1615x1615_white_bg.webp?v=1771755278,منتج قناع الشعر سيروبايت 300 مل من Seropipe. التصنيف المرجعي: العناية بالشعر — بسيط. الوسوم المرجعية: Dry & Damadged Hair، Hair Care، Hair Concerns، Hair Mask، seropipe.,https://alfouadpharmacies.com/en/products/seropipe-hair-mask-300ml,AlFouad Pharmacies,Verify usage rights before commercial publication,غير مثبت,غير مثبت,مرجعي فقط — غير معتمد للنشر التجاري,بيانات مرجعية متاحة؛ يلزم تحقق PM,ضمن الفحص المبدئي
10569933029679,vatika-hair-mask-500ml-argan,قناع الشعر فاتيكا 500 مل، بزيت الأرغان,AlFouad Pharmacies,العناية بالشعر,العناية بالشعر,1,بسيط,11210,95,28.5,66.5,,متاح لدى المصدر,https://cdn.shopify.com/s/files/1/0935/9550/0847/files/Vatika-Hair-Mask-500-ml-Argan.webp?v=1754297776,منتج قناع الشعر فاتيكا 500 مل، بزيت الأرغان من AlFouad Pharmacies. التصنيف المرجعي: العناية بالشعر — بسيط. الوسوم المرجعية: Hair Care، Hair Mask.,https://alfouadpharmacies.com/en/products/vatika-hair-mask-500ml-argan,AlFouad Pharmacies,Verify usage rights before commercial publication,غير مثبت,غير مثبت,مرجعي فقط — غير معتمد للنشر التجاري,بيانات مرجعية متاحة؛ يلزم تحقق PM,ضمن الفحص المبدئي
10569933390127,vatika-hair-mask-500ml,قناع الشعر فاتيكا 500 مل، يحتوي على جنين القمح.,AlFouad Pharmacies,العناية بالشعر,العناية بالشعر,1,بسيط,0,77.5,23.25,54.25,,غير متاح لدى المصدر,https://cdn.shopify.com/s/files/1/0935/9550/0847/files/Vatika-Hair-Mask-500-ml-_D8_AC_D9_86_D9_8A_D9_86-_D8_A7_D9_84_D9_82_D9_85_D8_AD.webp?v=1754297772,منتج قناع الشعر فاتيكا 500 مل، يحتوي على جنين القمح. من AlFouad Pharmacies. التصنيف المرجعي: العناية بالشعر — بسيط. الوسوم المرجعية: Hair Care، Hair Mask.,https://alfouadpharmacies.com/en/products/vatika-hair-mask-500ml,AlFouad Pharmacies,Verify usage rights before commercial publication,غير مثبت,غير مثبت,مرجعي فقط — غير معتمد للنشر التجاري,بيانات مرجعية متاحة؛ يلزم تحقق PM,ضمن الفحص المبدئي
10569931718959,vatika-hair-mask-1000ml-garlic,قناع الشعر فايتيكا 1000 مل بالثوم,AlFouad Pharmacies,العناية بالشعر,العناية بالشعر,1,بسيط,105431,155,46.5,108.5,,متاح لدى المصدر,https://cdn.shopify.com/s/files/1/0935/9550/0847/files/Vatika-Hair-Mask-1000-ml-Garlic.webp?v=1754297786,منتج قناع الشعر فايتيكا 1000 مل بالثوم من AlFouad Pharmacies. التصنيف المرجعي: العناية بالشعر — بسيط. الوسوم المرجعية: Hair Care، Hair Mask.,https://alfouadpharmacies.com/en/products/vatika-hair-mask-1000ml-garlic,AlFouad Pharmacies,Verify usage rights before commercial publication,غير مثبت,غير مثبت,مرجعي فقط — غير معتمد للنشر التجاري,بيانات مرجعية متاحة؛ يلزم تحقق PM,ضمن الفحص المبدئي
10569931620655,vatika-hair-mask-1000ml-black-seeds,قناع الشعر فايتيكا 1000 مل بذور سوداء,AlFouad Pharmacies,العناية بالشعر,العناية بالشعر,1,بسيط,8957,155,46.5,108.5,,متاح لدى المصدر,https://cdn.shopify.com/s/files/1/0935/9550/0847/files/Vatika-Hair-Mask-1000-ml-Black-Seeds.webp?v=1754297787,منتج قناع الشعر فايتيكا 1000 مل بذور سوداء من AlFouad Pharmacies. التصنيف المرجعي: العناية بالشعر — بسيط. الوسوم المرجعية: Hair Care، Hair Mask.,https://alfouadpharmacies.com/en/products/vatika-hair-mask-1000ml-black-seeds,AlFouad Pharmacies,Verify usage rights before commercial publication,غير مثبت,غير مثبت,مرجعي فقط — غير معتمد للنشر التجاري,بيانات مرجعية متاحة؛ يلزم تحقق PM,ضمن الفحص المبدئي
10569931686191,vatika-hair-mask-1000ml-deep,قناع الشعر فايتيكا 1000 مل ترطيب عميق,AlFouad Pharmacies,العناية بالشعر,العناية بالشعر,1,بسيط,95961,135,40.5,94.5,,غير متاح لدى المصدر,https://cdn.shopify.com/s/files/1/0935/9550/0847/files/VATIKA-HAIR-MASK-1000-ML-DEEP-_D8_AA_D8_B1_D8_B7_D9_8A_D8_A8-_D8_B9_D9_85_D9_8A_D9_82-1.webp?v=1754297787,منتج قناع الشعر فايتيكا 1000 مل ترطيب عميق من AlFouad Pharmacies. التصنيف المرجعي: العناية بالشعر — بسيط. الوسوم المرجعية: Hair Care، Hair Mask.,https://alfouadpharmacies.com/en/products/vatika-hair-mask-1000ml-deep,AlFouad Pharmacies,Verify usage rights before commercial publication,غير مثبت,غير مثبت,مرجعي فقط — غير معتمد للنشر التجاري,بيانات مرجعية متاحة؛ يلزم تحقق PM,ضمن الفحص المبدئي
10569931751727,vatika-hair-mask-1000ml-hair-fall,قناع الشعر فايتيكا 1000 مل لتساقط الشعر,AlFouad Pharmacies,العناية بالشعر,العناية بالشعر,1,بسيط,96611,155,46.5,108.5,,متاح لدى المصدر,https://cdn.shopify.com/s/files/1/0935/9550/0847/files/Vatika-Hair-Mask-1000-ml-Hair-Fall.webp?v=1754297786,منتج قناع الشعر فايتيكا 1000 مل لتساقط الشعر من AlFouad Pharmacies. التصنيف المرجعي: العناية بالشعر — بسيط. الوسوم المرجعية: Hair Care، Hair Mask.,https://alfouadpharmacies.com/en/products/vatika-hair-mask-1000ml-hair-fall,AlFouad Pharmacies,Verify usage rights before commercial publication,غير مثبت,غير مثبت,مرجعي فقط — غير معتمد للنشر التجاري,بيانات مرجعية متاحة؛ يلزم تحقق PM,ضمن الفحص المبدئي
10569931882799,vatika-hair-mask-1000ml-nourshing-rose,قناع الشعر فايتيكا 1000 مل مغذي بالورد,AlFouad Pharmacies,العناية بالشعر,العناية بالشعر,1,بسيط,8900,155,46.5,108.5,,متاح لدى المصدر,https://cdn.shopify.com/s/files/1/0935/9550/0847/files/Vatika-Hair-Mask-1000-ml-Nourshing-Rose.webp?v=1754297785,منتج قناع الشعر فايتيكا 1000 مل مغذي بالورد من AlFouad Pharmacies. التصنيف المرجعي: العناية بالشعر — بسيط. الوسوم المرجعية: Hair Care، Hair Mask.,https://alfouadpharmacies.com/en/products/vatika-hair-mask-1000ml-nourshing-rose,AlFouad Pharmacies,Verify usage rights before commercial publication,غير مثبت,غير مثبت,مرجعي فقط — غير معتمد للنشر التجاري,بيانات مرجعية متاحة؛ يلزم تحقق PM,ضمن الفحص المبدئي
10569932341551,vatika-hair-mask-1000ml,قناع الشعر فايتيكا 1000 مل، جنين القمح,AlFouad Pharmacies,العناية بالشعر,العناية بالشعر,1,بسيط,96108,140,42,98,,متاح لدى المصدر,https://cdn.shopify.com/s/files/1/0935/9550/0847/files/Vatika-Hair-Mask-1000-ml-_D8_AC_D9_86_D9_8A_D9_86-_D8_A7_D9_84_D9_82_D9_85_D8_AD.webp?v=1754297782,منتج قناع الشعر فايتيكا 1000 مل، جنين القمح من AlFouad Pharmacies. التصنيف المرجعي: العناية بالشعر — بسيط. الوسوم المرجعية: Hair Care، Hair Mask.,https://alfouadpharmacies.com/en/products/vatika-hair-mask-1000ml,AlFouad Pharmacies,Verify usage rights before commercial publication,غير مثبت,غير مثبت,مرجعي فقط — غير معتمد للنشر التجاري,بيانات مرجعية متاحة؛ يلزم تحقق PM,ضمن الفحص المبدئي
10569932538159,vatika-hair-mask-250ml-black-seed,قناع الشعر فايتيكا 250 مل بذور الكتان السوداء,AlFouad Pharmacies,العناية بالشعر,العناية بالشعر,1,بسيط,105435,52.5,15.75,36.75,,متاح لدى المصدر,https://cdn.shopify.com/s/files/1/0935/9550/0847/files/Vatika-Hair-Mask-250-ml-Black-Seed.webp?v=1754297780,منتج قناع الشعر فايتيكا 250 مل بذور الكتان السوداء من AlFouad Pharmacies. التصنيف المرجعي: العناية بالشعر — بسيط. الوسوم المرجعية: Hair Care، Hair Mask.,https://alfouadpharmacies.com/en/products/vatika-hair-mask-250ml-black-seed,AlFouad Pharmacies,Verify usage rights before commercial publication,غير مثبت,غير مثبت,مرجعي فقط — غير معتمد للنشر التجاري,بيانات مرجعية متاحة؛ يلزم تحقق PM,ضمن الفحص المبدئي
10569932701999,vatika-hair-mask-250ml-hair-fall,قناع الشعر فايتيكا 250 مل لتساقط الشعر,AlFouad Pharmacies,العناية بالشعر,العناية بالشعر,1,بسيط,96103,45,13.5,31.5,,متاح لدى المصدر,https://cdn.shopify.com/s/files/1/0935/9550/0847/files/Vatika-Hair-Mask-250-ml-Hair-Fall.webp?v=1754297779,منتج قناع الشعر فايتيكا 250 مل لتساقط الشعر من AlFouad Pharmacies. التصنيف المرجعي: العناية بالشعر — بسيط. الوسوم المرجعية: Hair Care، Hair Mask.,https://alfouadpharmacies.com/en/products/vatika-hair-mask-250ml-hair-fall,AlFouad Pharmacies,Verify usage rights before commercial publication,غير مثبت,غير مثبت,مرجعي فقط — غير معتمد للنشر التجاري,بيانات مرجعية متاحة؛ يلزم تحقق PM,ضمن الفحص المبدئي
10569932964143,vatika-hair-mask-250ml-watercress,قناع الشعر فايتيكا 250 مل،  نوع الخردل المائي.,AlFouad Pharmacies,العناية بالشعر,العناية بالشعر,1,بسيط,20339,52,15.6,36.4,,متاح لدى المصدر,https://cdn.shopify.com/s/files/1/0935/9550/0847/files/Vatika-Hair-Mask-250-ml-Watercress.webp?v=1754297777,منتج قناع الشعر فايتيكا 250 مل،  نوع الخردل المائي. من AlFouad Pharmacies. التصنيف المرجعي: العناية بالشعر — بسيط. الوسوم المرجعية: Hair Care، Hair Mask.,https://alfouadpharmacies.com/en/products/vatika-hair-mask-250ml-watercress,AlFouad Pharmacies,Verify usage rights before commercial publication,غير مثبت,غير مثبت,مرجعي فقط — غير معتمد للنشر التجاري,بيانات مرجعية متاحة؛ يلزم تحقق PM,ضمن الفحص المبدئي
10569932505391,vatika-hair-mask-250ml-argan,قناع الشعر فايتيكا 250 مل، بزيت الأرغان,AlFouad Pharmacies,العناية بالشعر,العناية بالشعر,1,بسيط,104610,52,15.6,36.4,,متاح لدى المصدر,https://cdn.shopify.com/s/files/1/0935/9550/0847/files/Vatika-Hair-Mask-250-ml-Argan.webp?v=1754297780,منتج قناع الشعر فايتيكا 250 مل، بزيت الأرغان من AlFouad Pharmacies. التصنيف المرجعي: العناية بالشعر — بسيط. الوسوم المرجعية: Hair Care، Hair Mask.,https://alfouadpharmacies.com/en/products/vatika-hair-mask-250ml-argan,AlFouad Pharmacies,Verify usage rights before commercial publication,غير مثبت,غير مثبت,مرجعي فقط — غير معتمد للنشر التجاري,بيانات مرجعية متاحة؛ يلزم تحقق PM,ضمن الفحص المبدئي
10569932996911,vatika-hair-mask-250ml,قناع الشعر فايتيكا 250 مل، جنين القمح,AlFouad Pharmacies,العناية بالشعر,العناية بالشعر,1,بسيط,96113,45,13.5,31.5,,متاح لدى المصدر,https://cdn.shopify.com/s/files/1/0935/9550/0847/files/Vatika-Hair-Mask-250-ml-_D8_AC_D9_86_D9_8A_D9_86-_D8_A7_D9_84_D9_82_D9_85_D8_AD.webp?v=1754297777,منتج قناع الشعر فايتيكا 250 مل، جنين القمح من AlFouad Pharmacies. التصنيف المرجعي: العناية بالشعر — بسيط. الوسوم المرجعية: Hair Care، Hair Mask.,https://alfouadpharmacies.com/en/products/vatika-hair-mask-250ml,AlFouad Pharmacies,Verify usage rights before commercial publication,غير مثبت,غير مثبت,مرجعي فقط — غير معتمد للنشر التجاري,بيانات مرجعية متاحة؛ يلزم تحقق PM,ضمن الفحص المبدئي
10569932898607,vatika-hair-mask-250ml-oil-mink,قناع الشعر فايتيكا 250 مل، زيت الأرغان,AlFouad Pharmacies,العناية بالشعر,العناية بالشعر,1,بسيط,96102,52,15.6,36.4,,متاح لدى المصدر,https://cdn.shopify.com/s/files/1/0935/9550/0847/files/Vatika-Hair-Mask-250-ml-Oil-Mink.webp?v=1754297777,منتج قناع الشعر فايتيكا 250 مل، زيت الأرغان من AlFouad Pharmacies. التصنيف المرجعي: العناية بالشعر — بسيط. الوسوم المرجعية: Hair Care، Hair Mask.,https://alfouadpharmacies.com/en/products/vatika-hair-mask-250ml-oil-mink,AlFouad Pharmacies,Verify usage rights before commercial publication,غير مثبت,غير مثبت,مرجعي فقط — غير معتمد للنشر التجاري,بيانات مرجعية متاحة؛ يلزم تحقق PM,ضمن الفحص المبدئي
10569932833071,vatika-hair-mask-250ml-intensive-rose,قناع الشعر فايتيكا 250 مل، عناية مكثفة بالورد,AlFouad Pharmacies,العناية بالشعر,العناية بالشعر,1,بسيط,105441,52.5,15.75,36.75,,متاح لدى المصدر,https://cdn.shopify.com/s/files/1/0935/9550/0847/files/Vatika-Hair-Mask-250-ml-Intensive-Rose.webp?v=1754297778,منتج قناع الشعر فايتيكا 250 مل، عناية مكثفة بالورد من AlFouad Pharmacies. التصنيف المرجعي: العناية بالشعر — بسيط. الوسوم المرجعية: Hair Care، Hair Mask.,https://alfouadpharmacies.com/en/products/vatika-hair-mask-250ml-intensive-rose,AlFouad Pharmacies,Verify usage rights before commercial publication,غير مثبت,غير مثبت,مرجعي فقط — غير معتمد للنشر التجاري,بيانات مرجعية متاحة؛ يلزم تحقق PM,ضمن الفحص المبدئي
10569937256751,vatika-hair-mask-500ml-mayonnaise-repair,قناع الشعر فايتيكا 500 مل إصلاح المايونيز,AlFouad Pharmacies,العناية بالشعر,العناية بالشعر,1,بسيط,0,160,48,112,,غير متاح لدى المصدر,https://cdn.shopify.com/s/files/1/0935/9550/0847/files/Vatika-Hair-Mask-500ML-Mayonnaise-Repair.webp?v=1754297771,منتج قناع الشعر فايتيكا 500 مل إصلاح المايونيز من AlFouad Pharmacies. التصنيف المرجعي: العناية بالشعر — بسيط. الوسوم المرجعية: Hair Care، Hair Mask.,https://alfouadpharmacies.com/en/products/vatika-hair-mask-500ml-mayonnaise-repair,AlFouad Pharmacies,Verify usage rights before commercial publication,غير مثبت,غير مثبت,مرجعي فقط — غير معتمد للنشر التجاري,بيانات مرجعية متاحة؛ يلزم تحقق PM,ضمن الفحص المبدئي
10569933226287,vatika-hair-mask-500ml-hair-fall,قناع الشعر فايتيكا 500 مل لتساقط الشعر,AlFouad Pharmacies,العناية بالشعر,العناية بالشعر,1,بسيط,107885,95,28.5,66.5,,متاح لدى المصدر,https://cdn.shopify.com/s/files/1/0935/9550/0847/files/Vatika-Hair-Mask-500-ml-Hair-Fall.webp?v=1754297774,منتج قناع الشعر فايتيكا 500 مل لتساقط الشعر من AlFouad Pharmacies. التصنيف المرجعي: العناية بالشعر — بسيط. الوسوم المرجعية: Hair Care، Hair Mask.,https://alfouadpharmacies.com/en/products/vatika-hair-mask-500ml-hair-fall,AlFouad Pharmacies,Verify usage rights before commercial publication,غير مثبت,غير مثبت,مرجعي فقط — غير معتمد للنشر التجاري,بيانات مرجعية متاحة؛ يلزم تحقق PM,ضمن الفحص المبدئي
10569933259055,vatika-hair-mask-500ml-nourshing,قناع الشعر فايتيكا 500 مل مغذي روز,AlFouad Pharmacies,العناية بالشعر,العناية بالشعر,1,بسيط,105442,95,28.5,66.5,,متاح لدى المصدر,https://cdn.shopify.com/s/files/1/0935/9550/0847/files/Vatika-Hair-Mask-500-ml-Nourshing-_D8_B1_D9_88_D8_B2.webp?v=1754297774,منتج قناع الشعر فايتيكا 500 مل مغذي روز من AlFouad Pharmacies. التصنيف المرجعي: العناية بالشعر — بسيط. الوسوم المرجعية: Hair Care، Hair Mask.,https://alfouadpharmacies.com/en/products/vatika-hair-mask-500ml-nourshing,AlFouad Pharmacies,Verify usage rights before commercial publication,غير مثبت,غير مثبت,مرجعي فقط — غير معتمد للنشر التجاري,بيانات مرجعية متاحة؛ يلزم تحقق PM,ضمن الفحص المبدئي
10569933324591,vatika-hair-mask-500ml-watercress,قناع الشعر فايتيكا 500 مل،  نوع الخردل المائي.,AlFouad Pharmacies,العناية بالشعر,العناية بالشعر,1,بسيط,8155,95,28.5,66.5,,متاح لدى المصدر,https://cdn.shopify.com/s/files/1/0935/9550/0847/files/Vatika-Hair-Mask-500-ml-Watercress.webp?v=1754297773,منتج قناع الشعر فايتيكا 500 مل،  نوع الخردل المائي. من AlFouad Pharmacies. التصنيف المرجعي: العناية بالشعر — بسيط. الوسوم المرجعية: Hair Care، Hair Mask.,https://alfouadpharmacies.com/en/products/vatika-hair-mask-500ml-watercress,AlFouad Pharmacies,Verify usage rights before commercial publication,غير مثبت,غير مثبت,مرجعي فقط — غير معتمد للنشر التجاري,بيانات مرجعية متاحة؛ يلزم تحقق PM,ضمن الفحص المبدئي
10569932865839,vatika-hair-mask-250ml-nourshing,قناع الشعر فايتيكا المغذي 250 مل,AlFouad Pharmacies,العناية بالشعر,العناية بالشعر,1,بسيط,99903,45,13.5,31.5,,غير متاح لدى المصدر,https://cdn.shopify.com/s/files/1/0935/9550/0847/files/Vatika-Hair-Mask-250-ml-Nourshing.webp?v=1754297778,منتج قناع الشعر فايتيكا المغذي 250 مل من AlFouad Pharmacies. التصنيف المرجعي: العناية بالشعر — بسيط. الوسوم المرجعية: Hair Care، Hair Mask.,https://alfouadpharmacies.com/en/products/vatika-hair-mask-250ml-nourshing,AlFouad Pharmacies,Verify usage rights before commercial publication,غير مثبت,غير مثبت,مرجعي فقط — غير معتمد للنشر التجاري,بيانات مرجعية متاحة؛ يلزم تحقق PM,ضمن الفحص المبدئي
10569931817263,vatika-hair-mask-1000ml-intensive-rose,قناع الشعر فايتيكا المكثف بالورد 1000 مل,AlFouad Pharmacies,العناية بالشعر,العناية بالشعر,1,بسيط,105440,155,46.5,108.5,,متاح لدى المصدر,https://cdn.shopify.com/s/files/1/0935/9550/0847/files/Vatika-Hair-Mask-1000-ml-Intensive-Rose.webp?v=1754297786,منتج قناع الشعر فايتيكا المكثف بالورد 1000 مل من AlFouad Pharmacies. التصنيف المرجعي: العناية بالشعر — بسيط. الوسوم المرجعية: Hair Care، Hair Mask.,https://alfouadpharmacies.com/en/products/vatika-hair-mask-1000ml-intensive-rose,AlFouad Pharmacies,Verify usage rights before commercial publication,غير مثبت,غير مثبت,مرجعي فقط — غير معتمد للنشر التجاري,بيانات مرجعية متاحة؛ يلزم تحقق PM,ضمن الفحص المبدئي
10569932276015,vatika-hair-mask-1000ml-watercress,قناع الشعر فتيکا 1000 مل بالخردل المائي,AlFouad Pharmacies,العناية بالشعر,العناية بالشعر,1,بسيط,17664,155,46.5,108.5,,متاح لدى المصدر,https://cdn.shopify.com/s/files/1/0935/9550/0847/files/Vatika-Hair-Mask-1000-ml-Watercress.webp?v=1754297782,منتج قناع الشعر فتيکا 1000 مل بالخردل المائي من AlFouad Pharmacies. التصنيف المرجعي: العناية بالشعر — بسيط. الوسوم المرجعية: Hair Care، Hair Mask.,https://alfouadpharmacies.com/en/products/vatika-hair-mask-1000ml-watercress,AlFouad Pharmacies,Verify usage rights before commercial publication,غير مثبت,غير مثبت,مرجعي فقط — غير معتمد للنشر التجاري,بيانات مرجعية متاحة؛ يلزم تحقق PM,ضمن الفحص المبدئي
10569932374319,vatika-hair-mask-1000ml-argan,قناع الشعر فتيکا 1000 مل، بزيت الأرغان,AlFouad Pharmacies,العناية بالشعر,العناية بالشعر,1,بسيط,99927,155,46.5,108.5,,متاح لدى المصدر,https://cdn.shopify.com/s/files/1/0935/9550/0847/files/Vatika-Hair-Mask-1000ML-Argan.webp?v=1754297781,منتج قناع الشعر فتيکا 1000 مل، بزيت الأرغان من AlFouad Pharmacies. التصنيف المرجعي: العناية بالشعر — بسيط. الوسوم المرجعية: Hair Care، Hair Mask.,https://alfouadpharmacies.com/en/products/vatika-hair-mask-1000ml-argan,AlFouad Pharmacies,Verify usage rights before commercial publication,غير مثبت,غير مثبت,مرجعي فقط — غير معتمد للنشر التجاري,بيانات مرجعية متاحة؛ يلزم تحقق PM,ضمن الفحص المبدئي
10569932570927,vatika-hair-mask-250ml-garlic,قناع الشعر فتيکا 250 مل بالثوم,AlFouad Pharmacies,العناية بالشعر,العناية بالشعر,1,بسيط,95061,45,13.5,31.5,,متاح لدى المصدر,https://cdn.shopify.com/s/files/1/0935/9550/0847/files/Vatika-Hair-Mask-250-ml-Garlic.webp?v=1754297780,منتج قناع الشعر فتيکا 250 مل بالثوم من AlFouad Pharmacies. التصنيف المرجعي: العناية بالشعر — بسيط. الوسوم المرجعية: Hair Care، Hair Mask.,https://alfouadpharmacies.com/en/products/vatika-hair-mask-250ml-garlic,AlFouad Pharmacies,Verify usage rights before commercial publication,غير مثبت,غير مثبت,مرجعي فقط — غير معتمد للنشر التجاري,بيانات مرجعية متاحة؛ يلزم تحقق PM,ضمن الفحص المبدئي
10569932800303,vatika-hair-mask-250ml-hennaolive,قناع الشعر فتيکا 250 مل، حنة + زيت زيتون,AlFouad Pharmacies,العناية بالشعر,العناية بالشعر,1,بسيط,105438,45,13.5,31.5,,غير متاح لدى المصدر,https://cdn.shopify.com/s/files/1/0935/9550/0847/files/71NlKW5eQzL._AC_SX679.webp?v=1754297779,منتج قناع الشعر فتيکا 250 مل، حنة + زيت زيتون من AlFouad Pharmacies. التصنيف المرجعي: العناية بالشعر — بسيط. الوسوم المرجعية: Hair Care، Hair Mask.,https://alfouadpharmacies.com/en/products/vatika-hair-mask-250ml-hennaolive,AlFouad Pharmacies,Verify usage rights before commercial publication,غير مثبت,غير مثبت,مرجعي فقط — غير معتمد للنشر التجاري,بيانات مرجعية متاحة؛ يلزم تحقق PM,ضمن الفحص المبدئي
10569933488431,vatika-hair-mask-500ml-almondoliveoil,قناع الشعر فتيکا 500 مل باللوز وزيت الزيتون,AlFouad Pharmacies,العناية بالشعر,العناية بالشعر,1,بسيط,108752,95,28.5,66.5,,متاح لدى المصدر,https://cdn.shopify.com/s/files/1/0935/9550/0847/files/Vatika-Hair-Mask-500ML-Almondoliveoil.webp?v=1754297772,منتج قناع الشعر فتيکا 500 مل باللوز وزيت الزيتون من AlFouad Pharmacies. التصنيف المرجعي: العناية بالشعر — بسيط. الوسوم المرجعية: Hair Care، Hair Mask.,https://alfouadpharmacies.com/en/products/vatika-hair-mask-500ml-almondoliveoil,AlFouad Pharmacies,Verify usage rights before commercial publication,غير مثبت,غير مثبت,مرجعي فقط — غير معتمد للنشر التجاري,بيانات مرجعية متاحة؛ يلزم تحقق PM,ضمن الفحص المبدئي
10569933062447,vatika-hair-mask-500ml-black-seed,قناع الشعر فتيکا 500 مل بذور الكتان السوداء,AlFouad Pharmacies,العناية بالشعر,العناية بالشعر,1,بسيط,105436,95,28.5,66.5,,متاح لدى المصدر,https://cdn.shopify.com/s/files/1/0935/9550/0847/files/Vatika-Hair-Mask-500-ml-Black-Seed.webp?v=1754297776,منتج قناع الشعر فتيکا 500 مل بذور الكتان السوداء من AlFouad Pharmacies. التصنيف المرجعي: العناية بالشعر — بسيط. الوسوم المرجعية: Hair Care، Hair Mask.,https://alfouadpharmacies.com/en/products/vatika-hair-mask-500ml-black-seed,AlFouad Pharmacies,Verify usage rights before commercial publication,غير مثبت,غير مثبت,مرجعي فقط — غير معتمد للنشر التجاري,بيانات مرجعية متاحة؛ يلزم تحقق PM,ضمن الفحص المبدئي
10569901375791,loreal-elvive-dream-long-hair-mask-300ml,قناع الشعر لوريال إلفيف دريم لونغ 300 مل,LOREAL PCD,العناية بالشعر,العناية بالشعر,1,بسيط,15638,480,144,336,,متاح لدى المصدر,https://cdn.shopify.com/s/files/1/0935/9550/0847/files/Loreal-Elvive-Dream-Long-Hair-Mask-300ML.webp?v=1754298121,منتج قناع الشعر لوريال إلفيف دريم لونغ 300 مل من LOREAL PCD. التصنيف المرجعي: العناية بالشعر — بسيط. الوسوم المرجعية: Hair Care، Hair Concerns، Hair Mask، Weak & Thin.,https://alfouadpharmacies.com/en/products/loreal-elvive-dream-long-hair-mask-300ml,AlFouad Pharmacies,Verify usage rights before commercial publication,غير مثبت,غير مثبت,مرجعي فقط — غير معتمد للنشر التجاري,بيانات مرجعية متاحة؛ يلزم تحقق PM,ضمن الفحص المبدئي
10569902653743,loreal-elvive-full-resist-hair-mask-300ml,قناع الشعر لوريال إلفيف فول ريزيست 300 مل,LOREAL PCD,العناية بالشعر,العناية بالشعر,1,بسيط,29184,480,144,336,,متاح لدى المصدر,https://cdn.shopify.com/s/files/1/0935/9550/0847/files/Loreal-Elvive-Full-Resist-Hair-Mask-300ML.webp?v=1754298098,منتج قناع الشعر لوريال إلفيف فول ريزيست 300 مل من LOREAL PCD. التصنيف المرجعي: العناية بالشعر — بسيط. الوسوم المرجعية: Hair Care، Hair Concerns، Hair Loss، Hair Mask.,https://alfouadpharmacies.com/en/products/loreal-elvive-full-resist-hair-mask-300ml,AlFouad Pharmacies,Verify usage rights before commercial publication,غير مثبت,غير مثبت,مرجعي فقط — غير معتمد للنشر التجاري,بيانات مرجعية متاحة؛ يلزم تحقق PM,ضمن الفحص المبدئي
10569902129455,loreal-elvive-extraord-hair-mask-300ml,قناع الشعر لوريال إلكفيف إكستراورديناري 300 مل,LOREAL PCD,العناية بالشعر,العناية بالشعر,1,بسيط,101366,480,144,336,,متاح لدى المصدر,https://cdn.shopify.com/s/files/1/0935/9550/0847/files/Loreal-Elvive-Extraord-Hair-Mask-300ML.webp?v=1754298105,منتج قناع الشعر لوريال إلكفيف إكستراورديناري 300 مل من LOREAL PCD. التصنيف المرجعي: العناية بالشعر — بسيط. الوسوم المرجعية: Dry & Damadged Hair، Hair Care، Hair Concerns، Hair Mask.,https://alfouadpharmacies.com/en/products/loreal-elvive-extraord-hair-mask-300ml,AlFouad Pharmacies,Verify usage rights before commercial publication,غير مثبت,غير مثبت,مرجعي فقط — غير معتمد للنشر التجاري,بيانات مرجعية متاحة؛ يلزم تحقق PM,ضمن الفحص المبدئي
12689767956783,aloe-eva-hair-mask-250ml-aloe-vera-silk-proteins,قناع الشعر من ألوفيرا إيفا 250 مل، الصبار وبروتينات الحرير.,AlFouad Pharmacies,العناية بالشعر,العناية بالشعر,1,بسيط,95915,75,22.5,52.5,,متاح لدى المصدر,https://cdn.shopify.com/s/files/1/0935/9550/0847/files/71vNz88eP0L._AC_UF1000_1000_QL80.webp?v=1771844791,منتج قناع الشعر من ألوفيرا إيفا 250 مل، الصبار وبروتينات الحرير. من AlFouad Pharmacies. التصنيف المرجعي: العناية بالشعر — بسيط. الوسوم المرجعية: Deep Repair، Hair Care، Hair Concerns، Hair Mask.,https://alfouadpharmacies.com/en/products/aloe-eva-hair-mask-250ml-aloe-vera-silk-proteins,AlFouad Pharmacies,Verify usage rights before commercial publication,غير مثبت,غير مثبت,مرجعي فقط — غير معتمد للنشر التجاري,بيانات مرجعية متاحة؛ يلزم تحقق PM,ضمن الفحص المبدئي
12689454858543,innox-hair-mask-250-gm,قناع الشعر من إينوكس 250 غرام,Innox,العناية بالشعر,العناية بالشعر,1,,104242,425,127.5,297.5,0,متاح لدى المصدر,https://cdn.shopify.com/s/files/1/0935/9550/0847/files/120.webp?v=1772201608,منتج قناع الشعر من إينوكس 250 غرام من Innox. التصنيف المرجعي: العناية بالشعر. الوسوم المرجعية: Dry & Damadged Hair، Hair Care، Hair Mask.,https://alfouadpharmacies.com/en/products/innox-hair-mask-250-gm,AlFouad Pharmacies,Verify usage rights before commercial publication,غير مثبت,غير مثبت,مرجعي فقط — غير معتمد للنشر التجاري,بيانات مرجعية متاحة؛ يلزم تحقق PM,ضمن الفحص المبدئي
10570011115823,nawah-hair-mask-250ml,قناع الشعر نواه 250 مل,NAWAH,العناية بالشعر,العناية بالشعر,1,بسيط,112948,300,90,210,,متاح لدى المصدر,https://cdn.shopify.com/s/files/1/0935/9550/0847/files/Doctor_Health-08699_11zon.webp?v=1754297062,منتج قناع الشعر نواه 250 مل من NAWAH. التصنيف المرجعي: العناية بالشعر — بسيط. الوسوم المرجعية: Deep Repair، Dry & Damadged Hair، Hair Care، Hair Concerns، Hair Mask.,https://alfouadpharmacies.com/en/products/nawah-hair-mask-250ml,AlFouad Pharmacies,Verify usage rights before commercial publication,غير مثبت,غير مثبت,مرجعي فقط — غير معتمد للنشر التجاري,بيانات مرجعية متاحة؛ يلزم تحقق PM,ضمن الفحص المبدئي
12689768186159,dermactive-tricho-act-hair-repairing-mask-200ml,قناع ديرما أكتيف تريكو-أكت لإصلاح الشعر 200 مل,DERMACTIVE,العناية بالشعر,العناية بالشعر,1,بسيط,3101,199,59.7,139.3,,متاح لدى المصدر,https://cdn.shopify.com/s/files/1/0935/9550/0847/files/dermactive_tricho_act_hair_mask_1615x1615_bf0419b7-82a8-4083-bbec-92230bdb8931.webp?v=1771749224,منتج قناع ديرما أكتيف تريكو-أكت لإصلاح الشعر 200 مل من DERMACTIVE. التصنيف المرجعي: العناية بالشعر — بسيط. الوسوم المرجعية: Deep Repair، Dry & Damadged Hair، Hair Care، Hair Concerns، Hair Mask، Weak & Thin.,https://alfouadpharmacies.com/en/products/dermactive-tricho-act-hair-repairing-mask-200ml,AlFouad Pharmacies,Verify usage rights before commercial publication,غير مثبت,غير مثبت,مرجعي فقط — غير معتمد للنشر التجاري,بيانات مرجعية متاحة؛ يلزم تحقق PM,ضمن الفحص المبدئي
10569852453167,zero-frizz-mask-470ml-keratine,قناع زيرو فريز 470 مل كيراتين,AlFouad Pharmacies,العناية بالشعر,العناية بالشعر,1,بسيط,14130,275,82.5,192.5,,متاح لدى المصدر,https://cdn.shopify.com/s/files/1/0935/9550/0847/files/Zero-Frizz-Mask-470ML-Keratine.webp?v=1754298415,منتج قناع زيرو فريز 470 مل كيراتين من AlFouad Pharmacies. التصنيف المرجعي: العناية بالشعر — بسيط. الوسوم المرجعية: Deep Repair، Hair Care، Hair Concerns، Hair Mask.,https://alfouadpharmacies.com/en/products/zero-frizz-mask-470ml-keratine,AlFouad Pharmacies,Verify usage rights before commercial publication,غير مثبت,غير مثبت,مرجعي فقط — غير معتمد للنشر التجاري,بيانات مرجعية متاحة؛ يلزم تحقق PM,ضمن الفحص المبدئي
10569924051247,sunsilk-moisture-bomb-mask-220ml,قناع سن سيلك مويستشر بومب 220 مل,SUNSILK,العناية بالشعر,العناية بالشعر,1,بسيط,14936,220,66,154,,متاح لدى المصدر,https://cdn.shopify.com/s/files/1/0935/9550/0847/files/Sunsilk-Moisture-Bomb-Mask-220ML.webp?v=1754297846,منتج قناع سن سيلك مويستشر بومب 220 مل من SUNSILK. التصنيف المرجعي: العناية بالشعر — بسيط. الوسوم المرجعية: Deep Repair، Hair Care، Hair Concerns، Hair Mask.,https://alfouadpharmacies.com/en/products/sunsilk-moisture-bomb-mask-220ml,AlFouad Pharmacies,Verify usage rights before commercial publication,غير مثبت,غير مثبت,مرجعي فقط — غير معتمد للنشر التجاري,بيانات مرجعية متاحة؛ يلزم تحقق PM,ضمن الفحص المبدئي
10569923494191,sunsilk-bye-bye-hair-fall-mask-220ml,قناع سنسيلك ضد تساقط الشعر 220 مل,SUNSILK,العناية بالشعر,العناية بالشعر,1,بسيط,13673,220,66,154,,متاح لدى المصدر,https://cdn.shopify.com/s/files/1/0935/9550/0847/files/Sunsilk-Bye-Bye-Hair-Fall-Mask-220ML.webp?v=1754297852,منتج قناع سنسيلك ضد تساقط الشعر 220 مل من SUNSILK. التصنيف المرجعي: العناية بالشعر — بسيط. الوسوم المرجعية: Deep Repair، Hair Care، Hair Concerns، Hair Mask.,https://alfouadpharmacies.com/en/products/sunsilk-bye-bye-hair-fall-mask-220ml,AlFouad Pharmacies,Verify usage rights before commercial publication,غير مثبت,غير مثبت,مرجعي فقط — غير معتمد للنشر التجاري,بيانات مرجعية متاحة؛ يلزم تحقق PM,ضمن الفحص المبدئي
12689765990703,aloe-eva-hair-mask-250ml-aloe-vera-yoghurt-protein,قناع شعر ألوفيفا 250 مل، الصبار وبروتين الزبادي,AlFouad Pharmacies,العناية بالشعر,العناية بالشعر,1,بسيط,17622,75,22.5,52.5,,متاح لدى المصدر,https://cdn.shopify.com/s/files/1/0935/9550/0847/files/1_2.webp?v=1771844857,منتج قناع شعر ألوفيفا 250 مل، الصبار وبروتين الزبادي من AlFouad Pharmacies. التصنيف المرجعي: العناية بالشعر — بسيط. الوسوم المرجعية: Deep Repair، Hair Care، Hair Concerns، Hair Mask.,https://alfouadpharmacies.com/en/products/aloe-eva-hair-mask-250ml-aloe-vera-yoghurt-protein,AlFouad Pharmacies,Verify usage rights before commercial publication,غير مثبت,غير مثبت,مرجعي فقط — غير معتمد للنشر التجاري,بيانات مرجعية متاحة؛ يلزم تحقق PM,ضمن الفحص المبدئي
10569916973359,ogx-hair-mask-300ml-argan-oil-300ml,قناع شعر أو جي إكس 300 مل بزيت الأرغان 300 مل,OGX,العناية بالشعر,العناية بالشعر,1,بسيط,9255,400,120,280,,متاح لدى المصدر,https://cdn.shopify.com/s/files/1/0935/9550/0847/files/Ogx-Hair-Mask-300ML-Argan-Oil-300ML.webp?v=1754297940,منتج قناع شعر أو جي إكس 300 مل بزيت الأرغان 300 مل من OGX. التصنيف المرجعي: العناية بالشعر — بسيط. الوسوم المرجعية: Deep Repair، Hair Care، Hair Concerns، Hair Mask.,https://alfouadpharmacies.com/en/products/ogx-hair-mask-300ml-argan-oil-300ml,AlFouad Pharmacies,Verify usage rights before commercial publication,غير مثبت,غير مثبت,مرجعي فقط — غير معتمد للنشر التجاري,بيانات مرجعية متاحة؛ يلزم تحقق PM,ضمن الفحص المبدئي
10569917235503,ogx-hair-mask-300ml-coconut-miracle-oil-300ml,قناع شعر أو جي إكس 300 مل، زيت جوز الهند المعجزة 300 مل,OGX,العناية بالشعر,العناية بالشعر,1,بسيط,9265,400,120,280,,متاح لدى المصدر,https://cdn.shopify.com/s/files/1/0935/9550/0847/files/Ogx-Hair-Mask-300ML-Coconut-Miracle-Oil-300ML.webp?v=1754297938,منتج قناع شعر أو جي إكس 300 مل، زيت جوز الهند المعجزة 300 مل من OGX. التصنيف المرجعي: العناية بالشعر — بسيط. الوسوم المرجعية: Deep Repair، Hair Care، Hair Concerns، Hair Mask.,https://alfouadpharmacies.com/en/products/ogx-hair-mask-300ml-coconut-miracle-oil-300ml,AlFouad Pharmacies,Verify usage rights before commercial publication,غير مثبت,غير مثبت,مرجعي فقط — غير معتمد للنشر التجاري,بيانات مرجعية متاحة؛ يلزم تحقق PM,ضمن الفحص المبدئي
10569917104431,ogx-hair-mask-300ml-brazilian-keratine-smooth-300ml,قناع شعر أو جي إكس 300 مل، كيراتين برازيلي ناعم 300 مل,OGX,العناية بالشعر,العناية بالشعر,1,بسيط,9250,400,120,280,,متاح لدى المصدر,https://cdn.shopify.com/s/files/1/0935/9550/0847/files/Ogx-Hair-Mask-300ML-Brazilian-Keratine-Smooth-300M.webp?v=1754297939,منتج قناع شعر أو جي إكس 300 مل، كيراتين برازيلي ناعم 300 مل من OGX. التصنيف المرجعي: العناية بالشعر — بسيط. الوسوم المرجعية: Deep Repair، Hair Care، Hair Concerns، Hair Mask.,https://alfouadpharmacies.com/en/products/ogx-hair-mask-300ml-brazilian-keratine-smooth-300ml,AlFouad Pharmacies,Verify usage rights before commercial publication,غير مثبت,غير مثبت,مرجعي فقط — غير معتمد للنشر التجاري,بيانات مرجعية متاحة؛ يلزم تحقق PM,ضمن الفحص المبدئي
10569729114415,eva-hair-mask-200ml-aloe-vera-normal,قناع شعر إيفا 200 مل صبار (للبشرة العادية),AlFouad Pharmacies,العناية بالشعر,العناية بالشعر,1,بسيط,105562,65,19.5,45.5,,غير متاح لدى المصدر,https://cdn.shopify.com/s/files/1/0935/9550/0847/files/Eva-Hair-Mask-200ml-Aloe-vera-Normal.webp?v=1754299081,منتج قناع شعر إيفا 200 مل صبار (للبشرة العادية) من AlFouad Pharmacies. التصنيف المرجعي: العناية بالشعر — بسيط. الوسوم المرجعية: Deep Repair، Hair Care، Hair Concerns، Hair Mask.,https://alfouadpharmacies.com/en/products/eva-hair-mask-200ml-aloe-vera-normal,AlFouad Pharmacies,Verify usage rights before commercial publication,غير مثبت,غير مثبت,مرجعي فقط — غير معتمد للنشر التجاري,بيانات مرجعية متاحة؛ يلزم تحقق PM,ضمن الفحص المبدئي
10569730687279,raw-african-maya-avocado-hair-mask-250gm,قناع شعر الأفوكادو الخام الأفريقي مايا 250 جرام,RAW AFRICAN,العناية بالشعر,العناية بالشعر,1,بسيط,3396,305,91.5,213.5,,متاح لدى المصدر,https://cdn.shopify.com/s/files/1/0935/9550/0847/files/Raw-African-Maya-Avocado-Hair-Mask-250gm.webp?v=1754299057,منتج قناع شعر الأفوكادو الخام الأفريقي مايا 250 جرام من RAW AFRICAN. التصنيف المرجعي: العناية بالشعر — بسيط. الوسوم المرجعية: Colored Hair، Dry & Damadged Hair، Hair Care، Hair Concerns، Hair Mask.,https://alfouadpharmacies.com/en/products/raw-african-maya-avocado-hair-mask-250gm,AlFouad Pharmacies,Verify usage rights before commercial publication,غير مثبت,غير مثبت,مرجعي فقط — غير معتمد للنشر التجاري,بيانات مرجعية متاحة؛ يلزم تحقق PM,ضمن الفحص المبدئي
12689763828015,aloe-eva-hair-mask-250ml-aloe-vera,قناع شعر الألوفيرا إيفا 250 مل  (ألوفيرا),AlFouad Pharmacies,العناية بالشعر,العناية بالشعر,1,بسيط,17614,75,22.5,52.5,,متاح لدى المصدر,https://cdn.shopify.com/s/files/1/0935/9550/0847/files/516HCUps9mL._AC_UF1000_1000_QL80.webp?v=1771844884,منتج قناع شعر الألوفيرا إيفا 250 مل  (ألوفيرا) من AlFouad Pharmacies. التصنيف المرجعي: العناية بالشعر — بسيط. الوسوم المرجعية: Deep Repair، Hair Care، Hair Concerns، Hair Mask.,https://alfouadpharmacies.com/en/products/aloe-eva-hair-mask-250ml-aloe-vera,AlFouad Pharmacies,Verify usage rights before commercial publication,غير مثبت,غير مثبت,مرجعي فقط — غير معتمد للنشر التجاري,بيانات مرجعية متاحة؛ يلزم تحقق PM,ضمن الفحص المبدئي
10569730556207,raw-african-shea-butter-hair-mask-250gm,قناع شعر زبدة الشيا الأفريقية الخام 250 جرام,RAW AFRICAN,العناية بالشعر,العناية بالشعر,1,بسيط,83706,278,83.4,194.6,,متاح لدى المصدر,https://cdn.shopify.com/s/files/1/0935/9550/0847/files/Raw-African-Shea-Butter-Hair-Mask-250gm.webp?v=1754299060,منتج قناع شعر زبدة الشيا الأفريقية الخام 250 جرام من RAW AFRICAN. التصنيف المرجعي: العناية بالشعر — بسيط. الوسوم المرجعية: Dry & Damadged Hair، Hair Care، Hair Concerns، Hair Mask.,https://alfouadpharmacies.com/en/products/raw-african-shea-butter-hair-mask-250gm,AlFouad Pharmacies,Verify usage rights before commercial publication,غير مثبت,غير مثبت,مرجعي فقط — غير معتمد للنشر التجاري,بيانات مرجعية متاحة؛ يلزم تحقق PM,ضمن الفحص المبدئي
10569931489583,vatika-hair-mask-1000ml-almondoilve-oil,قناع شعر فاتيكا 1000 مل باللوز وزيت الزيتون,AlFouad Pharmacies,العناية بالشعر,العناية بالشعر,1,بسيط,8962,155,46.5,108.5,,متاح لدى المصدر,https://cdn.shopify.com/s/files/1/0935/9550/0847/files/Vatika-Hair-Mask-1000-ml-Almondoilveoil.webp?v=1754297788,منتج قناع شعر فاتيكا 1000 مل باللوز وزيت الزيتون من AlFouad Pharmacies. التصنيف المرجعي: العناية بالشعر — بسيط. الوسوم المرجعية: Hair Care، Hair Mask.,https://alfouadpharmacies.com/en/products/vatika-hair-mask-1000ml-almondoilve-oil,AlFouad Pharmacies,Verify usage rights before commercial publication,غير مثبت,غير مثبت,مرجعي فقط — غير معتمد للنشر التجاري,بيانات مرجعية متاحة؛ يلزم تحقق PM,ضمن الفحص المبدئي
10569932472623,vatika-hair-mask-250ml-almondoilveoil,قناع شعر فاتيكا 250 مل باللوز وزيت الزيتون,AlFouad Pharmacies,العناية بالشعر,العناية بالشعر,1,بسيط,29986,52.5,15.75,36.75,,متاح لدى المصدر,https://cdn.shopify.com/s/files/1/0935/9550/0847/files/Vatika-Hair-Mask-250-ml-Almondoilveoil.webp?v=1754297781,منتج قناع شعر فاتيكا 250 مل باللوز وزيت الزيتون من AlFouad Pharmacies. التصنيف المرجعي: العناية بالشعر — بسيط. الوسوم المرجعية: Hair Care، Hair Mask.,https://alfouadpharmacies.com/en/products/vatika-hair-mask-250ml-almondoilveoil,AlFouad Pharmacies,Verify usage rights before commercial publication,غير مثبت,غير مثبت,مرجعي فقط — غير معتمد للنشر التجاري,بيانات مرجعية متاحة؛ يلزم تحقق PM,ضمن الفحص المبدئي
10569931948335,vatika-hair-mask-1000ml-oil-mink,قناع شعر فتيکا 1000 مل، زيت الأرغان,AlFouad Pharmacies,العناية بالشعر,العناية بالشعر,1,بسيط,96109,135,40.5,94.5,,متاح لدى المصدر,https://cdn.shopify.com/s/files/1/0935/9550/0847/files/Vatika-Hair-Mask-1000-ml-Oil-Mink.webp?v=1754297785,منتج قناع شعر فتيکا 1000 مل، زيت الأرغان من AlFouad Pharmacies. التصنيف المرجعي: العناية بالشعر — بسيط. الوسوم المرجعية: Hair Care، Hair Mask.,https://alfouadpharmacies.com/en/products/vatika-hair-mask-1000ml-oil-mink,AlFouad Pharmacies,Verify usage rights before commercial publication,غير مثبت,غير مثبت,مرجعي فقط — غير معتمد للنشر التجاري,بيانات مرجعية متاحة؛ يلزم تحقق PM,ضمن الفحص المبدئي
10569933127983,vatika-hair-mask-500ml-garlic,قناع شعر فتيکا 500 مل بالثوم,AlFouad Pharmacies,العناية بالشعر,العناية بالشعر,1,بسيط,105433,80,24,56,,غير متاح لدى المصدر,https://cdn.shopify.com/s/files/1/0935/9550/0847/files/Vatika-Hair-Mask-500-ml-Garlic.webp?v=1754297775,منتج قناع شعر فتيکا 500 مل بالثوم من AlFouad Pharmacies. التصنيف المرجعي: العناية بالشعر — بسيط. الوسوم المرجعية: Hair Care، Hair Mask.,https://alfouadpharmacies.com/en/products/vatika-hair-mask-500ml-garlic,AlFouad Pharmacies,Verify usage rights before commercial publication,غير مثبت,غير مثبت,مرجعي فقط — غير معتمد للنشر التجاري,بيانات مرجعية متاحة؛ يلزم تحقق PM,ضمن الفحص المبدئي
10569933291823,vatika-hair-mask-500ml-oil-mink,قناع شعر فتيکا 500 مل بزيت الأرغان,AlFouad Pharmacies,العناية بالشعر,العناية بالشعر,1,بسيط,95960,80,24,56,,غير متاح لدى المصدر,https://cdn.shopify.com/s/files/1/0935/9550/0847/files/Vatika-Hair-Mask-500-ml-Oil-Mink.webp?v=1754297773,منتج قناع شعر فتيکا 500 مل بزيت الأرغان من AlFouad Pharmacies. التصنيف المرجعي: العناية بالشعر — بسيط. الوسوم المرجعية: Hair Care، Hair Mask.,https://alfouadpharmacies.com/en/products/vatika-hair-mask-500ml-oil-mink,AlFouad Pharmacies,Verify usage rights before commercial publication,غير مثبت,غير مثبت,مرجعي فقط — غير معتمد للنشر التجاري,بيانات مرجعية متاحة؛ يلزم تحقق PM,ضمن الفحص المبدئي
10569933521199,vatika-hair-mask-500ml-mayonnaise-hair-fall,قناع شعر فتيکا 500 مل،  لتقوية الشعر ومنع تساقطه.,AlFouad Pharmacies,العناية بالشعر,العناية بالشعر,1,بسيط,109917,175,52.5,122.5,,متاح لدى المصدر,https://cdn.shopify.com/s/files/1/0935/9550/0847/files/Vatika-Hair-Mask-500ML-Mayonnaise-Hair-Fall.webp?v=1754297771,منتج قناع شعر فتيکا 500 مل،  لتقوية الشعر ومنع تساقطه. من AlFouad Pharmacies. التصنيف المرجعي: العناية بالشعر — بسيط. الوسوم المرجعية: Hair Care، Hair Mask.,https://alfouadpharmacies.com/en/products/vatika-hair-mask-500ml-mayonnaise-hair-fall,AlFouad Pharmacies,Verify usage rights before commercial publication,غير مثبت,غير مثبت,مرجعي فقط — غير معتمد للنشر التجاري,بيانات مرجعية متاحة؛ يلزم تحقق PM,ضمن الفحص المبدئي
10569863397679,mood-vitamin-shock-plus-strengthening-hair-mask-200ml,قناع شعر معزز لتجديد الحيوية من مود فيتامين شوك بلس، 200 مل,MOOD,العناية بالشعر,العناية بالشعر,1,بسيط,112431,125,37.5,87.5,179,متاح لدى المصدر,https://cdn.shopify.com/s/files/1/0935/9550/0847/files/MOOD-VITAMIN-SHOCK-PLUS-STRENGTHENING-HAIR-MASK-20.webp?v=1754298311,منتج قناع شعر معزز لتجديد الحيوية من مود فيتامين شوك بلس، 200 مل من MOOD. التصنيف المرجعي: العناية بالشعر — بسيط. الوسوم المرجعية: Deep Repair، Hair Care، Hair Concerns، Hair Defining & Volume، Hair Growth، Hair Mask، mood offer، Weak & Thin.,https://alfouadpharmacies.com/en/products/mood-vitamin-shock-plus-strengthening-hair-mask-200ml,AlFouad Pharmacies,Verify usage rights before commercial publication,غير مثبت,غير مثبت,مرجعي فقط — غير معتمد للنشر التجاري,بيانات مرجعية متاحة؛ يلزم تحقق PM,ضمن الفحص المبدئي
10569861202223,mood-hyaluronic-acid-plus-moisture-hair-mask-200-ml,قناع شعر مهدئ بزيت الأرجان وحمض الهيالورونيك 200 مل,MOOD,العناية بالشعر,العناية بالشعر,1,بسيط,112432,125,37.5,87.5,,متاح لدى المصدر,https://cdn.shopify.com/s/files/1/0935/9550/0847/files/MOOD-HYALURONIC-ACID-PLUS-MOISTURE-HAIR-MASK-200-M.webp?v=1754298329,منتج قناع شعر مهدئ بزيت الأرجان وحمض الهيالورونيك 200 مل من MOOD. التصنيف المرجعي: العناية بالشعر — بسيط. الوسوم المرجعية: Deep Repair، Dry & Damadged Hair، Hair Care، Hair Concerns، Hair Mask، Weak & Thin.,https://alfouadpharmacies.com/en/products/mood-hyaluronic-acid-plus-moisture-hair-mask-200-ml,AlFouad Pharmacies,Verify usage rights before commercial publication,غير مثبت,غير مثبت,مرجعي فقط — غير معتمد للنشر التجاري,بيانات مرجعية متاحة؛ يلزم تحقق PM,ضمن الفحص المبدئي
10569862938927,mood-keratin-plus-repair-hair-mask-200-ml,قناع شعر مود كيراتين بلس لإصلاح الشعر 200 مل,MOOD,العناية بالشعر,العناية بالشعر,1,بسيط,112434,125,37.5,87.5,,متاح لدى المصدر,https://cdn.shopify.com/s/files/1/0935/9550/0847/files/MOOD-KERATIN-PLUS-REPAIR-HAIR-MASK-200-ML.webp?v=1754298314,منتج قناع شعر مود كيراتين بلس لإصلاح الشعر 200 مل من MOOD. التصنيف المرجعي: العناية بالشعر — بسيط. الوسوم المرجعية: Deep Repair، Dry & Damadged Hair، Hair Care، Hair Concerns، Hair Mask.,https://alfouadpharmacies.com/en/products/mood-keratin-plus-repair-hair-mask-200-ml,AlFouad Pharmacies,Verify usage rights before commercial publication,غير مثبت,غير مثبت,مرجعي فقط — غير معتمد للنشر التجاري,بيانات مرجعية متاحة؛ يلزم تحقق PM,ضمن الفحص المبدئي
10569860415791,mood-7oils-plus-hydration-hair-mask-200-ml,قناع شعر موود 7OILS Plus المرطب 200 مل,MOOD,العناية بالشعر,العناية بالشعر,1,بسيط,112433,125,37.5,87.5,,متاح لدى المصدر,https://cdn.shopify.com/s/files/1/0935/9550/0847/files/MOOD-7OILS-PLUS-HYDRATION-HAIR-MASK-200-ML.webp?v=1754298336,منتج قناع شعر موود 7OILS Plus المرطب 200 مل من MOOD. التصنيف المرجعي: العناية بالشعر — بسيط. الوسوم المرجعية: Deep Repair، Dry & Damadged Hair، Hair Care، Hair Concerns، Hair Mask.,https://alfouadpharmacies.com/en/products/mood-7oils-plus-hydration-hair-mask-200-ml,AlFouad Pharmacies,Verify usage rights before commercial publication,غير مثبت,غير مثبت,مرجعي فقط — غير معتمد للنشر التجاري,بيانات مرجعية متاحة؛ يلزم تحقق PM,ضمن الفحص المبدئي
10569863364911,mink-hair-mask-500ml-garlic,قناع شعر مينك 500 مل بالثوم,AlFouad Pharmacies,العناية بالشعر,العناية بالشعر,1,بسيط,11385,68,20.4,47.6,,متاح لدى المصدر,https://cdn.shopify.com/s/files/1/0935/9550/0847/files/Mink-Hair-Mask-500-ml-Garlic.webp?v=1754298311,منتج قناع شعر مينك 500 مل بالثوم من AlFouad Pharmacies. التصنيف المرجعي: العناية بالشعر — بسيط. الوسوم المرجعية: Deep Repair، Hair Care، Hair Concerns، Hair Mask.,https://alfouadpharmacies.com/en/products/mink-hair-mask-500ml-garlic,AlFouad Pharmacies,Verify usage rights before commercial publication,غير مثبت,غير مثبت,مرجعي فقط — غير معتمد للنشر التجاري,بيانات مرجعية متاحة؛ يلزم تحقق PM,ضمن الفحص المبدئي
10569863594287,mink-hair-mask-500ml-black-honey,قناع شعر مينك 500 مل بالعسل الأسود,AlFouad Pharmacies,العناية بالشعر,العناية بالشعر,1,بسيط,11298,60,18,42,,غير متاح لدى المصدر,https://cdn.shopify.com/s/files/1/0935/9550/0847/files/Mink-Hair-Mask-500ML-Black-Honey.webp?v=1754298309,منتج قناع شعر مينك 500 مل بالعسل الأسود من AlFouad Pharmacies. التصنيف المرجعي: العناية بالشعر — بسيط. الوسوم المرجعية: Deep Repair، Hair Care، Hair Concerns، Hair Mask.,https://alfouadpharmacies.com/en/products/mink-hair-mask-500ml-black-honey,AlFouad Pharmacies,Verify usage rights before commercial publication,غير مثبت,غير مثبت,مرجعي فقط — غير معتمد للنشر التجاري,بيانات مرجعية متاحة؛ يلزم تحقق PM,ضمن الفحص المبدئي
10569828991279,global-keratin-deep-cond-mask-200-ml,قناع غلوبال كيراتين ديب كوند 200 مل,GK,العناية بالشعر,العناية بالشعر,1,بسيط,3575,1690,507,1183,0,متاح لدى المصدر,https://cdn.shopify.com/s/files/1/0935/9550/0847/files/Global-Keratin-Deep-Cond-Mask-200-ml.webp?v=1754298602,منتج قناع غلوبال كيراتين ديب كوند 200 مل من GK. التصنيف المرجعي: العناية بالشعر — بسيط. الوسوم المرجعية: Deep Repair، Dry & Damadged Hair، GK، Hair Care، Hair Concerns، Hair Mask، Weak & Thin.,https://alfouadpharmacies.com/en/products/global-keratin-deep-cond-mask-200-ml,AlFouad Pharmacies,Verify usage rights before commercial publication,غير مثبت,غير مثبت,مرجعي فقط — غير معتمد للنشر التجاري,بيانات مرجعية متاحة؛ يلزم تحقق PM,ضمن الفحص المبدئي
10569957802287,phyto-keratine-extreme-mask-250ml,قناع فيتو كيراتين إكستريم 250 مل,AlFouad Pharmacies,العناية بالشعر,العناية بالشعر,1,بسيط,,980,294,686,,غير متاح لدى المصدر,https://cdn.shopify.com/s/files/1/0935/9550/0847/files/Phyto-Keratine-Extreme-Mask-250ML-3.webp?v=1754297572,منتج قناع فيتو كيراتين إكستريم 250 مل من AlFouad Pharmacies. التصنيف المرجعي: العناية بالشعر — بسيط. الوسوم المرجعية: Anti-Frizz، Deep Repair، Dry & Damadged Hair، Hair Care، Hair Concerns، Hair Mask.,https://alfouadpharmacies.com/en/products/phyto-keratine-extreme-mask-250ml,AlFouad Pharmacies,Verify usage rights before commercial publication,غير مثبت,غير مثبت,مرجعي فقط — غير معتمد للنشر التجاري,بيانات مرجعية متاحة؛ يلزم تحقق PM,ضمن الفحص المبدئي
10569943777583,larel-dermovax-intensive-restor-mask-300ml,قناع لاريل ديرموفاكس المكثف لإصلاح الشعر 300 مل,AlFouad Pharmacies,العناية بالشعر,العناية بالشعر,1,بسيط,112379,1352,405.6,946.4,,متاح لدى المصدر,https://cdn.shopify.com/s/files/1/0935/9550/0847/files/Dermovax-Mask.webp?v=1754297711,منتج قناع لاريل ديرموفاكس المكثف لإصلاح الشعر 300 مل من AlFouad Pharmacies. التصنيف المرجعي: العناية بالشعر — بسيط. الوسوم المرجعية: Deep Repair، Dry & Damadged Hair، Hair Care، Hair Concerns، Hair Mask.,https://alfouadpharmacies.com/en/products/larel-dermovax-intensive-restor-mask-300ml,AlFouad Pharmacies,Verify usage rights before commercial publication,غير مثبت,غير مثبت,مرجعي فقط — غير معتمد للنشر التجاري,بيانات مرجعية متاحة؛ يلزم تحقق PM,ضمن الفحص المبدئي
10569847439663,loreal-prof-inforcer-mask-500ml,قناع لوريال برو إنفورسر 500 مل,LOREAL PROF,العناية بالشعر,العناية بالشعر,1,بسيط,31306,1200,360,840,0,غير متاح لدى المصدر,https://cdn.shopify.com/s/files/1/0935/9550/0847/files/Loreal-Prof.-Inforcer-Mask-500ML.webp?v=1754298459,منتج قناع لوريال برو إنفورسر 500 مل من LOREAL PROF. التصنيف المرجعي: العناية بالشعر — بسيط. الوسوم المرجعية: Deep Repair، Dry & Damadged Hair، Hair Care، Hair Concerns، Hair Mask، Weak & Thin.,https://alfouadpharmacies.com/en/products/loreal-prof-inforcer-mask-500ml,AlFouad Pharmacies,Verify usage rights before commercial publication,غير مثبت,غير مثبت,مرجعي فقط — غير معتمد للنشر التجاري,بيانات مرجعية متاحة؛ يلزم تحقق PM,ضمن الفحص المبدئي
10569838002479,loreal-prof-curl-expr-intensive-mask-500ml,قناع لوريال برو كيرل إكسبيرت المكثف 500 مل,LOREAL PROF,العناية بالشعر,العناية بالشعر,1,بسيط,32632,2310,693,1617,0,غير متاح لدى المصدر,https://cdn.shopify.com/s/files/1/0935/9550/0847/files/Loreal-Prof.-Curl-Expr.-Intensive-Mask-500ML.webp?v=1754298532,منتج قناع لوريال برو كيرل إكسبيرت المكثف 500 مل من LOREAL PROF. التصنيف المرجعي: العناية بالشعر — بسيط. الوسوم المرجعية: Anti-Frizz، Curly Hair، Curly Hair Mask، Deep Repair، Hair Care، Hair Concerns، Hair Defining & Volume.,https://alfouadpharmacies.com/en/products/loreal-prof-curl-expr-intensive-mask-500ml,AlFouad Pharmacies,Verify usage rights before commercial publication,غير مثبت,غير مثبت,مرجعي فقط — غير معتمد للنشر التجاري,بيانات مرجعية متاحة؛ يلزم تحقق PM,ضمن الفحص المبدئي
10569845375279,loreal-prof-curl-expr-intensive-rich-mask-250ml,قناع لوريال برو كيرل إكسبيرت المكثف الغني 250 مل,LOREAL PROF,العناية بالشعر,العناية بالشعر,1,بسيط,24181,1556,466.8,1089.2,0,غير متاح لدى المصدر,https://cdn.shopify.com/s/files/1/0935/9550/0847/files/Loreal-Prof.-Curl-Expr.-Intensive-Rich-Mask-250ML.webp?v=1754298482,منتج قناع لوريال برو كيرل إكسبيرت المكثف الغني 250 مل من LOREAL PROF. التصنيف المرجعي: العناية بالشعر — بسيط. الوسوم المرجعية: Anti-Frizz، Curly Hair، Curly Hair Mask، Hair Care، Hair Concerns، Hair Defining & Volume.,https://alfouadpharmacies.com/en/products/loreal-prof-curl-expr-intensive-rich-mask-250ml,AlFouad Pharmacies,Verify usage rights before commercial publication,غير مثبت,غير مثبت,مرجعي فقط — غير معتمد للنشر التجاري,بيانات مرجعية متاحة؛ يلزم تحقق PM,ضمن الفحص المبدئي
10569845834031,loreal-prof-curl-expr-intensive-rich-mask-500ml,قناع لوريال برو كيرل إكسبيرت المكثف الغني 500 مل,LOREAL PROF,العناية بالشعر,العناية بالشعر,1,بسيط,101547,2215,664.5,1550.5,0,غير متاح لدى المصدر,https://cdn.shopify.com/s/files/1/0935/9550/0847/files/Loreal-Prof.-Curl-Expr.-Intensive-Rich-Mask-500ML.webp?v=1754298479,منتج قناع لوريال برو كيرل إكسبيرت المكثف الغني 500 مل من LOREAL PROF. التصنيف المرجعي: العناية بالشعر — بسيط. الوسوم المرجعية: Anti-Frizz، Curly Hair، Curly Hair Mask، Hair Care، Hair Concerns، Hair Defining & Volume.,https://alfouadpharmacies.com/en/products/loreal-prof-curl-expr-intensive-rich-mask-500ml,AlFouad Pharmacies,Verify usage rights before commercial publication,غير مثبت,غير مثبت,مرجعي فقط — غير معتمد للنشر التجاري,بيانات مرجعية متاحة؛ يلزم تحقق PM,ضمن الفحص المبدئي
10569851765039,loreal-prof-pro-longer-mask-75ml,قناع لوريال برو لوينجر 75 مل,LOREAL PROF,العناية بالشعر,العناية بالشعر,1,بسيط,8063,350,105,245,0,غير متاح لدى المصدر,https://cdn.shopify.com/s/files/1/0935/9550/0847/files/Loreal-Prof.-Pro-Longer-Mask-75ML.webp?v=1754298420,منتج قناع لوريال برو لوينجر 75 مل من LOREAL PROF. التصنيف المرجعي: العناية بالشعر — بسيط. الوسوم المرجعية: Anti-Frizz، Deep Repair، Hair Care، Hair Concerns، Hair Mask، Weak & Thin.,https://alfouadpharmacies.com/en/products/loreal-prof-pro-longer-mask-75ml,AlFouad Pharmacies,Verify usage rights before commercial publication,غير مثبت,غير مثبت,مرجعي فقط — غير معتمد للنشر التجاري,بيانات مرجعية متاحة؛ يلزم تحقق PM,ضمن الفحص المبدئي
10569837609263,loreal-prof-blondifier-mask-250ml,قناع لوريال بروفيشنال بلوندي فاير 250 مل,LOREAL PROF,العناية بالشعر,العناية بالشعر,1,بسيط,88417,730,219,511,,غير متاح لدى المصدر,https://cdn.shopify.com/s/files/1/0935/9550/0847/files/Loreal-Prof.-Blondifier-Mask-250ML.webp?v=1754298537,منتج قناع لوريال بروفيشنال بلوندي فاير 250 مل من LOREAL PROF. التصنيف المرجعي: العناية بالشعر — بسيط. الوسوم المرجعية: Colored Hair، Hair Care، Hair Color، Hair Concerns، Hair Mask.,https://alfouadpharmacies.com/en/products/loreal-prof-blondifier-mask-250ml,AlFouad Pharmacies,Verify usage rights before commercial publication,غير مثبت,غير مثبت,مرجعي فقط — غير معتمد للنشر التجاري,بيانات مرجعية متاحة؛ يلزم تحقق PM,ضمن الفحص المبدئي
10569837936943,loreal-prof-curl-expr-intensive-mask-250ml,قناع لوريال محترف لتصفيف الشعر المجعد المكثف 250 مل,LOREAL PROF,العناية بالشعر,العناية بالشعر,1,بسيط,24144,1350,405,945,0,غير متاح لدى المصدر,https://cdn.shopify.com/s/files/1/0935/9550/0847/files/Loreal-Prof.-Curl-Expr.-Intensive-Mask-250ML.webp?v=1754298533,منتج قناع لوريال محترف لتصفيف الشعر المجعد المكثف 250 مل من LOREAL PROF. التصنيف المرجعي: العناية بالشعر — بسيط. الوسوم المرجعية: Anti-Frizz، Curly Hair، Curly Hair Mask، Deep Repair، Hair Care، Hair Concerns، Hair Defining & Volume.,https://alfouadpharmacies.com/en/products/loreal-prof-curl-expr-intensive-mask-250ml,AlFouad Pharmacies,Verify usage rights before commercial publication,غير مثبت,غير مثبت,مرجعي فقط — غير معتمد للنشر التجاري,بيانات مرجعية متاحة؛ يلزم تحقق PM,ضمن الفحص المبدئي
10569847406895,loreal-prof-inforcer-mask-250ml,قناع لوريال محترف لتقوية الشعر 250 مل,LOREAL PROF,العناية بالشعر,العناية بالشعر,1,بسيط,88589,1548,464.4,1083.6,0,غير متاح لدى المصدر,https://cdn.shopify.com/s/files/1/0935/9550/0847/files/Loreal-Prof.-Inforcer-Mask-250ML.webp?v=1754298459,منتج قناع لوريال محترف لتقوية الشعر 250 مل من LOREAL PROF. التصنيف المرجعي: العناية بالشعر — بسيط. الوسوم المرجعية: Deep Repair، Dry & Damadged Hair، Hair Care، Hair Concerns، Hair Mask، loreal prof، Weak & Thin.,https://alfouadpharmacies.com/en/products/loreal-prof-inforcer-mask-250ml,AlFouad Pharmacies,Verify usage rights before commercial publication,غير مثبت,غير مثبت,مرجعي فقط — غير معتمد للنشر التجاري,بيانات مرجعية متاحة؛ يلزم تحقق PM,ضمن الفحص المبدئي
14208514031919,capixy-hair-oil-elixir-30ml,كابيكسى زيت الشعر إليكسير – 30 مل,CAPIXY,العناية بالشعر,العناية بالشعر,1,Hair Care,115814,750,225,525,,متاح لدى المصدر,https://cdn.shopify.com/s/files/1/0935/9550/0847/files/1_-_2026-07-09T122051.772.webp?v=1783588939,منتج كابيكسى زيت الشعر إليكسير – 30 مل من CAPIXY. التصنيف المرجعي: العناية بالشعر — Hair Care. الوسوم المرجعية: Dry & Damadged Hair، Hair Care، Hair Defining & Volume، Hair Growth، Hair Oil.,https://alfouadpharmacies.com/en/products/capixy-hair-oil-elixir-30ml,AlFouad Pharmacies,Verify usage rights before commercial publication,غير مثبت,غير مثبت,مرجعي فقط — غير معتمد للنشر التجاري,بيانات مرجعية متاحة؛ يلزم تحقق PM,ضمن الفحص المبدئي
12689768775983,capixy-hair-intense-spray-125ml,كابيكسي بخاخ مكثف لمكافحة تساقط الشعر 125 مل,CAPIXY,العناية بالشعر,العناية بالشعر,1,علاج تساقط الشعر,25519,700,210,490,0,متاح لدى المصدر,https://cdn.shopify.com/s/files/1/0935/9550/0847/files/672.webp?v=1780829494,منتج كابيكسي بخاخ مكثف لمكافحة تساقط الشعر 125 مل من CAPIXY. التصنيف المرجعي: العناية بالشعر — علاج تساقط الشعر. الوسوم المرجعية: Hair Care، Hair Concerns، Hair Loss، Hair Spray.,https://alfouadpharmacies.com/en/products/capixy-hair-intense-spray-125ml,AlFouad Pharmacies,Verify usage rights before commercial publication,غير مثبت,غير مثبت,مرجعي فقط — غير معتمد للنشر التجاري,بيانات مرجعية متاحة؛ يلزم تحقق PM,ضمن الفحص المبدئي
12689556308271,كابيكسي-سيروم-المعالجة-ألتيميت-ومخصب-الشعر-120-مل,كابيكسي سيروم المعالجة ألتيميت ومخصب الشعر 120 مل,CAPIXY,العناية بالشعر,العناية بالشعر,1,SERUM,113778,475,142.5,332.5,0,متاح لدى المصدر,https://cdn.shopify.com/s/files/1/0935/9550/0847/files/1_-_2026-07-09T134624.619.webp?v=1783594025,منتج كابيكسي سيروم المعالجة ألتيميت ومخصب الشعر 120 مل من CAPIXY. التصنيف المرجعي: العناية بالشعر — SERUM. الوسوم المرجعية: Dry & Damadged Hair، Hair Care، Hair Serum.,https://alfouadpharmacies.com/en/products/كابيكسي-سيروم-المعالجة-ألتيميت-ومخصب-الشعر-120-مل,AlFouad Pharmacies,Verify usage rights before commercial publication,غير مثبت,غير مثبت,مرجعي فقط — غير معتمد للنشر التجاري,بيانات مرجعية متاحة؛ يلزم تحقق PM,ضمن الفحص المبدئي
12689588683055,capixy-fertilizer-hair-mask-250ml,كابيكسي ماسك المعالجة ألتيميت ومخصب الشعر,CAPIXY,العناية بالشعر,العناية بالشعر,1,ماسك ,113090,450,135,315,0,متاح لدى المصدر,https://cdn.shopify.com/s/files/1/0935/9550/0847/files/1_-_2026-07-09T121607.313.webp?v=1783588641,منتج كابيكسي ماسك المعالجة ألتيميت ومخصب الشعر من CAPIXY. التصنيف المرجعي: العناية بالشعر — ماسك . الوسوم المرجعية: Hair Care، Hair Mask.,https://alfouadpharmacies.com/en/products/capixy-fertilizer-hair-mask-250ml,AlFouad Pharmacies,Verify usage rights before commercial publication,غير مثبت,غير مثبت,مرجعي فقط — غير معتمد للنشر التجاري,بيانات مرجعية متاحة؛ يلزم تحقق PM,ضمن الفحص المبدئي
16022732144943,kamino-moto-trigger-hair-growth-180ml,كامينوموتو تريجر محفز نمو الشعر 180 مل ,Kamino Moto,العناية بالشعر,العناية بالشعر,1,علاج للتساقط ,87834,4920,1476,3444,,متاح لدى المصدر,https://cdn.shopify.com/s/files/1/0935/9550/0847/files/Group1_4.webp?v=1781430399,منتج كامينوموتو تريجر محفز نمو الشعر 180 مل  من Kamino Moto. التصنيف المرجعي: العناية بالشعر — علاج للتساقط . الوسوم المرجعية: Hair Care، Hair Growth، Hair Loss، Hair Spray، Hair Treatment، KAMINO MOTO.,https://alfouadpharmacies.com/en/products/kamino-moto-trigger-hair-growth-180ml,AlFouad Pharmacies,Verify usage rights before commercial publication,غير مثبت,غير مثبت,مرجعي فقط — غير معتمد للنشر التجاري,بيانات مرجعية متاحة؛ يلزم تحقق PM,ضمن الفحص المبدئي
16055605461295,كانتو-بالأفوكادو-لتنشيط-التجعيد-وتحديد-الكيرلي-355-مل,كانتو بالأفوكادو لتنشيط التجعيد وتحديد الكيرلي 355 مل,cantu,العناية بالشعر,العناية بالشعر,1,عنايه بالشعر ,92170,599,179.7,419.3,,غير متاح لدى المصدر,https://cdn.shopify.com/s/files/1/0935/9550/0847/files/Group1-2026-07-14T141918.603.webp?v=1784027976,منتج كانتو بالأفوكادو لتنشيط التجعيد وتحديد الكيرلي 355 مل من cantu. التصنيف المرجعي: العناية بالشعر — عنايه بالشعر . الوسوم المرجعية: CANTU، Curl Activator، Curls Activator، Curly، Curly Hair، Hair Care، Hair Concerns، Hair Treatment.,https://alfouadpharmacies.com/en/products/كانتو-بالأفوكادو-لتنشيط-التجعيد-وتحديد-الكيرلي-355-مل,AlFouad Pharmacies,Verify usage rights before commercial publication,غير مثبت,غير مثبت,مرجعي فقط — غير معتمد للنشر التجاري,بيانات مرجعية متاحة؛ يلزم تحقق PM,ضمن الفحص المبدئي
10569733374255,كبسولات-acm-نوفوفان-لمكمل-غذائي-للشعر-والأظافر-60-كبسولة,كبسولات ACM نوفوفان لمكمل غذائي للشعر والأظافر 60 كبسولة,ACM,العناية بالشعر,العناية بالشعر,1,عنايه بالشعر ,6816,990,297,693,,متاح لدى المصدر,https://cdn.shopify.com/s/files/1/0935/9550/0847/files/acm_novophane_1615_web_31kb.webp?v=1788941544,منتج كبسولات ACM نوفوفان لمكمل غذائي للشعر والأظافر 60 كبسولة من ACM. التصنيف المرجعي: العناية بالشعر — عنايه بالشعر . الوسوم المرجعية: Adult Vitamins، Hair Care، Hair Concerns، Hair Loss، Hair Treatment، limit، limit-one، Vitamins & Supplements.,https://alfouadpharmacies.com/en/products/كبسولات-acm-نوفوفان-لمكمل-غذائي-للشعر-والأظافر-60-كبسولة,AlFouad Pharmacies,Verify usage rights before commercial publication,غير مثبت,غير مثبت,مرجعي فقط — غير معتمد للنشر التجاري,بيانات مرجعية متاحة؛ يلزم تحقق PM,مراجعة نطاق/تنظيم قبل الإدراج
16109121110319,كبسولات-بريورين-إكسترا-لتغذية-وإنبات-الشعر-60-كبسولة,كبسولات بريورين إكسترا لتغذية وإنبات الشعر 60 كبسولة,PRIORIN,العناية بالشعر,العناية بالشعر,1,كبسولات للشعر ,117688,2250,675,1575,,متاح لدى المصدر,https://cdn.shopify.com/s/files/1/0935/9550/0847/files/PRIORIN-EXTRA-60-CAPSULES.webp?v=1785766539,منتج كبسولات بريورين إكسترا لتغذية وإنبات الشعر 60 كبسولة من PRIORIN. التصنيف المرجعي: العناية بالشعر — كبسولات للشعر . الوسوم المرجعية: Hair Care، Hair Growth، Hair Loss، PRIORIN.,https://alfouadpharmacies.com/en/products/كبسولات-بريورين-إكسترا-لتغذية-وإنبات-الشعر-60-كبسولة,AlFouad Pharmacies,Verify usage rights before commercial publication,غير مثبت,غير مثبت,مرجعي فقط — غير معتمد للنشر التجاري,بيانات مرجعية متاحة؛ يلزم تحقق PM,مراجعة نطاق/تنظيم قبل الإدراج
10569725968687,avrelle-almond-jojoba-leave-in-cream-250ml,كريم أفريل باللوز والجوجوبا الذي يُترك على الشعر 250 مل,Avrelle,العناية بالشعر,العناية بالشعر,1,بسيط,2998,385,115.5,269.5,0,متاح لدى المصدر,https://cdn.shopify.com/s/files/1/0935/9550/0847/files/Avrelle-Almond-Jojoba-Leave-in-Cream-250ml.webp?v=1754299139,منتج كريم أفريل باللوز والجوجوبا الذي يُترك على الشعر 250 مل من Avrelle. التصنيف المرجعي: العناية بالشعر — بسيط. الوسوم المرجعية: Anti-Frizz، Curly Hair، Curly Leave In Cream، Hair Care، Hair Concerns.,https://alfouadpharmacies.com/en/products/avrelle-almond-jojoba-leave-in-cream-250ml,AlFouad Pharmacies,Verify usage rights before commercial publication,غير مثبت,غير مثبت,مرجعي فقط — غير معتمد للنشر التجاري,بيانات مرجعية متاحة؛ يلزم تحقق PM,ضمن الفحص المبدئي
10569725804847,avrelle-sheabutter-argan-leave-in-cream-250ml,كريم أفريل بزبدة الشيا والأرغان الذي يُترك على الشعر 250 مل,Avrelle,العناية بالشعر,العناية بالشعر,1,بسيط,5775,385,115.5,269.5,0,متاح لدى المصدر,https://cdn.shopify.com/s/files/1/0935/9550/0847/files/Avrelle-Sheabutter-Argan-Leave-in-Cream-250ml.webp?v=1754299140,منتج كريم أفريل بزبدة الشيا والأرغان الذي يُترك على الشعر 250 مل من Avrelle. التصنيف المرجعي: العناية بالشعر — بسيط. الوسوم المرجعية: Dry & Damadged Hair، Hair Care، Hair Concerns، Leave In Cream.,https://alfouadpharmacies.com/en/products/avrelle-sheabutter-argan-leave-in-cream-250ml,AlFouad Pharmacies,Verify usage rights before commercial publication,غير مثبت,غير مثبت,مرجعي فقط — غير معتمد للنشر التجاري,بيانات مرجعية متاحة؛ يلزم تحقق PM,ضمن الفحص المبدئي
10569729474863,infinity-treato-cream-120ml,كريم إنفينيتي تريتو 120 مل,AlFouad Pharmacies,العناية بالشعر,العناية بالشعر,1,بسيط,105312,185,55.5,129.5,,غير متاح لدى المصدر,https://cdn.shopify.com/s/files/1/0935/9550/0847/files/Infinity-Treato-Cream-120ml.webp?v=1754299076,منتج كريم إنفينيتي تريتو 120 مل من AlFouad Pharmacies. التصنيف المرجعي: العناية بالشعر — بسيط. الوسوم المرجعية: Dry & Damadged Hair، Hair Care، Hair Concerns، Hair Cream.,https://alfouadpharmacies.com/en/products/infinity-treato-cream-120ml,AlFouad Pharmacies,Verify usage rights before commercial publication,غير مثبت,غير مثبت,مرجعي فقط — غير معتمد للنشر التجاري,بيانات مرجعية متاحة؛ يلزم تحقق PM,ضمن الفحص المبدئي
10569728033071,eva-keratin-leave-in-cream-200ml,كريم إيفا كيراتين الذي يُترك على الشعر 200 مل,AlFouad Pharmacies,العناية بالشعر,العناية بالشعر,1,بسيط,12426,120,36,84,,متاح لدى المصدر,https://cdn.shopify.com/s/files/1/0935/9550/0847/files/EVAKERATINLEAVE-INCREAM200ML.webp?v=1765180148,منتج كريم إيفا كيراتين الذي يُترك على الشعر 200 مل من AlFouad Pharmacies. التصنيف المرجعي: العناية بالشعر — بسيط. الوسوم المرجعية: Curly Hair، Curly Leave In Cream، Dry & Damadged Hair، Hair Care، Hair Concerns.,https://alfouadpharmacies.com/en/products/eva-keratin-leave-in-cream-200ml,AlFouad Pharmacies,Verify usage rights before commercial publication,غير مثبت,غير مثبت,مرجعي فقط — غير معتمد للنشر التجاري,بيانات مرجعية متاحة؛ يلزم تحقق PM,ضمن الفحص المبدئي
10569728557359,eva-hair-cream-185gm-honey,كريم إيفا للشعر 185 غرام (عسل),AlFouad Pharmacies,العناية بالشعر,العناية بالشعر,1,بسيط,7191,85,25.5,59.5,,متاح لدى المصدر,https://cdn.shopify.com/s/files/1/0935/9550/0847/files/Eva-Hair-Cream-185gm-Honey.webp?v=1754299091,منتج كريم إيفا للشعر 185 غرام (عسل) من AlFouad Pharmacies. التصنيف المرجعي: العناية بالشعر — بسيط. الوسوم المرجعية: Dry & Damadged Hair، Hair Care، Hair Concerns، Hair Cream.,https://alfouadpharmacies.com/en/products/eva-hair-cream-185gm-honey,AlFouad Pharmacies,Verify usage rights before commercial publication,غير مثبت,غير مثبت,مرجعي فقط — غير معتمد للنشر التجاري,بيانات مرجعية متاحة؛ يلزم تحقق PM,ضمن الفحص المبدئي
10569728524591,eva-hair-cream-185gm-aloe-vera,كريم إيفا للشعر 185 غرام صبار الألوفيرا,AlFouad Pharmacies,العناية بالشعر,العناية بالشعر,1,بسيط,12422,85,25.5,59.5,,متاح لدى المصدر,https://cdn.shopify.com/s/files/1/0935/9550/0847/files/Eva-Hair-Cream-185gm-Aloe-vera.webp?v=1754299092,منتج كريم إيفا للشعر 185 غرام صبار الألوفيرا من AlFouad Pharmacies. التصنيف المرجعي: العناية بالشعر — بسيط. الوسوم المرجعية: Dry & Damadged Hair، Hair Care، Hair Concerns، Hair Cream.,https://alfouadpharmacies.com/en/products/eva-hair-cream-185gm-aloe-vera,AlFouad Pharmacies,Verify usage rights before commercial publication,غير مثبت,غير مثبت,مرجعي فقط — غير معتمد للنشر التجاري,بيانات مرجعية متاحة؛ يلزم تحقق PM,ضمن الفحص المبدئي
10569729016111,eva-hair-cream-45gm-honey,كريم إيفا للشعر 45 جم (عسل),AlFouad Pharmacies,العناية بالشعر,العناية بالشعر,1,بسيط,7699,35,10.5,24.5,,متاح لدى المصدر,https://cdn.shopify.com/s/files/1/0935/9550/0847/files/Eva-Hair-Cream-85gm-Honey_f1f7dcdd-f3eb-4eed-acd7-f89e35928d6b.webp?v=1754299084,منتج كريم إيفا للشعر 45 جم (عسل) من AlFouad Pharmacies. التصنيف المرجعي: العناية بالشعر — بسيط. الوسوم المرجعية: Dry & Damadged Hair، Hair Care، Hair Concerns، Hair Cream.,https://alfouadpharmacies.com/en/products/eva-hair-cream-45gm-honey,AlFouad Pharmacies,Verify usage rights before commercial publication,غير مثبت,غير مثبت,مرجعي فقط — غير معتمد للنشر التجاري,بيانات مرجعية متاحة؛ يلزم تحقق PM,ضمن الفحص المبدئي
10569729376559,eva-hair-cream-45gm-aloe-vera,كريم إيفا للشعر 45 جم صبار الألوفيرا,AlFouad Pharmacies,العناية بالشعر,العناية بالشعر,1,بسيط,12431,35,10.5,24.5,,متاح لدى المصدر,https://cdn.shopify.com/s/files/1/0935/9550/0847/files/Eva-Hair-Cream-45gm-Aloe-vera.webp?v=1754299078,منتج كريم إيفا للشعر 45 جم صبار الألوفيرا من AlFouad Pharmacies. التصنيف المرجعي: العناية بالشعر — بسيط. الوسوم المرجعية: Dry & Damadged Hair، Hair Care، Hair Concerns، Hair Cream.,https://alfouadpharmacies.com/en/products/eva-hair-cream-45gm-aloe-vera,AlFouad Pharmacies,Verify usage rights before commercial publication,غير مثبت,غير مثبت,مرجعي فقط — غير معتمد للنشر التجاري,بيانات مرجعية متاحة؛ يلزم تحقق PM,ضمن الفحص المبدئي
10569728819503,eva-hair-cream-85gm-honey,كريم إيفا للشعر 85 جرام (عسل),AlFouad Pharmacies,العناية بالشعر,العناية بالشعر,1,بسيط,7181,50,15,35,,متاح لدى المصدر,https://cdn.shopify.com/s/files/1/0935/9550/0847/files/Eva-Hair-Cream-85gm-Honey.webp?v=1754299086,منتج كريم إيفا للشعر 85 جرام (عسل) من AlFouad Pharmacies. التصنيف المرجعي: العناية بالشعر — بسيط. الوسوم المرجعية: Hair Care، Hair Cream.,https://alfouadpharmacies.com/en/products/eva-hair-cream-85gm-honey,AlFouad Pharmacies,Verify usage rights before commercial publication,غير مثبت,غير مثبت,مرجعي فقط — غير معتمد للنشر التجاري,بيانات مرجعية متاحة؛ يلزم تحقق PM,ضمن الفحص المبدئي
10569729343791,eva-hair-cream-85gm-honey-off,كريم إيفا للشعر 85 جم (عسل)  (خصم),AlFouad Pharmacies,العناية بالشعر,العناية بالشعر,1,بسيط,17758,40,12,28,,غير متاح لدى المصدر,https://cdn.shopify.com/s/files/1/0935/9550/0847/files/Eva-Hair-Cream-85gm-Honey-off.webp?v=1754299079,منتج كريم إيفا للشعر 85 جم (عسل)  (خصم) من AlFouad Pharmacies. التصنيف المرجعي: العناية بالشعر — بسيط. الوسوم المرجعية: Dry & Damadged Hair، Hair Care، Hair Concerns، Hair Cream.,https://alfouadpharmacies.com/en/products/eva-hair-cream-85gm-honey-off,AlFouad Pharmacies,Verify usage rights before commercial publication,غير مثبت,غير مثبت,مرجعي فقط — غير معتمد للنشر التجاري,بيانات مرجعية متاحة؛ يلزم تحقق PM,ضمن الفحص المبدئي
10569727541551,eva-hair-clinic-curls-cream-200ml,كريم إيفا هير كلينيك لتجعيد الشعر 200 مل,AlFouad Pharmacies,العناية بالشعر,العناية بالشعر,1,بسيط,97673,150,45,105,,متاح لدى المصدر,https://cdn.shopify.com/s/files/1/0935/9550/0847/files/WpCSI9w0xfcR4eL1kn5pLNjzPG6rzlebWHY1XpHB.webp?v=1776672005,منتج كريم إيفا هير كلينيك لتجعيد الشعر 200 مل من AlFouad Pharmacies. التصنيف المرجعي: العناية بالشعر — بسيط. الوسوم المرجعية: Anti-Frizz، Curls Cream، Curly Hair، Hair Care، Hair Concerns، Hair Defining & Volume.,https://alfouadpharmacies.com/en/products/eva-hair-clinic-curls-cream-200ml,AlFouad Pharmacies,Verify usage rights before commercial publication,غير مثبت,غير مثبت,مرجعي فقط — غير معتمد للنشر التجاري,بيانات مرجعية متاحة؛ يلزم تحقق PM,ضمن الفحص المبدئي
10569848652079,clear-men-hair-cream-210ml-hair-fall-defence,كريم الشعر المضاد لتساقط الشعر من كلير للرجال 210 مل,Clear,العناية بالشعر,العناية بالشعر,1,بسيط,13425,90,27,63,,متاح لدى المصدر,https://cdn.shopify.com/s/files/1/0935/9550/0847/files/Clear-Men-Hair-Cream-210ML-Hair-Fall-Defence.webp?v=1754298449,منتج كريم الشعر المضاد لتساقط الشعر من كلير للرجال 210 مل من Clear. التصنيف المرجعي: العناية بالشعر — بسيط. الوسوم المرجعية: Anti-Frizz، Hair Care، Hair Concerns، Hair Cream.,https://alfouadpharmacies.com/en/products/clear-men-hair-cream-210ml-hair-fall-defence,AlFouad Pharmacies,Verify usage rights before commercial publication,غير مثبت,غير مثبت,مرجعي فقط — غير معتمد للنشر التجاري,بيانات مرجعية متاحة؛ يلزم تحقق PM,ضمن الفحص المبدئي
10569902620975,loreal-elvive-full-resist-hair-cream-200ml,كريم الشعر لوريال إلفيف فول ريزيست 200 مل,LOREAL PCD,العناية بالشعر,العناية بالشعر,1,بسيط,13413,253,75.9,177.1,,متاح لدى المصدر,https://cdn.shopify.com/s/files/1/0935/9550/0847/files/Loreal-Elvive-Full-Resist-Hair-Cream-200ML.webp?v=1754298099,منتج كريم الشعر لوريال إلفيف فول ريزيست 200 مل من LOREAL PCD. التصنيف المرجعي: العناية بالشعر — بسيط. الوسوم المرجعية: Hair Care، Hair Concerns، Hair Cream، Hair Loss.,https://alfouadpharmacies.com/en/products/loreal-elvive-full-resist-hair-cream-200ml,AlFouad Pharmacies,Verify usage rights before commercial publication,غير مثبت,غير مثبت,مرجعي فقط — غير معتمد للنشر التجاري,بيانات مرجعية متاحة؛ يلزم تحقق PM,ضمن الفحص المبدئي
