معرّف المنتج في المصدر,Handle المرجعي,اسم المنتج,العلامة التجارية,التصنيف الأساسي المرجعي,التصنيفات التي يظهر بها المنتج,عدد مرات الظهور عبر التصنيفات,نوع المنتج المرجعي,كود المورد/المصدر (ليس SKU لـ PM),سعر الجمهور المرجعي (ج.م),قيمة خصم 30% المرجعية (ج.م),سعر الجملة المرجعي بعد الخصم (ج.م),سعر المقارنة في المصدر (ج.م),التوفر لدى المصدر المرجعي فقط,رابط الصورة المرجعي,الوصف المرجعي,رابط المنتج المرجعي,المصدر,حقوق استخدام الصورة,دليل مخزون PM,دليل تكلفة PM,حالة النشر التجاري,مراجعة البيانات,مراجعة النطاق
10569968484655,burberry-my-burberry-fw-edp-90-ml,Burberry My Burberry F/W عطر نسائي 90 مل,perfumes,العطور,العطور,1,بسيط,95973,6075,1822.5,4252.5,,متاح لدى المصدر,https://cdn.shopify.com/s/files/1/0935/9550/0847/files/Burberry-My-Burberry-FW-Edp-90-ml.webp?v=1754297510,منتج Burberry My Burberry F/W عطر نسائي 90 مل من perfumes. التصنيف المرجعي: العطور — بسيط. الوسوم المرجعية: Perfumes، Women’s Perfumes.,https://alfouadpharmacies.com/en/products/burberry-my-burberry-fw-edp-90-ml,AlFouad Pharmacies,Verify usage rights before commercial publication,غير مثبت,غير مثبت,مرجعي فقط — غير معتمد للنشر التجاري,بيانات مرجعية متاحة؛ يلزم تحقق PM,ضمن الفحص المبدئي
10569970123055,cherrera-212-vip-edt-100mlshower,C.HERRERA 212 VIP (ماء تواليت 100 مل + جل استحمام),perfumes,العطور,العطور,1,بسيط,109258,5500,1650,3850,,متاح لدى المصدر,https://cdn.shopify.com/s/files/1/0935/9550/0847/files/p-pdl1160-1-3fb58f75-115d-4a2d-81bd-bb9ba98ec589_800x_66737029-cc2c-43ce-b6c4-3d25ac30bc9d.webp?v=1754297494,منتج C.HERRERA 212 VIP (ماء تواليت 100 مل + جل استحمام) من perfumes. التصنيف المرجعي: العطور — بسيط. الوسوم المرجعية: Men’s Perfumes، Perfumes.,https://alfouadpharmacies.com/en/products/cherrera-212-vip-edt-100mlshower,AlFouad Pharmacies,Verify usage rights before commercial publication,غير مثبت,غير مثبت,مرجعي فقط — غير معتمد للنشر التجاري,بيانات مرجعية متاحة؛ يلزم تحقق PM,ضمن الفحص المبدئي
10569970155823,cherrera-212-vip-black-nyc-fm-100ml,C.HERRERA 212 VIP Black NYC F/M 100 مل,perfumes,العطور,العطور,1,بسيط,14406,6000,1800,4200,,غير متاح لدى المصدر,https://cdn.shopify.com/s/files/1/0935/9550/0847/files/51soGRNM8uL.webp?v=1754297494,منتج C.HERRERA 212 VIP Black NYC F/M 100 مل من perfumes. التصنيف المرجعي: العطور — بسيط. الوسوم المرجعية: Men’s Perfumes، Perfumes.,https://alfouadpharmacies.com/en/products/cherrera-212-vip-black-nyc-fm-100ml,AlFouad Pharmacies,Verify usage rights before commercial publication,غير مثبت,غير مثبت,مرجعي فقط — غير معتمد للنشر التجاري,بيانات مرجعية متاحة؛ يلزم تحقق PM,ضمن الفحص المبدئي
10569970352431,cherrera-212-vip-fw-edp-80mlblotion,C.HERRERA 212 VIP F/W (ماء عطر 80 مل + لوشن للجسم),perfumes,العطور,العطور,1,بسيط,103528,4500,1350,3150,,غير متاح لدى المصدر,https://cdn.shopify.com/s/files/1/0935/9550/0847/files/51lrevLagTL.webp?v=1754297491,منتج C.HERRERA 212 VIP F/W (ماء عطر 80 مل + لوشن للجسم) من perfumes. التصنيف المرجعي: العطور — بسيط. الوسوم المرجعية: Perfumes، Women’s Perfumes.,https://alfouadpharmacies.com/en/products/cherrera-212-vip-fw-edp-80mlblotion,AlFouad Pharmacies,Verify usage rights before commercial publication,غير مثبت,غير مثبت,مرجعي فقط — غير معتمد للنشر التجاري,بيانات مرجعية متاحة؛ يلزم تحقق PM,ضمن الفحص المبدئي
10569971335471,cherrera-bad-boy-dazzling-garden-edt-100ml-fm,C.HERRERA Bad Boy Dazzling Garden عطر للرجال والنساء 100 مل,perfumes,العطور,العطور,1,بسيط,6226,4200,1260,2940,,غير متاح لدى المصدر,https://cdn.shopify.com/s/files/1/0935/9550/0847/files/C.HERRERA-Bad-Boy-Dazzling-Garden-Edt-100ML-FM.webp?v=1754297477,منتج C.HERRERA Bad Boy Dazzling Garden عطر للرجال والنساء 100 مل من perfumes. التصنيف المرجعي: العطور — بسيط. الوسوم المرجعية: Men’s Perfumes، Perfumes.,https://alfouadpharmacies.com/en/products/cherrera-bad-boy-dazzling-garden-edt-100ml-fm,AlFouad Pharmacies,Verify usage rights before commercial publication,غير مثبت,غير مثبت,مرجعي فقط — غير معتمد للنشر التجاري,بيانات مرجعية متاحة؛ يلزم تحقق PM,ضمن الفحص المبدئي
10569971630383,cherrera-bad-boy-extreme-edp100ml,C.HERRERA Bad Boy Extreme عطر رجالي 100 مل,perfumes,العطور,العطور,1,بسيط,21565,6600,1980,4620,,غير متاح لدى المصدر,https://cdn.shopify.com/s/files/1/0935/9550/0847/files/C.HERRERA-Bad-Boy-Extreme-Edp-FW-100ML.webp?v=1754297470,منتج C.HERRERA Bad Boy Extreme عطر رجالي 100 مل من perfumes. التصنيف المرجعي: العطور — بسيط. الوسوم المرجعية: Men’s Perfumes، Perfumes.,https://alfouadpharmacies.com/en/products/cherrera-bad-boy-extreme-edp100ml,AlFouad Pharmacies,Verify usage rights before commercial publication,غير مثبت,غير مثبت,مرجعي فقط — غير معتمد للنشر التجاري,بيانات مرجعية متاحة؛ يلزم تحقق PM,ضمن الفحص المبدئي
10569971532079,cherrera-bad-boy-edt-100-ml,C.HERRERA Bad Boy عطر رجالي 100 مل,perfumes,العطور,العطور,1,بسيط,24485,3450,1035,2415,,غير متاح لدى المصدر,https://cdn.shopify.com/s/files/1/0935/9550/0847/files/C.HERRERA-Bad-Boy-Edt-100-ml.webp?v=1754297471,منتج C.HERRERA Bad Boy عطر رجالي 100 مل من perfumes. التصنيف المرجعي: العطور — بسيط. الوسوم المرجعية: Men’s Perfumes، Perfumes.,https://alfouadpharmacies.com/en/products/cherrera-bad-boy-edt-100-ml,AlFouad Pharmacies,Verify usage rights before commercial publication,غير مثبت,غير مثبت,مرجعي فقط — غير معتمد للنشر التجاري,بيانات مرجعية متاحة؛ يلزم تحقق PM,ضمن الفحص المبدئي
10569973006639,chkoudra-die-force-edp-100ml,Chkoudra .Die Force عطر رجالي 100 مل,perfumes,العطور,العطور,1,بسيط,96776,140,42,98,,غير متاح لدى المصدر,https://cdn.shopify.com/s/files/1/0935/9550/0847/files/Chkoudra-.Die-Force-Edp-100-ml-FW.webp?v=1754297458,منتج Chkoudra .Die Force عطر رجالي 100 مل من perfumes. التصنيف المرجعي: العطور — بسيط. الوسوم المرجعية: Perfumes، Women’s Perfumes.,https://alfouadpharmacies.com/en/products/chkoudra-die-force-edp-100ml,AlFouad Pharmacies,Verify usage rights before commercial publication,غير مثبت,غير مثبت,مرجعي فقط — غير معتمد للنشر التجاري,بيانات مرجعية متاحة؛ يلزم تحقق PM,ضمن الفحص المبدئي
10569972220207,ck-euphoria-edp-100mllotion10ml,CK Euphoria (عطر 100 مل + لوشن + 10 مل),perfumes,العطور,العطور,1,بسيط,90393,4350,1305,3045,,غير متاح لدى المصدر,https://cdn.shopify.com/s/files/1/0935/9550/0847/files/C.K-Euphoria-FW-Edp-100MLLOTION10ML.webp?v=1754297464,منتج CK Euphoria (عطر 100 مل + لوشن + 10 مل) من perfumes. التصنيف المرجعي: العطور — بسيط. الوسوم المرجعية: Perfumes، Women’s Perfumes.,https://alfouadpharmacies.com/en/products/ck-euphoria-edp-100mllotion10ml,AlFouad Pharmacies,Verify usage rights before commercial publication,غير مثبت,غير مثبت,مرجعي فقط — غير معتمد للنشر التجاري,بيانات مرجعية متاحة؛ يلزم تحقق PM,ضمن الفحص المبدئي
10569972056367,ck-euphoria-100ml-edt,CK Euphoria 100 مل عطر تركيز EDT,perfumes,العطور,العطور,1,بسيط,90635,3500,1050,2450,,متاح لدى المصدر,https://cdn.shopify.com/s/files/1/0935/9550/0847/files/C.K-Euphoria-100ML-Edt-FM.webp?v=1754297466,منتج CK Euphoria 100 مل عطر تركيز EDT من perfumes. التصنيف المرجعي: العطور — بسيط. الوسوم المرجعية: Men’s Perfumes، Perfumes.,https://alfouadpharmacies.com/en/products/ck-euphoria-100ml-edt,AlFouad Pharmacies,Verify usage rights before commercial publication,غير مثبت,غير مثبت,مرجعي فقط — غير معتمد للنشر التجاري,بيانات مرجعية متاحة؛ يلزم تحقق PM,ضمن الفحص المبدئي
10569972154671,ck-euphoria-blush-edp-100ml,CK Euphoria Blush عطر نسائي 100 مل,perfumes,العطور,العطور,1,بسيط,26608,3700,1110,2590,,غير متاح لدى المصدر,https://cdn.shopify.com/s/files/1/0935/9550/0847/files/C.K-Euphoria-Blush-Edp-FW-100ML.webp?v=1754297465,منتج CK Euphoria Blush عطر نسائي 100 مل من perfumes. التصنيف المرجعي: العطور — بسيط. الوسوم المرجعية: Perfumes، Women’s Perfumes.,https://alfouadpharmacies.com/en/products/ck-euphoria-blush-edp-100ml,AlFouad Pharmacies,Verify usage rights before commercial publication,غير مثبت,غير مثبت,مرجعي فقط — غير معتمد للنشر التجاري,بيانات مرجعية متاحة؛ يلزم تحقق PM,ضمن الفحص المبدئي
10569972416815,ck-euphoria-pure-gold-edp-100ml,CK Euphoria Pure Gold عطر نسائي 100 مل,perfumes,العطور,العطور,1,بسيط,88513,4300,1290,3010,,غير متاح لدى المصدر,https://cdn.shopify.com/s/files/1/0935/9550/0847/files/C.K-Euphoria-Pure-Gold-Edp-100ML-FW.webp?v=1754297463,منتج CK Euphoria Pure Gold عطر نسائي 100 مل من perfumes. التصنيف المرجعي: العطور — بسيط. الوسوم المرجعية: Perfumes، Women’s Perfumes.,https://alfouadpharmacies.com/en/products/ck-euphoria-pure-gold-edp-100ml,AlFouad Pharmacies,Verify usage rights before commercial publication,غير مثبت,غير مثبت,مرجعي فقط — غير معتمد للنشر التجاري,بيانات مرجعية متاحة؛ يلزم تحقق PM,ضمن الفحص المبدئي
10569972187439,ck-euphoria-edp-100-ml,CK Euphoria عطر نسائي 100 مل,perfumes,العطور,العطور,1,بسيط,93799,4500,1350,3150,,متاح لدى المصدر,https://cdn.shopify.com/s/files/1/0935/9550/0847/files/41LOeTX9D4L._AC_UF8941000_QL80.webp?v=1754297465,منتج CK Euphoria عطر نسائي 100 مل من perfumes. التصنيف المرجعي: العطور — بسيط. الوسوم المرجعية: Perfumes، Women’s Perfumes.,https://alfouadpharmacies.com/en/products/ck-euphoria-edp-100-ml,AlFouad Pharmacies,Verify usage rights before commercial publication,غير مثبت,غير مثبت,مرجعي فقط — غير معتمد للنشر التجاري,بيانات مرجعية متاحة؛ يلزم تحقق PM,ضمن الفحص المبدئي
10569973530927,emporio-armani-stronger-with-you-fm-edt-100-ml,Emporio Armani Stronger With You F/M Edt 100 مل,perfumes,العطور,العطور,1,بسيط,10740,6200,1860,4340,,متاح لدى المصدر,https://cdn.shopify.com/s/files/1/0935/9550/0847/files/Emporio-Armani-Stronger-With-You-FM-Edt-100-ml.webp?v=1754297453,منتج Emporio Armani Stronger With You F/M Edt 100 مل من perfumes. التصنيف المرجعي: العطور — بسيط. الوسوم المرجعية: Men’s Perfumes، Perfumes.,https://alfouadpharmacies.com/en/products/emporio-armani-stronger-with-you-fm-edt-100-ml,AlFouad Pharmacies,Verify usage rights before commercial publication,غير مثبت,غير مثبت,مرجعي فقط — غير معتمد للنشر التجاري,بيانات مرجعية متاحة؛ يلزم تحقق PM,ضمن الفحص المبدئي
16033400586543,g-armani-acqua-di-gio-f-m-set-3pcs,G. ARMANI ACQUA DI GIO F/M SET 3PCS,perfumes,العطور,العطور,1,PERFUME,115790,8200,2460,5740,,متاح لدى المصدر,https://cdn.shopify.com/s/files/1/0935/9550/0847/files/1-2026-06-25T142234.596_31c9b520-49c7-40d5-a071-0e7697050d37.webp?v=1782386750,منتج G. ARMANI ACQUA DI GIO F/M SET 3PCS من perfumes. التصنيف المرجعي: العطور — PERFUME. الوسوم المرجعية: Bundle، Men’s Perfumes، Perfumes.,https://alfouadpharmacies.com/en/products/g-armani-acqua-di-gio-f-m-set-3pcs,AlFouad Pharmacies,Verify usage rights before commercial publication,غير مثبت,غير مثبت,مرجعي فقط — غير معتمد للنشر التجاري,بيانات مرجعية متاحة؛ يلزم تحقق PM,ضمن الفحص المبدئي
16054534111535,jean-paul-gaultier-le-male-elixir-set-2pcs,JEAN PAUL GAULTIER LE MALE ELIXIR SET 2PCS,perfumes,العطور,العطور,1,PERFUME,115785,9450,2835,6615,,متاح لدى المصدر,https://cdn.shopify.com/s/files/1/0935/9550/0847/files/1_34.webp?v=1783932030,منتج JEAN PAUL GAULTIER LE MALE ELIXIR SET 2PCS من perfumes. التصنيف المرجعي: العطور — PERFUME. الوسوم المرجعية: Bundle، Perfumes.,https://alfouadpharmacies.com/en/products/jean-paul-gaultier-le-male-elixir-set-2pcs,AlFouad Pharmacies,Verify usage rights before commercial publication,غير مثبت,غير مثبت,مرجعي فقط — غير معتمد للنشر التجاري,بيانات مرجعية متاحة؛ يلزم تحقق PM,ضمن الفحص المبدئي
10569978446127,st-dupont-essence-pure-edt-100ml,ST Dupont Essence Pure Edt 100 مل,perfumes,العطور,العطور,1,بسيط,0,2400,720,1680,,غير متاح لدى المصدر,https://cdn.shopify.com/s/files/1/0935/9550/0847/files/S.T.-Dupont-Essence-Pure-Edt-FM-100ML.webp?v=1754297395,منتج ST Dupont Essence Pure Edt 100 مل من perfumes. التصنيف المرجعي: العطور — بسيط. الوسوم المرجعية: Men’s Perfumes، Perfumes.,https://alfouadpharmacies.com/en/products/st-dupont-essence-pure-edt-100ml,AlFouad Pharmacies,Verify usage rights before commercial publication,غير مثبت,غير مثبت,مرجعي فقط — غير معتمد للنشر التجاري,بيانات مرجعية متاحة؛ يلزم تحقق PM,ضمن الفحص المبدئي
10569978478895,st-dupont-royal-amber-edp-100-ml,ST Dupont Royal Amber عطر رجالي 100 مل,perfumes,العطور,العطور,1,بسيط,0,4200,1260,2940,0,غير متاح لدى المصدر,https://cdn.shopify.com/s/files/1/0935/9550/0847/files/S.T.-Dupont-Royal-Amber-Edp-100-ml-FW.webp?v=1754297394,منتج ST Dupont Royal Amber عطر رجالي 100 مل من perfumes. التصنيف المرجعي: العطور — بسيط. الوسوم المرجعية: Men’s Perfumes، Perfumes، Women’s Perfumes.,https://alfouadpharmacies.com/en/products/st-dupont-royal-amber-edp-100-ml,AlFouad Pharmacies,Verify usage rights before commercial publication,غير مثبت,غير مثبت,مرجعي فقط — غير معتمد للنشر التجاري,بيانات مرجعية متاحة؛ يلزم تحقق PM,ضمن الفحص المبدئي
12689498734895,c-herrera-good-girl-blush-elixir-edp-80ml-f-w,أحمر خدود سي. هيريرا جود جيرل إكسير أو دو بارفان 80 مل F/W,perfumes,العطور,العطور,1,,25677,10500,3150,7350,,متاح لدى المصدر,https://cdn.shopify.com/s/files/1/0935/9550/0847/files/GOOD_GIRL_BLUSH_1615x1615_56f4a086-13a4-40b2-9895-d22fa0b8e71c.webp?v=1771868031,منتج أحمر خدود سي. هيريرا جود جيرل إكسير أو دو بارفان 80 مل F/W من perfumes. التصنيف المرجعي: العطور. الوسوم المرجعية: Perfumes، Women’s Perfumes.,https://alfouadpharmacies.com/en/products/c-herrera-good-girl-blush-elixir-edp-80ml-f-w,AlFouad Pharmacies,Verify usage rights before commercial publication,غير مثبت,غير مثبت,مرجعي فقط — غير معتمد للنشر التجاري,بيانات مرجعية متاحة؛ يلزم تحقق PM,ضمن الفحص المبدئي
12689491493167,c-herrera-good-girl-bowtastic-blush-edp-f-w-80ml,أحمر خدود سي. هيريرا جود جيرل بوتاستيك، ماء عطر خريفي/شتوي، 80 مل,perfumes,العطور,العطور,1,,114970,10000,3000,7000,,متاح لدى المصدر,https://cdn.shopify.com/s/files/1/0935/9550/0847/files/GOOD_GIRL_BOWTASTIC_1615x1615_fd1609ef-40c0-499d-a3ff-dfbe4b448a22.webp?v=1771872117,منتج أحمر خدود سي. هيريرا جود جيرل بوتاستيك، ماء عطر خريفي/شتوي، 80 مل من perfumes. التصنيف المرجعي: العطور. الوسوم المرجعية: Perfumes، Women’s Perfumes.,https://alfouadpharmacies.com/en/products/c-herrera-good-girl-bowtastic-blush-edp-f-w-80ml,AlFouad Pharmacies,Verify usage rights before commercial publication,غير مثبت,غير مثبت,مرجعي فقط — غير معتمد للنشر التجاري,بيانات مرجعية متاحة؛ يلزم تحقق PM,ضمن الفحص المبدئي
10569967436079,azzaro-pour-homme-edt-fm-100ml,أزارو بور هوم عطر للرجال 100 مل,perfumes,العطور,العطور,1,بسيط,10495,2600,780,1820,,غير متاح لدى المصدر,https://cdn.shopify.com/s/files/1/0935/9550/0847/files/AZZARO-POUR-HOMME-EDT-100ML.webp?v=1754297520,منتج أزارو بور هوم عطر للرجال 100 مل من perfumes. التصنيف المرجعي: العطور — بسيط. الوسوم المرجعية: Men’s Perfumes، Perfumes.,https://alfouadpharmacies.com/en/products/azzaro-pour-homme-edt-fm-100ml,AlFouad Pharmacies,Verify usage rights before commercial publication,غير مثبت,غير مثبت,مرجعي فقط — غير معتمد للنشر التجاري,بيانات مرجعية متاحة؛ يلزم تحقق PM,ضمن الفحص المبدئي
10569967567151,azzaro-wanted-girl-edp-80-ml-body-lotion-100ml,أزارو وانتد جيرل (ماء عطر 80 مل + لوشن للجسم 100 مل),perfumes,العطور,العطور,1,بسيط,9304,2500,750,1750,,غير متاح لدى المصدر,https://cdn.shopify.com/s/files/1/0935/9550/0847/files/Azzaro-Wanted-Girl-Edp-80-ml-Body-Lotion-100ML.webp?v=1754297518,منتج أزارو وانتد جيرل (ماء عطر 80 مل + لوشن للجسم 100 مل) من perfumes. التصنيف المرجعي: العطور — بسيط. الوسوم المرجعية: Perfumes، Women’s Perfumes.,https://alfouadpharmacies.com/en/products/azzaro-wanted-girl-edp-80-ml-body-lotion-100ml,AlFouad Pharmacies,Verify usage rights before commercial publication,غير مثبت,غير مثبت,مرجعي فقط — غير معتمد للنشر التجاري,بيانات مرجعية متاحة؛ يلزم تحقق PM,ضمن الفحص المبدئي
10569974513967,giorgio-armani-stronger-with-you-tobacco-edp-100ml,إمبوريو أرماني سترونجر ويذ يو توباكو أو دو بارفيوم 100 مل,perfumes,العطور,العطور,1,بيرفيوم ,14312,7500,2250,5250,,متاح لدى المصدر,https://cdn.shopify.com/s/files/1/0935/9550/0847/files/1_74.webp?v=1782302879,منتج إمبوريو أرماني سترونجر ويذ يو توباكو أو دو بارفيوم 100 مل من perfumes. التصنيف المرجعي: العطور — بيرفيوم . الوسوم المرجعية: Men’s Perfumes، Perfumes.,https://alfouadpharmacies.com/en/products/giorgio-armani-stronger-with-you-tobacco-edp-100ml,AlFouad Pharmacies,Verify usage rights before commercial publication,غير مثبت,غير مثبت,مرجعي فقط — غير معتمد للنشر التجاري,بيانات مرجعية متاحة؛ يلزم تحقق PM,ضمن الفحص المبدئي
10569978577199,ysl-y-intense-edp100ml,إي إس إل (واي) إن تنس عطر للرجال 100 مل,perfumes,العطور,العطور,1,بسيط,1656,9000,2700,6300,0,متاح لدى المصدر,https://cdn.shopify.com/s/files/1/0935/9550/0847/files/Y.S.L-Y-Intense-Edp-FM-100ML.webp?v=1754297392,منتج إي إس إل (واي) إن تنس عطر للرجال 100 مل من perfumes. التصنيف المرجعي: العطور — بسيط. الوسوم المرجعية: Men’s Perfumes، Perfumes.,https://alfouadpharmacies.com/en/products/ysl-y-intense-edp100ml,AlFouad Pharmacies,Verify usage rights before commercial publication,غير مثبت,غير مثبت,مرجعي فقط — غير معتمد للنشر التجاري,بيانات مرجعية متاحة؛ يلزم تحقق PM,ضمن الفحص المبدئي
10569978741039,ysl-liber-lep-90ml,إي اس إل ليبر لِيب 90 مل,perfumes,العطور,العطور,1,بسيط,0,9000,2700,6300,,غير متاح لدى المصدر,https://cdn.shopify.com/s/files/1/0935/9550/0847/files/Y.S.L-Liber-Lep-FW-90ML.webp?v=1754297390,منتج إي اس إل ليبر لِيب 90 مل من perfumes. التصنيف المرجعي: العطور — بسيط. الوسوم المرجعية: Perfumes، Women’s Perfumes.,https://alfouadpharmacies.com/en/products/ysl-liber-lep-90ml,AlFouad Pharmacies,Verify usage rights before commercial publication,غير مثبت,غير مثبت,مرجعي فقط — غير معتمد للنشر التجاري,بيانات مرجعية متاحة؛ يلزم تحقق PM,ضمن الفحص المبدئي
10569976971567,issey-miyake-leau-super-majeure-d-issey-edt-100ml,إيسي ميياكي لو سوبر ماجور دي إيسي، عطر رجالي، 100 مل.,perfumes,العطور,العطور,1,بسيط,10173,1850,555,1295,,غير متاح لدى المصدر,https://cdn.shopify.com/s/files/1/0935/9550/0847/files/Issey-Miyake-Leau-Super-Majeure-D-Issey-Edt-100ML.webp?v=1754297411,منتج إيسي ميياكي لو سوبر ماجور دي إيسي، عطر رجالي، 100 مل. من perfumes. التصنيف المرجعي: العطور — بسيط. الوسوم المرجعية: Men’s Perfumes، Perfumes.,https://alfouadpharmacies.com/en/products/issey-miyake-leau-super-majeure-d-issey-edt-100ml,AlFouad Pharmacies,Verify usage rights before commercial publication,غير مثبت,غير مثبت,مرجعي فقط — غير معتمد للنشر التجاري,بيانات مرجعية متاحة؛ يلزم تحقق PM,ضمن الفحص المبدئي
12689498865967,issey-miyake-pour-homme-edt-125-ml,ايسي مياكي بور هوم او دي تواليت 125 مل,perfumes,العطور,العطور,1,,21083,4200,1260,2940,,متاح لدى المصدر,https://cdn.shopify.com/s/files/1/0935/9550/0847/files/ISSEY_MIYAKE_1615x1615_b88ead0d-ae62-4165-991a-52b315ebc32e.webp?v=1771866825,منتج ايسي مياكي بور هوم او دي تواليت 125 مل من perfumes. التصنيف المرجعي: العطور. الوسوم المرجعية: Men’s Perfumes، Perfumes.,https://alfouadpharmacies.com/en/products/issey-miyake-pour-homme-edt-125-ml,AlFouad Pharmacies,Verify usage rights before commercial publication,غير مثبت,غير مثبت,مرجعي فقط — غير معتمد للنشر التجاري,بيانات مرجعية متاحة؛ يلزم تحقق PM,ضمن الفحص المبدئي
12689490018607,paco-rabanne-invictus-victory-absoul-f-m-100ml,باكو رابان إنفيكتوس فيكتوري أبسول للرجال والنساء 100 مل,perfumes,العطور,العطور,1,,114971,8500,2550,5950,,متاح لدى المصدر,https://cdn.shopify.com/s/files/1/0935/9550/0847/files/INVICTUS_VICTORY_ELIXIR_V3_1615x1615_c544af8a-8f28-4bd0-b5bc-0d3d66a8c9d5.webp?v=1771873489,منتج باكو رابان إنفيكتوس فيكتوري أبسول للرجال والنساء 100 مل من perfumes. التصنيف المرجعي: العطور. الوسوم المرجعية: Men’s Perfumes، Perfumes.,https://alfouadpharmacies.com/en/products/paco-rabanne-invictus-victory-absoul-f-m-100ml,AlFouad Pharmacies,Verify usage rights before commercial publication,غير مثبت,غير مثبت,مرجعي فقط — غير معتمد للنشر التجاري,بيانات مرجعية متاحة؛ يلزم تحقق PM,ضمن الفحص المبدئي
12689498964271,paco-rabanne-invictus-elixir-intense-f-m-100ml-edp,باكو رابان انفيكتوس اليكسير انتنس عطر f/m 100 مل او دي بارفان,perfumes,العطور,العطور,1,,1730,8600,2580,6020,0,متاح لدى المصدر,https://cdn.shopify.com/s/files/1/0935/9550/0847/files/PACORABANNE.webp?v=1771847189,منتج باكو رابان انفيكتوس اليكسير انتنس عطر f/m 100 مل او دي بارفان من perfumes. التصنيف المرجعي: العطور. الوسوم المرجعية: Men’s Perfumes، Perfumes.,https://alfouadpharmacies.com/en/products/paco-rabanne-invictus-elixir-intense-f-m-100ml-edp,AlFouad Pharmacies,Verify usage rights before commercial publication,غير مثبت,غير مثبت,مرجعي فقط — غير معتمد للنشر التجاري,بيانات مرجعية متاحة؛ يلزم تحقق PM,ضمن الفحص المبدئي
10569980444975,paco-rabanne-lady-million-edp-80ml,باكو رابان ليدي مليون او دي بارفان 80 مل,perfumes,العطور,العطور,1,بسيط,109467,7800,2340,5460,0,متاح لدى المصدر,https://cdn.shopify.com/s/files/1/0935/9550/0847/files/1_33_f4d21da1-93bf-4308-b880-77401b45daf0.webp?v=1783755860,منتج باكو رابان ليدي مليون او دي بارفان 80 مل من perfumes. التصنيف المرجعي: العطور — بسيط. الوسوم المرجعية: Perfumes، Women’s Perfumes.,https://alfouadpharmacies.com/en/products/paco-rabanne-lady-million-edp-80ml,AlFouad Pharmacies,Verify usage rights before commercial publication,غير مثبت,غير مثبت,مرجعي فقط — غير معتمد للنشر التجاري,بيانات مرجعية متاحة؛ يلزم تحقق PM,ضمن الفحص المبدئي
10569967829295,burberry-mr-edp-fm-100-ml,بربري مستر عطر للرجال 100 مل,perfumes,العطور,العطور,1,بسيط,32286,4900,1470,3430,,متاح لدى المصدر,https://cdn.shopify.com/s/files/1/0935/9550/0847/files/Burberry-Mr.-Edp-FM-100-ml.webp?v=1754297516,منتج بربري مستر عطر للرجال 100 مل من perfumes. التصنيف المرجعي: العطور — بسيط. الوسوم المرجعية: Men’s Perfumes، Perfumes.,https://alfouadpharmacies.com/en/products/burberry-mr-edp-fm-100-ml,AlFouad Pharmacies,Verify usage rights before commercial publication,غير مثبت,غير مثبت,مرجعي فقط — غير معتمد للنشر التجاري,بيانات مرجعية متاحة؛ يلزم تحقق PM,ضمن الفحص المبدئي
10569977102639,jacques-bone-man-show-ruby-edition-edt-100ml,جاك بي. وان مان شو (إصدار روبي) عطر رجالي 100 مل,perfumes,العطور,العطور,1,بسيط,105734,1250,375,875,,غير متاح لدى المصدر,https://cdn.shopify.com/s/files/1/0935/9550/0847/files/1_25_74eacd59-84b3-4716-af86-c293db51495a.webp?v=1783754343,منتج جاك بي. وان مان شو (إصدار روبي) عطر رجالي 100 مل من perfumes. التصنيف المرجعي: العطور — بسيط. الوسوم المرجعية: Men’s Perfumes، Perfumes.,https://alfouadpharmacies.com/en/products/jacques-bone-man-show-ruby-edition-edt-100ml,AlFouad Pharmacies,Verify usage rights before commercial publication,غير مثبت,غير مثبت,مرجعي فقط — غير معتمد للنشر التجاري,بيانات مرجعية متاحة؛ يلزم تحقق PM,ضمن الفحص المبدئي
10569977200943,jaguar-classic-black-edt-100-ml,جاكوار كلاسيك بلاك عطر رجالي 100 مل,perfumes,العطور,العطور,1,بسيط,105273,1400,420,980,,غير متاح لدى المصدر,https://cdn.shopify.com/s/files/1/0935/9550/0847/files/1_26_453407b5-a8c0-4727-8088-691c93ab3851.webp?v=1783754557,منتج جاكوار كلاسيك بلاك عطر رجالي 100 مل من perfumes. التصنيف المرجعي: العطور — بسيط. الوسوم المرجعية: Men’s Perfumes، Perfumes.,https://alfouadpharmacies.com/en/products/jaguar-classic-black-edt-100-ml,AlFouad Pharmacies,Verify usage rights before commercial publication,غير مثبت,غير مثبت,مرجعي فقط — غير معتمد للنشر التجاري,بيانات مرجعية متاحة؛ يلزم تحقق PM,ضمن الفحص المبدئي
10569977266479,jaguar-classic-gold-edt-100-ml,جاكوار كلاسيك جولد عطر رجالي 100 مل,perfumes,العطور,العطور,1,بسيط,105271,1420,426,994,,غير متاح لدى المصدر,https://cdn.shopify.com/s/files/1/0935/9550/0847/files/Jaguar-Classic-Gold-Edt-100-ml-FM.webp?v=1754297408,منتج جاكوار كلاسيك جولد عطر رجالي 100 مل من perfumes. التصنيف المرجعي: العطور — بسيط. الوسوم المرجعية: Men’s Perfumes، Perfumes.,https://alfouadpharmacies.com/en/products/jaguar-classic-gold-edt-100-ml,AlFouad Pharmacies,Verify usage rights before commercial publication,غير مثبت,غير مثبت,مرجعي فقط — غير معتمد للنشر التجاري,بيانات مرجعية متاحة؛ يلزم تحقق PM,ضمن الفحص المبدئي
10569977364783,jaguar-classic-red-edt-100-ml,جاكوار كلاسيك ريد عطر رجالي 100 مل,perfumes,العطور,العطور,1,بسيط,105272,2250,675,1575,,متاح لدى المصدر,https://cdn.shopify.com/s/files/1/0935/9550/0847/files/1_27_1a31c07b-0575-4055-b83b-8a533755ef2f.webp?v=1783754809,منتج جاكوار كلاسيك ريد عطر رجالي 100 مل من perfumes. التصنيف المرجعي: العطور — بسيط. الوسوم المرجعية: Men’s Perfumes، Perfumes.,https://alfouadpharmacies.com/en/products/jaguar-classic-red-edt-100-ml,AlFouad Pharmacies,Verify usage rights before commercial publication,غير مثبت,غير مثبت,مرجعي فقط — غير معتمد للنشر التجاري,بيانات مرجعية متاحة؛ يلزم تحقق PM,ضمن الفحص المبدئي
10569977561391,jean-paul-scandal-edp-80ml-20ml,جان بول سكاندال (عطر 80 مل + 20 مل),perfumes,العطور,العطور,1,بسيط,10487,5990,1797,4193,,غير متاح لدى المصدر,https://cdn.shopify.com/s/files/1/0935/9550/0847/files/Jean-Paul-Scandal-FW-Edp-80ML-20ML.webp?v=1754297405,منتج جان بول سكاندال (عطر 80 مل + 20 مل) من perfumes. التصنيف المرجعي: العطور — بسيط. الوسوم المرجعية: Perfumes، Women’s Perfumes.,https://alfouadpharmacies.com/en/products/jean-paul-scandal-edp-80ml-20ml,AlFouad Pharmacies,Verify usage rights before commercial publication,غير مثبت,غير مثبت,مرجعي فقط — غير معتمد للنشر التجاري,بيانات مرجعية متاحة؛ يلزم تحقق PM,ضمن الفحص المبدئي
10569977528623,jean-paul-scandal-edp-100mledp-10ml,جان بول سكاندال (ماء عطر 100 مل + ماء عطر 10 مل),perfumes,العطور,العطور,1,بسيط,10704,4550,1365,3185,,غير متاح لدى المصدر,https://cdn.shopify.com/s/files/1/0935/9550/0847/files/Jean-Paul-Scandal-FM-Edp-100MLEDP-10ML.webp?v=1754297406,منتج جان بول سكاندال (ماء عطر 100 مل + ماء عطر 10 مل) من perfumes. التصنيف المرجعي: العطور — بسيط. الوسوم المرجعية: Men’s Perfumes، Perfumes.,https://alfouadpharmacies.com/en/products/jean-paul-scandal-edp-100mledp-10ml,AlFouad Pharmacies,Verify usage rights before commercial publication,غير مثبت,غير مثبت,مرجعي فقط — غير معتمد للنشر التجاري,بيانات مرجعية متاحة؛ يلزم تحقق PM,ضمن الفحص المبدئي
10569974284591,garmani-stronger-with-you-edp-100mllotion10ml,جي. آرماني سترونجر ويذ يو (عطر 100 مل + لوشن + 10 مل),perfumes,العطور,العطور,1,بسيط,96942,6100,1830,4270,,غير متاح لدى المصدر,https://cdn.shopify.com/s/files/1/0935/9550/0847/files/G.ARMANI-Stronger-With-You-Edp-100MLLOTION10ML.webp?v=1754297445,منتج جي. آرماني سترونجر ويذ يو (عطر 100 مل + لوشن + 10 مل) من perfumes. التصنيف المرجعي: العطور — بسيط. الوسوم المرجعية: Men’s Perfumes، Perfumes.,https://alfouadpharmacies.com/en/products/garmani-stronger-with-you-edp-100mllotion10ml,AlFouad Pharmacies,Verify usage rights before commercial publication,غير مثبت,غير مثبت,مرجعي فقط — غير معتمد للنشر التجاري,بيانات مرجعية متاحة؛ يلزم تحقق PM,ضمن الفحص المبدئي
10569974219055,g-armani-si-passione-100ml-edp,جي. آرماني سي باسيوني 100 مل عطر نسائي (إي دي بي),perfumes,العطور,العطور,1,بسيط,31457,10000,3000,7000,,متاح لدى المصدر,https://cdn.shopify.com/s/files/1/0935/9550/0847/files/G.-Armani-Si-Passione-100ML-Edp.webp?v=1754297445,منتج جي. آرماني سي باسيوني 100 مل عطر نسائي (إي دي بي) من perfumes. التصنيف المرجعي: العطور — بسيط. الوسوم المرجعية: Perfumes، Women’s Perfumes.,https://alfouadpharmacies.com/en/products/g-armani-si-passione-100ml-edp,AlFouad Pharmacies,Verify usage rights before commercial publication,غير مثبت,غير مثبت,مرجعي فقط — غير معتمد للنشر التجاري,بيانات مرجعية متاحة؛ يلزم تحقق PM,ضمن الفحص المبدئي
10569974022447,g-armani-si-passion-eclat-edp100ml,جي. آرماني سي باشون إكلات عطر نسائي 100 مل,perfumes,العطور,العطور,1,بسيط,90152,9000,2700,6300,,متاح لدى المصدر,https://cdn.shopify.com/s/files/1/0935/9550/0847/files/G.-Armani-Si-Passion-Eclat-Edp-FW-100ML.webp?v=1754297448,منتج جي. آرماني سي باشون إكلات عطر نسائي 100 مل من perfumes. التصنيف المرجعي: العطور — بسيط. الوسوم المرجعية: Perfumes، Women’s Perfumes.,https://alfouadpharmacies.com/en/products/g-armani-si-passion-eclat-edp100ml,AlFouad Pharmacies,Verify usage rights before commercial publication,غير مثبت,غير مثبت,مرجعي فقط — غير معتمد للنشر التجاري,بيانات مرجعية متاحة؛ يلزم تحقق PM,ضمن الفحص المبدئي
12689494573359,g-armani-si-passion-red-musk-edp-f-w-100ml,جي. أرماني سي باشن ريد مسك أو دو بارفان 100 مل,perfumes,العطور,العطور,1,,114966,9700,2910,6790,,متاح لدى المصدر,https://cdn.shopify.com/s/files/1/0935/9550/0847/files/ARMANI_RED_MUSK_1615x1615_dd8186e1-8fdd-4e9c-a086-acdfa104ed9e.webp?v=1771871187,منتج جي. أرماني سي باشن ريد مسك أو دو بارفان 100 مل من perfumes. التصنيف المرجعي: العطور. الوسوم المرجعية: Perfumes، Women’s Perfumes.,https://alfouadpharmacies.com/en/products/g-armani-si-passion-red-musk-edp-f-w-100ml,AlFouad Pharmacies,Verify usage rights before commercial publication,غير مثبت,غير مثبت,مرجعي فقط — غير معتمد للنشر التجاري,بيانات مرجعية متاحة؛ يلزم تحقق PM,ضمن الفحص المبدئي
10569977659695,jean-paul-scandal-gaultier-absolu-100ml,جير Paul Scandal Gaultier Absolu 100 مل,perfumes,العطور,العطور,1,بسيط,14395,7700,2310,5390,,متاح لدى المصدر,https://cdn.shopify.com/s/files/1/0935/9550/0847/files/1_30.webp?v=1783755598,منتج جير Paul Scandal Gaultier Absolu 100 مل من perfumes. التصنيف المرجعي: العطور — بسيط. الوسوم المرجعية: Men’s Perfumes، Perfumes.,https://alfouadpharmacies.com/en/products/jean-paul-scandal-gaultier-absolu-100ml,AlFouad Pharmacies,Verify usage rights before commercial publication,غير مثبت,غير مثبت,مرجعي فقط — غير معتمد للنشر التجاري,بيانات مرجعية متاحة؛ يلزم تحقق PM,ضمن الفحص المبدئي
10569977495855,jean-paul-gaultier-so-scandal-edp-80ml,جير بول غولتير سو سكاندال عطر نسائي 80 مل,perfumes,العطور,العطور,1,بسيط,106157,6500,1950,4550,,غير متاح لدى المصدر,https://cdn.shopify.com/s/files/1/0935/9550/0847/files/Jean-Paul-Gaultier-So-Scandal-Edp-FW-80ML.webp?v=1754297406,منتج جير بول غولتير سو سكاندال عطر نسائي 80 مل من perfumes. التصنيف المرجعي: العطور — بسيط. الوسوم المرجعية: Perfumes، Women’s Perfumes.,https://alfouadpharmacies.com/en/products/jean-paul-gaultier-so-scandal-edp-80ml,AlFouad Pharmacies,Verify usage rights before commercial publication,غير مثبت,غير مثبت,مرجعي فقط — غير معتمد للنشر التجاري,بيانات مرجعية متاحة؛ يلزم تحقق PM,ضمن الفحص المبدئي
10569977692463,jean-paul-scandal-gaultier-absolu-80ml,جير بول غولتييه سكاندال أبسولوت 80 مل,perfumes,العطور,العطور,1,بسيط,14404,8400,2520,5880,,متاح لدى المصدر,https://cdn.shopify.com/s/files/1/0935/9550/0847/files/1_29_8832fe24-2b9f-48eb-a009-ec29ff0ae812.webp?v=1783755512,منتج جير بول غولتييه سكاندال أبسولوت 80 مل من perfumes. التصنيف المرجعي: العطور — بسيط. الوسوم المرجعية: Perfumes، Women’s Perfumes.,https://alfouadpharmacies.com/en/products/jean-paul-scandal-gaultier-absolu-80ml,AlFouad Pharmacies,Verify usage rights before commercial publication,غير مثبت,غير مثبت,مرجعي فقط — غير معتمد للنشر التجاري,بيانات مرجعية متاحة؛ يلزم تحقق PM,ضمن الفحص المبدئي
10569974350127,giorgio-armani-aqua-de-gio-edp-fm-125-ml,جيرجيو أرماني أكوا دي جيو عطر للرجال 125 مل,perfumes,العطور,العطور,1,بسيط,20240,8400,2520,5880,,متاح لدى المصدر,https://cdn.shopify.com/s/files/1/0935/9550/0847/files/1_73.webp?v=1782302401,منتج جيرجيو أرماني أكوا دي جيو عطر للرجال 125 مل من perfumes. التصنيف المرجعي: العطور — بسيط. الوسوم المرجعية: Men’s Perfumes، Perfumes.,https://alfouadpharmacies.com/en/products/giorgio-armani-aqua-de-gio-edp-fm-125-ml,AlFouad Pharmacies,Verify usage rights before commercial publication,غير مثبت,غير مثبت,مرجعي فقط — غير معتمد للنشر التجاري,بيانات مرجعية متاحة؛ يلزم تحقق PM,ضمن الفحص المبدئي
12882100617519,guess-bella-vita-la-mia-pink-edp-f-w-100ml,جيس بيلا فيتا لا ميا بينك او دي بارفان 100 مل,perfumes,العطور,العطور,1,عطر أو دي بارفان,115705,2500,750,1750,,متاح لدى المصدر,https://cdn.shopify.com/s/files/1/0935/9550/0847/files/Guess_La_Mia_Bella_Vita_100ml_1615x1615_9fc507d1-1a7c-48b0-8fe7-186fb69d5dfc.webp?v=1772359168,منتج جيس بيلا فيتا لا ميا بينك او دي بارفان 100 مل من perfumes. التصنيف المرجعي: العطور — عطر أو دي بارفان. الوسوم المرجعية: Perfumes، Women’s Perfumes.,https://alfouadpharmacies.com/en/products/guess-bella-vita-la-mia-pink-edp-f-w-100ml,AlFouad Pharmacies,Verify usage rights before commercial publication,غير مثبت,غير مثبت,مرجعي فقط — غير معتمد للنشر التجاري,بيانات مرجعية متاحة؛ يلزم تحقق PM,ضمن الفحص المبدئي
10569974546735,givenchy-ange-ou-etrange-75-ml-edp,جيفنشي أنج أو إترانج 75 مل عطر للرجال,perfumes,العطور,العطور,1,بسيط,109453,1850,555,1295,,غير متاح لدى المصدر,https://cdn.shopify.com/s/files/1/0935/9550/0847/files/Givenchy-Ange-Ou-Etrange-75-ml-Edp-FW.webp?v=1754297441,منتج جيفنشي أنج أو إترانج 75 مل عطر للرجال من perfumes. التصنيف المرجعي: العطور — بسيط. الوسوم المرجعية: Perfumes، Women’s Perfumes.,https://alfouadpharmacies.com/en/products/givenchy-ange-ou-etrange-75-ml-edp,AlFouad Pharmacies,Verify usage rights before commercial publication,غير مثبت,غير مثبت,مرجعي فقط — غير معتمد للنشر التجاري,بيانات مرجعية متاحة؛ يلزم تحقق PM,ضمن الفحص المبدئي
10569974677807,givenchy-dahlia-divin-eau-initiale-edt-75ml,جيفنشي داليا ديفين إو إنيسيال عطر تواليت 75 مل,perfumes,العطور,العطور,1,بسيط,94271,2400,720,1680,,غير متاح لدى المصدر,https://cdn.shopify.com/s/files/1/0935/9550/0847/files/Givenchy-Dahlia-Divin-Eau-Initiale-Edt-75ML.webp?v=1754297440,منتج جيفنشي داليا ديفين إو إنيسيال عطر تواليت 75 مل من perfumes. التصنيف المرجعي: العطور — بسيط. الوسوم المرجعية: Perfumes، Women’s Perfumes.,https://alfouadpharmacies.com/en/products/givenchy-dahlia-divin-eau-initiale-edt-75ml,AlFouad Pharmacies,Verify usage rights before commercial publication,غير مثبت,غير مثبت,مرجعي فقط — غير معتمد للنشر التجاري,بيانات مرجعية متاحة؛ يلزم تحقق PM,ضمن الفحص المبدئي
12689498931503,dunhill-desire-extreme-red-edt-f-m-100ml,دانهيل ديزاير إكستريم ريد أو دو تواليت نسائي/رجالي 100 مل,perfumes,العطور,العطور,1,,12996,2450,735,1715,,غير متاح لدى المصدر,https://cdn.shopify.com/s/files/1/0935/9550/0847/files/DUNHILLDESIREEXTREME.webp?v=1771847219,منتج دانهيل ديزاير إكستريم ريد أو دو تواليت نسائي/رجالي 100 مل من perfumes. التصنيف المرجعي: العطور. الوسوم المرجعية: Men’s Perfumes، Perfumes.,https://alfouadpharmacies.com/en/products/dunhill-desire-extreme-red-edt-f-m-100ml,AlFouad Pharmacies,Verify usage rights before commercial publication,غير مثبت,غير مثبت,مرجعي فقط — غير معتمد للنشر التجاري,بيانات مرجعية متاحة؛ يلزم تحقق PM,ضمن الفحص المبدئي
12689498505519,dolce-gabbana-the-one-edt-f-m-100ml,دولتشي آند غابانا ذا ون أو دو تواليت نسائي/رجالي 100 مل,perfumes,العطور,العطور,1,,114962,4600,1380,3220,,متاح لدى المصدر,https://cdn.shopify.com/s/files/1/0935/9550/0847/files/DG_THE_ONE_MEN_V2_1615x1615_2fcc55cc-53e7-45a4-ac43-935561f3e006.webp?v=1771869991,منتج دولتشي آند غابانا ذا ون أو دو تواليت نسائي/رجالي 100 مل من perfumes. التصنيف المرجعي: العطور. الوسوم المرجعية: Men’s Perfumes، Perfumes.,https://alfouadpharmacies.com/en/products/dolce-gabbana-the-one-edt-f-m-100ml,AlFouad Pharmacies,Verify usage rights before commercial publication,غير مثبت,غير مثبت,مرجعي فقط — غير معتمد للنشر التجاري,بيانات مرجعية متاحة؛ يلزم تحقق PM,ضمن الفحص المبدئي
10569968681263,cd-dior-sauvage-elixir-edp-fm-100ml,ديور سوفاج إليكسير أو دو بارفيوم 60 مل,perfumes,العطور,العطور,1,بيرفيوم ,12986,15500,4650,10850,,متاح لدى المصدر,https://cdn.shopify.com/s/files/1/0935/9550/0847/files/1_75.webp?v=1782303159,منتج ديور سوفاج إليكسير أو دو بارفيوم 60 مل من perfumes. التصنيف المرجعي: العطور — بيرفيوم . الوسوم المرجعية: Men’s Perfumes، Perfumes.,https://alfouadpharmacies.com/en/products/cd-dior-sauvage-elixir-edp-fm-100ml,AlFouad Pharmacies,Verify usage rights before commercial publication,غير مثبت,غير مثبت,مرجعي فقط — غير معتمد للنشر التجاري,بيانات مرجعية متاحة؛ يلزم تحقق PM,ضمن الفحص المبدئي
12689498669359,c-d-dior-homme-intense-150ml-edp-f-m,سي ديور أوم إنتنس 150 مل ماء عطر نسائي/رجالي,perfumes,العطور,العطور,1,,31229,12000,3600,8400,,غير متاح لدى المصدر,https://cdn.shopify.com/s/files/1/0935/9550/0847/files/DIOR_HOMME_INTENSE_1615x1615_7386f92e-5dbc-4d9a-9ad0-ebcddd5e2319.webp?v=1771868708,منتج سي ديور أوم إنتنس 150 مل ماء عطر نسائي/رجالي من perfumes. التصنيف المرجعي: العطور. الوسوم المرجعية: Men’s Perfumes، Perfumes.,https://alfouadpharmacies.com/en/products/c-d-dior-homme-intense-150ml-edp-f-m,AlFouad Pharmacies,Verify usage rights before commercial publication,غير مثبت,غير مثبت,مرجعي فقط — غير معتمد للنشر التجاري,بيانات مرجعية متاحة؛ يلزم تحقق PM,ضمن الفحص المبدئي
12689498571055,c-d-dior-sauvage-edp-f-m-100ml,سي ديور سوفاج أو دو بارفان رجالي/رجالي 100 مل,perfumes,العطور,العطور,1,سوفاج ,101662,11050,3315,7735,,غير متاح لدى المصدر,https://cdn.shopify.com/s/files/1/0935/9550/0847/files/1_-_2026-07-09T140155.113.webp?v=1783594934,منتج سي ديور سوفاج أو دو بارفان رجالي/رجالي 100 مل من perfumes. التصنيف المرجعي: العطور — سوفاج . الوسوم المرجعية: Men’s Perfumes، Perfumes.,https://alfouadpharmacies.com/en/products/c-d-dior-sauvage-edp-f-m-100ml,AlFouad Pharmacies,Verify usage rights before commercial publication,غير مثبت,غير مثبت,مرجعي فقط — غير معتمد للنشر التجاري,بيانات مرجعية متاحة؛ يلزم تحقق PM,ضمن الفحص المبدئي
10569972580655,chanel-allure-sport-100ml-edt,شانيل أللور سبورت 100 مل عطر تواليت,perfumes,العطور,العطور,1,بسيط,95460,12000,3600,8400,,متاح لدى المصدر,https://cdn.shopify.com/s/files/1/0935/9550/0847/files/Chanel-Allure-Sport-FM-100ML-Edt.webp?v=1754297462,منتج شانيل أللور سبورت 100 مل عطر تواليت من perfumes. التصنيف المرجعي: العطور — بسيط. الوسوم المرجعية: Men’s Perfumes، Perfumes.,https://alfouadpharmacies.com/en/products/chanel-allure-sport-100ml-edt,AlFouad Pharmacies,Verify usage rights before commercial publication,غير مثبت,غير مثبت,مرجعي فقط — غير معتمد للنشر التجاري,بيانات مرجعية متاحة؛ يلزم تحقق PM,ضمن الفحص المبدئي
10569972810031,chanel-blue-de-channel-edt-150ml,شانيل بلو دي شانيل عطر رجالي 150 مل,perfumes,العطور,العطور,1,بسيط,105733,13500,4050,9450,,متاح لدى المصدر,https://cdn.shopify.com/s/files/1/0935/9550/0847/files/1_53.webp?v=1780829248,منتج شانيل بلو دي شانيل عطر رجالي 150 مل من perfumes. التصنيف المرجعي: العطور — بسيط. الوسوم المرجعية: Men’s Perfumes، Perfumes.,https://alfouadpharmacies.com/en/products/chanel-blue-de-channel-edt-150ml,AlFouad Pharmacies,Verify usage rights before commercial publication,غير مثبت,غير مثبت,مرجعي فقط — غير معتمد للنشر التجاري,بيانات مرجعية متاحة؛ يلزم تحقق PM,ضمن الفحص المبدئي
10569972777263,chanel-blue-de-channel-edp-150ml,شانيل بلو دي شانيل عطر للرجال 150 مل,perfumes,العطور,العطور,1,بسيط,103524,13500,4050,9450,,غير متاح لدى المصدر,https://cdn.shopify.com/s/files/1/0935/9550/0847/files/Chanel-Blue-De-Channel-Edp-FM-150ML.webp?v=1754297460,منتج شانيل بلو دي شانيل عطر للرجال 150 مل من perfumes. التصنيف المرجعي: العطور — بسيط. الوسوم المرجعية: Men’s Perfumes، Perfumes.,https://alfouadpharmacies.com/en/products/chanel-blue-de-channel-edp-150ml,AlFouad Pharmacies,Verify usage rights before commercial publication,غير مثبت,غير مثبت,مرجعي فقط — غير معتمد للنشر التجاري,بيانات مرجعية متاحة؛ يلزم تحقق PM,ضمن الفحص المبدئي
10569979986223,paco-rabanne-1-million-set-2pcs100ml,طقم باكو رابان 1 مليون قطعة 2 × 100 مل,perfumes,العطور,العطور,1,بسيط,0,5750,1725,4025,,غير متاح لدى المصدر,https://cdn.shopify.com/s/files/1/0935/9550/0847/files/Paco-Rabanne-.1.-Million-FM-Set-2PCS100ML.webp?v=1754297370,منتج طقم باكو رابان 1 مليون قطعة 2 × 100 مل من perfumes. التصنيف المرجعي: العطور — بسيط. الوسوم المرجعية: Men’s Perfumes، Perfumes.,https://alfouadpharmacies.com/en/products/paco-rabanne-1-million-set-2pcs100ml,AlFouad Pharmacies,Verify usage rights before commercial publication,غير مثبت,غير مثبت,مرجعي فقط — غير معتمد للنشر التجاري,بيانات مرجعية متاحة؛ يلزم تحقق PM,ضمن الفحص المبدئي
10569973399855,dunhill-x-centric-100ml-set-2pcs,طقم دنهيل إكس سنترك 100 مل، قطعتان,perfumes,العطور,العطور,1,بسيط,93802,3600,1080,2520,,غير متاح لدى المصدر,https://cdn.shopify.com/s/files/1/0935/9550/0847/files/81V5LNSCg4L.webp?v=1754297454,منتج طقم دنهيل إكس سنترك 100 مل، قطعتان من perfumes. التصنيف المرجعي: العطور — بسيط. الوسوم المرجعية: Men’s Perfumes، Perfumes.,https://alfouadpharmacies.com/en/products/dunhill-x-centric-100ml-set-2pcs,AlFouad Pharmacies,Verify usage rights before commercial publication,غير مثبت,غير مثبت,مرجعي فقط — غير معتمد للنشر التجاري,بيانات مرجعية متاحة؛ يلزم تحقق PM,ضمن الفحص المبدئي
10569975365935,guess-ladies-for-ever-edp-75ml-set-2pcs,طقم عطر Guess Ladies for Ever  75 مل (إيديه بي)  مكون من قطعتين,perfumes,العطور,العطور,1,بسيط,10284,2700,810,1890,,غير متاح لدى المصدر,https://cdn.shopify.com/s/files/1/0935/9550/0847/files/Guess-Ladies-for-Ever-Edp-FW-75ML-Set-2PCS.webp?v=1754297431,منتج طقم عطر Guess Ladies for Ever  75 مل (إيديه بي)  مكون من قطعتين من perfumes. التصنيف المرجعي: العطور — بسيط. الوسوم المرجعية: Perfumes، Women’s Perfumes.,https://alfouadpharmacies.com/en/products/guess-ladies-for-ever-edp-75ml-set-2pcs,AlFouad Pharmacies,Verify usage rights before commercial publication,غير مثبت,غير مثبت,مرجعي فقط — غير معتمد للنشر التجاري,بيانات مرجعية متاحة؛ يلزم تحقق PM,ضمن الفحص المبدئي
10569980313903,paco-rabanne-invictus-edt-set-2-pcs,طقم عطر باكو رابان إنفيكتوس للرجال (2 قطعة),perfumes,العطور,العطور,1,بسيط,105719,6600,1980,4620,,متاح لدى المصدر,https://cdn.shopify.com/s/files/1/0935/9550/0847/files/2_26_42b91562-fc0e-4924-8c34-119f37763d5e.webp?v=1783932131,منتج طقم عطر باكو رابان إنفيكتوس للرجال (2 قطعة) من perfumes. التصنيف المرجعي: العطور — بسيط. الوسوم المرجعية: Perfumes، Women’s Perfumes.,https://alfouadpharmacies.com/en/products/paco-rabanne-invictus-edt-set-2-pcs,AlFouad Pharmacies,Verify usage rights before commercial publication,غير مثبت,غير مثبت,مرجعي فقط — غير معتمد للنشر التجاري,بيانات مرجعية متاحة؛ يلزم تحقق PM,ضمن الفحص المبدئي
10569975431471,guess-pink-edp-set-2pcs-75ml,طقم عطر غيس بينك (إي دي بي) مكون من قطعتين، سعة 75 مل.,perfumes,العطور,العطور,1,بسيط,10063,2700,810,1890,,غير متاح لدى المصدر,https://cdn.shopify.com/s/files/1/0935/9550/0847/files/guess-ladies-pink-gift-set-fragrances-085715329868.webp?v=1754297430,منتج طقم عطر غيس بينك (إي دي بي) مكون من قطعتين، سعة 75 مل. من perfumes. التصنيف المرجعي: العطور — بسيط. الوسوم المرجعية: Perfumes، Women’s Perfumes.,https://alfouadpharmacies.com/en/products/guess-pink-edp-set-2pcs-75ml,AlFouad Pharmacies,Verify usage rights before commercial publication,غير مثبت,غير مثبت,مرجعي فقط — غير معتمد للنشر التجاري,بيانات مرجعية متاحة؛ يلزم تحقق PM,ضمن الفحص المبدئي
10569976119599,guess-seductive-homme-black-set-edt-100ml,طقم غيس سيديقطيف هوم بلاك، عطر رجالي، 100 مل,perfumes,العطور,العطور,1,بسيط,112697,3500,1050,2450,,غير متاح لدى المصدر,https://cdn.shopify.com/s/files/1/0935/9550/0847/files/cl5sdnqkhtwi.webp?v=1754297423,منتج طقم غيس سيديقطيف هوم بلاك، عطر رجالي، 100 مل من perfumes. التصنيف المرجعي: العطور — بسيط. الوسوم المرجعية: Men’s Perfumes، Perfumes.,https://alfouadpharmacies.com/en/products/guess-seductive-homme-black-set-edt-100ml,AlFouad Pharmacies,Verify usage rights before commercial publication,غير مثبت,غير مثبت,مرجعي فقط — غير معتمد للنشر التجاري,بيانات مرجعية متاحة؛ يلزم تحقق PM,ضمن الفحص المبدئي
10569978216751,guess-uomo-set-3pcs-100ml,طقم غيس للرجال، 3 قطع، 100 مل,perfumes,العطور,العطور,1,بسيط,14699,3900,1170,2730,,غير متاح لدى المصدر,https://cdn.shopify.com/s/files/1/0935/9550/0847/files/Guess-Uomo-FM-Set-3PCS-100ML.webp?v=1754297398,منتج طقم غيس للرجال، 3 قطع، 100 مل من perfumes. التصنيف المرجعي: العطور — بسيط. الوسوم المرجعية: Men’s Perfumes، Perfumes.,https://alfouadpharmacies.com/en/products/guess-uomo-set-3pcs-100ml,AlFouad Pharmacies,Verify usage rights before commercial publication,غير مثبت,غير مثبت,مرجعي فقط — غير معتمد للنشر التجاري,بيانات مرجعية متاحة؛ يلزم تحقق PM,ضمن الفحص المبدئي
10569978708271,ysl-black-opium-gift-set-edp-90ml,طقم هدايا عطر YSL Black Opium  (إيد بي) 90 مل,perfumes,العطور,العطور,1,بسيط,112695,9500,2850,6650,0,غير متاح لدى المصدر,https://cdn.shopify.com/s/files/1/0935/9550/0847/files/Y.S.L-Black-Opium-Gift-Set-Edp-90ML.webp?v=1754297391,منتج طقم هدايا عطر YSL Black Opium  (إيد بي) 90 مل من perfumes. التصنيف المرجعي: العطور — بسيط. الوسوم المرجعية: Perfumes، Women’s Perfumes.,https://alfouadpharmacies.com/en/products/ysl-black-opium-gift-set-edp-90ml,AlFouad Pharmacies,Verify usage rights before commercial publication,غير مثبت,غير مثبت,مرجعي فقط — غير معتمد للنشر التجاري,بيانات مرجعية متاحة؛ يلزم تحقق PM,ضمن الفحص المبدئي
10569974907183,guess-bella-vita-rosa-gift-set-edt-150ml,طقم هدايا غيس بيلا فيتا روزا، عطر نسائي، 150 مل.,perfumes,العطور,العطور,1,بسيط,0,3500,1050,2450,,غير متاح لدى المصدر,https://cdn.shopify.com/s/files/1/0935/9550/0847/files/61VNZveWGL.webp?v=1754297436,منتج طقم هدايا غيس بيلا فيتا روزا، عطر نسائي، 150 مل. من perfumes. التصنيف المرجعي: العطور — بسيط. الوسوم المرجعية: Perfumes، Women’s Perfumes.,https://alfouadpharmacies.com/en/products/guess-bella-vita-rosa-gift-set-edt-150ml,AlFouad Pharmacies,Verify usage rights before commercial publication,غير مثبت,غير مثبت,مرجعي فقط — غير معتمد للنشر التجاري,بيانات مرجعية متاحة؛ يلزم تحقق PM,ضمن الفحص المبدئي
16033403535663,c-herrera-good-girl-blush-f-w-set-3pcs,طقم هدايا كارولينا هيريرا جود جيرل بلاش للسيدات,perfumes,العطور,العطور,1,بيرفيوم,115786,9400,2820,6580,,متاح لدى المصدر,https://cdn.shopify.com/s/files/1/0935/9550/0847/files/1-2026-06-25T144131.487.webp?v=1782388442,منتج طقم هدايا كارولينا هيريرا جود جيرل بلاش للسيدات من perfumes. التصنيف المرجعي: العطور — بيرفيوم. الوسوم المرجعية: Bundle، Perfumes، Women’s Perfumes.,https://alfouadpharmacies.com/en/products/c-herrera-good-girl-blush-f-w-set-3pcs,AlFouad Pharmacies,Verify usage rights before commercial publication,غير مثبت,غير مثبت,مرجعي فقط — غير معتمد للنشر التجاري,بيانات مرجعية متاحة؛ يلزم تحقق PM,ضمن الفحص المبدئي
10569980707119,paco-rabanne1million-ellxir-edp-100ml,عطر 1 Million Elixir من Paco Rabanne، تركيز EDP، سعة 100 مل,perfumes,العطور,العطور,1,بسيط,0,6860,2058,4802,0,غير متاح لدى المصدر,https://cdn.shopify.com/s/files/1/0935/9550/0847/files/Paco-RABANNE.1.MILLION-Ellxir-Edp-FM-100ML.webp?v=1754297360,منتج عطر 1 Million Elixir من Paco Rabanne، تركيز EDP، سعة 100 مل من perfumes. التصنيف المرجعي: العطور — بسيط. الوسوم المرجعية: Men’s Perfumes، Perfumes.,https://alfouadpharmacies.com/en/products/paco-rabanne1million-ellxir-edp-100ml,AlFouad Pharmacies,Verify usage rights before commercial publication,غير مثبت,غير مثبت,مرجعي فقط — غير معتمد للنشر التجاري,بيانات مرجعية متاحة؛ يلزم تحقق PM,ضمن الفحص المبدئي
10569979953455,paco-rabanne-1-million-100-ml-edt,عطر 1 Million من Paco Rabanne، 100 مل، تركيز EDT.,perfumes,العطور,العطور,1,بسيط,19675,5300,1590,3710,,متاح لدى المصدر,https://cdn.shopify.com/s/files/1/0935/9550/0847/files/1_32_93543eed-2184-46c1-ac88-f673474bc587.webp?v=1783755807,منتج عطر 1 Million من Paco Rabanne، 100 مل، تركيز EDT. من perfumes. التصنيف المرجعي: العطور — بسيط. الوسوم المرجعية: Men’s Perfumes، Perfumes.,https://alfouadpharmacies.com/en/products/paco-rabanne-1-million-100-ml-edt,AlFouad Pharmacies,Verify usage rights before commercial publication,غير مثبت,غير مثبت,مرجعي فقط — غير معتمد للنشر التجاري,بيانات مرجعية متاحة؛ يلزم تحقق PM,ضمن الفحص المبدئي
10569973432623,emporio-armani-strong-with-you-intensely-edp-100ml,عطر إمبوريو آرماني سترونج ويذ يو إنتنسلي، إصدار EDP، 100 مل,perfumes,العطور,العطور,1,بسيط,97362,7400,2220,5180,,غير متاح لدى المصدر,https://cdn.shopify.com/s/files/1/0935/9550/0847/files/Emporio-Armani-Strong-With-You-Intensely-FM-Edp-100ML.webp?v=1754297453,منتج عطر إمبوريو آرماني سترونج ويذ يو إنتنسلي، إصدار EDP، 100 مل من perfumes. التصنيف المرجعي: العطور — بسيط. الوسوم المرجعية: Men’s Perfumes، Perfumes.,https://alfouadpharmacies.com/en/products/emporio-armani-strong-with-you-intensely-edp-100ml,AlFouad Pharmacies,Verify usage rights before commercial publication,غير مثبت,غير مثبت,مرجعي فقط — غير معتمد للنشر التجاري,بيانات مرجعية متاحة؛ يلزم تحقق PM,ضمن الفحص المبدئي
10569974481199,عطر-إمبوريو-أرماني-سترونجر-ويث-يو-أبسولوتلي-للرجال-50-مل,عطر إمبوريو أرماني سترونجر ويث يو أبسولوتلي للرجال 50 مل,perfumes,العطور,العطور,1,أرماني سترونجر,103410,7500,2250,5250,,متاح لدى المصدر,https://cdn.shopify.com/s/files/1/0935/9550/0847/files/1_-_2026-07-09T154242.615.webp?v=1783601105,منتج عطر إمبوريو أرماني سترونجر ويث يو أبسولوتلي للرجال 50 مل من perfumes. التصنيف المرجعي: العطور — أرماني سترونجر. الوسوم المرجعية: Men’s Perfumes، Perfumes.,https://alfouadpharmacies.com/en/products/عطر-إمبوريو-أرماني-سترونجر-ويث-يو-أبسولوتلي-للرجال-50-مل,AlFouad Pharmacies,Verify usage rights before commercial publication,غير مثبت,غير مثبت,مرجعي فقط — غير معتمد للنشر التجاري,بيانات مرجعية متاحة؛ يلزم تحقق PM,ضمن الفحص المبدئي
10569980117295,paco-rabanne-black-xs-edp-80ml-red,عطر باك رابان بلاك إكس إس إي دي بي 80 مل أحمر,perfumes,العطور,العطور,1,بسيط,91321,4300,1290,3010,,غير متاح لدى المصدر,https://cdn.shopify.com/s/files/1/0935/9550/0847/files/Paco-Rabanne-Black-Xs-Edp-80ML-Red-5062.webp?v=1754297368,منتج عطر باك رابان بلاك إكس إس إي دي بي 80 مل أحمر من perfumes. التصنيف المرجعي: العطور — بسيط. الوسوم المرجعية: Perfumes، Women’s Perfumes.,https://alfouadpharmacies.com/en/products/paco-rabanne-black-xs-edp-80ml-red,AlFouad Pharmacies,Verify usage rights before commercial publication,غير مثبت,غير مثبت,مرجعي فقط — غير معتمد للنشر التجاري,بيانات مرجعية متاحة؛ يلزم تحقق PM,ضمن الفحص المبدئي
10569980150063,paco-rabanne-black-xs-edt-100ml,عطر باك رابان بلاك إكس إس، ماء تواليت، 100 مل,perfumes,العطور,العطور,1,بسيط,0,4300,1290,3010,,غير متاح لدى المصدر,https://cdn.shopify.com/s/files/1/0935/9550/0847/files/Paco-Rabanne-Black-Xs-Edt-FM-100ML.webp?v=1754297368,منتج عطر باك رابان بلاك إكس إس، ماء تواليت، 100 مل من perfumes. التصنيف المرجعي: العطور — بسيط. الوسوم المرجعية: Men’s Perfumes، Perfumes.,https://alfouadpharmacies.com/en/products/paco-rabanne-black-xs-edt-100ml,AlFouad Pharmacies,Verify usage rights before commercial publication,غير مثبت,غير مثبت,مرجعي فقط — غير معتمد للنشر التجاري,بيانات مرجعية متاحة؛ يلزم تحقق PM,ضمن الفحص المبدئي
10569980018991,paco-rabanne-1-million-gold-edp-100ml,عطر باكو رابان 1 مليون جولد، تركيز إي دي بي، 100 مل,perfumes,العطور,العطور,1,بسيط,0,6300,1890,4410,,غير متاح لدى المصدر,https://cdn.shopify.com/s/files/1/0935/9550/0847/files/Paco-Rabanne-.1.-Million-Gold-FM-Edp-100ML.webp?v=1754297370,منتج عطر باكو رابان 1 مليون جولد، تركيز إي دي بي، 100 مل من perfumes. التصنيف المرجعي: العطور — بسيط. الوسوم المرجعية: Men’s Perfumes، Perfumes.,https://alfouadpharmacies.com/en/products/paco-rabanne-1-million-gold-edp-100ml,AlFouad Pharmacies,Verify usage rights before commercial publication,غير مثبت,غير مثبت,مرجعي فقط — غير معتمد للنشر التجاري,بيانات مرجعية متاحة؛ يلزم تحقق PM,ضمن الفحص المبدئي
10569980051759,paco-rabanne-1-million-gold-edp-90ml,عطر باكو رابان 1 مليون جولد، تركيز إي دي بي، 90 مل,perfumes,العطور,العطور,1,بسيط,0,7900,2370,5530,,غير متاح لدى المصدر,https://cdn.shopify.com/s/files/1/0935/9550/0847/files/Paco-Rabanne-.1.-Million-Gold-FW-Edp-90ML.webp?v=1754297369,منتج عطر باكو رابان 1 مليون جولد، تركيز إي دي بي، 90 مل من perfumes. التصنيف المرجعي: العطور — بسيط. الوسوم المرجعية: Perfumes، Women’s Perfumes.,https://alfouadpharmacies.com/en/products/paco-rabanne-1-million-gold-edp-90ml,AlFouad Pharmacies,Verify usage rights before commercial publication,غير مثبت,غير مثبت,مرجعي فقط — غير معتمد للنشر التجاري,بيانات مرجعية متاحة؛ يلزم تحقق PM,ضمن الفحص المبدئي
10569980576047,paco-rabanne-olympea-intense-edp-80ml,عطر باكو رابان أولمبيا إنتنس، تركيز إي دي بي، 80 مل,perfumes,العطور,العطور,1,بسيط,110825,1650,495,1155,0,غير متاح لدى المصدر,https://cdn.shopify.com/s/files/1/0935/9550/0847/files/Paco-Rabanne-Olympea-Intense-Edp-80ML-FW.webp?v=1754297362,منتج عطر باكو رابان أولمبيا إنتنس، تركيز إي دي بي، 80 مل من perfumes. التصنيف المرجعي: العطور — بسيط. الوسوم المرجعية: Perfumes، Women’s Perfumes.,https://alfouadpharmacies.com/en/products/paco-rabanne-olympea-intense-edp-80ml,AlFouad Pharmacies,Verify usage rights before commercial publication,غير مثبت,غير مثبت,مرجعي فقط — غير معتمد للنشر التجاري,بيانات مرجعية متاحة؛ يلزم تحقق PM,ضمن الفحص المبدئي
10569980608815,paco-rabanne-olympea-onyx-edp-80ml,عطر باكو رابان أوليمبيا أونيكس إي دي بي 80 مل,perfumes,العطور,العطور,1,بسيط,15767,4300,1290,3010,0,غير متاح لدى المصدر,https://cdn.shopify.com/s/files/1/0935/9550/0847/files/Paco-Rabanne-Olympea-Onyx-Edp-80ML.webp?v=1754297361,منتج عطر باكو رابان أوليمبيا أونيكس إي دي بي 80 مل من perfumes. التصنيف المرجعي: العطور — بسيط. الوسوم المرجعية: Perfumes، Women’s Perfumes.,https://alfouadpharmacies.com/en/products/paco-rabanne-olympea-onyx-edp-80ml,AlFouad Pharmacies,Verify usage rights before commercial publication,غير مثبت,غير مثبت,مرجعي فقط — غير معتمد للنشر التجاري,بيانات مرجعية متاحة؛ يلزم تحقق PM,ضمن الفحص المبدئي
10569980674351,paco-rabanne-olympea-solar-intense-edp-80ml,عطر باكو رابان أوليمبيا سولار إنتنس، تركيز إي دي بي، 80 مل,perfumes,العطور,العطور,1,بسيط,13037,3850,1155,2695,0,غير متاح لدى المصدر,https://cdn.shopify.com/s/files/1/0935/9550/0847/files/Paco-Rabanne-Olympea-Solar-Intense-Edp-FW-80ML.webp?v=1754297360,منتج عطر باكو رابان أوليمبيا سولار إنتنس، تركيز إي دي بي، 80 مل من perfumes. التصنيف المرجعي: العطور — بسيط. الوسوم المرجعية: Perfumes، Women’s Perfumes.,https://alfouadpharmacies.com/en/products/paco-rabanne-olympea-solar-intense-edp-80ml,AlFouad Pharmacies,Verify usage rights before commercial publication,غير مثبت,غير مثبت,مرجعي فقط — غير معتمد للنشر التجاري,بيانات مرجعية متاحة؛ يلزم تحقق PM,ضمن الفحص المبدئي
10569980346671,paco-rabanne-invictus-legendedp-100mlstick10ml,عطر باكو رابان إنفيكتوس ليجند (ماء عطر 100 مل + عصا العطر + 10 مل),perfumes,العطور,العطور,1,بسيط,85162,4650,1395,3255,0,غير متاح لدى المصدر,https://cdn.shopify.com/s/files/1/0935/9550/0847/files/Paco-Rabanne-Invictus-Legendedp-100MLSTICK10ML.webp?v=1754297365,منتج عطر باكو رابان إنفيكتوس ليجند (ماء عطر 100 مل + عصا العطر + 10 مل) من perfumes. التصنيف المرجعي: العطور — بسيط. الوسوم المرجعية: Men’s Perfumes، Perfumes.,https://alfouadpharmacies.com/en/products/paco-rabanne-invictus-legendedp-100mlstick10ml,AlFouad Pharmacies,Verify usage rights before commercial publication,غير مثبت,غير مثبت,مرجعي فقط — غير معتمد للنشر التجاري,بيانات مرجعية متاحة؛ يلزم تحقق PM,ضمن الفحص المبدئي
10569980215599,paco-rabanne-fame-80ml-edp,عطر باكو رابان فام 80 مل (إي دي بي),perfumes,العطور,العطور,1,بسيط,0,3600,1080,2520,0,غير متاح لدى المصدر,https://cdn.shopify.com/s/files/1/0935/9550/0847/files/Paco-Rabanne-Fame-80ML-Edp.webp?v=1754297367,منتج عطر باكو رابان فام 80 مل (إي دي بي) من perfumes. التصنيف المرجعي: العطور — بسيط. الوسوم المرجعية: Perfumes، Women’s Perfumes.,https://alfouadpharmacies.com/en/products/paco-rabanne-fame-80ml-edp,AlFouad Pharmacies,Verify usage rights before commercial publication,غير مثبت,غير مثبت,مرجعي فقط — غير معتمد للنشر التجاري,بيانات مرجعية متاحة؛ يلزم تحقق PM,ضمن الفحص المبدئي
10569980084527,paco-rabanne-1-million-intense-oud-edp-100ml,عطر باكوا رابان 1 مليون إنتنس عود، تركيز EDP، 100 مل,perfumes,العطور,العطور,1,بسيط,0,6000,1800,4200,,غير متاح لدى المصدر,https://cdn.shopify.com/s/files/1/0935/9550/0847/files/Paco-Rabanne-.1.-Million-Intense-Oud-Edp-FM-100ML.webp?v=1754297369,منتج عطر باكوا رابان 1 مليون إنتنس عود، تركيز EDP، 100 مل من perfumes. التصنيف المرجعي: العطور — بسيط. الوسوم المرجعية: Men’s Perfumes، Perfumes.,https://alfouadpharmacies.com/en/products/paco-rabanne-1-million-intense-oud-edp-100ml,AlFouad Pharmacies,Verify usage rights before commercial publication,غير مثبت,غير مثبت,مرجعي فقط — غير معتمد للنشر التجاري,بيانات مرجعية متاحة؛ يلزم تحقق PM,ضمن الفحص المبدئي
10569980641583,paco-rabanne-olympea-parfum-80ml,عطر باكوا رابان أولمبيا 80 مل,perfumes,العطور,العطور,1,بسيط,0,7700,2310,5390,,غير متاح لدى المصدر,https://cdn.shopify.com/s/files/1/0935/9550/0847/files/Paco-Rabanne-Olympea-Parfum-FW-80ML.webp?v=1754297361,منتج عطر باكوا رابان أولمبيا 80 مل من perfumes. التصنيف المرجعي: العطور — بسيط. الوسوم المرجعية: Perfumes، Women’s Perfumes.,https://alfouadpharmacies.com/en/products/paco-rabanne-olympea-parfum-80ml,AlFouad Pharmacies,Verify usage rights before commercial publication,غير مثبت,غير مثبت,مرجعي فقط — غير معتمد للنشر التجاري,بيانات مرجعية متاحة؛ يلزم تحقق PM,ضمن الفحص المبدئي
10569980379439,paco-rabanne-invictus-parfum-100ml,عطر باكوا رابان إنفيكتوس 100 مل,perfumes,العطور,العطور,1,بسيط,0,6700,2010,4690,,غير متاح لدى المصدر,https://cdn.shopify.com/s/files/1/0935/9550/0847/files/Paco-Rabanne-Invictus-Parfum-FM-100ML.webp?v=1754297364,منتج عطر باكوا رابان إنفيكتوس 100 مل من perfumes. التصنيف المرجعي: العطور — بسيط. الوسوم المرجعية: Men’s Perfumes، Perfumes.,https://alfouadpharmacies.com/en/products/paco-rabanne-invictus-parfum-100ml,AlFouad Pharmacies,Verify usage rights before commercial publication,غير مثبت,غير مثبت,مرجعي فقط — غير معتمد للنشر التجاري,بيانات مرجعية متاحة؛ يلزم تحقق PM,ضمن الفحص المبدئي
10569980281135,paco-rabanne-invictus-elixir-intense100ml-edp,عطر باكوا رابان إنفيكتوس إليكسير إنتنس 100 مل (إي دي بي),perfumes,العطور,العطور,1,بسيط,0,6700,2010,4690,0,غير متاح لدى المصدر,https://cdn.shopify.com/s/files/1/0935/9550/0847/files/Paco-Rabanne-Invictus-Elixir-Intense-FM-100ML-Edp.webp?v=1754297366,منتج عطر باكوا رابان إنفيكتوس إليكسير إنتنس 100 مل (إي دي بي) من perfumes. التصنيف المرجعي: العطور — بسيط. الوسوم المرجعية: Men’s Perfumes، Perfumes.,https://alfouadpharmacies.com/en/products/paco-rabanne-invictus-elixir-intense100ml-edp,AlFouad Pharmacies,Verify usage rights before commercial publication,غير مثبت,غير مثبت,مرجعي فقط — غير معتمد للنشر التجاري,بيانات مرجعية متاحة؛ يلزم تحقق PM,ضمن الفحص المبدئي
10569980182831,paco-rabanne-black-xs-80ml-edt,عطر باكوا رابان بلاك إكس إس 80 مل (ماء تواليت),perfumes,العطور,العطور,1,بسيط,0,4200,1260,2940,,غير متاح لدى المصدر,https://cdn.shopify.com/s/files/1/0935/9550/0847/files/Paco-Rabanne-Black-Xs-FW-80ML-Edt.webp?v=1754297367,منتج عطر باكوا رابان بلاك إكس إس 80 مل (ماء تواليت) من perfumes. التصنيف المرجعي: العطور — بسيط. الوسوم المرجعية: Perfumes، Women’s Perfumes.,https://alfouadpharmacies.com/en/products/paco-rabanne-black-xs-80ml-edt,AlFouad Pharmacies,Verify usage rights before commercial publication,غير مثبت,غير مثبت,مرجعي فقط — غير معتمد للنشر التجاري,بيانات مرجعية متاحة؛ يلزم تحقق PM,ضمن الفحص المبدئي
10569980477743,paco-rabanne-lady-million-lucky-80ml-edp,عطر باكوا رابان ليدي مليون لاكي 80 مل (إي دي بي),perfumes,العطور,العطور,1,بسيط,0,6000,1800,4200,0,غير متاح لدى المصدر,https://cdn.shopify.com/s/files/1/0935/9550/0847/files/Paco-Rabanne-Lady-Million-Lucky-FW-80-ml-Edp.webp?v=1754297363,منتج عطر باكوا رابان ليدي مليون لاكي 80 مل (إي دي بي) من perfumes. التصنيف المرجعي: العطور — بسيط. الوسوم المرجعية: Perfumes، Women’s Perfumes.,https://alfouadpharmacies.com/en/products/paco-rabanne-lady-million-lucky-80ml-edp,AlFouad Pharmacies,Verify usage rights before commercial publication,غير مثبت,غير مثبت,مرجعي فقط — غير معتمد للنشر التجاري,بيانات مرجعية متاحة؛ يلزم تحقق PM,ضمن الفحص المبدئي
10569980412207,paco-rabanne-invictus-victory-200ml,عطر باكوراباني انفيكتوس فيكتوري 200 مل,perfumes,العطور,العطور,1,بسيط,0,8000,2400,5600,,غير متاح لدى المصدر,https://cdn.shopify.com/s/files/1/0935/9550/0847/files/Paco-Rabanne-Invictus-Victory-FM-200ML.webp?v=1754297364,منتج عطر باكوراباني انفيكتوس فيكتوري 200 مل من perfumes. التصنيف المرجعي: العطور — بسيط. الوسوم المرجعية: Men’s Perfumes، Perfumes.,https://alfouadpharmacies.com/en/products/paco-rabanne-invictus-victory-200ml,AlFouad Pharmacies,Verify usage rights before commercial publication,غير مثبت,غير مثبت,مرجعي فقط — غير معتمد للنشر التجاري,بيانات مرجعية متاحة؛ يلزم تحقق PM,ضمن الفحص المبدئي
10569967763759,burberry-element-edt-fm-150ml,عطر بربري إليمنت، ماء تواليت، للرجال، 150 مل,perfumes,العطور,العطور,1,بسيط,111052,4300,1290,3010,,غير متاح لدى المصدر,https://cdn.shopify.com/s/files/1/0935/9550/0847/files/Burberry-Element-Edt-FM-150ML.webp?v=1754297517,منتج عطر بربري إليمنت، ماء تواليت، للرجال، 150 مل من perfumes. التصنيف المرجعي: العطور — بسيط. الوسوم المرجعية: Men’s Perfumes، Perfumes.,https://alfouadpharmacies.com/en/products/burberry-element-edt-fm-150ml,AlFouad Pharmacies,Verify usage rights before commercial publication,غير مثبت,غير مثبت,مرجعي فقط — غير معتمد للنشر التجاري,بيانات مرجعية متاحة؛ يلزم تحقق PM,ضمن الفحص المبدئي
10569967796527,burberry-london-edt-fm-100ml,عطر بربري لندن، إصدار تواليت، 100 مل,perfumes,العطور,العطور,1,بسيط,20843,3550,1065,2485,,متاح لدى المصدر,https://cdn.shopify.com/s/files/1/0935/9550/0847/files/Burberry-London-Edt-FM-100ML.webp?v=1754297516,منتج عطر بربري لندن، إصدار تواليت، 100 مل من perfumes. التصنيف المرجعي: العطور — بسيط. الوسوم المرجعية: Men’s Perfumes، Perfumes.,https://alfouadpharmacies.com/en/products/burberry-london-edt-fm-100ml,AlFouad Pharmacies,Verify usage rights before commercial publication,غير مثبت,غير مثبت,مرجعي فقط — غير معتمد للنشر التجاري,بيانات مرجعية متاحة؛ يلزم تحقق PM,ضمن الفحص المبدئي
10569967894831,burberry-mrburberry-indigo-edt-150ml,عطر بوربيري MR.BURBERRY Indigo  أو دو تواليت 150 مل,perfumes,العطور,العطور,1,بسيط,15762,2200,660,1540,,غير متاح لدى المصدر,https://cdn.shopify.com/s/files/1/0935/9550/0847/files/91Q8BJwelXL._AC_UF8941000_QL80.webp?v=1754297515,منتج عطر بوربيري MR.BURBERRY Indigo  أو دو تواليت 150 مل من perfumes. التصنيف المرجعي: العطور — بسيط. الوسوم المرجعية: Men’s Perfumes، Perfumes.,https://alfouadpharmacies.com/en/products/burberry-mrburberry-indigo-edt-150ml,AlFouad Pharmacies,Verify usage rights before commercial publication,غير مثبت,غير مثبت,مرجعي فقط — غير معتمد للنشر التجاري,بيانات مرجعية متاحة؛ يلزم تحقق PM,ضمن الفحص المبدئي
10569967698223,burberry-body-edp-fw-85ml,عطر بوربيري بودي إي دي بي، إصدار الخريف/الشتاء، 85 مل,perfumes,العطور,العطور,1,بسيط,104049,4200,1260,2940,,غير متاح لدى المصدر,https://cdn.shopify.com/s/files/1/0935/9550/0847/files/Burberry-Body-Edp-FW-85ML.webp?v=1754297517,منتج عطر بوربيري بودي إي دي بي، إصدار الخريف/الشتاء، 85 مل من perfumes. التصنيف المرجعي: العطور — بسيط. الوسوم المرجعية: Perfumes، Women’s Perfumes.,https://alfouadpharmacies.com/en/products/burberry-body-edp-fw-85ml,AlFouad Pharmacies,Verify usage rights before commercial publication,غير مثبت,غير مثبت,مرجعي فقط — غير معتمد للنشر التجاري,بيانات مرجعية متاحة؛ يلزم تحقق PM,ضمن الفحص المبدئي
10569968582959,bvlgari-man-terrae-essence-edp-100ml,عطر بولغاري مان تيرّاي إيسنس، تركيز إي دي بي، 100 مل,perfumes,العطور,العطور,1,بسيط,9049,7200,2160,5040,,متاح لدى المصدر,https://cdn.shopify.com/s/files/1/0935/9550/0847/files/Bvlgari-Man-Terrae-Essence-Edp-100ML.webp?v=1754297509,منتج عطر بولغاري مان تيرّاي إيسنس، تركيز إي دي بي، 100 مل من perfumes. التصنيف المرجعي: العطور — بسيط. الوسوم المرجعية: Men’s Perfumes، Perfumes.,https://alfouadpharmacies.com/en/products/bvlgari-man-terrae-essence-edp-100ml,AlFouad Pharmacies,Verify usage rights before commercial publication,غير مثبت,غير مثبت,مرجعي فقط — غير معتمد للنشر التجاري,بيانات مرجعية متاحة؛ يلزم تحقق PM,ضمن الفحص المبدئي
10569968517423,bvlgari-man-glacial-essence-edp-100ml,عطر بولغاري مان جليد إيسنس أو دو برفيوم 100 مل,perfumes,العطور,العطور,1,بسيط,7678,7500,2250,5250,,متاح لدى المصدر,https://cdn.shopify.com/s/files/1/0935/9550/0847/files/Bvlgari-Man-Glacial-Essence-Edp-100ML.webp?v=1754297509,منتج عطر بولغاري مان جليد إيسنس أو دو برفيوم 100 مل من perfumes. التصنيف المرجعي: العطور — بسيط. الوسوم المرجعية: Men’s Perfumes، Perfumes.,https://alfouadpharmacies.com/en/products/bvlgari-man-glacial-essence-edp-100ml,AlFouad Pharmacies,Verify usage rights before commercial publication,غير مثبت,غير مثبت,مرجعي فقط — غير معتمد للنشر التجاري,بيانات مرجعية متاحة؛ يلزم تحقق PM,ضمن الفحص المبدئي
10569977463087,jean-paul-gaultier-le-male-elixir-parfum-125ml,عطر جان بول غولتيه لي مالي إليكسير 125 مل,perfumes,العطور,العطور,1,بسيط,112291,9200,2760,6440,,متاح لدى المصدر,https://cdn.shopify.com/s/files/1/0935/9550/0847/files/1_28_3571e210-3a9e-4497-b626-3bbcc9b1c2c6.webp?v=1783755427,منتج عطر جان بول غولتيه لي مالي إليكسير 125 مل من perfumes. التصنيف المرجعي: العطور — بسيط. الوسوم المرجعية: Men’s Perfumes، Perfumes.,https://alfouadpharmacies.com/en/products/jean-paul-gaultier-le-male-elixir-parfum-125ml,AlFouad Pharmacies,Verify usage rights before commercial publication,غير مثبت,غير مثبت,مرجعي فقط — غير معتمد للنشر التجاري,بيانات مرجعية متاحة؛ يلزم تحقق PM,ضمن الفحص المبدئي
10569974120751,عطر-جورجيو-أرماني-سي-إنتنس-للنساء-100-مل,عطر جورجيو أرماني سي إنتنس للنساء 100 مل,perfumes,العطور,العطور,1, جورجيو أرماني,31457,10000,3000,7000,,متاح لدى المصدر,https://cdn.shopify.com/s/files/1/0935/9550/0847/files/1_-_2026-07-09T153825.640.webp?v=1783600723,منتج عطر جورجيو أرماني سي إنتنس للنساء 100 مل من perfumes. التصنيف المرجعي: العطور —  جورجيو أرماني. الوسوم المرجعية: Perfumes، Women’s Perfumes.,https://alfouadpharmacies.com/en/products/عطر-جورجيو-أرماني-سي-إنتنس-للنساء-100-مل,AlFouad Pharmacies,Verify usage rights before commercial publication,غير مثبت,غير مثبت,مرجعي فقط — غير معتمد للنشر التجاري,بيانات مرجعية متاحة؛ يلزم تحقق PM,ضمن الفحص المبدئي
10569973858607,عطر-جورجيو-أرماني-سي-إنتنس-للنساء-50-مل,عطر جورجيو أرماني سي إنتنس للنساء 50 مل,perfumes,العطور,العطور,1,جورجيو أرماني,104367,8600,2580,6020,,متاح لدى المصدر,https://cdn.shopify.com/s/files/1/0935/9550/0847/files/1_-_2026-07-09T151727.441.webp?v=1783599593,منتج عطر جورجيو أرماني سي إنتنس للنساء 50 مل من perfumes. التصنيف المرجعي: العطور — جورجيو أرماني. الوسوم المرجعية: Perfumes، Women’s Perfumes.,https://alfouadpharmacies.com/en/products/عطر-جورجيو-أرماني-سي-إنتنس-للنساء-50-مل,AlFouad Pharmacies,Verify usage rights before commercial publication,غير مثبت,غير مثبت,مرجعي فقط — غير معتمد للنشر التجاري,بيانات مرجعية متاحة؛ يلزم تحقق PM,ضمن الفحص المبدئي
10569973661999,g-armani-code-black-edp-125ml,عطر جورجيو أرماني كود بلاك، تركيز إي دي بي، 125 مل,perfumes,العطور,العطور,1,بسيط,93716,7500,2250,5250,,غير متاح لدى المصدر,https://cdn.shopify.com/s/files/1/0935/9550/0847/files/G.-Armani-Code-Black-Edp-125ML.webp?v=1754297452,منتج عطر جورجيو أرماني كود بلاك، تركيز إي دي بي، 125 مل من perfumes. التصنيف المرجعي: العطور — بسيط. الوسوم المرجعية: Men’s Perfumes، Perfumes.,https://alfouadpharmacies.com/en/products/g-armani-code-black-edp-125ml,AlFouad Pharmacies,Verify usage rights before commercial publication,غير مثبت,غير مثبت,مرجعي فقط — غير معتمد للنشر التجاري,بيانات مرجعية متاحة؛ يلزم تحقق PM,ضمن الفحص المبدئي
10569973924143,g-armani-si-intense-refillable-edp-100ml,عطر جي. آرماني سي إنتنس قابل لإعادة التعبئة، تركيز إي دي بي، 100 مل,perfumes,العطور,العطور,1,بسيط,104339,8600,2580,6020,,غير متاح لدى المصدر,https://cdn.shopify.com/s/files/1/0935/9550/0847/files/G.-Armani-Si-Intense-Refillable-Edp-FW-100ML.webp?v=1754297449,منتج عطر جي. آرماني سي إنتنس قابل لإعادة التعبئة، تركيز إي دي بي، 100 مل من perfumes. التصنيف المرجعي: العطور — بسيط. الوسوم المرجعية: Perfumes، Women’s Perfumes.,https://alfouadpharmacies.com/en/products/g-armani-si-intense-refillable-edp-100ml,AlFouad Pharmacies,Verify usage rights before commercial publication,غير مثبت,غير مثبت,مرجعي فقط — غير معتمد للنشر التجاري,بيانات مرجعية متاحة؛ يلزم تحقق PM,ضمن الفحص المبدئي
10569973727535,g-armani-my-way-edp-90ml,عطر جي. آرماني ماي واي، تركيز إي دي بي، 90 مل,perfumes,العطور,العطور,1,بسيط,97852,9000,2700,6300,,متاح لدى المصدر,https://cdn.shopify.com/s/files/1/0935/9550/0847/files/G.-Armani-My-Way-Edp-FW-90ML.webp?v=1754297451,منتج عطر جي. آرماني ماي واي، تركيز إي دي بي، 90 مل من perfumes. التصنيف المرجعي: العطور — بسيط. الوسوم المرجعية: Perfumes، Women’s Perfumes.,https://alfouadpharmacies.com/en/products/g-armani-my-way-edp-90ml,AlFouad Pharmacies,Verify usage rights before commercial publication,غير مثبت,غير مثبت,مرجعي فقط — غير معتمد للنشر التجاري,بيانات مرجعية متاحة؛ يلزم تحقق PM,ضمن الفحص المبدئي
12881885888815,عطر-جيس-إيكونيك-أو-دي-برفام-للنساء-100-مل,عطر جيس إيكونيك أو دي برفام للنساء 100 مل,perfumes,العطور,العطور,1,جيس إيكونيك,115707,3000,900,2100,,متاح لدى المصدر,https://cdn.shopify.com/s/files/1/0935/9550/0847/files/1_-_2026-07-09T162528.726.webp?v=1783603571,منتج عطر جيس إيكونيك أو دي برفام للنساء 100 مل من perfumes. التصنيف المرجعي: العطور — جيس إيكونيك. الوسوم المرجعية: Men’s Perfumes، Perfumes.,https://alfouadpharmacies.com/en/products/عطر-جيس-إيكونيك-أو-دي-برفام-للنساء-100-مل,AlFouad Pharmacies,Verify usage rights before commercial publication,غير مثبت,غير مثبت,مرجعي فقط — غير معتمد للنشر التجاري,بيانات مرجعية متاحة؛ يلزم تحقق PM,ضمن الفحص المبدئي
10569975103791,عطر-جيس-باي-مارسيانو-أو-دي-برفام-للنساء-100-مل,عطر جيس باي مارسيانو أو دي برفام للنساء 100 مل,perfumes,العطور,العطور,1,جيس باي مارسيانو,93801,3500,1050,2450,,متاح لدى المصدر,https://cdn.shopify.com/s/files/1/0935/9550/0847/files/1_-_2026-07-09T160846.334.webp?v=1783603074,منتج عطر جيس باي مارسيانو أو دي برفام للنساء 100 مل من perfumes. التصنيف المرجعي: العطور — جيس باي مارسيانو. الوسوم المرجعية: Perfumes، Women’s Perfumes.,https://alfouadpharmacies.com/en/products/عطر-جيس-باي-مارسيانو-أو-دي-برفام-للنساء-100-مل,AlFouad Pharmacies,Verify usage rights before commercial publication,غير مثبت,غير مثبت,مرجعي فقط — غير معتمد للنشر التجاري,بيانات مرجعية متاحة؛ يلزم تحقق PM,ضمن الفحص المبدئي
10569975595311,عطر-جيس-بور-فيم-للنساء-أو-دي-برفام-75-مل,عطر جيس بور فيم للنساء أو دي برفام 75 مل,perfumes,العطور,العطور,1, جيس بور فيم,96932,2100,630,1470,,متاح لدى المصدر,https://cdn.shopify.com/s/files/1/0935/9550/0847/files/1_-_2026-07-09T162846.096.webp?v=1783603743,منتج عطر جيس بور فيم للنساء أو دي برفام 75 مل من perfumes. التصنيف المرجعي: العطور —  جيس بور فيم. الوسوم المرجعية: Perfumes، Women’s Perfumes.,https://alfouadpharmacies.com/en/products/عطر-جيس-بور-فيم-للنساء-أو-دي-برفام-75-مل,AlFouad Pharmacies,Verify usage rights before commercial publication,غير مثبت,غير مثبت,مرجعي فقط — غير معتمد للنشر التجاري,بيانات مرجعية متاحة؛ يلزم تحقق PM,ضمن الفحص المبدئي
12881987764527,عطر-جيس-بيلا-فيتا-باراديسو-أو-دي-برفام-للنساء-100-مل,عطر جيس بيلا فيتا باراديسو أو دي برفام للنساء 100 مل,perfumes,العطور,العطور,1,Guess Bella Vita,115706,2700,810,1890,,متاح لدى المصدر,https://cdn.shopify.com/s/files/1/0935/9550/0847/files/1_-_2026-07-09T142754.744.webp?v=1783596490,منتج عطر جيس بيلا فيتا باراديسو أو دي برفام للنساء 100 مل من perfumes. التصنيف المرجعي: العطور — Guess Bella Vita. الوسوم المرجعية: Perfumes، Women’s Perfumes.,https://alfouadpharmacies.com/en/products/عطر-جيس-بيلا-فيتا-باراديسو-أو-دي-برفام-للنساء-100-مل,AlFouad Pharmacies,Verify usage rights before commercial publication,غير مثبت,غير مثبت,مرجعي فقط — غير معتمد للنشر التجاري,بيانات مرجعية متاحة؛ يلزم تحقق PM,ضمن الفحص المبدئي
12689498800431,guess-gold-edp-75-ml-f-w,عطر جيس جولد أو دو بارفان 75 مل، مناسب للنباتيين,perfumes,العطور,العطور,1,,24898,2000,600,1400,,متاح لدى المصدر,https://cdn.shopify.com/s/files/1/0935/9550/0847/files/GUESS_GOLD_V2_1615x1615_93f50cd6-237c-4e10-b3cf-295c8c89c54f.webp?v=1771867613,منتج عطر جيس جولد أو دو بارفان 75 مل، مناسب للنباتيين من perfumes. التصنيف المرجعي: العطور. الوسوم المرجعية: Perfumes، Women’s Perfumes.,https://alfouadpharmacies.com/en/products/guess-gold-edp-75-ml-f-w,AlFouad Pharmacies,Verify usage rights before commercial publication,غير مثبت,غير مثبت,مرجعي فقط — غير معتمد للنشر التجاري,بيانات مرجعية متاحة؛ يلزم تحقق PM,ضمن الفحص المبدئي
10569975791919,عطر-جيس-سدكتف-بلو-للنساء-أو-دي-تواليت-75-مل,عطر جيس سدكتف بلو للنساء أو دي تواليت 75 مل,perfumes,العطور,العطور,1,جيس سدكتف,91240,2100,630,1470,,متاح لدى المصدر,https://cdn.shopify.com/s/files/1/0935/9550/0847/files/1_-_2026-07-09T163451.221.webp?v=1783604290,منتج عطر جيس سدكتف بلو للنساء أو دي تواليت 75 مل من perfumes. التصنيف المرجعي: العطور — جيس سدكتف. الوسوم المرجعية: Perfumes، Women’s Perfumes.,https://alfouadpharmacies.com/en/products/عطر-جيس-سدكتف-بلو-للنساء-أو-دي-تواليت-75-مل,AlFouad Pharmacies,Verify usage rights before commercial publication,غير مثبت,غير مثبت,مرجعي فقط — غير معتمد للنشر التجاري,بيانات مرجعية متاحة؛ يلزم تحقق PM,ضمن الفحص المبدئي
10569975267631,عطر-جيس-غولد-أو-دي-برفام-للنساء-75-مل,عطر جيس غولد أو دي برفام للنساء 75 مل,perfumes,العطور,العطور,1,جيس غولد,24898,2000,600,1400,,متاح لدى المصدر,https://cdn.shopify.com/s/files/1/0935/9550/0847/files/1_-_2026-07-09T160839.772.webp?v=1783602541,منتج عطر جيس غولد أو دي برفام للنساء 75 مل من perfumes. التصنيف المرجعي: العطور — جيس غولد. الوسوم المرجعية: Perfumes، Women’s Perfumes.,https://alfouadpharmacies.com/en/products/عطر-جيس-غولد-أو-دي-برفام-للنساء-75-مل,AlFouad Pharmacies,Verify usage rights before commercial publication,غير مثبت,غير مثبت,مرجعي فقط — غير معتمد للنشر التجاري,بيانات مرجعية متاحة؛ يلزم تحقق PM,ضمن الفحص المبدئي
10569973236015,dunhill-driven-black-edp-100ml,عطر دانهيل دريفن بلاك، تركيز EDP، سعة 100 مل,perfumes,العطور,العطور,1,بسيط,21587,3150,945,2205,,متاح لدى المصدر,https://cdn.shopify.com/s/files/1/0935/9550/0847/files/Dunhill-Driven-Black-Edp-FM-100ML.webp?v=1754297455,منتج عطر دانهيل دريفن بلاك، تركيز EDP، سعة 100 مل من perfumes. التصنيف المرجعي: العطور — بسيط. الوسوم المرجعية: Men’s Perfumes، Perfumes، Women’s Perfumes.,https://alfouadpharmacies.com/en/products/dunhill-driven-black-edp-100ml,AlFouad Pharmacies,Verify usage rights before commercial publication,غير مثبت,غير مثبت,مرجعي فقط — غير معتمد للنشر التجاري,بيانات مرجعية متاحة؛ يلزم تحقق PM,ضمن الفحص المبدئي
10569973367087,dunhill-driven-blue-edt-100ml,عطر دانهيل دريفن بلو، تركيز إي دي تي، 100 مل,perfumes,العطور,العطور,1,بسيط,21539,1550,465,1085,,غير متاح لدى المصدر,https://cdn.shopify.com/s/files/1/0935/9550/0847/files/Dunhill-Driven-Blue-Edt-FM-100ML.webp?v=1754297454,منتج عطر دانهيل دريفن بلو، تركيز إي دي تي، 100 مل من perfumes. التصنيف المرجعي: العطور — بسيط. الوسوم المرجعية: Men’s Perfumes، Perfumes، Women’s Perfumes.,https://alfouadpharmacies.com/en/products/dunhill-driven-blue-edt-100ml,AlFouad Pharmacies,Verify usage rights before commercial publication,غير مثبت,غير مثبت,مرجعي فقط — غير معتمد للنشر التجاري,بيانات مرجعية متاحة؛ يلزم تحقق PM,ضمن الفحص المبدئي
10569973104943,dunhill-desire-extreme-red-edt-100ml,عطر دانهيل ديزاير إكستريم ريد، ماء تواليت، 100 مل,perfumes,العطور,العطور,1,بسيط,12996,2450,735,1715,,غير متاح لدى المصدر,https://cdn.shopify.com/s/files/1/0935/9550/0847/files/Dunhill-Desire-Extreme-Red-Edt-FM-100ML.webp?v=1754297456,منتج عطر دانهيل ديزاير إكستريم ريد، ماء تواليت، 100 مل من perfumes. التصنيف المرجعي: العطور — بسيط. الوسوم المرجعية: Men’s Perfumes، Perfumes.,https://alfouadpharmacies.com/en/products/dunhill-desire-extreme-red-edt-100ml,AlFouad Pharmacies,Verify usage rights before commercial publication,غير مثبت,غير مثبت,مرجعي فقط — غير معتمد للنشر التجاري,بيانات مرجعية متاحة؛ يلزم تحقق PM,ضمن الفحص المبدئي
12689498538287,عطر-دولتشي-آند-غابانا-ذا-ون-غولد-أو-دي-برفام-إنتنس-75-مل,عطر دولتشي آند غابانا ذا ون غولد أو دي برفام إنتنس 75 مل,perfumes,العطور,العطور,1,دولتشي آند غابانا,114961,9700,2910,6790,,متاح لدى المصدر,https://cdn.shopify.com/s/files/1/0935/9550/0847/files/1_-_2026-07-09T151000.885.webp?v=1783599194,منتج عطر دولتشي آند غابانا ذا ون غولد أو دي برفام إنتنس 75 مل من perfumes. التصنيف المرجعي: العطور — دولتشي آند غابانا. الوسوم المرجعية: Perfumes، Women’s Perfumes.,https://alfouadpharmacies.com/en/products/عطر-دولتشي-آند-غابانا-ذا-ون-غولد-أو-دي-برفام-إنتنس-75-مل,AlFouad Pharmacies,Verify usage rights before commercial publication,غير مثبت,غير مثبت,مرجعي فقط — غير معتمد للنشر التجاري,بيانات مرجعية متاحة؛ يلزم تحقق PM,ضمن الفحص المبدئي
10569973137711,dunhill-desire-ocean-100-ml-edt,عطر دونهيل ديزاير أوشن 100 مل (مياه تواليت),perfumes,العطور,العطور,1,بسيط,99517,1550,465,1085,,غير متاح لدى المصدر,https://cdn.shopify.com/s/files/1/0935/9550/0847/files/Dunhill-Desire-Ocean-100-ml-Edt-FM.webp?v=1754297456,منتج عطر دونهيل ديزاير أوشن 100 مل (مياه تواليت) من perfumes. التصنيف المرجعي: العطور — بسيط. الوسوم المرجعية: Men’s Perfumes، Perfumes.,https://alfouadpharmacies.com/en/products/dunhill-desire-ocean-100-ml-edt,AlFouad Pharmacies,Verify usage rights before commercial publication,غير مثبت,غير مثبت,مرجعي فقط — غير معتمد للنشر التجاري,بيانات مرجعية متاحة؛ يلزم تحقق PM,ضمن الفحص المبدئي
10569973203247,dunhill-desire-red-edt-100ml,عطر دونهيل ديزاير ريد، تركيز إي دي تي، 100 مل,perfumes,العطور,العطور,1,بسيط,10748,3310,993,2317,,متاح لدى المصدر,https://cdn.shopify.com/s/files/1/0935/9550/0847/files/Dunhill-Desire-Red-Edt-FM-100ML.webp?v=1754297455,منتج عطر دونهيل ديزاير ريد، تركيز إي دي تي، 100 مل من perfumes. التصنيف المرجعي: العطور — بسيط. الوسوم المرجعية: Men’s Perfumes، Perfumes.,https://alfouadpharmacies.com/en/products/dunhill-desire-red-edt-100ml,AlFouad Pharmacies,Verify usage rights before commercial publication,غير مثبت,غير مثبت,مرجعي فقط — غير معتمد للنشر التجاري,بيانات مرجعية متاحة؛ يلزم تحقق PM,ضمن الفحص المبدئي
10569973072175,dunhill-desire-blue-edt-100-ml,عطر دونهيل ديزير بلو، ماء تواليت، 100 مل,perfumes,العطور,العطور,1,بسيط,81202,3310,993,2317,,متاح لدى المصدر,https://cdn.shopify.com/s/files/1/0935/9550/0847/files/Dunhill-Desire-Blue-Edt-FM-100-ml.webp?v=1754297457,منتج عطر دونهيل ديزير بلو، ماء تواليت، 100 مل من perfumes. التصنيف المرجعي: العطور — بسيط. الوسوم المرجعية: Men’s Perfumes، Perfumes.,https://alfouadpharmacies.com/en/products/dunhill-desire-blue-edt-100-ml,AlFouad Pharmacies,Verify usage rights before commercial publication,غير مثبت,غير مثبت,مرجعي فقط — غير معتمد للنشر التجاري,بيانات مرجعية متاحة؛ يلزم تحقق PM,ضمن الفحص المبدئي
10569971171631,cherrera-bad-boy-cobalt-elixir-edp-100ml,عطر سي هيريرا باد بوي كوبالت إليكسير، تركيز إي دي بي، 100 مل,perfumes,العطور,العطور,1,بسيط,103873,9300,2790,6510,,متاح لدى المصدر,https://cdn.shopify.com/s/files/1/0935/9550/0847/files/C.HERRERA-Bad-Boy-Cobalt-Elixir-Edp-100ML-FM.webp?v=1754297480,منتج عطر سي هيريرا باد بوي كوبالت إليكسير، تركيز إي دي بي، 100 مل من perfumes. التصنيف المرجعي: العطور — بسيط. الوسوم المرجعية: Men’s Perfumes، Perfumes.,https://alfouadpharmacies.com/en/products/cherrera-bad-boy-cobalt-elixir-edp-100ml,AlFouad Pharmacies,Verify usage rights before commercial publication,غير مثبت,غير مثبت,مرجعي فقط — غير معتمد للنشر التجاري,بيانات مرجعية متاحة؛ يلزم تحقق PM,ضمن الفحص المبدئي
10569971794223,cherrera-good-girl-dazzling-garden-edp-80ml,عطر سي هيريرا جود جيرل دازلينج جاردن، إصدار إي دي بي، 80 مل,perfumes,العطور,العطور,1,بسيط,6258,5200,1560,3640,,غير متاح لدى المصدر,https://cdn.shopify.com/s/files/1/0935/9550/0847/files/C.HERRERA-Good-Girl-Dazzling-Garden-Edp-80ML-FW.webp?v=1754297468,منتج عطر سي هيريرا جود جيرل دازلينج جاردن، إصدار إي دي بي، 80 مل من perfumes. التصنيف المرجعي: العطور — بسيط. الوسوم المرجعية: Perfumes، Women’s Perfumes.,https://alfouadpharmacies.com/en/products/cherrera-good-girl-dazzling-garden-edp-80ml,AlFouad Pharmacies,Verify usage rights before commercial publication,غير مثبت,غير مثبت,مرجعي فقط — غير معتمد للنشر التجاري,بيانات مرجعية متاحة؛ يلزم تحقق PM,ضمن الفحص المبدئي
10569970221359,cherrera-212-vip-fm-black-200ml-edp,عطر سي. هيريرا 212 VIP F/M بلاك 200 مل (إدي بي),perfumes,العطور,العطور,1,بسيط,25204,8000,2400,5600,,غير متاح لدى المصدر,https://cdn.shopify.com/s/files/1/0935/9550/0847/files/61pjEdHqy9L._AC_UF8941000_QL80.webp?v=1754297493,منتج عطر سي. هيريرا 212 VIP F/M بلاك 200 مل (إدي بي) من perfumes. التصنيف المرجعي: العطور — بسيط. الوسوم المرجعية: Men’s Perfumes، Perfumes.,https://alfouadpharmacies.com/en/products/cherrera-212-vip-fm-black-200ml-edp,AlFouad Pharmacies,Verify usage rights before commercial publication,غير مثبت,غير مثبت,مرجعي فقط — غير معتمد للنشر التجاري,بيانات مرجعية متاحة؛ يلزم تحقق PM,ضمن الفحص المبدئي
10569970417967,cherrera-212-vip-party-fever-edt-fw-80ml,عطر سي. هيريرا 212 VIP Party Fever  إدي تواليت نسائي 80 مل,perfumes,العطور,العطور,1,بسيط,102221,5000,1500,3500,,غير متاح لدى المصدر,https://cdn.shopify.com/s/files/1/0935/9550/0847/files/C.HERRERA-212-VIP-Party-Fever-Edt-FW-80ML.webp?v=1754297490,منتج عطر سي. هيريرا 212 VIP Party Fever  إدي تواليت نسائي 80 مل من perfumes. التصنيف المرجعي: العطور — بسيط. الوسوم المرجعية: Men’s Perfumes، Perfumes، Women’s Perfumes.,https://alfouadpharmacies.com/en/products/cherrera-212-vip-party-fever-edt-fw-80ml,AlFouad Pharmacies,Verify usage rights before commercial publication,غير مثبت,غير مثبت,مرجعي فقط — غير معتمد للنشر التجاري,بيانات مرجعية متاحة؛ يلزم تحقق PM,ضمن الفحص المبدئي
10569970188591,cherrera-212-vip-black-own-the-party-edp-fm-100ml,عطر سي. هيريرا 212 VIP بلاك أوون ذا بارتي، إصدار EDP، للرجال والنساء، 100 مل.,perfumes,العطور,العطور,1,بسيط,14390,6000,1800,4200,,غير متاح لدى المصدر,https://cdn.shopify.com/s/files/1/0935/9550/0847/files/C.HERRERA-212-VIP-Black-NYC-FM-100ML.webp?v=1754297493,منتج عطر سي. هيريرا 212 VIP بلاك أوون ذا بارتي، إصدار EDP، للرجال والنساء، 100 مل. من perfumes. التصنيف المرجعي: العطور — بسيط. الوسوم المرجعية: Men’s Perfumes، Perfumes.,https://alfouadpharmacies.com/en/products/cherrera-212-vip-black-own-the-party-edp-fm-100ml,AlFouad Pharmacies,Verify usage rights before commercial publication,غير مثبت,غير مثبت,مرجعي فقط — غير معتمد للنشر التجاري,بيانات مرجعية متاحة؛ يلزم تحقق PM,ضمن الفحص المبدئي
10569970516271,cherrera-212-vip-rose-nyc-elixir-edp-fw-80ml,عطر سي. هيريرا 212 VIP روز نيويورك إيليكسير، إصدار محدود، 80 مل.,perfumes,العطور,العطور,1,بسيط,112293,6900,2070,4830,,غير متاح لدى المصدر,https://cdn.shopify.com/s/files/1/0935/9550/0847/files/C.HERRERA-212-VIP-Rose-NYC-Elixir-Edp-FW-80ML.webp?v=1754297489,منتج عطر سي. هيريرا 212 VIP روز نيويورك إيليكسير، إصدار محدود، 80 مل. من perfumes. التصنيف المرجعي: العطور — بسيط. الوسوم المرجعية: Perfumes، Women’s Perfumes.,https://alfouadpharmacies.com/en/products/cherrera-212-vip-rose-nyc-elixir-edp-fw-80ml,AlFouad Pharmacies,Verify usage rights before commercial publication,غير مثبت,غير مثبت,مرجعي فقط — غير معتمد للنشر التجاري,بيانات مرجعية متاحة؛ يلزم تحقق PM,ضمن الفحص المبدئي
10569970483503,cherrera-212-vip-rose-ny-fw-edp-80ml-white,عطر سي. هيريرا 212 VIP روز نيويورك فايرست فول EDP 80 مل (أبيض),perfumes,العطور,العطور,1,بسيط,1742,7000,2100,4900,,متاح لدى المصدر,https://cdn.shopify.com/s/files/1/0935/9550/0847/files/C.HERRERA-212-VIP-Rose-NY-FW-Edp-80ML-White.webp?v=1754297490,منتج عطر سي. هيريرا 212 VIP روز نيويورك فايرست فول EDP 80 مل (أبيض) من perfumes. التصنيف المرجعي: العطور — بسيط. الوسوم المرجعية: Perfumes، Women’s Perfumes.,https://alfouadpharmacies.com/en/products/cherrera-212-vip-rose-ny-fw-edp-80ml-white,AlFouad Pharmacies,Verify usage rights before commercial publication,غير مثبت,غير مثبت,مرجعي فقط — غير معتمد للنشر التجاري,بيانات مرجعية متاحة؛ يلزم تحقق PM,ضمن الفحص المبدئي
10569970909487,cherrera-212-vip-wins-edp-80ml,عطر سي. هيريرا 212 VIP وينز، إصدار EDP، 80 مل,perfumes,العطور,العطور,1,بسيط,20386,2500,750,1750,,متاح لدى المصدر,https://cdn.shopify.com/s/files/1/0935/9550/0847/files/C.HERRERA-212-VIP-Wins-Edp-80ML.webp?v=1754297483,منتج عطر سي. هيريرا 212 VIP وينز، إصدار EDP، 80 مل من perfumes. التصنيف المرجعي: العطور — بسيط. الوسوم المرجعية: Perfumes، Women’s Perfumes.,https://alfouadpharmacies.com/en/products/cherrera-212-vip-wins-edp-80ml,AlFouad Pharmacies,Verify usage rights before commercial publication,غير مثبت,غير مثبت,مرجعي فقط — غير معتمد للنشر التجاري,بيانات مرجعية متاحة؛ يلزم تحقق PM,ضمن الفحص المبدئي
10569969991983,cherrera-212-sexy-100ml-edp-fw,عطر سي. هيريرا 212 سيكسي 100 مل، تركيز عالي (إي دي بي)، نسائي.,perfumes,العطور,العطور,1,بسيط,93238,5400,1620,3780,,غير متاح لدى المصدر,https://cdn.shopify.com/s/files/1/0935/9550/0847/files/C.HERRERA-212-Sexy-100ML-Edp-FW.webp?v=1754297496,منتج عطر سي. هيريرا 212 سيكسي 100 مل، تركيز عالي (إي دي بي)، نسائي. من perfumes. التصنيف المرجعي: العطور — بسيط. الوسوم المرجعية: Perfumes، Women’s Perfumes.,https://alfouadpharmacies.com/en/products/cherrera-212-sexy-100ml-edp-fw,AlFouad Pharmacies,Verify usage rights before commercial publication,غير مثبت,غير مثبت,مرجعي فقط — غير معتمد للنشر التجاري,بيانات مرجعية متاحة؛ يلزم تحقق PM,ضمن الفحص المبدئي
10569970057519,cherrera-212-sexy-edt-100-ml-fm,عطر سي. هيريرا 212 سيكسي، تركيز إي دي تي، 100 مل، للجنسين.,perfumes,العطور,العطور,1,بسيط,99174,5200,1560,3640,,متاح لدى المصدر,https://cdn.shopify.com/s/files/1/0935/9550/0847/files/C.HERRERA-212-Sexy-Edt-100-ml-FM.webp?v=1754297495,منتج عطر سي. هيريرا 212 سيكسي، تركيز إي دي تي، 100 مل، للجنسين. من perfumes. التصنيف المرجعي: العطور — بسيط. الوسوم المرجعية: Men’s Perfumes، Perfumes.,https://alfouadpharmacies.com/en/products/cherrera-212-sexy-edt-100-ml-fm,AlFouad Pharmacies,Verify usage rights before commercial publication,غير مثبت,غير مثبت,مرجعي فقط — غير معتمد للنشر التجاري,بيانات مرجعية متاحة؛ يلزم تحقق PM,ضمن الفحص المبدئي
10569969565999,cherrera-212-men-nyc-gold-fm-edt-100ml,عطر سي. هيريرا 212 للرجال نيويورك جولد، إصدار محدود، 100 مل.,perfumes,العطور,العطور,1,بسيط,112292,6500,1950,4550,,متاح لدى المصدر,https://cdn.shopify.com/s/files/1/0935/9550/0847/files/C.HERRERA-212-Men-NYC-Gold-FM-Edt-100ML-2.webp?v=1754297500,منتج عطر سي. هيريرا 212 للرجال نيويورك جولد، إصدار محدود، 100 مل. من perfumes. التصنيف المرجعي: العطور — بسيط. الوسوم المرجعية: Men’s Perfumes، Perfumes.,https://alfouadpharmacies.com/en/products/cherrera-212-men-nyc-gold-fm-edt-100ml,AlFouad Pharmacies,Verify usage rights before commercial publication,غير مثبت,غير مثبت,مرجعي فقط — غير معتمد للنشر التجاري,بيانات مرجعية متاحة؛ يلزم تحقق PM,ضمن الفحص المبدئي
10569969434927,cherrera-212-men-nyc-fm-edt-100ml,عطر سي. هيريرا 212 للرجال نيويورك، إصدار EDT، 100 مل,perfumes,العطور,العطور,1,بسيط,106211,7000,2100,4900,,متاح لدى المصدر,https://cdn.shopify.com/s/files/1/0935/9550/0847/files/C.HERRERA-212-Men-NYC-FM-Edt-100ML.webp?v=1754297501,منتج عطر سي. هيريرا 212 للرجال نيويورك، إصدار EDT، 100 مل من perfumes. التصنيف المرجعي: العطور — بسيط. الوسوم المرجعية: Men’s Perfumes، Perfumes.,https://alfouadpharmacies.com/en/products/cherrera-212-men-nyc-fm-edt-100ml,AlFouad Pharmacies,Verify usage rights before commercial publication,غير مثبت,غير مثبت,مرجعي فقط — غير معتمد للنشر التجاري,بيانات مرجعية متاحة؛ يلزم تحقق PM,ضمن الفحص المبدئي
10569969008943,cherrera-212-men-heroes-forever-young-edt-150ml,عطر سي. هيريرا 212 للرجال هيروز فور إيفر يونغ، تركيز إي دي تي، 150 مل,perfumes,العطور,العطور,1,بسيط,93775,8000,2400,5600,,متاح لدى المصدر,https://cdn.shopify.com/s/files/1/0935/9550/0847/files/C.HERRERA-212-Men-Heroes-Forever-Young-Edt-150ML.webp?v=1754297505,منتج عطر سي. هيريرا 212 للرجال هيروز فور إيفر يونغ، تركيز إي دي تي، 150 مل من perfumes. التصنيف المرجعي: العطور — بسيط. الوسوم المرجعية: Men’s Perfumes، Perfumes.,https://alfouadpharmacies.com/en/products/cherrera-212-men-heroes-forever-young-edt-150ml,AlFouad Pharmacies,Verify usage rights before commercial publication,غير مثبت,غير مثبت,مرجعي فقط — غير معتمد للنشر التجاري,بيانات مرجعية متاحة؛ يلزم تحقق PM,ضمن الفحص المبدئي
10569971040559,cherrera-bad-boy-cobalt-edpm-100ml,عطر سي. هيريرا باد بوي كوبالت للرجال، تركيز إي دي بي، 100 مل,perfumes,العطور,العطور,1,بسيط,19289,4000,1200,2800,,غير متاح لدى المصدر,https://cdn.shopify.com/s/files/1/0935/9550/0847/files/C.HERRERA-Bad-Boy-Cobalt-EdpM-100ML.webp?v=1754297481,منتج عطر سي. هيريرا باد بوي كوبالت للرجال، تركيز إي دي بي، 100 مل من perfumes. التصنيف المرجعي: العطور — بسيط. الوسوم المرجعية: Men’s Perfumes، Perfumes.,https://alfouadpharmacies.com/en/products/cherrera-bad-boy-cobalt-edpm-100ml,AlFouad Pharmacies,Verify usage rights before commercial publication,غير مثبت,غير مثبت,مرجعي فقط — غير معتمد للنشر التجاري,بيانات مرجعية متاحة؛ يلزم تحقق PM,ضمن الفحص المبدئي
10569971401007,cherrera-bad-boy-edp-100ml,عطر سي. هيريرا باد بوي للرجال 100 مل (إيديب),perfumes,العطور,العطور,1,بسيط,95596,3800,1140,2660,,غير متاح لدى المصدر,https://cdn.shopify.com/s/files/1/0935/9550/0847/files/C.HERRERA-Bad-Boy-Edp-FM-100ML.webp?v=1754297476,منتج عطر سي. هيريرا باد بوي للرجال 100 مل (إيديب) من perfumes. التصنيف المرجعي: العطور — بسيط. الوسوم المرجعية: Men’s Perfumes، Perfumes.,https://alfouadpharmacies.com/en/products/cherrera-bad-boy-edp-100ml,AlFouad Pharmacies,Verify usage rights before commercial publication,غير مثبت,غير مثبت,مرجعي فقط — غير معتمد للنشر التجاري,بيانات مرجعية متاحة؛ يلزم تحقق PM,ضمن الفحص المبدئي
10569971761455,cherrera-good-girl-blush-elixir-edp-80ml,عطر سي. هيريرا جود جيرل بلش إليكسير أو دو برفيوم 80 مل,perfumes,العطور,العطور,1,بسيط,25677,10500,3150,7350,,متاح لدى المصدر,https://cdn.shopify.com/s/files/1/0935/9550/0847/files/51xW1E7gMxL._AC_UF8941000_QL80.webp?v=1754297468,منتج عطر سي. هيريرا جود جيرل بلش إليكسير أو دو برفيوم 80 مل من perfumes. التصنيف المرجعي: العطور — بسيط. الوسوم المرجعية: Perfumes، Women’s Perfumes.,https://alfouadpharmacies.com/en/products/cherrera-good-girl-blush-elixir-edp-80ml,AlFouad Pharmacies,Verify usage rights before commercial publication,غير مثبت,غير مثبت,مرجعي فقط — غير معتمد للنشر التجاري,بيانات مرجعية متاحة؛ يلزم تحقق PM,ضمن الفحص المبدئي
12689493459247,c-herrera-good-girl-bowtastic-edp-f-w-80ml,عطر سي. هيريرا جود جيرل بوتاستيك أو دو بارفان للخريف والشتاء 80 مل,perfumes,العطور,العطور,1,,114969,9400,2820,6580,,متاح لدى المصدر,https://cdn.shopify.com/s/files/1/0935/9550/0847/files/GOOD_GIRL_BLUE_BOW_1615x1615_9d63a7c5-5c59-4c3e-ae25-03309aee25f9.webp?v=1771874989,منتج عطر سي. هيريرا جود جيرل بوتاستيك أو دو بارفان للخريف والشتاء 80 مل من perfumes. التصنيف المرجعي: العطور. الوسوم المرجعية: Perfumes، Women’s Perfumes.,https://alfouadpharmacies.com/en/products/c-herrera-good-girl-bowtastic-edp-f-w-80ml,AlFouad Pharmacies,Verify usage rights before commercial publication,غير مثبت,غير مثبت,مرجعي فقط — غير معتمد للنشر التجاري,بيانات مرجعية متاحة؛ يلزم تحقق PM,ضمن الفحص المبدئي
10569971990831,cherrera-good-girl-very-edp-80ml,عطر سي. هيريرا جود جيرل فيري، إصدار عطر مركز، 80 مل,perfumes,العطور,العطور,1,بسيط,7873,9800,2940,6860,,غير متاح لدى المصدر,https://cdn.shopify.com/s/files/1/0935/9550/0847/files/C.HERRERA-Good-Girl-Very-Edp-FW-80ML.webp?v=1754297466,منتج عطر سي. هيريرا جود جيرل فيري، إصدار عطر مركز، 80 مل من perfumes. التصنيف المرجعي: العطور — بسيط. الوسوم المرجعية: Perfumes، Women’s Perfumes.,https://alfouadpharmacies.com/en/products/cherrera-good-girl-very-edp-80ml,AlFouad Pharmacies,Verify usage rights before commercial publication,غير مثبت,غير مثبت,مرجعي فقط — غير معتمد للنشر التجاري,بيانات مرجعية متاحة؛ يلزم تحقق PM,ضمن الفحص المبدئي
10569971958063,cherrera-good-girl-midnight-edp-80ml,عطر سي. هيريرا جود جيرل منتصف الليل، تركيز عطر إي دي بي، 80 مل,perfumes,العطور,العطور,1,بسيط,106158,4500,1350,3150,,غير متاح لدى المصدر,https://cdn.shopify.com/s/files/1/0935/9550/0847/files/C.HERRERA-Good-Girl-Midnight-Edp-80ML-FW.webp?v=1754297467,منتج عطر سي. هيريرا جود جيرل منتصف الليل، تركيز عطر إي دي بي، 80 مل من perfumes. التصنيف المرجعي: العطور — بسيط. الوسوم المرجعية: Perfumes، Women’s Perfumes.,https://alfouadpharmacies.com/en/products/cherrera-good-girl-midnight-edp-80ml,AlFouad Pharmacies,Verify usage rights before commercial publication,غير مثبت,غير مثبت,مرجعي فقط — غير معتمد للنشر التجاري,بيانات مرجعية متاحة؛ يلزم تحقق PM,ضمن الفحص المبدئي
10569971859759,cherrera-good-girl-edp-80ml,عطر سي. هيريرا جود جيرل، تركيز إي دي بي، 80 مل,perfumes,العطور,العطور,1,بسيط,108062,9300,2790,6510,,متاح لدى المصدر,https://cdn.shopify.com/s/files/1/0935/9550/0847/files/C.HERRERA-Good-Girl-Edp-80ML-FW.webp?v=1754297467,منتج عطر سي. هيريرا جود جيرل، تركيز إي دي بي، 80 مل من perfumes. التصنيف المرجعي: العطور — بسيط. الوسوم المرجعية: Perfumes، Women’s Perfumes.,https://alfouadpharmacies.com/en/products/cherrera-good-girl-edp-80ml,AlFouad Pharmacies,Verify usage rights before commercial publication,غير مثبت,غير مثبت,مرجعي فقط — غير معتمد للنشر التجاري,بيانات مرجعية متاحة؛ يلزم تحقق PM,ضمن الفحص المبدئي
10569972908335,عطر-شانيل-كوكو-مادوموزيل-أو-دي-برفام-للنساء-100-مل,عطر شانيل كوكو مادوموزيل أو دي برفام للنساء 100 مل,perfumes,العطور,العطور,1, شانيل كوكو,32110,16000,4800,11200,,غير متاح لدى المصدر,https://cdn.shopify.com/s/files/1/0935/9550/0847/files/1_-_2026-07-09T145016.402.webp?v=1783598720,منتج عطر شانيل كوكو مادوموزيل أو دي برفام للنساء 100 مل من perfumes. التصنيف المرجعي: العطور —  شانيل كوكو. الوسوم المرجعية: Perfumes، Women’s Perfumes.,https://alfouadpharmacies.com/en/products/عطر-شانيل-كوكو-مادوموزيل-أو-دي-برفام-للنساء-100-مل,AlFouad Pharmacies,Verify usage rights before commercial publication,غير مثبت,غير مثبت,مرجعي فقط — غير معتمد للنشر التجاري,بيانات مرجعية متاحة؛ يلزم تحقق PM,ضمن الفحص المبدئي
12689497751855,عطر-غوتشي-بلوم-أو-دي-للنساء-100-مل,عطر غوتشي بلوم أو دي للنساء 100 مل,perfumes,العطور,العطور,1,غوتشي بلوم,114964,7200,2160,5040,,متاح لدى المصدر,https://cdn.shopify.com/s/files/1/0935/9550/0847/files/1_-_2026-07-09T155147.531.webp?v=1783601541,منتج عطر غوتشي بلوم أو دي للنساء 100 مل من perfumes. التصنيف المرجعي: العطور — غوتشي بلوم. الوسوم المرجعية: Perfumes، Women’s Perfumes.,https://alfouadpharmacies.com/en/products/عطر-غوتشي-بلوم-أو-دي-للنساء-100-مل,AlFouad Pharmacies,Verify usage rights before commercial publication,غير مثبت,غير مثبت,مرجعي فقط — غير معتمد للنشر التجاري,بيانات مرجعية متاحة؛ يلزم تحقق PM,ضمن الفحص المبدئي
10569974808879,عطر-غوتشي-غيلتي-أبسولوت-أو-دي-برفام-للنساء-90-مل,عطر غوتشي غيلتي أبسولوت أو دي برفام للنساء 90 مل,perfumes,العطور,العطور,1,غوتشي غيلتي,93333,6900,2070,4830,,متاح لدى المصدر,https://cdn.shopify.com/s/files/1/0935/9550/0847/files/1_-_2026-07-09T155711.641.webp?v=1783601853,منتج عطر غوتشي غيلتي أبسولوت أو دي برفام للنساء 90 مل من perfumes. التصنيف المرجعي: العطور — غوتشي غيلتي. الوسوم المرجعية: Perfumes، Women’s Perfumes.,https://alfouadpharmacies.com/en/products/عطر-غوتشي-غيلتي-أبسولوت-أو-دي-برفام-للنساء-90-مل,AlFouad Pharmacies,Verify usage rights before commercial publication,غير مثبت,غير مثبت,مرجعي فقط — غير معتمد للنشر التجاري,بيانات مرجعية متاحة؛ يلزم تحقق PM,ضمن الفحص المبدئي
12689498472751,gucci-guilty-essence-edt-f-m-90ml,عطر غوتشي غيلتي إيسنس أو دو تواليت نسائي/رجالي 90 مل,perfumes,العطور,العطور,1,,114963,5300,1590,3710,,متاح لدى المصدر,https://cdn.shopify.com/s/files/1/0935/9550/0847/files/GUCCI_GUILTY_ESSENCE_V2_1615x1615_f5da1204-d587-431a-a08a-8aae09b79236.webp?v=1771870390,منتج عطر غوتشي غيلتي إيسنس أو دو تواليت نسائي/رجالي 90 مل من perfumes. التصنيف المرجعي: العطور. الوسوم المرجعية: Men’s Perfumes، Perfumes.,https://alfouadpharmacies.com/en/products/gucci-guilty-essence-edt-f-m-90ml,AlFouad Pharmacies,Verify usage rights before commercial publication,غير مثبت,غير مثبت,مرجعي فقط — غير معتمد للنشر التجاري,بيانات مرجعية متاحة؛ يلزم تحقق PM,ضمن الفحص المبدئي
10569975890223,guess-seductive-charm-edt-75-ml,عطر غيس سيدوكتيف تشارم، ماء تواليت، 75 مل,perfumes,العطور,العطور,1,بسيط,94493,995,298.5,696.5,,غير متاح لدى المصدر,https://cdn.shopify.com/s/files/1/0935/9550/0847/files/1.webp?v=1754297425,منتج عطر غيس سيدوكتيف تشارم، ماء تواليت، 75 مل من perfumes. التصنيف المرجعي: العطور — بسيط. الوسوم المرجعية: Perfumes، Women’s Perfumes.,https://alfouadpharmacies.com/en/products/guess-seductive-charm-edt-75-ml,AlFouad Pharmacies,Verify usage rights before commercial publication,غير مثبت,غير مثبت,مرجعي فقط — غير معتمد للنشر التجاري,بيانات مرجعية متاحة؛ يلزم تحقق PM,ضمن الفحص المبدئي
10569976480047,guess-seductive-kiss-edt-75-ml,عطر غيس سيدوكتيف كيس، ماء تواليت، 75 مل,perfumes,العطور,العطور,1,بسيط,108428,1450,435,1015,,غير متاح لدى المصدر,https://cdn.shopify.com/s/files/1/0935/9550/0847/files/1_22_502f1cd9-c405-4a44-a03d-6e9c21a2f2a5.webp?v=1783753981,منتج عطر غيس سيدوكتيف كيس، ماء تواليت، 75 مل من perfumes. التصنيف المرجعي: العطور — بسيط. الوسوم المرجعية: Perfumes، Women’s Perfumes.,https://alfouadpharmacies.com/en/products/guess-seductive-kiss-edt-75-ml,AlFouad Pharmacies,Verify usage rights before commercial publication,غير مثبت,غير مثبت,مرجعي فقط — غير معتمد للنشر التجاري,بيانات مرجعية متاحة؛ يلزم تحقق PM,ضمن الفحص المبدئي
10569976185135,guess-seductive-homme-edt-150-ml,عطر غيس سيدوكتيف هوم للرجال، تركيز أو دو تواليت، 150 مل,perfumes,العطور,العطور,1,بسيط,8785,2200,660,1540,,غير متاح لدى المصدر,https://cdn.shopify.com/s/files/1/0935/9550/0847/files/1_21_42bfc13b-b12f-4db8-95e7-6dfc08d5dfa9.webp?v=1783752365,منتج عطر غيس سيدوكتيف هوم للرجال، تركيز أو دو تواليت، 150 مل من perfumes. التصنيف المرجعي: العطور — بسيط. الوسوم المرجعية: Men’s Perfumes، Perfumes.,https://alfouadpharmacies.com/en/products/guess-seductive-homme-edt-150-ml,AlFouad Pharmacies,Verify usage rights before commercial publication,غير مثبت,غير مثبت,مرجعي فقط — غير معتمد للنشر التجاري,بيانات مرجعية متاحة؛ يلزم تحقق PM,ضمن الفحص المبدئي
10569975398703,guess-marciano-100ml-edt,عطر غيس مارسيانو 100 مل (مياه تواليت),perfumes,العطور,العطور,1,بسيط,89403,2000,600,1400,,متاح لدى المصدر,https://cdn.shopify.com/s/files/1/0935/9550/0847/files/Guess-Marciano-FM-100ML-Edt.webp?v=1754297430,منتج عطر غيس مارسيانو 100 مل (مياه تواليت) من perfumes. التصنيف المرجعي: العطور — بسيط. الوسوم المرجعية: Men’s Perfumes، Perfumes.,https://alfouadpharmacies.com/en/products/guess-marciano-100ml-edt,AlFouad Pharmacies,Verify usage rights before commercial publication,غير مثبت,غير مثبت,مرجعي فقط — غير معتمد للنشر التجاري,بيانات مرجعية متاحة؛ يلزم تحقق PM,ضمن الفحص المبدئي
10569973596463,fantasy-briteny-spears-edp-100ml,عطر فانتاسي بريتني سبيرز، تركيز عالي (إي دي بي)، 100 مل,perfumes,العطور,العطور,1,بسيط,25665,2200,660,1540,,متاح لدى المصدر,https://cdn.shopify.com/s/files/1/0935/9550/0847/files/Fantasy-Briteny-Spears-Edp-100ML.webp?v=1754297452,منتج عطر فانتاسي بريتني سبيرز، تركيز عالي (إي دي بي)، 100 مل من perfumes. التصنيف المرجعي: العطور — بسيط. الوسوم المرجعية: Perfumes، Women’s Perfumes.,https://alfouadpharmacies.com/en/products/fantasy-briteny-spears-edp-100ml,AlFouad Pharmacies,Verify usage rights before commercial publication,غير مثبت,غير مثبت,مرجعي فقط — غير معتمد للنشر التجاري,بيانات مرجعية متاحة؛ يلزم تحقق PM,ضمن الفحص المبدئي
10569974776111,gucci-bloom-intense-edp-100ml,عطر قوتشي بلوم إنتنس، تركيز إي دي بي، 100 مل,perfumes,العطور,العطور,1,بسيط,97405,8400,2520,5880,,غير متاح لدى المصدر,https://cdn.shopify.com/s/files/1/0935/9550/0847/files/Gucci-Bloom-Intense-FW-Edp-100ML.webp?v=1754297438,منتج عطر قوتشي بلوم إنتنس، تركيز إي دي بي، 100 مل من perfumes. التصنيف المرجعي: العطور — بسيط. الوسوم المرجعية: Perfumes، Women’s Perfumes.,https://alfouadpharmacies.com/en/products/gucci-bloom-intense-edp-100ml,AlFouad Pharmacies,Verify usage rights before commercial publication,غير مثبت,غير مثبت,مرجعي فقط — غير معتمد للنشر التجاري,بيانات مرجعية متاحة؛ يلزم تحقق PM,ضمن الفحص المبدئي
12689498898735,عطر-كارولينا-هيريرا-212-vip-بلاك-للرجال-100-مل,عطر كارولينا هيريرا 212 VIP بلاك للرجال 100 مل,perfumes,العطور,العطور,1,212 vip ,20349,7000,2100,4900,,متاح لدى المصدر,https://cdn.shopify.com/s/files/1/0935/9550/0847/files/1_-_2026-07-09T141913.456.webp?v=1783596008,منتج عطر كارولينا هيريرا 212 VIP بلاك للرجال 100 مل من perfumes. التصنيف المرجعي: العطور — 212 vip . الوسوم المرجعية: Men’s Perfumes، Perfumes.,https://alfouadpharmacies.com/en/products/عطر-كارولينا-هيريرا-212-vip-بلاك-للرجال-100-مل,AlFouad Pharmacies,Verify usage rights before commercial publication,غير مثبت,غير مثبت,مرجعي فقط — غير معتمد للنشر التجاري,بيانات مرجعية متاحة؛ يلزم تحقق PM,ضمن الفحص المبدئي
12689493754159,عطر-كارولينا-هيريرا-جود-جيرل-أو-دي-برفام-للنساء-80-مل,عطر كارولينا هيريرا جود جيرل أو دي برفام للنساء 80 مل,perfumes,العطور,العطور,1,Good Girl,114967,9200,2760,6440,,متاح لدى المصدر,https://cdn.shopify.com/s/files/1/0935/9550/0847/files/1_-_2026-07-09T144029.985.webp?v=1783597358,منتج عطر كارولينا هيريرا جود جيرل أو دي برفام للنساء 80 مل من perfumes. التصنيف المرجعي: العطور — Good Girl. الوسوم المرجعية: Perfumes، Women’s Perfumes.,https://alfouadpharmacies.com/en/products/عطر-كارولينا-هيريرا-جود-جيرل-أو-دي-برفام-للنساء-80-مل,AlFouad Pharmacies,Verify usage rights before commercial publication,غير مثبت,غير مثبت,مرجعي فقط — غير معتمد للنشر التجاري,بيانات مرجعية متاحة؛ يلزم تحقق PM,ضمن الفحص المبدئي
10569977757999,lacoste-pour-femme-intense-edp-90ml,عطر لاكوست بور فام إنتنس، تركيز EDP، سعة 90 مل,perfumes,العطور,العطور,1,بسيط,86148,2050,615,1435,,غير متاح لدى المصدر,https://cdn.shopify.com/s/files/1/0935/9550/0847/files/Lacoste-Pour-Femme-Intense-Edp-90ML.webp?v=1754297404,منتج عطر لاكوست بور فام إنتنس، تركيز EDP، سعة 90 مل من perfumes. التصنيف المرجعي: العطور — بسيط. الوسوم المرجعية: Perfumes، Women’s Perfumes.,https://alfouadpharmacies.com/en/products/lacoste-pour-femme-intense-edp-90ml,AlFouad Pharmacies,Verify usage rights before commercial publication,غير مثبت,غير مثبت,مرجعي فقط — غير معتمد للنشر التجاري,بيانات مرجعية متاحة؛ يلزم تحقق PM,ضمن الفحص المبدئي
12689495753007,hugo-intense-edp-f-m-75ml,عطر هوغو إنتنس أو دو بارفان للرجال والنساء 75 مل,perfumes,العطور,العطور,1,Hugo Intense,114965,4950,1485,3465,,متاح لدى المصدر,https://cdn.shopify.com/s/files/1/0935/9550/0847/files/1_24_53fb55b2-bf74-4cc1-8548-9fb76aa84f01.webp?v=1783754267,منتج عطر هوغو إنتنس أو دو بارفان للرجال والنساء 75 مل من perfumes. التصنيف المرجعي: العطور — Hugo Intense. الوسوم المرجعية: Men’s Perfumes، Perfumes.,https://alfouadpharmacies.com/en/products/hugo-intense-edp-f-m-75ml,AlFouad Pharmacies,Verify usage rights before commercial publication,غير مثبت,غير مثبت,مرجعي فقط — غير معتمد للنشر التجاري,بيانات مرجعية متاحة؛ يلزم تحقق PM,ضمن الفحص المبدئي
10569976611119,hugo-boss-alive-edp-80ml,عطر هوغو بوس ألايف، تركيز إي دي بي، 80 مل,perfumes,العطور,العطور,1,بسيط,88129,2150,645,1505,,غير متاح لدى المصدر,https://cdn.shopify.com/s/files/1/0935/9550/0847/files/Hugo-Boss-Alive-Edp-80ML.webp?v=1754297416,منتج عطر هوغو بوس ألايف، تركيز إي دي بي، 80 مل من perfumes. التصنيف المرجعي: العطور — بسيط. الوسوم المرجعية: Perfumes، Women’s Perfumes.,https://alfouadpharmacies.com/en/products/hugo-boss-alive-edp-80ml,AlFouad Pharmacies,Verify usage rights before commercial publication,غير مثبت,غير مثبت,مرجعي فقط — غير معتمد للنشر التجاري,بيانات مرجعية متاحة؛ يلزم تحقق PM,ضمن الفحص المبدئي
10569976774959,hugo-boss-bottled-unlimited-edt-100ml,عطر هوغو بوس بوتلد أنليميتد، إصدار تواليت، 100 مل,perfumes,العطور,العطور,1,بسيط,9967,3450,1035,2415,,غير متاح لدى المصدر,https://cdn.shopify.com/s/files/1/0935/9550/0847/files/Hugo-Boss-Bottled-Unlimited-FM-Edt-100ML.webp?v=1754297414,منتج عطر هوغو بوس بوتلد أنليميتد، إصدار تواليت، 100 مل من perfumes. التصنيف المرجعي: العطور — بسيط. الوسوم المرجعية: Men’s Perfumes، Perfumes.,https://alfouadpharmacies.com/en/products/hugo-boss-bottled-unlimited-edt-100ml,AlFouad Pharmacies,Verify usage rights before commercial publication,غير مثبت,غير مثبت,مرجعي فقط — غير معتمد للنشر التجاري,بيانات مرجعية متاحة؛ يلزم تحقق PM,ضمن الفحص المبدئي
12689489068335,hugo-boss-bottled-black-edp-f-m-100ml,عطر هوغو بوس بوتلد بلاك أو دو بارفان للرجال والنساء 100 مل,perfumes,العطور,العطور,1,,114972,7200,2160,5040,,متاح لدى المصدر,https://cdn.shopify.com/s/files/1/0935/9550/0847/files/HUGO_BOSS_BOTTLED_PARFUM_1615x1615_7dbe503e-02b6-44b3-81df-e420b8469bc3.webp?v=1771873883,منتج عطر هوغو بوس بوتلد بلاك أو دو بارفان للرجال والنساء 100 مل من perfumes. التصنيف المرجعي: العطور. الوسوم المرجعية: Men’s Perfumes، Perfumes.,https://alfouadpharmacies.com/en/products/hugo-boss-bottled-black-edp-f-m-100ml,AlFouad Pharmacies,Verify usage rights before commercial publication,غير مثبت,غير مثبت,مرجعي فقط — غير معتمد للنشر التجاري,بيانات مرجعية متاحة؛ يلزم تحقق PM,ضمن الفحص المبدئي
10569976938799,hugo-boss-the-scent-absolute-edp-100ml,عطر هوغو بوس ذا سنت أبсолюت، تركيز إي دي بي، 100 مل,perfumes,العطور,العطور,1,بسيط,104611,4900,1470,3430,,غير متاح لدى المصدر,https://cdn.shopify.com/s/files/1/0935/9550/0847/files/Hugo-Boss-the-Scent-Absolute-Edp-100ML.webp?v=1754297412,منتج عطر هوغو بوس ذا سنت أبсолюت، تركيز إي دي بي، 100 مل من perfumes. التصنيف المرجعي: العطور — بسيط. الوسوم المرجعية: Men’s Perfumes، Perfumes.,https://alfouadpharmacies.com/en/products/hugo-boss-the-scent-absolute-edp-100ml,AlFouad Pharmacies,Verify usage rights before commercial publication,غير مثبت,غير مثبت,مرجعي فقط — غير معتمد للنشر التجاري,بيانات مرجعية متاحة؛ يلزم تحقق PM,ضمن الفحص المبدئي
10569976840495,hugo-boss-hugo-edt-125-ml-green,عطر هوغو بوس هوغو، ماء تواليت، 125 مل (أخضر),perfumes,العطور,العطور,1,بسيط,106323,4200,1260,2940,,متاح لدى المصدر,https://cdn.shopify.com/s/files/1/0935/9550/0847/files/1_23_71de5a65-2530-4ece-ab8c-f0049d56e80e.webp?v=1783754136,منتج عطر هوغو بوس هوغو، ماء تواليت، 125 مل (أخضر) من perfumes. التصنيف المرجعي: العطور — بسيط. الوسوم المرجعية: Men’s Perfumes، Perfumes.,https://alfouadpharmacies.com/en/products/hugo-boss-hugo-edt-125-ml-green,AlFouad Pharmacies,Verify usage rights before commercial publication,غير مثبت,غير مثبت,مرجعي فقط — غير معتمد للنشر التجاري,بيانات مرجعية متاحة؛ يلزم تحقق PM,ضمن الفحص المبدئي
10569975300399,guess-gold-edp-75ml,غيس جولد عطر نسائي 75 مل,perfumes,العطور,العطور,1,بسيط,15939,1900,570,1330,,متاح لدى المصدر,https://cdn.shopify.com/s/files/1/0935/9550/0847/files/Guess-Gold-Edp-75ML-FM-0704.webp?v=1754297431,منتج غيس جولد عطر نسائي 75 مل من perfumes. التصنيف المرجعي: العطور — بسيط. الوسوم المرجعية: Men’s Perfumes، Perfumes.,https://alfouadpharmacies.com/en/products/guess-gold-edp-75ml,AlFouad Pharmacies,Verify usage rights before commercial publication,غير مثبت,غير مثبت,مرجعي فقط — غير معتمد للنشر التجاري,بيانات مرجعية متاحة؛ يلزم تحقق PM,ضمن الفحص المبدئي
10569975660847,guess-rose-edp-150-ml,غيس روز عطر نسائي 150 مل,perfumes,العطور,العطور,1,بسيط,25512,2400,720,1680,,غير متاح لدى المصدر,https://cdn.shopify.com/s/files/1/0935/9550/0847/files/61ReZGdyZ7L.webp?v=1754297427,منتج غيس روز عطر نسائي 150 مل من perfumes. التصنيف المرجعي: العطور — بسيط. الوسوم المرجعية: Perfumes، Women’s Perfumes.,https://alfouadpharmacies.com/en/products/guess-rose-edp-150-ml,AlFouad Pharmacies,Verify usage rights before commercial publication,غير مثبت,غير مثبت,مرجعي فقط — غير معتمد للنشر التجاري,بيانات مرجعية متاحة؛ يلزم تحقق PM,ضمن الفحص المبدئي
10569976086831,guess-seductive-flirt-edt-75-ml,غيس سيداكتيف فليرت عطر 75 مل.,perfumes,العطور,العطور,1,بسيط,16027,990,297,693,,غير متاح لدى المصدر,https://cdn.shopify.com/s/files/1/0935/9550/0847/files/Guess-Seductive-Flirt-FW-Edt-75-ml.webp?v=1754297423,منتج غيس سيداكتيف فليرت عطر 75 مل. من perfumes. التصنيف المرجعي: العطور — بسيط. الوسوم المرجعية: Perfumes، Women’s Perfumes.,https://alfouadpharmacies.com/en/products/guess-seductive-flirt-edt-75-ml,AlFouad Pharmacies,Verify usage rights before commercial publication,غير مثبت,غير مثبت,مرجعي فقط — غير معتمد للنشر التجاري,بيانات مرجعية متاحة؛ يلزم تحقق PM,ضمن الفحص المبدئي
10569975922991,guess-seductive-edt-75ml,غيس سيدوكتيف عطر 75 مل,perfumes,العطور,العطور,1,بسيط,93837,1950,585,1365,,متاح لدى المصدر,https://cdn.shopify.com/s/files/1/0935/9550/0847/files/1_20_b0d7e080-9489-4b7b-9c38-a5b501d49da8.webp?v=1783752083,منتج غيس سيدوكتيف عطر 75 مل من perfumes. التصنيف المرجعي: العطور — بسيط. الوسوم المرجعية: Perfumes، Women’s Perfumes.,https://alfouadpharmacies.com/en/products/guess-seductive-edt-75ml,AlFouad Pharmacies,Verify usage rights before commercial publication,غير مثبت,غير مثبت,مرجعي فقط — غير معتمد للنشر التجاري,بيانات مرجعية متاحة؛ يلزم تحقق PM,ضمن الفحص المبدئي
10569976152367,guess-seductive-homme-edt-100ml,غيس سيدوكتيف هوم عطر رجالي 100 مل,perfumes,العطور,العطور,1,بسيط,10489,1800,540,1260,,غير متاح لدى المصدر,https://cdn.shopify.com/s/files/1/0935/9550/0847/files/Guess-Seductive-Homme-Edt-FM-100ML.webp?v=1754297422,منتج غيس سيدوكتيف هوم عطر رجالي 100 مل من perfumes. التصنيف المرجعي: العطور — بسيط. الوسوم المرجعية: Men’s Perfumes، Perfumes.,https://alfouadpharmacies.com/en/products/guess-seductive-homme-edt-100ml,AlFouad Pharmacies,Verify usage rights before commercial publication,غير مثبت,غير مثبت,مرجعي فقط — غير معتمد للنشر التجاري,بيانات مرجعية متاحة؛ يلزم تحقق PM,ضمن الفحص المبدئي
10569970680111,cherrera-212-vip-rose-saves-lives-80ml-edp-fw,ك. هيريرا 212 VIP روز ينقذ الأرواح 80 مل عطر نسائي,perfumes,العطور,العطور,1,بسيط,94877,5100,1530,3570,,متاح لدى المصدر,https://cdn.shopify.com/s/files/1/0935/9550/0847/files/C.HERRERA-212-VIP-Rose-Saves-Lives-80ML-Edp-FW.webp?v=1754297487,منتج ك. هيريرا 212 VIP روز ينقذ الأرواح 80 مل عطر نسائي من perfumes. التصنيف المرجعي: العطور — بسيط. الوسوم المرجعية: Perfumes، Women’s Perfumes.,https://alfouadpharmacies.com/en/products/cherrera-212-vip-rose-saves-lives-80ml-edp-fw,AlFouad Pharmacies,Verify usage rights before commercial publication,غير مثبت,غير مثبت,مرجعي فقط — غير معتمد للنشر التجاري,بيانات مرجعية متاحة؛ يلزم تحقق PM,ضمن الفحص المبدئي
12689498833199,كارولينا-هيريرا-212-مين-هيروز-فوريفر-يونج-أو-دو-تواليت-90-مل,كارولينا هيريرا 212 مين هيروز فوريفر يونج أو دو تواليت 90 مل,perfumes,العطور,العطور,1,بيرفيوم ,24355,6500,1950,4550,,متاح لدى المصدر,https://cdn.shopify.com/s/files/1/0935/9550/0847/files/1_76.webp?v=1782303679,منتج كارولينا هيريرا 212 مين هيروز فوريفر يونج أو دو تواليت 90 مل من perfumes. التصنيف المرجعي: العطور — بيرفيوم . الوسوم المرجعية: Men’s Perfumes، Perfumes.,https://alfouadpharmacies.com/en/products/كارولينا-هيريرا-212-مين-هيروز-فوريفر-يونج-أو-دو-تواليت-90-مل,AlFouad Pharmacies,Verify usage rights before commercial publication,غير مثبت,غير مثبت,مرجعي فقط — غير معتمد للنشر التجاري,بيانات مرجعية متاحة؛ يلزم تحقق PM,ضمن الفحص المبدئي
16033401733423,c-herrera-bad-boy-new-york-f-m-set-3pcs,كارولينا هيريرا باد بوي كوبالت مجموعة هدايا للرجال,perfumes,العطور,العطور,1,بيرفيوم,115783,7300,2190,5110,,متاح لدى المصدر,https://cdn.shopify.com/s/files/1/0935/9550/0847/files/1-2026-06-25T143304.614.webp?v=1782387274,منتج كارولينا هيريرا باد بوي كوبالت مجموعة هدايا للرجال من perfumes. التصنيف المرجعي: العطور — بيرفيوم. الوسوم المرجعية: Bundle، Men’s Perfumes، Perfumes.,https://alfouadpharmacies.com/en/products/c-herrera-bad-boy-new-york-f-m-set-3pcs,AlFouad Pharmacies,Verify usage rights before commercial publication,غير مثبت,غير مثبت,مرجعي فقط — غير معتمد للنشر التجاري,بيانات مرجعية متاحة؛ يلزم تحقق PM,ضمن الفحص المبدئي
10569977889071,lancome-idole-75ml-edp-intense,لانكوم إيدول 75 مل عطر إكستريم (إدي بي),perfumes,العطور,العطور,1,بسيط,0,8000,2400,5600,,غير متاح لدى المصدر,https://cdn.shopify.com/s/files/1/0935/9550/0847/files/Lancome-Idole-75ML-Edp-FW-Intense.webp?v=1754297401,منتج لانكوم إيدول 75 مل عطر إكستريم (إدي بي) من perfumes. التصنيف المرجعي: العطور — بسيط. الوسوم المرجعية: Perfumes، Women’s Perfumes.,https://alfouadpharmacies.com/en/products/lancome-idole-75ml-edp-intense,AlFouad Pharmacies,Verify usage rights before commercial publication,غير مثبت,غير مثبت,مرجعي فقط — غير معتمد للنشر التجاري,بيانات مرجعية متاحة؛ يلزم تحقق PM,ضمن الفحص المبدئي
10569977823535,lancome-la-vie-est-belle-100ml-intensement,لانكوم لا في إست بيل 100 مل إنتنسيمانت,perfumes,العطور,العطور,1,بسيط,97152,8800,2640,6160,,متاح لدى المصدر,https://cdn.shopify.com/s/files/1/0935/9550/0847/files/1_31_f0002a90-7f36-4fca-8a4b-20a4aac8a9f6.webp?v=1783755730,منتج لانكوم لا في إست بيل 100 مل إنتنسيمانت من perfumes. التصنيف المرجعي: العطور — بسيط. الوسوم المرجعية: Perfumes، Women’s Perfumes.,https://alfouadpharmacies.com/en/products/lancome-la-vie-est-belle-100ml-intensement,AlFouad Pharmacies,Verify usage rights before commercial publication,غير مثبت,غير مثبت,مرجعي فقط — غير معتمد للنشر التجاري,بيانات مرجعية متاحة؛ يلزم تحقق PM,ضمن الفحص المبدئي
10569978020143,lancome-la-vie-est-belle-iris-absolu-edp-50ml,لانكوم لا في إست بيل إيريس أبسولوت عطر نسائي 50 مل,perfumes,العطور,العطور,1,بسيط,0,6300,1890,4410,,غير متاح لدى المصدر,https://cdn.shopify.com/s/files/1/0935/9550/0847/files/Lancome-La-Vie-Est-Belle-Iris-Absolu-Edp-FW-50ML.webp?v=1754297400,منتج لانكوم لا في إست بيل إيريس أبسولوت عطر نسائي 50 مل من perfumes. التصنيف المرجعي: العطور — بسيط. الوسوم المرجعية: Perfumes، Women’s Perfumes.,https://alfouadpharmacies.com/en/products/lancome-la-vie-est-belle-iris-absolu-edp-50ml,AlFouad Pharmacies,Verify usage rights before commercial publication,غير مثبت,غير مثبت,مرجعي فقط — غير معتمد للنشر التجاري,بيانات مرجعية متاحة؛ يلزم تحقق PM,ضمن الفحص المبدئي
10569977954607,lancome-la-vie-est-belle-iris-absolu-edp-100ml,لانكوم لا في إست بيل إيريس أبسوليو عطر نسائي 100 مل,perfumes,العطور,العطور,1,بسيط,0,7800,2340,5460,,غير متاح لدى المصدر,https://cdn.shopify.com/s/files/1/0935/9550/0847/files/Lancome-La-Vie-Est-Belle-Iris-Absolu-Edp-FW-100ML.webp?v=1754297401,منتج لانكوم لا في إست بيل إيريس أبسوليو عطر نسائي 100 مل من perfumes. التصنيف المرجعي: العطور — بسيط. الوسوم المرجعية: Perfumes، Women’s Perfumes.,https://alfouadpharmacies.com/en/products/lancome-la-vie-est-belle-iris-absolu-edp-100ml,AlFouad Pharmacies,Verify usage rights before commercial publication,غير مثبت,غير مثبت,مرجعي فقط — غير معتمد للنشر التجاري,بيانات مرجعية متاحة؛ يلزم تحقق PM,ضمن الفحص المبدئي
10569977790767,lancome-la-vie-est-belle-100ml-edp,لانكوم لا في إست بيل عطر نسائي 100 مل (إي دي بي),perfumes,العطور,العطور,1,بسيط,102096,7300,2190,5110,,غير متاح لدى المصدر,https://cdn.shopify.com/s/files/1/0935/9550/0847/files/Lancome-La-Vie-Est-Belle-100ML-Edp-FW.webp?v=1754297403,منتج لانكوم لا في إست بيل عطر نسائي 100 مل (إي دي بي) من perfumes. التصنيف المرجعي: العطور — بسيط. الوسوم المرجعية: Perfumes، Women’s Perfumes.,https://alfouadpharmacies.com/en/products/lancome-la-vie-est-belle-100ml-edp,AlFouad Pharmacies,Verify usage rights before commercial publication,غير مثبت,غير مثبت,مرجعي فقط — غير معتمد للنشر التجاري,بيانات مرجعية متاحة؛ يلزم تحقق PM,ضمن الفحص المبدئي
10569978151215,guess-seductive-noir-set-3pcs,مجموعة غيس سيديختيف نوير، 3 قطع,perfumes,العطور,العطور,1,بسيط,93745,2600,780,1820,,غير متاح لدى المصدر,https://cdn.shopify.com/s/files/1/0935/9550/0847/files/Guess-Seductive-Noir-FM-Set-3PCS.webp?v=1754297399,منتج مجموعة غيس سيديختيف نوير، 3 قطع من perfumes. التصنيف المرجعي: العطور — بسيط. الوسوم المرجعية: Perfumes، Women’s Perfumes.,https://alfouadpharmacies.com/en/products/guess-seductive-noir-set-3pcs,AlFouad Pharmacies,Verify usage rights before commercial publication,غير مثبت,غير مثبت,مرجعي فقط — غير معتمد للنشر التجاري,بيانات مرجعية متاحة؛ يلزم تحقق PM,ضمن الفحص المبدئي
10569975136559,guess-by-marciano-set-3pcs-100ml,مجموعة غيس من مارسيانو، 3 قطع، 100 مل.,perfumes,العطور,العطور,1,بسيط,108431,3000,900,2100,,غير متاح لدى المصدر,https://cdn.shopify.com/s/files/1/0935/9550/0847/files/61baVKUjoqL_1_600x_0ee100ce-d904-421e-b445-72a87606f67a.webp?v=1754297433,منتج مجموعة غيس من مارسيانو، 3 قطع، 100 مل. من perfumes. التصنيف المرجعي: العطور — بسيط. الوسوم المرجعية: Men’s Perfumes، Perfumes.,https://alfouadpharmacies.com/en/products/guess-by-marciano-set-3pcs-100ml,AlFouad Pharmacies,Verify usage rights before commercial publication,غير مثبت,غير مثبت,مرجعي فقط — غير معتمد للنشر التجاري,بيانات مرجعية متاحة؛ يلزم تحقق PM,ضمن الفحص المبدئي
10569974972719,guess-by-marciano-edt-set-3pcs-100ml,مجموعة غيس من مارسيانو، عطر تواليت، 3 قطع، 100 مل,perfumes,العطور,العطور,1,بسيط,14782,3600,1080,2520,,غير متاح لدى المصدر,https://cdn.shopify.com/s/files/1/0935/9550/0847/files/30106492_GuessByMarcianoForWomenGiftSet-EauDeToilette-3Pieces-680x680-1.webp?v=1754297435,منتج مجموعة غيس من مارسيانو، عطر تواليت، 3 قطع، 100 مل من perfumes. التصنيف المرجعي: العطور — بسيط. الوسوم المرجعية: Perfumes، Women’s Perfumes.,https://alfouadpharmacies.com/en/products/guess-by-marciano-edt-set-3pcs-100ml,AlFouad Pharmacies,Verify usage rights before commercial publication,غير مثبت,غير مثبت,مرجعي فقط — غير معتمد للنشر التجاري,بيانات مرجعية متاحة؛ يلزم تحقق PM,ضمن الفحص المبدئي
10569972351279,ck-euphoria-gift-set-fm-100ml,مجموعة هدايا CK Euphoria للرجال والنساء 100 مل,perfumes,العطور,العطور,1,بسيط,112694,4850,1455,3395,,متاح لدى المصدر,https://cdn.shopify.com/s/files/1/0935/9550/0847/files/C.K-Euphoria-Gift-Set-FM-100ML.webp?v=1754297463,منتج مجموعة هدايا CK Euphoria للرجال والنساء 100 مل من perfumes. التصنيف المرجعي: العطور — بسيط. الوسوم المرجعية: Perfumes، Women’s Perfumes.,https://alfouadpharmacies.com/en/products/ck-euphoria-gift-set-fm-100ml,AlFouad Pharmacies,Verify usage rights before commercial publication,غير مثبت,غير مثبت,مرجعي فقط — غير معتمد للنشر التجاري,بيانات مرجعية متاحة؛ يلزم تحقق PM,ضمن الفحص المبدئي
10569978544431,strawberry-shortcake-gift-set-50ml,مجموعة هدايا ستروبري شورت كيك 50 مل,perfumes,العطور,العطور,1,بسيط,11804,124.9,37.47,87.43,,غير متاح لدى المصدر,https://cdn.shopify.com/s/files/1/0935/9550/0847/files/61pUNr8O7S._AC_UF8941000_QL80.webp?v=1754297393,منتج مجموعة هدايا ستروبري شورت كيك 50 مل من perfumes. التصنيف المرجعي: العطور — بسيط. الوسوم المرجعية: Perfumes، Teens & Baby.,https://alfouadpharmacies.com/en/products/strawberry-shortcake-gift-set-50ml,AlFouad Pharmacies,Verify usage rights before commercial publication,غير مثبت,غير مثبت,مرجعي فقط — غير معتمد للنشر التجاري,بيانات مرجعية متاحة؛ يلزم تحقق PM,ضمن الفحص المبدئي
10569978085679,mercedes-benz-intense-edt-80ml,مرسيدس بنز إنتنس عطر رجالي 80 مل,perfumes,العطور,العطور,1,بسيط,0,3600,1080,2520,,غير متاح لدى المصدر,https://cdn.shopify.com/s/files/1/0935/9550/0847/files/Mercedes-Benz-Intense-Edt-FM-80ML.webp?v=1754297399,منتج مرسيدس بنز إنتنس عطر رجالي 80 مل من perfumes. التصنيف المرجعي: العطور — بسيط. الوسوم المرجعية: Men’s Perfumes، Perfumes.,https://alfouadpharmacies.com/en/products/mercedes-benz-intense-edt-80ml,AlFouad Pharmacies,Verify usage rights before commercial publication,غير مثبت,غير مثبت,مرجعي فقط — غير معتمد للنشر التجاري,بيانات مرجعية متاحة؛ يلزم تحقق PM,ضمن الفحص المبدئي
10569978052911,mercedes-benz-club-edt-100ml,مرسيدس بنز كلوب عطر رجالي 100 مل,perfumes,العطور,العطور,1,بسيط,115704,4000,1200,2800,,متاح لدى المصدر,https://cdn.shopify.com/s/files/1/0935/9550/0847/files/1_77_5ce8ddbb-cce0-4026-a160-ea181b15f854.webp?v=1784970840,منتج مرسيدس بنز كلوب عطر رجالي 100 مل من perfumes. التصنيف المرجعي: العطور — بسيط. الوسوم المرجعية: Men’s Perfumes، Perfumes.,https://alfouadpharmacies.com/en/products/mercedes-benz-club-edt-100ml,AlFouad Pharmacies,Verify usage rights before commercial publication,غير مثبت,غير مثبت,مرجعي فقط — غير معتمد للنشر التجاري,بيانات مرجعية متاحة؛ يلزم تحقق PM,ضمن الفحص المبدئي
16032670712111,mercedes-benz-club-edt-f-m-100ml,مرسيدس بنز مان برايفت أو دو بارفيوم 100 مل,perfumes,العطور,العطور,1,بيرفيوم ,21794,2800,840,1960,,متاح لدى المصدر,https://cdn.shopify.com/s/files/1/0935/9550/0847/files/images_1.webp?v=1784970711,منتج مرسيدس بنز مان برايفت أو دو بارفيوم 100 مل من perfumes. التصنيف المرجعي: العطور — بيرفيوم . الوسوم المرجعية: Men’s Perfumes، Perfumes.,https://alfouadpharmacies.com/en/products/mercedes-benz-club-edt-f-m-100ml,AlFouad Pharmacies,Verify usage rights before commercial publication,غير مثبت,غير مثبت,مرجعي فقط — غير معتمد للنشر التجاري,بيانات مرجعية متاحة؛ يلزم تحقق PM,ضمن الفحص المبدئي
10569978282287,mont-blanc-leganed-spirt-100ml-edt,مونت بلانك ليجاند سبيريت 100 مل عطر رجالي,perfumes,العطور,العطور,1,بسيط,0,4100,1230,2870,,غير متاح لدى المصدر,https://cdn.shopify.com/s/files/1/0935/9550/0847/files/Mont-Blanc-Leganed-Spirt-100ML-FM-Edt.webp?v=1754297397,منتج مونت بلانك ليجاند سبيريت 100 مل عطر رجالي من perfumes. التصنيف المرجعي: العطور — بسيط. الوسوم المرجعية: Men’s Perfumes، Perfumes.,https://alfouadpharmacies.com/en/products/mont-blanc-leganed-spirt-100ml-edt,AlFouad Pharmacies,Verify usage rights before commercial publication,غير مثبت,غير مثبت,مرجعي فقط — غير معتمد للنشر التجاري,بيانات مرجعية متاحة؛ يلزم تحقق PM,ضمن الفحص المبدئي
10569978249519,mont-blanc-legand-rededp-100mldeod-stick75ml,مونت بلانك ليجند ريد (ماء عطر 100 مل + مزيل عرق عصا 7.5 مل),perfumes,العطور,العطور,1,بسيط,0,3650,1095,2555,,غير متاح لدى المصدر,https://cdn.shopify.com/s/files/1/0935/9550/0847/files/Mont-Blanc-Legand-Rededp-100MLDEOD-STICK7.5ML.webp?v=1754297398,منتج مونت بلانك ليجند ريد (ماء عطر 100 مل + مزيل عرق عصا 7.5 مل) من perfumes. التصنيف المرجعي: العطور — بسيط. الوسوم المرجعية: Men’s Perfumes، Perfumes.,https://alfouadpharmacies.com/en/products/mont-blanc-legand-rededp-100mldeod-stick75ml,AlFouad Pharmacies,Verify usage rights before commercial publication,غير مثبت,غير مثبت,مرجعي فقط — غير معتمد للنشر التجاري,بيانات مرجعية متاحة؛ يلزم تحقق PM,ضمن الفحص المبدئي
10569978347823,nina-ricci-l-extase-edp-80-ml,نينا ريتشي إل إكستاس عطر نسائي 80 مل,perfumes,العطور,العطور,1,بسيط,104376,2100,630,1470,,غير متاح لدى المصدر,https://cdn.shopify.com/s/files/1/0935/9550/0847/files/Nina-Ricci-L-Extase-Edp-80-ml-FW.webp?v=1754297397,منتج نينا ريتشي إل إكستاس عطر نسائي 80 مل من perfumes. التصنيف المرجعي: العطور — بسيط. الوسوم المرجعية: Perfumes، Women’s Perfumes.,https://alfouadpharmacies.com/en/products/nina-ricci-l-extase-edp-80-ml,AlFouad Pharmacies,Verify usage rights before commercial publication,غير مثبت,غير مثبت,مرجعي فقط — غير معتمد للنشر التجاري,بيانات مرجعية متاحة؛ يلزم تحقق PM,ضمن الفحص المبدئي
10569978380591,nina-ricci-luna-edt-80ml,نينا ريتشي لونا عطر تستر 80 مل,perfumes,العطور,العطور,1,بسيط,93935,1900,570,1330,,غير متاح لدى المصدر,https://cdn.shopify.com/s/files/1/0935/9550/0847/files/Nina-Ricci-Luna-Edt-80ML.webp?v=1754297396,منتج نينا ريتشي لونا عطر تستر 80 مل من perfumes. التصنيف المرجعي: العطور — بسيط. الوسوم المرجعية: Perfumes، Women’s Perfumes.,https://alfouadpharmacies.com/en/products/nina-ricci-luna-edt-80ml,AlFouad Pharmacies,Verify usage rights before commercial publication,غير مثبت,غير مثبت,مرجعي فقط — غير معتمد للنشر التجاري,بيانات مرجعية متاحة؛ يلزم تحقق PM,ضمن الفحص المبدئي
16032670875951,hugo-boss-the-scent-elixir-edp-f-m-100-ml,هوجو بوس ذا سينت إليكسير بارفام إنتنس 100 مل,perfumes,العطور,العطور,1,بيرفيوم,115581,8700,2610,6090,,غير متاح لدى المصدر,https://cdn.shopify.com/s/files/1/0935/9550/0847/files/1_78.webp?v=1782304735,منتج هوجو بوس ذا سينت إليكسير بارفام إنتنس 100 مل من perfumes. التصنيف المرجعي: العطور — بيرفيوم. الوسوم المرجعية: Men’s Perfumes، Perfumes.,https://alfouadpharmacies.com/en/products/hugo-boss-the-scent-elixir-edp-f-m-100-ml,AlFouad Pharmacies,Verify usage rights before commercial publication,غير مثبت,غير مثبت,مرجعي فقط — غير معتمد للنشر التجاري,بيانات مرجعية متاحة؛ يلزم تحقق PM,ضمن الفحص المبدئي
10569976676655,hugo-boss-infinite-edp-100mlshower,هوغو بوس إنفينيت (عطر 100 مل + جل استحمام),perfumes,العطور,العطور,1,بسيط,83671,4000,1200,2800,,غير متاح لدى المصدر,https://cdn.shopify.com/s/files/1/0935/9550/0847/files/Hugo-Boss-Boss-Infinite-FM-Edp-100MLSHOWER.webp?v=1754297415,منتج هوغو بوس إنفينيت (عطر 100 مل + جل استحمام) من perfumes. التصنيف المرجعي: العطور — بسيط. الوسوم المرجعية: Men’s Perfumes، Perfumes.,https://alfouadpharmacies.com/en/products/hugo-boss-infinite-edp-100mlshower,AlFouad Pharmacies,Verify usage rights before commercial publication,غير مثبت,غير مثبت,مرجعي فقط — غير معتمد للنشر التجاري,بيانات مرجعية متاحة؛ يلزم تحقق PM,ضمن الفحص المبدئي
12689513578799,dermaelle-solaire-kids-spf50-lotion-spray-200ml,DERMAELLE SOLAIRE KIDS SPF50+ لوشن سبراي 200 مل,Dermaelle,العناية بالأطفال,العناية بالأطفال,1,واقي شمس ,113829,390,117,273,,متاح لدى المصدر,https://cdn.shopify.com/s/files/1/0935/9550/0847/files/1_-_2026-06-25T131923.250.webp?v=1782382826,منتج DERMAELLE SOLAIRE KIDS SPF50+ لوشن سبراي 200 مل من Dermaelle. التصنيف المرجعي: العناية بالأطفال — واقي شمس . الوسوم المرجعية: Baby Sunscreen، Kids Sunscreen، Sunscreen، Sunscreen Spray.,https://alfouadpharmacies.com/en/products/dermaelle-solaire-kids-spf50-lotion-spray-200ml,AlFouad Pharmacies,Verify usage rights before commercial publication,غير مثبت,غير مثبت,مرجعي فقط — غير معتمد للنشر التجاري,بيانات مرجعية متاحة؛ يلزم تحقق PM,ضمن الفحص المبدئي
10569807921455,the-hair-addict-kids-reactivator-spray-250ml,بخاخ إعادة تنشيط الشعر للأطفال من هير أديكت، 250 مل,The Hair Addict,العناية بالأطفال,العناية بالأطفال,1,بسيط,110669,220,66,154,0,متاح لدى المصدر,https://cdn.shopify.com/s/files/1/0935/9550/0847/files/The-Hair-Addict-Kids-Reactivator-Spray-250ml.webp?v=1754298744,منتج بخاخ إعادة تنشيط الشعر للأطفال من هير أديكت، 250 مل من The Hair Addict. التصنيف المرجعي: العناية بالأطفال — بسيط. الوسوم المرجعية: Anti-Frizz، Curls Activator، Curly Hair، Kids Care، Kids Concerns.,https://alfouadpharmacies.com/en/products/the-hair-addict-kids-reactivator-spray-250ml,AlFouad Pharmacies,Verify usage rights before commercial publication,غير مثبت,غير مثبت,مرجعي فقط — غير معتمد للنشر التجاري,بيانات مرجعية متاحة؛ يلزم تحقق PM,ضمن الفحص المبدئي
10569931391279,eva-advanced-care-kids-curls-spray-185ml,بخاخ إيفا للعناية المتقدمة لتصفيف الشعر المجعد للأطفال 185 مل,AlFouad Pharmacies,العناية بالأطفال,العناية بالأطفال,1,بسيط,112409,125,37.5,87.5,,متاح لدى المصدر,https://cdn.shopify.com/s/files/1/0935/9550/0847/files/Eva-Advanced-Care-Kids-Curls-Spray-185ML.webp?v=1754297789,منتج بخاخ إيفا للعناية المتقدمة لتصفيف الشعر المجعد للأطفال 185 مل من AlFouad Pharmacies. التصنيف المرجعي: العناية بالأطفال — بسيط. الوسوم المرجعية: Anti-Frizz، Curly Hair، Curly Spray، Kids Care، Kids Concerns.,https://alfouadpharmacies.com/en/products/eva-advanced-care-kids-curls-spray-185ml,AlFouad Pharmacies,Verify usage rights before commercial publication,غير مثبت,غير مثبت,مرجعي فقط — غير معتمد للنشر التجاري,بيانات مرجعية متاحة؛ يلزم تحقق PM,ضمن الفحص المبدئي
10569798910255,penduline-kids-curly-detangling-spray-250ml,بخاخ بوندولين للأطفال لتفكيك تشابك الشعر المجعد 250 مل,Penduline,العناية بالأطفال,العناية بالأطفال,1,بسيط,94396,199,59.7,139.3,,متاح لدى المصدر,https://cdn.shopify.com/s/files/1/0935/9550/0847/files/Penduline-Kids-Curly-Detangling-Spray-250ml.webp?v=1754298811,منتج بخاخ بوندولين للأطفال لتفكيك تشابك الشعر المجعد 250 مل من Penduline. التصنيف المرجعي: العناية بالأطفال — بسيط. الوسوم المرجعية: Anti-Frizz، Curly Hair، Curly Spray، Kids Care، Kids Concerns.,https://alfouadpharmacies.com/en/products/penduline-kids-curly-detangling-spray-250ml,AlFouad Pharmacies,Verify usage rights before commercial publication,غير مثبت,غير مثبت,مرجعي فقط — غير معتمد للنشر التجاري,بيانات مرجعية متاحة؛ يلزم تحقق PM,ضمن الفحص المبدئي
10569896296751,jampj-spray-200ml-no-more-tangles,بخاخ جونسون آند جونسون 200 مل، لا مزيد من تشابك الشعر,J&J,العناية بالأطفال,العناية بالأطفال,1,بسيط,1612,160,48,112,,متاح لدى المصدر,https://cdn.shopify.com/s/files/1/0935/9550/0847/files/JJ-Spray-200ML-No-More-Tangles.webp?v=1754298187,منتج بخاخ جونسون آند جونسون 200 مل، لا مزيد من تشابك الشعر من J&J. التصنيف المرجعي: العناية بالأطفال — بسيط. الوسوم المرجعية: Curly Hair، Curly Spray، Kids Care.,https://alfouadpharmacies.com/en/products/jampj-spray-200ml-no-more-tangles,AlFouad Pharmacies,Verify usage rights before commercial publication,غير مثبت,غير مثبت,مرجعي فقط — غير معتمد للنشر التجاري,بيانات مرجعية متاحة؛ يلزم تحقق PM,ضمن الفحص المبدئي
10569846260015,dabur-amla-kids-hair-oil-spray-200ml,بخاخ زيت الشعر دابور أملا للأطفال 200 مل,AlFouad Pharmacies,العناية بالأطفال,العناية بالأطفال,1,بسيط,5709,85,25.5,59.5,,غير متاح لدى المصدر,https://cdn.shopify.com/s/files/1/0935/9550/0847/files/Dabur-Amla-Kids-Hair-Oil-Spray-200ML.webp?v=1754298468,منتج بخاخ زيت الشعر دابور أملا للأطفال 200 مل من AlFouad Pharmacies. التصنيف المرجعي: العناية بالأطفال — بسيط. الوسوم المرجعية: Anti-Frizz، Kids Care، Kids Concerns، Kids Hair، Kids Hair Oil.,https://alfouadpharmacies.com/en/products/dabur-amla-kids-hair-oil-spray-200ml,AlFouad Pharmacies,Verify usage rights before commercial publication,غير مثبت,غير مثبت,مرجعي فقط — غير معتمد للنشر التجاري,بيانات مرجعية متاحة؛ يلزم تحقق PM,ضمن الفحص المبدئي
10569806741807,super-kids-nutritive-spray-120ml,بخاخ سوبر كيدز المغذي 120 مل,Super kids,العناية بالأطفال,العناية بالأطفال,1,بسيط,15736,150,45,105,,متاح لدى المصدر,https://cdn.shopify.com/s/files/1/0935/9550/0847/files/Super-Kids-Nutritive-Spray-120ml.webp?v=1754298753,منتج بخاخ سوبر كيدز المغذي 120 مل من Super kids. التصنيف المرجعي: العناية بالأطفال — بسيط. الوسوم المرجعية: Hair Loss، Kids Care، Kids Concerns، Kids Hair، Kids Hair Spray، super kids.,https://alfouadpharmacies.com/en/products/super-kids-nutritive-spray-120ml,AlFouad Pharmacies,Verify usage rights before commercial publication,غير مثبت,غير مثبت,مرجعي فقط — غير معتمد للنشر التجاري,بيانات مرجعية متاحة؛ يلزم تحقق PM,ضمن الفحص المبدئي
10569806872879,super-kids-detangling-spray-for-kids-120ml,بخاخ فك التشابك للأطفال من سوبر كيدز 120 مل,Super kids,العناية بالأطفال,العناية بالأطفال,1,بسيط,17696,150,45,105,,متاح لدى المصدر,https://cdn.shopify.com/s/files/1/0935/9550/0847/files/Super-Kids-Detangling-Spray-for-Kids-120ml.webp?v=1754298752,منتج بخاخ فك التشابك للأطفال من سوبر كيدز 120 مل من Super kids. التصنيف المرجعي: العناية بالأطفال — بسيط. الوسوم المرجعية: Curly Hair، Curly Spray، Kids Care، super kids.,https://alfouadpharmacies.com/en/products/super-kids-detangling-spray-for-kids-120ml,AlFouad Pharmacies,Verify usage rights before commercial publication,غير مثبت,غير مثبت,مرجعي فقط — غير معتمد للنشر التجاري,بيانات مرجعية متاحة؛ يلزم تحقق PM,ضمن الفحص المبدئي
10569807462703,super-kids-curly-refreshing-spray-250ml,بخاخ لتجديد تجعيدات الشعر للأطفال من سوبر كيدز 250 مل,Super kids,العناية بالأطفال,العناية بالأطفال,1,بسيط,8943,140,42,98,,متاح لدى المصدر,https://cdn.shopify.com/s/files/1/0935/9550/0847/files/Super-Kids-Curly-Refreshing-Spray-250ml.webp?v=1754298748,منتج بخاخ لتجديد تجعيدات الشعر للأطفال من سوبر كيدز 250 مل من Super kids. التصنيف المرجعي: العناية بالأطفال — بسيط. الوسوم المرجعية: Anti-Frizz، Curly Hair، Curly Spray، Kids Care، Kids Concerns، super kids.,https://alfouadpharmacies.com/en/products/super-kids-curly-refreshing-spray-250ml,AlFouad Pharmacies,Verify usage rights before commercial publication,غير مثبت,غير مثبت,مرجعي فقط — غير معتمد للنشر التجاري,بيانات مرجعية متاحة؛ يلزم تحقق PM,ضمن الفحص المبدئي
10569800679727,penduline-kids-stimulator-spray-250ml,بخاخ منشط الأطفال من بيندولين 250 مل,Penduline,العناية بالأطفال,العناية بالأطفال,1,بسيط,102808,189,56.7,132.3,,متاح لدى المصدر,https://cdn.shopify.com/s/files/1/0935/9550/0847/files/Penduline-Kids-Stimulator-Spray-250ml.webp?v=1754298800,منتج بخاخ منشط الأطفال من بيندولين 250 مل من Penduline. التصنيف المرجعي: العناية بالأطفال — بسيط. الوسوم المرجعية: Anti-Frizz، Curly Hair، Curly Spray، Kids Care، Kids Concerns.,https://alfouadpharmacies.com/en/products/penduline-kids-stimulator-spray-250ml,AlFouad Pharmacies,Verify usage rights before commercial publication,غير مثبت,غير مثبت,مرجعي فقط — غير معتمد للنشر التجاري,بيانات مرجعية متاحة؛ يلزم تحقق PM,ضمن الفحص المبدئي
10569897476399,jampj-baby-conditioner-1000ml,بلسم الأطفال من جونسون آند جونسون 1000 مل,J&J,العناية بالأطفال,العناية بالأطفال,1,بسيط,31711,88,26.4,61.6,,غير متاح لدى المصدر,https://cdn.shopify.com/s/files/1/0935/9550/0847/files/JJ-Baby-Conditioner-1000-ml.webp?v=1754298174,منتج بلسم الأطفال من جونسون آند جونسون 1000 مل من J&J. التصنيف المرجعي: العناية بالأطفال — بسيط. الوسوم المرجعية: Baby Care، Kids Care، Kids Concerns، Kids Conditioner، Kids Hair.,https://alfouadpharmacies.com/en/products/jampj-baby-conditioner-1000ml,AlFouad Pharmacies,Verify usage rights before commercial publication,غير مثبت,غير مثبت,مرجعي فقط — غير معتمد للنشر التجاري,بيانات مرجعية متاحة؛ يلزم تحقق PM,ضمن الفحص المبدئي
12689441947951,bino-trust-fluffino-hair-leave-in-cond-350ml,بلسم الشعر الذي يُترك على الشعر من بينو تراست فلافينو، 350 مل,AlFouad Pharmacies,العناية بالأطفال,العناية بالأطفال,1,,113580,245,73.5,171.5,,متاح لدى المصدر,https://cdn.shopify.com/s/files/1/0935/9550/0847/files/BINOTRUSTFLUFFINOHAIRLEAVEINCOND350ML.webp?v=1772108831,منتج بلسم الشعر الذي يُترك على الشعر من بينو تراست فلافينو، 350 مل من AlFouad Pharmacies. التصنيف المرجعي: العناية بالأطفال. الوسوم المرجعية: Kids Hair، Kids Hair Cream، Kids Leave-in Conditioner.,https://alfouadpharmacies.com/en/products/bino-trust-fluffino-hair-leave-in-cond-350ml,AlFouad Pharmacies,Verify usage rights before commercial publication,غير مثبت,غير مثبت,مرجعي فقط — غير معتمد للنشر التجاري,بيانات مرجعية متاحة؛ يلزم تحقق PM,ضمن الفحص المبدئي
10569807724847,the-hair-addict-kids-leave-in-condition-250ml,بلسم الشعر بدون شطف للأطفال من ذا هير أديكت، 250 مل,The Hair Addict,العناية بالأطفال,العناية بالأطفال,1,بسيط,99897,250,75,175,0,متاح لدى المصدر,https://cdn.shopify.com/s/files/1/0935/9550/0847/files/The-Hair-Addict-Kids-Leave-in-Condition-250ml.webp?v=1754298746,منتج بلسم الشعر بدون شطف للأطفال من ذا هير أديكت، 250 مل من The Hair Addict. التصنيف المرجعي: العناية بالأطفال — بسيط. الوسوم المرجعية: Anti-Frizz، Kids Care، Kids Concerns، Kids Hair، Kids Leave-in Conditioner.,https://alfouadpharmacies.com/en/products/the-hair-addict-kids-leave-in-condition-250ml,AlFouad Pharmacies,Verify usage rights before commercial publication,غير مثبت,غير مثبت,مرجعي فقط — غير معتمد للنشر التجاري,بيانات مرجعية متاحة؛ يلزم تحقق PM,ضمن الفحص المبدئي
10569807561007,the-hair-addict-kids-leave-in-condition-500ml,بلسم الشعر بدون شطف للأطفال من ذا هير أديكت، 500 مل,The Hair Addict,العناية بالأطفال,العناية بالأطفال,1,بسيط,17461,430,129,301,0,متاح لدى المصدر,https://cdn.shopify.com/s/files/1/0935/9550/0847/files/The-Hair-Addict-Kids-Leave-in-Condition-500ml.webp?v=1754298747,منتج بلسم الشعر بدون شطف للأطفال من ذا هير أديكت، 500 مل من The Hair Addict. التصنيف المرجعي: العناية بالأطفال — بسيط. الوسوم المرجعية: Anti-Frizz، Kids Care، Kids Concerns، Kids Hair، Kids Leave-in Conditioner.,https://alfouadpharmacies.com/en/products/the-hair-addict-kids-leave-in-condition-500ml,AlFouad Pharmacies,Verify usage rights before commercial publication,غير مثبت,غير مثبت,مرجعي فقط — غير معتمد للنشر التجاري,بيانات مرجعية متاحة؛ يلزم تحقق PM,ضمن الفحص المبدئي
10569807855919,the-hair-addict-kids-conditioner-250ml,بلسم الشعر للأطفال من ذا هير أديكت 250 مل,The Hair Addict,العناية بالأطفال,العناية بالأطفال,1,بسيط,17380,199,59.7,139.3,0,متاح لدى المصدر,https://cdn.shopify.com/s/files/1/0935/9550/0847/files/The-Hair-Addict-Kids-Conditioner-250ml.webp?v=1754298745,منتج بلسم الشعر للأطفال من ذا هير أديكت 250 مل من The Hair Addict. التصنيف المرجعي: العناية بالأطفال — بسيط. الوسوم المرجعية: Anti-Frizz، Kids Care، Kids Concerns، Kids Conditioner، Kids Hair.,https://alfouadpharmacies.com/en/products/the-hair-addict-kids-conditioner-250ml,AlFouad Pharmacies,Verify usage rights before commercial publication,غير مثبت,غير مثبت,مرجعي فقط — غير معتمد للنشر التجاري,بيانات مرجعية متاحة؛ يلزم تحقق PM,ضمن الفحص المبدئي
10569808052527,the-hair-addict-kids-bubble-trouble-conditioner-500ml,"بلسم الشعر للأطفال من ذا هير أديكت، إصدار ""مشكلة الفقاعات""، سعة 500 مل.",The Hair Addict,العناية بالأطفال,العناية بالأطفال,1,بسيط,27916,340,102,238,0,متاح لدى المصدر,https://cdn.shopify.com/s/files/1/0935/9550/0847/files/The-Hair-Addict-Kids-Bubble-Trouble-Cond-500ml.webp?v=1754298744,"منتج بلسم الشعر للأطفال من ذا هير أديكت، إصدار ""مشكلة الفقاعات""، سعة 500 مل. من The Hair Addict. التصنيف المرجعي: العناية بالأطفال — بسيط. الوسوم المرجعية: Kids Care، Kids Conditioner، Kids Hair.",https://alfouadpharmacies.com/en/products/the-hair-addict-kids-bubble-trouble-conditioner-500ml,AlFouad Pharmacies,Verify usage rights before commercial publication,غير مثبت,غير مثبت,مرجعي فقط — غير معتمد للنشر التجاري,بيانات مرجعية متاحة؛ يلزم تحقق PM,ضمن الفحص المبدئي
10569894297903,jampj-baby-conditioner-200ml-no-more-tan,بلسم جونسون للأطفال 200 مل، لا مزيد من السمرة,AlFouad Pharmacies,العناية بالأطفال,العناية بالأطفال,1,بسيط,95806,16,4.8,11.2,,غير متاح لدى المصدر,https://cdn.shopify.com/s/files/1/0935/9550/0847/files/JJ-Baby-Conditioner-200-ml-No-More-Tan.webp?v=1753904255,منتج بلسم جونسون للأطفال 200 مل، لا مزيد من السمرة من AlFouad Pharmacies. التصنيف المرجعي: العناية بالأطفال — بسيط. الوسوم المرجعية: Baby Care، Kids Care، Kids Concerns، Kids Conditioner، Kids Hair.,https://alfouadpharmacies.com/en/products/jampj-baby-conditioner-200ml-no-more-tan,AlFouad Pharmacies,Verify usage rights before commercial publication,غير مثبت,غير مثبت,مرجعي فقط — غير معتمد للنشر التجاري,بيانات مرجعية متاحة؛ يلزم تحقق PM,ضمن الفحص المبدئي
10569894363439,jampj-baby-conditioner-300ml,بلسم جونسون للأطفال 300 مل,J&J,العناية بالأطفال,العناية بالأطفال,1,بسيط,96923,130,39,91,,متاح لدى المصدر,https://cdn.shopify.com/s/files/1/0935/9550/0847/files/JJ-Baby-Conditioner-300-ml.webp?v=1754298216,منتج بلسم جونسون للأطفال 300 مل من J&J. التصنيف المرجعي: العناية بالأطفال — بسيط. الوسوم المرجعية: Baby Care، Kids Care، Kids Concerns، Kids Conditioner، Kids Hair.,https://alfouadpharmacies.com/en/products/jampj-baby-conditioner-300ml,AlFouad Pharmacies,Verify usage rights before commercial publication,غير مثبت,غير مثبت,مرجعي فقط — غير معتمد للنشر التجاري,بيانات مرجعية متاحة؛ يلزم تحقق PM,ضمن الفحص المبدئي
10569894396207,jampj-baby-conditioner-500ml,بلسم جونسون للأطفال ٥٠٠ مل,J&J,العناية بالأطفال,العناية بالأطفال,1,بسيط,86409,180,54,126,,متاح لدى المصدر,https://cdn.shopify.com/s/files/1/0935/9550/0847/files/JJ-Baby-Conditioner-500-ml.webp?v=1754298216,منتج بلسم جونسون للأطفال ٥٠٠ مل من J&J. التصنيف المرجعي: العناية بالأطفال — بسيط. الوسوم المرجعية: Baby Care، Kids Care، Kids Concerns، Kids Conditioner، Kids Hair.,https://alfouadpharmacies.com/en/products/jampj-baby-conditioner-500ml,AlFouad Pharmacies,Verify usage rights before commercial publication,غير مثبت,غير مثبت,مرجعي فقط — غير معتمد للنشر التجاري,بيانات مرجعية متاحة؛ يلزم تحقق PM,ضمن الفحص المبدئي
10569896100143,jampj-no-more-tangle-kids-conditioner-200ml,بلسم جيه آند جيه للأطفال بدون تشابك 200 مل,J&J,العناية بالأطفال,العناية بالأطفال,1,بسيط,15519,100,30,70,,متاح لدى المصدر,https://cdn.shopify.com/s/files/1/0935/9550/0847/files/JJ-No-More-Tangle-Kids-Conditioner-200ML.webp?v=1754298191,منتج بلسم جيه آند جيه للأطفال بدون تشابك 200 مل من J&J. التصنيف المرجعي: العناية بالأطفال — بسيط. الوسوم المرجعية: Kids Care، Kids Conditioner، Kids Hair.,https://alfouadpharmacies.com/en/products/jampj-no-more-tangle-kids-conditioner-200ml,AlFouad Pharmacies,Verify usage rights before commercial publication,غير مثبت,غير مثبت,مرجعي فقط — غير معتمد للنشر التجاري,بيانات مرجعية متاحة؛ يلزم تحقق PM,ضمن الفحص المبدئي
12689735221551,super-kids-leave-in-conditioner-250ml,بلسم سوبر كيدز للشعر بدون شطف 250 مل,Super kids,العناية بالأطفال,العناية بالأطفال,1,بسيط,109141,170,51,119,,متاح لدى المصدر,https://cdn.shopify.com/s/files/1/0935/9550/0847/files/SUPER_KIDS_LEAVE_IN_CONDITIONER_ECOM_PRO.webp?v=1771834122,منتج بلسم سوبر كيدز للشعر بدون شطف 250 مل من Super kids. التصنيف المرجعي: العناية بالأطفال — بسيط. الوسوم المرجعية: Anti-Frizz، Dry & Damage Hair، Kids Care، Kids Concerns، Kids Hair، Kids Leave-in Conditioner، super kids.,https://alfouadpharmacies.com/en/products/super-kids-leave-in-conditioner-250ml,AlFouad Pharmacies,Verify usage rights before commercial publication,غير مثبت,غير مثبت,مرجعي فقط — غير معتمد للنشر التجاري,بيانات مرجعية متاحة؛ يلزم تحقق PM,ضمن الفحص المبدئي
10569800450351,penduline-kids-curly-conditioner-300ml,بلسم للشعر المجعد للأطفال من بيندولين، 300 مل,Penduline,العناية بالأطفال,العناية بالأطفال,1,بسيط,18927,230,69,161,,متاح لدى المصدر,https://cdn.shopify.com/s/files/1/0935/9550/0847/files/Penduline-Kids-Curly-Conditioner-300ml.webp?v=1754298802,منتج بلسم للشعر المجعد للأطفال من بيندولين، 300 مل من Penduline. التصنيف المرجعي: العناية بالأطفال — بسيط. الوسوم المرجعية: Curly Conditioner، Curly Hair، Kids Care.,https://alfouadpharmacies.com/en/products/penduline-kids-curly-conditioner-300ml,AlFouad Pharmacies,Verify usage rights before commercial publication,غير مثبت,غير مثبت,مرجعي فقط — غير معتمد للنشر التجاري,بيانات مرجعية متاحة؛ يلزم تحقق PM,ضمن الفحص المبدئي
10569798680879,penduline-kids-curly-shea-butter-condition-300ml,بلسم للشعر المجعد للأطفال من بيندولين، بزبدة الشيا، 300 مل,Penduline,العناية بالأطفال,العناية بالأطفال,1,بسيط,108664,230,69,161,,متاح لدى المصدر,https://cdn.shopify.com/s/files/1/0935/9550/0847/files/Penduline-Kids-Curly-Shea-Butter-Condition-300ml.webp?v=1754298813,منتج بلسم للشعر المجعد للأطفال من بيندولين، بزبدة الشيا، 300 مل من Penduline. التصنيف المرجعي: العناية بالأطفال — بسيط. الوسوم المرجعية: Curly Conditioner، Curly Hair، Dry & Damage Hair، Kids Care، Kids Concerns.,https://alfouadpharmacies.com/en/products/penduline-kids-curly-shea-butter-condition-300ml,AlFouad Pharmacies,Verify usage rights before commercial publication,غير مثبت,غير مثبت,مرجعي فقط — غير معتمد للنشر التجاري,بيانات مرجعية متاحة؛ يلزم تحقق PM,ضمن الفحص المبدئي
10569894953263,jampj-baby-powder-300gm-blossom,بودرة اطفال جي اند جي 300 جرام بلوسوم مرطبة للجسم,J&J,العناية بالأطفال,العناية بالأطفال,1,بسيط,20055,350,105,245,,غير متاح لدى المصدر,https://cdn.shopify.com/s/files/1/0935/9550/0847/files/JJ-Baby-Powder-300GM-Blossom-_D8_A8_D9_88_D8_AF_D8_B1_D8_A9-_D9_85_D8_B1_D8_B7_D8_A8_D8_A9-_D9_84_D9_84_D8_AC_D8_B3_D9_85.webp?v=1754298209,منتج بودرة اطفال جي اند جي 300 جرام بلوسوم مرطبة للجسم من J&J. التصنيف المرجعي: العناية بالأطفال — بسيط. الوسوم المرجعية: Baby Care، Kids Care، Kids Concerns.,https://alfouadpharmacies.com/en/products/jampj-baby-powder-300gm-blossom,AlFouad Pharmacies,Verify usage rights before commercial publication,غير مثبت,غير مثبت,مرجعي فقط — غير معتمد للنشر التجاري,بيانات مرجعية متاحة؛ يلزم تحقق PM,ضمن الفحص المبدئي
10569799631151,penduline-shower-gel-banana-450300-ml,جل استحمام بنكهة الموز من بيندولين 450/300 مل,Penduline,العناية بالأطفال,العناية بالأطفال,1,بسيط,21507,219,65.7,153.3,,غير متاح لدى المصدر,https://cdn.shopify.com/s/files/1/0935/9550/0847/files/Penduline-Shower-Gel-Banana-450300-ml.webp?v=1754298808,منتج جل استحمام بنكهة الموز من بيندولين 450/300 مل من Penduline. التصنيف المرجعي: العناية بالأطفال — بسيط. الوسوم المرجعية: Kids Care، Kids Shower.,https://alfouadpharmacies.com/en/products/penduline-shower-gel-banana-450300-ml,AlFouad Pharmacies,Verify usage rights before commercial publication,غير مثبت,غير مثبت,مرجعي فقط — غير معتمد للنشر التجاري,بيانات مرجعية متاحة؛ يلزم تحقق PM,ضمن الفحص المبدئي
10569800024367,penduline-shower-gel-fresh-lemon-450300-ml,جل استحمام بيندولين بالليمون المنعش 450/300 مل,Penduline,العناية بالأطفال,العناية بالأطفال,1,بسيط,25799,219,65.7,153.3,,غير متاح لدى المصدر,https://cdn.shopify.com/s/files/1/0935/9550/0847/files/Penduline-Shower-Gel-Fresh-Lemon-450300-ml.webp?v=1754298806,منتج جل استحمام بيندولين بالليمون المنعش 450/300 مل من Penduline. التصنيف المرجعي: العناية بالأطفال — بسيط. الوسوم المرجعية: Kids Care، Kids Shower.,https://alfouadpharmacies.com/en/products/penduline-shower-gel-fresh-lemon-450300-ml,AlFouad Pharmacies,Verify usage rights before commercial publication,غير مثبت,غير مثبت,مرجعي فقط — غير معتمد للنشر التجاري,بيانات مرجعية متاحة؛ يلزم تحقق PM,ضمن الفحص المبدئي
10569799827759,penduline-shower-gel-sweet-450300-ml,جل استحمام بيندولين سويت 450/300 مل,Penduline,العناية بالأطفال,العناية بالأطفال,1,بسيط,21554,219,65.7,153.3,,غير متاح لدى المصدر,https://cdn.shopify.com/s/files/1/0935/9550/0847/files/Penduline-Shower-Gel-Sweet-450300-ml.webp?v=1754298807,منتج جل استحمام بيندولين سويت 450/300 مل من Penduline. التصنيف المرجعي: العناية بالأطفال — بسيط. الوسوم المرجعية: Kids Care، Kids Shower.,https://alfouadpharmacies.com/en/products/penduline-shower-gel-sweet-450300-ml,AlFouad Pharmacies,Verify usage rights before commercial publication,غير مثبت,غير مثبت,مرجعي فقط — غير معتمد للنشر التجاري,بيانات مرجعية متاحة؛ يلزم تحقق PM,ضمن الفحص المبدئي
12689441915183,bino-trust-bubblino-shower-gel-350ml,جل استحمام بينو تراست بابلينو 350 مل,AlFouad Pharmacies,العناية بالأطفال,العناية بالأطفال,1,,113581,115,34.5,80.5,,متاح لدى المصدر,https://cdn.shopify.com/s/files/1/0935/9550/0847/files/BINOTRUSTBUBBLINOSHOWERGEL350ML.webp?v=1772108868,منتج جل استحمام بينو تراست بابلينو 350 مل من AlFouad Pharmacies. التصنيف المرجعي: العناية بالأطفال. الوسوم المرجعية: Kids Care، Kids Shower.,https://alfouadpharmacies.com/en/products/bino-trust-bubblino-shower-gel-350ml,AlFouad Pharmacies,Verify usage rights before commercial publication,غير مثبت,غير مثبت,مرجعي فقط — غير معتمد للنشر التجاري,بيانات مرجعية متاحة؛ يلزم تحقق PM,ضمن الفحص المبدئي
12689441816879,bino-trust-coolino-shower-gel-350ml,جل استحمام بينو ترست كولينو 350 مل,AlFouad Pharmacies,العناية بالأطفال,العناية بالأطفال,1,,113582,115,34.5,80.5,,متاح لدى المصدر,https://cdn.shopify.com/s/files/1/0935/9550/0847/files/BINOTRUSTCOOLINOSHOWERGEL350ML.webp?v=1772108894,منتج جل استحمام بينو ترست كولينو 350 مل من AlFouad Pharmacies. التصنيف المرجعي: العناية بالأطفال. الوسوم المرجعية: Kids Care، Kids Shower.,https://alfouadpharmacies.com/en/products/bino-trust-coolino-shower-gel-350ml,AlFouad Pharmacies,Verify usage rights before commercial publication,غير مثبت,غير مثبت,مرجعي فقط — غير معتمد للنشر التجاري,بيانات مرجعية متاحة؛ يلزم تحقق PM,ضمن الفحص المبدئي
10569802383663,mustela-dermo-cleansing-gel-derm-500ml,جل التنظيف المهدئ من موستيلا ديرم 500 مل,Mustela,العناية بالأطفال,العناية بالأطفال,1,بسيط,88434,1199,359.7,839.3,,متاح لدى المصدر,https://cdn.shopify.com/s/files/1/0935/9550/0847/files/Mustela-Dermo-Cleansing-Gel-Derm-500ML.webp?v=1754298789,منتج جل التنظيف المهدئ من موستيلا ديرم 500 مل من Mustela. التصنيف المرجعي: العناية بالأطفال — بسيط. الوسوم المرجعية: Baby Care، Kids Care، Kids Concerns، Kids Hair، Kids Shampoo، Kids Shower.,https://alfouadpharmacies.com/en/products/mustela-dermo-cleansing-gel-derm-500ml,AlFouad Pharmacies,Verify usage rights before commercial publication,غير مثبت,غير مثبت,مرجعي فقط — غير معتمد للنشر التجاري,بيانات مرجعية متاحة؛ يلزم تحقق PM,ضمن الفحص المبدئي
10569799172399,penduline-kids-hair-gel-250ml,جل الشعر للأطفال من بيندولين 250 مل,Penduline,العناية بالأطفال,العناية بالأطفال,1,بسيط,107475,149,44.7,104.3,,متاح لدى المصدر,https://cdn.shopify.com/s/files/1/0935/9550/0847/files/Penduline-Kids-Hair-Gel-250ml.webp?v=1754298810,منتج جل الشعر للأطفال من بيندولين 250 مل من Penduline. التصنيف المرجعي: العناية بالأطفال — بسيط. الوسوم المرجعية: Anti-Frizz، Curly Gel، Curly Hair، Kids Care، Kids Concerns.,https://alfouadpharmacies.com/en/products/penduline-kids-hair-gel-250ml,AlFouad Pharmacies,Verify usage rights before commercial publication,غير مثبت,غير مثبت,مرجعي فقط — غير معتمد للنشر التجاري,بيانات مرجعية متاحة؛ يلزم تحقق PM,ضمن الفحص المبدئي
10569802678575,mustela-nourishing-cleansing-gel-cc-300ml,جل تنظيف مغذي من موستيلا CC 300 مل,Mustela,العناية بالأطفال,العناية بالأطفال,1,بسيط,18096,925,277.5,647.5,,متاح لدى المصدر,https://cdn.shopify.com/s/files/1/0935/9550/0847/files/Mustela-Nourishing-Cleansing-Gel-CC-300ML.webp?v=1754298787,منتج جل تنظيف مغذي من موستيلا CC 300 مل من Mustela. التصنيف المرجعي: العناية بالأطفال — بسيط. الوسوم المرجعية: Baby Care، Kids Care، Kids Concerns، Kids Shower.,https://alfouadpharmacies.com/en/products/mustela-nourishing-cleansing-gel-cc-300ml,AlFouad Pharmacies,Verify usage rights before commercial publication,غير مثبت,غير مثبت,مرجعي فقط — غير معتمد للنشر التجاري,بيانات مرجعية متاحة؛ يلزم تحقق PM,ضمن الفحص المبدئي
10569807266095,super-kids-curly-hair-gel-250ml,جل شعر مجعد للأطفال سوبر كيدز 250 مل,Super kids,العناية بالأطفال,العناية بالأطفال,1,بسيط,8918,160,48,112,,متاح لدى المصدر,https://cdn.shopify.com/s/files/1/0935/9550/0847/files/Super-Kids-Curly-Hair-Gel-250ml.webp?v=1754298749,منتج جل شعر مجعد للأطفال سوبر كيدز 250 مل من Super kids. التصنيف المرجعي: العناية بالأطفال — بسيط. الوسوم المرجعية: Anti-Frizz، Curly Gel، Curly Hair، Kids Care، Kids Concerns، super kids.,https://alfouadpharmacies.com/en/products/super-kids-curly-hair-gel-250ml,AlFouad Pharmacies,Verify usage rights before commercial publication,غير مثبت,غير مثبت,مرجعي فقط — غير معتمد للنشر التجاري,بيانات مرجعية متاحة؛ يلزم تحقق PM,ضمن الفحص المبدئي
10569798582575,penduline-baby-bath-2-in1-300ml,حمام الأطفال بيندولين 2 في 1 سعة 300 مل,Penduline,العناية بالأطفال,العناية بالأطفال,1,بسيط,101207,219,65.7,153.3,,متاح لدى المصدر,https://cdn.shopify.com/s/files/1/0935/9550/0847/files/Penduline-Baby-Bath-2-in1-300ml.webp?v=1754298813,منتج حمام الأطفال بيندولين 2 في 1 سعة 300 مل من Penduline. التصنيف المرجعي: العناية بالأطفال — بسيط. الوسوم المرجعية: Baby Care، Kids Care، Kids Concerns، Kids Shower.,https://alfouadpharmacies.com/en/products/penduline-baby-bath-2-in1-300ml,AlFouad Pharmacies,Verify usage rights before commercial publication,غير مثبت,غير مثبت,مرجعي فقط — غير معتمد للنشر التجاري,بيانات مرجعية متاحة؛ يلزم تحقق PM,ضمن الفحص المبدئي
10569893871919,jampj-baby-bedtime-bath-500ml-lavender,حمام الأطفال قبل النوم من جونسون آند جونسون، 500 مل، باللافندر,Bath and Body,العناية بالأطفال,العناية بالأطفال,1,بسيط,27441,200,60,140,,متاح لدى المصدر,https://cdn.shopify.com/s/files/1/0935/9550/0847/files/JJ-Baby-Bedtime-Bath-500-ml-Lavender.webp?v=1754298222,منتج حمام الأطفال قبل النوم من جونسون آند جونسون، 500 مل، باللافندر من Bath and Body. التصنيف المرجعي: العناية بالأطفال — بسيط. الوسوم المرجعية: Kids Care، Kids Shower.,https://alfouadpharmacies.com/en/products/jampj-baby-bedtime-bath-500ml-lavender,AlFouad Pharmacies,Verify usage rights before commercial publication,غير مثبت,غير مثبت,مرجعي فقط — غير معتمد للنشر التجاري,بيانات مرجعية متاحة؛ يلزم تحقق PM,ضمن الفحص المبدئي
10569893609775,jampj-baby-bath-200ml,حمام الأطفال من جونسون آند جونسون 200 مل,Bath and Body,العناية بالأطفال,العناية بالأطفال,1,بسيط,1754,125,37.5,87.5,,متاح لدى المصدر,https://cdn.shopify.com/s/files/1/0935/9550/0847/files/JJ-Baby-Bath-200-ml.webp?v=1754298225,منتج حمام الأطفال من جونسون آند جونسون 200 مل من Bath and Body. التصنيف المرجعي: العناية بالأطفال — بسيط. الوسوم المرجعية: Kids Care، Kids Shower.,https://alfouadpharmacies.com/en/products/jampj-baby-bath-200ml,AlFouad Pharmacies,Verify usage rights before commercial publication,غير مثبت,غير مثبت,مرجعي فقط — غير معتمد للنشر التجاري,بيانات مرجعية متاحة؛ يلزم تحقق PM,ضمن الفحص المبدئي
10569893708079,jampj-baby-bath-500ml,حمام الأطفال من جيه أند جيه 500 مل,Bath and Body,العناية بالأطفال,العناية بالأطفال,1,بسيط,105203,200,60,140,,متاح لدى المصدر,https://cdn.shopify.com/s/files/1/0935/9550/0847/files/JJ-Baby-Bath-500ML.webp?v=1754298224,منتج حمام الأطفال من جيه أند جيه 500 مل من Bath and Body. التصنيف المرجعي: العناية بالأطفال — بسيط. الوسوم المرجعية: Kids Care، Kids Shower.,https://alfouadpharmacies.com/en/products/jampj-baby-bath-500ml,AlFouad Pharmacies,Verify usage rights before commercial publication,غير مثبت,غير مثبت,مرجعي فقط — غير معتمد للنشر التجاري,بيانات مرجعية متاحة؛ يلزم تحقق PM,ضمن الفحص المبدئي
10569893773615,jampj-baby-bedtime-bath-300ml-lavender-sleep-time,حمام جونسون آند جونسون للاستحمام قبل النوم للأطفال 300 مل، رائحة الخزامى، وقت النوم,Bath and Body,العناية بالأطفال,العناية بالأطفال,1,بسيط,98964,160,48,112,,متاح لدى المصدر,https://cdn.shopify.com/s/files/1/0935/9550/0847/files/JJ-Baby-Bedtime-Bath-300-ml-Lavender-Sleep-Time.webp?v=1754298223,منتج حمام جونسون آند جونسون للاستحمام قبل النوم للأطفال 300 مل، رائحة الخزامى، وقت النوم من Bath and Body. التصنيف المرجعي: العناية بالأطفال — بسيط. الوسوم المرجعية: Kids Care، Kids Shower.,https://alfouadpharmacies.com/en/products/jampj-baby-bedtime-bath-300ml-lavender-sleep-time,AlFouad Pharmacies,Verify usage rights before commercial publication,غير مثبت,غير مثبت,مرجعي فقط — غير معتمد للنشر التجاري,بيانات مرجعية متاحة؛ يلزم تحقق PM,ضمن الفحص المبدئي
10569796845871,dermactive-acti-solaire-kids-spray-spf50-125ml,ديرم اكتيف اكتي سولير سبراي للأطفال SPF50+ 125 مل,DERMACTIVE,العناية بالأطفال,العناية بالأطفال,1,بسيط,10277,379,113.7,265.3,,متاح لدى المصدر,https://cdn.shopify.com/s/files/1/0935/9550/0847/files/Dermactive-Acti-Solaire-Kids-Spray-SPF50-125ml.webp?v=1754298826,منتج ديرم اكتيف اكتي سولير سبراي للأطفال SPF50+ 125 مل من DERMACTIVE. التصنيف المرجعي: العناية بالأطفال — بسيط. الوسوم المرجعية: Kids Care، Kids Concerns، Kids Sunscreen، Sun Care، Sunscreen.,https://alfouadpharmacies.com/en/products/dermactive-acti-solaire-kids-spray-spf50-125ml,AlFouad Pharmacies,Verify usage rights before commercial publication,غير مثبت,غير مثبت,مرجعي فقط — غير معتمد للنشر التجاري,بيانات مرجعية متاحة؛ يلزم تحقق PM,ضمن الفحص المبدئي
10569960128815,penduline-facial-pink-foam-150ml,رغوة بيندولين لتنظيف الوجه باللون الوردي 150 مل,Penduline,العناية بالأطفال,العناية بالأطفال,1,بسيط,112128,179,53.7,125.3,,متاح لدى المصدر,https://cdn.shopify.com/s/files/1/0935/9550/0847/files/Penduline-Facial-Pink-Foam-150ML.webp?v=1754297559,منتج رغوة بيندولين لتنظيف الوجه باللون الوردي 150 مل من Penduline. التصنيف المرجعي: العناية بالأطفال — بسيط. الوسوم المرجعية: Kids Care، Kids Facial Foam.,https://alfouadpharmacies.com/en/products/penduline-facial-pink-foam-150ml,AlFouad Pharmacies,Verify usage rights before commercial publication,غير مثبت,غير مثبت,مرجعي فقط — غير معتمد للنشر التجاري,بيانات مرجعية متاحة؛ يلزم تحقق PM,ضمن الفحص المبدئي
10569960063279,penduline-facial-blue-foam-150ml,رغوة تنظيف الوجه الزرقاء من بيندولين 150 مل,Penduline,العناية بالأطفال,العناية بالأطفال,1,بسيط,112127,179,53.7,125.3,,متاح لدى المصدر,https://cdn.shopify.com/s/files/1/0935/9550/0847/files/Penduline-Facial-Blue-Foam-150ML.webp?v=1754297560,منتج رغوة تنظيف الوجه الزرقاء من بيندولين 150 مل من Penduline. التصنيف المرجعي: العناية بالأطفال — بسيط. الوسوم المرجعية: Kids Care، Kids Facial Foam.,https://alfouadpharmacies.com/en/products/penduline-facial-blue-foam-150ml,AlFouad Pharmacies,Verify usage rights before commercial publication,غير مثبت,غير مثبت,مرجعي فقط — غير معتمد للنشر التجاري,بيانات مرجعية متاحة؛ يلزم تحقق PM,ضمن الفحص المبدئي
10569806283055,super-kids-facial-foam-200ml,رغوة تنظيف الوجه للأطفال سوبر كيدز 200 مل,Super kids,العناية بالأطفال,العناية بالأطفال,1,بسيط,7371,150,45,105,,متاح لدى المصدر,https://cdn.shopify.com/s/files/1/0935/9550/0847/files/Super-Kids-Facial-Foam-200ml.webp?v=1754298757,منتج رغوة تنظيف الوجه للأطفال سوبر كيدز 200 مل من Super kids. التصنيف المرجعي: العناية بالأطفال — بسيط. الوسوم المرجعية: Kids Care، Kids Facial Foam، super kids.,https://alfouadpharmacies.com/en/products/super-kids-facial-foam-200ml,AlFouad Pharmacies,Verify usage rights before commercial publication,غير مثبت,غير مثبت,مرجعي فقط — غير معتمد للنشر التجاري,بيانات مرجعية متاحة؛ يلزم تحقق PM,ضمن الفحص المبدئي
10569800614191,penduline-kids-hair-oil-120ml,زيت الشعر للأطفال من بيندولين 120 مل,Penduline,العناية بالأطفال,العناية بالأطفال,1,بسيط,88870,260,78,182,,غير متاح لدى المصدر,https://cdn.shopify.com/s/files/1/0935/9550/0847/files/Penduline-Kids-Hair-Oil-120ml.webp?v=1754298801,منتج زيت الشعر للأطفال من بيندولين 120 مل من Penduline. التصنيف المرجعي: العناية بالأطفال — بسيط. الوسوم المرجعية: Anti-Frizz، Kids Care، Kids Concerns، Kids Hair، Kids Hair Oil.,https://alfouadpharmacies.com/en/products/penduline-kids-hair-oil-120ml,AlFouad Pharmacies,Verify usage rights before commercial publication,غير مثبت,غير مثبت,مرجعي فقط — غير معتمد للنشر التجاري,بيانات مرجعية متاحة؛ يلزم تحقق PM,ضمن الفحص المبدئي
10569799893295,penduline-kids-hair-oil-plus-120ml,زيت الشعر للأطفال من بيندولين بلس 120 مل,Penduline,العناية بالأطفال,العناية بالأطفال,1,بسيط,88870,260,78,182,,غير متاح لدى المصدر,https://cdn.shopify.com/s/files/1/0935/9550/0847/files/Penduline-Kids-Hair-Oil-Plus-120-ml.webp?v=1754298806,منتج زيت الشعر للأطفال من بيندولين بلس 120 مل من Penduline. التصنيف المرجعي: العناية بالأطفال — بسيط. الوسوم المرجعية: Anti-Frizz، Kids Care، Kids Concerns، Kids Hair، Kids Hair Oil.,https://alfouadpharmacies.com/en/products/penduline-kids-hair-oil-plus-120ml,AlFouad Pharmacies,Verify usage rights before commercial publication,غير مثبت,غير مثبت,مرجعي فقط — غير معتمد للنشر التجاري,بيانات مرجعية متاحة؛ يلزم تحقق PM,ضمن الفحص المبدئي
10569800384815,penduline-baby-skin-oil-100ml,زيت بيندولين للجلد للرضع 100 مل,Penduline,العناية بالأطفال,العناية بالأطفال,1,بسيط,28860,159,47.7,111.3,,متاح لدى المصدر,https://cdn.shopify.com/s/files/1/0935/9550/0847/files/Penduline-Baby-Skin-Oil-100ml.webp?v=1754298803,منتج زيت بيندولين للجلد للرضع 100 مل من Penduline. التصنيف المرجعي: العناية بالأطفال — بسيط. الوسوم المرجعية: Baby Care، Kids Care، Kids Concerns، Kids Moisturizer.,https://alfouadpharmacies.com/en/products/penduline-baby-skin-oil-100ml,AlFouad Pharmacies,Verify usage rights before commercial publication,غير مثبت,غير مثبت,مرجعي فقط — غير معتمد للنشر التجاري,بيانات مرجعية متاحة؛ يلزم تحقق PM,ضمن الفحص المبدئي
10569927819567,vatika-baby-olive-massage-oil-100ml,زيت تدليك زيتون فيتيكا للأطفال 100 مل,AlFouad Pharmacies,العناية بالأطفال,العناية بالأطفال,1,بسيط,94928,50,15,35,,غير متاح لدى المصدر,https://cdn.shopify.com/s/files/1/0935/9550/0847/files/Vatika-Baby-Olive-Massage-Oil-100ML.webp?v=1754297808,منتج زيت تدليك زيتون فيتيكا للأطفال 100 مل من AlFouad Pharmacies. التصنيف المرجعي: العناية بالأطفال — بسيط. الوسوم المرجعية: Baby Care، Kids Care، Kids Concerns، Kids Hair، Kids Hair Oil.,https://alfouadpharmacies.com/en/products/vatika-baby-olive-massage-oil-100ml,AlFouad Pharmacies,Verify usage rights before commercial publication,غير مثبت,غير مثبت,مرجعي فقط — غير معتمد للنشر التجاري,بيانات مرجعية متاحة؛ يلزم تحقق PM,ضمن الفحص المبدئي
12689691279663,jampj-baby-oil-200ml-normal,زيت جونسون للأطفال 200 مل عادي,J&J,العناية بالأطفال,العناية بالأطفال,1,بسيط,1734,130,39,91,,متاح لدى المصدر,https://cdn.shopify.com/s/files/1/0935/9550/0847/files/Johnsons_Baby_Oil_591ml_1615x1615_dbba0b27-b668-41d1-b498-4ab2fe01be36.webp?v=1771845827,منتج زيت جونسون للأطفال 200 مل عادي من J&J. التصنيف المرجعي: العناية بالأطفال — بسيط. الوسوم المرجعية: Baby Care، Kids Care، Kids Concerns، Kids Hair، Kids Hair Oil.,https://alfouadpharmacies.com/en/products/jampj-baby-oil-200ml-normal,AlFouad Pharmacies,Verify usage rights before commercial publication,غير مثبت,غير مثبت,مرجعي فقط — غير معتمد للنشر التجاري,بيانات مرجعية متاحة؛ يلزم تحقق PM,ضمن الفحص المبدئي
12689691214127,jampj-baby-oil-200ml-sleep-time,زيت جونسون للأطفال 200 مل وقت النوم,J&J,العناية بالأطفال,العناية بالأطفال,1,بسيط,86299,130,39,91,,متاح لدى المصدر,https://cdn.shopify.com/s/files/1/0935/9550/0847/files/Johnsons_Sleep_Time_Oil_200ml_1615x1615_04b5d867-ad97-4ea0-8e54-d5b681eb1cf4.webp?v=1771845976,منتج زيت جونسون للأطفال 200 مل وقت النوم من J&J. التصنيف المرجعي: العناية بالأطفال — بسيط. الوسوم المرجعية: Baby Care، Kids Care، Kids Concerns، Kids Hair، Kids Hair Oil.,https://alfouadpharmacies.com/en/products/jampj-baby-oil-200ml-sleep-time,AlFouad Pharmacies,Verify usage rights before commercial publication,غير مثبت,غير مثبت,مرجعي فقط — غير معتمد للنشر التجاري,بيانات مرجعية متاحة؛ يلزم تحقق PM,ضمن الفحص المبدئي
10569894854959,jampj-baby-oil-75ml-aloe-vera,زيت جونسون للأطفال 75 مل بخلاصة الصبار,J&J,العناية بالأطفال,العناية بالأطفال,1,بسيط,82588,70,21,49,,متاح لدى المصدر,https://cdn.shopify.com/s/files/1/0935/9550/0847/files/JJ-Baby-Oil-75-ml-Aloe-vera.webp?v=1754298212,منتج زيت جونسون للأطفال 75 مل بخلاصة الصبار من J&J. التصنيف المرجعي: العناية بالأطفال — بسيط. الوسوم المرجعية: Baby Care، Kids Care، Kids Concerns، Kids Hair، Kids Hair Oil.,https://alfouadpharmacies.com/en/products/jampj-baby-oil-75ml-aloe-vera,AlFouad Pharmacies,Verify usage rights before commercial publication,غير مثبت,غير مثبت,مرجعي فقط — غير معتمد للنشر التجاري,بيانات مرجعية متاحة؛ يلزم تحقق PM,ضمن الفحص المبدئي
12689691115823,jampj-baby-oil-75ml-normal,زيت جونسون للأطفال 75 مل عادي,J&J,العناية بالأطفال,العناية بالأطفال,1,بسيط,1732,70,21,49,,متاح لدى المصدر,https://cdn.shopify.com/s/files/1/0935/9550/0847/files/Johnsons_Baby_Oil_75ml_1615x1615_79452ab7-36d5-42cc-b199-311649131dc3.webp?v=1771846164,منتج زيت جونسون للأطفال 75 مل عادي من J&J. التصنيف المرجعي: العناية بالأطفال — بسيط. الوسوم المرجعية: Baby Care، Kids Care، Kids Concerns، Kids Hair، Kids Hair Oil.,https://alfouadpharmacies.com/en/products/jampj-baby-oil-75ml-normal,AlFouad Pharmacies,Verify usage rights before commercial publication,غير مثبت,غير مثبت,مرجعي فقط — غير معتمد للنشر التجاري,بيانات مرجعية متاحة؛ يلزم تحقق PM,ضمن الفحص المبدئي
12689691083055,jampj-baby-oil-75ml-sleep-time,زيت جونسون للأطفال 75 مل وقت النوم,J&J,العناية بالأطفال,العناية بالأطفال,1,بسيط,91856,70,21,49,,متاح لدى المصدر,https://cdn.shopify.com/s/files/1/0935/9550/0847/files/Johnsons_Sleep_Time_Oil_75ml_1615x1615_c8e0f49f-0814-4c5d-90d5-11e09bbda580.webp?v=1771846370,منتج زيت جونسون للأطفال 75 مل وقت النوم من J&J. التصنيف المرجعي: العناية بالأطفال — بسيط. الوسوم المرجعية: Baby Care، Kids Care، Kids Concerns، Kids Hair، Kids Hair Oil.,https://alfouadpharmacies.com/en/products/jampj-baby-oil-75ml-sleep-time,AlFouad Pharmacies,Verify usage rights before commercial publication,غير مثبت,غير مثبت,مرجعي فقط — غير معتمد للنشر التجاري,بيانات مرجعية متاحة؛ يلزم تحقق PM,ضمن الفحص المبدئي
10569845965103,dabur-amla-kids-hair-oil-200ml,زيت دابور أملا للشعر للأطفال 200 مل,AlFouad Pharmacies,العناية بالأطفال,العناية بالأطفال,1,بسيط,82105,96,28.8,67.2,,متاح لدى المصدر,https://cdn.shopify.com/s/files/1/0935/9550/0847/files/Dabur-Amla-Kids-Hair-Oil-200ML.webp?v=1754298476,منتج زيت دابور أملا للشعر للأطفال 200 مل من AlFouad Pharmacies. التصنيف المرجعي: العناية بالأطفال — بسيط. الوسوم المرجعية: Anti-Frizz، Kids Care، Kids Concerns، Kids Hair، Kids Hair Oil.,https://alfouadpharmacies.com/en/products/dabur-amla-kids-hair-oil-200ml,AlFouad Pharmacies,Verify usage rights before commercial publication,غير مثبت,غير مثبت,مرجعي فقط — غير معتمد للنشر التجاري,بيانات مرجعية متاحة؛ يلزم تحقق PM,ضمن الفحص المبدئي
10569846063407,dabur-amla-kids-hair-oil-270ml,زيت دابور أملا للشعر للأطفال 270 مل,AlFouad Pharmacies,العناية بالأطفال,العناية بالأطفال,1,بسيط,9228,115,34.5,80.5,,متاح لدى المصدر,https://cdn.shopify.com/s/files/1/0935/9550/0847/files/Dabur-Amla-Kids-Hair-Oil-270ML.webp?v=1754298475,منتج زيت دابور أملا للشعر للأطفال 270 مل من AlFouad Pharmacies. التصنيف المرجعي: العناية بالأطفال — بسيط. الوسوم المرجعية: Anti-Frizz، Kids Care، Kids Concerns، Kids Hair، Kids Hair Oil.,https://alfouadpharmacies.com/en/products/dabur-amla-kids-hair-oil-270ml,AlFouad Pharmacies,Verify usage rights before commercial publication,غير مثبت,غير مثبت,مرجعي فقط — غير معتمد للنشر التجاري,بيانات مرجعية متاحة؛ يلزم تحقق PM,ضمن الفحص المبدئي
10569889841455,dabur-amla-kids-hair-oil-disney-100ml,زيت دابور أملا للشعر للأطفال ديزني 100 مل,AlFouad Pharmacies,العناية بالأطفال,العناية بالأطفال,1,بسيط,17397,55,16.5,38.5,,غير متاح لدى المصدر,https://cdn.shopify.com/s/files/1/0935/9550/0847/files/Dabur-Amla-Kids-Hair-Oil-Disney-100ML.webp?v=1754298267,منتج زيت دابور أملا للشعر للأطفال ديزني 100 مل من AlFouad Pharmacies. التصنيف المرجعي: العناية بالأطفال — بسيط. الوسوم المرجعية: Anti-Frizz، Kids Care، Kids Concerns، Kids Hair، Kids Hair Oil.,https://alfouadpharmacies.com/en/products/dabur-amla-kids-hair-oil-disney-100ml,AlFouad Pharmacies,Verify usage rights before commercial publication,غير مثبت,غير مثبت,مرجعي فقط — غير معتمد للنشر التجاري,بيانات مرجعية متاحة؛ يلزم تحقق PM,ضمن الفحص المبدئي
12689512857903,sanosan-shower-shampoo-raspberry-400ml,سانوسان للاستحمام والشامبو برائحة التوت 400 مل ,Sanosan,العناية بالأطفال,العناية بالأطفال,1,شاور جل وشامبو,111773,450.9,135.27,315.63,,غير متاح لدى المصدر,https://cdn.shopify.com/s/files/1/0935/9550/0847/files/sanosan_kids_raspberry_1615x1615_cd24be67-4f7e-4c12-9349-c6d5a03b1408.webp?v=1773148416,منتج سانوسان للاستحمام والشامبو برائحة التوت 400 مل  من Sanosan. التصنيف المرجعي: العناية بالأطفال — شاور جل وشامبو. الوسوم المرجعية: Kids Care، Kids Shampoo، Kids Shower.,https://alfouadpharmacies.com/en/products/sanosan-shower-shampoo-raspberry-400ml,AlFouad Pharmacies,Verify usage rights before commercial publication,غير مثبت,غير مثبت,مرجعي فقط — غير معتمد للنشر التجاري,بيانات مرجعية متاحة؛ يلزم تحقق PM,ضمن الفحص المبدئي
12689512137007,super-kids-hair-serum-100ml,سيروم الشعر للأطفال الخارقين 100 مل,Super kids,العناية بالأطفال,العناية بالأطفال,1,,102829,350,105,245,,متاح لدى المصدر,https://cdn.shopify.com/s/files/1/0935/9550/0847/files/Gemini_Generated_Image_1gtewj1gtewj1gte.webp?v=1789633898,منتج سيروم الشعر للأطفال الخارقين 100 مل من Super kids. التصنيف المرجعي: العناية بالأطفال. الوسوم المرجعية: Dry & Damage Hair، Kids Hair Serum، super kids.,https://alfouadpharmacies.com/en/products/super-kids-hair-serum-100ml,AlFouad Pharmacies,Verify usage rights before commercial publication,غير مثبت,غير مثبت,مرجعي فقط — غير معتمد للنشر التجاري,بيانات مرجعية متاحة؛ يلزم تحقق PM,ضمن الفحص المبدئي
10569797632303,eva-bebe-shampoo,شامبو إيفا بيبي,AlFouad Pharmacies,العناية بالأطفال,العناية بالأطفال,1,بسيط,111003,100,30,70,,غير متاح لدى المصدر,https://cdn.shopify.com/s/files/1/0935/9550/0847/files/Eva-Bebe-Shampoo.webp?v=1754298819,منتج شامبو إيفا بيبي من AlFouad Pharmacies. التصنيف المرجعي: العناية بالأطفال — بسيط. الوسوم المرجعية: Baby Care، Kids Care، Kids Concerns، Kids Hair، Kids Shampoo.,https://alfouadpharmacies.com/en/products/eva-bebe-shampoo,AlFouad Pharmacies,Verify usage rights before commercial publication,غير مثبت,غير مثبت,مرجعي فقط — غير معتمد للنشر التجاري,بيانات مرجعية متاحة؛ يلزم تحقق PM,ضمن الفحص المبدئي
10569797992751,penduline-kids-shampoo-450ml,شامبو الأطفال بيندولين 450 مل,Penduline,العناية بالأطفال,العناية بالأطفال,1,بسيط,8724,285,85.5,199.5,,متاح لدى المصدر,https://cdn.shopify.com/s/files/1/0935/9550/0847/files/Penduline-Kids-Shampoo-450ml.webp?v=1754298817,منتج شامبو الأطفال بيندولين 450 مل من Penduline. التصنيف المرجعي: العناية بالأطفال — بسيط. الوسوم المرجعية: Kids Care، Kids Hair، Kids Shampoo.,https://alfouadpharmacies.com/en/products/penduline-kids-shampoo-450ml,AlFouad Pharmacies,Verify usage rights before commercial publication,غير مثبت,غير مثبت,مرجعي فقط — غير معتمد للنشر التجاري,بيانات مرجعية متاحة؛ يلزم تحقق PM,ضمن الفحص المبدئي
10569798975791,penduline-kids-curly-shampoo-300ml,شامبو الأطفال للشعر المجعد من بيندولين 300 مل,Penduline,العناية بالأطفال,العناية بالأطفال,1,بسيط,12583,230,69,161,,متاح لدى المصدر,https://cdn.shopify.com/s/files/1/0935/9550/0847/files/Penduline-Kids-Curly-Shampoo-300ml.webp?v=1754298811,منتج شامبو الأطفال للشعر المجعد من بيندولين 300 مل من Penduline. التصنيف المرجعي: العناية بالأطفال — بسيط. الوسوم المرجعية: Anti-Frizz، Curly Hair، Curly Shmapoo، Kids Care، Kids Concerns.,https://alfouadpharmacies.com/en/products/penduline-kids-curly-shampoo-300ml,AlFouad Pharmacies,Verify usage rights before commercial publication,غير مثبت,غير مثبت,مرجعي فقط — غير معتمد للنشر التجاري,بيانات مرجعية متاحة؛ يلزم تحقق PM,ضمن الفحص المبدئي
10569798123823,penduline-kids-shampoo-250ml,شامبو الأطفال من بيندولين 250 مل,Penduline,العناية بالأطفال,العناية بالأطفال,1,بسيط,21992,230,69,161,,متاح لدى المصدر,https://cdn.shopify.com/s/files/1/0935/9550/0847/files/Penduline-Kids-Shampoo-250ml.webp?v=1754298816,منتج شامبو الأطفال من بيندولين 250 مل من Penduline. التصنيف المرجعي: العناية بالأطفال — بسيط. الوسوم المرجعية: Kids Care، Kids Hair، Kids Shampoo.,https://alfouadpharmacies.com/en/products/penduline-kids-shampoo-250ml,AlFouad Pharmacies,Verify usage rights before commercial publication,غير مثبت,غير مثبت,مرجعي فقط — غير معتمد للنشر التجاري,بيانات مرجعية متاحة؛ يلزم تحقق PM,ضمن الفحص المبدئي
10569805627695,penduline-kids-shampoo-65ml,شامبو الأطفال من بيندولين 65 مل,Penduline,العناية بالأطفال,العناية بالأطفال,1,بسيط,94371,90,27,63,,غير متاح لدى المصدر,https://cdn.shopify.com/s/files/1/0935/9550/0847/files/Penduline-Kids-Shampoo-65ml.webp?v=1754298762,منتج شامبو الأطفال من بيندولين 65 مل من Penduline. التصنيف المرجعي: العناية بالأطفال — بسيط. الوسوم المرجعية: Kids Care، Kids Hair، Kids Shampoo.,https://alfouadpharmacies.com/en/products/penduline-kids-shampoo-65ml,AlFouad Pharmacies,Verify usage rights before commercial publication,غير مثبت,غير مثبت,مرجعي فقط — غير معتمد للنشر التجاري,بيانات مرجعية متاحة؛ يلزم تحقق PM,ضمن الفحص المبدئي
10569807626543,the-hair-addict-kids-shampoo-250ml,شامبو الأطفال من ذا هير أديكت، 250 مل,The Hair Addict,العناية بالأطفال,العناية بالأطفال,1,بسيط,17460,199,59.7,139.3,0,متاح لدى المصدر,https://cdn.shopify.com/s/files/1/0935/9550/0847/files/The-Hair-Addict-Kids-Shampoo-250ml.webp?v=1754298747,منتج شامبو الأطفال من ذا هير أديكت، 250 مل من The Hair Addict. التصنيف المرجعي: العناية بالأطفال — بسيط. الوسوم المرجعية: Anti-Frizz، Kids Care، Kids Concerns، Kids Hair، Kids Shampoo.,https://alfouadpharmacies.com/en/products/the-hair-addict-kids-shampoo-250ml,AlFouad Pharmacies,Verify usage rights before commercial publication,غير مثبت,غير مثبت,مرجعي فقط — غير معتمد للنشر التجاري,بيانات مرجعية متاحة؛ يلزم تحقق PM,ضمن الفحص المبدئي
10569808118063,tola-baby-shampoo-250mloil-replac-150ml-off,شامبو توالا للأطفال 250 مل + زيت بديل 150 مل  (عرض خاص),AlFouad Pharmacies,العناية بالأطفال,العناية بالأطفال,1,بسيط,12929,349,104.7,244.3,,غير متاح لدى المصدر,https://cdn.shopify.com/s/files/1/0935/9550/0847/files/Tola-Baby-Shampoo-250mlOIL-Replac-150ml-Off.webp?v=1754298743,منتج شامبو توالا للأطفال 250 مل + زيت بديل 150 مل  (عرض خاص) من AlFouad Pharmacies. التصنيف المرجعي: العناية بالأطفال — بسيط. الوسوم المرجعية: Baby Care، Kids Care، Kids Concerns، Kids Offers.,https://alfouadpharmacies.com/en/products/tola-baby-shampoo-250mloil-replac-150ml-off,AlFouad Pharmacies,Verify usage rights before commercial publication,غير مثبت,غير مثبت,مرجعي فقط — غير معتمد للنشر التجاري,بيانات مرجعية متاحة؛ يلزم تحقق PM,ضمن الفحص المبدئي
10569895248175,jampj-baby-shampoo-200ml-sleep-time-lavander,شامبو جونسون آند جونسون للأطفال 200 مل وقت النوم باللافندر,J&J,العناية بالأطفال,العناية بالأطفال,1,بسيط,80287,105,31.5,73.5,,متاح لدى المصدر,https://cdn.shopify.com/s/files/1/0935/9550/0847/files/JJ-Baby-Shampoo-200-ml-Sleep-Time-Lavander.webp?v=1754298206,منتج شامبو جونسون آند جونسون للأطفال 200 مل وقت النوم باللافندر من J&J. التصنيف المرجعي: العناية بالأطفال — بسيط. الوسوم المرجعية: Baby Care، Kids Care، Kids Concerns، Kids Hair، Kids Shampoo.,https://alfouadpharmacies.com/en/products/jampj-baby-shampoo-200ml-sleep-time-lavander,AlFouad Pharmacies,Verify usage rights before commercial publication,غير مثبت,غير مثبت,مرجعي فقط — غير معتمد للنشر التجاري,بيانات مرجعية متاحة؛ يلزم تحقق PM,ضمن الفحص المبدئي
12689691050287,jampj-baby-shampoo-100ml-gold,شامبو جونسون للأطفال 100 مل ذهبي,J&J,العناية بالأطفال,العناية بالأطفال,1,بسيط,1702,60,18,42,,متاح لدى المصدر,https://cdn.shopify.com/s/files/1/0935/9550/0847/files/Johnsons_Baby_Shampoo_100ml_V2_1615x1615_a7cc969c-c562-4160-9323-b4b2443d8b6e.webp?v=1771846594,منتج شامبو جونسون للأطفال 100 مل ذهبي من J&J. التصنيف المرجعي: العناية بالأطفال — بسيط. الوسوم المرجعية: Baby Care، Kids Care، Kids Concerns، Kids Hair، Kids Shampoo.,https://alfouadpharmacies.com/en/products/jampj-baby-shampoo-100ml-gold,AlFouad Pharmacies,Verify usage rights before commercial publication,غير مثبت,غير مثبت,مرجعي فقط — غير معتمد للنشر التجاري,بيانات مرجعية متاحة؛ يلزم تحقق PM,ضمن الفحص المبدئي
12689691017519,jampj-baby-shampoo-200ml-gold,شامبو جونسون للأطفال 200 مل ذهبي,J&J,العناية بالأطفال,العناية بالأطفال,1,بسيط,99142,100,30,70,,متاح لدى المصدر,https://cdn.shopify.com/s/files/1/0935/9550/0847/files/Johnsons_Baby_Shampoo_200ml_1615x1615_ca3f1004-366f-43a9-b077-32dfdccb8f15.webp?v=1771846735,منتج شامبو جونسون للأطفال 200 مل ذهبي من J&J. التصنيف المرجعي: العناية بالأطفال — بسيط. الوسوم المرجعية: Baby Care، Kids Care، Kids Concerns، Kids Hair، Kids Shampoo.,https://alfouadpharmacies.com/en/products/jampj-baby-shampoo-200ml-gold,AlFouad Pharmacies,Verify usage rights before commercial publication,غير مثبت,غير مثبت,مرجعي فقط — غير معتمد للنشر التجاري,بيانات مرجعية متاحة؛ يلزم تحقق PM,ضمن الفحص المبدئي
12689690951983,jampj-baby-shampoo-500ml-gold,شامبو جونسون للأطفال ٥٠٠ مل ذهبي,J&J,العناية بالأطفال,العناية بالأطفال,1,بسيط,82558,190,57,133,,متاح لدى المصدر,https://cdn.shopify.com/s/files/1/0935/9550/0847/files/Johnsons_Baby_Shampoo_500ml_1615x1615_99d533ab-388f-4ba7-8a53-209228cca98a.webp?v=1771846642,منتج شامبو جونسون للأطفال ٥٠٠ مل ذهبي من J&J. التصنيف المرجعي: العناية بالأطفال — بسيط. الوسوم المرجعية: Baby Care، Kids Care، Kids Concerns، Kids Hair، Kids Shampoo.,https://alfouadpharmacies.com/en/products/jampj-baby-shampoo-500ml-gold,AlFouad Pharmacies,Verify usage rights before commercial publication,غير مثبت,غير مثبت,مرجعي فقط — غير معتمد للنشر التجاري,بيانات مرجعية متاحة؛ يلزم تحقق PM,ضمن الفحص المبدئي
10569895379247,jampj-baby-shampoo-750ml-off,شامبو جونسون للأطفال 750 مل (خصم),J&J,العناية بالأطفال,العناية بالأطفال,1,بسيط,18494,160,48,112,,غير متاح لدى المصدر,https://cdn.shopify.com/s/files/1/0935/9550/0847/files/JJ-Baby-Shampoo-750ML-Off.webp?v=1754298203,منتج شامبو جونسون للأطفال 750 مل (خصم) من J&J. التصنيف المرجعي: العناية بالأطفال — بسيط. الوسوم المرجعية: Baby Care، Kids Care، Kids Concerns، Kids Hair، Kids Shampoo.,https://alfouadpharmacies.com/en/products/jampj-baby-shampoo-750ml-off,AlFouad Pharmacies,Verify usage rights before commercial publication,غير مثبت,غير مثبت,مرجعي فقط — غير معتمد للنشر التجاري,بيانات مرجعية متاحة؛ يلزم تحقق PM,ضمن الفحص المبدئي
10569895313711,jampj-baby-shampoo-750ml-gold,شامبو جيه آند جيه بيبي 750 مل ذهبي,J&J,العناية بالأطفال,العناية بالأطفال,1,بسيط,81774,260,78,182,,متاح لدى المصدر,https://cdn.shopify.com/s/files/1/0935/9550/0847/files/JJ-Baby-Shampoo-750-ml-Gold.webp?v=1754298204,منتج شامبو جيه آند جيه بيبي 750 مل ذهبي من J&J. التصنيف المرجعي: العناية بالأطفال — بسيط. الوسوم المرجعية: Baby Care، Kids Care، Kids Concerns، Kids Hair، Kids Shampoo.,https://alfouadpharmacies.com/en/products/jampj-baby-shampoo-750ml-gold,AlFouad Pharmacies,Verify usage rights before commercial publication,غير مثبت,غير مثبت,مرجعي فقط — غير معتمد للنشر التجاري,بيانات مرجعية متاحة؛ يلزم تحقق PM,ضمن الفحص المبدئي
10569896132911,jampj-no-more-tangles-kids-shampoo-200ml,شامبو جيه آند جيه للأطفال بدون تشابك 200 مل,J&J,العناية بالأطفال,العناية بالأطفال,1,بسيط,1776,100,30,70,,متاح لدى المصدر,https://cdn.shopify.com/s/files/1/0935/9550/0847/files/JJ-No-More-Tangles-Kids-Shampoo-200ML.webp?v=1754298190,منتج شامبو جيه آند جيه للأطفال بدون تشابك 200 مل من J&J. التصنيف المرجعي: العناية بالأطفال — بسيط. الوسوم المرجعية: Baby Care، Kids Care، Kids Concerns، Kids Hair، Kids Shampoo.,https://alfouadpharmacies.com/en/products/jampj-no-more-tangles-kids-shampoo-200ml,AlFouad Pharmacies,Verify usage rights before commercial publication,غير مثبت,غير مثبت,مرجعي فقط — غير معتمد للنشر التجاري,بيانات مرجعية متاحة؛ يلزم تحقق PM,ضمن الفحص المبدئي
10569797206319,dermactive-baby-gentel-shampoo-500ml,شامبو ديرم اكتيف بيبي اللطيف 500 مل,DERMACTIVE,العناية بالأطفال,العناية بالأطفال,1,بسيط,14911,289,86.7,202.3,,متاح لدى المصدر,https://cdn.shopify.com/s/files/1/0935/9550/0847/files/Dermactive-Baby-Gentel-Shampoo-500ml.webp?v=1754298823,منتج شامبو ديرم اكتيف بيبي اللطيف 500 مل من DERMACTIVE. التصنيف المرجعي: العناية بالأطفال — بسيط. الوسوم المرجعية: Baby Care، Kids Care، Kids Concerns، Kids Hair، Kids Shampoo.,https://alfouadpharmacies.com/en/products/dermactive-baby-gentel-shampoo-500ml,AlFouad Pharmacies,Verify usage rights before commercial publication,غير مثبت,غير مثبت,مرجعي فقط — غير معتمد للنشر التجاري,بيانات مرجعية متاحة؛ يلزم تحقق PM,ضمن الفحص المبدئي
10569797042479,dermactive-baby-gentel-shampoo-250ml,شامبو ديرم اكتيف بيبي لطيف للأطفال 250 مل,DERMACTIVE,العناية بالأطفال,العناية بالأطفال,1,بسيط,14887,179,53.7,125.3,,متاح لدى المصدر,https://cdn.shopify.com/s/files/1/0935/9550/0847/files/Dermactive-Baby-Gentel-Shampoo-250ml.webp?v=1754298824,منتج شامبو ديرم اكتيف بيبي لطيف للأطفال 250 مل من DERMACTIVE. التصنيف المرجعي: العناية بالأطفال — بسيط. الوسوم المرجعية: Baby Care، Kids Care، Kids Concerns، Kids Hair، Kids Shampoo.,https://alfouadpharmacies.com/en/products/dermactive-baby-gentel-shampoo-250ml,AlFouad Pharmacies,Verify usage rights before commercial publication,غير مثبت,غير مثبت,مرجعي فقط — غير معتمد للنشر التجاري,بيانات مرجعية متاحة؛ يلزم تحقق PM,ضمن الفحص المبدئي
10569930670383,divol-kids-hairshea-butter-shampoo-450ml,شامبو ديفول للشعر بزبدة الشيا للأطفال 450 مل,AlFouad Pharmacies,العناية بالأطفال,العناية بالأطفال,1,بسيط,112463,260,78,182,,متاح لدى المصدر,https://cdn.shopify.com/s/files/1/0935/9550/0847/files/Divol-Kids-Hairshea-Butter-Shampoo-450ML.webp?v=1754297791,منتج شامبو ديفول للشعر بزبدة الشيا للأطفال 450 مل من AlFouad Pharmacies. التصنيف المرجعي: العناية بالأطفال — بسيط. الوسوم المرجعية: Anti-Frizz، Dry & Damage Hair، Kids Care، Kids Concerns، Kids Hair، Kids Shampoo.,https://alfouadpharmacies.com/en/products/divol-kids-hairshea-butter-shampoo-450ml,AlFouad Pharmacies,Verify usage rights before commercial publication,غير مثبت,غير مثبت,مرجعي فقط — غير معتمد للنشر التجاري,بيانات مرجعية متاحة؛ يلزم تحقق PM,ضمن الفحص المبدئي
10569800253743,penduline-baby-foam-shampoo-150ml,شامبو رغوي للأطفال من بيندولين 150 مل,Penduline,العناية بالأطفال,العناية بالأطفال,1,بسيط,98910,280,84,196,,متاح لدى المصدر,https://cdn.shopify.com/s/files/1/0935/9550/0847/files/Penduline-Baby-Foam-Shampoo-150ml.webp?v=1754298804,منتج شامبو رغوي للأطفال من بيندولين 150 مل من Penduline. التصنيف المرجعي: العناية بالأطفال — بسيط. الوسوم المرجعية: Baby Care، Kids Care، Kids Concerns، Kids Hair، Kids Shampoo.,https://alfouadpharmacies.com/en/products/penduline-baby-foam-shampoo-150ml,AlFouad Pharmacies,Verify usage rights before commercial publication,غير مثبت,غير مثبت,مرجعي فقط — غير معتمد للنشر التجاري,بيانات مرجعية متاحة؛ يلزم تحقق PM,ضمن الفحص المبدئي
10569927852335,vatika-baby-olive-shampoo-200ml,شامبو زيت الزيتون للأطفال من فتيکا 200 مل,AlFouad Pharmacies,العناية بالأطفال,العناية بالأطفال,1,بسيط,108456,47,14.1,32.9,,غير متاح لدى المصدر,https://cdn.shopify.com/s/files/1/0935/9550/0847/files/Vatika-Baby-Olive-Shampoo-200ML.webp?v=1754297807,منتج شامبو زيت الزيتون للأطفال من فتيکا 200 مل من AlFouad Pharmacies. التصنيف المرجعي: العناية بالأطفال — بسيط. الوسوم المرجعية: Baby Care، Kids Care، Kids Concerns، Kids Hair، Kids Shampoo.,https://alfouadpharmacies.com/en/products/vatika-baby-olive-shampoo-200ml,AlFouad Pharmacies,Verify usage rights before commercial publication,غير مثبت,غير مثبت,مرجعي فقط — غير معتمد للنشر التجاري,بيانات مرجعية متاحة؛ يلزم تحقق PM,ضمن الفحص المبدئي
10569806709039,super-kids-shampoo-sulfate-free-strawberry-300ml,شامبو سوبر كيدز الخالي من الكبريتات (الكرز) 300 مل,Super kids,العناية بالأطفال,العناية بالأطفال,1,بسيط,95478,150,45,105,,متاح لدى المصدر,https://cdn.shopify.com/s/files/1/0935/9550/0847/files/Super-Kids-Shampoo-Sulfate-Free-Strawberry-300ml.webp?v=1754298754,منتج شامبو سوبر كيدز الخالي من الكبريتات (الكرز) 300 مل من Super kids. التصنيف المرجعي: العناية بالأطفال — بسيط. الوسوم المرجعية: Kids Care، Kids Hair، Kids Shampoo، super kids.,https://alfouadpharmacies.com/en/products/super-kids-shampoo-sulfate-free-strawberry-300ml,AlFouad Pharmacies,Verify usage rights before commercial publication,غير مثبت,غير مثبت,مرجعي فقط — غير معتمد للنشر التجاري,بيانات مرجعية متاحة؛ يلزم تحقق PM,ضمن الفحص المبدئي
10569806971183,super-kids-shampoo-sulfate-free-greenapple-300ml,شامبو سوبر كيدز الخالي من الكبريتات (تفاحة خضراء) 300 مل,Super kids,العناية بالأطفال,العناية بالأطفال,1,بسيط,95476,150,45,105,,متاح لدى المصدر,https://cdn.shopify.com/s/files/1/0935/9550/0847/files/Super-Kids-Shampoo-Sulfate-Free-Greenapple-300ml.webp?v=1754298752,منتج شامبو سوبر كيدز الخالي من الكبريتات (تفاحة خضراء) 300 مل من Super kids. التصنيف المرجعي: العناية بالأطفال — بسيط. الوسوم المرجعية: Kids Care، Kids Hair، Kids Shampoo، super kids.,https://alfouadpharmacies.com/en/products/super-kids-shampoo-sulfate-free-greenapple-300ml,AlFouad Pharmacies,Verify usage rights before commercial publication,غير مثبت,غير مثبت,مرجعي فقط — غير معتمد للنشر التجاري,بيانات مرجعية متاحة؛ يلزم تحقق PM,ضمن الفحص المبدئي
10569807167791,super-kids-curly-shampoo-300ml,شامبو سوبر كيدز للذين يمتلكون شعر مجعد 300 مل,Super kids,العناية بالأطفال,العناية بالأطفال,1,بسيط,103889,180,54,126,,متاح لدى المصدر,https://cdn.shopify.com/s/files/1/0935/9550/0847/files/Super-Kids-Curly-Shampoo-300ml.webp?v=1754298750,منتج شامبو سوبر كيدز للذين يمتلكون شعر مجعد 300 مل من Super kids. التصنيف المرجعي: العناية بالأطفال — بسيط. الوسوم المرجعية: Anti-Frizz، Curly Hair، Curly Shmapoo، Kids Care، Kids Concerns، super kids.,https://alfouadpharmacies.com/en/products/super-kids-curly-shampoo-300ml,AlFouad Pharmacies,Verify usage rights before commercial publication,غير مثبت,غير مثبت,مرجعي فقط — غير معتمد للنشر التجاري,بيانات مرجعية متاحة؛ يلزم تحقق PM,ضمن الفحص المبدئي
10569800515887,penduline-kids-moringa-hair-shampoo-300ml,شامبو شعر الأطفال من بيندولين، مغذي بزيت المورينغا، 300 مل,Penduline,العناية بالأطفال,العناية بالأطفال,1,بسيط,92018,230,69,161,,متاح لدى المصدر,https://cdn.shopify.com/s/files/1/0935/9550/0847/files/Penduline-Kids-Moringa-Hair-Shampoo-300ml.webp?v=1754298802,منتج شامبو شعر الأطفال من بيندولين، مغذي بزيت المورينغا، 300 مل من Penduline. التصنيف المرجعي: العناية بالأطفال — بسيط. الوسوم المرجعية: Kids Care، Kids Hair، Kids Shampoo.,https://alfouadpharmacies.com/en/products/penduline-kids-moringa-hair-shampoo-300ml,AlFouad Pharmacies,Verify usage rights before commercial publication,غير مثبت,غير مثبت,مرجعي فقط — غير معتمد للنشر التجاري,بيانات مرجعية متاحة؛ يلزم تحقق PM,ضمن الفحص المبدئي
10569799369007,penduline-kids-curly-shea-butter-shampoo-300ml,شامبو شيا بوتّر للذين ذوي الشعر المجعد من بيندولين للأطفال 300 مل,Penduline,العناية بالأطفال,العناية بالأطفال,1,بسيط,28845,230,69,161,,متاح لدى المصدر,https://cdn.shopify.com/s/files/1/0935/9550/0847/files/Penduline-Kids-Curly-Shea-Butter-Shampoo-300ml.webp?v=1754298809,منتج شامبو شيا بوتّر للذين ذوي الشعر المجعد من بيندولين للأطفال 300 مل من Penduline. التصنيف المرجعي: العناية بالأطفال — بسيط. الوسوم المرجعية: Curly Hair، Curly Shmapoo، Kids Care.,https://alfouadpharmacies.com/en/products/penduline-kids-curly-shea-butter-shampoo-300ml,AlFouad Pharmacies,Verify usage rights before commercial publication,غير مثبت,غير مثبت,مرجعي فقط — غير معتمد للنشر التجاري,بيانات مرجعية متاحة؛ يلزم تحقق PM,ضمن الفحص المبدئي
10569802285359,mustela-baby-shampoo-200-ml,شامبو موستيلا للأطفال 200 مل,Mustela,العناية بالأطفال,العناية بالأطفال,1,بسيط,13771,609,182.7,426.3,,متاح لدى المصدر,https://cdn.shopify.com/s/files/1/0935/9550/0847/files/Mustela-Baby-Shampoo-200-ml.webp?v=1754298791,منتج شامبو موستيلا للأطفال 200 مل من Mustela. التصنيف المرجعي: العناية بالأطفال — بسيط. الوسوم المرجعية: Baby Care، Kids Care، Kids Concerns، Kids Hair، Kids Shampoo.,https://alfouadpharmacies.com/en/products/mustela-baby-shampoo-200-ml,AlFouad Pharmacies,Verify usage rights before commercial publication,غير مثبت,غير مثبت,مرجعي فقط — غير معتمد للنشر التجاري,بيانات مرجعية متاحة؛ يلزم تحقق PM,ضمن الفحص المبدئي
10569802481967,mustela-foam-shampoo-newborn-150-ml,شامبو موسيتلا الرغوي للرضع 150 مل,Mustela,العناية بالأطفال,العناية بالأطفال,1,بسيط,13614,915,274.5,640.5,,متاح لدى المصدر,https://cdn.shopify.com/s/files/1/0935/9550/0847/files/Mustela-Foam-Shampoo-Newborn-150-ml.webp?v=1754298789,منتج شامبو موسيتلا الرغوي للرضع 150 مل من Mustela. التصنيف المرجعي: العناية بالأطفال — بسيط. الوسوم المرجعية: Baby Care، Dandruff، Kids Care، Kids Concerns، Kids Hair، Kids Shampoo.,https://alfouadpharmacies.com/en/products/mustela-foam-shampoo-newborn-150-ml,AlFouad Pharmacies,Verify usage rights before commercial publication,غير مثبت,غير مثبت,مرجعي فقط — غير معتمد للنشر التجاري,بيانات مرجعية متاحة؛ يلزم تحقق PM,ضمن الفحص المبدئي
10569806446895,شامبو-وبلسم-سوبر-كيدز-2-في-1-للأطفال-برائحة-التوت-الأزرق-500-مل,شامبو وبلسم سوبر كيدز 2 في 1 للأطفال برائحة التوت الأزرق 500 مل,Super kids,العناية بالأطفال,العناية بالأطفال,1,شامبو وبلسم ,17829,220,66,154,,متاح لدى المصدر,https://cdn.shopify.com/s/files/1/0935/9550/0847/files/super_kids_2in1_shampoo_conditioner_blueberry_foam_1615x1615_d1f161c9-a6a5-498a-9a8f-46159ab2a3ca.webp?v=1787051089,منتج شامبو وبلسم سوبر كيدز 2 في 1 للأطفال برائحة التوت الأزرق 500 مل من Super kids. التصنيف المرجعي: العناية بالأطفال — شامبو وبلسم . الوسوم المرجعية: Kids Care، Kids Conditioner، Kids Hair، Kids Shampoo، super kids.,https://alfouadpharmacies.com/en/products/شامبو-وبلسم-سوبر-كيدز-2-في-1-للأطفال-برائحة-التوت-الأزرق-500-مل,AlFouad Pharmacies,Verify usage rights before commercial publication,غير مثبت,غير مثبت,مرجعي فقط — غير معتمد للنشر التجاري,بيانات مرجعية متاحة؛ يلزم تحقق PM,ضمن الفحص المبدئي
12689512923439,sanosan-shower-shampoo-strawberry-400ml,شامبو وجل استحمام سانوسان برائحة الفراولة 400 مل,baby joy,العناية بالأطفال,العناية بالأطفال,1,,96091,450.9,135.27,315.63,,متاح لدى المصدر,https://cdn.shopify.com/s/files/1/0935/9550/0847/files/Sanosan_Kids_2in1_Strawberry_1615x1615_df3c1441-170f-4c2f-a29f-c67c67c06ff4.webp?v=1771840170,منتج شامبو وجل استحمام سانوسان برائحة الفراولة 400 مل من baby joy. التصنيف المرجعي: العناية بالأطفال. الوسوم المرجعية: Baby Care، Kids Care، Kids Shampoo، Kids Shower.,https://alfouadpharmacies.com/en/products/sanosan-shower-shampoo-strawberry-400ml,AlFouad Pharmacies,Verify usage rights before commercial publication,غير مثبت,غير مثبت,مرجعي فقط — غير معتمد للنشر التجاري,بيانات مرجعية متاحة؛ يلزم تحقق PM,ضمن الفحص المبدئي
12689513185583,sanosan-bath-shampoo-peach-200ml,شامبو وغسول للجسم برائحة الخوخ من سانوسان، 200 مل,Sanosan,العناية بالأطفال,العناية بالأطفال,1,Shampoo,20307,302.9,90.87,212.03,,متاح لدى المصدر,https://cdn.shopify.com/s/files/1/0935/9550/0847/files/Gemini_Generated_Image_pwss15pwss15pwss.webp?v=1789633762,منتج شامبو وغسول للجسم برائحة الخوخ من سانوسان، 200 مل من Sanosan. التصنيف المرجعي: العناية بالأطفال — Shampoo. الوسوم المرجعية: Baby Care، Kids Care، Kids Shampoo.,https://alfouadpharmacies.com/en/products/sanosan-bath-shampoo-peach-200ml,AlFouad Pharmacies,Verify usage rights before commercial publication,غير مثبت,غير مثبت,مرجعي فقط — غير معتمد للنشر التجاري,بيانات مرجعية متاحة؛ يلزم تحقق PM,ضمن الفحص المبدئي
12689441128751,lucky-owl-bath-shampoo-200ml,شامبو وغسول للجسم من لاكي أول، 200 مل,LUCKY OWL,العناية بالأطفال,العناية بالأطفال,1,,115209,260,78,182,,متاح لدى المصدر,https://cdn.shopify.com/s/files/1/0935/9550/0847/files/LUCKYOWLBATH_SHAMPOO200ML.webp?v=1772099837,منتج شامبو وغسول للجسم من لاكي أول، 200 مل من LUCKY OWL. التصنيف المرجعي: العناية بالأطفال. الوسوم المرجعية: Kids Care، Kids Shampoo، Kids Shower.,https://alfouadpharmacies.com/en/products/lucky-owl-bath-shampoo-200ml,AlFouad Pharmacies,Verify usage rights before commercial publication,غير مثبت,غير مثبت,مرجعي فقط — غير معتمد للنشر التجاري,بيانات مرجعية متاحة؛ يلزم تحقق PM,ضمن الفحص المبدئي
10569806119215,super-kids-shamp-conditioner-bath-3-in-1-strawberry-500ml,شامبو، بلسم، وحمام للأطفال سوبر كيدز 3 في 1 (مشمش) 500 مل,Super kids,العناية بالأطفال,العناية بالأطفال,1,بسيط,82755,230,69,161,,متاح لدى المصدر,https://cdn.shopify.com/s/files/1/0935/9550/0847/files/Super-Kids-Shamp-Conditioner-Bath-3-in-1-Strawberry-500ml.webp?v=1754298758,منتج شامبو، بلسم، وحمام للأطفال سوبر كيدز 3 في 1 (مشمش) 500 مل من Super kids. التصنيف المرجعي: العناية بالأطفال — بسيط. الوسوم المرجعية: Kids Care، Kids Conditioner، Kids Hair، Kids Shampoo، Kids Shower، super kids.,https://alfouadpharmacies.com/en/products/super-kids-shamp-conditioner-bath-3-in-1-strawberry-500ml,AlFouad Pharmacies,Verify usage rights before commercial publication,غير مثبت,غير مثبت,مرجعي فقط — غير معتمد للنشر التجاري,بيانات مرجعية متاحة؛ يلزم تحقق PM,ضمن الفحص المبدئي
10569895412015,jampj-baby-soap-125gm-white,صابون جونسون للأطفال 125 غرام (أبيض),J&J,العناية بالأطفال,العناية بالأطفال,1,بسيط,1736,40,12,28,,غير متاح لدى المصدر,https://cdn.shopify.com/s/files/1/0935/9550/0847/files/JJ-Baby-Soap-125GM-White.webp?v=1754298203,منتج صابون جونسون للأطفال 125 غرام (أبيض) من J&J. التصنيف المرجعي: العناية بالأطفال — بسيط. الوسوم المرجعية: Baby Care، Kids Care، Kids Concerns، Kids Shower.,https://alfouadpharmacies.com/en/products/jampj-baby-soap-125gm-white,AlFouad Pharmacies,Verify usage rights before commercial publication,غير مثبت,غير مثبت,مرجعي فقط — غير معتمد للنشر التجاري,بيانات مرجعية متاحة؛ يلزم تحقق PM,ضمن الفحص المبدئي
10569897345327,jampj-baby-shampoo-750mlcond-300ml-offer,عرض شامبو جونسون للأطفال 750 مل + بلسم 300 مل,J&J,العناية بالأطفال,العناية بالأطفال,1,بسيط,83329,244,73.2,170.8,,غير متاح لدى المصدر,https://cdn.shopify.com/s/files/1/0935/9550/0847/files/JJ-Baby-Shampoo-750MLCOND-300ML-Offer.webp?v=1754298176,منتج عرض شامبو جونسون للأطفال 750 مل + بلسم 300 مل من J&J. التصنيف المرجعي: العناية بالأطفال — بسيط. الوسوم المرجعية: Baby Care، Kids Care، Kids Concerns، Kids Offers.,https://alfouadpharmacies.com/en/products/jampj-baby-shampoo-750mlcond-300ml-offer,AlFouad Pharmacies,Verify usage rights before commercial publication,غير مثبت,غير مثبت,مرجعي فقط — غير معتمد للنشر التجاري,بيانات مرجعية متاحة؛ يلزم تحقق PM,ضمن الفحص المبدئي
10569797304623,dermactive-baby-head-to-toe-wash-250ml,غسول ديرم اكتيف للجسم والشعر للأطفال 250 مل,DERMACTIVE,العناية بالأطفال,العناية بالأطفال,1,بسيط,14875,179,53.7,125.3,,متاح لدى المصدر,https://cdn.shopify.com/s/files/1/0935/9550/0847/files/Dermactive-Baby-Head-to-Toe-Wash-250ml.webp?v=1754298822,منتج غسول ديرم اكتيف للجسم والشعر للأطفال 250 مل من DERMACTIVE. التصنيف المرجعي: العناية بالأطفال — بسيط. الوسوم المرجعية: Baby Care، Kids Care، Kids Concerns، Kids Shower.,https://alfouadpharmacies.com/en/products/dermactive-baby-head-to-toe-wash-250ml,AlFouad Pharmacies,Verify usage rights before commercial publication,غير مثبت,غير مثبت,مرجعي فقط — غير معتمد للنشر التجاري,بيانات مرجعية متاحة؛ يلزم تحقق PM,ضمن الفحص المبدئي
10569796878639,dermactive-baby-head-to-toe-wash-500ml,غسول ديرم اكتيف للجسم والشعر للأطفال 500 مل,DERMACTIVE,العناية بالأطفال,العناية بالأطفال,1,بسيط,14858,289,86.7,202.3,,متاح لدى المصدر,https://cdn.shopify.com/s/files/1/0935/9550/0847/files/Dermactive-Baby-Head-to-Toe-Wash-500ml.webp?v=1754298826,منتج غسول ديرم اكتيف للجسم والشعر للأطفال 500 مل من DERMACTIVE. التصنيف المرجعي: العناية بالأطفال — بسيط. الوسوم المرجعية: Baby Care، Kids Care، Kids Concerns، Kids Shower.,https://alfouadpharmacies.com/en/products/dermactive-baby-head-to-toe-wash-500ml,AlFouad Pharmacies,Verify usage rights before commercial publication,غير مثبت,غير مثبت,مرجعي فقط — غير معتمد للنشر التجاري,بيانات مرجعية متاحة؛ يلزم تحقق PM,ضمن الفحص المبدئي
10569927524655,vaseline-petroleum-jelly-250ml-baby,فازلين جل بترولي 250 مل للأطفال,Vaseline,العناية بالأطفال,العناية بالأطفال,1,بسيط,20015,228,68.4,159.6,,متاح لدى المصدر,https://cdn.shopify.com/s/files/1/0935/9550/0847/files/Vaseline-Petroleum-Jelly-250ML-Baby.webp?v=1754297809,منتج فازلين جل بترولي 250 مل للأطفال من Vaseline. التصنيف المرجعي: العناية بالأطفال — بسيط. الوسوم المرجعية: Kids Care، Kids Concerns، Kids Dry Skin.,https://alfouadpharmacies.com/en/products/vaseline-petroleum-jelly-250ml-baby,AlFouad Pharmacies,Verify usage rights before commercial publication,غير مثبت,غير مثبت,مرجعي فقط — غير معتمد للنشر التجاري,بيانات مرجعية متاحة؛ يلزم تحقق PM,ضمن الفحص المبدئي
10569799303471,penduline-kids-hair-mask-300ml,قناع شعر الأطفال من بيندولين 300 مل,Penduline,العناية بالأطفال,العناية بالأطفال,1,بسيط,85706,255,76.5,178.5,,متاح لدى المصدر,https://cdn.shopify.com/s/files/1/0935/9550/0847/files/Penduline-Kids-Hair-Mask-300ml.webp?v=1754298810,منتج قناع شعر الأطفال من بيندولين 300 مل من Penduline. التصنيف المرجعي: العناية بالأطفال — بسيط. الوسوم المرجعية: Dry & Damage Hair، Kids Care، Kids Concerns، Kids Hair، Kids Hair Mask.,https://alfouadpharmacies.com/en/products/penduline-kids-hair-mask-300ml,AlFouad Pharmacies,Verify usage rights before commercial publication,غير مثبت,غير مثبت,مرجعي فقط — غير معتمد للنشر التجاري,بيانات مرجعية متاحة؛ يلزم تحقق PM,ضمن الفحص المبدئي
10569806512431,super-kids-hair-mask-300ml,قناع شعر سوبر كيدز 300 مل,Super kids,العناية بالأطفال,العناية بالأطفال,1,بسيط,5800,150,45,105,,متاح لدى المصدر,https://cdn.shopify.com/s/files/1/0935/9550/0847/files/Super-Kids-Hair-Mask-300ml.webp?v=1754298755,منتج قناع شعر سوبر كيدز 300 مل من Super kids. التصنيف المرجعي: العناية بالأطفال — بسيط. الوسوم المرجعية: Kids Care، Kids Hair، Kids Hair Mask، super kids.,https://alfouadpharmacies.com/en/products/super-kids-hair-mask-300ml,AlFouad Pharmacies,Verify usage rights before commercial publication,غير مثبت,غير مثبت,مرجعي فقط — غير معتمد للنشر التجاري,بيانات مرجعية متاحة؛ يلزم تحقق PM,ضمن الفحص المبدئي
10569799696687,penduline-kids-curly-hair-mask-450ml,قناع شعر مجعد للأطفال من بيندولين 450 مل,Penduline,العناية بالأطفال,العناية بالأطفال,1,بسيط,10877,299,89.7,209.3,,متاح لدى المصدر,https://cdn.shopify.com/s/files/1/0935/9550/0847/files/Penduline-Kids-Curly-Hair-Mask-450ml.webp?v=1754298807,منتج قناع شعر مجعد للأطفال من بيندولين 450 مل من Penduline. التصنيف المرجعي: العناية بالأطفال — بسيط. الوسوم المرجعية: Anti-Frizz، Curly Hair، Curly Hair Mask، Dry & Damage Hair، Kids Care، Kids Concerns.,https://alfouadpharmacies.com/en/products/penduline-kids-curly-hair-mask-450ml,AlFouad Pharmacies,Verify usage rights before commercial publication,غير مثبت,غير مثبت,مرجعي فقط — غير معتمد للنشر التجاري,بيانات مرجعية متاحة؛ يلزم تحقق PM,ضمن الفحص المبدئي
10569797730607,eva-bebe-shower-cream-200ml,كريم استحمام إيفا بيبي 200 مل,AlFouad Pharmacies,العناية بالأطفال,العناية بالأطفال,1,بسيط,110995,90,27,63,,غير متاح لدى المصدر,https://cdn.shopify.com/s/files/1/0935/9550/0847/files/Eva-Bebe-Shower-Cream-200ml.webp?v=1754298819,منتج كريم استحمام إيفا بيبي 200 مل من AlFouad Pharmacies. التصنيف المرجعي: العناية بالأطفال — بسيط. الوسوم المرجعية: Baby Care، Kids Care، Kids Concerns، Kids Shower.,https://alfouadpharmacies.com/en/products/eva-bebe-shower-cream-200ml,AlFouad Pharmacies,Verify usage rights before commercial publication,غير مثبت,غير مثبت,مرجعي فقط — غير معتمد للنشر التجاري,بيانات مرجعية متاحة؛ يلزم تحقق PM,ضمن الفحص المبدئي
10569895510319,jampj-body-care-cream-100ml-glycerin,كريم العناية بالجسم من جونسون آند جونسون، 100 مل، جلسرين,J&J,العناية بالأطفال,العناية بالأطفال,1,بسيط,22883,75,22.5,52.5,,متاح لدى المصدر,https://cdn.shopify.com/s/files/1/0935/9550/0847/files/JJ-Body-Care-Cream-100-ml-Glycerin.webp?v=1754298201,منتج كريم العناية بالجسم من جونسون آند جونسون، 100 مل، جلسرين من J&J. التصنيف المرجعي: العناية بالأطفال — بسيط. الوسوم المرجعية: Baby Care، Kids Care، Kids Concerns، Kids Dry Skin، Kids Moisturizer.,https://alfouadpharmacies.com/en/products/jampj-body-care-cream-100ml-glycerin,AlFouad Pharmacies,Verify usage rights before commercial publication,غير مثبت,غير مثبت,مرجعي فقط — غير معتمد للنشر التجاري,بيانات مرجعية متاحة؛ يلزم تحقق PM,ضمن الفحص المبدئي
10569895543087,jampj-body-care-cream-100ml-all-skin-type,كريم العناية بالجسم من جيه آند جيه 100 مل (لجميع أنواع البشرة),J&J,العناية بالأطفال,العناية بالأطفال,1,بسيط,1774,75,22.5,52.5,,متاح لدى المصدر,https://cdn.shopify.com/s/files/1/0935/9550/0847/files/JJ-Body-Care-Cream-100ML-All-Skin-Type.webp?v=1754298201,منتج كريم العناية بالجسم من جيه آند جيه 100 مل (لجميع أنواع البشرة) من J&J. التصنيف المرجعي: العناية بالأطفال — بسيط. الوسوم المرجعية: Baby Care، Kids Care، Kids Concerns، Kids Dry Skin، Kids Moisturizer.,https://alfouadpharmacies.com/en/products/jampj-body-care-cream-100ml-all-skin-type,AlFouad Pharmacies,Verify usage rights before commercial publication,غير مثبت,غير مثبت,مرجعي فقط — غير معتمد للنشر التجاري,بيانات مرجعية متاحة؛ يلزم تحقق PM,ضمن الفحص المبدئي
10569805398319,penduline-bi-panthenol-cream-75ml,كريم بيندولين بي بانثينول 75 مل,Penduline,العناية بالأطفال,العناية بالأطفال,1,بسيط,17568,120,36,84,,غير متاح لدى المصدر,https://cdn.shopify.com/s/files/1/0935/9550/0847/files/Penduline-Bi-Panthenol-Cream-75ml.webp?v=1754298763,منتج كريم بيندولين بي بانثينول 75 مل من Penduline. التصنيف المرجعي: العناية بالأطفال — بسيط. الوسوم المرجعية: Kids Care، Kids Concerns، Kids Dry Skin، Kids Moisturizer.,https://alfouadpharmacies.com/en/products/penduline-bi-panthenol-cream-75ml,AlFouad Pharmacies,Verify usage rights before commercial publication,غير مثبت,غير مثبت,مرجعي فقط — غير معتمد للنشر التجاري,بيانات مرجعية متاحة؛ يلزم تحقق PM,ضمن الفحص المبدئي
10569798779183,penduline-wavy-hair-cream-150ml,كريم تصفيف الشعر المجعد بيندولين 150 مل,Penduline,العناية بالأطفال,العناية بالأطفال,1,بسيط,21522,179,53.7,125.3,,غير متاح لدى المصدر,https://cdn.shopify.com/s/files/1/0935/9550/0847/files/Penduline-Wavy-Hair-Cream-150ml.webp?v=1754298812,منتج كريم تصفيف الشعر المجعد بيندولين 150 مل من Penduline. التصنيف المرجعي: العناية بالأطفال — بسيط. الوسوم المرجعية: Anti-Frizz، Kids Care، Kids Concerns، Kids Hair، Kids Hair Cream.,https://alfouadpharmacies.com/en/products/penduline-wavy-hair-cream-150ml,AlFouad Pharmacies,Verify usage rights before commercial publication,غير مثبت,غير مثبت,مرجعي فقط — غير معتمد للنشر التجاري,بيانات مرجعية متاحة؛ يلزم تحقق PM,ضمن الفحص المبدئي
10569808216367,tola-kids-curly-leave-in-cream-120ml-11-off,كريم تويلا للأطفال لتصفيف الشعر المجعد 120 مل، عرض 1+1,AlFouad Pharmacies,العناية بالأطفال,العناية بالأطفال,1,بسيط,9569,349,104.7,244.3,,غير متاح لدى المصدر,https://cdn.shopify.com/s/files/1/0935/9550/0847/files/Tola-Kids-Curly-Leave-in-Cream-120ml-11-Off.webp?v=1754298743,منتج كريم تويلا للأطفال لتصفيف الشعر المجعد 120 مل، عرض 1+1 من AlFouad Pharmacies. التصنيف المرجعي: العناية بالأطفال — بسيط. الوسوم المرجعية: Anti-Frizz، Kids Care، Kids Concerns، Kids Offers.,https://alfouadpharmacies.com/en/products/tola-kids-curly-leave-in-cream-120ml-11-off,AlFouad Pharmacies,Verify usage rights before commercial publication,غير مثبت,غير مثبت,مرجعي فقط — غير معتمد للنشر التجاري,بيانات مرجعية متاحة؛ يلزم تحقق PM,ضمن الفحص المبدئي
10569797533999,dermactive-baby-delicate-soothing-cream-75ml,كريم ديرم اكتيف بيبي ديلكات المطري 75 مل,DERMACTIVE,العناية بالأطفال,العناية بالأطفال,1,بسيط,14886,119,35.7,83.3,,متاح لدى المصدر,https://cdn.shopify.com/s/files/1/0935/9550/0847/files/Dermactive-Baby-Delicate-Soothing-Cream-75ml.webp?v=1754298821,منتج كريم ديرم اكتيف بيبي ديلكات المطري 75 مل من DERMACTIVE. التصنيف المرجعي: العناية بالأطفال — بسيط. الوسوم المرجعية: Baby Care، Kids Care، Kids Concerns، Kids Dry Skin، Kids Moisturizer.,https://alfouadpharmacies.com/en/products/dermactive-baby-delicate-soothing-cream-75ml,AlFouad Pharmacies,Verify usage rights before commercial publication,غير مثبت,غير مثبت,مرجعي فقط — غير معتمد للنشر التجاري,بيانات مرجعية متاحة؛ يلزم تحقق PM,ضمن الفحص المبدئي
10569798418735,penduline-kids-hair-cream-150ml,كريم شعر الأطفال بيندولين 150 مل,Penduline,العناية بالأطفال,العناية بالأطفال,1,بسيط,118040,179,53.7,125.3,,متاح لدى المصدر,https://cdn.shopify.com/s/files/1/0935/9550/0847/files/Penduline-Kids-Hair-Cream-150ml.webp?v=1754298814,منتج كريم شعر الأطفال بيندولين 150 مل من Penduline. التصنيف المرجعي: العناية بالأطفال — بسيط. الوسوم المرجعية: Dry & Damage Hair، Kids Care، Kids Concerns، Kids Hair، Kids Hair Cream.,https://alfouadpharmacies.com/en/products/penduline-kids-hair-cream-150ml,AlFouad Pharmacies,Verify usage rights before commercial publication,غير مثبت,غير مثبت,مرجعي فقط — غير معتمد للنشر التجاري,بيانات مرجعية متاحة؛ يلزم تحقق PM,ضمن الفحص المبدئي
10569806020911,super-kids-baby-hair-cream-200ml,كريم شعر الأطفال سوبر كيدز 200 مل,Super kids,العناية بالأطفال,العناية بالأطفال,1,بسيط,4825,145,43.5,101.5,,متاح لدى المصدر,https://cdn.shopify.com/s/files/1/0935/9550/0847/files/Super-Kids-Baby-Hair-Cream-200ml.webp?v=1754298760,منتج كريم شعر الأطفال سوبر كيدز 200 مل من Super kids. التصنيف المرجعي: العناية بالأطفال — بسيط. الوسوم المرجعية: Anti-Frizz، Dry & Damage Hair، Kids Care، Kids Concerns، Kids Hair، Kids Hair Cream، super kids.,https://alfouadpharmacies.com/en/products/super-kids-baby-hair-cream-200ml,AlFouad Pharmacies,Verify usage rights before commercial publication,غير مثبت,غير مثبت,مرجعي فقط — غير معتمد للنشر التجاري,بيانات مرجعية متاحة؛ يلزم تحقق PM,ضمن الفحص المبدئي
10569798484271,penduline-kids-shea-hair-cream-150ml,كريم شعر شيا من بيندولين للأطفال 150 مل,Penduline,العناية بالأطفال,العناية بالأطفال,1,بسيط,83297,165,49.5,115.5,,غير متاح لدى المصدر,https://cdn.shopify.com/s/files/1/0935/9550/0847/files/Penduline-Kids-Shea-Hair-Cream-150ml.webp?v=1754298814,منتج كريم شعر شيا من بيندولين للأطفال 150 مل من Penduline. التصنيف المرجعي: العناية بالأطفال — بسيط. الوسوم المرجعية: Anti-Frizz، Curly Hair، Curly Hair Cream، Dry & Damage Hair، Kids Care، Kids Concerns.,https://alfouadpharmacies.com/en/products/penduline-kids-shea-hair-cream-150ml,AlFouad Pharmacies,Verify usage rights before commercial publication,غير مثبت,غير مثبت,مرجعي فقط — غير معتمد للنشر التجاري,بيانات مرجعية متاحة؛ يلزم تحقق PM,ضمن الفحص المبدئي
10569805234479,penduline-baby-antidandruff-hair-cream-150ml,كريم شعر مضاد للقشرة للرضع من بيندولين 150 مل,Penduline,العناية بالأطفال,العناية بالأطفال,1,بسيط,10239,179,53.7,125.3,,متاح لدى المصدر,https://cdn.shopify.com/s/files/1/0935/9550/0847/files/Penduline-Baby-Antidandruff-Hair-Cream-150ml.webp?v=1754298764,منتج كريم شعر مضاد للقشرة للرضع من بيندولين 150 مل من Penduline. التصنيف المرجعي: العناية بالأطفال — بسيط. الوسوم المرجعية: Baby Care، Kids Care، Kids Concerns، Kids Hair، Kids Hair Cream.,https://alfouadpharmacies.com/en/products/penduline-baby-antidandruff-hair-cream-150ml,AlFouad Pharmacies,Verify usage rights before commercial publication,غير مثبت,غير مثبت,مرجعي فقط — غير معتمد للنشر التجاري,بيانات مرجعية متاحة؛ يلزم تحقق PM,ضمن الفحص المبدئي
10569800089903,penduline-kids-moringa-hair-cream-150ml,كريم شعر مورينغا للأطفال من بيندولين 150 مل,Penduline,العناية بالأطفال,العناية بالأطفال,1,بسيط,21631,185,55.5,129.5,,متاح لدى المصدر,https://cdn.shopify.com/s/files/1/0935/9550/0847/files/Penduline-Kids-Moringa-Hair-Cream-150ml.webp?v=1754298805,منتج كريم شعر مورينغا للأطفال من بيندولين 150 مل من Penduline. التصنيف المرجعي: العناية بالأطفال — بسيط. الوسوم المرجعية: Anti-Frizz، Kids Care، Kids Concerns، Kids Hair، Kids Hair Cream.,https://alfouadpharmacies.com/en/products/penduline-kids-moringa-hair-cream-150ml,AlFouad Pharmacies,Verify usage rights before commercial publication,غير مثبت,غير مثبت,مرجعي فقط — غير معتمد للنشر التجاري,بيانات مرجعية متاحة؛ يلزم تحقق PM,ضمن الفحص المبدئي
12689564696879,luna-sun-kids-cream-spf50-after-sun-130ml-off,كريم لونا صن للأطفال بعامل حماية من الشمس 50+، متوفر بحجم 130 مل.,AlFouad Pharmacies,العناية بالأطفال,العناية بالأطفال,1,,113505,325,97.5,227.5,,متاح لدى المصدر,https://cdn.shopify.com/s/files/1/0935/9550/0847/files/Luna_Sun_Kids_SPF50_1615x1615_df153efa-3e6c-44b2-8527-3f4962f86aed.webp?v=1772274216,منتج كريم لونا صن للأطفال بعامل حماية من الشمس 50+، متوفر بحجم 130 مل. من AlFouad Pharmacies. التصنيف المرجعي: العناية بالأطفال. الوسوم المرجعية: Kids Sunscreen، Sunscreen.,https://alfouadpharmacies.com/en/products/luna-sun-kids-cream-spf50-after-sun-130ml-off,AlFouad Pharmacies,Verify usage rights before commercial publication,غير مثبت,غير مثبت,مرجعي فقط — غير معتمد للنشر التجاري,بيانات مرجعية متاحة؛ يلزم تحقق PM,ضمن الفحص المبدئي
10569802350895,mustela-cradle-cap-cream-40ml,كريم موستيلا لعلاج قشرة الرأس 40 مل,Mustela,العناية بالأطفال,العناية بالأطفال,1,بسيط,94698,669,200.7,468.3,,متاح لدى المصدر,https://cdn.shopify.com/s/files/1/0935/9550/0847/files/Mustela-Cradle-Cap-Cream-40ML.webp?v=1754298790,منتج كريم موستيلا لعلاج قشرة الرأس 40 مل من Mustela. التصنيف المرجعي: العناية بالأطفال — بسيط. الوسوم المرجعية: Dandruff، Kids Care، Kids Concerns، Kids Hair، Kids Hair Cream.,https://alfouadpharmacies.com/en/products/mustela-cradle-cap-cream-40ml,AlFouad Pharmacies,Verify usage rights before commercial publication,غير مثبت,غير مثبت,مرجعي فقط — غير معتمد للنشر التجاري,بيانات مرجعية متاحة؛ يلزم تحقق PM,ضمن الفحص المبدئي
10569805103407,penduline-baby-cologen-100ml-soft-touch,كولونيا بيندولين للأطفال 100 مل، لمسة ناعمة,Penduline,العناية بالأطفال,العناية بالأطفال,1,بسيط,21505,119,35.7,83.3,,غير متاح لدى المصدر,https://cdn.shopify.com/s/files/1/0935/9550/0847/files/Penduline-Baby-Cologen-100ml-Soft-Touch.webp?v=1754298764,منتج كولونيا بيندولين للأطفال 100 مل، لمسة ناعمة من Penduline. التصنيف المرجعي: العناية بالأطفال — بسيط. الوسوم المرجعية: Baby Care، Kids Care، Kids Concerns، Kids Deodorant.,https://alfouadpharmacies.com/en/products/penduline-baby-cologen-100ml-soft-touch,AlFouad Pharmacies,Verify usage rights before commercial publication,غير مثبت,غير مثبت,مرجعي فقط — غير معتمد للنشر التجاري,بيانات مرجعية متاحة؛ يلزم تحقق PM,ضمن الفحص المبدئي
10569894035759,jampj-baby-cologne-100ml-lemon-fresh,كولونيا جونسون آند جونسون للأطفال 100 مل، رائحة الليمون المنعشة,AlFouad Pharmacies,العناية بالأطفال,العناية بالأطفال,1,بسيط,1728,80,24,56,,غير متاح لدى المصدر,https://cdn.shopify.com/s/files/1/0935/9550/0847/files/JJ-Baby-Cologne-100-ml-Lemon-Fresh.webp?v=1753904262,منتج كولونيا جونسون آند جونسون للأطفال 100 مل، رائحة الليمون المنعشة من AlFouad Pharmacies. التصنيف المرجعي: العناية بالأطفال — بسيط. الوسوم المرجعية: Baby Care، Kids Care، Kids Concerns، Kids Deodorant.,https://alfouadpharmacies.com/en/products/jampj-baby-cologne-100ml-lemon-fresh,AlFouad Pharmacies,Verify usage rights before commercial publication,غير مثبت,غير مثبت,مرجعي فقط — غير معتمد للنشر التجاري,بيانات مرجعية متاحة؛ يلزم تحقق PM,ضمن الفحص المبدئي
10569894101295,jampj-baby-cologne-100ml-morning-dew,كولونيا جونسون آند جونسون للأطفال 100 مل، رائحة ندى الصباح,AlFouad Pharmacies,العناية بالأطفال,العناية بالأطفال,1,بسيط,1504,135,40.5,94.5,,غير متاح لدى المصدر,https://cdn.shopify.com/s/files/1/0935/9550/0847/files/JJ-Baby-Cologne-100-ml-Morning-Dew.webp?v=1754298220,منتج كولونيا جونسون آند جونسون للأطفال 100 مل، رائحة ندى الصباح من AlFouad Pharmacies. التصنيف المرجعي: العناية بالأطفال — بسيط. الوسوم المرجعية: Baby Care، Kids Care، Kids Concerns، Kids Deodorant.,https://alfouadpharmacies.com/en/products/jampj-baby-cologne-100ml-morning-dew,AlFouad Pharmacies,Verify usage rights before commercial publication,غير مثبت,غير مثبت,مرجعي فقط — غير معتمد للنشر التجاري,بيانات مرجعية متاحة؛ يلزم تحقق PM,ضمن الفحص المبدئي
12689691312431,jampj-baby-cologne-100ml-dream,كولونيا للأطفال من جونسون آند جونسون، 100 مل، دريم,J&J,العناية بالأطفال,العناية بالأطفال,1,بسيط,81402,135,40.5,94.5,,متاح لدى المصدر,https://cdn.shopify.com/s/files/1/0935/9550/0847/files/Johnsons_Dream_Cologne_100ml_1615x1615_d4539d5f-1ed9-40c9-a1bf-e3e600b7e18b.webp?v=1771845636,منتج كولونيا للأطفال من جونسون آند جونسون، 100 مل، دريم من J&J. التصنيف المرجعي: العناية بالأطفال — بسيط. الوسوم المرجعية: BABY COLOGNE، Kids Care، Kids Deodorant.,https://alfouadpharmacies.com/en/products/jampj-baby-cologne-100ml-dream,AlFouad Pharmacies,Verify usage rights before commercial publication,غير مثبت,غير مثبت,مرجعي فقط — غير معتمد للنشر التجاري,بيانات مرجعية متاحة؛ يلزم تحقق PM,ضمن الفحص المبدئي
10569800188207,penduline-baby-body-lotion-200ml,لوشن الجسم للأطفال من بيندولين 200 مل,Penduline,العناية بالأطفال,العناية بالأطفال,1,بسيط,21608,225,67.5,157.5,,متاح لدى المصدر,https://cdn.shopify.com/s/files/1/0935/9550/0847/files/Penduline-Baby-Body-Lotion-200ml.webp?v=1754298804,منتج لوشن الجسم للأطفال من بيندولين 200 مل من Penduline. التصنيف المرجعي: العناية بالأطفال — بسيط. الوسوم المرجعية: Baby Care، Kids Care، Kids Concerns، Kids Moisturizer.,https://alfouadpharmacies.com/en/products/penduline-baby-body-lotion-200ml,AlFouad Pharmacies,Verify usage rights before commercial publication,غير مثبت,غير مثبت,مرجعي فقط — غير معتمد للنشر التجاري,بيانات مرجعية متاحة؛ يلزم تحقق PM,ضمن الفحص المبدئي
10569802547503,mustela-hydra-bebe-body-lotion-300-ml,لوشن الجسم موستيلا هيدرا بيبي 300 مل,Mustela,العناية بالأطفال,العناية بالأطفال,1,بسيط,91536,1029,308.7,720.3,,متاح لدى المصدر,https://cdn.shopify.com/s/files/1/0935/9550/0847/files/Mustela-Hydra-Bebe-Body-Lotion-300-ml.webp?v=1754298788,منتج لوشن الجسم موستيلا هيدرا بيبي 300 مل من Mustela. التصنيف المرجعي: العناية بالأطفال — بسيط. الوسوم المرجعية: Baby Care، Kids Care، Kids Concerns، Kids Dry Skin، Kids Moisturizer.,https://alfouadpharmacies.com/en/products/mustela-hydra-bebe-body-lotion-300-ml,AlFouad Pharmacies,Verify usage rights before commercial publication,غير مثبت,غير مثبت,مرجعي فقط — غير معتمد للنشر التجاري,بيانات مرجعية متاحة؛ يلزم تحقق PM,ضمن الفحص المبدئي
10569797108015,dermactive-baby-body-moist-lotion-250ml,لوشن ترطيب الجسم للأطفال ديرم اكتيف 250 مل,DERMACTIVE,العناية بالأطفال,العناية بالأطفال,1,بسيط,14917,209,62.7,146.3,,متاح لدى المصدر,https://cdn.shopify.com/s/files/1/0935/9550/0847/files/Dermactive-Baby-Body-Moist-Lotion-250ml.webp?v=1754298824,منتج لوشن ترطيب الجسم للأطفال ديرم اكتيف 250 مل من DERMACTIVE. التصنيف المرجعي: العناية بالأطفال — بسيط. الوسوم المرجعية: Baby Care، Kids Care، Kids Concerns، Kids Moisturizer.,https://alfouadpharmacies.com/en/products/dermactive-baby-body-moist-lotion-250ml,AlFouad Pharmacies,Verify usage rights before commercial publication,غير مثبت,غير مثبت,مرجعي فقط — غير معتمد للنشر التجاري,بيانات مرجعية متاحة؛ يلزم تحقق PM,ضمن الفحص المبدئي
10569895477551,jampj-baby-soft-lotion-200ml,لوشن جونسون للأطفال 200 مل,J&J,العناية بالأطفال,العناية بالأطفال,1,بسيط,86997,155,46.5,108.5,,متاح لدى المصدر,https://cdn.shopify.com/s/files/1/0935/9550/0847/files/JJ-Baby-Soft-Lotion-200ML.webp?v=1754298202,منتج لوشن جونسون للأطفال 200 مل من J&J. التصنيف المرجعي: العناية بالأطفال — بسيط. الوسوم المرجعية: Baby Care، Kids Care، Kids Concerns، Kids Moisturizer.,https://alfouadpharmacies.com/en/products/jampj-baby-soft-lotion-200ml,AlFouad Pharmacies,Verify usage rights before commercial publication,غير مثبت,غير مثبت,مرجعي فقط — غير معتمد للنشر التجاري,بيانات مرجعية متاحة؛ يلزم تحقق PM,ضمن الفحص المبدئي
10569906290991,luna-kids-sunscreen-spf50-130ml-off-20,لوشن حماية من الشمس للأطفال لونا، SPF50+، 130 مل، خصم 20%.,AlFouad Pharmacies,العناية بالأطفال,العناية بالأطفال,1,بسيط,13228,220,66,154,,غير متاح لدى المصدر,https://cdn.shopify.com/s/files/1/0935/9550/0847/files/Luna-Kids-Sunscreen-SPF50-130ML-off-20.webp?v=1754298058,منتج لوشن حماية من الشمس للأطفال لونا، SPF50+، 130 مل، خصم 20%. من AlFouad Pharmacies. التصنيف المرجعي: العناية بالأطفال — بسيط. الوسوم المرجعية: Kids Care، Kids Concerns، Kids Sunscreen، Sun Care، Sunscreen.,https://alfouadpharmacies.com/en/products/luna-kids-sunscreen-spf50-130ml-off-20,AlFouad Pharmacies,Verify usage rights before commercial publication,غير مثبت,غير مثبت,مرجعي فقط — غير معتمد للنشر التجاري,بيانات مرجعية متاحة؛ يلزم تحقق PM,ضمن الفحص المبدئي
10569906258223,luna-kids-sunscreen-spf50-130ml,لوشن حماية من الشمس للأطفال لونا، عامل حماية من الشمس 50+، 130 مل,AlFouad Pharmacies,العناية بالأطفال,العناية بالأطفال,1,بسيط,106799,275,82.5,192.5,,غير متاح لدى المصدر,https://cdn.shopify.com/s/files/1/0935/9550/0847/files/Luna-Kids-Sunscreen-SPF50-130ML.webp?v=1754298059,منتج لوشن حماية من الشمس للأطفال لونا، عامل حماية من الشمس 50+، 130 مل من AlFouad Pharmacies. التصنيف المرجعي: العناية بالأطفال — بسيط. الوسوم المرجعية: Kids Care، Kids Concerns، Kids Sunscreen، Sun Care، Sunscreen.,https://alfouadpharmacies.com/en/products/luna-kids-sunscreen-spf50-130ml,AlFouad Pharmacies,Verify usage rights before commercial publication,غير مثبت,غير مثبت,مرجعي فقط — غير معتمد للنشر التجاري,بيانات مرجعية متاحة؛ يلزم تحقق PM,ضمن الفحص المبدئي
10589303537967,mustela-kids-sun-lotion-50-spf-100ml,لوشن حماية من الشمس للأطفال من موستيلا، 50 SPF، 100 مل,Mustela,العناية بالأطفال,العناية بالأطفال,1,,103976,999,299.7,699.3,,غير متاح لدى المصدر,https://cdn.shopify.com/s/files/1/0935/9550/0847/files/mustela-002694mu_08.webp?v=1754296953,منتج لوشن حماية من الشمس للأطفال من موستيلا، 50 SPF، 100 مل من Mustela. التصنيف المرجعي: العناية بالأطفال. الوسوم المرجعية: Baby Care، Kids Care، Kids Sunscreen.,https://alfouadpharmacies.com/en/products/mustela-kids-sun-lotion-50-spf-100ml,AlFouad Pharmacies,Verify usage rights before commercial publication,غير مثبت,غير مثبت,مرجعي فقط — غير معتمد للنشر التجاري,بيانات مرجعية متاحة؛ يلزم تحقق PM,ضمن الفحص المبدئي
12689724408111,dermaelle-solaire-spf50-kids-faceampbody-lotion-200ml,لوشن ديرمال سولير للبشرة SPF50 للأطفال للوجه والجسم 200 مل,Dermaelle,العناية بالأطفال,العناية بالأطفال,1,واقي شمس ,31398,262.5,78.75,183.75,,متاح لدى المصدر,https://cdn.shopify.com/s/files/1/0935/9550/0847/files/1_-_2026-06-25T134736.793.webp?v=1782384503,منتج لوشن ديرمال سولير للبشرة SPF50 للأطفال للوجه والجسم 200 مل من Dermaelle. التصنيف المرجعي: العناية بالأطفال — واقي شمس . الوسوم المرجعية: Kids Care، Kids Concerns، Kids Sunscreen، Sun Care، Sunscreen.,https://alfouadpharmacies.com/en/products/dermaelle-solaire-spf50-kids-faceampbody-lotion-200ml,AlFouad Pharmacies,Verify usage rights before commercial publication,غير مثبت,غير مثبت,مرجعي فقط — غير معتمد للنشر التجاري,بيانات مرجعية متاحة؛ يلزم تحقق PM,ضمن الفحص المبدئي
10569805791535,لوشن-سبراي-واقٍ-من-الشمس-للأطفال-والرضع-من-عمر-6-أشهر,لوشن سبراي واقٍ من الشمس للأطفال والرضع من عمر 6 أشهر,parkville,العناية بالأطفال,العناية بالأطفال,1,واقي شمس ,106768,310,93,217,,متاح لدى المصدر,https://cdn.shopify.com/s/files/1/0935/9550/0847/files/super_kids_sunscreen_lotion_front_03_1615x1615_1e3eb68e-faa2-4f3c-b8d3-ad6b07e9488e.webp?v=1787044639,منتج لوشن سبراي واقٍ من الشمس للأطفال والرضع من عمر 6 أشهر من parkville. التصنيف المرجعي: العناية بالأطفال — واقي شمس . الوسوم المرجعية: Baby Care، Baby Sunscreen، Kids Care، Kids Concerns، Sun Care، Sunscreen، super kids.,https://alfouadpharmacies.com/en/products/لوشن-سبراي-واقٍ-من-الشمس-للأطفال-والرضع-من-عمر-6-أشهر,AlFouad Pharmacies,Verify usage rights before commercial publication,غير مثبت,غير مثبت,مرجعي فقط — غير معتمد للنشر التجاري,بيانات مرجعية متاحة؛ يلزم تحقق PM,ضمن الفحص المبدئي
12689512988975,sanosan-baby-body-lotion-100ml,لوشن للجسم للأطفال من سانوسان 100 مل,Sanosan,العناية بالأطفال,العناية بالأطفال,1,,94721,194.9,58.47,136.43,,غير متاح لدى المصدر,https://cdn.shopify.com/s/files/1/0935/9550/0847/files/Sanosan_Baby_Care_Lotion_1615x1615_157d92cd-f86e-45d2-91d6-e62935f6296d.webp?v=1771840006,منتج لوشن للجسم للأطفال من سانوسان 100 مل من Sanosan. التصنيف المرجعي: العناية بالأطفال. الوسوم المرجعية: Baby Care، Kids Care.,https://alfouadpharmacies.com/en/products/sanosan-baby-body-lotion-100ml,AlFouad Pharmacies,Verify usage rights before commercial publication,غير مثبت,غير مثبت,مرجعي فقط — غير معتمد للنشر التجاري,بيانات مرجعية متاحة؛ يلزم تحقق PM,ضمن الفحص المبدئي
12689513152815,sanosan-baby-body-lotion-200-ml,لوشن للجسم للأطفال من سانوسان 200 مل,Sanosan,العناية بالأطفال,العناية بالأطفال,1,Body Lotion,83406,339.9,101.97,237.93,,متاح لدى المصدر,https://cdn.shopify.com/s/files/1/0935/9550/0847/files/Gemini_Generated_Image_400byk400byk400b.webp?v=1789633639,منتج لوشن للجسم للأطفال من سانوسان 200 مل من Sanosan. التصنيف المرجعي: العناية بالأطفال — Body Lotion. الوسوم المرجعية: Baby Care، Kids Care، Kids Dry Skin.,https://alfouadpharmacies.com/en/products/sanosan-baby-body-lotion-200-ml,AlFouad Pharmacies,Verify usage rights before commercial publication,غير مثبت,غير مثبت,مرجعي فقط — غير معتمد للنشر التجاري,بيانات مرجعية متاحة؛ يلزم تحقق PM,ضمن الفحص المبدئي
10569802776879,mustela-nourishing-lotion-cc-200ml,لوشن موستيلا المغذي CC 200 مل,Mustela,العناية بالأطفال,العناية بالأطفال,1,بسيط,91168,865,259.5,605.5,,متاح لدى المصدر,https://cdn.shopify.com/s/files/1/0935/9550/0847/files/Mustela-Nourishing-Lotion-CC-200ML.webp?v=1754298787,منتج لوشن موستيلا المغذي CC 200 مل من Mustela. التصنيف المرجعي: العناية بالأطفال — بسيط. الوسوم المرجعية: Kids Care، Kids Concerns، Kids Dry Skin، Kids Moisturizer.,https://alfouadpharmacies.com/en/products/mustela-nourishing-lotion-cc-200ml,AlFouad Pharmacies,Verify usage rights before commercial publication,غير مثبت,غير مثبت,مرجعي فقط — غير معتمد للنشر التجاري,بيانات مرجعية متاحة؛ يلزم تحقق PM,ضمن الفحص المبدئي
10569797861679,infinity-sunscreen-kids-lotion-spf45-120ml,لوشن واقي من الشمس للأطفال إنفينيتي، عامل حماية من الشمس 45، 120 مل,AlFouad Pharmacies,العناية بالأطفال,العناية بالأطفال,1,بسيط,104346,200,60,140,,غير متاح لدى المصدر,https://cdn.shopify.com/s/files/1/0935/9550/0847/files/Infinity-Sunscreen-Kids-Lotion-SPF45-120ml.webp?v=1754298818,منتج لوشن واقي من الشمس للأطفال إنفينيتي، عامل حماية من الشمس 45، 120 مل من AlFouad Pharmacies. التصنيف المرجعي: العناية بالأطفال — بسيط. الوسوم المرجعية: Kids Care، Kids Concerns، Kids Sunscreen، Sun Care، Sunscreen.,https://alfouadpharmacies.com/en/products/infinity-sunscreen-kids-lotion-spf45-120ml,AlFouad Pharmacies,Verify usage rights before commercial publication,غير مثبت,غير مثبت,مرجعي فقط — غير معتمد للنشر التجاري,بيانات مرجعية متاحة؛ يلزم تحقق PM,ضمن الفحص المبدئي
10569797599535,eva-sun-sea-kids-sunscreen-lotion-spf50-200ml,لوشن واقي من الشمس للأطفال إيفا صن آند سي، درجة حماية 50+، 200 مل,AlFouad Pharmacies,العناية بالأطفال,العناية بالأطفال,1,بسيط,85462,300,90,210,,متاح لدى المصدر,https://cdn.shopify.com/s/files/1/0935/9550/0847/files/Eva-Sun-Sea-Kids-Sunscreen-Lotion-SPF50-200ml.webp?v=1754298820,منتج لوشن واقي من الشمس للأطفال إيفا صن آند سي، درجة حماية 50+، 200 مل من AlFouad Pharmacies. التصنيف المرجعي: العناية بالأطفال — بسيط. الوسوم المرجعية: Kids Care، Kids Concerns، Kids Sunscreen، Sun Care، Sunscreen.,https://alfouadpharmacies.com/en/products/eva-sun-sea-kids-sunscreen-lotion-spf50-200ml,AlFouad Pharmacies,Verify usage rights before commercial publication,غير مثبت,غير مثبت,مرجعي فقط — غير معتمد للنشر التجاري,بيانات مرجعية متاحة؛ يلزم تحقق PM,ضمن الفحص المبدئي
10569796714799,bobai-kids-sun-screen-lotion-spf30-200ml,لوشن واقي من الشمس للأطفال بوباي، عامل حماية من الشمس 30، 200 مل,Bobai,العناية بالأطفال,العناية بالأطفال,1,بسيط,30974,280,84,196,,متاح لدى المصدر,https://cdn.shopify.com/s/files/1/0935/9550/0847/files/Bobai-Kids-Sun-Screen-Lotion-SPF30-200ml.webp?v=1754298827,منتج لوشن واقي من الشمس للأطفال بوباي، عامل حماية من الشمس 30، 200 مل من Bobai. التصنيف المرجعي: العناية بالأطفال — بسيط. الوسوم المرجعية: bobai، Kids Care، Kids Concerns، Kids Sunscreen، Sun Care، Sunscreen.,https://alfouadpharmacies.com/en/products/bobai-kids-sun-screen-lotion-spf30-200ml,AlFouad Pharmacies,Verify usage rights before commercial publication,غير مثبت,غير مثبت,مرجعي فقط — غير معتمد للنشر التجاري,بيانات مرجعية متاحة؛ يلزم تحقق PM,ضمن الفحص المبدئي
10569906323759,luna-kids-sunscreen-spray-spf36-165ml,لوشن واقي من الشمس للأطفال لونا، عامل حماية من الشمس 36+، 165 مل,AlFouad Pharmacies,العناية بالأطفال,العناية بالأطفال,1,بسيط,105742,200,60,140,,غير متاح لدى المصدر,https://cdn.shopify.com/s/files/1/0935/9550/0847/files/Luna-Kids-Sunscreen-Spray-SPF36-165ML.webp?v=1754298058,منتج لوشن واقي من الشمس للأطفال لونا، عامل حماية من الشمس 36+، 165 مل من AlFouad Pharmacies. التصنيف المرجعي: العناية بالأطفال — بسيط. الوسوم المرجعية: Kids Care، Kids Concerns، Kids Sunscreen، Sun Care، Sunscreen.,https://alfouadpharmacies.com/en/products/luna-kids-sunscreen-spray-spf36-165ml,AlFouad Pharmacies,Verify usage rights before commercial publication,غير مثبت,غير مثبت,مرجعي فقط — غير معتمد للنشر التجاري,بيانات مرجعية متاحة؛ يلزم تحقق PM,ضمن الفحص المبدئي
12689441784111,super-kids-lip-balm-strawberry-10ml,مرطب شفاه سوبر كيدز بنكهة الفراولة 10 مل,Super kids,العناية بالأطفال,العناية بالأطفال,1,,115365,85,25.5,59.5,,متاح لدى المصدر,https://cdn.shopify.com/s/files/1/0935/9550/0847/files/Gemini_Generated_Image_tjckmntjckmntjck_11zon.webp?v=1789635242,منتج مرطب شفاه سوبر كيدز بنكهة الفراولة 10 مل من Super kids. التصنيف المرجعي: العناية بالأطفال. الوسوم المرجعية: Eye & Lip، Kids Care، Lip، Lip Balm، super kids.,https://alfouadpharmacies.com/en/products/super-kids-lip-balm-strawberry-10ml,AlFouad Pharmacies,Verify usage rights before commercial publication,غير مثبت,غير مثبت,مرجعي فقط — غير معتمد للنشر التجاري,بيانات مرجعية متاحة؛ يلزم تحقق PM,ضمن الفحص المبدئي
10569806184751,super-kids-deodorant-roll-on-30ml,مزيل عرق رول أون للأطفال 30 مل,Super kids,العناية بالأطفال,العناية بالأطفال,1,بسيط,4716,110,33,77,,متاح لدى المصدر,https://cdn.shopify.com/s/files/1/0935/9550/0847/files/Super-Kids-Deodorant-Roll-On-30ml.webp?v=1754298758,منتج مزيل عرق رول أون للأطفال 30 مل من Super kids. التصنيف المرجعي: العناية بالأطفال — بسيط. الوسوم المرجعية: Kids Care، Kids Deodorant، super kids.,https://alfouadpharmacies.com/en/products/super-kids-deodorant-roll-on-30ml,AlFouad Pharmacies,Verify usage rights before commercial publication,غير مثبت,غير مثبت,مرجعي فقط — غير معتمد للنشر التجاري,بيانات مرجعية متاحة؛ يلزم تحقق PM,ضمن الفحص المبدئي
10569807331631,super-kids-deodorant-roll-on-30ml-lollipop-scent,مزيل عرق رول أون للأطفال سوبر كيدز 30 مل برائحة الحلوى,Super kids,العناية بالأطفال,العناية بالأطفال,1,بسيط,21641,110,33,77,,متاح لدى المصدر,https://cdn.shopify.com/s/files/1/0935/9550/0847/files/Super-Kids-Deodorant-Roll-On-30ml-Lollipop-Scent.webp?v=1754298749,منتج مزيل عرق رول أون للأطفال سوبر كيدز 30 مل برائحة الحلوى من Super kids. التصنيف المرجعي: العناية بالأطفال — بسيط. الوسوم المرجعية: Kids Care، Kids Deodorant، super kids.,https://alfouadpharmacies.com/en/products/super-kids-deodorant-roll-on-30ml-lollipop-scent,AlFouad Pharmacies,Verify usage rights before commercial publication,غير مثبت,غير مثبت,مرجعي فقط — غير معتمد للنشر التجاري,بيانات مرجعية متاحة؛ يلزم تحقق PM,ضمن الفحص المبدئي
10569806577967,super-kids-deodorant-roll-on-30ml-pineapple-scent,مزيل عرق رول أون للأطفال سوبر كيدز 30 مل، برائحة الأناناس,Super kids,العناية بالأطفال,العناية بالأطفال,1,بسيط,109782,110,33,77,,متاح لدى المصدر,https://cdn.shopify.com/s/files/1/0935/9550/0847/files/Super-Kids-Deodorant-Roll-On-30ml-Pineapple-Scent.webp?v=1754298754,منتج مزيل عرق رول أون للأطفال سوبر كيدز 30 مل، برائحة الأناناس من Super kids. التصنيف المرجعي: العناية بالأطفال — بسيط. الوسوم المرجعية: Kids Care، Kids Deodorant، super kids.,https://alfouadpharmacies.com/en/products/super-kids-deodorant-roll-on-30ml-pineapple-scent,AlFouad Pharmacies,Verify usage rights before commercial publication,غير مثبت,غير مثبت,مرجعي فقط — غير معتمد للنشر التجاري,بيانات مرجعية متاحة؛ يلزم تحقق PM,ضمن الفحص المبدئي
10569802219823,mustela-2-in-1-hair-and-body-wash-200-ml,مستحضرات استحمام الشعر والجسم 2 في 1 من موستيلا 200 مل,Mustela,العناية بالأطفال,العناية بالأطفال,1,بسيط,13992,639,191.7,447.3,,متاح لدى المصدر,https://cdn.shopify.com/s/files/1/0935/9550/0847/files/Mustela-2-in-1-Hair-and-Body-Wash-200-ml.webp?v=1754298792,منتج مستحضرات استحمام الشعر والجسم 2 في 1 من موستيلا 200 مل من Mustela. التصنيف المرجعي: العناية بالأطفال — بسيط. الوسوم المرجعية: Baby Care، Kids Care، Kids Concerns، Kids Hair، Kids Shampoo، Kids Shower.,https://alfouadpharmacies.com/en/products/mustela-2-in-1-hair-and-body-wash-200-ml,AlFouad Pharmacies,Verify usage rights before commercial publication,غير مثبت,غير مثبت,مرجعي فقط — غير معتمد للنشر التجاري,بيانات مرجعية متاحة؛ يلزم تحقق PM,ضمن الفحص المبدئي
10569798254895,penduline-kids-moringa-argan-hair-serum-60ml,مصل الشعر من بيندولين للأطفال بزيت المورينغا والأرغان 60 مل,Penduline,العناية بالأطفال,العناية بالأطفال,1,بسيط,17683,350,105,245,,متاح لدى المصدر,https://cdn.shopify.com/s/files/1/0935/9550/0847/files/Penduline-Kids-Moringa-Argan-Hair-Serum-60ml.webp?v=1754298816,منتج مصل الشعر من بيندولين للأطفال بزيت المورينغا والأرغان 60 مل من Penduline. التصنيف المرجعي: العناية بالأطفال — بسيط. الوسوم المرجعية: Anti-Frizz، Kids Care، Kids Concerns، Kids Hair، Kids Hair Serum.,https://alfouadpharmacies.com/en/products/penduline-kids-moringa-argan-hair-serum-60ml,AlFouad Pharmacies,Verify usage rights before commercial publication,غير مثبت,غير مثبت,مرجعي فقط — غير معتمد للنشر التجاري,بيانات مرجعية متاحة؛ يلزم تحقق PM,ضمن الفحص المبدئي
10569796976943,dermactive-baby-hair-detangling-serum-120ml,مصل ديرم اكتيف لتفكيك تشابك شعر الأطفال 120 مل,DERMACTIVE,العناية بالأطفال,العناية بالأطفال,1,بسيط,14825,209,62.7,146.3,,متاح لدى المصدر,https://cdn.shopify.com/s/files/1/0935/9550/0847/files/Dermactive-Baby-Hair-Detangling-Serum-120ml.webp?v=1754298825,منتج مصل ديرم اكتيف لتفكيك تشابك شعر الأطفال 120 مل من DERMACTIVE. التصنيف المرجعي: العناية بالأطفال — بسيط. الوسوم المرجعية: Anti-Frizz، Kids Care، Kids Concerns، Kids Hair، Kids Hair Serum.,https://alfouadpharmacies.com/en/products/dermactive-baby-hair-detangling-serum-120ml,AlFouad Pharmacies,Verify usage rights before commercial publication,غير مثبت,غير مثبت,مرجعي فقط — غير معتمد للنشر التجاري,بيانات مرجعية متاحة؛ يلزم تحقق PM,ضمن الفحص المبدئي
10569931358511,eva-advanced-care-kids-curls-moist-leave-in-con,مكيف إيفا للعناية المتقدمة لتصفيف الشعر المجعد للأطفال,AlFouad Pharmacies,العناية بالأطفال,العناية بالأطفال,1,بسيط,112410,150,45,105,,متاح لدى المصدر,https://cdn.shopify.com/s/files/1/0935/9550/0847/files/Eva-Advanced-Care-Kids-Curls-Moist-Leave-In-Con.webp?v=1754297789,منتج مكيف إيفا للعناية المتقدمة لتصفيف الشعر المجعد للأطفال من AlFouad Pharmacies. التصنيف المرجعي: العناية بالأطفال — بسيط. الوسوم المرجعية: Anti-Frizz، Curly Hair، Curly Hair Cream، Kids Care، Kids Concerns.,https://alfouadpharmacies.com/en/products/eva-advanced-care-kids-curls-moist-leave-in-con,AlFouad Pharmacies,Verify usage rights before commercial publication,غير مثبت,غير مثبت,مرجعي فقط — غير معتمد للنشر التجاري,بيانات مرجعية متاحة؛ يلزم تحقق PM,ضمن الفحص المبدئي
10569802875183,mustela-skin-freshener-200-ml,منشط البشرة من موستيلا 200 مل,Mustela,العناية بالأطفال,العناية بالأطفال,1,بسيط,13993,615,184.5,430.5,,متاح لدى المصدر,https://cdn.shopify.com/s/files/1/0935/9550/0847/files/Mustela-Skin-Freshener-200-ml.webp?v=1754298785,منتج منشط البشرة من موستيلا 200 مل من Mustela. التصنيف المرجعي: العناية بالأطفال — بسيط. الوسوم المرجعية: Baby Care، Kids Care، Kids Concerns، Kids Deodorant.,https://alfouadpharmacies.com/en/products/mustela-skin-freshener-200-ml,AlFouad Pharmacies,Verify usage rights before commercial publication,غير مثبت,غير مثبت,مرجعي فقط — غير معتمد للنشر التجاري,بيانات مرجعية متاحة؛ يلزم تحقق PM,ضمن الفحص المبدئي
12689565843759,melatime-sunscreen-kids-spf30-200ml,واقي الشمس للأطفال من ميلاتيم بعامل حماية 30، 200 مل,melatime,العناية بالأطفال,العناية بالأطفال,1,,113441,550,165,385,,متاح لدى المصدر,https://cdn.shopify.com/s/files/1/0935/9550/0847/files/Melatime_Kids_SPF30_200ml_PureWhite_1615x1615_063b507c-e0d7-4ef1-8167-3763d04ab105.webp?v=1772224805,منتج واقي الشمس للأطفال من ميلاتيم بعامل حماية 30، 200 مل من melatime. التصنيف المرجعي: العناية بالأطفال. الوسوم المرجعية: Kids Sunscreen، Sun Care، Sunscreen، Sunscreen Lotion.,https://alfouadpharmacies.com/en/products/melatime-sunscreen-kids-spf30-200ml,AlFouad Pharmacies,Verify usage rights before commercial publication,غير مثبت,غير مثبت,مرجعي فقط — غير معتمد للنشر التجاري,بيانات مرجعية متاحة؛ يلزم تحقق PM,ضمن الفحص المبدئي
12689528127791,bioderma-sebium-gel-moussant-tube-200ml, جل رغوي بيوديرما سيبيوم 200 مل,Bioderma,العناية بالبشرة,العناية بالبشرة,1,غسول ,98922,699,209.7,489.3,0,متاح لدى المصدر,https://cdn.shopify.com/s/files/1/0935/9550/0847/files/sebium-gel-moussant-1-510x510.webp?v=1789548038,منتج  جل رغوي بيوديرما سيبيوم 200 مل من Bioderma. التصنيف المرجعي: العناية بالبشرة — غسول . الوسوم المرجعية: bioderma، Face Wash، Skin Care.,https://alfouadpharmacies.com/en/products/bioderma-sebium-gel-moussant-tube-200ml,AlFouad Pharmacies,Verify usage rights before commercial publication,غير مثبت,غير مثبت,مرجعي فقط — غير معتمد للنشر التجاري,بيانات مرجعية متاحة؛ يلزم تحقق PM,ضمن الفحص المبدئي
10569814245679,فيشي-ليفتاكتيف-فيتامين-سي-سيرم-20-مل, فيشي ليفتاكتيف فيتامين سي سيرم 20 مل,Vichy,العناية بالبشرة,العناية بالبشرة,1,سيرم ,97932,1800,540,1260,,متاح لدى المصدر,https://cdn.shopify.com/s/files/1/0935/9550/0847/files/1_7.webp?v=1780473849,منتج  فيشي ليفتاكتيف فيتامين سي سيرم 20 مل من Vichy. التصنيف المرجعي: العناية بالبشرة — سيرم . الوسوم المرجعية: Dehydrated Skin، Even Skin Tone، Fine Lines & Wrinkles، Serums، Skin Care، Skin Concerns، Treatments.,https://alfouadpharmacies.com/en/products/فيشي-ليفتاكتيف-فيتامين-سي-سيرم-20-مل,AlFouad Pharmacies,Verify usage rights before commercial publication,غير مثبت,غير مثبت,مرجعي فقط — غير معتمد للنشر التجاري,بيانات مرجعية متاحة؛ يلزم تحقق PM,ضمن الفحص المبدئي
12689724735791,فيشي-مينيرال-89-50-مل, فيشي مينيرال (89) 50 مل,Vichy,العناية بالبشرة,العناية بالبشرة,1,ترطيب ,106468,1350,405,945,,متاح لدى المصدر,https://cdn.shopify.com/s/files/1/0935/9550/0847/files/mineral89_heart.webp?v=1778364773,منتج  فيشي مينيرال (89) 50 مل من Vichy. التصنيف المرجعي: العناية بالبشرة — ترطيب . الوسوم المرجعية: 10، Dehydrated Skin، Dry Skin، Dryness، Dullness، Hydro-gel، Moisturizers، Sensitive Skin / Redness.,https://alfouadpharmacies.com/en/products/فيشي-مينيرال-89-50-مل,AlFouad Pharmacies,Verify usage rights before commercial publication,غير مثبت,غير مثبت,مرجعي فقط — غير معتمد للنشر التجاري,بيانات مرجعية متاحة؛ يلزم تحقق PM,ضمن الفحص المبدئي
12882290180399,anua-rice-7-ceramide-serum-50ml,Anua Rice 7 + Ceramide Serum 50ml,korean product,العناية بالبشرة,العناية بالبشرة | الجمال الكوري,2,,115701,1880,564,1316,,متاح لدى المصدر,https://cdn.shopify.com/s/files/1/0935/9550/0847/files/Anua_Rice_Ceramide_Product_1615x1615_d89633ef-889f-4044-8086-c9d9694006cf.webp?v=1772359513,منتج Anua Rice 7 + Ceramide Serum 50ml من korean product. التصنيف المرجعي: العناية بالبشرة. الحجم المذكور: 50 ml. الوسوم المرجعية: Dry Skin، Dryness، korean product، Moisturizers، Serums.,https://alfouadpharmacies.com/en/products/anua-rice-7-ceramide-serum-50ml,AlFouad Pharmacies,Verify usage rights before commercial publication,غير مثبت,غير مثبت,مرجعي فقط — غير معتمد للنشر التجاري,بيانات مرجعية متاحة؛ يلزم تحقق PM,ضمن الفحص المبدئي
16184917098799,bioderma-sebium-gommant-micro-exfoliating-cleansing-gel-75ml,Bioderma Sébium Gommant Micro-Exfoliating Cleansing Gel 75ml,Bioderma,العناية بالبشرة,العناية بالبشرة,1,Oily Skin,116578,635,190.5,444.5,,متاح لدى المصدر,https://cdn.shopify.com/s/files/1/0935/9550/0847/files/feel_22_packshot_-_2026-06-29T155541.520.webp?v=1790165882,منتج Bioderma Sébium Gommant Micro-Exfoliating Cleansing Gel 75ml من Bioderma. التصنيف المرجعي: العناية بالبشرة — Oily Skin. الحجم المذكور: 75 ml. الوسوم المرجعية: Oily Skin.,https://alfouadpharmacies.com/en/products/bioderma-sebium-gommant-micro-exfoliating-cleansing-gel-75ml,AlFouad Pharmacies,Verify usage rights before commercial publication,غير مثبت,غير مثبت,مرجعي فقط — غير معتمد للنشر التجاري,بيانات مرجعية متاحة؛ يلزم تحقق PM,ضمن الفحص المبدئي
16184914739503,bioderma-sebium-pain-purifying-cleansing-bar-100g,Bioderma Sébium Pain Purifying Cleansing Bar 100g,Bioderma,العناية بالبشرة,العناية بالبشرة,1,Oily Skin,116856,549,164.7,384.3,,متاح لدى المصدر,https://cdn.shopify.com/s/files/1/0935/9550/0847/files/SEBIUM-PAIN-PURIFYING-CLEANSING-BAR-100GM-BIODERMA-768x768.webp?v=1790165657,منتج Bioderma Sébium Pain Purifying Cleansing Bar 100g من Bioderma. التصنيف المرجعي: العناية بالبشرة — Oily Skin. الحجم المذكور: 100 g. الوسوم المرجعية: Oily Skin.,https://alfouadpharmacies.com/en/products/bioderma-sebium-pain-purifying-cleansing-bar-100g,AlFouad Pharmacies,Verify usage rights before commercial publication,غير مثبت,غير مثبت,مرجعي فقط — غير معتمد للنشر التجاري,بيانات مرجعية متاحة؛ يلزم تحقق PM,ضمن الفحص المبدئي
12881817862447,dr-althea-147-barrier-cream-50ml,Dr.Althea 147 Barrier Cream 50ml,AlFouad Pharmacies,العناية بالبشرة,العناية بالبشرة,1,,115799,1950,585,1365,,غير متاح لدى المصدر,https://cdn.shopify.com/s/files/1/0935/9550/0847/files/Dr_Althea_147_Barrier_Cream_1615x1615_cc4e0f0d-4da8-48e6-9847-c5a394a9fc3f.webp?v=1772358617,منتج Dr.Althea 147 Barrier Cream 50ml من AlFouad Pharmacies. التصنيف المرجعي: العناية بالبشرة. الحجم المذكور: 50 ml. الوسوم المرجعية: Moisturizers، Sensetive Skin، Sensitive Skin / Redness.,https://alfouadpharmacies.com/en/products/dr-althea-147-barrier-cream-50ml,AlFouad Pharmacies,Verify usage rights before commercial publication,غير مثبت,غير مثبت,مرجعي فقط — غير معتمد للنشر التجاري,بيانات مرجعية متاحة؛ يلزم تحقق PM,ضمن الفحص المبدئي
13052190097711,kolagra-whitening-3in1-roll-on-1-1-off,Kolagra Whitening 3in1 Roll-On Bundle,Kolagra off,العناية بالبشرة,العناية بالبشرة,1,Deodorants,83483,259,77.7,181.3,520,غير متاح لدى المصدر,https://cdn.shopify.com/s/files/1/0935/9550/0847/files/rose_1.webp?v=1772696811,منتج Kolagra Whitening 3in1 Roll-On Bundle من Kolagra off. التصنيف المرجعي: العناية بالبشرة — Deodorants. الوسوم المرجعية: Anti-Perspirant، Bundle، Deodrant، Even Skin Tone / Pigmentation، Roll-on، Sensetive Skin.,https://alfouadpharmacies.com/en/products/kolagra-whitening-3in1-roll-on-1-1-off,AlFouad Pharmacies,Verify usage rights before commercial publication,غير مثبت,غير مثبت,مرجعي فقط — غير معتمد للنشر التجاري,بيانات مرجعية متاحة؛ يلزم تحقق PM,ضمن الفحص المبدئي
12880148824367,medicube-txn-niacinamide-capsule-cream-55g,Medicube TXN Niacinamide Capsule Cream 55g,korean product,العناية بالبشرة,العناية بالبشرة | الجمال الكوري,2,,114957,1950,585,1365,,متاح لدى المصدر,https://cdn.shopify.com/s/files/1/0935/9550/0847/files/Medicube-5-TXA-Niacinamide-Capsule-Cream-55g-XOXO-0_1024x1024_eb21f310-1a56-41b0-a9f3-43012434b1ef.webp?v=1772355408,منتج Medicube TXN Niacinamide Capsule Cream 55g من korean product. التصنيف المرجعي: العناية بالبشرة. الحجم المذكور: 55 g. الوسوم المرجعية: Dry Skin، Dryness، Even Skin Tone، Even Skin Tone / Pigmentation، korean product، Oily Skin، Treatment Cream.,https://alfouadpharmacies.com/en/products/medicube-txn-niacinamide-capsule-cream-55g,AlFouad Pharmacies,Verify usage rights before commercial publication,غير مثبت,غير مثبت,مرجعي فقط — غير معتمد للنشر التجاري,بيانات مرجعية متاحة؛ يلزم تحقق PM,مراجعة نطاق/تنظيم قبل الإدراج
12689485922607,acm-cream-advanced-40ml,Skin Care > Face Creams,ACM,العناية بالبشرة,العناية بالبشرة,1,العناية بالبشرة ,99946,599,179.7,419.3,,متاح لدى المصدر,https://cdn.shopify.com/s/files/1/0935/9550/0847/files/Group_1_copy.webp?v=1781332695,منتج Skin Care > Face Creams من ACM. التصنيف المرجعي: العناية بالبشرة — العناية بالبشرة . الوسوم المرجعية: Dark Spots، Even Skin Tone / Pigmentation، Skin Care، Whitining Cream.,https://alfouadpharmacies.com/en/products/acm-cream-advanced-40ml,AlFouad Pharmacies,Verify usage rights before commercial publication,غير مثبت,غير مثبت,مرجعي فقط — غير معتمد للنشر التجاري,بيانات مرجعية متاحة؛ يلزم تحقق PM,ضمن الفحص المبدئي
16103662158127,skinify-mattify-omega-fatty-acids-face-cream-oily-skin-50-ml,SKINIFY MATTIFY OMEGA FATTY ACIDS FACE CREAM OILY SKIN 50 ML,SKINIFY,العناية بالبشرة,العناية بالبشرة,1,Face cream,117055,600,180,420,,متاح لدى المصدر,https://cdn.shopify.com/s/files/1/0935/9550/0847/files/23_1.webp?v=1785317868,منتج SKINIFY MATTIFY OMEGA FATTY ACIDS FACE CREAM OILY SKIN 50 ML من SKINIFY. التصنيف المرجعي: العناية بالبشرة — Face cream. الحجم المذكور: 50 ML. الوسوم المرجعية: Oily Skin، Skin Care.,https://alfouadpharmacies.com/en/products/skinify-mattify-omega-fatty-acids-face-cream-oily-skin-50-ml,AlFouad Pharmacies,Verify usage rights before commercial publication,غير مثبت,غير مثبت,مرجعي فقط — غير معتمد للنشر التجاري,بيانات مرجعية متاحة؛ يلزم تحقق PM,ضمن الفحص المبدئي
16103661011247,skinify-niacinamide-glycolic-acid-7-toning-solution-200-ml,SKINIFY NIACINAMIDE+GLYCOLIC ACID 7% TONING SOLUTION 200 ML,SKINIFY,العناية بالبشرة,العناية بالبشرة,1,Toner,117066,700,210,490,,متاح لدى المصدر,https://cdn.shopify.com/s/files/1/0935/9550/0847/files/Untitled-design-2026-03-16T141324.695-510x510.webp?v=1785317603,منتج SKINIFY NIACINAMIDE+GLYCOLIC ACID 7% TONING SOLUTION 200 ML من SKINIFY. التصنيف المرجعي: العناية بالبشرة — Toner. الحجم المذكور: 200 ML. الوسوم المرجعية: Skin Care.,https://alfouadpharmacies.com/en/products/skinify-niacinamide-glycolic-acid-7-toning-solution-200-ml,AlFouad Pharmacies,Verify usage rights before commercial publication,غير مثبت,غير مثبت,مرجعي فقط — غير معتمد للنشر التجاري,بيانات مرجعية متاحة؛ يلزم تحقق PM,ضمن الفحص المبدئي
16054523363631,skinify-plump-argireline-10-peptide-face-serum-50-ml,SKINIFY PLUMP ARGIRELINE 10%+PEPTIDE FACE SERUM 50 ML,SKINIFY,العناية بالبشرة,العناية بالبشرة,1,Face Serum,117081,650,195,455,,غير متاح لدى المصدر,https://cdn.shopify.com/s/files/1/0935/9550/0847/files/skinify_argireline_peptide_complex_1615.webp?v=1783865297,منتج SKINIFY PLUMP ARGIRELINE 10%+PEPTIDE FACE SERUM 50 ML من SKINIFY. التصنيف المرجعي: العناية بالبشرة — Face Serum. الحجم المذكور: 50 ML. الوسوم المرجعية: Serums، Skin Care.,https://alfouadpharmacies.com/en/products/skinify-plump-argireline-10-peptide-face-serum-50-ml,AlFouad Pharmacies,Verify usage rights before commercial publication,غير مثبت,غير مثبت,مرجعي فقط — غير معتمد للنشر التجاري,بيانات مرجعية متاحة؛ يلزم تحقق PM,ضمن الفحص المبدئي
16054519365935,skinify-protect-sun-cream-spf-50-100-ml,SKINIFY PROTECT SUN CREAM SPF+50 100 ML,SKINIFY,العناية بالبشرة,العناية بالبشرة,1,sunscreen,117058,730,219,511,,غير متاح لدى المصدر,https://cdn.shopify.com/s/files/1/0935/9550/0847/files/skinify_sun_cream_spf50_1615.webp?v=1783865297,منتج SKINIFY PROTECT SUN CREAM SPF+50 100 ML من SKINIFY. التصنيف المرجعي: العناية بالبشرة — sunscreen. الحجم المذكور: 100 ML. الوسوم المرجعية: Skin Care، Sun Care، Sun Gel، sunblock، Sunscreen، Sunscreen Cream، Sunscreen Gel Cream.,https://alfouadpharmacies.com/en/products/skinify-protect-sun-cream-spf-50-100-ml,AlFouad Pharmacies,Verify usage rights before commercial publication,غير مثبت,غير مثبت,مرجعي فقط — غير معتمد للنشر التجاري,بيانات مرجعية متاحة؛ يلزم تحقق PM,ضمن الفحص المبدئي
16031778013487,some-by-mi-yuja-niacin-anti-blemish-starter-kit,SOME BY MI YUJA NIACIN ANTI BLEMISH STARTER KIT,korean product,العناية بالبشرة,العناية بالبشرة | الجمال الكوري,2,Skin Care,115698,1650,495,1155,,متاح لدى المصدر,https://cdn.shopify.com/s/files/1/0935/9550/0847/files/1_-_2026-06-28T105001.807.webp?v=1782633026,منتج SOME BY MI YUJA NIACIN ANTI BLEMISH STARTER KIT من korean product. التصنيف المرجعي: العناية بالبشرة — Skin Care. الوسوم المرجعية: korean product، Skin Care.,https://alfouadpharmacies.com/en/products/some-by-mi-yuja-niacin-anti-blemish-starter-kit,AlFouad Pharmacies,Verify usage rights before commercial publication,غير مثبت,غير مثبت,مرجعي فقط — غير معتمد للنشر التجاري,بيانات مرجعية متاحة؛ يلزم تحقق PM,ضمن الفحص المبدئي
12886050963759,svr-ampoule-a-30ml,SVR Ampoule A 30ML,SVR,العناية بالبشرة,العناية بالبشرة,1,,115610,1699,509.7,1189.3,,متاح لدى المصدر,https://cdn.shopify.com/s/files/1/0935/9550/0847/files/AMPOULEAUK_1200x1200_crop_center_bd22ff5f-6cea-4440-8c2e-33af49306189.webp?v=1772616916,منتج SVR Ampoule A 30ML من SVR. التصنيف المرجعي: العناية بالبشرة. الحجم المذكور: 30 ML. الوسوم المرجعية: Anti-Aging، Fine Lines & Wrinkles، Serums، Skin Care.,https://alfouadpharmacies.com/en/products/svr-ampoule-a-30ml,AlFouad Pharmacies,Verify usage rights before commercial publication,غير مثبت,غير مثبت,مرجعي فقط — غير معتمد للنشر التجاري,بيانات مرجعية متاحة؛ يلزم تحقق PM,ضمن الفحص المبدئي
12886148448559,svr-ampoule-b-30ml,SVR Ampoule B 30ML,SVR,العناية بالبشرة,العناية بالبشرة,1,,115611,1699,509.7,1189.3,,متاح لدى المصدر,https://cdn.shopify.com/s/files/1/0935/9550/0847/files/SVRAMPOULEB30ML.webp?v=1772366907,منتج SVR Ampoule B 30ML من SVR. التصنيف المرجعي: العناية بالبشرة. الحجم المذكور: 30 ML. الوسوم المرجعية: Dehydrated Skin، Pores، Sensetive Skin، Sensitive Skin / Redness.,https://alfouadpharmacies.com/en/products/svr-ampoule-b-30ml,AlFouad Pharmacies,Verify usage rights before commercial publication,غير مثبت,غير مثبت,مرجعي فقط — غير معتمد للنشر التجاري,بيانات مرجعية متاحة؛ يلزم تحقق PM,ضمن الفحص المبدئي
12886253207855,svr-ampoule-c-30ml,SVR Ampoule C 30ML,SVR,العناية بالبشرة,العناية بالبشرة,1,,115612,1699,509.7,1189.3,,متاح لدى المصدر,https://cdn.shopify.com/s/files/1/0935/9550/0847/files/SVR_Ampoule_C_30ml_1_1615x1615_a3e2b945-89a1-4657-a67e-79283bf53df1.webp?v=1772367186,منتج SVR Ampoule C 30ML من SVR. التصنيف المرجعي: العناية بالبشرة. الحجم المذكور: 30 ML. الوسوم المرجعية: Even Skin Tone، Even Skin Tone / Pigmentation، Serums.,https://alfouadpharmacies.com/en/products/svr-ampoule-c-30ml,AlFouad Pharmacies,Verify usage rights before commercial publication,غير مثبت,غير مثبت,مرجعي فقط — غير معتمد للنشر التجاري,بيانات مرجعية متاحة؛ يلزم تحقق PM,ضمن الفحص المبدئي
12886371959087,svr-cicavit-lip-baume-10g,SVR Cicavit+ Lip Baume 10G,AlFouad Pharmacies,العناية بالبشرة,العناية بالبشرة,1,,115613,469,140.7,328.3,,متاح لدى المصدر,https://cdn.shopify.com/s/files/1/0935/9550/0847/files/SVRCICAVIT_LIPBAUME10G.webp?v=1772367358,منتج SVR Cicavit+ Lip Baume 10G من AlFouad Pharmacies. التصنيف المرجعي: العناية بالبشرة. الحجم المذكور: 10 G. الوسوم المرجعية: Dry Skin، Dryness، Lip، Lip Balm.,https://alfouadpharmacies.com/en/products/svr-cicavit-lip-baume-10g,AlFouad Pharmacies,Verify usage rights before commercial publication,غير مثبت,غير مثبت,مرجعي فقط — غير معتمد للنشر التجاري,بيانات مرجعية متاحة؛ يلزم تحقق PM,ضمن الفحص المبدئي
12885844427055,svr-sebiaclear-gel-moussant-200ml,SVR Sebiaclear Gel Moussant 200ml,SVR,العناية بالبشرة,العناية بالبشرة,1,,100908,669,200.7,468.3,,متاح لدى المصدر,https://cdn.shopify.com/s/files/1/0935/9550/0847/files/SVRSEBIACLEARGELMOUSSANT200ML2.webp?v=1772366221,منتج SVR Sebiaclear Gel Moussant 200ml من SVR. التصنيف المرجعي: العناية بالبشرة. الحجم المذكور: 200 ml. الوسوم المرجعية: Acne & Blemishes، Face Wash، Oily Skin، Pores.,https://alfouadpharmacies.com/en/products/svr-sebiaclear-gel-moussant-200ml,AlFouad Pharmacies,Verify usage rights before commercial publication,غير مثبت,غير مثبت,مرجعي فقط — غير معتمد للنشر التجاري,بيانات مرجعية متاحة؛ يلزم تحقق PM,ضمن الفحص المبدئي
12886564962607,svr-sebiaclear-hydra-cream-40ml,SVR Sebiaclear Hydra Cream 40ML,SVR,العناية بالبشرة,العناية بالبشرة,1,,115615,729,218.7,510.3,,متاح لدى المصدر,https://cdn.shopify.com/s/files/1/0935/9550/0847/files/SVRSEBIACLEARHYDRACREAM40ML.webp?v=1772367741,منتج SVR Sebiaclear Hydra Cream 40ML من SVR. التصنيف المرجعي: العناية بالبشرة. الحجم المذكور: 40 ML. الوسوم المرجعية: Moisturizer Cream، Moisturizers، Oily Skin، Smooth Texture.,https://alfouadpharmacies.com/en/products/svr-sebiaclear-hydra-cream-40ml,AlFouad Pharmacies,Verify usage rights before commercial publication,غير مثبت,غير مثبت,مرجعي فقط — غير معتمد للنشر التجاري,بيانات مرجعية متاحة؛ يلزم تحقق PM,ضمن الفحص المبدئي
12972401361199,svrxerial-10-lotion-200ml,SVR Xerial 10 Lotion 200ML,SVR,العناية بالبشرة,العناية بالبشرة | العناية بالجسم,2,,115619,999,299.7,699.3,,متاح لدى المصدر,https://cdn.shopify.com/s/files/1/0935/9550/0847/files/SVR_Xerial_10_Lotion_200ml_1615x1615_v2.webp?v=1772538715,منتج SVR Xerial 10 Lotion 200ML من SVR. التصنيف المرجعي: العناية بالبشرة. الحجم المذكور: 200 ML. الوسوم المرجعية: Body Lotion، Dry Skin، Dryness، Moisturizers.,https://alfouadpharmacies.com/en/products/svrxerial-10-lotion-200ml,AlFouad Pharmacies,Verify usage rights before commercial publication,غير مثبت,غير مثبت,مرجعي فقط — غير معتمد للنشر التجاري,بيانات مرجعية متاحة؛ يلزم تحقق PM,ضمن الفحص المبدئي
10569743368495,isis-neotone-lightening-eye-contour-15ml,آيسيس. نيونتون لإزالة الهالات السوداء حول العين 15 مل,isis,العناية بالبشرة,العناية بالبشرة,1,بسيط,24163,819,245.7,573.3,,متاح لدى المصدر,https://cdn.shopify.com/s/files/1/0935/9550/0847/files/Isis.-Neotone-Lightening-Eye-Contour-15ML.webp?v=1754298886,منتج آيسيس. نيونتون لإزالة الهالات السوداء حول العين 15 مل من isis. التصنيف المرجعي: العناية بالبشرة — بسيط. الوسوم المرجعية: Dark Circles & Puffiness، Eye & Lip، Eye Care، Eye Contour، Skin Care، Skin Concerns.,https://alfouadpharmacies.com/en/products/isis-neotone-lightening-eye-contour-15ml,AlFouad Pharmacies,Verify usage rights before commercial publication,غير مثبت,غير مثبت,مرجعي فقط — غير معتمد للنشر التجاري,بيانات مرجعية متاحة؛ يلزم تحقق PM,ضمن الفحص المبدئي
10569744449839,isis-uveblock-spf-50-spray-sensetive-200ml,آيسيس. يو في بلوك سبراي واقي من الشمس 50+ للبشرة الحساسة 200 مل,isis,العناية بالبشرة,العناية بالبشرة,1,واقي شمس ,88446,1439,431.7,1007.3,,متاح لدى المصدر,https://cdn.shopify.com/s/files/1/0935/9550/0847/files/1_-_2026-06-30T172141.176.webp?v=1782829313,منتج آيسيس. يو في بلوك سبراي واقي من الشمس 50+ للبشرة الحساسة 200 مل من isis. التصنيف المرجعي: العناية بالبشرة — واقي شمس . الوسوم المرجعية: Skin Care، Skin Concerns، SPF 50، Sun Care، Sunscreen، Sunscreen Spray.,https://alfouadpharmacies.com/en/products/isis-uveblock-spf-50-spray-sensetive-200ml,AlFouad Pharmacies,Verify usage rights before commercial publication,غير مثبت,غير مثبت,مرجعي فقط — غير معتمد للنشر التجاري,بيانات مرجعية متاحة؛ يلزم تحقق PM,ضمن الفحص المبدئي
10569744417071,isis-uveblock-spf-50-spray-kids-200ml,آيسيس. يو في بلوك سبراي واقي من الشمس للأطفال 50+  200 مل,isis,العناية بالبشرة,العناية بالبشرة | العناية بالأطفال,2,واقي شمس ,30168,1439,431.7,1007.3,,متاح لدى المصدر,https://cdn.shopify.com/s/files/1/0935/9550/0847/files/1_-_2026-06-30T171840.853.webp?v=1782829139,منتج آيسيس. يو في بلوك سبراي واقي من الشمس للأطفال 50+  200 مل من isis. التصنيف المرجعي: العناية بالبشرة — واقي شمس . الوسوم المرجعية: Kids Care، Kids Concerns، Kids Sunscreen، Skin Care، Skin Concerns، SPF 50، Sun Care، Sunscreen.,https://alfouadpharmacies.com/en/products/isis-uveblock-spf-50-spray-kids-200ml,AlFouad Pharmacies,Verify usage rights before commercial publication,غير مثبت,غير مثبت,مرجعي فقط — غير معتمد للنشر التجاري,بيانات مرجعية متاحة؛ يلزم تحقق PM,ضمن الفحص المبدئي
10569722462511,azha-deodrant-roll-on-yellow-60ml-11-off,أزها مزيل عرق رول أون أصفر 60 مل، عرض 1+1,AlFouad Pharmacies,العناية بالبشرة,العناية بالبشرة | العناية بالجسم,2,بسيط,12968,349,104.7,244.3,,غير متاح لدى المصدر,https://cdn.shopify.com/s/files/1/0935/9550/0847/files/Azha-Deodrant-Roll-On-Yellow-60ML-11-Off.webp?v=1754299185,منتج أزها مزيل عرق رول أون أصفر 60 مل، عرض 1+1 من AlFouad Pharmacies. التصنيف المرجعي: العناية بالبشرة — بسيط. الوسوم المرجعية: Body Care، Body Concerns، Body Offers، Deodrant، Even Skin Tone / Pigmentation.,https://alfouadpharmacies.com/en/products/azha-deodrant-roll-on-yellow-60ml-11-off,AlFouad Pharmacies,Verify usage rights before commercial publication,غير مثبت,غير مثبت,مرجعي فقط — غير معتمد للنشر التجاري,بيانات مرجعية متاحة؛ يلزم تحقق PM,ضمن الفحص المبدئي
10569721872687,azha-deodrant-roll-on-pink-60ml-11-off,أزها مزيل عرق رول أون وردي 60 مل، عرض 1+1 مجاناً,AlFouad Pharmacies,العناية بالبشرة,العناية بالبشرة | العناية بالجسم,2,بسيط,7576,349,104.7,244.3,,متاح لدى المصدر,https://cdn.shopify.com/s/files/1/0935/9550/0847/files/Azha-Deodrant-Roll-On-Pink-60ml-11-Off.webp?v=1754299196,منتج أزها مزيل عرق رول أون وردي 60 مل، عرض 1+1 مجاناً من AlFouad Pharmacies. التصنيف المرجعي: العناية بالبشرة — بسيط. الوسوم المرجعية: Body Care، Body Concerns، Body Offers، Deodrant، Even Skin Tone / Pigmentation.,https://alfouadpharmacies.com/en/products/azha-deodrant-roll-on-pink-60ml-11-off,AlFouad Pharmacies,Verify usage rights before commercial publication,غير مثبت,غير مثبت,مرجعي فقط — غير معتمد للنشر التجاري,بيانات مرجعية متاحة؛ يلزم تحقق PM,ضمن الفحص المبدئي
12689796006191,azha-vitamin-c-serum-10-30ml-11-off,أزها مصل فيتامين سي 10% 30 مل، عرض 1+1,AlFouad Pharmacies,العناية بالبشرة,العناية بالبشرة,1,بسيط,9521,349,104.7,244.3,,غير متاح لدى المصدر,https://cdn.shopify.com/s/files/1/0935/9550/0847/files/Azha-C-Serum-10-Vitamin-C-30ml-11-offer-3.webp?v=1772347628,منتج أزها مصل فيتامين سي 10% 30 مل، عرض 1+1 من AlFouad Pharmacies. التصنيف المرجعي: العناية بالبشرة — بسيط. الوسوم المرجعية: Dark Spots، Skin Care، Skin Concerns، Skincare Offers.,https://alfouadpharmacies.com/en/products/azha-vitamin-c-serum-10-30ml-11-off,AlFouad Pharmacies,Verify usage rights before commercial publication,غير مثبت,غير مثبت,مرجعي فقط — غير معتمد للنشر التجاري,بيانات مرجعية متاحة؛ يلزم تحقق PM,ضمن الفحص المبدئي
10569736519983,avene-cleanance-comedomed-30ml,أفين كليناس كوميدوميد 30 مل,Avene,العناية بالبشرة,العناية بالبشرة,1,بسيط,98952,999,299.7,699.3,,متاح لدى المصدر,https://cdn.shopify.com/s/files/1/0935/9550/0847/files/Avene_Cleanance_Comedomed.webp?v=1785739457,منتج أفين كليناس كوميدوميد 30 مل من Avene. التصنيف المرجعي: العناية بالبشرة — بسيط. الوسوم المرجعية: Acne & Blemishes، Oily Skin، Skin Care، Skin Concerns، Treatment Cream، Treatments.,https://alfouadpharmacies.com/en/products/avene-cleanance-comedomed-30ml,AlFouad Pharmacies,Verify usage rights before commercial publication,غير مثبت,غير مثبت,مرجعي فقط — غير معتمد للنشر التجاري,بيانات مرجعية متاحة؛ يلزم تحقق PM,ضمن الفحص المبدئي
12689756881199,avene-cleanance-hydra-cream-40ml,أفين كليناس هيدرا كريم 40 مل,Avene,العناية بالبشرة,العناية بالبشرة,1,علاج للبشره,111510,719,215.7,503.3,,متاح لدى المصدر,https://cdn.shopify.com/s/files/1/0935/9550/0847/files/691.webp?v=1780831335,منتج أفين كليناس هيدرا كريم 40 مل من Avene. التصنيف المرجعي: العناية بالبشرة — علاج للبشره. الوسوم المرجعية: Dehydrated Skin، Moisturizer Cream، Moisturizers، Oily Skin، Skin Care، Skin Concerns.,https://alfouadpharmacies.com/en/products/avene-cleanance-hydra-cream-40ml,AlFouad Pharmacies,Verify usage rights before commercial publication,غير مثبت,غير مثبت,مرجعي فقط — غير معتمد للنشر التجاري,بيانات مرجعية متاحة؛ يلزم تحقق PM,ضمن الفحص المبدئي
10569736814895,avene-sun-50ml-fluid-tinted-50-spf-50ml,أفين واقي شمس سائل ملون 50 مل، درجة حماية 50 SPF.,Avene,العناية بالبشرة,العناية بالبشرة,1,بسيط,104721,1025,307.5,717.5,,متاح لدى المصدر,https://cdn.shopify.com/s/files/1/0935/9550/0847/files/avenesun50mlfuildtinted_jpeghandmodel_jpg.webp?v=1785928466,منتج أفين واقي شمس سائل ملون 50 مل، درجة حماية 50 SPF. من Avene. التصنيف المرجعي: العناية بالبشرة — بسيط. الوسوم المرجعية: Skin Care، Skin Concerns، SPF 50، Sun Care، Sunscreen، Sunscreen Fluid، Sunscreen Tinted.,https://alfouadpharmacies.com/en/products/avene-sun-50ml-fluid-tinted-50-spf-50ml,AlFouad Pharmacies,Verify usage rights before commercial publication,غير مثبت,غير مثبت,مرجعي فقط — غير معتمد للنشر التجاري,بيانات مرجعية متاحة؛ يلزم تحقق PM,ضمن الفحص المبدئي
16140068585775,أقراص-سباركل-بلس-للبشرة-والشعر-والأظافر-28-عنصراً-مغذياً-100-قرص,أقراص سباركل بلس للبشرة والشعر والأظافر 28 عنصراً مغذياً (100 قرص),SofiLife,العناية بالبشرة,العناية بالبشرة | العناية بالشعر,2, للبشرة والشعر والأظافر,117899,1050,315,735,,متاح لدى المصدر,https://cdn.shopify.com/s/files/1/0935/9550/0847/files/sparkle_plus_1615x1615_a5a3c989-9f09-47c0-8ff5-c83abf1f35fc.webp?v=1787724285,منتج أقراص سباركل بلس للبشرة والشعر والأظافر 28 عنصراً مغذياً (100 قرص) من SofiLife. التصنيف المرجعي: العناية بالبشرة —  للبشرة والشعر والأظافر. الوسوم المرجعية: Hair Care، Nails، Skin & Hair Care، Skin Care، Vitamins.,https://alfouadpharmacies.com/en/products/أقراص-سباركل-بلس-للبشرة-والشعر-والأظافر-28-عنصراً-مغذياً-100-قرص,AlFouad Pharmacies,Verify usage rights before commercial publication,غير مثبت,غير مثبت,مرجعي فقط — غير معتمد للنشر التجاري,بيانات مرجعية متاحة؛ يلزم تحقق PM,ضمن الفحص المبدئي
10569830629679,the-ordinary-alpha-arbutin-30ml,ألفا أربوتين من ذا أورديناري 30 مل,The Ordinary,العناية بالبشرة,العناية بالبشرة,1,سيرم,83026,1899,569.7,1329.3,0,متاح لدى المصدر,https://cdn.shopify.com/s/files/1/0935/9550/0847/files/1_-_2026-07-06T165541.826.webp?v=1783346176,منتج ألفا أربوتين من ذا أورديناري 30 مل من The Ordinary. التصنيف المرجعي: العناية بالبشرة — سيرم. الوسوم المرجعية: Dark Spots، Even Skin Tone، Serums، Skin Care، Skin Concerns، Treatments.,https://alfouadpharmacies.com/en/products/the-ordinary-alpha-arbutin-30ml,AlFouad Pharmacies,Verify usage rights before commercial publication,غير مثبت,غير مثبت,مرجعي فقط — غير معتمد للنشر التجاري,بيانات مرجعية متاحة؛ يلزم تحقق PM,ضمن الفحص المبدئي
12689796432175,alejon-eye-contour-with-concealer-30ml,أليجون تحديد العيون مع كريم مخفي 30 مل,ALEJON,العناية بالبشرة,العناية بالبشرة,1,بسيط,14034,320,96,224,,غير متاح لدى المصدر,https://cdn.shopify.com/s/files/1/0935/9550/0847/files/alejon_eye_cream_ecommerce.webp?v=1771832645,منتج أليجون تحديد العيون مع كريم مخفي 30 مل من ALEJON. التصنيف المرجعي: العناية بالبشرة — بسيط. الوسوم المرجعية: Dark Circles & Puffiness، Eye & Lip، Eye Care، Eye Contour، Skin Care، Skin Concerns.,https://alfouadpharmacies.com/en/products/alejon-eye-contour-with-concealer-30ml,AlFouad Pharmacies,Verify usage rights before commercial publication,غير مثبت,غير مثبت,مرجعي فقط — غير معتمد للنشر التجاري,بيانات مرجعية متاحة؛ يلزم تحقق PM,ضمن الفحص المبدئي
12689552834863,centella-ampoule-foam-125ml,أمبولات رغوية بخلاصة السنتيلا 125 مل ,korean product,العناية بالبشرة,العناية بالبشرة | الجمال الكوري,2,,113953,1500,450,1050,,متاح لدى المصدر,https://cdn.shopify.com/s/files/1/0935/9550/0847/files/skin1004_centella_poremizing_foam_ecommerce_standard.webp?v=1771834297,منتج أمبولات رغوية بخلاصة السنتيلا 125 مل  من korean product. التصنيف المرجعي: العناية بالبشرة. الوسوم المرجعية: Dark Spots، Even Skin Tone، Even Skin Tone / Pigmentation، Face Wash، korean product، Sensetive Skin.,https://alfouadpharmacies.com/en/products/centella-ampoule-foam-125ml,AlFouad Pharmacies,Verify usage rights before commercial publication,غير مثبت,غير مثبت,مرجعي فقط — غير معتمد للنشر التجاري,بيانات مرجعية متاحة؛ يلزم تحقق PM,ضمن الفحص المبدئي
12689553883439,anua-pdrn-hyaluron-serum-30ml,أنوا بي دي آر إن + سيروم هيالورون 30 مل ,korean product,العناية بالبشرة,العناية بالبشرة | الجمال الكوري,2,,113916,1850,555,1295,,متاح لدى المصدر,https://cdn.shopify.com/s/files/1/0935/9550/0847/files/anua_pdrn100_ecommerce_standard.webp?v=1771831324,منتج أنوا بي دي آر إن + سيروم هيالورون 30 مل  من korean product. التصنيف المرجعي: العناية بالبشرة. الوسوم المرجعية: Anti-aging Cream، Fine Lines & Wrinkles، korean product، Serums، Skin Care، Treatments.,https://alfouadpharmacies.com/en/products/anua-pdrn-hyaluron-serum-30ml,AlFouad Pharmacies,Verify usage rights before commercial publication,غير مثبت,غير مثبت,مرجعي فقط — غير معتمد للنشر التجاري,بيانات مرجعية متاحة؛ يلزم تحقق PM,ضمن الفحص المبدئي
12689553981743,anua-peach-70-niacin-serum-30ml,أنوا بيتش 70 + مصل النياسين 30 مل ,korean product,العناية بالبشرة,العناية بالبشرة | الجمال الكوري,2,,113898,1800,540,1260,,متاح لدى المصدر,https://cdn.shopify.com/s/files/1/0935/9550/0847/files/anua_peach70_ecommerce_standard.webp?v=1771830077,منتج أنوا بيتش 70 + مصل النياسين 30 مل  من korean product. التصنيف المرجعي: العناية بالبشرة. الوسوم المرجعية: Dark Spots، korean product، Serums، Skin Care.,https://alfouadpharmacies.com/en/products/anua-peach-70-niacin-serum-30ml,AlFouad Pharmacies,Verify usage rights before commercial publication,غير مثبت,غير مثبت,مرجعي فقط — غير معتمد للنشر التجاري,بيانات مرجعية متاحة؛ يلزم تحقق PM,ضمن الفحص المبدئي
12689553948975,anua-azelaic-acid-10-hyaluron-serum-30ml,أنوا حمض الأزيليك 10 + مصل الهيالورونيك 30 مل ,korean product,العناية بالبشرة,العناية بالبشرة | الجمال الكوري,2,,113899,1800,540,1260,,متاح لدى المصدر,https://cdn.shopify.com/s/files/1/0935/9550/0847/files/anua_azelaic10_ecommerce_standard.webp?v=1771830156,منتج أنوا حمض الأزيليك 10 + مصل الهيالورونيك 30 مل  من korean product. التصنيف المرجعي: العناية بالبشرة. الوسوم المرجعية: korean product، Sensetive Skin، Sensitive Skin / Redness، Serums، Skin Care.,https://alfouadpharmacies.com/en/products/anua-azelaic-acid-10-hyaluron-serum-30ml,AlFouad Pharmacies,Verify usage rights before commercial publication,غير مثبت,غير مثبت,مرجعي فقط — غير معتمد للنشر التجاري,بيانات مرجعية متاحة؛ يلزم تحقق PM,ضمن الفحص المبدئي
12689553916207,anua-heartleaf-bha-cleansing-foam-150ml,أنوا هارت ليف + رغوة التنظيف BHA 150 مل ,korean product,العناية بالبشرة,العناية بالبشرة | الجمال الكوري,2,,113913,1570,471,1099,,متاح لدى المصدر,https://cdn.shopify.com/s/files/1/0935/9550/0847/files/anua_heartleaf_foam_ecommerce_standard.webp?v=1771831234,منتج أنوا هارت ليف + رغوة التنظيف BHA 150 مل  من korean product. التصنيف المرجعي: العناية بالبشرة. الوسوم المرجعية: Exfoliators، Face Wash، korean product، Oily Skin، Pores، Skin Care.,https://alfouadpharmacies.com/en/products/anua-heartleaf-bha-cleansing-foam-150ml,AlFouad Pharmacies,Verify usage rights before commercial publication,غير مثبت,غير مثبت,مرجعي فقط — غير معتمد للنشر التجاري,بيانات مرجعية متاحة؛ يلزم تحقق PM,ضمن الفحص المبدئي
10588057469231,acm-duolys-ce-serum-15ml,أيه سي إم دووليس سي سيروم 15 مل,ACM,العناية بالبشرة,العناية بالبشرة,1, سيروم الوجه,91847,465,139.5,325.5,465,غير متاح لدى المصدر,https://cdn.shopify.com/s/files/1/0935/9550/0847/files/Group_1_44_6135a67c-c1b3-449b-a7ed-b400cb0673f5.webp?v=1781941891,منتج أيه سي إم دووليس سي سيروم 15 مل من ACM. التصنيف المرجعي: العناية بالبشرة —  سيروم الوجه. الوسوم المرجعية: Serums، Skin Care.,https://alfouadpharmacies.com/en/products/acm-duolys-ce-serum-15ml,AlFouad Pharmacies,Verify usage rights before commercial publication,غير مثبت,غير مثبت,مرجعي فقط — غير معتمد للنشر التجاري,بيانات مرجعية متاحة؛ يلزم تحقق PM,ضمن الفحص المبدئي
10570010329391,leylak-whitening-emulsion-50ml,إملاشن ليلك لتفتيح البشرة 50 مل,AlFouad Pharmacies,العناية بالبشرة,العناية بالبشرة | العناية بالجسم,2,بسيط,112920,299,89.7,209.3,,غير متاح لدى المصدر,https://cdn.shopify.com/s/files/1/0935/9550/0847/files/leylak-whitening-emulsion-50ml.webp?v=1754297069,منتج إملاشن ليلك لتفتيح البشرة 50 مل من AlFouad Pharmacies. التصنيف المرجعي: العناية بالبشرة — بسيط. الوسوم المرجعية: Body Care، Body Concerns، Body Lotion، Even Skin Tone / Pigmentation، Sensetive Skin.,https://alfouadpharmacies.com/en/products/leylak-whitening-emulsion-50ml,AlFouad Pharmacies,Verify usage rights before commercial publication,غير مثبت,غير مثبت,مرجعي فقط — غير معتمد للنشر التجاري,بيانات مرجعية متاحة؛ يلزم تحقق PM,ضمن الفحص المبدئي
12689794498863,infinity-hyalu-collagen-eye-contour-30ml,إنفينيتي هاليول كولاجين تحديد محيط العين 30 مل,Infinity,العناية بالبشرة,العناية بالبشرة,1,بسيط,,370,111,259,,غير متاح لدى المصدر,https://cdn.shopify.com/s/files/1/0935/9550/0847/files/Infinity_Hyalu_Collagen_Eye_Contour_30gm_1615x1615_1.webp?v=1771934922,منتج إنفينيتي هاليول كولاجين تحديد محيط العين 30 مل من Infinity. التصنيف المرجعي: العناية بالبشرة — بسيط. الوسوم المرجعية: Eye & Lip، Eye Care، Eye Contour، Skin Care.,https://alfouadpharmacies.com/en/products/infinity-hyalu-collagen-eye-contour-30ml,AlFouad Pharmacies,Verify usage rights before commercial publication,غير مثبت,غير مثبت,مرجعي فقط — غير معتمد للنشر التجاري,بيانات مرجعية متاحة؛ يلزم تحقق PM,ضمن الفحص المبدئي
10569743171887,isis-aqua-ruboril-micellar-sensitive-skin-250ml,إيزيس فارما أكواروبيوريل ماء ميسيلار مهدئ للبشرة الحساسة 250 مل,isis,العناية بالبشرة,العناية بالبشرة,1,ماء ميسيلار,94816,615,184.5,430.5,,غير متاح لدى المصدر,https://cdn.shopify.com/s/files/1/0935/9550/0847/files/1_-_2026-06-30T132055.131.webp?v=1782814893,منتج إيزيس فارما أكواروبيوريل ماء ميسيلار مهدئ للبشرة الحساسة 250 مل من isis. التصنيف المرجعي: العناية بالبشرة — ماء ميسيلار. الوسوم المرجعية: Cleanser، Makeup Removers، Sensitive Skin / Redness، Skin Care، Skin Concerns.,https://alfouadpharmacies.com/en/products/isis-aqua-ruboril-micellar-sensitive-skin-250ml,AlFouad Pharmacies,Verify usage rights before commercial publication,غير مثبت,غير مثبت,مرجعي فقط — غير معتمد للنشر التجاري,بيانات مرجعية متاحة؛ يلزم تحقق PM,ضمن الفحص المبدئي
10569743860015,isis-teen-derm-micellar-aqua-200-250-ml,إيزيس فارما تين ديرم أكوا محلول ميسيلار للبشرة الدهنية والمعرضة للحبوب 250 مل,isis,العناية بالبشرة,العناية بالبشرة,1,ميسيلار,81696,339,101.7,237.3,,غير متاح لدى المصدر,https://cdn.shopify.com/s/files/1/0935/9550/0847/files/1_-_2026-06-30T160927.310.webp?v=1782824992,منتج إيزيس فارما تين ديرم أكوا محلول ميسيلار للبشرة الدهنية والمعرضة للحبوب 250 مل من isis. التصنيف المرجعي: العناية بالبشرة — ميسيلار. الوسوم المرجعية: Acne & Blemishes، Cleanser، Makeup Removers، Oily Skin، Pores، Skin Care، Skin Concerns.,https://alfouadpharmacies.com/en/products/isis-teen-derm-micellar-aqua-200-250-ml,AlFouad Pharmacies,Verify usage rights before commercial publication,غير مثبت,غير مثبت,مرجعي فقط — غير معتمد للنشر التجاري,بيانات مرجعية متاحة؛ يلزم تحقق PM,ضمن الفحص المبدئي
10569743696175,isis-teen-derm-alpha-pure-30ml,إيزيس فارما تين ديرم ألفا بيور للعناية المكثفة بالحبوب والشوائب 30 مل,isis,العناية بالبشرة,العناية بالبشرة,1,عنايه بالبشره ,110442,399,119.7,279.3,,غير متاح لدى المصدر,https://cdn.shopify.com/s/files/1/0935/9550/0847/files/1_-_2026-06-30T143046.260.webp?v=1782819123,منتج إيزيس فارما تين ديرم ألفا بيور للعناية المكثفة بالحبوب والشوائب 30 مل من isis. التصنيف المرجعي: العناية بالبشرة — عنايه بالبشره . الوسوم المرجعية: Acne & Blemishes، Oily Skin، Pores، Skin Care، Skin Concerns، Treatment Cream، Treatments.,https://alfouadpharmacies.com/en/products/isis-teen-derm-alpha-pure-30ml,AlFouad Pharmacies,Verify usage rights before commercial publication,غير مثبت,غير مثبت,مرجعي فقط — غير معتمد للنشر التجاري,بيانات مرجعية متاحة؛ يلزم تحقق PM,ضمن الفحص المبدئي
10569743761711,isis-teen-derm-gel-sensitive-400ml,إيزيس فارما تين ديرم جل سينسيتيف غسول منقي للبشرة الحساسة والمعرضة للحبوب 400 مل,isis,العناية بالبشرة,العناية بالبشرة,1,غسول ,84848,975,292.5,682.5,,متاح لدى المصدر,https://cdn.shopify.com/s/files/1/0935/9550/0847/files/1_-_2026-06-30T150719.827.webp?v=1782821340,منتج إيزيس فارما تين ديرم جل سينسيتيف غسول منقي للبشرة الحساسة والمعرضة للحبوب 400 مل من isis. التصنيف المرجعي: العناية بالبشرة — غسول . الوسوم المرجعية: Acne & Blemishes، Cleanser، Face Wash، Oily Skin، Pores، Skin Care، Skin Concerns.,https://alfouadpharmacies.com/en/products/isis-teen-derm-gel-sensitive-400ml,AlFouad Pharmacies,Verify usage rights before commercial publication,غير مثبت,غير مثبت,مرجعي فقط — غير معتمد للنشر التجاري,بيانات مرجعية متاحة؛ يلزم تحقق PM,ضمن الفحص المبدئي
10569743794479,isis-teen-derm-k-concentrate-30-ml,إيزيس فارما تين ديرم كيه كونسنتريه للعناية المكثفة بالحبوب والشوائب 30 مل,isis,العناية بالبشرة,العناية بالبشرة,1,كريم ,97561,699,209.7,489.3,,متاح لدى المصدر,https://cdn.shopify.com/s/files/1/0935/9550/0847/files/1_-_2026-06-30T160514.153.webp?v=1782824761,منتج إيزيس فارما تين ديرم كيه كونسنتريه للعناية المكثفة بالحبوب والشوائب 30 مل من isis. التصنيف المرجعي: العناية بالبشرة — كريم . الوسوم المرجعية: Acne & Blemishes، Oily Skin، Pores، Skin Care، Skin Concerns، Treatment Cream، Treatments.,https://alfouadpharmacies.com/en/products/isis-teen-derm-k-concentrate-30-ml,AlFouad Pharmacies,Verify usage rights before commercial publication,غير مثبت,غير مثبت,مرجعي فقط — غير معتمد للنشر التجاري,بيانات مرجعية متاحة؛ يلزم تحقق PM,ضمن الفحص المبدئي
10569743499567,isis-ruboril-expert-spf50-tube-40ml,إيزيس فارما روبوريل إكسبيرت SPF50+ كريم ملون مضاد للاحمرار 40 مل,isis,العناية بالبشرة,العناية بالبشرة,1,واقي شمس ,81640,999,299.7,699.3,,متاح لدى المصدر,https://cdn.shopify.com/s/files/1/0935/9550/0847/files/1_-_2026-06-30T141449.212.webp?v=1782818114,منتج إيزيس فارما روبوريل إكسبيرت SPF50+ كريم ملون مضاد للاحمرار 40 مل من isis. التصنيف المرجعي: العناية بالبشرة — واقي شمس . الوسوم المرجعية: Day Cream، Dullness، Moisturizers، Sensitive Skin / Redness، Skin Care، Skin Concerns، SPF 50، Sun Care.,https://alfouadpharmacies.com/en/products/isis-ruboril-expert-spf50-tube-40ml,AlFouad Pharmacies,Verify usage rights before commercial publication,غير مثبت,غير مثبت,مرجعي فقط — غير معتمد للنشر التجاري,بيانات مرجعية متاحة؛ يلزم تحقق PM,ضمن الفحص المبدئي
10569743335727,isis-neotone-gel-exfoliating-150ml,إيزيس فارما نيوتون جل منظف ومقشر للتصبغات والبقع الداكنة 150 مل,isis,العناية بالبشرة,العناية بالبشرة,1,غسول تفتيح ,24358,719,215.7,503.3,,متاح لدى المصدر,https://cdn.shopify.com/s/files/1/0935/9550/0847/files/1_-_2026-06-30T133022.379.webp?v=1782815459,منتج إيزيس فارما نيوتون جل منظف ومقشر للتصبغات والبقع الداكنة 150 مل من isis. التصنيف المرجعي: العناية بالبشرة — غسول تفتيح . الوسوم المرجعية: Cleanser، Dark Spots، Even Skin Tone، Exfoliators، Skin Care، Skin Concerns.,https://alfouadpharmacies.com/en/products/isis-neotone-gel-exfoliating-150ml,AlFouad Pharmacies,Verify usage rights before commercial publication,غير مثبت,غير مثبت,مرجعي فقط — غير معتمد للنشر التجاري,بيانات مرجعية متاحة؛ يلزم تحقق PM,ضمن الفحص المبدئي
10569743466799,isis-neotone-serum-30ml,إيزيس فارما نيوتون سيروم المكثف لتصحيح البقع الداكنة 30 مل,isis,العناية بالبشرة,العناية بالبشرة,1,سيرم ,5354,1179,353.7,825.3,,متاح لدى المصدر,https://cdn.shopify.com/s/files/1/0935/9550/0847/files/1_-_2026-06-30T113055.399.webp?v=1782808402,منتج إيزيس فارما نيوتون سيروم المكثف لتصحيح البقع الداكنة 30 مل من isis. التصنيف المرجعي: العناية بالبشرة — سيرم . الوسوم المرجعية: Dark Spots، Even Skin Tone، Serums، Skin Care، Skin Concerns، Treatments.,https://alfouadpharmacies.com/en/products/isis-neotone-serum-30ml,AlFouad Pharmacies,Verify usage rights before commercial publication,غير مثبت,غير مثبت,مرجعي فقط — غير معتمد للنشر التجاري,بيانات مرجعية متاحة؛ يلزم تحقق PM,ضمن الفحص المبدئي
12689565221167,isis-teen-derm-hydra-40ml,إيزيس. تين ديرم هيدرا 40 مل,isis,العناية بالبشرة,العناية بالبشرة,1,مرطب ,33566,715,214.5,500.5,,متاح لدى المصدر,https://cdn.shopify.com/s/files/1/0935/9550/0847/files/1_-_2026-06-30T155956.849.webp?v=1782824545,منتج إيزيس. تين ديرم هيدرا 40 مل من isis. التصنيف المرجعي: العناية بالبشرة — مرطب . الوسوم المرجعية: Moisturizer Gel، Moisturizers، Skin Care، Skin Concerns.,https://alfouadpharmacies.com/en/products/isis-teen-derm-hydra-40ml,AlFouad Pharmacies,Verify usage rights before commercial publication,غير مثبت,غير مثبت,مرجعي فقط — غير معتمد للنشر التجاري,بيانات مرجعية متاحة؛ يلزم تحقق PM,ضمن الفحص المبدئي
10569743991087,isis-unitone-4-white-cream-30ml,إيزيس. كريم يوني تون 4 لتفتيح البشرة 30 مل,isis,العناية بالبشرة,العناية بالبشرة,1,كريم تفتيح ,84624,1015,304.5,710.5,,غير متاح لدى المصدر,https://cdn.shopify.com/s/files/1/0935/9550/0847/files/1_-_2026-06-30T162842.251.webp?v=1782826158,منتج إيزيس. كريم يوني تون 4 لتفتيح البشرة 30 مل من isis. التصنيف المرجعي: العناية بالبشرة — كريم تفتيح . الوسوم المرجعية: Dark Spots، Even Skin Tone، Moisturizers، Skin Care، Skin Concerns، Whitining Cream.,https://alfouadpharmacies.com/en/products/isis-unitone-4-white-cream-30ml,AlFouad Pharmacies,Verify usage rights before commercial publication,غير مثبت,غير مثبت,مرجعي فقط — غير معتمد للنشر التجاري,بيانات مرجعية متاحة؛ يلزم تحقق PM,ضمن الفحص المبدئي
10569744318767,isis-uveblock-spf-50-lotion-100ml,إيزيس. لوشن يو في بلوك SPF 50+ 100 مل,isis,العناية بالبشرة,العناية بالبشرة,1,واقي شمس,103832,1185,355.5,829.5,,متاح لدى المصدر,https://cdn.shopify.com/s/files/1/0935/9550/0847/files/1_-_2026-06-30T171559.000.webp?v=1782828970,منتج إيزيس. لوشن يو في بلوك SPF 50+ 100 مل من isis. التصنيف المرجعي: العناية بالبشرة — واقي شمس. الوسوم المرجعية: Skin Care، Skin Concerns، SPF 50، Sun Care، Sunscreen، Sunscreen Lotion.,https://alfouadpharmacies.com/en/products/isis-uveblock-spf-50-lotion-100ml,AlFouad Pharmacies,Verify usage rights before commercial publication,غير مثبت,غير مثبت,مرجعي فقط — غير معتمد للنشر التجاري,بيانات مرجعية متاحة؛ يلزم تحقق PM,ضمن الفحص المبدئي
10569743401263,isis-neotone-radiance-50spf-30-ml,إيزيس. نيو تون راديانس 50+ SPF 30 مل,isis,العناية بالبشرة,العناية بالبشرة,1,بسيط,85593,1285,385.5,899.5,,متاح لدى المصدر,https://cdn.shopify.com/s/files/1/0935/9550/0847/files/1_-_2026-06-30T134832.491.webp?v=1782817043,منتج إيزيس. نيو تون راديانس 50+ SPF 30 مل من isis. التصنيف المرجعي: العناية بالبشرة — بسيط. الوسوم المرجعية: Dark Spots، Day Cream، Even Skin Tone، Moisturizers، Skin Care، Skin Concerns، SPF 50، Sun Care.,https://alfouadpharmacies.com/en/products/isis-neotone-radiance-50spf-30-ml,AlFouad Pharmacies,Verify usage rights before commercial publication,غير مثبت,غير مثبت,مرجعي فقط — غير معتمد للنشر التجاري,بيانات مرجعية متاحة؛ يلزم تحقق PM,ضمن الفحص المبدئي
10569743434031,isis-neotone-sensitive-30ml,إيزيس. نيو تون للبشرة الحساسة 30 مل,isis,العناية بالبشرة,العناية بالبشرة,1,    كريمات تفتيح البشرة,5708,1025,307.5,717.5,,متاح لدى المصدر,https://cdn.shopify.com/s/files/1/0935/9550/0847/files/Group_1_copy_6b8d2909-0051-4ec4-a76f-441eefc4d6a5.webp?v=1781429413,منتج إيزيس. نيو تون للبشرة الحساسة 30 مل من isis. التصنيف المرجعي: العناية بالبشرة —     كريمات تفتيح البشرة. الوسوم المرجعية: Dark Spots، Even Skin Tone، Moisturizers، Sensitive Skin / Redness، Skin Care، Skin Concerns، Whitining Cream.,https://alfouadpharmacies.com/en/products/isis-neotone-sensitive-30ml,AlFouad Pharmacies,Verify usage rights before commercial publication,غير مثبت,غير مثبت,مرجعي فقط — غير معتمد للنشر التجاري,بيانات مرجعية متاحة؛ يلزم تحقق PM,ضمن الفحص المبدئي
10569744122159,isis-uveblock-spf-50-fluid-tinted-dry-touch-40ml,إيزيس. يو في بلوك سائل ذو لمسة جافة، درجة حماية 50+، 40 مل.,isis,العناية بالبشرة,العناية بالبشرة,1,بسيط,99102,1025,307.5,717.5,,متاح لدى المصدر,https://cdn.shopify.com/s/files/1/0935/9550/0847/files/Isis.-Uveblock-Spf-50-Fluid-Tinted-Dry-Touch-40ML.webp?v=1754298873,منتج إيزيس. يو في بلوك سائل ذو لمسة جافة، درجة حماية 50+، 40 مل. من isis. التصنيف المرجعي: العناية بالبشرة — بسيط. الوسوم المرجعية: Even Skin Tone، Oily Skin، Skin Care، Skin Concerns، SPF 50، Sun Care، Sunscreen، Sunscreen Fluid.,https://alfouadpharmacies.com/en/products/isis-uveblock-spf-50-fluid-tinted-dry-touch-40ml,AlFouad Pharmacies,Verify usage rights before commercial publication,غير مثبت,غير مثبت,مرجعي فقط — غير معتمد للنشر التجاري,بيانات مرجعية متاحة؛ يلزم تحقق PM,ضمن الفحص المبدئي
12689565188399,isis-uveblock-spf-50-light-tinted-dry-touch-40ml,إيزيس. يوف بلوك SPF 50+، لون فاتح، جاف الملمس، 40 مل ,isis,العناية بالبشرة,العناية بالبشرة,1,,82951,1025,307.5,717.5,,متاح لدى المصدر,https://cdn.shopify.com/s/files/1/0935/9550/0847/files/ISISPHARMA_Uveblock50_Tinted_1615x1615_bc2026fc-3c7b-4b82-ba06-28e156bb18e4.webp?v=1771760571,منتج إيزيس. يوف بلوك SPF 50+، لون فاتح، جاف الملمس، 40 مل  من isis. التصنيف المرجعي: العناية بالبشرة. الوسوم المرجعية: Skin Care، Sun Care.,https://alfouadpharmacies.com/en/products/isis-uveblock-spf-50-light-tinted-dry-touch-40ml,AlFouad Pharmacies,Verify usage rights before commercial publication,غير مثبت,غير مثبت,مرجعي فقط — غير معتمد للنشر التجاري,بيانات مرجعية متاحة؛ يلزم تحقق PM,ضمن الفحص المبدئي
10569744285999,isis-uveblock-spf-50-fluide-invisible-40ml,إيزيس. يوڤي بلوك سيف 50+ سائل شفاف 40 مل,isis,العناية بالبشرة,العناية بالبشرة,1,واقي شمس ,91201,975,292.5,682.5,,متاح لدى المصدر,https://cdn.shopify.com/s/files/1/0935/9550/0847/files/Group_1_9abc68f4-1156-4b35-ad7f-f1198c3bc7c7.webp?v=1783321090,منتج إيزيس. يوڤي بلوك سيف 50+ سائل شفاف 40 مل من isis. التصنيف المرجعي: العناية بالبشرة — واقي شمس . الوسوم المرجعية: Oily Skin، Skin Care، Skin Concerns، SPF 50، Sun Care، Sunscreen، Sunscreen Fluid.,https://alfouadpharmacies.com/en/products/isis-uveblock-spf-50-fluide-invisible-40ml,AlFouad Pharmacies,Verify usage rights before commercial publication,غير مثبت,غير مثبت,مرجعي فقط — غير معتمد للنشر التجاري,بيانات مرجعية متاحة؛ يلزم تحقق PM,ضمن الفحص المبدئي
10569743958319,isis-unitone-4-advanced-serum-15ml,إيزيس. يوني تون 4 سيروم متطور 15 مل,isis,العناية بالبشرة,العناية بالبشرة,1,بسيط,91849,1329,398.7,930.3,,غير متاح لدى المصدر,https://cdn.shopify.com/s/files/1/0935/9550/0847/files/Isis.-Unitone-4-Advanced-Serum-15ML.webp?v=1754298877,منتج إيزيس. يوني تون 4 سيروم متطور 15 مل من isis. التصنيف المرجعي: العناية بالبشرة — بسيط. الوسوم المرجعية: Dark Spots، Even Skin Tone، Serums، Skin Care، Skin Concerns، Treatments.,https://alfouadpharmacies.com/en/products/isis-unitone-4-advanced-serum-15ml,AlFouad Pharmacies,Verify usage rights before commercial publication,غير مثبت,غير مثبت,مرجعي فقط — غير معتمد للنشر التجاري,بيانات مرجعية متاحة؛ يلزم تحقق PM,ضمن الفحص المبدئي
10569722822959,eva-natural-glow-roll-on-60ml-active-fresh,إيفا رول أون لتفتيح البشرة بشكل طبيعي 60 مل، منعش للغاية,AlFouad Pharmacies,العناية بالبشرة,العناية بالبشرة | العناية بالجسم,2,بسيط,1574,100,30,70,,متاح لدى المصدر,https://cdn.shopify.com/s/files/1/0935/9550/0847/files/Eva-Natural-Glow-Roll-On-60ml-Active-Fresh.webp?v=1754299180,منتج إيفا رول أون لتفتيح البشرة بشكل طبيعي 60 مل، منعش للغاية من AlFouad Pharmacies. التصنيف المرجعي: العناية بالبشرة — بسيط. الوسوم المرجعية: Body Care، Body Concerns، Deodrant، Even Skin Tone / Pigmentation.,https://alfouadpharmacies.com/en/products/eva-natural-glow-roll-on-60ml-active-fresh,AlFouad Pharmacies,Verify usage rights before commercial publication,غير مثبت,غير مثبت,مرجعي فقط — غير معتمد للنشر التجاري,بيانات مرجعية متاحة؛ يلزم تحقق PM,ضمن الفحص المبدئي
10569722528047,eva-natural-glow-roll-on-60ml-velvet-touch,إيفا رول أون ناتشورال جلو 60 مل لمسة مخملية,AlFouad Pharmacies,العناية بالبشرة,العناية بالبشرة | العناية بالجسم,2,بسيط,8688,100,30,70,,متاح لدى المصدر,https://cdn.shopify.com/s/files/1/0935/9550/0847/files/Eva-Natural-Glow-Roll-On-60ml-Velvet-Touch.webp?v=1754299184,منتج إيفا رول أون ناتشورال جلو 60 مل لمسة مخملية من AlFouad Pharmacies. التصنيف المرجعي: العناية بالبشرة — بسيط. الوسوم المرجعية: Body Care، Body Concerns، Deodrant، Even Skin Tone / Pigmentation.,https://alfouadpharmacies.com/en/products/eva-natural-glow-roll-on-60ml-velvet-touch,AlFouad Pharmacies,Verify usage rights before commercial publication,غير مثبت,غير مثبت,مرجعي فقط — غير معتمد للنشر التجاري,بيانات مرجعية متاحة؛ يلزم تحقق PM,ضمن الفحص المبدئي
10569722429743,eva-natural-glow-roll-on-60ml-powder-soft,إيفا رول أون ناتشورال جلو 60 مل، مسحوق ناعم,AlFouad Pharmacies,العناية بالبشرة,العناية بالبشرة | العناية بالجسم,2,بسيط,8743,100,30,70,,متاح لدى المصدر,https://cdn.shopify.com/s/files/1/0935/9550/0847/files/Eva-Natural-Glow-Roll-On-60ml-Powder-Soft.webp?v=1754299185,منتج إيفا رول أون ناتشورال جلو 60 مل، مسحوق ناعم من AlFouad Pharmacies. التصنيف المرجعي: العناية بالبشرة — بسيط. الوسوم المرجعية: Body Care، Body Concerns، Deodrant، Even Skin Tone / Pigmentation.,https://alfouadpharmacies.com/en/products/eva-natural-glow-roll-on-60ml-powder-soft,AlFouad Pharmacies,Verify usage rights before commercial publication,غير مثبت,غير مثبت,مرجعي فقط — غير معتمد للنشر التجاري,بيانات مرجعية متاحة؛ يلزم تحقق PM,ضمن الفحص المبدئي
10569716990255,eva-spotless-18gm-ceram-tube,إيفا سبوتليس أنبوب سيراميك 18 جرام,AlFouad Pharmacies,العناية بالبشرة,العناية بالبشرة,1,بسيط,83252,25,7.5,17.5,,متاح لدى المصدر,https://cdn.shopify.com/s/files/1/0935/9550/0847/files/Eva-Spotless-18gm-Ceram-Tube.webp?v=1754299257,منتج إيفا سبوتليس أنبوب سيراميك 18 جرام من AlFouad Pharmacies. التصنيف المرجعي: العناية بالبشرة — بسيط. الوسوم المرجعية: Creams، Moisturizers، Skin Care.,https://alfouadpharmacies.com/en/products/eva-spotless-18gm-ceram-tube,AlFouad Pharmacies,Verify usage rights before commercial publication,غير مثبت,غير مثبت,مرجعي فقط — غير معتمد للنشر التجاري,بيانات مرجعية متاحة؛ يلزم تحقق PM,ضمن الفحص المبدئي
10569715220783,eva-collagen-3d-fine-lines-filler-30-50ml,إيفا كولاجين 3D حشوة الخطوط الدقيقة +30 50 مل,AlFouad Pharmacies,العناية بالبشرة,العناية بالبشرة,1,بسيط,96196,230,69,161,,متاح لدى المصدر,https://cdn.shopify.com/s/files/1/0935/9550/0847/files/Eva-Collagen-3D-Fine-Lines-Filler-30-50ml.webp?v=1754299289,منتج إيفا كولاجين 3D حشوة الخطوط الدقيقة +30 50 مل من AlFouad Pharmacies. التصنيف المرجعي: العناية بالبشرة — بسيط. الوسوم المرجعية: Anti-aging Cream، Fine Lines & Wrinkles، Moisturizers، Skin Care، Skin Concerns.,https://alfouadpharmacies.com/en/products/eva-collagen-3d-fine-lines-filler-30-50ml,AlFouad Pharmacies,Verify usage rights before commercial publication,غير مثبت,غير مثبت,مرجعي فقط — غير معتمد للنشر التجاري,بيانات مرجعية متاحة؛ يلزم تحقق PM,ضمن الفحص المبدئي
12689796497711,eva-collagen-deep-line-filler-40-50ml,إيفا كولاجين، حشوة التجاعيد العميقة، فوق 40 سنة، 50 مل,AlFouad Pharmacies,العناية بالبشرة,العناية بالبشرة,1,بسيط,99687,230,69,161,,متاح لدى المصدر,https://cdn.shopify.com/s/files/1/0935/9550/0847/files/EvaSkinClinicCollagenFineLinesFiller50ml-ZYNAH.webp?v=1771843557,منتج إيفا كولاجين، حشوة التجاعيد العميقة، فوق 40 سنة، 50 مل من AlFouad Pharmacies. التصنيف المرجعي: العناية بالبشرة — بسيط. الوسوم المرجعية: Creams، Fine Lines & Wrinkles، Moisturizers، Skin Care، Skin Concerns.,https://alfouadpharmacies.com/en/products/eva-collagen-deep-line-filler-40-50ml,AlFouad Pharmacies,Verify usage rights before commercial publication,غير مثبت,غير مثبت,مرجعي فقط — غير معتمد للنشر التجاري,بيانات مرجعية متاحة؛ يلزم تحقق PM,ضمن الفحص المبدئي
12689797873967,eva-acne-prone-skin-corrective-care-20ml,إيفا للعناية بالبشرة المعرضة لحب الشباب 20 مل,AlFouad Pharmacies,العناية بالبشرة,العناية بالبشرة,1,بسيط,1484,130,39,91,,متاح لدى المصدر,https://cdn.shopify.com/s/files/1/0935/9550/0847/files/wP2mVsdjqnauOTvpZvjQDL942s8W2JgVgctsDUKt_2f7ad23e-3666-43cb-ac33-0ad0328865fa.webp?v=1771843375,منتج إيفا للعناية بالبشرة المعرضة لحب الشباب 20 مل من AlFouad Pharmacies. التصنيف المرجعي: العناية بالبشرة — بسيط. الوسوم المرجعية: Acne & Blemishes، Skin Care، Skin Concerns، Treatment Cream، Treatments.,https://alfouadpharmacies.com/en/products/eva-acne-prone-skin-corrective-care-20ml,AlFouad Pharmacies,Verify usage rights before commercial publication,غير مثبت,غير مثبت,مرجعي فقط — غير معتمد للنشر التجاري,بيانات مرجعية متاحة؛ يلزم تحقق PM,ضمن الفحص المبدئي
10569719480623,evasiline-petrroleum-jellt-160gm-jar,إيفاسيلين جل بتروليوم 160 جم (عبوة زجاجية),AlFouad Pharmacies,العناية بالبشرة,العناية بالبشرة,1,بسيط,12421,90,27,63,,غير متاح لدى المصدر,https://cdn.shopify.com/s/files/1/0935/9550/0847/files/Evasiline-Petrroleum-Jellt-160gm-Jar.webp?v=1754299232,منتج إيفاسيلين جل بتروليوم 160 جم (عبوة زجاجية) من AlFouad Pharmacies. التصنيف المرجعي: العناية بالبشرة — بسيط. الوسوم المرجعية: Moisturizer Gel، Moisturizers، Skin Care.,https://alfouadpharmacies.com/en/products/evasiline-petrroleum-jellt-160gm-jar,AlFouad Pharmacies,Verify usage rights before commercial publication,غير مثبت,غير مثبت,مرجعي فقط — غير معتمد للنشر التجاري,بيانات مرجعية متاحة؛ يلزم تحقق PM,ضمن الفحص المبدئي
16035812999471,eqqualberry-vitamin-illuminating-serum-30-ml,إيكوال بيري سيروم فيتامين للإشراقة 30 مل,korean product,العناية بالبشرة,العناية بالبشرة | الجمال الكوري,2,سيرم,114720,1950,585,1365,,متاح لدى المصدر,https://cdn.shopify.com/s/files/1/0935/9550/0847/files/eqqual_berry_vitamin_illuminating_serum_1615x1615_0e03ae28-d286-46d2-bb2b-24370de5f0d6.webp?v=1788157770,منتج إيكوال بيري سيروم فيتامين للإشراقة 30 مل من korean product. التصنيف المرجعي: العناية بالبشرة — سيرم. الوسوم المرجعية: Serums، Skin Care، Vitamin C، Whitening Serum.,https://alfouadpharmacies.com/en/products/eqqualberry-vitamin-illuminating-serum-30-ml,AlFouad Pharmacies,Verify usage rights before commercial publication,غير مثبت,غير مثبت,مرجعي فقط — غير معتمد للنشر التجاري,بيانات مرجعية متاحة؛ يلزم تحقق PM,ضمن الفحص المبدئي
10569733046575,acm-duolys-anti-aging-sunscreen-cream-spf50-50ml,إيه سي إم دويوليس كريم واقي شمس بعامل حماية 50 – 50 مل,ACM,العناية بالبشرة,العناية بالبشرة,1,العناية بالبشرة > واقي شمس,8801,799,239.7,559.3,,متاح لدى المصدر,https://cdn.shopify.com/s/files/1/0935/9550/0847/files/Group_1_41_4a71f624-43ec-4353-9501-0021051a599f.webp?v=1781941334,منتج إيه سي إم دويوليس كريم واقي شمس بعامل حماية 50 – 50 مل من ACM. التصنيف المرجعي: العناية بالبشرة — العناية بالبشرة > واقي شمس. الوسوم المرجعية: Anti-Aging، Skin Care، Skin Concerns، Sun Care، Sunscreen، Sunscreen Cream.,https://alfouadpharmacies.com/en/products/acm-duolys-anti-aging-sunscreen-cream-spf50-50ml,AlFouad Pharmacies,Verify usage rights before commercial publication,غير مثبت,غير مثبت,مرجعي فقط — غير معتمد للنشر التجاري,بيانات مرجعية متاحة؛ يلزم تحقق PM,ضمن الفحص المبدئي
10569733636399,acm-sebionex-trio-cream-40ml,إيه سي إم سيبيونيكس تريو كريم – 40 مل,ACM,العناية بالبشرة,العناية بالبشرة,1,العناية بالبشرة > كريمات الوجه,109175,409,122.7,286.3,,متاح لدى المصدر,https://cdn.shopify.com/s/files/1/0935/9550/0847/files/Group_1_37_bdeca562-bd0c-4db8-94f0-69ca35a8caa5.webp?v=1781940562,منتج إيه سي إم سيبيونيكس تريو كريم – 40 مل من ACM. التصنيف المرجعي: العناية بالبشرة — العناية بالبشرة > كريمات الوجه. الوسوم المرجعية: Acne & Blemishes، Oily Skin، Skin Care، Skin Concerns، Treatment Cream، Treatments.,https://alfouadpharmacies.com/en/products/acm-sebionex-trio-cream-40ml,AlFouad Pharmacies,Verify usage rights before commercial publication,غير مثبت,غير مثبت,مرجعي فقط — غير معتمد للنشر التجاري,بيانات مرجعية متاحة؛ يلزم تحقق PM,ضمن الفحص المبدئي
10569733439791,acm-sebionex-gel-foaming-gel-200ml,إيه سي إم سيبيونيكس جل غسول رغوي – 200 مل,ACM,العناية بالبشرة,العناية بالبشرة,1, غسول الوجه,95611,459,137.7,321.3,,متاح لدى المصدر,https://cdn.shopify.com/s/files/1/0935/9550/0847/files/Group_1_copy_12.webp?v=1781940704,منتج إيه سي إم سيبيونيكس جل غسول رغوي – 200 مل من ACM. التصنيف المرجعي: العناية بالبشرة —  غسول الوجه. الوسوم المرجعية: Acne & Blemishes، Cleanser، Face Wash، Oily Skin، Skin Care، Skin Concerns.,https://alfouadpharmacies.com/en/products/acm-sebionex-gel-foaming-gel-200ml,AlFouad Pharmacies,Verify usage rights before commercial publication,غير مثبت,غير مثبت,مرجعي فقط — غير معتمد للنشر التجاري,بيانات مرجعية متاحة؛ يلزم تحقق PM,ضمن الفحص المبدئي
10569733603631,acm-sebionex-matifying-gel-50-spf-40ml,إيه سي إم سيبيونيكس جل واقي للشمس مطفي – 40 مل,ACM,العناية بالبشرة,العناية بالبشرة,1,العناية بالبشرة > واقي شمس,109176,565,169.5,395.5,,متاح لدى المصدر,https://cdn.shopify.com/s/files/1/0935/9550/0847/files/Group_1_42_9e9e552f-4a9d-4497-b91e-704bc9be1361.webp?v=1781941596,منتج إيه سي إم سيبيونيكس جل واقي للشمس مطفي – 40 مل من ACM. التصنيف المرجعي: العناية بالبشرة — العناية بالبشرة > واقي شمس. الوسوم المرجعية: Oily Skin، Skin Care، Skin Concerns، Sun Care، Sun Gel، Sunscreen.,https://alfouadpharmacies.com/en/products/acm-sebionex-matifying-gel-50-spf-40ml,AlFouad Pharmacies,Verify usage rights before commercial publication,غير مثبت,غير مثبت,مرجعي فقط — غير معتمد للنشر التجاري,بيانات مرجعية متاحة؛ يلزم تحقق PM,ضمن الفحص المبدئي
10569733538095,acm-sebionex-hydra-repair-cream-40ml,إيه سي إم سيبيونيكس هيدرا ريبير كريم – 40 مل,ACM,العناية بالبشرة,العناية بالبشرة,1,العناية بالبشرة > كريمات الوجه,14411,565,169.5,395.5,,متاح لدى المصدر,https://cdn.shopify.com/s/files/1/0935/9550/0847/files/Group_1_copy_10.webp?v=1781940432,منتج إيه سي إم سيبيونيكس هيدرا ريبير كريم – 40 مل من ACM. التصنيف المرجعي: العناية بالبشرة — العناية بالبشرة > كريمات الوجه. الوسوم المرجعية: Dehydrated Skin، Moisturizer Cream، Moisturizers، Oily Skin، Skin Care، Skin Concerns.,https://alfouadpharmacies.com/en/products/acm-sebionex-hydra-repair-cream-40ml,AlFouad Pharmacies,Verify usage rights before commercial publication,غير مثبت,غير مثبت,مرجعي فقط — غير معتمد للنشر التجاري,بيانات مرجعية متاحة؛ يلزم تحقق PM,ضمن الفحص المبدئي
10569732915503,acm-cicastim-repair-cream-20ml,إيه سي إم سيكاستيم كريم ترميم البشرة – 20 مل,ACM,العناية بالبشرة,العناية بالبشرة,1,العناية بالبشرة > كريم إصلاح وترميم البشرة,104767,259,77.7,181.3,,متاح لدى المصدر,https://cdn.shopify.com/s/files/1/0935/9550/0847/files/Group_1_35_995bf8a5-62ee-4645-b1b9-4117c97d2c5e.webp?v=1781940284,منتج إيه سي إم سيكاستيم كريم ترميم البشرة – 20 مل من ACM. التصنيف المرجعي: العناية بالبشرة — العناية بالبشرة > كريم إصلاح وترميم البشرة. الوسوم المرجعية: Dehydrated Skin، Dryness، Skin Care، Skin Concerns، Treatment Cream، Treatments.,https://alfouadpharmacies.com/en/products/acm-cicastim-repair-cream-20ml,AlFouad Pharmacies,Verify usage rights before commercial publication,غير مثبت,غير مثبت,مرجعي فقط — غير معتمد للنشر التجاري,بيانات مرجعية متاحة؛ يلزم تحقق PM,ضمن الفحص المبدئي
10569733669167,acm-vitix-regulating-gel-50mlfaceampbody,إيه سي إم فيتكس جل للبشرة – 50 مل,ACM,العناية بالبشرة,العناية بالبشرة | العناية بالجسم,2,العناية بالبشرة > جل البشرة,105289,850,255,595,,غير متاح لدى المصدر,https://cdn.shopify.com/s/files/1/0935/9550/0847/files/Group_1_45_7f391c60-b956-4307-b686-c659fb29900c.webp?v=1781941984,منتج إيه سي إم فيتكس جل للبشرة – 50 مل من ACM. التصنيف المرجعي: العناية بالبشرة — العناية بالبشرة > جل البشرة. الوسوم المرجعية: Body Care، Body Concerns، Even Skin Tone، Even Skin Tone / Pigmentation، Skin Care، Skin Concerns، Treatment Cream، Treatments.,https://alfouadpharmacies.com/en/products/acm-vitix-regulating-gel-50mlfaceampbody,AlFouad Pharmacies,Verify usage rights before commercial publication,غير مثبت,غير مثبت,مرجعي فقط — غير معتمد للنشر التجاري,بيانات مرجعية متاحة؛ يلزم تحقق PM,ضمن الفحص المبدئي
12689485955375,acm-whitening-peel-off-mask-40ml,إيه سي إم ماسك تقشير للبشرة – 40 مل,ACM,العناية بالبشرة,العناية بالبشرة,1,تفتيح ,85699,539,161.7,377.3,,متاح لدى المصدر,https://cdn.shopify.com/s/files/1/0935/9550/0847/files/Group_1_copy_7.webp?v=1781939743,منتج إيه سي إم ماسك تقشير للبشرة – 40 مل من ACM. التصنيف المرجعي: العناية بالبشرة — تفتيح . الوسوم المرجعية: Dark Spots، Even Skin Tone / Pigmentation، Face Mask، Skin Care.,https://alfouadpharmacies.com/en/products/acm-whitening-peel-off-mask-40ml,AlFouad Pharmacies,Verify usage rights before commercial publication,غير مثبت,غير مثبت,مرجعي فقط — غير معتمد للنشر التجاري,بيانات مرجعية متاحة؛ يلزم تحقق PM,ضمن الفحص المبدئي
10569733210415,acm-medisun-gel-mattifying-spf50-40ml,إيه سي إم ميديسن جل مطفي واقي شمس SPF50+ – 40 مل,ACM,العناية بالبشرة,العناية بالبشرة,1,واقي شمس,14880,569,170.7,398.3,,متاح لدى المصدر,https://cdn.shopify.com/s/files/1/0935/9550/0847/files/ACM_Medisun_Gel_SPF50_40_ml.webp?v=1790490828,منتج إيه سي إم ميديسن جل مطفي واقي شمس SPF50+ – 40 مل من ACM. التصنيف المرجعي: العناية بالبشرة — واقي شمس. الوسوم المرجعية: Oily Skin، Skin Care، Skin Concerns، Sun Care، Sun Gel، Sunscreen.,https://alfouadpharmacies.com/en/products/acm-medisun-gel-mattifying-spf50-40ml,AlFouad Pharmacies,Verify usage rights before commercial publication,غير مثبت,غير مثبت,مرجعي فقط — غير معتمد للنشر التجاري,بيانات مرجعية متاحة؛ يلزم تحقق PM,ضمن الفحص المبدئي
10569733275951,acm-medisun-gel-spf50-40ml,إيه سي إم ميديسن جل واقي شمس SPF50+ – 40 مل,ACM,العناية بالبشرة,العناية بالبشرة,1,واقي شمس,12857,559,167.7,391.3,,متاح لدى المصدر,https://cdn.shopify.com/s/files/1/0935/9550/0847/files/ACM_Medisun_Mattifying_Gel_SPF50_40_ml.webp?v=1790490755,منتج إيه سي إم ميديسن جل واقي شمس SPF50+ – 40 مل من ACM. التصنيف المرجعي: العناية بالبشرة — واقي شمس. الوسوم المرجعية: Oily Skin، Skin Care، Skin Concerns، Sun Care، Sun Gel، Sunscreen.,https://alfouadpharmacies.com/en/products/acm-medisun-gel-spf50-40ml,AlFouad Pharmacies,Verify usage rights before commercial publication,غير مثبت,غير مثبت,مرجعي فقط — غير معتمد للنشر التجاري,بيانات مرجعية متاحة؛ يلزم تحقق PM,ضمن الفحص المبدئي
10569733177647,acm-medisun-cream-tinted-spf50-40ml,إيه سي إم ميديسن كريم ملون واقي شمس SPF50+ – 40 مل,ACM,العناية بالبشرة,العناية بالبشرة,1,واقي شمس,14885,535,160.5,374.5,,غير متاح لدى المصدر,https://cdn.shopify.com/s/files/1/0935/9550/0847/files/ACM_Medisun_Gel_SPF50_40_ml_d387ab47-0d3a-44f0-9a21-94809f3bb7b7.webp?v=1790490914,منتج إيه سي إم ميديسن كريم ملون واقي شمس SPF50+ – 40 مل من ACM. التصنيف المرجعي: العناية بالبشرة — واقي شمس. الوسوم المرجعية: Even Skin Tone، Skin Care، Skin Concerns، Sun Care، Sunscreen، Sunscreen Tinted.,https://alfouadpharmacies.com/en/products/acm-medisun-cream-tinted-spf50-40ml,AlFouad Pharmacies,Verify usage rights before commercial publication,غير مثبت,غير مثبت,مرجعي فقط — غير معتمد للنشر التجاري,بيانات مرجعية متاحة؛ يلزم تحقق PM,ضمن الفحص المبدئي
10569733144879,acm-medisun-cream-spf50-40ml,إيه سي إم ميديسن كريم واقي شمس SPF50+ – 40 مل,ACM,العناية بالبشرة,العناية بالبشرة,1,واقي شمس,96794,559,167.7,391.3,,غير متاح لدى المصدر,https://cdn.shopify.com/s/files/1/0935/9550/0847/files/Group_1_39_8cbcde48-ab2a-4613-84ff-8aa881d58849.webp?v=1781940906,منتج إيه سي إم ميديسن كريم واقي شمس SPF50+ – 40 مل من ACM. التصنيف المرجعي: العناية بالبشرة — واقي شمس. الوسوم المرجعية: Dryness، Skin Care، Skin Concerns، Sun Care، Sunscreen، Sunscreen Cream.,https://alfouadpharmacies.com/en/products/acm-medisun-cream-spf50-40ml,AlFouad Pharmacies,Verify usage rights before commercial publication,غير مثبت,غير مثبت,مرجعي فقط — غير معتمد للنشر التجاري,بيانات مرجعية متاحة؛ يلزم تحقق PM,ضمن الفحص المبدئي
10570010558767,eucerin-dermo-purifyer-triple-cleanser-150ml,إيوسيرين منظف ثلاثي لتنظيف البشرة 150 مل,Eucerin,العناية بالبشرة,العناية بالبشرة,1,علاج اثر الحبوب ,112688,805,241.5,563.5,0,متاح لدى المصدر,https://cdn.shopify.com/s/files/1/0935/9550/0847/files/Group_1_copy_22.webp?v=1781685032,منتج إيوسيرين منظف ثلاثي لتنظيف البشرة 150 مل من Eucerin. التصنيف المرجعي: العناية بالبشرة — علاج اثر الحبوب . الوسوم المرجعية: Acne & Blemishes، Face Scrub، Face Wash، Oily Skin.,https://alfouadpharmacies.com/en/products/eucerin-dermo-purifyer-triple-cleanser-150ml,AlFouad Pharmacies,Verify usage rights before commercial publication,غير مثبت,غير مثبت,مرجعي فقط — غير معتمد للنشر التجاري,بيانات مرجعية متاحة؛ يلزم تحقق PM,ضمن الفحص المبدئي
12885567930671,svr-topialyse-gel-lavant-200ml,اس في ار توبياليز جل تنظيف 200 مل,SVR,العناية بالبشرة,العناية بالبشرة,1,جل تنظيف البشرة,93263,599,179.7,419.3,,متاح لدى المصدر,https://cdn.shopify.com/s/files/1/0935/9550/0847/files/SVR_Topialyse_Gel_Lavante_200ml_1615x1615_8301a767-7d12-440b-aef2-96e0d14d5000.webp?v=1772617150,منتج اس في ار توبياليز جل تنظيف 200 مل من SVR. التصنيف المرجعي: العناية بالبشرة — جل تنظيف البشرة. الوسوم المرجعية: Dry Skin، Dryness، Face Wash، Sensetive Skin، Sensitive Skin / Redness.,https://alfouadpharmacies.com/en/products/svr-topialyse-gel-lavant-200ml,AlFouad Pharmacies,Verify usage rights before commercial publication,غير مثبت,غير مثبت,مرجعي فقط — غير معتمد للنشر التجاري,بيانات مرجعية متاحة؛ يلزم تحقق PM,ضمن الفحص المبدئي
12884812693807,svr-topialyse-emollient-cream-200ml,اس في ار توبياليز كريم مرطب 200 مل,SVR,العناية بالبشرة,العناية بالبشرة,1,كريم ترطيب البشرة,5347,699,209.7,489.3,,متاح لدى المصدر,https://cdn.shopify.com/s/files/1/0935/9550/0847/files/SVR_Topialyse_Creme_200ml_1615x1615_91a49c92-54be-4a20-bc29-8b3d5356442b.webp?v=1772619794,منتج اس في ار توبياليز كريم مرطب 200 مل من SVR. التصنيف المرجعي: العناية بالبشرة — كريم ترطيب البشرة. الوسوم المرجعية: Dry Skin، Dryness، Moisturizer Cream، Moisturizers.,https://alfouadpharmacies.com/en/products/svr-topialyse-emollient-cream-200ml,AlFouad Pharmacies,Verify usage rights before commercial publication,غير مثبت,غير مثبت,مرجعي فقط — غير معتمد للنشر التجاري,بيانات مرجعية متاحة؛ يلزم تحقق PM,ضمن الفحص المبدئي
12885311422767,svr-sun-secure-blur-spf50-50ml,اس في ار واقي شمس بأقوى معامل حماية,SVR,العناية بالبشرة,العناية بالبشرة,1,,9835,869,260.7,608.3,,متاح لدى المصدر,https://cdn.shopify.com/s/files/1/0935/9550/0847/files/SVRSUNSECUREBLURSPF50_50ML.webp?v=1772365203,منتج اس في ار واقي شمس بأقوى معامل حماية من SVR. التصنيف المرجعي: العناية بالبشرة. الوسوم المرجعية: Oily Skin، SPF 50، Sun Care، Sunscreen.,https://alfouadpharmacies.com/en/products/svr-sun-secure-blur-spf50-50ml,AlFouad Pharmacies,Verify usage rights before commercial publication,غير مثبت,غير مثبت,مرجعي فقط — غير معتمد للنشر التجاري,بيانات مرجعية متاحة؛ يلزم تحقق PM,ضمن الفحص المبدئي
10569743728943,isis-teen-derm-gel-sensitive-250ml,ايزيس. جل تين ديرم للبشرة الحساسة 250 مل,isis,العناية بالبشرة,العناية بالبشرة,1,غسول ,110443,675,202.5,472.5,,متاح لدى المصدر,https://cdn.shopify.com/s/files/1/0935/9550/0847/files/1_-_2026-06-30T155753.934.webp?v=1782824298,منتج ايزيس. جل تين ديرم للبشرة الحساسة 250 مل من isis. التصنيف المرجعي: العناية بالبشرة — غسول . الوسوم المرجعية: Acne & Blemishes، Cleanser، Face Wash، Oily Skin، Pores، Skin Care، Skin Concerns.,https://alfouadpharmacies.com/en/products/isis-teen-derm-gel-sensitive-250ml,AlFouad Pharmacies,Verify usage rights before commercial publication,غير مثبت,غير مثبت,مرجعي فقط — غير معتمد للنشر التجاري,بيانات مرجعية متاحة؛ يلزم تحقق PM,ضمن الفحص المبدئي
10569743270191,isis-neotone-body-lotion-100ml,ايسيس. لوشن الجسم نيونتون 100 مل,isis,العناية بالبشرة,العناية بالبشرة | العناية بالجسم,2,تفتيح ,96915,1645,493.5,1151.5,,غير متاح لدى المصدر,https://cdn.shopify.com/s/files/1/0935/9550/0847/files/479_2.webp?v=1780581798,منتج ايسيس. لوشن الجسم نيونتون 100 مل من isis. التصنيف المرجعي: العناية بالبشرة — تفتيح . الوسوم المرجعية: Body Care، Body Concerns، Body Lotion، Even Skin Tone / Pigmentation، Sensetive Skin.,https://alfouadpharmacies.com/en/products/isis-neotone-body-lotion-100ml,AlFouad Pharmacies,Verify usage rights before commercial publication,غير مثبت,غير مثبت,مرجعي فقط — غير معتمد للنشر التجاري,بيانات مرجعية متاحة؛ يلزم تحقق PM,ضمن الفحص المبدئي
10569744515375,avene-sun-kids-spray-200ml-spf-50-sensitive-skin,بخاخ أڤين للأطفال للحماية من الشمس 200 مل، عامل حماية من الشمس 50 (للبشرة الحساسة),Avene,العناية بالبشرة,العناية بالبشرة | العناية بالأطفال,2,بسيط,83642,1599,479.7,1119.3,,متاح لدى المصدر,https://cdn.shopify.com/s/files/1/0935/9550/0847/files/Avene_Sun_Kids_Spray.webp?v=1785740870,منتج بخاخ أڤين للأطفال للحماية من الشمس 200 مل، عامل حماية من الشمس 50 (للبشرة الحساسة) من Avene. التصنيف المرجعي: العناية بالبشرة — بسيط. الوسوم المرجعية: Kids Care، Kids Concerns، Kids Sunscreen، Skin Care، SPF 50، Sun Care، Sunscreen.,https://alfouadpharmacies.com/en/products/avene-sun-kids-spray-200ml-spf-50-sensitive-skin,AlFouad Pharmacies,Verify usage rights before commercial publication,غير مثبت,غير مثبت,مرجعي فقط — غير معتمد للنشر التجاري,بيانات مرجعية متاحة؛ يلزم تحقق PM,ضمن الفحص المبدئي
10569814769967,بخاخ-المياه-الحرارية-المعدنية-من-فيشي-150-مل,بخاخ المياه الحرارية المعدنية من فيشي 150 مل,Vichy,العناية بالبشرة,العناية بالبشرة,1,مياه حراريه ,106481,650,195,455,,غير متاح لدى المصدر,https://cdn.shopify.com/s/files/1/0935/9550/0847/files/vichy_foaad_pattern.webp?v=1778363752,منتج بخاخ المياه الحرارية المعدنية من فيشي 150 مل من Vichy. التصنيف المرجعي: العناية بالبشرة — مياه حراريه . الوسوم المرجعية: Dehydrated Skin، Dry Skin، Dryness، Sensitive Skin / Redness، Skin Care، Skin Concerns، Thermal Water، Treatments.,https://alfouadpharmacies.com/en/products/بخاخ-المياه-الحرارية-المعدنية-من-فيشي-150-مل,AlFouad Pharmacies,Verify usage rights before commercial publication,غير مثبت,غير مثبت,مرجعي فقط — غير معتمد للنشر التجاري,بيانات مرجعية متاحة؛ يلزم تحقق PM,ضمن الفحص المبدئي
10569737896239,beesline-spray-150ml-beauty-pearl,بخاخ بيزلين 150 مل لؤلؤة الجمال,Beesline,العناية بالبشرة,العناية بالبشرة | العناية بالجسم,2,بسيط,94700,350,105,245,,غير متاح لدى المصدر,https://cdn.shopify.com/s/files/1/0935/9550/0847/files/Beesline-Spray-150ML-Beauty-Pearl.webp?v=1754298961,منتج بخاخ بيزلين 150 مل لؤلؤة الجمال من Beesline. التصنيف المرجعي: العناية بالبشرة — بسيط. الوسوم المرجعية: Body Care، Body Concerns، Body Spray، Deodrant، Even Skin Tone / Pigmentation.,https://alfouadpharmacies.com/en/products/beesline-spray-150ml-beauty-pearl,AlFouad Pharmacies,Verify usage rights before commercial publication,غير مثبت,غير مثبت,مرجعي فقط — غير معتمد للنشر التجاري,بيانات مرجعية متاحة؛ يلزم تحقق PM,ضمن الفحص المبدئي
10569738092847,beesline-spray-150ml-sensitive-zone,بخاخ بيزلين 150 مل للمناطق الحساسة,Beesline,العناية بالبشرة,العناية بالبشرة | العناية بالجسم,2,بسيط,95946,499,149.7,349.3,,غير متاح لدى المصدر,https://cdn.shopify.com/s/files/1/0935/9550/0847/files/Beesline-Spray-150ML-Sensitive-Zone.webp?v=1754298959,منتج بخاخ بيزلين 150 مل للمناطق الحساسة من Beesline. التصنيف المرجعي: العناية بالبشرة — بسيط. الوسوم المرجعية: Body Care، Body Concerns، Body Spray، Deodrant، Even Skin Tone / Pigmentation، Intimate Care، Sensetive Skin.,https://alfouadpharmacies.com/en/products/beesline-spray-150ml-sensitive-zone,AlFouad Pharmacies,Verify usage rights before commercial publication,غير مثبت,غير مثبت,مرجعي فقط — غير معتمد للنشر التجاري,بيانات مرجعية متاحة؛ يلزم تحقق PM,ضمن الفحص المبدئي
10569737961775,beesline-spray-150ml-invisible-touch,بخاخ بيزلين 150 مل لمسة غير مرئية,Beesline,العناية بالبشرة,العناية بالبشرة | العناية بالجسم,2,بسيط,94701,350,105,245,,غير متاح لدى المصدر,https://cdn.shopify.com/s/files/1/0935/9550/0847/files/Beesline-Spray-150ML-Invisible-Touch.webp?v=1754298959,منتج بخاخ بيزلين 150 مل لمسة غير مرئية من Beesline. التصنيف المرجعي: العناية بالبشرة — بسيط. الوسوم المرجعية: Body Care، Body Concerns، Body Spray، Deodrant، Even Skin Tone / Pigmentation.,https://alfouadpharmacies.com/en/products/beesline-spray-150ml-invisible-touch,AlFouad Pharmacies,Verify usage rights before commercial publication,غير مثبت,غير مثبت,مرجعي فقط — غير معتمد للنشر التجاري,بيانات مرجعية متاحة؛ يلزم تحقق PM,ضمن الفحص المبدئي
10569738125615,beesline-spray-150ml-sport-pulse,بخاخ بيزلين سبورت بلس 150 مل,Beesline,العناية بالبشرة,العناية بالبشرة | العناية بالجسم,2,بسيط,94699,350,105,245,,غير متاح لدى المصدر,https://cdn.shopify.com/s/files/1/0935/9550/0847/files/Beesline-Spray-150ML-Sport-Pulse.webp?v=1754298958,منتج بخاخ بيزلين سبورت بلس 150 مل من Beesline. التصنيف المرجعي: العناية بالبشرة — بسيط. الوسوم المرجعية: Body Care، Body Concerns، Body Spray، Deodrant، Even Skin Tone / Pigmentation.,https://alfouadpharmacies.com/en/products/beesline-spray-150ml-sport-pulse,AlFouad Pharmacies,Verify usage rights before commercial publication,غير مثبت,غير مثبت,مرجعي فقط — غير معتمد للنشر التجاري,بيانات مرجعية متاحة؛ يلزم تحقق PM,ضمن الفحص المبدئي
10569744580911,bionnex-preventiva-sun-kids-spray-spf50-200ml,بخاخ بيونيكس بريفينتيڤا صن للأطفال، عامل حماية من الشمس 50+، 200 مل,BIONNEX,العناية بالبشرة,العناية بالبشرة | العناية بالأطفال,2,بسيط,12200,675,202.5,472.5,,غير متاح لدى المصدر,https://cdn.shopify.com/s/files/1/0935/9550/0847/files/Bionnex-Preventiva-Sun-Kids-Spray-SPF50-200ML.webp?v=1754298867,منتج بخاخ بيونيكس بريفينتيڤا صن للأطفال، عامل حماية من الشمس 50+، 200 مل من BIONNEX. التصنيف المرجعي: العناية بالبشرة — بسيط. الوسوم المرجعية: Kids Care، Kids Concerns، Kids Sunscreen، Skin Care، SPF 50، Sun Care، Sunscreen.,https://alfouadpharmacies.com/en/products/bionnex-preventiva-sun-kids-spray-spf50-200ml,AlFouad Pharmacies,Verify usage rights before commercial publication,غير مثبت,غير مثبت,مرجعي فقط — غير معتمد للنشر التجاري,بيانات مرجعية متاحة؛ يلزم تحقق PM,ضمن الفحص المبدئي
10569907142959,luna-tanning-oil-spray-spf15-200ml,بخاخ زيت التسمير لونا SPF15 200 مل,AlFouad Pharmacies,العناية بالبشرة,العناية بالبشرة,1,بسيط,21787,240,72,168,,متاح لدى المصدر,https://cdn.shopify.com/s/files/1/0935/9550/0847/files/Luna-Tanning-Oil-Spray-SPF15-200ML.webp?v=1754298048,منتج بخاخ زيت التسمير لونا SPF15 200 مل من AlFouad Pharmacies. التصنيف المرجعي: العناية بالبشرة — بسيط. الوسوم المرجعية: Skin Care، Skin Concerns، Sun Care، Sun Tan، Sunscreen.,https://alfouadpharmacies.com/en/products/luna-tanning-oil-spray-spf15-200ml,AlFouad Pharmacies,Verify usage rights before commercial publication,غير مثبت,غير مثبت,مرجعي فقط — غير معتمد للنشر التجاري,بيانات مرجعية متاحة؛ يلزم تحقق PM,ضمن الفحص المبدئي
10569966387503,starville-whitening-antipers-spray-150ml-fresh-breeze,بخاخ ستارفيل لتبييض البشرة مضاد للعرق 150 مل، رائحة منعشة,parkville,العناية بالبشرة,العناية بالبشرة | العناية بالجسم,2,بسيط,112705,180,54,126,,متاح لدى المصدر,https://cdn.shopify.com/s/files/1/0935/9550/0847/files/Starville-Whitening-Antipers-Spray-150ML-Fresh-Bre.webp?v=1754297532,منتج بخاخ ستارفيل لتبييض البشرة مضاد للعرق 150 مل، رائحة منعشة من parkville. التصنيف المرجعي: العناية بالبشرة — بسيط. الوسوم المرجعية: Body Care، Body Concerns، Body Spray، Deodrant، Even Skin Tone / Pigmentation، Sensetive Skin، starville.,https://alfouadpharmacies.com/en/products/starville-whitening-antipers-spray-150ml-fresh-breeze,AlFouad Pharmacies,Verify usage rights before commercial publication,غير مثبت,غير مثبت,مرجعي فقط — غير معتمد للنشر التجاري,بيانات مرجعية متاحة؛ يلزم تحقق PM,ضمن الفحص المبدئي
10569966453039,starville-whitening-antipersp-spray-150ml-lavander,بخاخ ستارفيل لتبييض البشرة ومكافحة التعرق 150 مل، رائحة الخزامى,parkville,العناية بالبشرة,العناية بالبشرة | العناية بالجسم,2,بسيط,112703,180,54,126,,متاح لدى المصدر,https://cdn.shopify.com/s/files/1/0935/9550/0847/files/Starville-Whitening-Antipersp-Spray-150ML-Lavander.webp?v=1754297531,منتج بخاخ ستارفيل لتبييض البشرة ومكافحة التعرق 150 مل، رائحة الخزامى من parkville. التصنيف المرجعي: العناية بالبشرة — بسيط. الوسوم المرجعية: Body Care، Body Concerns، Body Spray، Deodrant، Even Skin Tone / Pigmentation، Sensetive Skin، starville.,https://alfouadpharmacies.com/en/products/starville-whitening-antipersp-spray-150ml-lavander,AlFouad Pharmacies,Verify usage rights before commercial publication,غير مثبت,غير مثبت,مرجعي فقط — غير معتمد للنشر التجاري,بيانات مرجعية متاحة؛ يلزم تحقق PM,ضمن الفحص المبدئي
10569966420271,starville-whitening-antipers-spray-150ml-light-pink,بخاخ ستارفيل لتفتيح البشرة مضاد للعرق 150 مل وردي فاتح,parkville,العناية بالبشرة,العناية بالبشرة | العناية بالجسم,2,بسيط,112704,180,54,126,,متاح لدى المصدر,https://cdn.shopify.com/s/files/1/0935/9550/0847/files/Starville-Whitening-Antipers-Spray-150ML-Light-Pink.webp?v=1754297531,منتج بخاخ ستارفيل لتفتيح البشرة مضاد للعرق 150 مل وردي فاتح من parkville. التصنيف المرجعي: العناية بالبشرة — بسيط. الوسوم المرجعية: Body Care، Body Concerns، Body Spray، Deodrant، Even Skin Tone / Pigmentation، Sensetive Skin، starville.,https://alfouadpharmacies.com/en/products/starville-whitening-antipers-spray-150ml-light-pink,AlFouad Pharmacies,Verify usage rights before commercial publication,غير مثبت,غير مثبت,مرجعي فقط — غير معتمد للنشر التجاري,بيانات مرجعية متاحة؛ يلزم تحقق PM,ضمن الفحص المبدئي
12689441685807,aroma-hydrating-mist-spray-120ml,بخاخ مرطب برائحة عطرية 120 مل,AROMA,العناية بالبشرة,العناية بالبشرة | العناية بالجسم,2,,115203,896.4,268.92,627.48,,متاح لدى المصدر,https://cdn.shopify.com/s/files/1/0935/9550/0847/files/Aroma_Hydrating_Mist_Spray_120ml_1615x1615_73a3685a-5bfb-4551-b8d2-aac8f3402c3a.webp?v=1772281720,منتج بخاخ مرطب برائحة عطرية 120 مل من AROMA. التصنيف المرجعي: العناية بالبشرة. الوسوم المرجعية: Body Mist، Dehydrated Skin، Makeup Removers، Thermal Water.,https://alfouadpharmacies.com/en/products/aroma-hydrating-mist-spray-120ml,AlFouad Pharmacies,Verify usage rights before commercial publication,غير مثبت,غير مثبت,مرجعي فقط — غير معتمد للنشر التجاري,بيانات مرجعية متاحة؛ يلزم تحقق PM,ضمن الفحص المبدئي
12689540841775,one-bond-sensitive-area-deo-spray-100ml-exotica,بخاخ مزيل عرق للمناطق الحساسة من ون بوند، 100 مل، إكزوتيكا,One Bond,العناية بالبشرة,العناية بالبشرة | العناية بالجسم,2,,13137,300,90,210,,متاح لدى المصدر,https://cdn.shopify.com/s/files/1/0935/9550/0847/files/OneBond_Exotica_24H_PureWhite_1615x1615_d3f5b74f-7597-4a0a-bcc4-8047b685d1af.webp?v=1772238157,منتج بخاخ مزيل عرق للمناطق الحساسة من ون بوند، 100 مل، إكزوتيكا من One Bond. التصنيف المرجعي: العناية بالبشرة. الوسوم المرجعية: Body Care، Body Spray، Sensetive Skin.,https://alfouadpharmacies.com/en/products/one-bond-sensitive-area-deo-spray-100ml-exotica,AlFouad Pharmacies,Verify usage rights before commercial publication,غير مثبت,غير مثبت,مرجعي فقط — غير معتمد للنشر التجاري,بيانات مرجعية متاحة؛ يلزم تحقق PM,ضمن الفحص المبدئي
12689794662703,infinity-sunscreen-mist-spf50-120ml-11,بخاخ واقي شمس إنفينيتي SPF50+ 120 مل (2 عبوتين),Infinity,العناية بالبشرة,العناية بالبشرة,1,بسيط,,312,93.6,218.4,,غير متاح لدى المصدر,https://cdn.shopify.com/s/files/1/0935/9550/0847/files/Infinity_Care_Sunscreen_Mist_Box_1615x1615_v2.webp?v=1771934456,منتج بخاخ واقي شمس إنفينيتي SPF50+ 120 مل (2 عبوتين) من Infinity. التصنيف المرجعي: العناية بالبشرة — بسيط. الوسوم المرجعية: Face Offers، Skin Care، Skin Concerns، Sun Care، Sunscreen، Sunscreen Spray.,https://alfouadpharmacies.com/en/products/infinity-sunscreen-mist-spf50-120ml-11,AlFouad Pharmacies,Verify usage rights before commercial publication,غير مثبت,غير مثبت,مرجعي فقط — غير معتمد للنشر التجاري,بيانات مرجعية متاحة؛ يلزم تحقق PM,ضمن الفحص المبدئي
12689809899823,bobai-sport-sunscreen-spf50-spray-200ml,بخاخ واقي شمس بوباي سبورت SPF50+ 200 مل,Bobai,العناية بالبشرة,العناية بالبشرة,1,بسيط,5330,385,115.5,269.5,,متاح لدى المصدر,https://cdn.shopify.com/s/files/1/0935/9550/0847/files/bobai_sport_spray_sunscreen_1615x1615_e7e28a9f-42b8-4e47-9590-a1c3d2909586.webp?v=1790844660,منتج بخاخ واقي شمس بوباي سبورت SPF50+ 200 مل من Bobai. التصنيف المرجعي: العناية بالبشرة — بسيط. الوسوم المرجعية: bobai، Skin Care، Skin Concerns، SPF 50، Sun Care، Sunscreen، Sunscreen Spray.,https://alfouadpharmacies.com/en/products/bobai-sport-sunscreen-spf50-spray-200ml,AlFouad Pharmacies,Verify usage rights before commercial publication,غير مثبت,غير مثبت,مرجعي فقط — غير معتمد للنشر التجاري,بيانات مرجعية متاحة؛ يلزم تحقق PM,ضمن الفحص المبدئي
10569714172207,alejon-sunscreen-spray-spf50-250ml,بخاخ واقي من الشمس أليجون SPF50+ 250 مل,ALEJON sun,العناية بالبشرة,العناية بالبشرة,1,بسيط,21763,575,172.5,402.5,,غير متاح لدى المصدر,https://cdn.shopify.com/s/files/1/0935/9550/0847/files/Alejon-Sunscreen-Spray-SPF50-250ml.webp?v=1754299310,منتج بخاخ واقي من الشمس أليجون SPF50+ 250 مل من ALEJON sun. التصنيف المرجعي: العناية بالبشرة — بسيط. الوسوم المرجعية: Skin Care، Skin Concerns، Sun Care، Sunscreen، Sunscreen Spray.,https://alfouadpharmacies.com/en/products/alejon-sunscreen-spray-spf50-250ml,AlFouad Pharmacies,Verify usage rights before commercial publication,غير مثبت,غير مثبت,مرجعي فقط — غير معتمد للنشر التجاري,بيانات مرجعية متاحة؛ يلزم تحقق PM,ضمن الفحص المبدئي
10569740583215,بخاخ-واقي-من-الشمس-بيونيكس-بريفينتيفا-spf50-200-مل,بخاخ واقي من الشمس بيونيكس بريفينتيفا SPF50+ 200 مل,BIONNEX,العناية بالبشرة,العناية بالبشرة,1,واقي شمس ,8609,675,202.5,472.5,,متاح لدى المصدر,https://cdn.shopify.com/s/files/1/0935/9550/0847/files/1_-_2026-07-29T111821.072.webp?v=1785313116,منتج بخاخ واقي من الشمس بيونيكس بريفينتيفا SPF50+ 200 مل من BIONNEX. التصنيف المرجعي: العناية بالبشرة — واقي شمس . الوسوم المرجعية: Sensitive Skin / Redness، Skin Care، Skin Concerns، SPF 50، Sun Care، Sunscreen، Sunscreen Spray.,https://alfouadpharmacies.com/en/products/بخاخ-واقي-من-الشمس-بيونيكس-بريفينتيفا-spf50-200-مل,AlFouad Pharmacies,Verify usage rights before commercial publication,غير مثبت,غير مثبت,مرجعي فقط — غير معتمد للنشر التجاري,بيانات مرجعية متاحة؛ يلزم تحقق PM,ضمن الفحص المبدئي
10569802809647,mustela-nursing-comfort-balm-30ml,بلسم استيلاء الراحة للأمهات المرضعات من موستيلا 30 مل,Mustela,العناية بالبشرة,العناية بالبشرة | العناية بالجسم,2,بسيط,95233,1289,386.7,902.3,,متاح لدى المصدر,https://cdn.shopify.com/s/files/1/0935/9550/0847/files/Mustela-Nursing-Comfort-Balm-30ML.webp?v=1754298786,منتج بلسم استيلاء الراحة للأمهات المرضعات من موستيلا 30 مل من Mustela. التصنيف المرجعي: العناية بالبشرة — بسيط. الوسوم المرجعية: Body Care، Body Concerns، Body Cream، Dry Skin body concerns، Sensetive Skin.,https://alfouadpharmacies.com/en/products/mustela-nursing-comfort-balm-30ml,AlFouad Pharmacies,Verify usage rights before commercial publication,غير مثبت,غير مثبت,مرجعي فقط — غير معتمد للنشر التجاري,بيانات مرجعية متاحة؛ يلزم تحقق PM,ضمن الفحص المبدئي
12689539367215,meditopic-restolase-body-balm-200ml,بلسم الجسم ميديتوبيك ريستولاس 200 مل ,Meditopic,العناية بالبشرة,العناية بالبشرة | العناية بالجسم,2,,111166,588,176.4,411.6,,متاح لدى المصدر,https://cdn.shopify.com/s/files/1/0935/9550/0847/files/MEDITOPICRESTOLASEBODYBALM200ML_6a91d804-5340-4d32-90fa-49a1a21e525d.webp?v=1771923522,منتج بلسم الجسم ميديتوبيك ريستولاس 200 مل  من Meditopic. التصنيف المرجعي: العناية بالبشرة. الوسوم المرجعية: Body Care، Body Cream، Even Skin Tone، Even Skin Tone / Pigmentation.,https://alfouadpharmacies.com/en/products/meditopic-restolase-body-balm-200ml,AlFouad Pharmacies,Verify usage rights before commercial publication,غير مثبت,غير مثبت,مرجعي فقط — غير معتمد للنشر التجاري,بيانات مرجعية متاحة؛ يلزم تحقق PM,ضمن الفحص المبدئي
10569896984879,labello-lip-balm-velvet-rose,بلسم الشفاه المخملي باللون الوردي من لابيّلو,AlFouad Pharmacies,العناية بالبشرة,العناية بالبشرة,1,بسيط,9603,120,36,84,,متاح لدى المصدر,https://cdn.shopify.com/s/files/1/0935/9550/0847/files/Labello-Lip-Balm-Velvet-Rose.webp?v=1754298181,منتج بلسم الشفاه المخملي باللون الوردي من لابيّلو من AlFouad Pharmacies. التصنيف المرجعي: العناية بالبشرة — بسيط. الوسوم المرجعية: Dryness، Eye & Lip، Lip، Lip Balm، Skin Care، Skin Concerns.,https://alfouadpharmacies.com/en/products/labello-lip-balm-velvet-rose,AlFouad Pharmacies,Verify usage rights before commercial publication,غير مثبت,غير مثبت,مرجعي فقط — غير معتمد للنشر التجاري,بيانات مرجعية متاحة؛ يلزم تحقق PM,ضمن الفحص المبدئي
10569933193519,the-ordinary-amino-acids-lip-balm-15ml,بلسم الشفاه بالأحماض الأمينية من ذا أوردينري 15 مل,The Ordinary,العناية بالبشرة,العناية بالبشرة,1,بسيط,112549,1250,375,875,0,غير متاح لدى المصدر,https://cdn.shopify.com/s/files/1/0935/9550/0847/files/The-Ordinary-Amino-Acids-Lip-Balm-15ML.webp?v=1754297775,منتج بلسم الشفاه بالأحماض الأمينية من ذا أوردينري 15 مل من The Ordinary. التصنيف المرجعي: العناية بالبشرة — بسيط. الوسوم المرجعية: Dry Skin، Dryness، Eye & Lip، Lip، Lip Balm، Skin Care، Skin Concerns.,https://alfouadpharmacies.com/en/products/the-ordinary-amino-acids-lip-balm-15ml,AlFouad Pharmacies,Verify usage rights before commercial publication,غير مثبت,غير مثبت,مرجعي فقط — غير معتمد للنشر التجاري,بيانات مرجعية متاحة؛ يلزم تحقق PM,ضمن الفحص المبدئي
12689783161135,shaan-lip-balm-5gm-rose,بلسم الشفاه شان 5 غرام وردي,shaan,العناية بالبشرة,العناية بالبشرة,1,بسيط,8949,100,30,70,,متاح لدى المصدر,https://cdn.shopify.com/s/files/1/0935/9550/0847/files/ShaanLipBalm5gmRose.webp?v=1771841220,منتج بلسم الشفاه شان 5 غرام وردي من shaan. التصنيف المرجعي: العناية بالبشرة — بسيط. الوسوم المرجعية: Eye & Lip، Lip، Lip Balm، shaan، Skin Care.,https://alfouadpharmacies.com/en/products/shaan-lip-balm-5gm-rose,AlFouad Pharmacies,Verify usage rights before commercial publication,غير مثبت,غير مثبت,مرجعي فقط — غير معتمد للنشر التجاري,بيانات مرجعية متاحة؛ يلزم تحقق PM,ضمن الفحص المبدئي
12689690493231,labello-lip-balm-watermelon,بلسم الشفاه لابيّلو بنكهة البطيخ,AlFouad Pharmacies,العناية بالبشرة,العناية بالبشرة,1,بسيط,103955,120,36,84,,متاح لدى المصدر,https://cdn.shopify.com/s/files/1/0935/9550/0847/files/Labello_Watermelon_Shine_1615x1615_fc724180-74ab-4697-9b72-6723e1b20e57.webp?v=1772274740,منتج بلسم الشفاه لابيّلو بنكهة البطيخ من AlFouad Pharmacies. التصنيف المرجعي: العناية بالبشرة — بسيط. الوسوم المرجعية: Dryness، Eye & Lip، Lip، Lip Balm، Skin Care، Skin Concerns.,https://alfouadpharmacies.com/en/products/labello-lip-balm-watermelon,AlFouad Pharmacies,Verify usage rights before commercial publication,غير مثبت,غير مثبت,مرجعي فقط — غير معتمد للنشر التجاري,بيانات مرجعية متاحة؛ يلزم تحقق PM,ضمن الفحص المبدئي
12689690525999,labello-lip-balm-strawberry,بلسم الشفاه لابيّلو بنكهة الفراولة,AlFouad Pharmacies,العناية بالبشرة,العناية بالبشرة,1,بسيط,85124,120,36,84,,متاح لدى المصدر,https://cdn.shopify.com/s/files/1/0935/9550/0847/files/Labello_Strawberry_Shine_1615x1615_910f05b9-f98b-401c-8939-2d1d6674fa33.webp?v=1772274514,منتج بلسم الشفاه لابيّلو بنكهة الفراولة من AlFouad Pharmacies. التصنيف المرجعي: العناية بالبشرة — بسيط. الوسوم المرجعية: Dryness، Eye & Lip، Lip، Lip Balm، Skin Care، Skin Concerns.,https://alfouadpharmacies.com/en/products/labello-lip-balm-strawberry,AlFouad Pharmacies,Verify usage rights before commercial publication,غير مثبت,غير مثبت,مرجعي فقط — غير معتمد للنشر التجاري,بيانات مرجعية متاحة؛ يلزم تحقق PM,ضمن الفحص المبدئي
12689690657071,labello-lip-balm-cherry,بلسم الشفاه لابيّلو بنكهة الكرز,AlFouad Pharmacies,العناية بالبشرة,العناية بالبشرة,1,بسيط,9605,120,36,84,,متاح لدى المصدر,https://cdn.shopify.com/s/files/1/0935/9550/0847/files/68931fa2db8629812ae07367.webp?v=1772274309,منتج بلسم الشفاه لابيّلو بنكهة الكرز من AlFouad Pharmacies. التصنيف المرجعي: العناية بالبشرة — بسيط. الوسوم المرجعية: Dryness، Eye & Lip، Lip، Lip Balm، Skin Care، Skin Concerns.,https://alfouadpharmacies.com/en/products/labello-lip-balm-cherry,AlFouad Pharmacies,Verify usage rights before commercial publication,غير مثبت,غير مثبت,مرجعي فقط — غير معتمد للنشر التجاري,بيانات مرجعية متاحة؛ يلزم تحقق PM,ضمن الفحص المبدئي
10569896657199,labello-lip-balm-black-berry-shine,بلسم الشفاه لابييلو، نكهة التوت الأسود اللامع,AlFouad Pharmacies,العناية بالبشرة,العناية بالبشرة,1,بسيط,110968,120,36,84,,متاح لدى المصدر,https://cdn.shopify.com/s/files/1/0935/9550/0847/files/Labello-Lip-Balm-Black-Berry-Shine.webp?v=1754298183,منتج بلسم الشفاه لابييلو، نكهة التوت الأسود اللامع من AlFouad Pharmacies. التصنيف المرجعي: العناية بالبشرة — بسيط. الوسوم المرجعية: Dryness، Eye & Lip، Lip، Lip Balm، Skin Care، Skin Concerns.,https://alfouadpharmacies.com/en/products/labello-lip-balm-black-berry-shine,AlFouad Pharmacies,Verify usage rights before commercial publication,غير مثبت,غير مثبت,مرجعي فقط — غير معتمد للنشر التجاري,بيانات مرجعية متاحة؛ يلزم تحقق PM,ضمن الفحص المبدئي
12689795547439,raw-african-eye-balm-20gm,بلسم العين الأفريقي الخام 20 جرام,RAW AFRICAN,العناية بالبشرة,العناية بالبشرة,1,بسيط,93773,275,82.5,192.5,,متاح لدى المصدر,https://cdn.shopify.com/s/files/1/0935/9550/0847/files/Follicle_Booster_Gel_1615x1615_96e93c56-97f6-4313-91c0-fcc8ee4b9cdb.webp?v=1771751936,منتج بلسم العين الأفريقي الخام 20 جرام من RAW AFRICAN. التصنيف المرجعي: العناية بالبشرة — بسيط. الوسوم المرجعية: Dark Circles & Puffiness، Eye & Lip، Eye Care، Skin Care، Skin Concerns.,https://alfouadpharmacies.com/en/products/raw-african-eye-balm-20gm,AlFouad Pharmacies,Verify usage rights before commercial publication,غير مثبت,غير مثبت,مرجعي فقط — غير معتمد للنشر التجاري,بيانات مرجعية متاحة؛ يلزم تحقق PM,ضمن الفحص المبدئي
10569734226223,atoderm-intensive-baume-75ml,بلسم بيوديرما أتوديرم المكثف 75 مل,Bioderma,العناية بالبشرة,العناية بالبشرة | العناية بالجسم,2,بسيط,83696,599,179.7,419.3,0,متاح لدى المصدر,https://cdn.shopify.com/s/files/1/0935/9550/0847/files/Atoderm-Intensive-Baume-75ML.webp?v=1754299002,منتج بلسم بيوديرما أتوديرم المكثف 75 مل من Bioderma. التصنيف المرجعي: العناية بالبشرة — بسيط. الوسوم المرجعية: Body Care، Body Concerns، Body Cream، Dry Skin، Dry Skin body concerns، Dryness، Moisturizer Cream، Moisturizers.,https://alfouadpharmacies.com/en/products/atoderm-intensive-baume-75ml,AlFouad Pharmacies,Verify usage rights before commercial publication,غير مثبت,غير مثبت,مرجعي فقط — غير معتمد للنشر التجاري,بيانات مرجعية متاحة؛ يلزم تحقق PM,ضمن الفحص المبدئي
10569736454447,avene-cicalfate-lips-balm-10ml,بلسم شفاه أفين سيكالفات 10 مل,Avene,العناية بالبشرة,العناية بالبشرة,1,بسيط,81108,619,185.7,433.3,,متاح لدى المصدر,https://cdn.shopify.com/s/files/1/0935/9550/0847/files/AveneCicalfateLipsBalm10ml.webp?v=1785927916,منتج بلسم شفاه أفين سيكالفات 10 مل من Avene. التصنيف المرجعي: العناية بالبشرة — بسيط. الوسوم المرجعية: Dryness، Eye & Lip، Lip، Lip Balm، Skin Care، Skin Concerns.,https://alfouadpharmacies.com/en/products/avene-cicalfate-lips-balm-10ml,AlFouad Pharmacies,Verify usage rights before commercial publication,غير مثبت,غير مثبت,مرجعي فقط — غير معتمد للنشر التجاري,بيانات مرجعية متاحة؛ يلزم تحقق PM,ضمن الفحص المبدئي
10569717514543,infinity-naturals-lip-balm-cocoa-butter-30gm,بلسم شفاه إنفينيتي ناتشورالز زبدة الكاكاو 30 جم,AlFouad Pharmacies,العناية بالبشرة,العناية بالبشرة,1,بسيط,,110,33,77,,غير متاح لدى المصدر,https://cdn.shopify.com/s/files/1/0935/9550/0847/files/Infinity-Naturals-Lip-Balm-Cocoa-Butter-30gm.webp?v=1754299248,منتج بلسم شفاه إنفينيتي ناتشورالز زبدة الكاكاو 30 جم من AlFouad Pharmacies. التصنيف المرجعي: العناية بالبشرة — بسيط. الوسوم المرجعية: Eye & Lip، Lip، Lip Balm، Skin Care.,https://alfouadpharmacies.com/en/products/infinity-naturals-lip-balm-cocoa-butter-30gm,AlFouad Pharmacies,Verify usage rights before commercial publication,غير مثبت,غير مثبت,مرجعي فقط — غير معتمد للنشر التجاري,بيانات مرجعية متاحة؛ يلزم تحقق PM,ضمن الفحص المبدئي
12689796596015,eva-skin-care-wild-raspberry-lip-balm-4gm,بلسم شفاه إيفا للعناية بالبشرة بنكهة التوت البري البري 4 غرام,AlFouad Pharmacies,العناية بالبشرة,العناية بالبشرة,1,بسيط,10437,70,21,49,,متاح لدى المصدر,https://cdn.shopify.com/s/files/1/0935/9550/0847/files/71k3kLwADHL.webp?v=1771843534,منتج بلسم شفاه إيفا للعناية بالبشرة بنكهة التوت البري البري 4 غرام من AlFouad Pharmacies. التصنيف المرجعي: العناية بالبشرة — بسيط. الوسوم المرجعية: Dryness، Eye & Lip، Lip، Lip Balm، Skin Care، Skin Concerns.,https://alfouadpharmacies.com/en/products/eva-skin-care-wild-raspberry-lip-balm-4gm,AlFouad Pharmacies,Verify usage rights before commercial publication,غير مثبت,غير مثبت,مرجعي فقط — غير معتمد للنشر التجاري,بيانات مرجعية متاحة؛ يلزم تحقق PM,ضمن الفحص المبدئي
10569907208495,luna-sun-care-lip-balm-spf30-35gm-off,بلسم شفاه لونا+ للعناية بالبشرة من الشمس SPF30 3.5 جم - خصم,AlFouad Pharmacies,العناية بالبشرة,العناية بالبشرة,1,بسيط,12962,32,9.6,22.4,,غير متاح لدى المصدر,https://cdn.shopify.com/s/files/1/0935/9550/0847/files/Luna-Sun-Care-Lip-Balm-SPF30-3.5GM-Off.webp?v=1754298048,منتج بلسم شفاه لونا+ للعناية بالبشرة من الشمس SPF30 3.5 جم - خصم من AlFouad Pharmacies. التصنيف المرجعي: العناية بالبشرة — بسيط. الوسوم المرجعية: Dryness، Eye & Lip، Lip، Lip Balm، Skin Care، Skin Concerns.,https://alfouadpharmacies.com/en/products/luna-sun-care-lip-balm-spf30-35gm-off,AlFouad Pharmacies,Verify usage rights before commercial publication,غير مثبت,غير مثبت,مرجعي فقط — غير معتمد للنشر التجاري,بيانات مرجعية متاحة؛ يلزم تحقق PM,ضمن الفحص المبدئي
10570013376815,raw-african-cotton-candy-tinted-lip-balm,بلسم شفاه ملون من نكهة حلوى القطن الأفريقي الخام,RAW AFRICAN,العناية بالبشرة,العناية بالبشرة,1,بسيط,108499,80,24,56,,غير متاح لدى المصدر,https://cdn.shopify.com/s/files/1/0935/9550/0847/files/Raw-African-Cotton-Candy-Tinted-Lip-Balm.webp?v=1754297033,منتج بلسم شفاه ملون من نكهة حلوى القطن الأفريقي الخام من RAW AFRICAN. التصنيف المرجعي: العناية بالبشرة — بسيط. الوسوم المرجعية: Eye & Lip، Lip، Lip Balm، Skin Care.,https://alfouadpharmacies.com/en/products/raw-african-cotton-candy-tinted-lip-balm,AlFouad Pharmacies,Verify usage rights before commercial publication,غير مثبت,غير مثبت,مرجعي فقط — غير معتمد للنشر التجاري,بيانات مرجعية متاحة؛ يلزم تحقق PM,ضمن الفحص المبدئي
12689781424431,eva-skin-care-watermelon-lip-balm-4gm,بلسم شفاه من إيفا للعناية بالبشرة بنكهة البطيخ 4 غرام,AlFouad Pharmacies,العناية بالبشرة,العناية بالبشرة,1,بسيط,10587,70,21,49,,متاح لدى المصدر,https://cdn.shopify.com/s/files/1/0935/9550/0847/files/714IZVYA-HL._AC_UF894_1000_QL80.webp?v=1771844502,منتج بلسم شفاه من إيفا للعناية بالبشرة بنكهة البطيخ 4 غرام من AlFouad Pharmacies. التصنيف المرجعي: العناية بالبشرة — بسيط. الوسوم المرجعية: Eye & Lip، Lip، Lip Balm، Skin Care.,https://alfouadpharmacies.com/en/products/eva-skin-care-watermelon-lip-balm-4gm,AlFouad Pharmacies,Verify usage rights before commercial publication,غير مثبت,غير مثبت,مرجعي فقط — غير معتمد للنشر التجاري,بيانات مرجعية متاحة؛ يلزم تحقق PM,ضمن الفحص المبدئي
10570013638959,raw-african-sweet-cherry-lip-balm,بلسم شفاه من الكرز الحلو الأفريقي الخام,RAW AFRICAN,العناية بالبشرة,العناية بالبشرة,1,العناية بالشفاه,112721,80,24,56,,متاح لدى المصدر,https://cdn.shopify.com/s/files/1/0935/9550/0847/files/Raw-African-Sweet-Cherry-Lip-Balm.webp?v=1754297030,منتج بلسم شفاه من الكرز الحلو الأفريقي الخام من RAW AFRICAN. التصنيف المرجعي: العناية بالبشرة — العناية بالشفاه. الوسوم المرجعية: Eye & Lip، Lip، Lip Balm، Skin Care.,https://alfouadpharmacies.com/en/products/raw-african-sweet-cherry-lip-balm,AlFouad Pharmacies,Verify usage rights before commercial publication,غير مثبت,غير مثبت,مرجعي فقط — غير معتمد للنشر التجاري,بيانات مرجعية متاحة؛ يلزم تحقق PM,ضمن الفحص المبدئي
10570013835567,raw-african-coconut-lip-balm,بلسم شفاه من جوز الهند الأفريقي الخام,RAW AFRICAN,العناية بالبشرة,العناية بالبشرة,1,بسيط,5756,63,18.9,44.1,,غير متاح لدى المصدر,https://cdn.shopify.com/s/files/1/0935/9550/0847/files/Raw-African-Coconut-Lip-Balm.webp?v=1754297026,منتج بلسم شفاه من جوز الهند الأفريقي الخام من RAW AFRICAN. التصنيف المرجعي: العناية بالبشرة — بسيط. الوسوم المرجعية: Eye & Lip، Lip، Lip Balm، Skin Care.,https://alfouadpharmacies.com/en/products/raw-african-coconut-lip-balm,AlFouad Pharmacies,Verify usage rights before commercial publication,غير مثبت,غير مثبت,مرجعي فقط — غير معتمد للنشر التجاري,بيانات مرجعية متاحة؛ يلزم تحقق PM,ضمن الفحص المبدئي
12689783521583,shaan-lip-balm-5gm-cherry,بلسم شفتين شآن 5 غرام كرز,shaan,العناية بالبشرة,العناية بالبشرة,1,بسيط,8946,100,30,70,,متاح لدى المصدر,https://cdn.shopify.com/s/files/1/0935/9550/0847/files/ShaanLipBalm5gmCherry.webp?v=1771841187,منتج بلسم شفتين شآن 5 غرام كرز من shaan. التصنيف المرجعي: العناية بالبشرة — بسيط. الوسوم المرجعية: Eye & Lip، Lip، Lip Balm، shaan، Skin Care.,https://alfouadpharmacies.com/en/products/shaan-lip-balm-5gm-cherry,AlFouad Pharmacies,Verify usage rights before commercial publication,غير مثبت,غير مثبت,مرجعي فقط — غير معتمد للنشر التجاري,بيانات مرجعية متاحة؛ يلزم تحقق PM,ضمن الفحص المبدئي
12689809309999,shaan-lip-balm-5gm,بلسم شفتين شان 5 غرام,shaan,العناية بالبشرة,العناية بالبشرة,1,بسيط,29180,100,30,70,,متاح لدى المصدر,https://cdn.shopify.com/s/files/1/0935/9550/0847/files/ShaanLipBalm5gm.webp?v=1771841126,منتج بلسم شفتين شان 5 غرام من shaan. التصنيف المرجعي: العناية بالبشرة — بسيط. الوسوم المرجعية: Dryness، Eye & Lip، Lip، Lip Balm، shaan، Skin Care، Skin Concerns.,https://alfouadpharmacies.com/en/products/shaan-lip-balm-5gm,AlFouad Pharmacies,Verify usage rights before commercial publication,غير مثبت,غير مثبت,مرجعي فقط — غير معتمد للنشر التجاري,بيانات مرجعية متاحة؛ يلزم تحقق PM,ضمن الفحص المبدئي
10569746088239,la-roche-lipikar-balm-400ml,بلسم لاروش بوزيه ليبيكار AP+ 400 مل — إصلاح مكثف,La Roch Possay,العناية بالبشرة,العناية بالبشرة | العناية بالجسم,2,بسيط,12496,1270,381,889,,متاح لدى المصدر,https://cdn.shopify.com/s/files/1/0935/9550/0847/files/La_Roche-Posay_Lipikar_Balm_AP_400ml_Intense_Repair.webp?v=1789625035,منتج بلسم لاروش بوزيه ليبيكار AP+ 400 مل — إصلاح مكثف من La Roch Possay. التصنيف المرجعي: العناية بالبشرة — بسيط. الوسوم المرجعية: Body Care، Body Concerns، Body Lotion، Dry Skin، Dry Skin body concerns، Dryness، Moisturizer Cream، Moisturizers.,https://alfouadpharmacies.com/en/products/la-roche-lipikar-balm-400ml,AlFouad Pharmacies,Verify usage rights before commercial publication,غير مثبت,غير مثبت,مرجعي فقط — غير معتمد للنشر التجاري,بيانات مرجعية متاحة؛ يلزم تحقق PM,ضمن الفحص المبدئي
10569738322223,beesline-ultrascreen-crroll-on-elder-rose-off,بيزلين ألتراسكرين كريم + رول أون إيلدر روز أوف,Beesline,العناية بالبشرة,العناية بالبشرة | العناية بالجسم,2,بسيط,88171,555,166.5,388.5,,غير متاح لدى المصدر,https://cdn.shopify.com/s/files/1/0935/9550/0847/files/Beesline-Ultrascreen-Crroll-on-Elder-Rose-Off.webp?v=1754298956,منتج بيزلين ألتراسكرين كريم + رول أون إيلدر روز أوف من Beesline. التصنيف المرجعي: العناية بالبشرة — بسيط. الوسوم المرجعية: Body Care، Body Kit، Deodrant، Skin Care، Skin Concerns، SPF 50، Sun Care، Sunscreen.,https://alfouadpharmacies.com/en/products/beesline-ultrascreen-crroll-on-elder-rose-off,AlFouad Pharmacies,Verify usage rights before commercial publication,غير مثبت,غير مثبت,مرجعي فقط — غير معتمد للنشر التجاري,بيانات مرجعية متاحة؛ يلزم تحقق PM,ضمن الفحص المبدئي
10569738256687,beesline-ultrascreen-crroll-on-arabian-oud-off,بيزلين أولتراسكرين كريم + رول أون عود عربي أوف,Beesline,العناية بالبشرة,العناية بالبشرة | العناية بالجسم,2,بسيط,25965,555,166.5,388.5,,غير متاح لدى المصدر,https://cdn.shopify.com/s/files/1/0935/9550/0847/files/Beesline-Ultrascreen-Crroll-on-Arabian-Oud-Off_11zon.webp?v=1790502915,منتج بيزلين أولتراسكرين كريم + رول أون عود عربي أوف من Beesline. التصنيف المرجعي: العناية بالبشرة — بسيط. الوسوم المرجعية: Body Care، Body Kit، Deodrant، Skin Care، Skin Concerns، SPF 50، Sun Care، Sunscreen.,https://alfouadpharmacies.com/en/products/beesline-ultrascreen-crroll-on-arabian-oud-off,AlFouad Pharmacies,Verify usage rights before commercial publication,غير مثبت,غير مثبت,مرجعي فقط — غير معتمد للنشر التجاري,بيانات مرجعية متاحة؛ يلزم تحقق PM,ضمن الفحص المبدئي
10569738486063,beesline-ultrascreen-spf50facial-cleanser-4x1,بيزلين أولتراسكرين منظف الوجه SPF50+ 4×1,Beesline,العناية بالبشرة,العناية بالبشرة,1,بسيط,110306,450,135,315,,غير متاح لدى المصدر,https://cdn.shopify.com/s/files/1/0935/9550/0847/files/Beesline-Ultrascreen-SPF50FACIAL-Cleanser-4X1.webp?v=1754298955,منتج بيزلين أولتراسكرين منظف الوجه SPF50+ 4×1 من Beesline. التصنيف المرجعي: العناية بالبشرة — بسيط. الوسوم المرجعية: Cleanser، Face Offers، Face Wash، Sensitive Skin / Redness، Skin Care، Skin Concerns، SPF 50، Sun Care.,https://alfouadpharmacies.com/en/products/beesline-ultrascreen-spf50facial-cleanser-4x1,AlFouad Pharmacies,Verify usage rights before commercial publication,غير مثبت,غير مثبت,مرجعي فقط — غير معتمد للنشر التجاري,بيانات مرجعية متاحة؛ يلزم تحقق PM,ضمن الفحص المبدئي
10569738387759,beesline-ultrascreen-crroll-on-pacific-island-off,بيزلين أولتراسيرين كريم + رول أون إصدار جزيرة المحيط الهادئ,Beesline,العناية بالبشرة,العناية بالبشرة | العناية بالجسم,2,بسيط,18791,555,166.5,388.5,,غير متاح لدى المصدر,https://cdn.shopify.com/s/files/1/0935/9550/0847/files/Beesline-Ultrascreen-Crroll-on-Pacific-Island-Off.webp?v=1754298955,منتج بيزلين أولتراسيرين كريم + رول أون إصدار جزيرة المحيط الهادئ من Beesline. التصنيف المرجعي: العناية بالبشرة — بسيط. الوسوم المرجعية: Body Care، Body Kit، Deodrant، Skin Care، Skin Concerns، SPF 50، Sun Care، Sunscreen.,https://alfouadpharmacies.com/en/products/beesline-ultrascreen-crroll-on-pacific-island-off,AlFouad Pharmacies,Verify usage rights before commercial publication,غير مثبت,غير مثبت,مرجعي فقط — غير معتمد للنشر التجاري,بيانات مرجعية متاحة؛ يلزم تحقق PM,ضمن الفحص المبدئي
10569738289455,beesline-ultrascreen-crroll-on-cotton-candy-off,بيزلين أولتراسيرين كريم + رول أون كوتون كاندي أوف,Beesline,العناية بالبشرة,العناية بالبشرة | العناية بالجسم,2,بسيط,18712,555,166.5,388.5,,غير متاح لدى المصدر,https://cdn.shopify.com/s/files/1/0935/9550/0847/files/Beesline-Ultrascreen-Crroll-on-Cotton-Candy-Off.webp?v=1754298956,منتج بيزلين أولتراسيرين كريم + رول أون كوتون كاندي أوف من Beesline. التصنيف المرجعي: العناية بالبشرة — بسيط. الوسوم المرجعية: Body Care، Body Kit، Deodrant، Skin Care، Skin Concerns، SPF 50، Sun Care، Sunscreen.,https://alfouadpharmacies.com/en/products/beesline-ultrascreen-crroll-on-cotton-candy-off,AlFouad Pharmacies,Verify usage rights before commercial publication,غير مثبت,غير مثبت,مرجعي فقط — غير معتمد للنشر التجاري,بيانات مرجعية متاحة؛ يلزم تحقق PM,ضمن الفحص المبدئي
12689561485615,beesline-rad-bri-underarm-serum-150ml-jouri-rose,بيزلين راد بري سيروم تحت الإبط 150 مل وردة الجوري ,Beesline,العناية بالبشرة,العناية بالبشرة | العناية بالجسم,2,,111907,500,150,350,,متاح لدى المصدر,https://cdn.shopify.com/s/files/1/0935/9550/0847/files/beesline_underarm_serum_box_1615x1615_2e206caf-9f1d-44f2-8052-3748d0f3fbe5.webp?v=1771880288,منتج بيزلين راد بري سيروم تحت الإبط 150 مل وردة الجوري  من Beesline. التصنيف المرجعي: العناية بالبشرة. الوسوم المرجعية: Body Care، Body Spray، Deodrant، Even Skin Tone / Pigmentation، Sensetive Skin.,https://alfouadpharmacies.com/en/products/beesline-rad-bri-underarm-serum-150ml-jouri-rose,AlFouad Pharmacies,Verify usage rights before commercial publication,غير مثبت,غير مثبت,مرجعي فقط — غير معتمد للنشر التجاري,بيانات مرجعية متاحة؛ يلزم تحقق PM,ضمن الفحص المبدئي
10569739796783,beesline-whiteneing-cream-sensetive-zone-50ml,بيزلين كريم تفتيح للمناطق المستهدفة 50 مل,Beesline,العناية بالبشرة,العناية بالبشرة | العناية بالجسم,2,بسيط,95969,699,209.7,489.3,,متاح لدى المصدر,https://cdn.shopify.com/s/files/1/0935/9550/0847/files/Beesline-Whiteneing-Cream-Sensetive-Zone-50ML.webp?v=1754298944,منتج بيزلين كريم تفتيح للمناطق المستهدفة 50 مل من Beesline. التصنيف المرجعي: العناية بالبشرة — بسيط. الوسوم المرجعية: Body Care، Body Concerns، Body Cream، Even Skin Tone / Pigmentation، Sensetive Skin.,https://alfouadpharmacies.com/en/products/beesline-whiteneing-cream-sensetive-zone-50ml,AlFouad Pharmacies,Verify usage rights before commercial publication,غير مثبت,غير مثبت,مرجعي فقط — غير معتمد للنشر التجاري,بيانات مرجعية متاحة؛ يلزم تحقق PM,ضمن الفحص المبدئي
12689756750127,beesline-lip-care-4gm-flavour-free,بيزلين للعناية بالشفاه 4 غرام بدون نكهة,Beesline,العناية بالبشرة,العناية بالبشرة,1,بسيط,95955,175,52.5,122.5,,متاح لدى المصدر,https://cdn.shopify.com/s/files/1/0935/9550/0847/files/BEESLINE_LIPCARE_1615x1615_a6546b77-e5c3-46ac-9a5e-56cdbad228e0.webp?v=1771855546,منتج بيزلين للعناية بالشفاه 4 غرام بدون نكهة من Beesline. التصنيف المرجعي: العناية بالبشرة — بسيط. الوسوم المرجعية: Dryness، Eye & Lip، Lip، Lip Balm، Skin Care، Skin Concerns.,https://alfouadpharmacies.com/en/products/beesline-lip-care-4gm-flavour-free,AlFouad Pharmacies,Verify usage rights before commercial publication,غير مثبت,غير مثبت,مرجعي فقط — غير معتمد للنشر التجاري,بيانات مرجعية متاحة؛ يلزم تحقق PM,ضمن الفحص المبدئي
10569737732399,beesline-lip-care-4gm-strawberry,بيزلين للعناية بالشفاه 4 غرام بنكهة الفراولة,Beesline,العناية بالبشرة,العناية بالبشرة,1,بسيط,95943,175,52.5,122.5,,غير متاح لدى المصدر,https://cdn.shopify.com/s/files/1/0935/9550/0847/files/Beesline-Lip-Care-4GM-Strawberry.webp?v=1754298962,منتج بيزلين للعناية بالشفاه 4 غرام بنكهة الفراولة من Beesline. التصنيف المرجعي: العناية بالبشرة — بسيط. الوسوم المرجعية: Dryness، Eye & Lip، Lip، Lip Balm، Skin Care، Skin Concerns.,https://alfouadpharmacies.com/en/products/beesline-lip-care-4gm-strawberry,AlFouad Pharmacies,Verify usage rights before commercial publication,غير مثبت,غير مثبت,مرجعي فقط — غير معتمد للنشر التجاري,بيانات مرجعية متاحة؛ يلزم تحقق PM,ضمن الفحص المبدئي
10569737699631,beesline-lip-care-4gm-shea-butter-ampavocado,بيزلين للعناية بالشفاه 4 غرام زبدة الشيا والأفوكادو,Beesline,العناية بالبشرة,العناية بالبشرة,1,بسيط,94784,175,52.5,122.5,,متاح لدى المصدر,https://cdn.shopify.com/s/files/1/0935/9550/0847/files/Beesline-Lip-Care-4GM-Shea-Butter-Avocado.webp?v=1754298963,منتج بيزلين للعناية بالشفاه 4 غرام زبدة الشيا والأفوكادو من Beesline. التصنيف المرجعي: العناية بالبشرة — بسيط. الوسوم المرجعية: Dryness، Eye & Lip، Lip، Lip Balm، Skin Care، Skin Concerns.,https://alfouadpharmacies.com/en/products/beesline-lip-care-4gm-shea-butter-ampavocado,AlFouad Pharmacies,Verify usage rights before commercial publication,غير مثبت,غير مثبت,مرجعي فقط — غير معتمد للنشر التجاري,بيانات مرجعية متاحة؛ يلزم تحقق PM,ضمن الفحص المبدئي
10569737666863,beesline-lip-care-4gm-rose,بيزلين للعناية بالشفاه 4 غرام ورد,Beesline,العناية بالبشرة,العناية بالبشرة,1,بسيط,81847,175,52.5,122.5,,متاح لدى المصدر,https://cdn.shopify.com/s/files/1/0935/9550/0847/files/Beesline-Lip-Care-4GM-Rose.webp?v=1754298963,منتج بيزلين للعناية بالشفاه 4 غرام ورد من Beesline. التصنيف المرجعي: العناية بالبشرة — بسيط. الوسوم المرجعية: Dryness، Eye & Lip، Lip، Lip Balm، Skin Care، Skin Concerns.,https://alfouadpharmacies.com/en/products/beesline-lip-care-4gm-rose,AlFouad Pharmacies,Verify usage rights before commercial publication,غير مثبت,غير مثبت,مرجعي فقط — غير معتمد للنشر التجاري,بيانات مرجعية متاحة؛ يلزم تحقق PM,ضمن الفحص المبدئي
10569737306415,beesline-instant-bright-5in1-cleanser-150ml,بيزلين منظف ساطع فوري 5 في 1، 150 مل,Beesline,العناية بالبشرة,العناية بالبشرة,1,بسيط,8497,449,134.7,314.3,,متاح لدى المصدر,https://cdn.shopify.com/s/files/1/0935/9550/0847/files/Beesline-Instant-Bright-5IN1-Cleanser-150ML.webp?v=1754298966,منتج بيزلين منظف ساطع فوري 5 في 1، 150 مل من Beesline. التصنيف المرجعي: العناية بالبشرة — بسيط. الوسوم المرجعية: Cleanser، Dark Spots، Even Skin Tone، Face Wash، Skin Care، Skin Concerns.,https://alfouadpharmacies.com/en/products/beesline-instant-bright-5in1-cleanser-150ml,AlFouad Pharmacies,Verify usage rights before commercial publication,غير مثبت,غير مثبت,مرجعي فقط — غير معتمد للنشر التجاري,بيانات مرجعية متاحة؛ يلزم تحقق PM,ضمن الفحص المبدئي
10569738617135,beesline-white-roll-on-50ml-cool-breeze,بيزلين وايت. رول أون 50 مل برائحة النسيم المنعشة,Beesline,العناية بالبشرة,العناية بالبشرة | العناية بالجسم,2,بسيط,95931,350,105,245,,متاح لدى المصدر,https://cdn.shopify.com/s/files/1/0935/9550/0847/files/Beesline-White.-Roll-On-50ML-Cool-Breeze.webp?v=1754298953,منتج بيزلين وايت. رول أون 50 مل برائحة النسيم المنعشة من Beesline. التصنيف المرجعي: العناية بالبشرة — بسيط. الوسوم المرجعية: Body Care، Body Concerns، Deodrant، Even Skin Tone / Pigmentation، Sensetive Skin.,https://alfouadpharmacies.com/en/products/beesline-white-roll-on-50ml-cool-breeze,AlFouad Pharmacies,Verify usage rights before commercial publication,غير مثبت,غير مثبت,مرجعي فقط — غير معتمد للنشر التجاري,بيانات مرجعية متاحة؛ يلزم تحقق PM,ضمن الفحص المبدئي
10569738649903,beesline-white-roll-on-50ml-cool-breeze-11-off,بيزلين وايت. رول أون 50 مل برودة منعشة. عرض 1+1,Beesline,العناية بالبشرة,العناية بالبشرة | العناية بالجسم,2,بسيط,9232,550,165,385,,غير متاح لدى المصدر,https://cdn.shopify.com/s/files/1/0935/9550/0847/files/Beesline-White.-Roll-On-50ML-Cool-Breeze-11-Off.webp?v=1754298953,منتج بيزلين وايت. رول أون 50 مل برودة منعشة. عرض 1+1 من Beesline. التصنيف المرجعي: العناية بالبشرة — بسيط. الوسوم المرجعية: Body Care، Body Concerns، Deodrant، Even Skin Tone / Pigmentation، Sensetive Skin.,https://alfouadpharmacies.com/en/products/beesline-white-roll-on-50ml-cool-breeze-11-off,AlFouad Pharmacies,Verify usage rights before commercial publication,غير مثبت,غير مثبت,مرجعي فقط — غير معتمد للنشر التجاري,بيانات مرجعية متاحة؛ يلزم تحقق PM,ضمن الفحص المبدئي
10569739567407,beesline-white-roll-on-50ml-super-dry-powder-soft,بيزلين وايت. رول أون 50 مل بودرة جافة فائقة النعومة,AlFouad Pharmacies,العناية بالبشرة,العناية بالبشرة | العناية بالجسم,2,بسيط,,290,87,203,,غير متاح لدى المصدر,https://cdn.shopify.com/s/files/1/0935/9550/0847/files/Beesline-White.-Roll-On-50ML-Super-Dry-Powder-Soft.webp?v=1754298945,منتج بيزلين وايت. رول أون 50 مل بودرة جافة فائقة النعومة من AlFouad Pharmacies. التصنيف المرجعي: العناية بالبشرة — بسيط. الوسوم المرجعية: Body Care، Body Concerns، Deodrant، Even Skin Tone / Pigmentation، Sensetive Skin.,https://alfouadpharmacies.com/en/products/beesline-white-roll-on-50ml-super-dry-powder-soft,AlFouad Pharmacies,Verify usage rights before commercial publication,غير مثبت,غير مثبت,مرجعي فقط — غير معتمد للنشر التجاري,بيانات مرجعية متاحة؛ يلزم تحقق PM,ضمن الفحص المبدئي
10569739501871,beesline-white-roll-on-50ml-pacific-islands-11,بيزلين وايت. رول أون 50 مل جزر المحيط الهادئ 1+1,AlFouad Pharmacies,العناية بالبشرة,العناية بالبشرة | العناية بالجسم,2,بسيط,5811,550,165,385,,متاح لدى المصدر,https://cdn.shopify.com/s/files/1/0935/9550/0847/files/Beesline-White.-Roll-On-50ML-Pacific-Islands-11-O.webp?v=1754298946,منتج بيزلين وايت. رول أون 50 مل جزر المحيط الهادئ 1+1 من AlFouad Pharmacies. التصنيف المرجعي: العناية بالبشرة — بسيط. الوسوم المرجعية: Body Care، Body Concerns، Deodrant، Even Skin Tone / Pigmentation، Sensetive Skin.,https://alfouadpharmacies.com/en/products/beesline-white-roll-on-50ml-pacific-islands-11,AlFouad Pharmacies,Verify usage rights before commercial publication,غير مثبت,غير مثبت,مرجعي فقط — غير معتمد للنشر التجاري,بيانات مرجعية متاحة؛ يلزم تحقق PM,ضمن الفحص المبدئي
10569739469103,beesline-white-roll-on-50ml-pacific-island,بيزلين وايت. رول أون 50 مل جزيرة المحيط الهادئ,AlFouad Pharmacies,العناية بالبشرة,العناية بالبشرة | العناية بالجسم,2,بسيط,95939,350,105,245,,متاح لدى المصدر,https://cdn.shopify.com/s/files/1/0935/9550/0847/files/Beesline-White.-Roll-On-50ML-Pacific-Island.webp?v=1754298946,منتج بيزلين وايت. رول أون 50 مل جزيرة المحيط الهادئ من AlFouad Pharmacies. التصنيف المرجعي: العناية بالبشرة — بسيط. الوسوم المرجعية: Body Care، Body Concerns، Deodrant، Even Skin Tone / Pigmentation، Sensetive Skin.,https://alfouadpharmacies.com/en/products/beesline-white-roll-on-50ml-pacific-island,AlFouad Pharmacies,Verify usage rights before commercial publication,غير مثبت,غير مثبت,مرجعي فقط — غير معتمد للنشر التجاري,بيانات مرجعية متاحة؛ يلزم تحقق PM,ضمن الفحص المبدئي
10569738715439,beesline-white-roll-on-50ml-deo-sport-plus,بيزلين وايت. رول أون 50 مل ديو سبورت بلس,Beesline,العناية بالبشرة,العناية بالبشرة | العناية بالجسم,2,بسيط,95928,350,105,245,,متاح لدى المصدر,https://cdn.shopify.com/s/files/1/0935/9550/0847/files/Beesline-White.-Roll-On-50ML-Deo-Sport-Plus.webp?v=1754298952,منتج بيزلين وايت. رول أون 50 مل ديو سبورت بلس من Beesline. التصنيف المرجعي: العناية بالبشرة — بسيط. الوسوم المرجعية: Body Care، Body Concerns، Deodrant، Even Skin Tone / Pigmentation، Sensetive Skin.,https://alfouadpharmacies.com/en/products/beesline-white-roll-on-50ml-deo-sport-plus,AlFouad Pharmacies,Verify usage rights before commercial publication,غير مثبت,غير مثبت,مرجعي فقط — غير معتمد للنشر التجاري,بيانات مرجعية متاحة؛ يلزم تحقق PM,ضمن الفحص المبدئي
10569738551599,beesline-white-roll-on-50ml-arabian-oud-11-off,بيزلين وايت. رول أون 50 مل عود عطري 1+1 خصم,Beesline,العناية بالبشرة,العناية بالبشرة | العناية بالجسم,2,بسيط,6183,550,165,385,,متاح لدى المصدر,https://cdn.shopify.com/s/files/1/0935/9550/0847/files/Beesline-White.-Roll-On-50ML-Arabian-Oud-11-Off.webp?v=1754298954,منتج بيزلين وايت. رول أون 50 مل عود عطري 1+1 خصم من Beesline. التصنيف المرجعي: العناية بالبشرة — بسيط. الوسوم المرجعية: Body Care، Body Concerns، Deodrant، Even Skin Tone / Pigmentation، Sensetive Skin.,https://alfouadpharmacies.com/en/products/beesline-white-roll-on-50ml-arabian-oud-11-off,AlFouad Pharmacies,Verify usage rights before commercial publication,غير مثبت,غير مثبت,مرجعي فقط — غير معتمد للنشر التجاري,بيانات مرجعية متاحة؛ يلزم تحقق PM,ضمن الفحص المبدئي
10569738846511,beesline-white-roll-on-50ml-hair-delaying,بيزلين وايت. رول أون 50 مل لتأخير نمو الشعر,AlFouad Pharmacies,العناية بالبشرة,العناية بالبشرة | العناية بالجسم,2,بسيط,95207,375,112.5,262.5,,متاح لدى المصدر,https://cdn.shopify.com/s/files/1/0935/9550/0847/files/Beesline-White.-Roll-On-50ML-Hair-Delaying.webp?v=1754298950,منتج بيزلين وايت. رول أون 50 مل لتأخير نمو الشعر من AlFouad Pharmacies. التصنيف المرجعي: العناية بالبشرة — بسيط. الوسوم المرجعية: Body Care، Body Concerns، Deodrant، Even Skin Tone / Pigmentation، Sensetive Skin.,https://alfouadpharmacies.com/en/products/beesline-white-roll-on-50ml-hair-delaying,AlFouad Pharmacies,Verify usage rights before commercial publication,غير مثبت,غير مثبت,مرجعي فقط — غير معتمد للنشر التجاري,بيانات مرجعية متاحة؛ يلزم تحقق PM,ضمن الفحص المبدئي
10569738879279,beesline-white-roll-on-50ml-hair-delaying-11-off,بيزلين وايت. رول أون 50 مل لتأخير نمو الشعر. عرض 1+1 مجاناً,AlFouad Pharmacies,العناية بالبشرة,العناية بالبشرة | العناية بالجسم,2,بسيط,9280,599,179.7,419.3,,متاح لدى المصدر,https://cdn.shopify.com/s/files/1/0935/9550/0847/files/Beesline-White.-Roll-On-50ML-Hair-Delaying-11-Off.webp?v=1754298950,منتج بيزلين وايت. رول أون 50 مل لتأخير نمو الشعر. عرض 1+1 مجاناً من AlFouad Pharmacies. التصنيف المرجعي: العناية بالبشرة — بسيط. الوسوم المرجعية: Body Care، Body Concerns، Deodrant، Even Skin Tone / Pigmentation، Sensetive Skin.,https://alfouadpharmacies.com/en/products/beesline-white-roll-on-50ml-hair-delaying-11-off,AlFouad Pharmacies,Verify usage rights before commercial publication,غير مثبت,غير مثبت,مرجعي فقط — غير معتمد للنشر التجاري,بيانات مرجعية متاحة؛ يلزم تحقق PM,ضمن الفحص المبدئي
10569739305263,beesline-white-roll-on-50ml-men-fragrance-free,بيزلين وايت. رول أون 50 مل للرجال، بدون عطر.,AlFouad Pharmacies,العناية بالبشرة,العناية بالبشرة | العناية بالجسم,2,بسيط,108140,350,105,245,,غير متاح لدى المصدر,https://cdn.shopify.com/s/files/1/0935/9550/0847/files/Beesline-White.-Roll-On-50ML-Men-Fragrance-Free.webp?v=1754298947,منتج بيزلين وايت. رول أون 50 مل للرجال، بدون عطر. من AlFouad Pharmacies. التصنيف المرجعي: العناية بالبشرة — بسيط. الوسوم المرجعية: Body Care، Body Concerns، Deodrant، Even Skin Tone / Pigmentation، Sensetive Skin.,https://alfouadpharmacies.com/en/products/beesline-white-roll-on-50ml-men-fragrance-free,AlFouad Pharmacies,Verify usage rights before commercial publication,غير مثبت,غير مثبت,مرجعي فقط — غير معتمد للنشر التجاري,بيانات مرجعية متاحة؛ يلزم تحقق PM,ضمن الفحص المبدئي
10569739239727,beesline-white-roll-on-50ml-men-45c-heat-protect,بيزلين وايت. رول أون 50 مل للرجال، حماية من حرارة 45 درجة مئوية.,AlFouad Pharmacies,العناية بالبشرة,العناية بالبشرة | العناية بالجسم,2,بسيط,109343,350,105,245,,غير متاح لدى المصدر,https://cdn.shopify.com/s/files/1/0935/9550/0847/files/Beesline-White.-Roll-On-50ML-Men-45C-Heat-Protect.webp?v=1754298948,منتج بيزلين وايت. رول أون 50 مل للرجال، حماية من حرارة 45 درجة مئوية. من AlFouad Pharmacies. التصنيف المرجعي: العناية بالبشرة — بسيط. الوسوم المرجعية: Body Care، Body Concerns، Deodrant، Even Skin Tone / Pigmentation، Sensetive Skin.,https://alfouadpharmacies.com/en/products/beesline-white-roll-on-50ml-men-45c-heat-protect,AlFouad Pharmacies,Verify usage rights before commercial publication,غير مثبت,غير مثبت,مرجعي فقط — غير معتمد للنشر التجاري,بيانات مرجعية متاحة؛ يلزم تحقق PM,ضمن الفحص المبدئي
10569739436335,beesline-white-roll-on-50ml-men-ocean-fresh,بيزلين وايت. رول أون 50 مل للرجال، رائحة المحيط المنعشة,AlFouad Pharmacies,العناية بالبشرة,العناية بالبشرة | العناية بالجسم,2,بسيط,15810,350,105,245,,غير متاح لدى المصدر,https://cdn.shopify.com/s/files/1/0935/9550/0847/files/Beesline-White.-Roll-On-50ML-Men-Ocean-Fresh.webp?v=1754298947,منتج بيزلين وايت. رول أون 50 مل للرجال، رائحة المحيط المنعشة من AlFouad Pharmacies. التصنيف المرجعي: العناية بالبشرة — بسيط. الوسوم المرجعية: Body Care، Body Concerns، Deodrant، Even Skin Tone / Pigmentation، Sensetive Skin.,https://alfouadpharmacies.com/en/products/beesline-white-roll-on-50ml-men-ocean-fresh,AlFouad Pharmacies,Verify usage rights before commercial publication,غير مثبت,غير مثبت,مرجعي فقط — غير معتمد للنشر التجاري,بيانات مرجعية متاحة؛ يلزم تحقق PM,ضمن الفحص المبدئي
10569739272495,beesline-white-roll-on-50ml-men-active-fresh,بيزلين وايت. رول أون 50 مل للرجال، منعش وفعال.,AlFouad Pharmacies,العناية بالبشرة,العناية بالبشرة | العناية بالجسم,2,بسيط,108139,350,105,245,,غير متاح لدى المصدر,https://cdn.shopify.com/s/files/1/0935/9550/0847/files/Beesline-White.-Roll-On-50ML-Men-Active-Fresh.webp?v=1754298948,منتج بيزلين وايت. رول أون 50 مل للرجال، منعش وفعال. من AlFouad Pharmacies. التصنيف المرجعي: العناية بالبشرة — بسيط. الوسوم المرجعية: Body Care، Body Concerns، Deodrant، Even Skin Tone / Pigmentation، Sensetive Skin.,https://alfouadpharmacies.com/en/products/beesline-white-roll-on-50ml-men-active-fresh,AlFouad Pharmacies,Verify usage rights before commercial publication,غير مثبت,غير مثبت,مرجعي فقط — غير معتمد للنشر التجاري,بيانات مرجعية متاحة؛ يلزم تحقق PM,ضمن الفحص المبدئي
10569738912047,beesline-white-roll-on-50ml-invisble-touch,بيزلين وايت. رول أون 50 مل لمسة غير مرئية,AlFouad Pharmacies,العناية بالبشرة,العناية بالبشرة | العناية بالجسم,2,بسيط,95936,350,105,245,,متاح لدى المصدر,https://cdn.shopify.com/s/files/1/0935/9550/0847/files/Beesline-White.-Roll-On-50ML-Invisble-Touch.webp?v=1754298949,منتج بيزلين وايت. رول أون 50 مل لمسة غير مرئية من AlFouad Pharmacies. التصنيف المرجعي: العناية بالبشرة — بسيط. الوسوم المرجعية: Body Care، Body Concerns، Deodrant، Even Skin Tone / Pigmentation، Sensetive Skin.,https://alfouadpharmacies.com/en/products/beesline-white-roll-on-50ml-invisble-touch,AlFouad Pharmacies,Verify usage rights before commercial publication,غير مثبت,غير مثبت,مرجعي فقط — غير معتمد للنشر التجاري,بيانات مرجعية متاحة؛ يلزم تحقق PM,ضمن الفحص المبدئي
10569739206959,beesline-white-roll-on-50ml-invisble-touch-11-of,بيزلين وايت. رول أون 50 مل لمسة غير مرئية 1+1 من,AlFouad Pharmacies,العناية بالبشرة,العناية بالبشرة | العناية بالجسم,2,بسيط,,500,150,350,,غير متاح لدى المصدر,https://cdn.shopify.com/s/files/1/0935/9550/0847/files/Beesline-White.-Roll-On-50ML-Invisble-Touch-11-of.webp?v=1754298949,منتج بيزلين وايت. رول أون 50 مل لمسة غير مرئية 1+1 من من AlFouad Pharmacies. التصنيف المرجعي: العناية بالبشرة — بسيط. الوسوم المرجعية: Body Care، Body Concerns، Deodrant، Even Skin Tone / Pigmentation، Sensetive Skin.,https://alfouadpharmacies.com/en/products/beesline-white-roll-on-50ml-invisble-touch-11-of,AlFouad Pharmacies,Verify usage rights before commercial publication,غير مثبت,غير مثبت,مرجعي فقط — غير معتمد للنشر التجاري,بيانات مرجعية متاحة؛ يلزم تحقق PM,ضمن الفحص المبدئي
10569738813743,beesline-white-roll-on-50ml-fragrance-free,بيزلين وايت. رول أون 50 مل، بدون رائحة.,Beesline,العناية بالبشرة,العناية بالبشرة | العناية بالجسم,2,بسيط,95972,350,105,245,,متاح لدى المصدر,https://cdn.shopify.com/s/files/1/0935/9550/0847/files/Beesline-White.-Roll-On-50ML-Fragrance-Free.webp?v=1754298951,منتج بيزلين وايت. رول أون 50 مل، بدون رائحة. من Beesline. التصنيف المرجعي: العناية بالبشرة — بسيط. الوسوم المرجعية: Body Care، Body Concerns، Deodrant، Even Skin Tone / Pigmentation، Sensetive Skin.,https://alfouadpharmacies.com/en/products/beesline-white-roll-on-50ml-fragrance-free,AlFouad Pharmacies,Verify usage rights before commercial publication,غير مثبت,غير مثبت,مرجعي فقط — غير معتمد للنشر التجاري,بيانات مرجعية متاحة؛ يلزم تحقق PM,ضمن الفحص المبدئي
10569738682671,beesline-white-roll-on-50ml-cotton-candy-11-off,بيزلين وايت. رول أون 50 مل، كوتون كاندي، عرض 1+1 مجاناً,Beesline,العناية بالبشرة,العناية بالبشرة | العناية بالجسم,2,بسيط,30112,550,165,385,,غير متاح لدى المصدر,https://cdn.shopify.com/s/files/1/0935/9550/0847/files/Beesline-White.-Roll-On-50ML-Cotton-Candy-11-Off.webp?v=1754298952,منتج بيزلين وايت. رول أون 50 مل، كوتون كاندي، عرض 1+1 مجاناً من Beesline. التصنيف المرجعي: العناية بالبشرة — بسيط. الوسوم المرجعية: Body Care، Body Concerns، Deodrant، Even Skin Tone / Pigmentation، Sensetive Skin.,https://alfouadpharmacies.com/en/products/beesline-white-roll-on-50ml-cotton-candy-11-off,AlFouad Pharmacies,Verify usage rights before commercial publication,غير مثبت,غير مثبت,مرجعي فقط — غير معتمد للنشر التجاري,بيانات مرجعية متاحة؛ يلزم تحقق PM,ضمن الفحص المبدئي
10569739534639,beesline-white-roll-on-50ml-super-dry-fragr-free,بيزلين وايت. رول أون 50 مل.  جاف جداً.  بدون عطر.,AlFouad Pharmacies,العناية بالبشرة,العناية بالبشرة | العناية بالجسم,2,بسيط,15742,350,105,245,,غير متاح لدى المصدر,https://cdn.shopify.com/s/files/1/0935/9550/0847/files/Beesline-White.-Roll-On-50ML-Super-Dry-Fragr.-Free.webp?v=1754298945,منتج بيزلين وايت. رول أون 50 مل.  جاف جداً.  بدون عطر. من AlFouad Pharmacies. التصنيف المرجعي: العناية بالبشرة — بسيط. الوسوم المرجعية: Body Care، Body Concerns، Deodrant، Even Skin Tone / Pigmentation، Sensetive Skin.,https://alfouadpharmacies.com/en/products/beesline-white-roll-on-50ml-super-dry-fragr-free,AlFouad Pharmacies,Verify usage rights before commercial publication,غير مثبت,غير مثبت,مرجعي فقط — غير معتمد للنشر التجاري,بيانات مرجعية متاحة؛ يلزم تحقق PM,ضمن الفحص المبدئي
10569739764015,beesline-white-roll-on-powder-softocean-fresh-of,بيزلين وايت. رول أون بودرة سوفت + أوشن فريش.,AlFouad Pharmacies,العناية بالبشرة,العناية بالبشرة | العناية بالجسم,2,بسيط,9303,500,150,350,,غير متاح لدى المصدر,https://cdn.shopify.com/s/files/1/0935/9550/0847/files/Beesline-White.-Roll-On-Powder-Softocean-Fresh-of.webp?v=1754298944,منتج بيزلين وايت. رول أون بودرة سوفت + أوشن فريش. من AlFouad Pharmacies. التصنيف المرجعي: العناية بالبشرة — بسيط. الوسوم المرجعية: Body Care، Body Concerns، Deodrant، Even Skin Tone / Pigmentation، Sensetive Skin.,https://alfouadpharmacies.com/en/products/beesline-white-roll-on-powder-softocean-fresh-of,AlFouad Pharmacies,Verify usage rights before commercial publication,غير مثبت,غير مثبت,مرجعي فقط — غير معتمد للنشر التجاري,بيانات مرجعية متاحة؛ يلزم تحقق PM,ضمن الفحص المبدئي
10569739731247,beesline-white-roll-on-jouri-roseactive-fresh-of,بيزلين وايت. رول أون جوري روز + اكتيف فريش,AlFouad Pharmacies,العناية بالبشرة,العناية بالبشرة | العناية بالجسم,2,بسيط,9310,500,150,350,,غير متاح لدى المصدر,https://cdn.shopify.com/s/files/1/0935/9550/0847/files/Beesline-White.-Roll-On-Jouri-Roseactive-Fresh-of.webp?v=1754298945,منتج بيزلين وايت. رول أون جوري روز + اكتيف فريش من AlFouad Pharmacies. التصنيف المرجعي: العناية بالبشرة — بسيط. الوسوم المرجعية: Body Care، Body Concerns، Deodrant، Even Skin Tone / Pigmentation، Sensetive Skin.,https://alfouadpharmacies.com/en/products/beesline-white-roll-on-jouri-roseactive-fresh-of,AlFouad Pharmacies,Verify usage rights before commercial publication,غير مثبت,غير مثبت,مرجعي فقط — غير معتمد للنشر التجاري,بيانات مرجعية متاحة؛ يلزم تحقق PM,ضمن الفحص المبدئي
12689553785135,beauty-of-joseon-aqua-fresh-rice-b5-spf50-50ml,بيوتي أوف جوسون أكوا فريش رايس + بي 5 إس بي إف 50+ 50 مل ,korean product,العناية بالبشرة,العناية بالبشرة | الجمال الكوري,2,,113903,1600,480,1120,,متاح لدى المصدر,https://cdn.shopify.com/s/files/1/0935/9550/0847/files/boj_relief_sun_ecommerce_standard_2.webp?v=1771831778,منتج بيوتي أوف جوسون أكوا فريش رايس + بي 5 إس بي إف 50+ 50 مل  من korean product. التصنيف المرجعي: العناية بالبشرة. الوسوم المرجعية: Dark Spots، Even Skin Tone، korean product، Oily Skin، SPF 50، Sunscreen Fluid.,https://alfouadpharmacies.com/en/products/beauty-of-joseon-aqua-fresh-rice-b5-spf50-50ml,AlFouad Pharmacies,Verify usage rights before commercial publication,غير مثبت,غير مثبت,مرجعي فقط — غير معتمد للنشر التجاري,بيانات مرجعية متاحة؛ يلزم تحقق PM,ضمن الفحص المبدئي
10569734160687,atoderm-intensive-baume-200ml,بيوديرما أتوديرم إنتنسيف بوم 200مل,Bioderma,العناية بالبشرة,العناية بالبشرة | العناية بالجسم,2,بسيط,109087,999,299.7,699.3,0,متاح لدى المصدر,https://cdn.shopify.com/s/files/1/0935/9550/0847/files/Bioderma_Atoderm_Intensive_Baume_200ml.webp?v=1780824475,منتج بيوديرما أتوديرم إنتنسيف بوم 200مل من Bioderma. التصنيف المرجعي: العناية بالبشرة — بسيط. الوسوم المرجعية: Body Care، Body Concerns، Body Cream، Dry Skin، Dry Skin body concerns، Dryness، Moisturizer Cream، Moisturizers.,https://alfouadpharmacies.com/en/products/atoderm-intensive-baume-200ml,AlFouad Pharmacies,Verify usage rights before commercial publication,غير مثبت,غير مثبت,مرجعي فقط — غير معتمد للنشر التجاري,بيانات مرجعية متاحة؛ يلزم تحقق PM,ضمن الفحص المبدئي
10569734258991,atoderm-intensive-gel-moussant-200ml,بيوديرما أتوديرم جل موسانت مكثف 200 مل,Bioderma,العناية بالبشرة,العناية بالبشرة,1,بسيط,91204,749,224.7,524.3,0,متاح لدى المصدر,https://cdn.shopify.com/s/files/1/0935/9550/0847/files/Atoderm-Intensive-Gel-Moussant-200ML.webp?v=1754299001,منتج بيوديرما أتوديرم جل موسانت مكثف 200 مل من Bioderma. التصنيف المرجعي: العناية بالبشرة — بسيط. الوسوم المرجعية: Cleanser، Dry Skin، Dryness، Face Wash، Skin Care، Skin Concerns.,https://alfouadpharmacies.com/en/products/atoderm-intensive-gel-moussant-200ml,AlFouad Pharmacies,Verify usage rights before commercial publication,غير مثبت,غير مثبت,مرجعي فقط — غير معتمد للنشر التجاري,بيانات مرجعية متاحة؛ يلزم تحقق PM,ضمن الفحص المبدئي
10569734062383,atoderm-cream-bumb-200ml,بيوديرما أتوديرم كريم 200مل مضخة,Bioderma,العناية بالبشرة,العناية بالبشرة | العناية بالجسم,2,كريم ترطيب ,17708,799,239.7,559.3,0,متاح لدى المصدر,https://cdn.shopify.com/s/files/1/0935/9550/0847/files/bioderma_atoderm_1615.webp?v=1789890261,منتج بيوديرما أتوديرم كريم 200مل مضخة من Bioderma. التصنيف المرجعي: العناية بالبشرة — كريم ترطيب . الوسوم المرجعية: Body Care، Body Concerns، Body Cream، Dry Skin، Dry Skin body concerns، Dryness، Moisturizer Cream، Moisturizers.,https://alfouadpharmacies.com/en/products/atoderm-cream-bumb-200ml,AlFouad Pharmacies,Verify usage rights before commercial publication,غير مثبت,غير مثبت,مرجعي فقط — غير معتمد للنشر التجاري,بيانات مرجعية متاحة؛ يلزم تحقق PM,ضمن الفحص المبدئي
12689513906479,bioderma-atoderm-cream-500ml-bumb,بيوديرما أتوديرم كريم 500مل مضخة,Bioderma,العناية بالبشرة,العناية بالبشرة,1,Skin Care,114502,1299,389.7,909.3,0,متاح لدى المصدر,https://cdn.shopify.com/s/files/1/0935/9550/0847/files/Bioderma_Atoderm_Cream_500ml_Pump.webp?v=1780824475,منتج بيوديرما أتوديرم كريم 500مل مضخة من Bioderma. التصنيف المرجعي: العناية بالبشرة — Skin Care. الوسوم المرجعية: Dry Skin، Dryness، Moisturizer Cream، Moisturizers، Skin Care.,https://alfouadpharmacies.com/en/products/bioderma-atoderm-cream-500ml-bumb,AlFouad Pharmacies,Verify usage rights before commercial publication,غير مثبت,غير مثبت,مرجعي فقط — غير معتمد للنشر التجاري,بيانات مرجعية متاحة؛ يلزم تحقق PM,ضمن الفحص المبدئي
10569734586671,bioderma-pigmentbio-sensitive-areas-cream-75ml,بيوديرما بيجمنت بيو لتفتيح المناطق الحساسة والجسم 75 مل,Bioderma,العناية بالبشرة,العناية بالبشرة | العناية بالجسم,2,بسيط,95373,849,254.7,594.3,,متاح لدى المصدر,https://cdn.shopify.com/s/files/1/0935/9550/0847/files/bioderma_pigmentbio_1615.webp?v=1789631010,منتج بيوديرما بيجمنت بيو لتفتيح المناطق الحساسة والجسم 75 مل من Bioderma. التصنيف المرجعي: العناية بالبشرة — بسيط. الوسوم المرجعية: Body Care، Body Concerns، Body Cream، Even Skin Tone / Pigmentation، Intimate Care، Sensetive Skin.,https://alfouadpharmacies.com/en/products/bioderma-pigmentbio-sensitive-areas-cream-75ml,AlFouad Pharmacies,Verify usage rights before commercial publication,غير مثبت,غير مثبت,مرجعي فقط — غير معتمد للنشر التجاري,بيانات مرجعية متاحة؛ يلزم تحقق PM,ضمن الفحص المبدئي
10569734521135,bioderma-pigmentbio-night-renewer-cream-50ml,بيوديرما بيجمنتبيو كريم تجديد ليلي 50مل,Bioderma,العناية بالبشرة,العناية بالبشرة,1,بسيط,95374,1299,389.7,909.3,0,متاح لدى المصدر,https://cdn.shopify.com/s/files/1/0935/9550/0847/files/Bioderma_Pigmentbio_Night_Renewer_Cream_50ml.webp?v=1780824475,منتج بيوديرما بيجمنتبيو كريم تجديد ليلي 50مل من Bioderma. التصنيف المرجعي: العناية بالبشرة — بسيط. الوسوم المرجعية: Anti-Aging، Even Skin Tone، Moisturizers، Night Creams، Skin Care، Skin Concerns.,https://alfouadpharmacies.com/en/products/bioderma-pigmentbio-night-renewer-cream-50ml,AlFouad Pharmacies,Verify usage rights before commercial publication,غير مثبت,غير مثبت,مرجعي فقط — غير معتمد للنشر التجاري,بيانات مرجعية متاحة؛ يلزم تحقق PM,ضمن الفحص المبدئي
10569734488367,bioderma-pigmentbio-foaming-cream-200ml,بيوديرما بيجمنتبيو كريم رغوي 200مل,Bioderma,العناية بالبشرة,العناية بالبشرة | العناية بالجسم,2,تفتيح ,91834,849,254.7,594.3,,متاح لدى المصدر,https://cdn.shopify.com/s/files/1/0935/9550/0847/files/494.webp?v=1780570612,منتج بيوديرما بيجمنتبيو كريم رغوي 200مل من Bioderma. التصنيف المرجعي: العناية بالبشرة — تفتيح . الوسوم المرجعية: Body Care، Body Concerns، Body Wash، Cleanser، Even Skin Tone، Even Skin Tone / Pigmentation، Face Wash، Skin Care.,https://alfouadpharmacies.com/en/products/bioderma-pigmentbio-foaming-cream-200ml,AlFouad Pharmacies,Verify usage rights before commercial publication,غير مثبت,غير مثبت,مرجعي فقط — غير معتمد للنشر التجاري,بيانات مرجعية متاحة؛ يلزم تحقق PM,ضمن الفحص المبدئي
10569734422831,bioderma-pigmentbio-c-concentrat-serum-15ml,بيوديرما بيجمينتبيو سي-كونسنترات سيروم 15 مل,Bioderma,العناية بالبشرة,العناية بالبشرة,1,بسيط,94821,1299,389.7,909.3,0,متاح لدى المصدر,https://cdn.shopify.com/s/files/1/0935/9550/0847/files/Bioderma-Pigmentbio-C-concentrat-Serum-15ML.webp?v=1754298998,منتج بيوديرما بيجمينتبيو سي-كونسنترات سيروم 15 مل من Bioderma. التصنيف المرجعي: العناية بالبشرة — بسيط. الوسوم المرجعية: Dark Spots، Even Skin Tone، Serums، Skin Care، Skin Concerns، Treatments.,https://alfouadpharmacies.com/en/products/bioderma-pigmentbio-c-concentrat-serum-15ml,AlFouad Pharmacies,Verify usage rights before commercial publication,غير مثبت,غير مثبت,مرجعي فقط — غير معتمد للنشر التجاري,بيانات مرجعية متاحة؛ يلزم تحقق PM,ضمن الفحص المبدئي
12689756979503,sensibio-h2o-solution-250-ml,بيوديرما سنسيبيو H2O محلول 250مل,Bioderma,العناية بالبشرة,العناية بالبشرة,1,بسيط,91925,749,224.7,524.3,0,متاح لدى المصدر,https://cdn.shopify.com/s/files/1/0935/9550/0847/files/634.webp?v=1780572519,منتج بيوديرما سنسيبيو H2O محلول 250مل من Bioderma. التصنيف المرجعي: العناية بالبشرة — بسيط. الوسوم المرجعية: Cleanser، Dullness، Makeup Removers، Sensitive Skin / Redness، Skin Care، Skin Concerns.,https://alfouadpharmacies.com/en/products/sensibio-h2o-solution-250-ml,AlFouad Pharmacies,Verify usage rights before commercial publication,غير مثبت,غير مثبت,مرجعي فقط — غير معتمد للنشر التجاري,بيانات مرجعية متاحة؛ يلزم تحقق PM,ضمن الفحص المبدئي
10569736323375,sensibio-h2o-solution-500-ml-make-up-remover,بيوديرما سنسيبيو H2O محلول 500مل,Bioderma,العناية بالبشرة,العناية بالبشرة,1,تونر,7048,1099,329.7,769.3,0,متاح لدى المصدر,https://cdn.shopify.com/s/files/1/0935/9550/0847/files/470_0fce5d8f-29f2-469a-9147-b2402c6853a5.webp?v=1780571291,منتج بيوديرما سنسيبيو H2O محلول 500مل من Bioderma. التصنيف المرجعي: العناية بالبشرة — تونر. الوسوم المرجعية: Cleanser، Dullness، Makeup Removers، Sensitive Skin / Redness، Skin Care، Skin Concerns.,https://alfouadpharmacies.com/en/products/sensibio-h2o-solution-500-ml-make-up-remover,AlFouad Pharmacies,Verify usage rights before commercial publication,غير مثبت,غير مثبت,مرجعي فقط — غير معتمد للنشر التجاري,بيانات مرجعية متاحة؛ يلزم تحقق PM,ضمن الفحص المبدئي
12689513808175,bioderma-sensibio-gel-moussant-100ml,بيوديرما سنسيبيو جل موسان 100مل,Bioderma,العناية بالبشرة,العناية بالبشرة,1,غسول للوجه,114505,469,140.7,328.3,0,متاح لدى المصدر,https://cdn.shopify.com/s/files/1/0935/9550/0847/files/Bioderma_Sensibio_Gel_Moussant_100ml.webp?v=1780824475,منتج بيوديرما سنسيبيو جل موسان 100مل من Bioderma. التصنيف المرجعي: العناية بالبشرة — غسول للوجه. الوسوم المرجعية: Face Wash، Sensetive Skin، Skin Care.,https://alfouadpharmacies.com/en/products/bioderma-sensibio-gel-moussant-100ml,AlFouad Pharmacies,Verify usage rights before commercial publication,غير مثبت,غير مثبت,مرجعي فقط — غير معتمد للنشر التجاري,بيانات مرجعية متاحة؛ يلزم تحقق PM,ضمن الفحص المبدئي
12689757012271,sensibio-gel-moussant-200ml,بيوديرما سنسيبيو جل موسان 200مل,Bioderma,العناية بالبشرة,العناية بالبشرة,1,غسول ,104712,799,239.7,559.3,0,متاح لدى المصدر,https://cdn.shopify.com/s/files/1/0935/9550/0847/files/499.webp?v=1780572018,منتج بيوديرما سنسيبيو جل موسان 200مل من Bioderma. التصنيف المرجعي: العناية بالبشرة — غسول . الوسوم المرجعية: Cleanser، Dryness، Dullness، Face Wash، Sensitive Skin / Redness، Skin Care، Skin Concerns.,https://alfouadpharmacies.com/en/products/sensibio-gel-moussant-200ml,AlFouad Pharmacies,Verify usage rights before commercial publication,غير مثبت,غير مثبت,مرجعي فقط — غير معتمد للنشر التجاري,بيانات مرجعية متاحة؛ يلزم تحقق PM,ضمن الفحص المبدئي
10569735766319,sebium-pore-refiner-cream-30ml,بيوديرما سيبيوم بور ريفاينر كريم 30مل,Bioderma,العناية بالبشرة,العناية بالبشرة,1,بسيط,98651,859,257.7,601.3,0,متاح لدى المصدر,https://cdn.shopify.com/s/files/1/0935/9550/0847/files/Sebium-Pore-Refiner-Cream-30ML.webp?v=1754298981,منتج بيوديرما سيبيوم بور ريفاينر كريم 30مل من Bioderma. التصنيف المرجعي: العناية بالبشرة — بسيط. الوسوم المرجعية: Acne & Blemishes، Oily Skin، Pores، Skin Care، Skin Concerns، Treatment Cream، Treatments.,https://alfouadpharmacies.com/en/products/sebium-pore-refiner-cream-30ml,AlFouad Pharmacies,Verify usage rights before commercial publication,غير مثبت,غير مثبت,مرجعي فقط — غير معتمد للنشر التجاري,بيانات مرجعية متاحة؛ يلزم تحقق PM,ضمن الفحص المبدئي
10569735504175,sebium-gel-moussant-bumb-200ml,بيوديرما سيبيوم جل موسان 200مل مضخة,Bioderma,العناية بالبشرة,العناية بالبشرة,1,بسيط,85879,769,230.7,538.3,0,متاح لدى المصدر,https://cdn.shopify.com/s/files/1/0935/9550/0847/files/677_2.webp?v=1789548039,منتج بيوديرما سيبيوم جل موسان 200مل مضخة من Bioderma. التصنيف المرجعي: العناية بالبشرة — بسيط. الوسوم المرجعية: Acne & Blemishes، Cleanser، Face Wash، Oily Skin، Skin Care، Skin Concerns.,https://alfouadpharmacies.com/en/products/sebium-gel-moussant-bumb-200ml,AlFouad Pharmacies,Verify usage rights before commercial publication,غير مثبت,غير مثبت,مرجعي فقط — غير معتمد للنشر التجاري,بيانات مرجعية متاحة؛ يلزم تحقق PM,ضمن الفحص المبدئي
10569735700783,sebium-hydra-cream-40ml,بيوديرما سيبيوم هايدرا كريم 40مل,Bioderma,العناية بالبشرة,العناية بالبشرة,1,كريم ترطيب ,99283,859,257.7,601.3,0,متاح لدى المصدر,https://cdn.shopify.com/s/files/1/0935/9550/0847/files/1_42.webp?v=1780573384,منتج بيوديرما سيبيوم هايدرا كريم 40مل من Bioderma. التصنيف المرجعي: العناية بالبشرة — كريم ترطيب . الوسوم المرجعية: Dehydrated Skin، Moisturizer Cream، Moisturizers، Oily Skin، Skin Care، Skin Concerns.,https://alfouadpharmacies.com/en/products/sebium-hydra-cream-40ml,AlFouad Pharmacies,Verify usage rights before commercial publication,غير مثبت,غير مثبت,مرجعي فقط — غير معتمد للنشر التجاري,بيانات مرجعية متاحة؛ يلزم تحقق PM,ضمن الفحص المبدئي
10569734390063,bioderma-cicabio-cream-40ml,بيوديرما سيكابيو كريم 40مل,Bioderma,العناية بالبشرة,العناية بالبشرة | العناية بالجسم,2,بسيط,29814,820,246,574,0,متاح لدى المصدر,https://cdn.shopify.com/s/files/1/0935/9550/0847/files/Bioderma_Cicabio_Cream_40ml.webp?v=1780824475,منتج بيوديرما سيكابيو كريم 40مل من Bioderma. التصنيف المرجعي: العناية بالبشرة — بسيط. الوسوم المرجعية: Body Care، Body Concerns، Body Cream، Dehydrated Skin، Dry Skin، Dry Skin body concerns، Moisturizer Cream، Moisturizers.,https://alfouadpharmacies.com/en/products/bioderma-cicabio-cream-40ml,AlFouad Pharmacies,Verify usage rights before commercial publication,غير مثبت,غير مثبت,مرجعي فقط — غير معتمد للنشر التجاري,بيانات مرجعية متاحة؛ يلزم تحقق PM,ضمن الفحص المبدئي
16014232387887,bioderma-photoderm-xdefense-ultra-fluid-spf50-tint-04,بيوديرما فوتوديرم  تنت XDefense  04,Bioderma,العناية بالبشرة,العناية بالبشرة,1,sunscreen,116658,999,299.7,699.3,,متاح لدى المصدر,https://cdn.shopify.com/s/files/1/0935/9550/0847/files/196-4.webp?v=1780383369,منتج بيوديرما فوتوديرم  تنت XDefense  04 من Bioderma. التصنيف المرجعي: العناية بالبشرة — sunscreen. الوسوم المرجعية: bioderma، Skin Care، Sun Tan، sunblock، Sunscreen، Sunscreen Fluid، Sunscreen Tinted.,https://alfouadpharmacies.com/en/products/bioderma-photoderm-xdefense-ultra-fluid-spf50-tint-04,AlFouad Pharmacies,Verify usage rights before commercial publication,غير مثبت,غير مثبت,مرجعي فقط — غير معتمد للنشر التجاري,بيانات مرجعية متاحة؛ يلزم تحقق PM,ضمن الفحص المبدئي
16014222754095,bioderma-photoderm-xdefense-ultra-fluid-spf50-40ml,بيوديرما فوتوديرم XDefense,Bioderma,العناية بالبشرة,العناية بالبشرة,1,sunscreen,116657,999,299.7,699.3,,متاح لدى المصدر,https://cdn.shopify.com/s/files/1/0935/9550/0847/files/195-2.webp?v=1780380113,منتج بيوديرما فوتوديرم XDefense من Bioderma. التصنيف المرجعي: العناية بالبشرة — sunscreen. الوسوم المرجعية: bioderma، Skin Care، sunblock، Sunscreen، Sunscreen Fluid، x.,https://alfouadpharmacies.com/en/products/bioderma-photoderm-xdefense-ultra-fluid-spf50-40ml,AlFouad Pharmacies,Verify usage rights before commercial publication,غير مثبت,غير مثبت,مرجعي فقط — غير معتمد للنشر التجاري,بيانات مرجعية متاحة؛ يلزم تحقق PM,ضمن الفحص المبدئي
10569735242031,photoderm-aqua-fluid-tint-light-spf50-40ml,بيوديرما فوتوديرم أكوا فلويد ملون فاتح SPF50+ 40مل,Bioderma,العناية بالبشرة,العناية بالبشرة,1,بسيط,109545,949,284.7,664.3,0,متاح لدى المصدر,https://cdn.shopify.com/s/files/1/0935/9550/0847/files/417.webp?v=1779704194,منتج بيوديرما فوتوديرم أكوا فلويد ملون فاتح SPF50+ 40مل من Bioderma. التصنيف المرجعي: العناية بالبشرة — بسيط. الوسوم المرجعية: Even Skin Tone، photoderm، Skin Care، Skin Concerns، Sun Care، Sunscreen، Sunscreen Tinted.,https://alfouadpharmacies.com/en/products/photoderm-aqua-fluid-tint-light-spf50-40ml,AlFouad Pharmacies,Verify usage rights before commercial publication,غير مثبت,غير مثبت,مرجعي فقط — غير معتمد للنشر التجاري,بيانات مرجعية متاحة؛ يلزم تحقق PM,ضمن الفحص المبدئي
12689513939247,bioderma-photoderm-invis-spf30-40ml-akn-mat,بيوديرما فوتوديرم إنفيز بعامل حماية من الشمس 30، 40 مل، أكين مات,Bioderma,العناية بالبشرة,العناية بالبشرة,1,,114500,899,269.7,629.3,0,متاح لدى المصدر,https://cdn.shopify.com/s/files/1/0935/9550/0847/files/404.webp?v=1779706391,منتج بيوديرما فوتوديرم إنفيز بعامل حماية من الشمس 30، 40 مل، أكين مات من Bioderma. التصنيف المرجعي: العناية بالبشرة. الوسوم المرجعية: photoderm، Skin Care، Sun Care، sunblock، Sunscreen.,https://alfouadpharmacies.com/en/products/bioderma-photoderm-invis-spf30-40ml-akn-mat,AlFouad Pharmacies,Verify usage rights before commercial publication,غير مثبت,غير مثبت,مرجعي فقط — غير معتمد للنشر التجاري,بيانات مرجعية متاحة؛ يلزم تحقق PM,ضمن الفحص المبدئي
16014239531311,bioderma-photoderm-xdefense-tint-01-fluid-spf50-40ml,"بيوديرما فوتوديرم تنت XDefense 01
",Bioderma,العناية بالبشرة,العناية بالبشرة,1,sunscreen,116661,999,299.7,699.3,,متاح لدى المصدر,https://cdn.shopify.com/s/files/1/0935/9550/0847/files/197-4.webp?v=1780385386,"منتج بيوديرما فوتوديرم تنت XDefense 01
 من Bioderma. التصنيف المرجعي: العناية بالبشرة — sunscreen. الوسوم المرجعية: bioderma، Skin Care، Sun Tan، sunblock، Sunscreen، Sunscreen Fluid، Sunscreen Tinted.",https://alfouadpharmacies.com/en/products/bioderma-photoderm-xdefense-tint-01-fluid-spf50-40ml,AlFouad Pharmacies,Verify usage rights before commercial publication,غير مثبت,غير مثبت,مرجعي فقط — غير معتمد للنشر التجاري,بيانات مرجعية متاحة؛ يلزم تحقق PM,ضمن الفحص المبدئي
16014251655471,bioderma-photoderm-xdefense-tint-02-fluid-spf50-40ml,بيوديرما فوتوديرم تنت XDefense 02,Bioderma,العناية بالبشرة,العناية بالبشرة,1,sunscreen,116660,999,299.7,699.3,,متاح لدى المصدر,https://cdn.shopify.com/s/files/1/0935/9550/0847/files/199-3.webp?v=1780390452,منتج بيوديرما فوتوديرم تنت XDefense 02 من Bioderma. التصنيف المرجعي: العناية بالبشرة — sunscreen. الوسوم المرجعية: Skin Care، Sun Care، sunblock، Sunscreen، Sunscreen Fluid، Sunscreen Tinted.,https://alfouadpharmacies.com/en/products/bioderma-photoderm-xdefense-tint-02-fluid-spf50-40ml,AlFouad Pharmacies,Verify usage rights before commercial publication,غير مثبت,غير مثبت,مرجعي فقط — غير معتمد للنشر التجاري,بيانات مرجعية متاحة؛ يلزم تحقق PM,ضمن الفحص المبدئي
16014245626159,bioderma-photoderm-xdefense-ultra-fluid-spf50-tent-03,بيوديرما فوتوديرم تنت XDefense 03,Bioderma,العناية بالبشرة,العناية بالبشرة,1,sunscreen,116659,999,299.7,699.3,,متاح لدى المصدر,https://cdn.shopify.com/s/files/1/0935/9550/0847/files/198-1.webp?v=1780387883,منتج بيوديرما فوتوديرم تنت XDefense 03 من Bioderma. التصنيف المرجعي: العناية بالبشرة — sunscreen. الوسوم المرجعية: bioderma، Skin Care، Sun Care، Sun Tan، sunblock، Sunscreen، Sunscreen Fluid، Sunscreen Tinted.,https://alfouadpharmacies.com/en/products/bioderma-photoderm-xdefense-ultra-fluid-spf50-tent-03,AlFouad Pharmacies,Verify usage rights before commercial publication,غير مثبت,غير مثبت,مرجعي فقط — غير معتمد للنشر التجاري,بيانات مرجعية متاحة؛ يلزم تحقق PM,ضمن الفحص المبدئي
10569735307567,photoderm-spot-age-gel-cream-spf50-40ml,بيوديرما فوتوديرم سبوت أيج جل كريم SPF50+ 40مل,Bioderma,العناية بالبشرة,العناية بالبشرة,1,بسيط,95384,999,299.7,699.3,0,متاح لدى المصدر,https://cdn.shopify.com/s/files/1/0935/9550/0847/files/Photoderm-Spot-Age-Gel-Cream-SPF50-40ML.webp?v=1754298985,منتج بيوديرما فوتوديرم سبوت أيج جل كريم SPF50+ 40مل من Bioderma. التصنيف المرجعي: العناية بالبشرة — بسيط. الوسوم المرجعية: Anti-Aging، Dark Spots، Skin Care، Skin Concerns، Sun Care، Sunscreen، Sunscreen Gel Cream.,https://alfouadpharmacies.com/en/products/photoderm-spot-age-gel-cream-spf50-40ml,AlFouad Pharmacies,Verify usage rights before commercial publication,غير مثبت,غير مثبت,مرجعي فقط — غير معتمد للنشر التجاري,بيانات مرجعية متاحة؛ يلزم تحقق PM,ضمن الفحص المبدئي
12689528193327,bioderma-photoderm-cream-spf50-40ml,بيوديرما فوتوديرم كريم SPF50+ 40مل,Bioderma,العناية بالبشرة,العناية بالبشرة,1,sunscreen,95956,849,254.7,594.3,0,متاح لدى المصدر,https://cdn.shopify.com/s/files/1/0935/9550/0847/files/Bioderma_Photoderm_Cream_SPF50_40ml.webp?v=1780738992,منتج بيوديرما فوتوديرم كريم SPF50+ 40مل من Bioderma. التصنيف المرجعي: العناية بالبشرة — sunscreen. الوسوم المرجعية: photoderm، Skin Care، Sun Care، sunblock، Sunscreen، Sunscreen Cream.,https://alfouadpharmacies.com/en/products/bioderma-photoderm-cream-spf50-40ml,AlFouad Pharmacies,Verify usage rights before commercial publication,غير مثبت,غير مثبت,مرجعي فقط — غير معتمد للنشر التجاري,بيانات مرجعية متاحة؛ يلزم تحقق PM,ضمن الفحص المبدئي
12689513316655,bionnex-the-nordea-niacin-10-ha2-serum-30ml,بيونيكس نورديا نياسين 10%+HA2% سيروم 30 مل,BIONNEX,العناية بالبشرة,العناية بالبشرة,1,سيرم,114531,619,185.7,433.3,,متاح لدى المصدر,https://cdn.shopify.com/s/files/1/0935/9550/0847/files/1_-_2026-07-06T171050.121.webp?v=1783347106,منتج بيونيكس نورديا نياسين 10%+HA2% سيروم 30 مل من BIONNEX. التصنيف المرجعي: العناية بالبشرة — سيرم. الوسوم المرجعية: Dark Spots، Even Skin Tone / Pigmentation، Oily Skin، Pores، Serums.,https://alfouadpharmacies.com/en/products/bionnex-the-nordea-niacin-10-ha2-serum-30ml,AlFouad Pharmacies,Verify usage rights before commercial publication,غير مثبت,غير مثبت,مرجعي فقط — غير معتمد للنشر التجاري,بيانات مرجعية متاحة؛ يلزم تحقق PM,ضمن الفحص المبدئي
12689655431471,tetra-glow-sensitive-zone-whitening-cream-50gm,تركيبة متطورة وآمنة مخصصة لتفتيح وتوحيد لون المناطق الحساسة,Tetra Glow,العناية بالبشرة,العناية بالبشرة | العناية بالجسم,2,بسيط,13457,345,103.5,241.5,,متاح لدى المصدر,https://cdn.shopify.com/s/files/1/0935/9550/0847/files/Tetra_Glow_Whitening_Cream_1615x1615_3e1e643b-5406-4be6-abc4-74d0e0923b63.webp?v=1772280358,منتج تركيبة متطورة وآمنة مخصصة لتفتيح وتوحيد لون المناطق الحساسة من Tetra Glow. التصنيف المرجعي: العناية بالبشرة — بسيط. الوسوم المرجعية: Body Care، Body Concerns، Body Cream، Even Skin Tone / Pigmentation، Intimate Care.,https://alfouadpharmacies.com/en/products/tetra-glow-sensitive-zone-whitening-cream-50gm,AlFouad Pharmacies,Verify usage rights before commercial publication,غير مثبت,غير مثبت,مرجعي فقط — غير معتمد للنشر التجاري,بيانات مرجعية متاحة؛ يلزم تحقق PM,ضمن الفحص المبدئي
10589420519727,alejon-facial-toner-200ml,تونر الوجه أليخون 200 مل,ALEJON,العناية بالبشرة,العناية بالبشرة,1,,102816,270,81,189,,متاح لدى المصدر,https://cdn.shopify.com/s/files/1/0935/9550/0847/files/Alejon-Facial-Tooner_11zon.webp?v=1790502437,منتج تونر الوجه أليخون 200 مل من ALEJON. التصنيف المرجعي: العناية بالبشرة. الوسوم المرجعية: Skin Care، Skin Concerns، Toners.,https://alfouadpharmacies.com/en/products/alejon-facial-toner-200ml,AlFouad Pharmacies,Verify usage rights before commercial publication,غير مثبت,غير مثبت,مرجعي فقط — غير معتمد للنشر التجاري,بيانات مرجعية متاحة؛ يلزم تحقق PM,ضمن الفحص المبدئي
10569737470255,beesline-instant-bright-facial-toner-200ml,تونر الوجه المشرق الفوري من بيسلاين 200 مل,Beesline,العناية بالبشرة,العناية بالبشرة,1,بسيط,8891,570,171,399,,متاح لدى المصدر,https://cdn.shopify.com/s/files/1/0935/9550/0847/files/Beesline-Instant-Bright-Facial-Toner-200ML.webp?v=1754298965,منتج تونر الوجه المشرق الفوري من بيسلاين 200 مل من Beesline. التصنيف المرجعي: العناية بالبشرة — بسيط. الوسوم المرجعية: Even Skin Tone، Pores، Sensitive Skin / Redness، Skin Care، Skin Concerns، Toners، Treatments.,https://alfouadpharmacies.com/en/products/beesline-instant-bright-facial-toner-200ml,AlFouad Pharmacies,Verify usage rights before commercial publication,غير مثبت,غير مثبت,مرجعي فقط — غير معتمد للنشر التجاري,بيانات مرجعية متاحة؛ يلزم تحقق PM,ضمن الفحص المبدئي
10569739993391,beesline-whitening-toner-200ml,تونر بيزلين لتفتيح البشرة 200 مل,AlFouad Pharmacies,العناية بالبشرة,العناية بالبشرة,1,بسيط,26933,600,180,420,,متاح لدى المصدر,https://cdn.shopify.com/s/files/1/0935/9550/0847/files/Beesline-Whitening-Toner-200ML.webp?v=1754298941,منتج تونر بيزلين لتفتيح البشرة 200 مل من AlFouad Pharmacies. التصنيف المرجعي: العناية بالبشرة — بسيط. الوسوم المرجعية: Dark Spots، Even Skin Tone، Pores، Skin Care، Skin Concerns، Toners، Treatments.,https://alfouadpharmacies.com/en/products/beesline-whitening-toner-200ml,AlFouad Pharmacies,Verify usage rights before commercial publication,غير مثبت,غير مثبت,مرجعي فقط — غير معتمد للنشر التجاري,بيانات مرجعية متاحة؛ يلزم تحقق PM,ضمن الفحص المبدئي
10569740714287,تونر-بيونيكس-رينساديرم-المنعش-200-مل,تونر بيونيكس رينساديرم المنعش 200 مل,BIONNEX,العناية بالبشرة,العناية بالبشرة,1,تونر ,103507,415,124.5,290.5,,متاح لدى المصدر,https://cdn.shopify.com/s/files/1/0935/9550/0847/files/1_-_2026-07-21T135104.226.webp?v=1784631087,منتج تونر بيونيكس رينساديرم المنعش 200 مل من BIONNEX. التصنيف المرجعي: العناية بالبشرة — تونر . الوسوم المرجعية: Oily Skin، Pores، Skin Care، Skin Concerns، Toners، Treatments.,https://alfouadpharmacies.com/en/products/تونر-بيونيكس-رينساديرم-المنعش-200-مل,AlFouad Pharmacies,Verify usage rights before commercial publication,غير مثبت,غير مثبت,مرجعي فقط — غير معتمد للنشر التجاري,بيانات مرجعية متاحة؛ يلزم تحقق PM,ضمن الفحص المبدئي
12689513349423,dermaelle-glycolic-acid-toner-350-ml,تونر حمض الجليكوليك من ديرمايل - 350 مل,Dermaelle,العناية بالبشرة,العناية بالبشرة,1,حمض الجليكوليك,114295,250,75,175,440,متاح لدى المصدر,https://cdn.shopify.com/s/files/1/0935/9550/0847/files/641.webp?v=1780837351,منتج تونر حمض الجليكوليك من ديرمايل - 350 مل من Dermaelle. التصنيف المرجعي: العناية بالبشرة — حمض الجليكوليك. الوسوم المرجعية: Dark Spots، Even Skin Tone، Even Skin Tone / Pigmentation، Skin Care، Toners.,https://alfouadpharmacies.com/en/products/dermaelle-glycolic-acid-toner-350-ml,AlFouad Pharmacies,Verify usage rights before commercial publication,غير مثبت,غير مثبت,مرجعي فقط — غير معتمد للنشر التجاري,بيانات مرجعية متاحة؛ يلزم تحقق PM,ضمن الفحص المبدئي
10569715351855,dermatique-refine-purifying-toner-150ml-oily-skin,تونر ديرماتيك ريفاين لتنقية البشرة 150 مل للبشرة الدهنية,AlFouad Pharmacies,العناية بالبشرة,العناية بالبشرة,1,بسيط,84503,340,102,238,,غير متاح لدى المصدر,https://cdn.shopify.com/s/files/1/0935/9550/0847/files/Dermatique-Refine-Purifying-Toner-150ml-Oily-Skin.webp?v=1754299287,منتج تونر ديرماتيك ريفاين لتنقية البشرة 150 مل للبشرة الدهنية من AlFouad Pharmacies. التصنيف المرجعي: العناية بالبشرة — بسيط. الوسوم المرجعية: Acne & Blemishes، Skin Care، Skin Concerns، Toners، Treatments.,https://alfouadpharmacies.com/en/products/dermatique-refine-purifying-toner-150ml-oily-skin,AlFouad Pharmacies,Verify usage rights before commercial publication,غير مثبت,غير مثبت,مرجعي فقط — غير معتمد للنشر التجاري,بيانات مرجعية متاحة؛ يلزم تحقق PM,ضمن الفحص المبدئي
16118625337647,تونر-ديرماسي-الحليبي-للبشرة-المعرضة-للحبوب-150-مل,تونر ديرماسي الحليبي للبشرة المعرضة للحبوب 150 مل,Dermacy,العناية بالبشرة,العناية بالبشرة,1,تونر,117290,390,117,273,,متاح لدى المصدر,https://cdn.shopify.com/s/files/1/0935/9550/0847/files/dermacy_acne_prone_milky_toner_1615.webp?v=1786262776,منتج تونر ديرماسي الحليبي للبشرة المعرضة للحبوب 150 مل من Dermacy. التصنيف المرجعي: العناية بالبشرة — تونر. الوسوم المرجعية: Dermacy، Oily Skin، Toners.,https://alfouadpharmacies.com/en/products/تونر-ديرماسي-الحليبي-للبشرة-المعرضة-للحبوب-150-مل,AlFouad Pharmacies,Verify usage rights before commercial publication,غير مثبت,غير مثبت,مرجعي فقط — غير معتمد للنشر التجاري,بيانات مرجعية متاحة؛ يلزم تحقق PM,ضمن الفحص المبدئي
10569825091887,dermaelle-advanc-radiance-boosting-toner-120ml,تونر ديرمايل أدفانس المعزز للإشراق 120 مل ,Dermaelle,العناية بالبشرة,العناية بالبشرة,1,تونر ,112001,159.5,47.85,111.65,230,متاح لدى المصدر,https://cdn.shopify.com/s/files/1/0935/9550/0847/files/1_87.webp?v=1782374271,منتج تونر ديرمايل أدفانس المعزز للإشراق 120 مل  من Dermaelle. التصنيف المرجعي: العناية بالبشرة — تونر . الوسوم المرجعية: Acne & Blemishes، Dehydrated Skin، Even Skin Tone، Sensitive Skin / Redness، Skin Care، Skin Concerns، Toners، Treatments.,https://alfouadpharmacies.com/en/products/dermaelle-advanc-radiance-boosting-toner-120ml,AlFouad Pharmacies,Verify usage rights before commercial publication,غير مثبت,غير مثبت,مرجعي فقط — غير معتمد للنشر التجاري,بيانات مرجعية متاحة؛ يلزم تحقق PM,ضمن الفحص المبدئي
10569831907631,the-ordinary-glycolic-acid-7-240ml,تونر ذا اورديناري جليكوليك اسيد 7% 240 مل,The Ordinary,العناية بالبشرة,العناية بالبشرة,1,بسيط,13694,2750,825,1925,0,متاح لدى المصدر,https://cdn.shopify.com/s/files/1/0935/9550/0847/files/product.webp?v=1778279672,منتج تونر ذا اورديناري جليكوليك اسيد 7% 240 مل من The Ordinary. التصنيف المرجعي: العناية بالبشرة — بسيط. الوسوم المرجعية: Dark Spots، Dehydrated Skin، Even Skin Tone، Skin Care، Skin Concerns، Toners، Treatments.,https://alfouadpharmacies.com/en/products/the-ordinary-glycolic-acid-7-240ml,AlFouad Pharmacies,Verify usage rights before commercial publication,غير مثبت,غير مثبت,مرجعي فقط — غير معتمد للنشر التجاري,بيانات مرجعية متاحة؛ يلزم تحقق PM,ضمن الفحص المبدئي
16110638530863,تونر-فاكيشن-سيبيو-كنترول-لتنقية-وتنظيم-البشرة-الدهنية-200-مل,تونر فاكيشن سيبيو كنترول لتنقية وتنظيم البشرة الدهنية 200 مل,vacation,العناية بالبشرة,العناية بالبشرة,1,تونر,116524,340,102,238,,متاح لدى المصدر,https://cdn.shopify.com/s/files/1/0935/9550/0847/files/vacation_sebio_control_toner_same_1615.webp?v=1785843453,منتج تونر فاكيشن سيبيو كنترول لتنقية وتنظيم البشرة الدهنية 200 مل من vacation. التصنيف المرجعي: العناية بالبشرة — تونر. الوسوم المرجعية: Oily Skin، Toners.,https://alfouadpharmacies.com/en/products/تونر-فاكيشن-سيبيو-كنترول-لتنقية-وتنظيم-البشرة-الدهنية-200-مل,AlFouad Pharmacies,Verify usage rights before commercial publication,غير مثبت,غير مثبت,مرجعي فقط — غير معتمد للنشر التجاري,بيانات مرجعية متاحة؛ يلزم تحقق PM,ضمن الفحص المبدئي
12689485857071,aroma-radiance-gel-80ml,جل أروما راديانس 80 مل,AROMA,العناية بالبشرة,العناية بالبشرة,1,,17395,1630.8,489.24,1141.56,,متاح لدى المصدر,https://cdn.shopify.com/s/files/1/0935/9550/0847/files/AROMA-RADIANCE-GEL-80ML.webp?v=1771930372,منتج جل أروما راديانس 80 مل من AROMA. التصنيف المرجعي: العناية بالبشرة. الوسوم المرجعية: Anti-Aging، Dehydrated Skin، Dry Skin، Fine Lines & Wrinkles، Skin Care.,https://alfouadpharmacies.com/en/products/aroma-radiance-gel-80ml,AlFouad Pharmacies,Verify usage rights before commercial publication,غير مثبت,غير مثبت,مرجعي فقط — غير معتمد للنشر التجاري,بيانات مرجعية متاحة؛ يلزم تحقق PM,ضمن الفحص المبدئي
12689576427823,avene-gentle-exfoliating-gel-75ml,جل أفين اللطيف للتقشير 75 مل,Avene,العناية بالبشرة,العناية بالبشرة,1,Skin Care,10848,899,269.7,629.3,,متاح لدى المصدر,https://cdn.shopify.com/s/files/1/0935/9550/0847/files/AveneGentleExfoliatingGel75ml.webp?v=1785928388,منتج جل أفين اللطيف للتقشير 75 مل من Avene. التصنيف المرجعي: العناية بالبشرة — Skin Care. الوسوم المرجعية: Exfoliators، Skin Care، Skin Concerns.,https://alfouadpharmacies.com/en/products/avene-gentle-exfoliating-gel-75ml,AlFouad Pharmacies,Verify usage rights before commercial publication,غير مثبت,غير مثبت,مرجعي فقط — غير معتمد للنشر التجاري,بيانات مرجعية متاحة؛ يلزم تحقق PM,ضمن الفحص المبدئي
10589384540463,alejon-after-sun-gel-200ml,جل أليجون بعد التعرض للشمس 200 مل,ALEJON,العناية بالبشرة,العناية بالبشرة,1,,19684,410,123,287,,متاح لدى المصدر,https://cdn.shopify.com/s/files/1/0935/9550/0847/files/After-Sun-Gel_11zon.webp?v=1789638203,منتج جل أليجون بعد التعرض للشمس 200 مل من ALEJON. التصنيف المرجعي: العناية بالبشرة. الوسوم المرجعية: After Sun، Skin Care، Skin Concerns.,https://alfouadpharmacies.com/en/products/alejon-after-sun-gel-200ml,AlFouad Pharmacies,Verify usage rights before commercial publication,غير مثبت,غير مثبت,مرجعي فقط — غير معتمد للنشر التجاري,بيانات مرجعية متاحة؛ يلزم تحقق PM,ضمن الفحص المبدئي
10569718595887,infinity-soothing-moisturizing-gel-spf45-120ml,جل إنفينيتي المرطب والمهدئ (SPF45) 120 مل,AlFouad Pharmacies,العناية بالبشرة,العناية بالبشرة,1,بسيط,,165,49.5,115.5,,غير متاح لدى المصدر,https://cdn.shopify.com/s/files/1/0935/9550/0847/files/Infinity-Soothing-Moisturizing-Gel-SPF45-120ml.webp?v=1754299244,منتج جل إنفينيتي المرطب والمهدئ (SPF45) 120 مل من AlFouad Pharmacies. التصنيف المرجعي: العناية بالبشرة — بسيط. الوسوم المرجعية: Day Cream، Moisturizers، Skin Care.,https://alfouadpharmacies.com/en/products/infinity-soothing-moisturizing-gel-spf45-120ml,AlFouad Pharmacies,Verify usage rights before commercial publication,غير مثبت,غير مثبت,مرجعي فقط — غير معتمد للنشر التجاري,بيانات مرجعية متاحة؛ يلزم تحقق PM,ضمن الفحص المبدئي
10569818898735,cote-bronzage-shimmering-tanning-gel-200ml,جل التسمير اللامع كوت برونزاغ 200 مل,AlFouad Pharmacies,العناية بالبشرة,العناية بالبشرة,1,بسيط,3909,375,112.5,262.5,,غير متاح لدى المصدر,https://cdn.shopify.com/s/files/1/0935/9550/0847/files/Cote-Bronzage-Shimmering-Tanning-Gel-200ml-1.webp?v=1754298669,منتج جل التسمير اللامع كوت برونزاغ 200 مل من AlFouad Pharmacies. التصنيف المرجعي: العناية بالبشرة — بسيط. الوسوم المرجعية: Skin Care، Skin Concerns، Sun Care، Sun Gel، Sun Tan، Sunscreen.,https://alfouadpharmacies.com/en/products/cote-bronzage-shimmering-tanning-gel-200ml,AlFouad Pharmacies,Verify usage rights before commercial publication,غير مثبت,غير مثبت,مرجعي فقط — غير معتمد للنشر التجاري,بيانات مرجعية متاحة؛ يلزم تحقق PM,ضمن الفحص المبدئي
12689678663983,luna-sunscreen-taning-gel-130ml,جل التسمير الواقي من الشمس لونا 130 مل,AlFouad Pharmacies,العناية بالبشرة,العناية بالبشرة,1,بسيط,110595,300,90,210,,متاح لدى المصدر,https://cdn.shopify.com/s/files/1/0935/9550/0847/files/Luna_Intensive_Tanning_Gel_1615x1615_fb05fd3e-3d52-4ff9-89d5-745f561e9aef.webp?v=1772273649,منتج جل التسمير الواقي من الشمس لونا 130 مل من AlFouad Pharmacies. التصنيف المرجعي: العناية بالبشرة — بسيط. الوسوم المرجعية: Skin Care، Skin Concerns، Sun Care، Sun Tan، Sunscreen.,https://alfouadpharmacies.com/en/products/luna-sunscreen-taning-gel-130ml,AlFouad Pharmacies,Verify usage rights before commercial publication,غير مثبت,غير مثبت,مرجعي فقط — غير معتمد للنشر التجاري,بيانات مرجعية متاحة؛ يلزم تحقق PM,ضمن الفحص المبدئي
10569907110191,luna-sunscreen-taning-gel-130ml-off-20,جل التسمير الواقي من الشمس لونا 130 مل، خصم 20%,AlFouad Pharmacies,العناية بالبشرة,العناية بالبشرة,1,بسيط,13013,240,72,168,,غير متاح لدى المصدر,https://cdn.shopify.com/s/files/1/0935/9550/0847/files/Luna-Sunscreen-Taning-Gel-130ML-off-20.webp?v=1754298049,منتج جل التسمير الواقي من الشمس لونا 130 مل، خصم 20% من AlFouad Pharmacies. التصنيف المرجعي: العناية بالبشرة — بسيط. الوسوم المرجعية: Skin Care، Skin Concerns، Sun Care، Sun Tan، Sunscreen.,https://alfouadpharmacies.com/en/products/luna-sunscreen-taning-gel-130ml-off-20,AlFouad Pharmacies,Verify usage rights before commercial publication,غير مثبت,غير مثبت,مرجعي فقط — غير معتمد للنشر التجاري,بيانات مرجعية متاحة؛ يلزم تحقق PM,ضمن الفحص المبدئي
10569819029807,cote-bronzage-tanning-gel-200ml,جل التسمير كوت برونزاغ 200 مل,AlFouad Pharmacies,العناية بالبشرة,العناية بالبشرة,1,بسيط,4421,375,112.5,262.5,,غير متاح لدى المصدر,https://cdn.shopify.com/s/files/1/0935/9550/0847/files/Cote-Bronzage-Tanning-Gel-200ml-1.webp?v=1754298669,منتج جل التسمير كوت برونزاغ 200 مل من AlFouad Pharmacies. التصنيف المرجعي: العناية بالبشرة — بسيط. الوسوم المرجعية: Skin Care، Skin Concerns، Sun Care، Sun Gel، Sun Tan، Sunscreen.,https://alfouadpharmacies.com/en/products/cote-bronzage-tanning-gel-200ml,AlFouad Pharmacies,Verify usage rights before commercial publication,غير مثبت,غير مثبت,مرجعي فقط — غير معتمد للنشر التجاري,بيانات مرجعية متاحة؛ يلزم تحقق PM,ضمن الفحص المبدئي
10569895608623,jampj-fresh-hydration-micellar-cleansing-jelly-200ml,جل التنظيف الميسيلار المرطب من جي آند جي فريش، 200 مل,J&J,العناية بالبشرة,العناية بالبشرة,1,بسيط,94884,225,67.5,157.5,,متاح لدى المصدر,https://cdn.shopify.com/s/files/1/0935/9550/0847/files/JJ-Fresh-Hydration-Micellar-Cleansing-Jelly-200ML.webp?v=1754298197,منتج جل التنظيف الميسيلار المرطب من جي آند جي فريش، 200 مل من J&J. التصنيف المرجعي: العناية بالبشرة — بسيط. الوسوم المرجعية: Cleanser، Makeup Removers، Skin Care.,https://alfouadpharmacies.com/en/products/jampj-fresh-hydration-micellar-cleansing-jelly-200ml,AlFouad Pharmacies,Verify usage rights before commercial publication,غير مثبت,غير مثبت,مرجعي فقط — غير معتمد للنشر التجاري,بيانات مرجعية متاحة؛ يلزم تحقق PM,ضمن الفحص المبدئي
12689790992687,raw-african-aloe-vera-gel-125gm,جل الصبار الأفريقي الخام 125 جرام,RAW AFRICAN,العناية بالبشرة,العناية بالبشرة,1,بسيط,25363,170,51,119,,متاح لدى المصدر,https://cdn.shopify.com/s/files/1/0935/9550/0847/files/raw_african_aloe_vera_gel_1615x1615_white_bg.webp?v=1771758059,منتج جل الصبار الأفريقي الخام 125 جرام من RAW AFRICAN. التصنيف المرجعي: العناية بالبشرة — بسيط. الوسوم المرجعية: Dryness، Moisturizer Gel، Moisturizers، Skin Care، Skin Concerns.,https://alfouadpharmacies.com/en/products/raw-african-aloe-vera-gel-125gm,AlFouad Pharmacies,Verify usage rights before commercial publication,غير مثبت,غير مثبت,مرجعي فقط — غير معتمد للنشر التجاري,بيانات مرجعية متاحة؛ يلزم تحقق PM,ضمن الفحص المبدئي
10569713811759,infinity-naturals-alo-vera-gel-250ml,جل الصبار من إنفينيتي ناتشورالز 250 مل,AlFouad Pharmacies,العناية بالبشرة,العناية بالبشرة,1,بسيط,,125,37.5,87.5,,غير متاح لدى المصدر,https://cdn.shopify.com/s/files/1/0935/9550/0847/files/Infinity-Naturals-Alo-Vera-Gel-250ml.webp?v=1754299318,منتج جل الصبار من إنفينيتي ناتشورالز 250 مل من AlFouad Pharmacies. التصنيف المرجعي: العناية بالبشرة — بسيط. الوسوم المرجعية: Moisturizer Gel، Moisturizers، Skin Care.,https://alfouadpharmacies.com/en/products/infinity-naturals-alo-vera-gel-250ml,AlFouad Pharmacies,Verify usage rights before commercial publication,غير مثبت,غير مثبت,مرجعي فقط — غير معتمد للنشر التجاري,بيانات مرجعية متاحة؛ يلزم تحقق PM,ضمن الفحص المبدئي
10569866740015,banana-boat-aloe-vera-gel-after-sun-230ml,جل الصبار من بينانا بوت بعد التعرض للشمس 230 مل,AlFouad Pharmacies,العناية بالبشرة,العناية بالبشرة,1,بسيط,,210,63,147,,غير متاح لدى المصدر,https://cdn.shopify.com/s/files/1/0935/9550/0847/files/Banana-Boat-Aloe-vera-Gel-After-Sun-230ML.webp?v=1754298280,منتج جل الصبار من بينانا بوت بعد التعرض للشمس 230 مل من AlFouad Pharmacies. التصنيف المرجعي: العناية بالبشرة — بسيط. الوسوم المرجعية: After Sun، Dry Skin، Dryness، Moisturizer Gel، Moisturizers، Skin Care، Skin Concerns، Sun Care.,https://alfouadpharmacies.com/en/products/banana-boat-aloe-vera-gel-after-sun-230ml,AlFouad Pharmacies,Verify usage rights before commercial publication,غير مثبت,غير مثبت,مرجعي فقط — غير معتمد للنشر التجاري,بيانات مرجعية متاحة؛ يلزم تحقق PM,ضمن الفحص المبدئي
12689796661551,eva-skin-clinic-hyaluronic-day-gel-45ml,جل الوجه اليومي من إيفا سكين كلينك، حمض الهيالورونيك، 45 مل,AlFouad Pharmacies,العناية بالبشرة,العناية بالبشرة,1,بسيط,111483,220,66,154,,متاح لدى المصدر,https://cdn.shopify.com/s/files/1/0935/9550/0847/files/cCDten2uuE04cyGkJmR5HVqehiiYtLJ7dY2BWKdo.webp?v=1771843514,منتج جل الوجه اليومي من إيفا سكين كلينك، حمض الهيالورونيك، 45 مل من AlFouad Pharmacies. التصنيف المرجعي: العناية بالبشرة — بسيط. الوسوم المرجعية: Anti-Aging، Moisturizer Gel، Moisturizers، Skin Care، Skin Concerns.,https://alfouadpharmacies.com/en/products/eva-skin-clinic-hyaluronic-day-gel-45ml,AlFouad Pharmacies,Verify usage rights before commercial publication,غير مثبت,غير مثبت,مرجعي فقط — غير معتمد للنشر التجاري,بيانات مرجعية متاحة؛ يلزم تحقق PM,ضمن الفحص المبدئي
12689803051311,bobai-after-sun-gel-200gm,جل بوباي بعد التعرض للشمس 200 جرام,Bobai,العناية بالبشرة,العناية بالبشرة,1,بسيط,104151,250,75,175,,متاح لدى المصدر,https://cdn.shopify.com/s/files/1/0935/9550/0847/files/612rRzmSWOL._AC_SY879.webp?v=1790495984,منتج جل بوباي بعد التعرض للشمس 200 جرام من Bobai. التصنيف المرجعي: العناية بالبشرة — بسيط. الوسوم المرجعية: After Sun، bobai، Skin Care، Skin Concerns، Sun Care، Sunscreen.,https://alfouadpharmacies.com/en/products/bobai-after-sun-gel-200gm,AlFouad Pharmacies,Verify usage rights before commercial publication,غير مثبت,غير مثبت,مرجعي فقط — غير معتمد للنشر التجاري,بيانات مرجعية متاحة؛ يلزم تحقق PM,ضمن الفحص المبدئي
12689811210543,bobai-sun-screen-gel-spf50-60ml-11-free-off,جل بوباي للحماية من الشمس SPF50+ 60 مل,Bobai off,العناية بالبشرة,العناية بالبشرة,1,بسيط,13726,350,105,245,590,متاح لدى المصدر,https://cdn.shopify.com/s/files/1/0935/9550/0847/files/61YvifEOlrL._AC_SX679_2aa7e447-b52c-447e-a795-74f9df4cddac.webp?v=1790496032,منتج جل بوباي للحماية من الشمس SPF50+ 60 مل من Bobai off. التصنيف المرجعي: العناية بالبشرة — بسيط. الوسوم المرجعية: bobai، Bundle، Skin Care، Skin Concerns، Skincare Offers، Sun Care.,https://alfouadpharmacies.com/en/products/bobai-sun-screen-gel-spf50-60ml-11-free-off,AlFouad Pharmacies,Verify usage rights before commercial publication,غير مثبت,غير مثبت,مرجعي فقط — غير معتمد للنشر التجاري,بيانات مرجعية متاحة؛ يلزم تحقق PM,ضمن الفحص المبدئي
12689811046703,bobai-sun-screen-anti-dark-spot-spf50-gel-50gm,جل بوباي واقي الشمس المضاد للبقع الداكنة SPF+50، 50 جم,Bobai,العناية بالبشرة,العناية بالبشرة,1,بسيط,104738,350,105,245,,متاح لدى المصدر,https://cdn.shopify.com/s/files/1/0935/9550/0847/files/29-487622_1200x1200_b94b3252-b06b-4750-8db0-332eadd13534.webp?v=1778156199,منتج جل بوباي واقي الشمس المضاد للبقع الداكنة SPF+50، 50 جم من Bobai. التصنيف المرجعي: العناية بالبشرة — بسيط. الوسوم المرجعية: bobai، Dark Spots، Skin Care، Skin Concerns، SPF 50، Sun Gel، Sunscreen.,https://alfouadpharmacies.com/en/products/bobai-sun-screen-anti-dark-spot-spf50-gel-50gm,AlFouad Pharmacies,Verify usage rights before commercial publication,غير مثبت,غير مثبت,مرجعي فقط — غير معتمد للنشر التجاري,بيانات مرجعية متاحة؛ يلزم تحقق PM,ضمن الفحص المبدئي
10569738158383,beesline-suntan-coconutampgold-jelly-150ml,جل بيزلين للشمس باللوز الذهبي وجوز الهند 150 مل,Beesline,العناية بالبشرة,العناية بالبشرة,1,بسيط,21187,375,112.5,262.5,,غير متاح لدى المصدر,https://cdn.shopify.com/s/files/1/0935/9550/0847/files/Beesline-Suntan-CoconutGold-Jelly-150ML.webp?v=1754298958,منتج جل بيزلين للشمس باللوز الذهبي وجوز الهند 150 مل من Beesline. التصنيف المرجعي: العناية بالبشرة — بسيط. الوسوم المرجعية: Skin Care، Skin Concerns، Sun Care، Sun Tan، Sunscreen.,https://alfouadpharmacies.com/en/products/beesline-suntan-coconutampgold-jelly-150ml,AlFouad Pharmacies,Verify usage rights before commercial publication,غير مثبت,غير مثبت,مرجعي فقط — غير معتمد للنشر التجاري,بيانات مرجعية متاحة؛ يلزم تحقق PM,ضمن الفحص المبدئي
10569736061231,sensibio-eye-gel-contour-15ml-anti-puffiness,جل بيوديرما سينسيبيو للعينين 15 مل مضاد للانتفاخ,Bioderma,العناية بالبشرة,العناية بالبشرة,1,بسيط,93614,849,254.7,594.3,0,متاح لدى المصدر,https://cdn.shopify.com/s/files/1/0935/9550/0847/files/Sensibio-Eye-Gel-Contour-15ML-Anti-puffiness.webp?v=1754298979,منتج جل بيوديرما سينسيبيو للعينين 15 مل مضاد للانتفاخ من Bioderma. التصنيف المرجعي: العناية بالبشرة — بسيط. الوسوم المرجعية: Dark Circles & Puffiness، Eye & Lip، Eye Care، Eye Contour، Skin Care، Skin Concerns.,https://alfouadpharmacies.com/en/products/sensibio-eye-gel-contour-15ml-anti-puffiness,AlFouad Pharmacies,Verify usage rights before commercial publication,غير مثبت,غير مثبت,مرجعي فقط — غير معتمد للنشر التجاري,بيانات مرجعية متاحة؛ يلزم تحقق PM,ضمن الفحص المبدئي
10589424845103,vacation-whitening-night-care-gel-60ml-1,جل تبييض ليلي للعناية بالبشرة 60 مل ,vacation,العناية بالبشرة,العناية بالبشرة,1,,112895,275,82.5,192.5,,غير متاح لدى المصدر,https://cdn.shopify.com/s/files/1/0935/9550/0847/files/VacationWhiteningNightCareGel60ML.webp?v=1754296939,منتج جل تبييض ليلي للعناية بالبشرة 60 مل  من vacation. التصنيف المرجعي: العناية بالبشرة. الوسوم المرجعية: Dark Spots، Even Skin Tone، Skin Care، Whitining Cream.,https://alfouadpharmacies.com/en/products/vacation-whitening-night-care-gel-60ml-1,AlFouad Pharmacies,Verify usage rights before commercial publication,غير مثبت,غير مثبت,مرجعي فقط — غير معتمد للنشر التجاري,بيانات مرجعية متاحة؛ يلزم تحقق PM,ضمن الفحص المبدئي
12689809539375,starville-eye-contour-gel-30ml,جل تحديد محيط العين من ستارفيل 30 مل,parkville,العناية بالبشرة,العناية بالبشرة,1,بسيط,103534,250,75,175,,متاح لدى المصدر,https://cdn.shopify.com/s/files/1/0935/9550/0847/files/eyecontor.webp?v=1771838996,منتج جل تحديد محيط العين من ستارفيل 30 مل من parkville. التصنيف المرجعي: العناية بالبشرة — بسيط. الوسوم المرجعية: Eye & Lip، Eye Care، Eye Contour، Skin Care.,https://alfouadpharmacies.com/en/products/starville-eye-contour-gel-30ml,AlFouad Pharmacies,Verify usage rights before commercial publication,غير مثبت,غير مثبت,مرجعي فقط — غير معتمد للنشر التجاري,بيانات مرجعية متاحة؛ يلزم تحقق PM,ضمن الفحص المبدئي
12689798431023,alejon-face-moisturizing-gel-75gm,جل ترطيب الوجه من أليجون 75 غرام,ALEJON,العناية بالبشرة,العناية بالبشرة,1,بسيط,10743,270,81,189,,متاح لدى المصدر,https://cdn.shopify.com/s/files/1/0935/9550/0847/files/alejon_facial_moisturizer_gel_ecommerce_39c68eae-d2ac-4825-8663-988c807ca14b.webp?v=1771832283,منتج جل ترطيب الوجه من أليجون 75 غرام من ALEJON. التصنيف المرجعي: العناية بالبشرة — بسيط. الوسوم المرجعية: Acne & Blemishes، Moisturizer Gel، Moisturizers، Skin Care، Skin Concerns.,https://alfouadpharmacies.com/en/products/alejon-face-moisturizing-gel-75gm,AlFouad Pharmacies,Verify usage rights before commercial publication,غير مثبت,غير مثبت,مرجعي فقط — غير معتمد للنشر التجاري,بيانات مرجعية متاحة؛ يلزم تحقق PM,ضمن الفحص المبدئي
10569851568431,himalaya-alovera-faceampbody-moisturizer-gel-300ml,جل ترطيب الوجه والجسم من هيمالايا، الصبار، 300 مل,AlFouad Pharmacies,العناية بالبشرة,العناية بالبشرة,1,بسيط,12345,171,51.3,119.7,,غير متاح لدى المصدر,https://cdn.shopify.com/s/files/1/0935/9550/0847/files/Himalaya-Alovera-FaceBody-Moisturizer-Gel-300ML.webp?v=1754298423,منتج جل ترطيب الوجه والجسم من هيمالايا، الصبار، 300 مل من AlFouad Pharmacies. التصنيف المرجعي: العناية بالبشرة — بسيط. الوسوم المرجعية: Dryness، Moisturizer Gel، Moisturizers، Skin Care، Skin Concerns.,https://alfouadpharmacies.com/en/products/himalaya-alovera-faceampbody-moisturizer-gel-300ml,AlFouad Pharmacies,Verify usage rights before commercial publication,غير مثبت,غير مثبت,مرجعي فقط — غير معتمد للنشر التجاري,بيانات مرجعية متاحة؛ يلزم تحقق PM,ضمن الفحص المبدئي
12689794761007,starville-acne-prone-skin-hydrating-gel-100ml,جل ترطيب للبشرة المعرضة لحب الشباب من ستارفيل 100 مل,parkville,العناية بالبشرة,العناية بالبشرة,1,بسيط,10051,175,52.5,122.5,,غير متاح لدى المصدر,https://cdn.shopify.com/s/files/1/0935/9550/0847/files/StarvilleAcneProneSkinHydratingGel100ml.webp?v=1771839487,منتج جل ترطيب للبشرة المعرضة لحب الشباب من ستارفيل 100 مل من parkville. التصنيف المرجعي: العناية بالبشرة — بسيط. الوسوم المرجعية: Moisturizer Gel، Moisturizers، Skin Care، starville.,https://alfouadpharmacies.com/en/products/starville-acne-prone-skin-hydrating-gel-100ml,AlFouad Pharmacies,Verify usage rights before commercial publication,غير مثبت,غير مثبت,مرجعي فقط — غير معتمد للنشر التجاري,بيانات مرجعية متاحة؛ يلزم تحقق PM,ضمن الفحص المبدئي
10569715777839,starville-acne-prone-skin-hydrating-gel-200ml,جل ترطيب للبشرة المعرضة لحب الشباب من ستارفيل 200 مل,parkville,العناية بالبشرة,العناية بالبشرة,1,بسيط,10018,250,75,175,,متاح لدى المصدر,https://cdn.shopify.com/s/files/1/0935/9550/0847/files/StarvilleAcne-ProneSkinHydrate200ML.webp?v=1754299277,منتج جل ترطيب للبشرة المعرضة لحب الشباب من ستارفيل 200 مل من parkville. التصنيف المرجعي: العناية بالبشرة — بسيط. الوسوم المرجعية: Moisturizer Gel، Moisturizers، Skin Care، starville.,https://alfouadpharmacies.com/en/products/starville-acne-prone-skin-hydrating-gel-200ml,AlFouad Pharmacies,Verify usage rights before commercial publication,غير مثبت,غير مثبت,مرجعي فقط — غير معتمد للنشر التجاري,بيانات مرجعية متاحة؛ يلزم تحقق PM,ضمن الفحص المبدئي
12689440047407,vacation-whitening-day-gel-spf30-60ml,جل تفتيح البشرة النهاري للعطلات بعامل حماية من الشمس 30+، 60 مل,vacation,العناية بالبشرة,العناية بالبشرة,1,,113998,275,82.5,192.5,,متاح لدى المصدر,https://cdn.shopify.com/s/files/1/0935/9550/0847/files/Vacation_UniWhite_SPF30_Day_Gel_60ml_Tube_1615x1615_24dfef04-5de6-461a-8d32-30d57f23818b.webp?v=1771848195,منتج جل تفتيح البشرة النهاري للعطلات بعامل حماية من الشمس 30+، 60 مل من vacation. التصنيف المرجعي: العناية بالبشرة. الوسوم المرجعية: Dark Spots، Day Cream، Even Skin Tone / Pigmentation.,https://alfouadpharmacies.com/en/products/vacation-whitening-day-gel-spf30-60ml,AlFouad Pharmacies,Verify usage rights before commercial publication,غير مثبت,غير مثبت,مرجعي فقط — غير معتمد للنشر التجاري,بيانات مرجعية متاحة؛ يلزم تحقق PM,ضمن الفحص المبدئي
12689796727087,starville-whitening-gel-spf50-60gm,جل تفتيح ستار فيل SPF50+ 60 جم,parkville,العناية بالبشرة,العناية بالبشرة,1,بسيط,9169,170,51,119,,متاح لدى المصدر,https://cdn.shopify.com/s/files/1/0935/9550/0847/files/whitinggelspf50-60gm.webp?v=1771839331,منتج جل تفتيح ستار فيل SPF50+ 60 جم من parkville. التصنيف المرجعي: العناية بالبشرة — بسيط. الوسوم المرجعية: Skin Care، Skin Concerns، SPF 50، Sun Care، Sunscreen.,https://alfouadpharmacies.com/en/products/starville-whitening-gel-spf50-60gm,AlFouad Pharmacies,Verify usage rights before commercial publication,غير مثبت,غير مثبت,مرجعي فقط — غير معتمد للنشر التجاري,بيانات مرجعية متاحة؛ يلزم تحقق PM,ضمن الفحص المبدئي
10569713877295,infinity-purifying-cleansing-gel-200ml,جل تنظيف إينفينيتي المنقي 200 مل,AlFouad Pharmacies,العناية بالبشرة,العناية بالبشرة,1,بسيط,,180,54,126,,غير متاح لدى المصدر,https://cdn.shopify.com/s/files/1/0935/9550/0847/files/Infinity-Purifying-Cleansing-Gel-200mll.webp?v=1754299316,منتج جل تنظيف إينفينيتي المنقي 200 مل من AlFouad Pharmacies. التصنيف المرجعي: العناية بالبشرة — بسيط. الوسوم المرجعية: Cleanser، Face Wash، Skin Care.,https://alfouadpharmacies.com/en/products/infinity-purifying-cleansing-gel-200ml,AlFouad Pharmacies,Verify usage rights before commercial publication,غير مثبت,غير مثبت,مرجعي فقط — غير معتمد للنشر التجاري,بيانات مرجعية متاحة؛ يلزم تحقق PM,ضمن الفحص المبدئي
10569717481775,infinity-naturals-chamomile-cleansing-gel-200ml,جل تنظيف البابونج من إنفينيتي ناتشورالز 200 مل,AlFouad Pharmacies,العناية بالبشرة,العناية بالبشرة,1,بسيط,,230,69,161,,غير متاح لدى المصدر,https://cdn.shopify.com/s/files/1/0935/9550/0847/files/Infinity-Naturals-Chamomile-Cleansing-Gel-200ml.webp?v=1754299248,منتج جل تنظيف البابونج من إنفينيتي ناتشورالز 200 مل من AlFouad Pharmacies. التصنيف المرجعي: العناية بالبشرة — بسيط. الوسوم المرجعية: Cleanser، Face Wash، Skin Care.,https://alfouadpharmacies.com/en/products/infinity-naturals-chamomile-cleansing-gel-200ml,AlFouad Pharmacies,Verify usage rights before commercial publication,غير مثبت,غير مثبت,مرجعي فقط — غير معتمد للنشر التجاري,بيانات مرجعية متاحة؛ يلزم تحقق PM,ضمن الفحص المبدئي
10569713778991,infinity-naturals-detoxifying-cleansing-gel-200ml,جل تنظيف الجسم المنقية من إنفينيتي ناتشورالز 200 مل,AlFouad Pharmacies,العناية بالبشرة,العناية بالبشرة,1,بسيط,,230,69,161,,غير متاح لدى المصدر,https://cdn.shopify.com/s/files/1/0935/9550/0847/files/Infinity-Naturals-Detoxifying-Cleansing-Gel-200ml.webp?v=1754299318,منتج جل تنظيف الجسم المنقية من إنفينيتي ناتشورالز 200 مل من AlFouad Pharmacies. التصنيف المرجعي: العناية بالبشرة — بسيط. الوسوم المرجعية: Cleanser، Face Wash، Skin Care.,https://alfouadpharmacies.com/en/products/infinity-naturals-detoxifying-cleansing-gel-200ml,AlFouad Pharmacies,Verify usage rights before commercial publication,غير مثبت,غير مثبت,مرجعي فقط — غير معتمد للنشر التجاري,بيانات مرجعية متاحة؛ يلزم تحقق PM,ضمن الفحص المبدئي
10569842295087,bobana-scrub-gel-pomegranate-150ml,جل تنظيف الجسم بوبانا، رمان، 150 مل,AlFouad Pharmacies,العناية بالبشرة,العناية بالبشرة,1,بسيط,112955,85,25.5,59.5,,غير متاح لدى المصدر,https://cdn.shopify.com/s/files/1/0935/9550/0847/files/Bobana-Scrub-Gel-Pomegranate-150ML.webp?v=1753904662,منتج جل تنظيف الجسم بوبانا، رمان، 150 مل من AlFouad Pharmacies. التصنيف المرجعي: العناية بالبشرة — بسيط. الوسوم المرجعية: Cleanser، Dryness، Face Scrub، Skin Care، Skin Concerns.,https://alfouadpharmacies.com/en/products/bobana-scrub-gel-pomegranate-150ml,AlFouad Pharmacies,Verify usage rights before commercial publication,غير مثبت,غير مثبت,مرجعي فقط — غير معتمد للنشر التجاري,بيانات مرجعية متاحة؛ يلزم تحقق PM,ضمن الفحص المبدئي
10572100796719,larel-dermosoft-cleansing-face-gel-200ml,جل تنظيف الوجه لاريل ديرموسوفت 200 مل,AlFouad Pharmacies,العناية بالبشرة,العناية بالبشرة,1,بسيط,112384,890,267,623,,متاح لدى المصدر,https://cdn.shopify.com/s/files/1/0935/9550/0847/files/DERMOSOFT-oczyszczajaco-_E2_80_93-odswiezajacy-kremowy-zel-do-mycia-twarzy.webp?v=1754297012,منتج جل تنظيف الوجه لاريل ديرموسوفت 200 مل من AlFouad Pharmacies. التصنيف المرجعي: العناية بالبشرة — بسيط. الوسوم المرجعية: Acne & Blemishes، Cleanser، Face Wash، Oily Skin، Pores، Skin Care، Skin Concerns.,https://alfouadpharmacies.com/en/products/larel-dermosoft-cleansing-face-gel-200ml,AlFouad Pharmacies,Verify usage rights before commercial publication,غير مثبت,غير مثبت,مرجعي فقط — غير معتمد للنشر التجاري,بيانات مرجعية متاحة؛ يلزم تحقق PM,ضمن الفحص المبدئي
10569743925551,isis-teen-derm-purifying-gel-150-ml,جل تنظيف الوجه من آيزيس، تين ديرم، 150 مل,isis,العناية بالبشرة,العناية بالبشرة,1,غسول ,97560,599,179.7,419.3,,متاح لدى المصدر,https://cdn.shopify.com/s/files/1/0935/9550/0847/files/1_-_2026-06-30T161404.661.webp?v=1782825652,منتج جل تنظيف الوجه من آيزيس، تين ديرم، 150 مل من isis. التصنيف المرجعي: العناية بالبشرة — غسول . الوسوم المرجعية: Acne & Blemishes، Cleanser، Face Wash، Oily Skin، Pores، Skin Care، Skin Concerns.,https://alfouadpharmacies.com/en/products/isis-teen-derm-purifying-gel-150-ml,AlFouad Pharmacies,Verify usage rights before commercial publication,غير مثبت,غير مثبت,مرجعي فقط — غير معتمد للنشر التجاري,بيانات مرجعية متاحة؛ يلزم تحقق PM,ضمن الفحص المبدئي
10569903997231,loreal-hyaluron-expert-cleansing-gel-oily-200ml,جل تنظيف الوجه هاليورون إكسبيرت من لوريال للبشرة الدهنية 200 مل,LOREAL PCD,العناية بالبشرة,العناية بالبشرة,1,بسيط,1731,350,105,245,,متاح لدى المصدر,https://cdn.shopify.com/s/files/1/0935/9550/0847/files/Loreal-Hyaluron-Expert-Cleansing-Gel-Oily-200ML.webp?v=1754298082,منتج جل تنظيف الوجه هاليورون إكسبيرت من لوريال للبشرة الدهنية 200 مل من LOREAL PCD. التصنيف المرجعي: العناية بالبشرة — بسيط. الوسوم المرجعية: Acne & Blemishes، Cleanser، Face Wash، Skin Care، Skin Concerns.,https://alfouadpharmacies.com/en/products/loreal-hyaluron-expert-cleansing-gel-oily-200ml,AlFouad Pharmacies,Verify usage rights before commercial publication,غير مثبت,غير مثبت,مرجعي فقط — غير معتمد للنشر التجاري,بيانات مرجعية متاحة؛ يلزم تحقق PM,ضمن الفحص المبدئي
10569717449007,dermatique-essential-vitamin-c-cleansing-gel-200,جل تنظيف ديرماتيك إيسينشال (فيتامين سي) 200 مل,AlFouad Pharmacies,العناية بالبشرة,العناية بالبشرة,1,بسيط,7361,300,90,210,,متاح لدى المصدر,https://cdn.shopify.com/s/files/1/0935/9550/0847/files/Dermatique-Essential-Vitamin-C-Cleansing-Gel-200.webp?v=1754299249,منتج جل تنظيف ديرماتيك إيسينشال (فيتامين سي) 200 مل من AlFouad Pharmacies. التصنيف المرجعي: العناية بالبشرة — بسيط. الوسوم المرجعية: Cleanser، Face Wash، Skin Care.,https://alfouadpharmacies.com/en/products/dermatique-essential-vitamin-c-cleansing-gel-200,AlFouad Pharmacies,Verify usage rights before commercial publication,غير مثبت,غير مثبت,مرجعي فقط — غير معتمد للنشر التجاري,بيانات مرجعية متاحة؛ يلزم تحقق PM,ضمن الفحص المبدئي
10569716400431,dermatique-refine-purifying-cleansing-gel-150ml,جل تنظيف ديرماتيك ريفاين المنقي 150 مل,AlFouad Pharmacies,العناية بالبشرة,العناية بالبشرة,1,بسيط,7533,300,90,210,,غير متاح لدى المصدر,https://cdn.shopify.com/s/files/1/0935/9550/0847/files/Dermatique-Refine-Purifying-Cleansing-Gel-150ml.webp?v=1754299266,منتج جل تنظيف ديرماتيك ريفاين المنقي 150 مل من AlFouad Pharmacies. التصنيف المرجعي: العناية بالبشرة — بسيط. الوسوم المرجعية: Cleanser، Face Wash، Skin Care.,https://alfouadpharmacies.com/en/products/dermatique-refine-purifying-cleansing-gel-150ml,AlFouad Pharmacies,Verify usage rights before commercial publication,غير مثبت,غير مثبت,مرجعي فقط — غير معتمد للنشر التجاري,بيانات مرجعية متاحة؛ يلزم تحقق PM,ضمن الفحص المبدئي
12689811079471,dermactive-acti-clear-cleans-foam-gel-200ml,جل تنظيف رغوي ديرم اكتيف اكتي-كلير 200 مل,DERMACTIVE,العناية بالبشرة,العناية بالبشرة,1,بسيط,25742,199,59.7,139.3,,متاح لدى المصدر,https://cdn.shopify.com/s/files/1/0935/9550/0847/files/DERMACTIVE_ACTICLEAR_FIXED_1615x1615_2c7cd0c8-de2f-4745-9597-f9c08c2d110d.webp?v=1771502309,منتج جل تنظيف رغوي ديرم اكتيف اكتي-كلير 200 مل من DERMACTIVE. التصنيف المرجعي: العناية بالبشرة — بسيط. الوسوم المرجعية: Acne & Blemishes، Cleanser، Face Wash، Skin Care، Skin Concerns.,https://alfouadpharmacies.com/en/products/dermactive-acti-clear-cleans-foam-gel-200ml,AlFouad Pharmacies,Verify usage rights before commercial publication,غير مثبت,غير مثبت,مرجعي فقط — غير معتمد للنشر التجاري,بيانات مرجعية متاحة؛ يلزم تحقق PM,ضمن الفحص المبدئي
10570010722607,mustela-stelatopia-cleansing-gel-200ml,جل تنظيف ستيلاتيوبيا من موستيلا 200 مل,Mustela,العناية بالبشرة,العناية بالبشرة | العناية بالجسم | العناية بالأطفال,3,بسيط,112935,1045,313.5,731.5,,متاح لدى المصدر,https://cdn.shopify.com/s/files/1/0935/9550/0847/files/Mustela-Stelatopia-Cleansing-Gel-200ML.webp?v=1754297065,منتج جل تنظيف ستيلاتيوبيا من موستيلا 200 مل من Mustela. التصنيف المرجعي: العناية بالبشرة — بسيط. الوسوم المرجعية: Body Care، Body Concerns، Body Wash، Dry Skin body concerns، Kids Care، Kids Concerns، Kids Dry Skin، Kids Shower.,https://alfouadpharmacies.com/en/products/mustela-stelatopia-cleansing-gel-200ml,AlFouad Pharmacies,Verify usage rights before commercial publication,غير مثبت,غير مثبت,مرجعي فقط — غير معتمد للنشر التجاري,بيانات مرجعية متاحة؛ يلزم تحقق PM,ضمن الفحص المبدئي
10569815621935,vichy-thermal-fresh-cleansing-gel-200ml,جل تنظيف فيشي ترمال فريش 200 مل,Vichy,العناية بالبشرة,العناية بالبشرة,1,بسيط,111145,720,216,504,,غير متاح لدى المصدر,https://cdn.shopify.com/s/files/1/0935/9550/0847/files/1_33.webp?v=1780563677,منتج جل تنظيف فيشي ترمال فريش 200 مل من Vichy. التصنيف المرجعي: العناية بالبشرة — بسيط. الوسوم المرجعية: Cleanser، Dehydrated Skin، Dryness، Face Wash، Sensitive Skin / Redness، Skin Care، Skin Concerns.,https://alfouadpharmacies.com/en/products/vichy-thermal-fresh-cleansing-gel-200ml,AlFouad Pharmacies,Verify usage rights before commercial publication,غير مثبت,غير مثبت,مرجعي فقط — غير معتمد للنشر التجاري,بيانات مرجعية متاحة؛ يلزم تحقق PM,ضمن الفحص المبدئي
10569716760879,cleo-purifying-cleansing-gel-150ml,جل تنظيف كليهو المنقي 150 مل,AlFouad Pharmacies,العناية بالبشرة,العناية بالبشرة,1,بسيط,,260,78,182,,غير متاح لدى المصدر,https://cdn.shopify.com/s/files/1/0935/9550/0847/files/Cleo-Purifying-Cleansing-Gel-150ml.webp?v=1754299261,منتج جل تنظيف كليهو المنقي 150 مل من AlFouad Pharmacies. التصنيف المرجعي: العناية بالبشرة — بسيط. الوسوم المرجعية: Cleanser، Face Wash، Skin Care.,https://alfouadpharmacies.com/en/products/cleo-purifying-cleansing-gel-150ml,AlFouad Pharmacies,Verify usage rights before commercial publication,غير مثبت,غير مثبت,مرجعي فقط — غير معتمد للنشر التجاري,بيانات مرجعية متاحة؛ يلزم تحقق PM,ضمن الفحص المبدئي
10569719316783,cleo-glow-vitamin-c-cleansing-gel-150ml,جل تنظيف كليو جلو (فيتامين سي) 150 مل,AlFouad Pharmacies,العناية بالبشرة,العناية بالبشرة,1,بسيط,,260,78,182,,غير متاح لدى المصدر,https://cdn.shopify.com/s/files/1/0935/9550/0847/files/Cleo-Glow-Vitamin-C-Cleansing-Gel-150ml.webp?v=1754299234,منتج جل تنظيف كليو جلو (فيتامين سي) 150 مل من AlFouad Pharmacies. التصنيف المرجعي: العناية بالبشرة — بسيط. الوسوم المرجعية: Cleanser، Face Wash، Skin Care.,https://alfouadpharmacies.com/en/products/cleo-glow-vitamin-c-cleansing-gel-150ml,AlFouad Pharmacies,Verify usage rights before commercial publication,غير مثبت,غير مثبت,مرجعي فقط — غير معتمد للنشر التجاري,بيانات مرجعية متاحة؛ يلزم تحقق PM,ضمن الفحص المبدئي
10570010132783,leylak-cleansing-gel-200ml,جل تنظيف ليلاك 200 مل,AlFouad Pharmacies,العناية بالبشرة,العناية بالبشرة,1,بسيط,13578,289,86.7,202.3,,متاح لدى المصدر,https://cdn.shopify.com/s/files/1/0935/9550/0847/files/leylak-cleansing-gel-200ml.webp?v=1754297072,منتج جل تنظيف ليلاك 200 مل من AlFouad Pharmacies. التصنيف المرجعي: العناية بالبشرة — بسيط. الوسوم المرجعية: Acne & Blemishes، Cleanser، Face Wash، Oily Skin، Pores، Skin Care، Skin Concerns.,https://alfouadpharmacies.com/en/products/leylak-cleansing-gel-200ml,AlFouad Pharmacies,Verify usage rights before commercial publication,غير مثبت,غير مثبت,مرجعي فقط — غير معتمد للنشر التجاري,بيانات مرجعية متاحة؛ يلزم تحقق PM,ضمن الفحص المبدئي
12689809408303,dermactive-acti-repair-soothing-cleans-gel-200ml,جل تنظيف مهدئ ديرم اكتيف اكتي-ريبير 200 مل,DERMACTIVE,العناية بالبشرة,العناية بالبشرة,1,بسيط,9565,199,59.7,139.3,,متاح لدى المصدر,https://cdn.shopify.com/s/files/1/0935/9550/0847/files/dermactive_acti_repair_1615x1615_35a7c020-cb68-472d-b37d-2ffdbefbbafa.webp?v=1771746868,منتج جل تنظيف مهدئ ديرم اكتيف اكتي-ريبير 200 مل من DERMACTIVE. التصنيف المرجعي: العناية بالبشرة — بسيط. الوسوم المرجعية: Cleanser، Dryness، Face Wash، Skin Care، Skin Concerns.,https://alfouadpharmacies.com/en/products/dermactive-acti-repair-soothing-cleans-gel-200ml,AlFouad Pharmacies,Verify usage rights before commercial publication,غير مثبت,غير مثبت,مرجعي فقط — غير معتمد للنشر التجاري,بيانات مرجعية متاحة؛ يلزم تحقق PM,ضمن الفحص المبدئي
10569735373103,sebium-exfoliating-purifying-gel-100ml,جل تنظيف وتجديد البشرة سيبام 100 مل,AlFouad Pharmacies,العناية بالبشرة,العناية بالبشرة,1,بسيط,97278,650,195,455,,غير متاح لدى المصدر,https://cdn.shopify.com/s/files/1/0935/9550/0847/files/Sebium-Exfoliating-Purifying-Gel-100ML.webp?v=1754298985,منتج جل تنظيف وتجديد البشرة سيبام 100 مل من AlFouad Pharmacies. التصنيف المرجعي: العناية بالبشرة — بسيط. الوسوم المرجعية: Acne & Blemishes، Cleanser، Exfoliators، Oily Skin، Skin Care، Skin Concerns.,https://alfouadpharmacies.com/en/products/sebium-exfoliating-purifying-gel-100ml,AlFouad Pharmacies,Verify usage rights before commercial publication,غير مثبت,غير مثبت,مرجعي فقط — غير معتمد للنشر التجاري,بيانات مرجعية متاحة؛ يلزم تحقق PM,ضمن الفحص المبدئي
10569808642351,جل-تنظيف-يورياج-هيسياك-للبشرة-الدهنية-والمختلطة-150-مل,جل تنظيف يورياج هيسياك للبشرة الدهنية والمختلطة 150 مل,URIAGE,العناية بالبشرة,العناية بالبشرة,1,غسول,92307,799,239.7,559.3,,متاح لدى المصدر,https://cdn.shopify.com/s/files/1/0935/9550/0847/files/Hyseac_Cleansing_Gel_150ml.webp?v=1790664360,منتج جل تنظيف يورياج هيسياك للبشرة الدهنية والمختلطة 150 مل من URIAGE. التصنيف المرجعي: العناية بالبشرة — غسول. الوسوم المرجعية: Acne & Blemishes، Cleanser، Face Wash، Oily Skin، Pores، Skin Care، Skin Concerns.,https://alfouadpharmacies.com/en/products/جل-تنظيف-يورياج-هيسياك-للبشرة-الدهنية-والمختلطة-150-مل,AlFouad Pharmacies,Verify usage rights before commercial publication,غير مثبت,غير مثبت,مرجعي فقط — غير معتمد للنشر التجاري,بيانات مرجعية متاحة؛ يلزم تحقق PM,ضمن الفحص المبدئي
12689796137263,nebula-sunscreen-gel-spf50-75ml,جل حماية من الشمس نيبولا SPF50+ 75 مل,Nebula,العناية بالبشرة,العناية بالبشرة,1,بسيط,13660,389,116.7,272.3,,غير متاح لدى المصدر,https://cdn.shopify.com/s/files/1/0935/9550/0847/files/Nebula_SunscreenGel_SPF50_75ml_PureWhite_1615x1615_8426293a-95ea-4b8b-90a6-03aade97d087.webp?v=1772006235,منتج جل حماية من الشمس نيبولا SPF50+ 75 مل من Nebula. التصنيف المرجعي: العناية بالبشرة — بسيط. الوسوم المرجعية: Skin Care، Skin Concerns، Sun Care، Sun Gel، Sunscreen.,https://alfouadpharmacies.com/en/products/nebula-sunscreen-gel-spf50-75ml,AlFouad Pharmacies,Verify usage rights before commercial publication,غير مثبت,غير مثبت,مرجعي فقط — غير معتمد للنشر التجاري,بيانات مرجعية متاحة؛ يلزم تحقق PM,ضمن الفحص المبدئي
12689810522415,bobai-sun-screen-haydrocare-gel-spf50-60ml,جل حماية من الشمس هيدروكير بوباي SPF50+ 60 مل,Bobai,العناية بالبشرة,العناية بالبشرة,1,بسيط,96538,350,105,245,,متاح لدى المصدر,https://cdn.shopify.com/s/files/1/0935/9550/0847/files/bobai_hydrocare_sunscreen_gel_1615x1615_2555e4f2-7eb1-4c6b-8b7d-6e5b453d93dd.webp?v=1790845190,منتج جل حماية من الشمس هيدروكير بوباي SPF50+ 60 مل من Bobai. التصنيف المرجعي: العناية بالبشرة — بسيط. الوسوم المرجعية: bobai، Skin Care، Skin Concerns، SPF 50، Sun Care، Sun Gel، Sunscreen.,https://alfouadpharmacies.com/en/products/bobai-sun-screen-haydrocare-gel-spf50-60ml,AlFouad Pharmacies,Verify usage rights before commercial publication,غير مثبت,غير مثبت,مرجعي فقط — غير معتمد للنشر التجاري,بيانات مرجعية متاحة؛ يلزم تحقق PM,ضمن الفحص المبدئي
12689552408879,dear-hydration-moisturizing-gel-60ml,جل دير هايدريشن المرطب 60 مل ,DEAR,العناية بالبشرة,العناية بالبشرة,1,,113384,300,90,210,,متاح لدى المصدر,https://cdn.shopify.com/s/files/1/0935/9550/0847/files/Dear_Moisturizing_Gel_60gm_ECOM.webp?v=1771922277,منتج جل دير هايدريشن المرطب 60 مل  من DEAR. التصنيف المرجعي: العناية بالبشرة. الوسوم المرجعية: Moisturizer Gel، Moisturizers، Oily Skin، Skin Care.,https://alfouadpharmacies.com/en/products/dear-hydration-moisturizing-gel-60ml,AlFouad Pharmacies,Verify usage rights before commercial publication,غير مثبت,غير مثبت,مرجعي فقط — غير معتمد للنشر التجاري,بيانات مرجعية متاحة؛ يلزم تحقق PM,ضمن الفحص المبدئي
12689810325807,dermactive-acti-white-bright-foaming-gel-200ml,جل ديرم اكتيف اكتي وايت المبيض الرغوي 200 مل,DERMACTIVE,العناية بالبشرة,العناية بالبشرة,1,بسيط,3095,199,59.7,139.3,,متاح لدى المصدر,https://cdn.shopify.com/s/files/1/0935/9550/0847/files/DERMACTIVE_WHITE_FOAM_FIXED_1615x1615_826a1774-88f0-4768-bbdf-3686d8528bef.webp?v=1771503175,منتج جل ديرم اكتيف اكتي وايت المبيض الرغوي 200 مل من DERMACTIVE. التصنيف المرجعي: العناية بالبشرة — بسيط. الوسوم المرجعية: Cleanser، Dark Spots، Face Wash، Skin Care، Skin Concerns.,https://alfouadpharmacies.com/en/products/dermactive-acti-white-bright-foaming-gel-200ml,AlFouad Pharmacies,Verify usage rights before commercial publication,غير مثبت,غير مثبت,مرجعي فقط — غير معتمد للنشر التجاري,بيانات مرجعية متاحة؛ يلزم تحقق PM,ضمن الفحص المبدئي
12689806754095,dermactive-acti-repair-face-hydro-gel-50ml,جل ديرم اكتيف اكتي-ريبير للوجه المرطب 50 مل,DERMACTIVE,العناية بالبشرة,العناية بالبشرة,1,بسيط,10024,195,58.5,136.5,,متاح لدى المصدر,https://cdn.shopify.com/s/files/1/0935/9550/0847/files/dermactive_acti_repair_moisturizing_gel_1615x1615_5633efdc-ad51-4e7d-a98d-ae38547a5c20.webp?v=1771747411,منتج جل ديرم اكتيف اكتي-ريبير للوجه المرطب 50 مل من DERMACTIVE. التصنيف المرجعي: العناية بالبشرة — بسيط. الوسوم المرجعية: Dryness، Hydro-gel، Moisturizers، Skin Care، Skin Concerns.,https://alfouadpharmacies.com/en/products/dermactive-acti-repair-face-hydro-gel-50ml,AlFouad Pharmacies,Verify usage rights before commercial publication,غير مثبت,غير مثبت,مرجعي فقط — غير معتمد للنشر التجاري,بيانات مرجعية متاحة؛ يلزم تحقق PM,ضمن الفحص المبدئي
10570013999407,dermactive-acti-clear-cleansing-foam-gel-250ml,جل ديرما أكتيف أكتي-كلير لتنظيف البشرة بالرغوة 250 مل,DERMACTIVE,العناية بالبشرة,العناية بالبشرة,1,بسيط,9278,225,67.5,157.5,,متاح لدى المصدر,https://cdn.shopify.com/s/files/1/0935/9550/0847/files/Dermactive-Acti-Clear-Cleansing-Oily-Foaming-Gel-250-ml.webp?v=1754297024,منتج جل ديرما أكتيف أكتي-كلير لتنظيف البشرة بالرغوة 250 مل من DERMACTIVE. التصنيف المرجعي: العناية بالبشرة — بسيط. الوسوم المرجعية: Acne & Blemishes، Cleanser، Face Wash، Oily Skin، Pores، Skin Care، Skin Concerns.,https://alfouadpharmacies.com/en/products/dermactive-acti-clear-cleansing-foam-gel-250ml,AlFouad Pharmacies,Verify usage rights before commercial publication,غير مثبت,غير مثبت,مرجعي فقط — غير معتمد للنشر التجاري,بيانات مرجعية متاحة؛ يلزم تحقق PM,ضمن الفحص المبدئي
12689487069487,dermactive-acti-clear-hydra-matt-gel-50ml-off-1-1,جل ديرماكتيف أكتي-كلير هيدرا مات 50 مل، عرض خاص: اشترِ واحد واحصل على الثاني مجاناً,DERMACTIVE offer,العناية بالبشرة,العناية بالبشرة,1,,114410,195,58.5,136.5,360,متاح لدى المصدر,https://cdn.shopify.com/s/files/1/0935/9550/0847/files/1_22_1.webp?v=1786863379,منتج جل ديرماكتيف أكتي-كلير هيدرا مات 50 مل، عرض خاص: اشترِ واحد واحصل على الثاني مجاناً من DERMACTIVE offer. التصنيف المرجعي: العناية بالبشرة. الوسوم المرجعية: Bundle، Moisturizer Gel، Moisturizers، Oily Skin.,https://alfouadpharmacies.com/en/products/dermactive-acti-clear-hydra-matt-gel-50ml-off-1-1,AlFouad Pharmacies,Verify usage rights before commercial publication,غير مثبت,غير مثبت,مرجعي فقط — غير معتمد للنشر التجاري,بيانات مرجعية متاحة؛ يلزم تحقق PM,ضمن الفحص المبدئي
10569824272687,dermaelle-advanc-hyaluron-acid-cleans-gel-120ml,جل ديرمايل أدفانس لتنظيف البشرة بحمض الهيالورونيك 120 مل,Dermaelle,العناية بالبشرة,العناية بالبشرة,1,غسول ,112004,149.5,44.85,104.65,,متاح لدى المصدر,https://cdn.shopify.com/s/files/1/0935/9550/0847/files/1_85.webp?v=1782370291,منتج جل ديرمايل أدفانس لتنظيف البشرة بحمض الهيالورونيك 120 مل من Dermaelle. التصنيف المرجعي: العناية بالبشرة — غسول . الوسوم المرجعية: Cleanser، Dehydrated Skin، Dryness، Face Wash، Fine Lines & Wrinkles، Sensitive Skin / Redness، Skin Care، Skin Concerns.,https://alfouadpharmacies.com/en/products/dermaelle-advanc-hyaluron-acid-cleans-gel-120ml,AlFouad Pharmacies,Verify usage rights before commercial publication,غير مثبت,غير مثبت,مرجعي فقط — غير معتمد للنشر التجاري,بيانات مرجعية متاحة؛ يلزم تحقق PM,ضمن الفحص المبدئي
10569824862511,dermaelle-advanc-niacinamide-cleans-gel-120ml,جل ديرمايل أدفانس نياسيناميد لتنظيف البشرة 120 مل ,Dermaelle,العناية بالبشرة,العناية بالبشرة,1,غسول,112000,149.5,44.85,104.65,,غير متاح لدى المصدر,https://cdn.shopify.com/s/files/1/0935/9550/0847/files/1_-_2026-06-25T135900.572.webp?v=1782385174,منتج جل ديرمايل أدفانس نياسيناميد لتنظيف البشرة 120 مل  من Dermaelle. التصنيف المرجعي: العناية بالبشرة — غسول. الوسوم المرجعية: Acne & Blemishes، Cleanser، Dark Spots، Even Skin Tone، Face Wash، Oily Skin، Sensitive Skin / Redness، Skin Care.,https://alfouadpharmacies.com/en/products/dermaelle-advanc-niacinamide-cleans-gel-120ml,AlFouad Pharmacies,Verify usage rights before commercial publication,غير مثبت,غير مثبت,مرجعي فقط — غير معتمد للنشر التجاري,بيانات مرجعية متاحة؛ يلزم تحقق PM,ضمن الفحص المبدئي
10569735471407,sebium-foaming-gel-moussant-500ml,جل رغوي بيوديرما سيبيوم 500 مل,Bioderma,العناية بالبشرة,العناية بالبشرة,1,بسيط,5326,1199,359.7,839.3,0,متاح لدى المصدر,https://cdn.shopify.com/s/files/1/0935/9550/0847/files/500-510x510.webp?v=1789548239,منتج جل رغوي بيوديرما سيبيوم 500 مل من Bioderma. التصنيف المرجعي: العناية بالبشرة — بسيط. الوسوم المرجعية: Acne & Blemishes، Cleanser، Face Wash، Oily Skin، Skin Care، Skin Concerns.,https://alfouadpharmacies.com/en/products/sebium-foaming-gel-moussant-500ml,AlFouad Pharmacies,Verify usage rights before commercial publication,غير مثبت,غير مثبت,مرجعي فقط — غير معتمد للنشر التجاري,بيانات مرجعية متاحة؛ يلزم تحقق PM,ضمن الفحص المبدئي
12689552769327,centella-tone-brightening-cleansing-gel-foam-125ml,جل رغوي منظف ومفتح للبشرة بخلاصة السنتيلا 125 مل ,korean product,العناية بالبشرة,العناية بالبشرة | الجمال الكوري,2,,113954,1500,450,1050,,غير متاح لدى المصدر,https://cdn.shopify.com/s/files/1/0935/9550/0847/files/skin1004_tone_brightening_gelfoam_ecommerce_standard.webp?v=1771834541,منتج جل رغوي منظف ومفتح للبشرة بخلاصة السنتيلا 125 مل  من korean product. التصنيف المرجعي: العناية بالبشرة. الوسوم المرجعية: Dark Spots، Even Skin Tone، Even Skin Tone / Pigmentation، Face Wash، korean product، Skin Care.,https://alfouadpharmacies.com/en/products/centella-tone-brightening-cleansing-gel-foam-125ml,AlFouad Pharmacies,Verify usage rights before commercial publication,غير مثبت,غير مثبت,مرجعي فقط — غير معتمد للنشر التجاري,بيانات مرجعية متاحة؛ يلزم تحقق PM,ضمن الفحص المبدئي
12689798791471,starville-whitening-night-gel-60gm,جل ستارفيل لتفتيح البشرة ليلاً 60 غرام,parkville,العناية بالبشرة,العناية بالبشرة,1,بسيط,103532,135,40.5,94.5,,متاح لدى المصدر,https://cdn.shopify.com/s/files/1/0935/9550/0847/files/StarvilleWhiteningNightGel60gm.webp?v=1771839171,منتج جل ستارفيل لتفتيح البشرة ليلاً 60 غرام من parkville. التصنيف المرجعي: العناية بالبشرة — بسيط. الوسوم المرجعية: Dark Spots، Skin Care، Skin Concerns، Treatment Cream، Treatments.,https://alfouadpharmacies.com/en/products/starville-whitening-night-gel-60gm,AlFouad Pharmacies,Verify usage rights before commercial publication,غير مثبت,غير مثبت,مرجعي فقط — غير معتمد للنشر التجاري,بيانات مرجعية متاحة؛ يلزم تحقق PM,ضمن الفحص المبدئي
12689794892079,starville-acne-prone-skin-gel-30gm,جل ستارفيل للبشرة المعرضة لحب الشباب 30 جرام,parkville,العناية بالبشرة,العناية بالبشرة,1,بسيط,11619,120,36,84,,متاح لدى المصدر,https://cdn.shopify.com/s/files/1/0935/9550/0847/files/StarvilleAcneProneSkinGel30gm.webp?v=1771839454,منتج جل ستارفيل للبشرة المعرضة لحب الشباب 30 جرام من parkville. التصنيف المرجعي: العناية بالبشرة — بسيط. الوسوم المرجعية: Skin Care، starville، Treatment Cream، Treatments.,https://alfouadpharmacies.com/en/products/starville-acne-prone-skin-gel-30gm,AlFouad Pharmacies,Verify usage rights before commercial publication,غير مثبت,غير مثبت,مرجعي فقط — غير معتمد للنشر التجاري,بيانات مرجعية متاحة؛ يلزم تحقق PM,ضمن الفحص المبدئي
16107346592047,جل-سيباكلار-لعلاج-حب-الشباب-50مل,جل سيباكلار لعلاج حب الشباب 50مل,HAYAH,العناية بالبشرة,العناية بالبشرة,1,بشره دهنيه ,109248,307,92.1,214.9,,متاح لدى المصدر,https://cdn.shopify.com/s/files/1/0935/9550/0847/files/Hayah_laboratories_03-09-20261239.webp?v=1785586003,منتج جل سيباكلار لعلاج حب الشباب 50مل من HAYAH. التصنيف المرجعي: العناية بالبشرة — بشره دهنيه . الوسوم المرجعية: Acne & Blemishes، Oily Skin، Skin Care.,https://alfouadpharmacies.com/en/products/جل-سيباكلار-لعلاج-حب-الشباب-50مل,AlFouad Pharmacies,Verify usage rights before commercial publication,غير مثبت,غير مثبت,مرجعي فقط — غير معتمد للنشر التجاري,بيانات مرجعية متاحة؛ يلزم تحقق PM,ضمن الفحص المبدئي
10569741140271,cerave-anti-blemish-control-gel-40ml,جل سيرافي للتحكم في البقع 40 مل,cerave,العناية بالبشرة,العناية بالبشرة,1,بسيط,12584,520,156,364,,متاح لدى المصدر,https://cdn.shopify.com/s/files/1/0935/9550/0847/files/365.webp?v=1780217068,منتج جل سيرافي للتحكم في البقع 40 مل من cerave. التصنيف المرجعي: العناية بالبشرة — بسيط. الوسوم المرجعية: Acne & Blemishes، Eye Care، Eye Contour، Oily Skin، Pores، Skin Care، Skin Concerns، Treatment Cream.,https://alfouadpharmacies.com/en/products/cerave-anti-blemish-control-gel-40ml,AlFouad Pharmacies,Verify usage rights before commercial publication,غير مثبت,غير مثبت,مرجعي فقط — غير معتمد للنشر التجاري,بيانات مرجعية متاحة؛ يلزم تحقق PM,ضمن الفحص المبدئي
12689810358575,shaan-soothing-gel-120gm,جل شان المهدئ 120 جرام,shaan,العناية بالبشرة,العناية بالبشرة,1,بسيط,101657,190,57,133,,متاح لدى المصدر,https://cdn.shopify.com/s/files/1/0935/9550/0847/files/ShaanSoothingGel120gm.webp?v=1771840967,منتج جل شان المهدئ 120 جرام من shaan. التصنيف المرجعي: العناية بالبشرة — بسيط. الوسوم المرجعية: Hydro-gel، Moisturizers، Oily Skin، shaan، Skin Care، Skin Concerns.,https://alfouadpharmacies.com/en/products/shaan-soothing-gel-120gm,AlFouad Pharmacies,Verify usage rights before commercial publication,غير مثبت,غير مثبت,مرجعي فقط — غير معتمد للنشر التجاري,بيانات مرجعية متاحة؛ يلزم تحقق PM,ضمن الفحص المبدئي
12689810194735,shaan-soothing-gel-200gm,جل شان المهدئ 200 جرام,shaan,العناية بالبشرة,العناية بالبشرة,1,بسيط,93079,240,72,168,,متاح لدى المصدر,https://cdn.shopify.com/s/files/1/0935/9550/0847/files/ShaanSoothingGel200gm.webp?v=1771841002,منتج جل شان المهدئ 200 جرام من shaan. التصنيف المرجعي: العناية بالبشرة — بسيط. الوسوم المرجعية: Hydro-gel، Moisturizers، Oily Skin، shaan، Skin Care، Skin Concerns.,https://alfouadpharmacies.com/en/products/shaan-soothing-gel-200gm,AlFouad Pharmacies,Verify usage rights before commercial publication,غير مثبت,غير مثبت,مرجعي فقط — غير معتمد للنشر التجاري,بيانات مرجعية متاحة؛ يلزم تحقق PM,ضمن الفحص المبدئي
12689809572143,shaan-soothing-gel-60gm,جل شان المهدئ 60 جرام,shaan,العناية بالبشرة,العناية بالبشرة,1,بسيط,107474,120,36,84,,متاح لدى المصدر,https://cdn.shopify.com/s/files/1/0935/9550/0847/files/ShaanSoothingGel60gm.webp?v=1771841082,منتج جل شان المهدئ 60 جرام من shaan. التصنيف المرجعي: العناية بالبشرة — بسيط. الوسوم المرجعية: Hydro-gel، Moisturizers، Oily Skin، shaan، Skin Care، Skin Concerns.,https://alfouadpharmacies.com/en/products/shaan-soothing-gel-60gm,AlFouad Pharmacies,Verify usage rights before commercial publication,غير مثبت,غير مثبت,مرجعي فقط — غير معتمد للنشر التجاري,بيانات مرجعية متاحة؛ يلزم تحقق PM,ضمن الفحص المبدئي
10570014261551,bobai-crystal-clear-sun-gel-spf50-60ml-11-free-off,جل شمس بوباي كريستال كلير شفاف SPF50+ 60 مل، عرض ترويجي: اشترِ واحدًا واحصل على واحد مجاني.,Bobai off,العناية بالبشرة,العناية بالبشرة,1,بسيط,113097,500,150,350,790,متاح لدى المصدر,https://cdn.shopify.com/s/files/1/0935/9550/0847/files/677_1.webp?v=1780832848,منتج جل شمس بوباي كريستال كلير شفاف SPF50+ 60 مل، عرض ترويجي: اشترِ واحدًا واحصل على واحد مجاني. من Bobai off. التصنيف المرجعي: العناية بالبشرة — بسيط. الوسوم المرجعية: Acne & Blemishes، bobai، Bundle، Oily Skin، Skin Care، Skin Concerns، Sun Care، Sun Gel.,https://alfouadpharmacies.com/en/products/bobai-crystal-clear-sun-gel-spf50-60ml-11-free-off,AlFouad Pharmacies,Verify usage rights before commercial publication,غير مثبت,غير مثبت,مرجعي فقط — غير معتمد للنشر التجاري,بيانات مرجعية متاحة؛ يلزم تحقق PM,ضمن الفحص المبدئي
10569904226607,loreal-hyaluron-expert-gel-wash-200ml,جل غسيل الوجه هاليورون إكسبيرت من لوريال 200 مل,LOREAL PCD,العناية بالبشرة,العناية بالبشرة,1,بسيط,97504,350,105,245,,متاح لدى المصدر,https://cdn.shopify.com/s/files/1/0935/9550/0847/files/Loreal-Hyaluron-Expert-Gel-Wash-200ML.webp?v=1754298079,منتج جل غسيل الوجه هاليورون إكسبيرت من لوريال 200 مل من LOREAL PCD. التصنيف المرجعي: العناية بالبشرة — بسيط. الوسوم المرجعية: Cleanser، Dehydrated Skin، Face Wash، Skin Care، Skin Concerns.,https://alfouadpharmacies.com/en/products/loreal-hyaluron-expert-gel-wash-200ml,AlFouad Pharmacies,Verify usage rights before commercial publication,غير مثبت,غير مثبت,مرجعي فقط — غير معتمد للنشر التجاري,بيانات مرجعية متاحة؛ يلزم تحقق PM,ضمن الفحص المبدئي
12689810063663,glamylab-anti-wrinkles-q10-gel-50gm,جل غلأملايب المضاد للتجاعيد Q10، 50 غرام,Glamy Lab,العناية بالبشرة,العناية بالبشرة,1,بسيط,103454,450,135,315,,متاح لدى المصدر,https://cdn.shopify.com/s/files/1/0935/9550/0847/files/GlamyLab_Anti_Wrinkle_Gel_1615x1615_c5acffcf-472f-4920-919d-c0dbb621e3a1.webp?v=1771841109,منتج جل غلأملايب المضاد للتجاعيد Q10، 50 غرام من Glamy Lab. التصنيف المرجعي: العناية بالبشرة — بسيط. الوسوم المرجعية: Fine Lines & Wrinkles، glamylab، Skin Care، Skin Concerns، Treatment Cream، Treatments.,https://alfouadpharmacies.com/en/products/glamylab-anti-wrinkles-q10-gel-50gm,AlFouad Pharmacies,Verify usage rights before commercial publication,غير مثبت,غير مثبت,مرجعي فقط — غير معتمد للنشر التجاري,بيانات مرجعية متاحة؛ يلزم تحقق PM,ضمن الفحص المبدئي
12689810784559,dermactive-acti-white-eye-contour-cream-gel-15ml,جل كريم تحديد محيط العين ديرم اكتيف اكتي-وايت 15 مل,DERMACTIVE,العناية بالبشرة,العناية بالبشرة,1,بسيط,3103,209,62.7,146.3,,متاح لدى المصدر,https://cdn.shopify.com/s/files/1/0935/9550/0847/files/DERMACTIVE_EYE_CONTOUR_FIXED_1615x1615_5b6b20b5-249f-45ea-a246-8cf53d06b1de.webp?v=1771503036,منتج جل كريم تحديد محيط العين ديرم اكتيف اكتي-وايت 15 مل من DERMACTIVE. التصنيف المرجعي: العناية بالبشرة — بسيط. الوسوم المرجعية: Dark Circles & Puffiness، Eye & Lip، Eye Care، Eye Contour Serum، Skin Care، Skin Concerns.,https://alfouadpharmacies.com/en/products/dermactive-acti-white-eye-contour-cream-gel-15ml,AlFouad Pharmacies,Verify usage rights before commercial publication,غير مثبت,غير مثبت,مرجعي فقط — غير معتمد للنشر التجاري,بيانات مرجعية متاحة؛ يلزم تحقق PM,ضمن الفحص المبدئي
12689810653487,dermactive-acti-clear-global-ac-cream-gel-50ml,جل كريم ديرم اكتيف اكتي كلير جلوبال للعناية بالبشرة المعرضة لحب الشباب 50 مل,DERMACTIVE,العناية بالبشرة,العناية بالبشرة,1,بسيط,90349,239,71.7,167.3,,متاح لدى المصدر,https://cdn.shopify.com/s/files/1/0935/9550/0847/files/Dermactive_Acti_Clear_Global_AC_1615x1615_9f8138fe-8cdf-4d93-93f1-b57e498eb29a.webp?v=1771499771,منتج جل كريم ديرم اكتيف اكتي كلير جلوبال للعناية بالبشرة المعرضة لحب الشباب 50 مل من DERMACTIVE. التصنيف المرجعي: العناية بالبشرة — بسيط. الوسوم المرجعية: Acne & Blemishes، Moisturizer Gel، Moisturizers، Oily Skin، Skin Care، Skin Concerns.,https://alfouadpharmacies.com/en/products/dermactive-acti-clear-global-ac-cream-gel-50ml,AlFouad Pharmacies,Verify usage rights before commercial publication,غير مثبت,غير مثبت,مرجعي فقط — غير معتمد للنشر التجاري,بيانات مرجعية متاحة؛ يلزم تحقق PM,ضمن الفحص المبدئي
12689811145007,dermactive-acti-clear-hydra-matt-cream-gel-50ml,جل كريم ديرم اكتيف اكتي-كلير هيدرا مات 50 مل,DERMACTIVE,العناية بالبشرة,العناية بالبشرة,1,بسيط,25695,195,58.5,136.5,,متاح لدى المصدر,https://cdn.shopify.com/s/files/1/0935/9550/0847/files/DERMACTIVE_HYDRA_MATT_FIXED_1615x1615_77cbfabe-7569-434d-907b-7e491415217d.webp?v=1771502860,منتج جل كريم ديرم اكتيف اكتي-كلير هيدرا مات 50 مل من DERMACTIVE. التصنيف المرجعي: العناية بالبشرة — بسيط. الوسوم المرجعية: Acne & Blemishes، Hydro-gel، Moisturizers، Skin Care، Skin Concerns.,https://alfouadpharmacies.com/en/products/dermactive-acti-clear-hydra-matt-cream-gel-50ml,AlFouad Pharmacies,Verify usage rights before commercial publication,غير مثبت,غير مثبت,مرجعي فقط — غير معتمد للنشر التجاري,بيانات مرجعية متاحة؛ يلزم تحقق PM,ضمن الفحص المبدئي
12689554047279,soralone-hydra-cream-gel-100ml,جل كريم سورالون المرطب 100 مل ,Soralone,العناية بالبشرة,العناية بالبشرة,1,,113777,275,82.5,192.5,0,متاح لدى المصدر,https://cdn.shopify.com/s/files/1/0935/9550/0847/files/product_2_1615x1615_1.webp?v=1771750711,منتج جل كريم سورالون المرطب 100 مل  من Soralone. التصنيف المرجعي: العناية بالبشرة. الوسوم المرجعية: Dehydrated Skin، Dry Skin، Moisturizer Gel، Oily Skin، Skin Care.,https://alfouadpharmacies.com/en/products/soralone-hydra-cream-gel-100ml,AlFouad Pharmacies,Verify usage rights before commercial publication,غير مثبت,غير مثبت,مرجعي فقط — غير معتمد للنشر التجاري,بيانات مرجعية متاحة؛ يلزم تحقق PM,ضمن الفحص المبدئي
12689554080047,soralone-urea-cream-gel-60ml,جل كريم سورالون يوريا 60 مل ,Soralone,العناية بالبشرة,العناية بالبشرة,1,,113665,295,88.5,206.5,0,متاح لدى المصدر,https://cdn.shopify.com/s/files/1/0935/9550/0847/files/Soralone_Urea_15_Cream_Gel_1615x1615_779b910a-a9c7-4d9b-8b86-437bc93ca317.webp?v=1771497711,منتج جل كريم سورالون يوريا 60 مل  من Soralone. التصنيف المرجعي: العناية بالبشرة. الوسوم المرجعية: Dry Skin، Dryness، Moisturizer Gel، Skin Care.,https://alfouadpharmacies.com/en/products/soralone-urea-cream-gel-60ml,AlFouad Pharmacies,Verify usage rights before commercial publication,غير مثبت,غير مثبت,مرجعي فقط — غير معتمد للنشر التجاري,بيانات مرجعية متاحة؛ يلزم تحقق PM,ضمن الفحص المبدئي
12689554211119,soralone-cica-cream-gel-60ml,جل كريم سورالوني سيكا 60 مل ,Soralone,العناية بالبشرة,العناية بالبشرة,1,,113664,295,88.5,206.5,0,متاح لدى المصدر,https://cdn.shopify.com/s/files/1/0935/9550/0847/files/soralone_cica_cream_gel_1615x1615_3efa9b03-4619-4d9f-961f-a3db555fe768.webp?v=1771750181,منتج جل كريم سورالوني سيكا 60 مل  من Soralone. التصنيف المرجعي: العناية بالبشرة. الوسوم المرجعية: Moisturizer Gel، Moisturizers، Sensitive Skin / Redness، Skin Care.,https://alfouadpharmacies.com/en/products/soralone-cica-cream-gel-60ml,AlFouad Pharmacies,Verify usage rights before commercial publication,غير مثبت,غير مثبت,مرجعي فقط — غير معتمد للنشر التجاري,بيانات مرجعية متاحة؛ يلزم تحقق PM,ضمن الفحص المبدئي
12689444471087,vacation-aqua-repair-cica-cream-gel-60ml,جل كريم سيكا لإصلاح البشرة من فاكيشن أكوا 60 مل,vacation,العناية بالبشرة,العناية بالبشرة,1,,115278,250,75,175,,متاح لدى المصدر,https://cdn.shopify.com/s/files/1/0935/9550/0847/files/Vacation_Aqua_Repair_Cica_Cream_Gel_60ml_1615x1615_506352c5-5a26-4b0a-9688-0d291eef2858.webp?v=1771847273,منتج جل كريم سيكا لإصلاح البشرة من فاكيشن أكوا 60 مل من vacation. التصنيف المرجعي: العناية بالبشرة. الوسوم المرجعية: Moisturizer Cream، Moisturizers، Sensetive Skin، Sensitive Skin / Redness، Smooth Texture.,https://alfouadpharmacies.com/en/products/vacation-aqua-repair-cica-cream-gel-60ml,AlFouad Pharmacies,Verify usage rights before commercial publication,غير مثبت,غير مثبت,مرجعي فقط — غير معتمد للنشر التجاري,بيانات مرجعية متاحة؛ يلزم تحقق PM,ضمن الفحص المبدئي
10569714958639,cleo-sun-gel-cream-50spf-50ml-dry-touch,جل كريم كليو للشمس +50 SPF 50 مللمتر لمسة جافة,AlFouad Pharmacies,العناية بالبشرة,العناية بالبشرة,1,بسيط,,400,120,280,,غير متاح لدى المصدر,https://cdn.shopify.com/s/files/1/0935/9550/0847/files/Cleo-Sun-Gel-Cream-50SPF-50ML-Dry-Touch.webp?v=1754299295,منتج جل كريم كليو للشمس +50 SPF 50 مللمتر لمسة جافة من AlFouad Pharmacies. التصنيف المرجعي: العناية بالبشرة — بسيط. الوسوم المرجعية: Skin Care، Skin Concerns، Sun Care، Sun Gel، Sunscreen.,https://alfouadpharmacies.com/en/products/cleo-sun-gel-cream-50spf-50ml-dry-touch,AlFouad Pharmacies,Verify usage rights before commercial publication,غير مثبت,غير مثبت,مرجعي فقط — غير معتمد للنشر التجاري,بيانات مرجعية متاحة؛ يلزم تحقق PM,ضمن الفحص المبدئي
10569904193839,loreal-hyaluron-expert-gel-cream-oily-50ml,جل كريم لوريال هاليورون إكسبيرت (للبشرة الدهنية) 50 مل,LOREAL PCD,العناية بالبشرة,العناية بالبشرة,1,بسيط,80663,545,163.5,381.5,,غير متاح لدى المصدر,https://cdn.shopify.com/s/files/1/0935/9550/0847/files/Loreal-Hyaluron-Expert-Gel-Cream-Oily-50ML.webp?v=1754298079,منتج جل كريم لوريال هاليورون إكسبيرت (للبشرة الدهنية) 50 مل من LOREAL PCD. التصنيف المرجعي: العناية بالبشرة — بسيط. الوسوم المرجعية: Acne & Blemishes، Moisturizer Gel، Moisturizers، Skin Care، Skin Concerns.,https://alfouadpharmacies.com/en/products/loreal-hyaluron-expert-gel-cream-oily-50ml,AlFouad Pharmacies,Verify usage rights before commercial publication,غير مثبت,غير مثبت,مرجعي فقط — غير معتمد للنشر التجاري,بيانات مرجعية متاحة؛ يلزم تحقق PM,ضمن الفحص المبدئي
12689446240559,vacation-sebio-control-moist-cream-gel-60ml,جل كريم مرطب للتحكم في الاحتراق من سيبيو، 60 مل,vacation,العناية بالبشرة,العناية بالبشرة,1,,114896,225,67.5,157.5,,متاح لدى المصدر,https://cdn.shopify.com/s/files/1/0935/9550/0847/files/Vacation_Sebio_Control_Moist_Cream_Gel_60ml_1615x1615_b8b7195e-5fb8-40f8-9675-26257c44bf18.webp?v=1771845590,منتج جل كريم مرطب للتحكم في الاحتراق من سيبيو، 60 مل من vacation. التصنيف المرجعي: العناية بالبشرة. الوسوم المرجعية: Acne & Blemishes، Hydro-gel، Moisturizer Cream، Moisturizers، Oily Skin، Pores، Skin Care، Smooth Texture.,https://alfouadpharmacies.com/en/products/vacation-sebio-control-moist-cream-gel-60ml,AlFouad Pharmacies,Verify usage rights before commercial publication,غير مثبت,غير مثبت,مرجعي فقط — غير معتمد للنشر التجاري,بيانات مرجعية متاحة؛ يلزم تحقق PM,ضمن الفحص المبدئي
12689794269487,infinity-sunscreen-gel-cream-spf50-50ml,جل كريم واقي من الشمس إنفينيتي SPF50+ 50 مل,Infinity,العناية بالبشرة,العناية بالبشرة,1,بسيط,,250,75,175,,غير متاح لدى المصدر,https://cdn.shopify.com/s/files/1/0935/9550/0847/files/Infinity_Oil_Control_Sunscreen_Gel_Cream_SPF50_50ml_1615x1615_83952c0c-e73a-4119-857c-e978b25a2fb8.webp?v=1771936938,منتج جل كريم واقي من الشمس إنفينيتي SPF50+ 50 مل من Infinity. التصنيف المرجعي: العناية بالبشرة — بسيط. الوسوم المرجعية: Skin Care، Skin Concerns، Sun Care، Sunscreen، Sunscreen Gel Cream.,https://alfouadpharmacies.com/en/products/infinity-sunscreen-gel-cream-spf50-50ml,AlFouad Pharmacies,Verify usage rights before commercial publication,غير مثبت,غير مثبت,مرجعي فقط — غير معتمد للنشر التجاري,بيانات مرجعية متاحة؛ يلزم تحقق PM,ضمن الفحص المبدئي
12689565876527,melatime-sunscreen-cream-gel-spf-50-120ml,جل كريم واقي من الشمس من ميلاتيم بعامل حماية من الشمس +50، 120 مل,melatime,العناية بالبشرة,العناية بالبشرة,1,sunscreen,113440,550,165,385,,متاح لدى المصدر,https://cdn.shopify.com/s/files/1/0935/9550/0847/files/Melatime_Sunscreen_SPF50_Orange_120ml_PureWhite_1615x1615_c4b178ae-7af6-4334-9a93-ca4cdbf1671c.webp?v=1772224406,منتج جل كريم واقي من الشمس من ميلاتيم بعامل حماية من الشمس +50، 120 مل من melatime. التصنيف المرجعي: العناية بالبشرة — sunscreen. الوسوم المرجعية: Skin Care، Sun Care، Sunscreen، Sunscreen Gel Cream.,https://alfouadpharmacies.com/en/products/melatime-sunscreen-cream-gel-spf-50-120ml,AlFouad Pharmacies,Verify usage rights before commercial publication,غير مثبت,غير مثبت,مرجعي فقط — غير معتمد للنشر التجاري,بيانات مرجعية متاحة؛ يلزم تحقق PM,ضمن الفحص المبدئي
10569745596719,la-roche-effaclar-foaming-gel-refill-400ml,جل لا روتش إيفاكلار الرغوي (إعادة تعبئة) 400 مل,La Roch Possay,العناية بالبشرة,العناية بالبشرة,1,غسول ,14934,1000,300,700,,متاح لدى المصدر,https://cdn.shopify.com/s/files/1/0935/9550/0847/files/Group_1_24.webp?v=1781936940,منتج جل لا روتش إيفاكلار الرغوي (إعادة تعبئة) 400 مل من La Roch Possay. التصنيف المرجعي: العناية بالبشرة — غسول . الوسوم المرجعية: Acne & Blemishes، Cleanser، Face Wash، La roche، Oily Skin، Pores، Skin Care، Skin Concerns.,https://alfouadpharmacies.com/en/products/la-roche-effaclar-foaming-gel-refill-400ml,AlFouad Pharmacies,Verify usage rights before commercial publication,غير مثبت,غير مثبت,مرجعي فقط — غير معتمد للنشر التجاري,بيانات مرجعية متاحة؛ يلزم تحقق PM,ضمن الفحص المبدئي
10569796059439,la-roche-posthelios-gel-after-sun-200ml,جل لا روتش بوست هيلوس بعد التعرض للشمس 200 مل,La Roch Possay,العناية بالبشرة,العناية بالبشرة,1,بسيط,109327,750,225,525,,متاح لدى المصدر,https://cdn.shopify.com/s/files/1/0935/9550/0847/files/Group_1_13_dc202fc4-8cd5-40fa-a1a0-63fbef969c60.webp?v=1781934712,منتج جل لا روتش بوست هيلوس بعد التعرض للشمس 200 مل من La Roch Possay. التصنيف المرجعي: العناية بالبشرة — بسيط. الوسوم المرجعية: After Sun، Skin Care، Skin Concerns، Sun Care، Sunscreen.,https://alfouadpharmacies.com/en/products/la-roche-posthelios-gel-after-sun-200ml,AlFouad Pharmacies,Verify usage rights before commercial publication,غير مثبت,غير مثبت,مرجعي فقط — غير معتمد للنشر التجاري,بيانات مرجعية متاحة؛ يلزم تحقق PM,ضمن الفحص المبدئي
10569796387119,la-roche-toleriane-foaming-gel-150ml,جل لا روتش تويليانز الرغوي 150 مل,La Roch Possay,العناية بالبشرة,العناية بالبشرة,1,بسيط,23970,661,198.3,462.7,,غير متاح لدى المصدر,https://cdn.shopify.com/s/files/1/0935/9550/0847/files/La-Roche-Toleriane-Foaming-Gel-150ML.webp?v=1754298829,منتج جل لا روتش تويليانز الرغوي 150 مل من La Roch Possay. التصنيف المرجعي: العناية بالبشرة — بسيط. الوسوم المرجعية: Cleanser، Dehydrated Skin، Face Wash، Sensitive Skin / Redness، Skin Care، Skin Concerns.,https://alfouadpharmacies.com/en/products/la-roche-toleriane-foaming-gel-150ml,AlFouad Pharmacies,Verify usage rights before commercial publication,غير مثبت,غير مثبت,مرجعي فقط — غير معتمد للنشر التجاري,بيانات مرجعية متاحة؛ يلزم تحقق PM,ضمن الفحص المبدئي
10570010034479,leylak-gel-100-ml,جل ليلك 100 مل,AlFouad Pharmacies,العناية بالبشرة,العناية بالبشرة,1,بسيط,11426,329,98.7,230.3,,متاح لدى المصدر,https://cdn.shopify.com/s/files/1/0935/9550/0847/files/1_d7b7038b-b7cb-4413-8f18-4c576a1f2957.webp?v=1754297073,منتج جل ليلك 100 مل من AlFouad Pharmacies. التصنيف المرجعي: العناية بالبشرة — بسيط. الوسوم المرجعية: Dryness، Moisturizer Gel، Moisturizers، Sensitive Skin / Redness، Skin Care، Skin Concerns.,https://alfouadpharmacies.com/en/products/leylak-gel-100-ml,AlFouad Pharmacies,Verify usage rights before commercial publication,غير مثبت,غير مثبت,مرجعي فقط — غير معتمد للنشر التجاري,بيانات مرجعية متاحة؛ يلزم تحقق PM,ضمن الفحص المبدئي
12689757339951,acm-duolys-ce-eye-contour-15ml,جل محيط العين ACM DUOLYS - 15 مل,ACM,العناية بالبشرة,العناية بالبشرة,1,كريم عين ,91844,399,119.7,279.3,,متاح لدى المصدر,https://cdn.shopify.com/s/files/1/0935/9550/0847/files/Group_1_copy_6.webp?v=1781939640,منتج جل محيط العين ACM DUOLYS - 15 مل من ACM. التصنيف المرجعي: العناية بالبشرة — كريم عين . الوسوم المرجعية: Dark Circles & Puffiness، Eye & Lip، Eye Care، Eye Contour، Fine Lines & Wrinkles، Skin Care، Skin Concerns.,https://alfouadpharmacies.com/en/products/acm-duolys-ce-eye-contour-15ml,AlFouad Pharmacies,Verify usage rights before commercial publication,غير مثبت,غير مثبت,مرجعي فقط — غير معتمد للنشر التجاري,بيانات مرجعية متاحة؛ يلزم تحقق PM,ضمن الفحص المبدئي
12689756913967,avene-cleanance-gel-nettoyant-200ml,جل منظف أڤين كلينانس 200 مل,Avene,العناية بالبشرة,العناية بالبشرة,1,بسيط,80202,739,221.7,517.3,,متاح لدى المصدر,https://cdn.shopify.com/s/files/1/0935/9550/0847/files/AveneCleananceGelNettoyan_1.webp?v=1785927723,منتج جل منظف أڤين كلينانس 200 مل من Avene. التصنيف المرجعي: العناية بالبشرة — بسيط. الوسوم المرجعية: Acne & Blemishes، Cleanser، Face Wash، Oily Skin، Skin Care، Skin Concerns.,https://alfouadpharmacies.com/en/products/avene-cleanance-gel-nettoyant-200ml,AlFouad Pharmacies,Verify usage rights before commercial publication,غير مثبت,غير مثبت,مرجعي فقط — غير معتمد للنشر التجاري,بيانات مرجعية متاحة؛ يلزم تحقق PM,ضمن الفحص المبدئي
10569714598191,alejon-oily-skin-gel-cleanser-150ml,جل منظف للبشرة الدهنية من أليجون 150 مل,ALEJON,العناية بالبشرة,العناية بالبشرة,1,بسيط,19080,245,73.5,171.5,,متاح لدى المصدر,https://cdn.shopify.com/s/files/1/0935/9550/0847/files/Alejon-Oily-Skin-Gel-Cleanser-150ml.webp?v=1754299302,منتج جل منظف للبشرة الدهنية من أليجون 150 مل من ALEJON. التصنيف المرجعي: العناية بالبشرة — بسيط. الوسوم المرجعية: Acne & Blemishes، Cleanser، Face Wash، Skin Care، Skin Concerns.,https://alfouadpharmacies.com/en/products/alejon-oily-skin-gel-cleanser-150ml,AlFouad Pharmacies,Verify usage rights before commercial publication,غير مثبت,غير مثبت,مرجعي فقط — غير معتمد للنشر التجاري,بيانات مرجعية متاحة؛ يلزم تحقق PM,ضمن الفحص المبدئي
12689798234415,starville-acne-facial-cleanser-gel-100ml,جل منظف للوجه لعلاج حب الشباب من ستارفيل 100 مل,parkville,العناية بالبشرة,العناية بالبشرة,1,بسيط,104724,95,28.5,66.5,,متاح لدى المصدر,https://cdn.shopify.com/s/files/1/0935/9550/0847/files/StarvilleAcneFacialCleanserGel100ml.webp?v=1771839202,منتج جل منظف للوجه لعلاج حب الشباب من ستارفيل 100 مل من parkville. التصنيف المرجعي: العناية بالبشرة — بسيط. الوسوم المرجعية: Acne & Blemishes، Cleanser، Face Wash، Skin Care، Skin Concerns.,https://alfouadpharmacies.com/en/products/starville-acne-facial-cleanser-gel-100ml,AlFouad Pharmacies,Verify usage rights before commercial publication,غير مثبت,غير مثبت,مرجعي فقط — غير معتمد للنشر التجاري,بيانات مرجعية متاحة؛ يلزم تحقق PM,ضمن الفحص المبدئي
12689810587951,starville-acne-facial-cleanser-gel-200ml,جل منظف للوجه لعلاج حب الشباب من ستارفيل 200 مل,parkville,العناية بالبشرة,العناية بالبشرة,1,بسيط,104809,140,42,98,,متاح لدى المصدر,https://cdn.shopify.com/s/files/1/0935/9550/0847/files/StarvilleAcneFacialCleanserGel200ml.webp?v=1771838849,منتج جل منظف للوجه لعلاج حب الشباب من ستارفيل 200 مل من parkville. التصنيف المرجعي: العناية بالبشرة — بسيط. الوسوم المرجعية: Acne & Blemishes، Cleanser، Exfoliators، Oily Skin، Skin Care، Skin Concerns.,https://alfouadpharmacies.com/en/products/starville-acne-facial-cleanser-gel-200ml,AlFouad Pharmacies,Verify usage rights before commercial publication,غير مثبت,غير مثبت,مرجعي فقط — غير معتمد للنشر التجاري,بيانات مرجعية متاحة؛ يلزم تحقق PM,ضمن الفحص المبدئي
12689780900143,starville-acne-facial-cleanser-gel-400ml,جل منظف للوجه لعلاج حب الشباب من ستارفيل 400 مل,parkville,العناية بالبشرة,العناية بالبشرة | العناية بالجسم,2,بسيط,108529,225,67.5,157.5,,متاح لدى المصدر,https://cdn.shopify.com/s/files/1/0935/9550/0847/files/StarvilleAcneFacialCleanserGel400ml.webp?v=1771840009,منتج جل منظف للوجه لعلاج حب الشباب من ستارفيل 400 مل من parkville. التصنيف المرجعي: العناية بالبشرة — بسيط. الوسوم المرجعية: Body Care، Body Concerns، Body Wash، Cleanser، Face Wash، Skin Care، Smooth Texture، starville.,https://alfouadpharmacies.com/en/products/starville-acne-facial-cleanser-gel-400ml,AlFouad Pharmacies,Verify usage rights before commercial publication,غير مثبت,غير مثبت,مرجعي فقط — غير معتمد للنشر التجاري,بيانات مرجعية متاحة؛ يلزم تحقق PM,ضمن الفحص المبدئي
10569714106671,starville-facial-cleanser-gel-200ml-off,جل منظف للوجه من ستارفيل 200 مل  (خصم),parkville,العناية بالبشرة,العناية بالبشرة,1,بسيط,98904,157.5,47.25,110.25,,غير متاح لدى المصدر,https://cdn.shopify.com/s/files/1/0935/9550/0847/files/Starville-Facial-Cleanser-Gel-200ml-off.webp?v=1754299312,منتج جل منظف للوجه من ستارفيل 200 مل  (خصم) من parkville. التصنيف المرجعي: العناية بالبشرة — بسيط. الوسوم المرجعية: Cleanser، Face Wash، Skin Care، starville.,https://alfouadpharmacies.com/en/products/starville-facial-cleanser-gel-200ml-off,AlFouad Pharmacies,Verify usage rights before commercial publication,غير مثبت,غير مثبت,مرجعي فقط — غير معتمد للنشر التجاري,بيانات مرجعية متاحة؛ يلزم تحقق PM,ضمن الفحص المبدئي
10569938141487,tetra-glow-faceampneck-gel-cleanser-200ml,جل منظف للوجه والرقبة تريتا جلو 200 مل,Tetra Glow,العناية بالبشرة,العناية بالبشرة,1,بسيط,24434,220,66,154,,متاح لدى المصدر,https://cdn.shopify.com/s/files/1/0935/9550/0847/files/Tetra-Glow-FaceNeck-Gel-Cleanser-200ML.webp?v=1754297766,منتج جل منظف للوجه والرقبة تريتا جلو 200 مل من Tetra Glow. التصنيف المرجعي: العناية بالبشرة — بسيط. الوسوم المرجعية: Cleanser، Dark Spots، Even Skin Tone، Face Wash، Skin Care، Skin Concerns.,https://alfouadpharmacies.com/en/products/tetra-glow-faceampneck-gel-cleanser-200ml,AlFouad Pharmacies,Verify usage rights before commercial publication,غير مثبت,غير مثبت,مرجعي فقط — غير معتمد للنشر التجاري,بيانات مرجعية متاحة؛ يلزم تحقق PM,ضمن الفحص المبدئي
10569895641391,jampj-fresh-hydration-water-gel-cleanser-150ml,جل منظف مرطب من جي آند جي فريش، 150 مل,J&J,العناية بالبشرة,العناية بالبشرة,1,بسيط,3091,190,57,133,,متاح لدى المصدر,https://cdn.shopify.com/s/files/1/0935/9550/0847/files/JJ-Fresh-Hydration-Water-Gel-Cleanser-150ML.webp?v=1754298196,منتج جل منظف مرطب من جي آند جي فريش، 150 مل من J&J. التصنيف المرجعي: العناية بالبشرة — بسيط. الوسوم المرجعية: Cleanser، Face Wash، Skin Care.,https://alfouadpharmacies.com/en/products/jampj-fresh-hydration-water-gel-cleanser-150ml,AlFouad Pharmacies,Verify usage rights before commercial publication,غير مثبت,غير مثبت,مرجعي فقط — غير معتمد للنشر التجاري,بيانات مرجعية متاحة؛ يلزم تحقق PM,ضمن الفحص المبدئي
10569898918191,neutrogena-hydro-boost-cleanser-water-gel-200ml,جل منظف نيتروجينا هيدرو بوست المرطب 200 مل,Neutrogena,العناية بالبشرة,العناية بالبشرة,1,بسيط,97801,315,94.5,220.5,,متاح لدى المصدر,https://cdn.shopify.com/s/files/1/0935/9550/0847/files/Neutrogena-Hydro-Boost-Cleanser-Water-Gel-200ML.webp?v=1754298156,منتج جل منظف نيتروجينا هيدرو بوست المرطب 200 مل من Neutrogena. التصنيف المرجعي: العناية بالبشرة — بسيط. الوسوم المرجعية: Cleanser، Dryness، Face Wash، Skin Care، Skin Concerns.,https://alfouadpharmacies.com/en/products/neutrogena-hydro-boost-cleanser-water-gel-200ml,AlFouad Pharmacies,Verify usage rights before commercial publication,غير مثبت,غير مثبت,مرجعي فقط — غير معتمد للنشر التجاري,بيانات مرجعية متاحة؛ يلزم تحقق PM,ضمن الفحص المبدئي
12689576886575,meditopic-acnimed-gel-75-ml,جل ميديتوبيك أكنيميد 75 مل,Meditopic,العناية بالبشرة,العناية بالبشرة,1,,111503,788,236.4,551.6,,غير متاح لدى المصدر,https://cdn.shopify.com/s/files/1/0935/9550/0847/files/MeditopicAcnimedGel75ml_2fa15197-93f0-4512-bed4-077b4c7dbbc4.webp?v=1771923433,منتج جل ميديتوبيك أكنيميد 75 مل من Meditopic. التصنيف المرجعي: العناية بالبشرة. الوسوم المرجعية: Acne & Blemishes، Oily Skin، Pores، Skin Care، Treatment Cream.,https://alfouadpharmacies.com/en/products/meditopic-acnimed-gel-75-ml,AlFouad Pharmacies,Verify usage rights before commercial publication,غير مثبت,غير مثبت,مرجعي فقط — غير معتمد للنشر التجاري,بيانات مرجعية متاحة؛ يلزم تحقق PM,ضمن الفحص المبدئي
12689576919343,meditopic-salitopic-gel-75-ml,جل ميديتوبيك ساليتوبيك 75 مل,AlFouad Pharmacies,العناية بالبشرة,العناية بالبشرة,1,,111502,838,251.4,586.6,,غير متاح لدى المصدر,https://cdn.shopify.com/s/files/1/0935/9550/0847/files/MeditopicSalitopicGel75ml_e825c60b-a8ba-444b-a600-f5dd8edf32db.webp?v=1771923334,منتج جل ميديتوبيك ساليتوبيك 75 مل من AlFouad Pharmacies. التصنيف المرجعي: العناية بالبشرة. الوسوم المرجعية: Oily Skin، Pores، Skin Care، Treatment Cream.,https://alfouadpharmacies.com/en/products/meditopic-salitopic-gel-75-ml,AlFouad Pharmacies,Verify usage rights before commercial publication,غير مثبت,غير مثبت,مرجعي فقط — غير معتمد للنشر التجاري,بيانات مرجعية متاحة؛ يلزم تحقق PM,ضمن الفحص المبدئي
12689577214255,meditopic-nanomel-gel-75ml,جل ميديتوبيك نانوميل 75 مل,Meditopic,العناية بالبشرة,العناية بالبشرة,1,,100904,968,290.4,677.6,,غير متاح لدى المصدر,https://cdn.shopify.com/s/files/1/0935/9550/0847/files/MeditopicNanomelGel75ml.webp?v=1771922608,منتج جل ميديتوبيك نانوميل 75 مل من Meditopic. التصنيف المرجعي: العناية بالبشرة. الوسوم المرجعية: Dark Spots، Even Skin Tone، Skin Care، Whitining Cream.,https://alfouadpharmacies.com/en/products/meditopic-nanomel-gel-75ml,AlFouad Pharmacies,Verify usage rights before commercial publication,غير مثبت,غير مثبت,مرجعي فقط — غير معتمد للنشر التجاري,بيانات مرجعية متاحة؛ يلزم تحقق PM,ضمن الفحص المبدئي
10569943515439,larel-be-perfect-micellar-gel-200ml,جل ميسيلار لاريل بي بيرفكت 200 مل,AlFouad Pharmacies,العناية بالبشرة,العناية بالبشرة,1,بسيط,112377,969,290.7,678.3,,متاح لدى المصدر,https://cdn.shopify.com/s/files/1/0935/9550/0847/files/Larel-Be-Perfect-Miceller-Gel.webp?v=1754297715,منتج جل ميسيلار لاريل بي بيرفكت 200 مل من AlFouad Pharmacies. التصنيف المرجعي: العناية بالبشرة — بسيط. الوسوم المرجعية: Cleanser، Dehydrated Skin، Makeup Removers، Skin Care، Skin Concerns.,https://alfouadpharmacies.com/en/products/larel-be-perfect-micellar-gel-200ml,AlFouad Pharmacies,Verify usage rights before commercial publication,غير مثبت,غير مثبت,مرجعي فقط — غير معتمد للنشر التجاري,بيانات مرجعية متاحة؛ يلزم تحقق PM,ضمن الفحص المبدئي
10569898328367,neutrogena-bright-boost-30spf-gel-fluid-50ml,جل نيتروجينا برائت بوست المرطب 30+ SPF 50 مل,Neutrogena,العناية بالبشرة,العناية بالبشرة,1,بسيط,25191,410,123,287,193,غير متاح لدى المصدر,https://cdn.shopify.com/s/files/1/0935/9550/0847/files/Neutrogena-Bright-Boost-30SPF-Gel-Fluid-50ML.webp?v=1754298162,منتج جل نيتروجينا برائت بوست المرطب 30+ SPF 50 مل من Neutrogena. التصنيف المرجعي: العناية بالبشرة — بسيط. الوسوم المرجعية: Dark Spots، Hydro-gel، Moisturizers، Skin Care، Skin Concerns.,https://alfouadpharmacies.com/en/products/neutrogena-bright-boost-30spf-gel-fluid-50ml,AlFouad Pharmacies,Verify usage rights before commercial publication,غير مثبت,غير مثبت,مرجعي فقط — غير معتمد للنشر التجاري,بيانات مرجعية متاحة؛ يلزم تحقق PM,ضمن الفحص المبدئي
12689452368175,hydrensa-cleansing-gel-200ml,جل هيدرينسا المنظف 200 مل,Hydrensa,العناية بالبشرة,العناية بالبشرة,1,,113416,155,46.5,108.5,,متاح لدى المصدر,https://cdn.shopify.com/s/files/1/0935/9550/0847/files/HYDRENSA_CLEANSING_GEL_200ML.webp?v=1772274592,منتج جل هيدرينسا المنظف 200 مل من Hydrensa. التصنيف المرجعي: العناية بالبشرة. الوسوم المرجعية: Dry Skin، Dryness، Face Wash، Sensetive Skin، Sensitive Skin / Redness، Skin Care.,https://alfouadpharmacies.com/en/products/hydrensa-cleansing-gel-200ml,AlFouad Pharmacies,Verify usage rights before commercial publication,غير مثبت,غير مثبت,مرجعي فقط — غير معتمد للنشر التجاري,بيانات مرجعية متاحة؛ يلزم تحقق PM,ضمن الفحص المبدئي
10569713975599,argento-profit-sunscreen-gel-spf50-60ml-11-off,جل واقي شمس أرجينتو بروفيت SPF50+ 60 مل، عرض 1+1,AlFouad Pharmacies,العناية بالبشرة,العناية بالبشرة,1,بسيط,9531,349,104.7,244.3,,متاح لدى المصدر,https://cdn.shopify.com/s/files/1/0935/9550/0847/files/Argento-Profit-Sunscreen-Gel-SPF50-60ml-11-Off.webp?v=1754299315,منتج جل واقي شمس أرجينتو بروفيت SPF50+ 60 مل، عرض 1+1 من AlFouad Pharmacies. التصنيف المرجعي: العناية بالبشرة — بسيط. الوسوم المرجعية: Skin Care، Skin Concerns، Skincare Offers، Sun Care، Sun Gel، Sunscreen.,https://alfouadpharmacies.com/en/products/argento-profit-sunscreen-gel-spf50-60ml-11-off,AlFouad Pharmacies,Verify usage rights before commercial publication,غير مثبت,غير مثبت,مرجعي فقط — غير معتمد للنشر التجاري,بيانات مرجعية متاحة؛ يلزم تحقق PM,ضمن الفحص المبدئي
10570014327087,bobai-sun-screen-tinted-gel-50ml-11-free-off,جل واقي شمس من بوباي، ملون، 50 مل، 1+1 مجاناً,Bobai off,العناية بالبشرة,العناية بالبشرة,1,بسيط,113099,350,105,245,,متاح لدى المصدر,https://cdn.shopify.com/s/files/1/0935/9550/0847/files/ca07d79e-a6f1-4c72-87cc-48d269aeee29.__CR00970600_PT0_SX970_V1___-1.webp?v=1754297018,منتج جل واقي شمس من بوباي، ملون، 50 مل، 1+1 مجاناً من Bobai off. التصنيف المرجعي: العناية بالبشرة — بسيط. الوسوم المرجعية: Acne & Blemishes، bobai، Oily Skin، Skin Care، Skin Concerns، Sun Gel، Sunscreen، Sunscreen Tinted.,https://alfouadpharmacies.com/en/products/bobai-sun-screen-tinted-gel-50ml-11-free-off,AlFouad Pharmacies,Verify usage rights before commercial publication,غير مثبت,غير مثبت,مرجعي فقط — غير معتمد للنشر التجاري,بيانات مرجعية متاحة؛ يلزم تحقق PM,ضمن الفحص المبدئي
10569719152943,infinity-sunscreen-gelsoothing-gel-120ml,جل واقي من الشمس + جل مهدئ إنفينيتي 120 مل,AlFouad Pharmacies,العناية بالبشرة,العناية بالبشرة,1,بسيط,7135,230,69,161,,غير متاح لدى المصدر,https://cdn.shopify.com/s/files/1/0935/9550/0847/files/Infinity-Sunscreen-GelSoothing-Gel-120ml.webp?v=1754299237,منتج جل واقي من الشمس + جل مهدئ إنفينيتي 120 مل من AlFouad Pharmacies. التصنيف المرجعي: العناية بالبشرة — بسيط. الوسوم المرجعية: Skin Care، Skin Concerns، Sun Care، Sun Gel، Sunscreen.,https://alfouadpharmacies.com/en/products/infinity-sunscreen-gelsoothing-gel-120ml,AlFouad Pharmacies,Verify usage rights before commercial publication,غير مثبت,غير مثبت,مرجعي فقط — غير معتمد للنشر التجاري,بيانات مرجعية متاحة؛ يلزم تحقق PM,ضمن الفحص المبدئي
12689809244463,alejon-sunscreen-gel-spf50-75ml,جل واقي من الشمس أليجون SPF50+ 75 مل,ALEJON sun,العناية بالبشرة,العناية بالبشرة,1,بسيط,17459,410,123,287,,متاح لدى المصدر,https://cdn.shopify.com/s/files/1/0935/9550/0847/files/1-10_png.webp?v=1771796242,منتج جل واقي من الشمس أليجون SPF50+ 75 مل من ALEJON sun. التصنيف المرجعي: العناية بالبشرة — بسيط. الوسوم المرجعية: Skin Care، Skin Concerns، SPF 50، Sun Care، Sun Gel، Sunscreen.,https://alfouadpharmacies.com/en/products/alejon-sunscreen-gel-spf50-75ml,AlFouad Pharmacies,Verify usage rights before commercial publication,غير مثبت,غير مثبت,مرجعي فقط — غير معتمد للنشر التجاري,بيانات مرجعية متاحة؛ يلزم تحقق PM,ضمن الفحص المبدئي
12689795219759,infinity-sunscreen-gel-antishine-spf50-60ml-11,جل واقي من الشمس إنفينيتي مضاد للمعان SPF50+ 60 مل (1+1),Infinity,العناية بالبشرة,العناية بالبشرة,1,بسيط,108290,274,82.2,191.8,,غير متاح لدى المصدر,https://cdn.shopify.com/s/files/1/0935/9550/0847/files/Infinity_Care_Sunscreen_Gel_SPF50_1615x1615_46e7d40a-aff7-4d8b-82c5-ba4894a1edd6.webp?v=1771933908,منتج جل واقي من الشمس إنفينيتي مضاد للمعان SPF50+ 60 مل (1+1) من Infinity. التصنيف المرجعي: العناية بالبشرة — بسيط. الوسوم المرجعية: Skin Care، Skincare Offers، Sun Gel، Sunscreen.,https://alfouadpharmacies.com/en/products/infinity-sunscreen-gel-antishine-spf50-60ml-11,AlFouad Pharmacies,Verify usage rights before commercial publication,غير مثبت,غير مثبت,مرجعي فقط — غير معتمد للنشر التجاري,بيانات مرجعية متاحة؛ يلزم تحقق PM,ضمن الفحص المبدئي
12689447321903,vacation-unseen-sunscreen-gel-spf50-30ml,جل واقي من الشمس غير مرئي للعطلات بعامل حماية من الشمس 50+، 30 مل,vacation sun,العناية بالبشرة,العناية بالبشرة,1,sunscreen,114542,480,144,336,,متاح لدى المصدر,https://cdn.shopify.com/s/files/1/0935/9550/0847/files/WhatsApp_Image_2026-06-24_at_5.11.34_PM.webp?v=1782310402,منتج جل واقي من الشمس غير مرئي للعطلات بعامل حماية من الشمس 50+، 30 مل من vacation sun. التصنيف المرجعي: العناية بالبشرة — sunscreen. الوسوم المرجعية: Skin Care، SPF 50، Sun Care، sunblock، Sunscreen، Sunscreen Gel Cream.,https://alfouadpharmacies.com/en/products/vacation-unseen-sunscreen-gel-spf50-30ml,AlFouad Pharmacies,Verify usage rights before commercial publication,غير مثبت,غير مثبت,مرجعي فقط — غير معتمد للنشر التجاري,بيانات مرجعية متاحة؛ يلزم تحقق PM,ضمن الفحص المبدئي
10589383065903,vacation-sunscreen-gel-spf50-60ml-1,جل واقي من الشمس لقضاء العطلات SPF50+ 60 مل,vacation sun,العناية بالبشرة,العناية بالبشرة,1,,112490,450,135,315,,غير متاح لدى المصدر,https://cdn.shopify.com/s/files/1/0935/9550/0847/files/VacationSunscreenGelSPF50_60ML_11zon.webp?v=1790502652,منتج جل واقي من الشمس لقضاء العطلات SPF50+ 60 مل من vacation sun. التصنيف المرجعي: العناية بالبشرة. الوسوم المرجعية: Oily Skin، Skin Care، Sun Care، Sun Gel.,https://alfouadpharmacies.com/en/products/vacation-sunscreen-gel-spf50-60ml-1,AlFouad Pharmacies,Verify usage rights before commercial publication,غير مثبت,غير مثبت,مرجعي فقط — غير معتمد للنشر التجاري,بيانات مرجعية متاحة؛ يلزم تحقق PM,ضمن الفحص المبدئي
12689809506607,bobai-sun-screen-haydrocare-tinted-gel-50ml,جل واقي من الشمس من بوباي هيدروكير، ملون، 50 مل,Bobai,العناية بالبشرة,العناية بالبشرة,1,بسيط,93014,350,105,245,,متاح لدى المصدر,https://cdn.shopify.com/s/files/1/0935/9550/0847/files/bobai-hydrocare-sunscreen-gel-tinted-spf-50-50gm-v16y-01674556880_1200x_7c08e8e4-503f-4a87-80f6-d093abe55194.webp?v=1778156143,منتج جل واقي من الشمس من بوباي هيدروكير، ملون، 50 مل من Bobai. التصنيف المرجعي: العناية بالبشرة — بسيط. الوسوم المرجعية: bobai، Skin Care، Skin Concerns، Sun Care، Sunscreen، Sunscreen Tinted.,https://alfouadpharmacies.com/en/products/bobai-sun-screen-haydrocare-tinted-gel-50ml,AlFouad Pharmacies,Verify usage rights before commercial publication,غير مثبت,غير مثبت,مرجعي فقط — غير معتمد للنشر التجاري,بيانات مرجعية متاحة؛ يلزم تحقق PM,ضمن الفحص المبدئي
10569896067375,jampj-moisture-soft-cream-300ml,جونسون كريم مرطب سوفت – 300 مل,J&J,العناية بالبشرة,العناية بالبشرة,1,العناية بالبشرة,25372,200,60,140,,متاح لدى المصدر,https://cdn.shopify.com/s/files/1/0935/9550/0847/files/JJ-Moisture-Soft-Cream-300ML.webp?v=1754298191,منتج جونسون كريم مرطب سوفت – 300 مل من J&J. التصنيف المرجعي: العناية بالبشرة — العناية بالبشرة. الوسوم المرجعية: Dry Skin، Moisturizer Cream، Moisturizers، Skin Care، Skin Concerns.,https://alfouadpharmacies.com/en/products/jampj-moisture-soft-cream-300ml,AlFouad Pharmacies,Verify usage rights before commercial publication,غير مثبت,غير مثبت,مرجعي فقط — غير معتمد للنشر التجاري,بيانات مرجعية متاحة؛ يلزم تحقق PM,ضمن الفحص المبدئي
10569916023087,nuxe-very-rose-creamy-make-up-remover-milk-200ml,حليب إزالة المكياج الكريمي من نيوكس، بزيت الورد، 200 مل,AlFouad Pharmacies,العناية بالبشرة,العناية بالبشرة,1,بسيط,98913,599,179.7,419.3,,غير متاح لدى المصدر,https://cdn.shopify.com/s/files/1/0935/9550/0847/files/Nuxe-Very-Rose-Creamy-Make-Up-Remover-Milk-200ML.webp?v=1754297948,منتج حليب إزالة المكياج الكريمي من نيوكس، بزيت الورد، 200 مل من AlFouad Pharmacies. التصنيف المرجعي: العناية بالبشرة — بسيط. الوسوم المرجعية: Cleanser، Dryness، Makeup Removers، Skin Care، Skin Concerns.,https://alfouadpharmacies.com/en/products/nuxe-very-rose-creamy-make-up-remover-milk-200ml,AlFouad Pharmacies,Verify usage rights before commercial publication,غير مثبت,غير مثبت,مرجعي فقط — غير معتمد للنشر التجاري,بيانات مرجعية متاحة؛ يلزم تحقق PM,ضمن الفحص المبدئي
10569804218671,uriage-bariesun-lait-kids-spf-50100-ml,حليب الأطفال الواقي من الشمس يورياج باريسون سب اف 50+ 100 مل,URIAGE Bariesun,العناية بالبشرة,العناية بالبشرة,1,بسيط,18571,1599,479.7,1119.3,,متاح لدى المصدر,https://cdn.shopify.com/s/files/1/0935/9550/0847/files/Uriage_Bariesun_Lait_Kids_Spf_50_100_ml.webp?v=1790667309,منتج حليب الأطفال الواقي من الشمس يورياج باريسون سب اف 50+ 100 مل من URIAGE Bariesun. التصنيف المرجعي: العناية بالبشرة — بسيط. الوسوم المرجعية: Kids Care، Kids Concerns، Kids Sunscreen، Skin Care، Skin Concerns، SPF 50، Sun Care، Sunscreen.,https://alfouadpharmacies.com/en/products/uriage-bariesun-lait-kids-spf-50100-ml,AlFouad Pharmacies,Verify usage rights before commercial publication,غير مثبت,غير مثبت,مرجعي فقط — غير معتمد للنشر التجاري,بيانات مرجعية متاحة؛ يلزم تحقق PM,ضمن الفحص المبدئي
10569721348399,alejon-whitening-body-milk-200ml,حليب الجسم المبيض من أليجون 200 مل,ALEJON,العناية بالبشرة,العناية بالبشرة | العناية بالجسم,2,بسيط,105293,360,108,252,,متاح لدى المصدر,https://cdn.shopify.com/s/files/1/0935/9550/0847/files/Alejon-Whitening-Body-Milk-200ml.webp?v=1754299204,منتج حليب الجسم المبيض من أليجون 200 مل من ALEJON. التصنيف المرجعي: العناية بالبشرة — بسيط. الوسوم المرجعية: Body Care، Body Concerns، Body Milk، Even Skin Tone / Pigmentation.,https://alfouadpharmacies.com/en/products/alejon-whitening-body-milk-200ml,AlFouad Pharmacies,Verify usage rights before commercial publication,غير مثبت,غير مثبت,مرجعي فقط — غير معتمد للنشر التجاري,بيانات مرجعية متاحة؛ يلزم تحقق PM,ضمن الفحص المبدئي
12689724571951,dermaelle-solaire-spf45-body-milk-200ml,حليب الجسم الواقي من الشمس ديرمالي SPF45، 200 مل,Dermaelle,العناية بالبشرة,العناية بالبشرة,1,واقي شمس ,99115,262.5,78.75,183.75,,متاح لدى المصدر,https://cdn.shopify.com/s/files/1/0935/9550/0847/files/1_-_2026-06-25T132345.367.webp?v=1782383131,منتج حليب الجسم الواقي من الشمس ديرمالي SPF45، 200 مل من Dermaelle. التصنيف المرجعي: العناية بالبشرة — واقي شمس . الوسوم المرجعية: Skin Care، Skin Concerns، Sun Care، Sunscreen، Sunscreen Lotion.,https://alfouadpharmacies.com/en/products/dermaelle-solaire-spf45-body-milk-200ml,AlFouad Pharmacies,Verify usage rights before commercial publication,غير مثبت,غير مثبت,مرجعي فقط — غير معتمد للنشر التجاري,بيانات مرجعية متاحة؛ يلزم تحقق PM,ضمن الفحص المبدئي
10569720103215,dermactive-acti-white-body-milk-2-in-1-200ml,حليب الجسم ديرم اكتيف اكتي وايت 2 في 1، 200 مل,DERMACTIVE,العناية بالبشرة,العناية بالبشرة | العناية بالجسم,2,بسيط,3098,269,80.7,188.3,,متاح لدى المصدر,https://cdn.shopify.com/s/files/1/0935/9550/0847/files/Dermactive-Acti-White-Body-Milk-2-In-1-200ml.webp?v=1754299221,منتج حليب الجسم ديرم اكتيف اكتي وايت 2 في 1، 200 مل من DERMACTIVE. التصنيف المرجعي: العناية بالبشرة — بسيط. الوسوم المرجعية: Body Care، Body Concerns، Body Milk، Even Skin Tone / Pigmentation.,https://alfouadpharmacies.com/en/products/dermactive-acti-white-body-milk-2-in-1-200ml,AlFouad Pharmacies,Verify usage rights before commercial publication,غير مثبت,غير مثبت,مرجعي فقط — غير معتمد للنشر التجاري,بيانات مرجعية متاحة؛ يلزم تحقق PM,ضمن الفحص المبدئي
12689780965679,shaan-body-milk-300ml,حليب الجسم شان 300 مل,shaan,العناية بالبشرة,العناية بالبشرة | العناية بالجسم,2,بسيط,25532,230,69,161,,متاح لدى المصدر,https://cdn.shopify.com/s/files/1/0935/9550/0847/files/ShaanBodyMilk300ml.webp?v=1771841242,منتج حليب الجسم شان 300 مل من shaan. التصنيف المرجعي: العناية بالبشرة — بسيط. الوسوم المرجعية: Body Care، Body Concerns، Body Milk، Dry Skin body concerns، Sensetive Skin، shaan.,https://alfouadpharmacies.com/en/products/shaan-body-milk-300ml,AlFouad Pharmacies,Verify usage rights before commercial publication,غير مثبت,غير مثبت,مرجعي فقط — غير معتمد للنشر التجاري,بيانات مرجعية متاحة؛ يلزم تحقق PM,ضمن الفحص المبدئي
12689780277551,shaan-body-milk-vanilla-coconut-300ml,حليب الجسم شان بالفانيليا وجوز الهند 300 مل,shaan,العناية بالبشرة,العناية بالبشرة | العناية بالجسم,2,بسيط,13959,250,75,175,,متاح لدى المصدر,https://cdn.shopify.com/s/files/1/0935/9550/0847/files/ShaanBodyMilkVanillaCoconut300ml.webp?v=1771841369,منتج حليب الجسم شان بالفانيليا وجوز الهند 300 مل من shaan. التصنيف المرجعي: العناية بالبشرة — بسيط. الوسوم المرجعية: Body Care، Body Concerns، Body Milk، Dry Skin body concerns، Sensetive Skin، shaan.,https://alfouadpharmacies.com/en/products/shaan-body-milk-vanilla-coconut-300ml,AlFouad Pharmacies,Verify usage rights before commercial publication,غير مثبت,غير مثبت,مرجعي فقط — غير معتمد للنشر التجاري,بيانات مرجعية متاحة؛ يلزم تحقق PM,ضمن الفحص المبدئي
12689780375855,shaan-body-milk-tulip-rose-300ml,حليب الجسم شان، توليب روز، 300 مل,shaan,العناية بالبشرة,العناية بالبشرة | العناية بالجسم,2,بسيط,13640,250,75,175,,متاح لدى المصدر,https://cdn.shopify.com/s/files/1/0935/9550/0847/files/ShaanBodyMilkTulipRose300ml.webp?v=1771841342,منتج حليب الجسم شان، توليب روز، 300 مل من shaan. التصنيف المرجعي: العناية بالبشرة — بسيط. الوسوم المرجعية: Body Care، Body Concerns، Body Milk، Dry Skin body concerns، Sensetive Skin، shaan.,https://alfouadpharmacies.com/en/products/shaan-body-milk-tulip-rose-300ml,AlFouad Pharmacies,Verify usage rights before commercial publication,غير مثبت,غير مثبت,مرجعي فقط — غير معتمد للنشر التجاري,بيانات مرجعية متاحة؛ يلزم تحقق PM,ضمن الفحص المبدئي
10569943646511,larel-be-perfect-milk-makeup-cleansing-200ml,حليب لاريل بي بيرفكت لإزالة المكياج 200 مل,AlFouad Pharmacies,العناية بالبشرة,العناية بالبشرة,1,بسيط,112376,872,261.6,610.4,,متاح لدى المصدر,https://cdn.shopify.com/s/files/1/0935/9550/0847/files/Larel-Be-perfect-Milk-Make-up.webp?v=1754297713,منتج حليب لاريل بي بيرفكت لإزالة المكياج 200 مل من AlFouad Pharmacies. التصنيف المرجعي: العناية بالبشرة — بسيط. الوسوم المرجعية: Cleanser، Makeup Removers، Skin Care.,https://alfouadpharmacies.com/en/products/larel-be-perfect-milk-makeup-cleansing-200ml,AlFouad Pharmacies,Verify usage rights before commercial publication,غير مثبت,غير مثبت,مرجعي فقط — غير معتمد للنشر التجاري,بيانات مرجعية متاحة؛ يلزم تحقق PM,ضمن الفحص المبدئي
10569833546031,the-ordinary-salicylic-acid-2-30ml,حمض الساليسيليك من ذا أوردينري 2% 30 مل,The Ordinary,العناية بالبشرة,العناية بالبشرة,1,سيرم ,106277,1599,479.7,1119.3,0,متاح لدى المصدر,https://cdn.shopify.com/s/files/1/0935/9550/0847/files/1_-_2026-07-06T161343.819.webp?v=1783343666,منتج حمض الساليسيليك من ذا أوردينري 2% 30 مل من The Ordinary. التصنيف المرجعي: العناية بالبشرة — سيرم . الوسوم المرجعية: Acne & Blemishes، Oily Skin، Pores، Serums، Skin Care، Skin Concerns، Treatments.,https://alfouadpharmacies.com/en/products/the-ordinary-salicylic-acid-2-30ml,AlFouad Pharmacies,Verify usage rights before commercial publication,غير مثبت,غير مثبت,مرجعي فقط — غير معتمد للنشر التجاري,بيانات مرجعية متاحة؛ يلزم تحقق PM,ضمن الفحص المبدئي
10569831940399,the-ordinary-hyluronic-acid-2-b5-30ml,حمض الهيالورونيك 2 B5 من ذا أورديناري 30 مل,The Ordinary,العناية بالبشرة,العناية بالبشرة,1,سيرم,105479,1599,479.7,1119.3,0,متاح لدى المصدر,https://cdn.shopify.com/s/files/1/0935/9550/0847/files/1_-_2026-07-06T164111.091.webp?v=1783345310,منتج حمض الهيالورونيك 2 B5 من ذا أورديناري 30 مل من The Ordinary. التصنيف المرجعي: العناية بالبشرة — سيرم. الوسوم المرجعية: Dehydrated Skin، Dryness، Fine Lines & Wrinkles، Serums، Skin Care، Skin Concerns، Treatments.,https://alfouadpharmacies.com/en/products/the-ordinary-hyluronic-acid-2-b5-30ml,AlFouad Pharmacies,Verify usage rights before commercial publication,غير مثبت,غير مثبت,مرجعي فقط — غير معتمد للنشر التجاري,بيانات مرجعية متاحة؛ يلزم تحقق PM,ضمن الفحص المبدئي
10569725378863,dermatique-concealer-natural-medium-10ml,خافي عيوب ديرماتيك (لون طبيعي متوسط) 10 مل,AlFouad Pharmacies,العناية بالبشرة,العناية بالبشرة,1,بسيط,7531,500,150,350,,غير متاح لدى المصدر,https://cdn.shopify.com/s/files/1/0935/9550/0847/files/Dermatique-Concealer-Natural-Medium-10ml.webp?v=1754299147,منتج خافي عيوب ديرماتيك (لون طبيعي متوسط) 10 مل من AlFouad Pharmacies. التصنيف المرجعي: العناية بالبشرة — بسيط. الوسوم المرجعية: Beauty & Accessories، Concellar، Dark Circles & Puffiness، Makeup، Skin Care، Skin Concerns.,https://alfouadpharmacies.com/en/products/dermatique-concealer-natural-medium-10ml,AlFouad Pharmacies,Verify usage rights before commercial publication,غير مثبت,غير مثبت,مرجعي فقط — غير معتمد للنشر التجاري,بيانات مرجعية متاحة؛ يلزم تحقق PM,ضمن الفحص المبدئي
12689553654063,cosrx-advanc-snail-96-mucin-power-essenc-100ml,خلاصة موسين باور من كوسركس أدفانس سنايل 96، 100 مل ,korean product,العناية بالبشرة,العناية بالبشرة | الجمال الكوري,2,,32070,1296,388.8,907.2,,غير متاح لدى المصدر,https://cdn.shopify.com/s/files/1/0935/9550/0847/files/cosrx_snail96_ecommerce_standard.webp?v=1771833051,منتج خلاصة موسين باور من كوسركس أدفانس سنايل 96، 100 مل  من korean product. التصنيف المرجعي: العناية بالبشرة. الوسوم المرجعية: Anti-Aging، Fine Lines & Wrinkles، korean product، Serums، Skin Care.,https://alfouadpharmacies.com/en/products/cosrx-advanc-snail-96-mucin-power-essenc-100ml,AlFouad Pharmacies,Verify usage rights before commercial publication,غير مثبت,غير مثبت,مرجعي فقط — غير معتمد للنشر التجاري,بيانات مرجعية متاحة؛ يلزم تحقق PM,ضمن الفحص المبدئي
16108928729391,درمدك-نورماكني-تونر-منظف-و-موازن-للبشرة-200-مل,درمدك نورماكني تونر منظف و موازن للبشرة 200 مل,DERMEDIC,العناية بالبشرة,العناية بالبشرة,1,تونر,117435,600,180,420,,متاح لدى المصدر,https://cdn.shopify.com/s/files/1/0935/9550/0847/files/wwwprodukt-2026-04-07T124543.192.webp?v=1785746025,منتج درمدك نورماكني تونر منظف و موازن للبشرة 200 مل من DERMEDIC. التصنيف المرجعي: العناية بالبشرة — تونر. الوسوم المرجعية: Oily Skin، skin، Skin Care، Toners.,https://alfouadpharmacies.com/en/products/درمدك-نورماكني-تونر-منظف-و-موازن-للبشرة-200-مل,AlFouad Pharmacies,Verify usage rights before commercial publication,غير مثبت,غير مثبت,مرجعي فقط — غير معتمد للنشر التجاري,بيانات مرجعية متاحة؛ يلزم تحقق PM,ضمن الفحص المبدئي
16108935643439,درمدك-نورماكني-كريم-مرطب-للبشرة-الدهنية-40-مل,"درمدك نورماكني كريم مرطب للبشرة الدهنية 40 مل
",DERMEDIC,العناية بالبشرة,العناية بالبشرة,1,كريم ترطيب ,117436,950,285,665,,متاح لدى المصدر,https://cdn.shopify.com/s/files/1/0935/9550/0847/files/wwwprodukt-2026-01-15T142924.373.webp?v=1785746412,"منتج درمدك نورماكني كريم مرطب للبشرة الدهنية 40 مل
 من DERMEDIC. التصنيف المرجعي: العناية بالبشرة — كريم ترطيب . الوسوم المرجعية: Moisturizer Cream، Oily Skin.",https://alfouadpharmacies.com/en/products/درمدك-نورماكني-كريم-مرطب-للبشرة-الدهنية-40-مل,AlFouad Pharmacies,Verify usage rights before commercial publication,غير مثبت,غير مثبت,مرجعي فقط — غير معتمد للنشر التجاري,بيانات مرجعية متاحة؛ يلزم تحقق PM,ضمن الفحص المبدئي
16108459950383,درمديك-هيدران-هيالو-سيرم-مرطب-30-مل,درمديك هيدران هيالو سيرم مرطب 30 مل,DERMEDIC,العناية بالبشرة,العناية بالبشرة,1,سيرم للبشره الجافه و الحساسه ,117582,1250,375,875,,متاح لدى المصدر,https://cdn.shopify.com/s/files/1/0935/9550/0847/files/wwwprodukt-2025-07-16T151105.789.webp?v=1785680833,منتج درمديك هيدران هيالو سيرم مرطب 30 مل من DERMEDIC. التصنيف المرجعي: العناية بالبشرة — سيرم للبشره الجافه و الحساسه . الوسوم المرجعية: Dry Skin، Sensetive Skin، Serums، skin، Skin Care.,https://alfouadpharmacies.com/en/products/درمديك-هيدران-هيالو-سيرم-مرطب-30-مل,AlFouad Pharmacies,Verify usage rights before commercial publication,غير مثبت,غير مثبت,مرجعي فقط — غير معتمد للنشر التجاري,بيانات مرجعية متاحة؛ يلزم تحقق PM,ضمن الفحص المبدئي
10569721676079,azha-deodrant-roll-on-blue-60ml-11-off,دواء أزها مزيل العرق بالكرة الزرقاء 60 مل، عرض 1+1,AlFouad Pharmacies,العناية بالبشرة,العناية بالبشرة | العناية بالجسم,2,بسيط,9496,349,104.7,244.3,,متاح لدى المصدر,https://cdn.shopify.com/s/files/1/0935/9550/0847/files/Azha-Deodrant-Roll-On-Blue-60ml-11-Off.webp?v=1754299199,منتج دواء أزها مزيل العرق بالكرة الزرقاء 60 مل، عرض 1+1 من AlFouad Pharmacies. التصنيف المرجعي: العناية بالبشرة — بسيط. الوسوم المرجعية: Body Care، Body Concerns، Body Offers، Deodrant، Even Skin Tone / Pigmentation.,https://alfouadpharmacies.com/en/products/azha-deodrant-roll-on-blue-60ml-11-off,AlFouad Pharmacies,Verify usage rights before commercial publication,غير مثبت,غير مثبت,مرجعي فقط — غير معتمد للنشر التجاري,بيانات مرجعية متاحة؛ يلزم تحقق PM,ضمن الفحص المبدئي
10569722659119,azha-deodrant-roll-on-purple-60ml-11-off,دواء أزها مزيل عرق رول أون أرجواني 60 مل، عرض 1+1 مجاناً,AlFouad Pharmacies,العناية بالبشرة,العناية بالبشرة | العناية بالجسم,2,بسيط,12956,349,104.7,244.3,,متاح لدى المصدر,https://cdn.shopify.com/s/files/1/0935/9550/0847/files/Azha-Deodrant-Roll-On-Purple-60ml-11-Off.webp?v=1754299182,منتج دواء أزها مزيل عرق رول أون أرجواني 60 مل، عرض 1+1 مجاناً من AlFouad Pharmacies. التصنيف المرجعي: العناية بالبشرة — بسيط. الوسوم المرجعية: Body Care، Body Concerns، Body Offers، Deodrant، Even Skin Tone / Pigmentation.,https://alfouadpharmacies.com/en/products/azha-deodrant-roll-on-purple-60ml-11-off,AlFouad Pharmacies,Verify usage rights before commercial publication,غير مثبت,غير مثبت,مرجعي فقط — غير معتمد للنشر التجاري,بيانات مرجعية متاحة؛ يلزم تحقق PM,ضمن الفحص المبدئي
12689552212271,dear-body-milk-deep-hydration-vanilla,دير بودي ميلك ديب هايدريشن فانيلا ,DEAR,العناية بالبشرة,العناية بالبشرة | العناية بالجسم,2,,113449,650,195,455,,متاح لدى المصدر,https://cdn.shopify.com/s/files/1/0935/9550/0847/files/Dear_Body_Milk_Blue_Vanilla_300ml_ECOM.webp?v=1771923139,منتج دير بودي ميلك ديب هايدريشن فانيلا  من DEAR. التصنيف المرجعي: العناية بالبشرة. الوسوم المرجعية: Body Care، Body Lotion، Dry Skin، Dryness.,https://alfouadpharmacies.com/en/products/dear-body-milk-deep-hydration-vanilla,AlFouad Pharmacies,Verify usage rights before commercial publication,غير مثبت,غير مثبت,مرجعي فقط — غير معتمد للنشر التجاري,بيانات مرجعية متاحة؛ يلزم تحقق PM,ضمن الفحص المبدئي
12689809473839,dermactive-acti-solaire-ultra-fluid-ltint-spf50,ديرم اكتيف اكتي سولير، سائل خفيف للغاية مع لون طبيعي، عامل حماية من الشمس 50+,DERMACTIVE,العناية بالبشرة,العناية بالبشرة,1,بسيط,3386,289,86.7,202.3,,متاح لدى المصدر,https://cdn.shopify.com/s/files/1/0935/9550/0847/files/DERMACTIVE_ULTRA_FLUID_TINTED_FIXED_1615x1615_e5db8bbc-37e5-4f44-bebb-e8eedded3386.webp?v=1771503722,منتج ديرم اكتيف اكتي سولير، سائل خفيف للغاية مع لون طبيعي، عامل حماية من الشمس 50+ من DERMACTIVE. التصنيف المرجعي: العناية بالبشرة — بسيط. الوسوم المرجعية: Skin Care، Skin Concerns، SPF 50، Sun Care، Sunscreen، Sunscreen Fluid.,https://alfouadpharmacies.com/en/products/dermactive-acti-solaire-ultra-fluid-ltint-spf50,AlFouad Pharmacies,Verify usage rights before commercial publication,غير مثبت,غير مثبت,مرجعي فقط — غير معتمد للنشر التجاري,بيانات مرجعية متاحة؛ يلزم تحقق PM,ضمن الفحص المبدئي
10569716039983,dermactive-acti-glow-radiance-booster-micfoam-150ml,ديرم اكتيف اكتي-جلو مزيد إشراقة رغوي منظف 150 مل,DERMACTIVE,العناية بالبشرة,العناية بالبشرة,1,بسيط,30414,209,62.7,146.3,,متاح لدى المصدر,https://cdn.shopify.com/s/files/1/0935/9550/0847/files/Dermactive-Acti-Glow-Radiance-Booster-Mic.Foam-150ml.webp?v=1754299273,منتج ديرم اكتيف اكتي-جلو مزيد إشراقة رغوي منظف 150 مل من DERMACTIVE. التصنيف المرجعي: العناية بالبشرة — بسيط. الوسوم المرجعية: Cleanser، Face Wash، Skin Care.,https://alfouadpharmacies.com/en/products/dermactive-acti-glow-radiance-booster-micfoam-150ml,AlFouad Pharmacies,Verify usage rights before commercial publication,غير مثبت,غير مثبت,مرجعي فقط — غير معتمد للنشر التجاري,بيانات مرجعية متاحة؛ يلزم تحقق PM,ضمن الفحص المبدئي
12689780605231,dermactive-acti-repair-emiollient-extreme-200ml,ديرم اكتيف اكتي-ريبير إيموليانت إكستريم 200 مل,DERMACTIVE,العناية بالبشرة,العناية بالبشرة | العناية بالجسم,2,بسيط,8866,299,89.7,209.3,,متاح لدى المصدر,https://cdn.shopify.com/s/files/1/0935/9550/0847/files/dermactive_acti_repair_emollient_extreme_1615x1615_677de558-5924-49d1-b52a-1087e650f5f7.webp?v=1771748387,منتج ديرم اكتيف اكتي-ريبير إيموليانت إكستريم 200 مل من DERMACTIVE. التصنيف المرجعي: العناية بالبشرة — بسيط. الوسوم المرجعية: Body Care، Body Concerns، Body Cream، Creams، Dry Skin body concerns، Moisturizers، Sensetive Skin، Skin Care.,https://alfouadpharmacies.com/en/products/dermactive-acti-repair-emiollient-extreme-200ml,AlFouad Pharmacies,Verify usage rights before commercial publication,غير مثبت,غير مثبت,مرجعي فقط — غير معتمد للنشر التجاري,بيانات مرجعية متاحة؛ يلزم تحقق PM,ضمن الفحص المبدئي
12689811112239,dermactive-acti-repair-cica-cream-50ml,ديرما أكتيف أكتي ريبير سيكا كريم لإصلاح وتهدئة البشرة 50 مل,DERMACTIVE,العناية بالبشرة,العناية بالبشرة,1,بسيط,25741,195,58.5,136.5,,متاح لدى المصدر,https://cdn.shopify.com/s/files/1/0935/9550/0847/files/DERMACTIVE_CICA_FIXED_1615x1615_9ff701e1-dd95-4410-b724-85b9f1ae68cd.webp?v=1771502183,منتج ديرما أكتيف أكتي ريبير سيكا كريم لإصلاح وتهدئة البشرة 50 مل من DERMACTIVE. التصنيف المرجعي: العناية بالبشرة — بسيط. الوسوم المرجعية: Creams، Moisturizers، Sensitive Skin / Redness، Skin Care، Skin Concerns.,https://alfouadpharmacies.com/en/products/dermactive-acti-repair-cica-cream-50ml,AlFouad Pharmacies,Verify usage rights before commercial publication,غير مثبت,غير مثبت,مرجعي فقط — غير معتمد للنشر التجاري,بيانات مرجعية متاحة؛ يلزم تحقق PM,ضمن الفحص المبدئي
10569716236591,dermatique-ultra-rich-moisture-150ml-face-body,ديرماتيك مرطب غني جداً 150 مل للوجه والجسم,AlFouad Pharmacies,العناية بالبشرة,العناية بالبشرة,1,بسيط,7342,360,108,252,,غير متاح لدى المصدر,https://cdn.shopify.com/s/files/1/0935/9550/0847/files/Dermatique-Ultra-Rich-Moisture-150ml-Face-Body.webp?v=1754299269,منتج ديرماتيك مرطب غني جداً 150 مل للوجه والجسم من AlFouad Pharmacies. التصنيف المرجعي: العناية بالبشرة — بسيط. الوسوم المرجعية: Moisturizer Cream، Moisturizers، Skin Care.,https://alfouadpharmacies.com/en/products/dermatique-ultra-rich-moisture-150ml-face-body,AlFouad Pharmacies,Verify usage rights before commercial publication,غير مثبت,غير مثبت,مرجعي فقط — غير معتمد للنشر التجاري,بيانات مرجعية متاحة؛ يلزم تحقق PM,ضمن الفحص المبدئي
10569724068143,dermatique-whitening-deodorant-roll-on-40ml,ديرماتيك مزيل عرق رول أون لتفتيح البشرة 40 مل,AlFouad Pharmacies,العناية بالبشرة,العناية بالبشرة | العناية بالجسم,2,بسيط,7360,260,78,182,,غير متاح لدى المصدر,https://cdn.shopify.com/s/files/1/0935/9550/0847/files/Dermatique-Whitening-Deodorant-Roll-On-40ml.webp?v=1754299164,منتج ديرماتيك مزيل عرق رول أون لتفتيح البشرة 40 مل من AlFouad Pharmacies. التصنيف المرجعي: العناية بالبشرة — بسيط. الوسوم المرجعية: Body Care، Body Concerns، Deodrant، Even Skin Tone / Pigmentation.,https://alfouadpharmacies.com/en/products/dermatique-whitening-deodorant-roll-on-40ml,AlFouad Pharmacies,Verify usage rights before commercial publication,غير مثبت,غير مثبت,مرجعي فقط — غير معتمد للنشر التجاري,بيانات مرجعية متاحة؛ يلزم تحقق PM,ضمن الفحص المبدئي
12689724440879,dermaelle-solaire-spf50-invisible-fluid-60ml,ديرمال سولير، سائل شفاف واقي من الشمس بدرجة حماية 50، 60 مل.,Dermaelle,العناية بالبشرة,العناية بالبشرة,1,واقي شمس ,25939,296.25,88.88,207.38,390,متاح لدى المصدر,https://cdn.shopify.com/s/files/1/0935/9550/0847/files/1_-_2026-06-25T135015.936.webp?v=1782384658,منتج ديرمال سولير، سائل شفاف واقي من الشمس بدرجة حماية 50، 60 مل. من Dermaelle. التصنيف المرجعي: العناية بالبشرة — واقي شمس . الوسوم المرجعية: Acne & Blemishes، Oily Skin، Skin Care، Skin Concerns، SPF 50، Sun Care، Sunscreen، Sunscreen Fluid.,https://alfouadpharmacies.com/en/products/dermaelle-solaire-spf50-invisible-fluid-60ml,AlFouad Pharmacies,Verify usage rights before commercial publication,غير مثبت,غير مثبت,مرجعي فقط — غير معتمد للنشر التجاري,بيانات مرجعية متاحة؛ يلزم تحقق PM,ضمن الفحص المبدئي
12689513447727,dermaelle-advanc-niacinamide-5-serum-30-ml,ديرمايل أدفانس نياسيناميد 5% سيروم 30 مل,Dermaelle,العناية بالبشرة,العناية بالبشرة,1,سيرم ,114292,220,66,154,390,متاح لدى المصدر,https://cdn.shopify.com/s/files/1/0935/9550/0847/files/dermaelle_1615_web_optimized.webp?v=1788958937,منتج ديرمايل أدفانس نياسيناميد 5% سيروم 30 مل من Dermaelle. التصنيف المرجعي: العناية بالبشرة — سيرم . الوسوم المرجعية: Acne & Blemishes، Oily Skin، Pores، Serums، Skin Care.,https://alfouadpharmacies.com/en/products/dermaelle-advanc-niacinamide-5-serum-30-ml,AlFouad Pharmacies,Verify usage rights before commercial publication,غير مثبت,غير مثبت,مرجعي فقط — غير معتمد للنشر التجاري,بيانات مرجعية متاحة؛ يلزم تحقق PM,ضمن الفحص المبدئي
10569824534831,dermaelle-advanc-hyaluron-acid-water-120ml,ديرمايل أدفانس هيالورون أسيد ووتر 120 مل ,Dermaelle,العناية بالبشرة,العناية بالبشرة,1,بسيط,112003,159.5,47.85,111.65,,متاح لدى المصدر,https://cdn.shopify.com/s/files/1/0935/9550/0847/files/1_86.webp?v=1782370517,منتج ديرمايل أدفانس هيالورون أسيد ووتر 120 مل  من Dermaelle. التصنيف المرجعي: العناية بالبشرة — بسيط. الوسوم المرجعية: Dehydrated Skin، Dryness، Sensitive Skin / Redness، Skin Care، Skin Concerns، Toners، Treatments.,https://alfouadpharmacies.com/en/products/dermaelle-advanc-hyaluron-acid-water-120ml,AlFouad Pharmacies,Verify usage rights before commercial publication,غير مثبت,غير مثبت,مرجعي فقط — غير معتمد للنشر التجاري,بيانات مرجعية متاحة؛ يلزم تحقق PM,ضمن الفحص المبدئي
12689513414959,dermaelle-advanc-brightening-vit-c-15-serum-30-ml,ديرمايل أدفانسد سيروم فيتامين C – 30 مل,Dermaelle,العناية بالبشرة,العناية بالبشرة,1,ديرمايل سيروم فيتامين C المتقدم 30 مل | لتفتيح البشرة وتقليل البقع الداكنة,114293,390,117,273,,متاح لدى المصدر,https://cdn.shopify.com/s/files/1/0935/9550/0847/files/1_65.webp?v=1782212220,منتج ديرمايل أدفانسد سيروم فيتامين C – 30 مل من Dermaelle. التصنيف المرجعي: العناية بالبشرة — ديرمايل سيروم فيتامين C المتقدم 30 مل | لتفتيح البشرة وتقليل البقع الداكنة. الوسوم المرجعية: Anti-Aging، Dark Spots، Even Skin Tone / Pigmentation، Serums، Skin Care.,https://alfouadpharmacies.com/en/products/dermaelle-advanc-brightening-vit-c-15-serum-30-ml,AlFouad Pharmacies,Verify usage rights before commercial publication,غير مثبت,غير مثبت,مرجعي فقط — غير معتمد للنشر التجاري,بيانات مرجعية متاحة؛ يلزم تحقق PM,ضمن الفحص المبدئي
12689723916591,dermaelle-advanc-hyaluron-acid-25-serum-30ml,ديرمايل أدفانك سيروم حمض الهيالورونيك 2.5% 30 مل ,Dermaelle,العناية بالبشرة,العناية بالبشرة,1, سيروم ,112002,330,99,231,,متاح لدى المصدر,https://cdn.shopify.com/s/files/1/0935/9550/0847/files/1_91.webp?v=1782375283,منتج ديرمايل أدفانك سيروم حمض الهيالورونيك 2.5% 30 مل  من Dermaelle. التصنيف المرجعي: العناية بالبشرة —  سيروم . الوسوم المرجعية: Dehydrated Skin، Dryness، Fine Lines & Wrinkles، Serums، Skin Care، Skin Concerns، Treatments.,https://alfouadpharmacies.com/en/products/dermaelle-advanc-hyaluron-acid-25-serum-30ml,AlFouad Pharmacies,Verify usage rights before commercial publication,غير مثبت,غير مثبت,مرجعي فقط — غير معتمد للنشر التجاري,بيانات مرجعية متاحة؛ يلزم تحقق PM,ضمن الفحص المبدئي
12689501454639,dermaelle-hyalurepair-cica-facial-cleans-200ml,ديرمايل هيالوربير سيكا لتنظيف الوجه 200 مل,Dermaelle,العناية بالبشرة,العناية بالبشرة,1,ترميم البشره ,114524,179.25,53.78,125.48,,متاح لدى المصدر,https://cdn.shopify.com/s/files/1/0935/9550/0847/files/1_-_2026-06-25T135556.725.webp?v=1782384978,منتج ديرمايل هيالوربير سيكا لتنظيف الوجه 200 مل من Dermaelle. التصنيف المرجعي: العناية بالبشرة — ترميم البشره . الوسوم المرجعية: Cleanser، Dehydrated Skin، Dryness، Face Wash، Sensitive Skin / Redness، Skin Care.,https://alfouadpharmacies.com/en/products/dermaelle-hyalurepair-cica-facial-cleans-200ml,AlFouad Pharmacies,Verify usage rights before commercial publication,غير مثبت,غير مثبت,مرجعي فقط — غير معتمد للنشر التجاري,بيانات مرجعية متاحة؛ يلزم تحقق PM,ضمن الفحص المبدئي
10569830695215,the-ordinary-buffet-30ml,ذا أورديناري بوفيه 30 مل,The Ordinary,العناية بالبشرة,العناية بالبشرة,1,سيرم,32798,1250,375,875,0,متاح لدى المصدر,https://cdn.shopify.com/s/files/1/0935/9550/0847/files/1_-_2026-07-06T164340.778.webp?v=1783345440,منتج ذا أورديناري بوفيه 30 مل من The Ordinary. التصنيف المرجعي: العناية بالبشرة — سيرم. الوسوم المرجعية: Anti-Aging، Dehydrated Skin، Fine Lines & Wrinkles، Serums، Skin Care، Skin Concerns، Treatments.,https://alfouadpharmacies.com/en/products/the-ordinary-buffet-30ml,AlFouad Pharmacies,Verify usage rights before commercial publication,غير مثبت,غير مثبت,مرجعي فقط — غير معتمد للنشر التجاري,بيانات مرجعية متاحة؛ يلزم تحقق PM,ضمن الفحص المبدئي
12689488314671,the-ordinary-vitamin-c-23-ha-spheres-2-30ml,ذا أورديناري فيتامين سي 23+HA كرات 2 30 مل,The Ordinary,العناية بالبشرة,العناية بالبشرة,1,سيرم,6397,1799,539.7,1259.3,0,متاح لدى المصدر,https://cdn.shopify.com/s/files/1/0935/9550/0847/files/1_-_2026-07-06T160323.576.webp?v=1783343029,منتج ذا أورديناري فيتامين سي 23+HA كرات 2 30 مل من The Ordinary. التصنيف المرجعي: العناية بالبشرة — سيرم. الوسوم المرجعية: Dark Spots، Even Skin Tone / Pigmentation، Skin Care، Whitining Cream.,https://alfouadpharmacies.com/en/products/the-ordinary-vitamin-c-23-ha-spheres-2-30ml,AlFouad Pharmacies,Verify usage rights before commercial publication,غير مثبت,غير مثبت,مرجعي فقط — غير معتمد للنشر التجاري,بيانات مرجعية متاحة؛ يلزم تحقق PM,ضمن الفحص المبدئي
10569832071471,the-ordinary-lactic-10-30ml,ذا أورديناري لاكتيك 10 30 مل,The Ordinary,العناية بالبشرة,العناية بالبشرة,1,سيرم ,17523,1599,479.7,1119.3,0,متاح لدى المصدر,https://cdn.shopify.com/s/files/1/0935/9550/0847/files/1_-_2026-07-06T163603.903.webp?v=1783344993,منتج ذا أورديناري لاكتيك 10 30 مل من The Ordinary. التصنيف المرجعي: العناية بالبشرة — سيرم . الوسوم المرجعية: Dark Spots، Dry Skin، Even Skin Tone، Fine Lines & Wrinkles، Serums، Skin Care، Skin Concerns، Treatments.,https://alfouadpharmacies.com/en/products/the-ordinary-lactic-10-30ml,AlFouad Pharmacies,Verify usage rights before commercial publication,غير مثبت,غير مثبت,مرجعي فقط — غير معتمد للنشر التجاري,بيانات مرجعية متاحة؛ يلزم تحقق PM,ضمن الفحص المبدئي
10569832137007,the-ordinary-lactic-5-30ml,ذا أورديناري لاكتيك 5 30 مل,The Ordinary,العناية بالبشرة,العناية بالبشرة,1,سيرم,25243,1599,479.7,1119.3,0,متاح لدى المصدر,https://cdn.shopify.com/s/files/1/0935/9550/0847/files/1_-_2026-07-06T163906.956.webp?v=1783345178,منتج ذا أورديناري لاكتيك 5 30 مل من The Ordinary. التصنيف المرجعي: العناية بالبشرة — سيرم. الوسوم المرجعية: Dark Spots، Even Skin Tone، Fine Lines & Wrinkles، Sensitive Skin / Redness، Skin Care، Skin Concerns.,https://alfouadpharmacies.com/en/products/the-ordinary-lactic-5-30ml,AlFouad Pharmacies,Verify usage rights before commercial publication,غير مثبت,غير مثبت,مرجعي فقط — غير معتمد للنشر التجاري,بيانات مرجعية متاحة؛ يلزم تحقق PM,ضمن الفحص المبدئي
10569833349423,the-ordinary-retinol-05-30ml,ذا أوردينري ريتينول 0.5 30 مل,The Ordinary,العناية بالبشرة,العناية بالبشرة,1,سيرم,89782,1799,539.7,1259.3,0,متاح لدى المصدر,https://cdn.shopify.com/s/files/1/0935/9550/0847/files/1-2026-07-06T163004.904.webp?v=1783344624,منتج ذا أوردينري ريتينول 0.5 30 مل من The Ordinary. التصنيف المرجعي: العناية بالبشرة — سيرم. الوسوم المرجعية: Anti-Aging، Dark Spots، Even Skin Tone، Fine Lines & Wrinkles، Serums، Skin Care، Skin Concerns، Treatments.,https://alfouadpharmacies.com/en/products/the-ordinary-retinol-05-30ml,AlFouad Pharmacies,Verify usage rights before commercial publication,غير مثبت,غير مثبت,مرجعي فقط — غير معتمد للنشر التجاري,بيانات مرجعية متاحة؛ يلزم تحقق PM,ضمن الفحص المبدئي
10569833414959,the-ordinary-retinol-1-30ml,ذا أوردينري ريتينول 1 30 مل,The Ordinary,العناية بالبشرة,العناية بالبشرة,1,بسيط,110333,1799,539.7,1259.3,0,متاح لدى المصدر,https://cdn.shopify.com/s/files/1/0935/9550/0847/files/The_Ordinary_Retinol_1_30ml.webp?v=1790490659,منتج ذا أوردينري ريتينول 1 30 مل من The Ordinary. التصنيف المرجعي: العناية بالبشرة — بسيط. الوسوم المرجعية: Anti-Aging، Dark Spots، Even Skin Tone، Fine Lines & Wrinkles، Serums، Skin Care، Skin Concerns، Treatments.,https://alfouadpharmacies.com/en/products/the-ordinary-retinol-1-30ml,AlFouad Pharmacies,Verify usage rights before commercial publication,غير مثبت,غير مثبت,مرجعي فقط — غير معتمد للنشر التجاري,بيانات مرجعية متاحة؛ يلزم تحقق PM,ضمن الفحص المبدئي
10569833283887,the-ordinary-retinol-02-30ml,ذا أوردينري ريتينول 2 30 مل,The Ordinary,العناية بالبشرة,العناية بالبشرة,1,سيرم,101444,1799,539.7,1259.3,0,متاح لدى المصدر,https://cdn.shopify.com/s/files/1/0935/9550/0847/files/1_-_2026-07-06T161617.013.webp?v=1783343801,منتج ذا أوردينري ريتينول 2 30 مل من The Ordinary. التصنيف المرجعي: العناية بالبشرة — سيرم. الوسوم المرجعية: Anti-Aging، Fine Lines & Wrinkles، Serums، Skin Care، Skin Concerns، Treatments.,https://alfouadpharmacies.com/en/products/the-ordinary-retinol-02-30ml,AlFouad Pharmacies,Verify usage rights before commercial publication,غير مثبت,غير مثبت,مرجعي فقط — غير معتمد للنشر التجاري,بيانات مرجعية متاحة؛ يلزم تحقق PM,ضمن الفحص المبدئي
10569833218351,the-ordinary-plant-derived-30ml,ذا أوردينري، مستخلص نباتي، 30 مل,The Ordinary,العناية بالبشرة,العناية بالبشرة,1,بسيط,89785,460,138,322,0,غير متاح لدى المصدر,https://cdn.shopify.com/s/files/1/0935/9550/0847/files/The-Ordinary-Plant-Derived-30ML.webp?v=1754298573,منتج ذا أوردينري، مستخلص نباتي، 30 مل من The Ordinary. التصنيف المرجعي: العناية بالبشرة — بسيط. الوسوم المرجعية: Dry Skin، Dryness، Sensitive Skin / Redness، Serums، Skin Care، Skin Concerns، Treatments.,https://alfouadpharmacies.com/en/products/the-ordinary-plant-derived-30ml,AlFouad Pharmacies,Verify usage rights before commercial publication,غير مثبت,غير مثبت,مرجعي فقط — غير معتمد للنشر التجاري,بيانات مرجعية متاحة؛ يلزم تحقق PM,ضمن الفحص المبدئي
10569719185711,infinity-whitening-cleansing-foam-200ml,رغوة تنظيف إنفينيتي لتفتيح البشرة 200 مل,AlFouad Pharmacies,العناية بالبشرة,العناية بالبشرة,1,بسيط,,200,60,140,,غير متاح لدى المصدر,https://cdn.shopify.com/s/files/1/0935/9550/0847/files/Infinity-Whitening-Cleansing-Foam-200ml.webp?v=1754299236,منتج رغوة تنظيف إنفينيتي لتفتيح البشرة 200 مل من AlFouad Pharmacies. التصنيف المرجعي: العناية بالبشرة — بسيط. الوسوم المرجعية: Cleanser، Face Wash، Skin Care.,https://alfouadpharmacies.com/en/products/infinity-whitening-cleansing-foam-200ml,AlFouad Pharmacies,Verify usage rights before commercial publication,غير مثبت,غير مثبت,مرجعي فقط — غير معتمد للنشر التجاري,بيانات مرجعية متاحة؛ يلزم تحقق PM,ضمن الفحص المبدئي
12689794335023,infinity-hyalu-collagen-cleansing-foam-200ml,رغوة تنظيف إنفينيتي هاليول كولاجين 200 مل,Infinity,العناية بالبشرة,العناية بالبشرة,1,بسيط,,250,75,175,,غير متاح لدى المصدر,https://cdn.shopify.com/s/files/1/0935/9550/0847/files/Infinity_Hyalu_Collagen_Cleansing_Foam_200ml_1615x1615_a8667ee9-6cbe-4278-9691-f5cd53a2cd6e.webp?v=1771936660,منتج رغوة تنظيف إنفينيتي هاليول كولاجين 200 مل من Infinity. التصنيف المرجعي: العناية بالبشرة — بسيط. الوسوم المرجعية: Cleanser، Face Wash، Skin Care.,https://alfouadpharmacies.com/en/products/infinity-hyalu-collagen-cleansing-foam-200ml,AlFouad Pharmacies,Verify usage rights before commercial publication,غير مثبت,غير مثبت,مرجعي فقط — غير معتمد للنشر التجاري,بيانات مرجعية متاحة؛ يلزم تحقق PM,ضمن الفحص المبدئي
10589381427503,vacation-whitening-facial-cleansing-foam-200ml-1,رغوة تنظيف الوجه المبيضة Vacation 200 مل,vacation,العناية بالبشرة,العناية بالبشرة,1,,105168,345,103.5,241.5,,متاح لدى المصدر,https://cdn.shopify.com/s/files/1/0935/9550/0847/files/Vacation_Whitening_Facial_Cleansing_Foam_200ml_1615x1615_8c37d9a0-6f48-4163-9b05-a284318cd43a.webp?v=1771845342,منتج رغوة تنظيف الوجه المبيضة Vacation 200 مل من vacation. التصنيف المرجعي: العناية بالبشرة. الوسوم المرجعية: Dark Spots، Face Wash، Skin Care.,https://alfouadpharmacies.com/en/products/vacation-whitening-facial-cleansing-foam-200ml-1,AlFouad Pharmacies,Verify usage rights before commercial publication,غير مثبت,غير مثبت,مرجعي فقط — غير معتمد للنشر التجاري,بيانات مرجعية متاحة؛ يلزم تحقق PM,ضمن الفحص المبدئي
12689588781359,flourish-facial-cleansing-foam-200ml,رغوة تنظيف الوجه فلوريش 200 مل,flourish,العناية بالبشرة,العناية بالبشرة,1,بسيط,112925,250,75,175,,متاح لدى المصدر,https://cdn.shopify.com/s/files/1/0935/9550/0847/files/Flourish-lactic-acid-facial-cleansing-foam-2.webp?v=1772206038,منتج رغوة تنظيف الوجه فلوريش 200 مل من flourish. التصنيف المرجعي: العناية بالبشرة — بسيط. الوسوم المرجعية: Cleanser، Dehydrated Skin، Dryness، Face Wash، Sensitive Skin / Redness، Skin Care، Skin Concerns.,https://alfouadpharmacies.com/en/products/flourish-facial-cleansing-foam-200ml,AlFouad Pharmacies,Verify usage rights before commercial publication,غير مثبت,غير مثبت,مرجعي فقط — غير معتمد للنشر التجاري,بيانات مرجعية متاحة؛ يلزم تحقق PM,ضمن الفحص المبدئي
12689553686831,centella-poremizing-deep-cleansing-foam-210ml,رغوة تنظيف عميقة وموسعة للمسام بخلاصة السنتيلا 210 مل ,korean product,العناية بالبشرة,العناية بالبشرة | الجمال الكوري,2,غسول ,113914,1370,411,959,,غير متاح لدى المصدر,https://cdn.shopify.com/s/files/1/0935/9550/0847/files/1_-_2026-06-28T102742.992.webp?v=1782631725,منتج رغوة تنظيف عميقة وموسعة للمسام بخلاصة السنتيلا 210 مل  من korean product. التصنيف المرجعي: العناية بالبشرة — غسول . الوسوم المرجعية: Cleanser، Face Wash، korean product، Oily Skin، Pores، Skin Care.,https://alfouadpharmacies.com/en/products/centella-poremizing-deep-cleansing-foam-210ml,AlFouad Pharmacies,Verify usage rights before commercial publication,غير مثبت,غير مثبت,مرجعي فقط — غير معتمد للنشر التجاري,بيانات مرجعية متاحة؛ يلزم تحقق PM,ضمن الفحص المبدئي
10569903767855,loreal-glycolic-bright-cleanser-foam-100ml,رغوة منظفة لتفتيح البشرة غنية بحمض الغليكوليك من لوريال 100 مل,LOREAL PCD,العناية بالبشرة,العناية بالبشرة,1,بسيط,97870,230,69,161,,متاح لدى المصدر,https://cdn.shopify.com/s/files/1/0935/9550/0847/files/Loreal-Glycolic-Bright-Cleanser-Foam-100ML.webp?v=1754298085,منتج رغوة منظفة لتفتيح البشرة غنية بحمض الغليكوليك من لوريال 100 مل من LOREAL PCD. التصنيف المرجعي: العناية بالبشرة — بسيط. الوسوم المرجعية: Cleanser، Dark Spots، Face Wash، Skin Care، Skin Concerns.,https://alfouadpharmacies.com/en/products/loreal-glycolic-bright-cleanser-foam-100ml,AlFouad Pharmacies,Verify usage rights before commercial publication,غير مثبت,غير مثبت,مرجعي فقط — غير معتمد للنشر التجاري,بيانات مرجعية متاحة؛ يلزم تحقق PM,ضمن الفحص المبدئي
12833360970031,complete-oily-skin-balance-routine,روتين كامل لتوازن البشرة الدهنية,AlFouad Pharmacies,العناية بالبشرة,العناية بالبشرة,1,,116400,600,180,420,710,متاح لدى المصدر,https://cdn.shopify.com/s/files/1/0935/9550/0847/files/bundle_products_original_1615.webp?v=1789897563,منتج روتين كامل لتوازن البشرة الدهنية من AlFouad Pharmacies. التصنيف المرجعي: العناية بالبشرة. الوسوم المرجعية: Acne & Blemishes، Bundle، Oily Skin، Skin Care.,https://alfouadpharmacies.com/en/products/complete-oily-skin-balance-routine,AlFouad Pharmacies,Verify usage rights before commercial publication,غير مثبت,غير مثبت,مرجعي فقط — غير معتمد للنشر التجاري,بيانات مرجعية متاحة؛ يلزم تحقق PM,ضمن الفحص المبدئي
12833567932719,advanced-clinical-acne-control-routine,روتين متقدم للسيطرة على حب الشباب سريريًا,AlFouad Pharmacies,العناية بالبشرة,العناية بالبشرة,1,,116401,3868,1160.4,2707.6,4230,متاح لدى المصدر,https://cdn.shopify.com/s/files/1/0935/9550/0847/files/bundle2_3_1615.webp?v=1789897627,منتج روتين متقدم للسيطرة على حب الشباب سريريًا من AlFouad Pharmacies. التصنيف المرجعي: العناية بالبشرة. الوسوم المرجعية: Acne & Blemishes، Bundle، Oily Skin، Skin Care.,https://alfouadpharmacies.com/en/products/advanced-clinical-acne-control-routine,AlFouad Pharmacies,Verify usage rights before commercial publication,غير مثبت,غير مثبت,مرجعي فقط — غير معتمد للنشر التجاري,بيانات مرجعية متاحة؛ يلزم تحقق PM,ضمن الفحص المبدئي
10569723773231,infinity-fruityberry-roll-on-80ml-11-off,رول أون إنفينيتي فرويتي+بيري 80 مل (1+1) خصم,AlFouad Pharmacies,العناية بالبشرة,العناية بالبشرة | العناية بالجسم,2,بسيط,12423,220,66,154,,متاح لدى المصدر,https://cdn.shopify.com/s/files/1/0935/9550/0847/files/Infinity-Fruityberry-Roll-On-80ml-11-Off.webp?v=1754299167,منتج رول أون إنفينيتي فرويتي+بيري 80 مل (1+1) خصم من AlFouad Pharmacies. التصنيف المرجعي: العناية بالبشرة — بسيط. الوسوم المرجعية: Body Care، Body Concerns، Body Offers، Deodrant، Even Skin Tone / Pigmentation.,https://alfouadpharmacies.com/en/products/infinity-fruityberry-roll-on-80ml-11-off,AlFouad Pharmacies,Verify usage rights before commercial publication,غير مثبت,غير مثبت,مرجعي فقط — غير معتمد للنشر التجاري,بيانات مرجعية متاحة؛ يلزم تحقق PM,ضمن الفحص المبدئي
10569938665775,tetra-glow-whitening-escape-roll-on-50ml,رول أون تبييض تريتا جلو 50 مل,Tetra Glow,العناية بالبشرة,العناية بالبشرة | العناية بالجسم,2,بسيط,112544,275,82.5,192.5,,متاح لدى المصدر,https://cdn.shopify.com/s/files/1/0935/9550/0847/files/Tetra-Glow-Whitening-Escape-Roll-On-50ML.webp?v=1754297761,منتج رول أون تبييض تريتا جلو 50 مل من Tetra Glow. التصنيف المرجعي: العناية بالبشرة — بسيط. الوسوم المرجعية: Body Care، Body Concerns، Deodrant، Even Skin Tone / Pigmentation، Roll-on، Sensetive Skin.,https://alfouadpharmacies.com/en/products/tetra-glow-whitening-escape-roll-on-50ml,AlFouad Pharmacies,Verify usage rights before commercial publication,غير مثبت,غير مثبت,مرجعي فقط — غير معتمد للنشر التجاري,بيانات مرجعية متاحة؛ يلزم تحقق PM,ضمن الفحص المبدئي
10569938960687,tetra-glow-whitening-unscented-roll-on-50ml,رول أون تبييض تريتا جلو بدون رائحة 50 مل,Tetra Glow,العناية بالبشرة,العناية بالبشرة | العناية بالجسم,2,بسيط,112542,275,82.5,192.5,,متاح لدى المصدر,https://cdn.shopify.com/s/files/1/0935/9550/0847/files/Tetra-Glow-Whitening-Unscented-Roll-On-50ML.webp?v=1754297758,منتج رول أون تبييض تريتا جلو بدون رائحة 50 مل من Tetra Glow. التصنيف المرجعي: العناية بالبشرة — بسيط. الوسوم المرجعية: Body Care، Body Concerns، Deodrant، Even Skin Tone / Pigmentation، Roll-on، Sensetive Skin.,https://alfouadpharmacies.com/en/products/tetra-glow-whitening-unscented-roll-on-50ml,AlFouad Pharmacies,Verify usage rights before commercial publication,غير مثبت,غير مثبت,مرجعي فقط — غير معتمد للنشر التجاري,بيانات مرجعية متاحة؛ يلزم تحقق PM,ضمن الفحص المبدئي
10569932210479,tetra-glow-whitening-crazy-love-roll-on-50ml,رول أون تبييض تريتا جلو كيزي لوف 50 مل,Tetra Glow,العناية بالبشرة,العناية بالبشرة | العناية بالجسم,2,بسيط,112545,275,82.5,192.5,,متاح لدى المصدر,https://cdn.shopify.com/s/files/1/0935/9550/0847/files/Tetra-Glow-Whitening-Crazy-Love-Roll-On-50ML.webp?v=1754297783,منتج رول أون تبييض تريتا جلو كيزي لوف 50 مل من Tetra Glow. التصنيف المرجعي: العناية بالبشرة — بسيط. الوسوم المرجعية: Body Care، Body Concerns، Deodrant، Even Skin Tone / Pigmentation، Roll-on.,https://alfouadpharmacies.com/en/products/tetra-glow-whitening-crazy-love-roll-on-50ml,AlFouad Pharmacies,Verify usage rights before commercial publication,غير مثبت,غير مثبت,مرجعي فقط — غير معتمد للنشر التجاري,بيانات مرجعية متاحة؛ يلزم تحقق PM,ضمن الفحص المبدئي
10570009837871,vacation-whitening-roll-on-50ml-original,رول أون تفتيح البشرة في العطلات 50 مل الأصلي,vacation roll,العناية بالبشرة,العناية بالبشرة | العناية بالجسم,2,بسيط,24156,275,82.5,192.5,,متاح لدى المصدر,https://cdn.shopify.com/s/files/1/0935/9550/0847/files/2024-06-13T105955.226.webp?v=1754297075,منتج رول أون تفتيح البشرة في العطلات 50 مل الأصلي من vacation roll. التصنيف المرجعي: العناية بالبشرة — بسيط. الوسوم المرجعية: Body Care، Body Concerns، Deodrant، Even Skin Tone / Pigmentation، Roll-on، Sensetive Skin.,https://alfouadpharmacies.com/en/products/vacation-whitening-roll-on-50ml-original,AlFouad Pharmacies,Verify usage rights before commercial publication,غير مثبت,غير مثبت,مرجعي فقط — غير معتمد للنشر التجاري,بيانات مرجعية متاحة؛ يلزم تحقق PM,ضمن الفحص المبدئي
10569938796847,tetra-glow-whitening-oxygen-bubbles-roll-on-50ml,رول أون فقاعات الأكسجين المبيضة تريتا جلو 50 مل,Tetra Glow,العناية بالبشرة,العناية بالبشرة | العناية بالجسم,2,بسيط,112543,275,82.5,192.5,,متاح لدى المصدر,https://cdn.shopify.com/s/files/1/0935/9550/0847/files/Tetra-Glow-Whitening-Oxygen-Bubbles-Roll-On-50ML.webp?v=1754297760,منتج رول أون فقاعات الأكسجين المبيضة تريتا جلو 50 مل من Tetra Glow. التصنيف المرجعي: العناية بالبشرة — بسيط. الوسوم المرجعية: Body Care، Body Concerns، Deodrant، Even Skin Tone / Pigmentation، Roll-on، Sensetive Skin.,https://alfouadpharmacies.com/en/products/tetra-glow-whitening-oxygen-bubbles-roll-on-50ml,AlFouad Pharmacies,Verify usage rights before commercial publication,غير مثبت,غير مثبت,مرجعي فقط — غير معتمد للنشر التجاري,بيانات مرجعية متاحة؛ يلزم تحقق PM,ضمن الفحص المبدئي
10569725051183,infinity-vitamin-c-roll-on-80ml-11-off,رول أون فيتامين سي إنفينيتي 80 مل (1+1) عرض خاص,AlFouad Pharmacies,العناية بالبشرة,العناية بالبشرة | العناية بالجسم,2,بسيط,3099,220,66,154,,غير متاح لدى المصدر,https://cdn.shopify.com/s/files/1/0935/9550/0847/files/Infinity-Vitamin-C-Roll-On-80ml-11-Offer.webp?v=1754299151,منتج رول أون فيتامين سي إنفينيتي 80 مل (1+1) عرض خاص من AlFouad Pharmacies. التصنيف المرجعي: العناية بالبشرة — بسيط. الوسوم المرجعية: Body Care، Body Concerns، Deodrant، Even Skin Tone / Pigmentation.,https://alfouadpharmacies.com/en/products/infinity-vitamin-c-roll-on-80ml-11-off,AlFouad Pharmacies,Verify usage rights before commercial publication,غير مثبت,غير مثبت,مرجعي فقط — غير معتمد للنشر التجاري,بيانات مرجعية متاحة؛ يلزم تحقق PM,ضمن الفحص المبدئي
10589412557103,vacation-whitening-roll-on-50ml-arabian-oud-1,رول أون لتبييض البشرة في العطلات ٥٠ مل برائحة العود العربي ,vacation roll,العناية بالبشرة,العناية بالبشرة | العناية بالجسم,2,,112892,275,82.5,192.5,,متاح لدى المصدر,https://cdn.shopify.com/s/files/1/0935/9550/0847/files/VacationWhiteningRoll-On50MLArabianOud.webp?v=1754296943,منتج رول أون لتبييض البشرة في العطلات ٥٠ مل برائحة العود العربي  من vacation roll. التصنيف المرجعي: العناية بالبشرة. الوسوم المرجعية: Body Care، Deodrant، Even Skin Tone / Pigmentation، Roll-on.,https://alfouadpharmacies.com/en/products/vacation-whitening-roll-on-50ml-arabian-oud-1,AlFouad Pharmacies,Verify usage rights before commercial publication,غير مثبت,غير مثبت,مرجعي فقط — غير معتمد للنشر التجاري,بيانات مرجعية متاحة؛ يلزم تحقق PM,ضمن الفحص المبدئي
16141549732143,رول-أون-مزيل-عرق-ومرمم-سيكا-من-سورالون-50-مل,رول أون مزيل عرق ومرمم سيكا من سورالون 50 مل,Soralone,العناية بالبشرة,العناية بالبشرة,1,سيكا ,117748,195,58.5,136.5,,متاح لدى المصدر,https://cdn.shopify.com/s/files/1/0935/9550/0847/files/CicaRollon_1.webp?v=1787826522,منتج رول أون مزيل عرق ومرمم سيكا من سورالون 50 مل من Soralone. التصنيف المرجعي: العناية بالبشرة — سيكا . الوسوم المرجعية: CICA، Roll-on، Sensetive Skin، skin، Skin Care، Skin Concerns.,https://alfouadpharmacies.com/en/products/رول-أون-مزيل-عرق-ومرمم-سيكا-من-سورالون-50-مل,AlFouad Pharmacies,Verify usage rights before commercial publication,غير مثبت,غير مثبت,مرجعي فقط — غير معتمد للنشر التجاري,بيانات مرجعية متاحة؛ يلزم تحقق PM,ضمن الفحص المبدئي
10589411672367,vacation-whitening-roll-on-50ml-pearl-rose,رول تبييض البشرة برائحة اللؤلؤ والورد، ٥٠ مل ,vacation roll,العناية بالبشرة,العناية بالبشرة | العناية بالجسم,2,,112891,275,82.5,192.5,,متاح لدى المصدر,https://cdn.shopify.com/s/files/1/0935/9550/0847/files/1.jpgVacationWhiteningRoll-On50MLPearl_Rose_1__11zon.webp?v=1790502471,منتج رول تبييض البشرة برائحة اللؤلؤ والورد، ٥٠ مل  من vacation roll. التصنيف المرجعي: العناية بالبشرة. الوسوم المرجعية: Body Care، Deodrant، Even Skin Tone / Pigmentation، Roll-on.,https://alfouadpharmacies.com/en/products/vacation-whitening-roll-on-50ml-pearl-rose,AlFouad Pharmacies,Verify usage rights before commercial publication,غير مثبت,غير مثبت,مرجعي فقط — غير معتمد للنشر التجاري,بيانات مرجعية متاحة؛ يلزم تحقق PM,ضمن الفحص المبدئي
10569905733935,luna-emollient-shea-butter-160ml,زبدة الشيا المرطبة من لونا 160 مل,AlFouad Pharmacies,العناية بالبشرة,العناية بالبشرة,1,بسيط,10820,125,37.5,87.5,,غير متاح لدى المصدر,https://cdn.shopify.com/s/files/1/0935/9550/0847/files/Luna-Emollient-Shea-Butter-160ML.webp?v=1754298064,منتج زبدة الشيا المرطبة من لونا 160 مل من AlFouad Pharmacies. التصنيف المرجعي: العناية بالبشرة — بسيط. الوسوم المرجعية: Dryness، Moisturizer Cream، Moisturizers، Skin Care، Skin Concerns.,https://alfouadpharmacies.com/en/products/luna-emollient-shea-butter-160ml,AlFouad Pharmacies,Verify usage rights before commercial publication,غير مثبت,غير مثبت,مرجعي فقط — غير معتمد للنشر التجاري,بيانات مرجعية متاحة؛ يلزم تحقق PM,ضمن الفحص المبدئي
10569717383471,eva-sun-sea-tanning-oil-spf15-200ml,زيت إيفا للشمس والبحر لتسمير البشرة، عامل حماية من الشمس 15، 200 مل,AlFouad Pharmacies,العناية بالبشرة,العناية بالبشرة,1,بسيط,12374,200,60,140,,غير متاح لدى المصدر,https://cdn.shopify.com/s/files/1/0935/9550/0847/files/Eva-Sun-Sea-Tanning-Oil-SPF15-200ml.webp?v=1754299250,منتج زيت إيفا للشمس والبحر لتسمير البشرة، عامل حماية من الشمس 15، 200 مل من AlFouad Pharmacies. التصنيف المرجعي: العناية بالبشرة — بسيط. الوسوم المرجعية: Skin Care، Skin Concerns، Sun Care، Sun Tan، Sunscreen.,https://alfouadpharmacies.com/en/products/eva-sun-sea-tanning-oil-spf15-200ml,AlFouad Pharmacies,Verify usage rights before commercial publication,غير مثبت,غير مثبت,مرجعي فقط — غير معتمد للنشر التجاري,بيانات مرجعية متاحة؛ يلزم تحقق PM,ضمن الفحص المبدئي
10570013606191,raw-african-argan-oil-75ml,زيت الأرغان الأفريقي الخام 75 مل,RAW AFRICAN,العناية بالبشرة,العناية بالبشرة | العناية بالشعر,2,بسيط,112682,284,85.2,198.8,,غير متاح لدى المصدر,https://cdn.shopify.com/s/files/1/0935/9550/0847/files/Raw-African-Argan-Oil-75ML.webp?v=1754297031,منتج زيت الأرغان الأفريقي الخام 75 مل من RAW AFRICAN. التصنيف المرجعي: العناية بالبشرة — بسيط. الوسوم المرجعية: Face Oil، Hair Care، Hair Oil، Moisturizers، Skin Care.,https://alfouadpharmacies.com/en/products/raw-african-argan-oil-75ml,AlFouad Pharmacies,Verify usage rights before commercial publication,غير مثبت,غير مثبت,مرجعي فقط — غير معتمد للنشر التجاري,بيانات مرجعية متاحة؛ يلزم تحقق PM,ضمن الفحص المبدئي
12689794138415,infinity-naturals-avocado-hair-skin-body-oil-50ml,زيت الأفوكادو من إنفينيتي ناتشورالز للشعر والجلد والجسم 50 مل,Infinity,العناية بالبشرة,العناية بالبشرة,1,بسيط,,300,90,210,,غير متاح لدى المصدر,https://cdn.shopify.com/s/files/1/0935/9550/0847/files/Infinity_Avocado_Oil_1615x1615_1.webp?v=1772016486,منتج زيت الأفوكادو من إنفينيتي ناتشورالز للشعر والجلد والجسم 50 مل من Infinity. التصنيف المرجعي: العناية بالبشرة — بسيط. الوسوم المرجعية: Face Oil، Moisturizers، Skin Care.,https://alfouadpharmacies.com/en/products/infinity-naturals-avocado-hair-skin-body-oil-50ml,AlFouad Pharmacies,Verify usage rights before commercial publication,غير مثبت,غير مثبت,مرجعي فقط — غير معتمد للنشر التجاري,بيانات مرجعية متاحة؛ يلزم تحقق PM,ضمن الفحص المبدئي
10569841508655,banana-boat-deep-tanning-oil-236ml,زيت التسمير العميق من بانانا بوت 236 مل,AlFouad Pharmacies,العناية بالبشرة,العناية بالبشرة,1,بسيط,15286,890,267,623,,متاح لدى المصدر,https://cdn.shopify.com/s/files/1/0935/9550/0847/files/Banana-Boat-Deep-Tanning-Oil-236ML.webp?v=1754298509,منتج زيت التسمير العميق من بانانا بوت 236 مل من AlFouad Pharmacies. التصنيف المرجعي: العناية بالبشرة — بسيط. الوسوم المرجعية: Skin Care، Sun Tan، Sunscreen.,https://alfouadpharmacies.com/en/products/banana-boat-deep-tanning-oil-236ml,AlFouad Pharmacies,Verify usage rights before commercial publication,غير مثبت,غير مثبت,مرجعي فقط — غير معتمد للنشر التجاري,بيانات مرجعية متاحة؛ يلزم تحقق PM,ضمن الفحص المبدئي
10570010100015,leylak-ultra-moist-fluid-body-oil-150ml,زيت الجسم المرطب للغاية من ليلاك، سعة 150 مل,AlFouad Pharmacies,العناية بالبشرة,العناية بالبشرة | العناية بالجسم,2,بسيط,12854,319,95.7,223.3,,متاح لدى المصدر,https://cdn.shopify.com/s/files/1/0935/9550/0847/files/1-1.webp?v=1754297072,منتج زيت الجسم المرطب للغاية من ليلاك، سعة 150 مل من AlFouad Pharmacies. التصنيف المرجعي: العناية بالبشرة — بسيط. الوسوم المرجعية: Body Care، Body Concerns، Body Oil، Dry Skin body concerns، Sensetive Skin.,https://alfouadpharmacies.com/en/products/leylak-ultra-moist-fluid-body-oil-150ml,AlFouad Pharmacies,Verify usage rights before commercial publication,غير مثبت,غير مثبت,مرجعي فقط — غير معتمد للنشر التجاري,بيانات مرجعية متاحة؛ يلزم تحقق PM,ضمن الفحص المبدئي
10569714073903,infinity-naturals-castor-hair-skin-oil-50ml,زيت الخروع للشعر والبشرة من إنفينيتي ناتشورالز 50 مل,AlFouad Pharmacies,العناية بالبشرة,العناية بالبشرة,1,بسيط,13174,125,37.5,87.5,,غير متاح لدى المصدر,https://cdn.shopify.com/s/files/1/0935/9550/0847/files/Infinity-Naturals-Castor-Hair-Skin-Oil-50ml.webp?v=1754299313,منتج زيت الخروع للشعر والبشرة من إنفينيتي ناتشورالز 50 مل من AlFouad Pharmacies. التصنيف المرجعي: العناية بالبشرة — بسيط. الوسوم المرجعية: Face Oil، Moisturizers، Skin Care.,https://alfouadpharmacies.com/en/products/infinity-naturals-castor-hair-skin-oil-50ml,AlFouad Pharmacies,Verify usage rights before commercial publication,غير مثبت,غير مثبت,مرجعي فقط — غير معتمد للنشر التجاري,بيانات مرجعية متاحة؛ يلزم تحقق PM,ضمن الفحص المبدئي
10569930473775,disaar-vitamin-c-face-oil-75ml,زيت الوجه فيتامين سي من ديزار 75 مل,AlFouad Pharmacies,العناية بالبشرة,العناية بالبشرة,1,بسيط,112472,180,54,126,,متاح لدى المصدر,https://cdn.shopify.com/s/files/1/0935/9550/0847/files/Disaar-Vitamin-C-Face-Oil-75ML-4121.webp?v=1754297793,منتج زيت الوجه فيتامين سي من ديزار 75 مل من AlFouad Pharmacies. التصنيف المرجعي: العناية بالبشرة — بسيط. الوسوم المرجعية: Dehydrated Skin، Face Oil، Fine Lines & Wrinkles، Moisturizers، Skin Care، Skin Concerns.,https://alfouadpharmacies.com/en/products/disaar-vitamin-c-face-oil-75ml,AlFouad Pharmacies,Verify usage rights before commercial publication,غير مثبت,غير مثبت,مرجعي فقط — غير معتمد للنشر التجاري,بيانات مرجعية متاحة؛ يلزم تحقق PM,ضمن الفحص المبدئي
10569819095343,cote-bronzage-tanning-oil-spf-0-cacao-300ml,زيت تسمير البشرة كوت برونزاغ، بدون حماية من الشمس، بنكهة الكاكاو، 300 مل.,AlFouad Pharmacies,العناية بالبشرة,العناية بالبشرة | العناية بالجسم,2,بسيط,1614,375,112.5,262.5,,غير متاح لدى المصدر,https://cdn.shopify.com/s/files/1/0935/9550/0847/files/Cote-Bronzage-Tanning-Oil-Spf-0-Cacao-300ml.webp?v=1754298668,منتج زيت تسمير البشرة كوت برونزاغ، بدون حماية من الشمس، بنكهة الكاكاو، 300 مل. من AlFouad Pharmacies. التصنيف المرجعي: العناية بالبشرة — بسيط. الوسوم المرجعية: Body Care، Skin Care، Skin Concerns، Sun Care، Sun Tan، Sunscreen، Tanning Oil.,https://alfouadpharmacies.com/en/products/cote-bronzage-tanning-oil-spf-0-cacao-300ml,AlFouad Pharmacies,Verify usage rights before commercial publication,غير مثبت,غير مثبت,مرجعي فقط — غير معتمد للنشر التجاري,بيانات مرجعية متاحة؛ يلزم تحقق PM,ضمن الفحص المبدئي
10569819160879,cote-bronzage-tanning-oil-spf-0-coconut-300ml,زيت تسمير البشرة كوت برونزاغ، بدون حماية من الشمس، جوز الهند، 300 مل,AlFouad Pharmacies,العناية بالبشرة,العناية بالبشرة | العناية بالجسم,2,بسيط,1622,375,112.5,262.5,,غير متاح لدى المصدر,https://cdn.shopify.com/s/files/1/0935/9550/0847/files/Cote-Bronzage-Tanning-Oil-Spf-0-Coconut-300ml.webp?v=1754298668,منتج زيت تسمير البشرة كوت برونزاغ، بدون حماية من الشمس، جوز الهند، 300 مل من AlFouad Pharmacies. التصنيف المرجعي: العناية بالبشرة — بسيط. الوسوم المرجعية: Body Care، Skin Care، Skin Concerns، Sun Care، Sun Tan، Sunscreen، Tanning Oil.,https://alfouadpharmacies.com/en/products/cote-bronzage-tanning-oil-spf-0-coconut-300ml,AlFouad Pharmacies,Verify usage rights before commercial publication,غير مثبت,غير مثبت,مرجعي فقط — غير معتمد للنشر التجاري,بيانات مرجعية متاحة؛ يلزم تحقق PM,ضمن الفحص المبدئي
10569819291951,cote-bronzage-tanning-oil-spf-0-strawberry-jam-300,زيت تسمير البشرة كوت برونزاغ، حماية شمسية 0، بنكهة مربى الفراولة، 300 مل,AlFouad Pharmacies,العناية بالبشرة,العناية بالبشرة | العناية بالجسم,2,بسيط,1625,375,112.5,262.5,,غير متاح لدى المصدر,https://cdn.shopify.com/s/files/1/0935/9550/0847/files/Cote-Bronzage-Tanning-Oil-Spf-0-Strawberry-Jam-300.webp?v=1754298667,منتج زيت تسمير البشرة كوت برونزاغ، حماية شمسية 0، بنكهة مربى الفراولة، 300 مل من AlFouad Pharmacies. التصنيف المرجعي: العناية بالبشرة — بسيط. الوسوم المرجعية: Body Care، Skin Care، Skin Concerns، Sun Care، Sun Tan، Sunscreen، Tanning Oil.,https://alfouadpharmacies.com/en/products/cote-bronzage-tanning-oil-spf-0-strawberry-jam-300,AlFouad Pharmacies,Verify usage rights before commercial publication,غير مثبت,غير مثبت,مرجعي فقط — غير معتمد للنشر التجاري,بيانات مرجعية متاحة؛ يلزم تحقق PM,ضمن الفحص المبدئي
10569819455791,cote-bronzage-tanning-oil-spf-15-strawberry-jam-300ml,زيت تسمير البشرة كوت برونزاغ، حماية شمسية 15، بنكهة مربى الفراولة، 300 مل.,AlFouad Pharmacies,العناية بالبشرة,العناية بالبشرة | العناية بالجسم,2,بسيط,1795,375,112.5,262.5,,غير متاح لدى المصدر,https://cdn.shopify.com/s/files/1/0935/9550/0847/files/Cote-Bronzage-Tanning-Oil-Spf-15-Strawberry-Jam-300ml.webp?v=1754298666,منتج زيت تسمير البشرة كوت برونزاغ، حماية شمسية 15، بنكهة مربى الفراولة، 300 مل. من AlFouad Pharmacies. التصنيف المرجعي: العناية بالبشرة — بسيط. الوسوم المرجعية: Body Care، Skin Care، Skin Concerns، Sun Care، Sun Tan، Sunscreen، Tanning Oil.,https://alfouadpharmacies.com/en/products/cote-bronzage-tanning-oil-spf-15-strawberry-jam-300ml,AlFouad Pharmacies,Verify usage rights before commercial publication,غير مثبت,غير مثبت,مرجعي فقط — غير معتمد للنشر التجاري,بيانات مرجعية متاحة؛ يلزم تحقق PM,ضمن الفحص المبدئي
10569819619631,cote-bronzage-tanning-oil-spf-8-strawberry-jam-300ml,زيت تسمير البشرة كوت برونزاغ، عامل حماية من الشمس 8، بنكهة مربى الفراولة، 300 مل.,AlFouad Pharmacies,العناية بالبشرة,العناية بالبشرة | العناية بالجسم,2,بسيط,1635,375,112.5,262.5,,غير متاح لدى المصدر,https://cdn.shopify.com/s/files/1/0935/9550/0847/files/Cote-Bronzage-Tanning-Oil-Spf-8-Strawberry-Jam-300ml.webp?v=1754298665,منتج زيت تسمير البشرة كوت برونزاغ، عامل حماية من الشمس 8، بنكهة مربى الفراولة، 300 مل. من AlFouad Pharmacies. التصنيف المرجعي: العناية بالبشرة — بسيط. الوسوم المرجعية: Body Care، Skin Care، Skin Concerns، Sun Care، Sun Tan، Sunscreen، Tanning Oil.,https://alfouadpharmacies.com/en/products/cote-bronzage-tanning-oil-spf-8-strawberry-jam-300ml,AlFouad Pharmacies,Verify usage rights before commercial publication,غير مثبت,غير مثبت,مرجعي فقط — غير معتمد للنشر التجاري,بيانات مرجعية متاحة؛ يلزم تحقق PM,ضمن الفحص المبدئي
10569841639727,banana-boat-tanning-oil-2-spf-236ml,زيت تسمير البشرة من بانا بووت، 2 SPF، 236 مل,AlFouad Pharmacies,العناية بالبشرة,العناية بالبشرة,1,بسيط,18784,890,267,623,,متاح لدى المصدر,https://cdn.shopify.com/s/files/1/0935/9550/0847/files/Banana-Boat-Tanning-Oil-2-Spf-236ML.webp?v=1754298508,منتج زيت تسمير البشرة من بانا بووت، 2 SPF، 236 مل من AlFouad Pharmacies. التصنيف المرجعي: العناية بالبشرة — بسيط. الوسوم المرجعية: Skin Care، Sun Tan، Sunscreen.,https://alfouadpharmacies.com/en/products/banana-boat-tanning-oil-2-spf-236ml,AlFouad Pharmacies,Verify usage rights before commercial publication,غير مثبت,غير مثبت,مرجعي فقط — غير معتمد للنشر التجاري,بيانات مرجعية متاحة؛ يلزم تحقق PM,ضمن الفحص المبدئي
10569841836335,banana-boat-tanning-oil-golden-236ml,زيت تسمير البشرة من بانانا بوت، ذهبي، 236 مل,AlFouad Pharmacies,العناية بالبشرة,العناية بالبشرة,1,بسيط,86724,890,267,623,,غير متاح لدى المصدر,https://cdn.shopify.com/s/files/1/0935/9550/0847/files/Banana-Boat-Tanning-Oil-Golden-236ML.webp?v=1754298507,منتج زيت تسمير البشرة من بانانا بوت، ذهبي، 236 مل من AlFouad Pharmacies. التصنيف المرجعي: العناية بالبشرة — بسيط. الوسوم المرجعية: Skin Care، Sun Tan، Sunscreen.,https://alfouadpharmacies.com/en/products/banana-boat-tanning-oil-golden-236ml,AlFouad Pharmacies,Verify usage rights before commercial publication,غير مثبت,غير مثبت,مرجعي فقط — غير معتمد للنشر التجاري,بيانات مرجعية متاحة؛ يلزم تحقق PM,ضمن الفحص المبدئي
10569841770799,banana-boat-tanning-oil-8-spf-236ml,زيت تسمير البشرة من بينانا بوت، 8 SPF، 236 مل,AlFouad Pharmacies,العناية بالبشرة,العناية بالبشرة,1,بسيط,18881,990,297,693,,متاح لدى المصدر,https://cdn.shopify.com/s/files/1/0935/9550/0847/files/Banana-Boat-Tanning-Oil-8-Spf-236ML.webp?v=1754298507,منتج زيت تسمير البشرة من بينانا بوت، 8 SPF، 236 مل من AlFouad Pharmacies. التصنيف المرجعي: العناية بالبشرة — بسيط. الوسوم المرجعية: Skin Care، Sun Tan، Sunscreen.,https://alfouadpharmacies.com/en/products/banana-boat-tanning-oil-8-spf-236ml,AlFouad Pharmacies,Verify usage rights before commercial publication,غير مثبت,غير مثبت,مرجعي فقط — غير معتمد للنشر التجاري,بيانات مرجعية متاحة؛ يلزم تحقق PM,ضمن الفحص المبدئي
10569841705263,banana-boat-tanning-oil-4-spf-236ml,زيت تسمير البطيخ من بينانا بوت، 4 SPF، 236 مل,AlFouad Pharmacies,العناية بالبشرة,العناية بالبشرة,1,بسيط,18785,890,267,623,,متاح لدى المصدر,https://cdn.shopify.com/s/files/1/0935/9550/0847/files/Banana-Boat-Tanning-Oil-4-Spf-236ML.webp?v=1754298508,منتج زيت تسمير البطيخ من بينانا بوت، 4 SPF، 236 مل من AlFouad Pharmacies. التصنيف المرجعي: العناية بالبشرة — بسيط. الوسوم المرجعية: Skin Care، Sun Tan، Sunscreen.,https://alfouadpharmacies.com/en/products/banana-boat-tanning-oil-4-spf-236ml,AlFouad Pharmacies,Verify usage rights before commercial publication,غير مثبت,غير مثبت,مرجعي فقط — غير معتمد للنشر التجاري,بيانات مرجعية متاحة؛ يلزم تحقق PM,ضمن الفحص المبدئي
12689553752367,centella-light-cleansing-oil-200ml,زيت تنظيف خفيف بخلاصة السنتيلا 200 مل ,korean product,العناية بالبشرة,العناية بالبشرة | الجمال الكوري,2,,86973,1800,540,1260,,متاح لدى المصدر,https://cdn.shopify.com/s/files/1/0935/9550/0847/files/skin1004_centella_oil_bottle_ecommerce_standard.webp?v=1771832116,منتج زيت تنظيف خفيف بخلاصة السنتيلا 200 مل  من korean product. التصنيف المرجعي: العناية بالبشرة. الوسوم المرجعية: Face Wash، korean product، Sensitive Skin / Redness، Skin Care.,https://alfouadpharmacies.com/en/products/centella-light-cleansing-oil-200ml,AlFouad Pharmacies,Verify usage rights before commercial publication,غير مثبت,غير مثبت,مرجعي فقط — غير معتمد للنشر التجاري,بيانات مرجعية متاحة؛ يلزم تحقق PM,ضمن الفحص المبدئي
10569713844527,infinity-naturals-jojoba-hair-skin-nails-oil-125ml,زيت جوجوبا للشعر والبشرة والأظافر من إنفينيتي ناتشورالز 125 مل,AlFouad Pharmacies,العناية بالبشرة,العناية بالبشرة,1,بسيط,,275,82.5,192.5,,غير متاح لدى المصدر,https://cdn.shopify.com/s/files/1/0935/9550/0847/files/Infinity-Naturals-Jojoba-Hair-Skin-Nails-Oil-125ml.webp?v=1754299317,منتج زيت جوجوبا للشعر والبشرة والأظافر من إنفينيتي ناتشورالز 125 مل من AlFouad Pharmacies. التصنيف المرجعي: العناية بالبشرة — بسيط. الوسوم المرجعية: Face Oil، Moisturizers، Skin Care.,https://alfouadpharmacies.com/en/products/infinity-naturals-jojoba-hair-skin-nails-oil-125ml,AlFouad Pharmacies,Verify usage rights before commercial publication,غير مثبت,غير مثبت,مرجعي فقط — غير معتمد للنشر التجاري,بيانات مرجعية متاحة؛ يلزم تحقق PM,ضمن الفحص المبدئي
10569738223919,beesline-suntan-oil-gold-shimmering-200ml,زيت شمس بيزلين الذهبي اللامع 200 مل,Beesline,العناية بالبشرة,العناية بالبشرة,1,بسيط,109089,375,112.5,262.5,,غير متاح لدى المصدر,https://cdn.shopify.com/s/files/1/0935/9550/0847/files/Beesline-Suntan-Oil-Gold-Shimmering-200ML.webp?v=1754298957,منتج زيت شمس بيزلين الذهبي اللامع 200 مل من Beesline. التصنيف المرجعي: العناية بالبشرة — بسيط. الوسوم المرجعية: Skin Care، Skin Concerns، Sun Care، Sun Tan، Sunscreen.,https://alfouadpharmacies.com/en/products/beesline-suntan-oil-gold-shimmering-200ml,AlFouad Pharmacies,Verify usage rights before commercial publication,غير مثبت,غير مثبت,مرجعي فقط — غير معتمد للنشر التجاري,بيانات مرجعية متاحة؛ يلزم تحقق PM,ضمن الفحص المبدئي
10569842721071,carroten-suncare-dry-oil-spf30-spray-150ml,زيت كاروتين للشمس الجاف، عامل حماية من الشمس 30، بخاخ، 150 مل,AlFouad Pharmacies,العناية بالبشرة,العناية بالبشرة,1,بسيط,14232,485,145.5,339.5,,غير متاح لدى المصدر,https://cdn.shopify.com/s/files/1/0935/9550/0847/files/Carroten-Suncare-Dry-Oil-SPF30-Spray-150ML.webp?v=1754298502,منتج زيت كاروتين للشمس الجاف، عامل حماية من الشمس 30، بخاخ، 150 مل من AlFouad Pharmacies. التصنيف المرجعي: العناية بالبشرة — بسيط. الوسوم المرجعية: Skin Care، Sun Tan، Sunscreen.,https://alfouadpharmacies.com/en/products/carroten-suncare-dry-oil-spf30-spray-150ml,AlFouad Pharmacies,Verify usage rights before commercial publication,غير مثبت,غير مثبت,مرجعي فقط — غير معتمد للنشر التجاري,بيانات مرجعية متاحة؛ يلزم تحقق PM,ضمن الفحص المبدئي
10569819488559,cote-bronzage-tanning-oil-spf-8-cacao-300ml,زيت كوت برونزاغ للحماية من الشمس بدرجة 8، بنكهة الكاكاو، 300 مل,AlFouad Pharmacies,العناية بالبشرة,العناية بالبشرة | العناية بالجسم,2,بسيط,1620,375,112.5,262.5,,غير متاح لدى المصدر,https://cdn.shopify.com/s/files/1/0935/9550/0847/files/Cote-Bronzage-Tanning-Oil-Spf-8-Cacao-300ml.webp?v=1754298665,منتج زيت كوت برونزاغ للحماية من الشمس بدرجة 8، بنكهة الكاكاو، 300 مل من AlFouad Pharmacies. التصنيف المرجعي: العناية بالبشرة — بسيط. الوسوم المرجعية: Body Care، Skin Care، Skin Concerns، Sun Care، Sun Tan، Sunscreen، Tanning Oil.,https://alfouadpharmacies.com/en/products/cote-bronzage-tanning-oil-spf-8-cacao-300ml,AlFouad Pharmacies,Verify usage rights before commercial publication,غير مثبت,غير مثبت,مرجعي فقط — غير معتمد للنشر التجاري,بيانات مرجعية متاحة؛ يلزم تحقق PM,ضمن الفحص المبدئي
10569819357487,cote-bronzage-tanning-oil-spf-15-cacao-300ml,زيت كوت برونزاغ للحماية من الشمس بدرجة حماية 15، بنكهة الكاكاو، 300 مل.,AlFouad Pharmacies,العناية بالبشرة,العناية بالبشرة | العناية بالجسم,2,بسيط,1623,375,112.5,262.5,,غير متاح لدى المصدر,https://cdn.shopify.com/s/files/1/0935/9550/0847/files/Cote-Bronzage-Tanning-Oil-Spf-15-Cacao-300ml.webp?v=1754298666,منتج زيت كوت برونزاغ للحماية من الشمس بدرجة حماية 15، بنكهة الكاكاو، 300 مل. من AlFouad Pharmacies. التصنيف المرجعي: العناية بالبشرة — بسيط. الوسوم المرجعية: Body Care، Skin Care، Skin Concerns، Sun Care، Sun Tan، Sunscreen، Tanning Oil.,https://alfouadpharmacies.com/en/products/cote-bronzage-tanning-oil-spf-15-cacao-300ml,AlFouad Pharmacies,Verify usage rights before commercial publication,غير مثبت,غير مثبت,مرجعي فقط — غير معتمد للنشر التجاري,بيانات مرجعية متاحة؛ يلزم تحقق PM,ضمن الفحص المبدئي
10569804153135,uriage-bariesun-dry-oil-50spf-200ml,زيت يورياج باريسون الجاف 50+ SPF 200 مل,URIAGE Bariesun,العناية بالبشرة,العناية بالبشرة,1,زيت ,106715,1865,559.5,1305.5,,متاح لدى المصدر,https://cdn.shopify.com/s/files/1/0935/9550/0847/files/Group_1_76.webp?v=1782199130,منتج زيت يورياج باريسون الجاف 50+ SPF 200 مل من URIAGE Bariesun. التصنيف المرجعي: العناية بالبشرة — زيت . الوسوم المرجعية: Skin Care، Skin Concerns، SPF 50، Sun Care، Sunscreen، Sunscreen Spray.,https://alfouadpharmacies.com/en/products/uriage-bariesun-dry-oil-50spf-200ml,AlFouad Pharmacies,Verify usage rights before commercial publication,غير مثبت,غير مثبت,مرجعي فقط — غير معتمد للنشر التجاري,بيانات مرجعية متاحة؛ يلزم تحقق PM,ضمن الفحص المبدئي
12689809375535,dermatique-sun-mattifying-fluid-spf50-50ml,سائل ديرماتيك صن ماتيفاينج، عامل حماية من الشمس 50+، 50 مل,AlFouad Pharmacies,العناية بالبشرة,العناية بالبشرة,1,بسيط,5154,500,150,350,,غير متاح لدى المصدر,https://cdn.shopify.com/s/files/1/0935/9550/0847/files/Dermatique_Mattifying_Fluid_SPF50_1615x1615_0a5c4179-494a-435c-ab0c-930cac0bb170.webp?v=1772276643,منتج سائل ديرماتيك صن ماتيفاينج، عامل حماية من الشمس 50+، 50 مل من AlFouad Pharmacies. التصنيف المرجعي: العناية بالبشرة — بسيط. الوسوم المرجعية: Skin Care، Skin Concerns، SPF 50، Sun Care، Sunscreen، Sunscreen Fluid.,https://alfouadpharmacies.com/en/products/dermatique-sun-mattifying-fluid-spf50-50ml,AlFouad Pharmacies,Verify usage rights before commercial publication,غير مثبت,غير مثبت,مرجعي فقط — غير معتمد للنشر التجاري,بيانات مرجعية متاحة؛ يلزم تحقق PM,ضمن الفحص المبدئي
10589420683567,vacation-sunscreen-fluid-tint-spf50-50ml,سائل واقي من الشمس ملون بعامل حماية من الشمس 50+، 50 مل ,vacation sun,العناية بالبشرة,العناية بالبشرة,1,,112893,450,135,315,,متاح لدى المصدر,https://cdn.shopify.com/s/files/1/0935/9550/0847/files/VacationSunscreenFluidTintSPF50_50ML_11zon.webp?v=1790501514,منتج سائل واقي من الشمس ملون بعامل حماية من الشمس 50+، 50 مل  من vacation sun. التصنيف المرجعي: العناية بالبشرة. الوسوم المرجعية: Skin Care، Sun Care، Sunscreen، Sunscreen Tinted.,https://alfouadpharmacies.com/en/products/vacation-sunscreen-fluid-tint-spf50-50ml,AlFouad Pharmacies,Verify usage rights before commercial publication,غير مثبت,غير مثبت,مرجعي فقط — غير معتمد للنشر التجاري,بيانات مرجعية متاحة؛ يلزم تحقق PM,ضمن الفحص المبدئي
12689565909295,uriage-depiderm-fluid-anti-brown-spf15-30-ml,سائل يورياج ديبيديرم المضاد للسمرة بعامل حماية من الشمس 15+، 30 مل ,URIAGE,العناية بالبشرة,العناية بالبشرة,1,Whitening creams,109193,1100,330,770,,غير متاح لدى المصدر,https://cdn.shopify.com/s/files/1/0935/9550/0847/files/Uriage_Depiderm_Fluid_Anti_Brown_SPF15_30_ml.webp?v=1790667723,منتج سائل يورياج ديبيديرم المضاد للسمرة بعامل حماية من الشمس 15+، 30 مل  من URIAGE. التصنيف المرجعي: العناية بالبشرة — Whitening creams. الوسوم المرجعية: Even Skin Tone / Pigmentation، Skin Care، Sun Care.,https://alfouadpharmacies.com/en/products/uriage-depiderm-fluid-anti-brown-spf15-30-ml,AlFouad Pharmacies,Verify usage rights before commercial publication,غير مثبت,غير مثبت,مرجعي فقط — غير معتمد للنشر التجاري,بيانات مرجعية متاحة؛ يلزم تحقق PM,ضمن الفحص المبدئي
12689576984879,eucerin-dermo-purifyer-mattifying-fluid-50ml,سائل يوسيرين ديرمو-بيوريفاير ماتيفاينج 50 مل ,Eucerin,العناية بالبشرة,العناية بالبشرة,1,,95329,619,185.7,433.3,0,غير متاح لدى المصدر,https://cdn.shopify.com/s/files/1/0935/9550/0847/files/Eucerin-Dermo-Purifyer-Skin-Renewal-Cream-40ML_5d30c4ae-6bee-4b7f-ad1e-78e18da9dee9.webp?v=1780229017,منتج سائل يوسيرين ديرمو-بيوريفاير ماتيفاينج 50 مل  من Eucerin. التصنيف المرجعي: العناية بالبشرة. الوسوم المرجعية: eucerin، Oily Skin، Skin Care، Skin Concerns.,https://alfouadpharmacies.com/en/products/eucerin-dermo-purifyer-mattifying-fluid-50ml,AlFouad Pharmacies,Verify usage rights before commercial publication,غير مثبت,غير مثبت,مرجعي فقط — غير معتمد للنشر التجاري,بيانات مرجعية متاحة؛ يلزم تحقق PM,ضمن الفحص المبدئي
12689512890671,sanosan-mama-nipple-salve-cream-30ml,سانوسان ماما كريم العناية بالحلمة 30 مل,Sanosan,العناية بالبشرة,العناية بالبشرة,1,كريم العناية بالبشرة,116183,434.9,130.47,304.43,,غير متاح لدى المصدر,https://cdn.shopify.com/s/files/1/0935/9550/0847/files/Sanosan_Mama_Nipple_Salve_1615x1615_47553931-c12b-41af-978a-df8d1ac95963.webp?v=1771840335,منتج سانوسان ماما كريم العناية بالحلمة 30 مل من Sanosan. التصنيف المرجعي: العناية بالبشرة — كريم العناية بالبشرة. الوسوم المرجعية: Dry Skin، Dryness، Moisturizer Cream، Moisturizers، Women’s Health.,https://alfouadpharmacies.com/en/products/sanosan-mama-nipple-salve-cream-30ml,AlFouad Pharmacies,Verify usage rights before commercial publication,غير مثبت,غير مثبت,مرجعي فقط — غير معتمد للنشر التجاري,بيانات مرجعية متاحة؛ يلزم تحقق PM,ضمن الفحص المبدئي
10569721119023,starville-roll-on-60ml-whitening-red-berry,ستارفيل رول أون 60 مل تبييض توت أحمر,parkville,العناية بالبشرة,العناية بالبشرة | العناية بالجسم,2,بسيط,85113,150,45,105,,متاح لدى المصدر,https://cdn.shopify.com/s/files/1/0935/9550/0847/files/Starville-Roll-On-60ml-Whitening-Red-Berry.webp?v=1754299210,منتج ستارفيل رول أون 60 مل تبييض توت أحمر من parkville. التصنيف المرجعي: العناية بالبشرة — بسيط. الوسوم المرجعية: Body Care، Body Concerns، Deodrant، Even Skin Tone / Pigmentation، starville.,https://alfouadpharmacies.com/en/products/starville-roll-on-60ml-whitening-red-berry,AlFouad Pharmacies,Verify usage rights before commercial publication,غير مثبت,غير مثبت,مرجعي فقط — غير معتمد للنشر التجاري,بيانات مرجعية متاحة؛ يلزم تحقق PM,ضمن الفحص المبدئي
12689780801839,starville-roll-on-60ml-whitening,ستارفيل رول أون 60 مل لتفتيح البشرة,parkville,العناية بالبشرة,العناية بالبشرة | العناية بالجسم,2,بسيط,103611,150,45,105,,متاح لدى المصدر,https://cdn.shopify.com/s/files/1/0935/9550/0847/files/StarvilleRollOn60mlWhitening.webp?v=1771839658,منتج ستارفيل رول أون 60 مل لتفتيح البشرة من parkville. التصنيف المرجعي: العناية بالبشرة — بسيط. الوسوم المرجعية: Body Care، Body Concerns، Deodrant، Even Skin Tone / Pigmentation، starville.,https://alfouadpharmacies.com/en/products/starville-roll-on-60ml-whitening,AlFouad Pharmacies,Verify usage rights before commercial publication,غير مثبت,غير مثبت,مرجعي فقط — غير معتمد للنشر التجاري,بيانات مرجعية متاحة؛ يلزم تحقق PM,ضمن الفحص المبدئي
12689780474159,starville-roll-on-60ml-whitening-fragrance-free,ستارفيل رول أون 60 مل لتفتيح البشرة (بدون رائحة),parkville,العناية بالبشرة,العناية بالبشرة | العناية بالجسم,2,بسيط,93075,160,48,112,,متاح لدى المصدر,https://cdn.shopify.com/s/files/1/0935/9550/0847/files/StarvilleRollOn60mlWhitening_FragranceFree.webp?v=1771839683,منتج ستارفيل رول أون 60 مل لتفتيح البشرة (بدون رائحة) من parkville. التصنيف المرجعي: العناية بالبشرة — بسيط. الوسوم المرجعية: Body Care، Body Concerns، Deodrant، Even Skin Tone / Pigmentation، starville.,https://alfouadpharmacies.com/en/products/starville-roll-on-60ml-whitening-fragrance-free,AlFouad Pharmacies,Verify usage rights before commercial publication,غير مثبت,غير مثبت,مرجعي فقط — غير معتمد للنشر التجاري,بيانات مرجعية متاحة؛ يلزم تحقق PM,ضمن الفحص المبدئي
10569721217327,starville-roll-on-60ml-white-hair-reducer-off,ستارفيل رول أون 60 مل مزيل الشعر الأبيض,parkville,العناية بالبشرة,العناية بالبشرة | العناية بالجسم,2,بسيط,3405,240,72,168,,غير متاح لدى المصدر,https://cdn.shopify.com/s/files/1/0935/9550/0847/files/Starville-Roll-On-60ml-White-Hair-Reducer-off.webp?v=1754299208,منتج ستارفيل رول أون 60 مل مزيل الشعر الأبيض من parkville. التصنيف المرجعي: العناية بالبشرة — بسيط. الوسوم المرجعية: Body Care، Body Concerns، Deodrant، Even Skin Tone / Pigmentation، starville.,https://alfouadpharmacies.com/en/products/starville-roll-on-60ml-white-hair-reducer-off,AlFouad Pharmacies,Verify usage rights before commercial publication,غير مثبت,غير مثبت,مرجعي فقط — غير معتمد للنشر التجاري,بيانات مرجعية متاحة؛ يلزم تحقق PM,ضمن الفحص المبدئي
10569719906607,starville-roll-on-60ml-whitening-light-pink,ستارفيل رول أون 60 مل، أبيض فاتح، وردي,parkville,العناية بالبشرة,العناية بالبشرة | العناية بالجسم,2,بسيط,29155,150,45,105,,متاح لدى المصدر,https://cdn.shopify.com/s/files/1/0935/9550/0847/files/Starville-Roll-On-60ml-Whitening-Light-Pink.webp?v=1754299224,منتج ستارفيل رول أون 60 مل، أبيض فاتح، وردي من parkville. التصنيف المرجعي: العناية بالبشرة — بسيط. الوسوم المرجعية: Body Care، Body Concerns، Deodrant، Even Skin Tone / Pigmentation، starville.,https://alfouadpharmacies.com/en/products/starville-roll-on-60ml-whitening-light-pink,AlFouad Pharmacies,Verify usage rights before commercial publication,غير مثبت,غير مثبت,مرجعي فقط — غير معتمد للنشر التجاري,بيانات مرجعية متاحة؛ يلزم تحقق PM,ضمن الفحص المبدئي
10569721381167,starville-roll-on-60ml-whitening-sweet-vanilla,ستارفيل رول أون 60 مل، لتفتيح البشرة، بنكهة الفانيليا الحلوة,parkville,العناية بالبشرة,العناية بالبشرة | العناية بالجسم,2,بسيط,96430,150,45,105,,متاح لدى المصدر,https://cdn.shopify.com/s/files/1/0935/9550/0847/files/Starville-Roll-On-60ml-Whitening-Sweet-Vanilla.webp?v=1754299204,منتج ستارفيل رول أون 60 مل، لتفتيح البشرة، بنكهة الفانيليا الحلوة من parkville. التصنيف المرجعي: العناية بالبشرة — بسيط. الوسوم المرجعية: Body Care، Body Concerns، Deodrant، Even Skin Tone / Pigmentation، starville.,https://alfouadpharmacies.com/en/products/starville-roll-on-60ml-whitening-sweet-vanilla,AlFouad Pharmacies,Verify usage rights before commercial publication,غير مثبت,غير مثبت,مرجعي فقط — غير معتمد للنشر التجاري,بيانات مرجعية متاحة؛ يلزم تحقق PM,ضمن الفحص المبدئي
10569721020719,starville-roll-on-60ml-whitening-fresh-breeze,ستارفيل رول أون 60 مل، منعش ومنضف، رائحة منعشة.,parkville,العناية بالبشرة,العناية بالبشرة | العناية بالجسم,2,بسيط,19180,150,45,105,,متاح لدى المصدر,https://cdn.shopify.com/s/files/1/0935/9550/0847/files/Starville-Roll-On-60ml-Whitening-Fresh-Breeze.webp?v=1754299211,منتج ستارفيل رول أون 60 مل، منعش ومنضف، رائحة منعشة. من parkville. التصنيف المرجعي: العناية بالبشرة — بسيط. الوسوم المرجعية: Body Care، Body Concerns، Deodrant، Even Skin Tone / Pigmentation، starville.,https://alfouadpharmacies.com/en/products/starville-roll-on-60ml-whitening-fresh-breeze,AlFouad Pharmacies,Verify usage rights before commercial publication,غير مثبت,غير مثبت,مرجعي فقط — غير معتمد للنشر التجاري,بيانات مرجعية متاحة؛ يلزم تحقق PM,ضمن الفحص المبدئي
10569720955183,starville-roll-on-60ml-whitening-hair-reducer,ستارفيل رول أون مزيل شعر تفتيح 60 مل,parkville,العناية بالبشرة,العناية بالبشرة | العناية بالجسم,2,بسيط,102147,180,54,126,,متاح لدى المصدر,https://cdn.shopify.com/s/files/1/0935/9550/0847/files/Starville-Roll-On-60ml-Whitening-Hair-Reducer.webp?v=1754299212,منتج ستارفيل رول أون مزيل شعر تفتيح 60 مل من parkville. التصنيف المرجعي: العناية بالبشرة — بسيط. الوسوم المرجعية: Body Care، Body Concerns، Deodrant، Even Skin Tone / Pigmentation، starville.,https://alfouadpharmacies.com/en/products/starville-roll-on-60ml-whitening-hair-reducer,AlFouad Pharmacies,Verify usage rights before commercial publication,غير مثبت,غير مثبت,مرجعي فقط — غير معتمد للنشر التجاري,بيانات مرجعية متاحة؛ يلزم تحقق PM,ضمن الفحص المبدئي
10569720758575,starville-roll-on-60ml-whitening-orient-pearl,ستارفيل رول أون مزيل عرق 60 مل لتفتيح البشرة (لؤلؤة الشرق),parkville,العناية بالبشرة,العناية بالبشرة | العناية بالجسم,2,بسيط,93009,150,45,105,,متاح لدى المصدر,https://cdn.shopify.com/s/files/1/0935/9550/0847/files/Starville-Roll-On-60ml-Whitening-Orient-Pearl.webp?v=1754299214,منتج ستارفيل رول أون مزيل عرق 60 مل لتفتيح البشرة (لؤلؤة الشرق) من parkville. التصنيف المرجعي: العناية بالبشرة — بسيط. الوسوم المرجعية: Body Care، Body Concerns، Deodrant، Even Skin Tone / Pigmentation، starville.,https://alfouadpharmacies.com/en/products/starville-roll-on-60ml-whitening-orient-pearl,AlFouad Pharmacies,Verify usage rights before commercial publication,غير مثبت,غير مثبت,مرجعي فقط — غير معتمد للنشر التجاري,بيانات مرجعية متاحة؛ يلزم تحقق PM,ضمن الفحص المبدئي
12972630901039,soralone-cica-nano-spray-100ml,سورالون سيكا نانو بخاخ العناية بالبشرة 100 مل,Soralone,العناية بالبشرة,العناية بالبشرة,1,بخاخ العناية بالبشرة,115591,475,142.5,332.5,,متاح لدى المصدر,https://cdn.shopify.com/s/files/1/0935/9550/0847/files/SORALONECICANANOSPRAY100ML2.webp?v=1772539301,منتج سورالون سيكا نانو بخاخ العناية بالبشرة 100 مل من Soralone. التصنيف المرجعي: العناية بالبشرة — بخاخ العناية بالبشرة. الوسوم المرجعية: Body Spray، Sensetive Skin، Sensitive Skin / Redness، Treatments.,https://alfouadpharmacies.com/en/products/soralone-cica-nano-spray-100ml,AlFouad Pharmacies,Verify usage rights before commercial publication,غير مثبت,غير مثبت,مرجعي فقط — غير معتمد للنشر التجاري,بيانات مرجعية متاحة؛ يلزم تحقق PM,ضمن الفحص المبدئي
12689552933167,some-by-mi-snail-truecica-repair-cream-60gm,سوم باي مي سنيل تروسيكا ميراكل ريبير كريم 60 جم,korean product,العناية بالبشرة,العناية بالبشرة | الجمال الكوري,2,عنايه بالكريم,113950,1512,453.6,1058.4,,متاح لدى المصدر,https://cdn.shopify.com/s/files/1/0935/9550/0847/files/1_-_2026-06-28T104642.431.webp?v=1782632825,منتج سوم باي مي سنيل تروسيكا ميراكل ريبير كريم 60 جم من korean product. التصنيف المرجعي: العناية بالبشرة — عنايه بالكريم. الوسوم المرجعية: Even Skin Tone / Pigmentation، Fine Lines & Wrinkles، korean product، Skin Care.,https://alfouadpharmacies.com/en/products/some-by-mi-snail-truecica-repair-cream-60gm,AlFouad Pharmacies,Verify usage rights before commercial publication,غير مثبت,غير مثبت,مرجعي فقط — غير معتمد للنشر التجاري,بيانات مرجعية متاحة؛ يلزم تحقق PM,ضمن الفحص المبدئي
16030593253679,cerave-sunscreen-hydrating-fluid-spf50-50ml,سيرافي فلويد واقي شمس مرطب غير مرئي SPF 50,cerave,العناية بالبشرة,العناية بالبشرة,1,واقي شمس ,116843,790,237,553,,متاح لدى المصدر,https://cdn.shopify.com/s/files/1/0935/9550/0847/files/Group1copy_30.webp?v=1781952610,منتج سيرافي فلويد واقي شمس مرطب غير مرئي SPF 50 من cerave. التصنيف المرجعي: العناية بالبشرة — واقي شمس . الوسوم المرجعية: Skin Care، Sun Care، sunblock، Sunscreen، Sunscreen Fluid.,https://alfouadpharmacies.com/en/products/cerave-sunscreen-hydrating-fluid-spf50-50ml,AlFouad Pharmacies,Verify usage rights before commercial publication,غير مثبت,غير مثبت,مرجعي فقط — غير معتمد للنشر التجاري,بيانات مرجعية متاحة؛ يلزم تحقق PM,ضمن الفحص المبدئي
10569804972335,uriage-depiderm-wheit-serum-correcteur-30ml,سيرم يورياج ديبيديرم لتفتيح البشرة 30 مل,URIAGE,العناية بالبشرة,العناية بالبشرة,1,سيرم تفتيح ,103973,1745,523.5,1221.5,,متاح لدى المصدر,https://cdn.shopify.com/s/files/1/0935/9550/0847/files/Group_1_copy_28_cc2d3298-6016-4877-8645-dc22cc2008f4.webp?v=1782031027,منتج سيرم يورياج ديبيديرم لتفتيح البشرة 30 مل من URIAGE. التصنيف المرجعي: العناية بالبشرة — سيرم تفتيح . الوسوم المرجعية: Dark Spots، Even Skin Tone، Serums، Skin Care، Skin Concerns، Treatments.,https://alfouadpharmacies.com/en/products/uriage-depiderm-wheit-serum-correcteur-30ml,AlFouad Pharmacies,Verify usage rights before commercial publication,غير مثبت,غير مثبت,مرجعي فقط — غير معتمد للنشر التجاري,بيانات مرجعية متاحة؛ يلزم تحقق PM,ضمن الفحص المبدئي
12689442177327,vacation-argireline-serum-10-30ml,سيروم أرجيريلين للعطلات 10%، 30 مل,vacation,العناية بالبشرة,العناية بالبشرة,1,,115454,550,165,385,,متاح لدى المصدر,https://cdn.shopify.com/s/files/1/0935/9550/0847/files/Vacation_Argireline_Serum_10_30ml_1615x1615_afff9042-3e00-45fb-833c-d0501c060519.webp?v=1771847761,منتج سيروم أرجيريلين للعطلات 10%، 30 مل من vacation. التصنيف المرجعي: العناية بالبشرة. الوسوم المرجعية: Anti-Aging، Fine Lines & Wrinkles، Serums، Skin Care.,https://alfouadpharmacies.com/en/products/vacation-argireline-serum-10-30ml,AlFouad Pharmacies,Verify usage rights before commercial publication,غير مثبت,غير مثبت,مرجعي فقط — غير معتمد للنشر التجاري,بيانات مرجعية متاحة؛ يلزم تحقق PM,ضمن الفحص المبدئي
12689553850671,axis-y-dark-spot-correcting-glow-serum-50ml,سيروم أكسيس واي لتصحيح البقع الداكنة وإضفاء النضارة 50 مل ,korean product,العناية بالبشرة,العناية بالبشرة | الجمال الكوري,2,,113901,1224,367.2,856.8,,متاح لدى المصدر,https://cdn.shopify.com/s/files/1/0935/9550/0847/files/axisy_darkspot_ecommerce_standard.webp?v=1771831480,منتج سيروم أكسيس واي لتصحيح البقع الداكنة وإضفاء النضارة 50 مل  من korean product. التصنيف المرجعي: العناية بالبشرة. الوسوم المرجعية: Dark Spots، Even Skin Tone، korean product، Serums، Skin Care، Treatments.,https://alfouadpharmacies.com/en/products/axis-y-dark-spot-correcting-glow-serum-50ml,AlFouad Pharmacies,Verify usage rights before commercial publication,غير مثبت,غير مثبت,مرجعي فقط — غير معتمد للنشر التجاري,بيانات مرجعية متاحة؛ يلزم تحقق PM,ضمن الفحص المبدئي
12689554014511,سيروم-أنوا-النياسيناميد-10-والترانيكساميك-أسيد-4-لتصحيح-البقع-والتصبغات-30-مل,سيروم أنوا النياسيناميد 10% والترانيكساميك أسيد 4% لتصحيح البقع والتصبغات 30 مل,korean product,العناية بالبشرة,العناية بالبشرة | الجمال الكوري,2,سيرم,113874,1800,540,1260,,متاح لدى المصدر,https://cdn.shopify.com/s/files/1/0935/9550/0847/files/anua_niacinamide_ecommerce_standard.webp?v=1771829994,منتج سيروم أنوا النياسيناميد 10% والترانيكساميك أسيد 4% لتصحيح البقع والتصبغات 30 مل من korean product. التصنيف المرجعي: العناية بالبشرة — سيرم. الوسوم المرجعية: Dark Spots، korean product، Pores، Serums، Skin Care، Treatments.,https://alfouadpharmacies.com/en/products/سيروم-أنوا-النياسيناميد-10-والترانيكساميك-أسيد-4-لتصحيح-البقع-والتصبغات-30-مل,AlFouad Pharmacies,Verify usage rights before commercial publication,غير مثبت,غير مثبت,مرجعي فقط — غير معتمد للنشر التجاري,بيانات مرجعية متاحة؛ يلزم تحقق PM,ضمن الفحص المبدئي
12689810161967,eva-anti-ageing-niacinamide-face-serum-30ml,سيروم إيفا المضاد للشيخوخة للوجه بالنياسيناميد - 30 مل,AlFouad Pharmacies,العناية بالبشرة,العناية بالبشرة,1,بسيط,5453,230,69,161,,متاح لدى المصدر,https://cdn.shopify.com/s/files/1/0935/9550/0847/files/jzwIQnfV1x80bcQ4ck3P6Y9SjFWtynIwLTiPJrnF.webp?v=1771843170,منتج سيروم إيفا المضاد للشيخوخة للوجه بالنياسيناميد - 30 مل من AlFouad Pharmacies. التصنيف المرجعي: العناية بالبشرة — بسيط. الوسوم المرجعية: Pores، Serums، Skin Care، Skin Concerns، Treatments.,https://alfouadpharmacies.com/en/products/eva-anti-ageing-niacinamide-face-serum-30ml,AlFouad Pharmacies,Verify usage rights before commercial publication,غير مثبت,غير مثبت,مرجعي فقط — غير معتمد للنشر التجاري,بيانات مرجعية متاحة؛ يلزم تحقق PM,ضمن الفحص المبدئي
16146958418223,سيروم-إيكوال-بيري-ديب-سيرا-باكوتشيول-لامتلاء-وشد-البشرة-30-مل,سيروم إيكوال بيري ديب سيرا باكوتشيول لامتلاء وشد البشرة 30 مل,korean product,العناية بالبشرة,العناية بالبشرة | الجمال الكوري,2,سيروم,115492,1930,579,1351,,متاح لدى المصدر,https://cdn.shopify.com/s/files/1/0935/9550/0847/files/eqqual_berry_bakuchiol_plumping_serum_1615x1615_d969c085-ebeb-4ae3-861d-33111ea80136.webp?v=1788157400,منتج سيروم إيكوال بيري ديب سيرا باكوتشيول لامتلاء وشد البشرة 30 مل من korean product. التصنيف المرجعي: العناية بالبشرة — سيروم. الوسوم المرجعية: Serums، Skin Care، Whitening Serum.,https://alfouadpharmacies.com/en/products/سيروم-إيكوال-بيري-ديب-سيرا-باكوتشيول-لامتلاء-وشد-البشرة-30-مل,AlFouad Pharmacies,Verify usage rights before commercial publication,غير مثبت,غير مثبت,مرجعي فقط — غير معتمد للنشر التجاري,بيانات مرجعية متاحة؛ يلزم تحقق PM,ضمن الفحص المبدئي
16146945966383,سيروم-إيكوال-بيري-لوش-بلاش-ناد-ببتيد-لتعزيز-نضارة-البشرة-30-مل,سيروم إيكوال بيري لوش بلاش ناد+ ببتيد لتعزيز نضارة البشرة 30 مل,korean product,العناية بالبشرة,العناية بالبشرة | الجمال الكوري,2,سيرم ,115622,2000,600,1400,,متاح لدى المصدر,https://cdn.shopify.com/s/files/1/0935/9550/0847/files/eqqual_berry_nad_peptide_serum_1615x1615_75c49a29-b63c-425d-97b0-f30cef6b1197.webp?v=1788156881,منتج سيروم إيكوال بيري لوش بلاش ناد+ ببتيد لتعزيز نضارة البشرة 30 مل من korean product. التصنيف المرجعي: العناية بالبشرة — سيرم . الوسوم المرجعية: Serums، Skin Care، Whitening Serum.,https://alfouadpharmacies.com/en/products/سيروم-إيكوال-بيري-لوش-بلاش-ناد-ببتيد-لتعزيز-نضارة-البشرة-30-مل,AlFouad Pharmacies,Verify usage rights before commercial publication,غير مثبت,غير مثبت,مرجعي فقط — غير معتمد للنشر التجاري,بيانات مرجعية متاحة؛ يلزم تحقق PM,ضمن الفحص المبدئي
12689441751343,aroma-marine-collagen-serum-50ml,سيروم الكولاجين أروما مارين 50 مل,AROMA,العناية بالبشرة,العناية بالبشرة,1,,108560,1630.8,489.24,1141.56,,متاح لدى المصدر,https://cdn.shopify.com/s/files/1/0935/9550/0847/files/AROMAMARINECOLLAGENSERUM50ML.webp?v=1771930056,منتج سيروم الكولاجين أروما مارين 50 مل من AROMA. التصنيف المرجعي: العناية بالبشرة. الوسوم المرجعية: Anti-Aging، Fine Lines & Wrinkles، Serums، Skin Care.,https://alfouadpharmacies.com/en/products/aroma-marine-collagen-serum-50ml,AlFouad Pharmacies,Verify usage rights before commercial publication,غير مثبت,غير مثبت,مرجعي فقط — غير معتمد للنشر التجاري,بيانات مرجعية متاحة؛ يلزم تحقق PM,ضمن الفحص المبدئي
12689552736559,axis-y-vegan-collagen-eye-serum-10ml,سيروم الكولاجين النباتي للعين من أكسيس-واي 10 مل ,korean product,العناية بالبشرة,العناية بالبشرة | الجمال الكوري,2,,113955,1250,375,875,,متاح لدى المصدر,https://cdn.shopify.com/s/files/1/0935/9550/0847/files/axisy_vegan_collagen_eye_serum_ecommerce_standard.webp?v=1771834660,منتج سيروم الكولاجين النباتي للعين من أكسيس-واي 10 مل  من korean product. التصنيف المرجعي: العناية بالبشرة. الوسوم المرجعية: Dark Circles & Puffiness، Eye Contour، korean product، Skin Care.,https://alfouadpharmacies.com/en/products/axis-y-vegan-collagen-eye-serum-10ml,AlFouad Pharmacies,Verify usage rights before commercial publication,غير مثبت,غير مثبت,مرجعي فقط — غير معتمد للنشر التجاري,بيانات مرجعية متاحة؛ يلزم تحقق PM,ضمن الفحص المبدئي
12689551687983,beesline-anti-wrinkle-radiance-serum-30ml,سيروم بيزلاين المضاد للتجاعيد والمُعزز للإشراق 30 مل,Beesline,العناية بالبشرة,العناية بالبشرة,1,,114022,666,199.8,466.2,,متاح لدى المصدر,https://cdn.shopify.com/s/files/1/0935/9550/0847/files/beesline_anti_wrinkle_radiance_serum_variant_1615x1615_1932079b-4b10-427f-8763-a98a727bc53e.webp?v=1771883133,منتج سيروم بيزلاين المضاد للتجاعيد والمُعزز للإشراق 30 مل من Beesline. التصنيف المرجعي: العناية بالبشرة. الوسوم المرجعية: Anti-Aging، Fine Lines & Wrinkles، Serums، Skin Care.,https://alfouadpharmacies.com/en/products/beesline-anti-wrinkle-radiance-serum-30ml,AlFouad Pharmacies,Verify usage rights before commercial publication,غير مثبت,غير مثبت,مرجعي فقط — غير معتمد للنشر التجاري,بيانات مرجعية متاحة؛ يلزم تحقق PM,ضمن الفحص المبدئي
12689551720751,beesline-unifying-brightening-serum-30ml,سيروم بيزلاين الموحد والمفتح للبشرة 30 مل,Beesline,العناية بالبشرة,العناية بالبشرة,1,,114023,999,299.7,699.3,,متاح لدى المصدر,https://cdn.shopify.com/s/files/1/0935/9550/0847/files/beesline_unifying_brightening_serum_close_1615x1615_ccd8fceb-04ba-4686-9d32-d39c9e3fa76d.webp?v=1771882810,منتج سيروم بيزلاين الموحد والمفتح للبشرة 30 مل من Beesline. التصنيف المرجعي: العناية بالبشرة. الوسوم المرجعية: Dark Spots، Even Skin Tone، Even Skin Tone / Pigmentation، Serums، Skin Care.,https://alfouadpharmacies.com/en/products/beesline-unifying-brightening-serum-30ml,AlFouad Pharmacies,Verify usage rights before commercial publication,غير مثبت,غير مثبت,مرجعي فقط — غير معتمد للنشر التجاري,بيانات مرجعية متاحة؛ يلزم تحقق PM,ضمن الفحص المبدئي
12689563549999,beesline-rad-bri-underarm-serum-150ml-delay-shaving,سيروم بيزلاين راد بري للإبطين 150 مل لتأخير الحلاقة ,Beesline,العناية بالبشرة,العناية بالبشرة | العناية بالجسم,2,,111906,550,165,385,,متاح لدى المصدر,https://cdn.shopify.com/s/files/1/0935/9550/0847/files/BEESLINE_UNDERARM_SERUM_GOLD_V3_1615x1615_f3536ad6-a816-469c-a0d2-3dff8b0be7bd.webp?v=1771878066,منتج سيروم بيزلاين راد بري للإبطين 150 مل لتأخير الحلاقة  من Beesline. التصنيف المرجعي: العناية بالبشرة. الوسوم المرجعية: Body Care، Body Spray، Even Skin Tone / Pigmentation، Roll-on، Sensetive Skin.,https://alfouadpharmacies.com/en/products/beesline-rad-bri-underarm-serum-150ml-delay-shaving,AlFouad Pharmacies,Verify usage rights before commercial publication,غير مثبت,غير مثبت,مرجعي فقط — غير معتمد للنشر التجاري,بيانات مرجعية متاحة؛ يلزم تحقق PM,ضمن الفحص المبدئي
12689558110511,beesline-rad-bri-underarm-serum-150ml-powder-soft,سيروم بيزلاين راد بري لمنطقة الإبطين 150 مل بودرة ناعمة ,Beesline,العناية بالبشرة,العناية بالبشرة | العناية بالجسم,2,,111908,500,150,350,,متاح لدى المصدر,https://cdn.shopify.com/s/files/1/0935/9550/0847/files/beesline_underarm_serum_powdersoft_1615x1615_de43772f-3f7f-49a9-9007-b6d6bf1698cd.webp?v=1771880488,منتج سيروم بيزلاين راد بري لمنطقة الإبطين 150 مل بودرة ناعمة  من Beesline. التصنيف المرجعي: العناية بالبشرة. الوسوم المرجعية: Body Care، Body Spray، Deodrant، Even Skin Tone / Pigmentation، Sensetive Skin.,https://alfouadpharmacies.com/en/products/beesline-rad-bri-underarm-serum-150ml-powder-soft,AlFouad Pharmacies,Verify usage rights before commercial publication,غير مثبت,غير مثبت,مرجعي فقط — غير معتمد للنشر التجاري,بيانات مرجعية متاحة؛ يلزم تحقق PM,ضمن الفحص المبدئي
12689564238127,beesline-rad-bri-underarm-serum-150ml-cucum-green-tea,سيروم بيزلاين راد بري لمنطقة الإبطين 150 مل، بخلاصة الخيار والشاي الأخضر,Beesline,العناية بالبشرة,العناية بالبشرة | العناية بالجسم,2,,111903,500,150,350,,متاح لدى المصدر,https://cdn.shopify.com/s/files/1/0935/9550/0847/files/BEESLINE_UNDERARM_SERUM_1615x1615_c8eb4c46-d524-410c-9dd0-c27acfbe2725.webp?v=1771877102,منتج سيروم بيزلاين راد بري لمنطقة الإبطين 150 مل، بخلاصة الخيار والشاي الأخضر من Beesline. التصنيف المرجعي: العناية بالبشرة. الوسوم المرجعية: Body Care، Body Spray، Deodrant، Even Skin Tone / Pigmentation، Sensetive Skin.,https://alfouadpharmacies.com/en/products/beesline-rad-bri-underarm-serum-150ml-cucum-green-tea,AlFouad Pharmacies,Verify usage rights before commercial publication,غير مثبت,غير مثبت,مرجعي فقط — غير معتمد للنشر التجاري,بيانات مرجعية متاحة؛ يلزم تحقق PM,ضمن الفحص المبدئي
12689564205359,beesline-rad-bri-underarm-serum-150ml-silky-touch,سيروم بيزلاين راد بري لمنطقة الإبطين 150 مل، ملمس حريري,Beesline,العناية بالبشرة,العناية بالبشرة | العناية بالجسم,2,,111904,500,150,350,,متاح لدى المصدر,https://cdn.shopify.com/s/files/1/0935/9550/0847/files/BEESLINE_UNDERARM_SERUM_PURPLE_1615x1615_63a7a800-28b5-4b94-8c41-1ba6a94c0058.webp?v=1771877509,منتج سيروم بيزلاين راد بري لمنطقة الإبطين 150 مل، ملمس حريري من Beesline. التصنيف المرجعي: العناية بالبشرة. الوسوم المرجعية: Body Care، Body Spray، Deodrant، Even Skin Tone / Pigmentation، Sensetive Skin.,https://alfouadpharmacies.com/en/products/beesline-rad-bri-underarm-serum-150ml-silky-touch,AlFouad Pharmacies,Verify usage rights before commercial publication,غير مثبت,غير مثبت,مرجعي فقط — غير معتمد للنشر التجاري,بيانات مرجعية متاحة؛ يلزم تحقق PM,ضمن الفحص المبدئي
12689551753519,beesline-super-hydrating-serum-30ml,سيروم بيزلاين فائق الترطيب 30 مل,Beesline,العناية بالبشرة,العناية بالبشرة,1,,114024,999,299.7,699.3,,متاح لدى المصدر,https://cdn.shopify.com/s/files/1/0935/9550/0847/files/beesline_super_hydrating_serum_1615x1615_c6c81366-eabf-4344-a51b-f1881ec84436.webp?v=1771881063,منتج سيروم بيزلاين فائق الترطيب 30 مل من Beesline. التصنيف المرجعي: العناية بالبشرة. الوسوم المرجعية: Anti-Aging، Dehydrated Skin، Dry Skin، Fine Lines & Wrinkles، Serums، Skin Care.,https://alfouadpharmacies.com/en/products/beesline-super-hydrating-serum-30ml,AlFouad Pharmacies,Verify usage rights before commercial publication,غير مثبت,غير مثبت,مرجعي فقط — غير معتمد للنشر التجاري,بيانات مرجعية متاحة؛ يلزم تحقق PM,ضمن الفحص المبدئي
12689551556911,beesline-sebum-control-balancing-serum-30ml,سيروم بيزلاين للتحكم في إفراز الدهون وموازنة البشرة 30 مل,Beesline,العناية بالبشرة,العناية بالبشرة,1,,114019,666,199.8,466.2,,متاح لدى المصدر,https://cdn.shopify.com/s/files/1/0935/9550/0847/files/BEESLINE_SERUM_1615x1615_FINAL.webp?v=1771876574,منتج سيروم بيزلاين للتحكم في إفراز الدهون وموازنة البشرة 30 مل من Beesline. التصنيف المرجعي: العناية بالبشرة. الوسوم المرجعية: Acne & Blemishes، Oily Skin، Pores، Serums، Skin Care.,https://alfouadpharmacies.com/en/products/beesline-sebum-control-balancing-serum-30ml,AlFouad Pharmacies,Verify usage rights before commercial publication,غير مثبت,غير مثبت,مرجعي فقط — غير معتمد للنشر التجاري,بيانات مرجعية متاحة؛ يلزم تحقق PM,ضمن الفحص المبدئي
10569740910895,سيروم-بيونكس-ذا-نورديا-فيتامين-سي-15-مع-فيروليك-أسيد-وأربوتين-30-مل,سيروم بيونكس ذا نورديا فيتامين سي 15% مع فيروليك أسيد وأربوتين 30 مل,BIONNEX,العناية بالبشرة,العناية بالبشرة,1,بسيطسيروم بيونكس ذا نورديا فيتامين سي 15% مع فيروليك أسيد وأربوتين 30 مل,8659,619,185.7,433.3,,متاح لدى المصدر,https://cdn.shopify.com/s/files/1/0935/9550/0847/files/1_-_2026-07-28T104234.439.webp?v=1785224564,منتج سيروم بيونكس ذا نورديا فيتامين سي 15% مع فيروليك أسيد وأربوتين 30 مل من BIONNEX. التصنيف المرجعي: العناية بالبشرة — بسيطسيروم بيونكس ذا نورديا فيتامين سي 15% مع فيروليك أسيد وأربوتين 30 مل. الوسوم المرجعية: Dark Spots، Even Skin Tone، Serums، Skin Care، Skin Concerns، Treatments.,https://alfouadpharmacies.com/en/products/سيروم-بيونكس-ذا-نورديا-فيتامين-سي-15-مع-فيروليك-أسيد-وأربوتين-30-مل,AlFouad Pharmacies,Verify usage rights before commercial publication,غير مثبت,غير مثبت,مرجعي فقط — غير معتمد للنشر التجاري,بيانات مرجعية متاحة؛ يلزم تحقق PM,ضمن الفحص المبدئي
10569740845359,سيروم-بيونكس-ذا-نورديا-هيالورونيك-أسيد-2-طحالب-قطبية-فيتامين-b5-30-مل,سيروم بيونكس ذا نورديا هيالورونيك أسيد 2% + طحالب قطبية + فيتامين B5 - 30 مل,BIONNEX,العناية بالبشرة,العناية بالبشرة,1,سيرم,8650,619,185.7,433.3,,متاح لدى المصدر,https://cdn.shopify.com/s/files/1/0935/9550/0847/files/1_-_2026-07-29T113347.507.webp?v=1785314049,منتج سيروم بيونكس ذا نورديا هيالورونيك أسيد 2% + طحالب قطبية + فيتامين B5 - 30 مل من BIONNEX. التصنيف المرجعي: العناية بالبشرة — سيرم. الوسوم المرجعية: Dehydrated Skin، Dryness، Fine Lines & Wrinkles، Serums، Skin Care، Skin Concerns، Treatments.,https://alfouadpharmacies.com/en/products/سيروم-بيونكس-ذا-نورديا-هيالورونيك-أسيد-2-طحالب-قطبية-فيتامين-b5-30-مل,AlFouad Pharmacies,Verify usage rights before commercial publication,غير مثبت,غير مثبت,مرجعي فقط — غير معتمد للنشر التجاري,بيانات مرجعية متاحة؛ يلزم تحقق PM,ضمن الفحص المبدئي
10569740812591,سيروم-بيونكس-نورديا-كافيين-5-ومستخلص-الأنجليكا-لمحيط-العين-30-مل,سيروم بيونكس نورديا كافيين 5% ومستخلص الأنجليكا لمحيط العين 30 مل,BIONNEX,العناية بالبشرة,العناية بالبشرة,1,سيرم ,8608,569,170.7,398.3,,متاح لدى المصدر,https://cdn.shopify.com/s/files/1/0935/9550/0847/files/1_-_2026-07-21T141824.655.webp?v=1784632735,منتج سيروم بيونكس نورديا كافيين 5% ومستخلص الأنجليكا لمحيط العين 30 مل من BIONNEX. التصنيف المرجعي: العناية بالبشرة — سيرم . الوسوم المرجعية: Dark Circles & Puffiness، Eye & Lip، Eye Care، Eye Contour Serum، Skin Care، Skin Concerns.,https://alfouadpharmacies.com/en/products/سيروم-بيونكس-نورديا-كافيين-5-ومستخلص-الأنجليكا-لمحيط-العين-30-مل,AlFouad Pharmacies,Verify usage rights before commercial publication,غير مثبت,غير مثبت,مرجعي فقط — غير معتمد للنشر التجاري,بيانات مرجعية متاحة؛ يلزم تحقق PM,ضمن الفحص المبدئي
10569741009199,سيروم-بيونكس-وايت-إكسبرت-الليلي-لإصلاح-وتفتيح-البشرة-30-مل,سيروم بيونكس وايت إكسبرت الليلي لإصلاح وتفتيح البشرة 30 مل,BIONNEX,العناية بالبشرة,العناية بالبشرة,1,سيروم,8647,569,170.7,398.3,,متاح لدى المصدر,https://cdn.shopify.com/s/files/1/0935/9550/0847/files/1_-_2026-07-28T103349.652.webp?v=1785224039,منتج سيروم بيونكس وايت إكسبرت الليلي لإصلاح وتفتيح البشرة 30 مل من BIONNEX. التصنيف المرجعي: العناية بالبشرة — سيروم. الوسوم المرجعية: Dark Spots، Even Skin Tone، Serums، Skin Care، Skin Concerns، Treatments.,https://alfouadpharmacies.com/en/products/سيروم-بيونكس-وايت-إكسبرت-الليلي-لإصلاح-وتفتيح-البشرة-30-مل,AlFouad Pharmacies,Verify usage rights before commercial publication,غير مثبت,غير مثبت,مرجعي فقط — غير معتمد للنشر التجاري,بيانات مرجعية متاحة؛ يلزم تحقق PM,ضمن الفحص المبدئي
12689795318063,glamylab-retinol-b3-booster-serum-30ml,سيروم جلامي لاب ريتينول بي 3 بوستر 30 مل,Glamy Lab,العناية بالبشرة,العناية بالبشرة,1,بسيط,9593,510,153,357,,متاح لدى المصدر,https://cdn.shopify.com/s/files/1/0935/9550/0847/files/GlamyLab_Retinol_B3_Booster_Serum_1615x1615_ba8503de-1ef4-4504-b62f-362d5b2439ce.webp?v=1771841172,منتج سيروم جلامي لاب ريتينول بي 3 بوستر 30 مل من Glamy Lab. التصنيف المرجعي: العناية بالبشرة — بسيط. الوسوم المرجعية: Fine Lines & Wrinkles، glamylab، Serums، Skin Care، Skin Concerns، Treatments.,https://alfouadpharmacies.com/en/products/glamylab-retinol-b3-booster-serum-30ml,AlFouad Pharmacies,Verify usage rights before commercial publication,غير مثبت,غير مثبت,مرجعي فقط — غير معتمد للنشر التجاري,بيانات مرجعية متاحة؛ يلزم تحقق PM,ضمن الفحص المبدئي
12689513480495,dermaelle-advanc-glycolic-acid-10-serum-30-ml,سيروم ديرمايل أدفانس بحمض الجليكوليك 10%، 30 مل,Dermaelle,العناية بالبشرة,العناية بالبشرة,1,Face Serum,114291,382.5,114.75,267.75,,متاح لدى المصدر,https://cdn.shopify.com/s/files/1/0935/9550/0847/files/1_79.webp?v=1782370164,منتج سيروم ديرمايل أدفانس بحمض الجليكوليك 10%، 30 مل من Dermaelle. التصنيف المرجعي: العناية بالبشرة — Face Serum. الوسوم المرجعية: Dark Spots، Even Skin Tone / Pigmentation، Serums.,https://alfouadpharmacies.com/en/products/dermaelle-advanc-glycolic-acid-10-serum-30-ml,AlFouad Pharmacies,Verify usage rights before commercial publication,غير مثبت,غير مثبت,مرجعي فقط — غير معتمد للنشر التجاري,بيانات مرجعية متاحة؛ يلزم تحقق PM,ضمن الفحص المبدئي
12689513513263,dermaelle-advanc-retinol-intense-serum-30-ml,سيروم ديرمايل أدفانس ريتينول المكثف 30 مل,Dermaelle,العناية بالبشرة,العناية بالبشرة,1,سيرم ,114290,405,121.5,283.5,,متاح لدى المصدر,https://cdn.shopify.com/s/files/1/0935/9550/0847/files/1_90.webp?v=1782375144,منتج سيروم ديرمايل أدفانس ريتينول المكثف 30 مل من Dermaelle. التصنيف المرجعي: العناية بالبشرة — سيرم . الوسوم المرجعية: Anti-Aging، Fine Lines & Wrinkles، Serums، Skin Care.,https://alfouadpharmacies.com/en/products/dermaelle-advanc-retinol-intense-serum-30-ml,AlFouad Pharmacies,Verify usage rights before commercial publication,غير مثبت,غير مثبت,مرجعي فقط — غير معتمد للنشر التجاري,بيانات مرجعية متاحة؛ يلزم تحقق PM,ضمن الفحص المبدئي
12689723851055,dermaelle-advanc-niacinamide-10-serum-30ml,سيروم ديرمايل أدفانس نياسيناميد 10%، 30 مل ,Dermaelle,العناية بالبشرة,العناية بالبشرة,1,بسيط,111999,360,108,252,480,متاح لدى المصدر,https://cdn.shopify.com/s/files/1/0935/9550/0847/files/1_89.webp?v=1782374755,منتج سيروم ديرمايل أدفانس نياسيناميد 10%، 30 مل  من Dermaelle. التصنيف المرجعي: العناية بالبشرة — بسيط. الوسوم المرجعية: Acne & Blemishes، Dark Spots، Dehydrated Skin، Even Skin Tone، Oily Skin، Serums، Skin Care، Skin Concerns.,https://alfouadpharmacies.com/en/products/dermaelle-advanc-niacinamide-10-serum-30ml,AlFouad Pharmacies,Verify usage rights before commercial publication,غير مثبت,غير مثبت,مرجعي فقط — غير معتمد للنشر التجاري,بيانات مرجعية متاحة؛ يلزم تحقق PM,ضمن الفحص المبدئي
12689513382191,سيروم-ديرمايل-سكين-بوستر-لنضارة-البشرة-30-مل,سيروم ديرمايل سكين بوستر لنضارة البشرة 30 مل,Dermaelle,العناية بالبشرة,العناية بالبشرة,1,سيرم ,114294,414,124.2,289.8,690,متاح لدى المصدر,https://cdn.shopify.com/s/files/1/0935/9550/0847/files/1_47.webp?v=1780580040,منتج سيروم ديرمايل سكين بوستر لنضارة البشرة 30 مل من Dermaelle. التصنيف المرجعي: العناية بالبشرة — سيرم . الوسوم المرجعية: DERMAELLE OFFERS، Dry Skin، Dryness، Even Skin Tone / Pigmentation، Fine Lines & Wrinkles، Serums، Skin Care.,https://alfouadpharmacies.com/en/products/سيروم-ديرمايل-سكين-بوستر-لنضارة-البشرة-30-مل,AlFouad Pharmacies,Verify usage rights before commercial publication,غير مثبت,غير مثبت,مرجعي فقط — غير معتمد للنشر التجاري,بيانات مرجعية متاحة؛ يلزم تحقق PM,ضمن الفحص المبدئي
10569832497455,the-ordinary-multi-peptide-serum-for-lash-5ml,سيروم ذا أورديناري متعدد الببتيدات للرموش 5 مل,The Ordinary,العناية بالبشرة,العناية بالبشرة,1,سيرم,10328,1799,539.7,1259.3,0,متاح لدى المصدر,https://cdn.shopify.com/s/files/1/0935/9550/0847/files/1_-_2026-07-06T163404.456.webp?v=1783344884,منتج سيروم ذا أورديناري متعدد الببتيدات للرموش 5 مل من The Ordinary. التصنيف المرجعي: العناية بالبشرة — سيرم. الوسوم المرجعية: Eye & Lip، Eye Brow، Eye Brow Growth، Eye Care، Lashes Treatment، Skin Care، Skin Concerns.,https://alfouadpharmacies.com/en/products/the-ordinary-multi-peptide-serum-for-lash-5ml,AlFouad Pharmacies,Verify usage rights before commercial publication,غير مثبت,غير مثبت,مرجعي فقط — غير معتمد للنشر التجاري,بيانات مرجعية متاحة؛ يلزم تحقق PM,ضمن الفحص المبدئي
10569832661295,سيروم-ذا-أورديناري-نياسيناميد-10-زنك-1,سيروم ذا أورديناري نياسيناميد 10% + زنك 1%,The Ordinary,العناية بالبشرة,العناية بالبشرة,1,سيرم ,94296,1599,479.7,1119.3,0,متاح لدى المصدر,https://cdn.shopify.com/s/files/1/0935/9550/0847/files/1_-_2026-07-06T154504.619.webp?v=1783341939,منتج سيروم ذا أورديناري نياسيناميد 10% + زنك 1% من The Ordinary. التصنيف المرجعي: العناية بالبشرة — سيرم . الوسوم المرجعية: Acne & Blemishes، Dehydrated Skin، Oily Skin، Pores، Serums، Skin Care، Skin Concerns، Treatments.,https://alfouadpharmacies.com/en/products/سيروم-ذا-أورديناري-نياسيناميد-10-زنك-1,AlFouad Pharmacies,Verify usage rights before commercial publication,غير مثبت,غير مثبت,مرجعي فقط — غير معتمد للنشر التجاري,بيانات مرجعية متاحة؛ يلزم تحقق PM,ضمن الفحص المبدئي
10589422879023,vacation-retinol-face-serum-30ml-1,سيروم ريتينول للوجه للعطلات 30 مل ,vacation,العناية بالبشرة,العناية بالبشرة,1,,112894,550,165,385,0,متاح لدى المصدر,https://cdn.shopify.com/s/files/1/0935/9550/0847/files/VacationRetinolFaceSerum30ML_11zon.webp?v=1790501514,منتج سيروم ريتينول للوجه للعطلات 30 مل  من vacation. التصنيف المرجعي: العناية بالبشرة. الوسوم المرجعية: Anti-Aging، Fine Lines & Wrinkles، Serums، Skin Care، Treatments.,https://alfouadpharmacies.com/en/products/vacation-retinol-face-serum-30ml-1,AlFouad Pharmacies,Verify usage rights before commercial publication,غير مثبت,غير مثبت,مرجعي فقط — غير معتمد للنشر التجاري,بيانات مرجعية متاحة؛ يلزم تحقق PM,ضمن الفحص المبدئي
12689512431919,cerave-retinol-serum-30ml,سيروم ريتينول من سيرافي 30 مل,cerave,العناية بالبشرة,العناية بالبشرة,1,,114578,870,261,609,,متاح لدى المصدر,https://cdn.shopify.com/s/files/1/0935/9550/0847/files/331.webp?v=1780219266,منتج سيروم ريتينول من سيرافي 30 مل من cerave. التصنيف المرجعي: العناية بالبشرة. الوسوم المرجعية: 10، Dark Spots، Even Skin Tone / Pigmentation، Oily Skin، Pores، Serums، Skin Care، Treatments.,https://alfouadpharmacies.com/en/products/cerave-retinol-serum-30ml,AlFouad Pharmacies,Verify usage rights before commercial publication,غير مثبت,غير مثبت,مرجعي فقط — غير معتمد للنشر التجاري,بيانات مرجعية متاحة؛ يلزم تحقق PM,ضمن الفحص المبدئي
12689462919471,starville-collage-serum-50ml,سيروم ستارڤيل كولاج 50 مل,parkville,العناية بالبشرة,العناية بالبشرة,1,,114313,300,90,210,,متاح لدى المصدر,https://cdn.shopify.com/s/files/1/0935/9550/0847/files/STARVILLECOLLAGESERUM50ML.webp?v=1771840159,منتج سيروم ستارڤيل كولاج 50 مل من parkville. التصنيف المرجعي: العناية بالبشرة. الوسوم المرجعية: Fine Lines & Wrinkles، Parkville، Serums، Skin Care.,https://alfouadpharmacies.com/en/products/starville-collage-serum-50ml,AlFouad Pharmacies,Verify usage rights before commercial publication,غير مثبت,غير مثبت,مرجعي فقط — غير معتمد للنشر التجاري,بيانات مرجعية متاحة؛ يلزم تحقق PM,ضمن الفحص المبدئي
16098378449199,سيروم-سكيني-فاي-أزلايك-أسيد-10,سيروم سكيني فاي أزلايك أسيد 10%,SKINIFY,العناية بالبشرة,العناية بالبشرة,1,سيروم ,117217,680,204,476,,متاح لدى المصدر,https://cdn.shopify.com/s/files/1/0935/9550/0847/files/skinify_azelaic_acid_10_1615.webp?v=1784535084,منتج سيروم سكيني فاي أزلايك أسيد 10% من SKINIFY. التصنيف المرجعي: العناية بالبشرة — سيروم . الوسوم المرجعية: Serums، Skin Care.,https://alfouadpharmacies.com/en/products/سيروم-سكيني-فاي-أزلايك-أسيد-10,AlFouad Pharmacies,Verify usage rights before commercial publication,غير مثبت,غير مثبت,مرجعي فقط — غير معتمد للنشر التجاري,بيانات مرجعية متاحة؛ يلزم تحقق PM,ضمن الفحص المبدئي
16098371338543,سيروم-سكيني-فاي-المكون-من-الببتيدات-المتعددة-لشد-التجاعيد,سيروم سكيني فاي المكون من الببتيدات المتعددة لشد التجاعيد,SKINIFY,العناية بالبشرة,العناية بالبشرة,1,سيروم,117215,650,195,455,,متاح لدى المصدر,https://cdn.shopify.com/s/files/1/0935/9550/0847/files/skinify_multi_peptides_1615.webp?v=1784534429,منتج سيروم سكيني فاي المكون من الببتيدات المتعددة لشد التجاعيد من SKINIFY. التصنيف المرجعي: العناية بالبشرة — سيروم. الوسوم المرجعية: Serums، Skin Care.,https://alfouadpharmacies.com/en/products/سيروم-سكيني-فاي-المكون-من-الببتيدات-المتعددة-لشد-التجاعيد,AlFouad Pharmacies,Verify usage rights before commercial publication,غير مثبت,غير مثبت,مرجعي فقط — غير معتمد للنشر التجاري,بيانات مرجعية متاحة؛ يلزم تحقق PM,ضمن الفحص المبدئي
16098354331951,سيروم-سكيني-فاي-النياسيناميد-10-والزنك-1,سيروم سكيني فاي النياسيناميد 10% والزنك 1% ,SKINIFY,العناية بالبشرة,العناية بالبشرة,1,سيروم,117078,600,180,420,,متاح لدى المصدر,https://cdn.shopify.com/s/files/1/0935/9550/0847/files/skinify_niacinamide_zinc_1615.webp?v=1784532728,منتج سيروم سكيني فاي النياسيناميد 10% والزنك 1%  من SKINIFY. التصنيف المرجعي: العناية بالبشرة — سيروم. الوسوم المرجعية: Serums، Skin Care.,https://alfouadpharmacies.com/en/products/سيروم-سكيني-فاي-النياسيناميد-10-والزنك-1,AlFouad Pharmacies,Verify usage rights before commercial publication,غير مثبت,غير مثبت,مرجعي فقط — غير معتمد للنشر التجاري,بيانات مرجعية متاحة؛ يلزم تحقق PM,ضمن الفحص المبدئي
