معرّف المنتج في المصدر,Handle المرجعي,اسم المنتج,العلامة التجارية,التصنيف الأساسي المرجعي,التصنيفات التي يظهر بها المنتج,عدد مرات الظهور عبر التصنيفات,نوع المنتج المرجعي,كود المورد/المصدر (ليس SKU لـ PM),سعر الجمهور المرجعي (ج.م),قيمة خصم 30% المرجعية (ج.م),سعر الجملة المرجعي بعد الخصم (ج.م),سعر المقارنة في المصدر (ج.م),التوفر لدى المصدر المرجعي فقط,رابط الصورة المرجعي,الوصف المرجعي,رابط المنتج المرجعي,المصدر,حقوق استخدام الصورة,دليل مخزون PM,دليل تكلفة PM,حالة النشر التجاري,مراجعة البيانات,مراجعة النطاق
10569993322799,gtt-venus3-sensitive-3-razor,Gtt VENUS.3 Sensitive (3 شفرات حلاقة),AlFouad Pharmacies,العناية بالجسم,العناية بالجسم,1,بسيط,105788,176,52.8,123.2,,غير متاح لدى المصدر,https://cdn.shopify.com/s/files/1/0935/9550/0847/files/Gtt-VENUS.3-Sensitive-3-Razor-963.webp?v=1754297190,منتج Gtt VENUS.3 Sensitive (3 شفرات حلاقة) من AlFouad Pharmacies. التصنيف المرجعي: العناية بالجسم — بسيط. الوسوم المرجعية: Body Care، Hair Removal، Razor Handel.,https://alfouadpharmacies.com/en/products/gtt-venus3-sensitive-3-razor,AlFouad Pharmacies,Verify usage rights before commercial publication,غير مثبت,غير مثبت,مرجعي فقط — غير معتمد للنشر التجاري,بيانات مرجعية متاحة؛ يلزم تحقق PM,ضمن الفحص المبدئي
10569993617711,gtt-venus3-sensitive-smooth1razorampblade,Gtt VENUS.3 Sensitive SMOOTH (مُحزّز حلاقة + شفرة),AlFouad Pharmacies,العناية بالجسم,العناية بالجسم,1,بسيط,93066,231,69.3,161.7,,غير متاح لدى المصدر,https://cdn.shopify.com/s/files/1/0935/9550/0847/files/Gtt-VENUS.3-Sensitive-SMOOTH1RAZORBLADE908.webp?v=1754297185,منتج Gtt VENUS.3 Sensitive SMOOTH (مُحزّز حلاقة + شفرة) من AlFouad Pharmacies. التصنيف المرجعي: العناية بالجسم — بسيط. الوسوم المرجعية: Body Care، Hair Removal، Razor Handel.,https://alfouadpharmacies.com/en/products/gtt-venus3-sensitive-smooth1razorampblade,AlFouad Pharmacies,Verify usage rights before commercial publication,غير مثبت,غير مثبت,مرجعي فقط — غير معتمد للنشر التجاري,بيانات مرجعية متاحة؛ يلزم تحقق PM,ضمن الفحص المبدئي
16160780714287,mood-cherry-burst-body-lotion200ml,Mood Cherry Burst Body Lotion200ml,MOOD,العناية بالجسم,العناية بالجسم,1,Body Lotion,114213,145,43.5,101.5,,متاح لدى المصدر,https://cdn.shopify.com/s/files/1/0935/9550/0847/files/1-2026-09-08T145505.958.webp?v=1788869575,منتج Mood Cherry Burst Body Lotion200ml من MOOD. التصنيف المرجعي: العناية بالجسم — Body Lotion. الحجم المذكور: 200 ml. الوسوم المرجعية: Body Care، Body Lotion.,https://alfouadpharmacies.com/en/products/mood-cherry-burst-body-lotion200ml,AlFouad Pharmacies,Verify usage rights before commercial publication,غير مثبت,غير مثبت,مرجعي فقط — غير معتمد للنشر التجاري,بيانات مرجعية متاحة؛ يلزم تحقق PM,ضمن الفحص المبدئي
16160791396655,mood-creamy-coconut-body-lotion-200-ml,Mood Creamy Coconut Body Lotion 200 ml,MOOD,العناية بالجسم,العناية بالجسم,1,Body Lotion,114262,145,43.5,101.5,,متاح لدى المصدر,https://cdn.shopify.com/s/files/1/0935/9550/0847/files/creamy_coconut_body_lotion_1615.webp?v=1788871224,منتج Mood Creamy Coconut Body Lotion 200 ml من MOOD. التصنيف المرجعي: العناية بالجسم — Body Lotion. الحجم المذكور: 200 ml. الوسوم المرجعية: Body Care، Body Lotion.,https://alfouadpharmacies.com/en/products/mood-creamy-coconut-body-lotion-200-ml,AlFouad Pharmacies,Verify usage rights before commercial publication,غير مثبت,غير مثبت,مرجعي فقط — غير معتمد للنشر التجاري,بيانات مرجعية متاحة؛ يلزم تحقق PM,ضمن الفحص المبدئي
16160790380847,mood-flower-bliss-body-lotion-200-ml,Mood Flower Bliss Body Lotion 200 ml,MOOD,العناية بالجسم,العناية بالجسم,1,Body Lotion,114264,145,43.5,101.5,,متاح لدى المصدر,https://cdn.shopify.com/s/files/1/0935/9550/0847/files/flower_bliss_body_lotion_1615.webp?v=1788870914,منتج Mood Flower Bliss Body Lotion 200 ml من MOOD. التصنيف المرجعي: العناية بالجسم — Body Lotion. الحجم المذكور: 200 ml. الوسوم المرجعية: Body Care، Body Lotion.,https://alfouadpharmacies.com/en/products/mood-flower-bliss-body-lotion-200-ml,AlFouad Pharmacies,Verify usage rights before commercial publication,غير مثبت,غير مثبت,مرجعي فقط — غير معتمد للنشر التجاري,بيانات مرجعية متاحة؛ يلزم تحقق PM,ضمن الفحص المبدئي
16160788185391,mood-sugar-rush-body-lotion-200-ml,Mood Sugar Rush Body Lotion 200 ml,MOOD,العناية بالجسم,العناية بالجسم,1,Body Lotion,114261,145,43.5,101.5,,متاح لدى المصدر,https://cdn.shopify.com/s/files/1/0935/9550/0847/files/sugar_rush_body_lotion_1615.webp?v=1788870655,منتج Mood Sugar Rush Body Lotion 200 ml من MOOD. التصنيف المرجعي: العناية بالجسم — Body Lotion. الحجم المذكور: 200 ml. الوسوم المرجعية: Body Care.,https://alfouadpharmacies.com/en/products/mood-sugar-rush-body-lotion-200-ml,AlFouad Pharmacies,Verify usage rights before commercial publication,غير مثبت,غير مثبت,مرجعي فقط — غير معتمد للنشر التجاري,بيانات مرجعية متاحة؛ يلزم تحقق PM,ضمن الفحص المبدئي
16160785793327,mood-warm-vnilla-body-lotion-200-ml,Mood Warm Vnilla Body Lotion 200 ml,MOOD,العناية بالجسم,العناية بالجسم,1,Body Lotion,114263,145,43.5,101.5,,متاح لدى المصدر,https://cdn.shopify.com/s/files/1/0935/9550/0847/files/warm_vanilla_body_lotion_1615.webp?v=1788870293,منتج Mood Warm Vnilla Body Lotion 200 ml من MOOD. التصنيف المرجعي: العناية بالجسم — Body Lotion. الحجم المذكور: 200 ml. الوسوم المرجعية: Body Care، Body Lotion.,https://alfouadpharmacies.com/en/products/mood-warm-vnilla-body-lotion-200-ml,AlFouad Pharmacies,Verify usage rights before commercial publication,غير مثبت,غير مثبت,مرجعي فقط — غير معتمد للنشر التجاري,بيانات مرجعية متاحة؛ يلزم تحقق PM,ضمن الفحص المبدئي
16160783270191,mood-wild-rose-body-lotion-200-ml,Mood Wild Rose Body Lotion 200 ml,MOOD,العناية بالجسم,العناية بالجسم,1,Body Lotion,114260,145,43.5,101.5,,متاح لدى المصدر,https://cdn.shopify.com/s/files/1/0935/9550/0847/files/wild_rose_body_lotion_1615.webp?v=1788870129,منتج Mood Wild Rose Body Lotion 200 ml من MOOD. التصنيف المرجعي: العناية بالجسم — Body Lotion. الحجم المذكور: 200 ml. الوسوم المرجعية: Body Care، Body Lotion.,https://alfouadpharmacies.com/en/products/mood-wild-rose-body-lotion-200-ml,AlFouad Pharmacies,Verify usage rights before commercial publication,غير مثبت,غير مثبت,مرجعي فقط — غير معتمد للنشر التجاري,بيانات مرجعية متاحة؛ يلزم تحقق PM,ضمن الفحص المبدئي
12689780736303,shaan-nail-care-4ml,Shaan Nail Care 4 مل,shaan,العناية بالجسم,العناية بالجسم,1,بسيط,21585,160,48,112,,متاح لدى المصدر,https://cdn.shopify.com/s/files/1/0935/9550/0847/files/ShaanNailCare4ml.webp?v=1771841293,منتج Shaan Nail Care 4 مل من shaan. التصنيف المرجعي: العناية بالجسم — بسيط. الوسوم المرجعية: Body Care، Hands & Feet، Nails، shaan.,https://alfouadpharmacies.com/en/products/shaan-nail-care-4ml,AlFouad Pharmacies,Verify usage rights before commercial publication,غير مثبت,غير مثبت,مرجعي فقط — غير معتمد للنشر التجاري,بيانات مرجعية متاحة؛ يلزم تحقق PM,ضمن الفحص المبدئي
16054521757999,skinify-beautify-multi-oils-dry-oil-100-ml,SKINIFY BEAUTIFY MULTI-OILS DRY OIL 100 ML,SKINIFY,العناية بالجسم,العناية بالجسم,1,Body Oil,117074,650,195,455,,متاح لدى المصدر,https://cdn.shopify.com/s/files/1/0935/9550/0847/files/skinify_multi_oils_dry_oil_1615.webp?v=1783865297,منتج SKINIFY BEAUTIFY MULTI-OILS DRY OIL 100 ML من SKINIFY. التصنيف المرجعي: العناية بالجسم — Body Oil. الحجم المذكور: 100 ML. الوسوم المرجعية: Body Care، Body Oil.,https://alfouadpharmacies.com/en/products/skinify-beautify-multi-oils-dry-oil-100-ml,AlFouad Pharmacies,Verify usage rights before commercial publication,غير مثبت,غير مثبت,مرجعي فقط — غير معتمد للنشر التجاري,بيانات مرجعية متاحة؛ يلزم تحقق PM,ضمن الفحص المبدئي
16054515204399,skinify-beautify-rosehip-seed-face-body-oil-100-ml,SKINIFY BEAUTIFY ROSEHIP SEED FACE & BODY OIL 100 ML,SKINIFY,العناية بالجسم,العناية بالجسم,1,Body Oil,117075,650,195,455,,متاح لدى المصدر,https://cdn.shopify.com/s/files/1/0935/9550/0847/files/skinify_rosehip_seed_oil_1615.webp?v=1783865297,منتج SKINIFY BEAUTIFY ROSEHIP SEED FACE & BODY OIL 100 ML من SKINIFY. التصنيف المرجعي: العناية بالجسم — Body Oil. الحجم المذكور: 100 ML. الوسوم المرجعية: Body Care، Body Oil.,https://alfouadpharmacies.com/en/products/skinify-beautify-rosehip-seed-face-body-oil-100-ml,AlFouad Pharmacies,Verify usage rights before commercial publication,غير مثبت,غير مثبت,مرجعي فقط — غير معتمد للنشر التجاري,بيانات مرجعية متاحة؛ يلزم تحقق PM,ضمن الفحص المبدئي
10570012164399,sonata-88254-2,Sonata (88254) - طقم العناية بالقدم (موس + 2 مبرد),AlFouad Pharmacies,العناية بالجسم,العناية بالجسم,1,بسيط,89055,126,37.8,88.2,,غير متاح لدى المصدر,https://cdn.shopify.com/s/files/1/0935/9550/0847/files/Sonata-88254-_D8_B7_D9_82_D9_85-_D8_B9_D9_86_D8_A7_D9_8A_D9_87-_D8_A8_D8_A7_D9_84_D9_82_D8_AF_D9_85_D9_85_D9_88_D8_B32_D9_85_D8_A8_D8_B1_D8_AF.webp?v=1754297047,منتج Sonata (88254) - طقم العناية بالقدم (موس + 2 مبرد) من AlFouad Pharmacies. التصنيف المرجعي: العناية بالجسم — بسيط. الوسوم المرجعية: Accessories، Beauty & Accessories، Body Care، Files، Foot، Hands & Feet.,https://alfouadpharmacies.com/en/products/sonata-88254-2,AlFouad Pharmacies,Verify usage rights before commercial publication,غير مثبت,غير مثبت,مرجعي فقط — غير معتمد للنشر التجاري,بيانات مرجعية متاحة؛ يلزم تحقق PM,ضمن الفحص المبدئي
10570012197167,sonata-88255,Sonata (88255) - فرشاة/حجر/مبرد للقدم,AlFouad Pharmacies,العناية بالجسم,العناية بالجسم,1,بسيط,15606,132,39.6,92.4,,غير متاح لدى المصدر,https://cdn.shopify.com/s/files/1/0935/9550/0847/files/61rQQwxWjlL._AC_UF8941000_QL80.webp?v=1754297047,منتج Sonata (88255) - فرشاة/حجر/مبرد للقدم من AlFouad Pharmacies. التصنيف المرجعي: العناية بالجسم — بسيط. الوسوم المرجعية: Accessories، Beauty & Accessories، Body Care، Files، Foot، Hands & Feet.,https://alfouadpharmacies.com/en/products/sonata-88255,AlFouad Pharmacies,Verify usage rights before commercial publication,غير مثبت,غير مثبت,مرجعي فقط — غير معتمد للنشر التجاري,بيانات مرجعية متاحة؛ يلزم تحقق PM,ضمن الفحص المبدئي
10570012033327,sonata-88305,Sonata (88305) شوكة إزالة الجلد,AlFouad Pharmacies,العناية بالجسم,العناية بالجسم,1,بسيط,107338,35,10.5,24.5,,غير متاح لدى المصدر,https://cdn.shopify.com/s/files/1/0935/9550/0847/files/Sonata-88305-_D8_B4_D9_88_D9_83_D8_A9-_D9_86_D8_B2_D8_B9-_D8_AC_D9_84_D8_AF.webp?v=1754297049,منتج Sonata (88305) شوكة إزالة الجلد من AlFouad Pharmacies. التصنيف المرجعي: العناية بالجسم — بسيط. الوسوم المرجعية: Accessories، Beauty & Accessories، Body Care، Files، Hands & Feet، Nails.,https://alfouadpharmacies.com/en/products/sonata-88305,AlFouad Pharmacies,Verify usage rights before commercial publication,غير مثبت,غير مثبت,مرجعي فقط — غير معتمد للنشر التجاري,بيانات مرجعية متاحة؛ يلزم تحقق PM,ضمن الفحص المبدئي
16188458336559,vacation-watermelon-body-scrub-150ml,VACATION WATERMELON BODY SCRUB 150ML,vacation,العناية بالجسم,العناية بالجسم,1,Body Care cream,117944,275,82.5,192.5,,متاح لدى المصدر,https://cdn.shopify.com/s/files/1/0935/9550/0847/files/sugar.webp?v=1790516377,منتج VACATION WATERMELON BODY SCRUB 150ML من vacation. التصنيف المرجعي: العناية بالجسم — Body Care cream. الحجم المذكور: 150 ML. الوسوم المرجعية: Body Care.,https://alfouadpharmacies.com/en/products/vacation-watermelon-body-scrub-150ml,AlFouad Pharmacies,Verify usage rights before commercial publication,غير مثبت,غير مثبت,مرجعي فقط — غير معتمد للنشر التجاري,بيانات مرجعية متاحة؛ يلزم تحقق PM,ضمن الفحص المبدئي
10569810706735,avuva-showersplash-253ml-floral,أفوفا (للاستحمام والرش) 253 مل، زهور,AlFouad Pharmacies,العناية بالجسم,العناية بالجسم,1,بسيط,,200,60,140,,غير متاح لدى المصدر,https://cdn.shopify.com/s/files/1/0935/9550/0847/files/Avuva-Showersplash-253ML-Floral.webp?v=1754298720,منتج أفوفا (للاستحمام والرش) 253 مل، زهور من AlFouad Pharmacies. التصنيف المرجعي: العناية بالجسم — بسيط. الوسوم المرجعية: Body Care، Body Kit.,https://alfouadpharmacies.com/en/products/avuva-showersplash-253ml-floral,AlFouad Pharmacies,Verify usage rights before commercial publication,غير مثبت,غير مثبت,مرجعي فقط — غير معتمد للنشر التجاري,بيانات مرجعية متاحة؛ يلزم تحقق PM,ضمن الفحص المبدئي
10569830891823,avuva-mini-body-splash-55-ml-vanilla-coconut,أفوفا ميني بودي سبلاش ٥٥ مل فانيليا جوز الهند,AlFouad Pharmacies,العناية بالجسم,العناية بالجسم,1,بسيط,10707,45,13.5,31.5,,متاح لدى المصدر,https://cdn.shopify.com/s/files/1/0935/9550/0847/files/Avuva-Mini-Body-Splash-55-ml-Vanilla-Coconut.webp?v=1754298588,منتج أفوفا ميني بودي سبلاش ٥٥ مل فانيليا جوز الهند من AlFouad Pharmacies. التصنيف المرجعي: العناية بالجسم — بسيط. الوسوم المرجعية: Body Care، Body Mist، Body Spray، Deodrant.,https://alfouadpharmacies.com/en/products/avuva-mini-body-splash-55-ml-vanilla-coconut,AlFouad Pharmacies,Verify usage rights before commercial publication,غير مثبت,غير مثبت,مرجعي فقط — غير معتمد للنشر التجاري,بيانات مرجعية متاحة؛ يلزم تحقق PM,ضمن الفحص المبدئي
10589381099823,alejon-champion-roll-on-50ml,أليجون شامبيون رول أون 50 مل,ALEJON,العناية بالجسم,العناية بالجسم,1,,18891,220,66,154,,متاح لدى المصدر,https://cdn.shopify.com/s/files/1/0935/9550/0847/files/Alejon-Deodorant-Roll-On-Champion-For-Men_11zon.webp?v=1790502721,منتج أليجون شامبيون رول أون 50 مل من ALEJON. التصنيف المرجعي: العناية بالجسم. الوسوم المرجعية: Body Care، Roll-on.,https://alfouadpharmacies.com/en/products/alejon-champion-roll-on-50ml,AlFouad Pharmacies,Verify usage rights before commercial publication,غير مثبت,غير مثبت,مرجعي فقط — غير معتمد للنشر التجاري,بيانات مرجعية متاحة؛ يلزم تحقق PM,ضمن الفحص المبدئي
10589392404783,alejon-midnight-roll-on-50ml,أليخون ميدنايت رول أون 50 مل,ALEJON,العناية بالجسم,العناية بالجسم,1,,20811,200,60,140,,متاح لدى المصدر,https://cdn.shopify.com/s/files/1/0935/9550/0847/files/Alejon-Deodorant-Roll-On-Midnight_11zon.webp?v=1790502615,منتج أليخون ميدنايت رول أون 50 مل من ALEJON. التصنيف المرجعي: العناية بالجسم. الوسوم المرجعية: Body Care، Roll-on.,https://alfouadpharmacies.com/en/products/alejon-midnight-roll-on-50ml,AlFouad Pharmacies,Verify usage rights before commercial publication,غير مثبت,غير مثبت,مرجعي فقط — غير معتمد للنشر التجاري,بيانات مرجعية متاحة؛ يلزم تحقق PM,ضمن الفحص المبدئي
10589422616879,alejon-fragrance-free-roll-on-50ml,أليخون، رول أون 50 مل، خالٍ من العطور,ALEJON,العناية بالجسم,العناية بالجسم,1,,112157,185,55.5,129.5,,متاح لدى المصدر,https://cdn.shopify.com/s/files/1/0935/9550/0847/files/41lFmOyOyDL._AC_UF894_1000_QL80_11zon.webp?v=1790501514,منتج أليخون، رول أون 50 مل، خالٍ من العطور من ALEJON. التصنيف المرجعي: العناية بالجسم. الوسوم المرجعية: Body Care، Body Concerns، Roll-on.,https://alfouadpharmacies.com/en/products/alejon-fragrance-free-roll-on-50ml,AlFouad Pharmacies,Verify usage rights before commercial publication,غير مثبت,غير مثبت,مرجعي فقط — غير معتمد للنشر التجاري,بيانات مرجعية متاحة؛ يلزم تحقق PM,ضمن الفحص المبدئي
10569867591983,fogg-spray-120ml-teaser,إعلان تشويقي لرذاذ فوغ 120 مل,fogg,العناية بالجسم,العناية بالجسم,1,بسيط,25716,160,48,112,0,متاح لدى المصدر,https://cdn.shopify.com/s/files/1/0935/9550/0847/files/Fogg-Spray-120ML-Teaser.webp?v=1754298273,منتج إعلان تشويقي لرذاذ فوغ 120 مل من fogg. التصنيف المرجعي: العناية بالجسم — بسيط. الوسوم المرجعية: Body Care، Body Spray، Deodrant.,https://alfouadpharmacies.com/en/products/fogg-spray-120ml-teaser,AlFouad Pharmacies,Verify usage rights before commercial publication,غير مثبت,غير مثبت,مرجعي فقط — غير معتمد للنشر التجاري,بيانات مرجعية متاحة؛ يلزم تحقق PM,ضمن الفحص المبدئي
10569743532335,isis-secalia-a-h-a-body-emoliient-200-ml,إيزيس فارما سيكاليا AHA لوشن مقشر ومرطب للبشرة شديدة الجفاف,isis,العناية بالجسم,العناية بالجسم,1,تقشير و ترطيب ,93989,1219,365.7,853.3,,متاح لدى المصدر,https://cdn.shopify.com/s/files/1/0935/9550/0847/files/Isis.-Secalia-a-H-a-Body-Emoliient-200-ml.webp?v=1754298883,منتج إيزيس فارما سيكاليا AHA لوشن مقشر ومرطب للبشرة شديدة الجفاف من isis. التصنيف المرجعي: العناية بالجسم — تقشير و ترطيب . الوسوم المرجعية: Body Care، Body Concerns، Body Lotion، Dry Skin body concerns.,https://alfouadpharmacies.com/en/products/isis-secalia-a-h-a-body-emoliient-200-ml,AlFouad Pharmacies,Verify usage rights before commercial publication,غير مثبت,غير مثبت,مرجعي فقط — غير معتمد للنشر التجاري,بيانات مرجعية متاحة؛ يلزم تحقق PM,ضمن الفحص المبدئي
10569744023855,isis-urelia-10-emollient-body-cream-150ml,إيزيس فارما يوريليا 10 كريم مرطب ومقشر للبشرة شديدة الجفاف والخشنة,isis,العناية بالجسم,العناية بالجسم,1,يوريا ,101137,1255,376.5,878.5,,متاح لدى المصدر,https://cdn.shopify.com/s/files/1/0935/9550/0847/files/1_-_2026-06-30T163553.005.webp?v=1782826581,منتج إيزيس فارما يوريليا 10 كريم مرطب ومقشر للبشرة شديدة الجفاف والخشنة من isis. التصنيف المرجعي: العناية بالجسم — يوريا . الوسوم المرجعية: Body Care، Body Concerns، Body Lotion، Dry Skin body concerns.,https://alfouadpharmacies.com/en/products/isis-urelia-10-emollient-body-cream-150ml,AlFouad Pharmacies,Verify usage rights before commercial publication,غير مثبت,غير مثبت,مرجعي فقط — غير معتمد للنشر التجاري,بيانات مرجعية متاحة؛ يلزم تحقق PM,ضمن الفحص المبدئي
10569720070447,eva-acetone-200ml-peach,إيفا أستون 200 مل برتقال,AlFouad Pharmacies,العناية بالجسم,العناية بالجسم,1,بسيط,1573,80,24,56,,غير متاح لدى المصدر,https://cdn.shopify.com/s/files/1/0935/9550/0847/files/Eva-Acetone-200ml-Peach.webp?v=1754299222,منتج إيفا أستون 200 مل برتقال من AlFouad Pharmacies. التصنيف المرجعي: العناية بالجسم — بسيط. الوسوم المرجعية: Body Care، Hands & Feet، Nails.,https://alfouadpharmacies.com/en/products/eva-acetone-200ml-peach,AlFouad Pharmacies,Verify usage rights before commercial publication,غير مثبت,غير مثبت,مرجعي فقط — غير معتمد للنشر التجاري,بيانات مرجعية متاحة؛ يلزم تحقق PM,ضمن الفحص المبدئي
12689769267503,eva-acetone-100ml-blue,إيفا أسيتون 100 مل أزرق,AlFouad Pharmacies,العناية بالجسم,العناية بالجسم,1,بسيط,32775,50,15,35,,متاح لدى المصدر,https://cdn.shopify.com/s/files/1/0935/9550/0847/files/51CXO6CXmJL._AC_UL600_SR600_600.webp?v=1771844620,منتج إيفا أسيتون 100 مل أزرق من AlFouad Pharmacies. التصنيف المرجعي: العناية بالجسم — بسيط. الوسوم المرجعية: Body Care، Hands & Feet، Nails.,https://alfouadpharmacies.com/en/products/eva-acetone-100ml-blue,AlFouad Pharmacies,Verify usage rights before commercial publication,غير مثبت,غير مثبت,مرجعي فقط — غير معتمد للنشر التجاري,بيانات مرجعية متاحة؛ يلزم تحقق PM,ضمن الفحص المبدئي
12689769365807,eva-acetone-100ml-peach,إيفا أسيتون 100 مل برائحة الخوخ,AlFouad Pharmacies,العناية بالجسم,العناية بالجسم,1,بسيط,12447,45,13.5,31.5,,متاح لدى المصدر,https://cdn.shopify.com/s/files/1/0935/9550/0847/files/51CGJBUWtwL.webp?v=1771844602,منتج إيفا أسيتون 100 مل برائحة الخوخ من AlFouad Pharmacies. التصنيف المرجعي: العناية بالجسم — بسيط. الوسوم المرجعية: Body Care، Hands & Feet، Nails.,https://alfouadpharmacies.com/en/products/eva-acetone-100ml-peach,AlFouad Pharmacies,Verify usage rights before commercial publication,غير مثبت,غير مثبت,مرجعي فقط — غير معتمد للنشر التجاري,بيانات مرجعية متاحة؛ يلزم تحقق PM,ضمن الفحص المبدئي
10569719742767,eva-acetone-200ml-blue,إيفا أسيتون 200 مل أزرق,AlFouad Pharmacies,العناية بالجسم,العناية بالجسم,1,بسيط,1505,80,24,56,,غير متاح لدى المصدر,https://cdn.shopify.com/s/files/1/0935/9550/0847/files/Eva-Acetone-200ml-Blue.webp?v=1754299227,منتج إيفا أسيتون 200 مل أزرق من AlFouad Pharmacies. التصنيف المرجعي: العناية بالجسم — بسيط. الوسوم المرجعية: Body Care، Hands & Feet، Nails.,https://alfouadpharmacies.com/en/products/eva-acetone-200ml-blue,AlFouad Pharmacies,Verify usage rights before commercial publication,غير مثبت,غير مثبت,مرجعي فقط — غير معتمد للنشر التجاري,بيانات مرجعية متاحة؛ يلزم تحقق PM,ضمن الفحص المبدئي
10569722855727,eva-collagen-3d-hand-renewal-30-night-100ml,إيفا كولاجين 3D لتجديد البشرة +30 ليل 100 مل,AlFouad Pharmacies,العناية بالجسم,العناية بالجسم,1,بسيط,96198,250,75,175,,متاح لدى المصدر,https://cdn.shopify.com/s/files/1/0935/9550/0847/files/Eva-Collagen-3D-Hand-Renewal-30-Night-100ml.webp?v=1754299180,منتج إيفا كولاجين 3D لتجديد البشرة +30 ليل 100 مل من AlFouad Pharmacies. التصنيف المرجعي: العناية بالجسم — بسيط. الوسوم المرجعية: Body Care، Body Concerns، Dry Skin body concerns، Hand، Hands & Feet.,https://alfouadpharmacies.com/en/products/eva-collagen-3d-hand-renewal-30-night-100ml,AlFouad Pharmacies,Verify usage rights before commercial publication,غير مثبت,غير مثبت,مرجعي فقط — غير معتمد للنشر التجاري,بيانات مرجعية متاحة؛ يلزم تحقق PM,ضمن الفحص المبدئي
10569724789039,evasiline-cuticle-remover-13gm,إيفاسيلين مزيل الجلد حول الأظافر 13 جرام,AlFouad Pharmacies,العناية بالجسم,العناية بالجسم,1,بسيط,105566,55,16.5,38.5,,متاح لدى المصدر,https://cdn.shopify.com/s/files/1/0935/9550/0847/files/Evasiline-Cuticle-Remover-13gm.webp?v=1754299155,منتج إيفاسيلين مزيل الجلد حول الأظافر 13 جرام من AlFouad Pharmacies. التصنيف المرجعي: العناية بالجسم — بسيط. الوسوم المرجعية: Body Care، Body Concerns، Dry Skin body concerns، Hand، Hands & Feet.,https://alfouadpharmacies.com/en/products/evasiline-cuticle-remover-13gm,AlFouad Pharmacies,Verify usage rights before commercial publication,غير مثبت,غير مثبت,مرجعي فقط — غير معتمد للنشر التجاري,بيانات مرجعية متاحة؛ يلزم تحقق PM,ضمن الفحص المبدئي
10569733407023,acm-novophane-nail-cream-15ml,إيه سي إم نوفوفان كريم للعناية بالأظافر – 15 مل,ACM,العناية بالجسم,العناية بالجسم,1,العناية بالأظافر > كريم الأظافر,104768,325,97.5,227.5,,متاح لدى المصدر,https://cdn.shopify.com/s/files/1/0935/9550/0847/files/Group_1_40_44188e7a-6b5f-479b-850d-dd53cfeeb3aa.webp?v=1781941098,منتج إيه سي إم نوفوفان كريم للعناية بالأظافر – 15 مل من ACM. التصنيف المرجعي: العناية بالجسم — العناية بالأظافر > كريم الأظافر. الوسوم المرجعية: Body Care، Body Concerns، Dry Skin body concerns، Hands & Feet، Nails.,https://alfouadpharmacies.com/en/products/acm-novophane-nail-cream-15ml,AlFouad Pharmacies,Verify usage rights before commercial publication,غير مثبت,غير مثبت,مرجعي فقط — غير معتمد للنشر التجاري,بيانات مرجعية متاحة؛ يلزم تحقق PM,ضمن الفحص المبدئي
16032237748527,بايو-فريز-بخاخ-لتخفيف-الألم-100-مل,بايو فريز بخاخ لتخفيف الألم – 100 مل,BioFreeze,العناية بالجسم,العناية بالجسم,1,تخفيف الالم ,110527,490,147,343,,متاح لدى المصدر,https://cdn.shopify.com/s/files/1/0935/9550/0847/files/Group1copy_1_1e308c58-dbe7-48f5-aa87-511488e94a08.webp?v=1782215790,منتج بايو فريز بخاخ لتخفيف الألم – 100 مل من BioFreeze. التصنيف المرجعي: العناية بالجسم — تخفيف الالم . الوسوم المرجعية: Body Care، Body Spray، Medical Deviices.,https://alfouadpharmacies.com/en/products/بايو-فريز-بخاخ-لتخفيف-الألم-100-مل,AlFouad Pharmacies,Verify usage rights before commercial publication,غير مثبت,غير مثبت,مرجعي فقط — غير معتمد للنشر التجاري,بيانات مرجعية متاحة؛ يلزم تحقق PM,ضمن الفحص المبدئي
16032238043439,بايو-فريز-جل-لتخفيف-الألم-100-مل,بايو فريز جل لتخفيف الألم – 100 مل,BioFreeze,العناية بالجسم,العناية بالجسم,1,تخفيف الالم ,19918,250,75,175,,متاح لدى المصدر,https://cdn.shopify.com/s/files/1/0935/9550/0847/files/Group1_87.webp?v=1782216395,منتج بايو فريز جل لتخفيف الألم – 100 مل من BioFreeze. التصنيف المرجعي: العناية بالجسم — تخفيف الالم . الوسوم المرجعية: Body Care، Medical Deviices.,https://alfouadpharmacies.com/en/products/بايو-فريز-جل-لتخفيف-الألم-100-مل,AlFouad Pharmacies,Verify usage rights before commercial publication,غير مثبت,غير مثبت,مرجعي فقط — غير معتمد للنشر التجاري,بيانات مرجعية متاحة؛ يلزم تحقق PM,ضمن الفحص المبدئي
16032239157551,بايو-فريز-رول-أون-لتخفيف-الألم-89-مل,بايو فريز رول أون لتخفيف الألم – 89 مل,BioFreeze,العناية بالجسم,العناية بالجسم,1,تخفيف الالم ,111552,300,90,210,,متاح لدى المصدر,https://cdn.shopify.com/s/files/1/0935/9550/0847/files/Group1_2.webp?v=1782216919,منتج بايو فريز رول أون لتخفيف الألم – 89 مل من BioFreeze. التصنيف المرجعي: العناية بالجسم — تخفيف الالم . الوسوم المرجعية: Body Care، Medical Deviices.,https://alfouadpharmacies.com/en/products/بايو-فريز-رول-أون-لتخفيف-الألم-89-مل,AlFouad Pharmacies,Verify usage rights before commercial publication,غير مثبت,غير مثبت,مرجعي فقط — غير معتمد للنشر التجاري,بيانات مرجعية متاحة؛ يلزم تحقق PM,ضمن الفحص المبدئي
10569892036911,bathampbody-works-bmist-236ml-italian-citrus-sun,بخاخ Bath&amp;Body Works B.MIST  236 مل  إيطالي  منعشة الحمضيات,Bath and Body,العناية بالجسم,العناية بالجسم,1,بسيط,108638,800,240,560,,متاح لدى المصدر,https://cdn.shopify.com/s/files/1/0935/9550/0847/files/BathBody-Works-B.MIST-236ML-Italian-Citrus-Sun.webp?v=1754298247,منتج بخاخ Bath&amp;Body Works B.MIST  236 مل  إيطالي  منعشة الحمضيات من Bath and Body. التصنيف المرجعي: العناية بالجسم — بسيط. الوسوم المرجعية: Body Care، Body Mist، Body Splash، Body Spray، Deodrant، Perfumes.,https://alfouadpharmacies.com/en/products/bathampbody-works-bmist-236ml-italian-citrus-sun,AlFouad Pharmacies,Verify usage rights before commercial publication,غير مثبت,غير مثبت,مرجعي فقط — غير معتمد للنشر التجاري,بيانات مرجعية متاحة؛ يلزم تحقق PM,ضمن الفحص المبدئي
10569894592815,bathampbody-works-bmist-236ml-you-are-the-one,"بخاخ Bath&amp;Body Works B.MIST 236 مل  ""أنتِ هي""",Bath and Body,العناية بالجسم,العناية بالجسم,1,بسيط,84638,800,240,560,,متاح لدى المصدر,https://cdn.shopify.com/s/files/1/0935/9550/0847/files/BathBody-Works-B.MIST-236ML-You-Are-the-One.webp?v=1754298215,"منتج بخاخ Bath&amp;Body Works B.MIST 236 مل  ""أنتِ هي"" من Bath and Body. التصنيف المرجعي: العناية بالجسم — بسيط. الوسوم المرجعية: Body Care، Body Mist، Body Splash، Body Spray، Deodrant، Perfumes.",https://alfouadpharmacies.com/en/products/bathampbody-works-bmist-236ml-you-are-the-one,AlFouad Pharmacies,Verify usage rights before commercial publication,غير مثبت,غير مثبت,مرجعي فقط — غير معتمد للنشر التجاري,بيانات مرجعية متاحة؛ يلزم تحقق PM,ضمن الفحص المبدئي
10569859268911,bathampbody-works-bmist-236ml-cucumber,بخاخ Bath&amp;Body Works B.MIST 236 مل بنكهة الخيار,Bath and Body,العناية بالجسم,العناية بالجسم,1,بسيط,104613,800,240,560,,متاح لدى المصدر,https://cdn.shopify.com/s/files/1/0935/9550/0847/files/BathBody-Works-B.MIST-236ML-Cucumber.webp?v=1754298349,منتج بخاخ Bath&amp;Body Works B.MIST 236 مل بنكهة الخيار من Bath and Body. التصنيف المرجعي: العناية بالجسم — بسيط. الوسوم المرجعية: Body Care، Body Mist، Body Splash، Body Spray، Deodrant، Perfumes.,https://alfouadpharmacies.com/en/products/bathampbody-works-bmist-236ml-cucumber,AlFouad Pharmacies,Verify usage rights before commercial publication,غير مثبت,غير مثبت,مرجعي فقط — غير معتمد للنشر التجاري,بيانات مرجعية متاحة؛ يلزم تحقق PM,ضمن الفحص المبدئي
10570009968943,bathampbody-works-bmist-236ml-bundt-cake,بخاخ Bath&amp;Body Works B.MIST 236 مل بنكهة كعكة البوندت,Bath and Body,العناية بالجسم,العناية بالجسم,1,بسيط,112709,800,240,560,,غير متاح لدى المصدر,https://cdn.shopify.com/s/files/1/0935/9550/0847/files/BathBody-Works-B.MIST-236ML-Bundt-Cake.webp?v=1754297074,منتج بخاخ Bath&amp;Body Works B.MIST 236 مل بنكهة كعكة البوندت من Bath and Body. التصنيف المرجعي: العناية بالجسم — بسيط. الوسوم المرجعية: Body Care، Body Mist، Body Splash، Perfumes.,https://alfouadpharmacies.com/en/products/bathampbody-works-bmist-236ml-bundt-cake,AlFouad Pharmacies,Verify usage rights before commercial publication,غير مثبت,غير مثبت,مرجعي فقط — غير معتمد للنشر التجاري,بيانات مرجعية متاحة؛ يلزم تحقق PM,ضمن الفحص المبدئي
10569894134063,bathampbody-works-bmist-236ml-sapphire-moon,بخاخ Bath&amp;Body Works B.MIST 236 مل، إصدار سابفير مون.,Bath and Body,العناية بالجسم,العناية بالجسم,1,بسيط,9576,800,240,560,,متاح لدى المصدر,https://cdn.shopify.com/s/files/1/0935/9550/0847/files/BathBody-Works-B.MIST-236ML-Sapphire-Moon.webp?v=1754298219,منتج بخاخ Bath&amp;Body Works B.MIST 236 مل، إصدار سابفير مون. من Bath and Body. التصنيف المرجعي: العناية بالجسم — بسيط. الوسوم المرجعية: Body Care، Body Mist، Body Splash، Body Spray، Deodrant، Perfumes.,https://alfouadpharmacies.com/en/products/bathampbody-works-bmist-236ml-sapphire-moon,AlFouad Pharmacies,Verify usage rights before commercial publication,غير مثبت,غير مثبت,مرجعي فقط — غير معتمد للنشر التجاري,بيانات مرجعية متاحة؛ يلزم تحقق PM,ضمن الفحص المبدئي
10569859203375,bathampbody-works-bmist-236ml-confetti-daydream,بخاخ Bath&amp;Body Works B.MIST 236 مل، رائحة Confetti Daydream,Bath and Body,العناية بالجسم,العناية بالجسم,1,بسيط,6937,800,240,560,,غير متاح لدى المصدر,https://cdn.shopify.com/s/files/1/0935/9550/0847/files/BathBody-Works-B.MIST-236ML-Confetti-Daydream.webp?v=1754298349,منتج بخاخ Bath&amp;Body Works B.MIST 236 مل، رائحة Confetti Daydream من Bath and Body. التصنيف المرجعي: العناية بالجسم — بسيط. الوسوم المرجعية: Body Care، Body Mist، Body Splash، Body Spray، Deodrant، Perfumes.,https://alfouadpharmacies.com/en/products/bathampbody-works-bmist-236ml-confetti-daydream,AlFouad Pharmacies,Verify usage rights before commercial publication,غير مثبت,غير مثبت,مرجعي فقط — غير معتمد للنشر التجاري,بيانات مرجعية متاحة؛ يلزم تحقق PM,ضمن الفحص المبدئي
10570010001711,bathampbody-works-bmist-236ml-dream-bright,بخاخ Bath&amp;Body Works B.MIST 236 مل، رائحة Dream Bright,Bath and Body,العناية بالجسم,العناية بالجسم,1,بسيط,112710,800,240,560,,غير متاح لدى المصدر,https://cdn.shopify.com/s/files/1/0935/9550/0847/files/BathBody-Works-B.MIST-236ML-Dream-Bright.webp?v=1754297073,منتج بخاخ Bath&amp;Body Works B.MIST 236 مل، رائحة Dream Bright من Bath and Body. التصنيف المرجعي: العناية بالجسم — بسيط. الوسوم المرجعية: Body Care، Body Mist، Body Splash، Perfumes.,https://alfouadpharmacies.com/en/products/bathampbody-works-bmist-236ml-dream-bright,AlFouad Pharmacies,Verify usage rights before commercial publication,غير مثبت,غير مثبت,مرجعي فقط — غير معتمد للنشر التجاري,بيانات مرجعية متاحة؛ يلزم تحقق PM,ضمن الفحص المبدئي
10569891381551,bathampbody-works-bmist-236ml-gingham,بخاخ Bath&amp;Body Works B.mist 236 مل، رائحة Gingham,Bath and Body,العناية بالجسم,العناية بالجسم,1,بسيط,17678,800,240,560,,متاح لدى المصدر,https://cdn.shopify.com/s/files/1/0935/9550/0847/files/BathBody-Works-B.MIST-236ML-Gingham.webp?v=1754298256,منتج بخاخ Bath&amp;Body Works B.mist 236 مل، رائحة Gingham من Bath and Body. التصنيف المرجعي: العناية بالجسم — بسيط. الوسوم المرجعية: Body Care، Body Mist، Body Splash، Body Spray، Deodrant، Perfumes.,https://alfouadpharmacies.com/en/products/bathampbody-works-bmist-236ml-gingham,AlFouad Pharmacies,Verify usage rights before commercial publication,غير مثبت,غير مثبت,مرجعي فقط — غير معتمد للنشر التجاري,بيانات مرجعية متاحة؛ يلزم تحقق PM,ضمن الفحص المبدئي
10569891709231,bathampbody-works-bmist-236ml-gingham-vibrant,بخاخ Bath&amp;Body Works B.MIST 236 مل، رائحة Gingham Vibrant,Bath and Body,العناية بالجسم,العناية بالجسم,1,بسيط,14289,800,240,560,,غير متاح لدى المصدر,https://cdn.shopify.com/s/files/1/0935/9550/0847/files/BathBody-Works-B.MIST-236ML-Gingham-Vibrant.webp?v=1754298252,منتج بخاخ Bath&amp;Body Works B.MIST 236 مل، رائحة Gingham Vibrant من Bath and Body. التصنيف المرجعي: العناية بالجسم — بسيط. الوسوم المرجعية: Body Care، Body Mist، Body Splash، Body Spray، Deodrant، Perfumes.,https://alfouadpharmacies.com/en/products/bathampbody-works-bmist-236ml-gingham-vibrant,AlFouad Pharmacies,Verify usage rights before commercial publication,غير مثبت,غير مثبت,مرجعي فقط — غير معتمد للنشر التجاري,بيانات مرجعية متاحة؛ يلزم تحقق PM,ضمن الفحص المبدئي
10569894232367,bathampbody-works-bmist-236ml-sweet-pea,بخاخ Bath&amp;Body Works B.MIST 236 مل، رائحة البازلاء الحلوة,Bath and Body,العناية بالجسم,العناية بالجسم,1,بسيط,94835,800,240,560,,غير متاح لدى المصدر,https://cdn.shopify.com/s/files/1/0935/9550/0847/files/BathBody-Works-B.MIST-236ML-Sweet-Pea.webp?v=1754298217,منتج بخاخ Bath&amp;Body Works B.MIST 236 مل، رائحة البازلاء الحلوة من Bath and Body. التصنيف المرجعي: العناية بالجسم — بسيط. الوسوم المرجعية: Body Care، Body Mist، Body Splash، Body Spray، Deodrant، Perfumes.,https://alfouadpharmacies.com/en/products/bathampbody-works-bmist-236ml-sweet-pea,AlFouad Pharmacies,Verify usage rights before commercial publication,غير مثبت,غير مثبت,مرجعي فقط — غير معتمد للنشر التجاري,بيانات مرجعية متاحة؛ يلزم تحقق PM,ضمن الفحص المبدئي
10569892790575,bathampbody-works-bmist-236ml-love-amp-sunshine,بخاخ Bath&amp;Body Works B.MIST 236 مل، رائحة الحب والأشعة الشمسية,Bath and Body,العناية بالجسم,العناية بالجسم,1,بسيط,101447,800,240,560,,غير متاح لدى المصدر,https://cdn.shopify.com/s/files/1/0935/9550/0847/files/BathBody-Works-B.MIST-236ML-Love-Sunshine.webp?v=1754298236,منتج بخاخ Bath&amp;Body Works B.MIST 236 مل، رائحة الحب والأشعة الشمسية من Bath and Body. التصنيف المرجعي: العناية بالجسم — بسيط. الوسوم المرجعية: Body Care، Body Mist، Body Splash، Body Spray، Deodrant، Perfumes.,https://alfouadpharmacies.com/en/products/bathampbody-works-bmist-236ml-love-amp-sunshine,AlFouad Pharmacies,Verify usage rights before commercial publication,غير مثبت,غير مثبت,مرجعي فقط — غير معتمد للنشر التجاري,بيانات مرجعية متاحة؛ يلزم تحقق PM,ضمن الفحص المبدئي
10569858941231,bathampbody-works-bmist-236ml-butter-fly,بخاخ Bath&amp;Body Works B.MIST 236 مل، رائحة الفراشة,Bath and Body,العناية بالجسم,العناية بالجسم,1,بسيط,14384,800,240,560,,غير متاح لدى المصدر,https://cdn.shopify.com/s/files/1/0935/9550/0847/files/BathBody-Works-B.MIST-236ML-Butter-Fly.webp?v=1754298351,منتج بخاخ Bath&amp;Body Works B.MIST 236 مل، رائحة الفراشة من Bath and Body. التصنيف المرجعي: العناية بالجسم — بسيط. الوسوم المرجعية: Body Care، Body Mist، Body Splash، Body Spray، Deodrant، Perfumes.,https://alfouadpharmacies.com/en/products/bathampbody-works-bmist-236ml-butter-fly,AlFouad Pharmacies,Verify usage rights before commercial publication,غير مثبت,غير مثبت,مرجعي فقط — غير معتمد للنشر التجاري,بيانات مرجعية متاحة؛ يلزم تحقق PM,ضمن الفحص المبدئي
10569891840303,bathampbody-works-bmist-236ml-in-the-star,بخاخ Bath&amp;Body Works B.MIST 236 مل، رائحة النجمة,Bath and Body,العناية بالجسم,العناية بالجسم,1,بسيط,108498,800,240,560,,متاح لدى المصدر,https://cdn.shopify.com/s/files/1/0935/9550/0847/files/BathBody-Works-B.MIST-236ML-in-the-Star.webp?v=1754298249,منتج بخاخ Bath&amp;Body Works B.MIST 236 مل، رائحة النجمة من Bath and Body. التصنيف المرجعي: العناية بالجسم — بسيط. الوسوم المرجعية: Body Care، Body Mist، Body Splash، Body Spray، Deodrant، Perfumes.,https://alfouadpharmacies.com/en/products/bathampbody-works-bmist-236ml-in-the-star,AlFouad Pharmacies,Verify usage rights before commercial publication,غير مثبت,غير مثبت,مرجعي فقط — غير معتمد للنشر التجاري,بيانات مرجعية متاحة؛ يلزم تحقق PM,ضمن الفحص المبدئي
10569858810159,bathampbody-works-bmist-236ml-athousand-wishes,"بخاخ Bath&amp;Body Works B.MIST 236 مل، عطر ""ألف أمنية""",Bath and Body,العناية بالجسم,العناية بالجسم,1,بسيط,104119,800,240,560,,متاح لدى المصدر,https://cdn.shopify.com/s/files/1/0935/9550/0847/files/BathBody-Works-B.MIST-236ML-Athousand-Wishes.webp?v=1754298352,"منتج بخاخ Bath&amp;Body Works B.MIST 236 مل، عطر ""ألف أمنية"" من Bath and Body. التصنيف المرجعي: العناية بالجسم — بسيط. الوسوم المرجعية: Body Care، Body Mist، Body Splash، Body Spray، Deodrant، Perfumes.",https://alfouadpharmacies.com/en/products/bathampbody-works-bmist-236ml-athousand-wishes,AlFouad Pharmacies,Verify usage rights before commercial publication,غير مثبت,غير مثبت,مرجعي فقط — غير معتمد للنشر التجاري,بيانات مرجعية متاحة؛ يلزم تحقق PM,ضمن الفحص المبدئي
10569891086639,bathampbody-works-bmist-236ml-dark-velvet-oud,بخاخ Bath&amp;Body Works B.mist 236 مل، عطر Dark Velvet Oud,Bath and Body,العناية بالجسم,العناية بالجسم,1,بسيط,9597,800,240,560,,غير متاح لدى المصدر,https://cdn.shopify.com/s/files/1/0935/9550/0847/files/BathBody-Works-B.MIST-236ML-Dark-Velvet-Oud.webp?v=1754298257,منتج بخاخ Bath&amp;Body Works B.mist 236 مل، عطر Dark Velvet Oud من Bath and Body. التصنيف المرجعي: العناية بالجسم — بسيط. الوسوم المرجعية: Body Care، Body Mist، Body Splash، Body Spray، Deodrant، Perfumes.,https://alfouadpharmacies.com/en/products/bathampbody-works-bmist-236ml-dark-velvet-oud,AlFouad Pharmacies,Verify usage rights before commercial publication,غير مثبت,غير مثبت,مرجعي فقط — غير معتمد للنشر التجاري,بيانات مرجعية متاحة؛ يلزم تحقق PM,ضمن الفحص المبدئي
10569859006767,bathampbody-works-bmist-236ml-champagne-toast,بخاخ Bath&amp;Body Works B.MIST برائحة الشمبانيا 236 مل,Bath and Body,العناية بالجسم,العناية بالجسم,1,بسيط,6844,800,240,560,,غير متاح لدى المصدر,https://cdn.shopify.com/s/files/1/0935/9550/0847/files/BathBody-Works-B.MIST-236ML-Champagne-Toast.webp?v=1754298350,منتج بخاخ Bath&amp;Body Works B.MIST برائحة الشمبانيا 236 مل من Bath and Body. التصنيف المرجعي: العناية بالجسم — بسيط. الوسوم المرجعية: Body Care، Body Mist، Body Splash، Body Spray، Deodrant، Perfumes.,https://alfouadpharmacies.com/en/products/bathampbody-works-bmist-236ml-champagne-toast,AlFouad Pharmacies,Verify usage rights before commercial publication,غير مثبت,غير مثبت,مرجعي فقط — غير معتمد للنشر التجاري,بيانات مرجعية متاحة؛ يلزم تحقق PM,ضمن الفحص المبدئي
10569893904687,bathampbody-works-bmist-236ml-rose,بخاخ Bath&amp;Body Works B.MIST برائحة الورد، سعة 236 مل,Bath and Body,العناية بالجسم,العناية بالجسم,1,بسيط,6875,800,240,560,,غير متاح لدى المصدر,https://cdn.shopify.com/s/files/1/0935/9550/0847/files/BathBody-Works-B.MIST-236ML-Rose.webp?v=1754298221,منتج بخاخ Bath&amp;Body Works B.MIST برائحة الورد، سعة 236 مل من Bath and Body. التصنيف المرجعي: العناية بالجسم — بسيط. الوسوم المرجعية: Body Care، Body Mist، Body Splash، Body Spray، Deodrant، Perfumes.,https://alfouadpharmacies.com/en/products/bathampbody-works-bmist-236ml-rose,AlFouad Pharmacies,Verify usage rights before commercial publication,غير مثبت,غير مثبت,مرجعي فقط — غير معتمد للنشر التجاري,بيانات مرجعية متاحة؛ يلزم تحقق PM,ضمن الفحص المبدئي
10569840329007,axe-pocket-spray-17ml-skate-boardampfresh-rose,بخاخ آكس المحمول 17 مل، رائحة لوح التزلج والورد الطازج,AlFouad Pharmacies,العناية بالجسم,العناية بالجسم,1,بسيط,105396,65,19.5,45.5,,متاح لدى المصدر,https://cdn.shopify.com/s/files/1/0935/9550/0847/files/Axe-Pocket-Spray-17ML-Skate-BoardFresh-Rose.webp?v=1754298516,منتج بخاخ آكس المحمول 17 مل، رائحة لوح التزلج والورد الطازج من AlFouad Pharmacies. التصنيف المرجعي: العناية بالجسم — بسيط. الوسوم المرجعية: Body Care، Body Spray، Deodrant.,https://alfouadpharmacies.com/en/products/axe-pocket-spray-17ml-skate-boardampfresh-rose,AlFouad Pharmacies,Verify usage rights before commercial publication,غير مثبت,غير مثبت,مرجعي فقط — غير معتمد للنشر التجاري,بيانات مرجعية متاحة؛ يلزم تحقق PM,ضمن الفحص المبدئي
10569839444271,axe-body-spray-150ml-recharge,بخاخ الجسم Axe 150 مل - عبوة إعادة تعبئة,AlFouad Pharmacies,العناية بالجسم,العناية بالجسم,1,بسيط,107632,215,64.5,150.5,,متاح لدى المصدر,https://cdn.shopify.com/s/files/1/0935/9550/0847/files/Axe-Body-Spray-150ML-Recharge.webp?v=1754298523,منتج بخاخ الجسم Axe 150 مل - عبوة إعادة تعبئة من AlFouad Pharmacies. التصنيف المرجعي: العناية بالجسم — بسيط. الوسوم المرجعية: Body Care، Body Spray، Deodrant.,https://alfouadpharmacies.com/en/products/axe-body-spray-150ml-recharge,AlFouad Pharmacies,Verify usage rights before commercial publication,غير مثبت,غير مثبت,مرجعي فقط — غير معتمد للنشر التجاري,بيانات مرجعية متاحة؛ يلزم تحقق PM,ضمن الفحص المبدئي
10569865756975,axe-body-spray-150ml-recharge-clear-sh-90ml-off,بخاخ الجسم Axe 150 مل + بخاخ منع التعرق Clear Sh 90 مل (عرض خاص),AlFouad Pharmacies,العناية بالجسم,العناية بالجسم,1,بسيط,13652,195,58.5,136.5,,غير متاح لدى المصدر,https://cdn.shopify.com/s/files/1/0935/9550/0847/files/AXE-BODY-SPRAY-150ML-RECHARGE-CLEAR-SH-90ML-OFF-1.webp?v=1754298291,منتج بخاخ الجسم Axe 150 مل + بخاخ منع التعرق Clear Sh 90 مل (عرض خاص) من AlFouad Pharmacies. التصنيف المرجعي: العناية بالجسم — بسيط. الوسوم المرجعية: Body Care، Body Offers، Body Spray، Deodrant.,https://alfouadpharmacies.com/en/products/axe-body-spray-150ml-recharge-clear-sh-90ml-off,AlFouad Pharmacies,Verify usage rights before commercial publication,غير مثبت,غير مثبت,مرجعي فقط — غير معتمد للنشر التجاري,بيانات مرجعية متاحة؛ يلزم تحقق PM,ضمن الفحص المبدئي
10569865593135,axe-body-spray-150ml-ice-chillclear-sh-90ml-off,بخاخ الجسم Axe 150 مل آيس تشيل + بخاخ شفاف 90 مل أوف,AlFouad Pharmacies,العناية بالجسم,العناية بالجسم,1,بسيط,13705,195,58.5,136.5,,غير متاح لدى المصدر,https://cdn.shopify.com/s/files/1/0935/9550/0847/files/AXE-BODY-SPRAY-150ML-ICE-CHILLCLEAR-SH-90ML-OFF.webp?v=1754298292,منتج بخاخ الجسم Axe 150 مل آيس تشيل + بخاخ شفاف 90 مل أوف من AlFouad Pharmacies. التصنيف المرجعي: العناية بالجسم — بسيط. الوسوم المرجعية: Body Care، Body Offers، Body Spray، Deodrant.,https://alfouadpharmacies.com/en/products/axe-body-spray-150ml-ice-chillclear-sh-90ml-off,AlFouad Pharmacies,Verify usage rights before commercial publication,غير مثبت,غير مثبت,مرجعي فقط — غير معتمد للنشر التجاري,بيانات مرجعية متاحة؛ يلزم تحقق PM,ضمن الفحص المبدئي
10569835905327,axe-body-spray-150ml-black,بخاخ الجسم Axe 150 مل أسود,AlFouad Pharmacies,العناية بالجسم,العناية بالجسم,1,بسيط,103063,215,64.5,150.5,,متاح لدى المصدر,https://cdn.shopify.com/s/files/1/0935/9550/0847/files/Axe-Body-Spray-150ML-Black.webp?v=1754298552,منتج بخاخ الجسم Axe 150 مل أسود من AlFouad Pharmacies. التصنيف المرجعي: العناية بالجسم — بسيط. الوسوم المرجعية: Body Care، Body Spray، Deodrant.,https://alfouadpharmacies.com/en/products/axe-body-spray-150ml-black,AlFouad Pharmacies,Verify usage rights before commercial publication,غير مثبت,غير مثبت,مرجعي فقط — غير معتمد للنشر التجاري,بيانات مرجعية متاحة؛ يلزم تحقق PM,ضمن الفحص المبدئي
10569835970863,axe-body-spray-150ml-black-15le-off,بخاخ الجسم Axe 150 مل أسود (15 جنيه مصري) خصم,AlFouad Pharmacies,العناية بالجسم,العناية بالجسم,1,بسيط,82888,180,54,126,,غير متاح لدى المصدر,https://cdn.shopify.com/s/files/1/0935/9550/0847/files/Axe-Body-Spray-150ML-Black-15L.E-Off.webp?v=1754298551,منتج بخاخ الجسم Axe 150 مل أسود (15 جنيه مصري) خصم من AlFouad Pharmacies. التصنيف المرجعي: العناية بالجسم — بسيط. الوسوم المرجعية: Body Care، Body Spray، Deodrant.,https://alfouadpharmacies.com/en/products/axe-body-spray-150ml-black-15le-off,AlFouad Pharmacies,Verify usage rights before commercial publication,غير مثبت,غير مثبت,مرجعي فقط — غير معتمد للنشر التجاري,بيانات مرجعية متاحة؛ يلزم تحقق PM,ضمن الفحص المبدئي
10569864184111,axe-body-spray-150ml-black-clear-sh-90mll-off,بخاخ الجسم Axe 150 مل أسود + بخاخ شفاف 90 مل، خصم 90 مل.,AlFouad Pharmacies,العناية بالجسم,العناية بالجسم,1,بسيط,13121,195,58.5,136.5,,غير متاح لدى المصدر,https://cdn.shopify.com/s/files/1/0935/9550/0847/files/Axe-Body-Spray-150ML-Black-Clear-Sh-90ML-Off.webp?v=1754298304,منتج بخاخ الجسم Axe 150 مل أسود + بخاخ شفاف 90 مل، خصم 90 مل. من AlFouad Pharmacies. التصنيف المرجعي: العناية بالجسم — بسيط. الوسوم المرجعية: Body Care، Body Offers، Body Spray، Deodrant.,https://alfouadpharmacies.com/en/products/axe-body-spray-150ml-black-clear-sh-90mll-off,AlFouad Pharmacies,Verify usage rights before commercial publication,غير مثبت,غير مثبت,مرجعي فقط — غير معتمد للنشر التجاري,بيانات مرجعية متاحة؛ يلزم تحقق PM,ضمن الفحص المبدئي
10569865101615,axe-body-spray-150ml-cookies-clear-sh-90ml-off,بخاخ الجسم Axe 150 مل بسكويت + شامبو شفاف 90 مل  (عرض خاص),AlFouad Pharmacies,العناية بالجسم,العناية بالجسم,1,بسيط,13656,195,58.5,136.5,,غير متاح لدى المصدر,https://cdn.shopify.com/s/files/1/0935/9550/0847/files/AXE-BODY-SPRAY-150ML-COOKIES-CLEAR-SH-90ML-OFF.webp?v=1754298296,منتج بخاخ الجسم Axe 150 مل بسكويت + شامبو شفاف 90 مل  (عرض خاص) من AlFouad Pharmacies. التصنيف المرجعي: العناية بالجسم — بسيط. الوسوم المرجعية: Body Care، Body Offers، Body Spray، Deodrant.,https://alfouadpharmacies.com/en/products/axe-body-spray-150ml-cookies-clear-sh-90ml-off,AlFouad Pharmacies,Verify usage rights before commercial publication,غير مثبت,غير مثبت,مرجعي فقط — غير معتمد للنشر التجاري,بيانات مرجعية متاحة؛ يلزم تحقق PM,ضمن الفحص المبدئي
10569836134703,axe-body-spray-150ml-black-night-15le-off,بخاخ الجسم Axe 150 مل بلاك نايت (15 جنيه مصري) خصم,AlFouad Pharmacies,العناية بالجسم,العناية بالجسم,1,بسيط,106278,180,54,126,,غير متاح لدى المصدر,https://cdn.shopify.com/s/files/1/0935/9550/0847/files/Axe-Body-Spray-150ML-Black-Night-15L.E-Off.webp?v=1754298549,منتج بخاخ الجسم Axe 150 مل بلاك نايت (15 جنيه مصري) خصم من AlFouad Pharmacies. التصنيف المرجعي: العناية بالجسم — بسيط. الوسوم المرجعية: Body Care، Body Spray، Deodrant.,https://alfouadpharmacies.com/en/products/axe-body-spray-150ml-black-night-15le-off,AlFouad Pharmacies,Verify usage rights before commercial publication,غير مثبت,غير مثبت,مرجعي فقط — غير معتمد للنشر التجاري,بيانات مرجعية متاحة؛ يلزم تحقق PM,ضمن الفحص المبدئي
10569864479023,axe-body-spray-150ml-black-night-clear-sh-90ml-off,بخاخ الجسم Axe 150 مل بلاك نايت + بخاخ شفاف 90 مل  (عرض خاص),AlFouad Pharmacies,العناية بالجسم,العناية بالجسم,1,بسيط,13649,195,58.5,136.5,,غير متاح لدى المصدر,https://cdn.shopify.com/s/files/1/0935/9550/0847/files/AXE-BODY-SPRAY-150ML-BLACK-NIGHT-CLEAR-SH-90ML-OF-2.webp?v=1754298301,منتج بخاخ الجسم Axe 150 مل بلاك نايت + بخاخ شفاف 90 مل  (عرض خاص) من AlFouad Pharmacies. التصنيف المرجعي: العناية بالجسم — بسيط. الوسوم المرجعية: Body Care، Body Offers، Body Spray، Deodrant.,https://alfouadpharmacies.com/en/products/axe-body-spray-150ml-black-night-clear-sh-90ml-off,AlFouad Pharmacies,Verify usage rights before commercial publication,غير مثبت,غير مثبت,مرجعي فقط — غير معتمد للنشر التجاري,بيانات مرجعية متاحة؛ يلزم تحقق PM,ضمن الفحص المبدئي
10569865560367,axe-body-spray-150ml-gold-temp-clear-sh-90ml-off,بخاخ الجسم Axe 150 مل ذهبي + بخاخ شفاف 90 مل هدية مجانية,AlFouad Pharmacies,العناية بالجسم,العناية بالجسم,1,بسيط,13650,195,58.5,136.5,,غير متاح لدى المصدر,https://cdn.shopify.com/s/files/1/0935/9550/0847/files/AXE-BODY-SPRAY-150ML-GOLD-TEMP-CLEAR-SH-90ML-OFF.webp?v=1754298293,منتج بخاخ الجسم Axe 150 مل ذهبي + بخاخ شفاف 90 مل هدية مجانية من AlFouad Pharmacies. التصنيف المرجعي: العناية بالجسم — بسيط. الوسوم المرجعية: Body Care، Body Offers، Body Spray، Deodrant.,https://alfouadpharmacies.com/en/products/axe-body-spray-150ml-gold-temp-clear-sh-90ml-off,AlFouad Pharmacies,Verify usage rights before commercial publication,غير مثبت,غير مثبت,مرجعي فقط — غير معتمد للنشر التجاري,بيانات مرجعية متاحة؛ يلزم تحقق PM,ضمن الفحص المبدئي
10569838428463,axe-body-spray-150ml-gold-tempetation,بخاخ الجسم Axe 150 مل ذهبي الإغراء,AlFouad Pharmacies,العناية بالجسم,العناية بالجسم,1,بسيط,7130,195,58.5,136.5,,غير متاح لدى المصدر,https://cdn.shopify.com/s/files/1/0935/9550/0847/files/Axe-Body-Spray-150ML-Gold-Tempetation.webp?v=1754298529,منتج بخاخ الجسم Axe 150 مل ذهبي الإغراء من AlFouad Pharmacies. التصنيف المرجعي: العناية بالجسم — بسيط. الوسوم المرجعية: Body Care، Body Spray، Deodrant.,https://alfouadpharmacies.com/en/products/axe-body-spray-150ml-gold-tempetation,AlFouad Pharmacies,Verify usage rights before commercial publication,غير مثبت,غير مثبت,مرجعي فقط — غير معتمد للنشر التجاري,بيانات مرجعية متاحة؛ يلزم تحقق PM,ضمن الفحص المبدئي
10569838559535,axe-body-spray-150ml-gold-tempetation-15le-off,بخاخ الجسم Axe 150 مل ذهبي مغري (15 جنيه مصري) خصم,AlFouad Pharmacies,العناية بالجسم,العناية بالجسم,1,بسيط,110788,180,54,126,,غير متاح لدى المصدر,https://cdn.shopify.com/s/files/1/0935/9550/0847/files/Axe-Body-Spray-150ML-Gold-Tempetation-15.LE-Off.webp?v=1754298528,منتج بخاخ الجسم Axe 150 مل ذهبي مغري (15 جنيه مصري) خصم من AlFouad Pharmacies. التصنيف المرجعي: العناية بالجسم — بسيط. الوسوم المرجعية: Body Care، Body Spray، Deodrant.,https://alfouadpharmacies.com/en/products/axe-body-spray-150ml-gold-tempetation-15le-off,AlFouad Pharmacies,Verify usage rights before commercial publication,غير مثبت,غير مثبت,مرجعي فقط — غير معتمد للنشر التجاري,بيانات مرجعية متاحة؛ يلزم تحقق PM,ضمن الفحص المبدئي
10569838690607,axe-body-spray-150ml-gold-tempetation-25le-off,بخاخ الجسم Axe 150 مل ذهبي مغري (خصم 25 جنيه مصري),AlFouad Pharmacies,العناية بالجسم,العناية بالجسم,1,بسيط,14417,170,51,119,,غير متاح لدى المصدر,https://cdn.shopify.com/s/files/1/0935/9550/0847/files/Axe-Body-Spray-150ML-Gold-Tempetation-25.LE-Off.webp?v=1754298527,منتج بخاخ الجسم Axe 150 مل ذهبي مغري (خصم 25 جنيه مصري) من AlFouad Pharmacies. التصنيف المرجعي: العناية بالجسم — بسيط. الوسوم المرجعية: Body Care، Body Spray، Deodrant.,https://alfouadpharmacies.com/en/products/axe-body-spray-150ml-gold-tempetation-25le-off,AlFouad Pharmacies,Verify usage rights before commercial publication,غير مثبت,غير مثبت,مرجعي فقط — غير معتمد للنشر التجاري,بيانات مرجعية متاحة؛ يلزم تحقق PM,ضمن الفحص المبدئي
10569836462383,axe-body-spray-150ml-dark-tempetation-25le-off,بخاخ الجسم Axe 150 مل، إصدار Dark Temptation (25 جنيه مصري)  (عرض خاص),AlFouad Pharmacies,العناية بالجسم,العناية بالجسم,1,بسيط,14449,170,51,119,,غير متاح لدى المصدر,https://cdn.shopify.com/s/files/1/0935/9550/0847/files/Axe-Body-Spray-150ML-Dark-Tempetation-25.LE-Off.webp?v=1754298547,منتج بخاخ الجسم Axe 150 مل، إصدار Dark Temptation (25 جنيه مصري)  (عرض خاص) من AlFouad Pharmacies. التصنيف المرجعي: العناية بالجسم — بسيط. الوسوم المرجعية: Body Care، Body Spray، Deodrant.,https://alfouadpharmacies.com/en/products/axe-body-spray-150ml-dark-tempetation-25le-off,AlFouad Pharmacies,Verify usage rights before commercial publication,غير مثبت,غير مثبت,مرجعي فقط — غير معتمد للنشر التجاري,بيانات مرجعية متاحة؛ يلزم تحقق PM,ضمن الفحص المبدئي
10569865330991,axe-body-spray-150ml-dark-tempetationclear-off,بخاخ الجسم Axe 150 مل، إصدار Dark Temptation + Clear Off,AlFouad Pharmacies,العناية بالجسم,العناية بالجسم,1,بسيط,13120,195,58.5,136.5,,غير متاح لدى المصدر,https://cdn.shopify.com/s/files/1/0935/9550/0847/files/Axe-Body-Spray-150ML-Dark-Temp-Clear-Sh-90ML-Off_bb573ed8-a9f9-4d40-983e-27a23b8c93cd.webp?v=1754298294,منتج بخاخ الجسم Axe 150 مل، إصدار Dark Temptation + Clear Off من AlFouad Pharmacies. التصنيف المرجعي: العناية بالجسم — بسيط. الوسوم المرجعية: Body Care، Body Offers، Body Spray، Deodrant.,https://alfouadpharmacies.com/en/products/axe-body-spray-150ml-dark-tempetationclear-off,AlFouad Pharmacies,Verify usage rights before commercial publication,غير مثبت,غير مثبت,مرجعي فقط — غير معتمد للنشر التجاري,بيانات مرجعية متاحة؛ يلزم تحقق PM,ضمن الفحص المبدئي
10569839051055,axe-body-spray-150ml-ice-chill-25le-off,بخاخ الجسم Axe 150 مل، إصدار آيس تشيل (خصم 25%),AlFouad Pharmacies,العناية بالجسم,العناية بالجسم,1,بسيط,14541,170,51,119,,غير متاح لدى المصدر,https://cdn.shopify.com/s/files/1/0935/9550/0847/files/Axe-Body-Spray-150ML-Ice-Chill-25.LE-Off.webp?v=1754298526,منتج بخاخ الجسم Axe 150 مل، إصدار آيس تشيل (خصم 25%) من AlFouad Pharmacies. التصنيف المرجعي: العناية بالجسم — بسيط. الوسوم المرجعية: Body Care، Body Spray، Deodrant.,https://alfouadpharmacies.com/en/products/axe-body-spray-150ml-ice-chill-25le-off,AlFouad Pharmacies,Verify usage rights before commercial publication,غير مثبت,غير مثبت,مرجعي فقط — غير معتمد للنشر التجاري,بيانات مرجعية متاحة؛ يلزم تحقق PM,ضمن الفحص المبدئي
10569839608111,axe-body-spray-150ml-recharge-15le-off,بخاخ الجسم Axe 150 مل، إعادة تعبئة (15 جنيه مصري) خصم,AlFouad Pharmacies,العناية بالجسم,العناية بالجسم,1,بسيط,110738,180,54,126,,متاح لدى المصدر,https://cdn.shopify.com/s/files/1/0935/9550/0847/files/Axe-Body-Spray-150ML-Recharge-15L.E-Off.webp?v=1754298522,منتج بخاخ الجسم Axe 150 مل، إعادة تعبئة (15 جنيه مصري) خصم من AlFouad Pharmacies. التصنيف المرجعي: العناية بالجسم — بسيط. الوسوم المرجعية: Body Care، Body Spray، Deodrant.,https://alfouadpharmacies.com/en/products/axe-body-spray-150ml-recharge-15le-off,AlFouad Pharmacies,Verify usage rights before commercial publication,غير مثبت,غير مثبت,مرجعي فقط — غير معتمد للنشر التجاري,بيانات مرجعية متاحة؛ يلزم تحقق PM,ضمن الفحص المبدئي
10569839739183,axe-body-spray-150ml-recharge-25le-off,بخاخ الجسم Axe 150 مل، إعادة تعبئة (25 جنيه مصري) خصم,AlFouad Pharmacies,العناية بالجسم,العناية بالجسم,1,بسيط,14546,170,51,119,,متاح لدى المصدر,https://cdn.shopify.com/s/files/1/0935/9550/0847/files/Axe-Body-Spray-150ML-Recharge-25L.E-Off.webp?v=1754298521,منتج بخاخ الجسم Axe 150 مل، إعادة تعبئة (25 جنيه مصري) خصم من AlFouad Pharmacies. التصنيف المرجعي: العناية بالجسم — بسيط. الوسوم المرجعية: Body Care، Body Spray، Deodrant.,https://alfouadpharmacies.com/en/products/axe-body-spray-150ml-recharge-25le-off,AlFouad Pharmacies,Verify usage rights before commercial publication,غير مثبت,غير مثبت,مرجعي فقط — غير معتمد للنشر التجاري,بيانات مرجعية متاحة؛ يلزم تحقق PM,ضمن الفحص المبدئي
10569839149359,axe-body-spray-150ml-leatherampcookies,بخاخ الجسم Axe 150 مل، رائحة الجلد والكوكيز,AlFouad Pharmacies,العناية بالجسم,العناية بالجسم,1,بسيط,86512,215,64.5,150.5,,متاح لدى المصدر,https://cdn.shopify.com/s/files/1/0935/9550/0847/files/Axe-Body-Spray-150ML-LeatherCookies.webp?v=1754298525,منتج بخاخ الجسم Axe 150 مل، رائحة الجلد والكوكيز من AlFouad Pharmacies. التصنيف المرجعي: العناية بالجسم — بسيط. الوسوم المرجعية: Body Care، Body Spray، Deodrant.,https://alfouadpharmacies.com/en/products/axe-body-spray-150ml-leatherampcookies,AlFouad Pharmacies,Verify usage rights before commercial publication,غير مثبت,غير مثبت,مرجعي فقط — غير معتمد للنشر التجاري,بيانات مرجعية متاحة؛ يلزم تحقق PM,ضمن الفحص المبدئي
10569839345967,axe-body-spray-150ml-leatherampcookies-25le-off,بخاخ الجسم Axe 150 مل، رائحة الجلود والبسكويت (25 جنيه مصري)  خصم,AlFouad Pharmacies,العناية بالجسم,العناية بالجسم,1,بسيط,14488,170,51,119,,غير متاح لدى المصدر,https://cdn.shopify.com/s/files/1/0935/9550/0847/files/Axe-Body-Spray-150ML-LeatherCookies-25L.E-Off.webp?v=1754298524,منتج بخاخ الجسم Axe 150 مل، رائحة الجلود والبسكويت (25 جنيه مصري)  خصم من AlFouad Pharmacies. التصنيف المرجعي: العناية بالجسم — بسيط. الوسوم المرجعية: Body Care، Body Spray، Deodrant.,https://alfouadpharmacies.com/en/products/axe-body-spray-150ml-leatherampcookies-25le-off,AlFouad Pharmacies,Verify usage rights before commercial publication,غير مثبت,غير مثبت,مرجعي فقط — غير معتمد للنشر التجاري,بيانات مرجعية متاحة؛ يلزم تحقق PM,ضمن الفحص المبدئي
10569839247663,axe-body-spray-150ml-leatherampcookies-15le-off,بخاخ الجسم Axe 150 مل، رائحة الجلود والكوكيز (15 جنيه مصري) خصم,AlFouad Pharmacies,العناية بالجسم,العناية بالجسم,1,بسيط,86836,180,54,126,,غير متاح لدى المصدر,https://cdn.shopify.com/s/files/1/0935/9550/0847/files/Axe-Body-Spray-150ML-LeatherCookies-15L.E-Off.webp?v=1754298524,منتج بخاخ الجسم Axe 150 مل، رائحة الجلود والكوكيز (15 جنيه مصري) خصم من AlFouad Pharmacies. التصنيف المرجعي: العناية بالجسم — بسيط. الوسوم المرجعية: Body Care، Body Spray، Deodrant.,https://alfouadpharmacies.com/en/products/axe-body-spray-150ml-leatherampcookies-15le-off,AlFouad Pharmacies,Verify usage rights before commercial publication,غير مثبت,غير مثبت,مرجعي فقط — غير معتمد للنشر التجاري,بيانات مرجعية متاحة؛ يلزم تحقق PM,ضمن الفحص المبدئي
10569839870255,axe-body-spray-150ml-skate-boardampfresh-15le-off,بخاخ الجسم Axe 150 مل، رائحة لوح التزلج المنعشة (15 جنيه مصري) خصم,AlFouad Pharmacies,العناية بالجسم,العناية بالجسم,1,بسيط,90687,180,54,126,,غير متاح لدى المصدر,https://cdn.shopify.com/s/files/1/0935/9550/0847/files/Axe-Body-Spray-150ML-Skate-BoardFresh-15L.E-Off.webp?v=1754298521,منتج بخاخ الجسم Axe 150 مل، رائحة لوح التزلج المنعشة (15 جنيه مصري) خصم من AlFouad Pharmacies. التصنيف المرجعي: العناية بالجسم — بسيط. الوسوم المرجعية: Body Care، Body Spray، Deodrant.,https://alfouadpharmacies.com/en/products/axe-body-spray-150ml-skate-boardampfresh-15le-off,AlFouad Pharmacies,Verify usage rights before commercial publication,غير مثبت,غير مثبت,مرجعي فقط — غير معتمد للنشر التجاري,بيانات مرجعية متاحة؛ يلزم تحقق PM,ضمن الفحص المبدئي
10569838788911,axe-body-spray-150ml-ice-chill,بخاخ الجسم Axe 150 مل، رائحة منعشة مثل الثلج,AlFouad Pharmacies,العناية بالجسم,العناية بالجسم,1,بسيط,24501,215,64.5,150.5,,متاح لدى المصدر,https://cdn.shopify.com/s/files/1/0935/9550/0847/files/Axe-Body-Spray-150ML-Ice-Chill.webp?v=1754298526,منتج بخاخ الجسم Axe 150 مل، رائحة منعشة مثل الثلج من AlFouad Pharmacies. التصنيف المرجعي: العناية بالجسم — بسيط. الوسوم المرجعية: Body Care، Body Spray، Deodrant.,https://alfouadpharmacies.com/en/products/axe-body-spray-150ml-ice-chill,AlFouad Pharmacies,Verify usage rights before commercial publication,غير مثبت,غير مثبت,مرجعي فقط — غير معتمد للنشر التجاري,بيانات مرجعية متاحة؛ يلزم تحقق PM,ضمن الفحص المبدئي
10569890660655,bathampbody-works-bmist-236ml-dark-kiss,بخاخ الجسم Bath&amp;Body Works B.mist 236 مل، رائحة Dark Kiss,Bath and Body,العناية بالجسم,العناية بالجسم,1,بسيط,21597,800,240,560,,متاح لدى المصدر,https://cdn.shopify.com/s/files/1/0935/9550/0847/files/BathBody-Works-B.MIST-236ML-Dark-Kiss.webp?v=1754298258,منتج بخاخ الجسم Bath&amp;Body Works B.mist 236 مل، رائحة Dark Kiss من Bath and Body. التصنيف المرجعي: العناية بالجسم — بسيط. الوسوم المرجعية: Body Care، Body Mist، Body Splash، Body Spray، Deodrant، Perfumes.,https://alfouadpharmacies.com/en/products/bathampbody-works-bmist-236ml-dark-kiss,AlFouad Pharmacies,Verify usage rights before commercial publication,غير مثبت,غير مثبت,مرجعي فقط — غير معتمد للنشر التجاري,بيانات مرجعية متاحة؛ يلزم تحقق PM,ضمن الفحص المبدئي
10569928966447,breathe-body-mist-100ml-head-over-heels,بخاخ الجسم Breathe 100 مل Head Over Heels,AlFouad Pharmacies,العناية بالجسم,العناية بالجسم,1,بسيط,112402,270,81,189,,متاح لدى المصدر,https://cdn.shopify.com/s/files/1/0935/9550/0847/files/Breathe-Body-Mist-100ML-Head-Over-Heels.webp?v=1754297802,منتج بخاخ الجسم Breathe 100 مل Head Over Heels من AlFouad Pharmacies. التصنيف المرجعي: العناية بالجسم — بسيط. الوسوم المرجعية: Body Care، Body Mist، Body Spray، Deodrant.,https://alfouadpharmacies.com/en/products/breathe-body-mist-100ml-head-over-heels,AlFouad Pharmacies,Verify usage rights before commercial publication,غير مثبت,غير مثبت,مرجعي فقط — غير معتمد للنشر التجاري,بيانات مرجعية متاحة؛ يلزم تحقق PM,ضمن الفحص المبدئي
10569929130287,breathe-body-mist-100ml-simply-white,بخاخ الجسم Breathe 100 مل، إصدار Simply White,AlFouad Pharmacies,العناية بالجسم,العناية بالجسم,1,بسيط,112404,220,66,154,,متاح لدى المصدر,https://cdn.shopify.com/s/files/1/0935/9550/0847/files/Breathe-Body-Mist-100ML-Simply-White.webp?v=1754297802,منتج بخاخ الجسم Breathe 100 مل، إصدار Simply White من AlFouad Pharmacies. التصنيف المرجعي: العناية بالجسم — بسيط. الوسوم المرجعية: Body Care، Body Mist، Body Spray، Deodrant.,https://alfouadpharmacies.com/en/products/breathe-body-mist-100ml-simply-white,AlFouad Pharmacies,Verify usage rights before commercial publication,غير مثبت,غير مثبت,مرجعي فقط — غير معتمد للنشر التجاري,بيانات مرجعية متاحة؛ يلزم تحقق PM,ضمن الفحص المبدئي
10569929163055,breathe-body-mist-100ml-so-clean-white-musk,بخاخ الجسم Breathe 100 مل، رائحة المسك الأبيض النقي.,AlFouad Pharmacies,العناية بالجسم,العناية بالجسم,1,بسيط,112403,220,66,154,,متاح لدى المصدر,https://cdn.shopify.com/s/files/1/0935/9550/0847/files/Breathe-Body-Mist-100ML-So-Clean-White-Musk.webp?v=1754297801,منتج بخاخ الجسم Breathe 100 مل، رائحة المسك الأبيض النقي. من AlFouad Pharmacies. التصنيف المرجعي: العناية بالجسم — بسيط. الوسوم المرجعية: Body Care، Body Mist، Body Spray، Deodrant.,https://alfouadpharmacies.com/en/products/breathe-body-mist-100ml-so-clean-white-musk,AlFouad Pharmacies,Verify usage rights before commercial publication,غير مثبت,غير مثبت,مرجعي فقط — غير معتمد للنشر التجاري,بيانات مرجعية متاحة؛ يلزم تحقق PM,ضمن الفحص المبدئي
10569928900911,breathe-body-mist-100ml-coco-loco,بخاخ الجسم Breathe 100 مل، رائحة جوز الهند اللذيذة (Coco Loco),AlFouad Pharmacies,العناية بالجسم,العناية بالجسم,1,بسيط,112405,220,66,154,,متاح لدى المصدر,https://cdn.shopify.com/s/files/1/0935/9550/0847/files/Breathe-Body-Mist-100ML-Coco-Loco.webp?v=1754297803,منتج بخاخ الجسم Breathe 100 مل، رائحة جوز الهند اللذيذة (Coco Loco) من AlFouad Pharmacies. التصنيف المرجعي: العناية بالجسم — بسيط. الوسوم المرجعية: Body Care، Body Mist، Body Spray، Deodrant.,https://alfouadpharmacies.com/en/products/breathe-body-mist-100ml-coco-loco,AlFouad Pharmacies,Verify usage rights before commercial publication,غير مثبت,غير مثبت,مرجعي فقط — غير معتمد للنشر التجاري,بيانات مرجعية متاحة؛ يلزم تحقق PM,ضمن الفحص المبدئي
10569928638767,breathe-body-mist-100ml-cloud-9,بخاخ الجسم Breathe 100 مل، كلاود 9,AlFouad Pharmacies,العناية بالجسم,العناية بالجسم,1,بسيط,112401,220,66,154,,متاح لدى المصدر,https://cdn.shopify.com/s/files/1/0935/9550/0847/files/Breathe-Body-Mist-100ML-Cloud-9.webp?v=1754297803,منتج بخاخ الجسم Breathe 100 مل، كلاود 9 من AlFouad Pharmacies. التصنيف المرجعي: العناية بالجسم — بسيط. الوسوم المرجعية: Body Care، Body Mist، Body Spray، Deodrant.,https://alfouadpharmacies.com/en/products/breathe-body-mist-100ml-cloud-9,AlFouad Pharmacies,Verify usage rights before commercial publication,غير مثبت,غير مثبت,مرجعي فقط — غير معتمد للنشر التجاري,بيانات مرجعية متاحة؛ يلزم تحقق PM,ضمن الفحص المبدئي
10569929294127,breathe-body-mist-120ml-oh-baby,بخاخ الجسم Breathe 120 مل يا حبيبي!,AlFouad Pharmacies,العناية بالجسم,العناية بالجسم,1,بسيط,112400,230,69,161,,متاح لدى المصدر,https://cdn.shopify.com/s/files/1/0935/9550/0847/files/Breathe-Body-Mist-120ML-Oh-Baby.webp?v=1754297800,منتج بخاخ الجسم Breathe 120 مل يا حبيبي! من AlFouad Pharmacies. التصنيف المرجعي: العناية بالجسم — بسيط. الوسوم المرجعية: Body Care، Body Mist، Body Spray، Deodrant.,https://alfouadpharmacies.com/en/products/breathe-body-mist-120ml-oh-baby,AlFouad Pharmacies,Verify usage rights before commercial publication,غير مثبت,غير مثبت,مرجعي فقط — غير معتمد للنشر التجاري,بيانات مرجعية متاحة؛ يلزم تحقق PM,ضمن الفحص المبدئي
10569930015023,breathe-body-mist-200ml-you-give-me-butterflies,"بخاخ الجسم Breathe 200 مل  ""أنت تمنحني فراشات""",AlFouad Pharmacies,العناية بالجسم,العناية بالجسم,1,بسيط,103136,320,96,224,,متاح لدى المصدر,https://cdn.shopify.com/s/files/1/0935/9550/0847/files/Breathe-Body-Mist-200ML-You-Give-Me-Butterflies.webp?v=1754297795,"منتج بخاخ الجسم Breathe 200 مل  ""أنت تمنحني فراشات"" من AlFouad Pharmacies. التصنيف المرجعي: العناية بالجسم — بسيط. الوسوم المرجعية: Body Care، Body Mist، Body Spray، Deodrant.",https://alfouadpharmacies.com/en/products/breathe-body-mist-200ml-you-give-me-butterflies,AlFouad Pharmacies,Verify usage rights before commercial publication,غير مثبت,غير مثبت,مرجعي فقط — غير معتمد للنشر التجاري,بيانات مرجعية متاحة؛ يلزم تحقق PM,ضمن الفحص المبدئي
10569929457967,breathe-body-mist-200ml-coco-loco,بخاخ الجسم Breathe 200 مل، رائحة جوز الهند والليمون (Coco Loco),AlFouad Pharmacies,العناية بالجسم,العناية بالجسم,1,بسيط,103601,370,111,259,,متاح لدى المصدر,https://cdn.shopify.com/s/files/1/0935/9550/0847/files/Breathe-Body-Mist-100ML-Coco-Loco_1e0ae3aa-6b12-4fb4-b11d-8b98d137f1df.webp?v=1754297799,منتج بخاخ الجسم Breathe 200 مل، رائحة جوز الهند والليمون (Coco Loco) من AlFouad Pharmacies. التصنيف المرجعي: العناية بالجسم — بسيط. الوسوم المرجعية: Body Care، Body Mist، Body Spray، Deodrant.,https://alfouadpharmacies.com/en/products/breathe-body-mist-200ml-coco-loco,AlFouad Pharmacies,Verify usage rights before commercial publication,غير مثبت,غير مثبت,مرجعي فقط — غير معتمد للنشر التجاري,بيانات مرجعية متاحة؛ يلزم تحقق PM,ضمن الفحص المبدئي
10569929523503,breathe-body-mist-200ml-confetti,بخاخ الجسم Breathe 200 مل، رائحة كنفيتي.,AlFouad Pharmacies,العناية بالجسم,العناية بالجسم,1,بسيط,103135,370,111,259,,متاح لدى المصدر,https://cdn.shopify.com/s/files/1/0935/9550/0847/files/Breathe-Body-Mist-200ML-Confetti.webp?v=1754297799,منتج بخاخ الجسم Breathe 200 مل، رائحة كنفيتي. من AlFouad Pharmacies. التصنيف المرجعي: العناية بالجسم — بسيط. الوسوم المرجعية: Body Care، Body Mist، Body Spray، Deodrant.,https://alfouadpharmacies.com/en/products/breathe-body-mist-200ml-confetti,AlFouad Pharmacies,Verify usage rights before commercial publication,غير مثبت,غير مثبت,مرجعي فقط — غير معتمد للنشر التجاري,بيانات مرجعية متاحة؛ يلزم تحقق PM,ضمن الفحص المبدئي
10569929425199,breathe-body-mist-200ml-cloud-9,بخاخ الجسم Breathe 200 مل، من Cloud 9,AlFouad Pharmacies,العناية بالجسم,العناية بالجسم,1,بسيط,8511,370,111,259,,متاح لدى المصدر,https://cdn.shopify.com/s/files/1/0935/9550/0847/files/Breathe-Body-Mist-100ML-Cloud-9_e711c3ef-5804-43a5-99a9-e2b340034094.webp?v=1754297800,منتج بخاخ الجسم Breathe 200 مل، من Cloud 9 من AlFouad Pharmacies. التصنيف المرجعي: العناية بالجسم — بسيط. الوسوم المرجعية: Body Care، Body Mist، Body Spray، Deodrant.,https://alfouadpharmacies.com/en/products/breathe-body-mist-200ml-cloud-9,AlFouad Pharmacies,Verify usage rights before commercial publication,غير مثبت,غير مثبت,مرجعي فقط — غير معتمد للنشر التجاري,بيانات مرجعية متاحة؛ يلزم تحقق PM,ضمن الفحص المبدئي
10569929261359,breathe-body-mist-120ml-butter-scotch,بخاخ الجسم Breathe، 120 مل، بنكهة الباتير سكوتش,AlFouad Pharmacies,العناية بالجسم,العناية بالجسم,1,بسيط,112399,230,69,161,,متاح لدى المصدر,https://cdn.shopify.com/s/files/1/0935/9550/0847/files/Breathe-Body-Mist-120ML-Butter-Scotch.webp?v=1754297801,منتج بخاخ الجسم Breathe، 120 مل، بنكهة الباتير سكوتش من AlFouad Pharmacies. التصنيف المرجعي: العناية بالجسم — بسيط. الوسوم المرجعية: Body Care، Body Mist، Body Spray، Deodrant.,https://alfouadpharmacies.com/en/products/breathe-body-mist-120ml-butter-scotch,AlFouad Pharmacies,Verify usage rights before commercial publication,غير مثبت,غير مثبت,مرجعي فقط — غير معتمد للنشر التجاري,بيانات مرجعية متاحة؛ يلزم تحقق PM,ضمن الفحص المبدئي
10569853796655,vs-b-body-mist-250ml-aqua-kiss,بخاخ الجسم VS B. 250 مل، رائحة تقبيلة مائية,AlFouad Pharmacies,العناية بالجسم,العناية بالجسم,1,بسيط,111248,650,195,455,,متاح لدى المصدر,https://cdn.shopify.com/s/files/1/0935/9550/0847/files/V.S-B.-Body-Mist-250ML-Aqua-Kiss.webp?v=1754298404,منتج بخاخ الجسم VS B. 250 مل، رائحة تقبيلة مائية من AlFouad Pharmacies. التصنيف المرجعي: العناية بالجسم — بسيط. الوسوم المرجعية: Body Care، Body Mist، Body Spray، Deodrant.,https://alfouadpharmacies.com/en/products/vs-b-body-mist-250ml-aqua-kiss,AlFouad Pharmacies,Verify usage rights before commercial publication,غير مثبت,غير مثبت,مرجعي فقط — غير معتمد للنشر التجاري,بيانات مرجعية متاحة؛ يلزم تحقق PM,ضمن الفحص المبدئي
10569853632815,vs-b-body-mist-250ml-amber-romance,بخاخ الجسم VS B. 250 مل، عطر آمبر رومانس,AlFouad Pharmacies,العناية بالجسم,العناية بالجسم,1,بسيط,103072,650,195,455,,متاح لدى المصدر,https://cdn.shopify.com/s/files/1/0935/9550/0847/files/V.S-B.-Body-Mist-250ML-Amber-Romance.webp?v=1754298405,منتج بخاخ الجسم VS B. 250 مل، عطر آمبر رومانس من AlFouad Pharmacies. التصنيف المرجعي: العناية بالجسم — بسيط. الوسوم المرجعية: Body Care، Body Mist، Body Spray، Deodrant.,https://alfouadpharmacies.com/en/products/vs-b-body-mist-250ml-amber-romance,AlFouad Pharmacies,Verify usage rights before commercial publication,غير مثبت,غير مثبت,مرجعي فقط — غير معتمد للنشر التجاري,بيانات مرجعية متاحة؛ يلزم تحقق PM,ضمن الفحص المبدئي
10569836036399,axe-body-spray-150ml-black-25le-off,بخاخ الجسم آكس 150 مل أسود (25 جنيه مصري)  خصم,AlFouad Pharmacies,العناية بالجسم,العناية بالجسم,1,بسيط,14500,170,51,119,,غير متاح لدى المصدر,https://cdn.shopify.com/s/files/1/0935/9550/0847/files/Axe-Body-Spray-150ML-Black-25L.E-Off.webp?v=1754298551,منتج بخاخ الجسم آكس 150 مل أسود (25 جنيه مصري)  خصم من AlFouad Pharmacies. التصنيف المرجعي: العناية بالجسم — بسيط. الوسوم المرجعية: Body Care، Body Spray، Deodrant.,https://alfouadpharmacies.com/en/products/axe-body-spray-150ml-black-25le-off,AlFouad Pharmacies,Verify usage rights before commercial publication,غير مثبت,غير مثبت,مرجعي فقط — غير معتمد للنشر التجاري,بيانات مرجعية متاحة؛ يلزم تحقق PM,ضمن الفحص المبدئي
10569836265775,axe-body-spray-150ml-black-night-25le-off,بخاخ الجسم آكس 150 مل بلاك نايت (25 جنيه مصري)  خصم,AlFouad Pharmacies,العناية بالجسم,العناية بالجسم,1,بسيط,14497,170,51,119,,غير متاح لدى المصدر,https://cdn.shopify.com/s/files/1/0935/9550/0847/files/Axe-Body-Spray-150ML-Black-Night-25L.E-Off.webp?v=1754298548,منتج بخاخ الجسم آكس 150 مل بلاك نايت (25 جنيه مصري)  خصم من AlFouad Pharmacies. التصنيف المرجعي: العناية بالجسم — بسيط. الوسوم المرجعية: Body Care، Body Spray، Deodrant.,https://alfouadpharmacies.com/en/products/axe-body-spray-150ml-black-night-25le-off,AlFouad Pharmacies,Verify usage rights before commercial publication,غير مثبت,غير مثبت,مرجعي فقط — غير معتمد للنشر التجاري,بيانات مرجعية متاحة؛ يلزم تحقق PM,ضمن الفحص المبدئي
10569865232687,axe-body-spray-150ml-dark-temp-clear-sh-90ml-off,بخاخ الجسم آكس 150 مل دارك تمب + بخاخ شفاف 90 مل أوف,AlFouad Pharmacies,العناية بالجسم,العناية بالجسم,1,بسيط,13429,195,58.5,136.5,,غير متاح لدى المصدر,https://cdn.shopify.com/s/files/1/0935/9550/0847/files/Axe-Body-Spray-150ML-Dark-Temp-Clear-Sh-90ML-Off.webp?v=1754298295,منتج بخاخ الجسم آكس 150 مل دارك تمب + بخاخ شفاف 90 مل أوف من AlFouad Pharmacies. التصنيف المرجعي: العناية بالجسم — بسيط. الوسوم المرجعية: Body Care، Body Offers، Body Spray، Deodrant.,https://alfouadpharmacies.com/en/products/axe-body-spray-150ml-dark-temp-clear-sh-90ml-off,AlFouad Pharmacies,Verify usage rights before commercial publication,غير مثبت,غير مثبت,مرجعي فقط — غير معتمد للنشر التجاري,بيانات مرجعية متاحة؛ يلزم تحقق PM,ضمن الفحص المبدئي
10569836364079,axe-body-spray-150ml-dark-tempetation,بخاخ الجسم آكس 150 مل، إصدار دارك تمبتيشن,AlFouad Pharmacies,العناية بالجسم,العناية بالجسم,1,بسيط,95471,215,64.5,150.5,,متاح لدى المصدر,https://cdn.shopify.com/s/files/1/0935/9550/0847/files/Axe-Body-Spray-150ML-Dark-Tempetation.webp?v=1754298548,منتج بخاخ الجسم آكس 150 مل، إصدار دارك تمبتيشن من AlFouad Pharmacies. التصنيف المرجعي: العناية بالجسم — بسيط. الوسوم المرجعية: Body Care، Body Spray، Deodrant.,https://alfouadpharmacies.com/en/products/axe-body-spray-150ml-dark-tempetation,AlFouad Pharmacies,Verify usage rights before commercial publication,غير مثبت,غير مثبت,مرجعي فقط — غير معتمد للنشر التجاري,بيانات مرجعية متاحة؛ يلزم تحقق PM,ضمن الفحص المبدئي
10569839935791,axe-body-spray-150ml-skate-boardampfresh-25le-off,بخاخ الجسم آكس 150 مل، رائحة لوح التزلج المنعشة (25 جنيه مصري) خصم,AlFouad Pharmacies,العناية بالجسم,العناية بالجسم,1,بسيط,14431,170,51,119,,غير متاح لدى المصدر,https://cdn.shopify.com/s/files/1/0935/9550/0847/files/Axe-Body-Spray-150ML-Skate-BoardFresh-25L.E-Off.webp?v=1754298520,منتج بخاخ الجسم آكس 150 مل، رائحة لوح التزلج المنعشة (25 جنيه مصري) خصم من AlFouad Pharmacies. التصنيف المرجعي: العناية بالجسم — بسيط. الوسوم المرجعية: Body Care، Body Spray، Deodrant.,https://alfouadpharmacies.com/en/products/axe-body-spray-150ml-skate-boardampfresh-25le-off,AlFouad Pharmacies,Verify usage rights before commercial publication,غير مثبت,غير مثبت,مرجعي فقط — غير معتمد للنشر التجاري,بيانات مرجعية متاحة؛ يلزم تحقق PM,ضمن الفحص المبدئي
10569840034095,axe-body-spray-150ml-skate-boardampfresh-rose,بخاخ الجسم آكس 150 مل، رائحة لوح التزلج والورد الطازج,AlFouad Pharmacies,العناية بالجسم,العناية بالجسم,1,بسيط,95450,195,58.5,136.5,,متاح لدى المصدر,https://cdn.shopify.com/s/files/1/0935/9550/0847/files/Axe-Body-Spray-150ML-Skate-BoardFresh-Rose.webp?v=1754298519,منتج بخاخ الجسم آكس 150 مل، رائحة لوح التزلج والورد الطازج من AlFouad Pharmacies. التصنيف المرجعي: العناية بالجسم — بسيط. الوسوم المرجعية: Body Care، Body Spray، Deodrant.,https://alfouadpharmacies.com/en/products/axe-body-spray-150ml-skate-boardampfresh-rose,AlFouad Pharmacies,Verify usage rights before commercial publication,غير مثبت,غير مثبت,مرجعي فقط — غير معتمد للنشر التجاري,بيانات مرجعية متاحة؛ يلزم تحقق PM,ضمن الفحص المبدئي
10569811591471,avuva-body-splash-253ml-vanilla-coconut,بخاخ الجسم أفوفا 253 مل، بنكهة الفانيليا وجوز الهند,AlFouad Pharmacies,العناية بالجسم,العناية بالجسم,1,بسيط,8670,150,45,105,,غير متاح لدى المصدر,https://cdn.shopify.com/s/files/1/0935/9550/0847/files/Avuva-Body-Splash-253ML-Vanilla-Coconut.webp?v=1754298716,منتج بخاخ الجسم أفوفا 253 مل، بنكهة الفانيليا وجوز الهند من AlFouad Pharmacies. التصنيف المرجعي: العناية بالجسم — بسيط. الوسوم المرجعية: Body Care، Body Mist، Body Spray، Deodrant.,https://alfouadpharmacies.com/en/products/avuva-body-splash-253ml-vanilla-coconut,AlFouad Pharmacies,Verify usage rights before commercial publication,غير مثبت,غير مثبت,مرجعي فقط — غير معتمد للنشر التجاري,بيانات مرجعية متاحة؛ يلزم تحقق PM,ضمن الفحص المبدئي
10569811493167,avuva-body-splash-253ml-passion-fruit,بخاخ الجسم أفوفا 253 مل، بنكهة المانجو.,AlFouad Pharmacies,العناية بالجسم,العناية بالجسم,1,بسيط,3252,150,45,105,,غير متاح لدى المصدر,https://cdn.shopify.com/s/files/1/0935/9550/0847/files/Avuva-Body-Splash-253ML-Passion-Fruit.webp?v=1754298717,منتج بخاخ الجسم أفوفا 253 مل، بنكهة المانجو. من AlFouad Pharmacies. التصنيف المرجعي: العناية بالجسم — بسيط. الوسوم المرجعية: Body Care، Body Mist، Body Spray، Deodrant.,https://alfouadpharmacies.com/en/products/avuva-body-splash-253ml-passion-fruit,AlFouad Pharmacies,Verify usage rights before commercial publication,غير مثبت,غير مثبت,مرجعي فقط — غير معتمد للنشر التجاري,بيانات مرجعية متاحة؛ يلزم تحقق PM,ضمن الفحص المبدئي
10569811067183,avuva-body-splash-253mlcherry-blossom,بخاخ الجسم أفوفا 253 مل، زهور الكرز,AlFouad Pharmacies,العناية بالجسم,العناية بالجسم,1,بسيط,10624,150,45,105,,غير متاح لدى المصدر,https://cdn.shopify.com/s/files/1/0935/9550/0847/files/AVUVA-BODY-SPLASH-253ML-CHERRY-BLOSSOM.webp?v=1754298719,منتج بخاخ الجسم أفوفا 253 مل، زهور الكرز من AlFouad Pharmacies. التصنيف المرجعي: العناية بالجسم — بسيط. الوسوم المرجعية: Body Care، Body Mist، Body Spray، Deodrant.,https://alfouadpharmacies.com/en/products/avuva-body-splash-253mlcherry-blossom,AlFouad Pharmacies,Verify usage rights before commercial publication,غير مثبت,غير مثبت,مرجعي فقط — غير معتمد للنشر التجاري,بيانات مرجعية متاحة؛ يلزم تحقق PM,ضمن الفحص المبدئي
10569811329327,avuva-body-splash-253ml-floral,بخاخ الجسم أفوفا 253 مل، عطري.,AlFouad Pharmacies,العناية بالجسم,العناية بالجسم,1,بسيط,8672,150,45,105,,متاح لدى المصدر,https://cdn.shopify.com/s/files/1/0935/9550/0847/files/AVUVA-BODY-SPLASH-253ML-FLORAL.webp?v=1754298717,منتج بخاخ الجسم أفوفا 253 مل، عطري. من AlFouad Pharmacies. التصنيف المرجعي: العناية بالجسم — بسيط. الوسوم المرجعية: Body Care، Body Mist، Body Spray، Deodrant.,https://alfouadpharmacies.com/en/products/avuva-body-splash-253ml-floral,AlFouad Pharmacies,Verify usage rights before commercial publication,غير مثبت,غير مثبت,مرجعي فقط — غير معتمد للنشر التجاري,بيانات مرجعية متاحة؛ يلزم تحقق PM,ضمن الفحص المبدئي
10569836101935,axe-body-spray-150ml-black-night,بخاخ الجسم إكس 150 مل بلاك نايت,AlFouad Pharmacies,العناية بالجسم,العناية بالجسم,1,بسيط,107666,215,64.5,150.5,,متاح لدى المصدر,https://cdn.shopify.com/s/files/1/0935/9550/0847/files/Axe-Body-Spray-150ML-Black-Night.webp?v=1754298550,منتج بخاخ الجسم إكس 150 مل بلاك نايت من AlFouad Pharmacies. التصنيف المرجعي: العناية بالجسم — بسيط. الوسوم المرجعية: Body Care، Body Spray، Deodrant.,https://alfouadpharmacies.com/en/products/axe-body-spray-150ml-black-night,AlFouad Pharmacies,Verify usage rights before commercial publication,غير مثبت,غير مثبت,مرجعي فقط — غير معتمد للنشر التجاري,بيانات مرجعية متاحة؛ يلزم تحقق PM,ضمن الفحص المبدئي
10569720856879,eva-senses-body-mist-240ml-night-out,بخاخ الجسم إيفا سينسز 240 مل - نايت أوت,Eva Senses,العناية بالجسم,العناية بالجسم,1,بادي ميست,8653,220,66,154,,متاح لدى المصدر,https://cdn.shopify.com/s/files/1/0935/9550/0847/files/Eva-Senses-Body-Mist-240ml-Night-Out.webp?v=1754299213,منتج بخاخ الجسم إيفا سينسز 240 مل - نايت أوت من Eva Senses. التصنيف المرجعي: العناية بالجسم — بادي ميست. الوسوم المرجعية: Body Care، Body Mist.,https://alfouadpharmacies.com/en/products/eva-senses-body-mist-240ml-night-out,AlFouad Pharmacies,Verify usage rights before commercial publication,غير مثبت,غير مثبت,مرجعي فقط — غير معتمد للنشر التجاري,بيانات مرجعية متاحة؛ يلزم تحقق PM,ضمن الفحص المبدئي
10569720660271,eva-senses-body-mist-240ml-summer-twist,بخاخ الجسم إيفا سينسز 240 مل، إصدار صيفي.,AlFouad Pharmacies,العناية بالجسم,العناية بالجسم,1,بسيط,104638,220,66,154,,متاح لدى المصدر,https://cdn.shopify.com/s/files/1/0935/9550/0847/files/Eva-Senses-Body-Mist-240ml-Summer-Twist.webp?v=1754299215,منتج بخاخ الجسم إيفا سينسز 240 مل، إصدار صيفي. من AlFouad Pharmacies. التصنيف المرجعي: العناية بالجسم — بسيط. الوسوم المرجعية: Body Care، Body Mist.,https://alfouadpharmacies.com/en/products/eva-senses-body-mist-240ml-summer-twist,AlFouad Pharmacies,Verify usage rights before commercial publication,غير مثبت,غير مثبت,مرجعي فقط — غير معتمد للنشر التجاري,بيانات مرجعية متاحة؛ يلزم تحقق PM,ضمن الفحص المبدئي
10569721970991,eva-senses-body-mist-240ml-mystic-orchid,بخاخ الجسم إيفا سينسز 240 مل، رائحة الأوركيد الغامضة,AlFouad Pharmacies,العناية بالجسم,العناية بالجسم,1,بسيط,8716,220,66,154,,متاح لدى المصدر,https://cdn.shopify.com/s/files/1/0935/9550/0847/files/Eva-Senses-Body-Mist-240ml-Mystic-Orchid.webp?v=1754299194,منتج بخاخ الجسم إيفا سينسز 240 مل، رائحة الأوركيد الغامضة من AlFouad Pharmacies. التصنيف المرجعي: العناية بالجسم — بسيط. الوسوم المرجعية: Body Care، Body Mist.,https://alfouadpharmacies.com/en/products/eva-senses-body-mist-240ml-mystic-orchid,AlFouad Pharmacies,Verify usage rights before commercial publication,غير مثبت,غير مثبت,مرجعي فقط — غير معتمد للنشر التجاري,بيانات مرجعية متاحة؛ يلزم تحقق PM,ضمن الفحص المبدئي
10569719873839,eva-senses-body-mist-240ml-cozy-dream,بخاخ الجسم إيفا سينسز 240 مل، رائحة الحلم المريح,AlFouad Pharmacies,العناية بالجسم,العناية بالجسم,1,بسيط,104624,220,66,154,,متاح لدى المصدر,https://cdn.shopify.com/s/files/1/0935/9550/0847/files/Eva-Senses-Body-Mist-240ml-Cozy-Dream.webp?v=1754299225,منتج بخاخ الجسم إيفا سينسز 240 مل، رائحة الحلم المريح من AlFouad Pharmacies. التصنيف المرجعي: العناية بالجسم — بسيط. الوسوم المرجعية: Body Care، Body Mist.,https://alfouadpharmacies.com/en/products/eva-senses-body-mist-240ml-cozy-dream,AlFouad Pharmacies,Verify usage rights before commercial publication,غير مثبت,غير مثبت,مرجعي فقط — غير معتمد للنشر التجاري,بيانات مرجعية متاحة؛ يلزم تحقق PM,ضمن الفحص المبدئي
10569720234287,eva-senses-body-mist-240ml-in-the-clouds,بخاخ الجسم إيفا سينسز 240 مل، رائحة الغيوم,AlFouad Pharmacies,العناية بالجسم,العناية بالجسم,1,بسيط,110105,220,66,154,,متاح لدى المصدر,https://cdn.shopify.com/s/files/1/0935/9550/0847/files/Eva-Senses-Body-Mist-240ml-in-the-Clouds.webp?v=1754299219,منتج بخاخ الجسم إيفا سينسز 240 مل، رائحة الغيوم من AlFouad Pharmacies. التصنيف المرجعي: العناية بالجسم — بسيط. الوسوم المرجعية: Body Care، Body Mist.,https://alfouadpharmacies.com/en/products/eva-senses-body-mist-240ml-in-the-clouds,AlFouad Pharmacies,Verify usage rights before commercial publication,غير مثبت,غير مثبت,مرجعي فقط — غير معتمد للنشر التجاري,بيانات مرجعية متاحة؛ يلزم تحقق PM,ضمن الفحص المبدئي
10569722593583,eva-senses-body-mist-240ml-morning-blossom,بخاخ الجسم إيفا سينسز 240 مل، رائحة زهور الصباح,AlFouad Pharmacies,العناية بالجسم,العناية بالجسم,1,بسيط,8798,220,66,154,,متاح لدى المصدر,https://cdn.shopify.com/s/files/1/0935/9550/0847/files/Eva-Senses-Body-Mist-240ml-Morning-Blossom.webp?v=1754299183,منتج بخاخ الجسم إيفا سينسز 240 مل، رائحة زهور الصباح من AlFouad Pharmacies. التصنيف المرجعي: العناية بالجسم — بسيط. الوسوم المرجعية: Body Care، Body Mist.,https://alfouadpharmacies.com/en/products/eva-senses-body-mist-240ml-morning-blossom,AlFouad Pharmacies,Verify usage rights before commercial publication,غير مثبت,غير مثبت,مرجعي فقط — غير معتمد للنشر التجاري,بيانات مرجعية متاحة؛ يلزم تحقق PM,ضمن الفحص المبدئي
10569721282863,eva-senses-body-mist-240ml-love-tale,بخاخ الجسم إيفا سينسز 240 مل، رائحة قصة حب,AlFouad Pharmacies,العناية بالجسم,العناية بالجسم,1,بسيط,109332,220,66,154,,متاح لدى المصدر,https://cdn.shopify.com/s/files/1/0935/9550/0847/files/Eva-Senses-Body-Mist-240ml-Love-Tale.webp?v=1754299206,منتج بخاخ الجسم إيفا سينسز 240 مل، رائحة قصة حب من AlFouad Pharmacies. التصنيف المرجعي: العناية بالجسم — بسيط. الوسوم المرجعية: Body Care، Body Mist.,https://alfouadpharmacies.com/en/products/eva-senses-body-mist-240ml-love-tale,AlFouad Pharmacies,Verify usage rights before commercial publication,غير مثبت,غير مثبت,مرجعي فقط — غير معتمد للنشر التجاري,بيانات مرجعية متاحة؛ يلزم تحقق PM,ضمن الفحص المبدئي
10569721250095,eva-senses-body-mist-240ml-red-glamour,بخاخ الجسم إيفا سينسز 240 مل، ريد غلامور,AlFouad Pharmacies,العناية بالجسم,العناية بالجسم,1,بسيط,8703,220,66,154,,متاح لدى المصدر,https://cdn.shopify.com/s/files/1/0935/9550/0847/files/Eva-Senses-Body-Mist-240ml-Red-Glamour.webp?v=1754299207,منتج بخاخ الجسم إيفا سينسز 240 مل، ريد غلامور من AlFouad Pharmacies. التصنيف المرجعي: العناية بالجسم — بسيط. الوسوم المرجعية: Body Mist.,https://alfouadpharmacies.com/en/products/eva-senses-body-mist-240ml-red-glamour,AlFouad Pharmacies,Verify usage rights before commercial publication,غير مثبت,غير مثبت,مرجعي فقط — غير معتمد للنشر التجاري,بيانات مرجعية متاحة؛ يلزم تحقق PM,ضمن الفحص المبدئي
10569722003759,eva-senses-body-mist-240ml-musky-jasmine,بخاخ الجسم إيفا سينسز 240 مل، زهر الياسمين العطري,AlFouad Pharmacies,العناية بالجسم,العناية بالجسم,1,بسيط,8700,220,66,154,,متاح لدى المصدر,https://cdn.shopify.com/s/files/1/0935/9550/0847/files/Eva-Senses-Body-Mist-240ml-Musky-Jasmine.webp?v=1754299191,منتج بخاخ الجسم إيفا سينسز 240 مل، زهر الياسمين العطري من AlFouad Pharmacies. التصنيف المرجعي: العناية بالجسم — بسيط. الوسوم المرجعية: Body Care، Body Mist.,https://alfouadpharmacies.com/en/products/eva-senses-body-mist-240ml-musky-jasmine,AlFouad Pharmacies,Verify usage rights before commercial publication,غير مثبت,غير مثبت,مرجعي فقط — غير معتمد للنشر التجاري,بيانات مرجعية متاحة؛ يلزم تحقق PM,ضمن الفحص المبدئي
10569720004911,eva-senses-body-mist-240ml-gold-spell,بخاخ الجسم إيفا سينسز 240 مل، سحر ذهبي,AlFouad Pharmacies,العناية بالجسم,العناية بالجسم,1,بسيط,21706,220,66,154,,متاح لدى المصدر,https://cdn.shopify.com/s/files/1/0935/9550/0847/files/Eva-Senses-Body-Mist-240ml-Gold-Spell.webp?v=1754299223,منتج بخاخ الجسم إيفا سينسز 240 مل، سحر ذهبي من AlFouad Pharmacies. التصنيف المرجعي: العناية بالجسم — بسيط. الوسوم المرجعية: Body Care، Body Mist.,https://alfouadpharmacies.com/en/products/eva-senses-body-mist-240ml-gold-spell,AlFouad Pharmacies,Verify usage rights before commercial publication,غير مثبت,غير مثبت,مرجعي فقط — غير معتمد للنشر التجاري,بيانات مرجعية متاحة؛ يلزم تحقق PM,ضمن الفحص المبدئي
10569722626351,eva-senses-body-mist-240ml-spring-lilies,بخاخ الجسم إيفا سينسز 240 مل، عبارة عن زهور الربيع.,AlFouad Pharmacies,العناية بالجسم,العناية بالجسم,1,بسيط,8702,220,66,154,,متاح لدى المصدر,https://cdn.shopify.com/s/files/1/0935/9550/0847/files/Eva-Senses-Body-Mist-240ml-Spring-Lilies.webp?v=1754299183,منتج بخاخ الجسم إيفا سينسز 240 مل، عبارة عن زهور الربيع. من AlFouad Pharmacies. التصنيف المرجعي: العناية بالجسم — بسيط. الوسوم المرجعية: Body Care، Body Mist.,https://alfouadpharmacies.com/en/products/eva-senses-body-mist-240ml-spring-lilies,AlFouad Pharmacies,Verify usage rights before commercial publication,غير مثبت,غير مثبت,مرجعي فقط — غير معتمد للنشر التجاري,بيانات مرجعية متاحة؛ يلزم تحقق PM,ضمن الفحص المبدئي
10569840165167,axe-pocket-spray-17ml-dark-temptation,بخاخ الجسم المحمول Axe 17 مل، إصدار Dark Temptation,AlFouad Pharmacies,العناية بالجسم,العناية بالجسم,1,بسيط,97864,65,19.5,45.5,,متاح لدى المصدر,https://cdn.shopify.com/s/files/1/0935/9550/0847/files/Axe-Pocket-Spray-17ML-Dark-Temptation.webp?v=1754298518,منتج بخاخ الجسم المحمول Axe 17 مل، إصدار Dark Temptation من AlFouad Pharmacies. التصنيف المرجعي: العناية بالجسم — بسيط. الوسوم المرجعية: Body Care، Body Spray، Deodrant.,https://alfouadpharmacies.com/en/products/axe-pocket-spray-17ml-dark-temptation,AlFouad Pharmacies,Verify usage rights before commercial publication,غير مثبت,غير مثبت,مرجعي فقط — غير معتمد للنشر التجاري,بيانات مرجعية متاحة؛ يلزم تحقق PM,ضمن الفحص المبدئي
10569840296239,axe-pocket-spray-17ml-leatherampcookies,بخاخ الجسم المحمول Axe 17 مل، رائحة الجلد والكوكيز,AlFouad Pharmacies,العناية بالجسم,العناية بالجسم,1,بسيط,111288,65,19.5,45.5,,متاح لدى المصدر,https://cdn.shopify.com/s/files/1/0935/9550/0847/files/Axe-Pocket-Spray-17ML-LeatherCookies.webp?v=1754298517,منتج بخاخ الجسم المحمول Axe 17 مل، رائحة الجلد والكوكيز من AlFouad Pharmacies. التصنيف المرجعي: العناية بالجسم — بسيط. الوسوم المرجعية: Body Care، Body Spray، Deodrant.,https://alfouadpharmacies.com/en/products/axe-pocket-spray-17ml-leatherampcookies,AlFouad Pharmacies,Verify usage rights before commercial publication,غير مثبت,غير مثبت,مرجعي فقط — غير معتمد للنشر التجاري,بيانات مرجعية متاحة؛ يلزم تحقق PM,ضمن الفحص المبدئي
12689713496367,axe-pocket-spray-17ml-black,بخاخ الجسم المحمول آكس 17 مل أسود,AlFouad Pharmacies,العناية بالجسم,العناية بالجسم,1,بسيط,97861,65,19.5,45.5,,متاح لدى المصدر,https://cdn.shopify.com/s/files/1/0935/9550/0847/files/61MN5NtfbzL._AC_UF1000_1000_QL80.webp?v=1772284446,منتج بخاخ الجسم المحمول آكس 17 مل أسود من AlFouad Pharmacies. التصنيف المرجعي: العناية بالجسم — بسيط. الوسوم المرجعية: Body Care، Body Spray، Deodrant.,https://alfouadpharmacies.com/en/products/axe-pocket-spray-17ml-black,AlFouad Pharmacies,Verify usage rights before commercial publication,غير مثبت,غير مثبت,مرجعي فقط — غير معتمد للنشر التجاري,بيانات مرجعية متاحة؛ يلزم تحقق PM,ضمن الفحص المبدئي
10569835839791,axe-body-premium-spray-150ml-emerald-sage,بخاخ الجسم المميز من آكس، 150 مل، رائحة إكليل الجبل الأخضر.,AlFouad Pharmacies,العناية بالجسم,العناية بالجسم,1,بسيط,15011,210,63,147,,متاح لدى المصدر,https://cdn.shopify.com/s/files/1/0935/9550/0847/files/Axe-Body-Premium-Spray-150ML-Emerald-Sage.webp?v=1754298553,منتج بخاخ الجسم المميز من آكس، 150 مل، رائحة إكليل الجبل الأخضر. من AlFouad Pharmacies. التصنيف المرجعي: العناية بالجسم — بسيط. الوسوم المرجعية: Body Care، Body Spray، Deodrant.,https://alfouadpharmacies.com/en/products/axe-body-premium-spray-150ml-emerald-sage,AlFouad Pharmacies,Verify usage rights before commercial publication,غير مثبت,غير مثبت,مرجعي فقط — غير معتمد للنشر التجاري,بيانات مرجعية متاحة؛ يلزم تحقق PM,ضمن الفحص المبدئي
10569835675951,axe-body-premium-spray-150ml-aqua-bergamot,بخاخ الجسم المميز من آكس، 150 مل، رائحة البيرغموت المائية.,AlFouad Pharmacies,العناية بالجسم,العناية بالجسم,1,بسيط,14965,235,70.5,164.5,,متاح لدى المصدر,https://cdn.shopify.com/s/files/1/0935/9550/0847/files/Axe-Body-Premium-Spray-150ML-Aqua-Bergamot.webp?v=1754298554,منتج بخاخ الجسم المميز من آكس، 150 مل، رائحة البيرغموت المائية. من AlFouad Pharmacies. التصنيف المرجعي: العناية بالجسم — بسيط. الوسوم المرجعية: Body Care، Body Spray، Deodrant.,https://alfouadpharmacies.com/en/products/axe-body-premium-spray-150ml-aqua-bergamot,AlFouad Pharmacies,Verify usage rights before commercial publication,غير مثبت,غير مثبت,مرجعي فقط — غير معتمد للنشر التجاري,بيانات مرجعية متاحة؛ يلزم تحقق PM,ضمن الفحص المبدئي
10569835741487,axe-body-premium-spray-150ml-blue-lavander,بخاخ الجسم المميز من آكس، 150 مل، رائحة الخزامى الأزرق,AlFouad Pharmacies,العناية بالجسم,العناية بالجسم,1,بسيط,14986,235,70.5,164.5,,متاح لدى المصدر,https://cdn.shopify.com/s/files/1/0935/9550/0847/files/Axe-Body-Premium-Spray-150ML-Blue-Lavander.webp?v=1754298553,منتج بخاخ الجسم المميز من آكس، 150 مل، رائحة الخزامى الأزرق من AlFouad Pharmacies. التصنيف المرجعي: العناية بالجسم — بسيط. الوسوم المرجعية: Body Care، Body Spray، Deodrant.,https://alfouadpharmacies.com/en/products/axe-body-premium-spray-150ml-blue-lavander,AlFouad Pharmacies,Verify usage rights before commercial publication,غير مثبت,غير مثبت,مرجعي فقط — غير معتمد للنشر التجاري,بيانات مرجعية متاحة؛ يلزم تحقق PM,ضمن الفحص المبدئي
10569929752879,breathe-body-mist-200ml-simply-white,بخاخ الجسم المنعش 200 مل، أبيض نقي,AlFouad Pharmacies,العناية بالجسم,العناية بالجسم,1,بسيط,103133,320,96,224,,متاح لدى المصدر,https://cdn.shopify.com/s/files/1/0935/9550/0847/files/Breathe-Body-Mist-100ML-Simply-White_ad4a8b47-fd94-4936-888a-d39b4f8280c3.webp?v=1754297798,منتج بخاخ الجسم المنعش 200 مل، أبيض نقي من AlFouad Pharmacies. التصنيف المرجعي: العناية بالجسم — بسيط. الوسوم المرجعية: Body Care، Body Mist، Body Spray، Deodrant.,https://alfouadpharmacies.com/en/products/breathe-body-mist-200ml-simply-white,AlFouad Pharmacies,Verify usage rights before commercial publication,غير مثبت,غير مثبت,مرجعي فقط — غير معتمد للنشر التجاري,بيانات مرجعية متاحة؛ يلزم تحقق PM,ضمن الفحص المبدئي
10569929818415,breathe-body-mist-200ml-so-clean-white-musk,بخاخ الجسم المنعش 200 مل، رائحة المسك الأبيض النقي.,AlFouad Pharmacies,العناية بالجسم,العناية بالجسم,1,بسيط,112398,370,111,259,,متاح لدى المصدر,https://cdn.shopify.com/s/files/1/0935/9550/0847/files/Breathe-Body-Mist-100ML-So-Clean-White-Musk_006b3b06-4c69-4c81-8d18-5dadc35ef3c0.webp?v=1754297797,منتج بخاخ الجسم المنعش 200 مل، رائحة المسك الأبيض النقي. من AlFouad Pharmacies. التصنيف المرجعي: العناية بالجسم — بسيط. الوسوم المرجعية: Body Care، Body Mist، Body Spray، Deodrant.,https://alfouadpharmacies.com/en/products/breathe-body-mist-200ml-so-clean-white-musk,AlFouad Pharmacies,Verify usage rights before commercial publication,غير مثبت,غير مثبت,مرجعي فقط — غير معتمد للنشر التجاري,بيانات مرجعية متاحة؛ يلزم تحقق PM,ضمن الفحص المبدئي
10569893445935,bathampbody-works-bmist-236ml-midnight-amber-glow,بخاخ الجسم من Bath &amp; Body Works، B.MIST، 236 مل، عطر منتصف الليل الذهبي.,Bath and Body,العناية بالجسم,العناية بالجسم,1,بسيط,9339,800,240,560,,غير متاح لدى المصدر,https://cdn.shopify.com/s/files/1/0935/9550/0847/files/BathBody-Works-B.MIST-236ML-Midnight-Amber-Glow.webp?v=1754298228,منتج بخاخ الجسم من Bath &amp; Body Works، B.MIST، 236 مل، عطر منتصف الليل الذهبي. من Bath and Body. التصنيف المرجعي: العناية بالجسم — بسيط. الوسوم المرجعية: Body Care، Body Mist، Body Splash، Body Spray، Deodrant، Perfumes.,https://alfouadpharmacies.com/en/products/bathampbody-works-bmist-236ml-midnight-amber-glow,AlFouad Pharmacies,Verify usage rights before commercial publication,غير مثبت,غير مثبت,مرجعي فقط — غير معتمد للنشر التجاري,بيانات مرجعية متاحة؛ يلزم تحقق PM,ضمن الفحص المبدئي
10569893839151,bathampbody-works-bmist-236ml-pure-wonder,بخاخ الجسم من Bath&amp;Body Works B.MIST 236 مل، رائحة Pure Wonder,Bath and Body,العناية بالجسم,العناية بالجسم,1,بسيط,6885,800,240,560,,غير متاح لدى المصدر,https://cdn.shopify.com/s/files/1/0935/9550/0847/files/BathBody-Works-B.MIST-236ML-Pure-Wonder.webp?v=1754298223,منتج بخاخ الجسم من Bath&amp;Body Works B.MIST 236 مل، رائحة Pure Wonder من Bath and Body. التصنيف المرجعي: العناية بالجسم — بسيط. الوسوم المرجعية: Body Care، Body Mist، Body Splash، Body Spray، Deodrant، Perfumes.,https://alfouadpharmacies.com/en/products/bathampbody-works-bmist-236ml-pure-wonder,AlFouad Pharmacies,Verify usage rights before commercial publication,غير مثبت,غير مثبت,مرجعي فقط — غير معتمد للنشر التجاري,بيانات مرجعية متاحة؛ يلزم تحقق PM,ضمن الفحص المبدئي
10569858646319,bathampbody-works-bmist-236ml-at-the-beach,بخاخ الجسم من Bath&amp;Body Works B.mist 236 مل، رائحة الشاطئ,Bath and Body,العناية بالجسم,العناية بالجسم,1,بسيط,108434,800,240,560,,غير متاح لدى المصدر,https://cdn.shopify.com/s/files/1/0935/9550/0847/files/BathBody-Works-B.MIST-236ML-at-the-Beach-1.webp?v=1754298354,منتج بخاخ الجسم من Bath&amp;Body Works B.mist 236 مل، رائحة الشاطئ من Bath and Body. التصنيف المرجعي: العناية بالجسم — بسيط. الوسوم المرجعية: Body Care، Body Mist، Body Splash، Body Spray، Deodrant، Perfumes.,https://alfouadpharmacies.com/en/products/bathampbody-works-bmist-236ml-at-the-beach,AlFouad Pharmacies,Verify usage rights before commercial publication,غير مثبت,غير مثبت,مرجعي فقط — غير معتمد للنشر التجاري,بيانات مرجعية متاحة؛ يلزم تحقق PM,ضمن الفحص المبدئي
10569894002991,bathampbody-works-bmist-236ml-salt-water,بخاخ الجسم من Bath&amp;Body Works B.MIST 236 مل، رائحة مياه البحر.,Bath and Body,العناية بالجسم,العناية بالجسم,1,بسيط,101450,800,240,560,,غير متاح لدى المصدر,https://cdn.shopify.com/s/files/1/0935/9550/0847/files/BathBody-Works-B.MIST-236ML-Salt-Water.webp?v=1754298220,منتج بخاخ الجسم من Bath&amp;Body Works B.MIST 236 مل، رائحة مياه البحر. من Bath and Body. التصنيف المرجعي: العناية بالجسم — بسيط. الوسوم المرجعية: Body Care، Body Mist، Body Splash، Body Spray، Deodrant، Perfumes.,https://alfouadpharmacies.com/en/products/bathampbody-works-bmist-236ml-salt-water,AlFouad Pharmacies,Verify usage rights before commercial publication,غير مثبت,غير مثبت,مرجعي فقط — غير معتمد للنشر التجاري,بيانات مرجعية متاحة؛ يلزم تحقق PM,ضمن الفحص المبدئي
10569859072303,bathampbody-works-bmist-236ml-coco-paradise,بخاخ الجسم من Bath&amp;Body Works B.MIST 236 مل، عطر كوكو بارادايس,Bath and Body,العناية بالجسم,العناية بالجسم,1,بسيط,112081,800,240,560,,غير متاح لدى المصدر,https://cdn.shopify.com/s/files/1/0935/9550/0847/files/BathBody-Works-B.MIST-236ML-Coco-Paradise.webp?v=1754298350,منتج بخاخ الجسم من Bath&amp;Body Works B.MIST 236 مل، عطر كوكو بارادايس من Bath and Body. التصنيف المرجعي: العناية بالجسم — بسيط. الوسوم المرجعية: Body Care، Body Mist، Body Splash، Body Spray، Deodrant، Perfumes.,https://alfouadpharmacies.com/en/products/bathampbody-works-bmist-236ml-coco-paradise,AlFouad Pharmacies,Verify usage rights before commercial publication,غير مثبت,غير مثبت,مرجعي فقط — غير معتمد للنشر التجاري,بيانات مرجعية متاحة؛ يلزم تحقق PM,ضمن الفحص المبدئي
10569893347631,bathampbody-works-bmist-236ml-magic-in-the-air,بخاخ الجسم من Bath&amp;Body Works B.MIST سعة 236 مل، رائحة Magic in the Air,Bath and Body,العناية بالجسم,العناية بالجسم,1,بسيط,108454,800,240,560,,غير متاح لدى المصدر,https://cdn.shopify.com/s/files/1/0935/9550/0847/files/BathBody-Works-B.MIST-236ML-Magic-in-the-Air.webp?v=1754298230,منتج بخاخ الجسم من Bath&amp;Body Works B.MIST سعة 236 مل، رائحة Magic in the Air من Bath and Body. التصنيف المرجعي: العناية بالجسم — بسيط. الوسوم المرجعية: Body Care، Body Mist، Body Splash، Body Spray، Deodrant، Perfumes.,https://alfouadpharmacies.com/en/products/bathampbody-works-bmist-236ml-magic-in-the-air,AlFouad Pharmacies,Verify usage rights before commercial publication,غير مثبت,غير مثبت,مرجعي فقط — غير معتمد للنشر التجاري,بيانات مرجعية متاحة؛ يلزم تحقق PM,ضمن الفحص المبدئي
10569890136367,bathampbody-works-bmist-236ml-dahlia,بخاخ الجسم من Bath&amp;Body Works B.mist، 236 مل، رائحة زهرة الداليا.,Bath and Body,العناية بالجسم,العناية بالجسم,1,بسيط,108685,800,240,560,,غير متاح لدى المصدر,https://cdn.shopify.com/s/files/1/0935/9550/0847/files/BathBody-Works-B.MIST-236ML-Dahlia.webp?v=1754298264,منتج بخاخ الجسم من Bath&amp;Body Works B.mist، 236 مل، رائحة زهرة الداليا. من Bath and Body. التصنيف المرجعي: العناية بالجسم — بسيط. الوسوم المرجعية: Body Care، Body Mist، Body Splash، Body Spray، Deodrant، Perfumes.,https://alfouadpharmacies.com/en/products/bathampbody-works-bmist-236ml-dahlia,AlFouad Pharmacies,Verify usage rights before commercial publication,غير مثبت,غير مثبت,مرجعي فقط — غير معتمد للنشر التجاري,بيانات مرجعية متاحة؛ يلزم تحقق PM,ضمن الفحص المبدئي
10569894330671,bathampbody-works-bmist-236ml-tropidelic,بخاخ الجسم من Bath&amp;Body Works B.MIST، حجم 236 مل، رائحة Tropidelic.,Bath and Body,العناية بالجسم,العناية بالجسم,1,بسيط,112080,800,240,560,,غير متاح لدى المصدر,https://cdn.shopify.com/s/files/1/0935/9550/0847/files/BathBody-Works-B.MIST-236ML-Tropidelic.webp?v=1754298217,منتج بخاخ الجسم من Bath&amp;Body Works B.MIST، حجم 236 مل، رائحة Tropidelic. من Bath and Body. التصنيف المرجعي: العناية بالجسم — بسيط. الوسوم المرجعية: Body Care، Body Mist، Body Splash، Body Spray، Deodrant، Perfumes.,https://alfouadpharmacies.com/en/products/bathampbody-works-bmist-236ml-tropidelic,AlFouad Pharmacies,Verify usage rights before commercial publication,غير مثبت,غير مثبت,مرجعي فقط — غير معتمد للنشر التجاري,بيانات مرجعية متاحة؛ يلزم تحقق PM,ضمن الفحص المبدئي
10569893085487,bathampbody-works-bmist-236ml-mad-about-you,بخاخ الجسم من Bath&amp;Body Works، B.MIST، 236 مل، رائحة Mad About You.,Bath and Body,العناية بالجسم,العناية بالجسم,1,بسيط,96630,800,240,560,,غير متاح لدى المصدر,https://cdn.shopify.com/s/files/1/0935/9550/0847/files/BathBody-Works-B.MIST-236ML-Mad-About-You.webp?v=1754298232,منتج بخاخ الجسم من Bath&amp;Body Works، B.MIST، 236 مل، رائحة Mad About You. من Bath and Body. التصنيف المرجعي: العناية بالجسم — بسيط. الوسوم المرجعية: Body Care، Body Mist، Body Splash، Body Spray، Deodrant، Perfumes.,https://alfouadpharmacies.com/en/products/bathampbody-works-bmist-236ml-mad-about-you,AlFouad Pharmacies,Verify usage rights before commercial publication,غير مثبت,غير مثبت,مرجعي فقط — غير معتمد للنشر التجاري,بيانات مرجعية متاحة؛ يلزم تحقق PM,ضمن الفحص المبدئي
10569892987183,bathampbody-works-bmist-236ml-luminous,بخاخ الجسم من Bath&amp;Body Works، إصدار B.MIST، حجم 236 مل، رائحة مضيئة.,Bath and Body,العناية بالجسم,العناية بالجسم,1,بسيط,112078,800,240,560,,غير متاح لدى المصدر,https://cdn.shopify.com/s/files/1/0935/9550/0847/files/BathBody-Works-B.MIST-236ML-Luminous.webp?v=1754298233,منتج بخاخ الجسم من Bath&amp;Body Works، إصدار B.MIST، حجم 236 مل، رائحة مضيئة. من Bath and Body. التصنيف المرجعي: العناية بالجسم — بسيط. الوسوم المرجعية: Body Care، Body Mist، Body Splash، Body Spray، Deodrant، Perfumes.,https://alfouadpharmacies.com/en/products/bathampbody-works-bmist-236ml-luminous,AlFouad Pharmacies,Verify usage rights before commercial publication,غير مثبت,غير مثبت,مرجعي فقط — غير معتمد للنشر التجاري,بيانات مرجعية متاحة؛ يلزم تحقق PM,ضمن الفحص المبدئي
10569891545391,bathampbody-works-bmist-236ml-gingham-fresh,بخاخ الجسم من Bath&amp;Body Works، إصدار Gingham Fresh، سعة 236 مل.,Bath and Body,العناية بالجسم,العناية بالجسم,1,بسيط,14352,800,240,560,,غير متاح لدى المصدر,https://cdn.shopify.com/s/files/1/0935/9550/0847/files/BathBody-Works-B.MIST-236ML-Gingham-Fresh.webp?v=1754298254,منتج بخاخ الجسم من Bath&amp;Body Works، إصدار Gingham Fresh، سعة 236 مل. من Bath and Body. التصنيف المرجعي: العناية بالجسم — بسيط. الوسوم المرجعية: Body Care، Body Mist، Body Splash، Body Spray، Deodrant، Perfumes.,https://alfouadpharmacies.com/en/products/bathampbody-works-bmist-236ml-gingham-fresh,AlFouad Pharmacies,Verify usage rights before commercial publication,غير مثبت,غير مثبت,مرجعي فقط — غير معتمد للنشر التجاري,بيانات مرجعية متاحة؛ يلزم تحقق PM,ضمن الفحص المبدئي
10569891643695,bathampbody-works-bmist-236ml-gingham-love,بخاخ الجسم من Bath&amp;Body Works، إصدار Gingham Love، سعة 236 مل.,Bath and Body,العناية بالجسم,العناية بالجسم,1,بسيط,21549,800,240,560,,غير متاح لدى المصدر,https://cdn.shopify.com/s/files/1/0935/9550/0847/files/BathBody-Works-B.MIST-236ML-Gingham-Love.webp?v=1754298253,منتج بخاخ الجسم من Bath&amp;Body Works، إصدار Gingham Love، سعة 236 مل. من Bath and Body. التصنيف المرجعي: العناية بالجسم — بسيط. الوسوم المرجعية: Body Care، Body Mist، Body Splash، Body Spray، Deodrant، Perfumes.,https://alfouadpharmacies.com/en/products/bathampbody-works-bmist-236ml-gingham-love,AlFouad Pharmacies,Verify usage rights before commercial publication,غير مثبت,غير مثبت,مرجعي فقط — غير معتمد للنشر التجاري,بيانات مرجعية متاحة؛ يلزم تحقق PM,ضمن الفحص المبدئي
10569891807535,bathampbody-works-bmist-236ml-hello-sun-shine,بخاخ الجسم من Bath&amp;Body Works، إصدار Hello Sun Shine، سعة 236 مل.,Bath and Body,العناية بالجسم,العناية بالجسم,1,بسيط,108460,800,240,560,,متاح لدى المصدر,https://cdn.shopify.com/s/files/1/0935/9550/0847/files/BathBody-Works-B.MIST-236ML-Hello-Sun-Shine.webp?v=1754298250,منتج بخاخ الجسم من Bath&amp;Body Works، إصدار Hello Sun Shine، سعة 236 مل. من Bath and Body. التصنيف المرجعي: العناية بالجسم — بسيط. الوسوم المرجعية: Body Care، Body Mist، Body Splash، Body Spray، Deodrant، Perfumes.,https://alfouadpharmacies.com/en/products/bathampbody-works-bmist-236ml-hello-sun-shine,AlFouad Pharmacies,Verify usage rights before commercial publication,غير مثبت,غير مثبت,مرجعي فقط — غير معتمد للنشر التجاري,بيانات مرجعية متاحة؛ يلزم تحقق PM,ضمن الفحص المبدئي
10569891316015,bathampbody-works-bmist-236ml-dream,بخاخ الجسم من Bath&amp;Body Works، رائحة Dream، 236 مل,Bath and Body,العناية بالجسم,العناية بالجسم,1,بسيط,97644,800,240,560,,غير متاح لدى المصدر,https://cdn.shopify.com/s/files/1/0935/9550/0847/files/BathBody-Works-B.MIST-236ML-Dream.webp?v=1754298257,منتج بخاخ الجسم من Bath&amp;Body Works، رائحة Dream، 236 مل من Bath and Body. التصنيف المرجعي: العناية بالجسم — بسيط. الوسوم المرجعية: Body Care، Body Mist، Body Spray، Deodrant.,https://alfouadpharmacies.com/en/products/bathampbody-works-bmist-236ml-dream,AlFouad Pharmacies,Verify usage rights before commercial publication,غير مثبت,غير مثبت,مرجعي فقط — غير معتمد للنشر التجاري,بيانات مرجعية متاحة؛ يلزم تحقق PM,ضمن الفحص المبدئي
10569894199599,bathampbody-works-bmist-236ml-summer-melody,بخاخ الجسم من Bath&amp;Body Works، رائحة Summer Melody، سعة 236 مل.,Bath and Body,العناية بالجسم,العناية بالجسم,1,بسيط,9601,800,240,560,,غير متاح لدى المصدر,https://cdn.shopify.com/s/files/1/0935/9550/0847/files/BathBody-Works-B.MIST-236ML-Summer-Melody.webp?v=1754298218,منتج بخاخ الجسم من Bath&amp;Body Works، رائحة Summer Melody، سعة 236 مل. من Bath and Body. التصنيف المرجعي: العناية بالجسم — بسيط. الوسوم المرجعية: Body Care، Body Mist، Body Splash، Body Spray، Deodrant، Perfumes.,https://alfouadpharmacies.com/en/products/bathampbody-works-bmist-236ml-summer-melody,AlFouad Pharmacies,Verify usage rights before commercial publication,غير مثبت,غير مثبت,مرجعي فقط — غير معتمد للنشر التجاري,بيانات مرجعية متاحة؛ يلزم تحقق PM,ضمن الفحص المبدئي
10569894428975,bathampbody-works-bmist-236ml-warm-vanilla,بخاخ الجسم من Bath&amp;Body Works، رائحة الفانيليا الدافئة، 236 مل.,Bath and Body,العناية بالجسم,العناية بالجسم,1,بسيط,109337,800,240,560,,متاح لدى المصدر,https://cdn.shopify.com/s/files/1/0935/9550/0847/files/BathBody-Works-B.MIST-236ML-Warm-Vanilla.webp?v=1754298215,منتج بخاخ الجسم من Bath&amp;Body Works، رائحة الفانيليا الدافئة، 236 مل. من Bath and Body. التصنيف المرجعي: العناية بالجسم — بسيط. الوسوم المرجعية: Body Care، Body Mist، Body Splash، Body Spray، Deodrant، Perfumes.,https://alfouadpharmacies.com/en/products/bathampbody-works-bmist-236ml-warm-vanilla,AlFouad Pharmacies,Verify usage rights before commercial publication,غير مثبت,غير مثبت,مرجعي فقط — غير معتمد للنشر التجاري,بيانات مرجعية متاحة؛ يلزم تحقق PM,ضمن الفحص المبدئي
10569893642543,bathampbody-works-bmist-236ml-pear-creme-brulee,بخاخ الجسم من Bath&amp;Body Works، رائحة الكمثرى والكريم بروليه، 236 مل.,Bath and Body,العناية بالجسم,العناية بالجسم,1,بسيط,101428,800,240,560,,غير متاح لدى المصدر,https://cdn.shopify.com/s/files/1/0935/9550/0847/files/BathBody-Works-B.MIST-236ML-Pear-Creme-Brulee.webp?v=1754298225,منتج بخاخ الجسم من Bath&amp;Body Works، رائحة الكمثرى والكريم بروليه، 236 مل. من Bath and Body. التصنيف المرجعي: العناية بالجسم — بسيط. الوسوم المرجعية: Body Care، Body Mist، Body Splash، Body Spray، Deodrant، Perfumes.,https://alfouadpharmacies.com/en/products/bathampbody-works-bmist-236ml-pear-creme-brulee,AlFouad Pharmacies,Verify usage rights before commercial publication,غير مثبت,غير مثبت,مرجعي فقط — غير معتمد للنشر التجاري,بيانات مرجعية متاحة؛ يلزم تحقق PM,ضمن الفحص المبدئي
10569893478703,bathampbody-works-bmist-236ml-peach-bellini,بخاخ الجسم من Bath&amp;Body Works، رائحة بيتش بيليني، 236 مل,Bath and Body,العناية بالجسم,العناية بالجسم,1,بسيط,0,750,225,525,,غير متاح لدى المصدر,https://cdn.shopify.com/s/files/1/0935/9550/0847/files/BathBody-Works-B.MIST-236ML-Peach-Bellini.webp?v=1754298227,منتج بخاخ الجسم من Bath&amp;Body Works، رائحة بيتش بيليني، 236 مل من Bath and Body. التصنيف المرجعي: العناية بالجسم — بسيط. الوسوم المرجعية: Body Care، Body Mist، Body Splash، Body Spray، Deodrant، Perfumes.,https://alfouadpharmacies.com/en/products/bathampbody-works-bmist-236ml-peach-bellini,AlFouad Pharmacies,Verify usage rights before commercial publication,غير مثبت,غير مثبت,مرجعي فقط — غير معتمد للنشر التجاري,بيانات مرجعية متاحة؛ يلزم تحقق PM,ضمن الفحص المبدئي
10569892659503,bathampbody-works-bmist-236ml-japanesecherry-blossom,بخاخ الجسم من Bath&amp;Body Works، رائحة زهر الكرز الياباني، 236 مل.,Bath and Body,العناية بالجسم,العناية بالجسم,1,بسيط,108452,800,240,560,,متاح لدى المصدر,https://cdn.shopify.com/s/files/1/0935/9550/0847/files/BathBody-Works-B.MIST-236ML-Japanesecherry-Blosso.webp?v=1754298238,منتج بخاخ الجسم من Bath&amp;Body Works، رائحة زهر الكرز الياباني، 236 مل. من Bath and Body. التصنيف المرجعي: العناية بالجسم — بسيط. الوسوم المرجعية: Body Care، Body Mist، Body Splash، Body Spray، Deodrant، Perfumes.,https://alfouadpharmacies.com/en/products/bathampbody-works-bmist-236ml-japanesecherry-blossom,AlFouad Pharmacies,Verify usage rights before commercial publication,غير مثبت,غير مثبت,مرجعي فقط — غير معتمد للنشر التجاري,بيانات مرجعية متاحة؛ يلزم تحقق PM,ضمن الفحص المبدئي
10569893740847,bathampbody-works-bmist-236ml-pink-mangolia,بخاخ الجسم من Bath&amp;Body Works، رائحة زهرة المانجولي الوردي، 236 مل,Bath and Body,العناية بالجسم,العناية بالجسم,1,بسيط,93459,800,240,560,,غير متاح لدى المصدر,https://cdn.shopify.com/s/files/1/0935/9550/0847/files/BathBody-Works-B.MIST-236ML-Pink-Mangolia.webp?v=1754298224,منتج بخاخ الجسم من Bath&amp;Body Works، رائحة زهرة المانجولي الوردي، 236 مل من Bath and Body. التصنيف المرجعي: العناية بالجسم — بسيط. الوسوم المرجعية: Body Care، Body Mist، Body Splash، Body Spray، Deodrant، Perfumes.,https://alfouadpharmacies.com/en/products/bathampbody-works-bmist-236ml-pink-mangolia,AlFouad Pharmacies,Verify usage rights before commercial publication,غير مثبت,غير مثبت,مرجعي فقط — غير معتمد للنشر التجاري,بيانات مرجعية متاحة؛ يلزم تحقق PM,ضمن الفحص المبدئي
10569894166831,bathampbody-works-bmist-236ml-snowy-morning,بخاخ الجسم من Bath&amp;Body Works، رائحة صباح ثلجي، 236 مل,Bath and Body,العناية بالجسم,العناية بالجسم,1,بسيط,101448,800,240,560,,غير متاح لدى المصدر,https://cdn.shopify.com/s/files/1/0935/9550/0847/files/BathBody-Works-B.MIST-236ML-Snowy-Morning.webp?v=1754298219,منتج بخاخ الجسم من Bath&amp;Body Works، رائحة صباح ثلجي، 236 مل من Bath and Body. التصنيف المرجعي: العناية بالجسم — بسيط. الوسوم المرجعية: Body Care، Body Mist، Body Splash، Body Spray، Deodrant، Perfumes.,https://alfouadpharmacies.com/en/products/bathampbody-works-bmist-236ml-snowy-morning,AlFouad Pharmacies,Verify usage rights before commercial publication,غير مثبت,غير مثبت,مرجعي فقط — غير معتمد للنشر التجاري,بيانات مرجعية متاحة؛ يلزم تحقق PM,ضمن الفحص المبدئي
12689512169775,one-bond-body-splash-200ml-blue-dominas,بخاخ الجسم ون بوند 200 مل بلو دوميناس,One Bond,العناية بالجسم,العناية بالجسم,1,,114592,250,75,175,,متاح لدى المصدر,https://cdn.shopify.com/s/files/1/0935/9550/0847/files/ONEBONDBODYSPLASH200MLBLUEDOMINAS.webp?v=1771847163,منتج بخاخ الجسم ون بوند 200 مل بلو دوميناس من One Bond. التصنيف المرجعي: العناية بالجسم. الوسوم المرجعية: Body Mist، Body Splash، Men Care، Men’s Perfumes.,https://alfouadpharmacies.com/en/products/one-bond-body-splash-200ml-blue-dominas,AlFouad Pharmacies,Verify usage rights before commercial publication,غير مثبت,غير مثبت,مرجعي فقط — غير معتمد للنشر التجاري,بيانات مرجعية متاحة؛ يلزم تحقق PM,ضمن الفحص المبدئي
10569855664431,victoria-secret-body-mist-250ml-rush,بخاخ جسم فيكتوريا سيكرت 250 مل رَش (Rush),Victoria Secret,العناية بالجسم,العناية بالجسم,1,بسيط,94882,650,195,455,,غير متاح لدى المصدر,https://cdn.shopify.com/s/files/1/0935/9550/0847/files/Victoria-Secret.-Body-Mist-250ML-Rush-562_d70d2cb7-f85e-4ff5-98c6-c844dfcc3610.webp?v=1754298386,منتج بخاخ جسم فيكتوريا سيكرت 250 مل رَش (Rush) من Victoria Secret. التصنيف المرجعي: العناية بالجسم — بسيط. الوسوم المرجعية: Body Care، Body Mist، Body Splash، Body Spray، Deodrant، Perfumes.,https://alfouadpharmacies.com/en/products/victoria-secret-body-mist-250ml-rush,AlFouad Pharmacies,Verify usage rights before commercial publication,غير مثبت,غير مثبت,مرجعي فقط — غير معتمد للنشر التجاري,بيانات مرجعية متاحة؛ يلزم تحقق PM,ضمن الفحص المبدئي
10569856385327,victoria-secret-body-mist-250ml-velvet-petals,بخاخ جسم فيكتوريا سيكرت 250 مل، رائحة بتلات المخمل.,Victoria Secret,العناية بالجسم,العناية بالجسم,1,بسيط,94831,650,195,455,,غير متاح لدى المصدر,https://cdn.shopify.com/s/files/1/0935/9550/0847/files/V.S.B.-Body-Mist-250ML-Velvet-Petals.webp?v=1754298378,منتج بخاخ جسم فيكتوريا سيكرت 250 مل، رائحة بتلات المخمل. من Victoria Secret. التصنيف المرجعي: العناية بالجسم — بسيط. الوسوم المرجعية: Body Care، Body Mist، Body Splash، Body Spray، Deodrant، Perfumes.,https://alfouadpharmacies.com/en/products/victoria-secret-body-mist-250ml-velvet-petals,AlFouad Pharmacies,Verify usage rights before commercial publication,غير مثبت,غير مثبت,مرجعي فقط — غير معتمد للنشر التجاري,بيانات مرجعية متاحة؛ يلزم تحقق PM,ضمن الفحص المبدئي
10569854124335,victoria-secret-body-mist-250ml-coconut-passion,بخاخ جسم فيكتوريا سيكرت 250 مل، عطر جوز الهند.,Victoria Secret,العناية بالجسم,العناية بالجسم,1,بسيط,107186,650,195,455,,متاح لدى المصدر,https://cdn.shopify.com/s/files/1/0935/9550/0847/files/Victoria-Secret-Body-Mist-250ML-Coconut-Passion.webp?v=1754298401,منتج بخاخ جسم فيكتوريا سيكرت 250 مل، عطر جوز الهند. من Victoria Secret. التصنيف المرجعي: العناية بالجسم — بسيط. الوسوم المرجعية: Body Care، Body Mist، Body Splash، Body Spray، Deodrant، Perfumes.,https://alfouadpharmacies.com/en/products/victoria-secret-body-mist-250ml-coconut-passion,AlFouad Pharmacies,Verify usage rights before commercial publication,غير مثبت,غير مثبت,مرجعي فقط — غير معتمد للنشر التجاري,بيانات مرجعية متاحة؛ يلزم تحقق PM,ضمن الفحص المبدئي
10569855861039,victoria-secret-body-mist-250ml-secret-escape,بخاخ جسم فيكتوريا سيكرت، 250 مل، إصدار سيكرت إسكيب.,Victoria Secret,العناية بالجسم,العناية بالجسم,1,بسيط,107203,650,195,455,,غير متاح لدى المصدر,https://cdn.shopify.com/s/files/1/0935/9550/0847/files/Victoria-Secret.-Body-Mist-250ML-Secret-Escape.webp?v=1754298385,منتج بخاخ جسم فيكتوريا سيكرت، 250 مل، إصدار سيكرت إسكيب. من Victoria Secret. التصنيف المرجعي: العناية بالجسم — بسيط. الوسوم المرجعية: Body Care، Body Mist، Body Splash، Body Spray، Deodrant، Perfumes.,https://alfouadpharmacies.com/en/products/victoria-secret-body-mist-250ml-secret-escape,AlFouad Pharmacies,Verify usage rights before commercial publication,غير مثبت,غير مثبت,مرجعي فقط — غير معتمد للنشر التجاري,بيانات مرجعية متاحة؛ يلزم تحقق PM,ضمن الفحص المبدئي
10569854550319,victoria-secret-body-mist-250ml-exotic,بخاخ جسم فيكتوريا سيكرت، 250 مل، رائحة إكستيكية.,Victoria Secret,العناية بالجسم,العناية بالجسم,1,بسيط,107519,650,195,455,,غير متاح لدى المصدر,https://cdn.shopify.com/s/files/1/0935/9550/0847/files/V.S-B.-Body-Mist-250ML-Exotic.webp?v=1754298397,منتج بخاخ جسم فيكتوريا سيكرت، 250 مل، رائحة إكستيكية. من Victoria Secret. التصنيف المرجعي: العناية بالجسم — بسيط. الوسوم المرجعية: Body Care، Body Mist، Body Splash، Body Spray، Deodrant، Perfumes.,https://alfouadpharmacies.com/en/products/victoria-secret-body-mist-250ml-exotic,AlFouad Pharmacies,Verify usage rights before commercial publication,غير مثبت,غير مثبت,مرجعي فقط — غير معتمد للنشر التجاري,بيانات مرجعية متاحة؛ يلزم تحقق PM,ضمن الفحص المبدئي
10569854845231,victoria-secret-body-mist-250ml-love-addict,بخاخ جسم فيكتوريا سيكرت، 250 مل، عطر Love Addict.,Victoria Secret,العناية بالجسم,العناية بالجسم,1,بسيط,107533,650,195,455,,متاح لدى المصدر,https://cdn.shopify.com/s/files/1/0935/9550/0847/files/Victoria-Secret.-Body-Mist-250ML-Love-Addict.webp?v=1754298394,منتج بخاخ جسم فيكتوريا سيكرت، 250 مل، عطر Love Addict. من Victoria Secret. التصنيف المرجعي: العناية بالجسم — بسيط. الوسوم المرجعية: Body Care، Body Mist، Body Splash، Body Spray، Deodrant، Perfumes.,https://alfouadpharmacies.com/en/products/victoria-secret-body-mist-250ml-love-addict,AlFouad Pharmacies,Verify usage rights before commercial publication,غير مثبت,غير مثبت,مرجعي فقط — غير معتمد للنشر التجاري,بيانات مرجعية متاحة؛ يلزم تحقق PM,ضمن الفحص المبدئي
10569855238447,victoria-secret-body-mist-250ml-pure-seduction,بخاخ جسم فيكتوريا سيكرت، 250 مل، عطر بيور سيدوكسيون.,Victoria Secret,العناية بالجسم,العناية بالجسم,1,بسيط,107523,650,195,455,,غير متاح لدى المصدر,https://cdn.shopify.com/s/files/1/0935/9550/0847/files/Victoria-Secret.-Body-Mist-250ML-Pure-Seduction-9141.webp?v=1754298390,منتج بخاخ جسم فيكتوريا سيكرت، 250 مل، عطر بيور سيدوكسيون. من Victoria Secret. التصنيف المرجعي: العناية بالجسم — بسيط. الوسوم المرجعية: Body Care، Body Mist، Body Splash، Body Spray، Deodrant، Perfumes.,https://alfouadpharmacies.com/en/products/victoria-secret-body-mist-250ml-pure-seduction,AlFouad Pharmacies,Verify usage rights before commercial publication,غير مثبت,غير مثبت,مرجعي فقط — غير معتمد للنشر التجاري,بيانات مرجعية متاحة؛ يلزم تحقق PM,ضمن الفحص المبدئي
10569856057647,victoria-secret-body-mist-250ml-temptation,بخاخ جسم فيكتوريا سيكرت، رائحة إغراء، 250 مل,Victoria Secret,العناية بالجسم,العناية بالجسم,1,بسيط,107522,650,195,455,,متاح لدى المصدر,https://cdn.shopify.com/s/files/1/0935/9550/0847/files/VictoriaSecret.BodyMist250mlTemptation_11zon.webp?v=1790503400,منتج بخاخ جسم فيكتوريا سيكرت، رائحة إغراء، 250 مل من Victoria Secret. التصنيف المرجعي: العناية بالجسم — بسيط. الوسوم المرجعية: Body Care، Body Mist، Body Splash، Body Spray، Deodrant، Perfumes.,https://alfouadpharmacies.com/en/products/victoria-secret-body-mist-250ml-temptation,AlFouad Pharmacies,Verify usage rights before commercial publication,غير مثبت,غير مثبت,مرجعي فقط — غير معتمد للنشر التجاري,بيانات مرجعية متاحة؛ يلزم تحقق PM,ضمن الفحص المبدئي
10569855435055,victoria-secret-body-mist-250ml-romantic,بخاخ جسم فيكتوريا سيكرت، رومانتيك، 250 مل,Victoria Secret,العناية بالجسم,العناية بالجسم,1,بسيط,107524,650,195,455,,غير متاح لدى المصدر,https://cdn.shopify.com/s/files/1/0935/9550/0847/files/Victoria-Secret.-Body-Mist-250ML-Romantic.webp?v=1754298388,منتج بخاخ جسم فيكتوريا سيكرت، رومانتيك، 250 مل من Victoria Secret. التصنيف المرجعي: العناية بالجسم — بسيط. الوسوم المرجعية: Body Care، Body Mist، Body Splash، Body Spray، Deodrant، Perfumes.,https://alfouadpharmacies.com/en/products/victoria-secret-body-mist-250ml-romantic,AlFouad Pharmacies,Verify usage rights before commercial publication,غير مثبت,غير مثبت,مرجعي فقط — غير معتمد للنشر التجاري,بيانات مرجعية متاحة؛ يلزم تحقق PM,ضمن الفحص المبدئي
10569854910767,victoria-secret-body-mist-250ml-love-spell,بخاخ جسم فيكتوريا سيكرت، عطر لوف سبيل، 250 مل,Victoria Secret,العناية بالجسم,العناية بالجسم,1,بسيط,107521,650,195,455,,متاح لدى المصدر,https://cdn.shopify.com/s/files/1/0935/9550/0847/files/Victoria-Secret.-Body-Mist-250ML-Love-Spell.webp?v=1754298394,منتج بخاخ جسم فيكتوريا سيكرت، عطر لوف سبيل، 250 مل من Victoria Secret. التصنيف المرجعي: العناية بالجسم — بسيط. الوسوم المرجعية: Body Care، Body Mist، Body Splash، Body Spray، Deodrant، Perfumes.,https://alfouadpharmacies.com/en/products/victoria-secret-body-mist-250ml-love-spell,AlFouad Pharmacies,Verify usage rights before commercial publication,غير مثبت,غير مثبت,مرجعي فقط — غير معتمد للنشر التجاري,بيانات مرجعية متاحة؛ يلزم تحقق PM,ضمن الفحص المبدئي
10569855074607,victoria-secret-body-mist-250ml-neon-coast,بخاخ جسم فيكتوريا سيكرت، نيون كوست، 250 مل,Victoria Secret,العناية بالجسم,العناية بالجسم,1,بسيط,104170,650,195,455,,غير متاح لدى المصدر,https://cdn.shopify.com/s/files/1/0935/9550/0847/files/Victoria-Secret.-Body-Mist-250ML-Neon-Coast-715.webp?v=1754298392,منتج بخاخ جسم فيكتوريا سيكرت، نيون كوست، 250 مل من Victoria Secret. التصنيف المرجعي: العناية بالجسم — بسيط. الوسوم المرجعية: Body Care، Body Mist، Body Splash، Body Spray، Deodrant، Perfumes.,https://alfouadpharmacies.com/en/products/victoria-secret-body-mist-250ml-neon-coast,AlFouad Pharmacies,Verify usage rights before commercial publication,غير مثبت,غير مثبت,مرجعي فقط — غير معتمد للنشر التجاري,بيانات مرجعية متاحة؛ يلزم تحقق PM,ضمن الفحص المبدئي
10569858482479,dove-spray-150ml-invisable-dry,بخاخ دوف 150 مل جاف غير مرئي,Dove,العناية بالجسم,العناية بالجسم,1,بسيط,95022,195,58.5,136.5,,غير متاح لدى المصدر,https://cdn.shopify.com/s/files/1/0935/9550/0847/files/Dove-Spray-150ML-Invisable-Dry.webp?v=1754298355,منتج بخاخ دوف 150 مل جاف غير مرئي من Dove. التصنيف المرجعي: العناية بالجسم — بسيط. الوسوم المرجعية: Body Care، Body Spray، Deodrant.,https://alfouadpharmacies.com/en/products/dove-spray-150ml-invisable-dry,AlFouad Pharmacies,Verify usage rights before commercial publication,غير مثبت,غير مثبت,مرجعي فقط — غير معتمد للنشر التجاري,بيانات مرجعية متاحة؛ يلزم تحقق PM,ضمن الفحص المبدئي
10569858187567,dove-spray-150ml-coconutampjasmin,بخاخ دوف 150 مل جوز الهند والياسمين,Dove,العناية بالجسم,العناية بالجسم,1,بسيط,24500,195,58.5,136.5,,غير متاح لدى المصدر,https://cdn.shopify.com/s/files/1/0935/9550/0847/files/Dove-Spray-150ML-CoconutJasmin.webp?v=1754298357,منتج بخاخ دوف 150 مل جوز الهند والياسمين من Dove. التصنيف المرجعي: العناية بالجسم — بسيط. الوسوم المرجعية: Body Care، Body Spray، Deodrant.,https://alfouadpharmacies.com/en/products/dove-spray-150ml-coconutampjasmin,AlFouad Pharmacies,Verify usage rights before commercial publication,غير مثبت,غير مثبت,مرجعي فقط — غير معتمد للنشر التجاري,بيانات مرجعية متاحة؛ يلزم تحقق PM,ضمن الفحص المبدئي
10569858318639,dove-spray-150ml-even-tone,بخاخ دوف 150 مل لون موحد,Dove,العناية بالجسم,العناية بالجسم,1,بسيط,13106,215,64.5,150.5,,غير متاح لدى المصدر,https://cdn.shopify.com/s/files/1/0935/9550/0847/files/Dove-Spray-150ML-Even-Tone.webp?v=1754298356,منتج بخاخ دوف 150 مل لون موحد من Dove. التصنيف المرجعي: العناية بالجسم — بسيط. الوسوم المرجعية: Body Care، Body Spray، Deodrant.,https://alfouadpharmacies.com/en/products/dove-spray-150ml-even-tone,AlFouad Pharmacies,Verify usage rights before commercial publication,غير مثبت,غير مثبت,مرجعي فقط — غير معتمد للنشر التجاري,بيانات مرجعية متاحة؛ يلزم تحقق PM,ضمن الفحص المبدئي
10569858744623,dove-spray-150ml-pomegranate,بخاخ دوف 150 مل، رمان,Dove,العناية بالجسم,العناية بالجسم,1,بسيط,18813,215,64.5,150.5,,غير متاح لدى المصدر,https://cdn.shopify.com/s/files/1/0935/9550/0847/files/Dove-Spray-150ML-Pomegranate.webp?v=1754298353,منتج بخاخ دوف 150 مل، رمان من Dove. التصنيف المرجعي: العناية بالجسم — بسيط. الوسوم المرجعية: Body Care، Body Spray، Deodrant.,https://alfouadpharmacies.com/en/products/dove-spray-150ml-pomegranate,AlFouad Pharmacies,Verify usage rights before commercial publication,غير مثبت,غير مثبت,مرجعي فقط — غير معتمد للنشر التجاري,بيانات مرجعية متاحة؛ يلزم تحقق PM,ضمن الفحص المبدئي
10569858875695,dove-spray-150ml-pomegranate-off,بخاخ دوف 150 مل، رمان، بدون غاز.,Dove off,العناية بالجسم,العناية بالجسم,1,بسيط,4856,156,46.8,109.2,,غير متاح لدى المصدر,https://cdn.shopify.com/s/files/1/0935/9550/0847/files/Dove-Spray-150ML-Pomegranate-Off.webp?v=1754298351,منتج بخاخ دوف 150 مل، رمان، بدون غاز. من Dove off. التصنيف المرجعي: العناية بالجسم — بسيط. الوسوم المرجعية: Body Care، Body Spray، Deodrant.,https://alfouadpharmacies.com/en/products/dove-spray-150ml-pomegranate-off,AlFouad Pharmacies,Verify usage rights before commercial publication,غير مثبت,غير مثبت,مرجعي فقط — غير معتمد للنشر التجاري,بيانات مرجعية متاحة؛ يلزم تحقق PM,ضمن الفحص المبدئي
10569858515247,dove-spray-150ml-original,بخاخ دوف الأصلي 150 مل,Dove,العناية بالجسم,العناية بالجسم,1,بسيط,86143,215,64.5,150.5,,متاح لدى المصدر,https://cdn.shopify.com/s/files/1/0935/9550/0847/files/Dove-Spray-150ML-Original.webp?v=1754298354,منتج بخاخ دوف الأصلي 150 مل من Dove. التصنيف المرجعي: العناية بالجسم — بسيط. الوسوم المرجعية: Body Care، Body Spray، Deodrant.,https://alfouadpharmacies.com/en/products/dove-spray-150ml-original,AlFouad Pharmacies,Verify usage rights before commercial publication,غير مثبت,غير مثبت,مرجعي فقط — غير معتمد للنشر التجاري,بيانات مرجعية متاحة؛ يلزم تحقق PM,ضمن الفحص المبدئي
10569866019119,fogg-roll-on-50ml-bakhoor,بخاخ رول أون فوغ 50 مل بخور,fogg,العناية بالجسم,العناية بالجسم,1,بسيط,30374,75,22.5,52.5,0,غير متاح لدى المصدر,https://cdn.shopify.com/s/files/1/0935/9550/0847/files/Fogg-Roll-On-50ML-Bakhoor.webp?v=1754298286,منتج بخاخ رول أون فوغ 50 مل بخور من fogg. التصنيف المرجعي: العناية بالجسم — بسيط. الوسوم المرجعية: Body Care، Deodrant.,https://alfouadpharmacies.com/en/products/fogg-roll-on-50ml-bakhoor,AlFouad Pharmacies,Verify usage rights before commercial publication,غير مثبت,غير مثبت,مرجعي فقط — غير معتمد للنشر التجاري,بيانات مرجعية متاحة؛ يلزم تحقق PM,ضمن الفحص المبدئي
10569866871087,fogg-spray-120ml-fantasy-fw,بخاخ فوجي 120 مل فانتاسي خريف/شتاء,fogg,العناية بالجسم,العناية بالجسم,1,بسيط,18963,160,48,112,0,متاح لدى المصدر,https://cdn.shopify.com/s/files/1/0935/9550/0847/files/Fogg-Spray-120ML-Fantasy-FW.webp?v=1754298279,منتج بخاخ فوجي 120 مل فانتاسي خريف/شتاء من fogg. التصنيف المرجعي: العناية بالجسم — بسيط. الوسوم المرجعية: Body Care، Body Spray، Deodrant.,https://alfouadpharmacies.com/en/products/fogg-spray-120ml-fantasy-fw,AlFouad Pharmacies,Verify usage rights before commercial publication,غير مثبت,غير مثبت,مرجعي فقط — غير معتمد للنشر التجاري,بيانات مرجعية متاحة؛ يلزم تحقق PM,ضمن الفحص المبدئي
10569867395375,fogg-spray-120ml-pine,بخاخ فوجي 120 مل، رائحة الصنوبر,fogg,العناية بالجسم,العناية بالجسم,1,بسيط,25815,160,48,112,0,متاح لدى المصدر,https://cdn.shopify.com/s/files/1/0935/9550/0847/files/Fogg-Spray-120ML-Pine.webp?v=1754298275,منتج بخاخ فوجي 120 مل، رائحة الصنوبر من fogg. التصنيف المرجعي: العناية بالجسم — بسيط. الوسوم المرجعية: Body Care، Body Spray، Deodrant.,https://alfouadpharmacies.com/en/products/fogg-spray-120ml-pine,AlFouad Pharmacies,Verify usage rights before commercial publication,غير مثبت,غير مثبت,مرجعي فقط — غير معتمد للنشر التجاري,بيانات مرجعية متاحة؛ يلزم تحقق PM,ضمن الفحص المبدئي
10569866150191,fogg-spray-120ml-absolute,بخاخ فوغ 120 مل أبсолюت,fogg,العناية بالجسم,العناية بالجسم,1,بسيط,95088,160,48,112,0,متاح لدى المصدر,https://cdn.shopify.com/s/files/1/0935/9550/0847/files/Fogg-Spray-120ML-Absolute.webp?v=1754298285,منتج بخاخ فوغ 120 مل أبсолюت من fogg. التصنيف المرجعي: العناية بالجسم — بسيط. الوسوم المرجعية: Body Care، Body Spray، Deodrant.,https://alfouadpharmacies.com/en/products/fogg-spray-120ml-absolute,AlFouad Pharmacies,Verify usage rights before commercial publication,غير مثبت,غير مثبت,مرجعي فقط — غير معتمد للنشر التجاري,بيانات مرجعية متاحة؛ يلزم تحقق PM,ضمن الفحص المبدئي
10569866215727,fogg-spray-120ml-agar,بخاخ فوغ 120 مل أغار,fogg,العناية بالجسم,العناية بالجسم,1,بسيط,25511,160,48,112,0,متاح لدى المصدر,https://cdn.shopify.com/s/files/1/0935/9550/0847/files/Fogg-Spray-120ML-Agar.webp?v=1754298284,منتج بخاخ فوغ 120 مل أغار من fogg. التصنيف المرجعي: العناية بالجسم — بسيط. الوسوم المرجعية: Body Care، Body Spray، Deodrant.,https://alfouadpharmacies.com/en/products/fogg-spray-120ml-agar,AlFouad Pharmacies,Verify usage rights before commercial publication,غير مثبت,غير مثبت,مرجعي فقط — غير معتمد للنشر التجاري,بيانات مرجعية متاحة؛ يلزم تحقق PM,ضمن الفحص المبدئي
10569866805551,fogg-spray-120ml-extreme,بخاخ فوغ 120 مل إكستريم,fogg,العناية بالجسم,العناية بالجسم,1,بسيط,99104,160,48,112,0,متاح لدى المصدر,https://cdn.shopify.com/s/files/1/0935/9550/0847/files/Fogg-Spray-120ML-Extreme.webp?v=1754298280,منتج بخاخ فوغ 120 مل إكستريم من fogg. التصنيف المرجعي: العناية بالجسم — بسيط. الوسوم المرجعية: Body Care، Body Spray، Deodrant.,https://alfouadpharmacies.com/en/products/fogg-spray-120ml-extreme,AlFouad Pharmacies,Verify usage rights before commercial publication,غير مثبت,غير مثبت,مرجعي فقط — غير معتمد للنشر التجاري,بيانات مرجعية متاحة؛ يلزم تحقق PM,ضمن الفحص المبدئي
10569866674479,fogg-spray-120ml-essence,بخاخ فوغ 120 مل إيسنس,fogg,العناية بالجسم,العناية بالجسم,1,بسيط,102948,160,48,112,0,متاح لدى المصدر,https://cdn.shopify.com/s/files/1/0935/9550/0847/files/Fogg-Spray-120ML-Essence.webp?v=1754298281,منتج بخاخ فوغ 120 مل إيسنس من fogg. التصنيف المرجعي: العناية بالجسم — بسيط. الوسوم المرجعية: Body Care، Body Spray، Deodrant.,https://alfouadpharmacies.com/en/products/fogg-spray-120ml-essence,AlFouad Pharmacies,Verify usage rights before commercial publication,غير مثبت,غير مثبت,مرجعي فقط — غير معتمد للنشر التجاري,بيانات مرجعية متاحة؛ يلزم تحقق PM,ضمن الفحص المبدئي
10569867165999,fogg-spray-120ml-paradise,بخاخ فوغ 120 مل بارادايس,fogg,العناية بالجسم,العناية بالجسم,1,بسيط,102949,160,48,112,0,متاح لدى المصدر,https://cdn.shopify.com/s/files/1/0935/9550/0847/files/Fogg-Spray-120ML-Paradise.webp?v=1754298276,منتج بخاخ فوغ 120 مل بارادايس من fogg. التصنيف المرجعي: العناية بالجسم — بسيط. الوسوم المرجعية: Body Care، Body Spray، Deodrant.,https://alfouadpharmacies.com/en/products/fogg-spray-120ml-paradise,AlFouad Pharmacies,Verify usage rights before commercial publication,غير مثبت,غير مثبت,مرجعي فقط — غير معتمد للنشر التجاري,بيانات مرجعية متاحة؛ يلزم تحقق PM,ضمن الفحص المبدئي
10569866314031,fogg-spray-120ml-cedar,بخاخ فوغ 120 مل خشب الأرز,fogg,العناية بالجسم,العناية بالجسم,1,بسيط,21331,160,48,112,0,متاح لدى المصدر,https://cdn.shopify.com/s/files/1/0935/9550/0847/files/Fogg-Spray-120ML-Cedar.webp?v=1754298283,منتج بخاخ فوغ 120 مل خشب الأرز من fogg. التصنيف المرجعي: العناية بالجسم — بسيط. الوسوم المرجعية: Body Care، Body Spray، Deodrant.,https://alfouadpharmacies.com/en/products/fogg-spray-120ml-cedar,AlFouad Pharmacies,Verify usage rights before commercial publication,غير مثبت,غير مثبت,مرجعي فقط — غير معتمد للنشر التجاري,بيانات مرجعية متاحة؛ يلزم تحقق PM,ضمن الفحص المبدئي
10569867133231,fogg-spray-120ml-oak,بخاخ فوغ 120 مل خشب البلوط,fogg,العناية بالجسم,العناية بالجسم,1,بسيط,25718,160,48,112,0,متاح لدى المصدر,https://cdn.shopify.com/s/files/1/0935/9550/0847/files/Fogg-Spray-120ML-Oak.webp?v=1754298277,منتج بخاخ فوغ 120 مل خشب البلوط من fogg. التصنيف المرجعي: العناية بالجسم — بسيط. الوسوم المرجعية: Body Care، Body Spray، Deodrant.,https://alfouadpharmacies.com/en/products/fogg-spray-120ml-oak,AlFouad Pharmacies,Verify usage rights before commercial publication,غير مثبت,غير مثبت,مرجعي فقط — غير معتمد للنشر التجاري,بيانات مرجعية متاحة؛ يلزم تحقق PM,ضمن الفحص المبدئي
10569866477871,fogg-spray-120ml-desire,بخاخ فوغ 120 مل ديزير,fogg,العناية بالجسم,العناية بالجسم,1,بسيط,25713,160,48,112,0,متاح لدى المصدر,https://cdn.shopify.com/s/files/1/0935/9550/0847/files/Fogg-Spray-120ML-Desire.webp?v=1754298282,منتج بخاخ فوغ 120 مل ديزير من fogg. التصنيف المرجعي: العناية بالجسم — بسيط. الوسوم المرجعية: Body Care، Body Spray، Deodrant.,https://alfouadpharmacies.com/en/products/fogg-spray-120ml-desire,AlFouad Pharmacies,Verify usage rights before commercial publication,غير مثبت,غير مثبت,مرجعي فقط — غير معتمد للنشر التجاري,بيانات مرجعية متاحة؛ يلزم تحقق PM,ضمن الفحص المبدئي
10569866543407,fogg-spray-120ml-dynamic,بخاخ فوغ 120 مل ديناميك,fogg,العناية بالجسم,العناية بالجسم,1,بسيط,102952,160,48,112,0,متاح لدى المصدر,https://cdn.shopify.com/s/files/1/0935/9550/0847/files/Fogg-Spray-120ML-Dynamic.webp?v=1754298281,منتج بخاخ فوغ 120 مل ديناميك من fogg. التصنيف المرجعي: العناية بالجسم — بسيط. الوسوم المرجعية: Body Care، Body Spray، Deodrant.,https://alfouadpharmacies.com/en/products/fogg-spray-120ml-dynamic,AlFouad Pharmacies,Verify usage rights before commercial publication,غير مثبت,غير مثبت,مرجعي فقط — غير معتمد للنشر التجاري,بيانات مرجعية متاحة؛ يلزم تحقق PM,ضمن الفحص المبدئي
10569867428143,fogg-spray-120ml-royal,بخاخ فوغ 120 مل رويال,fogg,العناية بالجسم,العناية بالجسم,1,بسيط,25206,160,48,112,0,غير متاح لدى المصدر,https://cdn.shopify.com/s/files/1/0935/9550/0847/files/Fogg-Spray-120ML-Royal.webp?v=1754298274,منتج بخاخ فوغ 120 مل رويال من fogg. التصنيف المرجعي: العناية بالجسم — بسيط. الوسوم المرجعية: Body Care، Body Spray، Deodrant.,https://alfouadpharmacies.com/en/products/fogg-spray-120ml-royal,AlFouad Pharmacies,Verify usage rights before commercial publication,غير مثبت,غير مثبت,مرجعي فقط — غير معتمد للنشر التجاري,بيانات مرجعية متاحة؛ يلزم تحقق PM,ضمن الفحص المبدئي
10569866412335,fogg-spray-120ml-celebrite,بخاخ فوغ 120 مل سيلبريت,fogg,العناية بالجسم,العناية بالجسم,1,بسيط,102459,160,48,112,0,متاح لدى المصدر,https://cdn.shopify.com/s/files/1/0935/9550/0847/files/Fogg-Spray-120ML-Celebrite.webp?v=1754298282,منتج بخاخ فوغ 120 مل سيلبريت من fogg. التصنيف المرجعي: العناية بالجسم — بسيط. الوسوم المرجعية: Body Care، Body Spray، Deodrant.,https://alfouadpharmacies.com/en/products/fogg-spray-120ml-celebrite,AlFouad Pharmacies,Verify usage rights before commercial publication,غير مثبت,غير مثبت,مرجعي فقط — غير معتمد للنشر التجاري,بيانات مرجعية متاحة؛ يلزم تحقق PM,ضمن الفحص المبدئي
10569867657519,fogg-spray-120ml-victor,بخاخ فوغ 120 مل فيكتور,fogg,العناية بالجسم,العناية بالجسم,1,بسيط,93753,160,48,112,0,متاح لدى المصدر,https://cdn.shopify.com/s/files/1/0935/9550/0847/files/Fogg-Spray-120ML-Victor.webp?v=1754298272,منتج بخاخ فوغ 120 مل فيكتور من fogg. التصنيف المرجعي: العناية بالجسم — بسيط. الوسوم المرجعية: Body Care، Body Spray، Deodrant.,https://alfouadpharmacies.com/en/products/fogg-spray-120ml-victor,AlFouad Pharmacies,Verify usage rights before commercial publication,غير مثبت,غير مثبت,مرجعي فقط — غير معتمد للنشر التجاري,بيانات مرجعية متاحة؛ يلزم تحقق PM,ضمن الفحص المبدئي
10569866936623,fogg-spray-120ml-marco,بخاخ فوغ 120 مل ماركو,fogg,العناية بالجسم,العناية بالجسم,1,بسيط,24382,160,48,112,0,متاح لدى المصدر,https://cdn.shopify.com/s/files/1/0935/9550/0847/files/Fogg-Spray-120ML-Marco.webp?v=1754298278,منتج بخاخ فوغ 120 مل ماركو من fogg. التصنيف المرجعي: العناية بالجسم — بسيط. الوسوم المرجعية: Body Care، Body Spray، Deodrant.,https://alfouadpharmacies.com/en/products/fogg-spray-120ml-marco,AlFouad Pharmacies,Verify usage rights before commercial publication,غير مثبت,غير مثبت,مرجعي فقط — غير معتمد للنشر التجاري,بيانات مرجعية متاحة؛ يلزم تحقق PM,ضمن الفحص المبدئي
10569866969391,fogg-spray-120ml-monarch,بخاخ فوغ 120 مل ملكية,fogg,العناية بالجسم,العناية بالجسم,1,بسيط,95082,160,48,112,0,متاح لدى المصدر,https://cdn.shopify.com/s/files/1/0935/9550/0847/files/Fogg-Spray-120ML-Monarch-_D9_85_D9_84_D9_83_D9_8A_D8_A9.webp?v=1754298278,منتج بخاخ فوغ 120 مل ملكية من fogg. التصنيف المرجعي: العناية بالجسم — بسيط. الوسوم المرجعية: Body Care، Body Spray، Deodrant.,https://alfouadpharmacies.com/en/products/fogg-spray-120ml-monarch,AlFouad Pharmacies,Verify usage rights before commercial publication,غير مثبت,غير مثبت,مرجعي فقط — غير معتمد للنشر التجاري,بيانات مرجعية متاحة؛ يلزم تحقق PM,ضمن الفحص المبدئي
10569867034927,fogg-spray-120ml-napoleon,بخاخ فوغ 120 مل نابليون,fogg,العناية بالجسم,العناية بالجسم,1,بسيط,95083,160,48,112,0,متاح لدى المصدر,https://cdn.shopify.com/s/files/1/0935/9550/0847/files/Fogg-Spray-120ML-Napoleon.webp?v=1754298277,منتج بخاخ فوغ 120 مل نابليون من fogg. التصنيف المرجعي: العناية بالجسم — بسيط. الوسوم المرجعية: Body Care، Body Spray، Deodrant.,https://alfouadpharmacies.com/en/products/fogg-spray-120ml-napoleon,AlFouad Pharmacies,Verify usage rights before commercial publication,غير مثبت,غير مثبت,مرجعي فقط — غير معتمد للنشر التجاري,بيانات مرجعية متاحة؛ يلزم تحقق PM,ضمن الفحص المبدئي
10569867231535,fogg-spray-120ml-passion-fw,بخاخ فوغ 120 مل، إصدار الخريف/الشتاء، رائحة الشغف.,fogg,العناية بالجسم,العناية بالجسم,1,بسيط,96783,160,48,112,0,متاح لدى المصدر,https://cdn.shopify.com/s/files/1/0935/9550/0847/files/Fogg-Spray-120ML-Passion-FW.webp?v=1754298276,منتج بخاخ فوغ 120 مل، إصدار الخريف/الشتاء، رائحة الشغف. من fogg. التصنيف المرجعي: العناية بالجسم — بسيط. الوسوم المرجعية: Body Care، Body Spray، Deodrant.,https://alfouadpharmacies.com/en/products/fogg-spray-120ml-passion-fw,AlFouad Pharmacies,Verify usage rights before commercial publication,غير مثبت,غير مثبت,مرجعي فقط — غير معتمد للنشر التجاري,بيانات مرجعية متاحة؛ يلزم تحقق PM,ضمن الفحص المبدئي
10569866281263,fogg-spray-120ml-appeal,بخاخ فوغ 120 مل، جذاب,fogg,العناية بالجسم,العناية بالجسم,1,بسيط,25711,160,48,112,0,متاح لدى المصدر,https://cdn.shopify.com/s/files/1/0935/9550/0847/files/Fogg-Spray-120ML-Appeal.webp?v=1754298284,منتج بخاخ فوغ 120 مل، جذاب من fogg. التصنيف المرجعي: العناية بالجسم — بسيط. الوسوم المرجعية: Body Care، Body Spray، Deodrant.,https://alfouadpharmacies.com/en/products/fogg-spray-120ml-appeal,AlFouad Pharmacies,Verify usage rights before commercial publication,غير مثبت,غير مثبت,مرجعي فقط — غير معتمد للنشر التجاري,بيانات مرجعية متاحة؛ يلزم تحقق PM,ضمن الفحص المبدئي
10569865855279,fogg-fine-spray-120ml-rio-wave,بخاخ فوغ ناعم 120 مل ريو ويف,fogg,العناية بالجسم,العناية بالجسم,1,بسيط,6116,160,48,112,0,متاح لدى المصدر,https://cdn.shopify.com/s/files/1/0935/9550/0847/files/Fogg-Fine-Spray-120ML-Rio-Wave.webp?v=1754298287,منتج بخاخ فوغ ناعم 120 مل ريو ويف من fogg. التصنيف المرجعي: العناية بالجسم — بسيط. الوسوم المرجعية: Body Care، Body Spray، Deodrant.,https://alfouadpharmacies.com/en/products/fogg-fine-spray-120ml-rio-wave,AlFouad Pharmacies,Verify usage rights before commercial publication,غير مثبت,غير مثبت,مرجعي فقط — غير معتمد للنشر التجاري,بيانات مرجعية متاحة؛ يلزم تحقق PM,ضمن الفحص المبدئي
10569865462063,fogg-fine-spray-120ml-bay-breeze,بخاخ فوغ ناعم 120 مل، رائحة خليجية منعشة,fogg,العناية بالجسم,العناية بالجسم,1,بسيط,6120,160,48,112,0,متاح لدى المصدر,https://cdn.shopify.com/s/files/1/0935/9550/0847/files/Fogg-Fine-Spray-120ML-Bay-Breeze.webp?v=1754298294,منتج بخاخ فوغ ناعم 120 مل، رائحة خليجية منعشة من fogg. التصنيف المرجعي: العناية بالجسم — بسيط. الوسوم المرجعية: Body Care، Body Spray، Deodrant.,https://alfouadpharmacies.com/en/products/fogg-fine-spray-120ml-bay-breeze,AlFouad Pharmacies,Verify usage rights before commercial publication,غير مثبت,غير مثبت,مرجعي فقط — غير معتمد للنشر التجاري,بيانات مرجعية متاحة؛ يلزم تحقق PM,ضمن الفحص المبدئي
10569865789743,fogg-fine-spray-120ml-fizzy-dew,بخاخ فوغ ناعم 120 مل، رذاذ فقاعي منعش,fogg,العناية بالجسم,العناية بالجسم,1,بسيط,5765,160,48,112,0,متاح لدى المصدر,https://cdn.shopify.com/s/files/1/0935/9550/0847/files/Fogg-Fine-Spray-120ML-Fizzy-Dew.webp?v=1754298290,منتج بخاخ فوغ ناعم 120 مل، رذاذ فقاعي منعش من fogg. التصنيف المرجعي: العناية بالجسم — بسيط. الوسوم المرجعية: Body Care، Body Spray، Deodrant.,https://alfouadpharmacies.com/en/products/fogg-fine-spray-120ml-fizzy-dew,AlFouad Pharmacies,Verify usage rights before commercial publication,غير مثبت,غير مثبت,مرجعي فقط — غير معتمد للنشر التجاري,بيانات مرجعية متاحة؛ يلزم تحقق PM,ضمن الفحص المبدئي
10569929621807,breathe-body-mist-200ml-head-over-heels,بخاخ للجسم Breathe 200 مل Head Over Heels,AlFouad Pharmacies,العناية بالجسم,العناية بالجسم,1,بسيط,103134,400,120,280,,متاح لدى المصدر,https://cdn.shopify.com/s/files/1/0935/9550/0847/files/Breathe-Body-Mist-100ML-Head-Over-Heels_6f53e166-a51b-462f-91f5-cafd305f1c80.webp?v=1754297798,منتج بخاخ للجسم Breathe 200 مل Head Over Heels من AlFouad Pharmacies. التصنيف المرجعي: العناية بالجسم — بسيط. الوسوم المرجعية: Body Care، Body Mist، Body Spray، Deodrant.,https://alfouadpharmacies.com/en/products/breathe-body-mist-200ml-head-over-heels,AlFouad Pharmacies,Verify usage rights before commercial publication,غير مثبت,غير مثبت,مرجعي فقط — غير معتمد للنشر التجاري,بيانات مرجعية متاحة؛ يلزم تحقق PM,ضمن الفحص المبدئي
10569929916719,breathe-body-mist-200ml-soft-pillow,بخاخ للجسم Breathe 200 مل وسادة ناعمة,AlFouad Pharmacies,العناية بالجسم,العناية بالجسم,1,بسيط,8073,370,111,259,,متاح لدى المصدر,https://cdn.shopify.com/s/files/1/0935/9550/0847/files/Breathe-Body-Mist-200ML-Soft-Pillow.webp?v=1754297796,منتج بخاخ للجسم Breathe 200 مل وسادة ناعمة من AlFouad Pharmacies. التصنيف المرجعي: العناية بالجسم — بسيط. الوسوم المرجعية: Body Care، Body Mist، Body Spray، Deodrant.,https://alfouadpharmacies.com/en/products/breathe-body-mist-200ml-soft-pillow,AlFouad Pharmacies,Verify usage rights before commercial publication,غير مثبت,غير مثبت,مرجعي فقط — غير معتمد للنشر التجاري,بيانات مرجعية متاحة؛ يلزم تحقق PM,ضمن الفحص المبدئي
10569863856431,fa-deo-spray-150ml-floral-protect-orchidampviola,بخاخ مزيل عرق فا 150 مل، حماية زهرية، زهر الأوركيد والبنفسج,AlFouad Pharmacies,العناية بالجسم,العناية بالجسم,1,بسيط,102727,191,57.3,133.7,,غير متاح لدى المصدر,https://cdn.shopify.com/s/files/1/0935/9550/0847/files/Fa-Deo-Spray-150ML-Floral-Protect-OrchidViola.webp?v=1754298307,منتج بخاخ مزيل عرق فا 150 مل، حماية زهرية، زهر الأوركيد والبنفسج من AlFouad Pharmacies. التصنيف المرجعي: العناية بالجسم — بسيط. الوسوم المرجعية: Body Care، Body Spray، Deodrant.,https://alfouadpharmacies.com/en/products/fa-deo-spray-150ml-floral-protect-orchidampviola,AlFouad Pharmacies,Verify usage rights before commercial publication,غير مثبت,غير مثبت,مرجعي فقط — غير معتمد للنشر التجاري,بيانات مرجعية متاحة؛ يلزم تحقق PM,ضمن الفحص المبدئي
10569863921967,fa-deo-spray-150ml-for-men-sport,بخاخ مزيل عرق فا للرجال الرياضيين 150 مل,AlFouad Pharmacies,العناية بالجسم,العناية بالجسم,1,بسيط,87150,191,57.3,133.7,,غير متاح لدى المصدر,https://cdn.shopify.com/s/files/1/0935/9550/0847/files/Fa-Deo-Spray-150ML-for-Men-Sport.webp?v=1754298306,منتج بخاخ مزيل عرق فا للرجال الرياضيين 150 مل من AlFouad Pharmacies. التصنيف المرجعي: العناية بالجسم — بسيط. الوسوم المرجعية: Body Care، Body Spray، Deodrant.,https://alfouadpharmacies.com/en/products/fa-deo-spray-150ml-for-men-sport,AlFouad Pharmacies,Verify usage rights before commercial publication,غير مثبت,غير مثبت,مرجعي فقط — غير معتمد للنشر التجاري,بيانات مرجعية متاحة؛ يلزم تحقق PM,ضمن الفحص المبدئي
10569867919663,fa-deo-spray-150ml-lemon-ginger,بخاخ مزيل عرق فا، 150 مل، بنكهة الليمون والزنجبيل,AlFouad Pharmacies,العناية بالجسم,العناية بالجسم,1,بسيط,102393,191,57.3,133.7,,غير متاح لدى المصدر,https://cdn.shopify.com/s/files/1/0935/9550/0847/files/Fa-Deo-Spray-150ML-Lemon-Ginger.webp?v=1754298270,منتج بخاخ مزيل عرق فا، 150 مل، بنكهة الليمون والزنجبيل من AlFouad Pharmacies. التصنيف المرجعي: العناية بالجسم — بسيط. الوسوم المرجعية: Body Care، Body Spray، Deodrant.,https://alfouadpharmacies.com/en/products/fa-deo-spray-150ml-lemon-ginger,AlFouad Pharmacies,Verify usage rights before commercial publication,غير مثبت,غير مثبت,مرجعي فقط — غير معتمد للنشر التجاري,بيانات مرجعية متاحة؛ يلزم تحقق PM,ضمن الفحص المبدئي
10569863954735,fa-deo-spray-150ml-mint-men,بخاخ مزيل عرق فا، نعناع، للرجال، 150 مل,AlFouad Pharmacies,العناية بالجسم,العناية بالجسم,1,بسيط,25683,191,57.3,133.7,,غير متاح لدى المصدر,https://cdn.shopify.com/s/files/1/0935/9550/0847/files/Fa-Deo-Spray-150ML-Mint-Men.webp?v=1753904389,منتج بخاخ مزيل عرق فا، نعناع، للرجال، 150 مل من AlFouad Pharmacies. التصنيف المرجعي: العناية بالجسم — بسيط. الوسوم المرجعية: Body Care، Body Spray، Deodrant.,https://alfouadpharmacies.com/en/products/fa-deo-spray-150ml-mint-men,AlFouad Pharmacies,Verify usage rights before commercial publication,غير مثبت,غير مثبت,مرجعي فقط — غير معتمد للنشر التجاري,بيانات مرجعية متاحة؛ يلزم تحقق PM,ضمن الفحص المبدئي
12689540743471,one-bond-sensitive-area-deo-spray-100ml-delicat,بخاخ مزيل عرق للمناطق الحساسة من ون بوند، 100 مل، لطيف,One Bond,العناية بالجسم,العناية بالجسم,1,,114124,300,90,210,,متاح لدى المصدر,https://cdn.shopify.com/s/files/1/0935/9550/0847/files/OneBond_Delicate_12H_PureWhite_1615x1615_a5d80907-2630-4b52-9341-523194c8de96.webp?v=1772238282,منتج بخاخ مزيل عرق للمناطق الحساسة من ون بوند، 100 مل، لطيف من One Bond. التصنيف المرجعي: العناية بالجسم. الوسوم المرجعية: Body Care، Body Spray.,https://alfouadpharmacies.com/en/products/one-bond-sensitive-area-deo-spray-100ml-delicat,AlFouad Pharmacies,Verify usage rights before commercial publication,غير مثبت,غير مثبت,مرجعي فقط — غير معتمد للنشر التجاري,بيانات مرجعية متاحة؛ يلزم تحقق PM,ضمن الفحص المبدئي
10569907863855,nivea-deod-spray-150ml-blackampwhit-gold-fw,بخاخ مزيل عرق نيفيا 150 مل أسود وأبيض ذهبي خريف/شتاء,AlFouad Pharmacies,العناية بالجسم,العناية بالجسم,1,بسيط,11437,192,57.6,134.4,,غير متاح لدى المصدر,https://cdn.shopify.com/s/files/1/0935/9550/0847/files/Nivea-Deod-Spray-150ML-BlackWhit-Gold-FW.webp?v=1754298041,منتج بخاخ مزيل عرق نيفيا 150 مل أسود وأبيض ذهبي خريف/شتاء من AlFouad Pharmacies. التصنيف المرجعي: العناية بالجسم — بسيط. الوسوم المرجعية: Body Care، Body Spray، Deodrant.,https://alfouadpharmacies.com/en/products/nivea-deod-spray-150ml-blackampwhit-gold-fw,AlFouad Pharmacies,Verify usage rights before commercial publication,غير مثبت,غير مثبت,مرجعي فقط — غير معتمد للنشر التجاري,بيانات مرجعية متاحة؛ يلزم تحقق PM,ضمن الفحص المبدئي
10569909305647,nivea-deod-spray-150ml-pearl-beauty-black-off-20,بخاخ مزيل عرق نيفيا 150 مل بيرل بيوتي أسود، خصم 20%,AlFouad Pharmacies,العناية بالجسم,العناية بالجسم,1,بسيط,13162,154,46.2,107.8,,متاح لدى المصدر,https://cdn.shopify.com/s/files/1/0935/9550/0847/files/Nivea-Deod-Spray-150ML-Pearl-Beauty-Black-Off-20.webp?v=1754298014,منتج بخاخ مزيل عرق نيفيا 150 مل بيرل بيوتي أسود، خصم 20% من AlFouad Pharmacies. التصنيف المرجعي: العناية بالجسم — بسيط. الوسوم المرجعية: Body Care، Body Spray، Deodrant.,https://alfouadpharmacies.com/en/products/nivea-deod-spray-150ml-pearl-beauty-black-off-20,AlFouad Pharmacies,Verify usage rights before commercial publication,غير مثبت,غير مثبت,مرجعي فقط — غير معتمد للنشر التجاري,بيانات مرجعية متاحة؛ يلزم تحقق PM,ضمن الفحص المبدئي
10569909272879,nivea-deod-spray-150ml-pearl-beauty-black,بخاخ مزيل عرق نيفيا 150 مل بيرل بيوتي بلاك,AlFouad Pharmacies,العناية بالجسم,العناية بالجسم,1,بسيط,4645,192,57.6,134.4,,غير متاح لدى المصدر,https://cdn.shopify.com/s/files/1/0935/9550/0847/files/Nivea-Deod-Spray-150ML-Pearl-Beauty-Black.webp?v=1754298015,منتج بخاخ مزيل عرق نيفيا 150 مل بيرل بيوتي بلاك من AlFouad Pharmacies. التصنيف المرجعي: العناية بالجسم — بسيط. الوسوم المرجعية: Body Care، Body Spray، Deodrant.,https://alfouadpharmacies.com/en/products/nivea-deod-spray-150ml-pearl-beauty-black,AlFouad Pharmacies,Verify usage rights before commercial publication,غير مثبت,غير مثبت,مرجعي فقط — غير معتمد للنشر التجاري,بيانات مرجعية متاحة؛ يلزم تحقق PM,ضمن الفحص المبدئي
10569908125999,nivea-deod-spray-150ml-deep-dark-wood,بخاخ مزيل عرق نيفيا 150 مل خشب داكن عميق,AlFouad Pharmacies,العناية بالجسم,العناية بالجسم,1,بسيط,84545,197,59.1,137.9,,متاح لدى المصدر,https://cdn.shopify.com/s/files/1/0935/9550/0847/files/Nivea-Deod-Spray-150ML-Deep-Dark-Wood.webp?v=1754298038,منتج بخاخ مزيل عرق نيفيا 150 مل خشب داكن عميق من AlFouad Pharmacies. التصنيف المرجعي: العناية بالجسم — بسيط. الوسوم المرجعية: Body Care، Body Spray، Deodrant.,https://alfouadpharmacies.com/en/products/nivea-deod-spray-150ml-deep-dark-wood,AlFouad Pharmacies,Verify usage rights before commercial publication,غير مثبت,غير مثبت,مرجعي فقط — غير معتمد للنشر التجاري,بيانات مرجعية متاحة؛ يلزم تحقق PM,ضمن الفحص المبدئي
10569908093231,nivea-deod-spray-150ml-deep-beat,بخاخ مزيل عرق نيفيا 150 مل ديب بيت,AlFouad Pharmacies,العناية بالجسم,العناية بالجسم,1,بسيط,106509,192,57.6,134.4,,غير متاح لدى المصدر,https://cdn.shopify.com/s/files/1/0935/9550/0847/files/Nivea-Deod-Spray-150ML-Deep-Beat.webp?v=1754298038,منتج بخاخ مزيل عرق نيفيا 150 مل ديب بيت من AlFouad Pharmacies. التصنيف المرجعي: العناية بالجسم — بسيط. الوسوم المرجعية: Body Care، Body Spray، Deodrant.,https://alfouadpharmacies.com/en/products/nivea-deod-spray-150ml-deep-beat,AlFouad Pharmacies,Verify usage rights before commercial publication,غير مثبت,غير مثبت,مرجعي فقط — غير معتمد للنشر التجاري,بيانات مرجعية متاحة؛ يلزم تحقق PM,ضمن الفحص المبدئي
10569909535023,nivea-deod-spray-150ml-silver-protect,بخاخ مزيل عرق نيفيا 150 مل سيلفر بروتكت,AlFouad Pharmacies,العناية بالجسم,العناية بالجسم,1,بسيط,8687,192,57.6,134.4,,متاح لدى المصدر,https://cdn.shopify.com/s/files/1/0935/9550/0847/files/Nivea-Deod-Spray-150ML-Silver-Protect.webp?v=1754298013,منتج بخاخ مزيل عرق نيفيا 150 مل سيلفر بروتكت من AlFouad Pharmacies. التصنيف المرجعي: العناية بالجسم — بسيط. الوسوم المرجعية: Body Care، Body Spray، Deodrant.,https://alfouadpharmacies.com/en/products/nivea-deod-spray-150ml-silver-protect,AlFouad Pharmacies,Verify usage rights before commercial publication,غير مثبت,غير مثبت,مرجعي فقط — غير معتمد للنشر التجاري,بيانات مرجعية متاحة؛ يلزم تحقق PM,ضمن الفحص المبدئي
10569908715823,nivea-deod-spray-150ml-invisible-fw,بخاخ مزيل عرق نيفيا 150 مل غير مرئي للرجال والنساء,AlFouad Pharmacies,العناية بالجسم,العناية بالجسم,1,بسيط,88425,197,59.1,137.9,,متاح لدى المصدر,https://cdn.shopify.com/s/files/1/0935/9550/0847/files/Nivea-Deod-Spray-150ML-Invisible-FW.webp?v=1754298029,منتج بخاخ مزيل عرق نيفيا 150 مل غير مرئي للرجال والنساء من AlFouad Pharmacies. التصنيف المرجعي: العناية بالجسم — بسيط. الوسوم المرجعية: Body Care، Body Spray، Deodrant.,https://alfouadpharmacies.com/en/products/nivea-deod-spray-150ml-invisible-fw,AlFouad Pharmacies,Verify usage rights before commercial publication,غير مثبت,غير مثبت,مرجعي فقط — غير معتمد للنشر التجاري,بيانات مرجعية متاحة؛ يلزم تحقق PM,ضمن الفحص المبدئي
10569908781359,nivea-deod-spray-150ml-invisible-fw-off-20,بخاخ مزيل عرق نيفيا 150 مل غير مرئي، خصم 20%,AlFouad Pharmacies,العناية بالجسم,العناية بالجسم,1,بسيط,9247,154,46.2,107.8,,متاح لدى المصدر,https://cdn.shopify.com/s/files/1/0935/9550/0847/files/Nivea-Deod-Spray-150ML-Invisible-FW-Off-20.webp?v=1754298028,منتج بخاخ مزيل عرق نيفيا 150 مل غير مرئي، خصم 20% من AlFouad Pharmacies. التصنيف المرجعي: العناية بالجسم — بسيط. الوسوم المرجعية: Body Care، Body Spray، Deodrant.,https://alfouadpharmacies.com/en/products/nivea-deod-spray-150ml-invisible-fw-off-20,AlFouad Pharmacies,Verify usage rights before commercial publication,غير مثبت,غير مثبت,مرجعي فقط — غير معتمد للنشر التجاري,بيانات مرجعية متاحة؛ يلزم تحقق PM,ضمن الفحص المبدئي
10569908027695,nivea-deod-spray-150ml-cool-kick-fm,بخاخ مزيل عرق نيفيا 150 مل كول كيك للرجال والنساء,AlFouad Pharmacies,العناية بالجسم,العناية بالجسم,1,بسيط,32233,192,57.6,134.4,,غير متاح لدى المصدر,https://cdn.shopify.com/s/files/1/0935/9550/0847/files/Nivea-Deod-Spray-150ML-Cool-Kick-FM.webp?v=1754298039,منتج بخاخ مزيل عرق نيفيا 150 مل كول كيك للرجال والنساء من AlFouad Pharmacies. التصنيف المرجعي: العناية بالجسم — بسيط. الوسوم المرجعية: Body Care، Body Spray، Deodrant.,https://alfouadpharmacies.com/en/products/nivea-deod-spray-150ml-cool-kick-fm,AlFouad Pharmacies,Verify usage rights before commercial publication,غير مثبت,غير مثبت,مرجعي فقط — غير معتمد للنشر التجاري,بيانات مرجعية متاحة؛ يلزم تحقق PM,ضمن الفحص المبدئي
10569909371183,nivea-deod-spray-150ml-silky-smooth,بخاخ مزيل عرق نيفيا 150 مل ناعم حريري,AlFouad Pharmacies,العناية بالجسم,العناية بالجسم,1,بسيط,6969,197,59.1,137.9,,متاح لدى المصدر,https://cdn.shopify.com/s/files/1/0935/9550/0847/files/Nivea-Deod-Spray-150ML-Silky-Smooth.webp?v=1754298014,منتج بخاخ مزيل عرق نيفيا 150 مل ناعم حريري من AlFouad Pharmacies. التصنيف المرجعي: العناية بالجسم — بسيط. الوسوم المرجعية: Body Care، Body Spray، Deodrant.,https://alfouadpharmacies.com/en/products/nivea-deod-spray-150ml-silky-smooth,AlFouad Pharmacies,Verify usage rights before commercial publication,غير مثبت,غير مثبت,مرجعي فقط — غير معتمد للنشر التجاري,بيانات مرجعية متاحة؛ يلزم تحقق PM,ضمن الفحص المبدئي
10569908224303,nivea-deod-spray-150ml-deep-espresso-off-20,بخاخ مزيل عرق نيفيا 150 مل، إسبريسو غامق، خصم 20%,AlFouad Pharmacies,العناية بالجسم,العناية بالجسم,1,بسيط,102834,154,46.2,107.8,,غير متاح لدى المصدر,https://cdn.shopify.com/s/files/1/0935/9550/0847/files/Nivea-Deod-Spray-150ML-Deep-Espresso-Off-20.webp?v=1754298036,منتج بخاخ مزيل عرق نيفيا 150 مل، إسبريسو غامق، خصم 20% من AlFouad Pharmacies. التصنيف المرجعي: العناية بالجسم — بسيط. الوسوم المرجعية: Body Care، Body Spray، Deodrant.,https://alfouadpharmacies.com/en/products/nivea-deod-spray-150ml-deep-espresso-off-20,AlFouad Pharmacies,Verify usage rights before commercial publication,غير مثبت,غير مثبت,مرجعي فقط — غير معتمد للنشر التجاري,بيانات مرجعية متاحة؛ يلزم تحقق PM,ضمن الفحص المبدئي
10569908683055,nivea-deod-spray-150ml-fresh-sensation,بخاخ مزيل عرق نيفيا 150 مل، رائحة منعشة,AlFouad Pharmacies,العناية بالجسم,العناية بالجسم,1,بسيط,5096,192,57.6,134.4,,غير متاح لدى المصدر,https://cdn.shopify.com/s/files/1/0935/9550/0847/files/Nivea-Deod-Spray-150ML-Fresh-Sensation.webp?v=1754298030,منتج بخاخ مزيل عرق نيفيا 150 مل، رائحة منعشة من AlFouad Pharmacies. التصنيف المرجعي: العناية بالجسم — بسيط. الوسوم المرجعية: Body Care، Body Spray، Deodrant.,https://alfouadpharmacies.com/en/products/nivea-deod-spray-150ml-fresh-sensation,AlFouad Pharmacies,Verify usage rights before commercial publication,غير مثبت,غير مثبت,مرجعي فقط — غير معتمد للنشر التجاري,بيانات مرجعية متاحة؛ يلزم تحقق PM,ضمن الفحص المبدئي
10569909436719,nivea-deod-spray-150ml-silky-smooth-off-20,بخاخ مزيل عرق نيفيا 150 مل، ناعم كالحرير، خصم 20%,AlFouad Pharmacies,العناية بالجسم,العناية بالجسم,1,بسيط,14068,154,46.2,107.8,,غير متاح لدى المصدر,https://cdn.shopify.com/s/files/1/0935/9550/0847/files/Nivea-Deod-Spray-150ML-Silky-Smooth-Off-20.webp?v=1754298013,منتج بخاخ مزيل عرق نيفيا 150 مل، ناعم كالحرير، خصم 20% من AlFouad Pharmacies. التصنيف المرجعي: العناية بالجسم — بسيط. الوسوم المرجعية: Body Care، Body Spray، Deodrant.,https://alfouadpharmacies.com/en/products/nivea-deod-spray-150ml-silky-smooth-off-20,AlFouad Pharmacies,Verify usage rights before commercial publication,غير مثبت,غير مثبت,مرجعي فقط — غير معتمد للنشر التجاري,بيانات مرجعية متاحة؛ يلزم تحقق PM,ضمن الفحص المبدئي
10569907994927,nivea-deod-spray-150ml-cherry,بخاخ مزيل عرق نيفيا 150 مل، نكهة الكرز,AlFouad Pharmacies,العناية بالجسم,العناية بالجسم,1,بسيط,102457,192,57.6,134.4,,غير متاح لدى المصدر,https://cdn.shopify.com/s/files/1/0935/9550/0847/files/Nivea-Deod-Spray-150ML-Cherry.webp?v=1754298040,منتج بخاخ مزيل عرق نيفيا 150 مل، نكهة الكرز من AlFouad Pharmacies. التصنيف المرجعي: العناية بالجسم — بسيط. الوسوم المرجعية: Body Care، Body Spray، Deodrant.,https://alfouadpharmacies.com/en/products/nivea-deod-spray-150ml-cherry,AlFouad Pharmacies,Verify usage rights before commercial publication,غير مثبت,غير مثبت,مرجعي فقط — غير معتمد للنشر التجاري,بيانات مرجعية متاحة؛ يلزم تحقق PM,ضمن الفحص المبدئي
10569909207343,nivea-deod-spray-150ml-orange,بخاخ مزيل عرق نيفيا برائحة البرتقال 150 مل,AlFouad Pharmacies,العناية بالجسم,العناية بالجسم,1,بسيط,13973,192,57.6,134.4,,غير متاح لدى المصدر,https://cdn.shopify.com/s/files/1/0935/9550/0847/files/Nivea-Deod-Spray-150ML-Orange.webp?v=1754298020,منتج بخاخ مزيل عرق نيفيا برائحة البرتقال 150 مل من AlFouad Pharmacies. التصنيف المرجعي: العناية بالجسم — بسيط. الوسوم المرجعية: Body Care، Body Spray، Deodrant.,https://alfouadpharmacies.com/en/products/nivea-deod-spray-150ml-orange,AlFouad Pharmacies,Verify usage rights before commercial publication,غير مثبت,غير مثبت,مرجعي فقط — غير معتمد للنشر التجاري,بيانات مرجعية متاحة؛ يلزم تحقق PM,ضمن الفحص المبدئي
10569908584751,nivea-deod-spray-150ml-for-men-invisible-off-20,بخاخ مزيل عرق نيفيا للرجال 150 مل، غير مرئي، 20,AlFouad Pharmacies,العناية بالجسم,العناية بالجسم,1,بسيط,9259,154,46.2,107.8,,غير متاح لدى المصدر,https://cdn.shopify.com/s/files/1/0935/9550/0847/files/Nivea-Deod-Spray-150ML-for-Men-Invisible-Off-20.webp?v=1754298032,منتج بخاخ مزيل عرق نيفيا للرجال 150 مل، غير مرئي، 20 من AlFouad Pharmacies. التصنيف المرجعي: العناية بالجسم — بسيط. الوسوم المرجعية: Body Care، Body Spray، Deodrant.,https://alfouadpharmacies.com/en/products/nivea-deod-spray-150ml-for-men-invisible-off-20,AlFouad Pharmacies,Verify usage rights before commercial publication,غير مثبت,غير مثبت,مرجعي فقط — غير معتمد للنشر التجاري,بيانات مرجعية متاحة؛ يلزم تحقق PM,ضمن الفحص المبدئي
10569908814127,nivea-deod-spray-150ml-men-dry-impact,"بخاخ مزيل عرق نيفيا للرجال 150 مل، نوع ""داي إمباكت"" (Dry Impact)",AlFouad Pharmacies,العناية بالجسم,العناية بالجسم,1,بسيط,32295,192,57.6,134.4,,غير متاح لدى المصدر,https://cdn.shopify.com/s/files/1/0935/9550/0847/files/Nivea-Deod-Spray-150ML-Men-Dry-Impact.webp?v=1754298027,"منتج بخاخ مزيل عرق نيفيا للرجال 150 مل، نوع ""داي إمباكت"" (Dry Impact) من AlFouad Pharmacies. التصنيف المرجعي: العناية بالجسم — بسيط. الوسوم المرجعية: Body Care، Body Spray، Deodrant.",https://alfouadpharmacies.com/en/products/nivea-deod-spray-150ml-men-dry-impact,AlFouad Pharmacies,Verify usage rights before commercial publication,غير مثبت,غير مثبت,مرجعي فقط — غير معتمد للنشر التجاري,بيانات مرجعية متاحة؛ يلزم تحقق PM,ضمن الفحص المبدئي
10569908519215,nivea-deod-spray-150ml-for-men-invisible,بخاخ مزيل عرق نيفيا للرجال غير مرئي 150 مل,AlFouad Pharmacies,العناية بالجسم,العناية بالجسم,1,بسيط,86940,197,59.1,137.9,,متاح لدى المصدر,https://cdn.shopify.com/s/files/1/0935/9550/0847/files/Nivea-Deod-Spray-150ML-for-Men-Invisible.webp?v=1754298033,منتج بخاخ مزيل عرق نيفيا للرجال غير مرئي 150 مل من AlFouad Pharmacies. التصنيف المرجعي: العناية بالجسم — بسيط. الوسوم المرجعية: Body Care، Body Spray، Deodrant.,https://alfouadpharmacies.com/en/products/nivea-deod-spray-150ml-for-men-invisible,AlFouad Pharmacies,Verify usage rights before commercial publication,غير مثبت,غير مثبت,مرجعي فقط — غير معتمد للنشر التجاري,بيانات مرجعية متاحة؛ يلزم تحقق PM,ضمن الفحص المبدئي
12689678205231,nivea-deod-spray-150ml-men-fresh-active,بخاخ مزيل عرق نيفيا للرجال، فريش اكتيف، 150 مل,AlFouad Pharmacies,العناية بالجسم,العناية بالجسم,1,بسيط,82487,197,59.1,137.9,,متاح لدى المصدر,https://cdn.shopify.com/s/files/1/0935/9550/0847/files/Nivea_Men_FreshActive_150ml_PureWhite_1615x1615_5a740927-7579-4b31-908a-cbeba8fdec78.webp?v=1772283092,منتج بخاخ مزيل عرق نيفيا للرجال، فريش اكتيف، 150 مل من AlFouad Pharmacies. التصنيف المرجعي: العناية بالجسم — بسيط. الوسوم المرجعية: Body Care، Body Spray، Deodrant.,https://alfouadpharmacies.com/en/products/nivea-deod-spray-150ml-men-fresh-active,AlFouad Pharmacies,Verify usage rights before commercial publication,غير مثبت,غير مثبت,مرجعي فقط — غير معتمد للنشر التجاري,بيانات مرجعية متاحة؛ يلزم تحقق PM,ضمن الفحص المبدئي
10569908977967,nivea-deod-spray-150ml-men-fresh-active-20-off,بخاخ مزيل عرق نيفيا للرجال، فريش اكتيف، 150 مل، خصم 20%,AlFouad Pharmacies,العناية بالجسم,العناية بالجسم,1,بسيط,86146,154,46.2,107.8,,غير متاح لدى المصدر,https://cdn.shopify.com/s/files/1/0935/9550/0847/files/Nivea-Deod-Spray-150ML-Men-Fresh-Active-20-Off.webp?v=1754298024,منتج بخاخ مزيل عرق نيفيا للرجال، فريش اكتيف، 150 مل، خصم 20% من AlFouad Pharmacies. التصنيف المرجعي: العناية بالجسم — بسيط. الوسوم المرجعية: Body Care، Body Spray، Deodrant.,https://alfouadpharmacies.com/en/products/nivea-deod-spray-150ml-men-fresh-active-20-off,AlFouad Pharmacies,Verify usage rights before commercial publication,غير مثبت,غير مثبت,مرجعي فقط — غير معتمد للنشر التجاري,بيانات مرجعية متاحة؛ يلزم تحقق PM,ضمن الفحص المبدئي
10569909043503,nivea-deod-spray-150ml-men-fresh-power,بخاخ مزيل عرق نيفيا للرجال، فريش باور، 150 مل,AlFouad Pharmacies,العناية بالجسم,العناية بالجسم,1,بسيط,8540,192,57.6,134.4,,غير متاح لدى المصدر,https://cdn.shopify.com/s/files/1/0935/9550/0847/files/Nivea-Deod-Spray-150ML-Men-Fresh-Power.webp?v=1754298022,منتج بخاخ مزيل عرق نيفيا للرجال، فريش باور، 150 مل من AlFouad Pharmacies. التصنيف المرجعي: العناية بالجسم — بسيط. الوسوم المرجعية: Body Care، Body Spray، Deodrant.,https://alfouadpharmacies.com/en/products/nivea-deod-spray-150ml-men-fresh-power,AlFouad Pharmacies,Verify usage rights before commercial publication,غير مثبت,غير مثبت,مرجعي فقط — غير معتمد للنشر التجاري,بيانات مرجعية متاحة؛ يلزم تحقق PM,ضمن الفحص المبدئي
10569907962159,nivea-deod-spray-150ml-blackampwhite-orginal-fw,بخاخ مزيل عرق نيڤيا 150 مل أسود وأبيض الأصلي  (للموسم البارد),AlFouad Pharmacies,العناية بالجسم,العناية بالجسم,1,بسيط,83971,197,59.1,137.9,,متاح لدى المصدر,https://cdn.shopify.com/s/files/1/0935/9550/0847/files/Nivea-Deod-Spray-150ML-BlackWhite-Orginal-FW.webp?v=1754298040,منتج بخاخ مزيل عرق نيڤيا 150 مل أسود وأبيض الأصلي  (للموسم البارد) من AlFouad Pharmacies. التصنيف المرجعي: العناية بالجسم — بسيط. الوسوم المرجعية: Body Care، Body Spray، Deodrant.,https://alfouadpharmacies.com/en/products/nivea-deod-spray-150ml-blackampwhite-orginal-fw,AlFouad Pharmacies,Verify usage rights before commercial publication,غير مثبت,غير مثبت,مرجعي فقط — غير معتمد للنشر التجاري,بيانات مرجعية متاحة؛ يلزم تحقق PM,ضمن الفحص المبدئي
10569909338415,nivea-deod-spray-150ml-pearlampbeauty-off-20,بخاخ نيفيا مزيل العرق 150 مل بيرل آند بيوتي خصم 20%,AlFouad Pharmacies,العناية بالجسم,العناية بالجسم,1,بسيط,104621,154,46.2,107.8,,متاح لدى المصدر,https://cdn.shopify.com/s/files/1/0935/9550/0847/files/Nivea-Deod-Spray-150ML-PearlBeauty-Off-20.webp?v=1754298014,منتج بخاخ نيفيا مزيل العرق 150 مل بيرل آند بيوتي خصم 20% من AlFouad Pharmacies. التصنيف المرجعي: العناية بالجسم — بسيط. الوسوم المرجعية: Body Care، Body Spray، Deodrant.,https://alfouadpharmacies.com/en/products/nivea-deod-spray-150ml-pearlampbeauty-off-20,AlFouad Pharmacies,Verify usage rights before commercial publication,غير مثبت,غير مثبت,مرجعي فقط — غير معتمد للنشر التجاري,بيانات مرجعية متاحة؛ يلزم تحقق PM,ضمن الفحص المبدئي
10569908322607,nivea-deod-spray-150ml-dry-fresh,بخاخ نيفيا مزيل العرق 150 مل جاف ومنعش,AlFouad Pharmacies,العناية بالجسم,العناية بالجسم,1,بسيط,111149,192,57.6,134.4,,غير متاح لدى المصدر,https://cdn.shopify.com/s/files/1/0935/9550/0847/files/Nivea-Deod-Spray-150ML-Dry-Fresh.webp?v=1754298035,منتج بخاخ نيفيا مزيل العرق 150 مل جاف ومنعش من AlFouad Pharmacies. التصنيف المرجعي: العناية بالجسم — بسيط. الوسوم المرجعية: Body Care، Body Spray، Deodrant.,https://alfouadpharmacies.com/en/products/nivea-deod-spray-150ml-dry-fresh,AlFouad Pharmacies,Verify usage rights before commercial publication,غير مثبت,غير مثبت,مرجعي فقط — غير معتمد للنشر التجاري,بيانات مرجعية متاحة؛ يلزم تحقق PM,ضمن الفحص المبدئي
10569908060463,nivea-deod-spray-150ml-cool-kick-fm-off-20,بخاخ نيفيا مزيل العرق 150 مل كول كيك للرجال والنساء - خصم 20%,AlFouad Pharmacies,العناية بالجسم,العناية بالجسم,1,بسيط,6970,154,46.2,107.8,,غير متاح لدى المصدر,https://cdn.shopify.com/s/files/1/0935/9550/0847/files/Nivea-Deod-Spray-150ML-Cool-Kick-FM-Off-20.webp?v=1754298039,منتج بخاخ نيفيا مزيل العرق 150 مل كول كيك للرجال والنساء - خصم 20% من AlFouad Pharmacies. التصنيف المرجعي: العناية بالجسم — بسيط. الوسوم المرجعية: Body Care، Body Spray، Deodrant.,https://alfouadpharmacies.com/en/products/nivea-deod-spray-150ml-cool-kick-fm-off-20,AlFouad Pharmacies,Verify usage rights before commercial publication,غير مثبت,غير مثبت,مرجعي فقط — غير معتمد للنشر التجاري,بيانات مرجعية متاحة؛ يلزم تحقق PM,ضمن الفحص المبدئي
10569908486447,nivea-deod-spray-150ml-fw-fresh-sensation-off,بخاخ نيفيا مزيل العرق 150 مل، رائحة منعشة، موسم الخريف/الشتاء,AlFouad Pharmacies,العناية بالجسم,العناية بالجسم,1,بسيط,10709,154,46.2,107.8,,غير متاح لدى المصدر,https://cdn.shopify.com/s/files/1/0935/9550/0847/files/Nivea-Deod-Spray-150ML-FW-Fresh-Sensation-Off.webp?v=1754298033,منتج بخاخ نيفيا مزيل العرق 150 مل، رائحة منعشة، موسم الخريف/الشتاء من AlFouad Pharmacies. التصنيف المرجعي: العناية بالجسم — بسيط. الوسوم المرجعية: Body Care، Body Spray، Deodrant.,https://alfouadpharmacies.com/en/products/nivea-deod-spray-150ml-fw-fresh-sensation-off,AlFouad Pharmacies,Verify usage rights before commercial publication,غير مثبت,غير مثبت,مرجعي فقط — غير معتمد للنشر التجاري,بيانات مرجعية متاحة؛ يلزم تحقق PM,ضمن الفحص المبدئي
10569743597871,isis-secalia-balm-body-emolient-200-ml,بلسم إيزيس سيكاليا المرطب للجسم 200 مل,isis,العناية بالجسم,العناية بالجسم,1,مرطب ,93990,1089,326.7,762.3,,غير متاح لدى المصدر,https://cdn.shopify.com/s/files/1/0935/9550/0847/files/1_-_2026-06-30T141947.336.webp?v=1782818429,منتج بلسم إيزيس سيكاليا المرطب للجسم 200 مل من isis. التصنيف المرجعي: العناية بالجسم — مرطب . الوسوم المرجعية: Body Care، Body Concerns، Body Lotion، Dry Skin body concerns.,https://alfouadpharmacies.com/en/products/isis-secalia-balm-body-emolient-200-ml,AlFouad Pharmacies,Verify usage rights before commercial publication,غير مثبت,غير مثبت,مرجعي فقط — غير معتمد للنشر التجاري,بيانات مرجعية متاحة؛ يلزم تحقق PM,ضمن الفحص المبدئي
10569736880431,drargan-body-balm-250ml,بلسم الجسم دكتور أрган 250 مل,AlFouad Pharmacies,العناية بالجسم,العناية بالجسم,1,بسيط,12183,325,97.5,227.5,,غير متاح لدى المصدر,https://cdn.shopify.com/s/files/1/0935/9550/0847/files/DR.ARGAN-Body-Balm-250ML.webp?v=1753905314,منتج بلسم الجسم دكتور أрган 250 مل من AlFouad Pharmacies. التصنيف المرجعي: العناية بالجسم — بسيط. الوسوم المرجعية: Body Care، Body Concerns، Body Milk، Dry Skin body concerns.,https://alfouadpharmacies.com/en/products/drargan-body-balm-250ml,AlFouad Pharmacies,Verify usage rights before commercial publication,غير مثبت,غير مثبت,مرجعي فقط — غير معتمد للنشر التجاري,بيانات مرجعية متاحة؛ يلزم تحقق PM,ضمن الفحص المبدئي
12689777754415,eva-foot-powder-50gm-aloe-vera,بودرة إيفا للقدم 50 جرام صبار,AlFouad Pharmacies,العناية بالجسم,العناية بالجسم,1,بسيط,7716,40,12,28,,متاح لدى المصدر,https://cdn.shopify.com/s/files/1/0935/9550/0847/files/4nrNHcEQ7QJqlupjs1VsSU1JLX5YApiJZLXDbFzQ.webp?v=1771844561,منتج بودرة إيفا للقدم 50 جرام صبار من AlFouad Pharmacies. التصنيف المرجعي: العناية بالجسم — بسيط. الوسوم المرجعية: Body Care، Foot، Hands & Feet.,https://alfouadpharmacies.com/en/products/eva-foot-powder-50gm-aloe-vera,AlFouad Pharmacies,Verify usage rights before commercial publication,غير مثبت,غير مثبت,مرجعي فقط — غير معتمد للنشر التجاري,بيانات مرجعية متاحة؛ يلزم تحقق PM,ضمن الفحص المبدئي
10569722495279,eva-foot-powder-50gm-mentol,بودرة إيفا للقدم 50 غرام، بالمنثول,AlFouad Pharmacies,العناية بالجسم,العناية بالجسم,1,بسيط,12428,40,12,28,,متاح لدى المصدر,https://cdn.shopify.com/s/files/1/0935/9550/0847/files/Eva-Foot-Powder-50gm-Mentol-2.webp?v=1754299184,منتج بودرة إيفا للقدم 50 غرام، بالمنثول من AlFouad Pharmacies. التصنيف المرجعي: العناية بالجسم — بسيط. الوسوم المرجعية: Body Care، Foot، Hands & Feet.,https://alfouadpharmacies.com/en/products/eva-foot-powder-50gm-mentol,AlFouad Pharmacies,Verify usage rights before commercial publication,غير مثبت,غير مثبت,مرجعي فقط — غير معتمد للنشر التجاري,بيانات مرجعية متاحة؛ يلزم تحقق PM,ضمن الفحص المبدئي
12689769496879,man-look-foot-powder-50gm-sheba-off,بودرة قدم للرجال مان لوك 50 غرام شيبا أوف,man look,العناية بالجسم,العناية بالجسم,1,بسيط,9076,40,12,28,,متاح لدى المصدر,https://cdn.shopify.com/s/files/1/0935/9550/0847/files/ManLook_FootPowder_PureWhite_1615x1615_ff5ae3c8-a517-4ada-a6e4-8ce4b15fab98.webp?v=1772228366,منتج بودرة قدم للرجال مان لوك 50 غرام شيبا أوف من man look. التصنيف المرجعي: العناية بالجسم — بسيط. الوسوم المرجعية: Body Care، Men Care.,https://alfouadpharmacies.com/en/products/man-look-foot-powder-50gm-sheba-off,AlFouad Pharmacies,Verify usage rights before commercial publication,غير مثبت,غير مثبت,مرجعي فقط — غير معتمد للنشر التجاري,بيانات مرجعية متاحة؛ يلزم تحقق PM,ضمن الفحص المبدئي
10569724363055,eva-body-deodorant-powder-70gm,بودرة مزيل عرق الجسم إيفا 70 جم,AlFouad Pharmacies,العناية بالجسم,العناية بالجسم,1,بسيط,99250,50,15,35,,متاح لدى المصدر,https://cdn.shopify.com/s/files/1/0935/9550/0847/files/Eva-Body-Deodorant-Powder-70gm.webp?v=1754299160,منتج بودرة مزيل عرق الجسم إيفا 70 جم من AlFouad Pharmacies. التصنيف المرجعي: العناية بالجسم — بسيط. الوسوم المرجعية: Body Care، Deodrant.,https://alfouadpharmacies.com/en/products/eva-body-deodorant-powder-70gm,AlFouad Pharmacies,Verify usage rights before commercial publication,غير مثبت,غير مثبت,مرجعي فقط — غير معتمد للنشر التجاري,بيانات مرجعية متاحة؛ يلزم تحقق PM,ضمن الفحص المبدئي
12689551786287,beesline-white-roll-on-50ml-fragrance-free-1-1-off,بيزلاين وايت. رول أون ٥٠ مل، بدون عطر، عرض ١+١,Beesline,العناية بالجسم,العناية بالجسم,1,,9286,550,165,385,,غير متاح لدى المصدر,https://cdn.shopify.com/s/files/1/0935/9550/0847/files/beesline_rollon_freepiece_1615x1615_e8195af9-4cef-42af-8d6c-130b095832b3.webp?v=1771880738,منتج بيزلاين وايت. رول أون ٥٠ مل، بدون عطر، عرض ١+١ من Beesline. التصنيف المرجعي: العناية بالجسم. الوسوم المرجعية: Body Care، Deodrant، Roll-on.,https://alfouadpharmacies.com/en/products/beesline-white-roll-on-50ml-fragrance-free-1-1-off,AlFouad Pharmacies,Verify usage rights before commercial publication,غير مثبت,غير مثبت,مرجعي فقط — غير معتمد للنشر التجاري,بيانات مرجعية متاحة؛ يلزم تحقق PM,ضمن الفحص المبدئي
12689577443631,eva-collagen-body-firming-gel-225,جل إيفا كولاجين لشد الجسم 225 ,AlFouad Pharmacies,العناية بالجسم,العناية بالجسم,1,,20213,125,37.5,87.5,,غير متاح لدى المصدر,https://cdn.shopify.com/s/files/1/0935/9550/0847/files/31gLCNxoLuL.webp?v=1771846663,منتج جل إيفا كولاجين لشد الجسم 225  من AlFouad Pharmacies. التصنيف المرجعي: العناية بالجسم. الوسوم المرجعية: Body Care، Body Concerns.,https://alfouadpharmacies.com/en/products/eva-collagen-body-firming-gel-225,AlFouad Pharmacies,Verify usage rights before commercial publication,غير مثبت,غير مثبت,مرجعي فقط — غير معتمد للنشر التجاري,بيانات مرجعية متاحة؛ يلزم تحقق PM,ضمن الفحص المبدئي
10569856614703,bathampbody-shower-gel-295ml-sweet-pea,جل استحمام Bath&amp;Body 295 مل، رائحة البازلاء الحلوة,Bath and Body,العناية بالجسم,العناية بالجسم,1,بسيط,10019,650,195,455,,غير متاح لدى المصدر,https://cdn.shopify.com/s/files/1/0935/9550/0847/files/BathBody-Shower-Gel-295ML-Sweet-Pea.webp?v=1754298376,منتج جل استحمام Bath&amp;Body 295 مل، رائحة البازلاء الحلوة من Bath and Body. التصنيف المرجعي: العناية بالجسم — بسيط. الوسوم المرجعية: Body Care، Body Wash.,https://alfouadpharmacies.com/en/products/bathampbody-shower-gel-295ml-sweet-pea,AlFouad Pharmacies,Verify usage rights before commercial publication,غير مثبت,غير مثبت,مرجعي فقط — غير معتمد للنشر التجاري,بيانات مرجعية متاحة؛ يلزم تحقق PM,ضمن الفحص المبدئي
10569724428591,eva-shower-gel-fresh-breeze-1-litre,جل استحمام إيفا منعش 1 لتر,AlFouad Pharmacies,العناية بالجسم,العناية بالجسم,1,بسيط,111214,120,36,84,,غير متاح لدى المصدر,https://cdn.shopify.com/s/files/1/0935/9550/0847/files/Eva-Shower-Gel-Fresh-Breeze-1-Litre.webp?v=1754299160,منتج جل استحمام إيفا منعش 1 لتر من AlFouad Pharmacies. التصنيف المرجعي: العناية بالجسم — بسيط. الوسوم المرجعية: Body Care، Body Wash.,https://alfouadpharmacies.com/en/products/eva-shower-gel-fresh-breeze-1-litre,AlFouad Pharmacies,Verify usage rights before commercial publication,غير مثبت,غير مثبت,مرجعي فقط — غير معتمد للنشر التجاري,بيانات مرجعية متاحة؛ يلزم تحقق PM,ضمن الفحص المبدئي
10569857106223,dove-shower-gel-500ml-deeply-nourishing-off,جل استحمام دوف 500 مل مغذي بعمق - انتهى,Dove off,العناية بالجسم,العناية بالجسم,1,بسيط,14618,115,34.5,80.5,,متاح لدى المصدر,https://cdn.shopify.com/s/files/1/0935/9550/0847/files/Dove-Shower-Gel-500ML-Deeply-Nourishing-Off.webp?v=1754298371,منتج جل استحمام دوف 500 مل مغذي بعمق - انتهى من Dove off. التصنيف المرجعي: العناية بالجسم — بسيط. الوسوم المرجعية: Body Care، Body Wash.,https://alfouadpharmacies.com/en/products/dove-shower-gel-500ml-deeply-nourishing-off,AlFouad Pharmacies,Verify usage rights before commercial publication,غير مثبت,غير مثبت,مرجعي فقط — غير معتمد للنشر التجاري,بيانات مرجعية متاحة؛ يلزم تحقق PM,ضمن الفحص المبدئي
10569841213743,camay-shower-gel-1liter-vintage-offer,جل استحمام كامي 1 لتر - عرض خاص للمنتجات القديمة,AlFouad Pharmacies,العناية بالجسم,العناية بالجسم,1,بسيط,106853,100,30,70,,غير متاح لدى المصدر,https://cdn.shopify.com/s/files/1/0935/9550/0847/files/Camay-Shower-Gel-1LITER-Vintage-Ofeer.webp?v=1754298511,منتج جل استحمام كامي 1 لتر - عرض خاص للمنتجات القديمة من AlFouad Pharmacies. التصنيف المرجعي: العناية بالجسم — بسيط. الوسوم المرجعية: Body Care، Body Wash.,https://alfouadpharmacies.com/en/products/camay-shower-gel-1liter-vintage-offer,AlFouad Pharmacies,Verify usage rights before commercial publication,غير مثبت,غير مثبت,مرجعي فقط — غير معتمد للنشر التجاري,بيانات مرجعية متاحة؛ يلزم تحقق PM,ضمن الفحص المبدئي
10569841082671,camay-shower-gel-1liter-vintage,جل استحمام كامي 1 لتر إصدار قديم,AlFouad Pharmacies,العناية بالجسم,العناية بالجسم,1,بسيط,98647,110,33,77,,غير متاح لدى المصدر,https://cdn.shopify.com/s/files/1/0935/9550/0847/files/Camay-Shower-Gel-1LITER-Vintage.webp?v=1754298512,منتج جل استحمام كامي 1 لتر إصدار قديم من AlFouad Pharmacies. التصنيف المرجعي: العناية بالجسم — بسيط. الوسوم المرجعية: Body Care، Body Wash.,https://alfouadpharmacies.com/en/products/camay-shower-gel-1liter-vintage,AlFouad Pharmacies,Verify usage rights before commercial publication,غير مثبت,غير مثبت,مرجعي فقط — غير معتمد للنشر التجاري,بيانات مرجعية متاحة؛ يلزم تحقق PM,ضمن الفحص المبدئي
10569840689455,camay-shower-gel-1liter-romantique,جل استحمام كامي 1 لتر رومانتي,AlFouad Pharmacies,العناية بالجسم,العناية بالجسم,1,بسيط,102205,105,31.5,73.5,,غير متاح لدى المصدر,https://cdn.shopify.com/s/files/1/0935/9550/0847/files/Camay-Shower-Gel-1LITER-Romantique.webp?v=1754298514,منتج جل استحمام كامي 1 لتر رومانتي من AlFouad Pharmacies. التصنيف المرجعي: العناية بالجسم — بسيط. الوسوم المرجعية: Body Care، Body Wash.,https://alfouadpharmacies.com/en/products/camay-shower-gel-1liter-romantique,AlFouad Pharmacies,Verify usage rights before commercial publication,غير مثبت,غير مثبت,مرجعي فقط — غير معتمد للنشر التجاري,بيانات مرجعية متاحة؛ يلزم تحقق PM,ضمن الفحص المبدئي
10569840787759,camay-shower-gel-1liter-romantique-ofeer,جل استحمام كامي 1 لتر رومانتييك أوفير,AlFouad Pharmacies,العناية بالجسم,العناية بالجسم,1,بسيط,98518,100,30,70,,غير متاح لدى المصدر,https://cdn.shopify.com/s/files/1/0935/9550/0847/files/Camay-Shower-Gel-1LITER-Romantique-Ofeer.webp?v=1754298513,منتج جل استحمام كامي 1 لتر رومانتييك أوفير من AlFouad Pharmacies. التصنيف المرجعي: العناية بالجسم — بسيط. الوسوم المرجعية: Body Care، Body Wash.,https://alfouadpharmacies.com/en/products/camay-shower-gel-1liter-romantique-ofeer,AlFouad Pharmacies,Verify usage rights before commercial publication,غير مثبت,غير مثبت,مرجعي فقط — غير معتمد للنشر التجاري,بيانات مرجعية متاحة؛ يلزم تحقق PM,ضمن الفحص المبدئي
10569840525615,camay-shower-gel-1liter-lavander-vanilla,جل استحمام كامي، 1 لتر، زهور البنفسج والفانيليا,AlFouad Pharmacies,العناية بالجسم,العناية بالجسم,1,بسيط,14974,130,39,91,,متاح لدى المصدر,https://cdn.shopify.com/s/files/1/0935/9550/0847/files/Camay-Shower-Gel-1LITER-Lavander-Vanilla.webp?v=1754298515,منتج جل استحمام كامي، 1 لتر، زهور البنفسج والفانيليا من AlFouad Pharmacies. التصنيف المرجعي: العناية بالجسم — بسيط. الوسوم المرجعية: Body Care، Body Wash.,https://alfouadpharmacies.com/en/products/camay-shower-gel-1liter-lavander-vanilla,AlFouad Pharmacies,Verify usage rights before commercial publication,غير مثبت,غير مثبت,مرجعي فقط — غير معتمد للنشر التجاري,بيانات مرجعية متاحة؛ يلزم تحقق PM,ضمن الفحص المبدئي
10569840394543,camay-shower-gel-1liter-coconut,جل استحمام كامي، 1 لتر، نكهة جوز الهند,AlFouad Pharmacies,العناية بالجسم,العناية بالجسم,1,بسيط,14976,130,39,91,,متاح لدى المصدر,https://cdn.shopify.com/s/files/1/0935/9550/0847/files/Camay-Shower-Gel-1LITER-Coconut.webp?v=1754298516,منتج جل استحمام كامي، 1 لتر، نكهة جوز الهند من AlFouad Pharmacies. التصنيف المرجعي: العناية بالجسم — بسيط. الوسوم المرجعية: Body Care، Body Wash.,https://alfouadpharmacies.com/en/products/camay-shower-gel-1liter-coconut,AlFouad Pharmacies,Verify usage rights before commercial publication,غير مثبت,غير مثبت,مرجعي فقط — غير معتمد للنشر التجاري,بيانات مرجعية متاحة؛ يلزم تحقق PM,ضمن الفحص المبدئي
10569840853295,camay-shower-gel-1liter-strawberry,جل استحمام كامي، الفراولة، 1 لتر,AlFouad Pharmacies,العناية بالجسم,العناية بالجسم,1,بسيط,9970,110,33,77,,غير متاح لدى المصدر,https://cdn.shopify.com/s/files/1/0935/9550/0847/files/Camay-Shower-Gel-1LITER-Strawberry.webp?v=1754298513,منتج جل استحمام كامي، الفراولة، 1 لتر من AlFouad Pharmacies. التصنيف المرجعي: العناية بالجسم — بسيط. الوسوم المرجعية: Body Care، Body Wash.,https://alfouadpharmacies.com/en/products/camay-shower-gel-1liter-strawberry,AlFouad Pharmacies,Verify usage rights before commercial publication,غير مثبت,غير مثبت,مرجعي فقط — غير معتمد للنشر التجاري,بيانات مرجعية متاحة؛ يلزم تحقق PM,ضمن الفحص المبدئي
10569840492847,camay-shower-gel-1liter-jasmine,جل استحمام كامي، زهر الياسمين، 1 لتر,AlFouad Pharmacies,العناية بالجسم,العناية بالجسم,1,بسيط,14966,130,39,91,,متاح لدى المصدر,https://cdn.shopify.com/s/files/1/0935/9550/0847/files/Camay-Shower-Gel-1LITER-Jasmine.webp?v=1754298515,منتج جل استحمام كامي، زهر الياسمين، 1 لتر من AlFouad Pharmacies. التصنيف المرجعي: العناية بالجسم — بسيط. الوسوم المرجعية: Body Care، Body Wash.,https://alfouadpharmacies.com/en/products/camay-shower-gel-1liter-jasmine,AlFouad Pharmacies,Verify usage rights before commercial publication,غير مثبت,غير مثبت,مرجعي فقط — غير معتمد للنشر التجاري,بيانات مرجعية متاحة؛ يلزم تحقق PM,ضمن الفحص المبدئي
10569840623919,camay-shower-gel-1liter-oud,جل استحمام كامي، عطر العود، 1 لتر,AlFouad Pharmacies,العناية بالجسم,العناية بالجسم,1,بسيط,14897,110,33,77,,غير متاح لدى المصدر,https://cdn.shopify.com/s/files/1/0935/9550/0847/files/Camay-Shower-Gel-1LITER-Oud.webp?v=1754298514,منتج جل استحمام كامي، عطر العود، 1 لتر من AlFouad Pharmacies. التصنيف المرجعي: العناية بالجسم — بسيط. الوسوم المرجعية: Body Care، Body Wash.,https://alfouadpharmacies.com/en/products/camay-shower-gel-1liter-oud,AlFouad Pharmacies,Verify usage rights before commercial publication,غير مثبت,غير مثبت,مرجعي فقط — غير معتمد للنشر التجاري,بيانات مرجعية متاحة؛ يلزم تحقق PM,ضمن الفحص المبدئي
10569833873711,lux-shower-gel-250ml-silky-sensationgardinia,جل استحمام لاكس 250 مل، إحساس حريري (ياسمين),AlFouad Pharmacies,العناية بالجسم,العناية بالجسم,1,بسيط,32940,62,18.6,43.4,,متاح لدى المصدر,https://cdn.shopify.com/s/files/1/0935/9550/0847/files/Lux-Shower-Gel-250ML-Silky-Sensationgardinia.webp?v=1754298568,منتج جل استحمام لاكس 250 مل، إحساس حريري (ياسمين) من AlFouad Pharmacies. التصنيف المرجعي: العناية بالجسم — بسيط. الوسوم المرجعية: Body Care، Body Wash.,https://alfouadpharmacies.com/en/products/lux-shower-gel-250ml-silky-sensationgardinia,AlFouad Pharmacies,Verify usage rights before commercial publication,غير مثبت,غير مثبت,مرجعي فقط — غير معتمد للنشر التجاري,بيانات مرجعية متاحة؛ يلزم تحقق PM,ضمن الفحص المبدئي
10569833709871,lux-shower-gel-250ml-romantic-hibiscus,جل استحمام لاكس 250 مل، زهرة الخُشخاش الرومانسية,AlFouad Pharmacies,العناية بالجسم,العناية بالجسم,1,بسيط,99201,62,18.6,43.4,,متاح لدى المصدر,https://cdn.shopify.com/s/files/1/0935/9550/0847/files/Lux-Shower-Gel-250ML-Romantic-Hibiscus.webp?v=1754298569,منتج جل استحمام لاكس 250 مل، زهرة الخُشخاش الرومانسية من AlFouad Pharmacies. التصنيف المرجعي: العناية بالجسم — بسيط. الوسوم المرجعية: Body Care، Body Wash.,https://alfouadpharmacies.com/en/products/lux-shower-gel-250ml-romantic-hibiscus,AlFouad Pharmacies,Verify usage rights before commercial publication,غير مثبت,غير مثبت,مرجعي فقط — غير معتمد للنشر التجاري,بيانات مرجعية متاحة؛ يلزم تحقق PM,ضمن الفحص المبدئي
10569833611567,lux-shower-gel-250ml-magical-beauty-orchid,جل استحمام لاكس 250 مل، سحر الجمال (الأوركيد),AlFouad Pharmacies,العناية بالجسم,العناية بالجسم,1,بسيط,89014,62,18.6,43.4,,متاح لدى المصدر,https://cdn.shopify.com/s/files/1/0935/9550/0847/files/Lux-Shower-Gel-250ML-Magical-Beauty-Orchid.webp?v=1754298570,منتج جل استحمام لاكس 250 مل، سحر الجمال (الأوركيد) من AlFouad Pharmacies. التصنيف المرجعي: العناية بالجسم — بسيط. الوسوم المرجعية: Body Care، Body Wash.,https://alfouadpharmacies.com/en/products/lux-shower-gel-250ml-magical-beauty-orchid,AlFouad Pharmacies,Verify usage rights before commercial publication,غير مثبت,غير مثبت,مرجعي فقط — غير معتمد للنشر التجاري,بيانات مرجعية متاحة؛ يلزم تحقق PM,ضمن الفحص المبدئي
10569833939247,lux-shower-gel-250ml-soft-touchrose,جل استحمام لاكس 250 مل، لمسة ناعمة/وردية,AlFouad Pharmacies,العناية بالجسم,العناية بالجسم,1,بسيط,82325,62,18.6,43.4,,متاح لدى المصدر,https://cdn.shopify.com/s/files/1/0935/9550/0847/files/Lux-Shower-Gel-250ML-Soft-TouchRose.webp?v=1754298568,منتج جل استحمام لاكس 250 مل، لمسة ناعمة/وردية من AlFouad Pharmacies. التصنيف المرجعي: العناية بالجسم — بسيط. الوسوم المرجعية: Body Care، Body Wash.,https://alfouadpharmacies.com/en/products/lux-shower-gel-250ml-soft-touchrose,AlFouad Pharmacies,Verify usage rights before commercial publication,غير مثبت,غير مثبت,مرجعي فقط — غير معتمد للنشر التجاري,بيانات مرجعية متاحة؛ يلزم تحقق PM,ضمن الفحص المبدئي
10569834004783,lux-shower-gel-500ml-magical-orchid-off,جل استحمام لاكس 500 مل سحري (الأوركيد)  (عرض خاص),AlFouad Pharmacies,العناية بالجسم,العناية بالجسم,1,بسيط,90742,99,29.7,69.3,,متاح لدى المصدر,https://cdn.shopify.com/s/files/1/0935/9550/0847/files/Lux-Shower-Gel-500ML-Magical-Orchid-Off.webp?v=1754298567,منتج جل استحمام لاكس 500 مل سحري (الأوركيد)  (عرض خاص) من AlFouad Pharmacies. التصنيف المرجعي: العناية بالجسم — بسيط. الوسوم المرجعية: Body Care، Body Wash.,https://alfouadpharmacies.com/en/products/lux-shower-gel-500ml-magical-orchid-off,AlFouad Pharmacies,Verify usage rights before commercial publication,غير مثبت,غير مثبت,مرجعي فقط — غير معتمد للنشر التجاري,بيانات مرجعية متاحة؛ يلزم تحقق PM,ضمن الفحص المبدئي
10569834365231,lux-shower-gel-500ml-silky-sensatiiongardinia-off,جل استحمام لاكس 500 مل، إحساس حريري/ زهور الجاردينيا,AlFouad Pharmacies,العناية بالجسم,العناية بالجسم,1,بسيط,95260,99,29.7,69.3,,متاح لدى المصدر,https://cdn.shopify.com/s/files/1/0935/9550/0847/files/Lux-Shower-Gel-500ML-Silky-SensatiionGardinia-Off.webp?v=1754298565,منتج جل استحمام لاكس 500 مل، إحساس حريري/ زهور الجاردينيا من AlFouad Pharmacies. التصنيف المرجعي: العناية بالجسم — بسيط. الوسوم المرجعية: Body Care، Body Wash.,https://alfouadpharmacies.com/en/products/lux-shower-gel-500ml-silky-sensatiiongardinia-off,AlFouad Pharmacies,Verify usage rights before commercial publication,غير مثبت,غير مثبت,مرجعي فقط — غير معتمد للنشر التجاري,بيانات مرجعية متاحة؛ يلزم تحقق PM,ضمن الفحص المبدئي
10569834135855,lux-shower-gel-500ml-romantic-hibiscus,جل استحمام لاكس 500 مل، رائحة زهرة الهايبسكس الرومانسية,AlFouad Pharmacies,العناية بالجسم,العناية بالجسم,1,بسيط,110436,105,31.5,73.5,,متاح لدى المصدر,https://cdn.shopify.com/s/files/1/0935/9550/0847/files/Lux-Shower-Gel-500ML-Romantic-Hibiscus.webp?v=1754298567,منتج جل استحمام لاكس 500 مل، رائحة زهرة الهايبسكس الرومانسية من AlFouad Pharmacies. التصنيف المرجعي: العناية بالجسم — بسيط. الوسوم المرجعية: Body Care، Body Wash.,https://alfouadpharmacies.com/en/products/lux-shower-gel-500ml-romantic-hibiscus,AlFouad Pharmacies,Verify usage rights before commercial publication,غير مثبت,غير مثبت,مرجعي فقط — غير معتمد للنشر التجاري,بيانات مرجعية متاحة؛ يلزم تحقق PM,ضمن الفحص المبدئي
10569834201391,lux-shower-gel-500ml-romantic-hibiscus-off,جل استحمام لاكس 500 مل، رائحة زهرة الهايبسكس الرومانسية، أوف.,AlFouad Pharmacies,العناية بالجسم,العناية بالجسم,1,بسيط,109335,99,29.7,69.3,,متاح لدى المصدر,https://cdn.shopify.com/s/files/1/0935/9550/0847/files/Lux-Shower-Gel-500ML-Romantic-Hibiscus-Off.webp?v=1754298566,منتج جل استحمام لاكس 500 مل، رائحة زهرة الهايبسكس الرومانسية، أوف. من AlFouad Pharmacies. التصنيف المرجعي: العناية بالجسم — بسيط. الوسوم المرجعية: Body Care، Body Wash.,https://alfouadpharmacies.com/en/products/lux-shower-gel-500ml-romantic-hibiscus-off,AlFouad Pharmacies,Verify usage rights before commercial publication,غير مثبت,غير مثبت,مرجعي فقط — غير معتمد للنشر التجاري,بيانات مرجعية متاحة؛ يلزم تحقق PM,ضمن الفحص المبدئي
10569834070319,lux-shower-gel-500ml-magical-beauty-orchid,جل استحمام لاكس 500 مل، زهرة الأوركيد الساحرة,AlFouad Pharmacies,العناية بالجسم,العناية بالجسم,1,بسيط,101420,95,28.5,66.5,,غير متاح لدى المصدر,https://cdn.shopify.com/s/files/1/0935/9550/0847/files/Lux-Shower-Gel-500ML-Magical-Beauty-Orchid.webp?v=1754298567,منتج جل استحمام لاكس 500 مل، زهرة الأوركيد الساحرة من AlFouad Pharmacies. التصنيف المرجعي: العناية بالجسم — بسيط. الوسوم المرجعية: Body Care، Body Wash.,https://alfouadpharmacies.com/en/products/lux-shower-gel-500ml-magical-beauty-orchid,AlFouad Pharmacies,Verify usage rights before commercial publication,غير مثبت,غير مثبت,مرجعي فقط — غير معتمد للنشر التجاري,بيانات مرجعية متاحة؛ يلزم تحقق PM,ضمن الفحص المبدئي
10569834496303,lux-shower-gel-500ml-silky-sensationgardinia,جل استحمام لاكس 500 مل، لمسة حريرية (الصباحي),AlFouad Pharmacies,العناية بالجسم,العناية بالجسم,1,بسيط,81759,95,28.5,66.5,,غير متاح لدى المصدر,https://cdn.shopify.com/s/files/1/0935/9550/0847/files/Lux-Shower-Gel-500ML-Silky-Sensationgardinia.webp?v=1754298565,منتج جل استحمام لاكس 500 مل، لمسة حريرية (الصباحي) من AlFouad Pharmacies. التصنيف المرجعي: العناية بالجسم — بسيط. الوسوم المرجعية: Body Care، Body Wash.,https://alfouadpharmacies.com/en/products/lux-shower-gel-500ml-silky-sensationgardinia,AlFouad Pharmacies,Verify usage rights before commercial publication,غير مثبت,غير مثبت,مرجعي فقط — غير معتمد للنشر التجاري,بيانات مرجعية متاحة؛ يلزم تحقق PM,ضمن الفحص المبدئي
10569834758447,lux-shower-gel-500ml-soft-touchrose-off,جل استحمام لاكس 500 مل، لمسة ناعمة/ورد أوف,AlFouad Pharmacies,العناية بالجسم,العناية بالجسم,1,بسيط,109624,99,29.7,69.3,,متاح لدى المصدر,https://cdn.shopify.com/s/files/1/0935/9550/0847/files/Lux-Shower-Gel-500ML-Soft-TouchRose-Off.webp?v=1754298563,منتج جل استحمام لاكس 500 مل، لمسة ناعمة/ورد أوف من AlFouad Pharmacies. التصنيف المرجعي: العناية بالجسم — بسيط. الوسوم المرجعية: Body Care، Body Wash.,https://alfouadpharmacies.com/en/products/lux-shower-gel-500ml-soft-touchrose-off,AlFouad Pharmacies,Verify usage rights before commercial publication,غير مثبت,غير مثبت,مرجعي فقط — غير معتمد للنشر التجاري,بيانات مرجعية متاحة؛ يلزم تحقق PM,ضمن الفحص المبدئي
10569834660143,lux-shower-gel-500ml-soft-touchrose,جل استحمام لاكس 500 مل، لمسة ناعمة/وردية,AlFouad Pharmacies,العناية بالجسم,العناية بالجسم,1,بسيط,89830,110,33,77,,متاح لدى المصدر,https://cdn.shopify.com/s/files/1/0935/9550/0847/files/Lux-Shower-Gel-500ML-Soft-TouchRose.webp?v=1754298563,منتج جل استحمام لاكس 500 مل، لمسة ناعمة/وردية من AlFouad Pharmacies. التصنيف المرجعي: العناية بالجسم — بسيط. الوسوم المرجعية: Body Care، Body Wash.,https://alfouadpharmacies.com/en/products/lux-shower-gel-500ml-soft-touchrose,AlFouad Pharmacies,Verify usage rights before commercial publication,غير مثبت,غير مثبت,مرجعي فقط — غير معتمد للنشر التجاري,بيانات مرجعية متاحة؛ يلزم تحقق PM,ضمن الفحص المبدئي
10569897083183,lifebuoy-body-wash-300ml-total-10,جل استحمام لايف بوي 300 مل، المجموع 10,AlFouad Pharmacies,العناية بالجسم,العناية بالجسم,1,بسيط,103820,61.5,18.45,43.05,,غير متاح لدى المصدر,https://cdn.shopify.com/s/files/1/0935/9550/0847/files/Lifebuoy-Body-Wash-300-ml-Total-10.webp?v=1754298180,منتج جل استحمام لايف بوي 300 مل، المجموع 10 من AlFouad Pharmacies. التصنيف المرجعي: العناية بالجسم — بسيط. الوسوم المرجعية: Body Care، Body Wash.,https://alfouadpharmacies.com/en/products/lifebuoy-body-wash-300ml-total-10,AlFouad Pharmacies,Verify usage rights before commercial publication,غير مثبت,غير مثبت,مرجعي فقط — غير معتمد للنشر التجاري,بيانات مرجعية متاحة؛ يلزم تحقق PM,ضمن الفحص المبدئي
10569818669359,mood-shower-gel-750-ml-tahiti,جل استحمام لتحسين المزاج 750 مل تاهيتي,MOOD,العناية بالجسم,العناية بالجسم,1,بسيط,101163,99,29.7,69.3,,متاح لدى المصدر,https://cdn.shopify.com/s/files/1/0935/9550/0847/files/Mood-Shower-Gel-750-ml-Tahiti.webp?v=1754298671,منتج جل استحمام لتحسين المزاج 750 مل تاهيتي من MOOD. التصنيف المرجعي: العناية بالجسم — بسيط. الوسوم المرجعية: Body Care، Body Wash.,https://alfouadpharmacies.com/en/products/mood-shower-gel-750-ml-tahiti,AlFouad Pharmacies,Verify usage rights before commercial publication,غير مثبت,غير مثبت,مرجعي فقط — غير معتمد للنشر التجاري,بيانات مرجعية متاحة؛ يلزم تحقق PM,ضمن الفحص المبدئي
10569818571055,mood-shower-gel-750-ml-santorini,جل استحمام لتحسين المزاج 750 مل سانتوريني,MOOD,العناية بالجسم,العناية بالجسم,1,بسيط,33307,99,29.7,69.3,,متاح لدى المصدر,https://cdn.shopify.com/s/files/1/0935/9550/0847/files/Mood-Shower-Gel-750-ml-Santorini.webp?v=1754298673,منتج جل استحمام لتحسين المزاج 750 مل سانتوريني من MOOD. التصنيف المرجعي: العناية بالجسم — بسيط. الوسوم المرجعية: Body Care، Body Wash.,https://alfouadpharmacies.com/en/products/mood-shower-gel-750-ml-santorini,AlFouad Pharmacies,Verify usage rights before commercial publication,غير مثبت,غير مثبت,مرجعي فقط — غير معتمد للنشر التجاري,بيانات مرجعية متاحة؛ يلزم تحقق PM,ضمن الفحص المبدئي
10569817915695,mood-men-shower-gel-750-ml-intense,جل استحمام للرجال من Mood، 750 مل، تركيز عالي.,MOOD,العناية بالجسم,العناية بالجسم,1,بسيط,91530,99,29.7,69.3,,متاح لدى المصدر,https://cdn.shopify.com/s/files/1/0935/9550/0847/files/Mood-Men-Shower-Gel-750-ml-Intense.webp?v=1754298680,منتج جل استحمام للرجال من Mood، 750 مل، تركيز عالي. من MOOD. التصنيف المرجعي: العناية بالجسم — بسيط. الوسوم المرجعية: Body Care، Body Wash، Men Care.,https://alfouadpharmacies.com/en/products/mood-men-shower-gel-750-ml-intense,AlFouad Pharmacies,Verify usage rights before commercial publication,غير مثبت,غير مثبت,مرجعي فقط — غير معتمد للنشر التجاري,بيانات مرجعية متاحة؛ يلزم تحقق PM,ضمن الفحص المبدئي
10569817981231,mood-men-shower-gel-750-ml-night,جل استحمام للرجال من مود، 750 مل، إصدار ليلي,MOOD,العناية بالجسم,العناية بالجسم,1,بسيط,90928,99,29.7,69.3,,متاح لدى المصدر,https://cdn.shopify.com/s/files/1/0935/9550/0847/files/Mood-Men-Shower-Gel-750-ml-Night.webp?v=1754298679,منتج جل استحمام للرجال من مود، 750 مل، إصدار ليلي من MOOD. التصنيف المرجعي: العناية بالجسم — بسيط. الوسوم المرجعية: Body Care، Body Wash، Men Care.,https://alfouadpharmacies.com/en/products/mood-men-shower-gel-750-ml-night,AlFouad Pharmacies,Verify usage rights before commercial publication,غير مثبت,غير مثبت,مرجعي فقط — غير معتمد للنشر التجاري,بيانات مرجعية متاحة؛ يلزم تحقق PM,ضمن الفحص المبدئي
10569817784623,mood-men-shower-gel-750-ml-bold,جل استحمام للرجال من مود، 750 مل، تصميم جريء,MOOD,العناية بالجسم,العناية بالجسم,1,بسيط,90924,99,29.7,69.3,,متاح لدى المصدر,https://cdn.shopify.com/s/files/1/0935/9550/0847/files/Mood-Men-Shower-Gel-750-ml-Bold.webp?v=1754298681,منتج جل استحمام للرجال من مود، 750 مل، تصميم جريء من MOOD. التصنيف المرجعي: العناية بالجسم — بسيط. الوسوم المرجعية: Body Care، Body Wash، Men Care.,https://alfouadpharmacies.com/en/products/mood-men-shower-gel-750-ml-bold,AlFouad Pharmacies,Verify usage rights before commercial publication,غير مثبت,غير مثبت,مرجعي فقط — غير معتمد للنشر التجاري,بيانات مرجعية متاحة؛ يلزم تحقق PM,ضمن الفحص المبدئي
10569817850159,mood-men-shower-gel-750-ml-dark,جل استحمام للرجال من مود، 750 مل، لون داكن,MOOD,العناية بالجسم,العناية بالجسم,1,بسيط,90050,99,29.7,69.3,,متاح لدى المصدر,https://cdn.shopify.com/s/files/1/0935/9550/0847/files/Mood-Men-Shower-Gel-750-ml-Dark.webp?v=1754298681,منتج جل استحمام للرجال من مود، 750 مل، لون داكن من MOOD. التصنيف المرجعي: العناية بالجسم — بسيط. الوسوم المرجعية: Body Care، Body Wash، Men Care.,https://alfouadpharmacies.com/en/products/mood-men-shower-gel-750-ml-dark,AlFouad Pharmacies,Verify usage rights before commercial publication,غير مثبت,غير مثبت,مرجعي فقط — غير معتمد للنشر التجاري,بيانات مرجعية متاحة؛ يلزم تحقق PM,ضمن الفحص المبدئي
10569818734895,mood-shower-gel-750-ml-vienna,جل استحمام معطر 750 مل فيينا,MOOD,العناية بالجسم,العناية بالجسم,1,بسيط,22387,99,29.7,69.3,,متاح لدى المصدر,https://cdn.shopify.com/s/files/1/0935/9550/0847/files/Mood-Shower-Gel-750-ml-Vienna.webp?v=1754298670,منتج جل استحمام معطر 750 مل فيينا من MOOD. التصنيف المرجعي: العناية بالجسم — بسيط. الوسوم المرجعية: Body Care، Body Wash.,https://alfouadpharmacies.com/en/products/mood-shower-gel-750-ml-vienna,AlFouad Pharmacies,Verify usage rights before commercial publication,غير مثبت,غير مثبت,مرجعي فقط — غير معتمد للنشر التجاري,بيانات مرجعية متاحة؛ يلزم تحقق PM,ضمن الفحص المبدئي
12689724637487,mood-shower-gel-750-ml-hawaii,جل استحمام معطر 750 مل هاواي,MOOD,العناية بالجسم,العناية بالجسم,1,بسيط,23238,99,29.7,69.3,,متاح لدى المصدر,https://cdn.shopify.com/s/files/1/0935/9550/0847/files/MoodShowerGel750mlHawaii.webp?v=1771845220,منتج جل استحمام معطر 750 مل هاواي من MOOD. التصنيف المرجعي: العناية بالجسم — بسيط. الوسوم المرجعية: Body Care، Body Wash.,https://alfouadpharmacies.com/en/products/mood-shower-gel-750-ml-hawaii,AlFouad Pharmacies,Verify usage rights before commercial publication,غير مثبت,غير مثبت,مرجعي فقط — غير معتمد للنشر التجاري,بيانات مرجعية متاحة؛ يلزم تحقق PM,ضمن الفحص المبدئي
12689565548847,mood-shower-gel-750-ml-flower-bliss,جل استحمام مود 750 مل برائحة الزهور,MOOD,العناية بالجسم,العناية بالجسم,1,,113425,99,29.7,69.3,,متاح لدى المصدر,https://cdn.shopify.com/s/files/1/0935/9550/0847/files/MoodShowerGel750mlFlowerBliss.webp?v=1771844941,منتج جل استحمام مود 750 مل برائحة الزهور من MOOD. التصنيف المرجعي: العناية بالجسم. الوسوم المرجعية: Body Care، Body Wash.,https://alfouadpharmacies.com/en/products/mood-shower-gel-750-ml-flower-bliss,AlFouad Pharmacies,Verify usage rights before commercial publication,غير مثبت,غير مثبت,مرجعي فقط — غير معتمد للنشر التجاري,بيانات مرجعية متاحة؛ يلزم تحقق PM,ضمن الفحص المبدئي
12689565614383,mood-shower-gel-750-ml-warm-vanilla,جل استحمام مود 750 مل برائحة الفانيليا الدافئة,MOOD,العناية بالجسم,العناية بالجسم,1,,113423,99,29.7,69.3,,متاح لدى المصدر,https://cdn.shopify.com/s/files/1/0935/9550/0847/files/MoodShowerGel750mlWarmVanilla.webp?v=1771844992,منتج جل استحمام مود 750 مل برائحة الفانيليا الدافئة من MOOD. التصنيف المرجعي: العناية بالجسم. الوسوم المرجعية: Body Care، Body Wash.,https://alfouadpharmacies.com/en/products/mood-shower-gel-750-ml-warm-vanilla,AlFouad Pharmacies,Verify usage rights before commercial publication,غير مثبت,غير مثبت,مرجعي فقط — غير معتمد للنشر التجاري,بيانات مرجعية متاحة؛ يلزم تحقق PM,ضمن الفحص المبدئي
12689565745455,mood-shower-gel-750-ml-cherry-brust,جل استحمام مود 750 مل برائحة الكرز,MOOD,العناية بالجسم,العناية بالجسم,1,,113422,99,29.7,69.3,,متاح لدى المصدر,https://cdn.shopify.com/s/files/1/0935/9550/0847/files/MoodShowerGel750mlCherryBrust.webp?v=1771845021,منتج جل استحمام مود 750 مل برائحة الكرز من MOOD. التصنيف المرجعي: العناية بالجسم. الوسوم المرجعية: Body Care، Body Wash.,https://alfouadpharmacies.com/en/products/mood-shower-gel-750-ml-cherry-brust,AlFouad Pharmacies,Verify usage rights before commercial publication,غير مثبت,غير مثبت,مرجعي فقط — غير معتمد للنشر التجاري,بيانات مرجعية متاحة؛ يلزم تحقق PM,ضمن الفحص المبدئي
12689565581615,mood-shower-gel-750-ml-wild-rose,جل استحمام مود 750 مل برائحة الورد البري,MOOD,العناية بالجسم,العناية بالجسم,1,,113424,99,29.7,69.3,,متاح لدى المصدر,https://cdn.shopify.com/s/files/1/0935/9550/0847/files/MoodShowerGel750mlWildRose.webp?v=1771844964,منتج جل استحمام مود 750 مل برائحة الورد البري من MOOD. التصنيف المرجعي: العناية بالجسم. الوسوم المرجعية: Body Care، Body Wash.,https://alfouadpharmacies.com/en/products/mood-shower-gel-750-ml-wild-rose,AlFouad Pharmacies,Verify usage rights before commercial publication,غير مثبت,غير مثبت,مرجعي فقط — غير معتمد للنشر التجاري,بيانات مرجعية متاحة؛ يلزم تحقق PM,ضمن الفحص المبدئي
12689565516079,mood-shower-gel-750-ml-creamy-coconut,جل استحمام مود 750 مل برائحة جوز الهند الكريمي,MOOD,العناية بالجسم,العناية بالجسم,1,,113426,99,29.7,69.3,,متاح لدى المصدر,https://cdn.shopify.com/s/files/1/0935/9550/0847/files/MoodShowerGel750mlCreamyCoconut.webp?v=1771844917,منتج جل استحمام مود 750 مل برائحة جوز الهند الكريمي من MOOD. التصنيف المرجعي: العناية بالجسم. الوسوم المرجعية: Body Care، Body Wash.,https://alfouadpharmacies.com/en/products/mood-shower-gel-750-ml-creamy-coconut,AlFouad Pharmacies,Verify usage rights before commercial publication,غير مثبت,غير مثبت,مرجعي فقط — غير معتمد للنشر التجاري,بيانات مرجعية متاحة؛ يلزم تحقق PM,ضمن الفحص المبدئي
10569818210607,mood-shower-gel-750-ml-cairo,جل استحمام موود 750 مل القاهرة,MOOD,العناية بالجسم,العناية بالجسم,1,بسيط,22105,99,29.7,69.3,,متاح لدى المصدر,https://cdn.shopify.com/s/files/1/0935/9550/0847/files/Mood-Shower-Gel-750-ml-Cairo.webp?v=1754298677,منتج جل استحمام موود 750 مل القاهرة من MOOD. التصنيف المرجعي: العناية بالجسم — بسيط. الوسوم المرجعية: Body Care، Body Wash.,https://alfouadpharmacies.com/en/products/mood-shower-gel-750-ml-cairo,AlFouad Pharmacies,Verify usage rights before commercial publication,غير مثبت,غير مثبت,مرجعي فقط — غير معتمد للنشر التجاري,بيانات مرجعية متاحة؛ يلزم تحقق PM,ضمن الفحص المبدئي
10569818046767,mood-shower-gel-750-ml-bali,جل استحمام موود 750 مل بالي,MOOD,العناية بالجسم,العناية بالجسم,1,بسيط,5053,99,29.7,69.3,125,متاح لدى المصدر,https://cdn.shopify.com/s/files/1/0935/9550/0847/files/Aromal_sunscreen_gel_4.webp?v=1788856224,منتج جل استحمام موود 750 مل بالي من MOOD. التصنيف المرجعي: العناية بالجسم — بسيط. الوسوم المرجعية: Body Care، Body Wash، Men Care، mood offer.,https://alfouadpharmacies.com/en/products/mood-shower-gel-750-ml-bali,AlFouad Pharmacies,Verify usage rights before commercial publication,غير مثبت,غير مثبت,مرجعي فقط — غير معتمد للنشر التجاري,بيانات مرجعية متاحة؛ يلزم تحقق PM,ضمن الفحص المبدئي
10569818308911,mood-shower-gel-750-ml-khaliji,جل استحمام موود 750 مل خليجي,MOOD,العناية بالجسم,العناية بالجسم,1,بسيط,10149,99,29.7,69.3,,متاح لدى المصدر,https://cdn.shopify.com/s/files/1/0935/9550/0847/files/Mood-Shower-Gel-750-ml-Khaliji.webp?v=1754298675,منتج جل استحمام موود 750 مل خليجي من MOOD. التصنيف المرجعي: العناية بالجسم — بسيط. الوسوم المرجعية: Body Care، Body Wash.,https://alfouadpharmacies.com/en/products/mood-shower-gel-750-ml-khaliji,AlFouad Pharmacies,Verify usage rights before commercial publication,غير مثبت,غير مثبت,مرجعي فقط — غير معتمد للنشر التجاري,بيانات مرجعية متاحة؛ يلزم تحقق PM,ضمن الفحص المبدئي
10569818407215,mood-shower-gel-750-ml-latino,جل استحمام موود 750 مل لاتينو,MOOD,العناية بالجسم,العناية بالجسم,1,بسيط,24398,99,29.7,69.3,,متاح لدى المصدر,https://cdn.shopify.com/s/files/1/0935/9550/0847/files/Mood-Shower-Gel-750-ml-Latino.webp?v=1754298674,منتج جل استحمام موود 750 مل لاتينو من MOOD. التصنيف المرجعي: العناية بالجسم — بسيط. الوسوم المرجعية: Body Care، Body Wash.,https://alfouadpharmacies.com/en/products/mood-shower-gel-750-ml-latino,AlFouad Pharmacies,Verify usage rights before commercial publication,غير مثبت,غير مثبت,مرجعي فقط — غير معتمد للنشر التجاري,بيانات مرجعية متاحة؛ يلزم تحقق PM,ضمن الفحص المبدئي
10569913565487,nivea-shower-gel-250ml-deep,جل استحمام نيفيا 250 مل عميق,AlFouad Pharmacies,العناية بالجسم,العناية بالجسم,1,بسيط,102388,120,36,84,,متاح لدى المصدر,https://cdn.shopify.com/s/files/1/0935/9550/0847/files/Nivea-Shower-Gel-250ML-Deep.webp?v=1754297965,منتج جل استحمام نيفيا 250 مل عميق من AlFouad Pharmacies. التصنيف المرجعي: العناية بالجسم — بسيط. الوسوم المرجعية: Body Care، Body Wash.,https://alfouadpharmacies.com/en/products/nivea-shower-gel-250ml-deep,AlFouad Pharmacies,Verify usage rights before commercial publication,غير مثبت,غير مثبت,مرجعي فقط — غير معتمد للنشر التجاري,بيانات مرجعية متاحة؛ يلزم تحقق PM,ضمن الفحص المبدئي
10569913532719,nivea-shower-gel-250ml-creme-soft-20-off,جل استحمام نيفيا 250 مل كريم سوفت، خصم 20%,AlFouad Pharmacies,العناية بالجسم,العناية بالجسم,1,بسيط,24931,60,18,42,,غير متاح لدى المصدر,https://cdn.shopify.com/s/files/1/0935/9550/0847/files/Nivea-Shower-Gel-250ML-Creme-Soft-20-Off.webp?v=1754297965,منتج جل استحمام نيفيا 250 مل كريم سوفت، خصم 20% من AlFouad Pharmacies. التصنيف المرجعي: العناية بالجسم — بسيط. الوسوم المرجعية: Body Care، Body Wash.,https://alfouadpharmacies.com/en/products/nivea-shower-gel-250ml-creme-soft-20-off,AlFouad Pharmacies,Verify usage rights before commercial publication,غير مثبت,غير مثبت,مرجعي فقط — غير معتمد للنشر التجاري,بيانات مرجعية متاحة؛ يلزم تحقق PM,ضمن الفحص المبدئي
10569913270575,nivea-shower-gel-250ml-cool-kick,جل استحمام نيفيا 250 مل كول كيك,AlFouad Pharmacies,العناية بالجسم,العناية بالجسم,1,بسيط,8692,120,36,84,,غير متاح لدى المصدر,https://cdn.shopify.com/s/files/1/0935/9550/0847/files/Nivea-Shower-Gel-250ML-Cool-Kick.webp?v=1754297968,منتج جل استحمام نيفيا 250 مل كول كيك من AlFouad Pharmacies. التصنيف المرجعي: العناية بالجسم — بسيط. الوسوم المرجعية: Body Care، Body Wash.,https://alfouadpharmacies.com/en/products/nivea-shower-gel-250ml-cool-kick,AlFouad Pharmacies,Verify usage rights before commercial publication,غير مثبت,غير مثبت,مرجعي فقط — غير معتمد للنشر التجاري,بيانات مرجعية متاحة؛ يلزم تحقق PM,ضمن الفحص المبدئي
10569913794863,nivea-shower-gel-250ml-fresh,جل استحمام نيفيا 250 مل منعش,AlFouad Pharmacies,العناية بالجسم,العناية بالجسم,1,بسيط,106290,60,18,42,,غير متاح لدى المصدر,https://cdn.shopify.com/s/files/1/0935/9550/0847/files/Nivea-Shower-Gel-250ML-Fresh.webp?v=1754297963,منتج جل استحمام نيفيا 250 مل منعش من AlFouad Pharmacies. التصنيف المرجعي: العناية بالجسم — بسيط. الوسوم المرجعية: Body Care، Body Wash.,https://alfouadpharmacies.com/en/products/nivea-shower-gel-250ml-fresh,AlFouad Pharmacies,Verify usage rights before commercial publication,غير مثبت,غير مثبت,مرجعي فقط — غير معتمد للنشر التجاري,بيانات مرجعية متاحة؛ يلزم تحقق PM,ضمن الفحص المبدئي
10569913368879,nivea-shower-gel-250ml-cool-kick-20-off,جل استحمام نيفيا 250 مل،  برودة منعشة، خصم 20%,AlFouad Pharmacies,العناية بالجسم,العناية بالجسم,1,بسيط,1751,60,18,42,,غير متاح لدى المصدر,https://cdn.shopify.com/s/files/1/0935/9550/0847/files/Nivea-Shower-Gel-250ML-Cool-Kick-20-Off.webp?v=1754297967,منتج جل استحمام نيفيا 250 مل،  برودة منعشة، خصم 20% من AlFouad Pharmacies. التصنيف المرجعي: العناية بالجسم — بسيط. الوسوم المرجعية: Body Care، Body Wash.,https://alfouadpharmacies.com/en/products/nivea-shower-gel-250ml-cool-kick-20-off,AlFouad Pharmacies,Verify usage rights before commercial publication,غير مثبت,غير مثبت,مرجعي فقط — غير معتمد للنشر التجاري,بيانات مرجعية متاحة؛ يلزم تحقق PM,ضمن الفحص المبدئي
10569913663791,nivea-shower-gel-250ml-fresh-power,جل استحمام نيفيا 250 مل، رائحة منعشة.,AlFouad Pharmacies,العناية بالجسم,العناية بالجسم,1,بسيط,112111,120,36,84,,متاح لدى المصدر,https://cdn.shopify.com/s/files/1/0935/9550/0847/files/Nivea-Shower-Gel-250ML-Fresh-Power.webp?v=1754297964,منتج جل استحمام نيفيا 250 مل، رائحة منعشة. من AlFouad Pharmacies. التصنيف المرجعي: العناية بالجسم — بسيط. الوسوم المرجعية: Body Care، Body Wash.,https://alfouadpharmacies.com/en/products/nivea-shower-gel-250ml-fresh-power,AlFouad Pharmacies,Verify usage rights before commercial publication,غير مثبت,غير مثبت,مرجعي فقط — غير معتمد للنشر التجاري,بيانات مرجعية متاحة؛ يلزم تحقق PM,ضمن الفحص المبدئي
10569913434415,nivea-shower-gel-250ml-creme-soft,جل استحمام نيفيا كريم سوفت 250 مل,AlFouad Pharmacies,العناية بالجسم,العناية بالجسم,1,بسيط,8664,120,36,84,,متاح لدى المصدر,https://cdn.shopify.com/s/files/1/0935/9550/0847/files/Nivea-Shower-Gel-250ML-Creme-Soft.webp?v=1754297966,منتج جل استحمام نيفيا كريم سوفت 250 مل من AlFouad Pharmacies. التصنيف المرجعي: العناية بالجسم — بسيط. الوسوم المرجعية: Body Care، Body Wash.,https://alfouadpharmacies.com/en/products/nivea-shower-gel-250ml-creme-soft,AlFouad Pharmacies,Verify usage rights before commercial publication,غير مثبت,غير مثبت,مرجعي فقط — غير معتمد للنشر التجاري,بيانات مرجعية متاحة؛ يلزم تحقق PM,ضمن الفحص المبدئي
10569913631023,nivea-shower-gel-250ml-energy,جل استحمام نيڤيا 250 مل، طاقة,AlFouad Pharmacies,العناية بالجسم,العناية بالجسم,1,بسيط,8691,120,36,84,,متاح لدى المصدر,https://cdn.shopify.com/s/files/1/0935/9550/0847/files/Nivea-Shower-Gel-250ML-Energy.webp?v=1754297964,منتج جل استحمام نيڤيا 250 مل، طاقة من AlFouad Pharmacies. التصنيف المرجعي: العناية بالجسم — بسيط. الوسوم المرجعية: Body Care، Body Wash.,https://alfouadpharmacies.com/en/products/nivea-shower-gel-250ml-energy,AlFouad Pharmacies,Verify usage rights before commercial publication,غير مثبت,غير مثبت,مرجعي فقط — غير معتمد للنشر التجاري,بيانات مرجعية متاحة؛ يلزم تحقق PM,ضمن الفحص المبدئي
10569913827631,nivea-shower-gel-250ml-fresh-power-fruit,جل استحمام نيڤيا 250 مل، نكهة الفاكهة المنعشة,AlFouad Pharmacies,العناية بالجسم,العناية بالجسم,1,بسيط,30385,120,36,84,,متاح لدى المصدر,https://cdn.shopify.com/s/files/1/0935/9550/0847/files/Nivea-Shower-Gel-250ML-Fresh-Power-Fruit.webp?v=1754297963,منتج جل استحمام نيڤيا 250 مل، نكهة الفاكهة المنعشة من AlFouad Pharmacies. التصنيف المرجعي: العناية بالجسم — بسيط. الوسوم المرجعية: Body Care، Body Wash.,https://alfouadpharmacies.com/en/products/nivea-shower-gel-250ml-fresh-power-fruit,AlFouad Pharmacies,Verify usage rights before commercial publication,غير مثبت,غير مثبت,مرجعي فقط — غير معتمد للنشر التجاري,بيانات مرجعية متاحة؛ يلزم تحقق PM,ضمن الفحص المبدئي
10569995026735,gillete-shaving-gel-200-ml-icy-cool-menthol,جل الحلاقة جليت 200 مل، منكه بالنعناع البارد,AlFouad Pharmacies,العناية بالجسم,العناية بالجسم,1,بسيط,82887,350,105,245,,متاح لدى المصدر,https://cdn.shopify.com/s/files/1/0935/9550/0847/files/Gtt-Shaving-Gel-200-ml-Icy-Cool-Menthol-150.webp?v=1754297163,منتج جل الحلاقة جليت 200 مل، منكه بالنعناع البارد من AlFouad Pharmacies. التصنيف المرجعي: العناية بالجسم — بسيط. الوسوم المرجعية: Body Care، Hair Removal، Men Care، Shaving Gel.,https://alfouadpharmacies.com/en/products/gillete-shaving-gel-200-ml-icy-cool-menthol,AlFouad Pharmacies,Verify usage rights before commercial publication,غير مثبت,غير مثبت,مرجعي فقط — غير معتمد للنشر التجاري,بيانات مرجعية متاحة؛ يلزم تحقق PM,ضمن الفحص المبدئي
10569734750511,bio-oil-dry-skin-gel-100ml,جل بيو-أويل للبشرة الجافة 100 مل,AlFouad Pharmacies,العناية بالجسم,العناية بالجسم,1,بسيط,10608,425,127.5,297.5,,غير متاح لدى المصدر,https://cdn.shopify.com/s/files/1/0935/9550/0847/files/Bio-Oil-Dry-Skin-Gel-100ML.webp?v=1754298993,منتج جل بيو-أويل للبشرة الجافة 100 مل من AlFouad Pharmacies. التصنيف المرجعي: العناية بالجسم — بسيط. الوسوم المرجعية: Body Care، Body Concerns، Body Cream، Dry Skin body concerns.,https://alfouadpharmacies.com/en/products/bio-oil-dry-skin-gel-100ml,AlFouad Pharmacies,Verify usage rights before commercial publication,غير مثبت,غير مثبت,مرجعي فقط — غير معتمد للنشر التجاري,بيانات مرجعية متاحة؛ يلزم تحقق PM,ضمن الفحص المبدئي
10569734783279,bio-oil-dry-skin-gel-50ml,جل بيو-أويل للبشرة الجافة 50 مل,AlFouad Pharmacies,العناية بالجسم,العناية بالجسم,1,بسيط,10720,249,74.7,174.3,,غير متاح لدى المصدر,https://cdn.shopify.com/s/files/1/0935/9550/0847/files/Bio-Oil-Dry-Skin-Gel-50ML.webp?v=1754298992,منتج جل بيو-أويل للبشرة الجافة 50 مل من AlFouad Pharmacies. التصنيف المرجعي: العناية بالجسم — بسيط. الوسوم المرجعية: Body Care، Body Concerns، Body Cream، Dry Skin body concerns.,https://alfouadpharmacies.com/en/products/bio-oil-dry-skin-gel-50ml,AlFouad Pharmacies,Verify usage rights before commercial publication,غير مثبت,غير مثبت,مرجعي فقط — غير معتمد للنشر التجاري,بيانات مرجعية متاحة؛ يلزم تحقق PM,ضمن الفحص المبدئي
10569896198447,jampj-oil-gel-hydrating-aloeampvitamin-e-200ml,جل زيت جيه أند جيه المرطب بالصبار وفيتامين إي 200 مل,J&J,العناية بالجسم,العناية بالجسم,1,بسيط,1789,325,97.5,227.5,,متاح لدى المصدر,https://cdn.shopify.com/s/files/1/0935/9550/0847/files/JJ-Oil-Gel-Hydrating-AloeVitamin-E-200ML.webp?v=1754298189,منتج جل زيت جيه أند جيه المرطب بالصبار وفيتامين إي 200 مل من J&J. التصنيف المرجعي: العناية بالجسم — بسيط. الوسوم المرجعية: Body Care، Body Concerns، Body Oil، Dry Skin body concerns.,https://alfouadpharmacies.com/en/products/jampj-oil-gel-hydrating-aloeampvitamin-e-200ml,AlFouad Pharmacies,Verify usage rights before commercial publication,غير مثبت,غير مثبت,مرجعي فقط — غير معتمد للنشر التجاري,بيانات مرجعية متاحة؛ يلزم تحقق PM,ضمن الفحص المبدئي
10569896263983,jampj-oil-gel-hydrating-fresh-blossom-200ml,جل زيت مرطب برائحة الزهور المنعشة من جيه آند جيه، 200 مل,J&J,العناية بالجسم,العناية بالجسم,1,بسيط,9567,325,97.5,227.5,,متاح لدى المصدر,https://cdn.shopify.com/s/files/1/0935/9550/0847/files/JJ-Oil-Gel-Hydrating-Fresh-Blossom-200ML.webp?v=1754298187,منتج جل زيت مرطب برائحة الزهور المنعشة من جيه آند جيه، 200 مل من J&J. التصنيف المرجعي: العناية بالجسم — بسيط. الوسوم المرجعية: Body Care، Body Concerns، Body Oil، Dry Skin body concerns.,https://alfouadpharmacies.com/en/products/jampj-oil-gel-hydrating-fresh-blossom-200ml,AlFouad Pharmacies,Verify usage rights before commercial publication,غير مثبت,غير مثبت,مرجعي فقط — غير معتمد للنشر التجاري,بيانات مرجعية متاحة؛ يلزم تحقق PM,ضمن الفحص المبدئي
10569995190575,gillete-mach3-3-blades,جليت MACH.3 (3 شفرات),AlFouad Pharmacies,العناية بالجسم,العناية بالجسم,1,بسيط,9292,386,115.8,270.2,,متاح لدى المصدر,https://cdn.shopify.com/s/files/1/0935/9550/0847/files/Gtt-MACH.3-3-Blades-528.webp?v=1754297160,منتج جليت MACH.3 (3 شفرات) من AlFouad Pharmacies. التصنيف المرجعي: العناية بالجسم — بسيط. الوسوم المرجعية: Body Care، Hair Removal، Men Care، Razor Refills (Blades).,https://alfouadpharmacies.com/en/products/gillete-mach3-3-blades,AlFouad Pharmacies,Verify usage rights before commercial publication,غير مثبت,غير مثبت,مرجعي فقط — غير معتمد للنشر التجاري,بيانات مرجعية متاحة؛ يلزم تحقق PM,ضمن الفحص المبدئي
10569995747631,gillete-mach3-5-blades,جليت MACH.3 (5 شفرات),AlFouad Pharmacies,العناية بالجسم,العناية بالجسم,1,بسيط,26480,620,186,434,,متاح لدى المصدر,https://cdn.shopify.com/s/files/1/0935/9550/0847/files/Gtt-MACH.3-5-Blades-597.webp?v=1754297151,منتج جليت MACH.3 (5 شفرات) من AlFouad Pharmacies. التصنيف المرجعي: العناية بالجسم — بسيط. الوسوم المرجعية: Body Care، Hair Removal، Men Care، Razor Refills (Blades).,https://alfouadpharmacies.com/en/products/gillete-mach3-5-blades,AlFouad Pharmacies,Verify usage rights before commercial publication,غير مثبت,غير مثبت,مرجعي فقط — غير معتمد للنشر التجاري,بيانات مرجعية متاحة؛ يلزم تحقق PM,ضمن الفحص المبدئي
10569997025583,gillete-mach3-razor-7-blades,جليت MACH.3 (حلاقة + 7 شفرات),AlFouad Pharmacies,العناية بالجسم,العناية بالجسم,1,بسيط,98329,730,219,511,,غير متاح لدى المصدر,https://cdn.shopify.com/s/files/1/0935/9550/0847/files/Gtt-MACH.3-Razor-7-Blades-8010.webp?v=1754297146,منتج جليت MACH.3 (حلاقة + 7 شفرات) من AlFouad Pharmacies. التصنيف المرجعي: العناية بالجسم — بسيط. الوسوم المرجعية: Body Care، Hair Removal، Men Care، Razor Handel، Razor Refills (Blades).,https://alfouadpharmacies.com/en/products/gillete-mach3-razor-7-blades,AlFouad Pharmacies,Verify usage rights before commercial publication,غير مثبت,غير مثبت,مرجعي فقط — غير معتمد للنشر التجاري,بيانات مرجعية متاحة؛ يلزم تحقق PM,ضمن الفحص المبدئي
10569995288879,gillete-mach3-6,جليت MACH.3 6 شفرات + حامل,AlFouad Pharmacies,العناية بالجسم,العناية بالجسم,1,بسيط,28486,439,131.7,307.3,,غير متاح لدى المصدر,https://cdn.shopify.com/s/files/1/0935/9550/0847/files/Gtt-MACH.3-1134-6_D9_85_D9_88_D8_B3-_D9_8A_D8_AF.webp?v=1754297159,منتج جليت MACH.3 6 شفرات + حامل من AlFouad Pharmacies. التصنيف المرجعي: العناية بالجسم — بسيط. الوسوم المرجعية: Body Care، Hair Removal، Razor Handel، Razor Refills (Blades).,https://alfouadpharmacies.com/en/products/gillete-mach3-6,AlFouad Pharmacies,Verify usage rights before commercial publication,غير مثبت,غير مثبت,مرجعي فقط — غير معتمد للنشر التجاري,بيانات مرجعية متاحة؛ يلزم تحقق PM,ضمن الفحص المبدئي
10569995649327,gillete-mach3-turbo-3d-4-blades,جليت MACH.3 Turbo 3D (4 شفرات),AlFouad Pharmacies,العناية بالجسم,العناية بالجسم,1,بسيط,104998,557,167.1,389.9,,متاح لدى المصدر,https://cdn.shopify.com/s/files/1/0935/9550/0847/files/Gtt-MACH.3-Turbo-3D-4-Blades-063.webp?v=1754297152,منتج جليت MACH.3 Turbo 3D (4 شفرات) من AlFouad Pharmacies. التصنيف المرجعي: العناية بالجسم — بسيط. الوسوم المرجعية: Body Care، Hair Removal، Men Care، Razor Refills (Blades).,https://alfouadpharmacies.com/en/products/gillete-mach3-turbo-3d-4-blades,AlFouad Pharmacies,Verify usage rights before commercial publication,غير مثبت,غير مثبت,مرجعي فقط — غير معتمد للنشر التجاري,بيانات مرجعية متاحة؛ يلزم تحقق PM,ضمن الفحص المبدئي
10569998434607,gillette-fusion5-power-4-blades,جليت فجشن 5 باور (4 شفرات),AlFouad Pharmacies,العناية بالجسم,العناية بالجسم,1,بسيط,82512,1030,309,721,,متاح لدى المصدر,https://cdn.shopify.com/s/files/1/0935/9550/0847/files/Gillette-Fusion.5-Power-4-Blades.webp?v=1754297140,منتج جليت فجشن 5 باور (4 شفرات) من AlFouad Pharmacies. التصنيف المرجعي: العناية بالجسم — بسيط. الوسوم المرجعية: Body Care، Hair Removal، Men Care، Razor Refills (Blades).,https://alfouadpharmacies.com/en/products/gillette-fusion5-power-4-blades,AlFouad Pharmacies,Verify usage rights before commercial publication,غير مثبت,غير مثبت,مرجعي فقط — غير معتمد للنشر التجاري,بيانات مرجعية متاحة؛ يلزم تحقق PM,ضمن الفحص المبدئي
10569998237999,gillette-fusion5-proglide-4-blades,جليت فجشن 5 برو جلايد (4 شفرات),AlFouad Pharmacies,العناية بالجسم,العناية بالجسم,1,بسيط,27223,850,255,595,,متاح لدى المصدر,https://cdn.shopify.com/s/files/1/0935/9550/0847/files/gillette_fusion5_pro_1615x1615_db13e0a2-5c8d-46e6-b4f8-cb13245cbb1e.webp?v=1788339582,منتج جليت فجشن 5 برو جلايد (4 شفرات) من AlFouad Pharmacies. التصنيف المرجعي: العناية بالجسم — بسيط. الوسوم المرجعية: Body Care، Hair Removal، Men Care، Razor Refills (Blades).,https://alfouadpharmacies.com/en/products/gillette-fusion5-proglide-4-blades,AlFouad Pharmacies,Verify usage rights before commercial publication,غير مثبت,غير مثبت,مرجعي فقط — غير معتمد للنشر التجاري,بيانات مرجعية متاحة؛ يلزم تحقق PM,ضمن الفحص المبدئي
10569995780399,gillete-fusion-razor-2-blades,جليت فوشون (حلاقة + شفرتين),AlFouad Pharmacies,العناية بالجسم,العناية بالجسم,1,بسيط,85853,578,173.4,404.6,,متاح لدى المصدر,https://cdn.shopify.com/s/files/1/0935/9550/0847/files/Gtt-Fusion-Razor-2-Blades-6946-_D9_85_D8_A7_D9_83_D9_8A_D9_86_D8_A9.webp?v=1754297150,منتج جليت فوشون (حلاقة + شفرتين) من AlFouad Pharmacies. التصنيف المرجعي: العناية بالجسم — بسيط. الوسوم المرجعية: Body Care، Hair Removal، Men Care، Razor Handel.,https://alfouadpharmacies.com/en/products/gillete-fusion-razor-2-blades,AlFouad Pharmacies,Verify usage rights before commercial publication,غير مثبت,غير مثبت,مرجعي فقط — غير معتمد للنشر التجاري,بيانات مرجعية متاحة؛ يلزم تحقق PM,ضمن الفحص المبدئي
10569994862895,gillete-fusion5-1-razor-amp-blade,جليت فوشون 5 (حلاقة واحدة وشفرة واحدة),AlFouad Pharmacies,العناية بالجسم,العناية بالجسم,1,بسيط,87696,337,101.1,235.9,,غير متاح لدى المصدر,https://cdn.shopify.com/s/files/1/0935/9550/0847/files/Gtt-FUSION.5-1-Razor-Blade-041.webp?v=1754297165,منتج جليت فوشون 5 (حلاقة واحدة وشفرة واحدة) من AlFouad Pharmacies. التصنيف المرجعي: العناية بالجسم — بسيط. الوسوم المرجعية: Body Care، Hair Removal، Men Care، Razor Handel.,https://alfouadpharmacies.com/en/products/gillete-fusion5-1-razor-amp-blade,AlFouad Pharmacies,Verify usage rights before commercial publication,غير مثبت,غير مثبت,مرجعي فقط — غير معتمد للنشر التجاري,بيانات مرجعية متاحة؛ يلزم تحقق PM,ضمن الفحص المبدئي
10569998991663,gillette-fusion5-proglide-power-4-blades,جليت فوشون 5 برو جلايد باور (4 شفرات),AlFouad Pharmacies,العناية بالجسم,العناية بالجسم,1,بسيط,82512,1030,309,721,,متاح لدى المصدر,https://cdn.shopify.com/s/files/1/0935/9550/0847/files/Gtt-FUSION.5-Proglide-4-Blades-514.webp?v=1754297139,منتج جليت فوشون 5 برو جلايد باور (4 شفرات) من AlFouad Pharmacies. التصنيف المرجعي: العناية بالجسم — بسيط. الوسوم المرجعية: Body Care، Hair Removal، Men Care، Razor Refills (Blades).,https://alfouadpharmacies.com/en/products/gillette-fusion5-proglide-power-4-blades,AlFouad Pharmacies,Verify usage rights before commercial publication,غير مثبت,غير مثبت,مرجعي فقط — غير معتمد للنشر التجاري,بيانات مرجعية متاحة؛ يلزم تحقق PM,ضمن الفحص المبدئي
10569999384879,gillette-fusion5-proglide-sensitive-8-blades,جليت فوشون 5 برو جلايد سنسيتيف (8 شفرات),AlFouad Pharmacies,العناية بالجسم,العناية بالجسم,1,بسيط,97415,1500,450,1050,,غير متاح لدى المصدر,https://cdn.shopify.com/s/files/1/0935/9550/0847/files/71MdVGBnPL.webp?v=1754297137,منتج جليت فوشون 5 برو جلايد سنسيتيف (8 شفرات) من AlFouad Pharmacies. التصنيف المرجعي: العناية بالجسم — بسيط. الوسوم المرجعية: Body Care، Hair Removal، Men Care، Razor Refills (Blades).,https://alfouadpharmacies.com/en/products/gillette-fusion5-proglide-sensitive-8-blades,AlFouad Pharmacies,Verify usage rights before commercial publication,غير مثبت,غير مثبت,مرجعي فقط — غير معتمد للنشر التجاري,بيانات مرجعية متاحة؛ يلزم تحقق PM,ضمن الفحص المبدئي
10569999253807,gillette-fusion5-proshield-chill-4-blades,جليت فوشون 5 برو شيلد تشيل (4 شفرات),AlFouad Pharmacies,العناية بالجسم,العناية بالجسم,1,بسيط,30347,1220,366,854,,غير متاح لدى المصدر,https://cdn.shopify.com/s/files/1/0935/9550/0847/files/Gillette_ProshieldChillRazorCRT-CloseUpWhiteBG-1280x1280__08239.1623210461.webp?v=1754297137,منتج جليت فوشون 5 برو شيلد تشيل (4 شفرات) من AlFouad Pharmacies. التصنيف المرجعي: العناية بالجسم — بسيط. الوسوم المرجعية: Body Care، Hair Removal، Men Care، Razor Refills (Blades).,https://alfouadpharmacies.com/en/products/gillette-fusion5-proshield-chill-4-blades,AlFouad Pharmacies,Verify usage rights before commercial publication,غير مثبت,غير مثبت,مرجعي فقط — غير معتمد للنشر التجاري,بيانات مرجعية متاحة؛ يلزم تحقق PM,ضمن الفحص المبدئي
10569999548719,gillete-fusion-proglide-styler-3x1,جليت فوشون برو جلايد ستايلر 3×1,AlFouad Pharmacies,العناية بالجسم,العناية بالجسم,1,بسيط,99000,1536,460.8,1075.2,,غير متاح لدى المصدر,https://cdn.shopify.com/s/files/1/0935/9550/0847/files/81rJPOVu7L.webp?v=1754297136,منتج جليت فوشون برو جلايد ستايلر 3×1 من AlFouad Pharmacies. التصنيف المرجعي: العناية بالجسم — بسيط. الوسوم المرجعية: Body Care، Hair Removal، Men Care، Razor Handel.,https://alfouadpharmacies.com/en/products/gillete-fusion-proglide-styler-3x1,AlFouad Pharmacies,Verify usage rights before commercial publication,غير مثبت,غير مثبت,مرجعي فقط — غير معتمد للنشر التجاري,بيانات مرجعية متاحة؛ يلزم تحقق PM,ضمن الفحص المبدئي
10569997058351,gillete-fusion-proshield-1-razor-2-blades,جليت فوشيون برو شيلد (حلاقة واحدة + شفرتين),AlFouad Pharmacies,العناية بالجسم,العناية بالجسم,1,بسيط,90444,733,219.9,513.1,,متاح لدى المصدر,https://cdn.shopify.com/s/files/1/0935/9550/0847/files/Gtt-Fusion-Proshield-1-Razor-2-Blades-3027990.webp?v=1754297145,منتج جليت فوشيون برو شيلد (حلاقة واحدة + شفرتين) من AlFouad Pharmacies. التصنيف المرجعي: العناية بالجسم — بسيط. الوسوم المرجعية: Body Care، Hair Removal، Men Care، Razor Handel.,https://alfouadpharmacies.com/en/products/gillete-fusion-proshield-1-razor-2-blades,AlFouad Pharmacies,Verify usage rights before commercial publication,غير مثبت,غير مثبت,مرجعي فقط — غير معتمد للنشر التجاري,بيانات مرجعية متاحة؛ يلزم تحقق PM,ضمن الفحص المبدئي
10569995321647,gillete-venus3-comfort-breeze-1razoramp2blade,جليت فينس. ٣ كُمفورت بريز. شفرة حلاقة واحدة مع شفرتين احتياطيتين.,AlFouad Pharmacies,العناية بالجسم,العناية بالجسم,1,بسيط,20943,515,154.5,360.5,,متاح لدى المصدر,https://cdn.shopify.com/s/files/1/0935/9550/0847/files/Gillete-VENUS.3-Comfort-Breeze-1RAZOR2BLADE.webp?v=1754297158,منتج جليت فينس. ٣ كُمفورت بريز. شفرة حلاقة واحدة مع شفرتين احتياطيتين. من AlFouad Pharmacies. التصنيف المرجعي: العناية بالجسم — بسيط. الوسوم المرجعية: Body Care، Hair Removal، Razor Handel.,https://alfouadpharmacies.com/en/products/gillete-venus3-comfort-breeze-1razoramp2blade,AlFouad Pharmacies,Verify usage rights before commercial publication,غير مثبت,غير مثبت,مرجعي فقط — غير معتمد للنشر التجاري,بيانات مرجعية متاحة؛ يلزم تحقق PM,ضمن الفحص المبدئي
10569996435759,gillete-venus3-comfortglide-breeze-4-blades,جليت فينس. ٣ كومفورت جلايد بريز ٤ شفرات,AlFouad Pharmacies,العناية بالجسم,العناية بالجسم,1,بسيط,27225,682,204.6,477.4,,متاح لدى المصدر,https://cdn.shopify.com/s/files/1/0935/9550/0847/files/Gtt-VENUS.3-Comfortglide-Breeze-4-Blades-364.webp?v=1754297148,منتج جليت فينس. ٣ كومفورت جلايد بريز ٤ شفرات من AlFouad Pharmacies. التصنيف المرجعي: العناية بالجسم — بسيط. الوسوم المرجعية: Body Care، Hair Removal، Razor Refills (Blades).,https://alfouadpharmacies.com/en/products/gillete-venus3-comfortglide-breeze-4-blades,AlFouad Pharmacies,Verify usage rights before commercial publication,غير مثبت,غير مثبت,مرجعي فقط — غير معتمد للنشر التجاري,بيانات مرجعية متاحة؛ يلزم تحقق PM,ضمن الفحص المبدئي
10569996042543,gillete-venus3-comfortglide-sensitive-4-blades,جليت فينس. ٣ كومفورتجليد سنسيتيف ٤ شفرات,AlFouad Pharmacies,العناية بالجسم,العناية بالجسم,1,بسيط,11516,600,180,420,,متاح لدى المصدر,https://cdn.shopify.com/s/files/1/0935/9550/0847/files/Gtt-VENUS.3-Comfortglide-Sensitive-4-Blades-858.webp?v=1754297149,منتج جليت فينس. ٣ كومفورتجليد سنسيتيف ٤ شفرات من AlFouad Pharmacies. التصنيف المرجعي: العناية بالجسم — بسيط. الوسوم المرجعية: Body Care، Hair Removal، Razor Refills (Blades).,https://alfouadpharmacies.com/en/products/gillete-venus3-comfortglide-sensitive-4-blades,AlFouad Pharmacies,Verify usage rights before commercial publication,غير مثبت,غير مثبت,مرجعي فقط — غير معتمد للنشر التجاري,بيانات مرجعية متاحة؛ يلزم تحقق PM,ضمن الفحص المبدئي
10569995518255,gillete-venus5-extra-smooth-1razoramp2blades,جليت فينس.5 إكسترا سموث (1 ماكينة حلاقة + 2 شفرة),AlFouad Pharmacies,العناية بالجسم,العناية بالجسم,1,بسيط,94383,500,150,350,,غير متاح لدى المصدر,https://cdn.shopify.com/s/files/1/0935/9550/0847/files/Gtt-VENUS.5-Extra-Smooth-1RAZOR2BLADES-497.webp?v=1754297154,منتج جليت فينس.5 إكسترا سموث (1 ماكينة حلاقة + 2 شفرة) من AlFouad Pharmacies. التصنيف المرجعي: العناية بالجسم — بسيط. الوسوم المرجعية: Body Care، Hair Removal، Razor Handel.,https://alfouadpharmacies.com/en/products/gillete-venus5-extra-smooth-1razoramp2blades,AlFouad Pharmacies,Verify usage rights before commercial publication,غير مثبت,غير مثبت,مرجعي فقط — غير معتمد للنشر التجاري,بيانات مرجعية متاحة؛ يلزم تحقق PM,ضمن الفحص المبدئي
10569997975855,gillette-venus-5-deluxe-smooth-sensitive-4-blades,جليت فينوس 5 ديلوكس سموث سينسيتيف (4 شفرات),AlFouad Pharmacies,العناية بالجسم,العناية بالجسم,1,بسيط,107970,805,241.5,563.5,,متاح لدى المصدر,https://cdn.shopify.com/s/files/1/0935/9550/0847/files/Gtt-VENUS.5-Deluxe-Smooth-Sensitive-4B-386.webp?v=1754297142,منتج جليت فينوس 5 ديلوكس سموث سينسيتيف (4 شفرات) من AlFouad Pharmacies. التصنيف المرجعي: العناية بالجسم — بسيط. الوسوم المرجعية: Body Care، Hair Removal، Razor Refills (Blades).,https://alfouadpharmacies.com/en/products/gillette-venus-5-deluxe-smooth-sensitive-4-blades,AlFouad Pharmacies,Verify usage rights before commercial publication,غير مثبت,غير مثبت,مرجعي فقط — غير معتمد للنشر التجاري,بيانات مرجعية متاحة؛ يلزم تحقق PM,ضمن الفحص المبدئي
10569997812015,gillete-venus5-comfort-coco-1razoramp2blad,جليت فينوس 5 كومفورت كوكو (1 ماكينة حلاقة + 2 شفرة),AlFouad Pharmacies,العناية بالجسم,العناية بالجسم,1,بسيط,89349,845,253.5,591.5,,متاح لدى المصدر,https://cdn.shopify.com/s/files/1/0935/9550/0847/files/Gtt-VENUS.5-Comfort-Coco-1RAZOR2BLAD-230.webp?v=1754297143,منتج جليت فينوس 5 كومفورت كوكو (1 ماكينة حلاقة + 2 شفرة) من AlFouad Pharmacies. التصنيف المرجعي: العناية بالجسم — بسيط. الوسوم المرجعية: Body Care، Hair Removal، Razor Handel.,https://alfouadpharmacies.com/en/products/gillete-venus5-comfort-coco-1razoramp2blad,AlFouad Pharmacies,Verify usage rights before commercial publication,غير مثبت,غير مثبت,مرجعي فقط — غير معتمد للنشر التجاري,بيانات مرجعية متاحة؛ يلزم تحقق PM,ضمن الفحص المبدئي
10569997287727,gillete-venus-emprs-4-blades,جليت فينوس إيمبرس 4 شفرات,AlFouad Pharmacies,العناية بالجسم,العناية بالجسم,1,بسيط,86608,735,220.5,514.5,,متاح لدى المصدر,https://cdn.shopify.com/s/files/1/0935/9550/0847/files/Gtt-Venus-Emprs-4-Blades-527.webp?v=1754297145,منتج جليت فينوس إيمبرس 4 شفرات من AlFouad Pharmacies. التصنيف المرجعي: العناية بالجسم — بسيط. الوسوم المرجعية: Body Care، Hair Removal، Razor Refills (Blades).,https://alfouadpharmacies.com/en/products/gillete-venus-emprs-4-blades,AlFouad Pharmacies,Verify usage rights before commercial publication,غير مثبت,غير مثبت,مرجعي فقط — غير معتمد للنشر التجاري,بيانات مرجعية متاحة؛ يلزم تحقق PM,ضمن الفحص المبدئي
10569995452719,gillete-venus-deluxe-smooth-platinum-1razor2blade,جليت فينوس ديلوكس سموث بلاتينيوم 1 شفرة حلاقة + 2 شفرة احتياطية,AlFouad Pharmacies,العناية بالجسم,العناية بالجسم,1,بسيط,104255,770,231,539,,متاح لدى المصدر,https://cdn.shopify.com/s/files/1/0935/9550/0847/files/Gtt-Venus-Deluxe-Smooth-Platinum-1RAZOR2BLADE-261.webp?v=1754297156,منتج جليت فينوس ديلوكس سموث بلاتينيوم 1 شفرة حلاقة + 2 شفرة احتياطية من AlFouad Pharmacies. التصنيف المرجعي: العناية بالجسم — بسيط. الوسوم المرجعية: Body Care، Hair Removal، Razor Handel.,https://alfouadpharmacies.com/en/products/gillete-venus-deluxe-smooth-platinum-1razor2blade,AlFouad Pharmacies,Verify usage rights before commercial publication,غير مثبت,غير مثبت,مرجعي فقط — غير معتمد للنشر التجاري,بيانات مرجعية متاحة؛ يلزم تحقق PM,ضمن الفحص المبدئي
10569996632367,gillete-fusion5-proglide-razor-2-blades,جليت فيوجن 5 برو جلايد (حلاقة + شفرتين),AlFouad Pharmacies,العناية بالجسم,العناية بالجسم,1,بسيط,85405,696,208.8,487.2,,متاح لدى المصدر,https://cdn.shopify.com/s/files/1/0935/9550/0847/files/Gtt-FUSION.5-Proglide-Razor-2-Blades-656_25bad7c8-9674-4f74-a72d-bf762ecc18c5.webp?v=1771445872,منتج جليت فيوجن 5 برو جلايد (حلاقة + شفرتين) من AlFouad Pharmacies. التصنيف المرجعي: العناية بالجسم — بسيط. الوسوم المرجعية: Body Care، Hair Removal، Men Care، Razor Handel.,https://alfouadpharmacies.com/en/products/gillete-fusion5-proglide-razor-2-blades,AlFouad Pharmacies,Verify usage rights before commercial publication,غير مثبت,غير مثبت,مرجعي فقط — غير معتمد للنشر التجاري,بيانات مرجعية متاحة؛ يلزم تحقق PM,ضمن الفحص المبدئي
10569995256111,gillete-fusion5-proglid-flexballrazorblade,جليت فيوجن 5 برو جلايد فليكس بول (موس حلاقة + شفرة),AlFouad Pharmacies,العناية بالجسم,العناية بالجسم,1,بسيط,104513,428,128.4,299.6,,غير متاح لدى المصدر,https://cdn.shopify.com/s/files/1/0935/9550/0847/files/Gtt-FUSION.5-Proglid-Flexballrazorblade.webp?v=1754297159,منتج جليت فيوجن 5 برو جلايد فليكس بول (موس حلاقة + شفرة) من AlFouad Pharmacies. التصنيف المرجعي: العناية بالجسم — بسيط. الوسوم المرجعية: Body Care، Hair Removal، Razor Handel.,https://alfouadpharmacies.com/en/products/gillete-fusion5-proglid-flexballrazorblade,AlFouad Pharmacies,Verify usage rights before commercial publication,غير مثبت,غير مثبت,مرجعي فقط — غير معتمد للنشر التجاري,بيانات مرجعية متاحة؛ يلزم تحقق PM,ضمن الفحص المبدئي
10569998631215,gillette-fusion5-1-razor-amp-5-blades,جليت فيوجن.5 (1 ماكينة حلاقة و 5 شفرات),Gillette,العناية بالجسم,العناية بالجسم,1,بسيط,10486,964,289.2,674.8,,غير متاح لدى المصدر,https://cdn.shopify.com/s/files/1/0935/9550/0847/files/71-hnJ42q7L._AC_SX425.webp?v=1754297140,منتج جليت فيوجن.5 (1 ماكينة حلاقة و 5 شفرات) من Gillette. التصنيف المرجعي: العناية بالجسم — بسيط. الوسوم المرجعية: Body Care، Hair Removal، Men Care، Razor Handel، Razor Refills (Blades).,https://alfouadpharmacies.com/en/products/gillette-fusion5-1-razor-amp-5-blades,AlFouad Pharmacies,Verify usage rights before commercial publication,غير مثبت,غير مثبت,مرجعي فقط — غير معتمد للنشر التجاري,بيانات مرجعية متاحة؛ يلزم تحقق PM,ضمن الفحص المبدئي
10569993552175,gtt-blue2-102-pcs,جي تي تي بلو.2 (10+2 قطعة),AlFouad Pharmacies,العناية بالجسم,العناية بالجسم,1,بسيط,106856,227,68.1,158.9,,متاح لدى المصدر,https://cdn.shopify.com/s/files/1/0935/9550/0847/files/Gtt-BLUE.2-102-Pcs-5076.webp?v=1754297186,منتج جي تي تي بلو.2 (10+2 قطعة) من AlFouad Pharmacies. التصنيف المرجعي: العناية بالجسم — بسيط. الوسوم المرجعية: Body Care، Hair Removal، Razor Handel.,https://alfouadpharmacies.com/en/products/gtt-blue2-102-pcs,AlFouad Pharmacies,Verify usage rights before commercial publication,غير مثبت,غير مثبت,مرجعي فقط — غير معتمد للنشر التجاري,بيانات مرجعية متاحة؛ يلزم تحقق PM,ضمن الفحص المبدئي
10569992601903,gtt-blue2-plus,جي تي تي بلو.2 بلس,AlFouad Pharmacies,العناية بالجسم,العناية بالجسم,1,بسيط,0,21.5,6.45,15.05,,غير متاح لدى المصدر,https://cdn.shopify.com/s/files/1/0935/9550/0847/files/Gtt-BLUE.2-Plus-48XBOX.webp?v=1754297203,منتج جي تي تي بلو.2 بلس من AlFouad Pharmacies. التصنيف المرجعي: العناية بالجسم — بسيط. الوسوم المرجعية: Body Care، Hair Removal، Razor Handel.,https://alfouadpharmacies.com/en/products/gtt-blue2-plus,AlFouad Pharmacies,Verify usage rights before commercial publication,غير مثبت,غير مثبت,مرجعي فقط — غير معتمد للنشر التجاري,بيانات مرجعية متاحة؛ يلزم تحقق PM,ضمن الفحص المبدئي
10569993716015,gtt-blue2-plus-104-pcs,جي تي تي بلو.2 بلس (10+4 قطع),AlFouad Pharmacies,العناية بالجسم,العناية بالجسم,1,بسيط,33539,227,68.1,158.9,,متاح لدى المصدر,https://cdn.shopify.com/s/files/1/0935/9550/0847/files/Gtt-BLUE.2-Plus-104-Pcs-979.webp?v=1754297183,منتج جي تي تي بلو.2 بلس (10+4 قطع) من AlFouad Pharmacies. التصنيف المرجعي: العناية بالجسم — بسيط. الوسوم المرجعية: Body Care، Hair Removal، Razor Handel.,https://alfouadpharmacies.com/en/products/gtt-blue2-plus-104-pcs,AlFouad Pharmacies,Verify usage rights before commercial publication,غير مثبت,غير مثبت,مرجعي فقط — غير معتمد للنشر التجاري,بيانات مرجعية متاحة؛ يلزم تحقق PM,ضمن الفحص المبدئي
10569992831279,gtt-blue2-plus-5-pcs,جي تي تي بلو.2 بلس (5 قطع),AlFouad Pharmacies,العناية بالجسم,العناية بالجسم,1,بسيط,85149,115,34.5,80.5,,متاح لدى المصدر,https://cdn.shopify.com/s/files/1/0935/9550/0847/files/Gtt-BLUE.2-Plus-5-Pcs-254.webp?v=1754297198,منتج جي تي تي بلو.2 بلس (5 قطع) من AlFouad Pharmacies. التصنيف المرجعي: العناية بالجسم — بسيط. الوسوم المرجعية: Body Care، Hair Removal، Razor Handel.,https://alfouadpharmacies.com/en/products/gtt-blue2-plus-5-pcs,AlFouad Pharmacies,Verify usage rights before commercial publication,غير مثبت,غير مثبت,مرجعي فقط — غير معتمد للنشر التجاري,بيانات مرجعية متاحة؛ يلزم تحقق PM,ضمن الفحص المبدئي
10569993158959,gtt-blue3-simple-4-pcs,جي تي تي بلو.3 بسيط (4 قطع),AlFouad Pharmacies,العناية بالجسم,العناية بالجسم,1,بسيط,110901,210,63,147,,متاح لدى المصدر,https://cdn.shopify.com/s/files/1/0935/9550/0847/files/Gtt-BLUE.3-Simple-4-Pcs-646.webp?v=1754297193,منتج جي تي تي بلو.3 بسيط (4 قطع) من AlFouad Pharmacies. التصنيف المرجعي: العناية بالجسم — بسيط. الوسوم المرجعية: Body Care، Hair Removal، Razor Handel.,https://alfouadpharmacies.com/en/products/gtt-blue3-simple-4-pcs,AlFouad Pharmacies,Verify usage rights before commercial publication,غير مثبت,غير مثبت,مرجعي فقط — غير معتمد للنشر التجاري,بيانات مرجعية متاحة؛ يلزم تحقق PM,ضمن الفحص المبدئي
10569995157807,gtt-blue3-sensitive-93,جي تي تي بلو.3 حساس (9+3),AlFouad Pharmacies,العناية بالجسم,العناية بالجسم,1,بسيط,108362,422,126.6,295.4,,متاح لدى المصدر,https://cdn.shopify.com/s/files/1/0935/9550/0847/files/Gtt-BLUE.3-Sensitive-93-646.webp?v=1754297161,منتج جي تي تي بلو.3 حساس (9+3) من AlFouad Pharmacies. التصنيف المرجعي: العناية بالجسم — بسيط. الوسوم المرجعية: Body Care، Hair Removal، Men Care، Razor Handel.,https://alfouadpharmacies.com/en/products/gtt-blue3-sensitive-93,AlFouad Pharmacies,Verify usage rights before commercial publication,غير مثبت,غير مثبت,مرجعي فقط — غير معتمد للنشر التجاري,بيانات مرجعية متاحة؛ يلزم تحقق PM,ضمن الفحص المبدئي
10569993257263,gtt-blue3-cool-3-pcs,جي تي تي بلو.3 كول (3 قطع),AlFouad Pharmacies,العناية بالجسم,العناية بالجسم,1,بسيط,99492,154,46.2,107.8,,متاح لدى المصدر,https://cdn.shopify.com/s/files/1/0935/9550/0847/files/Gtt-BLUE.3-Cool-3-Pcs-229.webp?v=1754297191,منتج جي تي تي بلو.3 كول (3 قطع) من AlFouad Pharmacies. التصنيف المرجعي: العناية بالجسم — بسيط. الوسوم المرجعية: Body Care، Hair Removal، Razor Handel.,https://alfouadpharmacies.com/en/products/gtt-blue3-cool-3-pcs,AlFouad Pharmacies,Verify usage rights before commercial publication,غير مثبت,غير مثبت,مرجعي فقط — غير معتمد للنشر التجاري,بيانات مرجعية متاحة؛ يلزم تحقق PM,ضمن الفحص المبدئي
10569993191727,gtt-blue3-comfort-3-pcs,جي تي تي بلو.3 كومفورت (3 قطع),AlFouad Pharmacies,العناية بالجسم,العناية بالجسم,1,بسيط,97686,154,46.2,107.8,,متاح لدى المصدر,https://cdn.shopify.com/s/files/1/0935/9550/0847/files/Gtt-BLUE.3-Comfort-3-Pcs.webp?v=1754297192,منتج جي تي تي بلو.3 كومفورت (3 قطع) من AlFouad Pharmacies. التصنيف المرجعي: العناية بالجسم — بسيط. الوسوم المرجعية: Body Care، Hair Removal، Razor Handel.,https://alfouadpharmacies.com/en/products/gtt-blue3-comfort-3-pcs,AlFouad Pharmacies,Verify usage rights before commercial publication,غير مثبت,غير مثبت,مرجعي فقط — غير معتمد للنشر التجاري,بيانات مرجعية متاحة؛ يلزم تحقق PM,ضمن الفحص المبدئي
10569993781551,gtt-blue3-comfort-6-pcs,جي تي تي بلو.3 كومفورت (6 قطع),AlFouad Pharmacies,العناية بالجسم,العناية بالجسم,1,بسيط,80183,281,84.3,196.7,,متاح لدى المصدر,https://cdn.shopify.com/s/files/1/0935/9550/0847/files/Gtt-BLUE.3-Comfort-6-Pcs-9831.webp?v=1754297182,منتج جي تي تي بلو.3 كومفورت (6 قطع) من AlFouad Pharmacies. التصنيف المرجعي: العناية بالجسم — بسيط. الوسوم المرجعية: Body Care، Hair Removal، Razor Handel.,https://alfouadpharmacies.com/en/products/gtt-blue3-comfort-6-pcs,AlFouad Pharmacies,Verify usage rights before commercial publication,غير مثبت,غير مثبت,مرجعي فقط — غير معتمد للنشر التجاري,بيانات مرجعية متاحة؛ يلزم تحقق PM,ضمن الفحص المبدئي
10569994109231,gtt-blue3-comfort-62-pcs,جي تي تي بلو.3 كومفورت (6+2 قطعة),AlFouad Pharmacies,العناية بالجسم,العناية بالجسم,1,بسيط,108930,281,84.3,196.7,,متاح لدى المصدر,https://cdn.shopify.com/s/files/1/0935/9550/0847/files/Gtt-BLUE.3-Comfort-62-Pcs-978.webp?v=1754297177,منتج جي تي تي بلو.3 كومفورت (6+2 قطعة) من AlFouad Pharmacies. التصنيف المرجعي: العناية بالجسم — بسيط. الوسوم المرجعية: Body Care، Hair Removal، Razor Handel.,https://alfouadpharmacies.com/en/products/gtt-blue3-comfort-62-pcs,AlFouad Pharmacies,Verify usage rights before commercial publication,غير مثبت,غير مثبت,مرجعي فقط — غير معتمد للنشر التجاري,بيانات مرجعية متاحة؛ يلزم تحقق PM,ضمن الفحص المبدئي
10569992569135,gtt-venus2-1-razor,جي تي تي فينوس.2 (شفرة حلاقة واحدة),AlFouad Pharmacies,العناية بالجسم,العناية بالجسم,1,بسيط,85619,21.5,6.45,15.05,,غير متاح لدى المصدر,https://cdn.shopify.com/s/files/1/0935/9550/0847/files/Gtt-VENUS.2-1-Razor-698.webp?v=1754297203,منتج جي تي تي فينوس.2 (شفرة حلاقة واحدة) من AlFouad Pharmacies. التصنيف المرجعي: العناية بالجسم — بسيط. الوسوم المرجعية: Body Care، Hair Removal، Razor Handel.,https://alfouadpharmacies.com/en/products/gtt-venus2-1-razor,AlFouad Pharmacies,Verify usage rights before commercial publication,غير مثبت,غير مثبت,مرجعي فقط — غير معتمد للنشر التجاري,بيانات مرجعية متاحة؛ يلزم تحقق PM,ضمن الفحص المبدئي
10569995125039,gillete-blue2-plus-155-pcs,جيليت بلو 2 بلس (15 + 5 قطع),AlFouad Pharmacies,العناية بالجسم,العناية بالجسم,1,بسيط,107650,320,96,224,,متاح لدى المصدر,https://cdn.shopify.com/s/files/1/0935/9550/0847/files/Gtt-BLUE.2-Plus-155-Pcs-7266.webp?v=1754297162,منتج جيليت بلو 2 بلس (15 + 5 قطع) من AlFouad Pharmacies. التصنيف المرجعي: العناية بالجسم — بسيط. الوسوم المرجعية: Body Care، Hair Removal، Men Care، Razor Handel.,https://alfouadpharmacies.com/en/products/gillete-blue2-plus-155-pcs,AlFouad Pharmacies,Verify usage rights before commercial publication,غير مثبت,غير مثبت,مرجعي فقط — غير معتمد للنشر التجاري,بيانات مرجعية متاحة؛ يلزم تحقق PM,ضمن الفحص المبدئي
10569995059503,gillete-blue3-93-pcs,جيليت بلو 3 (9 + 3 قطع),AlFouad Pharmacies,العناية بالجسم,العناية بالجسم,1,بسيط,91527,445,133.5,311.5,,متاح لدى المصدر,https://cdn.shopify.com/s/files/1/0935/9550/0847/files/Gtt-BLUE.3-93-Pcs-608.webp?v=1754297162,منتج جيليت بلو 3 (9 + 3 قطع) من AlFouad Pharmacies. التصنيف المرجعي: العناية بالجسم — بسيط. الوسوم المرجعية: Body Care، Hair Removal، Men Care، Razor Handel.,https://alfouadpharmacies.com/en/products/gillete-blue3-93-pcs,AlFouad Pharmacies,Verify usage rights before commercial publication,غير مثبت,غير مثبت,مرجعي فقط — غير معتمد للنشر التجاري,بيانات مرجعية متاحة؛ يلزم تحقق PM,ضمن الفحص المبدئي
12689600217391,gtt-blue2-women-5-pcs-pink,جيليت بلو.2 باللون الوردي 5 قطع ,AlFouad Pharmacies,العناية بالجسم,العناية بالجسم,1,بسيط,87373,110,33,77,,متاح لدى المصدر,https://cdn.shopify.com/s/files/1/0935/9550/0847/files/Gillette_BlueII_Plus_5pcs_PureWhite_1615x1615_3ab01c0e-8795-4b93-aa25-19036de9f399.webp?v=1772373118,منتج جيليت بلو.2 باللون الوردي 5 قطع  من AlFouad Pharmacies. التصنيف المرجعي: العناية بالجسم — بسيط. الوسوم المرجعية: Body Care، Gtt، Hair Removal، Razor Handel.,https://alfouadpharmacies.com/en/products/gtt-blue2-women-5-pcs-pink,AlFouad Pharmacies,Verify usage rights before commercial publication,غير مثبت,غير مثبت,مرجعي فقط — غير معتمد للنشر التجاري,بيانات مرجعية متاحة؛ يلزم تحقق PM,ضمن الفحص المبدئي
10569996894511,gillete-fusion-4-blade,جيليت فجشن (4 شفرات),AlFouad Pharmacies,العناية بالجسم,العناية بالجسم,1,بسيط,27233,825,247.5,577.5,,متاح لدى المصدر,https://cdn.shopify.com/s/files/1/0935/9550/0847/files/Gtt-Fusion-4-Blade-4460.webp?v=1754297146,منتج جيليت فجشن (4 شفرات) من AlFouad Pharmacies. التصنيف المرجعي: العناية بالجسم — بسيط. الوسوم المرجعية: Body Care، Hair Removal، Men Care، Razor Refills (Blades).,https://alfouadpharmacies.com/en/products/gillete-fusion-4-blade,AlFouad Pharmacies,Verify usage rights before commercial publication,غير مثبت,غير مثبت,مرجعي فقط — غير معتمد للنشر التجاري,بيانات مرجعية متاحة؛ يلزم تحقق PM,ضمن الفحص المبدئي
10569995223343,gillette-fusion5-2-blades,جيليت فوشون 5 (شفرة مزدوجة),AlFouad Pharmacies,العناية بالجسم,العناية بالجسم,1,بسيط,93619,412,123.6,288.4,,غير متاح لدى المصدر,https://cdn.shopify.com/s/files/1/0935/9550/0847/files/Gtt-FUSION.5-2-Blades-478.webp?v=1754297160,منتج جيليت فوشون 5 (شفرة مزدوجة) من AlFouad Pharmacies. التصنيف المرجعي: العناية بالجسم — بسيط. الوسوم المرجعية: Body Care، Hair Removal، Razor Refills (Blades).,https://alfouadpharmacies.com/en/products/gillette-fusion5-2-blades,AlFouad Pharmacies,Verify usage rights before commercial publication,غير مثبت,غير مثبت,مرجعي فقط — غير معتمد للنشر التجاري,بيانات مرجعية متاحة؛ يلزم تحقق PM,ضمن الفحص المبدئي
10569998139695,gillette-fusion5-proglide-power,جيليت فوشون 5 برو جلايد باور,AlFouad Pharmacies,العناية بالجسم,العناية بالجسم,1,بسيط,104512,857,257.1,599.9,,متاح لدى المصدر,https://cdn.shopify.com/s/files/1/0935/9550/0847/files/WhatsAppImage2025-02-28at10.54.20AM.webp?v=1776764690,منتج جيليت فوشون 5 برو جلايد باور من AlFouad Pharmacies. التصنيف المرجعي: العناية بالجسم — بسيط. الوسوم المرجعية: Body Care، Hair Removal، Men Care، Razor Handel.,https://alfouadpharmacies.com/en/products/gillette-fusion5-proglide-power,AlFouad Pharmacies,Verify usage rights before commercial publication,غير مثبت,غير مثبت,مرجعي فقط — غير معتمد للنشر التجاري,بيانات مرجعية متاحة؛ يلزم تحقق PM,ضمن الفحص المبدئي
10569996206383,gillete-venus3-smooth-4-blades,جيليت فينس 3 سموث (4 شفرات),AlFouad Pharmacies,العناية بالجسم,العناية بالجسم,1,بسيط,15000,510,153,357,,متاح لدى المصدر,https://cdn.shopify.com/s/files/1/0935/9550/0847/files/httpsm_media-amazon_comimagesI61zyVU12dlL_jpg.webp?v=1754297148,منتج جيليت فينس 3 سموث (4 شفرات) من AlFouad Pharmacies. التصنيف المرجعي: العناية بالجسم — بسيط. الوسوم المرجعية: Body Care، Hair Removal، Razor Refills (Blades).,https://alfouadpharmacies.com/en/products/gillete-venus3-smooth-4-blades,AlFouad Pharmacies,Verify usage rights before commercial publication,غير مثبت,غير مثبت,مرجعي فقط — غير معتمد للنشر التجاري,بيانات مرجعية متاحة؛ يلزم تحقق PM,ضمن الفحص المبدئي
10569997549871,gillete-venus5-deluxe-sensitive-1amp2,جيليت فينس ديلوكس سنسيتيف (1&amp;2),AlFouad Pharmacies,العناية بالجسم,العناية بالجسم,1,بسيط,4767,750,225,525,,غير متاح لدى المصدر,https://cdn.shopify.com/s/files/1/0935/9550/0847/files/Gtt-VENUS.5-Deluxe-Sensitive-12-292.webp?v=1754297144,منتج جيليت فينس ديلوكس سنسيتيف (1&amp;2) من AlFouad Pharmacies. التصنيف المرجعي: العناية بالجسم — بسيط. الوسوم المرجعية: Body Care، Hair Removal، Razor Handel.,https://alfouadpharmacies.com/en/products/gillete-venus5-deluxe-sensitive-1amp2,AlFouad Pharmacies,Verify usage rights before commercial publication,غير مثبت,غير مثبت,مرجعي فقط — غير معتمد للنشر التجاري,بيانات مرجعية متاحة؛ يلزم تحقق PM,ضمن الفحص المبدئي
12689600020783,gtt-venus2-84-razor,جيليت فينوس سيمبلي 2 شفرات حلاقة للاستعمال مرة واحدة – 12 قطعة,AlFouad Pharmacies,العناية بالجسم,العناية بالجسم,1,شفرات حلاقة للاستعمال مرة واحدة,105789,168,50.4,117.6,,متاح لدى المصدر,https://cdn.shopify.com/s/files/1/0935/9550/0847/files/gillette_simply_venus_1615.webp?v=1772968541,منتج جيليت فينوس سيمبلي 2 شفرات حلاقة للاستعمال مرة واحدة – 12 قطعة من AlFouad Pharmacies. التصنيف المرجعي: العناية بالجسم — شفرات حلاقة للاستعمال مرة واحدة. الوسوم المرجعية: Body Care، Hair Removal، Razor Handel.,https://alfouadpharmacies.com/en/products/gtt-venus2-84-razor,AlFouad Pharmacies,Verify usage rights before commercial publication,غير مثبت,غير مثبت,مرجعي فقط — غير معتمد للنشر التجاري,بيانات مرجعية متاحة؛ يلزم تحقق PM,ضمن الفحص المبدئي
10569995387183,gillete-fusion5-power-4-blades,جيليت فيوجن 5 باور (4 شفرات),AlFouad Pharmacies,العناية بالجسم,العناية بالجسم,1,بسيط,108231,920,276,644,,غير متاح لدى المصدر,https://cdn.shopify.com/s/files/1/0935/9550/0847/files/Gtt-FUSION.5-Power-4-Blades-Offer.webp?v=1754297157,منتج جيليت فيوجن 5 باور (4 شفرات) من AlFouad Pharmacies. التصنيف المرجعي: العناية بالجسم — بسيط. الوسوم المرجعية: Body Care، Hair Removal، Men Care، Razor Refills (Blades).,https://alfouadpharmacies.com/en/products/gillete-fusion5-power-4-blades,AlFouad Pharmacies,Verify usage rights before commercial publication,غير مثبت,غير مثبت,مرجعي فقط — غير معتمد للنشر التجاري,بيانات مرجعية متاحة؛ يلزم تحقق PM,ضمن الفحص المبدئي
10569995878703,gillete-kingc-double-edge-razor5-blade,حلاقة جيليت كينج سي مزدوجة الحافة + 5 شفرات,AlFouad Pharmacies,العناية بالجسم,العناية بالجسم,1,بسيط,19847,609,182.7,426.3,,غير متاح لدى المصدر,https://cdn.shopify.com/s/files/1/0935/9550/0847/files/Gtt-KING.C.GILLETTE-Double-Edge-RAZOR5-BLADE652.webp?v=1754297149,منتج حلاقة جيليت كينج سي مزدوجة الحافة + 5 شفرات من AlFouad Pharmacies. التصنيف المرجعي: العناية بالجسم — بسيط. الوسوم المرجعية: Body Care، Hair Removal، Men Care، Razor Handel.,https://alfouadpharmacies.com/en/products/gillete-kingc-double-edge-razor5-blade,AlFouad Pharmacies,Verify usage rights before commercial publication,غير مثبت,غير مثبت,مرجعي فقط — غير معتمد للنشر التجاري,بيانات مرجعية متاحة؛ يلزم تحقق PM,ضمن الفحص المبدئي
10569821421871,mood-body-milk-200-ml-bali,حليب الجسم المهدئ 200 مل بالي,MOOD,العناية بالجسم,العناية بالجسم,1,بسيط,32277,90,27,63,115,متاح لدى المصدر,https://cdn.shopify.com/s/files/1/0935/9550/0847/files/Aromal_sunscreen_gel_1.webp?v=1788855837,منتج حليب الجسم المهدئ 200 مل بالي من MOOD. التصنيف المرجعي: العناية بالجسم — بسيط. الوسوم المرجعية: Body Care، Body Concerns، Body Milk، Dry Skin body concerns، mood offer، Smooth Texture.,https://alfouadpharmacies.com/en/products/mood-body-milk-200-ml-bali,AlFouad Pharmacies,Verify usage rights before commercial publication,غير مثبت,غير مثبت,مرجعي فقط — غير معتمد للنشر التجاري,بيانات مرجعية متاحة؛ يلزم تحقق PM,ضمن الفحص المبدئي
10569822142767,mood-body-milk-200-ml-tahiti,حليب الجسم المهدئ 200 مل تاهيتي,MOOD,العناية بالجسم,العناية بالجسم,1,بسيط,107132,90,27,63,,متاح لدى المصدر,https://cdn.shopify.com/s/files/1/0935/9550/0847/files/Mood-Body-Milk-200-ml-Tahiti.webp?v=1754298646,منتج حليب الجسم المهدئ 200 مل تاهيتي من MOOD. التصنيف المرجعي: العناية بالجسم — بسيط. الوسوم المرجعية: Body Care، Body Concerns، Body Milk، Dry Skin body concerns، Smooth Texture.,https://alfouadpharmacies.com/en/products/mood-body-milk-200-ml-tahiti,AlFouad Pharmacies,Verify usage rights before commercial publication,غير مثبت,غير مثبت,مرجعي فقط — غير معتمد للنشر التجاري,بيانات مرجعية متاحة؛ يلزم تحقق PM,ضمن الفحص المبدئي
10569822044463,mood-body-milk-200-ml-santorini,حليب الجسم المهدئ 200 مل سانتوريني,MOOD,العناية بالجسم,العناية بالجسم,1,بسيط,83115,90,27,63,,متاح لدى المصدر,https://cdn.shopify.com/s/files/1/0935/9550/0847/files/Mood-Body-Milk-200-ml-Santorini.webp?v=1754298647,منتج حليب الجسم المهدئ 200 مل سانتوريني من MOOD. التصنيف المرجعي: العناية بالجسم — بسيط. الوسوم المرجعية: Body Care، Body Concerns، Body Milk، Dry Skin body concerns، Smooth Texture.,https://alfouadpharmacies.com/en/products/mood-body-milk-200-ml-santorini,AlFouad Pharmacies,Verify usage rights before commercial publication,غير مثبت,غير مثبت,مرجعي فقط — غير معتمد للنشر التجاري,بيانات مرجعية متاحة؛ يلزم تحقق PM,ضمن الفحص المبدئي
10569822273839,mood-body-milk-200-ml-vienna,حليب الجسم المهدئ 200 مل فيينا,MOOD,العناية بالجسم,العناية بالجسم,1,بسيط,24510,90,27,63,,متاح لدى المصدر,https://cdn.shopify.com/s/files/1/0935/9550/0847/files/Mood-Body-Milk-200-ml-Vienna.webp?v=1754298646,منتج حليب الجسم المهدئ 200 مل فيينا من MOOD. التصنيف المرجعي: العناية بالجسم — بسيط. الوسوم المرجعية: Body Care، Body Concerns، Body Milk، Dry Skin body concerns، Smooth Texture.,https://alfouadpharmacies.com/en/products/mood-body-milk-200-ml-vienna,AlFouad Pharmacies,Verify usage rights before commercial publication,غير مثبت,غير مثبت,مرجعي فقط — غير معتمد للنشر التجاري,بيانات مرجعية متاحة؛ يلزم تحقق PM,ضمن الفحص المبدئي
10569821913391,mood-body-milk-200-ml-latino,حليب الجسم المهدئ 200 مل لاتينو,MOOD,العناية بالجسم,العناية بالجسم,1,بسيط,88825,90,27,63,,متاح لدى المصدر,https://cdn.shopify.com/s/files/1/0935/9550/0847/files/Mood-Body-Milk-200-ml-Latino.webp?v=1754298648,منتج حليب الجسم المهدئ 200 مل لاتينو من MOOD. التصنيف المرجعي: العناية بالجسم — بسيط. الوسوم المرجعية: Body Care، Body Concerns، Body Milk، Dry Skin body concerns، Smooth Texture.,https://alfouadpharmacies.com/en/products/mood-body-milk-200-ml-latino,AlFouad Pharmacies,Verify usage rights before commercial publication,غير مثبت,غير مثبت,مرجعي فقط — غير معتمد للنشر التجاري,بيانات مرجعية متاحة؛ يلزم تحقق PM,ضمن الفحص المبدئي
10569821552943,mood-body-milk-200-ml-cairo,حليب الجسم موود 200 مل القاهرة,MOOD,العناية بالجسم,العناية بالجسم,1,بسيط,6061,90,27,63,,متاح لدى المصدر,https://cdn.shopify.com/s/files/1/0935/9550/0847/files/Mood-Body-Milk-200-ml-Cairo.webp?v=1754298652,منتج حليب الجسم موود 200 مل القاهرة من MOOD. التصنيف المرجعي: العناية بالجسم — بسيط. الوسوم المرجعية: Body Care، Body Concerns، Body Milk، Dry Skin body concerns، Smooth Texture.,https://alfouadpharmacies.com/en/products/mood-body-milk-200-ml-cairo,AlFouad Pharmacies,Verify usage rights before commercial publication,غير مثبت,غير مثبت,مرجعي فقط — غير معتمد للنشر التجاري,بيانات مرجعية متاحة؛ يلزم تحقق PM,ضمن الفحص المبدئي
10569821782319,mood-body-milk-200-ml-khalijii,حليب الجسم موود 200 مل خليجي,MOOD,العناية بالجسم,العناية بالجسم,1,بسيط,6035,90,27,63,,متاح لدى المصدر,https://cdn.shopify.com/s/files/1/0935/9550/0847/files/Mood-Body-Milk-200-ml-Khalijii.webp?v=1754298648,منتج حليب الجسم موود 200 مل خليجي من MOOD. التصنيف المرجعي: العناية بالجسم — بسيط. الوسوم المرجعية: Body Care، Body Concerns، Body Milk، Dry Skin body concerns، Smooth Texture.,https://alfouadpharmacies.com/en/products/mood-body-milk-200-ml-khalijii,AlFouad Pharmacies,Verify usage rights before commercial publication,غير مثبت,غير مثبت,مرجعي فقط — غير معتمد للنشر التجاري,بيانات مرجعية متاحة؛ يلزم تحقق PM,ضمن الفحص المبدئي
16107272175919,حياه-سيكا-للجسم-200-مل,حياه سيكا للجسم 200 مل ,HAYAH,العناية بالجسم,العناية بالجسم,1,سيكا ,116758,389,116.7,272.3,,متاح لدى المصدر,https://cdn.shopify.com/s/files/1/0935/9550/0847/files/Hayah_laboratories_03-09-20261218-2.webp?v=1785575360,منتج حياه سيكا للجسم 200 مل  من HAYAH. التصنيف المرجعي: العناية بالجسم — سيكا . الوسوم المرجعية: Body Care، Body Milk، CICA.,https://alfouadpharmacies.com/en/products/حياه-سيكا-للجسم-200-مل,AlFouad Pharmacies,Verify usage rights before commercial publication,غير مثبت,غير مثبت,مرجعي فقط — غير معتمد للنشر التجاري,بيانات مرجعية متاحة؛ يلزم تحقق PM,ضمن الفحص المبدئي
16108441108783,درمديك-هيدران-هيالو-الترا-زبدة-ترطيب-الجسم-225-مل,"درمديك هيدران هيالو الترا زبدة ترطيب الجسم 225 مل
",DERMEDIC,العناية بالجسم,العناية بالجسم,1,كريم للجسم,117430,990,297,693,,متاح لدى المصدر,https://cdn.shopify.com/s/files/1/0935/9550/0847/files/DERMEDIC_HYDRAIN_3_Hialuro_Ultra-hydrating_body_butter_225_ml.webp?v=1785674161,"منتج درمديك هيدران هيالو الترا زبدة ترطيب الجسم 225 مل
 من DERMEDIC. التصنيف المرجعي: العناية بالجسم — كريم للجسم. الوسوم المرجعية: Body Care، Body Lotion، Body Milk.",https://alfouadpharmacies.com/en/products/درمديك-هيدران-هيالو-الترا-زبدة-ترطيب-الجسم-225-مل,AlFouad Pharmacies,Verify usage rights before commercial publication,غير مثبت,غير مثبت,مرجعي فقط — غير معتمد للنشر التجاري,بيانات مرجعية متاحة؛ يلزم تحقق PM,ضمن الفحص المبدئي
12689702682927,dove-shower-gel-500ml-deeply-nourishing,دوف جل استحمام للتغذية العميقة 500 مل | غسول جسم مرطب,Dove,العناية بالجسم,العناية بالجسم,1,غسول للجسم,4252,145,43.5,101.5,,متاح لدى المصدر,https://cdn.shopify.com/s/files/1/0935/9550/0847/files/Dove_Deeply_Nourishing_Body_Wash_1615x1615_dc6e9119-ed73-4527-b08d-faddc0cc488b.webp?v=1772538225,منتج دوف جل استحمام للتغذية العميقة 500 مل | غسول جسم مرطب من Dove. التصنيف المرجعي: العناية بالجسم — غسول للجسم. الوسوم المرجعية: Body Care، Body Wash.,https://alfouadpharmacies.com/en/products/dove-shower-gel-500ml-deeply-nourishing,AlFouad Pharmacies,Verify usage rights before commercial publication,غير مثبت,غير مثبت,مرجعي فقط — غير معتمد للنشر التجاري,بيانات مرجعية متاحة؛ يلزم تحقق PM,ضمن الفحص المبدئي
10569856844079,dove-roll-on-50ml-original,دوف رول أون 50 مل الأصلي,Dove,العناية بالجسم,العناية بالجسم,1,بسيط,90217,110,33,77,,متاح لدى المصدر,https://cdn.shopify.com/s/files/1/0935/9550/0847/files/Dove-Roll-On-50ML-Original.webp?v=1754298374,منتج دوف رول أون 50 مل الأصلي من Dove. التصنيف المرجعي: العناية بالجسم — بسيط. الوسوم المرجعية: Body Care، Deodrant.,https://alfouadpharmacies.com/en/products/dove-roll-on-50ml-original,AlFouad Pharmacies,Verify usage rights before commercial publication,غير مثبت,غير مثبت,مرجعي فقط — غير معتمد للنشر التجاري,بيانات مرجعية متاحة؛ يلزم تحقق PM,ضمن الفحص المبدئي
10569856745775,dove-roll-on-50ml-coconutampjasmin,دوف رول أون 50 مل جوز الهند والياسمين,Dove,العناية بالجسم,العناية بالجسم,1,بسيط,96509,105,31.5,73.5,,غير متاح لدى المصدر,https://cdn.shopify.com/s/files/1/0935/9550/0847/files/Dove-Roll-On-50ML-CoconutJasmin.webp?v=1754298374,منتج دوف رول أون 50 مل جوز الهند والياسمين من Dove. التصنيف المرجعي: العناية بالجسم — بسيط. الوسوم المرجعية: Body Care، Deodrant.,https://alfouadpharmacies.com/en/products/dove-roll-on-50ml-coconutampjasmin,AlFouad Pharmacies,Verify usage rights before commercial publication,غير مثبت,غير مثبت,مرجعي فقط — غير معتمد للنشر التجاري,بيانات مرجعية متاحة؛ يلزم تحقق PM,ضمن الفحص المبدئي
10569856942383,dove-roll-on-50ml-pomegranate,دوف رول أون 50 مل رمان,Dove,العناية بالجسم,العناية بالجسم,1,بسيط,110943,110,33,77,,متاح لدى المصدر,https://cdn.shopify.com/s/files/1/0935/9550/0847/files/Dove-Roll-On-50ML-Pomegranate.webp?v=1754298372,منتج دوف رول أون 50 مل رمان من Dove. التصنيف المرجعي: العناية بالجسم — بسيط. الوسوم المرجعية: Body Care، Deodrant.,https://alfouadpharmacies.com/en/products/dove-roll-on-50ml-pomegranate,AlFouad Pharmacies,Verify usage rights before commercial publication,غير مثبت,غير مثبت,مرجعي فقط — غير معتمد للنشر التجاري,بيانات مرجعية متاحة؛ يلزم تحقق PM,ضمن الفحص المبدئي
10569721774383,dermactive-sweat-control-intense-roll-on-60ml,ديرم اكتيف رول أون مكثف للتحكم في التعرق 60 مل,DERMACTIVE,العناية بالجسم,العناية بالجسم,1,بسيط,13079,169,50.7,118.3,,متاح لدى المصدر,https://cdn.shopify.com/s/files/1/0935/9550/0847/files/Dermactive-Sweat-Control-Intense-Roll-On-60ml.webp?v=1754299197,منتج ديرم اكتيف رول أون مكثف للتحكم في التعرق 60 مل من DERMACTIVE. التصنيف المرجعي: العناية بالجسم — بسيط. الوسوم المرجعية: Body Care، Deodrant.,https://alfouadpharmacies.com/en/products/dermactive-sweat-control-intense-roll-on-60ml,AlFouad Pharmacies,Verify usage rights before commercial publication,غير مثبت,غير مثبت,مرجعي فقط — غير معتمد للنشر التجاري,بيانات مرجعية متاحة؛ يلزم تحقق PM,ضمن الفحص المبدئي
10569721643311,dermactive-sweat-control-refreshing-roll-on-60ml,ديرم اكتيف رول أون منع التعرق المنعش 60 مل,DERMACTIVE,العناية بالجسم,العناية بالجسم,1,بسيط,13074,169,50.7,118.3,,متاح لدى المصدر,https://cdn.shopify.com/s/files/1/0935/9550/0847/files/Dermactive-Sweat-Control-Refreshing-Roll-On-60ml.webp?v=1754299199,منتج ديرم اكتيف رول أون منع التعرق المنعش 60 مل من DERMACTIVE. التصنيف المرجعي: العناية بالجسم — بسيط. الوسوم المرجعية: Body Care، Deodrant.,https://alfouadpharmacies.com/en/products/dermactive-sweat-control-refreshing-roll-on-60ml,AlFouad Pharmacies,Verify usage rights before commercial publication,غير مثبت,غير مثبت,مرجعي فقط — غير معتمد للنشر التجاري,بيانات مرجعية متاحة؛ يلزم تحقق PM,ضمن الفحص المبدئي
10569919004975,real-man-fresh-active-perfume-spray-150ml,رذاذ عطر ريل مان فريش اكتيف 150 مل,AlFouad Pharmacies,العناية بالجسم,العناية بالجسم,1,بسيط,11960,88,26.4,61.6,,متاح لدى المصدر,https://cdn.shopify.com/s/files/1/0935/9550/0847/files/Real-Man-Fresh-Active-Perfume-Spray-150ML.webp?v=1754297918,منتج رذاذ عطر ريل مان فريش اكتيف 150 مل من AlFouad Pharmacies. التصنيف المرجعي: العناية بالجسم — بسيط. الوسوم المرجعية: Body Care، Body Spray، Deodrant.,https://alfouadpharmacies.com/en/products/real-man-fresh-active-perfume-spray-150ml,AlFouad Pharmacies,Verify usage rights before commercial publication,غير مثبت,غير مثبت,مرجعي فقط — غير معتمد للنشر التجاري,بيانات مرجعية متاحة؛ يلزم تحقق PM,ضمن الفحص المبدئي
10569919267119,real-man-fresh-spirit-perfume-spray-150ml,رذاذ عطر ريل مان فريش سبيريت 150 مل,AlFouad Pharmacies,العناية بالجسم,العناية بالجسم,1,بسيط,11916,88,26.4,61.6,,متاح لدى المصدر,https://cdn.shopify.com/s/files/1/0935/9550/0847/files/Real-Man-Fresh-Spirit-Perfume-Spray-150ML.webp?v=1754297915,منتج رذاذ عطر ريل مان فريش سبيريت 150 مل من AlFouad Pharmacies. التصنيف المرجعي: العناية بالجسم — بسيط. الوسوم المرجعية: Body Care، Body Spray، Deodrant.,https://alfouadpharmacies.com/en/products/real-man-fresh-spirit-perfume-spray-150ml,AlFouad Pharmacies,Verify usage rights before commercial publication,غير مثبت,غير مثبت,مرجعي فقط — غير معتمد للنشر التجاري,بيانات مرجعية متاحة؛ يلزم تحقق PM,ضمن الفحص المبدئي
10569919037743,real-man-fresh-mood-perfume-spray-150ml,رذاذ عطر ريل مان فريش مود 150 مل,MOOD,العناية بالجسم,العناية بالجسم,1,بسيط,11897,88,26.4,61.6,,غير متاح لدى المصدر,https://cdn.shopify.com/s/files/1/0935/9550/0847/files/Real-Man-Fresh-Mood-Perfume-Spray-150ML.webp?v=1754297918,منتج رذاذ عطر ريل مان فريش مود 150 مل من MOOD. التصنيف المرجعي: العناية بالجسم — بسيط. الوسوم المرجعية: Body Care، Body Spray، Deodrant.,https://alfouadpharmacies.com/en/products/real-man-fresh-mood-perfume-spray-150ml,AlFouad Pharmacies,Verify usage rights before commercial publication,غير مثبت,غير مثبت,مرجعي فقط — غير معتمد للنشر التجاري,بيانات مرجعية متاحة؛ يلزم تحقق PM,ضمن الفحص المبدئي
10569919234351,real-man-fresh-morning-perfume-spray-150ml,رذاذ عطر ريل مان فريش مورنينج 150 مل,AlFouad Pharmacies,العناية بالجسم,العناية بالجسم,1,بسيط,11687,88,26.4,61.6,,غير متاح لدى المصدر,https://cdn.shopify.com/s/files/1/0935/9550/0847/files/Real-Man-Fresh-Morning-Perfume-Spray-150ML.webp?v=1754297916,منتج رذاذ عطر ريل مان فريش مورنينج 150 مل من AlFouad Pharmacies. التصنيف المرجعي: العناية بالجسم — بسيط. الوسوم المرجعية: Body Care، Body Spray، Deodrant.,https://alfouadpharmacies.com/en/products/real-man-fresh-morning-perfume-spray-150ml,AlFouad Pharmacies,Verify usage rights before commercial publication,غير مثبت,غير مثبت,مرجعي فقط — غير معتمد للنشر التجاري,بيانات مرجعية متاحة؛ يلزم تحقق PM,ضمن الفحص المبدئي
10569994076463,gtt-shaving-foam-200-ml-sensitive-skin,رغوة الحلاقة جي تي تي 200 مل للبشرة الحساسة,AlFouad Pharmacies,العناية بالجسم,العناية بالجسم,1,بسيط,94247,250,75,175,,غير متاح لدى المصدر,https://cdn.shopify.com/s/files/1/0935/9550/0847/files/Gtt-Shaving-Foam-200-ml-Sensitive-Skin.webp?v=1754297177,منتج رغوة الحلاقة جي تي تي 200 مل للبشرة الحساسة من AlFouad Pharmacies. التصنيف المرجعي: العناية بالجسم — بسيط. الوسوم المرجعية: Body Care، Hair Removal، Shaving Foam.,https://alfouadpharmacies.com/en/products/gtt-shaving-foam-200-ml-sensitive-skin,AlFouad Pharmacies,Verify usage rights before commercial publication,غير مثبت,غير مثبت,مرجعي فقط — غير معتمد للنشر التجاري,بيانات مرجعية متاحة؛ يلزم تحقق PM,ضمن الفحص المبدئي
10569994961199,gtt-shaving-foam-200ml-deep-comfort-sensi,رغوة الحلاقة جي تي تي 200 مل، عناية عميقة للبشرة الحساسة,AlFouad Pharmacies,العناية بالجسم,العناية بالجسم,1,بسيط,17325,350,105,245,,غير متاح لدى المصدر,https://cdn.shopify.com/s/files/1/0935/9550/0847/files/Gtt-Shaving-Foam-200ML-Deep-Comfort-Sensi-964.webp?v=1754297163,منتج رغوة الحلاقة جي تي تي 200 مل، عناية عميقة للبشرة الحساسة من AlFouad Pharmacies. التصنيف المرجعي: العناية بالجسم — بسيط. الوسوم المرجعية: Body Care، Hair Removal، Men Care، Shaving Foam.,https://alfouadpharmacies.com/en/products/gtt-shaving-foam-200ml-deep-comfort-sensi,AlFouad Pharmacies,Verify usage rights before commercial publication,غير مثبت,غير مثبت,مرجعي فقط — غير معتمد للنشر التجاري,بيانات مرجعية متاحة؛ يلزم تحقق PM,ضمن الفحص المبدئي
10569994010927,gtt-shaving-foam-200ml-skin-sooth-aloevera,رغوة الحلاقة جي تي تي 200 مل، مهدئة للبشرة، صبار.,AlFouad Pharmacies,العناية بالجسم,العناية بالجسم,1,بسيط,18170,250,75,175,,غير متاح لدى المصدر,https://cdn.shopify.com/s/files/1/0935/9550/0847/files/GttShavingFoam200MLSkinSoothAloevera.webp?v=1790497951,منتج رغوة الحلاقة جي تي تي 200 مل، مهدئة للبشرة، صبار. من AlFouad Pharmacies. التصنيف المرجعي: العناية بالجسم — بسيط. الوسوم المرجعية: Body Care، Hair Removal، Shaving Foam.,https://alfouadpharmacies.com/en/products/gtt-shaving-foam-200ml-skin-sooth-aloevera,AlFouad Pharmacies,Verify usage rights before commercial publication,غير مثبت,غير مثبت,مرجعي فقط — غير معتمد للنشر التجاري,بيانات مرجعية متاحة؛ يلزم تحقق PM,ضمن الفحص المبدئي
10569994043695,gtt-shaving-foam-200-ml-regular-normal,رغوة حلاقة جي تي تي 200 مل (عادية) أحمر,AlFouad Pharmacies,العناية بالجسم,العناية بالجسم,1,بسيط,88756,250,75,175,,غير متاح لدى المصدر,https://cdn.shopify.com/s/files/1/0935/9550/0847/files/Gtt-Shaving-Foam-200-ml-Regular-Normal-_D8_A7_D8_AD_D9_85_D8_B1.webp?v=1754297178,منتج رغوة حلاقة جي تي تي 200 مل (عادية) أحمر من AlFouad Pharmacies. التصنيف المرجعي: العناية بالجسم — بسيط. الوسوم المرجعية: Body Care، Hair Removal، Shaving Foam.,https://alfouadpharmacies.com/en/products/gtt-shaving-foam-200-ml-regular-normal,AlFouad Pharmacies,Verify usage rights before commercial publication,غير مثبت,غير مثبت,مرجعي فقط — غير معتمد للنشر التجاري,بيانات مرجعية متاحة؛ يلزم تحقق PM,ضمن الفحص المبدئي
10569922183471,rexona-spray-150ml-v8,ركسونا بخاخ 150 مل V8,REXONA,العناية بالجسم,العناية بالجسم,1,بسيط,83982,197,59.1,137.9,,متاح لدى المصدر,https://cdn.shopify.com/s/files/1/0935/9550/0847/files/Rexona-Spray-150ML-V8.webp?v=1754297871,منتج ركسونا بخاخ 150 مل V8 من REXONA. التصنيف المرجعي: العناية بالجسم — بسيط. الوسوم المرجعية: Body Care، Body Spray، Deodrant.,https://alfouadpharmacies.com/en/products/rexona-spray-150ml-v8,AlFouad Pharmacies,Verify usage rights before commercial publication,غير مثبت,غير مثبت,مرجعي فقط — غير معتمد للنشر التجاري,بيانات مرجعية متاحة؛ يلزم تحقق PM,ضمن الفحص المبدئي
10569922314543,rexona-spray-150ml-v8-offer,ركسونا بخاخ 150 مل V8 أوف,REXONA,العناية بالجسم,العناية بالجسم,1,بسيط,110759,172,51.6,120.4,,متاح لدى المصدر,https://cdn.shopify.com/s/files/1/0935/9550/0847/files/Rexona-Spray-150ML-V8-Offer.webp?v=1754297869,منتج ركسونا بخاخ 150 مل V8 أوف من REXONA. التصنيف المرجعي: العناية بالجسم — بسيط. الوسوم المرجعية: Body Care، Body Spray، Deodrant.,https://alfouadpharmacies.com/en/products/rexona-spray-150ml-v8-offer,AlFouad Pharmacies,Verify usage rights before commercial publication,غير مثبت,غير مثبت,مرجعي فقط — غير معتمد للنشر التجاري,بيانات مرجعية متاحة؛ يلزم تحقق PM,ضمن الفحص المبدئي
10569921069359,rexona-spray-150ml-advanced-protec-invisble-off,ركسونا بخاخ 150 مل أدفانسد بروتيك إنفيزيبل أوف,AlFouad Pharmacies,العناية بالجسم,العناية بالجسم,1,بسيط,14090,162,48.6,113.4,,غير متاح لدى المصدر,https://cdn.shopify.com/s/files/1/0935/9550/0847/files/Rexona-Spray-150ML-Advanced-Protec-Invisble-Off.webp?v=1754297890,منتج ركسونا بخاخ 150 مل أدفانسد بروتيك إنفيزيبل أوف من AlFouad Pharmacies. التصنيف المرجعي: العناية بالجسم — بسيط. الوسوم المرجعية: Body Care، Body Spray، Deodrant.,https://alfouadpharmacies.com/en/products/rexona-spray-150ml-advanced-protec-invisble-off,AlFouad Pharmacies,Verify usage rights before commercial publication,غير مثبت,غير مثبت,مرجعي فقط — غير معتمد للنشر التجاري,بيانات مرجعية متاحة؛ يلزم تحقق PM,ضمن الفحص المبدئي
10569922347311,rexona-spray-150ml-xtracool,ركسونا بخاخ 150 مل إكسترا كول,REXONA,العناية بالجسم,العناية بالجسم,1,بسيط,88998,197,59.1,137.9,,متاح لدى المصدر,https://cdn.shopify.com/s/files/1/0935/9550/0847/files/Rexona-Spray-150ML-Xtracool.webp?v=1754297869,منتج ركسونا بخاخ 150 مل إكسترا كول من REXONA. التصنيف المرجعي: العناية بالجسم — بسيط. الوسوم المرجعية: Body Care، Body Spray، Deodrant.,https://alfouadpharmacies.com/en/products/rexona-spray-150ml-xtracool,AlFouad Pharmacies,Verify usage rights before commercial publication,غير مثبت,غير مثبت,مرجعي فقط — غير معتمد للنشر التجاري,بيانات مرجعية متاحة؛ يلزم تحقق PM,ضمن الفحص المبدئي
10569922511151,rexona-spray-150ml-xtracool-off,ركسونا بخاخ 150 مل إكسترا كول أوف,REXONA,العناية بالجسم,العناية بالجسم,1,بسيط,84628,162,48.6,113.4,,غير متاح لدى المصدر,https://cdn.shopify.com/s/files/1/0935/9550/0847/files/Rexona-Spray-150ML-Xtracool-Off.webp?v=1754297867,منتج ركسونا بخاخ 150 مل إكسترا كول أوف من REXONA. التصنيف المرجعي: العناية بالجسم — بسيط. الوسوم المرجعية: Body Care، Body Spray، Deodrant.,https://alfouadpharmacies.com/en/products/rexona-spray-150ml-xtracool-off,AlFouad Pharmacies,Verify usage rights before commercial publication,غير مثبت,غير مثبت,مرجعي فقط — غير معتمد للنشر التجاري,بيانات مرجعية متاحة؛ يلزم تحقق PM,ضمن الفحص المبدئي
10569921102127,rexona-spray-150ml-bamboo,ركسونا بخاخ 150 مل بامبو,REXONA,العناية بالجسم,العناية بالجسم,1,بسيط,84354,197,59.1,137.9,,متاح لدى المصدر,https://cdn.shopify.com/s/files/1/0935/9550/0847/files/Rexona-Spray-150ML-Bamboo.webp?v=1754297889,منتج ركسونا بخاخ 150 مل بامبو من REXONA. التصنيف المرجعي: العناية بالجسم — بسيط. الوسوم المرجعية: Body Care، Body Spray، Deodrant.,https://alfouadpharmacies.com/en/products/rexona-spray-150ml-bamboo,AlFouad Pharmacies,Verify usage rights before commercial publication,غير مثبت,غير مثبت,مرجعي فقط — غير معتمد للنشر التجاري,بيانات مرجعية متاحة؛ يلزم تحقق PM,ضمن الفحص المبدئي
10569921233199,rexona-spray-150ml-bamboo-freezealoe-off,ركسونا بخاخ 150 مل بانبو فريز + ألوفيرا أوف,REXONA,العناية بالجسم,العناية بالجسم,1,بسيط,6962,160,48,112,,غير متاح لدى المصدر,https://cdn.shopify.com/s/files/1/0935/9550/0847/files/Rexona-Spray-150ML-Bamboo-Freezealoe-Off.webp?v=1754297887,منتج ركسونا بخاخ 150 مل بانبو فريز + ألوفيرا أوف من REXONA. التصنيف المرجعي: العناية بالجسم — بسيط. الوسوم المرجعية: Body Care، Body Spray، Deodrant.,https://alfouadpharmacies.com/en/products/rexona-spray-150ml-bamboo-freezealoe-off,AlFouad Pharmacies,Verify usage rights before commercial publication,غير مثبت,غير مثبت,مرجعي فقط — غير معتمد للنشر التجاري,بيانات مرجعية متاحة؛ يلزم تحقق PM,ضمن الفحص المبدئي
10569921200431,rexona-spray-150ml-bamboo-freezealoe,ركسونا بخاخ 150 مل بانبو فريز + الصبار,REXONA,العناية بالجسم,العناية بالجسم,1,بسيط,19212,187,56.1,130.9,,متاح لدى المصدر,https://cdn.shopify.com/s/files/1/0935/9550/0847/files/Rexona-Spray-150ML-Bamboo-Freezealoe.webp?v=1754297887,منتج ركسونا بخاخ 150 مل بانبو فريز + الصبار من REXONA. التصنيف المرجعي: العناية بالجسم — بسيط. الوسوم المرجعية: Body Care، Body Spray، Deodrant.,https://alfouadpharmacies.com/en/products/rexona-spray-150ml-bamboo-freezealoe,AlFouad Pharmacies,Verify usage rights before commercial publication,غير مثبت,غير مثبت,مرجعي فقط — غير معتمد للنشر التجاري,بيانات مرجعية متاحة؛ يلزم تحقق PM,ضمن الفحص المبدئي
10569921134895,rexona-spray-150ml-bamboo-freezeampbambo-off-50,ركسونا بخاخ 150 مل بانبو فريز و بانبو أوف 50,REXONA,العناية بالجسم,العناية بالجسم,1,بسيط,12372,225,67.5,157.5,,غير متاح لدى المصدر,https://cdn.shopify.com/s/files/1/0935/9550/0847/files/Rexona-Spray-150ML-Bamboo-FreezeBambo-Off-50.webp?v=1754297888,منتج ركسونا بخاخ 150 مل بانبو فريز و بانبو أوف 50 من REXONA. التصنيف المرجعي: العناية بالجسم — بسيط. الوسوم المرجعية: Body Care، Body Spray، Deodrant.,https://alfouadpharmacies.com/en/products/rexona-spray-150ml-bamboo-freezeampbambo-off-50,AlFouad Pharmacies,Verify usage rights before commercial publication,غير مثبت,غير مثبت,مرجعي فقط — غير معتمد للنشر التجاري,بيانات مرجعية متاحة؛ يلزم تحقق PM,ضمن الفحص المبدئي
10569922052399,rexona-spray-150ml-peachamplemon-fw-off,ركسونا بخاخ 150 مل برتقال وليمون - موسم الخريف والشتاء,REXONA,العناية بالجسم,العناية بالجسم,1,بسيط,21312,162,48.6,113.4,,غير متاح لدى المصدر,https://cdn.shopify.com/s/files/1/0935/9550/0847/files/Rexona-Spray-150ML-PeachLemon-FW-Off.webp?v=1754297874,منتج ركسونا بخاخ 150 مل برتقال وليمون - موسم الخريف والشتاء من REXONA. التصنيف المرجعي: العناية بالجسم — بسيط. الوسوم المرجعية: Body Care، Body Spray، Deodrant.,https://alfouadpharmacies.com/en/products/rexona-spray-150ml-peachamplemon-fw-off,AlFouad Pharmacies,Verify usage rights before commercial publication,غير مثبت,غير مثبت,مرجعي فقط — غير معتمد للنشر التجاري,بيانات مرجعية متاحة؛ يلزم تحقق PM,ضمن الفحص المبدئي
10569921954095,rexona-spray-150ml-peachamplemon-fw,ركسونا بخاخ 150 مل برتقال وليمون (للموسم البارد),REXONA,العناية بالجسم,العناية بالجسم,1,بسيط,107355,197,59.1,137.9,,متاح لدى المصدر,https://cdn.shopify.com/s/files/1/0935/9550/0847/files/Rexona-Spray-150ML-PeachLemon-FW.webp?v=1754297875,منتج ركسونا بخاخ 150 مل برتقال وليمون (للموسم البارد) من REXONA. التصنيف المرجعي: العناية بالجسم — بسيط. الوسوم المرجعية: Body Care، Deodrant.,https://alfouadpharmacies.com/en/products/rexona-spray-150ml-peachamplemon-fw,AlFouad Pharmacies,Verify usage rights before commercial publication,غير مثبت,غير مثبت,مرجعي فقط — غير معتمد للنشر التجاري,بيانات مرجعية متاحة؛ يلزم تحقق PM,ضمن الفحص المبدئي
10569921397039,rexona-spray-150ml-charcoal-clean-detox-off,ركسونا بخاخ 150 مل تنظيف الفحم إزالة السموم,REXONA,العناية بالجسم,العناية بالجسم,1,بسيط,24599,162,48.6,113.4,,غير متاح لدى المصدر,https://cdn.shopify.com/s/files/1/0935/9550/0847/files/Rexona-Spray-150ML-Charcoal-Clean-Detox-Off.webp?v=1754297884,منتج ركسونا بخاخ 150 مل تنظيف الفحم إزالة السموم من REXONA. التصنيف المرجعي: العناية بالجسم — بسيط. الوسوم المرجعية: Body Care، Body Spray، Deodrant.,https://alfouadpharmacies.com/en/products/rexona-spray-150ml-charcoal-clean-detox-off,AlFouad Pharmacies,Verify usage rights before commercial publication,غير مثبت,غير مثبت,مرجعي فقط — غير معتمد للنشر التجاري,بيانات مرجعية متاحة؛ يلزم تحقق PM,ضمن الفحص المبدئي
10569921331503,rexona-spray-150ml-charcoal-clean-detox,ركسونا بخاخ 150 مل تنظيف الفحم إزالة السموم,REXONA,العناية بالجسم,العناية بالجسم,1,بسيط,105668,187,56.1,130.9,,غير متاح لدى المصدر,https://cdn.shopify.com/s/files/1/0935/9550/0847/files/Rexona-Spray-150ML-Charcoal-Clean-Detox.webp?v=1754297884,منتج ركسونا بخاخ 150 مل تنظيف الفحم إزالة السموم من REXONA. التصنيف المرجعي: العناية بالجسم — بسيط. الوسوم المرجعية: Body Care، Body Spray، Deodrant.,https://alfouadpharmacies.com/en/products/rexona-spray-150ml-charcoal-clean-detox,AlFouad Pharmacies,Verify usage rights before commercial publication,غير مثبت,غير مثبت,مرجعي فقط — غير معتمد للنشر التجاري,بيانات مرجعية متاحة؛ يلزم تحقق PM,ضمن الفحص المبدئي
10569921298735,rexona-spray-150ml-cedarwoodampxtracool-off-50,ركسونا بخاخ 150 مل خشب الأرز و تبريد إضافي - خصم 50%,REXONA,العناية بالجسم,العناية بالجسم,1,بسيط,12520,225,67.5,157.5,,غير متاح لدى المصدر,https://cdn.shopify.com/s/files/1/0935/9550/0847/files/Rexona-Spray-150ML-CedarwoodXtracool-Off-50.webp?v=1754297885,منتج ركسونا بخاخ 150 مل خشب الأرز و تبريد إضافي - خصم 50% من REXONA. التصنيف المرجعي: العناية بالجسم — بسيط. الوسوم المرجعية: Body Care، Body Spray، Deodrant.,https://alfouadpharmacies.com/en/products/rexona-spray-150ml-cedarwoodampxtracool-off-50,AlFouad Pharmacies,Verify usage rights before commercial publication,غير مثبت,غير مثبت,مرجعي فقط — غير معتمد للنشر التجاري,بيانات مرجعية متاحة؛ يلزم تحقق PM,ضمن الفحص المبدئي
10569921823023,rexona-spray-150ml-men-cedarwoodampv8-off-50,ركسونا بخاخ 150 مل للرجال خشب الأرز و V8 خصم 50%,REXONA OFF,العناية بالجسم,العناية بالجسم,1,بسيط,12457,225,67.5,157.5,,غير متاح لدى المصدر,https://cdn.shopify.com/s/files/1/0935/9550/0847/files/REXONA-SPRAY-150ML-MEN-CEDARWOODV8-OFF-50-1.webp?v=1754297877,منتج ركسونا بخاخ 150 مل للرجال خشب الأرز و V8 خصم 50% من REXONA OFF. التصنيف المرجعي: العناية بالجسم — بسيط. الوسوم المرجعية: Body Care، Body Spray، Deodrant.,https://alfouadpharmacies.com/en/products/rexona-spray-150ml-men-cedarwoodampv8-off-50,AlFouad Pharmacies,Verify usage rights before commercial publication,غير مثبت,غير مثبت,مرجعي فقط — غير معتمد للنشر التجاري,بيانات مرجعية متاحة؛ يلزم تحقق PM,ضمن الفحص المبدئي
10569921626415,rexona-spray-150ml-invisible-men,ركسونا بخاخ 150 مل للرجال غير مرئي,REXONA,العناية بالجسم,العناية بالجسم,1,بسيط,105875,197,59.1,137.9,,متاح لدى المصدر,https://cdn.shopify.com/s/files/1/0935/9550/0847/files/Rexona-Spray-150ML-Invisible-Men.webp?v=1754297880,منتج ركسونا بخاخ 150 مل للرجال غير مرئي من REXONA. التصنيف المرجعي: العناية بالجسم — بسيط. الوسوم المرجعية: Body Care، Body Spray، Deodrant.,https://alfouadpharmacies.com/en/products/rexona-spray-150ml-invisible-men,AlFouad Pharmacies,Verify usage rights before commercial publication,غير مثبت,غير مثبت,مرجعي فقط — غير معتمد للنشر التجاري,بيانات مرجعية متاحة؛ يلزم تحقق PM,ضمن الفحص المبدئي
10569921429807,rexona-spray-150ml-fm-work-out,ركسونا بخاخ 150 مل للرجال والنساء - مخصص للتمارين الرياضية,REXONA,العناية بالجسم,العناية بالجسم,1,بسيط,92603,187,56.1,130.9,,غير متاح لدى المصدر,https://cdn.shopify.com/s/files/1/0935/9550/0847/files/Rexona-Spray-150ML-FM-Work-Out.webp?v=1754297883,منتج ركسونا بخاخ 150 مل للرجال والنساء - مخصص للتمارين الرياضية من REXONA. التصنيف المرجعي: العناية بالجسم — بسيط. الوسوم المرجعية: Body Care، Deodrant.,https://alfouadpharmacies.com/en/products/rexona-spray-150ml-fm-work-out,AlFouad Pharmacies,Verify usage rights before commercial publication,غير مثبت,غير مثبت,مرجعي فقط — غير معتمد للنشر التجاري,بيانات مرجعية متاحة؛ يلزم تحقق PM,ضمن الفحص المبدئي
10569921757487,rexona-spray-150ml-men-cedarwoodampmint,ركسونا بخاخ 150 مل للرجال، رائحة خشب الأرز والنعناع,REXONA,العناية بالجسم,العناية بالجسم,1,بسيط,3261,197,59.1,137.9,,متاح لدى المصدر,https://cdn.shopify.com/s/files/1/0935/9550/0847/files/Rexona-Spray-150ML-Men-CedarwoodMint.webp?v=1754297878,منتج ركسونا بخاخ 150 مل للرجال، رائحة خشب الأرز والنعناع من REXONA. التصنيف المرجعي: العناية بالجسم — بسيط. الوسوم المرجعية: Body Care، Body Spray، Deodrant.,https://alfouadpharmacies.com/en/products/rexona-spray-150ml-men-cedarwoodampmint,AlFouad Pharmacies,Verify usage rights before commercial publication,غير مثبت,غير مثبت,مرجعي فقط — غير معتمد للنشر التجاري,بيانات مرجعية متاحة؛ يلزم تحقق PM,ضمن الفحص المبدئي
10569921593647,rexona-spray-150ml-invisble-women-off,ركسونا بخاخ 150 مل للنساء غير مرئي,REXONA,العناية بالجسم,العناية بالجسم,1,بسيط,111242,162,48.6,113.4,,غير متاح لدى المصدر,https://cdn.shopify.com/s/files/1/0935/9550/0847/files/Rexona-Spray-150ML-Invisble-Women-Off.webp?v=1754297881,منتج ركسونا بخاخ 150 مل للنساء غير مرئي من REXONA. التصنيف المرجعي: العناية بالجسم — بسيط. الوسوم المرجعية: Body Care، Body Spray، Deodrant.,https://alfouadpharmacies.com/en/products/rexona-spray-150ml-invisble-women-off,AlFouad Pharmacies,Verify usage rights before commercial publication,غير مثبت,غير مثبت,مرجعي فقط — غير معتمد للنشر التجاري,بيانات مرجعية متاحة؛ يلزم تحقق PM,ضمن الفحص المبدئي
10569921691951,rexona-spray-150ml-invisible-woman,ركسونا بخاخ 150 مل نسائي غير مرئي,REXONA,العناية بالجسم,العناية بالجسم,1,بسيط,98992,187,56.1,130.9,,متاح لدى المصدر,https://cdn.shopify.com/s/files/1/0935/9550/0847/files/Rexona-Spray-150ML-Invisible-Woman.webp?v=1754297879,منتج ركسونا بخاخ 150 مل نسائي غير مرئي من REXONA. التصنيف المرجعي: العناية بالجسم — بسيط. الوسوم المرجعية: Body Care، Deodrant.,https://alfouadpharmacies.com/en/products/rexona-spray-150ml-invisible-woman,AlFouad Pharmacies,Verify usage rights before commercial publication,غير مثبت,غير مثبت,مرجعي فقط — غير معتمد للنشر التجاري,بيانات مرجعية متاحة؛ يلزم تحقق PM,ضمن الفحص المبدئي
12689552081199,dear-roll-on-sweet-candy-60ml-1-1-offer,رول أون دير 60 مل برائحة الكاندي,DEAR offer,العناية بالجسم,العناية بالجسم,1,مزيل عرق,113459,300,90,210,600,متاح لدى المصدر,https://cdn.shopify.com/s/files/1/0935/9550/0847/files/Dear_Roll_On_Sweet_Candy_60ml_1plus1_ECOM.webp?v=1771924848,منتج رول أون دير 60 مل برائحة الكاندي من DEAR offer. التصنيف المرجعي: العناية بالجسم — مزيل عرق. الوسوم المرجعية: Body Care، Bundle، Deodrant، Roll-on.,https://alfouadpharmacies.com/en/products/dear-roll-on-sweet-candy-60ml-1-1-offer,AlFouad Pharmacies,Verify usage rights before commercial publication,غير مثبت,غير مثبت,مرجعي فقط — غير معتمد للنشر التجاري,بيانات مرجعية متاحة؛ يلزم تحقق PM,ضمن الفحص المبدئي
10570010427695,bodylicious-roll-on-50ml-violet,رول أون مزيل عرق بوديليشوس 50 مل بنفسجي,AlFouad Pharmacies,العناية بالجسم,العناية بالجسم,1,بسيط,112717,65,19.5,45.5,,متاح لدى المصدر,https://cdn.shopify.com/s/files/1/0935/9550/0847/files/Bodylicious-Roll-On-50ML-Violet.webp?v=1754297068,منتج رول أون مزيل عرق بوديليشوس 50 مل بنفسجي من AlFouad Pharmacies. التصنيف المرجعي: العناية بالجسم — بسيط. الوسوم المرجعية: Body Care، Deodrant، Roll-on.,https://alfouadpharmacies.com/en/products/bodylicious-roll-on-50ml-violet,AlFouad Pharmacies,Verify usage rights before commercial publication,غير مثبت,غير مثبت,مرجعي فقط — غير معتمد للنشر التجاري,بيانات مرجعية متاحة؛ يلزم تحقق PM,ضمن الفحص المبدئي
10570010460463,bodylicious-roll-on-50ml-pink,رول أون مزيل عرق بوديليشوس 50 مل وردي,AlFouad Pharmacies,العناية بالجسم,العناية بالجسم,1,بسيط,112718,65,19.5,45.5,,متاح لدى المصدر,https://cdn.shopify.com/s/files/1/0935/9550/0847/files/Bodylicious-Roll-On-50ML-Pink.webp?v=1754297067,منتج رول أون مزيل عرق بوديليشوس 50 مل وردي من AlFouad Pharmacies. التصنيف المرجعي: العناية بالجسم — بسيط. الوسوم المرجعية: Body Care، Deodrant، Roll-on.,https://alfouadpharmacies.com/en/products/bodylicious-roll-on-50ml-pink,AlFouad Pharmacies,Verify usage rights before commercial publication,غير مثبت,غير مثبت,مرجعي فقط — غير معتمد للنشر التجاري,بيانات مرجعية متاحة؛ يلزم تحقق PM,ضمن الفحص المبدئي
10570010394927,bodylicious-roll-on-50ml-coconut-breeze,رول أون مزيل عرق بوديليشوس 50 مل، رائحة جوز الهند المنعشة,AlFouad Pharmacies,العناية بالجسم,العناية بالجسم,1,بسيط,112488,65,19.5,45.5,,متاح لدى المصدر,https://cdn.shopify.com/s/files/1/0935/9550/0847/files/Bodylicious-Roll-On-50ML-Coconut-Breeze.webp?v=1754297068,منتج رول أون مزيل عرق بوديليشوس 50 مل، رائحة جوز الهند المنعشة من AlFouad Pharmacies. التصنيف المرجعي: العناية بالجسم — بسيط. الوسوم المرجعية: Body Care، Deodrant، Roll-on.,https://alfouadpharmacies.com/en/products/bodylicious-roll-on-50ml-coconut-breeze,AlFouad Pharmacies,Verify usage rights before commercial publication,غير مثبت,غير مثبت,مرجعي فقط — غير معتمد للنشر التجاري,بيانات مرجعية متاحة؛ يلزم تحقق PM,ضمن الفحص المبدئي
10570010362159,bodylicious-roll-on-50ml-white-musk,رول أون مزيل عرق بوديليشيوس 50 مل، عطر المسك الأبيض,AlFouad Pharmacies,العناية بالجسم,العناية بالجسم,1,بسيط,14839,65,19.5,45.5,,متاح لدى المصدر,https://cdn.shopify.com/s/files/1/0935/9550/0847/files/Bodylicious-Roll-On-50ML-White-Musk.webp?v=1754297069,منتج رول أون مزيل عرق بوديليشيوس 50 مل، عطر المسك الأبيض من AlFouad Pharmacies. التصنيف المرجعي: العناية بالجسم — بسيط. الوسوم المرجعية: Body Care، Deodrant، Roll-on.,https://alfouadpharmacies.com/en/products/bodylicious-roll-on-50ml-white-musk,AlFouad Pharmacies,Verify usage rights before commercial publication,غير مثبت,غير مثبت,مرجعي فقط — غير معتمد للنشر التجاري,بيانات مرجعية متاحة؛ يلزم تحقق PM,ضمن الفحص المبدئي
10569921528111,rexona-spray-150ml-fw-workout-off,ريداكسونا بخاخ 150 مل  للياقة البدنية/التمارين الرياضية,REXONA,العناية بالجسم,العناية بالجسم,1,بسيط,98235,150,45,105,,غير متاح لدى المصدر,https://cdn.shopify.com/s/files/1/0935/9550/0847/files/Rexona-Spray-150ML-FW-Workout-Off.webp?v=1754297881,منتج ريداكسونا بخاخ 150 مل  للياقة البدنية/التمارين الرياضية من REXONA. التصنيف المرجعي: العناية بالجسم — بسيط. الوسوم المرجعية: Body Care، Body Spray، Deodrant.,https://alfouadpharmacies.com/en/products/rexona-spray-150ml-fw-workout-off,AlFouad Pharmacies,Verify usage rights before commercial publication,غير مثبت,غير مثبت,مرجعي فقط — غير معتمد للنشر التجاري,بيانات مرجعية متاحة؛ يلزم تحقق PM,ضمن الفحص المبدئي
10569921495343,rexona-spray-150ml-fw-workout,ريداكسونا بخاخ 150 مل للياقة البدنية في فصل الشتاء,REXONA,العناية بالجسم,العناية بالجسم,1,بسيط,94845,187,56.1,130.9,,غير متاح لدى المصدر,https://cdn.shopify.com/s/files/1/0935/9550/0847/files/Rexona-Spray-150ML-FW-Workout.webp?v=1754297882,منتج ريداكسونا بخاخ 150 مل للياقة البدنية في فصل الشتاء من REXONA. التصنيف المرجعي: العناية بالجسم — بسيط. الوسوم المرجعية: Body Care، Deodrant.,https://alfouadpharmacies.com/en/products/rexona-spray-150ml-fw-workout,AlFouad Pharmacies,Verify usage rights before commercial publication,غير مثبت,غير مثبت,مرجعي فقط — غير معتمد للنشر التجاري,بيانات مرجعية متاحة؛ يلزم تحقق PM,ضمن الفحص المبدئي
10569922085167,rexona-spray-150ml-shower-fresh-fw,ريداكسونا بخاخ 150 مل منعش للاستحمام للرجال/النساء,REXONA,العناية بالجسم,العناية بالجسم,1,بسيط,32361,187,56.1,130.9,,غير متاح لدى المصدر,https://cdn.shopify.com/s/files/1/0935/9550/0847/files/Rexona-Spray-150ML-Shower-Fresh-FW.webp?v=1754297873,منتج ريداكسونا بخاخ 150 مل منعش للاستحمام للرجال/النساء من REXONA. التصنيف المرجعي: العناية بالجسم — بسيط. الوسوم المرجعية: Body Care، Body Spray، Deodrant.,https://alfouadpharmacies.com/en/products/rexona-spray-150ml-shower-fresh-fw,AlFouad Pharmacies,Verify usage rights before commercial publication,غير مثبت,غير مثبت,مرجعي فقط — غير معتمد للنشر التجاري,بيانات مرجعية متاحة؛ يلزم تحقق PM,ضمن الفحص المبدئي
10569921265967,rexona-spray-150ml-bambooamppeach-off-50,ريداكسونا بخاخ 150 مل، رائحة الخيزران والخوخ، خصم 50%,REXONA OFF,العناية بالجسم,العناية بالجسم,1,بسيط,12463,225,67.5,157.5,,غير متاح لدى المصدر,https://cdn.shopify.com/s/files/1/0935/9550/0847/files/Rexona-Spray-150ML-BambooPeach-Off-50.webp?v=1754297886,منتج ريداكسونا بخاخ 150 مل، رائحة الخيزران والخوخ، خصم 50% من REXONA OFF. التصنيف المرجعي: العناية بالجسم — بسيط. الوسوم المرجعية: Body Care، Body Spray، Deodrant.,https://alfouadpharmacies.com/en/products/rexona-spray-150ml-bambooamppeach-off-50,AlFouad Pharmacies,Verify usage rights before commercial publication,غير مثبت,غير مثبت,مرجعي فقط — غير معتمد للنشر التجاري,بيانات مرجعية متاحة؛ يلزم تحقق PM,ضمن الفحص المبدئي
10569922150703,rexona-spray-150ml-shower-fresh-off,ريداكسونا بخاخ 150 مل، رائحة منعشة بعد الاستحمام,REXONA,العناية بالجسم,العناية بالجسم,1,بسيط,109756,162,48.6,113.4,,غير متاح لدى المصدر,https://cdn.shopify.com/s/files/1/0935/9550/0847/files/Rexona-Spray-150ML-Shower-Fresh-Off.webp?v=1754297872,منتج ريداكسونا بخاخ 150 مل، رائحة منعشة بعد الاستحمام من REXONA. التصنيف المرجعي: العناية بالجسم — بسيط. الوسوم المرجعية: Body Care، Body Spray، Deodrant.,https://alfouadpharmacies.com/en/products/rexona-spray-150ml-shower-fresh-off,AlFouad Pharmacies,Verify usage rights before commercial publication,غير مثبت,غير مثبت,مرجعي فقط — غير معتمد للنشر التجاري,بيانات مرجعية متاحة؛ يلزم تحقق PM,ضمن الفحص المبدئي
10569922380079,rexona-spray-150ml-xtracool-10le-off,ريدكسونا بخاخ 150 مل إكسترا كول (10 جنيه مصري) خصم,REXONA,العناية بالجسم,العناية بالجسم,1,بسيط,95850,160,48,112,,غير متاح لدى المصدر,https://cdn.shopify.com/s/files/1/0935/9550/0847/files/Rexona-Spray-150ML-Xtracool-10L.E-Off.webp?v=1754297868,منتج ريدكسونا بخاخ 150 مل إكسترا كول (10 جنيه مصري) خصم من REXONA. التصنيف المرجعي: العناية بالجسم — بسيط. الوسوم المرجعية: Body Care، Body Spray، Deodrant.,https://alfouadpharmacies.com/en/products/rexona-spray-150ml-xtracool-10le-off,AlFouad Pharmacies,Verify usage rights before commercial publication,غير مثبت,غير مثبت,مرجعي فقط — غير معتمد للنشر التجاري,بيانات مرجعية متاحة؛ يلزم تحقق PM,ضمن الفحص المبدئي
10572106170671,rexona-roll-on-25ml-shower-fresh,ريكسونا رول أون 25 مل، رائحة منعشة بعد الاستحمام,REXONA,العناية بالجسم,العناية بالجسم,1,بسيط,91235,40,12,28,,متاح لدى المصدر,https://cdn.shopify.com/s/files/1/0935/9550/0847/files/Rexona-Roll-_E2_80_93-on-25-ml-Shower-Fresh.webp?v=1754296973,منتج ريكسونا رول أون 25 مل، رائحة منعشة بعد الاستحمام من REXONA. التصنيف المرجعي: العناية بالجسم — بسيط. الوسوم المرجعية: Body Care، Deodrant، Roll-on.,https://alfouadpharmacies.com/en/products/rexona-roll-on-25ml-shower-fresh,AlFouad Pharmacies,Verify usage rights before commercial publication,غير مثبت,غير مثبت,مرجعي فقط — غير معتمد للنشر التجاري,بيانات مرجعية متاحة؛ يلزم تحقق PM,ضمن الفحص المبدئي
10572107088175,rexona-roll-on-50ml-shower-fresh,ريكسونا رول أون 50 مل - رائحة منعشة بعد الاستحمام,REXONA,العناية بالجسم,العناية بالجسم,1,بسيط,107803,92,27.6,64.4,,متاح لدى المصدر,https://cdn.shopify.com/s/files/1/0935/9550/0847/files/Rexona-Roll-_E2_80_93-on-50-ml-Shower-Fresh.webp?v=1754296967,منتج ريكسونا رول أون 50 مل - رائحة منعشة بعد الاستحمام من REXONA. التصنيف المرجعي: العناية بالجسم — بسيط. الوسوم المرجعية: Body Care، Deodrant، Roll-on.,https://alfouadpharmacies.com/en/products/rexona-roll-on-50ml-shower-fresh,AlFouad Pharmacies,Verify usage rights before commercial publication,غير مثبت,غير مثبت,مرجعي فقط — غير معتمد للنشر التجاري,بيانات مرجعية متاحة؛ يلزم تحقق PM,ضمن الفحص المبدئي
10572107415855,rexona-roll-on-50ml-xtracool,ريكسونا رول أون 50 مل إكسترا كول,REXONA,العناية بالجسم,العناية بالجسم,1,بسيط,94307,92,27.6,64.4,,متاح لدى المصدر,https://cdn.shopify.com/s/files/1/0935/9550/0847/files/Rexona-Roll-_E2_80_93-on-50-ml-Xtracool.webp?v=1754296965,منتج ريكسونا رول أون 50 مل إكسترا كول من REXONA. التصنيف المرجعي: العناية بالجسم — بسيط. الوسوم المرجعية: Body Care، Deodrant، Roll-on.,https://alfouadpharmacies.com/en/products/rexona-roll-on-50ml-xtracool,AlFouad Pharmacies,Verify usage rights before commercial publication,غير مثبت,غير مثبت,مرجعي فقط — غير معتمد للنشر التجاري,بيانات مرجعية متاحة؛ يلزم تحقق PM,ضمن الفحص المبدئي
10572107514159,rexona-roll-on-50ml-charcoal-clean-off,ريكسونا رول أون ٥٠ مل منظف بالفحم,REXONA,العناية بالجسم,العناية بالجسم,1,بسيط,105667,82,24.6,57.4,,متاح لدى المصدر,https://cdn.shopify.com/s/files/1/0935/9550/0847/files/Rexona-Roll-_E2_80_93-on-50-ml-Charcoal-Clean_6e9b4466-e981-433e-b27e-04fbf182e147.webp?v=1754296965,منتج ريكسونا رول أون ٥٠ مل منظف بالفحم من REXONA. التصنيف المرجعي: العناية بالجسم — بسيط. الوسوم المرجعية: Body Care، Deodrant، Roll-on.,https://alfouadpharmacies.com/en/products/rexona-roll-on-50ml-charcoal-clean-off,AlFouad Pharmacies,Verify usage rights before commercial publication,غير مثبت,غير مثبت,مرجعي فقط — غير معتمد للنشر التجاري,بيانات مرجعية متاحة؛ يلزم تحقق PM,ضمن الفحص المبدئي
10572106498351,rexona-roll-on-50ml-bamboampaloe-fw,ريكسونا رول أون 50 مل، البامبو والألوفيرا، للنساء.,REXONA,العناية بالجسم,العناية بالجسم,1,بسيط,573,92,27.6,64.4,,متاح لدى المصدر,https://cdn.shopify.com/s/files/1/0935/9550/0847/files/Rexona-Roll-_E2_80_93-on-50-ml-BamboAloe-FW.webp?v=1754296971,منتج ريكسونا رول أون 50 مل، البامبو والألوفيرا، للنساء. من REXONA. التصنيف المرجعي: العناية بالجسم — بسيط. الوسوم المرجعية: Body Care، Deodrant، Roll-on.,https://alfouadpharmacies.com/en/products/rexona-roll-on-50ml-bamboampaloe-fw,AlFouad Pharmacies,Verify usage rights before commercial publication,غير مثبت,غير مثبت,مرجعي فقط — غير معتمد للنشر التجاري,بيانات مرجعية متاحة؛ يلزم تحقق PM,ضمن الفحص المبدئي
10572106891567,rexona-roll-on-50ml-peach-spark-lemongrass,ريكسونا رول أون مزيل عرق 50 مل، نكهة الخوخ والليمون العطري,REXONA,العناية بالجسم,العناية بالجسم,1,بسيط,13117,92,27.6,64.4,,متاح لدى المصدر,https://cdn.shopify.com/s/files/1/0935/9550/0847/files/Rexona-Roll-_E2_80_93-on-50-ml-Peach-Spark-Lemongrass.webp?v=1754296968,منتج ريكسونا رول أون مزيل عرق 50 مل، نكهة الخوخ والليمون العطري من REXONA. التصنيف المرجعي: العناية بالجسم — بسيط. الوسوم المرجعية: Body Care، Deodrant، Roll-on.,https://alfouadpharmacies.com/en/products/rexona-roll-on-50ml-peach-spark-lemongrass,AlFouad Pharmacies,Verify usage rights before commercial publication,غير مثبت,غير مثبت,مرجعي فقط — غير معتمد للنشر التجاري,بيانات مرجعية متاحة؛ يلزم تحقق PM,ضمن الفحص المبدئي
10569920610607,rexona-fw-roll-on-25ml-powder,ريكسونا رول أون مضاد للعرق 25 مل بودرة,REXONA,العناية بالجسم,العناية بالجسم,1,بسيط,109399,40,12,28,,متاح لدى المصدر,https://cdn.shopify.com/s/files/1/0935/9550/0847/files/Rexona-FW-Roll-On-25ML-Powder.webp?v=1754297897,منتج ريكسونا رول أون مضاد للعرق 25 مل بودرة من REXONA. التصنيف المرجعي: العناية بالجسم — بسيط. الوسوم المرجعية: Body Care، Deodrant، Roll-on.,https://alfouadpharmacies.com/en/products/rexona-fw-roll-on-25ml-powder,AlFouad Pharmacies,Verify usage rights before commercial publication,غير مثبت,غير مثبت,مرجعي فقط — غير معتمد للنشر التجاري,بيانات مرجعية متاحة؛ يلزم تحقق PM,ضمن الفحص المبدئي
10569736945967,drargan-body-butter-250ml,زبدة الجسم دكتور ارغان 250 مل,AlFouad Pharmacies,العناية بالجسم,العناية بالجسم,1,بسيط,29172,350,105,245,,غير متاح لدى المصدر,https://cdn.shopify.com/s/files/1/0935/9550/0847/files/DR.ARGAN-Body-Butter-250ML.webp?v=1753905313,منتج زبدة الجسم دكتور ارغان 250 مل من AlFouad Pharmacies. التصنيف المرجعي: العناية بالجسم — بسيط. الوسوم المرجعية: Body Care، Body Concerns، Body Cream، Dry Skin body concerns.,https://alfouadpharmacies.com/en/products/drargan-body-butter-250ml,AlFouad Pharmacies,Verify usage rights before commercial publication,غير مثبت,غير مثبت,مرجعي فقط — غير معتمد للنشر التجاري,بيانات مرجعية متاحة؛ يلزم تحقق PM,ضمن الفحص المبدئي
10569723314479,infinity-naturals-nail-oils-4ml,زيت أظافر إنفينيتي ناتشورالز 4 مل,AlFouad Pharmacies,العناية بالجسم,العناية بالجسم,1,بسيط,13299,155,46.5,108.5,,غير متاح لدى المصدر,https://cdn.shopify.com/s/files/1/0935/9550/0847/files/Infinity-Naturals-Nail-Oils-4ml.webp?v=1754299173,منتج زيت أظافر إنفينيتي ناتشورالز 4 مل من AlFouad Pharmacies. التصنيف المرجعي: العناية بالجسم — بسيط. الوسوم المرجعية: Body Care، Hands & Feet، Nails.,https://alfouadpharmacies.com/en/products/infinity-naturals-nail-oils-4ml,AlFouad Pharmacies,Verify usage rights before commercial publication,غير مثبت,غير مثبت,مرجعي فقط — غير معتمد للنشر التجاري,بيانات مرجعية متاحة؛ يلزم تحقق PM,ضمن الفحص المبدئي
12689757208879,bio-oil-skin-care-oil-200ml,زيت العناية بالبشرة بيو-أويل 200 مل,AlFouad Pharmacies,العناية بالجسم,العناية بالجسم,1,بسيط,82035,999,299.7,699.3,,متاح لدى المصدر,https://cdn.shopify.com/s/files/1/0935/9550/0847/files/Bio-OilSkinCareOil200ml_d9ac1822-6e2e-4cb2-81e9-3e66b5bc7d15.webp?v=1771930849,منتج زيت العناية بالبشرة بيو-أويل 200 مل من AlFouad Pharmacies. التصنيف المرجعي: العناية بالجسم — بسيط. الوسوم المرجعية: Body Care، Body Concerns، Body Oil، Stretch Marks.,https://alfouadpharmacies.com/en/products/bio-oil-skin-care-oil-200ml,AlFouad Pharmacies,Verify usage rights before commercial publication,غير مثبت,غير مثبت,مرجعي فقط — غير معتمد للنشر التجاري,بيانات مرجعية متاحة؛ يلزم تحقق PM,ضمن الفحص المبدئي
12689757241647,bio-oil-skin-care-oil-125ml,زيت بيو-أويل للعناية بالبشرة 125 مل,AlFouad Pharmacies,العناية بالجسم,العناية بالجسم,1,بسيط,98918,699,209.7,489.3,,متاح لدى المصدر,https://cdn.shopify.com/s/files/1/0935/9550/0847/files/Bio-OilSkinCareOil125ML_887a6be9-c0ca-45a2-8280-e9df39a90b8d.webp?v=1771930978,منتج زيت بيو-أويل للعناية بالبشرة 125 مل من AlFouad Pharmacies. التصنيف المرجعي: العناية بالجسم — بسيط. الوسوم المرجعية: Body Care، Body Concerns، Body Oil، Stretch Marks.,https://alfouadpharmacies.com/en/products/bio-oil-skin-care-oil-125ml,AlFouad Pharmacies,Verify usage rights before commercial publication,غير مثبت,غير مثبت,مرجعي فقط — غير معتمد للنشر التجاري,بيانات مرجعية متاحة؛ يلزم تحقق PM,ضمن الفحص المبدئي
12689757176111,bio-oil-skin-care-oil-25ml,زيت بيو-أويل للعناية بالبشرة 25 مل,AlFouad Pharmacies,العناية بالجسم,العناية بالجسم,1,بسيط,98927,225,67.5,157.5,,متاح لدى المصدر,https://cdn.shopify.com/s/files/1/0935/9550/0847/files/Bio-OilSkinCareOil25ml_fd962cdd-2102-448a-9e9c-3f037e5ee236.webp?v=1771930773,منتج زيت بيو-أويل للعناية بالبشرة 25 مل من AlFouad Pharmacies. التصنيف المرجعي: العناية بالجسم — بسيط. الوسوم المرجعية: Body Care، Body Concerns، Body Oil، Stretch Marks.,https://alfouadpharmacies.com/en/products/bio-oil-skin-care-oil-25ml,AlFouad Pharmacies,Verify usage rights before commercial publication,غير مثبت,غير مثبت,مرجعي فقط — غير معتمد للنشر التجاري,بيانات مرجعية متاحة؛ يلزم تحقق PM,ضمن الفحص المبدئي
12689757110575,bio-oil-skin-care-oil-60ml,زيت بيو-أويل للعناية بالبشرة 60 مل,AlFouad Pharmacies,العناية بالجسم,العناية بالجسم,1,بسيط,97015,435,130.5,304.5,,متاح لدى المصدر,https://cdn.shopify.com/s/files/1/0935/9550/0847/files/Bio-OilSkinCareOil60ml.webp?v=1771930688,منتج زيت بيو-أويل للعناية بالبشرة 60 مل من AlFouad Pharmacies. التصنيف المرجعي: العناية بالجسم — بسيط. الوسوم المرجعية: Body Care، Body Concerns، Body Oil، Stretch Marks.,https://alfouadpharmacies.com/en/products/bio-oil-skin-care-oil-60ml,AlFouad Pharmacies,Verify usage rights before commercial publication,غير مثبت,غير مثبت,مرجعي فقط — غير معتمد للنشر التجاري,بيانات مرجعية متاحة؛ يلزم تحقق PM,ضمن الفحص المبدئي
10569724297519,bobai-tanning-oil-200ml,زيت تسمير بوباي 200 مل,Bobai,العناية بالجسم,العناية بالجسم,1,بسيط,97601,150,45,105,,متاح لدى المصدر,https://cdn.shopify.com/s/files/1/0935/9550/0847/files/Bobai-Tanning-Oil-200ml.webp?v=1754299161,منتج زيت تسمير بوباي 200 مل من Bobai. التصنيف المرجعي: العناية بالجسم — بسيط. الوسوم المرجعية: bobai، Body Care، Tanning Oil.,https://alfouadpharmacies.com/en/products/bobai-tanning-oil-200ml,AlFouad Pharmacies,Verify usage rights before commercial publication,غير مثبت,غير مثبت,مرجعي فقط — غير معتمد للنشر التجاري,بيانات مرجعية متاحة؛ يلزم تحقق PM,ضمن الفحص المبدئي
15514114785583,sanosan-mama-anti-stretch-mark-cream-200-ml,سانوسان ماما كريم مضاد لعلامات التمدد – 200 مل,Sanosan,العناية بالجسم,العناية بالجسم,1,,95372,544.9,163.47,381.43,,غير متاح لدى المصدر,https://cdn.shopify.com/s/files/1/0935/9550/0847/files/sanosan_product.webp?v=1777981728,منتج سانوسان ماما كريم مضاد لعلامات التمدد – 200 مل من Sanosan. التصنيف المرجعي: العناية بالجسم. الوسوم المرجعية: Baby Care، Body Care، Moisturizer Cream، Stretch Marks.,https://alfouadpharmacies.com/en/products/sanosan-mama-anti-stretch-mark-cream-200-ml,AlFouad Pharmacies,Verify usage rights before commercial publication,غير مثبت,غير مثبت,مرجعي فقط — غير معتمد للنشر التجاري,بيانات مرجعية متاحة؛ يلزم تحقق PM,ضمن الفحص المبدئي
12689539563823,starville-roll-on-60ml-whitening-red-berry-promoback,ستارفيل رول أون 60 مل مبيض برائحة التوت الأحمر - عرض ترويجي,parkville,العناية بالجسم,العناية بالجسم,1,,11921,225,67.5,157.5,260,متاح لدى المصدر,https://cdn.shopify.com/s/files/1/0935/9550/0847/files/red.webp?v=1771838725,منتج ستارفيل رول أون 60 مل مبيض برائحة التوت الأحمر - عرض ترويجي من parkville. التصنيف المرجعي: العناية بالجسم. الوسوم المرجعية: Body Care، Bundle، Deodrant، Roll-on، starville.,https://alfouadpharmacies.com/en/products/starville-roll-on-60ml-whitening-red-berry-promoback,AlFouad Pharmacies,Verify usage rights before commercial publication,غير مثبت,غير مثبت,مرجعي فقط — غير معتمد للنشر التجاري,بيانات مرجعية متاحة؛ يلزم تحقق PM,ضمن الفحص المبدئي
10569723281711,starville-roll-on-60ml-whitening-off,ستارفيل رول أون 60 مل مزيل عرق تبييض,parkville,العناية بالجسم,العناية بالجسم,1,بسيط,106764,225,67.5,157.5,,متاح لدى المصدر,https://cdn.shopify.com/s/files/1/0935/9550/0847/files/Starville-Roll-On-60-ml-Whitening-off.webp?v=1754299173,منتج ستارفيل رول أون 60 مل مزيل عرق تبييض من parkville. التصنيف المرجعي: العناية بالجسم — بسيط. الوسوم المرجعية: Body Care، Deodrant، starville.,https://alfouadpharmacies.com/en/products/starville-roll-on-60ml-whitening-off,AlFouad Pharmacies,Verify usage rights before commercial publication,غير مثبت,غير مثبت,مرجعي فقط — غير معتمد للنشر التجاري,بيانات مرجعية متاحة؛ يلزم تحقق PM,ضمن الفحص المبدئي
10570012328239,sonata-88102,سوناتا (88102) - مقص عريض,AlFouad Pharmacies,العناية بالجسم,العناية بالجسم,1,بسيط,80225,58,17.4,40.6,,غير متاح لدى المصدر,https://cdn.shopify.com/s/files/1/0935/9550/0847/files/Sonata-88102-_D9_85_D9_81_D8_B5-_D8_B9_D8_B1_D9_8A_D8_B6.webp?v=1754297045,منتج سوناتا (88102) - مقص عريض من AlFouad Pharmacies. التصنيف المرجعي: العناية بالجسم — بسيط. الوسوم المرجعية: Accessories، Beauty & Accessories، Body Care، Hands & Feet، Nails، Scissors.,https://alfouadpharmacies.com/en/products/sonata-88102,AlFouad Pharmacies,Verify usage rights before commercial publication,غير مثبت,غير مثبت,مرجعي فقط — غير معتمد للنشر التجاري,بيانات مرجعية متاحة؛ يلزم تحقق PM,ضمن الفحص المبدئي
10570012393775,sonata-88103,سوناتا (88103) - مقص رفيع,AlFouad Pharmacies,العناية بالجسم,العناية بالجسم,1,بسيط,85898,58,17.4,40.6,,غير متاح لدى المصدر,https://cdn.shopify.com/s/files/1/0935/9550/0847/files/Sonata-88103-_D9_85_D9_81_D8_B5-_D8_B1_D9_81_D9_8A_D8_B9.webp?v=1754297045,منتج سوناتا (88103) - مقص رفيع من AlFouad Pharmacies. التصنيف المرجعي: العناية بالجسم — بسيط. الوسوم المرجعية: Accessories، Beauty & Accessories، Body Care، Hands & Feet، Nails، Scissors.,https://alfouadpharmacies.com/en/products/sonata-88103,AlFouad Pharmacies,Verify usage rights before commercial publication,غير مثبت,غير مثبت,مرجعي فقط — غير معتمد للنشر التجاري,بيانات مرجعية متاحة؛ يلزم تحقق PM,ضمن الفحص المبدئي
10570012229935,sonata-88266,سوناتا (88266) - صنفرة قدم خشبية ذات وجهين,AlFouad Pharmacies,العناية بالجسم,العناية بالجسم,1,بسيط,15644,220,66,154,,غير متاح لدى المصدر,https://cdn.shopify.com/s/files/1/0935/9550/0847/files/Sonata-88266-_D8_B5_D9_86_D9_81_D8_B1_D9_87-_D9_82_D8_AF_D9_85-_D8_AE_D8_B4_D8_A8-_D9_88_D8_AC_D9_87_D8_A7_D9_86.webp?v=1754297046,منتج سوناتا (88266) - صنفرة قدم خشبية ذات وجهين من AlFouad Pharmacies. التصنيف المرجعي: العناية بالجسم — بسيط. الوسوم المرجعية: Accessories، Beauty & Accessories، Body Care، Files، Foot، Hands & Feet.,https://alfouadpharmacies.com/en/products/sonata-88266,AlFouad Pharmacies,Verify usage rights before commercial publication,غير مثبت,غير مثبت,مرجعي فقط — غير معتمد للنشر التجاري,بيانات مرجعية متاحة؛ يلزم تحقق PM,ضمن الفحص المبدئي
10570012262703,sonata-88267,سوناتا (88267) فاصل أصابع القدم,AlFouad Pharmacies,العناية بالجسم,العناية بالجسم,1,بسيط,111605,40,12,28,,متاح لدى المصدر,https://cdn.shopify.com/s/files/1/0935/9550/0847/files/Sonata-88267-_D9_81_D9_88_D8_A7_D8_B5_D9_84-_D8_A7_D8_B5_D8_A7_D8_A8_D8_B9-_D9_82_D8_AF_D9_85.webp?v=1754297046,منتج سوناتا (88267) فاصل أصابع القدم من AlFouad Pharmacies. التصنيف المرجعي: العناية بالجسم — بسيط. الوسوم المرجعية: Accessories، Beauty & Accessories، Body Care، Foot، Hands & Feet.,https://alfouadpharmacies.com/en/products/sonata-88267,AlFouad Pharmacies,Verify usage rights before commercial publication,غير مثبت,غير مثبت,مرجعي فقط — غير معتمد للنشر التجاري,بيانات مرجعية متاحة؛ يلزم تحقق PM,ضمن الفحص المبدئي
10570011967791,sonata-88304,سوناتا (88304) - مبرد + شوكة إزالة الجلد,AlFouad Pharmacies,العناية بالجسم,العناية بالجسم,1,بسيط,30882,98,29.4,68.6,,متاح لدى المصدر,https://cdn.shopify.com/s/files/1/0935/9550/0847/files/Sonata-88304-_D9_85_D8_A8_D8_B1_D8_AF_D8_B4_D9_88_D9_83_D9_87-_D9_86_D8_B2_D8_B9-_D8_AC_D9_84_D8_AF.webp?v=1754297049,منتج سوناتا (88304) - مبرد + شوكة إزالة الجلد من AlFouad Pharmacies. التصنيف المرجعي: العناية بالجسم — بسيط. الوسوم المرجعية: Accessories، Beauty & Accessories، Body Care، Files، Hands & Feet، Nails.,https://alfouadpharmacies.com/en/products/sonata-88304,AlFouad Pharmacies,Verify usage rights before commercial publication,غير مثبت,غير مثبت,مرجعي فقط — غير معتمد للنشر التجاري,بيانات مرجعية متاحة؛ يلزم تحقق PM,ضمن الفحص المبدئي
10570012066095,sonata-88306-2x1,سوناتا (88306) 2X1 شوكة إزالة الجلد,AlFouad Pharmacies,العناية بالجسم,العناية بالجسم,1,بسيط,107344,40,12,28,,غير متاح لدى المصدر,https://cdn.shopify.com/s/files/1/0935/9550/0847/files/Sonata-88306-2X1-_D8_B4_D9_88_D9_83_D8_A9-_D9_86_D8_B2_D8_B9-_D8_AC_D9_84_D8_AF.webp?v=1754297048,منتج سوناتا (88306) 2X1 شوكة إزالة الجلد من AlFouad Pharmacies. التصنيف المرجعي: العناية بالجسم — بسيط. الوسوم المرجعية: Accessories، Beauty & Accessories، Body Care، Files، Hands & Feet، Nails.,https://alfouadpharmacies.com/en/products/sonata-88306-2x1,AlFouad Pharmacies,Verify usage rights before commercial publication,غير مثبت,غير مثبت,مرجعي فقط — غير معتمد للنشر التجاري,بيانات مرجعية متاحة؛ يلزم تحقق PM,ضمن الفحص المبدئي
10570012098863,sonata-88307-61,سوناتا (88307) - مبرد 61,AlFouad Pharmacies,العناية بالجسم,العناية بالجسم,1,بسيط,8621,120,36,84,,متاح لدى المصدر,https://cdn.shopify.com/s/files/1/0935/9550/0847/files/Sonata-88307-_D9_85_D8_A8_D8_B1_D8_AF-61.webp?v=1754297048,منتج سوناتا (88307) - مبرد 61 من AlFouad Pharmacies. التصنيف المرجعي: العناية بالجسم — بسيط. الوسوم المرجعية: Accessories، Beauty & Accessories، Body Care، Files، Hands & Feet، Nails.,https://alfouadpharmacies.com/en/products/sonata-88307-61,AlFouad Pharmacies,Verify usage rights before commercial publication,غير مثبت,غير مثبت,مرجعي فقط — غير معتمد للنشر التجاري,بيانات مرجعية متاحة؛ يلزم تحقق PM,ضمن الفحص المبدئي
10570011935023,sonata-88311,سوناتا (88311) - طقم مبرد خشب,AlFouad Pharmacies,العناية بالجسم,العناية بالجسم,1,بسيط,10532,45,13.5,31.5,,متاح لدى المصدر,https://cdn.shopify.com/s/files/1/0935/9550/0847/files/Sonata-88311-_D8_B7_D9_82_D9_85-_D9_85_D8_A8_D8_B1_D8_AF-_D8_AE_D8_B4_D8_A8.webp?v=1754297050,منتج سوناتا (88311) - طقم مبرد خشب من AlFouad Pharmacies. التصنيف المرجعي: العناية بالجسم — بسيط. الوسوم المرجعية: Accessories، Beauty & Accessories، Body Care، Files، Hands & Feet، Nails.,https://alfouadpharmacies.com/en/products/sonata-88311,AlFouad Pharmacies,Verify usage rights before commercial publication,غير مثبت,غير مثبت,مرجعي فقط — غير معتمد للنشر التجاري,بيانات مرجعية متاحة؛ يلزم تحقق PM,ضمن الفحص المبدئي
16030591451439,cerave-sunscreen-body-hydrating-spf50-177ml,سيرافي واقي شمس مرطب غير مرئي SPF 50 للوجه والجسم,cerave,العناية بالجسم,العناية بالجسم | العناية بالأطفال,2,واقي شمس للوجه و الجسم ,116845,1100,330,770,,متاح لدى المصدر,https://cdn.shopify.com/s/files/1/0935/9550/0847/files/Group1_55.webp?v=1781951653,منتج سيرافي واقي شمس مرطب غير مرئي SPF 50 للوجه والجسم من cerave. التصنيف المرجعي: العناية بالجسم — واقي شمس للوجه و الجسم . الوسوم المرجعية: Body Care، cerave، Kids Sunscreen، Sun Care، sun screen lotion، sunblock، Sunscreen، Sunscreen Lotion.,https://alfouadpharmacies.com/en/products/cerave-sunscreen-body-hydrating-spf50-177ml,AlFouad Pharmacies,Verify usage rights before commercial publication,غير مثبت,غير مثبت,مرجعي فقط — غير معتمد للنشر التجاري,بيانات مرجعية متاحة؛ يلزم تحقق PM,ضمن الفحص المبدئي
16137946890543,سيروم-الجسم-إيفا-سينسز-سامر-تويست-150-مل,سيروم الجسم إيفا سينسز سامر تويست 150 مل,Eva Senses,العناية بالجسم,العناية بالجسم,1,سيروم الجسم ,115845,170,51,119,,متاح لدى المصدر,https://cdn.shopify.com/s/files/1/0935/9550/0847/files/eva_senses_summer_twist_body_serum_1615x1615_ffe4440d-7550-45f9-b0f4-203419ed0e51.webp?v=1787480945,منتج سيروم الجسم إيفا سينسز سامر تويست 150 مل من Eva Senses. التصنيف المرجعي: العناية بالجسم — سيروم الجسم . الوسوم المرجعية: Body Care، Body Concerns، Body Serum.,https://alfouadpharmacies.com/en/products/سيروم-الجسم-إيفا-سينسز-سامر-تويست-150-مل,AlFouad Pharmacies,Verify usage rights before commercial publication,غير مثبت,غير مثبت,مرجعي فقط — غير معتمد للنشر التجاري,بيانات مرجعية متاحة؛ يلزم تحقق PM,ضمن الفحص المبدئي
16137942073647,سيروم-الجسم-إيفا-سينسز-سبرينج-ليليز-150-مل,سيروم الجسم إيفا سينسز سبرينج ليليز 150 مل,Eva Senses,العناية بالجسم,العناية بالجسم,1,سيروم الجسم,115846,170,51,119,,متاح لدى المصدر,https://cdn.shopify.com/s/files/1/0935/9550/0847/files/eva_senses_spring_lilies_body_serum_1615x1615_99abc741-3c0d-41dc-a883-b0183601d409.webp?v=1787480197,منتج سيروم الجسم إيفا سينسز سبرينج ليليز 150 مل من Eva Senses. التصنيف المرجعي: العناية بالجسم — سيروم الجسم. الوسوم المرجعية: Body Care، Body Concerns، Body Serum.,https://alfouadpharmacies.com/en/products/سيروم-الجسم-إيفا-سينسز-سبرينج-ليليز-150-مل,AlFouad Pharmacies,Verify usage rights before commercial publication,غير مثبت,غير مثبت,مرجعي فقط — غير معتمد للنشر التجاري,بيانات مرجعية متاحة؛ يلزم تحقق PM,ضمن الفحص المبدئي
16137927328047,سيروم-الجسم-إيفا-سينسز-مورنينج-بلوسوم-150-مل,سيروم الجسم إيفا سينسز مورنينج بلوسوم 150 مل,Eva Senses,العناية بالجسم,العناية بالجسم,1,سيروم الجسم,115847,170,51,119,,متاح لدى المصدر,https://cdn.shopify.com/s/files/1/0935/9550/0847/files/eva_senses_morning_blossom_body_serum_1615x1615_382fc8cd-3d16-4a28-9a69-a9be156e3f5c.webp?v=1787477673,منتج سيروم الجسم إيفا سينسز مورنينج بلوسوم 150 مل من Eva Senses. التصنيف المرجعي: العناية بالجسم — سيروم الجسم. الوسوم المرجعية: Body Care، Body Concerns، Body Serum.,https://alfouadpharmacies.com/en/products/سيروم-الجسم-إيفا-سينسز-مورنينج-بلوسوم-150-مل,AlFouad Pharmacies,Verify usage rights before commercial publication,غير مثبت,غير مثبت,مرجعي فقط — غير معتمد للنشر التجاري,بيانات مرجعية متاحة؛ يلزم تحقق PM,ضمن الفحص المبدئي
16112413409583,shaan-body-wash-480ml-vanilla-coconut,شاور جل وغسول الجسم شان بالفانيليا وجوز الهند 480 مل,shaan,العناية بالجسم,العناية بالجسم,1,Body Wash,114788,260,78,182,,متاح لدى المصدر,https://cdn.shopify.com/s/files/1/0935/9550/0847/files/shaan_body_wash_vanilla_coconut_1615.webp?v=1785929970,منتج شاور جل وغسول الجسم شان بالفانيليا وجوز الهند 480 مل من shaan. التصنيف المرجعي: العناية بالجسم — Body Wash. الوسوم المرجعية: Body Care، Body Lotion، Body Milk، Body Wash.,https://alfouadpharmacies.com/en/products/shaan-body-wash-480ml-vanilla-coconut,AlFouad Pharmacies,Verify usage rights before commercial publication,غير مثبت,غير مثبت,مرجعي فقط — غير معتمد للنشر التجاري,بيانات مرجعية متاحة؛ يلزم تحقق PM,ضمن الفحص المبدئي
16112419537199,شاور-جل-وغسول-الجسم-شان-برائحة-زهور-التوليب-والورد-480-مل,شاور جل وغسول الجسم شان برائحة زهور التوليب والورد 480 مل,shaan,العناية بالجسم,العناية بالجسم,1,غسول الجسم ,114667,260,78,182,,متاح لدى المصدر,https://cdn.shopify.com/s/files/1/0935/9550/0847/files/shaan_body_wash_tulip_rose_1615.webp?v=1785930639,منتج شاور جل وغسول الجسم شان برائحة زهور التوليب والورد 480 مل من shaan. التصنيف المرجعي: العناية بالجسم — غسول الجسم . الوسوم المرجعية: Body Wash.,https://alfouadpharmacies.com/en/products/شاور-جل-وغسول-الجسم-شان-برائحة-زهور-التوليب-والورد-480-مل,AlFouad Pharmacies,Verify usage rights before commercial publication,غير مثبت,غير مثبت,مرجعي فقط — غير معتمد للنشر التجاري,بيانات مرجعية متاحة؛ يلزم تحقق PM,ضمن الفحص المبدئي
10569998762287,gillette-skinguard-8-blades,شفرات جليت سكينيغارد 8,AlFouad Pharmacies,العناية بالجسم,العناية بالجسم,1,بسيط,92239,1001,300.3,700.7,,غير متاح لدى المصدر,https://cdn.shopify.com/s/files/1/0935/9550/0847/files/Gtt-Skin-Gard-8-0215-_D9_85_D9_88_D8_B3.webp?v=1754297139,منتج شفرات جليت سكينيغارد 8 من AlFouad Pharmacies. التصنيف المرجعي: العناية بالجسم — بسيط. الوسوم المرجعية: Body Care، Hair Removal، Men Care، Razor Refills (Blades).,https://alfouadpharmacies.com/en/products/gillette-skinguard-8-blades,AlFouad Pharmacies,Verify usage rights before commercial publication,غير مثبت,غير مثبت,مرجعي فقط — غير معتمد للنشر التجاري,بيانات مرجعية متاحة؛ يلزم تحقق PM,ضمن الفحص المبدئي
10569994633519,gillete-mach3-turbo-3d-2-blades,شفرات حلاقة جليت MACH.3 Turbo 3D (ذات شفرتين),AlFouad Pharmacies,العناية بالجسم,العناية بالجسم,1,بسيط,85858,310,93,217,,متاح لدى المصدر,https://cdn.shopify.com/s/files/1/0935/9550/0847/files/Gtt-MACH.3-Turbo-3D-2-Blades-6032-_D8_A7_D9_85_D9_88_D8_A7_D8_B3.webp?v=1754297169,منتج شفرات حلاقة جليت MACH.3 Turbo 3D (ذات شفرتين) من AlFouad Pharmacies. التصنيف المرجعي: العناية بالجسم — بسيط. الوسوم المرجعية: Body Care، Hair Removal، Men Care، Razor Refills (Blades).,https://alfouadpharmacies.com/en/products/gillete-mach3-turbo-3d-2-blades,AlFouad Pharmacies,Verify usage rights before commercial publication,غير مثبت,غير مثبت,مرجعي فقط — غير معتمد للنشر التجاري,بيانات مرجعية متاحة؛ يلزم تحقق PM,ضمن الفحص المبدئي
10569997680943,gillete-venus-olay-comfortglide-4-blades,شفرات حلاقة جليت فينس أولاي كومفورت جلايد (4 شفرات),AlFouad Pharmacies,العناية بالجسم,العناية بالجسم,1,بسيط,94483,855,256.5,598.5,,متاح لدى المصدر,https://cdn.shopify.com/s/files/1/0935/9550/0847/files/Gtt-Venus-Olay-Comfortglide-4-Blades-907-_D8_A7_D9_85_D9_88_D8_A7_D8_B3.webp?v=1754297143,منتج شفرات حلاقة جليت فينس أولاي كومفورت جلايد (4 شفرات) من AlFouad Pharmacies. التصنيف المرجعي: العناية بالجسم — بسيط. الوسوم المرجعية: Body Care، Hair Removal، Razor Refills (Blades).,https://alfouadpharmacies.com/en/products/gillete-venus-olay-comfortglide-4-blades,AlFouad Pharmacies,Verify usage rights before commercial publication,غير مثبت,غير مثبت,مرجعي فقط — غير معتمد للنشر التجاري,بيانات مرجعية متاحة؛ يلزم تحقق PM,ضمن الفحص المبدئي
10569994731823,gillete-neck-razor-blades-3-blades,شفرات حلاقة جليت للرقبة (3 شفرات),AlFouad Pharmacies,العناية بالجسم,العناية بالجسم,1,بسيط,,312,93.6,218.4,,غير متاح لدى المصدر,https://cdn.shopify.com/s/files/1/0935/9550/0847/files/Gtt-Neck-Razor-Blades-3-Blades-646.webp?v=1754297167,منتج شفرات حلاقة جليت للرقبة (3 شفرات) من AlFouad Pharmacies. التصنيف المرجعي: العناية بالجسم — بسيط. الوسوم المرجعية: Body Care، Hair Removal، Men Care، Razor Refills (Blades).,https://alfouadpharmacies.com/en/products/gillete-neck-razor-blades-3-blades,AlFouad Pharmacies,Verify usage rights before commercial publication,غير مثبت,غير مثبت,مرجعي فقط — غير معتمد للنشر التجاري,بيانات مرجعية متاحة؛ يلزم تحقق PM,ضمن الفحص المبدئي
10569995714863,gillete-venus-sensitive-smooth-4pcs,شفرات حلاقة جيليت فينس سنسيتيف سموث 4 قطع,AlFouad Pharmacies,العناية بالجسم,العناية بالجسم,1,بسيط,109220,576,172.8,403.2,,متاح لدى المصدر,https://cdn.shopify.com/s/files/1/0935/9550/0847/files/Gillete-Venus-Sensitive-Smooth-4PCS-_D8_A7_D9_85_D9_88_D8_A7_D8_B3.webp?v=1754297151,منتج شفرات حلاقة جيليت فينس سنسيتيف سموث 4 قطع من AlFouad Pharmacies. التصنيف المرجعي: العناية بالجسم — بسيط. الوسوم المرجعية: Body Care، Hair Removal، Razor Refills (Blades).,https://alfouadpharmacies.com/en/products/gillete-venus-sensitive-smooth-4pcs,AlFouad Pharmacies,Verify usage rights before commercial publication,غير مثبت,غير مثبت,مرجعي فقط — غير معتمد للنشر التجاري,بيانات مرجعية متاحة؛ يلزم تحقق PM,ضمن الفحص المبدئي
12689600315695,gtt-venus-women-razor,شفرة حلاقة فينوس للسيدات من جي تي تي,GTT,العناية بالجسم,العناية بالجسم,1,شفرة حلاقة للسيدات,15013,24,7.2,16.8,,متاح لدى المصدر,https://cdn.shopify.com/s/files/1/0935/9550/0847/files/razor_1615.webp?v=1772968243,منتج شفرة حلاقة فينوس للسيدات من جي تي تي من GTT. التصنيف المرجعي: العناية بالجسم — شفرة حلاقة للسيدات. الوسوم المرجعية: Body Care، Hair Removal، Razor Handel.,https://alfouadpharmacies.com/en/products/gtt-venus-women-razor,AlFouad Pharmacies,Verify usage rights before commercial publication,غير مثبت,غير مثبت,مرجعي فقط — غير معتمد للنشر التجاري,بيانات مرجعية متاحة؛ يلزم تحقق PM,ضمن الفحص المبدئي
10569723183407,raw-african-deodrant-baby-powder-wax-75gm,شمع بودرة الأطفال الأفريقية الخام مزيل للعرق 75 جرام,RAW AFRICAN,العناية بالجسم,العناية بالجسم,1,بسيط,110526,199,59.7,139.3,,متاح لدى المصدر,https://cdn.shopify.com/s/files/1/0935/9550/0847/files/Raw-African-Deodrant-Baby-Powder-Wax-75gm.webp?v=1754299175,منتج شمع بودرة الأطفال الأفريقية الخام مزيل للعرق 75 جرام من RAW AFRICAN. التصنيف المرجعي: العناية بالجسم — بسيط. الوسوم المرجعية: Body Care، Deodrant.,https://alfouadpharmacies.com/en/products/raw-african-deodrant-baby-powder-wax-75gm,AlFouad Pharmacies,Verify usage rights before commercial publication,غير مثبت,غير مثبت,مرجعي فقط — غير معتمد للنشر التجاري,بيانات مرجعية متاحة؛ يلزم تحقق PM,ضمن الفحص المبدئي
10569835512111,veet-wax-20pcs-face-blue,شمع فيت لإزالة الشعر 20 قطعة. للوجه (أزرق),Veet,العناية بالجسم,العناية بالجسم,1,بسيط,92098,128,38.4,89.6,,متاح لدى المصدر,https://cdn.shopify.com/s/files/1/0935/9550/0847/files/Veet-Wax-20PCS.-Face-Blue.webp?v=1754298556,منتج شمع فيت لإزالة الشعر 20 قطعة. للوجه (أزرق) من Veet. التصنيف المرجعي: العناية بالجسم — بسيط. الوسوم المرجعية: Body Care، Hair Removal.,https://alfouadpharmacies.com/en/products/veet-wax-20pcs-face-blue,AlFouad Pharmacies,Verify usage rights before commercial publication,غير مثبت,غير مثبت,مرجعي فقط — غير معتمد للنشر التجاري,بيانات مرجعية متاحة؛ يلزم تحقق PM,ضمن الفحص المبدئي
10569835413807,veet-wax-12-pcs-sensitive-skin,شمع فيت لإزالة الشعر، 12 قطعة، للبشرة الحساسة,Veet,العناية بالجسم,العناية بالجسم,1,بسيط,104519,128,38.4,89.6,,متاح لدى المصدر,https://cdn.shopify.com/s/files/1/0935/9550/0847/files/Veet-Wax-12-Pcs.-Sensitive-Skin.webp?v=1754298556,منتج شمع فيت لإزالة الشعر، 12 قطعة، للبشرة الحساسة من Veet. التصنيف المرجعي: العناية بالجسم — بسيط. الوسوم المرجعية: Body Care، Hair Removal.,https://alfouadpharmacies.com/en/products/veet-wax-12-pcs-sensitive-skin,AlFouad Pharmacies,Verify usage rights before commercial publication,غير مثبت,غير مثبت,مرجعي فقط — غير معتمد للنشر التجاري,بيانات مرجعية متاحة؛ يلزم تحقق PM,ضمن الفحص المبدئي
10569723117871,raw-african-deodrant-white-musk-wax-75gm,شمع مزيل عرق أفريقي خام، مسك أبيض، 75 جرام,RAW AFRICAN,العناية بالجسم,العناية بالجسم,1,بسيط,111291,199,59.7,139.3,,متاح لدى المصدر,https://cdn.shopify.com/s/files/1/0935/9550/0847/files/Raw-African-Deodrant-White-Musk-Wax-75gm.webp?v=1754299176,منتج شمع مزيل عرق أفريقي خام، مسك أبيض، 75 جرام من RAW AFRICAN. التصنيف المرجعي: العناية بالجسم — بسيط. الوسوم المرجعية: Body Care، Deodrant.,https://alfouadpharmacies.com/en/products/raw-african-deodrant-white-musk-wax-75gm,AlFouad Pharmacies,Verify usage rights before commercial publication,غير مثبت,غير مثبت,مرجعي فقط — غير معتمد للنشر التجاري,بيانات مرجعية متاحة؛ يلزم تحقق PM,ضمن الفحص المبدئي
10569723609391,raw-african-deodrant-rose-wax-75gm,شمع مزيل عرق الورد الخام الأفريقي 75 جرام,RAW AFRICAN,العناية بالجسم,العناية بالجسم,1,بسيط,98977,199,59.7,139.3,,متاح لدى المصدر,https://cdn.shopify.com/s/files/1/0935/9550/0847/files/Raw-African-Deodrant-Rose-Wax-75gm.webp?v=1754299169,منتج شمع مزيل عرق الورد الخام الأفريقي 75 جرام من RAW AFRICAN. التصنيف المرجعي: العناية بالجسم — بسيط. الوسوم المرجعية: Body Care، Deodrant.,https://alfouadpharmacies.com/en/products/raw-african-deodrant-rose-wax-75gm,AlFouad Pharmacies,Verify usage rights before commercial publication,غير مثبت,غير مثبت,مرجعي فقط — غير معتمد للنشر التجاري,بيانات مرجعية متاحة؛ يلزم تحقق PM,ضمن الفحص المبدئي
10569863627055,moroccan-oil-bath-soap-jasmine-250ml,صابون حمام بزيت الأرجان المغربي بالياسمين 250 مل,AlFouad Pharmacies,العناية بالجسم,العناية بالجسم,1,بسيط,94856,260,78,182,,متاح لدى المصدر,https://cdn.shopify.com/s/files/1/0935/9550/0847/files/Moroccan-Oil-Bath-Soap-Jasmine-250ML.webp?v=1754298308,منتج صابون حمام بزيت الأرجان المغربي بالياسمين 250 مل من AlFouad Pharmacies. التصنيف المرجعي: العناية بالجسم — بسيط. الوسوم المرجعية: Body Care، Body Wash.,https://alfouadpharmacies.com/en/products/moroccan-oil-bath-soap-jasmine-250ml,AlFouad Pharmacies,Verify usage rights before commercial publication,غير مثبت,غير مثبت,مرجعي فقط — غير معتمد للنشر التجاري,بيانات مرجعية متاحة؛ يلزم تحقق PM,ضمن الفحص المبدئي
10569863692591,moroccan-oil-bath-soap-oud-250ml,صابون حمام زيت العود المغربي 250 مل,AlFouad Pharmacies,العناية بالجسم,العناية بالجسم,1,بسيط,9329,260,78,182,,متاح لدى المصدر,https://cdn.shopify.com/s/files/1/0935/9550/0847/files/Moroccan-Oil-Bath-Soap-Oud-250ML.webp?v=1754298308,منتج صابون حمام زيت العود المغربي 250 مل من AlFouad Pharmacies. التصنيف المرجعي: العناية بالجسم — بسيط. الوسوم المرجعية: Body Care، Body Wash.,https://alfouadpharmacies.com/en/products/moroccan-oil-bath-soap-oud-250ml,AlFouad Pharmacies,Verify usage rights before commercial publication,غير مثبت,غير مثبت,مرجعي فقط — غير معتمد للنشر التجاري,بيانات مرجعية متاحة؛ يلزم تحقق PM,ضمن الفحص المبدئي
12689702551855,dove-soap-100-gm-beauty,صابون دوف 100 غرام بيوتي أبيض,Dove,العناية بالجسم,العناية بالجسم,1,صابونة للبشرة,85470,51,15.3,35.7,,متاح لدى المصدر,https://cdn.shopify.com/s/files/1/0935/9550/0847/files/dove_original_beauty_bar_1615x1615_3646469a-3ff0-4e60-9556-bb7e778c260c.webp?v=1773150342,منتج صابون دوف 100 غرام بيوتي أبيض من Dove. التصنيف المرجعي: العناية بالجسم — صابونة للبشرة. الوسوم المرجعية: Body Care، Body Wash.,https://alfouadpharmacies.com/en/products/dove-soap-100-gm-beauty,AlFouad Pharmacies,Verify usage rights before commercial publication,غير مثبت,غير مثبت,مرجعي فقط — غير معتمد للنشر التجاري,بيانات مرجعية متاحة؛ يلزم تحقق PM,ضمن الفحص المبدئي
10569858023727,dove-soap-100-gm-pomegranateamplemon,صابون دوف 100 غرام رمان وليمون,Dove,العناية بالجسم,العناية بالجسم,1,بسيط,14978,47,14.1,32.9,,متاح لدى المصدر,https://cdn.shopify.com/s/files/1/0935/9550/0847/files/Dove-Soap-100-GM-PomegranateLemon.webp?v=1754298360,منتج صابون دوف 100 غرام رمان وليمون من Dove. التصنيف المرجعي: العناية بالجسم — بسيط. الوسوم المرجعية: Body Care، Body Wash.,https://alfouadpharmacies.com/en/products/dove-soap-100-gm-pomegranateamplemon,AlFouad Pharmacies,Verify usage rights before commercial publication,غير مثبت,غير مثبت,مرجعي فقط — غير معتمد للنشر التجاري,بيانات مرجعية متاحة؛ يلزم تحقق PM,ضمن الفحص المبدئي
10569858089263,dove-soap-100-gm-sheaampvanilla,صابون دوف 100 غرام زبدة الشيا والفانيليا,Dove,العناية بالجسم,العناية بالجسم,1,بسيط,14982,40,12,28,,غير متاح لدى المصدر,https://cdn.shopify.com/s/files/1/0935/9550/0847/files/Dove-Soap-100-GM-SheaVanilla.webp?v=1754298358,منتج صابون دوف 100 غرام زبدة الشيا والفانيليا من Dove. التصنيف المرجعي: العناية بالجسم — بسيط. الوسوم المرجعية: Body Care، Body Wash.,https://alfouadpharmacies.com/en/products/dove-soap-100-gm-sheaampvanilla,AlFouad Pharmacies,Verify usage rights before commercial publication,غير مثبت,غير مثبت,مرجعي فقط — غير معتمد للنشر التجاري,بيانات مرجعية متاحة؛ يلزم تحقق PM,ضمن الفحص المبدئي
10569857827119,dove-soap-100-gm-pink,صابون دوف 100 غرام وردي,Dove,العناية بالجسم,العناية بالجسم,1,بسيط,30164,47,14.1,32.9,,متاح لدى المصدر,https://cdn.shopify.com/s/files/1/0935/9550/0847/files/Dove-Soap-100-GM-Pink.webp?v=1754298362,منتج صابون دوف 100 غرام وردي من Dove. التصنيف المرجعي: العناية بالجسم — بسيط. الوسوم المرجعية: Body Care، Body Wash.,https://alfouadpharmacies.com/en/products/dove-soap-100-gm-pink,AlFouad Pharmacies,Verify usage rights before commercial publication,غير مثبت,غير مثبت,مرجعي فقط — غير معتمد للنشر التجاري,بيانات مرجعية متاحة؛ يلزم تحقق PM,ضمن الفحص المبدئي
10569857696047,dove-soap-100-gm-lavanderampchamomile,صابون دوف 100 غرام، رائحة الخزامى والبابونج,Dove,العناية بالجسم,العناية بالجسم,1,بسيط,14988,47,14.1,32.9,,متاح لدى المصدر,https://cdn.shopify.com/s/files/1/0935/9550/0847/files/Dove-Soap-100-GM-LavanderChamomile.webp?v=1754298364,منتج صابون دوف 100 غرام، رائحة الخزامى والبابونج من Dove. التصنيف المرجعي: العناية بالجسم — بسيط. الوسوم المرجعية: Body Care، Body Wash.,https://alfouadpharmacies.com/en/products/dove-soap-100-gm-lavanderampchamomile,AlFouad Pharmacies,Verify usage rights before commercial publication,غير مثبت,غير مثبت,مرجعي فقط — غير معتمد للنشر التجاري,بيانات مرجعية متاحة؛ يلزم تحقق PM,ضمن الفحص المبدئي
10569834889519,lux-soap-125gm-collection-offer-4pcs,صابون لاكس 125 جم، عرض خاص، 4 قطع.,AlFouad Pharmacies,العناية بالجسم,العناية بالجسم,1,بسيط,106087,68,20.4,47.6,,غير متاح لدى المصدر,https://cdn.shopify.com/s/files/1/0935/9550/0847/files/Lux.-Soap-125GM-Collection-Ofeer-4PCS_11zon.webp?v=1790502851,منتج صابون لاكس 125 جم، عرض خاص، 4 قطع. من AlFouad Pharmacies. التصنيف المرجعي: العناية بالجسم — بسيط. الوسوم المرجعية: Body Care، Body Wash.,https://alfouadpharmacies.com/en/products/lux-soap-125gm-collection-offer-4pcs,AlFouad Pharmacies,Verify usage rights before commercial publication,غير مثبت,غير مثبت,مرجعي فقط — غير معتمد للنشر التجاري,بيانات مرجعية متاحة؛ يلزم تحقق PM,ضمن الفحص المبدئي
10569835118895,lux-soap-175gm-collection-offer-4x-box,صابون لاكس 175 جرام، عرض خاص، 4 علب.,AlFouad Pharmacies,العناية بالجسم,العناية بالجسم,1,بسيط,13485,96,28.8,67.2,,غير متاح لدى المصدر,https://cdn.shopify.com/s/files/1/0935/9550/0847/files/Lux.-Soap-175GM-Collection-Ofeer-4XBOX.webp?v=1754298558,منتج صابون لاكس 175 جرام، عرض خاص، 4 علب. من AlFouad Pharmacies. التصنيف المرجعي: العناية بالجسم — بسيط. الوسوم المرجعية: Body Care، Body Wash.,https://alfouadpharmacies.com/en/products/lux-soap-175gm-collection-offer-4x-box,AlFouad Pharmacies,Verify usage rights before commercial publication,غير مثبت,غير مثبت,مرجعي فقط — غير معتمد للنشر التجاري,بيانات مرجعية متاحة؛ يلزم تحقق PM,ضمن الفحص المبدئي
10569863725359,moroccan-oil-bath-soap-walnut-casca-250ml,صابون مغربي بزيت الأرجان مع مقشر الجوز 250 مل,AlFouad Pharmacies,العناية بالجسم,العناية بالجسم,1,بسيط,109230,260,78,182,,متاح لدى المصدر,https://cdn.shopify.com/s/files/1/0935/9550/0847/files/Moroccan-Oil-Bath-Soap-Walnut-Casca-250ML.webp?v=1754298307,منتج صابون مغربي بزيت الأرجان مع مقشر الجوز 250 مل من AlFouad Pharmacies. التصنيف المرجعي: العناية بالجسم — بسيط. الوسوم المرجعية: Body Care، Body Wash.,https://alfouadpharmacies.com/en/products/moroccan-oil-bath-soap-walnut-casca-250ml,AlFouad Pharmacies,Verify usage rights before commercial publication,غير مثبت,غير مثبت,مرجعي فقط — غير معتمد للنشر التجاري,بيانات مرجعية متاحة؛ يلزم تحقق PM,ضمن الفحص المبدئي
10569856123183,dove-hand-washampcream-invigo-ritual-offer,عرض Dove Hand Wash&amp;Cream Invigo Ritual,Dove off,العناية بالجسم,العناية بالجسم,1,بسيط,9498,130,39,91,,غير متاح لدى المصدر,https://cdn.shopify.com/s/files/1/0935/9550/0847/files/Dove-Hand-WashCream-Invigo-Ritual-Offer.webp?v=1754298382,منتج عرض Dove Hand Wash&amp;Cream Invigo Ritual من Dove off. التصنيف المرجعي: العناية بالجسم — بسيط. الوسوم المرجعية: Body Care، Hand Wash.,https://alfouadpharmacies.com/en/products/dove-hand-washampcream-invigo-ritual-offer,AlFouad Pharmacies,Verify usage rights before commercial publication,غير مثبت,غير مثبت,مرجعي فقط — غير معتمد للنشر التجاري,بيانات مرجعية متاحة؛ يلزم تحقق PM,ضمن الفحص المبدئي
10569841049903,camay-shower-gel-1liter-strawberry-offer,عرض جل الاستحمام كامي 1 لتر بنكهة الفراولة,AlFouad Pharmacies,العناية بالجسم,العناية بالجسم,1,بسيط,85765,100,30,70,,غير متاح لدى المصدر,https://cdn.shopify.com/s/files/1/0935/9550/0847/files/Camay-Shower-Gel-1LITER-Strawberry-Offer.webp?v=1754298512,منتج عرض جل الاستحمام كامي 1 لتر بنكهة الفراولة من AlFouad Pharmacies. التصنيف المرجعي: العناية بالجسم — بسيط. الوسوم المرجعية: Body Care، Body Wash.,https://alfouadpharmacies.com/en/products/camay-shower-gel-1liter-strawberry-offer,AlFouad Pharmacies,Verify usage rights before commercial publication,غير مثبت,غير مثبت,مرجعي فقط — غير معتمد للنشر التجاري,بيانات مرجعية متاحة؛ يلزم تحقق PM,ضمن الفحص المبدئي
10569858679087,dove-spray-150ml-original-offer,عرض خاص على بخاخ دوف 150 مل الأصلي,Dove off,العناية بالجسم,العناية بالجسم,1,بسيط,96918,132,39.6,92.4,,غير متاح لدى المصدر,https://cdn.shopify.com/s/files/1/0935/9550/0847/files/Dove-Spray-150ML-Original-Offer.webp?v=1754298353,منتج عرض خاص على بخاخ دوف 150 مل الأصلي من Dove off. التصنيف المرجعي: العناية بالجسم — بسيط. الوسوم المرجعية: Body Care، Body Spray، Deodrant.,https://alfouadpharmacies.com/en/products/dove-spray-150ml-original-offer,AlFouad Pharmacies,Verify usage rights before commercial publication,غير مثبت,غير مثبت,مرجعي فقط — غير معتمد للنشر التجاري,بيانات مرجعية متاحة؛ يلزم تحقق PM,ضمن الفحص المبدئي
12689552146735,dear-roll-on-ice-vanilla-60ml-1-1-offer,عرض خاص: رول أون آيس بنكهة الفانيليا 60 مل، اشترِ واحد واحصل على الثاني مجاناً! ,DEAR offer,العناية بالجسم,العناية بالجسم,1,,113456,300,90,210,,متاح لدى المصدر,https://cdn.shopify.com/s/files/1/0935/9550/0847/files/Dear_Roll_On_Ice_Vanilla_60ml_1plus1_ECOM.webp?v=1771924399,منتج عرض خاص: رول أون آيس بنكهة الفانيليا 60 مل، اشترِ واحد واحصل على الثاني مجاناً!  من DEAR offer. التصنيف المرجعي: العناية بالجسم. الوسوم المرجعية: Body Care، Deodrant، Roll-on.,https://alfouadpharmacies.com/en/products/dear-roll-on-ice-vanilla-60ml-1-1-offer,AlFouad Pharmacies,Verify usage rights before commercial publication,غير مثبت,غير مثبت,مرجعي فقط — غير معتمد للنشر التجاري,بيانات مرجعية متاحة؛ يلزم تحقق PM,ضمن الفحص المبدئي
12689552113967,dear-roll-on-luxury-oud-60ml-1-1-offer,عرض خاص: عطر دير رول أون فاخر بالعود 60 مل، اشترِ واحد واحصل على الثاني مجاناً! ,DEAR offer,العناية بالجسم,العناية بالجسم,1,,113458,300,90,210,,متاح لدى المصدر,https://cdn.shopify.com/s/files/1/0935/9550/0847/files/Dear_Luxury_Oud_RollOn_Duo_ECOM.webp?v=1771924662,منتج عرض خاص: عطر دير رول أون فاخر بالعود 60 مل، اشترِ واحد واحصل على الثاني مجاناً!  من DEAR offer. التصنيف المرجعي: العناية بالجسم. الوسوم المرجعية: Body Care، Deodrant، Roll-on.,https://alfouadpharmacies.com/en/products/dear-roll-on-luxury-oud-60ml-1-1-offer,AlFouad Pharmacies,Verify usage rights before commercial publication,غير مثبت,غير مثبت,مرجعي فقط — غير معتمد للنشر التجاري,بيانات مرجعية متاحة؛ يلزم تحقق PM,ضمن الفحص المبدئي
10569857892655,dove-soap-100-gm-pink-offer,عرض صابون دوف 100 غرام وردي,Dove off,العناية بالجسم,العناية بالجسم,1,بسيط,107921,48,14.4,33.6,,متاح لدى المصدر,https://cdn.shopify.com/s/files/1/0935/9550/0847/files/Dove-Soap-100-GM-Pink-Ofeer.webp?v=1754298361,منتج عرض صابون دوف 100 غرام وردي من Dove off. التصنيف المرجعي: العناية بالجسم — بسيط. الوسوم المرجعية: Body Care، Body Wash.,https://alfouadpharmacies.com/en/products/dove-soap-100-gm-pink-offer,AlFouad Pharmacies,Verify usage rights before commercial publication,غير مثبت,غير مثبت,مرجعي فقط — غير معتمد للنشر التجاري,بيانات مرجعية متاحة؛ يلزم تحقق PM,ضمن الفحص المبدئي
10569833054511,lux-hand-wash-500ml-soft-touchrose-offer,عرض غسول اليدين لاكس 500 مل، ناعم الملمس/رائحة الورد,AlFouad Pharmacies,العناية بالجسم,العناية بالجسم,1,بسيط,99857,99,29.7,69.3,,متاح لدى المصدر,https://cdn.shopify.com/s/files/1/0935/9550/0847/files/Lux-Hand-Wash-500ML-Soft-TouchRose-Offer.webp?v=1754298574,منتج عرض غسول اليدين لاكس 500 مل، ناعم الملمس/رائحة الورد من AlFouad Pharmacies. التصنيف المرجعي: العناية بالجسم — بسيط. الوسوم المرجعية: Body Care، Hand Wash.,https://alfouadpharmacies.com/en/products/lux-hand-wash-500ml-soft-touchrose-offer,AlFouad Pharmacies,Verify usage rights before commercial publication,غير مثبت,غير مثبت,مرجعي فقط — غير معتمد للنشر التجاري,بيانات مرجعية متاحة؛ يلزم تحقق PM,ضمن الفحص المبدئي
10569833480495,lux-hand-wash-500ml-velvet-touch-offer,عرض غسول اليدين لوكس 500 مل، لمسة مخملية,AlFouad Pharmacies,العناية بالجسم,العناية بالجسم,1,بسيط,111699,99,29.7,69.3,,متاح لدى المصدر,https://cdn.shopify.com/s/files/1/0935/9550/0847/files/Lux-Hand-Wash-500ML-Velvet-Touch-Offer.webp?v=1754298571,منتج عرض غسول اليدين لوكس 500 مل، لمسة مخملية من AlFouad Pharmacies. التصنيف المرجعي: العناية بالجسم — بسيط. الوسوم المرجعية: Body Care، Hand Wash.,https://alfouadpharmacies.com/en/products/lux-hand-wash-500ml-velvet-touch-offer,AlFouad Pharmacies,Verify usage rights before commercial publication,غير مثبت,غير مثبت,مرجعي فقط — غير معتمد للنشر التجاري,بيانات مرجعية متاحة؛ يلزم تحقق PM,ضمن الفحص المبدئي
10569856319791,dove-hand-washampcream-moisturizing-offer,عرض غسول اليدين وكريم الترطيب من دوف,Dove off,العناية بالجسم,العناية بالجسم,1,بسيط,9475,130,39,91,,غير متاح لدى المصدر,https://cdn.shopify.com/s/files/1/0935/9550/0847/files/Dove-Hand-WashCream-Moisturizing-Offer.webp?v=1754298381,منتج عرض غسول اليدين وكريم الترطيب من دوف من Dove off. التصنيف المرجعي: العناية بالجسم — بسيط. الوسوم المرجعية: Body Care، Hand Wash.,https://alfouadpharmacies.com/en/products/dove-hand-washampcream-moisturizing-offer,AlFouad Pharmacies,Verify usage rights before commercial publication,غير مثبت,غير مثبت,مرجعي فقط — غير معتمد للنشر التجاري,بيانات مرجعية متاحة؛ يلزم تحقق PM,ضمن الفحص المبدئي
10569856024879,dove-hand-washampcream-glowing-ritual-offer,عرض غسول اليدين وكريم دوف لتنظيف البشرة بشكل ساطع,Dove off,العناية بالجسم,العناية بالجسم,1,بسيط,9495,130,39,91,,غير متاح لدى المصدر,https://cdn.shopify.com/s/files/1/0935/9550/0847/files/Dove-Hand-WashCream-Glowing-Ritual-Offer.webp?v=1754298384,منتج عرض غسول اليدين وكريم دوف لتنظيف البشرة بشكل ساطع من Dove off. التصنيف المرجعي: العناية بالجسم — بسيط. الوسوم المرجعية: Body Care، Hand Wash.,https://alfouadpharmacies.com/en/products/dove-hand-washampcream-glowing-ritual-offer,AlFouad Pharmacies,Verify usage rights before commercial publication,غير مثبت,غير مثبت,مرجعي فقط — غير معتمد للنشر التجاري,بيانات مرجعية متاحة؛ يلزم تحقق PM,ضمن الفحص المبدئي
10589422944559,alejon-oriental-roll-on-50ml,عطر أليخون الشرقي رول أون ٥٠ مل ,ALEJON,العناية بالجسم,العناية بالجسم,1,,112158,220,66,154,,متاح لدى المصدر,https://cdn.shopify.com/s/files/1/0935/9550/0847/files/Alejon-Deodorant-Roll-On-Oriental_11zon.webp?v=1790501515,منتج عطر أليخون الشرقي رول أون ٥٠ مل  من ALEJON. التصنيف المرجعي: العناية بالجسم. الوسوم المرجعية: Body Care، Body Concerns، Roll-on.,https://alfouadpharmacies.com/en/products/alejon-oriental-roll-on-50ml,AlFouad Pharmacies,Verify usage rights before commercial publication,غير مثبت,غير مثبت,مرجعي فقط — غير معتمد للنشر التجاري,بيانات مرجعية متاحة؛ يلزم تحقق PM,ضمن الفحص المبدئي
12689539957039,vacation-roll-on-50ml-french-lust,عطر رول أون فاكيشن ٥٠ مل برائحة الشهوة الفرنسية,vacation roll,العناية بالجسم,العناية بالجسم,1,,114167,275,82.5,192.5,,متاح لدى المصدر,https://cdn.shopify.com/s/files/1/0935/9550/0847/files/Vacation_Pearl_Rose_Roll_On_50ml_1615x1615_afe59b73-b4e1-4693-bb9e-9b67c7c1514c.webp?v=1771843238,منتج عطر رول أون فاكيشن ٥٠ مل برائحة الشهوة الفرنسية من vacation roll. التصنيف المرجعي: العناية بالجسم. الوسوم المرجعية: Body Care، Deodrant، Roll-on.,https://alfouadpharmacies.com/en/products/vacation-roll-on-50ml-french-lust,AlFouad Pharmacies,Verify usage rights before commercial publication,غير مثبت,غير مثبت,مرجعي فقط — غير معتمد للنشر التجاري,بيانات مرجعية متاحة؛ يلزم تحقق PM,ضمن الفحص المبدئي
10569865265455,fogg-edp-100ml-intense-oud,عطر فوغ إي دي بي 100 مل، عود مكثف,AlFouad Pharmacies,العناية بالجسم,العناية بالجسم,1,بسيط,93939,480,144,336,,غير متاح لدى المصدر,https://cdn.shopify.com/s/files/1/0935/9550/0847/files/Fogg-Edp-100ML-Intense-Oud.webp?v=1754298295,منتج عطر فوغ إي دي بي 100 مل، عود مكثف من AlFouad Pharmacies. التصنيف المرجعي: العناية بالجسم — بسيط. الوسوم المرجعية: Body Care، Body Spray، Deodrant.,https://alfouadpharmacies.com/en/products/fogg-edp-100ml-intense-oud,AlFouad Pharmacies,Verify usage rights before commercial publication,غير مثبت,غير مثبت,مرجعي فقط — غير معتمد للنشر التجاري,بيانات مرجعية متاحة؛ يلزم تحقق PM,ضمن الفحص المبدئي
10569897115951,lifebuoy-body-wash-500ml-mild-care,غسول الجسم لايف بوي 500 مل عناية لطيفة,AlFouad Pharmacies,العناية بالجسم,العناية بالجسم,1,بسيط,21902,110,33,77,,غير متاح لدى المصدر,https://cdn.shopify.com/s/files/1/0935/9550/0847/files/Lifebuoy-Body-Wash-500-ml-Mild-Care.webp?v=1754298180,منتج غسول الجسم لايف بوي 500 مل عناية لطيفة من AlFouad Pharmacies. التصنيف المرجعي: العناية بالجسم — بسيط. الوسوم المرجعية: Body Care، Body Wash.,https://alfouadpharmacies.com/en/products/lifebuoy-body-wash-500ml-mild-care,AlFouad Pharmacies,Verify usage rights before commercial publication,غير مثبت,غير مثبت,مرجعي فقط — غير معتمد للنشر التجاري,بيانات مرجعية متاحة؛ يلزم تحقق PM,ضمن الفحص المبدئي
10569897148719,lifebuoy-body-wash-500ml-total-10,غسول الجسم لايف بوي 500 مل، المجموع 10,AlFouad Pharmacies,العناية بالجسم,العناية بالجسم,1,بسيط,21939,110,33,77,,غير متاح لدى المصدر,https://cdn.shopify.com/s/files/1/0935/9550/0847/files/Lifebuoy-Body-Wash-500-ml-Total-10.webp?v=1754298179,منتج غسول الجسم لايف بوي 500 مل، المجموع 10 من AlFouad Pharmacies. التصنيف المرجعي: العناية بالجسم — بسيط. الوسوم المرجعية: Body Care، Body Wash.,https://alfouadpharmacies.com/en/products/lifebuoy-body-wash-500ml-total-10,AlFouad Pharmacies,Verify usage rights before commercial publication,غير مثبت,غير مثبت,مرجعي فقط — غير معتمد للنشر التجاري,بيانات مرجعية متاحة؛ يلزم تحقق PM,ضمن الفحص المبدئي
10569820799279,mood-hand-wash-500-ml-cairo,غسول اليدين Mood 500 مل القاهرة,MOOD,العناية بالجسم,العناية بالجسم,1,بسيط,9094,80,24,56,,متاح لدى المصدر,https://cdn.shopify.com/s/files/1/0935/9550/0847/files/Mood-Hand-Wash-500-ml-Cairo.webp?v=1754298658,منتج غسول اليدين Mood 500 مل القاهرة من MOOD. التصنيف المرجعي: العناية بالجسم — بسيط. الوسوم المرجعية: Body Care، Hand Wash.,https://alfouadpharmacies.com/en/products/mood-hand-wash-500-ml-cairo,AlFouad Pharmacies,Verify usage rights before commercial publication,غير مثبت,غير مثبت,مرجعي فقط — غير معتمد للنشر التجاري,بيانات مرجعية متاحة؛ يلزم تحقق PM,ضمن الفحص المبدئي
10569820832047,mood-hand-wash-500-ml-hawaii,غسول اليدين Mood، 500 مل، هاواي,MOOD,العناية بالجسم,العناية بالجسم,1,بسيط,18251,80,24,56,,متاح لدى المصدر,https://cdn.shopify.com/s/files/1/0935/9550/0847/files/Aromal_sunscreen_gel_8.webp?v=1788868888,منتج غسول اليدين Mood، 500 مل، هاواي من MOOD. التصنيف المرجعي: العناية بالجسم — بسيط. الوسوم المرجعية: Body Care، Hand Wash.,https://alfouadpharmacies.com/en/products/mood-hand-wash-500-ml-hawaii,AlFouad Pharmacies,Verify usage rights before commercial publication,غير مثبت,غير مثبت,مرجعي فقط — غير معتمد للنشر التجاري,بيانات مرجعية متاحة؛ يلزم تحقق PM,ضمن الفحص المبدئي
10569832923439,lux-hand-wash-500ml-soft-touchrose,غسول اليدين الفاخر ٥٠٠ مل برائحة ناعمة/ورد,AlFouad Pharmacies,العناية بالجسم,العناية بالجسم,1,بسيط,80247,110,33,77,,متاح لدى المصدر,https://cdn.shopify.com/s/files/1/0935/9550/0847/files/Lux-Hand-Wash-500ML-Soft-TouchRose.webp?v=1754298576,منتج غسول اليدين الفاخر ٥٠٠ مل برائحة ناعمة/ورد من AlFouad Pharmacies. التصنيف المرجعي: العناية بالجسم — بسيط. الوسوم المرجعية: Body Care، Hand Wash.,https://alfouadpharmacies.com/en/products/lux-hand-wash-500ml-soft-touchrose,AlFouad Pharmacies,Verify usage rights before commercial publication,غير مثبت,غير مثبت,مرجعي فقط — غير معتمد للنشر التجاري,بيانات مرجعية متاحة؛ يلزم تحقق PM,ضمن الفحص المبدئي
10569832464687,lux-hand-wash-500-ml-magical-orchid,غسول اليدين الفاخر 500 مل ماجيكال (أوركيد),AlFouad Pharmacies,العناية بالجسم,العناية بالجسم,1,بسيط,92031,110,33,77,,متاح لدى المصدر,https://cdn.shopify.com/s/files/1/0935/9550/0847/files/Lux-Hand-Wash-500ML-Magical-Orchid.webp?v=1754298579,منتج غسول اليدين الفاخر 500 مل ماجيكال (أوركيد) من AlFouad Pharmacies. التصنيف المرجعي: العناية بالجسم — بسيط. الوسوم المرجعية: Body Care، Hand Wash.,https://alfouadpharmacies.com/en/products/lux-hand-wash-500-ml-magical-orchid,AlFouad Pharmacies,Verify usage rights before commercial publication,غير مثبت,غير مثبت,مرجعي فقط — غير معتمد للنشر التجاري,بيانات مرجعية متاحة؛ يلزم تحقق PM,ضمن الفحص المبدئي
10569832595759,lux-hand-wash-500ml-magical-orchid-off,غسول اليدين الفاخر ٥٠٠ مل ماجيكال (أوركيد) أوف,AlFouad Pharmacies,العناية بالجسم,العناية بالجسم,1,بسيط,110942,99,29.7,69.3,,متاح لدى المصدر,https://cdn.shopify.com/s/files/1/0935/9550/0847/files/Lux-Hand-Wash-500ML-Magical-Orchid-Off.webp?v=1754298577,منتج غسول اليدين الفاخر ٥٠٠ مل ماجيكال (أوركيد) أوف من AlFouad Pharmacies. التصنيف المرجعي: العناية بالجسم — بسيط. الوسوم المرجعية: Body Care، Hand Wash.,https://alfouadpharmacies.com/en/products/lux-hand-wash-500ml-magical-orchid-off,AlFouad Pharmacies,Verify usage rights before commercial publication,غير مثبت,غير مثبت,مرجعي فقط — غير معتمد للنشر التجاري,بيانات مرجعية متاحة؛ يلزم تحقق PM,ضمن الفحص المبدئي
10569896493359,jampj-vita-rich-hand-wash-peach-300ml-off,غسول اليدين جيه آند جيه فيتا-ريتش (برائحة الخوخ) 300 مل بخصم,J&J,العناية بالجسم,العناية بالجسم | العناية بالأطفال,2,بسيط,110739,50,15,35,,غير متاح لدى المصدر,https://cdn.shopify.com/s/files/1/0935/9550/0847/files/JJ-Vita-Rich-Hand-Wash-Peach-300ML-Off.webp?v=1754298185,منتج غسول اليدين جيه آند جيه فيتا-ريتش (برائحة الخوخ) 300 مل بخصم من J&J. التصنيف المرجعي: العناية بالجسم — بسيط. الوسوم المرجعية: Body Care، Hand Wash، Kids Care، Kids Hair.,https://alfouadpharmacies.com/en/products/jampj-vita-rich-hand-wash-peach-300ml-off,AlFouad Pharmacies,Verify usage rights before commercial publication,غير مثبت,غير مثبت,مرجعي فقط — غير معتمد للنشر التجاري,بيانات مرجعية متاحة؛ يلزم تحقق PM,ضمن الفحص المبدئي
10569896526127,jampj-vita-rich-hand-wash-pomegranate-300ml-off,غسول اليدين جيه آند جيه فيتا-ريتش (برائحة الرمان) 300 مل بخصم,J&J,العناية بالجسم,العناية بالجسم | العناية بالأطفال,2,بسيط,95754,50,15,35,,غير متاح لدى المصدر,https://cdn.shopify.com/s/files/1/0935/9550/0847/files/JJ-Vita-Rich-Hand-Wash-Pomegranate-300ML-Off.webp?v=1754298184,منتج غسول اليدين جيه آند جيه فيتا-ريتش (برائحة الرمان) 300 مل بخصم من J&J. التصنيف المرجعي: العناية بالجسم — بسيط. الوسوم المرجعية: Body Care، Hand Wash، Kids Care، Kids Hair.,https://alfouadpharmacies.com/en/products/jampj-vita-rich-hand-wash-pomegranate-300ml-off,AlFouad Pharmacies,Verify usage rights before commercial publication,غير مثبت,غير مثبت,مرجعي فقط — غير معتمد للنشر التجاري,بيانات مرجعية متاحة؛ يلزم تحقق PM,ضمن الفحص المبدئي
10569896591663,jampj-vita-rich-hand-wash-raspberryamppeony-300ml-off,غسول اليدين جيه آند جيه فيتا-ريتش (توت العليق والفاوانيا) 300 مل خصم,J&J,العناية بالجسم,العناية بالجسم | العناية بالأطفال,2,بسيط,97974,50,15,35,,غير متاح لدى المصدر,https://cdn.shopify.com/s/files/1/0935/9550/0847/files/JJ-Vita-Rich-Hand-Wash-RaspberryPeony-300MLOFF.webp?v=1754298184,منتج غسول اليدين جيه آند جيه فيتا-ريتش (توت العليق والفاوانيا) 300 مل خصم من J&J. التصنيف المرجعي: العناية بالجسم — بسيط. الوسوم المرجعية: Body Care، Hand Wash، Kids Care، Kids Hair.,https://alfouadpharmacies.com/en/products/jampj-vita-rich-hand-wash-raspberryamppeony-300ml-off,AlFouad Pharmacies,Verify usage rights before commercial publication,غير مثبت,غير مثبت,مرجعي فقط — غير معتمد للنشر التجاري,بيانات مرجعية متاحة؛ يلزم تحقق PM,ضمن الفحص المبدئي
10569896427823,jampj-vita-rich-hand-wash-cotton-milk-300ml-off,غسول اليدين جيه آند جيه فيتا-ريتش (حليب القطن) 300 مل خصم,J&J,العناية بالجسم,العناية بالجسم,1,بسيط,4985,50,15,35,,غير متاح لدى المصدر,https://cdn.shopify.com/s/files/1/0935/9550/0847/files/JJ-Vita-Rich-Hand-Wash-Cotton-Milk-300ML-Off.webp?v=1754298185,منتج غسول اليدين جيه آند جيه فيتا-ريتش (حليب القطن) 300 مل خصم من J&J. التصنيف المرجعي: العناية بالجسم — بسيط. الوسوم المرجعية: Body Care، Hand Wash، Kids Care، Kids Hair.,https://alfouadpharmacies.com/en/products/jampj-vita-rich-hand-wash-cotton-milk-300ml-off,AlFouad Pharmacies,Verify usage rights before commercial publication,غير مثبت,غير مثبت,مرجعي فقط — غير معتمد للنشر التجاري,بيانات مرجعية متاحة؛ يلزم تحقق PM,ضمن الفحص المبدئي
10569855369519,dove-hand-wash-500ml-lotus-flower,غسول اليدين دوف 500 مل زهرة اللوتس,Dove,العناية بالجسم,العناية بالجسم,1,بسيط,12079,115,34.5,80.5,,متاح لدى المصدر,https://cdn.shopify.com/s/files/1/0935/9550/0847/files/Dove-Hand-Wash-500ML-Lotus-Flower.webp?v=1754298389,منتج غسول اليدين دوف 500 مل زهرة اللوتس من Dove. التصنيف المرجعي: العناية بالجسم — بسيط. الوسوم المرجعية: Body Care، Hand Wash.,https://alfouadpharmacies.com/en/products/dove-hand-wash-500ml-lotus-flower,AlFouad Pharmacies,Verify usage rights before commercial publication,غير مثبت,غير مثبت,مرجعي فقط — غير معتمد للنشر التجاري,بيانات مرجعية متاحة؛ يلزم تحقق PM,ضمن الفحص المبدئي
10569855500591,dove-hand-wash-500ml-lotus-flower-off,غسول اليدين دوف 500 مل زهرة اللوتس (أوف),Dove off,العناية بالجسم,العناية بالجسم,1,بسيط,5163,88,26.4,61.6,,متاح لدى المصدر,https://cdn.shopify.com/s/files/1/0935/9550/0847/files/Dove-Hand-Wash-500ML-Lotus-Flower-Off.webp?v=1754298388,منتج غسول اليدين دوف 500 مل زهرة اللوتس (أوف) من Dove off. التصنيف المرجعي: العناية بالجسم — بسيط. الوسوم المرجعية: Body Care، Hand Wash.,https://alfouadpharmacies.com/en/products/dove-hand-wash-500ml-lotus-flower-off,AlFouad Pharmacies,Verify usage rights before commercial publication,غير مثبت,غير مثبت,مرجعي فقط — غير معتمد للنشر التجاري,بيانات مرجعية متاحة؛ يلزم تحقق PM,ضمن الفحص المبدئي
10569855795503,dove-hand-wash-500ml-pampering,غسول اليدين دوف 500 مل للعناية بالبشرة (تدليل),Dove,العناية بالجسم,العناية بالجسم,1,بسيط,97204,100,30,70,,غير متاح لدى المصدر,https://cdn.shopify.com/s/files/1/0935/9550/0847/files/Dove-Hand-Wash-500ML-Pampering-_D8_AA_D8_AF_D9_84_D9_8A_D9_84.webp?v=1754298385,منتج غسول اليدين دوف 500 مل للعناية بالبشرة (تدليل) من Dove. التصنيف المرجعي: العناية بالجسم — بسيط. الوسوم المرجعية: Body Care، Hand Wash.,https://alfouadpharmacies.com/en/products/dove-hand-wash-500ml-pampering,AlFouad Pharmacies,Verify usage rights before commercial publication,غير مثبت,غير مثبت,مرجعي فقط — غير معتمد للنشر التجاري,بيانات مرجعية متاحة؛ يلزم تحقق PM,ضمن الفحص المبدئي
10569854976303,dove-hand-wash-500ml-avocado,غسول اليدين دوف 500 مل، الأفوكادو,Dove,العناية بالجسم,العناية بالجسم,1,بسيط,6131,115,34.5,80.5,,متاح لدى المصدر,https://cdn.shopify.com/s/files/1/0935/9550/0847/files/Dove-Hand-Wash-500ML-Avocado.webp?v=1754298393,منتج غسول اليدين دوف 500 مل، الأفوكادو من Dove. التصنيف المرجعي: العناية بالجسم — بسيط. الوسوم المرجعية: Body Care، Hand Wash.,https://alfouadpharmacies.com/en/products/dove-hand-wash-500ml-avocado,AlFouad Pharmacies,Verify usage rights before commercial publication,غير مثبت,غير مثبت,مرجعي فقط — غير معتمد للنشر التجاري,بيانات مرجعية متاحة؛ يلزم تحقق PM,ضمن الفحص المبدئي
10569855959343,dove-hand-wash-500ml-pampering-off,غسول اليدين دوف 500 مل، عناية فاخرة.,Dove off,العناية بالجسم,العناية بالجسم,1,بسيط,1606,88,26.4,61.6,,غير متاح لدى المصدر,https://cdn.shopify.com/s/files/1/0935/9550/0847/files/Dove-Hand-Wash-500ML-Pampering-Off.webp?v=1754298384,منتج غسول اليدين دوف 500 مل، عناية فاخرة. من Dove off. التصنيف المرجعي: العناية بالجسم — بسيط. الوسوم المرجعية: Body Care، Hand Wash.,https://alfouadpharmacies.com/en/products/dove-hand-wash-500ml-pampering-off,AlFouad Pharmacies,Verify usage rights before commercial publication,غير مثبت,غير مثبت,مرجعي فقط — غير معتمد للنشر التجاري,بيانات مرجعية متاحة؛ يلزم تحقق PM,ضمن الفحص المبدئي
10569855107375,dove-hand-wash-500ml-avocado-off,غسول اليدين دوف 500 مل، نكهة الأفوكادو,Dove off,العناية بالجسم,العناية بالجسم,1,بسيط,5307,103,30.9,72.1,,متاح لدى المصدر,https://cdn.shopify.com/s/files/1/0935/9550/0847/files/Dove-Hand-Wash-500ML-Avocado-Off.webp?v=1754298392,منتج غسول اليدين دوف 500 مل، نكهة الأفوكادو من Dove off. التصنيف المرجعي: العناية بالجسم — بسيط. الوسوم المرجعية: Body Care، Hand Wash.,https://alfouadpharmacies.com/en/products/dove-hand-wash-500ml-avocado-off,AlFouad Pharmacies,Verify usage rights before commercial publication,غير مثبت,غير مثبت,مرجعي فقط — غير معتمد للنشر التجاري,بيانات مرجعية متاحة؛ يلزم تحقق PM,ضمن الفحص المبدئي
10569855303983,dove-hand-wash-500ml-coconut-off,غسول اليدين دوف 500 مل، نكهة جوز الهند,Dove off,العناية بالجسم,العناية بالجسم,1,بسيط,1596,103,30.9,72.1,,متاح لدى المصدر,https://cdn.shopify.com/s/files/1/0935/9550/0847/files/Dove-Hand-Wash-500ML-Coconut-Off.webp?v=1754298390,منتج غسول اليدين دوف 500 مل، نكهة جوز الهند من Dove off. التصنيف المرجعي: العناية بالجسم — بسيط. الوسوم المرجعية: Body Care، Hand Wash.,https://alfouadpharmacies.com/en/products/dove-hand-wash-500ml-coconut-off,AlFouad Pharmacies,Verify usage rights before commercial publication,غير مثبت,غير مثبت,مرجعي فقط — غير معتمد للنشر التجاري,بيانات مرجعية متاحة؛ يلزم تحقق PM,ضمن الفحص المبدئي
10569855172911,dove-hand-wash-500ml-coconut,غسول اليدين دوف 500 مل، نكهة جوز الهند,Dove,العناية بالجسم,العناية بالجسم,1,بسيط,107420,115,34.5,80.5,,متاح لدى المصدر,https://cdn.shopify.com/s/files/1/0935/9550/0847/files/Dove-Hand-Wash-500ML-Coconut.webp?v=1754298391,منتج غسول اليدين دوف 500 مل، نكهة جوز الهند من Dove. التصنيف المرجعي: العناية بالجسم — بسيط. الوسوم المرجعية: Body Care، Hand Wash.,https://alfouadpharmacies.com/en/products/dove-hand-wash-500ml-coconut,AlFouad Pharmacies,Verify usage rights before commercial publication,غير مثبت,غير مثبت,مرجعي فقط — غير معتمد للنشر التجاري,بيانات مرجعية متاحة؛ يلزم تحقق PM,ضمن الفحص المبدئي
10569855533359,dove-hand-wash-500ml-moisturizing,غسول اليدين دوف مرطب 500 مل,Dove,العناية بالجسم,العناية بالجسم,1,بسيط,12078,115,34.5,80.5,,متاح لدى المصدر,https://cdn.shopify.com/s/files/1/0935/9550/0847/files/Dove-Hand-Wash-500ML-Moisturizing.webp?v=1754298387,منتج غسول اليدين دوف مرطب 500 مل من Dove. التصنيف المرجعي: العناية بالجسم — بسيط. الوسوم المرجعية: Body Care، Hand Wash.,https://alfouadpharmacies.com/en/products/dove-hand-wash-500ml-moisturizing,AlFouad Pharmacies,Verify usage rights before commercial publication,غير مثبت,غير مثبت,مرجعي فقط — غير معتمد للنشر التجاري,بيانات مرجعية متاحة؛ يلزم تحقق PM,ضمن الفحص المبدئي
10569855598895,dove-hand-wash-500ml-moisturizing-off,غسول اليدين دوف مرطب 500 مل (غير متوفر حاليًا),Dove off,العناية بالجسم,العناية بالجسم,1,بسيط,12406,103,30.9,72.1,,متاح لدى المصدر,https://cdn.shopify.com/s/files/1/0935/9550/0847/files/Dove-Hand-Wash-500ML-Moisturizing-Off.webp?v=1754298386,منتج غسول اليدين دوف مرطب 500 مل (غير متوفر حاليًا) من Dove off. التصنيف المرجعي: العناية بالجسم — بسيط. الوسوم المرجعية: Body Care، Hand Wash.,https://alfouadpharmacies.com/en/products/dove-hand-wash-500ml-moisturizing-off,AlFouad Pharmacies,Verify usage rights before commercial publication,غير مثبت,غير مثبت,مرجعي فقط — غير معتمد للنشر التجاري,بيانات مرجعية متاحة؛ يلزم تحقق PM,ضمن الفحص المبدئي
10569864413487,fa-hand-wash-250ml-coconut,غسول اليدين فا، 250 مل، نكهة جوز الهند,AlFouad Pharmacies,العناية بالجسم,العناية بالجسم,1,بسيط,87774,50,15,35,,غير متاح لدى المصدر,https://cdn.shopify.com/s/files/1/0935/9550/0847/files/Fa-Hand-Wash-250ML-Coconut.webp?v=1753904385,منتج غسول اليدين فا، 250 مل، نكهة جوز الهند من AlFouad Pharmacies. التصنيف المرجعي: العناية بالجسم — بسيط. الوسوم المرجعية: Body Care، Hand Wash.,https://alfouadpharmacies.com/en/products/fa-hand-wash-250ml-coconut,AlFouad Pharmacies,Verify usage rights before commercial publication,غير مثبت,غير مثبت,مرجعي فقط — غير معتمد للنشر التجاري,بيانات مرجعية متاحة؛ يلزم تحقق PM,ضمن الفحص المبدئي
10569897214255,lifebuoy-hand-wash-450ml-mild-care,غسول اليدين لايف بوي 450 مل عناية لطيفة,AlFouad Pharmacies,العناية بالجسم,العناية بالجسم,1,بسيط,97663,120,36,84,,متاح لدى المصدر,https://cdn.shopify.com/s/files/1/0935/9550/0847/files/Lifebuoy-Hand-Wash-450ML-Mild-Care.webp?v=1754298178,منتج غسول اليدين لايف بوي 450 مل عناية لطيفة من AlFouad Pharmacies. التصنيف المرجعي: العناية بالجسم — بسيط. الوسوم المرجعية: Body Care، Hand Wash.,https://alfouadpharmacies.com/en/products/lifebuoy-hand-wash-450ml-mild-care,AlFouad Pharmacies,Verify usage rights before commercial publication,غير مثبت,غير مثبت,مرجعي فقط — غير معتمد للنشر التجاري,بيانات مرجعية متاحة؛ يلزم تحقق PM,ضمن الفحص المبدئي
10569897247023,lifebuoy-hand-wash-450ml-mild-care-off-15,غسول اليدين لايف بوي 450 مل عناية لطيفة خصم 15%,AlFouad Pharmacies,العناية بالجسم,العناية بالجسم,1,بسيط,85616,102,30.6,71.4,,متاح لدى المصدر,https://cdn.shopify.com/s/files/1/0935/9550/0847/files/Lifebuoy-Hand-Wash-450ML-Mild-Care-Off-15.webp?v=1754298177,منتج غسول اليدين لايف بوي 450 مل عناية لطيفة خصم 15% من AlFouad Pharmacies. التصنيف المرجعي: العناية بالجسم — بسيط. الوسوم المرجعية: Body Care، Hand Wash.,https://alfouadpharmacies.com/en/products/lifebuoy-hand-wash-450ml-mild-care-off-15,AlFouad Pharmacies,Verify usage rights before commercial publication,غير مثبت,غير مثبت,مرجعي فقط — غير معتمد للنشر التجاري,بيانات مرجعية متاحة؛ يلزم تحقق PM,ضمن الفحص المبدئي
10569897279791,lifebuoy-hand-wash-450ml-total-10,غسول اليدين لايف بوي 450 مل، إجمالي 10,AlFouad Pharmacies,العناية بالجسم,العناية بالجسم,1,بسيط,99216,120,36,84,,متاح لدى المصدر,https://cdn.shopify.com/s/files/1/0935/9550/0847/files/Lifebuoy-Hand-Wash-450ML-Total-10.webp?v=1754298177,منتج غسول اليدين لايف بوي 450 مل، إجمالي 10 من AlFouad Pharmacies. التصنيف المرجعي: العناية بالجسم — بسيط. الوسوم المرجعية: Body Care، Hand Wash.,https://alfouadpharmacies.com/en/products/lifebuoy-hand-wash-450ml-total-10,AlFouad Pharmacies,Verify usage rights before commercial publication,غير مثبت,غير مثبت,مرجعي فقط — غير معتمد للنشر التجاري,بيانات مرجعية متاحة؛ يلزم تحقق PM,ضمن الفحص المبدئي
10569897181487,lifebuoy-hand-wash-450ml-cool-fresh,غسول اليدين لايف بوي 450 مل، رائحة منعشة,AlFouad Pharmacies,العناية بالجسم,العناية بالجسم,1,بسيط,103810,120,36,84,,متاح لدى المصدر,https://cdn.shopify.com/s/files/1/0935/9550/0847/files/Lifebuoy-Hand-Wash-450ML-Cool-Fresh.webp?v=1754298178,منتج غسول اليدين لايف بوي 450 مل، رائحة منعشة من AlFouad Pharmacies. التصنيف المرجعي: العناية بالجسم — بسيط. الوسوم المرجعية: Body Care، Hand Wash.,https://alfouadpharmacies.com/en/products/lifebuoy-hand-wash-450ml-cool-fresh,AlFouad Pharmacies,Verify usage rights before commercial publication,غير مثبت,غير مثبت,مرجعي فقط — غير معتمد للنشر التجاري,بيانات مرجعية متاحة؛ يلزم تحقق PM,ضمن الفحص المبدئي
10569832825135,lux-hand-wash-500ml-refreshing-verbena-off,غسول اليدين لوكس ٥٠٠ مل برائحة منعشة من زهرة الفربينا,AlFouad Pharmacies,العناية بالجسم,العناية بالجسم,1,بسيط,9490,77,23.1,53.9,,غير متاح لدى المصدر,https://cdn.shopify.com/s/files/1/0935/9550/0847/files/Lux-Hand-Wash-500ML-Refreshing-Verbena-Off.webp?v=1754298576,منتج غسول اليدين لوكس ٥٠٠ مل برائحة منعشة من زهرة الفربينا من AlFouad Pharmacies. التصنيف المرجعي: العناية بالجسم — بسيط. الوسوم المرجعية: Body Care، Hand Wash.,https://alfouadpharmacies.com/en/products/lux-hand-wash-500ml-refreshing-verbena-off,AlFouad Pharmacies,Verify usage rights before commercial publication,غير مثبت,غير مثبت,مرجعي فقط — غير معتمد للنشر التجاري,بيانات مرجعية متاحة؛ يلزم تحقق PM,ضمن الفحص المبدئي
10569832759599,lux-hand-wash-500ml-refreshing-verbena,غسول اليدين لوكس ٥٠٠ مل برائحة منعشة من زهرة الفربينا,AlFouad Pharmacies,العناية بالجسم,العناية بالجسم,1,بسيط,1632,95,28.5,66.5,,متاح لدى المصدر,https://cdn.shopify.com/s/files/1/0935/9550/0847/files/Lux-Hand-Wash-500ML-Refreshing-Verbena.webp?v=1754298576,منتج غسول اليدين لوكس ٥٠٠ مل برائحة منعشة من زهرة الفربينا من AlFouad Pharmacies. التصنيف المرجعي: العناية بالجسم — بسيط. الوسوم المرجعية: Body Care، Hand Wash.,https://alfouadpharmacies.com/en/products/lux-hand-wash-500ml-refreshing-verbena,AlFouad Pharmacies,Verify usage rights before commercial publication,غير مثبت,غير مثبت,مرجعي فقط — غير معتمد للنشر التجاري,بيانات مرجعية متاحة؛ يلزم تحقق PM,ضمن الفحص المبدئي
10569833152815,lux-hand-wash-500ml-velvet-touch,غسول اليدين لوكس 500 مل، لمسة مخملية,AlFouad Pharmacies,العناية بالجسم,العناية بالجسم,1,بسيط,85146,110,33,77,,متاح لدى المصدر,https://cdn.shopify.com/s/files/1/0935/9550/0847/files/Lux-Hand-Wash-500ML-Velvet-Touch-2.webp?v=1754298574,منتج غسول اليدين لوكس 500 مل، لمسة مخملية من AlFouad Pharmacies. التصنيف المرجعي: العناية بالجسم — بسيط. الوسوم المرجعية: Body Care، Hand Wash.,https://alfouadpharmacies.com/en/products/lux-hand-wash-500ml-velvet-touch,AlFouad Pharmacies,Verify usage rights before commercial publication,غير مثبت,غير مثبت,مرجعي فقط — غير معتمد للنشر التجاري,بيانات مرجعية متاحة؛ يلزم تحقق PM,ضمن الفحص المبدئي
10569820733743,mood-hand-wash-500-ml-bali,غسول اليدين مود 500 مل بالي,MOOD,العناية بالجسم,العناية بالجسم,1,بسيط,9279,80,24,56,,متاح لدى المصدر,https://cdn.shopify.com/s/files/1/0935/9550/0847/files/Mood-Hand-Wash-500-ml-Bali.webp?v=1754298658,منتج غسول اليدين مود 500 مل بالي من MOOD. التصنيف المرجعي: العناية بالجسم — بسيط. الوسوم المرجعية: Body Care، Hand Wash.,https://alfouadpharmacies.com/en/products/mood-hand-wash-500-ml-bali,AlFouad Pharmacies,Verify usage rights before commercial publication,غير مثبت,غير مثبت,مرجعي فقط — غير معتمد للنشر التجاري,بيانات مرجعية متاحة؛ يلزم تحقق PM,ضمن الفحص المبدئي
10569821258031,mood-hand-wash-500-ml-tahiti,غسول اليدين مود 500 مل تاهيتي,MOOD,العناية بالجسم,العناية بالجسم,1,بسيط,17556,80,24,56,,متاح لدى المصدر,https://cdn.shopify.com/s/files/1/0935/9550/0847/files/Mood-Hand-Wash-500-ml-Tahiti.webp?v=1754298654,منتج غسول اليدين مود 500 مل تاهيتي من MOOD. التصنيف المرجعي: العناية بالجسم — بسيط. الوسوم المرجعية: Body Care، Hand Wash.,https://alfouadpharmacies.com/en/products/mood-hand-wash-500-ml-tahiti,AlFouad Pharmacies,Verify usage rights before commercial publication,غير مثبت,غير مثبت,مرجعي فقط — غير معتمد للنشر التجاري,بيانات مرجعية متاحة؛ يلزم تحقق PM,ضمن الفحص المبدئي
10569820963119,mood-hand-wash-500-ml-khalijii,غسول اليدين مود 500 مل خليجي,MOOD,العناية بالجسم,العناية بالجسم,1,بسيط,89949,80,24,56,,متاح لدى المصدر,https://cdn.shopify.com/s/files/1/0935/9550/0847/files/Mood-Hand-Wash-500-ml-Khalijii.webp?v=1754298656,منتج غسول اليدين مود 500 مل خليجي من MOOD. التصنيف المرجعي: العناية بالجسم — بسيط. الوسوم المرجعية: Body Care، Hand Wash.,https://alfouadpharmacies.com/en/products/mood-hand-wash-500-ml-khalijii,AlFouad Pharmacies,Verify usage rights before commercial publication,غير مثبت,غير مثبت,مرجعي فقط — غير معتمد للنشر التجاري,بيانات مرجعية متاحة؛ يلزم تحقق PM,ضمن الفحص المبدئي
10569821126959,mood-hand-wash-500-ml-santorini,غسول اليدين مود 500 مل سانتوريني,MOOD,العناية بالجسم,العناية بالجسم,1,بسيط,106484,80,24,56,,متاح لدى المصدر,https://cdn.shopify.com/s/files/1/0935/9550/0847/files/Aromal_sunscreen_gel_10.webp?v=1788868936,منتج غسول اليدين مود 500 مل سانتوريني من MOOD. التصنيف المرجعي: العناية بالجسم — بسيط. الوسوم المرجعية: Body Care، Hand Wash.,https://alfouadpharmacies.com/en/products/mood-hand-wash-500-ml-santorini,AlFouad Pharmacies,Verify usage rights before commercial publication,غير مثبت,غير مثبت,مرجعي فقط — غير معتمد للنشر التجاري,بيانات مرجعية متاحة؛ يلزم تحقق PM,ضمن الفحص المبدئي
10569821290799,mood-hand-wash-500-ml-vienna,غسول اليدين مود 500 مل فيينا,MOOD,العناية بالجسم,العناية بالجسم,1,بسيط,9091,80,24,56,,متاح لدى المصدر,https://cdn.shopify.com/s/files/1/0935/9550/0847/files/Mood-Hand-Wash-500-ml-Vienna.webp?v=1754298654,منتج غسول اليدين مود 500 مل فيينا من MOOD. التصنيف المرجعي: العناية بالجسم — بسيط. الوسوم المرجعية: Body Care، Hand Wash.,https://alfouadpharmacies.com/en/products/mood-hand-wash-500-ml-vienna,AlFouad Pharmacies,Verify usage rights before commercial publication,غير مثبت,غير مثبت,مرجعي فقط — غير معتمد للنشر التجاري,بيانات مرجعية متاحة؛ يلزم تحقق PM,ضمن الفحص المبدئي
10569821061423,mood-hand-wash-500-ml-latino,غسول اليدين مود 500 مل لاتينو,MOOD,العناية بالجسم,العناية بالجسم,1,بسيط,108559,80,24,56,,متاح لدى المصدر,https://cdn.shopify.com/s/files/1/0935/9550/0847/files/Aromal_sunscreen_gel_9.webp?v=1788869031,منتج غسول اليدين مود 500 مل لاتينو من MOOD. التصنيف المرجعي: العناية بالجسم — بسيط. الوسوم المرجعية: Body Care، Hand Wash.,https://alfouadpharmacies.com/en/products/mood-hand-wash-500-ml-latino,AlFouad Pharmacies,Verify usage rights before commercial publication,غير مثبت,غير مثبت,مرجعي فقط — غير معتمد للنشر التجاري,بيانات مرجعية متاحة؛ يلزم تحقق PM,ضمن الفحص المبدئي
10570013245743,raw-african-pina-colada-body-wash-500ml,غسول جسم ريوا أفريكان بينا كولادا 500 مل,RAW AFRICAN,العناية بالجسم,العناية بالجسم,1,بسيط,9926,105,31.5,73.5,,غير متاح لدى المصدر,https://cdn.shopify.com/s/files/1/0935/9550/0847/files/Raw-African-Pina-Colada-Body-Wash-500ML.webp?v=1754297036,منتج غسول جسم ريوا أفريكان بينا كولادا 500 مل من RAW AFRICAN. التصنيف المرجعي: العناية بالجسم — بسيط. الوسوم المرجعية: Body Care، Body Wash.,https://alfouadpharmacies.com/en/products/raw-african-pina-colada-body-wash-500ml,AlFouad Pharmacies,Verify usage rights before commercial publication,غير مثبت,غير مثبت,مرجعي فقط — غير معتمد للنشر التجاري,بيانات مرجعية متاحة؛ يلزم تحقق PM,ضمن الفحص المبدئي
12689540710703,one-bond-for-men-wash-300ml-green,غسول ون بوند للرجال 300 مل أخضر,One Bond,العناية بالجسم,العناية بالجسم,1,غسول للرجال,114125,250,75,175,,متاح لدى المصدر,https://cdn.shopify.com/s/files/1/0935/9550/0847/files/OneBond_WashForHim_Green_300ml_PureWhite_1615x1615_b3e53e7e-5255-4b97-8def-1977b6fe2c58.webp?v=1772238462,منتج غسول ون بوند للرجال 300 مل أخضر من One Bond. التصنيف المرجعي: العناية بالجسم — غسول للرجال. الوسوم المرجعية: Body Care، shower gel.,https://alfouadpharmacies.com/en/products/one-bond-for-men-wash-300ml-green,AlFouad Pharmacies,Verify usage rights before commercial publication,غير مثبت,غير مثبت,مرجعي فقط — غير معتمد للنشر التجاري,بيانات مرجعية متاحة؛ يلزم تحقق PM,ضمن الفحص المبدئي
12689512268079,one-bond-for-men-wash-300-ml-mango,غسول ون بوند للرجال 300 مل برائحة المانجو,One Bond,العناية بالجسم,العناية بالجسم,1,غسول للرجال,114570,250,75,175,,متاح لدى المصدر,https://cdn.shopify.com/s/files/1/0935/9550/0847/files/OneBond_WashForHim_Yellow_V2_300ml_PureWhite_1615x1615_8b0683b3-b619-4bd7-9aa7-47d18bea9a01.webp?v=1772238599,منتج غسول ون بوند للرجال 300 مل برائحة المانجو من One Bond. التصنيف المرجعي: العناية بالجسم — غسول للرجال. الوسوم المرجعية: Body Wash.,https://alfouadpharmacies.com/en/products/one-bond-for-men-wash-300-ml-mango,AlFouad Pharmacies,Verify usage rights before commercial publication,غير مثبت,غير مثبت,مرجعي فقط — غير معتمد للنشر التجاري,بيانات مرجعية متاحة؛ يلزم تحقق PM,ضمن الفحص المبدئي
10569889644847,fa-roll-on-50ml-freshly-free,فا رول أون مزيل عرق 50 مل، رائحة منعشة، مجاني,AlFouad Pharmacies,العناية بالجسم,العناية بالجسم,1,بسيط,91479,66,19.8,46.2,,غير متاح لدى المصدر,https://cdn.shopify.com/s/files/1/0935/9550/0847/files/Fa-Roll-_E2_80_93-on-50-ml-Freshly-Free-_D9_85_D9_83_D8_B1_D8_B1.webp?v=1753904337,منتج فا رول أون مزيل عرق 50 مل، رائحة منعشة، مجاني من AlFouad Pharmacies. التصنيف المرجعي: العناية بالجسم — بسيط. الوسوم المرجعية: Body Care، Deodrant.,https://alfouadpharmacies.com/en/products/fa-roll-on-50ml-freshly-free,AlFouad Pharmacies,Verify usage rights before commercial publication,غير مثبت,غير مثبت,مرجعي فقط — غير معتمد للنشر التجاري,بيانات مرجعية متاحة؛ يلزم تحقق PM,ضمن الفحص المبدئي
10569864282415,fa-eau-de-cologne-splash-250ml-perfect-wave-men,فَا عطر كولونيا سبلاش 250 مل بيرفكت ويف (للرجال),AlFouad Pharmacies,العناية بالجسم,العناية بالجسم,1,بسيط,84976,80,24,56,,غير متاح لدى المصدر,https://cdn.shopify.com/s/files/1/0935/9550/0847/files/Fa-Eau-De-Cologne-Splash-250-ml-Perfect-Wave-Men.webp?v=1754298303,منتج فَا عطر كولونيا سبلاش 250 مل بيرفكت ويف (للرجال) من AlFouad Pharmacies. التصنيف المرجعي: العناية بالجسم — بسيط. الوسوم المرجعية: Body Care، Body Spray، Deodrant.,https://alfouadpharmacies.com/en/products/fa-eau-de-cologne-splash-250ml-perfect-wave-men,AlFouad Pharmacies,Verify usage rights before commercial publication,غير مثبت,غير مثبت,مرجعي فقط — غير معتمد للنشر التجاري,بيانات مرجعية متاحة؛ يلزم تحقق PM,ضمن الفحص المبدئي
12689655759151,vaseline-petroleum-jelly-100ml-original,فازلين بتروليوم جيلي الأصلي 100 مل,Vaseline,العناية بالجسم,العناية بالجسم,1,فازلين مرطب للبشرة,16034,120,36,84,,متاح لدى المصدر,https://cdn.shopify.com/s/files/1/0935/9550/0847/files/Vaseline_Original_PureWhite_1615x1615_2ffe99c5-6b88-4d56-9a3a-66724acc83f4.webp?v=1772217548,منتج فازلين بتروليوم جيلي الأصلي 100 مل من Vaseline. التصنيف المرجعي: العناية بالجسم — فازلين مرطب للبشرة. الوسوم المرجعية: Body Care، Body Concerns، Dry Skin body concerns.,https://alfouadpharmacies.com/en/products/vaseline-petroleum-jelly-100ml-original,AlFouad Pharmacies,Verify usage rights before commercial publication,غير مثبت,غير مثبت,مرجعي فقط — غير معتمد للنشر التجاري,بيانات مرجعية متاحة؛ يلزم تحقق PM,ضمن الفحص المبدئي
10569927393583,vaseline-petroleum-jelly-100ml-cocoa-butter,فازلين جل بترولي 100 مل زبدة الكاكاو,Vaseline,العناية بالجسم,العناية بالجسم,1,بسيط,107023,100,30,70,,متاح لدى المصدر,https://cdn.shopify.com/s/files/1/0935/9550/0847/files/Vaseline-Petroleum-Jelly-100ML-Cocoa-Butter.webp?v=1754297811,منتج فازلين جل بترولي 100 مل زبدة الكاكاو من Vaseline. التصنيف المرجعي: العناية بالجسم — بسيط. الوسوم المرجعية: Body Care، Body Concerns، Dry Skin body concerns.,https://alfouadpharmacies.com/en/products/vaseline-petroleum-jelly-100ml-cocoa-butter,AlFouad Pharmacies,Verify usage rights before commercial publication,غير مثبت,غير مثبت,مرجعي فقط — غير معتمد للنشر التجاري,بيانات مرجعية متاحة؛ يلزم تحقق PM,ضمن الفحص المبدئي
10569927557423,vaseline-petroleum-jelly-250ml-cocoa-butter,فازلين جل بترولي 250 مل زبدة الكاكاو,Vaseline,العناية بالجسم,العناية بالجسم,1,بسيط,98551,228,68.4,159.6,,متاح لدى المصدر,https://cdn.shopify.com/s/files/1/0935/9550/0847/files/Vaseline-Petroleum-Jelly-250ML-Cocoa-Butter.webp?v=1754297809,منتج فازلين جل بترولي 250 مل زبدة الكاكاو من Vaseline. التصنيف المرجعي: العناية بالجسم — بسيط. الوسوم المرجعية: Body Care، Body Concerns، Dry Skin body concerns.,https://alfouadpharmacies.com/en/products/vaseline-petroleum-jelly-250ml-cocoa-butter,AlFouad Pharmacies,Verify usage rights before commercial publication,غير مثبت,غير مثبت,مرجعي فقط — غير معتمد للنشر التجاري,بيانات مرجعية متاحة؛ يلزم تحقق PM,ضمن الفحص المبدئي
10569927491887,vaseline-petroleum-jelly-100ml-original-off,فازلين جل بترولي أصلي 100 مل,Vaseline OFF,العناية بالجسم,العناية بالجسم,1,بسيط,104531,77,23.1,53.9,,غير متاح لدى المصدر,https://cdn.shopify.com/s/files/1/0935/9550/0847/files/Vaseline-Petroleum-Jelly-100ML-Orginal-Off.webp?v=1754297810,منتج فازلين جل بترولي أصلي 100 مل من Vaseline OFF. التصنيف المرجعي: العناية بالجسم — بسيط. الوسوم المرجعية: Body Care، Body Concerns، Dry Skin body concerns.,https://alfouadpharmacies.com/en/products/vaseline-petroleum-jelly-100ml-original-off,AlFouad Pharmacies,Verify usage rights before commercial publication,غير مثبت,غير مثبت,مرجعي فقط — غير معتمد للنشر التجاري,بيانات مرجعية متاحة؛ يلزم تحقق PM,ضمن الفحص المبدئي
10569927590191,vaseline-petroleum-jelly-250ml-original,فازلين جل بترولي أصلي 250 مل,Vaseline,العناية بالجسم,العناية بالجسم,1,بسيط,7091,228,68.4,159.6,,متاح لدى المصدر,https://cdn.shopify.com/s/files/1/0935/9550/0847/files/Vaseline-Petroleum-Jelly-250ML-Original.webp?v=1754297808,منتج فازلين جل بترولي أصلي 250 مل من Vaseline. التصنيف المرجعي: العناية بالجسم — بسيط. الوسوم المرجعية: Body Care، Body Concerns، Dry Skin body concerns.,https://alfouadpharmacies.com/en/products/vaseline-petroleum-jelly-250ml-original,AlFouad Pharmacies,Verify usage rights before commercial publication,غير مثبت,غير مثبت,مرجعي فقط — غير معتمد للنشر التجاري,بيانات مرجعية متاحة؛ يلزم تحقق PM,ضمن الفحص المبدئي
10569927360815,vaseline-petroleum-jelly-50ml-original,فازلين جل بترولي أصلي 50 مل,Vaseline,العناية بالجسم,العناية بالجسم,1,بسيط,98951,68,20.4,47.6,,متاح لدى المصدر,https://cdn.shopify.com/s/files/1/0935/9550/0847/files/Vaseline-Petroleum-Jelly-50ML-Original.webp?v=1754297811,منتج فازلين جل بترولي أصلي 50 مل من Vaseline. التصنيف المرجعي: العناية بالجسم — بسيط. الوسوم المرجعية: Body Care، Body Concerns، Dry Skin body concerns.,https://alfouadpharmacies.com/en/products/vaseline-petroleum-jelly-50ml-original,AlFouad Pharmacies,Verify usage rights before commercial publication,غير مثبت,غير مثبت,مرجعي فقط — غير معتمد للنشر التجاري,بيانات مرجعية متاحة؛ يلزم تحقق PM,ضمن الفحص المبدئي
10569927426351,vaseline-petroleum-jelly-100ml-cocoa-butter-off,فازلين جل بتروليوم 100 مل بدون زبدة الكاكاو,Vaseline OFF,العناية بالجسم,العناية بالجسم,1,بسيط,6058,108,32.4,75.6,,متاح لدى المصدر,https://cdn.shopify.com/s/files/1/0935/9550/0847/files/Vaseline-Petroleum-Jelly-100ML-Cocoa-Butter-Off.webp?v=1754297811,منتج فازلين جل بتروليوم 100 مل بدون زبدة الكاكاو من Vaseline OFF. التصنيف المرجعي: العناية بالجسم — بسيط. الوسوم المرجعية: Body Care، Body Concerns، Dry Skin body concerns.,https://alfouadpharmacies.com/en/products/vaseline-petroleum-jelly-100ml-cocoa-butter-off,AlFouad Pharmacies,Verify usage rights before commercial publication,غير مثبت,غير مثبت,مرجعي فقط — غير معتمد للنشر التجاري,بيانات مرجعية متاحة؛ يلزم تحقق PM,ضمن الفحص المبدئي
12689540546863,vaseline-body-gel-oil-cocoa-butter-200ml,فازلين جل للجسم بزيت زبدة الكاكاو 200 مل,Vaseline,العناية بالجسم,العناية بالجسم,1,,8101,510,153,357,,متاح لدى المصدر,https://cdn.shopify.com/s/files/1/0935/9550/0847/files/vaseline_cocoa_body_oil_1615.webp?v=1773279089,منتج فازلين جل للجسم بزيت زبدة الكاكاو 200 مل من Vaseline. التصنيف المرجعي: العناية بالجسم. الوسوم المرجعية: Body Care.,https://alfouadpharmacies.com/en/products/vaseline-body-gel-oil-cocoa-butter-200ml,AlFouad Pharmacies,Verify usage rights before commercial publication,غير مثبت,غير مثبت,مرجعي فقط — غير معتمد للنشر التجاري,بيانات مرجعية متاحة؛ يلزم تحقق PM,ضمن الفحص المبدئي
10569866051887,fogg-roll-on-50ml-lavender,فوج رول أون 50 مل باللافندر,fogg,العناية بالجسم,العناية بالجسم,1,بسيط,97009,75,22.5,52.5,0,متاح لدى المصدر,https://cdn.shopify.com/s/files/1/0935/9550/0847/files/Fogg-Roll-On-50ML-Lavender.webp?v=1754298286,منتج فوج رول أون 50 مل باللافندر من fogg. التصنيف المرجعي: العناية بالجسم — بسيط. الوسوم المرجعية: Body Care، Deodrant.,https://alfouadpharmacies.com/en/products/fogg-roll-on-50ml-lavender,AlFouad Pharmacies,Verify usage rights before commercial publication,غير مثبت,غير مثبت,مرجعي فقط — غير معتمد للنشر التجاري,بيانات مرجعية متاحة؛ يلزم تحقق PM,ضمن الفحص المبدئي
10569866084655,fogg-roll-on-50ml-splandid-women,فوج رول أون 50 مل سبلانيد/ نسائي,fogg,العناية بالجسم,العناية بالجسم,1,بسيط,91932,75,22.5,52.5,0,متاح لدى المصدر,https://cdn.shopify.com/s/files/1/0935/9550/0847/files/Fogg-Roll-On-50ML-Splandid-Women.webp?v=1754298285,منتج فوج رول أون 50 مل سبلانيد/ نسائي من fogg. التصنيف المرجعي: العناية بالجسم — بسيط. الوسوم المرجعية: Body Care، Body Spray، Deodrant.,https://alfouadpharmacies.com/en/products/fogg-roll-on-50ml-splandid-women,AlFouad Pharmacies,Verify usage rights before commercial publication,غير مثبت,غير مثبت,مرجعي فقط — غير معتمد للنشر التجاري,بيانات مرجعية متاحة؛ يلزم تحقق PM,ضمن الفحص المبدئي
10569865691439,fogg-fine-spray-120ml-brazilian-burst,فوج فاین سبراي عطر للجسم برازيليان بيرست 120 مل,fogg,العناية بالجسم,العناية بالجسم,1,بخاخ عطر للجسم,5855,160,48,112,0,متاح لدى المصدر,https://cdn.shopify.com/s/files/1/0935/9550/0847/files/Fogg-Fine-Spray-120ML-Brazilian-Burst.webp?v=1754298292,منتج فوج فاین سبراي عطر للجسم برازيليان بيرست 120 مل من fogg. التصنيف المرجعي: العناية بالجسم — بخاخ عطر للجسم. الوسوم المرجعية: Body Care، Body Spray، Deodrant.,https://alfouadpharmacies.com/en/products/fogg-fine-spray-120ml-brazilian-burst,AlFouad Pharmacies,Verify usage rights before commercial publication,غير مثبت,غير مثبت,مرجعي فقط — غير معتمد للنشر التجاري,بيانات مرجعية متاحة؛ يلزم تحقق PM,ضمن الفحص المبدئي
10569865953583,fogg-roll-on-50ml-absolute-men,فوغ رول أون 50 مل أبсолюت / للرجال,AlFouad Pharmacies,العناية بالجسم,العناية بالجسم,1,بسيط,9308,75,22.5,52.5,0,غير متاح لدى المصدر,https://cdn.shopify.com/s/files/1/0935/9550/0847/files/Fogg-Roll-On-50ML-Absolute-Men.webp?v=1754298287,منتج فوغ رول أون 50 مل أبсолюت / للرجال من AlFouad Pharmacies. التصنيف المرجعي: العناية بالجسم — بسيط. الوسوم المرجعية: Body Care، Deodrant.,https://alfouadpharmacies.com/en/products/fogg-roll-on-50ml-absolute-men,AlFouad Pharmacies,Verify usage rights before commercial publication,غير مثبت,غير مثبت,مرجعي فقط — غير معتمد للنشر التجاري,بيانات مرجعية متاحة؛ يلزم تحقق PM,ضمن الفحص المبدئي
10569906487599,vitacare-green-coffee-800-mg-complex20-cap,فيتا كير جرين كوفي 800 مجم 20 كبسولة | مكمل غذائي للاستخدام اليومي,Vitacare,العناية بالجسم,العناية بالجسم,1,بسيط,97990,550,165,385,,متاح لدى المصدر,https://cdn.shopify.com/s/files/1/0935/9550/0847/files/Vitacare-Green-Coffee-800-mg-COMPLEX20-Cap.webp?v=1754298056,منتج فيتا كير جرين كوفي 800 مجم 20 كبسولة | مكمل غذائي للاستخدام اليومي من Vitacare. التصنيف المرجعي: العناية بالجسم — بسيط. الوسوم المرجعية: Adult Vitamins، Body Care، Body Concerns، Firming، Slimming and weight loss، Vitamins & Supplements.,https://alfouadpharmacies.com/en/products/vitacare-green-coffee-800-mg-complex20-cap,AlFouad Pharmacies,Verify usage rights before commercial publication,غير مثبت,غير مثبت,مرجعي فقط — غير معتمد للنشر التجاري,بيانات مرجعية متاحة؛ يلزم تحقق PM,مراجعة نطاق/تنظيم قبل الإدراج
10569906225455,vitacare-garcinia-cambogia-1600-20-cap,فيتاتكير جارسينيامبوجيا 1600 ملغ، 20 كبسولة,Vitacare,العناية بالجسم,العناية بالجسم,1,بسيط,83932,499,149.7,349.3,,متاح لدى المصدر,https://cdn.shopify.com/s/files/1/0935/9550/0847/files/Vitacare-Garcinia-cambogia-1600-20-Cap.webp?v=1754298059,منتج فيتاتكير جارسينيامبوجيا 1600 ملغ، 20 كبسولة من Vitacare. التصنيف المرجعي: العناية بالجسم — بسيط. الوسوم المرجعية: Adult Vitamins، Body Care، Body Concerns، Firming، Slimming and weight loss، Vitamins & Supplements.,https://alfouadpharmacies.com/en/products/vitacare-garcinia-cambogia-1600-20-cap,AlFouad Pharmacies,Verify usage rights before commercial publication,غير مثبت,غير مثبت,مرجعي فقط — غير معتمد للنشر التجاري,بيانات مرجعية متاحة؛ يلزم تحقق PM,مراجعة نطاق/تنظيم قبل الإدراج
10569856254255,victoria-secret-splash-250-ml-lemon-escape,فيكتوريا سيكرت. رذاذ منعش 250 مل، رائحة الليمون.,Victoria Secret,العناية بالجسم,العناية بالجسم,1,بسيط,91552,350,105,245,,غير متاح لدى المصدر,https://cdn.shopify.com/s/files/1/0935/9550/0847/files/Victoria-Secret.-Splash-250-ml-Lemon-Escape.webp?v=1754298382,منتج فيكتوريا سيكرت. رذاذ منعش 250 مل، رائحة الليمون. من Victoria Secret. التصنيف المرجعي: العناية بالجسم — بسيط. الوسوم المرجعية: Body Care، Body Mist، Body Splash، Body Spray، Deodrant، Perfumes.,https://alfouadpharmacies.com/en/products/victoria-secret-splash-250-ml-lemon-escape,AlFouad Pharmacies,Verify usage rights before commercial publication,غير مثبت,غير مثبت,مرجعي فقط — غير معتمد للنشر التجاري,بيانات مرجعية متاحة؛ يلزم تحقق PM,ضمن الفحص المبدئي
10569914450223,acai-berry-diet-60tabnatrol,قرص أكاي بيري للرجيم 60 قرص (ناترول),Natrol,العناية بالجسم,العناية بالجسم,1,بسيط,105950,1250,375,875,,غير متاح لدى المصدر,https://cdn.shopify.com/s/files/1/0935/9550/0847/files/Acai-Berry-Diet-60TABNATROL-_D8_B4_D8_B1_D9_83_D8_A9.webp?v=1754297958,منتج قرص أكاي بيري للرجيم 60 قرص (ناترول) من Natrol. التصنيف المرجعي: العناية بالجسم — بسيط. الوسوم المرجعية: Adult Vitamins، Body Care، Body Concerns، Firming، Slimming and weight loss، Vitamins & Supplements.,https://alfouadpharmacies.com/en/products/acai-berry-diet-60tabnatrol,AlFouad Pharmacies,Verify usage rights before commercial publication,غير مثبت,غير مثبت,مرجعي فقط — غير معتمد للنشر التجاري,بيانات مرجعية متاحة؛ يلزم تحقق PM,مراجعة نطاق/تنظيم قبل الإدراج
10569993486639,gtt-blue2-plus-10pcs,قطرات Gtt BLUE.2 Plus، 10 قطع,AlFouad Pharmacies,العناية بالجسم,العناية بالجسم,1,بسيط,9178,200,60,140,,غير متاح لدى المصدر,https://cdn.shopify.com/s/files/1/0935/9550/0847/files/Gtt-BLUE.2-Plus-10PCS-447.webp?v=1754297187,منتج قطرات Gtt BLUE.2 Plus، 10 قطع من AlFouad Pharmacies. التصنيف المرجعي: العناية بالجسم — بسيط. الوسوم المرجعية: Body Care، Hair Removal، Razor Handel.,https://alfouadpharmacies.com/en/products/gtt-blue2-plus-10pcs,AlFouad Pharmacies,Verify usage rights before commercial publication,غير مثبت,غير مثبت,مرجعي فقط — غير معتمد للنشر التجاري,بيانات مرجعية متاحة؛ يلزم تحقق PM,ضمن الفحص المبدئي
10569993814319,gtt-blue3-sensitive-62-pcs,قطرات غسيل العين Gtt BLUE.3 للحساسية (6+2 قطعة),AlFouad Pharmacies,العناية بالجسم,العناية بالجسم,1,بسيط,91343,310,93,217,,متاح لدى المصدر,https://cdn.shopify.com/s/files/1/0935/9550/0847/files/Gtt-BLUE.3-Sensitive-62-Pcs-678.webp?v=1754297182,منتج قطرات غسيل العين Gtt BLUE.3 للحساسية (6+2 قطعة) من AlFouad Pharmacies. التصنيف المرجعي: العناية بالجسم — بسيط. الوسوم المرجعية: Body Care، Hair Removal، Razor Handel.,https://alfouadpharmacies.com/en/products/gtt-blue3-sensitive-62-pcs,AlFouad Pharmacies,Verify usage rights before commercial publication,غير مثبت,غير مثبت,مرجعي فقط — غير معتمد للنشر التجاري,بيانات مرجعية متاحة؛ يلزم تحقق PM,ضمن الفحص المبدئي
10569992667439,gtt-blue3-simple-1-pcs,قطرة زرقاء.3 بسيطة (1 قطعة),AlFouad Pharmacies,العناية بالجسم,العناية بالجسم,1,بسيط,1561,37.5,11.25,26.25,,متاح لدى المصدر,https://cdn.shopify.com/s/files/1/0935/9550/0847/files/Gtt-BLUE.3-Simple-1-Pcs-24XBOX-745.webp?v=1754297200,منتج قطرة زرقاء.3 بسيطة (1 قطعة) من AlFouad Pharmacies. التصنيف المرجعي: العناية بالجسم — بسيط. الوسوم المرجعية: Body Care، Hair Removal، Razor Handel.,https://alfouadpharmacies.com/en/products/gtt-blue3-simple-1-pcs,AlFouad Pharmacies,Verify usage rights before commercial publication,غير مثبت,غير مثبت,مرجعي فقط — غير معتمد للنشر التجاري,بيانات مرجعية متاحة؛ يلزم تحقق PM,ضمن الفحص المبدئي
10569992732975,gtt-blue3-comfort-1-pcs,قطرة عين Gtt BLUE.3 Comfort (قطعة واحدة),AlFouad Pharmacies,العناية بالجسم,العناية بالجسم,1,بسيط,5884,35,10.5,24.5,,غير متاح لدى المصدر,https://cdn.shopify.com/s/files/1/0935/9550/0847/files/Gtt-BLUE.3-Comfort-1-Pcs-149.webp?v=1754297199,منتج قطرة عين Gtt BLUE.3 Comfort (قطعة واحدة) من AlFouad Pharmacies. التصنيف المرجعي: العناية بالجسم — بسيط. الوسوم المرجعية: Body Care، Hair Removal، Razor Handel.,https://alfouadpharmacies.com/en/products/gtt-blue3-comfort-1-pcs,AlFouad Pharmacies,Verify usage rights before commercial publication,غير مثبت,غير مثبت,مرجعي فقط — غير معتمد للنشر التجاري,بيانات مرجعية متاحة؛ يلزم تحقق PM,ضمن الفحص المبدئي
10569904619823,vitacare-raspberry-ketone-complex-20-cap,كبسولات راسبيري كيتون كومبلكس من فيتاكير – 20 كبسولة,Vitacare,العناية بالجسم,العناية بالجسم,1,فيتامينات,6329,499,149.7,349.3,,متاح لدى المصدر,https://cdn.shopify.com/s/files/1/0935/9550/0847/files/Vitacare-Raspberry-Ketone-Complex-20-Cap.webp?v=1754298073,منتج كبسولات راسبيري كيتون كومبلكس من فيتاكير – 20 كبسولة من Vitacare. التصنيف المرجعي: العناية بالجسم — فيتامينات. الوسوم المرجعية: Body Care، Body Concerns، Firming، Slimming and weight loss، Vitamins & Supplements.,https://alfouadpharmacies.com/en/products/vitacare-raspberry-ketone-complex-20-cap,AlFouad Pharmacies,Verify usage rights before commercial publication,غير مثبت,غير مثبت,مرجعي فقط — غير معتمد للنشر التجاري,بيانات مرجعية متاحة؛ يلزم تحقق PM,مراجعة نطاق/تنظيم قبل الإدراج
10569919660335,chromium-500-gm-100-cap-puritans-pride,كروم 500 ملغ 100 كبسولة من بيوريتانز برايد,Puritan’s Pride,العناية بالجسم,العناية بالجسم,1,بسيط,90386,850,255,595,,متاح لدى المصدر,https://cdn.shopify.com/s/files/1/0935/9550/0847/files/Chromium-500-GM-100-Cap-Puritans-Pride-_D8_B4_D8_B1_D9_83_D8_A9.webp?v=1754297910,منتج كروم 500 ملغ 100 كبسولة من بيوريتانز برايد من Puritan’s Pride. التصنيف المرجعي: العناية بالجسم — بسيط. الوسوم المرجعية: Adult Vitamins، Body Care، Body Concerns، Firming، Slimming and weight loss، Vitamins & Supplements.,https://alfouadpharmacies.com/en/products/chromium-500-gm-100-cap-puritans-pride,AlFouad Pharmacies,Verify usage rights before commercial publication,غير مثبت,غير مثبت,مرجعي فقط — غير معتمد للنشر التجاري,بيانات مرجعية متاحة؛ يلزم تحقق PM,مراجعة نطاق/تنظيم قبل الإدراج
10569722036527,alejon-foot-cream-75ml,كريم أليجون للقدم 75 مل,ALEJON,العناية بالجسم,العناية بالجسم,1,بسيط,4227,295,88.5,206.5,,متاح لدى المصدر,https://cdn.shopify.com/s/files/1/0935/9550/0847/files/Alejon-Foot-Cream-75ml.webp?v=1754299191,منتج كريم أليجون للقدم 75 مل من ALEJON. التصنيف المرجعي: العناية بالجسم — بسيط. الوسوم المرجعية: Body Care، Body Concerns، Dry Skin body concerns، Foot، Hands & Feet.,https://alfouadpharmacies.com/en/products/alejon-foot-cream-75ml,AlFouad Pharmacies,Verify usage rights before commercial publication,غير مثبت,غير مثبت,مرجعي فقط — غير معتمد للنشر التجاري,بيانات مرجعية متاحة؛ يلزم تحقق PM,ضمن الفحص المبدئي
12689780932911,alejon-urea-cream-200ml,كريم أليجون يوريا 200 مل,ALEJON,العناية بالجسم,العناية بالجسم,1,بسيط,102809,380,114,266,,متاح لدى المصدر,https://cdn.shopify.com/s/files/1/0935/9550/0847/files/alejon_urea_cream_ecommerce.webp?v=1771832759,منتج كريم أليجون يوريا 200 مل من ALEJON. التصنيف المرجعي: العناية بالجسم — بسيط. الوسوم المرجعية: Body Care، Body Concerns، Body Cream، Keratosis Pilaris، Smooth Texture، urea.,https://alfouadpharmacies.com/en/products/alejon-urea-cream-200ml,AlFouad Pharmacies,Verify usage rights before commercial publication,غير مثبت,غير مثبت,مرجعي فقط — غير معتمد للنشر التجاري,بيانات مرجعية متاحة؛ يلزم تحقق PM,ضمن الفحص المبدئي
10569722396975,one-hair-removing-90gm-cream-sensitive-skin,كريم إزالة الشعر 90 جرام (للبشرة الحساسة),AlFouad Pharmacies,العناية بالجسم,العناية بالجسم,1,بسيط,98606,36,10.8,25.2,,متاح لدى المصدر,https://cdn.shopify.com/s/files/1/0935/9550/0847/files/One-Hair-Removing-140gm-Cream-Sensitive-Skin-2_5528a59f-f7d3-4cd9-b966-717f5aa42292.webp?v=1754299186,منتج كريم إزالة الشعر 90 جرام (للبشرة الحساسة) من AlFouad Pharmacies. التصنيف المرجعي: العناية بالجسم — بسيط. الوسوم المرجعية: Body Care، Hair Removal.,https://alfouadpharmacies.com/en/products/one-hair-removing-90gm-cream-sensitive-skin,AlFouad Pharmacies,Verify usage rights before commercial publication,غير مثبت,غير مثبت,مرجعي فقط — غير معتمد للنشر التجاري,بيانات مرجعية متاحة؛ يلزم تحقق PM,ضمن الفحص المبدئي
10569723543855,one-hair-removing-90gm-cream-normal-skin,كريم إزالة الشعر 90 جرام (للبشرة العادية),AlFouad Pharmacies,العناية بالجسم,العناية بالجسم,1,بسيط,92833,36,10.8,25.2,,متاح لدى المصدر,https://cdn.shopify.com/s/files/1/0935/9550/0847/files/One-Hair-Removing-140gm-Cream-Normal_426967f1-887a-4761-9e97-eb852fd8687e.webp?v=1754299170,منتج كريم إزالة الشعر 90 جرام (للبشرة العادية) من AlFouad Pharmacies. التصنيف المرجعي: العناية بالجسم — بسيط. الوسوم المرجعية: Body Care، Hair Removal.,https://alfouadpharmacies.com/en/products/one-hair-removing-90gm-cream-normal-skin,AlFouad Pharmacies,Verify usage rights before commercial publication,غير مثبت,غير مثبت,مرجعي فقط — غير معتمد للنشر التجاري,بيانات مرجعية متاحة؛ يلزم تحقق PM,ضمن الفحص المبدئي
10569723412783,one-hair-removing-140gm-cream-honey-dry-skin,كريم إزالة الشعر بالعسل 140 جرام (للبشرة الجافة),AlFouad Pharmacies,العناية بالجسم,العناية بالجسم,1,بسيط,83108,46,13.8,32.2,,متاح لدى المصدر,https://cdn.shopify.com/s/files/1/0935/9550/0847/files/One-Hair-Removing-140gm-Cream-Honey-Dry-Skin.webp?v=1754299172,منتج كريم إزالة الشعر بالعسل 140 جرام (للبشرة الجافة) من AlFouad Pharmacies. التصنيف المرجعي: العناية بالجسم — بسيط. الوسوم المرجعية: Body Care، Hair Removal.,https://alfouadpharmacies.com/en/products/one-hair-removing-140gm-cream-honey-dry-skin,AlFouad Pharmacies,Verify usage rights before commercial publication,غير مثبت,غير مثبت,مرجعي فقط — غير معتمد للنشر التجاري,بيانات مرجعية متاحة؛ يلزم تحقق PM,ضمن الفحص المبدئي
10569724002607,one-hair-removing-40gm-cream-honey-dry-skin,كريم إزالة الشعر بالعسل 40 جرام (للبشرة الجافة),AlFouad Pharmacies,العناية بالجسم,العناية بالجسم,1,بسيط,83212,24,7.2,16.8,,متاح لدى المصدر,https://cdn.shopify.com/s/files/1/0935/9550/0847/files/One-Hair-Removing-140gm-Cream-Honey-Dry-Skin-1_ffe5fc9e-9c9c-4d51-8a6f-c0dfac16df4a.webp?v=1754299165,منتج كريم إزالة الشعر بالعسل 40 جرام (للبشرة الجافة) من AlFouad Pharmacies. التصنيف المرجعي: العناية بالجسم — بسيط. الوسوم المرجعية: Body Care، Hair Removal.,https://alfouadpharmacies.com/en/products/one-hair-removing-40gm-cream-honey-dry-skin,AlFouad Pharmacies,Verify usage rights before commercial publication,غير مثبت,غير مثبت,مرجعي فقط — غير معتمد للنشر التجاري,بيانات مرجعية متاحة؛ يلزم تحقق PM,ضمن الفحص المبدئي
10569724264751,one-hair-removing-90gm-cream-in-show-fruit-off,كريم إزالة الشعر شو فروت أوف، 90 جرام.,AlFouad Pharmacies,العناية بالجسم,العناية بالجسم,1,بسيط,12397,36,10.8,25.2,,متاح لدى المصدر,https://cdn.shopify.com/s/files/1/0935/9550/0847/files/One-Hair-Removing-140gm-Cream-in-Show-Fruit-Off_9b080527-c4b5-4ba0-a0db-86209d6d6331.webp?v=1754299162,منتج كريم إزالة الشعر شو فروت أوف، 90 جرام. من AlFouad Pharmacies. التصنيف المرجعي: العناية بالجسم — بسيط. الوسوم المرجعية: Body Care، Hair Removal.,https://alfouadpharmacies.com/en/products/one-hair-removing-90gm-cream-in-show-fruit-off,AlFouad Pharmacies,Verify usage rights before commercial publication,غير مثبت,غير مثبت,مرجعي فقط — غير معتمد للنشر التجاري,بيانات مرجعية متاحة؛ يلزم تحقق PM,ضمن الفحص المبدئي
10569722691887,one-hair-removing-140gm-cream-normal,كريم إزالة الشعر ون، 140 غرام، عادي,AlFouad Pharmacies,العناية بالجسم,العناية بالجسم,1,بسيط,98602,46,13.8,32.2,,متاح لدى المصدر,https://cdn.shopify.com/s/files/1/0935/9550/0847/files/One-Hair-Removing-140gm-Cream-Normal.webp?v=1754299182,منتج كريم إزالة الشعر ون، 140 غرام، عادي من AlFouad Pharmacies. التصنيف المرجعي: العناية بالجسم — بسيط. الوسوم المرجعية: Body Care، Hair Removal.,https://alfouadpharmacies.com/en/products/one-hair-removing-140gm-cream-normal,AlFouad Pharmacies,Verify usage rights before commercial publication,غير مثبت,غير مثبت,مرجعي فقط — غير معتمد للنشر التجاري,بيانات مرجعية متاحة؛ يلزم تحقق PM,ضمن الفحص المبدئي
10569723740463,one-hair-removing-40gm-cream-normal,كريم إزالة الشعر ون، 40 غرام، عادي,AlFouad Pharmacies,العناية بالجسم,العناية بالجسم,1,بسيط,87639,24,7.2,16.8,,متاح لدى المصدر,https://cdn.shopify.com/s/files/1/0935/9550/0847/files/One-Hair-Removing-140gm-Cream-Normal-1.webp?v=1754299168,منتج كريم إزالة الشعر ون، 40 غرام، عادي من AlFouad Pharmacies. التصنيف المرجعي: العناية بالجسم — بسيط. الوسوم المرجعية: Body Care، Hair Removal.,https://alfouadpharmacies.com/en/products/one-hair-removing-40gm-cream-normal,AlFouad Pharmacies,Verify usage rights before commercial publication,غير مثبت,غير مثبت,مرجعي فقط — غير معتمد للنشر التجاري,بيانات مرجعية متاحة؛ يلزم تحقق PM,ضمن الفحص المبدئي
12689780113711,eva-skin-cream-170gm-glycerin,كريم إيفا للبشرة 170 غرام (غليسرين),AlFouad Pharmacies,العناية بالجسم,العناية بالجسم,1,بسيط,12440,75,22.5,52.5,,متاح لدى المصدر,https://cdn.shopify.com/s/files/1/0935/9550/0847/files/51UFe97j7gL_75ddb21f-02fc-4e2e-b541-9ac7e43e4be9.webp?v=1771844542,منتج كريم إيفا للبشرة 170 غرام (غليسرين) من AlFouad Pharmacies. التصنيف المرجعي: العناية بالجسم — بسيط. الوسوم المرجعية: Body Care، Body Concerns، Body Cream، Dry Skin body concerns.,https://alfouadpharmacies.com/en/products/eva-skin-cream-170gm-glycerin,AlFouad Pharmacies,Verify usage rights before commercial publication,غير مثبت,غير مثبت,مرجعي فقط — غير معتمد للنشر التجاري,بيانات مرجعية متاحة؛ يلزم تحقق PM,ضمن الفحص المبدئي
10569723380015,eva-skincare-hand-cream-60ml-in-the-cloud,كريم إيفا للعناية بالبشرة لليدين 60 مل في علبة سحابية,AlFouad Pharmacies,العناية بالجسم,العناية بالجسم,1,بسيط,19602,65,19.5,45.5,,متاح لدى المصدر,https://cdn.shopify.com/s/files/1/0935/9550/0847/files/Eva-Skincare-Hand-Cream-60ml-in-the-Cloud.webp?v=1754299172,منتج كريم إيفا للعناية بالبشرة لليدين 60 مل في علبة سحابية من AlFouad Pharmacies. التصنيف المرجعي: العناية بالجسم — بسيط. الوسوم المرجعية: Body Care، Body Concerns، Dry Skin body concerns، Hand، Hands & Feet.,https://alfouadpharmacies.com/en/products/eva-skincare-hand-cream-60ml-in-the-cloud,AlFouad Pharmacies,Verify usage rights before commercial publication,غير مثبت,غير مثبت,مرجعي فقط — غير معتمد للنشر التجاري,بيانات مرجعية متاحة؛ يلزم تحقق PM,ضمن الفحص المبدئي
10569724133679,eva-foot-cream-60ml-tropical,كريم إيفا للقدم 60 مل، رائحة استوائية,AlFouad Pharmacies,العناية بالجسم,العناية بالجسم,1,بسيط,8542,70,21,49,,متاح لدى المصدر,https://cdn.shopify.com/s/files/1/0935/9550/0847/files/Eva-Foot-Cream-60ml-Tropical.webp?v=1754299163,منتج كريم إيفا للقدم 60 مل، رائحة استوائية من AlFouad Pharmacies. التصنيف المرجعي: العناية بالجسم — بسيط. الوسوم المرجعية: Body Care، Body Concerns، Dry Skin body concerns، Foot، Hands & Feet.,https://alfouadpharmacies.com/en/products/eva-foot-cream-60ml-tropical,AlFouad Pharmacies,Verify usage rights before commercial publication,غير مثبت,غير مثبت,مرجعي فقط — غير معتمد للنشر التجاري,بيانات مرجعية متاحة؛ يلزم تحقق PM,ضمن الفحص المبدئي
10569722331439,eva-foot-cream-60ml-passion,كريم إيفا للقدم 60 مل، نكهة الشغف,AlFouad Pharmacies,العناية بالجسم,العناية بالجسم,1,بسيط,82527,70,21,49,,متاح لدى المصدر,https://cdn.shopify.com/s/files/1/0935/9550/0847/files/Eva-Foot-Cream-60ml-Passion.webp?v=1754299186,منتج كريم إيفا للقدم 60 مل، نكهة الشغف من AlFouad Pharmacies. التصنيف المرجعي: العناية بالجسم — بسيط. الوسوم المرجعية: Body Care، Body Concerns، Dry Skin body concerns، Foot، Hands & Feet.,https://alfouadpharmacies.com/en/products/eva-foot-cream-60ml-passion,AlFouad Pharmacies,Verify usage rights before commercial publication,غير مثبت,غير مثبت,مرجعي فقط — غير معتمد للنشر التجاري,بيانات مرجعية متاحة؛ يلزم تحقق PM,ضمن الفحص المبدئي
10569725313327,eva-hand-cream-60ml,كريم إيفا لليدين 60 مل,AlFouad Pharmacies,العناية بالجسم,العناية بالجسم,1,بسيط,80144,65,19.5,45.5,,متاح لدى المصدر,https://cdn.shopify.com/s/files/1/0935/9550/0847/files/Eva-Hand-Cream-60ml.webp?v=1754299148,منتج كريم إيفا لليدين 60 مل من AlFouad Pharmacies. التصنيف المرجعي: العناية بالجسم — بسيط. الوسوم المرجعية: Body Care، Body Concerns، Dry Skin body concerns، Hand، Hands & Feet.,https://alfouadpharmacies.com/en/products/eva-hand-cream-60ml,AlFouad Pharmacies,Verify usage rights before commercial publication,غير مثبت,غير مثبت,مرجعي فقط — غير معتمد للنشر التجاري,بيانات مرجعية متاحة؛ يلزم تحقق PM,ضمن الفحص المبدئي
10569722233135,eva-hand-cream-60ml-tropical,كريم إيفا لليدين 60 مل، رائحة استوائية,AlFouad Pharmacies,العناية بالجسم,العناية بالجسم,1,بسيط,9262,65,19.5,45.5,,متاح لدى المصدر,https://cdn.shopify.com/s/files/1/0935/9550/0847/files/Eva-Hand-Cream-60ml-Tropical.webp?v=1754299188,منتج كريم إيفا لليدين 60 مل، رائحة استوائية من AlFouad Pharmacies. التصنيف المرجعي: العناية بالجسم — بسيط. الوسوم المرجعية: Body Care، Body Concerns، Dry Skin body concerns، Hand، Hands & Feet.,https://alfouadpharmacies.com/en/products/eva-hand-cream-60ml-tropical,AlFouad Pharmacies,Verify usage rights before commercial publication,غير مثبت,غير مثبت,مرجعي فقط — غير معتمد للنشر التجاري,بيانات مرجعية متاحة؛ يلزم تحقق PM,ضمن الفحص المبدئي
10569722134831,eva-hand-cream-60ml-passion,كريم إيفا لليدين 60 مل، نكهة الشغف,AlFouad Pharmacies,العناية بالجسم,العناية بالجسم,1,بسيط,99101,65,19.5,45.5,,متاح لدى المصدر,https://cdn.shopify.com/s/files/1/0935/9550/0847/files/Eva-Hand-Cream-60ml-Passion.webp?v=1754299190,منتج كريم إيفا لليدين 60 مل، نكهة الشغف من AlFouad Pharmacies. التصنيف المرجعي: العناية بالجسم — بسيط. الوسوم المرجعية: Body Care، Body Concerns، Dry Skin body concerns، Hand، Hands & Feet.,https://alfouadpharmacies.com/en/products/eva-hand-cream-60ml-passion,AlFouad Pharmacies,Verify usage rights before commercial publication,غير مثبت,غير مثبت,مرجعي فقط — غير معتمد للنشر التجاري,بيانات مرجعية متاحة؛ يلزم تحقق PM,ضمن الفحص المبدئي
10569723248943,eva-natural-glow-sensitive-area-light-cream-50gm,كريم إيفا ناتشورال جلو المفتح للبشرة الحساسة 50 جم,AlFouad Pharmacies,العناية بالجسم,العناية بالجسم,1,بسيط,5900,80,24,56,,متاح لدى المصدر,https://cdn.shopify.com/s/files/1/0935/9550/0847/files/Eva-Natural-Glow-Sensitive-Area-Light-Cream-50gm.webp?v=1754299174,منتج كريم إيفا ناتشورال جلو المفتح للبشرة الحساسة 50 جم من AlFouad Pharmacies. التصنيف المرجعي: العناية بالجسم — بسيط. الوسوم المرجعية: Body Care، Body Concerns، Body Cream، Dry Skin body concerns، Intimate Care.,https://alfouadpharmacies.com/en/products/eva-natural-glow-sensitive-area-light-cream-50gm,AlFouad Pharmacies,Verify usage rights before commercial publication,غير مثبت,غير مثبت,مرجعي فقط — غير معتمد للنشر التجاري,بيانات مرجعية متاحة؛ يلزم تحقق PM,ضمن الفحص المبدئي
10569722298671,eva-shower-cream-tropical-250ml,كريم استحمام إيفا تروبيكال 250 مل,AlFouad Pharmacies,العناية بالجسم,العناية بالجسم,1,بسيط,110951,100,30,70,,متاح لدى المصدر,https://cdn.shopify.com/s/files/1/0935/9550/0847/files/Eva-Shower-Cream-Tropical-250ml.webp?v=1754299187,منتج كريم استحمام إيفا تروبيكال 250 مل من AlFouad Pharmacies. التصنيف المرجعي: العناية بالجسم — بسيط. الوسوم المرجعية: Body Care، Body Concerns، Body Wash، Dry Skin body concerns.,https://alfouadpharmacies.com/en/products/eva-shower-cream-tropical-250ml,AlFouad Pharmacies,Verify usage rights before commercial publication,غير مثبت,غير مثبت,مرجعي فقط — غير معتمد للنشر التجاري,بيانات مرجعية متاحة؛ يلزم تحقق PM,ضمن الفحص المبدئي
10569723216175,eva-senses-shower-cream-250ml-gold-spell,كريم استحمام إيفا سينسز 250 مل سحر ذهبي,AlFouad Pharmacies,العناية بالجسم,العناية بالجسم,1,بسيط,19113,100,30,70,,متاح لدى المصدر,https://cdn.shopify.com/s/files/1/0935/9550/0847/files/Eva-Senses-Shower-Cream-250ml-Gold-Spell.webp?v=1754299174,منتج كريم استحمام إيفا سينسز 250 مل سحر ذهبي من AlFouad Pharmacies. التصنيف المرجعي: العناية بالجسم — بسيط. الوسوم المرجعية: Body Care، Body Concerns، Body Wash، Dry Skin body concerns.,https://alfouadpharmacies.com/en/products/eva-senses-shower-cream-250ml-gold-spell,AlFouad Pharmacies,Verify usage rights before commercial publication,غير مثبت,غير مثبت,مرجعي فقط — غير معتمد للنشر التجاري,بيانات مرجعية متاحة؛ يلزم تحقق PM,ضمن الفحص المبدئي
10569723511087,eva-senses-shower-cream-250ml-summer-twist,كريم استحمام إيفا سينسز 250 مل، رائحة الصيف المنعشة,AlFouad Pharmacies,العناية بالجسم,العناية بالجسم,1,بسيط,16821,100,30,70,,متاح لدى المصدر,https://cdn.shopify.com/s/files/1/0935/9550/0847/files/Eva-Senses-Shower-Cream-250ml-Summer-Twist.webp?v=1754299170,منتج كريم استحمام إيفا سينسز 250 مل، رائحة الصيف المنعشة من AlFouad Pharmacies. التصنيف المرجعي: العناية بالجسم — بسيط. الوسوم المرجعية: Body Care، Body Concerns، Body Wash، Dry Skin body concerns.,https://alfouadpharmacies.com/en/products/eva-senses-shower-cream-250ml-summer-twist,AlFouad Pharmacies,Verify usage rights before commercial publication,غير مثبت,غير مثبت,مرجعي فقط — غير معتمد للنشر التجاري,بيانات مرجعية متاحة؛ يلزم تحقق PM,ضمن الفحص المبدئي
10569722757423,eva-senses-shower-cream-250ml-in-the-clouds,كريم استحمام إيفا سينسز 250 مل، رائحة الغيوم,AlFouad Pharmacies,العناية بالجسم,العناية بالجسم,1,بسيط,20454,100,30,70,,متاح لدى المصدر,https://cdn.shopify.com/s/files/1/0935/9550/0847/files/Eva-Senses-Shower-Cream-250ml-in-the-Clouds.webp?v=1754299181,منتج كريم استحمام إيفا سينسز 250 مل، رائحة الغيوم من AlFouad Pharmacies. التصنيف المرجعي: العناية بالجسم — بسيط. الوسوم المرجعية: Body Care، Body Concerns، Body Wash، Dry Skin body concerns.,https://alfouadpharmacies.com/en/products/eva-senses-shower-cream-250ml-in-the-clouds,AlFouad Pharmacies,Verify usage rights before commercial publication,غير مثبت,غير مثبت,مرجعي فقط — غير معتمد للنشر التجاري,بيانات مرجعية متاحة؛ يلزم تحقق PM,ضمن الفحص المبدئي
10569721905455,eva-skin-care-shower-cream-250ml,كريم استحمام إيفا للعناية بالبشرة 250 مل,AlFouad Pharmacies,العناية بالجسم,العناية بالجسم,1,بسيط,15039,100,30,70,,متاح لدى المصدر,https://cdn.shopify.com/s/files/1/0935/9550/0847/files/Eva-Skin-Care-Shower-Cream-250ml.webp?v=1754299195,منتج كريم استحمام إيفا للعناية بالبشرة 250 مل من AlFouad Pharmacies. التصنيف المرجعي: العناية بالجسم — بسيط. الوسوم المرجعية: Body Care، Body Wash.,https://alfouadpharmacies.com/en/products/eva-skin-care-shower-cream-250ml,AlFouad Pharmacies,Verify usage rights before commercial publication,غير مثبت,غير مثبت,مرجعي فقط — غير معتمد للنشر التجاري,بيانات مرجعية متاحة؛ يلزم تحقق PM,ضمن الفحص المبدئي
10569722167599,eva-shower-cream-passion-250ml,كريم استحمام إيفا، رائحة العاطفة، 250 مل,AlFouad Pharmacies,العناية بالجسم,العناية بالجسم,1,بسيط,110952,100,30,70,,متاح لدى المصدر,https://cdn.shopify.com/s/files/1/0935/9550/0847/files/Eva-Shower-Cream-Passion-250ml.webp?v=1754299189,منتج كريم استحمام إيفا، رائحة العاطفة، 250 مل من AlFouad Pharmacies. التصنيف المرجعي: العناية بالجسم — بسيط. الوسوم المرجعية: Body Care، Body Concerns، Body Wash، Dry Skin body concerns.,https://alfouadpharmacies.com/en/products/eva-shower-cream-passion-250ml,AlFouad Pharmacies,Verify usage rights before commercial publication,غير مثبت,غير مثبت,مرجعي فقط — غير معتمد للنشر التجاري,بيانات مرجعية متاحة؛ يلزم تحقق PM,ضمن الفحص المبدئي
12689540907311,eva-recipe-berries-scent-shower-cream-370ml,كريم استحمام برائحة التوت من إيفا ريسيب، 370 مل,AlFouad Pharmacies,العناية بالجسم,العناية بالجسم,1,,113494,130,39,91,,متاح لدى المصدر,https://cdn.shopify.com/s/files/1/0935/9550/0847/files/2OjpPybH99ydeRukbO32GdeQ3j0oyfpQaSYqpqm8.webp?v=1771846825,منتج كريم استحمام برائحة التوت من إيفا ريسيب، 370 مل من AlFouad Pharmacies. التصنيف المرجعي: العناية بالجسم. الوسوم المرجعية: Body Care، Body Wash، shower gel.,https://alfouadpharmacies.com/en/products/eva-recipe-berries-scent-shower-cream-370ml,AlFouad Pharmacies,Verify usage rights before commercial publication,غير مثبت,غير مثبت,مرجعي فقط — غير معتمد للنشر التجاري,بيانات مرجعية متاحة؛ يلزم تحقق PM,ضمن الفحص المبدئي
12689540874543,eva-recipe-coconut-scent-shower-cream-370ml,كريم استحمام برائحة جوز الهند من إيفا ريسيب، 370 مل,AlFouad Pharmacies,العناية بالجسم,العناية بالجسم,1,,113493,130,39,91,,متاح لدى المصدر,https://cdn.shopify.com/s/files/1/0935/9550/0847/files/1_1_954db0d3-21b2-4a26-82dd-803ddd52e13b.webp?v=1771846848,منتج كريم استحمام برائحة جوز الهند من إيفا ريسيب، 370 مل من AlFouad Pharmacies. التصنيف المرجعي: العناية بالجسم. الوسوم المرجعية: Body Care، Body Wash، shower gel.,https://alfouadpharmacies.com/en/products/eva-recipe-coconut-scent-shower-cream-370ml,AlFouad Pharmacies,Verify usage rights before commercial publication,غير مثبت,غير مثبت,مرجعي فقط — غير معتمد للنشر التجاري,بيانات مرجعية متاحة؛ يلزم تحقق PM,ضمن الفحص المبدئي
10569740386607,كريم-الجسم-المرطب-للغاية-بيرفيديرم-من-بيونيكس-250-مل,كريم الجسم المرطب للغاية بيرفيديرم من بيونيكس 250 مل,BIONNEX,العناية بالجسم,العناية بالجسم,1,كريم للجسم ,26166,519,155.7,363.3,,متاح لدى المصدر,https://cdn.shopify.com/s/files/1/0935/9550/0847/files/1_-_2026-07-29T113644.944.webp?v=1785314226,منتج كريم الجسم المرطب للغاية بيرفيديرم من بيونيكس 250 مل من BIONNEX. التصنيف المرجعي: العناية بالجسم — كريم للجسم . الوسوم المرجعية: Body Care، Body Concerns، Body Cream، Body Lotion، Dry Skin body concerns.,https://alfouadpharmacies.com/en/products/كريم-الجسم-المرطب-للغاية-بيرفيديرم-من-بيونيكس-250-مل,AlFouad Pharmacies,Verify usage rights before commercial publication,غير مثبت,غير مثبت,مرجعي فقط — غير معتمد للنشر التجاري,بيانات مرجعية متاحة؛ يلزم تحقق PM,ضمن الفحص المبدئي
10569724821807,infinity-naturals-body-cream-strawberry-250gm,كريم الجسم بالفراولة من إنفينيتي ناتشورالز 250 غرام,AlFouad Pharmacies,العناية بالجسم,العناية بالجسم,1,بسيط,,280,84,196,,غير متاح لدى المصدر,https://cdn.shopify.com/s/files/1/0935/9550/0847/files/Infinity-Naturals-Body-Cream-Strawberry-250gm.webp?v=1754299154,منتج كريم الجسم بالفراولة من إنفينيتي ناتشورالز 250 غرام من AlFouad Pharmacies. التصنيف المرجعي: العناية بالجسم — بسيط. الوسوم المرجعية: Body Care، Body Cream.,https://alfouadpharmacies.com/en/products/infinity-naturals-body-cream-strawberry-250gm,AlFouad Pharmacies,Verify usage rights before commercial publication,غير مثبت,غير مثبت,مرجعي فقط — غير معتمد للنشر التجاري,بيانات مرجعية متاحة؛ يلزم تحقق PM,ضمن الفحص المبدئي
10569724756271,infinity-naturals-body-cream-lavander-250gm,كريم الجسم باللافندر من إنفينيتي ناتشورالز 250 غرام,AlFouad Pharmacies,العناية بالجسم,العناية بالجسم,1,بسيط,,280,84,196,,غير متاح لدى المصدر,https://cdn.shopify.com/s/files/1/0935/9550/0847/files/Infinity-Naturals-Body-Cream-Lavander-250gm.webp?v=1754299155,منتج كريم الجسم باللافندر من إنفينيتي ناتشورالز 250 غرام من AlFouad Pharmacies. التصنيف المرجعي: العناية بالجسم — بسيط. الوسوم المرجعية: Body Care، Body Concerns، Body Cream، Dry Skin body concerns.,https://alfouadpharmacies.com/en/products/infinity-naturals-body-cream-lavander-250gm,AlFouad Pharmacies,Verify usage rights before commercial publication,غير مثبت,غير مثبت,مرجعي فقط — غير معتمد للنشر التجاري,بيانات مرجعية متاحة؛ يلزم تحقق PM,ضمن الفحص المبدئي
12689746624815,cerave-reparative-hand-cream-50ml,كريم اليدين الترميمي من سيرافي 50 مل,cerave,العناية بالجسم,العناية بالجسم,1,بسيط,96471,350,105,245,,متاح لدى المصدر,https://cdn.shopify.com/s/files/1/0935/9550/0847/files/2_-_2026-07-28T113514.198.webp?v=1785227733,منتج كريم اليدين الترميمي من سيرافي 50 مل من cerave. التصنيف المرجعي: العناية بالجسم — بسيط. الوسوم المرجعية: Body Care، Body Concerns، Dry Skin body concerns، Hand، Hands & Feet.,https://alfouadpharmacies.com/en/products/cerave-reparative-hand-cream-50ml,AlFouad Pharmacies,Verify usage rights before commercial publication,غير مثبت,غير مثبت,مرجعي فقط — غير معتمد للنشر التجاري,بيانات مرجعية متاحة؛ يلزم تحقق PM,ضمن الفحص المبدئي
10569724723503,infinity-naturals-hand-cream-150gm,كريم اليدين من إنفينيتي ناتشورالز 150 جرام,AlFouad Pharmacies,العناية بالجسم,العناية بالجسم,1,بسيط,,150,45,105,,غير متاح لدى المصدر,https://cdn.shopify.com/s/files/1/0935/9550/0847/files/Infinity-Naturals-Hand-Cream-150gm.webp?v=1754299156,منتج كريم اليدين من إنفينيتي ناتشورالز 150 جرام من AlFouad Pharmacies. التصنيف المرجعي: العناية بالجسم — بسيط. الوسوم المرجعية: Body Care، Body Concerns، Dry Skin body concerns، Hand، Hands & Feet.,https://alfouadpharmacies.com/en/products/infinity-naturals-hand-cream-150gm,AlFouad Pharmacies,Verify usage rights before commercial publication,غير مثبت,غير مثبت,مرجعي فقط — غير معتمد للنشر التجاري,بيانات مرجعية متاحة؛ يلزم تحقق PM,ضمن الفحص المبدئي
10569815753007,mood-bali-hand-cream-50gm,كريم اليدين مود بالي 50 جرام,MOOD,العناية بالجسم,العناية بالجسم,1,بسيط,85416,75,22.5,52.5,89,متاح لدى المصدر,https://cdn.shopify.com/s/files/1/0935/9550/0847/files/Aromal_sunscreen_gel_3.webp?v=1788856152,منتج كريم اليدين مود بالي 50 جرام من MOOD. التصنيف المرجعي: العناية بالجسم — بسيط. الوسوم المرجعية: Body Care، Body Concerns، Dry Skin body concerns، Hand، Hands & Feet، mood offer.,https://alfouadpharmacies.com/en/products/mood-bali-hand-cream-50gm,AlFouad Pharmacies,Verify usage rights before commercial publication,غير مثبت,غير مثبت,مرجعي فقط — غير معتمد للنشر التجاري,بيانات مرجعية متاحة؛ يلزم تحقق PM,ضمن الفحص المبدئي
10569816441135,mood-tahiti-hand-cream-50gm,كريم اليدين مود تاهيتي 50 جرام,MOOD,العناية بالجسم,العناية بالجسم,1,بسيط,86287,75,22.5,52.5,,متاح لدى المصدر,https://cdn.shopify.com/s/files/1/0935/9550/0847/files/Mood-Tahiti-Hand-Cream-50gm.webp?v=1754298693,منتج كريم اليدين مود تاهيتي 50 جرام من MOOD. التصنيف المرجعي: العناية بالجسم — بسيط. الوسوم المرجعية: Body Care، Body Concerns، Dry Skin body concerns، Hand، Hands & Feet.,https://alfouadpharmacies.com/en/products/mood-tahiti-hand-cream-50gm,AlFouad Pharmacies,Verify usage rights before commercial publication,غير مثبت,غير مثبت,مرجعي فقط — غير معتمد للنشر التجاري,بيانات مرجعية متاحة؛ يلزم تحقق PM,ضمن الفحص المبدئي
10569816375599,mood-khaliji-hand-cream-50gm,كريم اليدين مود خليجي 50 جرام,MOOD,العناية بالجسم,العناية بالجسم,1,بسيط,88814,75,22.5,52.5,,متاح لدى المصدر,https://cdn.shopify.com/s/files/1/0935/9550/0847/files/Mood-Khaliji-Hand-Cream-50gm.webp?v=1754298695,منتج كريم اليدين مود خليجي 50 جرام من MOOD. التصنيف المرجعي: العناية بالجسم — بسيط. الوسوم المرجعية: Body Care، Body Concerns، Dry Skin body concerns، Hand، Hands & Feet.,https://alfouadpharmacies.com/en/products/mood-khaliji-hand-cream-50gm,AlFouad Pharmacies,Verify usage rights before commercial publication,غير مثبت,غير مثبت,مرجعي فقط — غير معتمد للنشر التجاري,بيانات مرجعية متاحة؛ يلزم تحقق PM,ضمن الفحص المبدئي
10569816244527,mood-vienna-hand-cream-50gm,كريم اليدين مود فيينا 50 جم,MOOD,العناية بالجسم,العناية بالجسم,1,بسيط,86285,75,22.5,52.5,,متاح لدى المصدر,https://cdn.shopify.com/s/files/1/0935/9550/0847/files/Mood-Vienna-Hand-Cream-50gm.webp?v=1754298695,منتج كريم اليدين مود فيينا 50 جم من MOOD. التصنيف المرجعي: العناية بالجسم — بسيط. الوسوم المرجعية: Body Care، Body Concerns، Dry Skin body concerns، Hand، Hands & Feet.,https://alfouadpharmacies.com/en/products/mood-vienna-hand-cream-50gm,AlFouad Pharmacies,Verify usage rights before commercial publication,غير مثبت,غير مثبت,مرجعي فقط — غير معتمد للنشر التجاري,بيانات مرجعية متاحة؛ يلزم تحقق PM,ضمن الفحص المبدئي
10569816408367,mood-latino-hand-cream-50gm,كريم اليدين مود لاتينو 50 جرام,MOOD,العناية بالجسم,العناية بالجسم,1,بسيط,86286,75,22.5,52.5,,متاح لدى المصدر,https://cdn.shopify.com/s/files/1/0935/9550/0847/files/Mood-Latino-Hand-Cream-50gm.webp?v=1754298694,منتج كريم اليدين مود لاتينو 50 جرام من MOOD. التصنيف المرجعي: العناية بالجسم — بسيط. الوسوم المرجعية: Body Care، Body Concerns، Dry Skin body concerns، Hand، Hands & Feet.,https://alfouadpharmacies.com/en/products/mood-latino-hand-cream-50gm,AlFouad Pharmacies,Verify usage rights before commercial publication,غير مثبت,غير مثبت,مرجعي فقط — غير معتمد للنشر التجاري,بيانات مرجعية متاحة؛ يلزم تحقق PM,ضمن الفحص المبدئي
10569816015151,mood-hawaii-hand-cream-50gm,كريم اليدين موود هاواي 50 جرام,MOOD,العناية بالجسم,العناية بالجسم,1,بسيط,85463,75,22.5,52.5,,متاح لدى المصدر,https://cdn.shopify.com/s/files/1/0935/9550/0847/files/Mood-Hawaii-Hand-Cream-50gm.webp?v=1754298697,منتج كريم اليدين موود هاواي 50 جرام من MOOD. التصنيف المرجعي: العناية بالجسم — بسيط. الوسوم المرجعية: Body Care، Body Concerns، Dry Skin body concerns، Hand، Hands & Feet.,https://alfouadpharmacies.com/en/products/mood-hawaii-hand-cream-50gm,AlFouad Pharmacies,Verify usage rights before commercial publication,غير مثبت,غير مثبت,مرجعي فقط — غير معتمد للنشر التجاري,بيانات مرجعية متاحة؛ يلزم تحقق PM,ضمن الفحص المبدئي
10569736388911,avene-cicalfate-hand-cream-100ml,كريم ايفان سييكالفات لليدين 100 مل,Avene,العناية بالجسم,العناية بالجسم,1,كريم اليد,24127,669,200.7,468.3,,متاح لدى المصدر,https://cdn.shopify.com/s/files/1/0935/9550/0847/files/AveneCicalfateHandCream100ml_61bf2f3f-7e79-4811-af38-0adfdb701940.webp?v=1785927972,منتج كريم ايفان سييكالفات لليدين 100 مل من Avene. التصنيف المرجعي: العناية بالجسم — كريم اليد. الوسوم المرجعية: Body Care، Body Concerns، Dry Skin body concerns، Hand، Hands & Feet.,https://alfouadpharmacies.com/en/products/avene-cicalfate-hand-cream-100ml,AlFouad Pharmacies,Verify usage rights before commercial publication,غير مثبت,غير مثبت,مرجعي فقط — غير معتمد للنشر التجاري,بيانات مرجعية متاحة؛ يلزم تحقق PM,ضمن الفحص المبدئي
10569725182255,penduline-broadbill-skin-firming-cream-120ml,كريم بندولين برودبيل لشد البشرة 120 مل,Penduline,العناية بالجسم,العناية بالجسم,1,بسيط,,120,36,84,,غير متاح لدى المصدر,https://cdn.shopify.com/s/files/1/0935/9550/0847/files/Penduline-Broadbill-Skin-Firming-Cream-120ml.webp?v=1754299150,منتج كريم بندولين برودبيل لشد البشرة 120 مل من Penduline. التصنيف المرجعي: العناية بالجسم — بسيط. الوسوم المرجعية: Body Care، Body Concerns، Body Cream، Firming.,https://alfouadpharmacies.com/en/products/penduline-broadbill-skin-firming-cream-120ml,AlFouad Pharmacies,Verify usage rights before commercial publication,غير مثبت,غير مثبت,مرجعي فقط — غير معتمد للنشر التجاري,بيانات مرجعية متاحة؛ يلزم تحقق PM,ضمن الفحص المبدئي
10569734127919,atoderm-handampnail-cream-50ml,كريم بيوديرما أتوديرم لليدين والأظافر 50 مل,Bioderma,العناية بالجسم,العناية بالجسم,1,بسيط,86562,499,149.7,349.3,0,متاح لدى المصدر,https://cdn.shopify.com/s/files/1/0935/9550/0847/files/Atoderm-HandNail-Cream-50ML.webp?v=1754299002,منتج كريم بيوديرما أتوديرم لليدين والأظافر 50 مل من Bioderma. التصنيف المرجعي: العناية بالجسم — بسيط. الوسوم المرجعية: Body Care، Body Concerns، Dry Skin body concerns، Hand، Hands & Feet.,https://alfouadpharmacies.com/en/products/atoderm-handampnail-cream-50ml,AlFouad Pharmacies,Verify usage rights before commercial publication,غير مثبت,غير مثبت,مرجعي فقط — غير معتمد للنشر التجاري,بيانات مرجعية متاحة؛ يلزم تحقق PM,ضمن الفحص المبدئي
10569895805231,jampj-intense-cream-faceampbody-200ml,كريم جونسون آند جونسون المكثف للوجه والجسم 200 مل,J&J,العناية بالجسم,العناية بالجسم,1,بسيط,95775,160,48,112,,متاح لدى المصدر,https://cdn.shopify.com/s/files/1/0935/9550/0847/files/JJ-Intense-Cream-FaceBody-200ML.webp?v=1754298195,منتج كريم جونسون آند جونسون المكثف للوجه والجسم 200 مل من J&J. التصنيف المرجعي: العناية بالجسم — بسيط. الوسوم المرجعية: Body Care، Body Concerns، Body Cream، Dry Skin body concerns.,https://alfouadpharmacies.com/en/products/jampj-intense-cream-faceampbody-200ml,AlFouad Pharmacies,Verify usage rights before commercial publication,غير مثبت,غير مثبت,مرجعي فقط — غير معتمد للنشر التجاري,بيانات مرجعية متاحة؛ يلزم تحقق PM,ضمن الفحص المبدئي
10569930277167,dermactive-acti-repair-foot-cream-60ml,كريم ديرم اكتيف اكتي-ريبير للقدم 60 مل,DERMACTIVE,العناية بالجسم,العناية بالجسم,1,بسيط,112522,179,53.7,125.3,,متاح لدى المصدر,https://cdn.shopify.com/s/files/1/0935/9550/0847/files/Dermactive-Acti-Repair-Foot-Cream-60ML-2.webp?v=1754297794,منتج كريم ديرم اكتيف اكتي-ريبير للقدم 60 مل من DERMACTIVE. التصنيف المرجعي: العناية بالجسم — بسيط. الوسوم المرجعية: Body Care، Body Concerns، Dry Skin body concerns، Foot، Hands & Feet.,https://alfouadpharmacies.com/en/products/dermactive-acti-repair-foot-cream-60ml,AlFouad Pharmacies,Verify usage rights before commercial publication,غير مثبت,غير مثبت,مرجعي فقط — غير معتمد للنشر التجاري,بيانات مرجعية متاحة؛ يلزم تحقق PM,ضمن الفحص المبدئي
12689655660847,dermactive-acti-repair-hand-cream-60ml,كريم ديرم اكتيف اكتي-ريبير لليدين 60 مل,DERMACTIVE,العناية بالجسم,العناية بالجسم,1,بسيط,112521,179,53.7,125.3,,متاح لدى المصدر,https://cdn.shopify.com/s/files/1/0935/9550/0847/files/dermactive_acti_repair_hand_cream_1615x1615_fdc660dc-4c34-405a-800c-a79bf0e7661e.webp?v=1771749463,منتج كريم ديرم اكتيف اكتي-ريبير لليدين 60 مل من DERMACTIVE. التصنيف المرجعي: العناية بالجسم — بسيط. الوسوم المرجعية: Body Care، Body Concerns، Dry Skin body concerns، Hand، Hands & Feet.,https://alfouadpharmacies.com/en/products/dermactive-acti-repair-hand-cream-60ml,AlFouad Pharmacies,Verify usage rights before commercial publication,غير مثبت,غير مثبت,مرجعي فقط — غير معتمد للنشر التجاري,بيانات مرجعية متاحة؛ يلزم تحقق PM,ضمن الفحص المبدئي
16107354325295,كريم-سترالاين-المرطب,كريم سترالاين المرطب,HAYAH,العناية بالجسم,العناية بالجسم,1,مرطب للجسم ,12622,587,176.1,410.9,,متاح لدى المصدر,https://cdn.shopify.com/s/files/1/0935/9550/0847/files/Hayah_laboratories_03-09-20261228.webp?v=1785589908,منتج كريم سترالاين المرطب من HAYAH. التصنيف المرجعي: العناية بالجسم — مرطب للجسم . الوسوم المرجعية: Body Cream، Body Lotion، Body Milk.,https://alfouadpharmacies.com/en/products/كريم-سترالاين-المرطب,AlFouad Pharmacies,Verify usage rights before commercial publication,غير مثبت,غير مثبت,مرجعي فقط — غير معتمد للنشر التجاري,بيانات مرجعية متاحة؛ يلزم تحقق PM,ضمن الفحص المبدئي
16107350688047,كريم-سترالاين-المرطب-200مل,كريم سترالاين المرطب 200مل,HAYAH,العناية بالجسم,العناية بالجسم,1,كريم  المرطب,109249,326,97.8,228.2,,متاح لدى المصدر,https://cdn.shopify.com/s/files/1/0935/9550/0847/files/Hayah_laboratories_03-09-20261230.webp?v=1785588365,منتج كريم سترالاين المرطب 200مل من HAYAH. التصنيف المرجعي: العناية بالجسم — كريم  المرطب. الوسوم المرجعية: Body Care، Body Cream، Creams.,https://alfouadpharmacies.com/en/products/كريم-سترالاين-المرطب-200مل,AlFouad Pharmacies,Verify usage rights before commercial publication,غير مثبت,غير مثبت,مرجعي فقط — غير معتمد للنشر التجاري,بيانات مرجعية متاحة؛ يلزم تحقق PM,ضمن الفحص المبدئي
16112429138223,كريم-شان-للجسم-المرطب-والمكثف-بحجم-470-جم,كريم شان للجسم المرطب والمكثف بحجم 470 جم,shaan,العناية بالجسم,العناية بالجسم,1,للجسم,116545,425,127.5,297.5,,متاح لدى المصدر,https://cdn.shopify.com/s/files/1/0935/9550/0847/files/shaan_body_cream_1615.webp?v=1785931650,منتج كريم شان للجسم المرطب والمكثف بحجم 470 جم من shaan. التصنيف المرجعي: العناية بالجسم — للجسم. الوسوم المرجعية: Body Care، Body Cream.,https://alfouadpharmacies.com/en/products/كريم-شان-للجسم-المرطب-والمكثف-بحجم-470-جم,AlFouad Pharmacies,Verify usage rights before commercial publication,غير مثبت,غير مثبت,مرجعي فقط — غير معتمد للنشر التجاري,بيانات مرجعية متاحة؛ يلزم تحقق PM,ضمن الفحص المبدئي
12689780637999,shaan-hand-cream-50gm,كريم شان لليدين 50 جرام,shaan,العناية بالجسم,العناية بالجسم,1,بسيط,90048,100,30,70,,متاح لدى المصدر,https://cdn.shopify.com/s/files/1/0935/9550/0847/files/ShaanHandCream50gm.webp?v=1771841646,منتج كريم شان لليدين 50 جرام من shaan. التصنيف المرجعي: العناية بالجسم — بسيط. الوسوم المرجعية: Body Care، Body Concerns، Dry Skin body concerns، Hand، Hands & Feet، shaan.,https://alfouadpharmacies.com/en/products/shaan-hand-cream-50gm,AlFouad Pharmacies,Verify usage rights before commercial publication,غير مثبت,غير مثبت,مرجعي فقط — غير معتمد للنشر التجاري,بيانات مرجعية متاحة؛ يلزم تحقق PM,ضمن الفحص المبدئي
16146992529711,كريم-لا-روش-بوزيه-ميلا-b3-للعناية-المزدوجة-بالجسم-200-مل,كريم لا روش بوزيه ميلا B3 للعناية المزدوجة بالجسم 200 مل,La Roch Possay,العناية بالجسم,العناية بالجسم,1,تفتيح الجسم ,117850,1250,375,875,,متاح لدى المصدر,https://cdn.shopify.com/s/files/1/0935/9550/0847/files/La_Roche-Posay_Mela_B3_Dual_Body_Treatment_200ml.webp?v=1789624874,منتج كريم لا روش بوزيه ميلا B3 للعناية المزدوجة بالجسم 200 مل من La Roch Possay. التصنيف المرجعي: العناية بالجسم — تفتيح الجسم . الوسوم المرجعية: Body Care، Body Cream.,https://alfouadpharmacies.com/en/products/كريم-لا-روش-بوزيه-ميلا-b3-للعناية-المزدوجة-بالجسم-200-مل,AlFouad Pharmacies,Verify usage rights before commercial publication,غير مثبت,غير مثبت,مرجعي فقط — غير معتمد للنشر التجاري,بيانات مرجعية متاحة؛ يلزم تحقق PM,ضمن الفحص المبدئي
10569905013039,luna-emollient-cream-300ml-handampbody-coco,كريم لونا المرطب 300 مل لليدين والجسم، بنكهة جوز الهند,AlFouad Pharmacies,العناية بالجسم,العناية بالجسم,1,بسيط,105117,195,58.5,136.5,,متاح لدى المصدر,https://cdn.shopify.com/s/files/1/0935/9550/0847/files/Luna-Emollient-Cream-300ML-HandBody-Coco.webp?v=1754298069,منتج كريم لونا المرطب 300 مل لليدين والجسم، بنكهة جوز الهند من AlFouad Pharmacies. التصنيف المرجعي: العناية بالجسم — بسيط. الوسوم المرجعية: Body Care، Body Concerns، Body Cream، Dry Skin body concerns.,https://alfouadpharmacies.com/en/products/luna-emollient-cream-300ml-handampbody-coco,AlFouad Pharmacies,Verify usage rights before commercial publication,غير مثبت,غير مثبت,مرجعي فقط — غير معتمد للنشر التجاري,بيانات مرجعية متاحة؛ يلزم تحقق PM,ضمن الفحص المبدئي
10569905078575,luna-emollient-cream-75ml-handampbody-coco,كريم لونا المرطب 75 مل لليدين والجسم، بنكهة جوز الهند,AlFouad Pharmacies,العناية بالجسم,العناية بالجسم,1,بسيط,12777,62,18.6,43.4,,متاح لدى المصدر,https://cdn.shopify.com/s/files/1/0935/9550/0847/files/Luna-Emollient-Cream-75ML-HandBody-Coco.webp?v=1754298067,منتج كريم لونا المرطب 75 مل لليدين والجسم، بنكهة جوز الهند من AlFouad Pharmacies. التصنيف المرجعي: العناية بالجسم — بسيط. الوسوم المرجعية: Body Care، Body Concerns، Body Cream، Dry Skin body concerns.,https://alfouadpharmacies.com/en/products/luna-emollient-cream-75ml-handampbody-coco,AlFouad Pharmacies,Verify usage rights before commercial publication,غير مثبت,غير مثبت,مرجعي فقط — غير معتمد للنشر التجاري,بيانات مرجعية متاحة؛ يلزم تحقق PM,ضمن الفحص المبدئي
10569802940719,mustela-stelatopia-emollient-cream-200-ml,كريم مرطب ستيلاتيوبيا من موستيلا 200 مل,Mustela,العناية بالجسم,العناية بالجسم,1,بسيط,88764,799,239.7,559.3,,غير متاح لدى المصدر,https://cdn.shopify.com/s/files/1/0935/9550/0847/files/Mustela-Stelatopia-Emollient-Cream-200-ml.webp?v=1754298785,منتج كريم مرطب ستيلاتيوبيا من موستيلا 200 مل من Mustela. التصنيف المرجعي: العناية بالجسم — بسيط. الوسوم المرجعية: Body Care، Body Concerns، Body Cream، Dry Skin body concerns.,https://alfouadpharmacies.com/en/products/mustela-stelatopia-emollient-cream-200-ml,AlFouad Pharmacies,Verify usage rights before commercial publication,غير مثبت,غير مثبت,مرجعي فقط — غير معتمد للنشر التجاري,بيانات مرجعية متاحة؛ يلزم تحقق PM,ضمن الفحص المبدئي
10569723937071,one-hair-removing-90gm-creme-honey-dry-skin,كريم مزيل للزغب بالعسل 90 جرام (للبشرة الجافة),AlFouad Pharmacies,العناية بالجسم,العناية بالجسم,1,بسيط,7201,36,10.8,25.2,,متاح لدى المصدر,https://cdn.shopify.com/s/files/1/0935/9550/0847/files/One-Hair-Removing-140gm-Cream-Honey-Dry-Skin-1.webp?v=1754299166,منتج كريم مزيل للزغب بالعسل 90 جرام (للبشرة الجافة) من AlFouad Pharmacies. التصنيف المرجعي: العناية بالجسم — بسيط. الوسوم المرجعية: Body Care، Hair Removal.,https://alfouadpharmacies.com/en/products/one-hair-removing-90gm-creme-honey-dry-skin,AlFouad Pharmacies,Verify usage rights before commercial publication,غير مثبت,غير مثبت,مرجعي فقط — غير معتمد للنشر التجاري,بيانات مرجعية متاحة؛ يلزم تحقق PM,ضمن الفحص المبدئي
16107313332527,كريم-ميلاتكس-لتفتيح-الجسم-200-مل,كريم ميلاتكس لتفتيح الجسم 200 مل,HAYAH,العناية بالجسم,العناية بالجسم,1,تفتيح ,112014,317,95.1,221.9,,متاح لدى المصدر,https://cdn.shopify.com/s/files/1/0935/9550/0847/files/Hayah_laboratories_03-09-20261254.webp?v=1785578228,منتج كريم ميلاتكس لتفتيح الجسم 200 مل من HAYAH. التصنيف المرجعي: العناية بالجسم — تفتيح . الوسوم المرجعية: Body Care، Body Cream، Body Lotion، Body Milk، Whitening، Whitining Cream.,https://alfouadpharmacies.com/en/products/كريم-ميلاتكس-لتفتيح-الجسم-200-مل,AlFouad Pharmacies,Verify usage rights before commercial publication,غير مثبت,غير مثبت,مرجعي فقط — غير معتمد للنشر التجاري,بيانات مرجعية متاحة؛ يلزم تحقق PM,ضمن الفحص المبدئي
10569898590511,neutrogena-hand-cream-50ml,كريم نيتروجينا لليدين 50 مل,Neutrogena,العناية بالجسم,العناية بالجسم,1,بسيط,31308,110,33,77,,متاح لدى المصدر,https://cdn.shopify.com/s/files/1/0935/9550/0847/files/Neutrogena-Hand-Cream-50ML.webp?v=1754298159,منتج كريم نيتروجينا لليدين 50 مل من Neutrogena. التصنيف المرجعي: العناية بالجسم — بسيط. الوسوم المرجعية: Body Care، Body Concerns، Dry Skin body concerns، Hand، Hands & Feet.,https://alfouadpharmacies.com/en/products/neutrogena-hand-cream-50ml,AlFouad Pharmacies,Verify usage rights before commercial publication,غير مثبت,غير مثبت,مرجعي فقط — غير معتمد للنشر التجاري,بيانات مرجعية متاحة؛ يلزم تحقق PM,ضمن الفحص المبدئي
10569815916847,mood-cairo-hand-cream-50gm,كريم يد مود القاهرة 50 جرام,MOOD,العناية بالجسم,العناية بالجسم,1,بسيط,86358,75,22.5,52.5,,متاح لدى المصدر,https://cdn.shopify.com/s/files/1/0935/9550/0847/files/Mood-Cairo-Hand-Cream-50gm.webp?v=1754298698,منتج كريم يد مود القاهرة 50 جرام من MOOD. التصنيف المرجعي: العناية بالجسم — بسيط. الوسوم المرجعية: Body Care، Body Concerns، Dry Skin body concerns، Hand، Hands & Feet.,https://alfouadpharmacies.com/en/products/mood-cairo-hand-cream-50gm,AlFouad Pharmacies,Verify usage rights before commercial publication,غير مثبت,غير مثبت,مرجعي فقط — غير معتمد للنشر التجاري,بيانات مرجعية متاحة؛ يلزم تحقق PM,ضمن الفحص المبدئي
10569816113455,mood-santorini-hand-cream-50gm,كريم يد مود سانتوريني 50 جرام,MOOD,العناية بالجسم,العناية بالجسم,1,بسيط,85546,75,22.5,52.5,,متاح لدى المصدر,https://cdn.shopify.com/s/files/1/0935/9550/0847/files/Mood-Santorini-Hand-Cream-50gm.webp?v=1754298696,منتج كريم يد مود سانتوريني 50 جرام من MOOD. التصنيف المرجعي: العناية بالجسم — بسيط. الوسوم المرجعية: Body Care، Body Concerns، Dry Skin body concerns، Hand، Hands & Feet.,https://alfouadpharmacies.com/en/products/mood-santorini-hand-cream-50gm,AlFouad Pharmacies,Verify usage rights before commercial publication,غير مثبت,غير مثبت,مرجعي فقط — غير معتمد للنشر التجاري,بيانات مرجعية متاحة؛ يلزم تحقق PM,ضمن الفحص المبدئي
10569809396015,uriage-xemose-cream-200-ml,كريم يورياج زيموس المغذي والمهدئ لبشرة الوجه شديدة الجفاف 200 مل,URIAGE,العناية بالجسم,العناية بالجسم,1,بسيط,95993,1289,386.7,902.3,,غير متاح لدى المصدر,https://cdn.shopify.com/s/files/1/0935/9550/0847/files/Uriage_Xemose_Face_Cream_40ml_Dry_Sensitive.webp?v=1790672641,منتج كريم يورياج زيموس المغذي والمهدئ لبشرة الوجه شديدة الجفاف 200 مل من URIAGE. التصنيف المرجعي: العناية بالجسم — بسيط. الوسوم المرجعية: Body Care، Body Concerns، Body Milk، Dry Skin body concerns.,https://alfouadpharmacies.com/en/products/uriage-xemose-cream-200-ml,AlFouad Pharmacies,Verify usage rights before commercial publication,غير مثبت,غير مثبت,مرجعي فقط — غير معتمد للنشر التجاري,بيانات مرجعية متاحة؛ يلزم تحقق PM,ضمن الفحص المبدئي
10569851699503,ingram-cologne-250ml-lavander,كولونيا إنغرام 250 مل باللافندر,AlFouad Pharmacies,العناية بالجسم,العناية بالجسم,1,بسيط,105536,70,21,49,,غير متاح لدى المصدر,https://cdn.shopify.com/s/files/1/0935/9550/0847/files/Ingram-Cologne-250ML-Lavander.webp?v=1754298421,منتج كولونيا إنغرام 250 مل باللافندر من AlFouad Pharmacies. التصنيف المرجعي: العناية بالجسم — بسيط. الوسوم المرجعية: Body Care، Body Spray، Deodrant.,https://alfouadpharmacies.com/en/products/ingram-cologne-250ml-lavander,AlFouad Pharmacies,Verify usage rights before commercial publication,غير مثبت,غير مثبت,مرجعي فقط — غير معتمد للنشر التجاري,بيانات مرجعية متاحة؛ يلزم تحقق PM,ضمن الفحص المبدئي
10569851797807,ingram-cologne-250ml,كولونيا إنغرام 250 مل ريد باشون,AlFouad Pharmacies,العناية بالجسم,العناية بالجسم,1,بسيط,9711,70,21,49,,غير متاح لدى المصدر,https://cdn.shopify.com/s/files/1/0935/9550/0847/files/Ingram-Cologne-250ML-_D8_B1_D9_8A_D8_AF-_D8_A8_D8_A7_D8_B4_D9_88_D9_86.webp?v=1754298420,منتج كولونيا إنغرام 250 مل ريد باشون من AlFouad Pharmacies. التصنيف المرجعي: العناية بالجسم — بسيط. الوسوم المرجعية: Body Care، Body Spray، Deodrant.,https://alfouadpharmacies.com/en/products/ingram-cologne-250ml,AlFouad Pharmacies,Verify usage rights before commercial publication,غير مثبت,غير مثبت,مرجعي فقط — غير معتمد للنشر التجاري,بيانات مرجعية متاحة؛ يلزم تحقق PM,ضمن الفحص المبدئي
10569864118575,fa-eau-de-cologne-splash-250ml-caribbean-lemon,كولونيا فوا، رذاذ، 250 مل، رائحة الليمون الكاريبي,AlFouad Pharmacies,العناية بالجسم,العناية بالجسم,1,بسيط,87140,80,24,56,,غير متاح لدى المصدر,https://cdn.shopify.com/s/files/1/0935/9550/0847/files/Fa-Eau-De-Cologne-Splash-250-ml-Caribbean-Lemon.webp?v=1754298305,منتج كولونيا فوا، رذاذ، 250 مل، رائحة الليمون الكاريبي من AlFouad Pharmacies. التصنيف المرجعي: العناية بالجسم — بسيط. الوسوم المرجعية: Body Care، Body Spray، Deodrant.,https://alfouadpharmacies.com/en/products/fa-eau-de-cologne-splash-250ml-caribbean-lemon,AlFouad Pharmacies,Verify usage rights before commercial publication,غير مثبت,غير مثبت,مرجعي فقط — غير معتمد للنشر التجاري,بيانات مرجعية متاحة؛ يلزم تحقق PM,ضمن الفحص المبدئي
10569856876847,bathampbody-works-bcream-226ml-forever-red,لوشن Bath&amp;Body Works B.CREAM 226 مل، إصدار Forever Red,Bath and Body,العناية بالجسم,العناية بالجسم,1,بسيط,12974,650,195,455,,غير متاح لدى المصدر,https://cdn.shopify.com/s/files/1/0935/9550/0847/files/BathBody-Works-B.CREAM-226ML-Forever-Red.webp?v=1754298373,منتج لوشن Bath&amp;Body Works B.CREAM 226 مل، إصدار Forever Red من Bath and Body. التصنيف المرجعي: العناية بالجسم — بسيط. الوسوم المرجعية: Body Care، Body Concerns، Body Cream، Dry Skin body concerns.,https://alfouadpharmacies.com/en/products/bathampbody-works-bcream-226ml-forever-red,AlFouad Pharmacies,Verify usage rights before commercial publication,غير مثبت,غير مثبت,مرجعي فقط — غير معتمد للنشر التجاري,بيانات مرجعية متاحة؛ يلزم تحقق PM,ضمن الفحص المبدئي
10569858253103,bathampbody-works-blotion-236ml-salt-water-breeze,لوشن Bath&amp;Body Works B.LOTION 236 مل، رائحة نسيم البحر المالحة,Bath and Body,العناية بالجسم,العناية بالجسم,1,بسيط,108464,680,204,476,,غير متاح لدى المصدر,https://cdn.shopify.com/s/files/1/0935/9550/0847/files/BathBody-Works-B.LOTION-236ML-Salt-Water-Breeze.webp?v=1754298357,منتج لوشن Bath&amp;Body Works B.LOTION 236 مل، رائحة نسيم البحر المالحة من Bath and Body. التصنيف المرجعي: العناية بالجسم — بسيط. الوسوم المرجعية: Body Care، Body Concerns، Body Lotion، Dry Skin body concerns.,https://alfouadpharmacies.com/en/products/bathampbody-works-blotion-236ml-salt-water-breeze,AlFouad Pharmacies,Verify usage rights before commercial publication,غير مثبت,غير مثبت,مرجعي فقط — غير معتمد للنشر التجاري,بيانات مرجعية متاحة؛ يلزم تحقق PM,ضمن الفحص المبدئي
12689577247023,eva-collagen-3d-body-lotion-24hr-200ml,لوشن إيفا كولاجين ثلاثي الأبعاد للجسم، يدوم 24 ساعة، 200 مل ,AlFouad Pharmacies,العناية بالجسم,العناية بالجسم,1,,84347,85,25.5,59.5,,غير متاح لدى المصدر,https://cdn.shopify.com/s/files/1/0935/9550/0847/files/31uhgZZ7zZS._AC_UF894_1000_QL80.webp?v=1771846773,منتج لوشن إيفا كولاجين ثلاثي الأبعاد للجسم، يدوم 24 ساعة، 200 مل  من AlFouad Pharmacies. التصنيف المرجعي: العناية بالجسم. الوسوم المرجعية: Body Care، Body Concerns.,https://alfouadpharmacies.com/en/products/eva-collagen-3d-body-lotion-24hr-200ml,AlFouad Pharmacies,Verify usage rights before commercial publication,غير مثبت,غير مثبت,مرجعي فقط — غير معتمد للنشر التجاري,بيانات مرجعية متاحة؛ يلزم تحقق PM,ضمن الفحص المبدئي
10569721446703,eva-body-lotion-passion-240ml,لوشن الجسم إيفا باشن 240 مل,AlFouad Pharmacies,العناية بالجسم,العناية بالجسم,1,بسيط,105565,120,36,84,,متاح لدى المصدر,https://cdn.shopify.com/s/files/1/0935/9550/0847/files/Eva-Body-Lotion-Passion-240ml.webp?v=1754299202,منتج لوشن الجسم إيفا باشن 240 مل من AlFouad Pharmacies. التصنيف المرجعي: العناية بالجسم — بسيط. الوسوم المرجعية: Body Care، Body Concerns، Body Lotion، Dry Skin body concerns.,https://alfouadpharmacies.com/en/products/eva-body-lotion-passion-240ml,AlFouad Pharmacies,Verify usage rights before commercial publication,غير مثبت,غير مثبت,مرجعي فقط — غير معتمد للنشر التجاري,بيانات مرجعية متاحة؛ يلزم تحقق PM,ضمن الفحص المبدئي
10569722102063,eva-body-lotion-tropical-240-ml,لوشن الجسم إيفا تروبيكال 240 مل,AlFouad Pharmacies,العناية بالجسم,العناية بالجسم,1,بسيط,28804,120,36,84,,متاح لدى المصدر,https://cdn.shopify.com/s/files/1/0935/9550/0847/files/Eva-Body-Lotion-Tropical-240-ml.webp?v=1754299190,منتج لوشن الجسم إيفا تروبيكال 240 مل من AlFouad Pharmacies. التصنيف المرجعي: العناية بالجسم — بسيط. الوسوم المرجعية: Body Care، Body Concerns، Body Lotion، Dry Skin body concerns.,https://alfouadpharmacies.com/en/products/eva-body-lotion-tropical-240-ml,AlFouad Pharmacies,Verify usage rights before commercial publication,غير مثبت,غير مثبت,مرجعي فقط — غير معتمد للنشر التجاري,بيانات مرجعية متاحة؛ يلزم تحقق PM,ضمن الفحص المبدئي
10569722986799,eva-skincare-body-lotion-240ml-gold-spell,لوشن الجسم إيفا للعناية بالبشرة 240 مل سحر الذهب,AlFouad Pharmacies,العناية بالجسم,العناية بالجسم,1,بسيط,25179,120,36,84,,متاح لدى المصدر,https://cdn.shopify.com/s/files/1/0935/9550/0847/files/Eva-Skincare-Body-Lotion-240ml-Gold-Spell.webp?v=1754299178,منتج لوشن الجسم إيفا للعناية بالبشرة 240 مل سحر الذهب من AlFouad Pharmacies. التصنيف المرجعي: العناية بالجسم — بسيط. الوسوم المرجعية: Body Care، Body Concerns، Body Lotion، Dry Skin body concerns.,https://alfouadpharmacies.com/en/products/eva-skincare-body-lotion-240ml-gold-spell,AlFouad Pharmacies,Verify usage rights before commercial publication,غير مثبت,غير مثبت,مرجعي فقط — غير معتمد للنشر التجاري,بيانات مرجعية متاحة؛ يلزم تحقق PM,ضمن الفحص المبدئي
10569723150639,eva-skincare-body-lotion-240ml-summer-twist,لوشن الجسم إيفا للعناية بالبشرة 240 مل، إصدار صيفي.,AlFouad Pharmacies,العناية بالجسم,العناية بالجسم,1,بسيط,24320,120,36,84,,متاح لدى المصدر,https://cdn.shopify.com/s/files/1/0935/9550/0847/files/Eva-Skincare-Body-Lotion-240ml-Summer-Twist.webp?v=1754299176,منتج لوشن الجسم إيفا للعناية بالبشرة 240 مل، إصدار صيفي. من AlFouad Pharmacies. التصنيف المرجعي: العناية بالجسم — بسيط. الوسوم المرجعية: Body Care، Body Concerns، Body Lotion، Dry Skin body concerns.,https://alfouadpharmacies.com/en/products/eva-skincare-body-lotion-240ml-summer-twist,AlFouad Pharmacies,Verify usage rights before commercial publication,غير مثبت,غير مثبت,مرجعي فقط — غير معتمد للنشر التجاري,بيانات مرجعية متاحة؛ يلزم تحقق PM,ضمن الفحص المبدئي
10570013344047,raw-african-arabian-oud-body-lotion-200g,لوشن الجسم العود العربي الأفريقي الخام 200 جرام,RAW AFRICAN,العناية بالجسم,العناية بالجسم,1,بسيط,108496,200,60,140,,غير متاح لدى المصدر,https://cdn.shopify.com/s/files/1/0935/9550/0847/files/Raw-African-Arabian-Oud-Body-Lotion-200G.webp?v=1754297034,منتج لوشن الجسم العود العربي الأفريقي الخام 200 جرام من RAW AFRICAN. التصنيف المرجعي: العناية بالجسم — بسيط. الوسوم المرجعية: Body Care، Body Lotion.,https://alfouadpharmacies.com/en/products/raw-african-arabian-oud-body-lotion-200g,AlFouad Pharmacies,Verify usage rights before commercial publication,غير مثبت,غير مثبت,مرجعي فقط — غير معتمد للنشر التجاري,بيانات مرجعية متاحة؛ يلزم تحقق PM,ضمن الفحص المبدئي
10569895772463,jampj-intense-body-lotion-250ml,لوشن الجسم المكثف من جونسون آند جونسون، 250 مل,J&J,العناية بالجسم,العناية بالجسم,1,بسيط,7682,180,54,126,,متاح لدى المصدر,https://cdn.shopify.com/s/files/1/0935/9550/0847/files/JJ-Intense-Body-Lotion-250ML.webp?v=1754298195,منتج لوشن الجسم المكثف من جونسون آند جونسون، 250 مل من J&J. التصنيف المرجعي: العناية بالجسم — بسيط. الوسوم المرجعية: Body Care، Body Concerns، Body Lotion، Dry Skin body concerns.,https://alfouadpharmacies.com/en/products/jampj-intense-body-lotion-250ml,AlFouad Pharmacies,Verify usage rights before commercial publication,غير مثبت,غير مثبت,مرجعي فقط — غير معتمد للنشر التجاري,بيانات مرجعية متاحة؛ يلزم تحقق PM,ضمن الفحص المبدئي
10569724854575,infinity-naturals-body-lotion-vanilla-250ml,لوشن الجسم بالفانيليا من إنفينيتي ناتشورالز 250 مل,AlFouad Pharmacies,العناية بالجسم,العناية بالجسم,1,بسيط,,240,72,168,,غير متاح لدى المصدر,https://cdn.shopify.com/s/files/1/0935/9550/0847/files/Infinity-Naturals-Body-Lotion-Vanilla-250ml.webp?v=1754299154,منتج لوشن الجسم بالفانيليا من إنفينيتي ناتشورالز 250 مل من AlFouad Pharmacies. التصنيف المرجعي: العناية بالجسم — بسيط. الوسوم المرجعية: Body Care، Body Concerns، Body Lotion، Dry Skin body concerns.,https://alfouadpharmacies.com/en/products/infinity-naturals-body-lotion-vanilla-250ml,AlFouad Pharmacies,Verify usage rights before commercial publication,غير مثبت,غير مثبت,مرجعي فقط — غير معتمد للنشر التجاري,بيانات مرجعية متاحة؛ يلزم تحقق PM,ضمن الفحص المبدئي
10569724166447,infinity-naturals-body-lotion-sweet-almond-250ml,لوشن الجسم باللوز الحلو من إنفينيتي ناتشورالز 250 مل,AlFouad Pharmacies,العناية بالجسم,العناية بالجسم,1,بسيط,,240,72,168,,غير متاح لدى المصدر,https://cdn.shopify.com/s/files/1/0935/9550/0847/files/Infinity-Naturals-Body-Lotion-Sweet-Almond-250ml.webp?v=1754299162,منتج لوشن الجسم باللوز الحلو من إنفينيتي ناتشورالز 250 مل من AlFouad Pharmacies. التصنيف المرجعي: العناية بالجسم — بسيط. الوسوم المرجعية: Body Care، Body Concerns، Body Lotion، Dry Skin body concerns.,https://alfouadpharmacies.com/en/products/infinity-naturals-body-lotion-sweet-almond-250ml,AlFouad Pharmacies,Verify usage rights before commercial publication,غير مثبت,غير مثبت,مرجعي فقط — غير معتمد للنشر التجاري,بيانات مرجعية متاحة؛ يلزم تحقق PM,ضمن الفحص المبدئي
10570013770031,raw-african-white-musk-body-lotion-200g,لوشن الجسم بالمسك الأبيض الأفريقي الخام 200 جرام,RAW AFRICAN,العناية بالجسم,العناية بالجسم,1,بسيط,103004,200,60,140,,غير متاح لدى المصدر,https://cdn.shopify.com/s/files/1/0935/9550/0847/files/Raw-African-White-Musk-Body-Lotion-200G.webp?v=1754297027,منتج لوشن الجسم بالمسك الأبيض الأفريقي الخام 200 جرام من RAW AFRICAN. التصنيف المرجعي: العناية بالجسم — بسيط. الوسوم المرجعية: Body Care، Body Lotion.,https://alfouadpharmacies.com/en/products/raw-african-white-musk-body-lotion-200g,AlFouad Pharmacies,Verify usage rights before commercial publication,غير مثبت,غير مثبت,مرجعي فقط — غير معتمد للنشر التجاري,بيانات مرجعية متاحة؛ يلزم تحقق PM,ضمن الفحص المبدئي
10569724559663,eva-recipe-berries-scent-body-lotion-370ml,لوشن الجسم برائحة التوت من إيفا ريسيبي، 370 مل,AlFouad Pharmacies,العناية بالجسم,العناية بالجسم,1,بسيط,29289,175,52.5,122.5,,متاح لدى المصدر,https://cdn.shopify.com/s/files/1/0935/9550/0847/files/Eva-Recipe-Berries-Scent-Body-Lotion-370ml.webp?v=1754299158,منتج لوشن الجسم برائحة التوت من إيفا ريسيبي، 370 مل من AlFouad Pharmacies. التصنيف المرجعي: العناية بالجسم — بسيط. الوسوم المرجعية: Body Care، Body Concerns، Body Lotion، Dry Skin body concerns.,https://alfouadpharmacies.com/en/products/eva-recipe-berries-scent-body-lotion-370ml,AlFouad Pharmacies,Verify usage rights before commercial publication,غير مثبت,غير مثبت,مرجعي فقط — غير معتمد للنشر التجاري,بيانات مرجعية متاحة؛ يلزم تحقق PM,ضمن الفحص المبدئي
10569724625199,eva-recipe-peach-scent-body-lotion-370ml,لوشن الجسم برائحة الخوخ من إيفا ريسيبي 370 مل,AlFouad Pharmacies,العناية بالجسم,العناية بالجسم,1,بسيط,93573,175,52.5,122.5,,متاح لدى المصدر,https://cdn.shopify.com/s/files/1/0935/9550/0847/files/Eva-Recipe-Peach-Scent-Body-Lotion-370ml.webp?v=1754299157,منتج لوشن الجسم برائحة الخوخ من إيفا ريسيبي 370 مل من AlFouad Pharmacies. التصنيف المرجعي: العناية بالجسم — بسيط. الوسوم المرجعية: Body Care، Body Concerns، Body Lotion، Dry Skin body concerns.,https://alfouadpharmacies.com/en/products/eva-recipe-peach-scent-body-lotion-370ml,AlFouad Pharmacies,Verify usage rights before commercial publication,غير مثبت,غير مثبت,مرجعي فقط — غير معتمد للنشر التجاري,بيانات مرجعية متاحة؛ يلزم تحقق PM,ضمن الفحص المبدئي
10569724100911,eva-recipe-mocha-scent-body-lotion-370ml,لوشن الجسم برائحة الموكا من إيفا ريسيبي، 370 مل,AlFouad Pharmacies,العناية بالجسم,العناية بالجسم,1,بسيط,24756,175,52.5,122.5,,متاح لدى المصدر,https://cdn.shopify.com/s/files/1/0935/9550/0847/files/Eva-Recipe-Mocha-Scent-Body-Lotion-370ml.webp?v=1754299163,منتج لوشن الجسم برائحة الموكا من إيفا ريسيبي، 370 مل من AlFouad Pharmacies. التصنيف المرجعي: العناية بالجسم — بسيط. الوسوم المرجعية: Body Care، Body Concerns، Body Lotion، Dry Skin body concerns.,https://alfouadpharmacies.com/en/products/eva-recipe-mocha-scent-body-lotion-370ml,AlFouad Pharmacies,Verify usage rights before commercial publication,غير مثبت,غير مثبت,مرجعي فقط — غير معتمد للنشر التجاري,بيانات مرجعية متاحة؛ يلزم تحقق PM,ضمن الفحص المبدئي
10570013278511,raw-african-pinacolada-body-lotion-200g,لوشن الجسم بنكهة بيناكولادا أفريقي خام 200 جرام,RAW AFRICAN,العناية بالجسم,العناية بالجسم,1,بسيط,21566,200,60,140,,غير متاح لدى المصدر,https://cdn.shopify.com/s/files/1/0935/9550/0847/files/Raw-African-Pinacolada-Body-Lotion-200G.webp?v=1754297035,منتج لوشن الجسم بنكهة بيناكولادا أفريقي خام 200 جرام من RAW AFRICAN. التصنيف المرجعي: العناية بالجسم — بسيط. الوسوم المرجعية: Body Care، Body Lotion.,https://alfouadpharmacies.com/en/products/raw-african-pinacolada-body-lotion-200g,AlFouad Pharmacies,Verify usage rights before commercial publication,غير مثبت,غير مثبت,مرجعي فقط — غير معتمد للنشر التجاري,بيانات مرجعية متاحة؛ يلزم تحقق PM,ضمن الفحص المبدئي
10569724592431,eva-recipe-coconut-scent-body-lotion-370ml,لوشن الجسم بنكهة جوز الهند من إيفا ريسيبي 370 مل,AlFouad Pharmacies,العناية بالجسم,العناية بالجسم,1,بسيط,21376,175,52.5,122.5,,متاح لدى المصدر,https://cdn.shopify.com/s/files/1/0935/9550/0847/files/Eva-Recipe-Coconut-Scent-Body-Lotion-370ml.webp?v=1754299157,منتج لوشن الجسم بنكهة جوز الهند من إيفا ريسيبي 370 مل من AlFouad Pharmacies. التصنيف المرجعي: العناية بالجسم — بسيط. الوسوم المرجعية: Body Care، Body Concerns، Body Lotion، Dry Skin body concerns.,https://alfouadpharmacies.com/en/products/eva-recipe-coconut-scent-body-lotion-370ml,AlFouad Pharmacies,Verify usage rights before commercial publication,غير مثبت,غير مثبت,مرجعي فقط — غير معتمد للنشر التجاري,بيانات مرجعية متاحة؛ يلزم تحقق PM,ضمن الفحص المبدئي
10569734684975,bio-oil-body-lotion-175ml,لوشن الجسم بيو-أويل 175 مل,AlFouad Pharmacies,العناية بالجسم,العناية بالجسم,1,بسيط,10719,589,176.7,412.3,,متاح لدى المصدر,https://cdn.shopify.com/s/files/1/0935/9550/0847/files/Bio-Oil-Body-Lotion-175ML.webp?v=1754298993,منتج لوشن الجسم بيو-أويل 175 مل من AlFouad Pharmacies. التصنيف المرجعي: العناية بالجسم — بسيط. الوسوم المرجعية: Body Care، Body Concerns، Body Lotion، Dry Skin body concerns، Smooth Texture.,https://alfouadpharmacies.com/en/products/bio-oil-body-lotion-175ml,AlFouad Pharmacies,Verify usage rights before commercial publication,غير مثبت,غير مثبت,مرجعي فقط — غير معتمد للنشر التجاري,بيانات مرجعية متاحة؛ يلزم تحقق PM,ضمن الفحص المبدئي
10570013212975,raw-african-very-berry-body-lotion-200g,لوشن الجسم ريفر آفركان فيري بيري 200 جرام,RAW AFRICAN,العناية بالجسم,العناية بالجسم,1,بسيط,9263,200,60,140,,غير متاح لدى المصدر,https://cdn.shopify.com/s/files/1/0935/9550/0847/files/Raw-African-Very-Berry-Body-Lotion-200G.webp?v=1754297036,منتج لوشن الجسم ريفر آفركان فيري بيري 200 جرام من RAW AFRICAN. التصنيف المرجعي: العناية بالجسم — بسيط. الوسوم المرجعية: Body Care، Body Lotion.,https://alfouadpharmacies.com/en/products/raw-african-very-berry-body-lotion-200g,AlFouad Pharmacies,Verify usage rights before commercial publication,غير مثبت,غير مثبت,مرجعي فقط — غير معتمد للنشر التجاري,بيانات مرجعية متاحة؛ يلزم تحقق PM,ضمن الفحص المبدئي
10569926541615,vaseline-body-lotion-200ml-essential-healing,لوشن الجسم فازلين 200 مل إصلاح أساسي,Vaseline,العناية بالجسم,العناية بالجسم,1,بسيط,21596,192,57.6,134.4,,متاح لدى المصدر,https://cdn.shopify.com/s/files/1/0935/9550/0847/files/Vaseline-Body-Lotion-200ML-Essential-Healing.webp?v=1754297817,منتج لوشن الجسم فازلين 200 مل إصلاح أساسي من Vaseline. التصنيف المرجعي: العناية بالجسم — بسيط. الوسوم المرجعية: Body Care، Body Concerns، Body Lotion، Dry Skin body concerns.,https://alfouadpharmacies.com/en/products/vaseline-body-lotion-200ml-essential-healing,AlFouad Pharmacies,Verify usage rights before commercial publication,غير مثبت,غير مثبت,مرجعي فقط — غير معتمد للنشر التجاري,بيانات مرجعية متاحة؛ يلزم تحقق PM,ضمن الفحص المبدئي
10569926705455,vaseline-body-lotion-200ml-intensive-rescue,لوشن الجسم فازلين 200 مل إنترنسيف ريسكيو,Vaseline,العناية بالجسم,العناية بالجسم,1,بسيط,30464,125,37.5,87.5,,غير متاح لدى المصدر,https://cdn.shopify.com/s/files/1/0935/9550/0847/files/Vaseline-Body-Lotion-200ML-Intensive-Rescue.webp?v=1754297816,منتج لوشن الجسم فازلين 200 مل إنترنسيف ريسكيو من Vaseline. التصنيف المرجعي: العناية بالجسم — بسيط. الوسوم المرجعية: Body Care، Body Concerns، Body Lotion، Dry Skin body concerns.,https://alfouadpharmacies.com/en/products/vaseline-body-lotion-200ml-intensive-rescue,AlFouad Pharmacies,Verify usage rights before commercial publication,غير مثبت,غير مثبت,مرجعي فقط — غير معتمد للنشر التجاري,بيانات مرجعية متاحة؛ يلزم تحقق PM,ضمن الفحص المبدئي
10569926443311,vaseline-body-lotion-200ml-cocoa-radiant,لوشن الجسم فازلين 200 مل كاكاو راديانت,Vaseline,العناية بالجسم,العناية بالجسم,1,بسيط,84209,192,57.6,134.4,,متاح لدى المصدر,https://cdn.shopify.com/s/files/1/0935/9550/0847/files/Vaseline-Body-Lotion-200ML-Cocoa-Radiant.webp?v=1754297818,منتج لوشن الجسم فازلين 200 مل كاكاو راديانت من Vaseline. التصنيف المرجعي: العناية بالجسم — بسيط. الوسوم المرجعية: Body Care، Body Concerns، Body Lotion، Dry Skin body concerns.,https://alfouadpharmacies.com/en/products/vaseline-body-lotion-200ml-cocoa-radiant,AlFouad Pharmacies,Verify usage rights before commercial publication,غير مثبت,غير مثبت,مرجعي فقط — غير معتمد للنشر التجاري,بيانات مرجعية متاحة؛ يلزم تحقق PM,ضمن الفحص المبدئي
10569927098671,vaseline-body-lotion-400ml-ice-cool-hydration,لوشن الجسم فازلين 400 مل ترطيب منعش,Vaseline,العناية بالجسم,العناية بالجسم,1,بسيط,108437,305,91.5,213.5,,متاح لدى المصدر,https://cdn.shopify.com/s/files/1/0935/9550/0847/files/Vaseline-Body-Lotion-400ML-Ice-Cool-Hydration.webp?v=1754297813,منتج لوشن الجسم فازلين 400 مل ترطيب منعش من Vaseline. التصنيف المرجعي: العناية بالجسم — بسيط. الوسوم المرجعية: Body Care، Body Concerns، Body Lotion، Dry Skin body concerns.,https://alfouadpharmacies.com/en/products/vaseline-body-lotion-400ml-ice-cool-hydration,AlFouad Pharmacies,Verify usage rights before commercial publication,غير مثبت,غير مثبت,مرجعي فقط — غير معتمد للنشر التجاري,بيانات مرجعية متاحة؛ يلزم تحقق PM,ضمن الفحص المبدئي
10569927131439,vaseline-body-lotion-400ml-ice-cool-hydration-off,لوشن الجسم فازلين 400 مل ترطيب منعش Off,Vaseline OFF,العناية بالجسم,العناية بالجسم,1,بسيط,21499,311,93.3,217.7,,متاح لدى المصدر,https://cdn.shopify.com/s/files/1/0935/9550/0847/files/Vaseline-Body-Lotion-400ML-Ice-Cool-Hydration-Off.webp?v=1754297813,منتج لوشن الجسم فازلين 400 مل ترطيب منعش Off من Vaseline OFF. التصنيف المرجعي: العناية بالجسم — بسيط. الوسوم المرجعية: Body Care، Body Concerns، Body Lotion، Dry Skin body concerns.,https://alfouadpharmacies.com/en/products/vaseline-body-lotion-400ml-ice-cool-hydration-off,AlFouad Pharmacies,Verify usage rights before commercial publication,غير مثبت,غير مثبت,مرجعي فقط — غير معتمد للنشر التجاري,بيانات مرجعية متاحة؛ يلزم تحقق PM,ضمن الفحص المبدئي
10569926934831,vaseline-body-lotion-400ml-cocoa-radiant,لوشن الجسم فازلين 400 مل كاكاو راديانت,Vaseline,العناية بالجسم,العناية بالجسم,1,بسيط,30451,305,91.5,213.5,,متاح لدى المصدر,https://cdn.shopify.com/s/files/1/0935/9550/0847/files/Vaseline-Body-Lotion-400ML-Cocoa-Radiant.webp?v=1754297815,منتج لوشن الجسم فازلين 400 مل كاكاو راديانت من Vaseline. التصنيف المرجعي: العناية بالجسم — بسيط. الوسوم المرجعية: Body Care، Body Concerns، Body Lotion، Dry Skin body concerns.,https://alfouadpharmacies.com/en/products/vaseline-body-lotion-400ml-cocoa-radiant,AlFouad Pharmacies,Verify usage rights before commercial publication,غير مثبت,غير مثبت,مرجعي فقط — غير معتمد للنشر التجاري,بيانات مرجعية متاحة؛ يلزم تحقق PM,ضمن الفحص المبدئي
10569926967599,vaseline-body-lotion-400ml-cocoa-radiant-off-15,لوشن الجسم فازلين 400 مل كاكاو متألق - خصم 15%,Vaseline OFF,العناية بالجسم,العناية بالجسم,1,بسيط,27398,260,78,182,,متاح لدى المصدر,https://cdn.shopify.com/s/files/1/0935/9550/0847/files/Vaseline-Body-Lotion-400ML-Cocoa-Radiant-Off-15.webp?v=1754297815,منتج لوشن الجسم فازلين 400 مل كاكاو متألق - خصم 15% من Vaseline OFF. التصنيف المرجعي: العناية بالجسم — بسيط. الوسوم المرجعية: Body Care، Body Concerns، Body Lotion، Dry Skin body concerns.,https://alfouadpharmacies.com/en/products/vaseline-body-lotion-400ml-cocoa-radiant-off-15,AlFouad Pharmacies,Verify usage rights before commercial publication,غير مثبت,غير مثبت,مرجعي فقط — غير معتمد للنشر التجاري,بيانات مرجعية متاحة؛ يلزم تحقق PM,ضمن الفحص المبدئي
10569927000367,vaseline-body-lotion-400ml-essential-healing,لوشن الجسم فازلين 400 مل للعناية الأساسية,Vaseline,العناية بالجسم,العناية بالجسم,1,بسيط,7326,305,91.5,213.5,,متاح لدى المصدر,https://cdn.shopify.com/s/files/1/0935/9550/0847/files/Vaseline-Body-Lotion-400ML-Essential-Healing.webp?v=1754297814,منتج لوشن الجسم فازلين 400 مل للعناية الأساسية من Vaseline. التصنيف المرجعي: العناية بالجسم — بسيط. الوسوم المرجعية: Body Care، Body Concerns، Body Lotion، Dry Skin body concerns.,https://alfouadpharmacies.com/en/products/vaseline-body-lotion-400ml-essential-healing,AlFouad Pharmacies,Verify usage rights before commercial publication,غير مثبت,غير مثبت,مرجعي فقط — غير معتمد للنشر التجاري,بيانات مرجعية متاحة؛ يلزم تحقق PM,ضمن الفحص المبدئي
10569926869295,vaseline-body-lotion-400ml-aloe-soothe,لوشن الجسم فازلين 400 مل، الصبار المهدئ,Vaseline,العناية بالجسم,العناية بالجسم,1,بسيط,96870,265,79.5,185.5,,غير متاح لدى المصدر,https://cdn.shopify.com/s/files/1/0935/9550/0847/files/Vaseline-Body-Lotion-400ML-Aloe-Soothe.webp?v=1754297816,منتج لوشن الجسم فازلين 400 مل، الصبار المهدئ من Vaseline. التصنيف المرجعي: العناية بالجسم — بسيط. الوسوم المرجعية: Body Care، Body Concerns، Body Lotion، Dry Skin body concerns.,https://alfouadpharmacies.com/en/products/vaseline-body-lotion-400ml-aloe-soothe,AlFouad Pharmacies,Verify usage rights before commercial publication,غير مثبت,غير مثبت,مرجعي فقط — غير معتمد للنشر التجاري,بيانات مرجعية متاحة؛ يلزم تحقق PM,ضمن الفحص المبدئي
10569927033135,vaseline-body-lotion-400ml-essential-healing-off,لوشن الجسم فازلين 400 مل، عناية أساسية، خصم,Vaseline OFF,العناية بالجسم,العناية بالجسم,1,بسيط,7326,305,91.5,213.5,,متاح لدى المصدر,https://cdn.shopify.com/s/files/1/0935/9550/0847/files/Vaseline-Body-Lotion-400ML-Essential-Healing-Off.webp?v=1754297814,منتج لوشن الجسم فازلين 400 مل، عناية أساسية، خصم من Vaseline OFF. التصنيف المرجعي: العناية بالجسم — بسيط. الوسوم المرجعية: Body Care، Body Concerns، Body Lotion، Dry Skin body concerns.,https://alfouadpharmacies.com/en/products/vaseline-body-lotion-400ml-essential-healing-off,AlFouad Pharmacies,Verify usage rights before commercial publication,غير مثبت,غير مثبت,مرجعي فقط — غير معتمد للنشر التجاري,بيانات مرجعية متاحة؛ يلزم تحقق PM,ضمن الفحص المبدئي
10569736749359,avene-cold-cream-400ml-body-lotion,لوشن الجسم كريم أفين البارد 400 مل,Avene,العناية بالجسم,العناية بالجسم,1,بسيط,95292,295,88.5,206.5,,غير متاح لدى المصدر,https://cdn.shopify.com/s/files/1/0935/9550/0847/files/avene_cold_cream_400ml_body_lotion_jpg.webp?v=1789632598,منتج لوشن الجسم كريم أفين البارد 400 مل من Avene. التصنيف المرجعي: العناية بالجسم — بسيط. الوسوم المرجعية: Body Care، Body Concerns، Body Lotion، Dry Skin body concerns.,https://alfouadpharmacies.com/en/products/avene-cold-cream-400ml-body-lotion,AlFouad Pharmacies,Verify usage rights before commercial publication,غير مثبت,غير مثبت,مرجعي فقط — غير معتمد للنشر التجاري,بيانات مرجعية متاحة؛ يلزم تحقق PM,ضمن الفحص المبدئي
10569723838767,eva-recipe-marshmallow-body-lotion-370ml,لوشن الجسم مارشميلو من إيفا ريسيبي 370 مل,AlFouad Pharmacies,العناية بالجسم,العناية بالجسم,1,بسيط,27903,175,52.5,122.5,,متاح لدى المصدر,https://cdn.shopify.com/s/files/1/0935/9550/0847/files/Eva-Recipe-Marshmallow-Body-Lotion-370ml.webp?v=1754299167,منتج لوشن الجسم مارشميلو من إيفا ريسيبي 370 مل من AlFouad Pharmacies. التصنيف المرجعي: العناية بالجسم — بسيط. الوسوم المرجعية: Body Care، Body Concerns، Body Lotion، Dry Skin body concerns.,https://alfouadpharmacies.com/en/products/eva-recipe-marshmallow-body-lotion-370ml,AlFouad Pharmacies,Verify usage rights before commercial publication,غير مثبت,غير مثبت,مرجعي فقط — غير معتمد للنشر التجاري,بيانات مرجعية متاحة؛ يلزم تحقق PM,ضمن الفحص المبدئي
10569857532207,bathampbody-works-blotion-236ml-japanese,لوشن الجسم من Bath &amp; Body Works، 236 مل، إصدار ياباني.,Bath and Body,العناية بالجسم,العناية بالجسم,1,بسيط,103610,680,204,476,,غير متاح لدى المصدر,https://cdn.shopify.com/s/files/1/0935/9550/0847/files/BathBody-Works-B.LOTION-236ML-Japanese.webp?v=1754298366,منتج لوشن الجسم من Bath &amp; Body Works، 236 مل، إصدار ياباني. من Bath and Body. التصنيف المرجعي: العناية بالجسم — بسيط. الوسوم المرجعية: Body Care، Body Concerns، Body Lotion، Dry Skin body concerns.,https://alfouadpharmacies.com/en/products/bathampbody-works-blotion-236ml-japanese,AlFouad Pharmacies,Verify usage rights before commercial publication,غير مثبت,غير مثبت,مرجعي فقط — غير معتمد للنشر التجاري,بيانات مرجعية متاحة؛ يلزم تحقق PM,ضمن الفحص المبدئي
10570009936175,bathampbody-works-blotion-236ml-midnight-amber-glow,لوشن الجسم من Bath&amp;Body Works، إصدار B.LOTION، 236 مل، رائحة العنبر الليلية المتألقة.,Bath and Body,العناية بالجسم,العناية بالجسم,1,بسيط,112711,680,204,476,,غير متاح لدى المصدر,https://cdn.shopify.com/s/files/1/0935/9550/0847/files/BathBody-Works-B.LOTION-236ML-Midnight-Amber-Glow.webp?v=1754297074,منتج لوشن الجسم من Bath&amp;Body Works، إصدار B.LOTION، 236 مل، رائحة العنبر الليلية المتألقة. من Bath and Body. التصنيف المرجعي: العناية بالجسم — بسيط. الوسوم المرجعية: Body Care، Body Concerns، Body Lotion، Dry Skin body concerns.,https://alfouadpharmacies.com/en/products/bathampbody-works-blotion-236ml-midnight-amber-glow,AlFouad Pharmacies,Verify usage rights before commercial publication,غير مثبت,غير مثبت,مرجعي فقط — غير معتمد للنشر التجاري,بيانات مرجعية متاحة؛ يلزم تحقق PM,ضمن الفحص المبدئي
10569857401135,bathampbody-works-blotion-236ml-forever-red,لوشن الجسم من Bath&amp;Body Works، إصدار Forever Red، سعة 236 مل.,Bath and Body,العناية بالجسم,العناية بالجسم,1,بسيط,12627,680,204,476,,غير متاح لدى المصدر,https://cdn.shopify.com/s/files/1/0935/9550/0847/files/BathBody-Works-B.LOTION-236ML-Forever-Red.webp?v=1754298367,منتج لوشن الجسم من Bath&amp;Body Works، إصدار Forever Red، سعة 236 مل. من Bath and Body. التصنيف المرجعي: العناية بالجسم — بسيط. الوسوم المرجعية: Body Care، Body Concerns، Body Lotion، Dry Skin body concerns.,https://alfouadpharmacies.com/en/products/bathampbody-works-blotion-236ml-forever-red,AlFouad Pharmacies,Verify usage rights before commercial publication,غير مثبت,غير مثبت,مرجعي فقط — غير معتمد للنشر التجاري,بيانات مرجعية متاحة؛ يلزم تحقق PM,ضمن الفحص المبدئي
10569857761583,bathampbody-works-blotion-236ml-life-of-the-party,لوشن الجسم من Bath&amp;Body Works، حجم 236 مل، إصدار Life of the Party.,Bath and Body,العناية بالجسم,العناية بالجسم,1,بسيط,112083,680,204,476,,غير متاح لدى المصدر,https://cdn.shopify.com/s/files/1/0935/9550/0847/files/BathBody-Works-B.LOTION-236ML-Life-of-the-Party.webp?v=1754298363,منتج لوشن الجسم من Bath&amp;Body Works، حجم 236 مل، إصدار Life of the Party. من Bath and Body. التصنيف المرجعي: العناية بالجسم — بسيط. الوسوم المرجعية: Body Care، Body Concerns، Body Lotion، Dry Skin body concerns.,https://alfouadpharmacies.com/en/products/bathampbody-works-blotion-236ml-life-of-the-party,AlFouad Pharmacies,Verify usage rights before commercial publication,غير مثبت,غير مثبت,مرجعي فقط — غير معتمد للنشر التجاري,بيانات مرجعية متاحة؛ يلزم تحقق PM,ضمن الفحص المبدئي
10569858416943,bathampbody-works-blotion-236ml-sweet-pea,لوشن الجسم من Bath&amp;Body Works، حجم 236 مل، برائحة البازلاء الحلوة.,Bath and Body,العناية بالجسم,العناية بالجسم,1,بسيط,108679,680,204,476,,غير متاح لدى المصدر,https://cdn.shopify.com/s/files/1/0935/9550/0847/files/BathBody-Works-B.LOTION-236ML-Sweet-Pea.webp?v=1754298356,منتج لوشن الجسم من Bath&amp;Body Works، حجم 236 مل، برائحة البازلاء الحلوة. من Bath and Body. التصنيف المرجعي: العناية بالجسم — بسيط. الوسوم المرجعية: Body Care، Body Concerns، Body Lotion، Dry Skin body concerns.,https://alfouadpharmacies.com/en/products/bathampbody-works-blotion-236ml-sweet-pea,AlFouad Pharmacies,Verify usage rights before commercial publication,غير مثبت,غير مثبت,مرجعي فقط — غير معتمد للنشر التجاري,بيانات مرجعية متاحة؛ يلزم تحقق PM,ضمن الفحص المبدئي
10569857270063,bathampbody-works-blotion-236ml-fairytale,لوشن الجسم من Bath&amp;Body Works، حجم 236 مل، رائحة Fairytale.,Bath and Body,العناية بالجسم,العناية بالجسم,1,بسيط,112084,680,204,476,,غير متاح لدى المصدر,https://cdn.shopify.com/s/files/1/0935/9550/0847/files/BathBody-Works-B.LOTION-236ML-Fairytale.webp?v=1754298369,منتج لوشن الجسم من Bath&amp;Body Works، حجم 236 مل، رائحة Fairytale. من Bath and Body. التصنيف المرجعي: العناية بالجسم — بسيط. الوسوم المرجعية: Body Care، Body Concerns، Body Lotion، Dry Skin body concerns، Smooth Texture.,https://alfouadpharmacies.com/en/products/bathampbody-works-blotion-236ml-fairytale,AlFouad Pharmacies,Verify usage rights before commercial publication,غير مثبت,غير مثبت,مرجعي فقط — غير معتمد للنشر التجاري,بيانات مرجعية متاحة؛ يلزم تحقق PM,ضمن الفحص المبدئي
10569857958191,bathampbody-works-blotion-236ml-pure-wonder,لوشن الجسم من Bath&amp;Body Works، حجم 236 مل، رائحة Pure Wonder.,Bath and Body,العناية بالجسم,العناية بالجسم,1,بسيط,13268,680,204,476,,غير متاح لدى المصدر,https://cdn.shopify.com/s/files/1/0935/9550/0847/files/BathBody-Works-B.LOTION-236ML-Pure-Wonder.webp?v=1754298360,منتج لوشن الجسم من Bath&amp;Body Works، حجم 236 مل، رائحة Pure Wonder. من Bath and Body. التصنيف المرجعي: العناية بالجسم — بسيط. الوسوم المرجعية: Body Care، Body Concerns، Body Lotion، Dry Skin body concerns.,https://alfouadpharmacies.com/en/products/bathampbody-works-blotion-236ml-pure-wonder,AlFouad Pharmacies,Verify usage rights before commercial publication,غير مثبت,غير مثبت,مرجعي فقط — غير معتمد للنشر التجاري,بيانات مرجعية متاحة؛ يلزم تحقق PM,ضمن الفحص المبدئي
10569857073455,bathampbody-works-blotion-236ml-dark-kiss,لوشن الجسم من Bath&amp;Body Works، رائحة Dark Kiss، سعة 236 مل.,Bath and Body,العناية بالجسم,العناية بالجسم,1,بسيط,12791,680,204,476,,غير متاح لدى المصدر,https://cdn.shopify.com/s/files/1/0935/9550/0847/files/BathBody-Works-B.LOTION-236ML-Dark-Kiss.webp?v=1754298371,منتج لوشن الجسم من Bath&amp;Body Works، رائحة Dark Kiss، سعة 236 مل. من Bath and Body. التصنيف المرجعي: العناية بالجسم — بسيط. الوسوم المرجعية: Body Care، Body Concerns، Body Lotion، Dry Skin body concerns، Smooth Texture.,https://alfouadpharmacies.com/en/products/bathampbody-works-blotion-236ml-dark-kiss,AlFouad Pharmacies,Verify usage rights before commercial publication,غير مثبت,غير مثبت,مرجعي فقط — غير معتمد للنشر التجاري,بيانات مرجعية متاحة؛ يلزم تحقق PM,ضمن الفحص المبدئي
10569723052335,eva-skincare-body-lotion-240ml-in-the-clouds,لوشن الجسم من إيفا للعناية بالبشرة 240 مل، رائحة الغيوم.,AlFouad Pharmacies,العناية بالجسم,العناية بالجسم,1,بسيط,21386,120,36,84,,متاح لدى المصدر,https://cdn.shopify.com/s/files/1/0935/9550/0847/files/Eva-Skincare-Body-Lotion-240ml-in-the-Clouds.webp?v=1754299177,منتج لوشن الجسم من إيفا للعناية بالبشرة 240 مل، رائحة الغيوم. من AlFouad Pharmacies. التصنيف المرجعي: العناية بالجسم — بسيط. الوسوم المرجعية: Body Care، Body Concerns، Body Lotion، Dry Skin body concerns.,https://alfouadpharmacies.com/en/products/eva-skincare-body-lotion-240ml-in-the-clouds,AlFouad Pharmacies,Verify usage rights before commercial publication,غير مثبت,غير مثبت,مرجعي فقط — غير معتمد للنشر التجاري,بيانات مرجعية متاحة؛ يلزم تحقق PM,ضمن الفحص المبدئي
10569923166511,stives-body-lotion-621ml-hydrating,لوشن الجسم من سانت ايفز، مرطب، 621 مل,AlFouad Pharmacies,العناية بالجسم,العناية بالجسم,1,بسيط,9628,290,87,203,,غير متاح لدى المصدر,https://cdn.shopify.com/s/files/1/0935/9550/0847/files/ST.IVES-Body-Lotion-621-ml-Hydrating.webp?v=1754297859,منتج لوشن الجسم من سانت ايفز، مرطب، 621 مل من AlFouad Pharmacies. التصنيف المرجعي: العناية بالجسم — بسيط. الوسوم المرجعية: Body Care، Body Concerns، Body Lotion، Dry Skin body concerns.,https://alfouadpharmacies.com/en/products/stives-body-lotion-621ml-hydrating,AlFouad Pharmacies,Verify usage rights before commercial publication,غير مثبت,غير مثبت,مرجعي فقط — غير معتمد للنشر التجاري,بيانات مرجعية متاحة؛ يلزم تحقق PM,ضمن الفحص المبدئي
10569816637743,mood-cairo-body-lotion-150-gm,لوشن الجسم مود القاهرة 150 جم,MOOD,العناية بالجسم,العناية بالجسم,1,بسيط,85114,100,30,70,,متاح لدى المصدر,https://cdn.shopify.com/s/files/1/0935/9550/0847/files/1_-_2026-09-08T144253.853.webp?v=1788867931,منتج لوشن الجسم مود القاهرة 150 جم من MOOD. التصنيف المرجعي: العناية بالجسم — بسيط. الوسوم المرجعية: Body Care، Body Concerns، Body Lotion، Dry Skin body concerns.,https://alfouadpharmacies.com/en/products/mood-cairo-body-lotion-150-gm,AlFouad Pharmacies,Verify usage rights before commercial publication,غير مثبت,غير مثبت,مرجعي فقط — غير معتمد للنشر التجاري,بيانات مرجعية متاحة؛ يلزم تحقق PM,ضمن الفحص المبدئي
10569816539439,mood-bali-body-lotion-150-gm,لوشن الجسم مود بالي 150 جم,MOOD,العناية بالجسم,العناية بالجسم,1,بسيط,101070,100,30,70,175,متاح لدى المصدر,https://cdn.shopify.com/s/files/1/0935/9550/0847/files/1_-_2026-09-08T113128.904.webp?v=1788856323,منتج لوشن الجسم مود بالي 150 جم من MOOD. التصنيف المرجعي: العناية بالجسم — بسيط. الوسوم المرجعية: Body Care، Body Concerns، Body Lotion، Dry Skin body concerns، mood offer.,https://alfouadpharmacies.com/en/products/mood-bali-body-lotion-150-gm,AlFouad Pharmacies,Verify usage rights before commercial publication,غير مثبت,غير مثبت,مرجعي فقط — غير معتمد للنشر التجاري,بيانات مرجعية متاحة؛ يلزم تحقق PM,ضمن الفحص المبدئي
10569816998191,mood-khaliji-body-lotion-150-gm,لوشن الجسم مود خليجي 150 جم,MOOD,العناية بالجسم,العناية بالجسم,1,بسيط,18843,100,30,70,,متاح لدى المصدر,https://cdn.shopify.com/s/files/1/0935/9550/0847/files/Mood-Khaliji-Body-Lotion-150-gm.webp?v=1754298689,منتج لوشن الجسم مود خليجي 150 جم من MOOD. التصنيف المرجعي: العناية بالجسم — بسيط. الوسوم المرجعية: Body Care، Body Concerns، Body Lotion، Dry Skin body concerns.,https://alfouadpharmacies.com/en/products/mood-khaliji-body-lotion-150-gm,AlFouad Pharmacies,Verify usage rights before commercial publication,غير مثبت,غير مثبت,مرجعي فقط — غير معتمد للنشر التجاري,بيانات مرجعية متاحة؛ يلزم تحقق PM,ضمن الفحص المبدئي
10569816801583,mood-santorini-body-lotion-150-gm,لوشن الجسم مود سانتوريني 150 جم,MOOD,العناية بالجسم,العناية بالجسم,1,بسيط,30332,100,30,70,,متاح لدى المصدر,https://cdn.shopify.com/s/files/1/0935/9550/0847/files/Mood-Santorini-Body-Lotion-150-gm.webp?v=1754298691,منتج لوشن الجسم مود سانتوريني 150 جم من MOOD. التصنيف المرجعي: العناية بالجسم — بسيط. الوسوم المرجعية: Body Care، Body Concerns، Body Lotion، Dry Skin body concerns.,https://alfouadpharmacies.com/en/products/mood-santorini-body-lotion-150-gm,AlFouad Pharmacies,Verify usage rights before commercial publication,غير مثبت,غير مثبت,مرجعي فقط — غير معتمد للنشر التجاري,بيانات مرجعية متاحة؛ يلزم تحقق PM,ضمن الفحص المبدئي
10569816899887,mood-vienna-body-lotion-150-gm,لوشن الجسم مود فيينا 150 جم,MOOD,العناية بالجسم,العناية بالجسم,1,بسيط,103598,100,30,70,,متاح لدى المصدر,https://cdn.shopify.com/s/files/1/0935/9550/0847/files/Mood-Vienna-Body-Lotion-150-gm.webp?v=1754298690,منتج لوشن الجسم مود فيينا 150 جم من MOOD. التصنيف المرجعي: العناية بالجسم — بسيط. الوسوم المرجعية: Body Care، Body Concerns، Body Lotion، Dry Skin body concerns.,https://alfouadpharmacies.com/en/products/mood-vienna-body-lotion-150-gm,AlFouad Pharmacies,Verify usage rights before commercial publication,غير مثبت,غير مثبت,مرجعي فقط — غير معتمد للنشر التجاري,بيانات مرجعية متاحة؛ يلزم تحقق PM,ضمن الفحص المبدئي
10569817063727,mood-latino-body-lotion-150-gm,لوشن الجسم مود لاتينو 150 جم,MOOD,العناية بالجسم,العناية بالجسم,1,بسيط,22026,100,30,70,,متاح لدى المصدر,https://cdn.shopify.com/s/files/1/0935/9550/0847/files/Mood-Latino-Body-Lotion-150-gm.webp?v=1754298688,منتج لوشن الجسم مود لاتينو 150 جم من MOOD. التصنيف المرجعي: العناية بالجسم — بسيط. الوسوم المرجعية: Body Care، Body Concerns، Body Lotion، Dry Skin body concerns.,https://alfouadpharmacies.com/en/products/mood-latino-body-lotion-150-gm,AlFouad Pharmacies,Verify usage rights before commercial publication,غير مثبت,غير مثبت,مرجعي فقط — غير معتمد للنشر التجاري,بيانات مرجعية متاحة؛ يلزم تحقق PM,ضمن الفحص المبدئي
10569816703279,mood-hawaii-body-lotion-150-gm,لوشن الجسم مود هاواي 150 جم,MOOD,العناية بالجسم,العناية بالجسم,1,بسيط,9435,100,30,70,,متاح لدى المصدر,https://cdn.shopify.com/s/files/1/0935/9550/0847/files/Mood-Hawaii-Body-Lotion-150-gm.webp?v=1754298691,منتج لوشن الجسم مود هاواي 150 جم من MOOD. التصنيف المرجعي: العناية بالجسم — بسيط. الوسوم المرجعية: Body Care، Body Concerns، Body Lotion، Dry Skin body concerns.,https://alfouadpharmacies.com/en/products/mood-hawaii-body-lotion-150-gm,AlFouad Pharmacies,Verify usage rights before commercial publication,غير مثبت,غير مثبت,مرجعي فقط — غير معتمد للنشر التجاري,بيانات مرجعية متاحة؛ يلزم تحقق PM,ضمن الفحص المبدئي
10569817129263,mood-tahiti-body-lotion-150-gm,لوشن الجسم موود تاهيتي 150 جم,MOOD,العناية بالجسم,العناية بالجسم,1,بسيط,26017,100,30,70,,متاح لدى المصدر,https://cdn.shopify.com/s/files/1/0935/9550/0847/files/Mood-Tahiti-Body-Lotion-150-gm.webp?v=1754298688,منتج لوشن الجسم موود تاهيتي 150 جم من MOOD. التصنيف المرجعي: العناية بالجسم — بسيط. الوسوم المرجعية: Body Care، Body Concerns، Body Lotion، Dry Skin body concerns.,https://alfouadpharmacies.com/en/products/mood-tahiti-body-lotion-150-gm,AlFouad Pharmacies,Verify usage rights before commercial publication,غير مثبت,غير مثبت,مرجعي فقط — غير معتمد للنشر التجاري,بيانات مرجعية متاحة؛ يلزم تحقق PM,ضمن الفحص المبدئي
16134258917679,لوشن-جسم-جست-ايه-جيرل-بينكي-بيل-باليوريا-والساليسيليك-أسيد-250-مل,لوشن جسم جست ايه جيرل بينكي بيل باليوريا والساليسيليك أسيد 250 مل,Just A Girl,العناية بالجسم,العناية بالجسم,1,لوشن جسم,117596,450,135,315,,متاح لدى المصدر,https://cdn.shopify.com/s/files/1/0935/9550/0847/files/just_a_girl_body_lotion_pinky_pearl_1615x1615_1411dcbb-9ecb-4a28-979b-da4205974cfc.webp?v=1787208007,منتج لوشن جسم جست ايه جيرل بينكي بيل باليوريا والساليسيليك أسيد 250 مل من Just A Girl. التصنيف المرجعي: العناية بالجسم — لوشن جسم. الوسوم المرجعية: Body Lotion.,https://alfouadpharmacies.com/en/products/لوشن-جسم-جست-ايه-جيرل-بينكي-بيل-باليوريا-والساليسيليك-أسيد-250-مل,AlFouad Pharmacies,Verify usage rights before commercial publication,غير مثبت,غير مثبت,مرجعي فقط — غير معتمد للنشر التجاري,بيانات مرجعية متاحة؛ يلزم تحقق PM,ضمن الفحص المبدئي
16134287491375,لوشن-جسم-جست-ايه-جيرل-رويالتي-أورا-باليوريا-والساليسيليك-أسيد-250-مل,لوشن جسم جست ايه جيرل رويالتي أورا باليوريا والساليسيليك أسيد 250 مل,Just A Girl,العناية بالجسم,العناية بالجسم,1,لوشن جسم,117594,450,135,315,,متاح لدى المصدر,https://cdn.shopify.com/s/files/1/0935/9550/0847/files/just_a_girl_body_lotion_royalty_aura_front_250ml_1615x1615_1d848e9f-c56d-4388-b40c-ddc2603c232e.webp?v=1787472821,منتج لوشن جسم جست ايه جيرل رويالتي أورا باليوريا والساليسيليك أسيد 250 مل من Just A Girl. التصنيف المرجعي: العناية بالجسم — لوشن جسم. الوسوم المرجعية: Body Lotion.,https://alfouadpharmacies.com/en/products/لوشن-جسم-جست-ايه-جيرل-رويالتي-أورا-باليوريا-والساليسيليك-أسيد-250-مل,AlFouad Pharmacies,Verify usage rights before commercial publication,غير مثبت,غير مثبت,مرجعي فقط — غير معتمد للنشر التجاري,بيانات مرجعية متاحة؛ يلزم تحقق PM,ضمن الفحص المبدئي
16134237356335,لوشن-جسم-جست-ايه-جيرل-ميرميد-بريز-باليوريا-والساليسيليك-أسيد-250-مل,لوشن جسم جست ايه جيرل ميرميد بريز باليوريا والساليسيليك أسيد 250 مل,Just A Girl,العناية بالجسم,العناية بالجسم,1,لوشن جسم ,117595,450,135,315,,متاح لدى المصدر,https://cdn.shopify.com/s/files/1/0935/9550/0847/files/just_a_girl_body_lotion_mermaid_breeze_1615x1615_4a188ccf-6c90-4ec7-be87-43824c74face.webp?v=1787205929,منتج لوشن جسم جست ايه جيرل ميرميد بريز باليوريا والساليسيليك أسيد 250 مل من Just A Girl. التصنيف المرجعي: العناية بالجسم — لوشن جسم . الوسوم المرجعية: Body Lotion، urea.,https://alfouadpharmacies.com/en/products/لوشن-جسم-جست-ايه-جيرل-ميرميد-بريز-باليوريا-والساليسيليك-أسيد-250-مل,AlFouad Pharmacies,Verify usage rights before commercial publication,غير مثبت,غير مثبت,مرجعي فقط — غير معتمد للنشر التجاري,بيانات مرجعية متاحة؛ يلزم تحقق PM,ضمن الفحص المبدئي
10569896329519,jampj-vita-rich-blotion-yogurt-coconutamppeach-250ml,لوشن جيه آند جيه فيتا ريتش بي بنكهة الزبادي وجوز الهند والخوخ 250 مل,J&J,العناية بالجسم,العناية بالجسم,1,بسيط,6824,75,22.5,52.5,,غير متاح لدى المصدر,https://cdn.shopify.com/s/files/1/0935/9550/0847/files/JJ-Vita-Rich-B.LOTION-Yogurt-CoconutPeach-250ML.webp?v=1754298186,منتج لوشن جيه آند جيه فيتا ريتش بي بنكهة الزبادي وجوز الهند والخوخ 250 مل من J&J. التصنيف المرجعي: العناية بالجسم — بسيط. الوسوم المرجعية: Body Care، Body Concerns، Body Lotion، Dry Skin body concerns.,https://alfouadpharmacies.com/en/products/jampj-vita-rich-blotion-yogurt-coconutamppeach-250ml,AlFouad Pharmacies,Verify usage rights before commercial publication,غير مثبت,غير مثبت,مرجعي فقط — غير معتمد للنشر التجاري,بيانات مرجعية متاحة؛ يلزم تحقق PM,ضمن الفحص المبدئي
10569896362287,jampj-vita-rich-blotion-yogurt-honeyampoats-250ml,لوشن جيه آند جيه فيتا ريتش بي. لوشن بالزبادي والعسل والشوفان 250 مل,J&J,العناية بالجسم,العناية بالجسم | العناية بالأطفال,2,بسيط,6947,75,22.5,52.5,,غير متاح لدى المصدر,https://cdn.shopify.com/s/files/1/0935/9550/0847/files/JJ-Vita-Rich-B.LOTION-Yogurt-HoneyOats-250ML.webp?v=1754298186,منتج لوشن جيه آند جيه فيتا ريتش بي. لوشن بالزبادي والعسل والشوفان 250 مل من J&J. التصنيف المرجعي: العناية بالجسم — بسيط. الوسوم المرجعية: Body Care، Body Concerns، Body Lotion، Dry Skin body concerns، Kids Care، Kids Hair.,https://alfouadpharmacies.com/en/products/jampj-vita-rich-blotion-yogurt-honeyampoats-250ml,AlFouad Pharmacies,Verify usage rights before commercial publication,غير مثبت,غير مثبت,مرجعي فقط — غير معتمد للنشر التجاري,بيانات مرجعية متاحة؛ يلزم تحقق PM,ضمن الفحص المبدئي
12689746690351,cerave-moisturising-lotion-very-dry-skin-236ml,لوشن سيرافي المرطب (للبشرة شديدة الجفاف) 236 مل,cerave,العناية بالجسم,العناية بالجسم,1,بسيط,85332,640,192,448,,متاح لدى المصدر,https://cdn.shopify.com/s/files/1/0935/9550/0847/files/3_80.webp?v=1785227506,منتج لوشن سيرافي المرطب (للبشرة شديدة الجفاف) 236 مل من cerave. التصنيف المرجعي: العناية بالجسم — بسيط. الوسوم المرجعية: 10، Body Care، Body Concerns، Body Lotion، Dry Skin body concerns.,https://alfouadpharmacies.com/en/products/cerave-moisturising-lotion-very-dry-skin-236ml,AlFouad Pharmacies,Verify usage rights before commercial publication,غير مثبت,غير مثبت,مرجعي فقط — غير معتمد للنشر التجاري,بيانات مرجعية متاحة؛ يلزم تحقق PM,ضمن الفحص المبدئي
10569741795631,cerave-moisturising-lotion-very-dry-skin-473ml,لوشن سيرافي المرطب (للبشرة شديدة الجفاف) 473 مل,cerave,العناية بالجسم,العناية بالجسم,1,بسيط,108022,1030,309,721,,متاح لدى المصدر,https://cdn.shopify.com/s/files/1/0935/9550/0847/files/351.webp?v=1780218903,منتج لوشن سيرافي المرطب (للبشرة شديدة الجفاف) 473 مل من cerave. التصنيف المرجعي: العناية بالجسم — بسيط. الوسوم المرجعية: 10، Body Care، Body Concerns، Body Lotion، Dry Skin body concerns.,https://alfouadpharmacies.com/en/products/cerave-moisturising-lotion-very-dry-skin-473ml,AlFouad Pharmacies,Verify usage rights before commercial publication,غير مثبت,غير مثبت,مرجعي فقط — غير معتمد للنشر التجاري,بيانات مرجعية متاحة؛ يلزم تحقق PM,ضمن الفحص المبدئي
16110622540079,لوشن-فاكيشن-أكوا-ريبير-المرطب-والمقوي-لحاجز-الجسم-400-مل,لوشن فاكيشن أكوا ريبير المرطب والمقوي لحاجز الجسم 400 مل,vacation,العناية بالجسم,العناية بالجسم,1,لوشن,116766,275,82.5,192.5,,متاح لدى المصدر,https://cdn.shopify.com/s/files/1/0935/9550/0847/files/vacation_aqua_repair_body_milk_same_1615.webp?v=1785842562,منتج لوشن فاكيشن أكوا ريبير المرطب والمقوي لحاجز الجسم 400 مل من vacation. التصنيف المرجعي: العناية بالجسم — لوشن. الوسوم المرجعية: Body Care، Body Lotion، Body Milk.,https://alfouadpharmacies.com/en/products/لوشن-فاكيشن-أكوا-ريبير-المرطب-والمقوي-لحاجز-الجسم-400-مل,AlFouad Pharmacies,Verify usage rights before commercial publication,غير مثبت,غير مثبت,مرجعي فقط — غير معتمد للنشر التجاري,بيانات مرجعية متاحة؛ يلزم تحقق PM,ضمن الفحص المبدئي
10569994535215,gtt-after-shave-splash-100ml-refresh-breeze,لوشن ما بعد الحلاقة جي تي تي 100 مل، منعش، برائحة منعشة.,AlFouad Pharmacies,العناية بالجسم,العناية بالجسم,1,بسيط,91678,300,90,210,,غير متاح لدى المصدر,https://cdn.shopify.com/s/files/1/0935/9550/0847/files/Gtt-After-Shave-Splash-100ML-Refresh-Breeze-870.webp?v=1754297170,منتج لوشن ما بعد الحلاقة جي تي تي 100 مل، منعش، برائحة منعشة. من AlFouad Pharmacies. التصنيف المرجعي: العناية بالجسم — بسيط. الوسوم المرجعية: After Shave، Body Care، Hair Removal، Men Care.,https://alfouadpharmacies.com/en/products/gtt-after-shave-splash-100ml-refresh-breeze,AlFouad Pharmacies,Verify usage rights before commercial publication,غير مثبت,غير مثبت,مرجعي فقط — غير معتمد للنشر التجاري,بيانات مرجعية متاحة؛ يلزم تحقق PM,ضمن الفحص المبدئي
16107352424751,لوشن-مرطب-للجسم-من-سترالين-200-مل,لوشن مرطب للجسم من سترالين 200 مل,HAYAH,العناية بالجسم,العناية بالجسم,1,مرطب للجسم ,28902,312,93.6,218.4,,متاح لدى المصدر,https://cdn.shopify.com/s/files/1/0935/9550/0847/files/Hayah_laboratories_03-09-20261231.webp?v=1785589134,منتج لوشن مرطب للجسم من سترالين 200 مل من HAYAH. التصنيف المرجعي: العناية بالجسم — مرطب للجسم . الوسوم المرجعية: Body Care، Body Cream، Body Milk.,https://alfouadpharmacies.com/en/products/لوشن-مرطب-للجسم-من-سترالين-200-مل,AlFouad Pharmacies,Verify usage rights before commercial publication,غير مثبت,غير مثبت,مرجعي فقط — غير معتمد للنشر التجاري,بيانات مرجعية متاحة؛ يلزم تحقق PM,ضمن الفحص المبدئي
10569907339567,nivea-body-lotion-250ml-nourishing-dry-to-very-dry,لوشن نيفيا للجسم 250 مل، مغذي للبشرة الجافة إلى شديدة الجفاف,AlFouad Pharmacies,العناية بالجسم,العناية بالجسم,1,بسيط,83246,230,69,161,,متاح لدى المصدر,https://cdn.shopify.com/s/files/1/0935/9550/0847/files/Nivea-Body-Lotion-250-ml-Nourishing-Dry-to-Very.webp?v=1754298046,منتج لوشن نيفيا للجسم 250 مل، مغذي للبشرة الجافة إلى شديدة الجفاف من AlFouad Pharmacies. التصنيف المرجعي: العناية بالجسم — بسيط. الوسوم المرجعية: Body Care، Body Concerns، Body Lotion، Dry Skin body concerns.,https://alfouadpharmacies.com/en/products/nivea-body-lotion-250ml-nourishing-dry-to-very-dry,AlFouad Pharmacies,Verify usage rights before commercial publication,غير مثبت,غير مثبت,مرجعي فقط — غير معتمد للنشر التجاري,بيانات مرجعية متاحة؛ يلزم تحقق PM,ضمن الفحص المبدئي
10569907372335,nivea-body-lotion-400ml-nourishing-very-dry-skin,لوشن نيفيا للجسم 400 مل، مغذي للبشرة الجافة جداً,AlFouad Pharmacies,العناية بالجسم,العناية بالجسم,1,بسيط,8586,320,96,224,,متاح لدى المصدر,https://cdn.shopify.com/s/files/1/0935/9550/0847/files/41ytGWxf-GL._SL500_._AC_SL500.webp?v=1790498136,منتج لوشن نيفيا للجسم 400 مل، مغذي للبشرة الجافة جداً من AlFouad Pharmacies. التصنيف المرجعي: العناية بالجسم — بسيط. الوسوم المرجعية: Body Care، Body Concerns، Body Lotion، Dry Skin body concerns.,https://alfouadpharmacies.com/en/products/nivea-body-lotion-400ml-nourishing-very-dry-skin,AlFouad Pharmacies,Verify usage rights before commercial publication,غير مثبت,غير مثبت,مرجعي فقط — غير معتمد للنشر التجاري,بيانات مرجعية متاحة؛ يلزم تحقق PM,ضمن الفحص المبدئي
10569721512239,dermactive-acti-solaire-lait-spray-spf50-125ml,لوشن واقي من الشمس ديرم اكتيف اكتي سولير، رذاذ، حماية 50+، 125 مل,DERMACTIVE,العناية بالجسم,العناية بالجسم,1,بسيط,9026,379,113.7,265.3,,متاح لدى المصدر,https://cdn.shopify.com/s/files/1/0935/9550/0847/files/Dermactive-Acti-Solaire-Lait-Spray-SPF50-125ml.webp?v=1754299202,منتج لوشن واقي من الشمس ديرم اكتيف اكتي سولير، رذاذ، حماية 50+، 125 مل من DERMACTIVE. التصنيف المرجعي: العناية بالجسم — بسيط. الوسوم المرجعية: Body Care، Sunscreen.,https://alfouadpharmacies.com/en/products/dermactive-acti-solaire-lait-spray-spf50-125ml,AlFouad Pharmacies,Verify usage rights before commercial publication,غير مثبت,غير مثبت,مرجعي فقط — غير معتمد للنشر التجاري,بيانات مرجعية متاحة؛ يلزم تحقق PM,ضمن الفحص المبدئي
16018950652207,lixora-sk-radiant-skin-body-milk-200ml,ليكسورا SK لوشن الجسم راديانت سكين 200 مل ,LIXORA,العناية بالجسم,العناية بالجسم,1,لوشن ,110631,300,90,210,,متاح لدى المصدر,https://cdn.shopify.com/s/files/1/0935/9550/0847/files/Bodymilk.webp?v=1781007141,منتج ليكسورا SK لوشن الجسم راديانت سكين 200 مل  من LIXORA. التصنيف المرجعي: العناية بالجسم — لوشن . الوسوم المرجعية: Body Care، Moisturizers.,https://alfouadpharmacies.com/en/products/lixora-sk-radiant-skin-body-milk-200ml,AlFouad Pharmacies,Verify usage rights before commercial publication,غير مثبت,غير مثبت,مرجعي فقط — غير معتمد للنشر التجاري,بيانات مرجعية متاحة؛ يلزم تحقق PM,ضمن الفحص المبدئي
12689667850543,limitless-chromax-cut-30-sachets,ليمتليس كرومكس كات، 30 كيسًا,Limitless,العناية بالجسم,العناية بالجسم,1,بسيط,17142,410,123,287,,متاح لدى المصدر,https://cdn.shopify.com/s/files/1/0935/9550/0847/files/LimitlessChromaxCut30Sachets.webp?v=1771751758,منتج ليمتليس كرومكس كات، 30 كيسًا من Limitless. التصنيف المرجعي: العناية بالجسم — بسيط. الوسوم المرجعية: Body Care، Body Concerns، Firming، Slimming and weight loss، Vitamins & Supplements.,https://alfouadpharmacies.com/en/products/limitless-chromax-cut-30-sachets,AlFouad Pharmacies,Verify usage rights before commercial publication,غير مثبت,غير مثبت,مرجعي فقط — غير معتمد للنشر التجاري,بيانات مرجعية متاحة؛ يلزم تحقق PM,مراجعة نطاق/تنظيم قبل الإدراج
10569864249647,fa-eau-de-cologne-splash-250ml-musk,ماء كولونيا فا، بخاخ، 250 مل، عطر المسك,AlFouad Pharmacies,العناية بالجسم,العناية بالجسم,1,بسيط,91126,80,24,56,,غير متاح لدى المصدر,https://cdn.shopify.com/s/files/1/0935/9550/0847/files/Fa-Eau-De-Cologne-Splash-250-ml-Musk.webp?v=1754298303,منتج ماء كولونيا فا، بخاخ، 250 مل، عطر المسك من AlFouad Pharmacies. التصنيف المرجعي: العناية بالجسم — بسيط. الوسوم المرجعية: Body Care، Body Spray، Deodrant.,https://alfouadpharmacies.com/en/products/fa-eau-de-cologne-splash-250ml-musk,AlFouad Pharmacies,Verify usage rights before commercial publication,غير مثبت,غير مثبت,مرجعي فقط — غير معتمد للنشر التجاري,بيانات مرجعية متاحة؛ يلزم تحقق PM,ضمن الفحص المبدئي
10569864053039,fa-eau-de-cologne-splash-250ml-aqua,ماء كولونيا فا، رذاذ، 250 مل، أكوا,AlFouad Pharmacies,العناية بالجسم,العناية بالجسم,1,بسيط,91704,80,24,56,,غير متاح لدى المصدر,https://cdn.shopify.com/s/files/1/0935/9550/0847/files/Fa-Eau-De-Cologne-Splash-250-ml-Aqua.webp?v=1754298305,منتج ماء كولونيا فا، رذاذ، 250 مل، أكوا من AlFouad Pharmacies. التصنيف المرجعي: العناية بالجسم — بسيط. الوسوم المرجعية: Body Care، Body Spray، Deodrant.,https://alfouadpharmacies.com/en/products/fa-eau-de-cologne-splash-250ml-aqua,AlFouad Pharmacies,Verify usage rights before commercial publication,غير مثبت,غير مثبت,مرجعي فقط — غير معتمد للنشر التجاري,بيانات مرجعية متاحة؛ يلزم تحقق PM,ضمن الفحص المبدئي
10569864380719,fa-eau-de-cologne-splash-250ml-pink-passion,ماء كولونيا فا، رذاذ، 250 مل، عطر بينك باشن (Pink Passion),AlFouad Pharmacies,العناية بالجسم,العناية بالجسم,1,بسيط,80903,80,24,56,,غير متاح لدى المصدر,https://cdn.shopify.com/s/files/1/0935/9550/0847/files/Fa-Eau-De-Cologne-Splash-250-ml-Pink-Passion.webp?v=1754298302,منتج ماء كولونيا فا، رذاذ، 250 مل، عطر بينك باشن (Pink Passion) من AlFouad Pharmacies. التصنيف المرجعي: العناية بالجسم — بسيط. الوسوم المرجعية: Body Care، Body Spray، Deodrant.,https://alfouadpharmacies.com/en/products/fa-eau-de-cologne-splash-250ml-pink-passion,AlFouad Pharmacies,Verify usage rights before commercial publication,غير مثبت,غير مثبت,مرجعي فقط — غير معتمد للنشر التجاري,بيانات مرجعية متاحة؛ يلزم تحقق PM,ضمن الفحص المبدئي
12689487102255,mood-set-warm-vanilla-splash-hand-shower-milk,مجموعة أجواء دافئة برائحة الفانيليا (رذاذ + يد + دش + حليب),MOOD,العناية بالجسم,العناية بالجسم,1,Body Care Set,115000,450,135,315,685,متاح لدى المصدر,https://cdn.shopify.com/s/files/1/0935/9550/0847/files/warm_vanilla_1615_web.webp?v=1789477210,منتج مجموعة أجواء دافئة برائحة الفانيليا (رذاذ + يد + دش + حليب) من MOOD. التصنيف المرجعي: العناية بالجسم — Body Care Set. الوسوم المرجعية: Body Care، Bundle، mood offer.,https://alfouadpharmacies.com/en/products/mood-set-warm-vanilla-splash-hand-shower-milk,AlFouad Pharmacies,Verify usage rights before commercial publication,غير مثبت,غير مثبت,مرجعي فقط — غير معتمد للنشر التجاري,بيانات مرجعية متاحة؛ يلزم تحقق PM,ضمن الفحص المبدئي
12689487692079,mood-set-santorini-splash-hand-shower-milk,مجموعة أجواء سانتوريني (رذاذ + يدين + دش + حليب),MOOD,العناية بالجسم,العناية بالجسم,1,Body Care Set,114990,450,135,315,685,متاح لدى المصدر,https://cdn.shopify.com/s/files/1/0935/9550/0847/files/santorini_gift_set_1615_web.webp?v=1789476969,منتج مجموعة أجواء سانتوريني (رذاذ + يدين + دش + حليب) من MOOD. التصنيف المرجعي: العناية بالجسم — Body Care Set. الوسوم المرجعية: Body Care، Bundle، mood offer.,https://alfouadpharmacies.com/en/products/mood-set-santorini-splash-hand-shower-milk,AlFouad Pharmacies,Verify usage rights before commercial publication,غير مثبت,غير مثبت,مرجعي فقط — غير معتمد للنشر التجاري,بيانات مرجعية متاحة؛ يلزم تحقق PM,ضمن الفحص المبدئي
10569841410351,camay-soap-collection-125115gm,مجموعة صابون كاماي 125/115 غرام,AlFouad Pharmacies,العناية بالجسم,العناية بالجسم,1,بسيط,33267,21.25,6.38,14.87,,متاح لدى المصدر,https://cdn.shopify.com/s/files/1/0935/9550/0847/files/Camay-Soap-Collection-125115GM.webp?v=1754298510,منتج مجموعة صابون كاماي 125/115 غرام من AlFouad Pharmacies. التصنيف المرجعي: العناية بالجسم — بسيط. الوسوم المرجعية: Body Care، Body Wash.,https://alfouadpharmacies.com/en/products/camay-soap-collection-125115gm,AlFouad Pharmacies,Verify usage rights before commercial publication,غير مثبت,غير مثبت,مرجعي فقط — غير معتمد للنشر التجاري,بيانات مرجعية متاحة؛ يلزم تحقق PM,ضمن الفحص المبدئي
10569841443119,camay-soap-collection-175165gm,مجموعة صابون كاماي 175/165 غرام,AlFouad Pharmacies,العناية بالجسم,العناية بالجسم,1,بسيط,92994,37,11.1,25.9,,متاح لدى المصدر,https://cdn.shopify.com/s/files/1/0935/9550/0847/files/Camay-Soap-Collection-175165GM.webp?v=1754298510,منتج مجموعة صابون كاماي 175/165 غرام من AlFouad Pharmacies. التصنيف المرجعي: العناية بالجسم — بسيط. الوسوم المرجعية: Body Care، Body Wash.,https://alfouadpharmacies.com/en/products/camay-soap-collection-175165gm,AlFouad Pharmacies,Verify usage rights before commercial publication,غير مثبت,غير مثبت,مرجعي فقط — غير معتمد للنشر التجاري,بيانات مرجعية متاحة؛ يلزم تحقق PM,ضمن الفحص المبدئي
12689487331631,mood-set-sugar-rush-splash-hand-shower-milk,مجموعة مزاجية: اندفاع السكر (رذاذ + يد + دش + حليب),MOOD,العناية بالجسم,العناية بالجسم,1,Body Care Set,114996,450,135,315,685,متاح لدى المصدر,https://cdn.shopify.com/s/files/1/0935/9550/0847/files/sugar_rush_gift_set_1615_web.webp?v=1789476602,منتج مجموعة مزاجية: اندفاع السكر (رذاذ + يد + دش + حليب) من MOOD. التصنيف المرجعي: العناية بالجسم — Body Care Set. الوسوم المرجعية: Body Care، Bundle، mood offer.,https://alfouadpharmacies.com/en/products/mood-set-sugar-rush-splash-hand-shower-milk,AlFouad Pharmacies,Verify usage rights before commercial publication,غير مثبت,غير مثبت,مرجعي فقط — غير معتمد للنشر التجاري,بيانات مرجعية متاحة؛ يلزم تحقق PM,ضمن الفحص المبدئي
10569817293103,mood-cairo-set-1-body-lotion-150-gmbody-splash-220-mlhand-cream-50gm,مجموعة مود القاهرة رقم 1 (لوشن للجسم 150 جم + بخاخ للجسم 220 مل + كريم يد 50 جم),MOOD,العناية بالجسم,العناية بالجسم,1,بسيط,105497,390,117,273,,غير متاح لدى المصدر,https://cdn.shopify.com/s/files/1/0935/9550/0847/files/Cairo.webp?v=1754298686,منتج مجموعة مود القاهرة رقم 1 (لوشن للجسم 150 جم + بخاخ للجسم 220 مل + كريم يد 50 جم) من MOOD. التصنيف المرجعي: العناية بالجسم — بسيط. الوسوم المرجعية: Body Care، Bundle، mood offer.,https://alfouadpharmacies.com/en/products/mood-cairo-set-1-body-lotion-150-gmbody-splash-220-mlhand-cream-50gm,AlFouad Pharmacies,Verify usage rights before commercial publication,غير مثبت,غير مثبت,مرجعي فقط — غير معتمد للنشر التجاري,بيانات مرجعية متاحة؛ يلزم تحقق PM,ضمن الفحص المبدئي
10569817227567,mood-bali-set-1-body-lotion-150gmbody-splash-220-mlhand-cream-50gm,مجموعة مود بالي 1 (لوشن للجسم 150 جرام + بخاخ للجسم 220 مل + كريم يد 50 جرام),MOOD,العناية بالجسم,العناية بالجسم,1,بسيط,105491,390,117,273,,غير متاح لدى المصدر,https://cdn.shopify.com/s/files/1/0935/9550/0847/files/Bali.webp?v=1754298687,منتج مجموعة مود بالي 1 (لوشن للجسم 150 جرام + بخاخ للجسم 220 مل + كريم يد 50 جرام) من MOOD. التصنيف المرجعي: العناية بالجسم — بسيط. الوسوم المرجعية: Body Care، Bundle، mood offer.,https://alfouadpharmacies.com/en/products/mood-bali-set-1-body-lotion-150gmbody-splash-220-mlhand-cream-50gm,AlFouad Pharmacies,Verify usage rights before commercial publication,غير مثبت,غير مثبت,مرجعي فقط — غير معتمد للنشر التجاري,بيانات مرجعية متاحة؛ يلزم تحقق PM,ضمن الفحص المبدئي
10569817719087,mood-tahiti-set-1-body-lotion-150-gmbody-splash-220mlhand-cream-50-gm,مجموعة مود تاهيتي رقم 1 (لوشن للجسم 150 جم + بخاخ للجسم 220 مل + كريم يد 50 جم),MOOD,العناية بالجسم,العناية بالجسم,1,بسيط,104905,390,117,273,,غير متاح لدى المصدر,https://cdn.shopify.com/s/files/1/0935/9550/0847/files/Tahiti.webp?v=1754298682,منتج مجموعة مود تاهيتي رقم 1 (لوشن للجسم 150 جم + بخاخ للجسم 220 مل + كريم يد 50 جم) من MOOD. التصنيف المرجعي: العناية بالجسم — بسيط. الوسوم المرجعية: Body Care، Bundle، mood offer.,https://alfouadpharmacies.com/en/products/mood-tahiti-set-1-body-lotion-150-gmbody-splash-220mlhand-cream-50-gm,AlFouad Pharmacies,Verify usage rights before commercial publication,غير مثبت,غير مثبت,مرجعي فقط — غير معتمد للنشر التجاري,بيانات مرجعية متاحة؛ يلزم تحقق PM,ضمن الفحص المبدئي
10569817555247,mood-khaliji-set-1-body-lotion-150-gmbody-splash-220mlhand-cream-50-gm,مجموعة مود خليجي 1 (لوشن للجسم 150 جم + بخاخ للجسم 220 مل + كريم يد 50 جم),MOOD,العناية بالجسم,العناية بالجسم,1,بسيط,105495,390,117,273,,غير متاح لدى المصدر,https://cdn.shopify.com/s/files/1/0935/9550/0847/files/khaliji.webp?v=1754298683,منتج مجموعة مود خليجي 1 (لوشن للجسم 150 جم + بخاخ للجسم 220 مل + كريم يد 50 جم) من MOOD. التصنيف المرجعي: العناية بالجسم — بسيط. الوسوم المرجعية: Body Care، Bundle، mood offer.,https://alfouadpharmacies.com/en/products/mood-khaliji-set-1-body-lotion-150-gmbody-splash-220mlhand-cream-50-gm,AlFouad Pharmacies,Verify usage rights before commercial publication,غير مثبت,غير مثبت,مرجعي فقط — غير معتمد للنشر التجاري,بيانات مرجعية متاحة؛ يلزم تحقق PM,ضمن الفحص المبدئي
10569817456943,mood-vienna-set-1-body-lotion-150-gmbody-splash-220-mlhand-cream-50-gm,مجموعة مود فيينا رقم 1 (لوشن للجسم 150 غرام + بخاخ للجسم 220 مل + كريم يد 50 غرام),MOOD,العناية بالجسم,العناية بالجسم,1,بسيط,105498,390,117,273,,غير متاح لدى المصدر,https://cdn.shopify.com/s/files/1/0935/9550/0847/files/Vienna.webp?v=1754298684,منتج مجموعة مود فيينا رقم 1 (لوشن للجسم 150 غرام + بخاخ للجسم 220 مل + كريم يد 50 غرام) من MOOD. التصنيف المرجعي: العناية بالجسم — بسيط. الوسوم المرجعية: Body Care، Bundle، mood offer.,https://alfouadpharmacies.com/en/products/mood-vienna-set-1-body-lotion-150-gmbody-splash-220-mlhand-cream-50-gm,AlFouad Pharmacies,Verify usage rights before commercial publication,غير مثبت,غير مثبت,مرجعي فقط — غير معتمد للنشر التجاري,بيانات مرجعية متاحة؛ يلزم تحقق PM,ضمن الفحص المبدئي
10569817686319,mood-latino-set-1-body-lotion-150-gmbody-splash-220-mlhand-cream-50-gm,مجموعة مود لاتينو رقم 1 (لوشن للجسم 150 غرام + بخاخ للجسم 220 مل + كريم يد 50 غرام),MOOD,العناية بالجسم,العناية بالجسم,1,بسيط,104903,390,117,273,,غير متاح لدى المصدر,https://cdn.shopify.com/s/files/1/0935/9550/0847/files/Latino.webp?v=1754298683,منتج مجموعة مود لاتينو رقم 1 (لوشن للجسم 150 غرام + بخاخ للجسم 220 مل + كريم يد 50 غرام) من MOOD. التصنيف المرجعي: العناية بالجسم — بسيط. الوسوم المرجعية: Body Care، Bundle، mood offer.,https://alfouadpharmacies.com/en/products/mood-latino-set-1-body-lotion-150-gmbody-splash-220-mlhand-cream-50-gm,AlFouad Pharmacies,Verify usage rights before commercial publication,غير مثبت,غير مثبت,مرجعي فقط — غير معتمد للنشر التجاري,بيانات مرجعية متاحة؛ يلزم تحقق PM,ضمن الفحص المبدئي
10569817358639,mood-hawaii-set-1-body-lotion-150gm-body-splash-220-mlhand-cream-50-gm,مجموعة مود هاواي رقم 1 (لوشن للجسم 150 جرام + بخاخ للجسم 220 مل + كريم يد 50 جرام),MOOD,العناية بالجسم,العناية بالجسم,1,بسيط,105499,390,117,273,,غير متاح لدى المصدر,https://cdn.shopify.com/s/files/1/0935/9550/0847/files/Hawaii.webp?v=1754298686,منتج مجموعة مود هاواي رقم 1 (لوشن للجسم 150 جرام + بخاخ للجسم 220 مل + كريم يد 50 جرام) من MOOD. التصنيف المرجعي: العناية بالجسم — بسيط. الوسوم المرجعية: Body Care، Bundle، mood offer.,https://alfouadpharmacies.com/en/products/mood-hawaii-set-1-body-lotion-150gm-body-splash-220-mlhand-cream-50-gm,AlFouad Pharmacies,Verify usage rights before commercial publication,غير مثبت,غير مثبت,مرجعي فقط — غير معتمد للنشر التجاري,بيانات مرجعية متاحة؛ يلزم تحقق PM,ضمن الفحص المبدئي
12689487462703,mood-set-vienna-splash-hand-shower-milk,مجموعة موود فيينا للعناية بالجسم | بودي سبلاش وعناية باليدين وبودي ميلك,MOOD,العناية بالجسم,العناية بالجسم,1,,114994,450,135,315,685,غير متاح لدى المصدر,https://cdn.shopify.com/s/files/1/0935/9550/0847/files/MOODSETVIENNA_SPLASH_HAND_SHOWER_MILK_deaba1bc-b45c-4303-819a-53f4f2200932.webp?v=1771844735,منتج مجموعة موود فيينا للعناية بالجسم | بودي سبلاش وعناية باليدين وبودي ميلك من MOOD. التصنيف المرجعي: العناية بالجسم. الوسوم المرجعية: Body Care، Bundle، mood offer.,https://alfouadpharmacies.com/en/products/mood-set-vienna-splash-hand-shower-milk,AlFouad Pharmacies,Verify usage rights before commercial publication,غير مثبت,غير مثبت,مرجعي فقط — غير معتمد للنشر التجاري,بيانات مرجعية متاحة؛ يلزم تحقق PM,ضمن الفحص المبدئي
10569994469679,gillete-venus-sensitive-3-razor,مُحزّز حلاقة جليت فينس سنسيتيف 3,AlFouad Pharmacies,العناية بالجسم,العناية بالجسم,1,بسيط,93425,325,97.5,227.5,,متاح لدى المصدر,https://cdn.shopify.com/s/files/1/0935/9550/0847/files/Gtt-Venus-Sensitive-3-Razor-167.webp?v=1754297170,منتج مُحزّز حلاقة جليت فينس سنسيتيف 3 من AlFouad Pharmacies. التصنيف المرجعي: العناية بالجسم — بسيط. الوسوم المرجعية: Body Care، Hair Removal، Razor Handel.,https://alfouadpharmacies.com/en/products/gillete-venus-sensitive-3-razor,AlFouad Pharmacies,Verify usage rights before commercial publication,غير مثبت,غير مثبت,مرجعي فقط — غير معتمد للنشر التجاري,بيانات مرجعية متاحة؛ يلزم تحقق PM,ضمن الفحص المبدئي
10569835282735,veet-hair-remover-cr100ml-senetive-skin,مزيل شعر فيت كريم 100 مل للبشرة الحساسة,Veet,العناية بالجسم,العناية بالجسم,1,بسيط,108421,87.5,26.25,61.25,,متاح لدى المصدر,https://cdn.shopify.com/s/files/1/0935/9550/0847/files/Veet-Hair-Remover-CR.100ML-Senetive-Skin.webp?v=1754298557,منتج مزيل شعر فيت كريم 100 مل للبشرة الحساسة من Veet. التصنيف المرجعي: العناية بالجسم — بسيط. الوسوم المرجعية: Body Care، Hair Removal.,https://alfouadpharmacies.com/en/products/veet-hair-remover-cr100ml-senetive-skin,AlFouad Pharmacies,Verify usage rights before commercial publication,غير مثبت,غير مثبت,مرجعي فقط — غير معتمد للنشر التجاري,بيانات مرجعية متاحة؛ يلزم تحقق PM,ضمن الفحص المبدئي
10569835217199,veet-hair-remover-cr100ml-normal-skin,مزيل شعر فيت، كريم، 100 مل، للبشرة العادية,Veet,العناية بالجسم,العناية بالجسم,1,بسيط,87372,77,23.1,53.9,,متاح لدى المصدر,https://cdn.shopify.com/s/files/1/0935/9550/0847/files/Veet-Hair-Remover-CR.100ML-Normal-Skin.webp?v=1754298558,منتج مزيل شعر فيت، كريم، 100 مل، للبشرة العادية من Veet. التصنيف المرجعي: العناية بالجسم — بسيط. الوسوم المرجعية: Body Care، Hair Removal.,https://alfouadpharmacies.com/en/products/veet-hair-remover-cr100ml-normal-skin,AlFouad Pharmacies,Verify usage rights before commercial publication,غير مثبت,غير مثبت,مرجعي فقط — غير معتمد للنشر التجاري,بيانات مرجعية متاحة؛ يلزم تحقق PM,ضمن الفحص المبدئي
10569725116719,one-hair-removing-140gm-normal-off,مزيل شعر واحد 140 جرام عادي غير مزيل,AlFouad Pharmacies,العناية بالجسم,العناية بالجسم,1,بسيط,9116,41.5,12.45,29.05,,غير متاح لدى المصدر,https://cdn.shopify.com/s/files/1/0935/9550/0847/files/One-Hair-Removing-140gm-Cream-Normal_7dee8600-f883-453f-aed9-584cf7285f77.webp?v=1754299151,منتج مزيل شعر واحد 140 جرام عادي غير مزيل من AlFouad Pharmacies. التصنيف المرجعي: العناية بالجسم — بسيط. الوسوم المرجعية: Body Care، Hair Removal.,https://alfouadpharmacies.com/en/products/one-hair-removing-140gm-normal-off,AlFouad Pharmacies,Verify usage rights before commercial publication,غير مثبت,غير مثبت,مرجعي فقط — غير معتمد للنشر التجاري,بيانات مرجعية متاحة؛ يلزم تحقق PM,ضمن الفحص المبدئي
10569906749743,luna-nail-polish-remover-strawberry-100ml,مزيل طلاء أظافر لونا بنكهة الفراولة 100 مل,AlFouad Pharmacies,العناية بالجسم,العناية بالجسم | العناية بالأطفال,2,بسيط,9039,40,12,28,,متاح لدى المصدر,https://cdn.shopify.com/s/files/1/0935/9550/0847/files/Luna-Nail-Polish-Remover-Strawberry-100ML.webp?v=1754298053,منتج مزيل طلاء أظافر لونا بنكهة الفراولة 100 مل من AlFouad Pharmacies. التصنيف المرجعي: العناية بالجسم — بسيط. الوسوم المرجعية: Body Care، Hands & Feet، Kids Care، Kids Hair، Nails.,https://alfouadpharmacies.com/en/products/luna-nail-polish-remover-strawberry-100ml,AlFouad Pharmacies,Verify usage rights before commercial publication,غير مثبت,غير مثبت,مرجعي فقط — غير معتمد للنشر التجاري,بيانات مرجعية متاحة؛ يلزم تحقق PM,ضمن الفحص المبدئي
10569906684207,luna-nail-polish-remover-blue-berry-100ml,مزيل طلاء أظافر لونا، نكهة التوت الأزرق، 100 مل,AlFouad Pharmacies,العناية بالجسم,العناية بالجسم,1,بسيط,1536,40,12,28,,غير متاح لدى المصدر,https://cdn.shopify.com/s/files/1/0935/9550/0847/files/Luna-Nail-Polish-Remover-Blue-Berry-100ML.webp?v=1754298053,منتج مزيل طلاء أظافر لونا، نكهة التوت الأزرق، 100 مل من AlFouad Pharmacies. التصنيف المرجعي: العناية بالجسم — بسيط. الوسوم المرجعية: Body Care، Hands & Feet، Nails.,https://alfouadpharmacies.com/en/products/luna-nail-polish-remover-blue-berry-100ml,AlFouad Pharmacies,Verify usage rights before commercial publication,غير مثبت,غير مثبت,مرجعي فقط — غير معتمد للنشر التجاري,بيانات مرجعية متاحة؛ يلزم تحقق PM,ضمن الفحص المبدئي
10569945481519,old-spice-deod-stick-50gm-white-water,مزيل عرق أولد سبايس، عصا، 50 غرام، وايت ووتر,Old Spice,العناية بالجسم,العناية بالجسم,1,بسيط,93338,325,97.5,227.5,,متاح لدى المصدر,https://cdn.shopify.com/s/files/1/0935/9550/0847/files/Old-Spice-Deod-Stick-50GM-White-Water.webp?v=1754297687,منتج مزيل عرق أولد سبايس، عصا، 50 غرام، وايت ووتر من Old Spice. التصنيف المرجعي: العناية بالجسم — بسيط. الوسوم المرجعية: Body Care، Deodrant.,https://alfouadpharmacies.com/en/products/old-spice-deod-stick-50gm-white-water,AlFouad Pharmacies,Verify usage rights before commercial publication,غير مثبت,غير مثبت,مرجعي فقط — غير معتمد للنشر التجاري,بيانات مرجعية متاحة؛ يلزم تحقق PM,ضمن الفحص المبدئي
10569943744815,old-spice-deod-stick-50ml-restart,مزيل عرق أولد سبايس، عصا، 50 مل، إعادة تشغيل,AlFouad Pharmacies,العناية بالجسم,العناية بالجسم,1,بسيط,1631,325,97.5,227.5,,متاح لدى المصدر,https://cdn.shopify.com/s/files/1/0935/9550/0847/files/Old-Spice-Deod-Stick-50ML-Restart.webp?v=1754297712,منتج مزيل عرق أولد سبايس، عصا، 50 مل، إعادة تشغيل من AlFouad Pharmacies. التصنيف المرجعي: العناية بالجسم — بسيط. الوسوم المرجعية: Body Care، Deodrant.,https://alfouadpharmacies.com/en/products/old-spice-deod-stick-50ml-restart,AlFouad Pharmacies,Verify usage rights before commercial publication,غير مثبت,غير مثبت,مرجعي فقط — غير معتمد للنشر التجاري,بيانات مرجعية متاحة؛ يلزم تحقق PM,ضمن الفحص المبدئي
10569944301871,old-spice-deod-stick-73gm-grassland,مزيل عرق أولد سبايس، عصا، 73 غرام، رائحة العشب,AlFouad Pharmacies,العناية بالجسم,العناية بالجسم,1,بسيط,17330,280,84,196,,غير متاح لدى المصدر,https://cdn.shopify.com/s/files/1/0935/9550/0847/files/Old-Spice-Deod-Stick-73GM-Grassland.webp?v=1754297703,منتج مزيل عرق أولد سبايس، عصا، 73 غرام، رائحة العشب من AlFouad Pharmacies. التصنيف المرجعي: العناية بالجسم — بسيط. الوسوم المرجعية: Body Care، Deodrant.,https://alfouadpharmacies.com/en/products/old-spice-deod-stick-73gm-grassland,AlFouad Pharmacies,Verify usage rights before commercial publication,غير مثبت,غير مثبت,مرجعي فقط — غير معتمد للنشر التجاري,بيانات مرجعية متاحة؛ يلزم تحقق PM,ضمن الفحص المبدئي
10569944334639,old-spice-deod-stick-73gm-volcano,مزيل عرق أولد سبايس، عصا، 73 غرام، فولكانو,AlFouad Pharmacies,العناية بالجسم,العناية بالجسم,1,بسيط,17381,280,84,196,,غير متاح لدى المصدر,https://cdn.shopify.com/s/files/1/0935/9550/0847/files/Old-Spice-Deod-Stick-73GM-Volcano.webp?v=1754297702,منتج مزيل عرق أولد سبايس، عصا، 73 غرام، فولكانو من AlFouad Pharmacies. التصنيف المرجعي: العناية بالجسم — بسيط. الوسوم المرجعية: Body Care، Deodrant.,https://alfouadpharmacies.com/en/products/old-spice-deod-stick-73gm-volcano,AlFouad Pharmacies,Verify usage rights before commercial publication,غير مثبت,غير مثبت,مرجعي فقط — غير معتمد للنشر التجاري,بيانات مرجعية متاحة؛ يلزم تحقق PM,ضمن الفحص المبدئي
10569944989999,old-spice-deod-stick-73gm-fiji,مزيل عرق أولد سبايس، عصا، 73 غرام، فيجي,AlFouad Pharmacies,العناية بالجسم,العناية بالجسم,1,بسيط,103119,280,84,196,,غير متاح لدى المصدر,https://cdn.shopify.com/s/files/1/0935/9550/0847/files/Old-Spice-Deod-Stick-73GM-Fiji.webp?v=1754297693,منتج مزيل عرق أولد سبايس، عصا، 73 غرام، فيجي من AlFouad Pharmacies. التصنيف المرجعي: العناية بالجسم — بسيط. الوسوم المرجعية: Body Care، Deodrant.,https://alfouadpharmacies.com/en/products/old-spice-deod-stick-73gm-fiji,AlFouad Pharmacies,Verify usage rights before commercial publication,غير مثبت,غير مثبت,مرجعي فقط — غير معتمد للنشر التجاري,بيانات مرجعية متاحة؛ يلزم تحقق PM,ضمن الفحص المبدئي
10569944400175,old-spice-deod-stick-73gm-canyon,مزيل عرق أولد سبايس، عصا، 73 غرام، كانيون,AlFouad Pharmacies,العناية بالجسم,العناية بالجسم,1,بسيط,17471,280,84,196,,غير متاح لدى المصدر,https://cdn.shopify.com/s/files/1/0935/9550/0847/files/Old-Spice-Deod-Stick-73GM-Canyon.webp?v=1754297702,منتج مزيل عرق أولد سبايس، عصا، 73 غرام، كانيون من AlFouad Pharmacies. التصنيف المرجعي: العناية بالجسم — بسيط. الوسوم المرجعية: Body Care، Deodrant.,https://alfouadpharmacies.com/en/products/old-spice-deod-stick-73gm-canyon,AlFouad Pharmacies,Verify usage rights before commercial publication,غير مثبت,غير مثبت,مرجعي فقط — غير معتمد للنشر التجاري,بيانات مرجعية متاحة؛ يلزم تحقق PM,ضمن الفحص المبدئي
10569944432943,old-spice-deod-stick-73gm-harbor,مزيل عرق أولد سبايس، عصا، 73 غرام، هاربور,AlFouad Pharmacies,العناية بالجسم,العناية بالجسم,1,بسيط,17620,280,84,196,,غير متاح لدى المصدر,https://cdn.shopify.com/s/files/1/0935/9550/0847/files/Old-Spice-Deod-Stick-73GM-Harbor.webp?v=1754297701,منتج مزيل عرق أولد سبايس، عصا، 73 غرام، هاربور من AlFouad Pharmacies. التصنيف المرجعي: العناية بالجسم — بسيط. الوسوم المرجعية: Body Care، Deodrant.,https://alfouadpharmacies.com/en/products/old-spice-deod-stick-73gm-harbor,AlFouad Pharmacies,Verify usage rights before commercial publication,غير مثبت,غير مثبت,مرجعي فقط — غير معتمد للنشر التجاري,بيانات مرجعية متاحة؛ يلزم تحقق PM,ضمن الفحص المبدئي
10569944564015,old-spice-deod-stick-85gm-pure-sport,مزيل عرق أولد سبايس، عصا، 85 غرام، بيور سبورت,AlFouad Pharmacies,العناية بالجسم,العناية بالجسم,1,بسيط,101028,500,150,350,,غير متاح لدى المصدر,https://cdn.shopify.com/s/files/1/0935/9550/0847/files/Old-Spice-Deod-Stick-85GM-Pure-Sport.webp?v=1754297699,منتج مزيل عرق أولد سبايس، عصا، 85 غرام، بيور سبورت من AlFouad Pharmacies. التصنيف المرجعي: العناية بالجسم — بسيط. الوسوم المرجعية: Body Care، Deodrant.,https://alfouadpharmacies.com/en/products/old-spice-deod-stick-85gm-pure-sport,AlFouad Pharmacies,Verify usage rights before commercial publication,غير مثبت,غير مثبت,مرجعي فقط — غير معتمد للنشر التجاري,بيانات مرجعية متاحة؛ يلزم تحقق PM,ضمن الفحص المبدئي
10569723674927,raw-african-deodrant-lemon-wax-75gm,مزيل عرق افريقي خام، شمع ليمون، 75 جرام,RAW AFRICAN,العناية بالجسم,العناية بالجسم,1,بسيط,31351,199,59.7,139.3,,متاح لدى المصدر,https://cdn.shopify.com/s/files/1/0935/9550/0847/files/Raw-African-Deodrant-Lemon-Wax-75gm.webp?v=1754299169,منتج مزيل عرق افريقي خام، شمع ليمون، 75 جرام من RAW AFRICAN. التصنيف المرجعي: العناية بالجسم — بسيط. الوسوم المرجعية: Body Care، Deodrant.,https://alfouadpharmacies.com/en/products/raw-african-deodrant-lemon-wax-75gm,AlFouad Pharmacies,Verify usage rights before commercial publication,غير مثبت,غير مثبت,مرجعي فقط — غير معتمد للنشر التجاري,بيانات مرجعية متاحة؛ يلزم تحقق PM,ضمن الفحص المبدئي
10569803071791,mustela-stretch-marks-serum-45ml,مستحضرات مستيلا للعناية بالبشرة - سيروم لتفتيح علامات التمدد 45 مل,Mustela,العناية بالجسم,العناية بالجسم,1,بسيط,95922,1659,497.7,1161.3,,غير متاح لدى المصدر,https://cdn.shopify.com/s/files/1/0935/9550/0847/files/Mustela-Stretch-Marks-Serum-45ML.webp?v=1754298784,منتج مستحضرات مستيلا للعناية بالبشرة - سيروم لتفتيح علامات التمدد 45 مل من Mustela. التصنيف المرجعي: العناية بالجسم — بسيط. الوسوم المرجعية: Body Care، Body Concerns، Body Oil، Firming، Stretch Marks.,https://alfouadpharmacies.com/en/products/mustela-stretch-marks-serum-45ml,AlFouad Pharmacies,Verify usage rights before commercial publication,غير مثبت,غير مثبت,مرجعي فقط — غير معتمد للنشر التجاري,بيانات مرجعية متاحة؛ يلزم تحقق PM,ضمن الفحص المبدئي
10569723478319,man-look-foot-powder-mentol-50gm,مسحوق قدمات للرجال المنثول من مان لوك 50 جم,man look,العناية بالجسم,العناية بالجسم,1,بسيط,111266,50,15,35,,غير متاح لدى المصدر,https://cdn.shopify.com/s/files/1/0935/9550/0847/files/Man-Look-Foot-Powder-Mentol-50gm.webp?v=1754299171,منتج مسحوق قدمات للرجال المنثول من مان لوك 50 جم من man look. التصنيف المرجعي: العناية بالجسم — بسيط. الوسوم المرجعية: Body Care، Men Care.,https://alfouadpharmacies.com/en/products/man-look-foot-powder-mentol-50gm,AlFouad Pharmacies,Verify usage rights before commercial publication,غير مثبت,غير مثبت,مرجعي فقط — غير معتمد للنشر التجاري,بيانات مرجعية متاحة؛ يلزم تحقق PM,ضمن الفحص المبدئي
10569801171247,matriskin-gf7-serum-75ml,مصل ماتريسكن GF/7، 75 مل,AlFouad Pharmacies,العناية بالجسم,العناية بالجسم,1,بسيط,108920,729,218.7,510.3,,غير متاح لدى المصدر,https://cdn.shopify.com/s/files/1/0935/9550/0847/files/Matriskin-GF7-Serum-75ML.webp?v=1754298797,منتج مصل ماتريسكن GF/7، 75 مل من AlFouad Pharmacies. التصنيف المرجعي: العناية بالجسم — بسيط. الوسوم المرجعية: Body Care، Body Concerns، Body Oil، Firming، Stretch Marks.,https://alfouadpharmacies.com/en/products/matriskin-gf7-serum-75ml,AlFouad Pharmacies,Verify usage rights before commercial publication,غير مثبت,غير مثبت,مرجعي فقط — غير معتمد للنشر التجاري,بيانات مرجعية متاحة؛ يلزم تحقق PM,ضمن الفحص المبدئي
10569830826287,avuva-mini-body-splash-55-ml-passion-fruit,معطر للجسم صغير من أفوفا ٥٥ مل برائحة فاكهة الباشن فروت,AlFouad Pharmacies,العناية بالجسم,العناية بالجسم,1,بسيط,110736,45,13.5,31.5,,متاح لدى المصدر,https://cdn.shopify.com/s/files/1/0935/9550/0847/files/Avuva-Mini-Body-Splash-55-ml-Passion-Fruit.webp?v=1754298589,منتج معطر للجسم صغير من أفوفا ٥٥ مل برائحة فاكهة الباشن فروت من AlFouad Pharmacies. التصنيف المرجعي: العناية بالجسم — بسيط. الوسوم المرجعية: Body Care، Body Mist، Body Spray، Deodrant.,https://alfouadpharmacies.com/en/products/avuva-mini-body-splash-55-ml-passion-fruit,AlFouad Pharmacies,Verify usage rights before commercial publication,غير مثبت,غير مثبت,مرجعي فقط — غير معتمد للنشر التجاري,بيانات مرجعية متاحة؛ يلزم تحقق PM,ضمن الفحص المبدئي
10569828270383,mood-men-body-splash-220-ml-charm,معطر للجسم للرجال من مود، 220 مل، تشارم,MOOD,العناية بالجسم,العناية بالجسم,1,بسيط,112352,180,54,126,310,متاح لدى المصدر,https://cdn.shopify.com/s/files/1/0935/9550/0847/files/charm_splash_b84a4579-f3b4-472c-bc44-dfb52a49dd40.webp?v=1790254149,منتج معطر للجسم للرجال من مود، 220 مل، تشارم من MOOD. التصنيف المرجعي: العناية بالجسم — بسيط. الوسوم المرجعية: Body Care، Body Mist، Body Spray، Deodrant، Men Care.,https://alfouadpharmacies.com/en/products/mood-men-body-splash-220-ml-charm,AlFouad Pharmacies,Verify usage rights before commercial publication,غير مثبت,غير مثبت,مرجعي فقط — غير معتمد للنشر التجاري,بيانات مرجعية متاحة؛ يلزم تحقق PM,ضمن الفحص المبدئي
10569828368687,mood-men-body-splash-220-ml-intense,معطر للجسم للرجال من مود، 220 مل، رائحة مركزة,MOOD,العناية بالجسم,العناية بالجسم,1,بسيط,85192,180,54,126,310,متاح لدى المصدر,https://cdn.shopify.com/s/files/1/0935/9550/0847/files/intense_splash_80949046-adfb-489c-a5ad-befb73b93d4e_1.webp?v=1790251869,منتج معطر للجسم للرجال من مود، 220 مل، رائحة مركزة من MOOD. التصنيف المرجعي: العناية بالجسم — بسيط. الوسوم المرجعية: Body Care، Body Mist، Body Spray، Deodrant، Men Care.,https://alfouadpharmacies.com/en/products/mood-men-body-splash-220-ml-intense,AlFouad Pharmacies,Verify usage rights before commercial publication,غير مثبت,غير مثبت,مرجعي فقط — غير معتمد للنشر التجاري,بيانات مرجعية متاحة؛ يلزم تحقق PM,ضمن الفحص المبدئي
10569828204847,mood-men-body-splash-220-ml-bold,معطر للجسم للرجال من مود، 220 مل، لون جريء,MOOD,العناية بالجسم,العناية بالجسم,1,Body Mist,85170,180,54,126,310,متاح لدى المصدر,https://cdn.shopify.com/s/files/1/0935/9550/0847/files/1_72.webp?v=1782302211,منتج معطر للجسم للرجال من مود، 220 مل، لون جريء من MOOD. التصنيف المرجعي: العناية بالجسم — Body Mist. الوسوم المرجعية: Body Care، Body Mist، Body Spray، Deodrant، Men Care.,https://alfouadpharmacies.com/en/products/mood-men-body-splash-220-ml-bold,AlFouad Pharmacies,Verify usage rights before commercial publication,غير مثبت,غير مثبت,مرجعي فقط — غير معتمد للنشر التجاري,بيانات مرجعية متاحة؛ يلزم تحقق PM,ضمن الفحص المبدئي
10569828565295,mood-men-body-splash-220-ml-rich,معطر للجسم للرجال مود مين 220 مل غني,MOOD,العناية بالجسم,العناية بالجسم,1,بسيط,112351,180,54,126,310,متاح لدى المصدر,https://cdn.shopify.com/s/files/1/0935/9550/0847/files/rich_splash_514134fb-e48d-48bb-b32a-bceadf770f17.webp?v=1790251735,منتج معطر للجسم للرجال مود مين 220 مل غني من MOOD. التصنيف المرجعي: العناية بالجسم — بسيط. الوسوم المرجعية: Body Care، Body Mist، Body Spray، Deodrant، Men Care.,https://alfouadpharmacies.com/en/products/mood-men-body-splash-220-ml-rich,AlFouad Pharmacies,Verify usage rights before commercial publication,غير مثبت,غير مثبت,مرجعي فقط — غير معتمد للنشر التجاري,بيانات مرجعية متاحة؛ يلزم تحقق PM,ضمن الفحص المبدئي
10569827320111,mood-body-splash-220-ml-cairo,معطر للجسم مود 220 مل القاهرة,MOOD,العناية بالجسم,العناية بالجسم,1,بسيط,28794,180,54,126,310,متاح لدى المصدر,https://cdn.shopify.com/s/files/1/0935/9550/0847/files/Aromal_sunscreen_gel_5.webp?v=1788856601,منتج معطر للجسم مود 220 مل القاهرة من MOOD. التصنيف المرجعي: العناية بالجسم — بسيط. الوسوم المرجعية: Body Care، Body Mist، Body Spray، Deodrant.,https://alfouadpharmacies.com/en/products/mood-body-splash-220-ml-cairo,AlFouad Pharmacies,Verify usage rights before commercial publication,غير مثبت,غير مثبت,مرجعي فقط — غير معتمد للنشر التجاري,بيانات مرجعية متاحة؛ يلزم تحقق PM,ضمن الفحص المبدئي
10569827156271,mood-body-splash-220-ml-bali,معطر للجسم مود 220 مل بالي,MOOD,العناية بالجسم,العناية بالجسم,1,بسيط,28791,180,54,126,310,متاح لدى المصدر,https://cdn.shopify.com/s/files/1/0935/9550/0847/files/Aromal_sunscreen_gel_2.webp?v=1788855994,منتج معطر للجسم مود 220 مل بالي من MOOD. التصنيف المرجعي: العناية بالجسم — بسيط. الوسوم المرجعية: Body Care، Body Mist، Body Spray، Deodrant، mood offer.,https://alfouadpharmacies.com/en/products/mood-body-splash-220-ml-bali,AlFouad Pharmacies,Verify usage rights before commercial publication,غير مثبت,غير مثبت,مرجعي فقط — غير معتمد للنشر التجاري,بيانات مرجعية متاحة؛ يلزم تحقق PM,ضمن الفحص المبدئي
10569827909935,mood-body-splash-220-ml-sugar-rush,معطر للجسم مود 220 مل برائحة السكر,MOOD,العناية بالجسم,العناية بالجسم,1,بسيط,112359,180,54,126,310,متاح لدى المصدر,https://cdn.shopify.com/s/files/1/0935/9550/0847/files/1_-_2026-09-08T140007.696.webp?v=1788865299,منتج معطر للجسم مود 220 مل برائحة السكر من MOOD. التصنيف المرجعي: العناية بالجسم — بسيط. الوسوم المرجعية: Body Care، Body Mist، Body Spray، Deodrant.,https://alfouadpharmacies.com/en/products/mood-body-splash-220-ml-sugar-rush,AlFouad Pharmacies,Verify usage rights before commercial publication,غير مثبت,غير مثبت,مرجعي فقط — غير معتمد للنشر التجاري,بيانات مرجعية متاحة؛ يلزم تحقق PM,ضمن الفحص المبدئي
10569828073775,mood-body-splash-220-ml-warm-vanilla,معطر للجسم مود 220 مل برائحة الفانيليا الدافئة,MOOD,العناية بالجسم,العناية بالجسم,1,بسيط,112360,180,54,126,310,متاح لدى المصدر,https://cdn.shopify.com/s/files/1/0935/9550/0847/files/Mood_Body_Splash.webp?v=1788866484,منتج معطر للجسم مود 220 مل برائحة الفانيليا الدافئة من MOOD. التصنيف المرجعي: العناية بالجسم — بسيط. الوسوم المرجعية: Body Care، Body Mist، Body Spray، Deodrant.,https://alfouadpharmacies.com/en/products/mood-body-splash-220-ml-warm-vanilla,AlFouad Pharmacies,Verify usage rights before commercial publication,غير مثبت,غير مثبت,مرجعي فقط — غير معتمد للنشر التجاري,بيانات مرجعية متاحة؛ يلزم تحقق PM,ضمن الفحص المبدئي
10569828139311,mood-body-splash-220-ml-wild-rose,معطر للجسم مود 220 مل برائحة الورد البري,MOOD,العناية بالجسم,العناية بالجسم,1,بسيط,112356,180,54,126,310,متاح لدى المصدر,https://cdn.shopify.com/s/files/1/0935/9550/0847/files/1_-_2026-09-08T142200.555.webp?v=1788866572,منتج معطر للجسم مود 220 مل برائحة الورد البري من MOOD. التصنيف المرجعي: العناية بالجسم — بسيط. الوسوم المرجعية: Body Care، Body Mist، Body Spray، Deodrant، Men Care.,https://alfouadpharmacies.com/en/products/mood-body-splash-220-ml-wild-rose,AlFouad Pharmacies,Verify usage rights before commercial publication,غير مثبت,غير مثبت,مرجعي فقط — غير معتمد للنشر التجاري,بيانات مرجعية متاحة؛ يلزم تحقق PM,ضمن الفحص المبدئي
10569827451183,mood-body-splash-220-ml-creamy-coconut,معطر للجسم مود 220 مل برائحة جوز الهند الكريمي,MOOD,العناية بالجسم,العناية بالجسم,1,بسيط,112357,180,54,126,310,متاح لدى المصدر,https://cdn.shopify.com/s/files/1/0935/9550/0847/files/1_-_2026-09-08T134612.150.webp?v=1788864401,منتج معطر للجسم مود 220 مل برائحة جوز الهند الكريمي من MOOD. التصنيف المرجعي: العناية بالجسم — بسيط. الوسوم المرجعية: Body Care، Body Mist، Body Spray، Deodrant.,https://alfouadpharmacies.com/en/products/mood-body-splash-220-ml-creamy-coconut,AlFouad Pharmacies,Verify usage rights before commercial publication,غير مثبت,غير مثبت,مرجعي فقط — غير معتمد للنشر التجاري,بيانات مرجعية متاحة؛ يلزم تحقق PM,ضمن الفحص المبدئي
10569827975471,mood-body-splash-220-ml-tahiti,معطر للجسم مود 220 مل تاهيتي,MOOD,العناية بالجسم,العناية بالجسم,1,بسيط,85083,180,54,126,310,متاح لدى المصدر,https://cdn.shopify.com/s/files/1/0935/9550/0847/files/1_-_2026-09-08T140218.613.webp?v=1788865375,منتج معطر للجسم مود 220 مل تاهيتي من MOOD. التصنيف المرجعي: العناية بالجسم — بسيط. الوسوم المرجعية: Body Care، Body Mist، Body Spray، Deodrant.,https://alfouadpharmacies.com/en/products/mood-body-splash-220-ml-tahiti,AlFouad Pharmacies,Verify usage rights before commercial publication,غير مثبت,غير مثبت,مرجعي فقط — غير معتمد للنشر التجاري,بيانات مرجعية متاحة؛ يلزم تحقق PM,ضمن الفحص المبدئي
12689723687215,mood-body-splash-220-ml-santorini,معطر للجسم مود 220 مل سانتوريني,MOOD,العناية بالجسم,العناية بالجسم,1,بسيط,34238,180,54,126,310,متاح لدى المصدر,https://cdn.shopify.com/s/files/1/0935/9550/0847/files/1_-_2026-09-08T135703.180.webp?v=1788865163,منتج معطر للجسم مود 220 مل سانتوريني من MOOD. التصنيف المرجعي: العناية بالجسم — بسيط. الوسوم المرجعية: Body Care، Body Mist، Body Spray، Deodrant.,https://alfouadpharmacies.com/en/products/mood-body-splash-220-ml-santorini,AlFouad Pharmacies,Verify usage rights before commercial publication,غير مثبت,غير مثبت,مرجعي فقط — غير معتمد للنشر التجاري,بيانات مرجعية متاحة؛ يلزم تحقق PM,ضمن الفحص المبدئي
10569827746095,mood-body-splash-220-ml-latino,معطر للجسم مود 220 مل لاتينو,MOOD,العناية بالجسم,العناية بالجسم,1,بسيط,84742,180,54,126,310,متاح لدى المصدر,https://cdn.shopify.com/s/files/1/0935/9550/0847/files/1_-_2026-09-08T135504.082.webp?v=1788864980,منتج معطر للجسم مود 220 مل لاتينو من MOOD. التصنيف المرجعي: العناية بالجسم — بسيط. الوسوم المرجعية: Body Care، Body Mist، Body Spray، Deodrant.,https://alfouadpharmacies.com/en/products/mood-body-splash-220-ml-latino,AlFouad Pharmacies,Verify usage rights before commercial publication,غير مثبت,غير مثبت,مرجعي فقط — غير معتمد للنشر التجاري,بيانات مرجعية متاحة؛ يلزم تحقق PM,ضمن الفحص المبدئي
12689723785519,mood-body-splash-220-ml-hawaii,معطر للجسم مود 220 مل هاواي,MOOD,العناية بالجسم,العناية بالجسم,1,بسيط,30534,180,54,126,310,متاح لدى المصدر,https://cdn.shopify.com/s/files/1/0935/9550/0847/files/1_-_2026-09-08T134958.733.webp?v=1788864739,منتج معطر للجسم مود 220 مل هاواي من MOOD. التصنيف المرجعي: العناية بالجسم — بسيط. الوسوم المرجعية: Body Care، Body Mist، Body Spray، Deodrant.,https://alfouadpharmacies.com/en/products/mood-body-splash-220-ml-hawaii,AlFouad Pharmacies,Verify usage rights before commercial publication,غير مثبت,غير مثبت,مرجعي فقط — غير معتمد للنشر التجاري,بيانات مرجعية متاحة؛ يلزم تحقق PM,ضمن الفحص المبدئي
10569828499759,mood-men-body-splash-220-ml-power,معطر للجسم مود مين 220 مل باور,MOOD,العناية بالجسم,العناية بالجسم,1,بسيط,112354,180,54,126,310,متاح لدى المصدر,https://cdn.shopify.com/s/files/1/0935/9550/0847/files/power_splash_2fe6be8a-919b-4973-bab5-e0b377e50879.webp?v=1790251813,منتج معطر للجسم مود مين 220 مل باور من MOOD. التصنيف المرجعي: العناية بالجسم — بسيط. الوسوم المرجعية: Body Care، Body Mist، Body Spray، Deodrant، Men Care.,https://alfouadpharmacies.com/en/products/mood-men-body-splash-220-ml-power,AlFouad Pharmacies,Verify usage rights before commercial publication,غير مثبت,غير مثبت,مرجعي فقط — غير معتمد للنشر التجاري,بيانات مرجعية متاحة؛ يلزم تحقق PM,ضمن الفحص المبدئي
12689723654447,mood-men-body-splash-220-ml-dark,معطر للجسم مود مين 220 مل داكن,MOOD,العناية بالجسم,العناية بالجسم,1,بسيط,85190,180,54,126,310,متاح لدى المصدر,https://cdn.shopify.com/s/files/1/0935/9550/0847/files/dark_splash_69cf7836-a29c-44ba-bb73-b352ad8656e8.webp?v=1790250797,منتج معطر للجسم مود مين 220 مل داكن من MOOD. التصنيف المرجعي: العناية بالجسم — بسيط. الوسوم المرجعية: Body Care، Body Mist، Body Spray، Deodrant، Men Care.,https://alfouadpharmacies.com/en/products/mood-men-body-splash-220-ml-dark,AlFouad Pharmacies,Verify usage rights before commercial publication,غير مثبت,غير مثبت,مرجعي فقط — غير معتمد للنشر التجاري,بيانات مرجعية متاحة؛ يلزم تحقق PM,ضمن الفحص المبدئي
10569828598063,mood-men-body-splash-220-ml-strong,معطر للجسم مود مين 220 مل قوي,MOOD,العناية بالجسم,العناية بالجسم,1,بسيط,112353,180,54,126,310,متاح لدى المصدر,https://cdn.shopify.com/s/files/1/0935/9550/0847/files/strong_splash_3ce0f188-245d-4cce-ba8d-fd7e7ec4f1aa.webp?v=1790251629,منتج معطر للجسم مود مين 220 مل قوي من MOOD. التصنيف المرجعي: العناية بالجسم — بسيط. الوسوم المرجعية: Body Care، Body Mist، Body Spray، Deodrant، Men Care.,https://alfouadpharmacies.com/en/products/mood-men-body-splash-220-ml-strong,AlFouad Pharmacies,Verify usage rights before commercial publication,غير مثبت,غير مثبت,مرجعي فقط — غير معتمد للنشر التجاري,بيانات مرجعية متاحة؛ يلزم تحقق PM,ضمن الفحص المبدئي
10569828434223,mood-men-body-splash-220-ml-night,معطر للجسم مود مين 220 مل ليلي,MOOD,العناية بالجسم,العناية بالجسم,1,بسيط,85191,180,54,126,310,متاح لدى المصدر,https://cdn.shopify.com/s/files/1/0935/9550/0847/files/night_splash_92e15ce8-817f-4fda-b252-de750f877f2c.webp?v=1790250733,منتج معطر للجسم مود مين 220 مل ليلي من MOOD. التصنيف المرجعي: العناية بالجسم — بسيط. الوسوم المرجعية: Body Care، Body Mist، Body Spray، Deodrant، Men Care.,https://alfouadpharmacies.com/en/products/mood-men-body-splash-220-ml-night,AlFouad Pharmacies,Verify usage rights before commercial publication,غير مثبت,غير مثبت,مرجعي فقط — غير معتمد للنشر التجاري,بيانات مرجعية متاحة؛ يلزم تحقق PM,ضمن الفحص المبدئي
12689776181551,eva-natural-glow-body-scrub-250ml,مقشر الجسم إيفا ناتشورال جلو 250 مل,AlFouad Pharmacies,العناية بالجسم,العناية بالجسم,1,بسيط,9251,100,30,70,,متاح لدى المصدر,https://cdn.shopify.com/s/files/1/0935/9550/0847/files/41rHKrdf5CL._AC_UF894_1000_QL80.webp?v=1771844584,منتج مقشر الجسم إيفا ناتشورال جلو 250 مل من AlFouad Pharmacies. التصنيف المرجعي: العناية بالجسم — بسيط. الوسوم المرجعية: Body Care، Body Scrub.,https://alfouadpharmacies.com/en/products/eva-natural-glow-body-scrub-250ml,AlFouad Pharmacies,Verify usage rights before commercial publication,غير مثبت,غير مثبت,مرجعي فقط — غير معتمد للنشر التجاري,بيانات مرجعية متاحة؛ يلزم تحقق PM,ضمن الفحص المبدئي
10569722724655,infinity-naturals-body-scrub-refreshing-325gm,مقشر الجسم المنعش من إنفينيتي ناتشورالز 325 غرام,AlFouad Pharmacies,العناية بالجسم,العناية بالجسم,1,بسيط,13292,275,82.5,192.5,,غير متاح لدى المصدر,https://cdn.shopify.com/s/files/1/0935/9550/0847/files/Infinity-Naturals-Body-Scrub-Refreshing-325gm.webp?v=1754299181,منتج مقشر الجسم المنعش من إنفينيتي ناتشورالز 325 غرام من AlFouad Pharmacies. التصنيف المرجعي: العناية بالجسم — بسيط. الوسوم المرجعية: Body Care، Body Scrub.,https://alfouadpharmacies.com/en/products/infinity-naturals-body-scrub-refreshing-325gm,AlFouad Pharmacies,Verify usage rights before commercial publication,غير مثبت,غير مثبت,مرجعي فقط — غير معتمد للنشر التجاري,بيانات مرجعية متاحة؛ يلزم تحقق PM,ضمن الفحص المبدئي
10569724690735,eva-foot-scrub-60ml-tropical,مقشر القدم إيفا 60 مل، رائحة استوائية,AlFouad Pharmacies,العناية بالجسم,العناية بالجسم,1,بسيط,8707,75,22.5,52.5,,متاح لدى المصدر,https://cdn.shopify.com/s/files/1/0935/9550/0847/files/Eva-Foot-Scrub-60ml-Tropical.webp?v=1754299156,منتج مقشر القدم إيفا 60 مل، رائحة استوائية من AlFouad Pharmacies. التصنيف المرجعي: العناية بالجسم — بسيط. الوسوم المرجعية: Body Care، Body Concerns، Dry Skin body concerns، Foot، Hands & Feet.,https://alfouadpharmacies.com/en/products/eva-foot-scrub-60ml-tropical,AlFouad Pharmacies,Verify usage rights before commercial publication,غير مثبت,غير مثبت,مرجعي فقط — غير معتمد للنشر التجاري,بيانات مرجعية متاحة؛ يلزم تحقق PM,ضمن الفحص المبدئي
10569722954031,eva-foot-scrub-60ml-passion,مقشر القدم إيفا 60 مل، نكهة المانجو,AlFouad Pharmacies,العناية بالجسم,العناية بالجسم,1,بسيط,87810,75,22.5,52.5,,متاح لدى المصدر,https://cdn.shopify.com/s/files/1/0935/9550/0847/files/Eva-Foot-Scrub-60ml-Passion.webp?v=1754299178,منتج مقشر القدم إيفا 60 مل، نكهة المانجو من AlFouad Pharmacies. التصنيف المرجعي: العناية بالجسم — بسيط. الوسوم المرجعية: Body Care، Foot، Hands & Feet.,https://alfouadpharmacies.com/en/products/eva-foot-scrub-60ml-passion,AlFouad Pharmacies,Verify usage rights before commercial publication,غير مثبت,غير مثبت,مرجعي فقط — غير معتمد للنشر التجاري,بيانات مرجعية متاحة؛ يلزم تحقق PM,ضمن الفحص المبدئي
10569724494127,eva-hand-scrub-50ml-tropical,مقشر اليد إيفا 50 مل، رائحة استوائية,AlFouad Pharmacies,العناية بالجسم,العناية بالجسم,1,بسيط,5977,70,21,49,,متاح لدى المصدر,https://cdn.shopify.com/s/files/1/0935/9550/0847/files/Eva-Hand-Scrub-50ml-Tropical.webp?v=1754299159,منتج مقشر اليد إيفا 50 مل، رائحة استوائية من AlFouad Pharmacies. التصنيف المرجعي: العناية بالجسم — بسيط. الوسوم المرجعية: Body Care، Hand، Hands & Feet.,https://alfouadpharmacies.com/en/products/eva-hand-scrub-50ml-tropical,AlFouad Pharmacies,Verify usage rights before commercial publication,غير مثبت,غير مثبت,مرجعي فقط — غير معتمد للنشر التجاري,بيانات مرجعية متاحة؛ يلزم تحقق PM,ضمن الفحص المبدئي
10569723085103,eva-hand-scrub-50ml-passion,مقشر اليد إيفا 50 مل، نكهة المانجو,AlFouad Pharmacies,العناية بالجسم,العناية بالجسم,1,بسيط,105567,70,21,49,,متاح لدى المصدر,https://cdn.shopify.com/s/files/1/0935/9550/0847/files/Eva-Hand-Scrub-50ml-Passion.webp?v=1754299177,منتج مقشر اليد إيفا 50 مل، نكهة المانجو من AlFouad Pharmacies. التصنيف المرجعي: العناية بالجسم — بسيط. الوسوم المرجعية: Body Care، Body Concerns، Dry Skin body concerns، Hand، Hands & Feet.,https://alfouadpharmacies.com/en/products/eva-hand-scrub-50ml-passion,AlFouad Pharmacies,Verify usage rights before commercial publication,غير مثبت,غير مثبت,مرجعي فقط — غير معتمد للنشر التجاري,بيانات مرجعية متاحة؛ يلزم تحقق PM,ضمن الفحص المبدئي
10569725247791,eva-hand-scrub-50ml,مقشر اليدين إيفا 50 مل,AlFouad Pharmacies,العناية بالجسم,العناية بالجسم,1,بسيط,15735,70,21,49,,غير متاح لدى المصدر,https://cdn.shopify.com/s/files/1/0935/9550/0847/files/Eva-Hand-Scrub-50ml.webp?v=1754299148,منتج مقشر اليدين إيفا 50 مل من AlFouad Pharmacies. التصنيف المرجعي: العناية بالجسم — بسيط. الوسوم المرجعية: Body Care، Body Concerns، Dry Skin body concerns، Hand، Hands & Feet.,https://alfouadpharmacies.com/en/products/eva-hand-scrub-50ml,AlFouad Pharmacies,Verify usage rights before commercial publication,غير مثبت,غير مثبت,مرجعي فقط — غير معتمد للنشر التجاري,بيانات مرجعية متاحة؛ يلزم تحقق PM,ضمن الفحص المبدئي
10569724952879,eva-skincare-hand-scrub-50ml-summer-twist,مقشر اليدين إيفا للعناية بالبشرة 50 مل، إصدار صيفي,AlFouad Pharmacies,العناية بالجسم,العناية بالجسم,1,بسيط,19281,70,21,49,,متاح لدى المصدر,https://cdn.shopify.com/s/files/1/0935/9550/0847/files/Eva-Skincare-Hand-Scrub-50ml-Summer-Twist.webp?v=1754299152,منتج مقشر اليدين إيفا للعناية بالبشرة 50 مل، إصدار صيفي من AlFouad Pharmacies. التصنيف المرجعي: العناية بالجسم — بسيط. الوسوم المرجعية: Body Care، Hand، Hands & Feet.,https://alfouadpharmacies.com/en/products/eva-skincare-hand-scrub-50ml-summer-twist,AlFouad Pharmacies,Verify usage rights before commercial publication,غير مثبت,غير مثبت,مرجعي فقط — غير معتمد للنشر التجاري,بيانات مرجعية متاحة؛ يلزم تحقق PM,ضمن الفحص المبدئي
10570012459311,sonata-88105,مقص مدبب سوناتا (88105),AlFouad Pharmacies,العناية بالجسم,العناية بالجسم,1,بسيط,107336,58,17.4,40.6,,غير متاح لدى المصدر,https://cdn.shopify.com/s/files/1/0935/9550/0847/files/Sonata-88105_D9_85_D9_82_D8_B5-_D9_85_D8_AF_D8_A8_D8_A8.webp?v=1754297044,منتج مقص مدبب سوناتا (88105) من AlFouad Pharmacies. التصنيف المرجعي: العناية بالجسم — بسيط. الوسوم المرجعية: Accessories، Beauty & Accessories، Body Care، Hands & Feet، Nails، Scissors.,https://alfouadpharmacies.com/en/products/sonata-88105,AlFouad Pharmacies,Verify usage rights before commercial publication,غير مثبت,غير مثبت,مرجعي فقط — غير معتمد للنشر التجاري,بيانات مرجعية متاحة؛ يلزم تحقق PM,ضمن الفحص المبدئي
10569920086319,garcinia-cambogia-1500-mg-60-cappuritans-pride,مكمل غذائي جارسينيا كامبوجيا 1500 مجم من بوريتانز برايد – 60 كبسولة,Puritan’s Pride,العناية بالجسم,العناية بالجسم,1,بسيط,105036,800,240,560,,غير متاح لدى المصدر,https://cdn.shopify.com/s/files/1/0935/9550/0847/files/Garcinia-cambogia-1500-mg-60-Cappuritans-Pride-_D8_B4_D8_B1.webp?v=1754297904,منتج مكمل غذائي جارسينيا كامبوجيا 1500 مجم من بوريتانز برايد – 60 كبسولة من Puritan’s Pride. التصنيف المرجعي: العناية بالجسم — بسيط. الوسوم المرجعية: Adult Vitamins، Body Care، Body Concerns، Firming، Slimming and weight loss، Vitamins & Supplements.,https://alfouadpharmacies.com/en/products/garcinia-cambogia-1500-mg-60-cappuritans-pride,AlFouad Pharmacies,Verify usage rights before commercial publication,غير مثبت,غير مثبت,مرجعي فقط — غير معتمد للنشر التجاري,بيانات مرجعية متاحة؛ يلزم تحقق PM,مراجعة نطاق/تنظيم قبل الإدراج
10569992503599,care-free-wipes-green-tea-20pcs,منديل تنظيف خالية من العطور بنكهة الشاي الأخضر 20 قطعة,care free,العناية بالجسم,العناية بالجسم,1,بسيط,15768,60,18,42,,غير متاح لدى المصدر,https://cdn.shopify.com/s/files/1/0935/9550/0847/files/Care-Free-Wipes-Green-Tea-20PCS.webp?v=1753902593,منتج منديل تنظيف خالية من العطور بنكهة الشاي الأخضر 20 قطعة من care free. التصنيف المرجعي: العناية بالجسم — بسيط. الوسوم المرجعية: Body Care، Body Concerns، Intimate Care، Sexual Health، Women’s Health.,https://alfouadpharmacies.com/en/products/care-free-wipes-green-tea-20pcs,AlFouad Pharmacies,Verify usage rights before commercial publication,غير مثبت,غير مثبت,مرجعي فقط — غير معتمد للنشر التجاري,بيانات مرجعية متاحة؛ يلزم تحقق PM,ضمن الفحص المبدئي
16107295605039,ميلاتكس-بيكيني-كريم,ميلاتكس بيكيني كريم,HAYAH,العناية بالجسم,العناية بالجسم,1,تفتيح,116759,249,74.7,174.3,,متاح لدى المصدر,https://cdn.shopify.com/s/files/1/0935/9550/0847/files/Hayahlaboratories03-09-20261266_jpg.webp?v=1785576742,منتج ميلاتكس بيكيني كريم من HAYAH. التصنيف المرجعي: العناية بالجسم — تفتيح. الوسوم المرجعية: Body Care، Sensitive Area.,https://alfouadpharmacies.com/en/products/ميلاتكس-بيكيني-كريم,AlFouad Pharmacies,Verify usage rights before commercial publication,غير مثبت,غير مثبت,مرجعي فقط — غير معتمد للنشر التجاري,بيانات مرجعية متاحة؛ يلزم تحقق PM,ضمن الفحص المبدئي
10569908289839,nivea-deod-spray-150ml-dry-comfort,نيفيا بخاخ مزيل للعرق 150 مل راحة جافة,AlFouad Pharmacies,العناية بالجسم,العناية بالجسم,1,بسيط,8772,192,57.6,134.4,,غير متاح لدى المصدر,https://cdn.shopify.com/s/files/1/0935/9550/0847/files/Nivea-Deod-Spray-150ML-Dry-Comfort.webp?v=1754298035,منتج نيفيا بخاخ مزيل للعرق 150 مل راحة جافة من AlFouad Pharmacies. التصنيف المرجعي: العناية بالجسم — بسيط. الوسوم المرجعية: Body Care، Body Spray، Deodrant.,https://alfouadpharmacies.com/en/products/nivea-deod-spray-150ml-dry-comfort,AlFouad Pharmacies,Verify usage rights before commercial publication,غير مثبت,غير مثبت,مرجعي فقط — غير معتمد للنشر التجاري,بيانات مرجعية متاحة؛ يلزم تحقق PM,ضمن الفحص المبدئي
10569908650287,nivea-deod-spray-150ml-fresh-natural,نيفيا بخاخ مزيل للعرق 150 مل طبيعي منعش,AlFouad Pharmacies,العناية بالجسم,العناية بالجسم,1,بسيط,82486,197,59.1,137.9,,متاح لدى المصدر,https://cdn.shopify.com/s/files/1/0935/9550/0847/files/Nivea-Deod-Spray-150ML-Fresh-Natural.webp?v=1754298030,منتج نيفيا بخاخ مزيل للعرق 150 مل طبيعي منعش من AlFouad Pharmacies. التصنيف المرجعي: العناية بالجسم — بسيط. الوسوم المرجعية: Body Care، Body Spray، Deodrant.,https://alfouadpharmacies.com/en/products/nivea-deod-spray-150ml-fresh-natural,AlFouad Pharmacies,Verify usage rights before commercial publication,غير مثبت,غير مثبت,مرجعي فقط — غير معتمد للنشر التجاري,بيانات مرجعية متاحة؛ يلزم تحقق PM,ضمن الفحص المبدئي
10569913073967,nivea-roll-on-50ml-fw-pearl-beauty,نيفيا رول أون 50 مل بيرل بيوتي (للبشرة العادية),AlFouad Pharmacies,العناية بالجسم,العناية بالجسم,1,بسيط,8775,99,29.7,69.3,,متاح لدى المصدر,https://cdn.shopify.com/s/files/1/0935/9550/0847/files/Nivea-Roll-On-50ML-FW-Pearl-Beauty.webp?v=1754297970,منتج نيفيا رول أون 50 مل بيرل بيوتي (للبشرة العادية) من AlFouad Pharmacies. التصنيف المرجعي: العناية بالجسم — بسيط. الوسوم المرجعية: Body Care، Deodrant، Roll-on.,https://alfouadpharmacies.com/en/products/nivea-roll-on-50ml-fw-pearl-beauty,AlFouad Pharmacies,Verify usage rights before commercial publication,غير مثبت,غير مثبت,مرجعي فقط — غير معتمد للنشر التجاري,بيانات مرجعية متاحة؛ يلزم تحقق PM,ضمن الفحص المبدئي
10569911632175,nivea-roll-on-50ml-fm-fresh-active,نيفيا رول أون 50 مل للرجال والنساء، فريش اكتيف,AlFouad Pharmacies,العناية بالجسم,العناية بالجسم,1,بسيط,87519,99,29.7,69.3,,متاح لدى المصدر,https://cdn.shopify.com/s/files/1/0935/9550/0847/files/Nivea-Roll-On-50ML-FM-Fresh-Active.webp?v=1754297985,منتج نيفيا رول أون 50 مل للرجال والنساء، فريش اكتيف من AlFouad Pharmacies. التصنيف المرجعي: العناية بالجسم — بسيط. الوسوم المرجعية: Body Care، Deodrant، Roll-on.,https://alfouadpharmacies.com/en/products/nivea-roll-on-50ml-fm-fresh-active,AlFouad Pharmacies,Verify usage rights before commercial publication,غير مثبت,غير مثبت,مرجعي فقط — غير معتمد للنشر التجاري,بيانات مرجعية متاحة؛ يلزم تحقق PM,ضمن الفحص المبدئي
10569913008431,nivea-roll-on-50ml-fw-natural-radiance,نيفيا رول أون 50 مل للعناية بالبشرة - إشراقة طبيعية,AlFouad Pharmacies,العناية بالجسم,العناية بالجسم,1,بسيط,8945,99,29.7,69.3,,متاح لدى المصدر,https://cdn.shopify.com/s/files/1/0935/9550/0847/files/Nivea-Roll-On-50ML-FW-Natural-Radiance.webp?v=1754297970,منتج نيفيا رول أون 50 مل للعناية بالبشرة - إشراقة طبيعية من AlFouad Pharmacies. التصنيف المرجعي: العناية بالجسم — بسيط. الوسوم المرجعية: Body Care، Deodrant، Roll-on.,https://alfouadpharmacies.com/en/products/nivea-roll-on-50ml-fw-natural-radiance,AlFouad Pharmacies,Verify usage rights before commercial publication,غير مثبت,غير مثبت,مرجعي فقط — غير معتمد للنشر التجاري,بيانات مرجعية متاحة؛ يلزم تحقق PM,ضمن الفحص المبدئي
10569912647983,nivea-roll-on-50ml-fw-fresh-natural,نيفيا رول أون 50 مل منعش طبيعي صيفي/شتوي,AlFouad Pharmacies,العناية بالجسم,العناية بالجسم,1,بسيط,8774,99,29.7,69.3,,متاح لدى المصدر,https://cdn.shopify.com/s/files/1/0935/9550/0847/files/Nivea-Roll-On-50ML-FW-Fresh-Natural.webp?v=1754297973,منتج نيفيا رول أون 50 مل منعش طبيعي صيفي/شتوي من AlFouad Pharmacies. التصنيف المرجعي: العناية بالجسم — بسيط. الوسوم المرجعية: Body Care، Deodrant، Roll-on.,https://alfouadpharmacies.com/en/products/nivea-roll-on-50ml-fw-fresh-natural,AlFouad Pharmacies,Verify usage rights before commercial publication,غير مثبت,غير مثبت,مرجعي فقط — غير معتمد للنشر التجاري,بيانات مرجعية متاحة؛ يلزم تحقق PM,ضمن الفحص المبدئي
10569913205039,nivea-roll-on-50ml-fw-pearl-beauty-off-15,نيفيا رول أون 50 مل، إصدار محدود، لؤلؤ، خصم 15%,AlFouad Pharmacies,العناية بالجسم,العناية بالجسم,1,بسيط,104524,85,25.5,59.5,,متاح لدى المصدر,https://cdn.shopify.com/s/files/1/0935/9550/0847/files/Nivea-Roll-On-50ML-FW-Pearl-Beauty-Off-15.webp?v=1754297969,منتج نيفيا رول أون 50 مل، إصدار محدود، لؤلؤ، خصم 15% من AlFouad Pharmacies. التصنيف المرجعي: العناية بالجسم — بسيط. الوسوم المرجعية: Body Care، Deodrant، Roll-on.,https://alfouadpharmacies.com/en/products/nivea-roll-on-50ml-fw-pearl-beauty-off-15,AlFouad Pharmacies,Verify usage rights before commercial publication,غير مثبت,غير مثبت,مرجعي فقط — غير معتمد للنشر التجاري,بيانات مرجعية متاحة؛ يلزم تحقق PM,ضمن الفحص المبدئي
10569910485295,nivea-men-facebodyhand-cream-75ml,نيفيا كريم للرجال للوجه والجسم واليدين 75 مل,AlFouad Pharmacies,العناية بالجسم,العناية بالجسم,1,بسيط,110949,200,60,140,,متاح لدى المصدر,https://cdn.shopify.com/s/files/1/0935/9550/0847/files/Nivea-Men-FACE.BODY_.HAND-Cream-75ML.webp?v=1754298001,منتج نيفيا كريم للرجال للوجه والجسم واليدين 75 مل من AlFouad Pharmacies. التصنيف المرجعي: العناية بالجسم — بسيط. الوسوم المرجعية: Body Care، Body Concerns، Dry Skin body concerns، Men Care.,https://alfouadpharmacies.com/en/products/nivea-men-facebodyhand-cream-75ml,AlFouad Pharmacies,Verify usage rights before commercial publication,غير مثبت,غير مثبت,مرجعي فقط — غير معتمد للنشر التجاري,بيانات مرجعية متاحة؛ يلزم تحقق PM,ضمن الفحص المبدئي
10569910452527,nivea-men-facebodyhand-cream-150ml,نيفيا كريم للوجه والجسم واليدين للرجال 150 مل,AlFouad Pharmacies,العناية بالجسم,العناية بالجسم,1,بسيط,110948,300,90,210,,متاح لدى المصدر,https://cdn.shopify.com/s/files/1/0935/9550/0847/files/Nivea-Men-FACE.BODY_.HAND-Cream-150ML.webp?v=1754298001,منتج نيفيا كريم للوجه والجسم واليدين للرجال 150 مل من AlFouad Pharmacies. التصنيف المرجعي: العناية بالجسم — بسيط. الوسوم المرجعية: Body Care، Body Concerns، Dry Skin body concerns، Men Care.,https://alfouadpharmacies.com/en/products/nivea-men-facebodyhand-cream-150ml,AlFouad Pharmacies,Verify usage rights before commercial publication,غير مثبت,غير مثبت,مرجعي فقط — غير معتمد للنشر التجاري,بيانات مرجعية متاحة؛ يلزم تحقق PM,ضمن الفحص المبدئي
10569909240111,nivea-deod-spray-150ml-pearl-beauty,نيفيا مزيل عرق بخاخ 150 مل بيرل بيوتي,AlFouad Pharmacies,العناية بالجسم,العناية بالجسم,1,بسيط,8394,197,59.1,137.9,,متاح لدى المصدر,https://cdn.shopify.com/s/files/1/0935/9550/0847/files/Nivea-Deod-Spray-150ML-Pearl-Beauty.webp?v=1754298019,منتج نيفيا مزيل عرق بخاخ 150 مل بيرل بيوتي من AlFouad Pharmacies. التصنيف المرجعي: العناية بالجسم — بسيط. الوسوم المرجعية: Body Care، Body Spray، Deodrant.,https://alfouadpharmacies.com/en/products/nivea-deod-spray-150ml-pearl-beauty,AlFouad Pharmacies,Verify usage rights before commercial publication,غير مثبت,غير مثبت,مرجعي فقط — غير معتمد للنشر التجاري,بيانات مرجعية متاحة؛ يلزم تحقق PM,ضمن الفحص المبدئي
10569909567791,nivea-deod-spray-150ml-silver-protect-off-20,نيفيا مزيل عرق بخاخ 150 مل سيلفر بروتكت أوف 20,AlFouad Pharmacies,العناية بالجسم,العناية بالجسم,1,بسيط,108438,154,46.2,107.8,,متاح لدى المصدر,https://cdn.shopify.com/s/files/1/0935/9550/0847/files/Nivea-Deod-Spray-150ML-Silver-Protect-Off-20.webp?v=1754298012,منتج نيفيا مزيل عرق بخاخ 150 مل سيلفر بروتكت أوف 20 من AlFouad Pharmacies. التصنيف المرجعي: العناية بالجسم — بسيط. الوسوم المرجعية: Body Care، Body Spray، Deodrant.,https://alfouadpharmacies.com/en/products/nivea-deod-spray-150ml-silver-protect-off-20,AlFouad Pharmacies,Verify usage rights before commercial publication,غير مثبت,غير مثبت,مرجعي فقط — غير معتمد للنشر التجاري,بيانات مرجعية متاحة؛ يلزم تحقق PM,ضمن الفحص المبدئي
10569908158767,nivea-deod-spray-150ml-deep-espresso,نيفيا مزيل عرق بخاخ 150 مل قهوة إسبريسو غامقة,AlFouad Pharmacies,العناية بالجسم,العناية بالجسم,1,بسيط,25663,197,59.1,137.9,,متاح لدى المصدر,https://cdn.shopify.com/s/files/1/0935/9550/0847/files/Nivea-Deod-Spray-150ML-Deep-Espresso.webp?v=1754298038,منتج نيفيا مزيل عرق بخاخ 150 مل قهوة إسبريسو غامقة من AlFouad Pharmacies. التصنيف المرجعي: العناية بالجسم — بسيط. الوسوم المرجعية: Body Care، Body Spray، Deodrant.,https://alfouadpharmacies.com/en/products/nivea-deod-spray-150ml-deep-espresso,AlFouad Pharmacies,Verify usage rights before commercial publication,غير مثبت,غير مثبت,مرجعي فقط — غير معتمد للنشر التجاري,بيانات مرجعية متاحة؛ يلزم تحقق PM,ضمن الفحص المبدئي
10569909141807,nivea-deod-spray-150ml-natural-fairness,نيفيا مزيل عرق بخاخ 150 مل ناتشورال فيرنس,AlFouad Pharmacies,العناية بالجسم,العناية بالجسم,1,بسيط,95832,192,57.6,134.4,,متاح لدى المصدر,https://cdn.shopify.com/s/files/1/0935/9550/0847/files/51owsuvIBtL._AC_SL1500.webp?v=1754298021,منتج نيفيا مزيل عرق بخاخ 150 مل ناتشورال فيرنس من AlFouad Pharmacies. التصنيف المرجعي: العناية بالجسم — بسيط. الوسوم المرجعية: Body Care، Body Spray، Deodrant.,https://alfouadpharmacies.com/en/products/nivea-deod-spray-150ml-natural-fairness,AlFouad Pharmacies,Verify usage rights before commercial publication,غير مثبت,غير مثبت,مرجعي فقط — غير معتمد للنشر التجاري,بيانات مرجعية متاحة؛ يلزم تحقق PM,ضمن الفحص المبدئي
10569909666095,nivea-deod-stick-40ml-protectampcare,نييفا مزيل عرق عصا 40 مل بروتكت أند كير,AlFouad Pharmacies,العناية بالجسم,العناية بالجسم,1,بسيط,108508,170,51,119,,غير متاح لدى المصدر,https://cdn.shopify.com/s/files/1/0935/9550/0847/files/Nivea-Deod-Stick-40-ml-ProtectCare.webp?v=1754298011,منتج نييفا مزيل عرق عصا 40 مل بروتكت أند كير من AlFouad Pharmacies. التصنيف المرجعي: العناية بالجسم — بسيط. الوسوم المرجعية: Body Care، Deodrant.,https://alfouadpharmacies.com/en/products/nivea-deod-stick-40ml-protectampcare,AlFouad Pharmacies,Verify usage rights before commercial publication,غير مثبت,غير مثبت,مرجعي فقط — غير معتمد للنشر التجاري,بيانات مرجعية متاحة؛ يلزم تحقق PM,ضمن الفحص المبدئي
10569910255919,nivea-deod-stick-50ml-natural-radiance,نييفا مزيل عرق عصا 50 مل إشراقة طبيعية,AlFouad Pharmacies,العناية بالجسم,العناية بالجسم,1,بسيط,32146,350,105,245,,غير متاح لدى المصدر,https://cdn.shopify.com/s/files/1/0935/9550/0847/files/Nivea-Deod-Stick-50-ml-Natural-Radiance.webp?v=1754298004,منتج نييفا مزيل عرق عصا 50 مل إشراقة طبيعية من AlFouad Pharmacies. التصنيف المرجعي: العناية بالجسم — بسيط. الوسوم المرجعية: Body Care، Deodrant.,https://alfouadpharmacies.com/en/products/nivea-deod-stick-50ml-natural-radiance,AlFouad Pharmacies,Verify usage rights before commercial publication,غير مثبت,غير مثبت,مرجعي فقط — غير معتمد للنشر التجاري,بيانات مرجعية متاحة؛ يلزم تحقق PM,ضمن الفحص المبدئي
10569910288687,nivea-deod-stick-50ml-pearlampbeauty-new,نييفا مزيل عرق عصا 50 مل بيرل آند بيوتي (جديد),AlFouad Pharmacies,العناية بالجسم,العناية بالجسم,1,بسيط,32132,355,106.5,248.5,,متاح لدى المصدر,https://cdn.shopify.com/s/files/1/0935/9550/0847/files/Nivea-Deod-Stick-50-ml-PearlBeauty-New.webp?v=1754298004,منتج نييفا مزيل عرق عصا 50 مل بيرل آند بيوتي (جديد) من AlFouad Pharmacies. التصنيف المرجعي: العناية بالجسم — بسيط. الوسوم المرجعية: Body Care، Deodrant.,https://alfouadpharmacies.com/en/products/nivea-deod-stick-50ml-pearlampbeauty-new,AlFouad Pharmacies,Verify usage rights before commercial publication,غير مثبت,غير مثبت,مرجعي فقط — غير معتمد للنشر التجاري,بيانات مرجعية متاحة؛ يلزم تحقق PM,ضمن الفحص المبدئي
10569909797167,nivea-deod-stick-50ml-dry-comfort-new,نييفا مزيل عرق عصا 50 مل راحة جافة (جديد),AlFouad Pharmacies,العناية بالجسم,العناية بالجسم,1,بسيط,31263,350,105,245,,متاح لدى المصدر,https://cdn.shopify.com/s/files/1/0935/9550/0847/files/Nivea-Deod-Stick-50-ml-Dry-Comfort-New.webp?v=1754298010,منتج نييفا مزيل عرق عصا 50 مل راحة جافة (جديد) من AlFouad Pharmacies. التصنيف المرجعي: العناية بالجسم — بسيط. الوسوم المرجعية: Body Care، Deodrant.,https://alfouadpharmacies.com/en/products/nivea-deod-stick-50ml-dry-comfort-new,AlFouad Pharmacies,Verify usage rights before commercial publication,غير مثبت,غير مثبت,مرجعي فقط — غير معتمد للنشر التجاري,بيانات مرجعية متاحة؛ يلزم تحقق PM,ضمن الفحص المبدئي
10569910092079,nivea-deod-stick-50ml-fresh-natural-new,نييفا مزيل عرق عصا 50 مل فريش ناتشورال (جديد),AlFouad Pharmacies,العناية بالجسم,العناية بالجسم,1,بسيط,32145,355,106.5,248.5,,متاح لدى المصدر,https://cdn.shopify.com/s/files/1/0935/9550/0847/files/Nivea-Deod-Stick-50-ml-Fresh-Natural-New.webp?v=1754298006,منتج نييفا مزيل عرق عصا 50 مل فريش ناتشورال (جديد) من AlFouad Pharmacies. التصنيف المرجعي: العناية بالجسم — بسيط. الوسوم المرجعية: Body Care، Deodrant.,https://alfouadpharmacies.com/en/products/nivea-deod-stick-50ml-fresh-natural-new,AlFouad Pharmacies,Verify usage rights before commercial publication,غير مثبت,غير مثبت,مرجعي فقط — غير معتمد للنشر التجاري,بيانات مرجعية متاحة؛ يلزم تحقق PM,ضمن الفحص المبدئي
10569909993775,nivea-deod-stick-50ml-fmen-fresh-active-new,نييفا مزيل عرق عصا 50 مل للرجال فريش اكتيف (جديد),AlFouad Pharmacies,العناية بالجسم,العناية بالجسم,1,بسيط,8869,350,105,245,,غير متاح لدى المصدر,https://cdn.shopify.com/s/files/1/0935/9550/0847/files/Nivea-Deod-Stick-50-ml-FMen-Fresh-Active-New.webp?v=1754298007,منتج نييفا مزيل عرق عصا 50 مل للرجال فريش اكتيف (جديد) من AlFouad Pharmacies. التصنيف المرجعي: العناية بالجسم — بسيط. الوسوم المرجعية: Body Care، Deodrant.,https://alfouadpharmacies.com/en/products/nivea-deod-stick-50ml-fmen-fresh-active-new,AlFouad Pharmacies,Verify usage rights before commercial publication,غير مثبت,غير مثبت,مرجعي فقط — غير معتمد للنشر التجاري,بيانات مرجعية متاحة؛ يلزم تحقق PM,ضمن الفحص المبدئي
10569909928239,nivea-deod-stick-50ml-fm-invisible-blackampwhite,نييفيا مزيل عرق ستيج 50 مل للرجال والنساء - أسود وأبيض غير مرئي,AlFouad Pharmacies,العناية بالجسم,العناية بالجسم,1,بسيط,31150,355,106.5,248.5,,متاح لدى المصدر,https://cdn.shopify.com/s/files/1/0935/9550/0847/files/Nivea-Deod-Stick-50-ml-FM-Invisible-BlackWhite.webp?v=1754298009,منتج نييفيا مزيل عرق ستيج 50 مل للرجال والنساء - أسود وأبيض غير مرئي من AlFouad Pharmacies. التصنيف المرجعي: العناية بالجسم — بسيط. الوسوم المرجعية: Body Care، Deodrant.,https://alfouadpharmacies.com/en/products/nivea-deod-stick-50ml-fm-invisible-blackampwhite,AlFouad Pharmacies,Verify usage rights before commercial publication,غير مثبت,غير مثبت,مرجعي فقط — غير معتمد للنشر التجاري,بيانات مرجعية متاحة؛ يلزم تحقق PM,ضمن الفحص المبدئي
10569910059311,nivea-deod-stick-50ml-fw-invisible-blackampwhite,نييفيا مزيل عرق عصا 50 مل أسود وأبيض غير مرئي,AlFouad Pharmacies,العناية بالجسم,العناية بالجسم,1,بسيط,31150,355,106.5,248.5,,متاح لدى المصدر,https://cdn.shopify.com/s/files/1/0935/9550/0847/files/Nivea-Deod-Stick-50-ml-FW-Invisible-BlackWhite.webp?v=1754298006,منتج نييفيا مزيل عرق عصا 50 مل أسود وأبيض غير مرئي من AlFouad Pharmacies. التصنيف المرجعي: العناية بالجسم — بسيط. الوسوم المرجعية: Body Care، Deodrant.,https://alfouadpharmacies.com/en/products/nivea-deod-stick-50ml-fw-invisible-blackampwhite,AlFouad Pharmacies,Verify usage rights before commercial publication,غير مثبت,غير مثبت,مرجعي فقط — غير معتمد للنشر التجاري,بيانات مرجعية متاحة؛ يلزم تحقق PM,ضمن الفحص المبدئي
10569909862703,nivea-deod-stick-50ml-dry-impact-new,نييفيا مزيل عرق عصا 50 مل دراي إمباكت (جديد),AlFouad Pharmacies,العناية بالجسم,العناية بالجسم,1,بسيط,32147,350,105,245,,متاح لدى المصدر,https://cdn.shopify.com/s/files/1/0935/9550/0847/files/Nivea-Deod-Stick-50-ml-Dry-Impact-New.webp?v=1754298009,منتج نييفيا مزيل عرق عصا 50 مل دراي إمباكت (جديد) من AlFouad Pharmacies. التصنيف المرجعي: العناية بالجسم — بسيط. الوسوم المرجعية: Body Care، Deodrant.,https://alfouadpharmacies.com/en/products/nivea-deod-stick-50ml-dry-impact-new,AlFouad Pharmacies,Verify usage rights before commercial publication,غير مثبت,غير مثبت,مرجعي فقط — غير معتمد للنشر التجاري,بيانات مرجعية متاحة؛ يلزم تحقق PM,ضمن الفحص المبدئي
10569909764399,nivea-deod-stick-50ml-deep-new,نييفيا مزيل عرق عصا 50 مل دييب (جديد),AlFouad Pharmacies,العناية بالجسم,العناية بالجسم,1,بسيط,31272,355,106.5,248.5,,متاح لدى المصدر,https://cdn.shopify.com/s/files/1/0935/9550/0847/files/Nivea-Deod-Stick-50-ml-Deep-New.webp?v=1754298010,منتج نييفيا مزيل عرق عصا 50 مل دييب (جديد) من AlFouad Pharmacies. التصنيف المرجعي: العناية بالجسم — بسيط. الوسوم المرجعية: Body Care، Deodrant.,https://alfouadpharmacies.com/en/products/nivea-deod-stick-50ml-deep-new,AlFouad Pharmacies,Verify usage rights before commercial publication,غير مثبت,غير مثبت,مرجعي فقط — غير معتمد للنشر التجاري,بيانات مرجعية متاحة؛ يلزم تحقق PM,ضمن الفحص المبدئي
10569909731631,nivea-deod-stick-50ml-cool-kick-new,نييفيا مزيل عرق عصا 50 مل كول كيك (جديد),AlFouad Pharmacies,العناية بالجسم,العناية بالجسم,1,بسيط,30855,350,105,245,,غير متاح لدى المصدر,https://cdn.shopify.com/s/files/1/0935/9550/0847/files/Nivea-Deod-Stick-50-ml-Cool-Kick-New.webp?v=1754298010,منتج نييفيا مزيل عرق عصا 50 مل كول كيك (جديد) من AlFouad Pharmacies. التصنيف المرجعي: العناية بالجسم — بسيط. الوسوم المرجعية: Body Care، Deodrant.,https://alfouadpharmacies.com/en/products/nivea-deod-stick-50ml-cool-kick-new,AlFouad Pharmacies,Verify usage rights before commercial publication,غير مثبت,غير مثبت,مرجعي فقط — غير معتمد للنشر التجاري,بيانات مرجعية متاحة؛ يلزم تحقق PM,ضمن الفحص المبدئي
10569723707695,one-hair-removing-140gm-cream-in-show-fruit-off,واحد كريم إزالة شعر 140 جرام في عبوة فاكهة شاو,AlFouad Pharmacies,العناية بالجسم,العناية بالجسم,1,بسيط,102276,46,13.8,32.2,,غير متاح لدى المصدر,https://cdn.shopify.com/s/files/1/0935/9550/0847/files/One-Hair-Removing-140gm-Cream-in-Show-Fruit-Off.webp?v=1754299168,منتج واحد كريم إزالة شعر 140 جرام في عبوة فاكهة شاو من AlFouad Pharmacies. التصنيف المرجعي: العناية بالجسم — بسيط. الوسوم المرجعية: Body Care، Hair Removal.,https://alfouadpharmacies.com/en/products/one-hair-removing-140gm-cream-in-show-fruit-off,AlFouad Pharmacies,Verify usage rights before commercial publication,غير مثبت,غير مثبت,مرجعي فقط — غير معتمد للنشر التجاري,بيانات مرجعية متاحة؛ يلزم تحقق PM,ضمن الفحص المبدئي
12689512235311,one-bond-body-splash-200ml-green-striker,ون بوند بودي سبلاش 200 مل جرين سترايكر,One Bond,العناية بالجسم,العناية بالجسم,1,,114591,250,75,175,,متاح لدى المصدر,https://cdn.shopify.com/s/files/1/0935/9550/0847/files/ONEBONDBODYSPLASH200MLGREENSTRIKER.webp?v=1771847137,منتج ون بوند بودي سبلاش 200 مل جرين سترايكر من One Bond. التصنيف المرجعي: العناية بالجسم. الوسوم المرجعية: Body Mist، Body Spray، Men Care، Men’s Perfumes.,https://alfouadpharmacies.com/en/products/one-bond-body-splash-200ml-green-striker,AlFouad Pharmacies,Verify usage rights before commercial publication,غير مثبت,غير مثبت,مرجعي فقط — غير معتمد للنشر التجاري,بيانات مرجعية متاحة؛ يلزم تحقق PM,ضمن الفحص المبدئي
16057270173999,cantu-hydrating-cream-conditioner-400ml, كانتو كريمي مرطب خالي من السلفات بزبدة الشيا 400 مل,cantu,العناية بالشعر,العناية بالشعر,1,بلسم ,98245,543,162.9,380.1,,متاح لدى المصدر,https://cdn.shopify.com/s/files/1/0935/9550/0847/files/Group2_26.webp?v=1784034168,منتج  كانتو كريمي مرطب خالي من السلفات بزبدة الشيا 400 مل من cantu. التصنيف المرجعي: العناية بالشعر — بلسم . الوسوم المرجعية: Curls Conditioner، Curly، Curly Conditioner، Curly Hair، Hair Care، Hair Concerns، Hair Conditioner، Hair Treatment.,https://alfouadpharmacies.com/en/products/cantu-hydrating-cream-conditioner-400ml,AlFouad Pharmacies,Verify usage rights before commercial publication,غير مثبت,غير مثبت,مرجعي فقط — غير معتمد للنشر التجاري,بيانات مرجعية متاحة؛ يلزم تحقق PM,ضمن الفحص المبدئي
16055120429359,كانتو-ليف-إن-بالأرغان-لإصلاح-وترميم-الشعر-453-جرام, كانتو ليف إن بالأرغان لإصلاح وترميم الشعر 453 جرام,cantu,العناية بالشعر,العناية بالشعر,1,بلسم يترك ع الشعر ,107639,600,180,420,,غير متاح لدى المصدر,https://cdn.shopify.com/s/files/1/0935/9550/0847/files/Group1-2026-07-14T113244.680.webp?v=1784018196,منتج  كانتو ليف إن بالأرغان لإصلاح وترميم الشعر 453 جرام من cantu. التصنيف المرجعي: العناية بالشعر — بلسم يترك ع الشعر . الوسوم المرجعية: CANTU، Hair Care، Hair Concerns، Hair Conditioner، Hair Treatment.,https://alfouadpharmacies.com/en/products/كانتو-ليف-إن-بالأرغان-لإصلاح-وترميم-الشعر-453-جرام,AlFouad Pharmacies,Verify usage rights before commercial publication,غير مثبت,غير مثبت,مرجعي فقط — غير معتمد للنشر التجاري,بيانات مرجعية متاحة؛ يلزم تحقق PM,ضمن الفحص المبدئي
16176553034031,minoxilook-5-solution-100ml, مينوكسيلوك 5% الموضعي لإنبات الشعر وعلاج الصلع 100 مل,Minoxilook,العناية بالشعر,العناية بالشعر,1,Minoxidil,33333,144,43.2,100.8,,متاح لدى المصدر,https://cdn.shopify.com/s/files/1/0935/9550/0847/files/minoxilook_1615.webp?v=1789646814,منتج  مينوكسيلوك 5% الموضعي لإنبات الشعر وعلاج الصلع 100 مل من Minoxilook. التصنيف المرجعي: العناية بالشعر — Minoxidil. الوسوم المرجعية: Hair Care، Hair Concerns، Minoxidil.,https://alfouadpharmacies.com/en/products/minoxilook-5-solution-100ml,AlFouad Pharmacies,Verify usage rights before commercial publication,غير مثبت,غير مثبت,مرجعي فقط — غير معتمد للنشر التجاري,بيانات مرجعية متاحة؛ يلزم تحقق PM,مراجعة نطاق/تنظيم قبل الإدراج
10569725509935,alejon-anti-hair-loss-vials-3ml-x-15,15 عبوة من قوارير أليخون المضادة لتساقط الشعر، 3 مل × 15,ALEJON,العناية بالشعر,العناية بالشعر,1,بسيط,99408,790,237,553,,متاح لدى المصدر,https://cdn.shopify.com/s/files/1/0935/9550/0847/files/Alejon-Anti-Hair-Loss-Vials-3ml-x-15.webp?v=1754299145,منتج 15 عبوة من قوارير أليخون المضادة لتساقط الشعر، 3 مل × 15 من ALEJON. التصنيف المرجعي: العناية بالشعر — بسيط. الوسوم المرجعية: Hair Care، Hair Concerns، Hair Loss، Hair Vials.,https://alfouadpharmacies.com/en/products/alejon-anti-hair-loss-vials-3ml-x-15,AlFouad Pharmacies,Verify usage rights before commercial publication,غير مثبت,غير مثبت,مرجعي فقط — غير معتمد للنشر التجاري,بيانات مرجعية متاحة؛ يلزم تحقق PM,ضمن الفحص المبدئي
16100090708271,aloe-eva-hair-mask-250ml-aloe-vera-argan-oil,ALEVAOE  HAIR MASK 250ML ALOE VERA&ARGAN OIL,ALEVAOE HAIR,العناية بالشعر,العناية بالشعر,1,Hair Mask,113232,75,22.5,52.5,,متاح لدى المصدر,https://cdn.shopify.com/s/files/1/0935/9550/0847/files/aloe_eva_strengthening_hair_mask_1615_0e7c5e63-78ef-4555-adc1-8688cbb41f14.webp?v=1785048293,منتج ALEVAOE  HAIR MASK 250ML ALOE VERA&ARGAN OIL من ALEVAOE HAIR. التصنيف المرجعي: العناية بالشعر — Hair Mask. الحجم المذكور: 250 ML. الوسوم المرجعية: Hair Care، Hair Mask.,https://alfouadpharmacies.com/en/products/aloe-eva-hair-mask-250ml-aloe-vera-argan-oil,AlFouad Pharmacies,Verify usage rights before commercial publication,غير مثبت,غير مثبت,مرجعي فقط — غير معتمد للنشر التجاري,بيانات مرجعية متاحة؛ يلزم تحقق PM,ضمن الفحص المبدئي
16143705735471,aloekita-200-ml-spray,ALOEKITA 200 ML SPRAY,Aloekita,العناية بالشعر,العناية بالشعر,1,Hair Care,81667,399,119.7,279.3,,متاح لدى المصدر,https://cdn.shopify.com/s/files/1/0935/9550/0847/files/51rFHkJjyPL_1.webp?v=1787997430,منتج ALOEKITA 200 ML SPRAY من Aloekita. التصنيف المرجعي: العناية بالشعر — Hair Care. الحجم المذكور: 200 ML. الوسوم المرجعية: Hair Care، Hair Concerns، Hair Growth، Hair Loss، Hair Spray، Hair Treatment.,https://alfouadpharmacies.com/en/products/aloekita-200-ml-spray,AlFouad Pharmacies,Verify usage rights before commercial publication,غير مثبت,غير مثبت,مرجعي فقط — غير معتمد للنشر التجاري,بيانات مرجعية متاحة؛ يلزم تحقق PM,ضمن الفحص المبدئي
16143728836911,aloekita-d-s-caffeine-hair-shampoo-250-ml-d-s,ALOEKITA D S CAFFEINE HAIR SHAMPOO 250 ML D S,Aloekita,العناية بالشعر,العناية بالشعر,1,Shampoo,82312,259,77.7,181.3,,متاح لدى المصدر,https://cdn.shopify.com/s/files/1/0935/9550/0847/files/images_9.webp?v=1787998191,منتج ALOEKITA D S CAFFEINE HAIR SHAMPOO 250 ML D S من Aloekita. التصنيف المرجعي: العناية بالشعر — Shampoo. الحجم المذكور: 250 ML. الوسوم المرجعية: Hair Care، Hair Concerns، Hair Shampoo.,https://alfouadpharmacies.com/en/products/aloekita-d-s-caffeine-hair-shampoo-250-ml-d-s,AlFouad Pharmacies,Verify usage rights before commercial publication,غير مثبت,غير مثبت,مرجعي فقط — غير معتمد للنشر التجاري,بيانات مرجعية متاحة؛ يلزم تحقق PM,ضمن الفحص المبدئي
16143742042415,aloekita-leave-in-cream-120-ml,Aloekita Leave-In Cream 120 ml,AlFouad Pharmacies,العناية بالشعر,العناية بالشعر,1,Hair Cream,115964,199,59.7,139.3,,متاح لدى المصدر,https://cdn.shopify.com/s/files/1/0935/9550/0847/files/12a.webp?v=1787998780,منتج Aloekita Leave-In Cream 120 ml من AlFouad Pharmacies. التصنيف المرجعي: العناية بالشعر — Hair Cream. الحجم المذكور: 120 ml. الوسوم المرجعية: Hair Care، Leave In Cream.,https://alfouadpharmacies.com/en/products/aloekita-leave-in-cream-120-ml,AlFouad Pharmacies,Verify usage rights before commercial publication,غير مثبت,غير مثبت,مرجعي فقط — غير معتمد للنشر التجاري,بيانات مرجعية متاحة؛ يلزم تحقق PM,ضمن الفحص المبدئي
16143741616431,aloekita-shampoo-200-ml,Aloekita Shampoo 200 ml,Aloekita,العناية بالشعر,العناية بالشعر,1,Shampoo,108080,219,65.7,153.3,,متاح لدى المصدر,https://cdn.shopify.com/s/files/1/0935/9550/0847/files/13.webp?v=1787998664,منتج Aloekita Shampoo 200 ml من Aloekita. التصنيف المرجعي: العناية بالشعر — Shampoo. الحجم المذكور: 200 ml. الوسوم المرجعية: Hair Care، Hair Shampoo.,https://alfouadpharmacies.com/en/products/aloekita-shampoo-200-ml,AlFouad Pharmacies,Verify usage rights before commercial publication,غير مثبت,غير مثبت,مرجعي فقط — غير معتمد للنشر التجاري,بيانات مرجعية متاحة؛ يلزم تحقق PM,ضمن الفحص المبدئي
16032638337327,anivagene-post-hair-transplant-serum-45ml,ANIVAGENE POST HAIR TRANSPLANT SERUM 45ML,Anivagene,العناية بالشعر,العناية بالشعر,1,Hair Care > Hair Treatments,115604,1700,510,1190,,متاح لدى المصدر,https://cdn.shopify.com/s/files/1/0935/9550/0847/files/2_54.webp?v=1782298571,منتج ANIVAGENE POST HAIR TRANSPLANT SERUM 45ML من Anivagene. التصنيف المرجعي: العناية بالشعر — Hair Care > Hair Treatments. الحجم المذكور: 45 ML. الوسوم المرجعية: Hair Care، Hair Growth، Hair Loss، Hair Serum، Hair Treatment.,https://alfouadpharmacies.com/en/products/anivagene-post-hair-transplant-serum-45ml,AlFouad Pharmacies,Verify usage rights before commercial publication,غير مثبت,غير مثبت,مرجعي فقط — غير معتمد للنشر التجاري,بيانات مرجعية متاحة؛ يلزم تحقق PM,ضمن الفحص المبدئي
10569856516399,dove-oil-replacement-300ml-intensive-repair,Dove Oil Replacement 300ml Intensive Repair (Dove Replacement Oil 300ml Intensive Repair),Dove,العناية بالشعر,العناية بالشعر,1,بسيط,20919,230,69,161,,متاح لدى المصدر,https://cdn.shopify.com/s/files/1/0935/9550/0847/files/Dove-Oil-Replacement-300ML-Intensive-Repair.webp?v=1754298376,منتج Dove Oil Replacement 300ml Intensive Repair (Dove Replacement Oil 300ml Intensive Repair) من Dove. التصنيف المرجعي: العناية بالشعر — بسيط. الحجم المذكور: 300 ml. الوسوم المرجعية: Anti-Frizz، Hair Care، Hair Concerns، Hair Cream.,https://alfouadpharmacies.com/en/products/dove-oil-replacement-300ml-intensive-repair,AlFouad Pharmacies,Verify usage rights before commercial publication,غير مثبت,غير مثبت,مرجعي فقط — غير معتمد للنشر التجاري,بيانات مرجعية متاحة؛ يلزم تحقق PM,ضمن الفحص المبدئي
15473376723247,happiness-baby-dreams-hair-cream-150ml,HAPPINESS BABY DREAMS HAIR CREAM 150ML,HAPPINESS,العناية بالشعر,العناية بالشعر | العناية بالأطفال,2,,25908,185,55.5,129.5,,متاح لدى المصدر,https://cdn.shopify.com/s/files/1/0935/9550/0847/files/Happiness_Hair_Cream_1615.webp?v=1789892210,منتج HAPPINESS BABY DREAMS HAIR CREAM 150ML من HAPPINESS. التصنيف المرجعي: العناية بالشعر. الحجم المذكور: 150 ML. الوسوم المرجعية: Dry & Damadged Hair، Dry & Damage Hair، Hair Care، Hair Cream، Kids Hair Cream.,https://alfouadpharmacies.com/en/products/happiness-baby-dreams-hair-cream-150ml,AlFouad Pharmacies,Verify usage rights before commercial publication,غير مثبت,غير مثبت,مرجعي فقط — غير معتمد للنشر التجاري,بيانات مرجعية متاحة؛ يلزم تحقق PM,ضمن الفحص المبدئي
16044103532847,herbatint-hair-color-gel-7c-ash-blonde,HERBATINT HAIR COLOR GEL 7C-ASH BLONDE,Herbatint,العناية بالشعر,العناية بالشعر,1,HAIR COLOR,117245,730,219,511,,غير متاح لدى المصدر,https://cdn.shopify.com/s/files/1/0935/9550/0847/files/29_1.webp?v=1784629707,منتج HERBATINT HAIR COLOR GEL 7C-ASH BLONDE من Herbatint. التصنيف المرجعي: العناية بالشعر — HAIR COLOR. الوسوم المرجعية: Hair Color، Herbatint.,https://alfouadpharmacies.com/en/products/herbatint-hair-color-gel-7c-ash-blonde,AlFouad Pharmacies,Verify usage rights before commercial publication,غير مثبت,غير مثبت,مرجعي فقط — غير معتمد للنشر التجاري,بيانات مرجعية متاحة؛ يلزم تحقق PM,ضمن الفحص المبدئي
16117952446767,karseell-maca-power-hair-purple-shampoo-500ml,KARSEELL MACA POWER HAIR PURPLE SHAMPOO 500ML,korean product,العناية بالشعر,العناية بالشعر | الجمال الكوري,2,Shampoo,116711,750,225,525,,متاح لدى المصدر,https://cdn.shopify.com/s/files/1/0935/9550/0847/files/Karseell-Purple-Shampoo-5.webp?v=1786188047,منتج KARSEELL MACA POWER HAIR PURPLE SHAMPOO 500ML من korean product. التصنيف المرجعي: العناية بالشعر — Shampoo. الحجم المذكور: 500 ML. الوسوم المرجعية: Hair Care، Hair Color، Hair Concerns، Hair Shampoo.,https://alfouadpharmacies.com/en/products/karseell-maca-power-hair-purple-shampoo-500ml,AlFouad Pharmacies,Verify usage rights before commercial publication,غير مثبت,غير مثبت,مرجعي فقط — غير معتمد للنشر التجاري,بيانات مرجعية متاحة؛ يلزم تحقق PM,ضمن الفحص المبدئي
16117951824175,karseell-maca-power-hair-shampoo-500ml-dry-damage,KARSEELL MACA POWER HAIR SHAMPOO 500ML DRY&DAMAGE,korean product,العناية بالشعر,العناية بالشعر | الجمال الكوري,2,Shampoo,114335,650,195,455,,متاح لدى المصدر,https://cdn.shopify.com/s/files/1/0935/9550/0847/files/Karseell-Argan-Oil-Deep-Repair-Shampoo-5.webp?v=1786187854,منتج KARSEELL MACA POWER HAIR SHAMPOO 500ML DRY&DAMAGE من korean product. التصنيف المرجعي: العناية بالشعر — Shampoo. الحجم المذكور: 500 ML. الوسوم المرجعية: Dry & Damadged Hair، Dry & Damage Hair، Hair Care، Hair Concerns، Hair Shampoo.,https://alfouadpharmacies.com/en/products/karseell-maca-power-hair-shampoo-500ml-dry-damage,AlFouad Pharmacies,Verify usage rights before commercial publication,غير مثبت,غير مثبت,مرجعي فقط — غير معتمد للنشر التجاري,بيانات مرجعية متاحة؛ يلزم تحقق PM,ضمن الفحص المبدئي
16117942059311,karseell-maca-power-purple-hair-mask-500ml,KARSEELL MACA POWER PURPLE HAIR MASK 500ML,korean product,العناية بالشعر,العناية بالشعر | الجمال الكوري,2,Hair Mask,116021,990,297,693,,متاح لدى المصدر,https://cdn.shopify.com/s/files/1/0935/9550/0847/files/karseell-purple-hair-mask-500ml-4224297.webp?v=1786183344,منتج KARSEELL MACA POWER PURPLE HAIR MASK 500ML من korean product. التصنيف المرجعي: العناية بالشعر — Hair Mask. الحجم المذكور: 500 ML. الوسوم المرجعية: Colored Hair، Hair Care، Hair Concerns، Hair Mask.,https://alfouadpharmacies.com/en/products/karseell-maca-power-purple-hair-mask-500ml,AlFouad Pharmacies,Verify usage rights before commercial publication,غير مثبت,غير مثبت,مرجعي فقط — غير معتمد للنشر التجاري,بيانات مرجعية متاحة؛ يلزم تحقق PM,ضمن الفحص المبدئي
16102664110383,kerast-bain-resist-masque-200-ml-therapiste,KERAST. BAIN RESIST. MASQUE 200 ML THERAPISTE,Kerastase,العناية بالشعر,العناية بالشعر,1,Hair Mask,105520,3250,975,2275,,متاح لدى المصدر,https://cdn.shopify.com/s/files/1/0935/9550/0847/files/kerastase-resistance-masque-therapiste-3-4-hair-mask-200ml-394030.webp?v=1785135628,منتج KERAST. BAIN RESIST. MASQUE 200 ML THERAPISTE من Kerastase. التصنيف المرجعي: العناية بالشعر — Hair Mask. الحجم المذكور: 200 ML. الوسوم المرجعية: Hair Care، Hair Mask، Kerastase.,https://alfouadpharmacies.com/en/products/kerast-bain-resist-masque-200-ml-therapiste,AlFouad Pharmacies,Verify usage rights before commercial publication,غير مثبت,غير مثبت,مرجعي فقط — غير معتمد للنشر التجاري,بيانات مرجعية متاحة؛ يلزم تحقق PM,ضمن الفحص المبدئي
16102660866351,kerast-curl-manifest-gel-cream-150-ml,KERAST. CURL MANIFEST GEL CREAM 150 ML,Kerastase,العناية بالشعر,العناية بالشعر,1,Hair Styling,94089,1885,565.5,1319.5,,غير متاح لدى المصدر,https://cdn.shopify.com/s/files/1/0935/9550/0847/files/kerastase-curl-manifesto-gelee-curl-contour-150ml-877160.webp?v=1785134794,منتج KERAST. CURL MANIFEST GEL CREAM 150 ML من Kerastase. التصنيف المرجعي: العناية بالشعر — Hair Styling. الحجم المذكور: 150 ML. الوسوم المرجعية: Curly، Curly Gel، Curly Hair، Hair Care، Hair Gel، Kerastase.,https://alfouadpharmacies.com/en/products/kerast-curl-manifest-gel-cream-150-ml,AlFouad Pharmacies,Verify usage rights before commercial publication,غير مثبت,غير مثبت,مرجعي فقط — غير معتمد للنشر التجاري,بيانات مرجعية متاحة؛ يلزم تحقق PM,ضمن الفحص المبدئي
16046116634927,kerastase-nutritive-bain-satin-hydrating-shampoo-for-dry-hair-250ml,Kérastase Nutritive Bain Satin Hydrating Shampoo for Dry Hair 250ml,Kerastase,العناية بالشعر,العناية بالشعر,1,Hair Care,96445,2025,607.5,1417.5,,متاح لدى المصدر,https://cdn.shopify.com/s/files/1/0935/9550/0847/files/kerastase_nutritive_bain_satin_same_1615.webp?v=1783252547,منتج Kérastase Nutritive Bain Satin Hydrating Shampoo for Dry Hair 250ml من Kerastase. التصنيف المرجعي: العناية بالشعر — Hair Care. الحجم المذكور: 250 ml. الوسوم المرجعية: Hair Care، Kerastase.,https://alfouadpharmacies.com/en/products/kerastase-nutritive-bain-satin-hydrating-shampoo-for-dry-hair-250ml,AlFouad Pharmacies,Verify usage rights before commercial publication,غير مثبت,غير مثبت,مرجعي فقط — غير معتمد للنشر التجاري,بيانات مرجعية متاحة؛ يلزم تحقق PM,ضمن الفحص المبدئي
12972721701167,loreal-prof-absolut-repair-molecular-shampoo-300ml,LOREAL PROF. Absolut Repair Molecular Shampoo 300ml,LOREAL PROF,العناية بالشعر,العناية بالشعر,1,Hair Care,12289,1520,456,1064,,متاح لدى المصدر,https://cdn.shopify.com/s/files/1/0935/9550/0847/files/LOreal_Absolut_Repair_Molecular_300ml_1615x1615_2361c54d-ba6f-4008-a733-1327a8dc5d97.webp?v=1772539540,منتج LOREAL PROF. Absolut Repair Molecular Shampoo 300ml من LOREAL PROF. التصنيف المرجعي: العناية بالشعر — Hair Care. الحجم المذكور: 300 ml. الوسوم المرجعية: Dry & Damadged Hair، Hair Care، Hair Shampoo.,https://alfouadpharmacies.com/en/products/loreal-prof-absolut-repair-molecular-shampoo-300ml,AlFouad Pharmacies,Verify usage rights before commercial publication,غير مثبت,غير مثبت,مرجعي فقط — غير معتمد للنشر التجاري,بيانات مرجعية متاحة؛ يلزم تحقق PM,ضمن الفحص المبدئي
12972912869679,loreal-prof-pro-longer-cream-150ml,Loreal Prof. Pro Longer Cream 150ml,LOREAL PROF,العناية بالشعر,العناية بالشعر,1,Hair Care,95395,1200,360,840,,متاح لدى المصدر,https://cdn.shopify.com/s/files/1/0935/9550/0847/files/3474636977307_1024x1024_6c25f081-7c35-4402-a3aa-f8573919e14a.webp?v=1772539816,منتج Loreal Prof. Pro Longer Cream 150ml من LOREAL PROF. التصنيف المرجعي: العناية بالشعر — Hair Care. الحجم المذكور: 150 ml. الوسوم المرجعية: Dry & Damage Hair، Hair Care، Hair Cream.,https://alfouadpharmacies.com/en/products/loreal-prof-pro-longer-cream-150ml,AlFouad Pharmacies,Verify usage rights before commercial publication,غير مثبت,غير مثبت,مرجعي فقط — غير معتمد للنشر التجاري,بيانات مرجعية متاحة؛ يلزم تحقق PM,ضمن الفحص المبدئي
13012849983791,loreal-prof-spectrum-shampoo-300ml,LOREAL PROF. Spectrum Shampoo 300ML,LOREAL PROF,العناية بالشعر,العناية بالشعر,1,Hair Care,113859,1490,447,1043,,متاح لدى المصدر,https://cdn.shopify.com/s/files/1/0935/9550/0847/files/s-l1600_832a5dad-9423-48c3-8645-77519a7acc13.webp?v=1772621109,منتج LOREAL PROF. Spectrum Shampoo 300ML من LOREAL PROF. التصنيف المرجعي: العناية بالشعر — Hair Care. الحجم المذكور: 300 ML. الوسوم المرجعية: Colored Hair، Hair Care، Hair Color، Hair Shampoo.,https://alfouadpharmacies.com/en/products/loreal-prof-spectrum-shampoo-300ml,AlFouad Pharmacies,Verify usage rights before commercial publication,غير مثبت,غير مثبت,مرجعي فقط — غير معتمد للنشر التجاري,بيانات مرجعية متاحة؛ يلزم تحقق PM,ضمن الفحص المبدئي
13056325157167,ogx-conditioner-577ml-argan-oil,OGX Argan Oil Conditioner 577ml,OGX,العناية بالشعر,العناية بالشعر,1,,115835,435,130.5,304.5,,متاح لدى المصدر,https://cdn.shopify.com/s/files/1/0935/9550/0847/files/ogx_argan_oil_conditioner_1615.webp?v=1772704333,منتج OGX Argan Oil Conditioner 577ml من OGX. التصنيف المرجعي: العناية بالشعر. الحجم المذكور: 577 ml. الوسوم المرجعية: Dry & Damadged Hair، Hair Care، Hair Shampoo.,https://alfouadpharmacies.com/en/products/ogx-conditioner-577ml-argan-oil,AlFouad Pharmacies,Verify usage rights before commercial publication,غير مثبت,غير مثبت,مرجعي فقط — غير معتمد للنشر التجاري,بيانات مرجعية متاحة؛ يلزم تحقق PM,ضمن الفحص المبدئي
13055838093615,ogx-conditioner-577ml-coconut-milk,OGX Conditioner 577ml Coconut Milk,OGX,العناية بالشعر,العناية بالشعر,1,,115832,435,130.5,304.5,,متاح لدى المصدر,https://cdn.shopify.com/s/files/1/0935/9550/0847/files/ogx_coconut_milk_conditioner_1615.webp?v=1772703563,منتج OGX Conditioner 577ml Coconut Milk من OGX. التصنيف المرجعي: العناية بالشعر. الحجم المذكور: 577 ml. الوسوم المرجعية: Curly Hair، Dry & Damadged Hair، Hair Care، Hair Conditioner.,https://alfouadpharmacies.com/en/products/ogx-conditioner-577ml-coconut-milk,AlFouad Pharmacies,Verify usage rights before commercial publication,غير مثبت,غير مثبت,مرجعي فقط — غير معتمد للنشر التجاري,بيانات مرجعية متاحة؛ يلزم تحقق PM,ضمن الفحص المبدئي
13056008945967,ogx-shampoo-577ml-argan,OGX Shampoo 577ml Argan,OGX,العناية بالشعر,العناية بالشعر,1,,115833,435,130.5,304.5,,متاح لدى المصدر,https://cdn.shopify.com/s/files/1/0935/9550/0847/files/ogx_argan_oil_shampoo_1615.webp?v=1772703877,منتج OGX Shampoo 577ml Argan من OGX. التصنيف المرجعي: العناية بالشعر. الحجم المذكور: 577 ml. الوسوم المرجعية: Dry & Damadged Hair، Hair Care، Hair Shampoo.,https://alfouadpharmacies.com/en/products/ogx-shampoo-577ml-argan,AlFouad Pharmacies,Verify usage rights before commercial publication,غير مثبت,غير مثبت,مرجعي فقط — غير معتمد للنشر التجاري,بيانات مرجعية متاحة؛ يلزم تحقق PM,ضمن الفحص المبدئي
13055379112239,ogx-shampoo-577ml-biotin-collagen,OGX Shampoo 577ml Biotin&Collagen,OGX,العناية بالشعر,العناية بالشعر,1,,115831,435,130.5,304.5,,متاح لدى المصدر,https://cdn.shopify.com/s/files/1/0935/9550/0847/files/BandC_shampoo_salon_2026-FOP.webp?v=1772702763,منتج OGX Shampoo 577ml Biotin&Collagen من OGX. التصنيف المرجعي: العناية بالشعر. الحجم المذكور: 577 ml. الوسوم المرجعية: Dry & Damadged Hair، Dry & Damage Hair، Hair Care، Hair Shampoo.,https://alfouadpharmacies.com/en/products/ogx-shampoo-577ml-biotin-collagen,AlFouad Pharmacies,Verify usage rights before commercial publication,غير مثبت,غير مثبت,مرجعي فقط — غير معتمد للنشر التجاري,بيانات مرجعية متاحة؛ يلزم تحقق PM,ضمن الفحص المبدئي
16031790432559,revlon-uniq-one-hair-treatment-red-150ml,REVLON UNIQ ONE HAIR TREATMENT RED 150ML,REVLON,العناية بالشعر,العناية بالشعر,1,Hair Care > Hair Treatments,24865,1335,400.5,934.5,,متاح لدى المصدر,https://cdn.shopify.com/s/files/1/0935/9550/0847/files/277E085B-0659-499C-AF38-0D8DBBDCE97B.webp?v=1783165448,منتج REVLON UNIQ ONE HAIR TREATMENT RED 150ML من REVLON. التصنيف المرجعي: العناية بالشعر — Hair Care > Hair Treatments. الحجم المذكور: 150 ML. الوسوم المرجعية: Hair Care، Hair Growth، Hair Loss.,https://alfouadpharmacies.com/en/products/revlon-uniq-one-hair-treatment-red-150ml,AlFouad Pharmacies,Verify usage rights before commercial publication,غير مثبت,غير مثبت,مرجعي فقط — غير معتمد للنشر التجاري,بيانات مرجعية متاحة؛ يلزم تحقق PM,ضمن الفحص المبدئي
12689539432751,avrelle-sheabutter-argan-hair-mask-500ml,أفريلي قناع الشعر بزبدة الشيا والأرجان 500 مل,Avrelle,العناية بالشعر,العناية بالشعر,1,Hair Mask,114166,500,150,350,0,غير متاح لدى المصدر,https://cdn.shopify.com/s/files/1/0935/9550/0847/files/avrelle_1615.webp?v=1789904504,منتج أفريلي قناع الشعر بزبدة الشيا والأرجان 500 مل من Avrelle. التصنيف المرجعي: العناية بالشعر — Hair Mask. الوسوم المرجعية: Dry & Damadged Hair، Hair Care، Hair Mask.,https://alfouadpharmacies.com/en/products/avrelle-sheabutter-argan-hair-mask-500ml,AlFouad Pharmacies,Verify usage rights before commercial publication,غير مثبت,غير مثبت,مرجعي فقط — غير معتمد للنشر التجاري,بيانات مرجعية متاحة؛ يلزم تحقق PM,ضمن الفحص المبدئي
10572104565039,palette-intensive-color-717-soft-brouge,ألوان باليت المكثفة (7-17) برونج فاتح,Palette,العناية بالشعر,العناية بالشعر,1,بسيط,111469,145,43.5,101.5,,متاح لدى المصدر,https://cdn.shopify.com/s/files/1/0935/9550/0847/files/Palette-Intensive-Color-7_E2_80_9317-Soft-Brouge-600x600.webp?v=1754296983,منتج ألوان باليت المكثفة (7-17) برونج فاتح من Palette. التصنيف المرجعي: العناية بالشعر — بسيط. الوسوم المرجعية: Colored Hair، Hair Care، Hair Color، Hair Concerns.,https://alfouadpharmacies.com/en/products/palette-intensive-color-717-soft-brouge,AlFouad Pharmacies,Verify usage rights before commercial publication,غير مثبت,غير مثبت,مرجعي فقط — غير معتمد للنشر التجاري,بيانات مرجعية متاحة؛ يلزم تحقق PM,ضمن الفحص المبدئي
12689757274415,anivagene-vials-fortifyampenergizing-amp-75ml,أمبولات أنيفاجين المعززة والمحفزة 7.5 مل,Anivagene,العناية بالشعر,العناية بالشعر,1,بسيط,1720,1550,465,1085,,متاح لدى المصدر,https://cdn.shopify.com/s/files/1/0935/9550/0847/files/anivagene_vials_box_1615x1615_white_bg.webp?v=1771785410,منتج أمبولات أنيفاجين المعززة والمحفزة 7.5 مل من Anivagene. التصنيف المرجعي: العناية بالشعر — بسيط. الوسوم المرجعية: Hair Ampouls، Hair Care، Hair Concerns، Hair Growth، Hair Loss.,https://alfouadpharmacies.com/en/products/anivagene-vials-fortifyampenergizing-amp-75ml,AlFouad Pharmacies,Verify usage rights before commercial publication,غير مثبت,غير مثبت,مرجعي فقط — غير معتمد للنشر التجاري,بيانات مرجعية متاحة؛ يلزم تحقق PM,ضمن الفحص المبدئي
10569729605935,infinity-top-hair-ampule-10x5ml8x10ml,أمبولات إنفينيتي لتغذية الشعر (10×5 مل/8×10 مل),AlFouad Pharmacies,العناية بالشعر,العناية بالشعر,1,بسيط,,400,120,280,,غير متاح لدى المصدر,https://cdn.shopify.com/s/files/1/0935/9550/0847/files/Infinity-Top-Hair-Ampule-10x5ml8x10ml.webp?v=1754299074,منتج أمبولات إنفينيتي لتغذية الشعر (10×5 مل/8×10 مل) من AlFouad Pharmacies. التصنيف المرجعي: العناية بالشعر — بسيط. الوسوم المرجعية: Hair Ampouls، Hair Care، Hair Concerns، Hair Loss.,https://alfouadpharmacies.com/en/products/infinity-top-hair-ampule-10x5ml8x10ml,AlFouad Pharmacies,Verify usage rights before commercial publication,غير مثبت,غير مثبت,مرجعي فقط — غير معتمد للنشر التجاري,بيانات مرجعية متاحة؛ يلزم تحقق PM,ضمن الفحص المبدئي
