reference_record_id,source_handle,name,brand,category,category_label,product_type,source_sku,reference_price_egp,compare_at_price_egp,source_available,reference_image_url,reference_description,source_url,source_name,reference_only,image_rights_status,pm_identity_verified,pm_stock_verified,pm_cost_verified,pm_image_rights_verified,publish_status
10569997812015,gillete-venus5-comfort-coco-1razoramp2blad,جليت فينوس 5 كومفورت كوكو (1 ماكينة حلاقة + 2 شفرة),AlFouad Pharmacies,العناية بالجسم,العناية بالجسم,بسيط,89349,845,,true,https://cdn.shopify.com/s/files/1/0935/9550/0847/files/Gtt-VENUS.5-Comfort-Coco-1RAZOR2BLAD-230.webp?v=1754297143,منتج جليت فينوس 5 كومفورت كوكو (1 ماكينة حلاقة + 2 شفرة) من AlFouad Pharmacies. التصنيف المرجعي: العناية بالجسم — بسيط. الوسوم المرجعية: Body Care، Hair Removal، Razor Handel.,https://alfouadpharmacies.com/en/products/gillete-venus5-comfort-coco-1razoramp2blad,AlFouad Pharmacies,true,Verify usage rights before commercial publication,false,false,false,false,HOLD — REFERENCE ONLY
10569997680943,gillete-venus-olay-comfortglide-4-blades,شفرات حلاقة جليت فينس أولاي كومفورت جلايد (4 شفرات),AlFouad Pharmacies,العناية بالجسم,العناية بالجسم,بسيط,94483,855,,true,https://cdn.shopify.com/s/files/1/0935/9550/0847/files/Gtt-Venus-Olay-Comfortglide-4-Blades-907-_D8_A7_D9_85_D9_88_D8_A7_D8_B3.webp?v=1754297143,منتج شفرات حلاقة جليت فينس أولاي كومفورت جلايد (4 شفرات) من AlFouad Pharmacies. التصنيف المرجعي: العناية بالجسم — بسيط. الوسوم المرجعية: Body Care، Hair Removal، Razor Refills (Blades).,https://alfouadpharmacies.com/en/products/gillete-venus-olay-comfortglide-4-blades,AlFouad Pharmacies,true,Verify usage rights before commercial publication,false,false,false,false,HOLD — REFERENCE ONLY
10569996042543,gillete-venus3-comfortglide-sensitive-4-blades,جليت فينس. ٣ كومفورتجليد سنسيتيف ٤ شفرات,AlFouad Pharmacies,العناية بالجسم,العناية بالجسم,بسيط,11516,600,,true,https://cdn.shopify.com/s/files/1/0935/9550/0847/files/Gtt-VENUS.3-Comfortglide-Sensitive-4-Blades-858.webp?v=1754297149,منتج جليت فينس. ٣ كومفورتجليد سنسيتيف ٤ شفرات من AlFouad Pharmacies. التصنيف المرجعي: العناية بالجسم — بسيط. الوسوم المرجعية: Body Care، Hair Removal، Razor Refills (Blades).,https://alfouadpharmacies.com/en/products/gillete-venus3-comfortglide-sensitive-4-blades,AlFouad Pharmacies,true,Verify usage rights before commercial publication,false,false,false,false,HOLD — REFERENCE ONLY
10569995387183,gillete-fusion5-power-4-blades,جيليت فيوجن 5 باور (4 شفرات),AlFouad Pharmacies,العناية بالجسم,العناية بالجسم,بسيط,108231,920,,false,https://cdn.shopify.com/s/files/1/0935/9550/0847/files/Gtt-FUSION.5-Power-4-Blades-Offer.webp?v=1754297157,منتج جيليت فيوجن 5 باور (4 شفرات) من AlFouad Pharmacies. التصنيف المرجعي: العناية بالجسم — بسيط. الوسوم المرجعية: Body Care، Hair Removal، Men Care، Razor Refills (Blades).,https://alfouadpharmacies.com/en/products/gillete-fusion5-power-4-blades,AlFouad Pharmacies,true,Verify usage rights before commercial publication,false,false,false,false,HOLD — REFERENCE ONLY
10569994535215,gtt-after-shave-splash-100ml-refresh-breeze,لوشن ما بعد الحلاقة جي تي تي 100 مل، منعش، برائحة منعشة.,AlFouad Pharmacies,العناية بالجسم,العناية بالجسم,بسيط,91678,300,,false,https://cdn.shopify.com/s/files/1/0935/9550/0847/files/Gtt-After-Shave-Splash-100ML-Refresh-Breeze-870.webp?v=1754297170,منتج لوشن ما بعد الحلاقة جي تي تي 100 مل، منعش، برائحة منعشة. من AlFouad Pharmacies. التصنيف المرجعي: العناية بالجسم — بسيط. الوسوم المرجعية: After Shave، Body Care، Hair Removal، Men Care.,https://alfouadpharmacies.com/en/products/gtt-after-shave-splash-100ml-refresh-breeze,AlFouad Pharmacies,true,Verify usage rights before commercial publication,false,false,false,false,HOLD — REFERENCE ONLY
10569993257263,gtt-blue3-cool-3-pcs,جي تي تي بلو.3 كول (3 قطع),AlFouad Pharmacies,العناية بالجسم,العناية بالجسم,بسيط,99492,154,,true,https://cdn.shopify.com/s/files/1/0935/9550/0847/files/Gtt-BLUE.3-Cool-3-Pcs-229.webp?v=1754297191,منتج جي تي تي بلو.3 كول (3 قطع) من AlFouad Pharmacies. التصنيف المرجعي: العناية بالجسم — بسيط. الوسوم المرجعية: Body Care، Hair Removal، Razor Handel.,https://alfouadpharmacies.com/en/products/gtt-blue3-cool-3-pcs,AlFouad Pharmacies,true,Verify usage rights before commercial publication,false,false,false,false,HOLD — REFERENCE ONLY
10569930015023,breathe-body-mist-200ml-you-give-me-butterflies,"بخاخ الجسم Breathe 200 مل  ""أنت تمنحني فراشات""",AlFouad Pharmacies,العناية بالجسم,العناية بالجسم,بسيط,103136,320,,true,https://cdn.shopify.com/s/files/1/0935/9550/0847/files/Breathe-Body-Mist-200ML-You-Give-Me-Butterflies.webp?v=1754297795,"منتج بخاخ الجسم Breathe 200 مل  ""أنت تمنحني فراشات"" من AlFouad Pharmacies. التصنيف المرجعي: العناية بالجسم — بسيط. الوسوم المرجعية: Body Care، Body Mist، Body Spray، Deodrant.",https://alfouadpharmacies.com/en/products/breathe-body-mist-200ml-you-give-me-butterflies,AlFouad Pharmacies,true,Verify usage rights before commercial publication,false,false,false,false,HOLD — REFERENCE ONLY
10569929523503,breathe-body-mist-200ml-confetti,بخاخ الجسم Breathe 200 مل، رائحة كنفيتي.,AlFouad Pharmacies,العناية بالجسم,العناية بالجسم,بسيط,103135,370,,true,https://cdn.shopify.com/s/files/1/0935/9550/0847/files/Breathe-Body-Mist-200ML-Confetti.webp?v=1754297799,منتج بخاخ الجسم Breathe 200 مل، رائحة كنفيتي. من AlFouad Pharmacies. التصنيف المرجعي: العناية بالجسم — بسيط. الوسوم المرجعية: Body Care، Body Mist، Body Spray، Deodrant.,https://alfouadpharmacies.com/en/products/breathe-body-mist-200ml-confetti,AlFouad Pharmacies,true,Verify usage rights before commercial publication,false,false,false,false,HOLD — REFERENCE ONLY
10569929457967,breathe-body-mist-200ml-coco-loco,بخاخ الجسم Breathe 200 مل، رائحة جوز الهند والليمون (Coco Loco),AlFouad Pharmacies,العناية بالجسم,العناية بالجسم,بسيط,103601,370,,true,https://cdn.shopify.com/s/files/1/0935/9550/0847/files/Breathe-Body-Mist-100ML-Coco-Loco_1e0ae3aa-6b12-4fb4-b11d-8b98d137f1df.webp?v=1754297799,منتج بخاخ الجسم Breathe 200 مل، رائحة جوز الهند والليمون (Coco Loco) من AlFouad Pharmacies. التصنيف المرجعي: العناية بالجسم — بسيط. الوسوم المرجعية: Body Care، Body Mist، Body Spray، Deodrant.,https://alfouadpharmacies.com/en/products/breathe-body-mist-200ml-coco-loco,AlFouad Pharmacies,true,Verify usage rights before commercial publication,false,false,false,false,HOLD — REFERENCE ONLY
10569929261359,breathe-body-mist-120ml-butter-scotch,بخاخ الجسم Breathe، 120 مل، بنكهة الباتير سكوتش,AlFouad Pharmacies,العناية بالجسم,العناية بالجسم,بسيط,112399,230,,true,https://cdn.shopify.com/s/files/1/0935/9550/0847/files/Breathe-Body-Mist-120ML-Butter-Scotch.webp?v=1754297801,منتج بخاخ الجسم Breathe، 120 مل، بنكهة الباتير سكوتش من AlFouad Pharmacies. التصنيف المرجعي: العناية بالجسم — بسيط. الوسوم المرجعية: Body Care، Body Mist، Body Spray، Deodrant.,https://alfouadpharmacies.com/en/products/breathe-body-mist-120ml-butter-scotch,AlFouad Pharmacies,true,Verify usage rights before commercial publication,false,false,false,false,HOLD — REFERENCE ONLY
10569922347311,rexona-spray-150ml-xtracool,ركسونا بخاخ 150 مل إكسترا كول,REXONA,العناية بالجسم,العناية بالجسم,بسيط,88998,197,,true,https://cdn.shopify.com/s/files/1/0935/9550/0847/files/Rexona-Spray-150ML-Xtracool.webp?v=1754297869,منتج ركسونا بخاخ 150 مل إكسترا كول من REXONA. التصنيف المرجعي: العناية بالجسم — بسيط. الوسوم المرجعية: Body Care، Body Spray، Deodrant.,https://alfouadpharmacies.com/en/products/rexona-spray-150ml-xtracool,AlFouad Pharmacies,true,Verify usage rights before commercial publication,false,false,false,false,HOLD — REFERENCE ONLY
10569921134895,rexona-spray-150ml-bamboo-freezeampbambo-off-50,ركسونا بخاخ 150 مل بانبو فريز و بانبو أوف 50,REXONA,العناية بالجسم,العناية بالجسم,بسيط,12372,225,,false,https://cdn.shopify.com/s/files/1/0935/9550/0847/files/Rexona-Spray-150ML-Bamboo-FreezeBambo-Off-50.webp?v=1754297888,منتج ركسونا بخاخ 150 مل بانبو فريز و بانبو أوف 50 من REXONA. التصنيف المرجعي: العناية بالجسم — بسيط. الوسوم المرجعية: Body Care، Body Spray، Deodrant.,https://alfouadpharmacies.com/en/products/rexona-spray-150ml-bamboo-freezeampbambo-off-50,AlFouad Pharmacies,true,Verify usage rights before commercial publication,false,false,false,false,HOLD — REFERENCE ONLY
10569921102127,rexona-spray-150ml-bamboo,ركسونا بخاخ 150 مل بامبو,REXONA,العناية بالجسم,العناية بالجسم,بسيط,84354,197,,true,https://cdn.shopify.com/s/files/1/0935/9550/0847/files/Rexona-Spray-150ML-Bamboo.webp?v=1754297889,منتج ركسونا بخاخ 150 مل بامبو من REXONA. التصنيف المرجعي: العناية بالجسم — بسيط. الوسوم المرجعية: Body Care، Body Spray، Deodrant.,https://alfouadpharmacies.com/en/products/rexona-spray-150ml-bamboo,AlFouad Pharmacies,true,Verify usage rights before commercial publication,false,false,false,false,HOLD — REFERENCE ONLY
10569915564335,nivea-sun-lotion-protectampmoisture-50spf-200ml,لوشن نييفا للشمس واقي ورطب 50 SPF 200 مل,AlFouad Pharmacies,العناية بالجسم,العناية بالجسم,بسيط,103961,950,,true,https://cdn.shopify.com/s/files/1/0935/9550/0847/files/Nivea-Sun-Lotion-ProtectMoisture-50-Spf-200ML.webp?v=1754297951,منتج لوشن نييفا للشمس واقي ورطب 50 SPF 200 مل من AlFouad Pharmacies. التصنيف المرجعي: العناية بالجسم — بسيط. الوسوم المرجعية: Body Care، Body Concerns، Dry Skin body concerns، Skin Care، Sunscreen، Sunscreen Lotion.,https://alfouadpharmacies.com/en/products/nivea-sun-lotion-protectampmoisture-50spf-200ml,AlFouad Pharmacies,true,Verify usage rights before commercial publication,false,false,false,false,HOLD — REFERENCE ONLY
10569914614063,nivea-soft-cream-50ml-natural-fairness,نيفيا كريم سوفت 50 مل نضارة طبيعية,AlFouad Pharmacies,العناية بالجسم,العناية بالجسم,بسيط,107797,45,,true,https://cdn.shopify.com/s/files/1/0935/9550/0847/files/Nivea-Soft-Cream-50ML-Natural-Fairness.webp?v=1754297956,منتج نيفيا كريم سوفت 50 مل نضارة طبيعية من AlFouad Pharmacies. التصنيف المرجعي: العناية بالجسم — بسيط. الوسوم المرجعية: Body Care، Body Concerns، Dry Skin body concerns، Moisturizer Cream، Moisturizers، Skin Care.,https://alfouadpharmacies.com/en/products/nivea-soft-cream-50ml-natural-fairness,AlFouad Pharmacies,true,Verify usage rights before commercial publication,false,false,false,false,HOLD — REFERENCE ONLY
10569913663791,nivea-shower-gel-250ml-fresh-power,جل استحمام نيفيا 250 مل، رائحة منعشة.,AlFouad Pharmacies,العناية بالجسم,العناية بالجسم,بسيط,112111,120,,true,https://cdn.shopify.com/s/files/1/0935/9550/0847/files/Nivea-Shower-Gel-250ML-Fresh-Power.webp?v=1754297964,منتج جل استحمام نيفيا 250 مل، رائحة منعشة. من AlFouad Pharmacies. التصنيف المرجعي: العناية بالجسم — بسيط. الوسوم المرجعية: Body Care، Body Wash.,https://alfouadpharmacies.com/en/products/nivea-shower-gel-250ml-fresh-power,AlFouad Pharmacies,true,Verify usage rights before commercial publication,false,false,false,false,HOLD — REFERENCE ONLY
10569909993775,nivea-deod-stick-50ml-fmen-fresh-active-new,نييفا مزيل عرق عصا 50 مل للرجال فريش اكتيف (جديد),AlFouad Pharmacies,العناية بالجسم,العناية بالجسم,بسيط,8869,350,,false,https://cdn.shopify.com/s/files/1/0935/9550/0847/files/Nivea-Deod-Stick-50-ml-FMen-Fresh-Active-New.webp?v=1754298007,منتج نييفا مزيل عرق عصا 50 مل للرجال فريش اكتيف (جديد) من AlFouad Pharmacies. التصنيف المرجعي: العناية بالجسم — بسيط. الوسوم المرجعية: Body Care، Deodrant.,https://alfouadpharmacies.com/en/products/nivea-deod-stick-50ml-fmen-fresh-active-new,AlFouad Pharmacies,true,Verify usage rights before commercial publication,false,false,false,false,HOLD — REFERENCE ONLY
10569909928239,nivea-deod-stick-50ml-fm-invisible-blackampwhite,نييفيا مزيل عرق ستيج 50 مل للرجال والنساء - أسود وأبيض غير مرئي,AlFouad Pharmacies,العناية بالجسم,العناية بالجسم,بسيط,31150,355,,true,https://cdn.shopify.com/s/files/1/0935/9550/0847/files/Nivea-Deod-Stick-50-ml-FM-Invisible-BlackWhite.webp?v=1754298009,منتج نييفيا مزيل عرق ستيج 50 مل للرجال والنساء - أسود وأبيض غير مرئي من AlFouad Pharmacies. التصنيف المرجعي: العناية بالجسم — بسيط. الوسوم المرجعية: Body Care، Deodrant.,https://alfouadpharmacies.com/en/products/nivea-deod-stick-50ml-fm-invisible-blackampwhite,AlFouad Pharmacies,true,Verify usage rights before commercial publication,false,false,false,false,HOLD — REFERENCE ONLY
10569909535023,nivea-deod-spray-150ml-silver-protect,بخاخ مزيل عرق نيفيا 150 مل سيلفر بروتكت,AlFouad Pharmacies,العناية بالجسم,العناية بالجسم,بسيط,8687,192,,true,https://cdn.shopify.com/s/files/1/0935/9550/0847/files/Nivea-Deod-Spray-150ML-Silver-Protect.webp?v=1754298013,منتج بخاخ مزيل عرق نيفيا 150 مل سيلفر بروتكت من AlFouad Pharmacies. التصنيف المرجعي: العناية بالجسم — بسيط. الوسوم المرجعية: Body Care، Body Spray، Deodrant.,https://alfouadpharmacies.com/en/products/nivea-deod-spray-150ml-silver-protect,AlFouad Pharmacies,true,Verify usage rights before commercial publication,false,false,false,false,HOLD — REFERENCE ONLY
10569908650287,nivea-deod-spray-150ml-fresh-natural,نيفيا بخاخ مزيل للعرق 150 مل طبيعي منعش,AlFouad Pharmacies,العناية بالجسم,العناية بالجسم,بسيط,82486,197,,true,https://cdn.shopify.com/s/files/1/0935/9550/0847/files/Nivea-Deod-Spray-150ML-Fresh-Natural.webp?v=1754298030,منتج نيفيا بخاخ مزيل للعرق 150 مل طبيعي منعش من AlFouad Pharmacies. التصنيف المرجعي: العناية بالجسم — بسيط. الوسوم المرجعية: Body Care، Body Spray، Deodrant.,https://alfouadpharmacies.com/en/products/nivea-deod-spray-150ml-fresh-natural,AlFouad Pharmacies,true,Verify usage rights before commercial publication,false,false,false,false,HOLD — REFERENCE ONLY
10569908158767,nivea-deod-spray-150ml-deep-espresso,نيفيا مزيل عرق بخاخ 150 مل قهوة إسبريسو غامقة,AlFouad Pharmacies,العناية بالجسم,العناية بالجسم,بسيط,25663,197,,true,https://cdn.shopify.com/s/files/1/0935/9550/0847/files/Nivea-Deod-Spray-150ML-Deep-Espresso.webp?v=1754298038,منتج نيفيا مزيل عرق بخاخ 150 مل قهوة إسبريسو غامقة من AlFouad Pharmacies. التصنيف المرجعي: العناية بالجسم — بسيط. الوسوم المرجعية: Body Care، Body Spray، Deodrant.,https://alfouadpharmacies.com/en/products/nivea-deod-spray-150ml-deep-espresso,AlFouad Pharmacies,true,Verify usage rights before commercial publication,false,false,false,false,HOLD — REFERENCE ONLY
10569907962159,nivea-deod-spray-150ml-blackampwhite-orginal-fw,بخاخ مزيل عرق نيڤيا 150 مل أسود وأبيض الأصلي  (للموسم البارد),AlFouad Pharmacies,العناية بالجسم,العناية بالجسم,بسيط,83971,197,,true,https://cdn.shopify.com/s/files/1/0935/9550/0847/files/Nivea-Deod-Spray-150ML-BlackWhite-Orginal-FW.webp?v=1754298040,منتج بخاخ مزيل عرق نيڤيا 150 مل أسود وأبيض الأصلي  (للموسم البارد) من AlFouad Pharmacies. التصنيف المرجعي: العناية بالجسم — بسيط. الوسوم المرجعية: Body Care، Body Spray، Deodrant.,https://alfouadpharmacies.com/en/products/nivea-deod-spray-150ml-blackampwhite-orginal-fw,AlFouad Pharmacies,true,Verify usage rights before commercial publication,false,false,false,false,HOLD — REFERENCE ONLY
10569907470639,nivea-cream-blue-150ml,نيفيا كريم أزرق 150 مل,AlFouad Pharmacies,العناية بالجسم,العناية بالجسم,بسيط,7032,195,,true,https://cdn.shopify.com/s/files/1/0935/9550/0847/files/Nivea-Cream-Blue-150ML.webp?v=1754298045,منتج نيفيا كريم أزرق 150 مل من AlFouad Pharmacies. التصنيف المرجعي: العناية بالجسم — بسيط. الوسوم المرجعية: Body Care، Body Concerns، Body Cream، Dry Skin body concerns، Skin Care.,https://alfouadpharmacies.com/en/products/nivea-cream-blue-150ml,AlFouad Pharmacies,true,Verify usage rights before commercial publication,false,false,false,false,HOLD — REFERENCE ONLY
10569897148719,lifebuoy-body-wash-500ml-total-10,غسول الجسم لايف بوي 500 مل، المجموع 10,AlFouad Pharmacies,العناية بالجسم,العناية بالجسم,بسيط,21939,110,,false,https://cdn.shopify.com/s/files/1/0935/9550/0847/files/Lifebuoy-Body-Wash-500-ml-Total-10.webp?v=1754298179,منتج غسول الجسم لايف بوي 500 مل، المجموع 10 من AlFouad Pharmacies. التصنيف المرجعي: العناية بالجسم — بسيط. الوسوم المرجعية: Body Care، Body Wash.,https://alfouadpharmacies.com/en/products/lifebuoy-body-wash-500ml-total-10,AlFouad Pharmacies,true,Verify usage rights before commercial publication,false,false,false,false,HOLD — REFERENCE ONLY
10569897115951,lifebuoy-body-wash-500ml-mild-care,غسول الجسم لايف بوي 500 مل عناية لطيفة,AlFouad Pharmacies,العناية بالجسم,العناية بالجسم,بسيط,21902,110,,false,https://cdn.shopify.com/s/files/1/0935/9550/0847/files/Lifebuoy-Body-Wash-500-ml-Mild-Care.webp?v=1754298180,منتج غسول الجسم لايف بوي 500 مل عناية لطيفة من AlFouad Pharmacies. التصنيف المرجعي: العناية بالجسم — بسيط. الوسوم المرجعية: Body Care، Body Wash.,https://alfouadpharmacies.com/en/products/lifebuoy-body-wash-500ml-mild-care,AlFouad Pharmacies,true,Verify usage rights before commercial publication,false,false,false,false,HOLD — REFERENCE ONLY
10569894428975,bathampbody-works-bmist-236ml-warm-vanilla,بخاخ الجسم من Bath&amp;Body Works، رائحة الفانيليا الدافئة، 236 مل.,Bath and Body,العناية بالجسم,العناية بالجسم,بسيط,109337,800,,true,https://cdn.shopify.com/s/files/1/0935/9550/0847/files/BathBody-Works-B.MIST-236ML-Warm-Vanilla.webp?v=1754298215,منتج بخاخ الجسم من Bath&amp;Body Works، رائحة الفانيليا الدافئة، 236 مل. من Bath and Body. التصنيف المرجعي: العناية بالجسم — بسيط. الوسوم المرجعية: Body Care، Body Mist، Body Splash، Body Spray، Deodrant، Perfumes.,https://alfouadpharmacies.com/en/products/bathampbody-works-bmist-236ml-warm-vanilla,AlFouad Pharmacies,true,Verify usage rights before commercial publication,false,false,false,false,HOLD — REFERENCE ONLY
10569894330671,bathampbody-works-bmist-236ml-tropidelic,بخاخ الجسم من Bath&amp;Body Works B.MIST، حجم 236 مل، رائحة Tropidelic.,Bath and Body,العناية بالجسم,العناية بالجسم,بسيط,112080,800,,false,https://cdn.shopify.com/s/files/1/0935/9550/0847/files/BathBody-Works-B.MIST-236ML-Tropidelic.webp?v=1754298217,منتج بخاخ الجسم من Bath&amp;Body Works B.MIST، حجم 236 مل، رائحة Tropidelic. من Bath and Body. التصنيف المرجعي: العناية بالجسم — بسيط. الوسوم المرجعية: Body Care، Body Mist، Body Splash، Body Spray، Deodrant، Perfumes.,https://alfouadpharmacies.com/en/products/bathampbody-works-bmist-236ml-tropidelic,AlFouad Pharmacies,true,Verify usage rights before commercial publication,false,false,false,false,HOLD — REFERENCE ONLY
10569892036911,bathampbody-works-bmist-236ml-italian-citrus-sun,بخاخ Bath&amp;Body Works B.MIST  236 مل  إيطالي  منعشة الحمضيات,Bath and Body,العناية بالجسم,العناية بالجسم,بسيط,108638,800,,true,https://cdn.shopify.com/s/files/1/0935/9550/0847/files/BathBody-Works-B.MIST-236ML-Italian-Citrus-Sun.webp?v=1754298247,منتج بخاخ Bath&amp;Body Works B.MIST  236 مل  إيطالي  منعشة الحمضيات من Bath and Body. التصنيف المرجعي: العناية بالجسم — بسيط. الوسوم المرجعية: Body Care، Body Mist، Body Splash، Body Spray، Deodrant، Perfumes.,https://alfouadpharmacies.com/en/products/bathampbody-works-bmist-236ml-italian-citrus-sun,AlFouad Pharmacies,true,Verify usage rights before commercial publication,false,false,false,false,HOLD — REFERENCE ONLY
10569867395375,fogg-spray-120ml-pine,بخاخ فوجي 120 مل، رائحة الصنوبر,fogg,العناية بالجسم,العناية بالجسم,بسيط,25815,160,0,true,https://cdn.shopify.com/s/files/1/0935/9550/0847/files/Fogg-Spray-120ML-Pine.webp?v=1754298275,منتج بخاخ فوجي 120 مل، رائحة الصنوبر من fogg. التصنيف المرجعي: العناية بالجسم — بسيط. الوسوم المرجعية: Body Care، Body Spray، Deodrant.,https://alfouadpharmacies.com/en/products/fogg-spray-120ml-pine,AlFouad Pharmacies,true,Verify usage rights before commercial publication,false,false,false,false,HOLD — REFERENCE ONLY
10569867231535,fogg-spray-120ml-passion-fw,بخاخ فوغ 120 مل، إصدار الخريف/الشتاء، رائحة الشغف.,fogg,العناية بالجسم,العناية بالجسم,بسيط,96783,160,0,true,https://cdn.shopify.com/s/files/1/0935/9550/0847/files/Fogg-Spray-120ML-Passion-FW.webp?v=1754298276,منتج بخاخ فوغ 120 مل، إصدار الخريف/الشتاء، رائحة الشغف. من fogg. التصنيف المرجعي: العناية بالجسم — بسيط. الوسوم المرجعية: Body Care، Body Spray، Deodrant.,https://alfouadpharmacies.com/en/products/fogg-spray-120ml-passion-fw,AlFouad Pharmacies,true,Verify usage rights before commercial publication,false,false,false,false,HOLD — REFERENCE ONLY
10569866871087,fogg-spray-120ml-fantasy-fw,بخاخ فوجي 120 مل فانتاسي خريف/شتاء,fogg,العناية بالجسم,العناية بالجسم,بسيط,18963,160,0,true,https://cdn.shopify.com/s/files/1/0935/9550/0847/files/Fogg-Spray-120ML-Fantasy-FW.webp?v=1754298279,منتج بخاخ فوجي 120 مل فانتاسي خريف/شتاء من fogg. التصنيف المرجعي: العناية بالجسم — بسيط. الوسوم المرجعية: Body Care، Body Spray، Deodrant.,https://alfouadpharmacies.com/en/products/fogg-spray-120ml-fantasy-fw,AlFouad Pharmacies,true,Verify usage rights before commercial publication,false,false,false,false,HOLD — REFERENCE ONLY
10569866805551,fogg-spray-120ml-extreme,بخاخ فوغ 120 مل إكستريم,fogg,العناية بالجسم,العناية بالجسم,بسيط,99104,160,0,true,https://cdn.shopify.com/s/files/1/0935/9550/0847/files/Fogg-Spray-120ML-Extreme.webp?v=1754298280,منتج بخاخ فوغ 120 مل إكستريم من fogg. التصنيف المرجعي: العناية بالجسم — بسيط. الوسوم المرجعية: Body Care، Body Spray، Deodrant.,https://alfouadpharmacies.com/en/products/fogg-spray-120ml-extreme,AlFouad Pharmacies,true,Verify usage rights before commercial publication,false,false,false,false,HOLD — REFERENCE ONLY
10569866674479,fogg-spray-120ml-essence,بخاخ فوغ 120 مل إيسنس,fogg,العناية بالجسم,العناية بالجسم,بسيط,102948,160,0,true,https://cdn.shopify.com/s/files/1/0935/9550/0847/files/Fogg-Spray-120ML-Essence.webp?v=1754298281,منتج بخاخ فوغ 120 مل إيسنس من fogg. التصنيف المرجعي: العناية بالجسم — بسيط. الوسوم المرجعية: Body Care، Body Spray، Deodrant.,https://alfouadpharmacies.com/en/products/fogg-spray-120ml-essence,AlFouad Pharmacies,true,Verify usage rights before commercial publication,false,false,false,false,HOLD — REFERENCE ONLY
10569856319791,dove-hand-washampcream-moisturizing-offer,عرض غسول اليدين وكريم الترطيب من دوف,Dove off,العناية بالجسم,العناية بالجسم,بسيط,9475,130,,false,https://cdn.shopify.com/s/files/1/0935/9550/0847/files/Dove-Hand-WashCream-Moisturizing-Offer.webp?v=1754298381,منتج عرض غسول اليدين وكريم الترطيب من دوف من Dove off. التصنيف المرجعي: العناية بالجسم — بسيط. الوسوم المرجعية: Body Care، Hand Wash.,https://alfouadpharmacies.com/en/products/dove-hand-washampcream-moisturizing-offer,AlFouad Pharmacies,true,Verify usage rights before commercial publication,false,false,false,false,HOLD — REFERENCE ONLY
10569855959343,dove-hand-wash-500ml-pampering-off,غسول اليدين دوف 500 مل، عناية فاخرة.,Dove off,العناية بالجسم,العناية بالجسم,بسيط,1606,88,,false,https://cdn.shopify.com/s/files/1/0935/9550/0847/files/Dove-Hand-Wash-500ML-Pampering-Off.webp?v=1754298384,منتج غسول اليدين دوف 500 مل، عناية فاخرة. من Dove off. التصنيف المرجعي: العناية بالجسم — بسيط. الوسوم المرجعية: Body Care، Hand Wash.,https://alfouadpharmacies.com/en/products/dove-hand-wash-500ml-pampering-off,AlFouad Pharmacies,true,Verify usage rights before commercial publication,false,false,false,false,HOLD — REFERENCE ONLY
10569855533359,dove-hand-wash-500ml-moisturizing,غسول اليدين دوف مرطب 500 مل,Dove,العناية بالجسم,العناية بالجسم,بسيط,12078,115,,true,https://cdn.shopify.com/s/files/1/0935/9550/0847/files/Dove-Hand-Wash-500ML-Moisturizing.webp?v=1754298387,منتج غسول اليدين دوف مرطب 500 مل من Dove. التصنيف المرجعي: العناية بالجسم — بسيط. الوسوم المرجعية: Body Care، Hand Wash.,https://alfouadpharmacies.com/en/products/dove-hand-wash-500ml-moisturizing,AlFouad Pharmacies,true,Verify usage rights before commercial publication,false,false,false,false,HOLD — REFERENCE ONLY
10569855369519,dove-hand-wash-500ml-lotus-flower,غسول اليدين دوف 500 مل زهرة اللوتس,Dove,العناية بالجسم,العناية بالجسم,بسيط,12079,115,,true,https://cdn.shopify.com/s/files/1/0935/9550/0847/files/Dove-Hand-Wash-500ML-Lotus-Flower.webp?v=1754298389,منتج غسول اليدين دوف 500 مل زهرة اللوتس من Dove. التصنيف المرجعي: العناية بالجسم — بسيط. الوسوم المرجعية: Body Care، Hand Wash.,https://alfouadpharmacies.com/en/products/dove-hand-wash-500ml-lotus-flower,AlFouad Pharmacies,true,Verify usage rights before commercial publication,false,false,false,false,HOLD — REFERENCE ONLY
10569855238447,victoria-secret-body-mist-250ml-pure-seduction,بخاخ جسم فيكتوريا سيكرت، 250 مل، عطر بيور سيدوكسيون.,Victoria Secret,العناية بالجسم,العناية بالجسم,بسيط,107523,650,,false,https://cdn.shopify.com/s/files/1/0935/9550/0847/files/Victoria-Secret.-Body-Mist-250ML-Pure-Seduction-9141.webp?v=1754298390,منتج بخاخ جسم فيكتوريا سيكرت، 250 مل، عطر بيور سيدوكسيون. من Victoria Secret. التصنيف المرجعي: العناية بالجسم — بسيط. الوسوم المرجعية: Body Care، Body Mist، Body Splash، Body Spray، Deodrant، Perfumes.,https://alfouadpharmacies.com/en/products/victoria-secret-body-mist-250ml-pure-seduction,AlFouad Pharmacies,true,Verify usage rights before commercial publication,false,false,false,false,HOLD — REFERENCE ONLY
10569855107375,dove-hand-wash-500ml-avocado-off,غسول اليدين دوف 500 مل، نكهة الأفوكادو,Dove off,العناية بالجسم,العناية بالجسم,بسيط,5307,103,,true,https://cdn.shopify.com/s/files/1/0935/9550/0847/files/Dove-Hand-Wash-500ML-Avocado-Off.webp?v=1754298392,منتج غسول اليدين دوف 500 مل، نكهة الأفوكادو من Dove off. التصنيف المرجعي: العناية بالجسم — بسيط. الوسوم المرجعية: Body Care، Hand Wash.,https://alfouadpharmacies.com/en/products/dove-hand-wash-500ml-avocado-off,AlFouad Pharmacies,true,Verify usage rights before commercial publication,false,false,false,false,HOLD — REFERENCE ONLY
10569854976303,dove-hand-wash-500ml-avocado,غسول اليدين دوف 500 مل، الأفوكادو,Dove,العناية بالجسم,العناية بالجسم,بسيط,6131,115,,true,https://cdn.shopify.com/s/files/1/0935/9550/0847/files/Dove-Hand-Wash-500ML-Avocado.webp?v=1754298393,منتج غسول اليدين دوف 500 مل، الأفوكادو من Dove. التصنيف المرجعي: العناية بالجسم — بسيط. الوسوم المرجعية: Body Care، Hand Wash.,https://alfouadpharmacies.com/en/products/dove-hand-wash-500ml-avocado,AlFouad Pharmacies,true,Verify usage rights before commercial publication,false,false,false,false,HOLD — REFERENCE ONLY
10569841443119,camay-soap-collection-175165gm,مجموعة صابون كاماي 175/165 غرام,AlFouad Pharmacies,العناية بالجسم,العناية بالجسم,بسيط,92994,37,,true,https://cdn.shopify.com/s/files/1/0935/9550/0847/files/Camay-Soap-Collection-175165GM.webp?v=1754298510,منتج مجموعة صابون كاماي 175/165 غرام من AlFouad Pharmacies. التصنيف المرجعي: العناية بالجسم — بسيط. الوسوم المرجعية: Body Care، Body Wash.,https://alfouadpharmacies.com/en/products/camay-soap-collection-175165gm,AlFouad Pharmacies,true,Verify usage rights before commercial publication,false,false,false,false,HOLD — REFERENCE ONLY
10569841049903,camay-shower-gel-1liter-strawberry-offer,عرض جل الاستحمام كامي 1 لتر بنكهة الفراولة,AlFouad Pharmacies,العناية بالجسم,العناية بالجسم,بسيط,85765,100,,false,https://cdn.shopify.com/s/files/1/0935/9550/0847/files/Camay-Shower-Gel-1LITER-Strawberry-Offer.webp?v=1754298512,منتج عرض جل الاستحمام كامي 1 لتر بنكهة الفراولة من AlFouad Pharmacies. التصنيف المرجعي: العناية بالجسم — بسيط. الوسوم المرجعية: Body Care، Body Wash.,https://alfouadpharmacies.com/en/products/camay-shower-gel-1liter-strawberry-offer,AlFouad Pharmacies,true,Verify usage rights before commercial publication,false,false,false,false,HOLD — REFERENCE ONLY
10569840492847,camay-shower-gel-1liter-jasmine,جل استحمام كامي، زهر الياسمين، 1 لتر,AlFouad Pharmacies,العناية بالجسم,العناية بالجسم,بسيط,14966,130,,true,https://cdn.shopify.com/s/files/1/0935/9550/0847/files/Camay-Shower-Gel-1LITER-Jasmine.webp?v=1754298515,منتج جل استحمام كامي، زهر الياسمين، 1 لتر من AlFouad Pharmacies. التصنيف المرجعي: العناية بالجسم — بسيط. الوسوم المرجعية: Body Care، Body Wash.,https://alfouadpharmacies.com/en/products/camay-shower-gel-1liter-jasmine,AlFouad Pharmacies,true,Verify usage rights before commercial publication,false,false,false,false,HOLD — REFERENCE ONLY
10569838690607,axe-body-spray-150ml-gold-tempetation-25le-off,بخاخ الجسم Axe 150 مل ذهبي مغري (خصم 25 جنيه مصري),AlFouad Pharmacies,العناية بالجسم,العناية بالجسم,بسيط,14417,170,,false,https://cdn.shopify.com/s/files/1/0935/9550/0847/files/Axe-Body-Spray-150ML-Gold-Tempetation-25.LE-Off.webp?v=1754298527,منتج بخاخ الجسم Axe 150 مل ذهبي مغري (خصم 25 جنيه مصري) من AlFouad Pharmacies. التصنيف المرجعي: العناية بالجسم — بسيط. الوسوم المرجعية: Body Care، Body Spray، Deodrant.,https://alfouadpharmacies.com/en/products/axe-body-spray-150ml-gold-tempetation-25le-off,AlFouad Pharmacies,true,Verify usage rights before commercial publication,false,false,false,false,HOLD — REFERENCE ONLY
10569838428463,axe-body-spray-150ml-gold-tempetation,بخاخ الجسم Axe 150 مل ذهبي الإغراء,AlFouad Pharmacies,العناية بالجسم,العناية بالجسم,بسيط,7130,195,,false,https://cdn.shopify.com/s/files/1/0935/9550/0847/files/Axe-Body-Spray-150ML-Gold-Tempetation.webp?v=1754298529,منتج بخاخ الجسم Axe 150 مل ذهبي الإغراء من AlFouad Pharmacies. التصنيف المرجعي: العناية بالجسم — بسيط. الوسوم المرجعية: Body Care، Body Spray، Deodrant.,https://alfouadpharmacies.com/en/products/axe-body-spray-150ml-gold-tempetation,AlFouad Pharmacies,true,Verify usage rights before commercial publication,false,false,false,false,HOLD — REFERENCE ONLY
10569836364079,axe-body-spray-150ml-dark-tempetation,بخاخ الجسم آكس 150 مل، إصدار دارك تمبتيشن,AlFouad Pharmacies,العناية بالجسم,العناية بالجسم,بسيط,95471,215,,true,https://cdn.shopify.com/s/files/1/0935/9550/0847/files/Axe-Body-Spray-150ML-Dark-Tempetation.webp?v=1754298548,منتج بخاخ الجسم آكس 150 مل، إصدار دارك تمبتيشن من AlFouad Pharmacies. التصنيف المرجعي: العناية بالجسم — بسيط. الوسوم المرجعية: Body Care، Body Spray، Deodrant.,https://alfouadpharmacies.com/en/products/axe-body-spray-150ml-dark-tempetation,AlFouad Pharmacies,true,Verify usage rights before commercial publication,false,false,false,false,HOLD — REFERENCE ONLY
10569835970863,axe-body-spray-150ml-black-15le-off,بخاخ الجسم Axe 150 مل أسود (15 جنيه مصري) خصم,AlFouad Pharmacies,العناية بالجسم,العناية بالجسم,بسيط,82888,180,,false,https://cdn.shopify.com/s/files/1/0935/9550/0847/files/Axe-Body-Spray-150ML-Black-15L.E-Off.webp?v=1754298551,منتج بخاخ الجسم Axe 150 مل أسود (15 جنيه مصري) خصم من AlFouad Pharmacies. التصنيف المرجعي: العناية بالجسم — بسيط. الوسوم المرجعية: Body Care، Body Spray، Deodrant.,https://alfouadpharmacies.com/en/products/axe-body-spray-150ml-black-15le-off,AlFouad Pharmacies,true,Verify usage rights before commercial publication,false,false,false,false,HOLD — REFERENCE ONLY
10569835905327,axe-body-spray-150ml-black,بخاخ الجسم Axe 150 مل أسود,AlFouad Pharmacies,العناية بالجسم,العناية بالجسم,بسيط,103063,215,,true,https://cdn.shopify.com/s/files/1/0935/9550/0847/files/Axe-Body-Spray-150ML-Black.webp?v=1754298552,منتج بخاخ الجسم Axe 150 مل أسود من AlFouad Pharmacies. التصنيف المرجعي: العناية بالجسم — بسيط. الوسوم المرجعية: Body Care، Body Spray، Deodrant.,https://alfouadpharmacies.com/en/products/axe-body-spray-150ml-black,AlFouad Pharmacies,true,Verify usage rights before commercial publication,false,false,false,false,HOLD — REFERENCE ONLY
10569834823983,lux-soap-125gm-collection,صابون لاكس، 125 جرام، مجموعة,AlFouad Pharmacies,العناية بالجسم,العناية بالجسم,بسيط,7082,10.7,,false,https://cdn.shopify.com/s/files/1/0935/9550/0847/files/Lux.-Soap-125GM-Collection-1.webp?v=1754298562,منتج صابون لاكس، 125 جرام، مجموعة من AlFouad Pharmacies. التصنيف المرجعي: العناية بالجسم — بسيط. الوسوم المرجعية: Body Care، Body Wash، Skin Care.,https://alfouadpharmacies.com/en/products/lux-soap-125gm-collection,AlFouad Pharmacies,true,Verify usage rights before commercial publication,false,false,false,false,HOLD — REFERENCE ONLY
10569834496303,lux-shower-gel-500ml-silky-sensationgardinia,جل استحمام لاكس 500 مل، لمسة حريرية (الصباحي),AlFouad Pharmacies,العناية بالجسم,العناية بالجسم,بسيط,81759,95,,false,https://cdn.shopify.com/s/files/1/0935/9550/0847/files/Lux-Shower-Gel-500ML-Silky-Sensationgardinia.webp?v=1754298565,منتج جل استحمام لاكس 500 مل، لمسة حريرية (الصباحي) من AlFouad Pharmacies. التصنيف المرجعي: العناية بالجسم — بسيط. الوسوم المرجعية: Body Care، Body Wash.,https://alfouadpharmacies.com/en/products/lux-shower-gel-500ml-silky-sensationgardinia,AlFouad Pharmacies,true,Verify usage rights before commercial publication,false,false,false,false,HOLD — REFERENCE ONLY
10569834201391,lux-shower-gel-500ml-romantic-hibiscus-off,جل استحمام لاكس 500 مل، رائحة زهرة الهايبسكس الرومانسية، أوف.,AlFouad Pharmacies,العناية بالجسم,العناية بالجسم,بسيط,109335,99,,true,https://cdn.shopify.com/s/files/1/0935/9550/0847/files/Lux-Shower-Gel-500ML-Romantic-Hibiscus-Off.webp?v=1754298566,منتج جل استحمام لاكس 500 مل، رائحة زهرة الهايبسكس الرومانسية، أوف. من AlFouad Pharmacies. التصنيف المرجعي: العناية بالجسم — بسيط. الوسوم المرجعية: Body Care، Body Wash.,https://alfouadpharmacies.com/en/products/lux-shower-gel-500ml-romantic-hibiscus-off,AlFouad Pharmacies,true,Verify usage rights before commercial publication,false,false,false,false,HOLD — REFERENCE ONLY
10569834135855,lux-shower-gel-500ml-romantic-hibiscus,جل استحمام لاكس 500 مل، رائحة زهرة الهايبسكس الرومانسية,AlFouad Pharmacies,العناية بالجسم,العناية بالجسم,بسيط,110436,105,,true,https://cdn.shopify.com/s/files/1/0935/9550/0847/files/Lux-Shower-Gel-500ML-Romantic-Hibiscus.webp?v=1754298567,منتج جل استحمام لاكس 500 مل، رائحة زهرة الهايبسكس الرومانسية من AlFouad Pharmacies. التصنيف المرجعي: العناية بالجسم — بسيط. الوسوم المرجعية: Body Care، Body Wash.,https://alfouadpharmacies.com/en/products/lux-shower-gel-500ml-romantic-hibiscus,AlFouad Pharmacies,true,Verify usage rights before commercial publication,false,false,false,false,HOLD — REFERENCE ONLY
10569833709871,lux-shower-gel-250ml-romantic-hibiscus,جل استحمام لاكس 250 مل، زهرة الخُشخاش الرومانسية,AlFouad Pharmacies,العناية بالجسم,العناية بالجسم,بسيط,99201,62,,true,https://cdn.shopify.com/s/files/1/0935/9550/0847/files/Lux-Shower-Gel-250ML-Romantic-Hibiscus.webp?v=1754298569,منتج جل استحمام لاكس 250 مل، زهرة الخُشخاش الرومانسية من AlFouad Pharmacies. التصنيف المرجعي: العناية بالجسم — بسيط. الوسوم المرجعية: Body Care، Body Wash.,https://alfouadpharmacies.com/en/products/lux-shower-gel-250ml-romantic-hibiscus,AlFouad Pharmacies,true,Verify usage rights before commercial publication,false,false,false,false,HOLD — REFERENCE ONLY
10569833480495,lux-hand-wash-500ml-velvet-touch-offer,عرض غسول اليدين لوكس 500 مل، لمسة مخملية,AlFouad Pharmacies,العناية بالجسم,العناية بالجسم,بسيط,111699,99,,true,https://cdn.shopify.com/s/files/1/0935/9550/0847/files/Lux-Hand-Wash-500ML-Velvet-Touch-Offer.webp?v=1754298571,منتج عرض غسول اليدين لوكس 500 مل، لمسة مخملية من AlFouad Pharmacies. التصنيف المرجعي: العناية بالجسم — بسيط. الوسوم المرجعية: Body Care، Hand Wash.,https://alfouadpharmacies.com/en/products/lux-hand-wash-500ml-velvet-touch-offer,AlFouad Pharmacies,true,Verify usage rights before commercial publication,false,false,false,false,HOLD — REFERENCE ONLY
10569831809327,easy-sweet-hair-rem-120-gm,من السهل الشعر الحلو ريم. 120 جرام بعسل النحل,AlFouad Pharmacies,العناية بالجسم,العناية بالجسم,بسيط,87021,12.5,,false,https://cdn.shopify.com/s/files/1/0935/9550/0847/files/Easy-Sweet-Hair-Rem.-120GM-_D8_A8_D8_B9_D8_B3_D9_84-_D8_A7_D9_84_D9_86_D8_AD_D9_84.webp?v=1754298583,منتج من السهل الشعر الحلو ريم. 120 جرام بعسل النحل من AlFouad Pharmacies. التصنيف المرجعي: العناية بالجسم — بسيط. الوسوم المرجعية: Body Care، Body Concerns، Hair Removal، Sensetive Skin.,https://alfouadpharmacies.com/en/products/easy-sweet-hair-rem-120-gm,AlFouad Pharmacies,true,Verify usage rights before commercial publication,false,false,false,false,HOLD — REFERENCE ONLY
10569818669359,mood-shower-gel-750-ml-tahiti,جل استحمام لتحسين المزاج 750 مل تاهيتي,MOOD,العناية بالجسم,العناية بالجسم,بسيط,101163,99,,true,https://cdn.shopify.com/s/files/1/0935/9550/0847/files/Mood-Shower-Gel-750-ml-Tahiti.webp?v=1754298671,منتج جل استحمام لتحسين المزاج 750 مل تاهيتي من MOOD. التصنيف المرجعي: العناية بالجسم — بسيط. الوسوم المرجعية: Body Care، Body Wash.,https://alfouadpharmacies.com/en/products/mood-shower-gel-750-ml-tahiti,AlFouad Pharmacies,true,Verify usage rights before commercial publication,false,false,false,false,HOLD — REFERENCE ONLY
10569817358639,mood-hawaii-set-1-body-lotion-150gm-body-splash-220-mlhand-cream-50-gm,مجموعة مود هاواي رقم 1 (لوشن للجسم 150 جرام + بخاخ للجسم 220 مل + كريم يد 50 جرام),MOOD,العناية بالجسم,العناية بالجسم,بسيط,105499,390,,false,https://cdn.shopify.com/s/files/1/0935/9550/0847/files/Hawaii.webp?v=1754298686,منتج مجموعة مود هاواي رقم 1 (لوشن للجسم 150 جرام + بخاخ للجسم 220 مل + كريم يد 50 جرام) من MOOD. التصنيف المرجعي: العناية بالجسم — بسيط. الوسوم المرجعية: Body Care، Bundle، mood offer.,https://alfouadpharmacies.com/en/products/mood-hawaii-set-1-body-lotion-150gm-body-splash-220-mlhand-cream-50-gm,AlFouad Pharmacies,true,Verify usage rights before commercial publication,false,false,false,false,HOLD — REFERENCE ONLY
10569816998191,mood-khaliji-body-lotion-150-gm,لوشن الجسم مود خليجي 150 جم,MOOD,العناية بالجسم,العناية بالجسم,بسيط,18843,100,,true,https://cdn.shopify.com/s/files/1/0935/9550/0847/files/Mood-Khaliji-Body-Lotion-150-gm.webp?v=1754298689,منتج لوشن الجسم مود خليجي 150 جم من MOOD. التصنيف المرجعي: العناية بالجسم — بسيط. الوسوم المرجعية: Body Care، Body Concerns، Body Lotion، Dry Skin body concerns.,https://alfouadpharmacies.com/en/products/mood-khaliji-body-lotion-150-gm,AlFouad Pharmacies,true,Verify usage rights before commercial publication,false,false,false,false,HOLD — REFERENCE ONLY
10569816539439,mood-bali-body-lotion-150-gm,لوشن الجسم مود بالي 150 جم,MOOD,العناية بالجسم,العناية بالجسم,بسيط,101070,100,175,true,https://cdn.shopify.com/s/files/1/0935/9550/0847/files/1_-_2026-09-08T113128.904.webp?v=1788856323,منتج لوشن الجسم مود بالي 150 جم من MOOD. التصنيف المرجعي: العناية بالجسم — بسيط. الوسوم المرجعية: Body Care، Body Concerns، Body Lotion، Dry Skin body concerns، mood offer.,https://alfouadpharmacies.com/en/products/mood-bali-body-lotion-150-gm,AlFouad Pharmacies,true,Verify usage rights before commercial publication,false,false,false,false,HOLD — REFERENCE ONLY
10569816441135,mood-tahiti-hand-cream-50gm,كريم اليدين مود تاهيتي 50 جرام,MOOD,العناية بالجسم,العناية بالجسم,بسيط,86287,75,,true,https://cdn.shopify.com/s/files/1/0935/9550/0847/files/Mood-Tahiti-Hand-Cream-50gm.webp?v=1754298693,منتج كريم اليدين مود تاهيتي 50 جرام من MOOD. التصنيف المرجعي: العناية بالجسم — بسيط. الوسوم المرجعية: Body Care، Body Concerns، Dry Skin body concerns، Hand، Hands & Feet.,https://alfouadpharmacies.com/en/products/mood-tahiti-hand-cream-50gm,AlFouad Pharmacies,true,Verify usage rights before commercial publication,false,false,false,false,HOLD — REFERENCE ONLY
10569816408367,mood-latino-hand-cream-50gm,كريم اليدين مود لاتينو 50 جرام,MOOD,العناية بالجسم,العناية بالجسم,بسيط,86286,75,,true,https://cdn.shopify.com/s/files/1/0935/9550/0847/files/Mood-Latino-Hand-Cream-50gm.webp?v=1754298694,منتج كريم اليدين مود لاتينو 50 جرام من MOOD. التصنيف المرجعي: العناية بالجسم — بسيط. الوسوم المرجعية: Body Care، Body Concerns، Dry Skin body concerns، Hand، Hands & Feet.,https://alfouadpharmacies.com/en/products/mood-latino-hand-cream-50gm,AlFouad Pharmacies,true,Verify usage rights before commercial publication,false,false,false,false,HOLD — REFERENCE ONLY
10569816244527,mood-vienna-hand-cream-50gm,كريم اليدين مود فيينا 50 جم,MOOD,العناية بالجسم,العناية بالجسم,بسيط,86285,75,,true,https://cdn.shopify.com/s/files/1/0935/9550/0847/files/Mood-Vienna-Hand-Cream-50gm.webp?v=1754298695,منتج كريم اليدين مود فيينا 50 جم من MOOD. التصنيف المرجعي: العناية بالجسم — بسيط. الوسوم المرجعية: Body Care، Body Concerns، Dry Skin body concerns، Hand، Hands & Feet.,https://alfouadpharmacies.com/en/products/mood-vienna-hand-cream-50gm,AlFouad Pharmacies,true,Verify usage rights before commercial publication,false,false,false,false,HOLD — REFERENCE ONLY
10569815916847,mood-cairo-hand-cream-50gm,كريم يد مود القاهرة 50 جرام,MOOD,العناية بالجسم,العناية بالجسم,بسيط,86358,75,,true,https://cdn.shopify.com/s/files/1/0935/9550/0847/files/Mood-Cairo-Hand-Cream-50gm.webp?v=1754298698,منتج كريم يد مود القاهرة 50 جرام من MOOD. التصنيف المرجعي: العناية بالجسم — بسيط. الوسوم المرجعية: Body Care، Body Concerns، Dry Skin body concerns، Hand، Hands & Feet.,https://alfouadpharmacies.com/en/products/mood-cairo-hand-cream-50gm,AlFouad Pharmacies,true,Verify usage rights before commercial publication,false,false,false,false,HOLD — REFERENCE ONLY
10569746219311,la-roche-lipikar-syndet-400ml,لا روش بيسيكالير ليبيكار سَيندت 400 مل,La Roch Possay,العناية بالجسم,العناية بالجسم,بسيط,95218,706,,false,https://cdn.shopify.com/s/files/1/0935/9550/0847/files/La-Roche-Lipikar-Syndet-400ML.webp?v=1754298839,منتج لا روش بيسيكالير ليبيكار سَيندت 400 مل من La Roch Possay. التصنيف المرجعي: العناية بالجسم — بسيط. الوسوم المرجعية: Body Care، Body Concerns، Body Wash، Cleanser، Dry Skin، Dry Skin body concerns، Dryness، Face Wash.,https://alfouadpharmacies.com/en/products/la-roche-lipikar-syndet-400ml,AlFouad Pharmacies,true,Verify usage rights before commercial publication,false,false,false,false,HOLD — REFERENCE ONLY
10569740386607,كريم-الجسم-المرطب-للغاية-بيرفيديرم-من-بيونيكس-250-مل,كريم الجسم المرطب للغاية بيرفيديرم من بيونيكس 250 مل,BIONNEX,العناية بالجسم,العناية بالجسم,كريم للجسم ,26166,519,,true,https://cdn.shopify.com/s/files/1/0935/9550/0847/files/1_-_2026-07-29T113644.944.webp?v=1785314226,منتج كريم الجسم المرطب للغاية بيرفيديرم من بيونيكس 250 مل من BIONNEX. التصنيف المرجعي: العناية بالجسم — كريم للجسم . الوسوم المرجعية: Body Care، Body Concerns، Body Cream، Body Lotion، Dry Skin body concerns.,https://alfouadpharmacies.com/en/products/كريم-الجسم-المرطب-للغاية-بيرفيديرم-من-بيونيكس-250-مل,AlFouad Pharmacies,true,Verify usage rights before commercial publication,false,false,false,false,HOLD — REFERENCE ONLY
10569739764015,beesline-white-roll-on-powder-softocean-fresh-of,بيزلين وايت. رول أون بودرة سوفت + أوشن فريش.,AlFouad Pharmacies,العناية بالجسم,العناية بالجسم,بسيط,9303,500,,false,https://cdn.shopify.com/s/files/1/0935/9550/0847/files/Beesline-White.-Roll-On-Powder-Softocean-Fresh-of.webp?v=1754298944,منتج بيزلين وايت. رول أون بودرة سوفت + أوشن فريش. من AlFouad Pharmacies. التصنيف المرجعي: العناية بالجسم — بسيط. الوسوم المرجعية: Body Care، Body Concerns، Deodrant، Even Skin Tone / Pigmentation، Sensetive Skin.,https://alfouadpharmacies.com/en/products/beesline-white-roll-on-powder-softocean-fresh-of,AlFouad Pharmacies,true,Verify usage rights before commercial publication,false,false,false,false,HOLD — REFERENCE ONLY
10569739567407,beesline-white-roll-on-50ml-super-dry-powder-soft,بيزلين وايت. رول أون 50 مل بودرة جافة فائقة النعومة,AlFouad Pharmacies,العناية بالجسم,العناية بالجسم,بسيط,,290,,false,https://cdn.shopify.com/s/files/1/0935/9550/0847/files/Beesline-White.-Roll-On-50ML-Super-Dry-Powder-Soft.webp?v=1754298945,منتج بيزلين وايت. رول أون 50 مل بودرة جافة فائقة النعومة من AlFouad Pharmacies. التصنيف المرجعي: العناية بالجسم — بسيط. الوسوم المرجعية: Body Care، Body Concerns، Deodrant، Even Skin Tone / Pigmentation، Sensetive Skin.,https://alfouadpharmacies.com/en/products/beesline-white-roll-on-50ml-super-dry-powder-soft,AlFouad Pharmacies,true,Verify usage rights before commercial publication,false,false,false,false,HOLD — REFERENCE ONLY
10569734750511,bio-oil-dry-skin-gel-100ml,جل بيو-أويل للبشرة الجافة 100 مل,AlFouad Pharmacies,العناية بالجسم,العناية بالجسم,بسيط,10608,425,,false,https://cdn.shopify.com/s/files/1/0935/9550/0847/files/Bio-Oil-Dry-Skin-Gel-100ML.webp?v=1754298993,منتج جل بيو-أويل للبشرة الجافة 100 مل من AlFouad Pharmacies. التصنيف المرجعي: العناية بالجسم — بسيط. الوسوم المرجعية: Body Care، Body Concerns، Body Cream، Dry Skin body concerns.,https://alfouadpharmacies.com/en/products/bio-oil-dry-skin-gel-100ml,AlFouad Pharmacies,true,Verify usage rights before commercial publication,false,false,false,false,HOLD — REFERENCE ONLY
10569725051183,infinity-vitamin-c-roll-on-80ml-11-off,رول أون فيتامين سي إنفينيتي 80 مل (1+1) عرض خاص,AlFouad Pharmacies,العناية بالجسم,العناية بالجسم,بسيط,3099,220,,false,https://cdn.shopify.com/s/files/1/0935/9550/0847/files/Infinity-Vitamin-C-Roll-On-80ml-11-Offer.webp?v=1754299151,منتج رول أون فيتامين سي إنفينيتي 80 مل (1+1) عرض خاص من AlFouad Pharmacies. التصنيف المرجعي: العناية بالجسم — بسيط. الوسوم المرجعية: Body Care، Body Concerns، Deodrant، Even Skin Tone / Pigmentation.,https://alfouadpharmacies.com/en/products/infinity-vitamin-c-roll-on-80ml-11-off,AlFouad Pharmacies,true,Verify usage rights before commercial publication,false,false,false,false,HOLD — REFERENCE ONLY
10569724690735,eva-foot-scrub-60ml-tropical,مقشر القدم إيفا 60 مل، رائحة استوائية,AlFouad Pharmacies,العناية بالجسم,العناية بالجسم,بسيط,8707,75,,true,https://cdn.shopify.com/s/files/1/0935/9550/0847/files/Eva-Foot-Scrub-60ml-Tropical.webp?v=1754299156,منتج مقشر القدم إيفا 60 مل، رائحة استوائية من AlFouad Pharmacies. التصنيف المرجعي: العناية بالجسم — بسيط. الوسوم المرجعية: Body Care، Body Concerns، Dry Skin body concerns، Foot، Hands & Feet.,https://alfouadpharmacies.com/en/products/eva-foot-scrub-60ml-tropical,AlFouad Pharmacies,true,Verify usage rights before commercial publication,false,false,false,false,HOLD — REFERENCE ONLY
10569724264751,one-hair-removing-90gm-cream-in-show-fruit-off,كريم إزالة الشعر شو فروت أوف، 90 جرام.,AlFouad Pharmacies,العناية بالجسم,العناية بالجسم,بسيط,12397,36,,true,https://cdn.shopify.com/s/files/1/0935/9550/0847/files/One-Hair-Removing-140gm-Cream-in-Show-Fruit-Off_9b080527-c4b5-4ba0-a0db-86209d6d6331.webp?v=1754299162,منتج كريم إزالة الشعر شو فروت أوف، 90 جرام. من AlFouad Pharmacies. التصنيف المرجعي: العناية بالجسم — بسيط. الوسوم المرجعية: Body Care، Hair Removal.,https://alfouadpharmacies.com/en/products/one-hair-removing-90gm-cream-in-show-fruit-off,AlFouad Pharmacies,true,Verify usage rights before commercial publication,false,false,false,false,HOLD — REFERENCE ONLY
10569723412783,one-hair-removing-140gm-cream-honey-dry-skin,كريم إزالة الشعر بالعسل 140 جرام (للبشرة الجافة),AlFouad Pharmacies,العناية بالجسم,العناية بالجسم,بسيط,83108,46,,true,https://cdn.shopify.com/s/files/1/0935/9550/0847/files/One-Hair-Removing-140gm-Cream-Honey-Dry-Skin.webp?v=1754299172,منتج كريم إزالة الشعر بالعسل 140 جرام (للبشرة الجافة) من AlFouad Pharmacies. التصنيف المرجعي: العناية بالجسم — بسيط. الوسوم المرجعية: Body Care، Hair Removal.,https://alfouadpharmacies.com/en/products/one-hair-removing-140gm-cream-honey-dry-skin,AlFouad Pharmacies,true,Verify usage rights before commercial publication,false,false,false,false,HOLD — REFERENCE ONLY
10569722593583,eva-senses-body-mist-240ml-morning-blossom,بخاخ الجسم إيفا سينسز 240 مل، رائحة زهور الصباح,AlFouad Pharmacies,العناية بالجسم,العناية بالجسم,بسيط,8798,220,,true,https://cdn.shopify.com/s/files/1/0935/9550/0847/files/Eva-Senses-Body-Mist-240ml-Morning-Blossom.webp?v=1754299183,منتج بخاخ الجسم إيفا سينسز 240 مل، رائحة زهور الصباح من AlFouad Pharmacies. التصنيف المرجعي: العناية بالجسم — بسيط. الوسوم المرجعية: Body Care، Body Mist.,https://alfouadpharmacies.com/en/products/eva-senses-body-mist-240ml-morning-blossom,AlFouad Pharmacies,true,Verify usage rights before commercial publication,false,false,false,false,HOLD — REFERENCE ONLY
10569722298671,eva-shower-cream-tropical-250ml,كريم استحمام إيفا تروبيكال 250 مل,AlFouad Pharmacies,العناية بالجسم,العناية بالجسم,بسيط,110951,100,,true,https://cdn.shopify.com/s/files/1/0935/9550/0847/files/Eva-Shower-Cream-Tropical-250ml.webp?v=1754299187,منتج كريم استحمام إيفا تروبيكال 250 مل من AlFouad Pharmacies. التصنيف المرجعي: العناية بالجسم — بسيط. الوسوم المرجعية: Body Care، Body Concerns، Body Wash، Dry Skin body concerns.,https://alfouadpharmacies.com/en/products/eva-shower-cream-tropical-250ml,AlFouad Pharmacies,true,Verify usage rights before commercial publication,false,false,false,false,HOLD — REFERENCE ONLY
10569721872687,azha-deodrant-roll-on-pink-60ml-11-off,أزها مزيل عرق رول أون وردي 60 مل، عرض 1+1 مجاناً,AlFouad Pharmacies,العناية بالجسم,العناية بالجسم,بسيط,7576,349,,true,https://cdn.shopify.com/s/files/1/0935/9550/0847/files/Azha-Deodrant-Roll-On-Pink-60ml-11-Off.webp?v=1754299196,منتج أزها مزيل عرق رول أون وردي 60 مل، عرض 1+1 مجاناً من AlFouad Pharmacies. التصنيف المرجعي: العناية بالجسم — بسيط. الوسوم المرجعية: Body Care، Body Concerns، Body Offers، Deodrant، Even Skin Tone / Pigmentation.,https://alfouadpharmacies.com/en/products/azha-deodrant-roll-on-pink-60ml-11-off,AlFouad Pharmacies,true,Verify usage rights before commercial publication,false,false,false,false,HOLD — REFERENCE ONLY
10569721446703,eva-body-lotion-passion-240ml,لوشن الجسم إيفا باشن 240 مل,AlFouad Pharmacies,العناية بالجسم,العناية بالجسم,بسيط,105565,120,,true,https://cdn.shopify.com/s/files/1/0935/9550/0847/files/Eva-Body-Lotion-Passion-240ml.webp?v=1754299202,منتج لوشن الجسم إيفا باشن 240 مل من AlFouad Pharmacies. التصنيف المرجعي: العناية بالجسم — بسيط. الوسوم المرجعية: Body Care، Body Concerns، Body Lotion، Dry Skin body concerns.,https://alfouadpharmacies.com/en/products/eva-body-lotion-passion-240ml,AlFouad Pharmacies,true,Verify usage rights before commercial publication,false,false,false,false,HOLD — REFERENCE ONLY
10569719906607,starville-roll-on-60ml-whitening-light-pink,ستارفيل رول أون 60 مل، أبيض فاتح، وردي,parkville,العناية بالجسم,العناية بالجسم,بسيط,29155,150,,true,https://cdn.shopify.com/s/files/1/0935/9550/0847/files/Starville-Roll-On-60ml-Whitening-Light-Pink.webp?v=1754299224,منتج ستارفيل رول أون 60 مل، أبيض فاتح، وردي من parkville. التصنيف المرجعي: العناية بالجسم — بسيط. الوسوم المرجعية: Body Care، Body Concerns، Deodrant، Even Skin Tone / Pigmentation، starville.,https://alfouadpharmacies.com/en/products/starville-roll-on-60ml-whitening-light-pink,AlFouad Pharmacies,true,Verify usage rights before commercial publication,false,false,false,false,HOLD — REFERENCE ONLY
16160780714287,mood-cherry-burst-body-lotion200ml,Mood Cherry Burst Body Lotion200ml,MOOD,العناية بالجسم,العناية بالجسم,Body Lotion,114213,145,,true,https://cdn.shopify.com/s/files/1/0935/9550/0847/files/1-2026-09-08T145505.958.webp?v=1788869575,منتج Mood Cherry Burst Body Lotion200ml من MOOD. التصنيف المرجعي: العناية بالجسم — Body Lotion. الحجم المذكور: 200 ml. الوسوم المرجعية: Body Care، Body Lotion.,https://alfouadpharmacies.com/en/products/mood-cherry-burst-body-lotion200ml,AlFouad Pharmacies,true,Verify usage rights before commercial publication,false,false,false,false,HOLD — REFERENCE ONLY
16107352424751,لوشن-مرطب-للجسم-من-سترالين-200-مل,لوشن مرطب للجسم من سترالين 200 مل,HAYAH,العناية بالجسم,العناية بالجسم,مرطب للجسم ,28902,312,,true,https://cdn.shopify.com/s/files/1/0935/9550/0847/files/Hayah_laboratories_03-09-20261231.webp?v=1785589134,منتج لوشن مرطب للجسم من سترالين 200 مل من HAYAH. التصنيف المرجعي: العناية بالجسم — مرطب للجسم . الوسوم المرجعية: Body Care، Body Cream، Body Milk.,https://alfouadpharmacies.com/en/products/لوشن-مرطب-للجسم-من-سترالين-200-مل,AlFouad Pharmacies,true,Verify usage rights before commercial publication,false,false,false,false,HOLD — REFERENCE ONLY
16107272175919,حياه-سيكا-للجسم-200-مل,حياه سيكا للجسم 200 مل ,HAYAH,العناية بالجسم,العناية بالجسم,سيكا ,116758,389,,true,https://cdn.shopify.com/s/files/1/0935/9550/0847/files/Hayah_laboratories_03-09-20261218-2.webp?v=1785575360,منتج حياه سيكا للجسم 200 مل  من HAYAH. التصنيف المرجعي: العناية بالجسم — سيكا . الوسوم المرجعية: Body Care، Body Milk، CICA.,https://alfouadpharmacies.com/en/products/حياه-سيكا-للجسم-200-مل,AlFouad Pharmacies,true,Verify usage rights before commercial publication,false,false,false,false,HOLD — REFERENCE ONLY
16032237748527,بايو-فريز-بخاخ-لتخفيف-الألم-100-مل,بايو فريز بخاخ لتخفيف الألم – 100 مل,BioFreeze,العناية بالجسم,العناية بالجسم,تخفيف الالم ,110527,490,,true,https://cdn.shopify.com/s/files/1/0935/9550/0847/files/Group1copy_1_1e308c58-dbe7-48f5-aa87-511488e94a08.webp?v=1782215790,منتج بايو فريز بخاخ لتخفيف الألم – 100 مل من BioFreeze. التصنيف المرجعي: العناية بالجسم — تخفيف الالم . الوسوم المرجعية: Body Care، Body Spray، Medical Deviices.,https://alfouadpharmacies.com/en/products/بايو-فريز-بخاخ-لتخفيف-الألم-100-مل,AlFouad Pharmacies,true,Verify usage rights before commercial publication,false,false,false,false,HOLD — REFERENCE ONLY
12689780801839,starville-roll-on-60ml-whitening,ستارفيل رول أون 60 مل لتفتيح البشرة,parkville,العناية بالجسم,العناية بالجسم,بسيط,103611,150,,true,https://cdn.shopify.com/s/files/1/0935/9550/0847/files/StarvilleRollOn60mlWhitening.webp?v=1771839658,منتج ستارفيل رول أون 60 مل لتفتيح البشرة من parkville. التصنيف المرجعي: العناية بالجسم — بسيط. الوسوم المرجعية: Body Care، Body Concerns، Deodrant، Even Skin Tone / Pigmentation، starville.,https://alfouadpharmacies.com/en/products/starville-roll-on-60ml-whitening,AlFouad Pharmacies,true,Verify usage rights before commercial publication,false,false,false,false,HOLD — REFERENCE ONLY
12689780212015,one-hair-removing-40gm-cream-sensitive,كريم إزالة الشعر ون، 40 غرام، للبشرة الحساسة,AlFouad Pharmacies,العناية بالجسم,العناية بالجسم,بسيط,81355,24,,true,https://cdn.shopify.com/s/files/1/0935/9550/0847/files/1_e5808e70-4794-42a5-9dc2-1e0f5fa165ad.webp?v=1772372038,منتج كريم إزالة الشعر ون، 40 غرام، للبشرة الحساسة من AlFouad Pharmacies. التصنيف المرجعي: العناية بالجسم — بسيط. الوسوم المرجعية: Body Care، Body Concerns، Hair Removal، Sensetive Skin.,https://alfouadpharmacies.com/en/products/one-hair-removing-40gm-cream-sensitive,AlFouad Pharmacies,true,Verify usage rights before commercial publication,false,false,false,false,HOLD — REFERENCE ONLY
12689780113711,eva-skin-cream-170gm-glycerin,كريم إيفا للبشرة 170 غرام (غليسرين),AlFouad Pharmacies,العناية بالجسم,العناية بالجسم,بسيط,12440,75,,true,https://cdn.shopify.com/s/files/1/0935/9550/0847/files/51UFe97j7gL_75ddb21f-02fc-4e2e-b541-9ac7e43e4be9.webp?v=1771844542,منتج كريم إيفا للبشرة 170 غرام (غليسرين) من AlFouad Pharmacies. التصنيف المرجعي: العناية بالجسم — بسيط. الوسوم المرجعية: Body Care، Body Concerns، Body Cream، Dry Skin body concerns.,https://alfouadpharmacies.com/en/products/eva-skin-cream-170gm-glycerin,AlFouad Pharmacies,true,Verify usage rights before commercial publication,false,false,false,false,HOLD — REFERENCE ONLY
12689713496367,axe-pocket-spray-17ml-black,بخاخ الجسم المحمول آكس 17 مل أسود,AlFouad Pharmacies,العناية بالجسم,العناية بالجسم,بسيط,97861,65,,true,https://cdn.shopify.com/s/files/1/0935/9550/0847/files/61MN5NtfbzL._AC_UF1000_1000_QL80.webp?v=1772284446,منتج بخاخ الجسم المحمول آكس 17 مل أسود من AlFouad Pharmacies. التصنيف المرجعي: العناية بالجسم — بسيط. الوسوم المرجعية: Body Care، Body Spray، Deodrant.,https://alfouadpharmacies.com/en/products/axe-pocket-spray-17ml-black,AlFouad Pharmacies,true,Verify usage rights before commercial publication,false,false,false,false,HOLD — REFERENCE ONLY
12689667129647,nivea-soft-moisturizing-cream-200ml-offer,عرض كريم نيفيا سوفت المرطب 200 مل,AlFouad Pharmacies,العناية بالجسم,العناية بالجسم,بسيط,85123,154,,true,https://cdn.shopify.com/s/files/1/0935/9550/0847/files/Nivea_Soft_Cream_Jojoba_100ml_PureWhite_1615x1615_ee012a60-147d-4c75-8e3b-f9acc4329731.webp?v=1772283625,منتج عرض كريم نيفيا سوفت المرطب 200 مل من AlFouad Pharmacies. التصنيف المرجعي: العناية بالجسم — بسيط. الوسوم المرجعية: Body Care، Body Concerns، Dry Skin body concerns، Kids Care، Kids Hair، Moisturizer Cream، Moisturizers، Skin Care.,https://alfouadpharmacies.com/en/products/nivea-soft-moisturizing-cream-200ml-offer,AlFouad Pharmacies,true,Verify usage rights before commercial publication,false,false,false,false,HOLD — REFERENCE ONLY
12689540907311,eva-recipe-berries-scent-shower-cream-370ml,كريم استحمام برائحة التوت من إيفا ريسيب، 370 مل,AlFouad Pharmacies,العناية بالجسم,العناية بالجسم,,113494,130,,true,https://cdn.shopify.com/s/files/1/0935/9550/0847/files/2OjpPybH99ydeRukbO32GdeQ3j0oyfpQaSYqpqm8.webp?v=1771846825,منتج كريم استحمام برائحة التوت من إيفا ريسيب، 370 مل من AlFouad Pharmacies. التصنيف المرجعي: العناية بالجسم. الوسوم المرجعية: Body Care، Body Wash، shower gel.,https://alfouadpharmacies.com/en/products/eva-recipe-berries-scent-shower-cream-370ml,AlFouad Pharmacies,true,Verify usage rights before commercial publication,false,false,false,false,HOLD — REFERENCE ONLY
12689540874543,eva-recipe-coconut-scent-shower-cream-370ml,كريم استحمام برائحة جوز الهند من إيفا ريسيب، 370 مل,AlFouad Pharmacies,العناية بالجسم,العناية بالجسم,,113493,130,,true,https://cdn.shopify.com/s/files/1/0935/9550/0847/files/1_1_954db0d3-21b2-4a26-82dd-803ddd52e13b.webp?v=1771846848,منتج كريم استحمام برائحة جوز الهند من إيفا ريسيب، 370 مل من AlFouad Pharmacies. التصنيف المرجعي: العناية بالجسم. الوسوم المرجعية: Body Care، Body Wash، shower gel.,https://alfouadpharmacies.com/en/products/eva-recipe-coconut-scent-shower-cream-370ml,AlFouad Pharmacies,true,Verify usage rights before commercial publication,false,false,false,false,HOLD — REFERENCE ONLY
12689540120879,vaseline-body-gel-oil-nourishing-moisture-200ml,فازلين جل للجسم بزيت مرطب ومغذي 200 مل,Vaseline,العناية بالجسم,العناية بالجسم,زيت للجسم,31894,510,,false,https://cdn.shopify.com/s/files/1/0935/9550/0847/files/Vaseline_Body_Gel_Oil_200ml_1615x1615_b3cd00a1-8dd9-4b1a-a7d4-8a6801200ba9.webp?v=1772280242,منتج فازلين جل للجسم بزيت مرطب ومغذي 200 مل من Vaseline. التصنيف المرجعي: العناية بالجسم — زيت للجسم. الوسوم المرجعية: Body Care، Body Oil، Dry Skin.,https://alfouadpharmacies.com/en/products/vaseline-body-gel-oil-nourishing-moisture-200ml,AlFouad Pharmacies,true,Verify usage rights before commercial publication,false,false,false,false,HOLD — REFERENCE ONLY
12689540055343,vaseline-body-gel-oil-vit-b3-even-tone-200ml,فازلين جل زيت للجسم بفيتامين ب3 لتوحيد لون البشرة 200 مل,Vaseline,العناية بالجسم,العناية بالجسم,,112970,510,,false,https://cdn.shopify.com/s/files/1/0935/9550/0847/files/Vaseline_Body_Gel_Oil_VitB3_200ml_1615x1615_52c76c56-85ea-4ea8-a2e2-3976270d39ce.webp?v=1772280358,منتج فازلين جل زيت للجسم بفيتامين ب3 لتوحيد لون البشرة 200 مل من Vaseline. التصنيف المرجعي: العناية بالجسم. الوسوم المرجعية: Body Care، Body Oil، Dry Skin، Dryness، Even Skin Tone / Pigmentation.,https://alfouadpharmacies.com/en/products/vaseline-body-gel-oil-vit-b3-even-tone-200ml,AlFouad Pharmacies,true,Verify usage rights before commercial publication,false,false,false,false,HOLD — REFERENCE ONLY
12689441685807,aroma-hydrating-mist-spray-120ml,بخاخ مرطب برائحة عطرية 120 مل,AROMA,العناية بالجسم,العناية بالجسم,,115203,896.4,,true,https://cdn.shopify.com/s/files/1/0935/9550/0847/files/Aroma_Hydrating_Mist_Spray_120ml_1615x1615_73a3685a-5bfb-4551-b8d2-aac8f3402c3a.webp?v=1772281720,منتج بخاخ مرطب برائحة عطرية 120 مل من AROMA. التصنيف المرجعي: العناية بالجسم. الوسوم المرجعية: Body Mist، Dehydrated Skin، Makeup Removers، Thermal Water.,https://alfouadpharmacies.com/en/products/aroma-hydrating-mist-spray-120ml,AlFouad Pharmacies,true,Verify usage rights before commercial publication,false,false,false,false,HOLD — REFERENCE ONLY
10589381099823,alejon-champion-roll-on-50ml,أليجون شامبيون رول أون 50 مل,ALEJON,العناية بالجسم,العناية بالجسم,,18891,220,,true,https://cdn.shopify.com/s/files/1/0935/9550/0847/files/Alejon-Deodorant-Roll-On-Champion-For-Men_11zon.webp?v=1790502721,منتج أليجون شامبيون رول أون 50 مل من ALEJON. التصنيف المرجعي: العناية بالجسم. الوسوم المرجعية: Body Care، Roll-on.,https://alfouadpharmacies.com/en/products/alejon-champion-roll-on-50ml,AlFouad Pharmacies,true,Verify usage rights before commercial publication,false,false,false,false,HOLD — REFERENCE ONLY
10572106170671,rexona-roll-on-25ml-shower-fresh,ريكسونا رول أون 25 مل، رائحة منعشة بعد الاستحمام,REXONA,العناية بالجسم,العناية بالجسم,بسيط,91235,40,,true,https://cdn.shopify.com/s/files/1/0935/9550/0847/files/Rexona-Roll-_E2_80_93-on-25-ml-Shower-Fresh.webp?v=1754296973,منتج ريكسونا رول أون 25 مل، رائحة منعشة بعد الاستحمام من REXONA. التصنيف المرجعي: العناية بالجسم — بسيط. الوسوم المرجعية: Body Care، Deodrant، Roll-on.,https://alfouadpharmacies.com/en/products/rexona-roll-on-25ml-shower-fresh,AlFouad Pharmacies,true,Verify usage rights before commercial publication,false,false,false,false,HOLD — REFERENCE ONLY
10570010100015,leylak-ultra-moist-fluid-body-oil-150ml,زيت الجسم المرطب للغاية من ليلاك، سعة 150 مل,AlFouad Pharmacies,العناية بالجسم,العناية بالجسم,بسيط,12854,319,,true,https://cdn.shopify.com/s/files/1/0935/9550/0847/files/1-1.webp?v=1754297072,منتج زيت الجسم المرطب للغاية من ليلاك، سعة 150 مل من AlFouad Pharmacies. التصنيف المرجعي: العناية بالجسم — بسيط. الوسوم المرجعية: Body Care، Body Concerns، Body Oil، Dry Skin body concerns، Sensetive Skin.,https://alfouadpharmacies.com/en/products/leylak-ultra-moist-fluid-body-oil-150ml,AlFouad Pharmacies,true,Verify usage rights before commercial publication,false,false,false,false,HOLD — REFERENCE ONLY
10570009936175,bathampbody-works-blotion-236ml-midnight-amber-glow,لوشن الجسم من Bath&amp;Body Works، إصدار B.LOTION، 236 مل، رائحة العنبر الليلية المتألقة.,Bath and Body,العناية بالجسم,العناية بالجسم,بسيط,112711,680,,false,https://cdn.shopify.com/s/files/1/0935/9550/0847/files/BathBody-Works-B.LOTION-236ML-Midnight-Amber-Glow.webp?v=1754297074,منتج لوشن الجسم من Bath&amp;Body Works، إصدار B.LOTION، 236 مل، رائحة العنبر الليلية المتألقة. من Bath and Body. التصنيف المرجعي: العناية بالجسم — بسيط. الوسوم المرجعية: Body Care، Body Concerns، Body Lotion، Dry Skin body concerns.,https://alfouadpharmacies.com/en/products/bathampbody-works-blotion-236ml-midnight-amber-glow,AlFouad Pharmacies,true,Verify usage rights before commercial publication,false,false,false,false,HOLD — REFERENCE ONLY
10569998762287,gillette-skinguard-8-blades,شفرات جليت سكينيغارد 8,AlFouad Pharmacies,العناية بالجسم,العناية بالجسم,بسيط,92239,1001,,false,https://cdn.shopify.com/s/files/1/0935/9550/0847/files/Gtt-Skin-Gard-8-0215-_D9_85_D9_88_D8_B3.webp?v=1754297139,منتج شفرات جليت سكينيغارد 8 من AlFouad Pharmacies. التصنيف المرجعي: العناية بالجسم — بسيط. الوسوم المرجعية: Body Care، Hair Removal، Men Care، Razor Refills (Blades).,https://alfouadpharmacies.com/en/products/gillette-skinguard-8-blades,AlFouad Pharmacies,true,Verify usage rights before commercial publication,false,false,false,false,HOLD — REFERENCE ONLY
10569997975855,gillette-venus-5-deluxe-smooth-sensitive-4-blades,جليت فينوس 5 ديلوكس سموث سينسيتيف (4 شفرات),AlFouad Pharmacies,العناية بالجسم,العناية بالجسم,بسيط,107970,805,,true,https://cdn.shopify.com/s/files/1/0935/9550/0847/files/Gtt-VENUS.5-Deluxe-Smooth-Sensitive-4B-386.webp?v=1754297142,منتج جليت فينوس 5 ديلوكس سموث سينسيتيف (4 شفرات) من AlFouad Pharmacies. التصنيف المرجعي: العناية بالجسم — بسيط. الوسوم المرجعية: Body Care، Hair Removal، Razor Refills (Blades).,https://alfouadpharmacies.com/en/products/gillette-venus-5-deluxe-smooth-sensitive-4-blades,AlFouad Pharmacies,true,Verify usage rights before commercial publication,false,false,false,false,HOLD — REFERENCE ONLY
10569997025583,gillete-mach3-razor-7-blades,جليت MACH.3 (حلاقة + 7 شفرات),AlFouad Pharmacies,العناية بالجسم,العناية بالجسم,بسيط,98329,730,,false,https://cdn.shopify.com/s/files/1/0935/9550/0847/files/Gtt-MACH.3-Razor-7-Blades-8010.webp?v=1754297146,منتج جليت MACH.3 (حلاقة + 7 شفرات) من AlFouad Pharmacies. التصنيف المرجعي: العناية بالجسم — بسيط. الوسوم المرجعية: Body Care، Hair Removal، Men Care، Razor Handel، Razor Refills (Blades).,https://alfouadpharmacies.com/en/products/gillete-mach3-razor-7-blades,AlFouad Pharmacies,true,Verify usage rights before commercial publication,false,false,false,false,HOLD — REFERENCE ONLY
10569995878703,gillete-kingc-double-edge-razor5-blade,حلاقة جيليت كينج سي مزدوجة الحافة + 5 شفرات,AlFouad Pharmacies,العناية بالجسم,العناية بالجسم,بسيط,19847,609,,false,https://cdn.shopify.com/s/files/1/0935/9550/0847/files/Gtt-KING.C.GILLETTE-Double-Edge-RAZOR5-BLADE652.webp?v=1754297149,منتج حلاقة جيليت كينج سي مزدوجة الحافة + 5 شفرات من AlFouad Pharmacies. التصنيف المرجعي: العناية بالجسم — بسيط. الوسوم المرجعية: Body Care، Hair Removal، Men Care، Razor Handel.,https://alfouadpharmacies.com/en/products/gillete-kingc-double-edge-razor5-blade,AlFouad Pharmacies,true,Verify usage rights before commercial publication,false,false,false,false,HOLD — REFERENCE ONLY
10569995714863,gillete-venus-sensitive-smooth-4pcs,شفرات حلاقة جيليت فينس سنسيتيف سموث 4 قطع,AlFouad Pharmacies,العناية بالجسم,العناية بالجسم,بسيط,109220,576,,true,https://cdn.shopify.com/s/files/1/0935/9550/0847/files/Gillete-Venus-Sensitive-Smooth-4PCS-_D8_A7_D9_85_D9_88_D8_A7_D8_B3.webp?v=1754297151,منتج شفرات حلاقة جيليت فينس سنسيتيف سموث 4 قطع من AlFouad Pharmacies. التصنيف المرجعي: العناية بالجسم — بسيط. الوسوم المرجعية: Body Care، Hair Removal، Razor Refills (Blades).,https://alfouadpharmacies.com/en/products/gillete-venus-sensitive-smooth-4pcs,AlFouad Pharmacies,true,Verify usage rights before commercial publication,false,false,false,false,HOLD — REFERENCE ONLY
10569995649327,gillete-mach3-turbo-3d-4-blades,جليت MACH.3 Turbo 3D (4 شفرات),AlFouad Pharmacies,العناية بالجسم,العناية بالجسم,بسيط,104998,557,,true,https://cdn.shopify.com/s/files/1/0935/9550/0847/files/Gtt-MACH.3-Turbo-3D-4-Blades-063.webp?v=1754297152,منتج جليت MACH.3 Turbo 3D (4 شفرات) من AlFouad Pharmacies. التصنيف المرجعي: العناية بالجسم — بسيط. الوسوم المرجعية: Body Care، Hair Removal، Men Care، Razor Refills (Blades).,https://alfouadpharmacies.com/en/products/gillete-mach3-turbo-3d-4-blades,AlFouad Pharmacies,true,Verify usage rights before commercial publication,false,false,false,false,HOLD — REFERENCE ONLY
10569995190575,gillete-mach3-3-blades,جليت MACH.3 (3 شفرات),AlFouad Pharmacies,العناية بالجسم,العناية بالجسم,بسيط,9292,386,,true,https://cdn.shopify.com/s/files/1/0935/9550/0847/files/Gtt-MACH.3-3-Blades-528.webp?v=1754297160,منتج جليت MACH.3 (3 شفرات) من AlFouad Pharmacies. التصنيف المرجعي: العناية بالجسم — بسيط. الوسوم المرجعية: Body Care، Hair Removal، Men Care، Razor Refills (Blades).,https://alfouadpharmacies.com/en/products/gillete-mach3-3-blades,AlFouad Pharmacies,true,Verify usage rights before commercial publication,false,false,false,false,HOLD — REFERENCE ONLY
10569993322799,gtt-venus3-sensitive-3-razor,Gtt VENUS.3 Sensitive (3 شفرات حلاقة),AlFouad Pharmacies,العناية بالجسم,العناية بالجسم,بسيط,105788,176,,false,https://cdn.shopify.com/s/files/1/0935/9550/0847/files/Gtt-VENUS.3-Sensitive-3-Razor-963.webp?v=1754297190,منتج Gtt VENUS.3 Sensitive (3 شفرات حلاقة) من AlFouad Pharmacies. التصنيف المرجعي: العناية بالجسم — بسيط. الوسوم المرجعية: Body Care، Hair Removal، Razor Handel.,https://alfouadpharmacies.com/en/products/gtt-venus3-sensitive-3-razor,AlFouad Pharmacies,true,Verify usage rights before commercial publication,false,false,false,false,HOLD — REFERENCE ONLY
10569944334639,old-spice-deod-stick-73gm-volcano,مزيل عرق أولد سبايس، عصا، 73 غرام، فولكانو,AlFouad Pharmacies,العناية بالجسم,العناية بالجسم,بسيط,17381,280,,false,https://cdn.shopify.com/s/files/1/0935/9550/0847/files/Old-Spice-Deod-Stick-73GM-Volcano.webp?v=1754297702,منتج مزيل عرق أولد سبايس، عصا، 73 غرام، فولكانو من AlFouad Pharmacies. التصنيف المرجعي: العناية بالجسم — بسيط. الوسوم المرجعية: Body Care، Deodrant.,https://alfouadpharmacies.com/en/products/old-spice-deod-stick-73gm-volcano,AlFouad Pharmacies,true,Verify usage rights before commercial publication,false,false,false,false,HOLD — REFERENCE ONLY
10569929294127,breathe-body-mist-120ml-oh-baby,بخاخ الجسم Breathe 120 مل يا حبيبي!,AlFouad Pharmacies,العناية بالجسم,العناية بالجسم,بسيط,112400,230,,true,https://cdn.shopify.com/s/files/1/0935/9550/0847/files/Breathe-Body-Mist-120ML-Oh-Baby.webp?v=1754297800,منتج بخاخ الجسم Breathe 120 مل يا حبيبي! من AlFouad Pharmacies. التصنيف المرجعي: العناية بالجسم — بسيط. الوسوم المرجعية: Body Care، Body Mist، Body Spray، Deodrant.,https://alfouadpharmacies.com/en/products/breathe-body-mist-120ml-oh-baby,AlFouad Pharmacies,true,Verify usage rights before commercial publication,false,false,false,false,HOLD — REFERENCE ONLY
10569922314543,rexona-spray-150ml-v8-offer,ركسونا بخاخ 150 مل V8 أوف,REXONA,العناية بالجسم,العناية بالجسم,بسيط,110759,172,,true,https://cdn.shopify.com/s/files/1/0935/9550/0847/files/Rexona-Spray-150ML-V8-Offer.webp?v=1754297869,منتج ركسونا بخاخ 150 مل V8 أوف من REXONA. التصنيف المرجعي: العناية بالجسم — بسيط. الوسوم المرجعية: Body Care، Body Spray، Deodrant.,https://alfouadpharmacies.com/en/products/rexona-spray-150ml-v8-offer,AlFouad Pharmacies,true,Verify usage rights before commercial publication,false,false,false,false,HOLD — REFERENCE ONLY
10569922052399,rexona-spray-150ml-peachamplemon-fw-off,ركسونا بخاخ 150 مل برتقال وليمون - موسم الخريف والشتاء,REXONA,العناية بالجسم,العناية بالجسم,بسيط,21312,162,,false,https://cdn.shopify.com/s/files/1/0935/9550/0847/files/Rexona-Spray-150ML-PeachLemon-FW-Off.webp?v=1754297874,منتج ركسونا بخاخ 150 مل برتقال وليمون - موسم الخريف والشتاء من REXONA. التصنيف المرجعي: العناية بالجسم — بسيط. الوسوم المرجعية: Body Care، Body Spray، Deodrant.,https://alfouadpharmacies.com/en/products/rexona-spray-150ml-peachamplemon-fw-off,AlFouad Pharmacies,true,Verify usage rights before commercial publication,false,false,false,false,HOLD — REFERENCE ONLY
10569921757487,rexona-spray-150ml-men-cedarwoodampmint,ركسونا بخاخ 150 مل للرجال، رائحة خشب الأرز والنعناع,REXONA,العناية بالجسم,العناية بالجسم,بسيط,3261,197,,true,https://cdn.shopify.com/s/files/1/0935/9550/0847/files/Rexona-Spray-150ML-Men-CedarwoodMint.webp?v=1754297878,منتج ركسونا بخاخ 150 مل للرجال، رائحة خشب الأرز والنعناع من REXONA. التصنيف المرجعي: العناية بالجسم — بسيط. الوسوم المرجعية: Body Care، Body Spray، Deodrant.,https://alfouadpharmacies.com/en/products/rexona-spray-150ml-men-cedarwoodampmint,AlFouad Pharmacies,true,Verify usage rights before commercial publication,false,false,false,false,HOLD — REFERENCE ONLY
10569921691951,rexona-spray-150ml-invisible-woman,ركسونا بخاخ 150 مل نسائي غير مرئي,REXONA,العناية بالجسم,العناية بالجسم,بسيط,98992,187,,true,https://cdn.shopify.com/s/files/1/0935/9550/0847/files/Rexona-Spray-150ML-Invisible-Woman.webp?v=1754297879,منتج ركسونا بخاخ 150 مل نسائي غير مرئي من REXONA. التصنيف المرجعي: العناية بالجسم — بسيط. الوسوم المرجعية: Body Care، Deodrant.,https://alfouadpharmacies.com/en/products/rexona-spray-150ml-invisible-woman,AlFouad Pharmacies,true,Verify usage rights before commercial publication,false,false,false,false,HOLD — REFERENCE ONLY
10569921626415,rexona-spray-150ml-invisible-men,ركسونا بخاخ 150 مل للرجال غير مرئي,REXONA,العناية بالجسم,العناية بالجسم,بسيط,105875,197,,true,https://cdn.shopify.com/s/files/1/0935/9550/0847/files/Rexona-Spray-150ML-Invisible-Men.webp?v=1754297880,منتج ركسونا بخاخ 150 مل للرجال غير مرئي من REXONA. التصنيف المرجعي: العناية بالجسم — بسيط. الوسوم المرجعية: Body Care، Body Spray، Deodrant.,https://alfouadpharmacies.com/en/products/rexona-spray-150ml-invisible-men,AlFouad Pharmacies,true,Verify usage rights before commercial publication,false,false,false,false,HOLD — REFERENCE ONLY
10569921593647,rexona-spray-150ml-invisble-women-off,ركسونا بخاخ 150 مل للنساء غير مرئي,REXONA,العناية بالجسم,العناية بالجسم,بسيط,111242,162,,false,https://cdn.shopify.com/s/files/1/0935/9550/0847/files/Rexona-Spray-150ML-Invisble-Women-Off.webp?v=1754297881,منتج ركسونا بخاخ 150 مل للنساء غير مرئي من REXONA. التصنيف المرجعي: العناية بالجسم — بسيط. الوسوم المرجعية: Body Care، Body Spray، Deodrant.,https://alfouadpharmacies.com/en/products/rexona-spray-150ml-invisble-women-off,AlFouad Pharmacies,true,Verify usage rights before commercial publication,false,false,false,false,HOLD — REFERENCE ONLY
10569921528111,rexona-spray-150ml-fw-workout-off,ريداكسونا بخاخ 150 مل  للياقة البدنية/التمارين الرياضية,REXONA,العناية بالجسم,العناية بالجسم,بسيط,98235,150,,false,https://cdn.shopify.com/s/files/1/0935/9550/0847/files/Rexona-Spray-150ML-FW-Workout-Off.webp?v=1754297881,منتج ريداكسونا بخاخ 150 مل  للياقة البدنية/التمارين الرياضية من REXONA. التصنيف المرجعي: العناية بالجسم — بسيط. الوسوم المرجعية: Body Care، Body Spray، Deodrant.,https://alfouadpharmacies.com/en/products/rexona-spray-150ml-fw-workout-off,AlFouad Pharmacies,true,Verify usage rights before commercial publication,false,false,false,false,HOLD — REFERENCE ONLY
10569921397039,rexona-spray-150ml-charcoal-clean-detox-off,ركسونا بخاخ 150 مل تنظيف الفحم إزالة السموم,REXONA,العناية بالجسم,العناية بالجسم,بسيط,24599,162,,false,https://cdn.shopify.com/s/files/1/0935/9550/0847/files/Rexona-Spray-150ML-Charcoal-Clean-Detox-Off.webp?v=1754297884,منتج ركسونا بخاخ 150 مل تنظيف الفحم إزالة السموم من REXONA. التصنيف المرجعي: العناية بالجسم — بسيط. الوسوم المرجعية: Body Care، Body Spray، Deodrant.,https://alfouadpharmacies.com/en/products/rexona-spray-150ml-charcoal-clean-detox-off,AlFouad Pharmacies,true,Verify usage rights before commercial publication,false,false,false,false,HOLD — REFERENCE ONLY
10569921331503,rexona-spray-150ml-charcoal-clean-detox,ركسونا بخاخ 150 مل تنظيف الفحم إزالة السموم,REXONA,العناية بالجسم,العناية بالجسم,بسيط,105668,187,,false,https://cdn.shopify.com/s/files/1/0935/9550/0847/files/Rexona-Spray-150ML-Charcoal-Clean-Detox.webp?v=1754297884,منتج ركسونا بخاخ 150 مل تنظيف الفحم إزالة السموم من REXONA. التصنيف المرجعي: العناية بالجسم — بسيط. الوسوم المرجعية: Body Care، Body Spray، Deodrant.,https://alfouadpharmacies.com/en/products/rexona-spray-150ml-charcoal-clean-detox,AlFouad Pharmacies,true,Verify usage rights before commercial publication,false,false,false,false,HOLD — REFERENCE ONLY
10569915629871,nivea-sun-protectampmoist-spf30-spray-200ml,نيفيا واقي شمس مرطب سبراي SPF30 200 مل,AlFouad Pharmacies,العناية بالجسم,العناية بالجسم,بسيط,103960,950,,false,https://cdn.shopify.com/s/files/1/0935/9550/0847/files/Nivea-Sun-ProtectMoist-SPF30-Spray-200ML.webp?v=1754297951,منتج نيفيا واقي شمس مرطب سبراي SPF30 200 مل من AlFouad Pharmacies. التصنيف المرجعي: العناية بالجسم — بسيط. الوسوم المرجعية: Body Care، Body Concerns، Dry Skin body concerns، Skin Care، Sunscreen، Sunscreen Spray.,https://alfouadpharmacies.com/en/products/nivea-sun-protectampmoist-spf30-spray-200ml,AlFouad Pharmacies,true,Verify usage rights before commercial publication,false,false,false,false,HOLD — REFERENCE ONLY
10569915105583,nivea-soft-moisturizing-craem-50ml,نيفيا كريم مرطب سوفت 50 مل,AlFouad Pharmacies,العناية بالجسم,العناية بالجسم,بسيط,30333,45,,true,https://cdn.shopify.com/s/files/1/0935/9550/0847/files/Nivea-Soft-Moisturizing-Craem-50ML.webp?v=1754297953,منتج نيفيا كريم مرطب سوفت 50 مل من AlFouad Pharmacies. التصنيف المرجعي: العناية بالجسم — بسيط. الوسوم المرجعية: Body Care، Body Concerns، Dry Skin body concerns، Moisturizer Cream، Moisturizers، Skin Care.,https://alfouadpharmacies.com/en/products/nivea-soft-moisturizing-craem-50ml,AlFouad Pharmacies,true,Verify usage rights before commercial publication,false,false,false,false,HOLD — REFERENCE ONLY
10569914941743,nivea-soft-moisturizing-craem-20ml,كريم نيفيا سوفت المرطب 20 مل,AlFouad Pharmacies,العناية بالجسم,العناية بالجسم,بسيط,107971,22,,true,https://cdn.shopify.com/s/files/1/0935/9550/0847/files/Nivea-Soft-Moisturizing-Craem-20ML.webp?v=1754297954,منتج كريم نيفيا سوفت المرطب 20 مل من AlFouad Pharmacies. التصنيف المرجعي: العناية بالجسم — بسيط. الوسوم المرجعية: Body Care، Body Concerns، Dry Skin body concerns، Moisturizer Cream، Moisturizers، Skin Care.,https://alfouadpharmacies.com/en/products/nivea-soft-moisturizing-craem-20ml,AlFouad Pharmacies,true,Verify usage rights before commercial publication,false,false,false,false,HOLD — REFERENCE ONLY
10569913893167,nivea-soft-cream-100ml-berry-blossom,كريم نيفيا سوفت 100 مل زهور التوت,AlFouad Pharmacies,العناية بالجسم,العناية بالجسم,بسيط,101829,80,,false,https://cdn.shopify.com/s/files/1/0935/9550/0847/files/Nivea-Soft-Cream-100ML-Berry-Blossom.webp?v=1754297962,منتج كريم نيفيا سوفت 100 مل زهور التوت من AlFouad Pharmacies. التصنيف المرجعي: العناية بالجسم — بسيط. الوسوم المرجعية: Body Care، Body Concerns، Dry Skin body concerns، Moisturizer Cream، Moisturizers، Skin Care.,https://alfouadpharmacies.com/en/products/nivea-soft-cream-100ml-berry-blossom,AlFouad Pharmacies,true,Verify usage rights before commercial publication,false,false,false,false,HOLD — REFERENCE ONLY
10569913073967,nivea-roll-on-50ml-fw-pearl-beauty,نيفيا رول أون 50 مل بيرل بيوتي (للبشرة العادية),AlFouad Pharmacies,العناية بالجسم,العناية بالجسم,بسيط,8775,99,,true,https://cdn.shopify.com/s/files/1/0935/9550/0847/files/Nivea-Roll-On-50ML-FW-Pearl-Beauty.webp?v=1754297970,منتج نيفيا رول أون 50 مل بيرل بيوتي (للبشرة العادية) من AlFouad Pharmacies. التصنيف المرجعي: العناية بالجسم — بسيط. الوسوم المرجعية: Body Care، Deodrant، Roll-on.,https://alfouadpharmacies.com/en/products/nivea-roll-on-50ml-fw-pearl-beauty,AlFouad Pharmacies,true,Verify usage rights before commercial publication,false,false,false,false,HOLD — REFERENCE ONLY
10569912647983,nivea-roll-on-50ml-fw-fresh-natural,نيفيا رول أون 50 مل منعش طبيعي صيفي/شتوي,AlFouad Pharmacies,العناية بالجسم,العناية بالجسم,بسيط,8774,99,,true,https://cdn.shopify.com/s/files/1/0935/9550/0847/files/Nivea-Roll-On-50ML-FW-Fresh-Natural.webp?v=1754297973,منتج نيفيا رول أون 50 مل منعش طبيعي صيفي/شتوي من AlFouad Pharmacies. التصنيف المرجعي: العناية بالجسم — بسيط. الوسوم المرجعية: Body Care، Deodrant، Roll-on.,https://alfouadpharmacies.com/en/products/nivea-roll-on-50ml-fw-fresh-natural,AlFouad Pharmacies,true,Verify usage rights before commercial publication,false,false,false,false,HOLD — REFERENCE ONLY
10569908977967,nivea-deod-spray-150ml-men-fresh-active-20-off,بخاخ مزيل عرق نيفيا للرجال، فريش اكتيف، 150 مل، خصم 20%,AlFouad Pharmacies,العناية بالجسم,العناية بالجسم,بسيط,86146,154,,false,https://cdn.shopify.com/s/files/1/0935/9550/0847/files/Nivea-Deod-Spray-150ML-Men-Fresh-Active-20-Off.webp?v=1754298024,منتج بخاخ مزيل عرق نيفيا للرجال، فريش اكتيف، 150 مل، خصم 20% من AlFouad Pharmacies. التصنيف المرجعي: العناية بالجسم — بسيط. الوسوم المرجعية: Body Care، Body Spray، Deodrant.,https://alfouadpharmacies.com/en/products/nivea-deod-spray-150ml-men-fresh-active-20-off,AlFouad Pharmacies,true,Verify usage rights before commercial publication,false,false,false,false,HOLD — REFERENCE ONLY
10569908781359,nivea-deod-spray-150ml-invisible-fw-off-20,بخاخ مزيل عرق نيفيا 150 مل غير مرئي، خصم 20%,AlFouad Pharmacies,العناية بالجسم,العناية بالجسم,بسيط,9247,154,,true,https://cdn.shopify.com/s/files/1/0935/9550/0847/files/Nivea-Deod-Spray-150ML-Invisible-FW-Off-20.webp?v=1754298028,منتج بخاخ مزيل عرق نيفيا 150 مل غير مرئي، خصم 20% من AlFouad Pharmacies. التصنيف المرجعي: العناية بالجسم — بسيط. الوسوم المرجعية: Body Care، Body Spray، Deodrant.,https://alfouadpharmacies.com/en/products/nivea-deod-spray-150ml-invisible-fw-off-20,AlFouad Pharmacies,true,Verify usage rights before commercial publication,false,false,false,false,HOLD — REFERENCE ONLY
10569897247023,lifebuoy-hand-wash-450ml-mild-care-off-15,غسول اليدين لايف بوي 450 مل عناية لطيفة خصم 15%,AlFouad Pharmacies,العناية بالجسم,العناية بالجسم,بسيط,85616,102,,true,https://cdn.shopify.com/s/files/1/0935/9550/0847/files/Lifebuoy-Hand-Wash-450ML-Mild-Care-Off-15.webp?v=1754298177,منتج غسول اليدين لايف بوي 450 مل عناية لطيفة خصم 15% من AlFouad Pharmacies. التصنيف المرجعي: العناية بالجسم — بسيط. الوسوم المرجعية: Body Care، Hand Wash.,https://alfouadpharmacies.com/en/products/lifebuoy-hand-wash-450ml-mild-care-off-15,AlFouad Pharmacies,true,Verify usage rights before commercial publication,false,false,false,false,HOLD — REFERENCE ONLY
10569897214255,lifebuoy-hand-wash-450ml-mild-care,غسول اليدين لايف بوي 450 مل عناية لطيفة,AlFouad Pharmacies,العناية بالجسم,العناية بالجسم,بسيط,97663,120,,true,https://cdn.shopify.com/s/files/1/0935/9550/0847/files/Lifebuoy-Hand-Wash-450ML-Mild-Care.webp?v=1754298178,منتج غسول اليدين لايف بوي 450 مل عناية لطيفة من AlFouad Pharmacies. التصنيف المرجعي: العناية بالجسم — بسيط. الوسوم المرجعية: Body Care، Hand Wash.,https://alfouadpharmacies.com/en/products/lifebuoy-hand-wash-450ml-mild-care,AlFouad Pharmacies,true,Verify usage rights before commercial publication,false,false,false,false,HOLD — REFERENCE ONLY
10569897181487,lifebuoy-hand-wash-450ml-cool-fresh,غسول اليدين لايف بوي 450 مل، رائحة منعشة,AlFouad Pharmacies,العناية بالجسم,العناية بالجسم,بسيط,103810,120,,true,https://cdn.shopify.com/s/files/1/0935/9550/0847/files/Lifebuoy-Hand-Wash-450ML-Cool-Fresh.webp?v=1754298178,منتج غسول اليدين لايف بوي 450 مل، رائحة منعشة من AlFouad Pharmacies. التصنيف المرجعي: العناية بالجسم — بسيط. الوسوم المرجعية: Body Care، Hand Wash.,https://alfouadpharmacies.com/en/products/lifebuoy-hand-wash-450ml-cool-fresh,AlFouad Pharmacies,true,Verify usage rights before commercial publication,false,false,false,false,HOLD — REFERENCE ONLY
10569893904687,bathampbody-works-bmist-236ml-rose,بخاخ Bath&amp;Body Works B.MIST برائحة الورد، سعة 236 مل,Bath and Body,العناية بالجسم,العناية بالجسم,بسيط,6875,800,,false,https://cdn.shopify.com/s/files/1/0935/9550/0847/files/BathBody-Works-B.MIST-236ML-Rose.webp?v=1754298221,منتج بخاخ Bath&amp;Body Works B.MIST برائحة الورد، سعة 236 مل من Bath and Body. التصنيف المرجعي: العناية بالجسم — بسيط. الوسوم المرجعية: Body Care، Body Mist، Body Splash، Body Spray، Deodrant، Perfumes.,https://alfouadpharmacies.com/en/products/bathampbody-works-bmist-236ml-rose,AlFouad Pharmacies,true,Verify usage rights before commercial publication,false,false,false,false,HOLD — REFERENCE ONLY
10569893642543,bathampbody-works-bmist-236ml-pear-creme-brulee,بخاخ الجسم من Bath&amp;Body Works، رائحة الكمثرى والكريم بروليه، 236 مل.,Bath and Body,العناية بالجسم,العناية بالجسم,بسيط,101428,800,,false,https://cdn.shopify.com/s/files/1/0935/9550/0847/files/BathBody-Works-B.MIST-236ML-Pear-Creme-Brulee.webp?v=1754298225,منتج بخاخ الجسم من Bath&amp;Body Works، رائحة الكمثرى والكريم بروليه، 236 مل. من Bath and Body. التصنيف المرجعي: العناية بالجسم — بسيط. الوسوم المرجعية: Body Care، Body Mist، Body Splash، Body Spray، Deodrant، Perfumes.,https://alfouadpharmacies.com/en/products/bathampbody-works-bmist-236ml-pear-creme-brulee,AlFouad Pharmacies,true,Verify usage rights before commercial publication,false,false,false,false,HOLD — REFERENCE ONLY
10569891086639,bathampbody-works-bmist-236ml-dark-velvet-oud,بخاخ Bath&amp;Body Works B.mist 236 مل، عطر Dark Velvet Oud,Bath and Body,العناية بالجسم,العناية بالجسم,بسيط,9597,800,,false,https://cdn.shopify.com/s/files/1/0935/9550/0847/files/BathBody-Works-B.MIST-236ML-Dark-Velvet-Oud.webp?v=1754298257,منتج بخاخ Bath&amp;Body Works B.mist 236 مل، عطر Dark Velvet Oud من Bath and Body. التصنيف المرجعي: العناية بالجسم — بسيط. الوسوم المرجعية: Body Care، Body Mist، Body Splash، Body Spray، Deodrant، Perfumes.,https://alfouadpharmacies.com/en/products/bathampbody-works-bmist-236ml-dark-velvet-oud,AlFouad Pharmacies,true,Verify usage rights before commercial publication,false,false,false,false,HOLD — REFERENCE ONLY
10569890136367,bathampbody-works-bmist-236ml-dahlia,بخاخ الجسم من Bath&amp;Body Works B.mist، 236 مل، رائحة زهرة الداليا.,Bath and Body,العناية بالجسم,العناية بالجسم,بسيط,108685,800,,false,https://cdn.shopify.com/s/files/1/0935/9550/0847/files/BathBody-Works-B.MIST-236ML-Dahlia.webp?v=1754298264,منتج بخاخ الجسم من Bath&amp;Body Works B.mist، 236 مل، رائحة زهرة الداليا. من Bath and Body. التصنيف المرجعي: العناية بالجسم — بسيط. الوسوم المرجعية: Body Care، Body Mist، Body Splash، Body Spray، Deodrant، Perfumes.,https://alfouadpharmacies.com/en/products/bathampbody-works-bmist-236ml-dahlia,AlFouad Pharmacies,true,Verify usage rights before commercial publication,false,false,false,false,HOLD — REFERENCE ONLY
10569867919663,fa-deo-spray-150ml-lemon-ginger,بخاخ مزيل عرق فا، 150 مل، بنكهة الليمون والزنجبيل,AlFouad Pharmacies,العناية بالجسم,العناية بالجسم,بسيط,102393,191,,false,https://cdn.shopify.com/s/files/1/0935/9550/0847/files/Fa-Deo-Spray-150ML-Lemon-Ginger.webp?v=1754298270,منتج بخاخ مزيل عرق فا، 150 مل، بنكهة الليمون والزنجبيل من AlFouad Pharmacies. التصنيف المرجعي: العناية بالجسم — بسيط. الوسوم المرجعية: Body Care، Body Spray، Deodrant.,https://alfouadpharmacies.com/en/products/fa-deo-spray-150ml-lemon-ginger,AlFouad Pharmacies,true,Verify usage rights before commercial publication,false,false,false,false,HOLD — REFERENCE ONLY
10569867133231,fogg-spray-120ml-oak,بخاخ فوغ 120 مل خشب البلوط,fogg,العناية بالجسم,العناية بالجسم,بسيط,25718,160,0,true,https://cdn.shopify.com/s/files/1/0935/9550/0847/files/Fogg-Spray-120ML-Oak.webp?v=1754298277,منتج بخاخ فوغ 120 مل خشب البلوط من fogg. التصنيف المرجعي: العناية بالجسم — بسيط. الوسوم المرجعية: Body Care، Body Spray، Deodrant.,https://alfouadpharmacies.com/en/products/fogg-spray-120ml-oak,AlFouad Pharmacies,true,Verify usage rights before commercial publication,false,false,false,false,HOLD — REFERENCE ONLY
10569867034927,fogg-spray-120ml-napoleon,بخاخ فوغ 120 مل نابليون,fogg,العناية بالجسم,العناية بالجسم,بسيط,95083,160,0,true,https://cdn.shopify.com/s/files/1/0935/9550/0847/files/Fogg-Spray-120ML-Napoleon.webp?v=1754298277,منتج بخاخ فوغ 120 مل نابليون من fogg. التصنيف المرجعي: العناية بالجسم — بسيط. الوسوم المرجعية: Body Care، Body Spray، Deodrant.,https://alfouadpharmacies.com/en/products/fogg-spray-120ml-napoleon,AlFouad Pharmacies,true,Verify usage rights before commercial publication,false,false,false,false,HOLD — REFERENCE ONLY
10569866412335,fogg-spray-120ml-celebrite,بخاخ فوغ 120 مل سيلبريت,fogg,العناية بالجسم,العناية بالجسم,بسيط,102459,160,0,true,https://cdn.shopify.com/s/files/1/0935/9550/0847/files/Fogg-Spray-120ML-Celebrite.webp?v=1754298282,منتج بخاخ فوغ 120 مل سيلبريت من fogg. التصنيف المرجعي: العناية بالجسم — بسيط. الوسوم المرجعية: Body Care، Body Spray، Deodrant.,https://alfouadpharmacies.com/en/products/fogg-spray-120ml-celebrite,AlFouad Pharmacies,true,Verify usage rights before commercial publication,false,false,false,false,HOLD — REFERENCE ONLY
10569866314031,fogg-spray-120ml-cedar,بخاخ فوغ 120 مل خشب الأرز,fogg,العناية بالجسم,العناية بالجسم,بسيط,21331,160,0,true,https://cdn.shopify.com/s/files/1/0935/9550/0847/files/Fogg-Spray-120ML-Cedar.webp?v=1754298283,منتج بخاخ فوغ 120 مل خشب الأرز من fogg. التصنيف المرجعي: العناية بالجسم — بسيط. الوسوم المرجعية: Body Care، Body Spray، Deodrant.,https://alfouadpharmacies.com/en/products/fogg-spray-120ml-cedar,AlFouad Pharmacies,true,Verify usage rights before commercial publication,false,false,false,false,HOLD — REFERENCE ONLY
10569866215727,fogg-spray-120ml-agar,بخاخ فوغ 120 مل أغار,fogg,العناية بالجسم,العناية بالجسم,بسيط,25511,160,0,true,https://cdn.shopify.com/s/files/1/0935/9550/0847/files/Fogg-Spray-120ML-Agar.webp?v=1754298284,منتج بخاخ فوغ 120 مل أغار من fogg. التصنيف المرجعي: العناية بالجسم — بسيط. الوسوم المرجعية: Body Care، Body Spray، Deodrant.,https://alfouadpharmacies.com/en/products/fogg-spray-120ml-agar,AlFouad Pharmacies,true,Verify usage rights before commercial publication,false,false,false,false,HOLD — REFERENCE ONLY
10569865855279,fogg-fine-spray-120ml-rio-wave,بخاخ فوغ ناعم 120 مل ريو ويف,fogg,العناية بالجسم,العناية بالجسم,بسيط,6116,160,0,true,https://cdn.shopify.com/s/files/1/0935/9550/0847/files/Fogg-Fine-Spray-120ML-Rio-Wave.webp?v=1754298287,منتج بخاخ فوغ ناعم 120 مل ريو ويف من fogg. التصنيف المرجعي: العناية بالجسم — بسيط. الوسوم المرجعية: Body Care، Body Spray، Deodrant.,https://alfouadpharmacies.com/en/products/fogg-fine-spray-120ml-rio-wave,AlFouad Pharmacies,true,Verify usage rights before commercial publication,false,false,false,false,HOLD — REFERENCE ONLY
10569864479023,axe-body-spray-150ml-black-night-clear-sh-90ml-off,بخاخ الجسم Axe 150 مل بلاك نايت + بخاخ شفاف 90 مل  (عرض خاص),AlFouad Pharmacies,العناية بالجسم,العناية بالجسم,بسيط,13649,195,,false,https://cdn.shopify.com/s/files/1/0935/9550/0847/files/AXE-BODY-SPRAY-150ML-BLACK-NIGHT-CLEAR-SH-90ML-OF-2.webp?v=1754298301,منتج بخاخ الجسم Axe 150 مل بلاك نايت + بخاخ شفاف 90 مل  (عرض خاص) من AlFouad Pharmacies. التصنيف المرجعي: العناية بالجسم — بسيط. الوسوم المرجعية: Body Care، Body Offers، Body Spray، Deodrant.,https://alfouadpharmacies.com/en/products/axe-body-spray-150ml-black-night-clear-sh-90ml-off,AlFouad Pharmacies,true,Verify usage rights before commercial publication,false,false,false,false,HOLD — REFERENCE ONLY
10569859072303,bathampbody-works-bmist-236ml-coco-paradise,بخاخ الجسم من Bath&amp;Body Works B.MIST 236 مل، عطر كوكو بارادايس,Bath and Body,العناية بالجسم,العناية بالجسم,بسيط,112081,800,,false,https://cdn.shopify.com/s/files/1/0935/9550/0847/files/BathBody-Works-B.MIST-236ML-Coco-Paradise.webp?v=1754298350,منتج بخاخ الجسم من Bath&amp;Body Works B.MIST 236 مل، عطر كوكو بارادايس من Bath and Body. التصنيف المرجعي: العناية بالجسم — بسيط. الوسوم المرجعية: Body Care، Body Mist، Body Splash، Body Spray، Deodrant، Perfumes.,https://alfouadpharmacies.com/en/products/bathampbody-works-bmist-236ml-coco-paradise,AlFouad Pharmacies,true,Verify usage rights before commercial publication,false,false,false,false,HOLD — REFERENCE ONLY
10569856745775,dove-roll-on-50ml-coconutampjasmin,دوف رول أون 50 مل جوز الهند والياسمين,Dove,العناية بالجسم,العناية بالجسم,بسيط,96509,105,,false,https://cdn.shopify.com/s/files/1/0935/9550/0847/files/Dove-Roll-On-50ML-CoconutJasmin.webp?v=1754298374,منتج دوف رول أون 50 مل جوز الهند والياسمين من Dove. التصنيف المرجعي: العناية بالجسم — بسيط. الوسوم المرجعية: Body Care، Deodrant.,https://alfouadpharmacies.com/en/products/dove-roll-on-50ml-coconutampjasmin,AlFouad Pharmacies,true,Verify usage rights before commercial publication,false,false,false,false,HOLD — REFERENCE ONLY
10569856024879,dove-hand-washampcream-glowing-ritual-offer,عرض غسول اليدين وكريم دوف لتنظيف البشرة بشكل ساطع,Dove off,العناية بالجسم,العناية بالجسم,بسيط,9495,130,,false,https://cdn.shopify.com/s/files/1/0935/9550/0847/files/Dove-Hand-WashCream-Glowing-Ritual-Offer.webp?v=1754298384,منتج عرض غسول اليدين وكريم دوف لتنظيف البشرة بشكل ساطع من Dove off. التصنيف المرجعي: العناية بالجسم — بسيط. الوسوم المرجعية: Body Care، Hand Wash.,https://alfouadpharmacies.com/en/products/dove-hand-washampcream-glowing-ritual-offer,AlFouad Pharmacies,true,Verify usage rights before commercial publication,false,false,false,false,HOLD — REFERENCE ONLY
10569855861039,victoria-secret-body-mist-250ml-secret-escape,بخاخ جسم فيكتوريا سيكرت، 250 مل، إصدار سيكرت إسكيب.,Victoria Secret,العناية بالجسم,العناية بالجسم,بسيط,107203,650,,false,https://cdn.shopify.com/s/files/1/0935/9550/0847/files/Victoria-Secret.-Body-Mist-250ML-Secret-Escape.webp?v=1754298385,منتج بخاخ جسم فيكتوريا سيكرت، 250 مل، إصدار سيكرت إسكيب. من Victoria Secret. التصنيف المرجعي: العناية بالجسم — بسيط. الوسوم المرجعية: Body Care، Body Mist، Body Splash، Body Spray، Deodrant، Perfumes.,https://alfouadpharmacies.com/en/products/victoria-secret-body-mist-250ml-secret-escape,AlFouad Pharmacies,true,Verify usage rights before commercial publication,false,false,false,false,HOLD — REFERENCE ONLY
10569851699503,ingram-cologne-250ml-lavander,كولونيا إنغرام 250 مل باللافندر,AlFouad Pharmacies,العناية بالجسم,العناية بالجسم,بسيط,105536,70,,false,https://cdn.shopify.com/s/files/1/0935/9550/0847/files/Ingram-Cologne-250ML-Lavander.webp?v=1754298421,منتج كولونيا إنغرام 250 مل باللافندر من AlFouad Pharmacies. التصنيف المرجعي: العناية بالجسم — بسيط. الوسوم المرجعية: Body Care، Body Spray، Deodrant.,https://alfouadpharmacies.com/en/products/ingram-cologne-250ml-lavander,AlFouad Pharmacies,true,Verify usage rights before commercial publication,false,false,false,false,HOLD — REFERENCE ONLY
10569840329007,axe-pocket-spray-17ml-skate-boardampfresh-rose,بخاخ آكس المحمول 17 مل، رائحة لوح التزلج والورد الطازج,AlFouad Pharmacies,العناية بالجسم,العناية بالجسم,بسيط,105396,65,,true,https://cdn.shopify.com/s/files/1/0935/9550/0847/files/Axe-Pocket-Spray-17ML-Skate-BoardFresh-Rose.webp?v=1754298516,منتج بخاخ آكس المحمول 17 مل، رائحة لوح التزلج والورد الطازج من AlFouad Pharmacies. التصنيف المرجعي: العناية بالجسم — بسيط. الوسوم المرجعية: Body Care، Body Spray، Deodrant.,https://alfouadpharmacies.com/en/products/axe-pocket-spray-17ml-skate-boardampfresh-rose,AlFouad Pharmacies,true,Verify usage rights before commercial publication,false,false,false,false,HOLD — REFERENCE ONLY
10569839870255,axe-body-spray-150ml-skate-boardampfresh-15le-off,بخاخ الجسم Axe 150 مل، رائحة لوح التزلج المنعشة (15 جنيه مصري) خصم,AlFouad Pharmacies,العناية بالجسم,العناية بالجسم,بسيط,90687,180,,false,https://cdn.shopify.com/s/files/1/0935/9550/0847/files/Axe-Body-Spray-150ML-Skate-BoardFresh-15L.E-Off.webp?v=1754298521,منتج بخاخ الجسم Axe 150 مل، رائحة لوح التزلج المنعشة (15 جنيه مصري) خصم من AlFouad Pharmacies. التصنيف المرجعي: العناية بالجسم — بسيط. الوسوم المرجعية: Body Care، Body Spray، Deodrant.,https://alfouadpharmacies.com/en/products/axe-body-spray-150ml-skate-boardampfresh-15le-off,AlFouad Pharmacies,true,Verify usage rights before commercial publication,false,false,false,false,HOLD — REFERENCE ONLY
10569839149359,axe-body-spray-150ml-leatherampcookies,بخاخ الجسم Axe 150 مل، رائحة الجلد والكوكيز,AlFouad Pharmacies,العناية بالجسم,العناية بالجسم,بسيط,86512,215,,true,https://cdn.shopify.com/s/files/1/0935/9550/0847/files/Axe-Body-Spray-150ML-LeatherCookies.webp?v=1754298525,منتج بخاخ الجسم Axe 150 مل، رائحة الجلد والكوكيز من AlFouad Pharmacies. التصنيف المرجعي: العناية بالجسم — بسيط. الوسوم المرجعية: Body Care، Body Spray، Deodrant.,https://alfouadpharmacies.com/en/products/axe-body-spray-150ml-leatherampcookies,AlFouad Pharmacies,true,Verify usage rights before commercial publication,false,false,false,false,HOLD — REFERENCE ONLY
10569838788911,axe-body-spray-150ml-ice-chill,بخاخ الجسم Axe 150 مل، رائحة منعشة مثل الثلج,AlFouad Pharmacies,العناية بالجسم,العناية بالجسم,بسيط,24501,215,,true,https://cdn.shopify.com/s/files/1/0935/9550/0847/files/Axe-Body-Spray-150ML-Ice-Chill.webp?v=1754298526,منتج بخاخ الجسم Axe 150 مل، رائحة منعشة مثل الثلج من AlFouad Pharmacies. التصنيف المرجعي: العناية بالجسم — بسيط. الوسوم المرجعية: Body Care، Body Spray، Deodrant.,https://alfouadpharmacies.com/en/products/axe-body-spray-150ml-ice-chill,AlFouad Pharmacies,true,Verify usage rights before commercial publication,false,false,false,false,HOLD — REFERENCE ONLY
10569838559535,axe-body-spray-150ml-gold-tempetation-15le-off,بخاخ الجسم Axe 150 مل ذهبي مغري (15 جنيه مصري) خصم,AlFouad Pharmacies,العناية بالجسم,العناية بالجسم,بسيط,110788,180,,false,https://cdn.shopify.com/s/files/1/0935/9550/0847/files/Axe-Body-Spray-150ML-Gold-Tempetation-15.LE-Off.webp?v=1754298528,منتج بخاخ الجسم Axe 150 مل ذهبي مغري (15 جنيه مصري) خصم من AlFouad Pharmacies. التصنيف المرجعي: العناية بالجسم — بسيط. الوسوم المرجعية: Body Care، Body Spray، Deodrant.,https://alfouadpharmacies.com/en/products/axe-body-spray-150ml-gold-tempetation-15le-off,AlFouad Pharmacies,true,Verify usage rights before commercial publication,false,false,false,false,HOLD — REFERENCE ONLY
10569832464687,lux-hand-wash-500-ml-magical-orchid,غسول اليدين الفاخر 500 مل ماجيكال (أوركيد),AlFouad Pharmacies,العناية بالجسم,العناية بالجسم,بسيط,92031,110,,true,https://cdn.shopify.com/s/files/1/0935/9550/0847/files/Lux-Hand-Wash-500ML-Magical-Orchid.webp?v=1754298579,منتج غسول اليدين الفاخر 500 مل ماجيكال (أوركيد) من AlFouad Pharmacies. التصنيف المرجعي: العناية بالجسم — بسيط. الوسوم المرجعية: Body Care، Hand Wash.,https://alfouadpharmacies.com/en/products/lux-hand-wash-500-ml-magical-orchid,AlFouad Pharmacies,true,Verify usage rights before commercial publication,false,false,false,false,HOLD — REFERENCE ONLY
10569822273839,mood-body-milk-200-ml-vienna,حليب الجسم المهدئ 200 مل فيينا,MOOD,العناية بالجسم,العناية بالجسم,بسيط,24510,90,,true,https://cdn.shopify.com/s/files/1/0935/9550/0847/files/Mood-Body-Milk-200-ml-Vienna.webp?v=1754298646,منتج حليب الجسم المهدئ 200 مل فيينا من MOOD. التصنيف المرجعي: العناية بالجسم — بسيط. الوسوم المرجعية: Body Care، Body Concerns، Body Milk، Dry Skin body concerns، Smooth Texture.,https://alfouadpharmacies.com/en/products/mood-body-milk-200-ml-vienna,AlFouad Pharmacies,true,Verify usage rights before commercial publication,false,false,false,false,HOLD — REFERENCE ONLY
10569821290799,mood-hand-wash-500-ml-vienna,غسول اليدين مود 500 مل فيينا,MOOD,العناية بالجسم,العناية بالجسم,بسيط,9091,80,,true,https://cdn.shopify.com/s/files/1/0935/9550/0847/files/Mood-Hand-Wash-500-ml-Vienna.webp?v=1754298654,منتج غسول اليدين مود 500 مل فيينا من MOOD. التصنيف المرجعي: العناية بالجسم — بسيط. الوسوم المرجعية: Body Care، Hand Wash.,https://alfouadpharmacies.com/en/products/mood-hand-wash-500-ml-vienna,AlFouad Pharmacies,true,Verify usage rights before commercial publication,false,false,false,false,HOLD — REFERENCE ONLY
10569817686319,mood-latino-set-1-body-lotion-150-gmbody-splash-220-mlhand-cream-50-gm,مجموعة مود لاتينو رقم 1 (لوشن للجسم 150 غرام + بخاخ للجسم 220 مل + كريم يد 50 غرام),MOOD,العناية بالجسم,العناية بالجسم,بسيط,104903,390,,false,https://cdn.shopify.com/s/files/1/0935/9550/0847/files/Latino.webp?v=1754298683,منتج مجموعة مود لاتينو رقم 1 (لوشن للجسم 150 غرام + بخاخ للجسم 220 مل + كريم يد 50 غرام) من MOOD. التصنيف المرجعي: العناية بالجسم — بسيط. الوسوم المرجعية: Body Care، Bundle، mood offer.,https://alfouadpharmacies.com/en/products/mood-latino-set-1-body-lotion-150-gmbody-splash-220-mlhand-cream-50-gm,AlFouad Pharmacies,true,Verify usage rights before commercial publication,false,false,false,false,HOLD — REFERENCE ONLY
10569817293103,mood-cairo-set-1-body-lotion-150-gmbody-splash-220-mlhand-cream-50gm,مجموعة مود القاهرة رقم 1 (لوشن للجسم 150 جم + بخاخ للجسم 220 مل + كريم يد 50 جم),MOOD,العناية بالجسم,العناية بالجسم,بسيط,105497,390,,false,https://cdn.shopify.com/s/files/1/0935/9550/0847/files/Cairo.webp?v=1754298686,منتج مجموعة مود القاهرة رقم 1 (لوشن للجسم 150 جم + بخاخ للجسم 220 مل + كريم يد 50 جم) من MOOD. التصنيف المرجعي: العناية بالجسم — بسيط. الوسوم المرجعية: Body Care، Bundle، mood offer.,https://alfouadpharmacies.com/en/products/mood-cairo-set-1-body-lotion-150-gmbody-splash-220-mlhand-cream-50gm,AlFouad Pharmacies,true,Verify usage rights before commercial publication,false,false,false,false,HOLD — REFERENCE ONLY
10569816801583,mood-santorini-body-lotion-150-gm,لوشن الجسم مود سانتوريني 150 جم,MOOD,العناية بالجسم,العناية بالجسم,بسيط,30332,100,,true,https://cdn.shopify.com/s/files/1/0935/9550/0847/files/Mood-Santorini-Body-Lotion-150-gm.webp?v=1754298691,منتج لوشن الجسم مود سانتوريني 150 جم من MOOD. التصنيف المرجعي: العناية بالجسم — بسيط. الوسوم المرجعية: Body Care، Body Concerns، Body Lotion، Dry Skin body concerns.,https://alfouadpharmacies.com/en/products/mood-santorini-body-lotion-150-gm,AlFouad Pharmacies,true,Verify usage rights before commercial publication,false,false,false,false,HOLD — REFERENCE ONLY
10569816113455,mood-santorini-hand-cream-50gm,كريم يد مود سانتوريني 50 جرام,MOOD,العناية بالجسم,العناية بالجسم,بسيط,85546,75,,true,https://cdn.shopify.com/s/files/1/0935/9550/0847/files/Mood-Santorini-Hand-Cream-50gm.webp?v=1754298696,منتج كريم يد مود سانتوريني 50 جرام من MOOD. التصنيف المرجعي: العناية بالجسم — بسيط. الوسوم المرجعية: Body Care، Body Concerns، Dry Skin body concerns، Hand، Hands & Feet.,https://alfouadpharmacies.com/en/products/mood-santorini-hand-cream-50gm,AlFouad Pharmacies,true,Verify usage rights before commercial publication,false,false,false,false,HOLD — REFERENCE ONLY
10569812050223,avuva-cold-wax-228-gm-mint-charcoal,شمع إزالة الشعر البارد أفوفا 228 غرام، نكهة النعناع والفحم,AlFouad Pharmacies,العناية بالجسم,العناية بالجسم,بسيط,82018,100,,false,https://cdn.shopify.com/s/files/1/0935/9550/0847/files/Avuva-Cold-Wax-228-GM-Mint-Charcoal.webp?v=1754298714,منتج شمع إزالة الشعر البارد أفوفا 228 غرام، نكهة النعناع والفحم من AlFouad Pharmacies. التصنيف المرجعي: العناية بالجسم — بسيط. الوسوم المرجعية: Body Care، Body Concerns، Hair Removal، Sensetive Skin.,https://alfouadpharmacies.com/en/products/avuva-cold-wax-228-gm-mint-charcoal,AlFouad Pharmacies,true,Verify usage rights before commercial publication,false,false,false,false,HOLD — REFERENCE ONLY
10569811493167,avuva-body-splash-253ml-passion-fruit,بخاخ الجسم أفوفا 253 مل، بنكهة المانجو.,AlFouad Pharmacies,العناية بالجسم,العناية بالجسم,بسيط,3252,150,,false,https://cdn.shopify.com/s/files/1/0935/9550/0847/files/Avuva-Body-Splash-253ML-Passion-Fruit.webp?v=1754298717,منتج بخاخ الجسم أفوفا 253 مل، بنكهة المانجو. من AlFouad Pharmacies. التصنيف المرجعي: العناية بالجسم — بسيط. الوسوم المرجعية: Body Care، Body Mist، Body Spray، Deodrant.,https://alfouadpharmacies.com/en/products/avuva-body-splash-253ml-passion-fruit,AlFouad Pharmacies,true,Verify usage rights before commercial publication,false,false,false,false,HOLD — REFERENCE ONLY
10569811329327,avuva-body-splash-253ml-floral,بخاخ الجسم أفوفا 253 مل، عطري.,AlFouad Pharmacies,العناية بالجسم,العناية بالجسم,بسيط,8672,150,,true,https://cdn.shopify.com/s/files/1/0935/9550/0847/files/AVUVA-BODY-SPLASH-253ML-FLORAL.webp?v=1754298717,منتج بخاخ الجسم أفوفا 253 مل، عطري. من AlFouad Pharmacies. التصنيف المرجعي: العناية بالجسم — بسيط. الوسوم المرجعية: Body Care، Body Mist، Body Spray، Deodrant.,https://alfouadpharmacies.com/en/products/avuva-body-splash-253ml-floral,AlFouad Pharmacies,true,Verify usage rights before commercial publication,false,false,false,false,HOLD — REFERENCE ONLY
10569725149487,starville-micellar-whitening-roll-on-offer,عرض رول أون ميسيلار ووايتنينج من ستارفيل,parkville,العناية بالجسم,العناية بالجسم,بسيط,107268,140,,false,https://cdn.shopify.com/s/files/1/0935/9550/0847/files/Starville-Micellar-Whitening-Roll-On-Offer.webp?v=1754299150,منتج عرض رول أون ميسيلار ووايتنينج من ستارفيل من parkville. التصنيف المرجعي: العناية بالجسم — بسيط. الوسوم المرجعية: Body Care، Body Concerns، Deodrant، Even Skin Tone / Pigmentation، starville.,https://alfouadpharmacies.com/en/products/starville-micellar-whitening-roll-on-offer,AlFouad Pharmacies,true,Verify usage rights before commercial publication,false,false,false,false,HOLD — REFERENCE ONLY
10569724559663,eva-recipe-berries-scent-body-lotion-370ml,لوشن الجسم برائحة التوت من إيفا ريسيبي، 370 مل,AlFouad Pharmacies,العناية بالجسم,العناية بالجسم,بسيط,29289,175,,true,https://cdn.shopify.com/s/files/1/0935/9550/0847/files/Eva-Recipe-Berries-Scent-Body-Lotion-370ml.webp?v=1754299158,منتج لوشن الجسم برائحة التوت من إيفا ريسيبي، 370 مل من AlFouad Pharmacies. التصنيف المرجعي: العناية بالجسم — بسيط. الوسوم المرجعية: Body Care، Body Concerns، Body Lotion، Dry Skin body concerns.,https://alfouadpharmacies.com/en/products/eva-recipe-berries-scent-body-lotion-370ml,AlFouad Pharmacies,true,Verify usage rights before commercial publication,false,false,false,false,HOLD — REFERENCE ONLY
10569724428591,eva-shower-gel-fresh-breeze-1-litre,جل استحمام إيفا منعش 1 لتر,AlFouad Pharmacies,العناية بالجسم,العناية بالجسم,بسيط,111214,120,,false,https://cdn.shopify.com/s/files/1/0935/9550/0847/files/Eva-Shower-Gel-Fresh-Breeze-1-Litre.webp?v=1754299160,منتج جل استحمام إيفا منعش 1 لتر من AlFouad Pharmacies. التصنيف المرجعي: العناية بالجسم — بسيط. الوسوم المرجعية: Body Care، Body Wash.,https://alfouadpharmacies.com/en/products/eva-shower-gel-fresh-breeze-1-litre,AlFouad Pharmacies,true,Verify usage rights before commercial publication,false,false,false,false,HOLD — REFERENCE ONLY
10569724297519,bobai-tanning-oil-200ml,زيت تسمير بوباي 200 مل,Bobai,العناية بالجسم,العناية بالجسم,بسيط,97601,150,,true,https://cdn.shopify.com/s/files/1/0935/9550/0847/files/Bobai-Tanning-Oil-200ml.webp?v=1754299161,منتج زيت تسمير بوباي 200 مل من Bobai. التصنيف المرجعي: العناية بالجسم — بسيط. الوسوم المرجعية: bobai، Body Care، Tanning Oil.,https://alfouadpharmacies.com/en/products/bobai-tanning-oil-200ml,AlFouad Pharmacies,true,Verify usage rights before commercial publication,false,false,false,false,HOLD — REFERENCE ONLY
10569724100911,eva-recipe-mocha-scent-body-lotion-370ml,لوشن الجسم برائحة الموكا من إيفا ريسيبي، 370 مل,AlFouad Pharmacies,العناية بالجسم,العناية بالجسم,بسيط,24756,175,,true,https://cdn.shopify.com/s/files/1/0935/9550/0847/files/Eva-Recipe-Mocha-Scent-Body-Lotion-370ml.webp?v=1754299163,منتج لوشن الجسم برائحة الموكا من إيفا ريسيبي، 370 مل من AlFouad Pharmacies. التصنيف المرجعي: العناية بالجسم — بسيط. الوسوم المرجعية: Body Care، Body Concerns، Body Lotion، Dry Skin body concerns.,https://alfouadpharmacies.com/en/products/eva-recipe-mocha-scent-body-lotion-370ml,AlFouad Pharmacies,true,Verify usage rights before commercial publication,false,false,false,false,HOLD — REFERENCE ONLY
10569723937071,one-hair-removing-90gm-creme-honey-dry-skin,كريم مزيل للزغب بالعسل 90 جرام (للبشرة الجافة),AlFouad Pharmacies,العناية بالجسم,العناية بالجسم,بسيط,7201,36,,true,https://cdn.shopify.com/s/files/1/0935/9550/0847/files/One-Hair-Removing-140gm-Cream-Honey-Dry-Skin-1.webp?v=1754299166,منتج كريم مزيل للزغب بالعسل 90 جرام (للبشرة الجافة) من AlFouad Pharmacies. التصنيف المرجعي: العناية بالجسم — بسيط. الوسوم المرجعية: Body Care، Hair Removal.,https://alfouadpharmacies.com/en/products/one-hair-removing-90gm-creme-honey-dry-skin,AlFouad Pharmacies,true,Verify usage rights before commercial publication,false,false,false,false,HOLD — REFERENCE ONLY
10569723871535,starville-whitening-stick-redberry-60gm,قلم تبييض ستار فيل، نكهة التوت الأحمر، 60 جرام,parkville,العناية بالجسم,العناية بالجسم,بسيط,87225,350,,true,https://cdn.shopify.com/s/files/1/0935/9550/0847/files/Starville-Whitening-Stick-Redberry-60gm.webp?v=1754299166,منتج قلم تبييض ستار فيل، نكهة التوت الأحمر، 60 جرام من parkville. التصنيف المرجعي: العناية بالجسم — بسيط. الوسوم المرجعية: Body Care، Body Concerns، Deodrant، Even Skin Tone / Pigmentation، starville.,https://alfouadpharmacies.com/en/products/starville-whitening-stick-redberry-60gm,AlFouad Pharmacies,true,Verify usage rights before commercial publication,false,false,false,false,HOLD — REFERENCE ONLY
10569723773231,infinity-fruityberry-roll-on-80ml-11-off,رول أون إنفينيتي فرويتي+بيري 80 مل (1+1) خصم,AlFouad Pharmacies,العناية بالجسم,العناية بالجسم,بسيط,12423,220,,true,https://cdn.shopify.com/s/files/1/0935/9550/0847/files/Infinity-Fruityberry-Roll-On-80ml-11-Off.webp?v=1754299167,منتج رول أون إنفينيتي فرويتي+بيري 80 مل (1+1) خصم من AlFouad Pharmacies. التصنيف المرجعي: العناية بالجسم — بسيط. الوسوم المرجعية: Body Care، Body Concerns، Body Offers، Deodrant، Even Skin Tone / Pigmentation.,https://alfouadpharmacies.com/en/products/infinity-fruityberry-roll-on-80ml-11-off,AlFouad Pharmacies,true,Verify usage rights before commercial publication,false,false,false,false,HOLD — REFERENCE ONLY
10569723740463,one-hair-removing-40gm-cream-normal,كريم إزالة الشعر ون، 40 غرام، عادي,AlFouad Pharmacies,العناية بالجسم,العناية بالجسم,بسيط,87639,24,,true,https://cdn.shopify.com/s/files/1/0935/9550/0847/files/One-Hair-Removing-140gm-Cream-Normal-1.webp?v=1754299168,منتج كريم إزالة الشعر ون، 40 غرام، عادي من AlFouad Pharmacies. التصنيف المرجعي: العناية بالجسم — بسيط. الوسوم المرجعية: Body Care، Hair Removal.,https://alfouadpharmacies.com/en/products/one-hair-removing-40gm-cream-normal,AlFouad Pharmacies,true,Verify usage rights before commercial publication,false,false,false,false,HOLD — REFERENCE ONLY
10569723707695,one-hair-removing-140gm-cream-in-show-fruit-off,واحد كريم إزالة شعر 140 جرام في عبوة فاكهة شاو,AlFouad Pharmacies,العناية بالجسم,العناية بالجسم,بسيط,102276,46,,false,https://cdn.shopify.com/s/files/1/0935/9550/0847/files/One-Hair-Removing-140gm-Cream-in-Show-Fruit-Off.webp?v=1754299168,منتج واحد كريم إزالة شعر 140 جرام في عبوة فاكهة شاو من AlFouad Pharmacies. التصنيف المرجعي: العناية بالجسم — بسيط. الوسوم المرجعية: Body Care، Hair Removal.,https://alfouadpharmacies.com/en/products/one-hair-removing-140gm-cream-in-show-fruit-off,AlFouad Pharmacies,true,Verify usage rights before commercial publication,false,false,false,false,HOLD — REFERENCE ONLY
10569723543855,one-hair-removing-90gm-cream-normal-skin,كريم إزالة الشعر 90 جرام (للبشرة العادية),AlFouad Pharmacies,العناية بالجسم,العناية بالجسم,بسيط,92833,36,,true,https://cdn.shopify.com/s/files/1/0935/9550/0847/files/One-Hair-Removing-140gm-Cream-Normal_426967f1-887a-4761-9e97-eb852fd8687e.webp?v=1754299170,منتج كريم إزالة الشعر 90 جرام (للبشرة العادية) من AlFouad Pharmacies. التصنيف المرجعي: العناية بالجسم — بسيط. الوسوم المرجعية: Body Care، Hair Removal.,https://alfouadpharmacies.com/en/products/one-hair-removing-90gm-cream-normal-skin,AlFouad Pharmacies,true,Verify usage rights before commercial publication,false,false,false,false,HOLD — REFERENCE ONLY
10569723478319,man-look-foot-powder-mentol-50gm,مسحوق قدمات للرجال المنثول من مان لوك 50 جم,man look,العناية بالجسم,العناية بالجسم,بسيط,111266,50,,false,https://cdn.shopify.com/s/files/1/0935/9550/0847/files/Man-Look-Foot-Powder-Mentol-50gm.webp?v=1754299171,منتج مسحوق قدمات للرجال المنثول من مان لوك 50 جم من man look. التصنيف المرجعي: العناية بالجسم — بسيط. الوسوم المرجعية: Body Care، Men Care.,https://alfouadpharmacies.com/en/products/man-look-foot-powder-mentol-50gm,AlFouad Pharmacies,true,Verify usage rights before commercial publication,false,false,false,false,HOLD — REFERENCE ONLY
10569723445551,starville-whitening-stick-light-pink-60gm,قلم تفتيح ستار فيل، وردي فاتح، 60 غرام,parkville,العناية بالجسم,العناية بالجسم,بسيط,89072,350,,true,https://cdn.shopify.com/s/files/1/0935/9550/0847/files/Starville-Whitening-Stick-Light-Pink-60gm.webp?v=1754299171,منتج قلم تفتيح ستار فيل، وردي فاتح، 60 غرام من parkville. التصنيف المرجعي: العناية بالجسم — بسيط. الوسوم المرجعية: Body Care، Body Concerns، Deodrant، Even Skin Tone / Pigmentation، starville.,https://alfouadpharmacies.com/en/products/starville-whitening-stick-light-pink-60gm,AlFouad Pharmacies,true,Verify usage rights before commercial publication,false,false,false,false,HOLD — REFERENCE ONLY
10569722921263,starville-whitening-stick-lavender-grace-60gm,قلم تبييض ستار فيل، رائحة الخزامى، 60 غرام,parkville,العناية بالجسم,العناية بالجسم,بسيط,94100,350,,true,https://cdn.shopify.com/s/files/1/0935/9550/0847/files/Starville-Whitening-Stick-Lavender-Grace-60gm.webp?v=1754299179,منتج قلم تبييض ستار فيل، رائحة الخزامى، 60 غرام من parkville. التصنيف المرجعي: العناية بالجسم — بسيط. الوسوم المرجعية: Body Care، Body Concerns، Deodrant، Even Skin Tone / Pigmentation، starville.,https://alfouadpharmacies.com/en/products/starville-whitening-stick-lavender-grace-60gm,AlFouad Pharmacies,true,Verify usage rights before commercial publication,false,false,false,false,HOLD — REFERENCE ONLY
10569722167599,eva-shower-cream-passion-250ml,كريم استحمام إيفا، رائحة العاطفة، 250 مل,AlFouad Pharmacies,العناية بالجسم,العناية بالجسم,بسيط,110952,100,,true,https://cdn.shopify.com/s/files/1/0935/9550/0847/files/Eva-Shower-Cream-Passion-250ml.webp?v=1754299189,منتج كريم استحمام إيفا، رائحة العاطفة، 250 مل من AlFouad Pharmacies. التصنيف المرجعي: العناية بالجسم — بسيط. الوسوم المرجعية: Body Care، Body Concerns، Body Wash، Dry Skin body concerns.,https://alfouadpharmacies.com/en/products/eva-shower-cream-passion-250ml,AlFouad Pharmacies,true,Verify usage rights before commercial publication,false,false,false,false,HOLD — REFERENCE ONLY
10569722003759,eva-senses-body-mist-240ml-musky-jasmine,بخاخ الجسم إيفا سينسز 240 مل، زهر الياسمين العطري,AlFouad Pharmacies,العناية بالجسم,العناية بالجسم,بسيط,8700,220,,true,https://cdn.shopify.com/s/files/1/0935/9550/0847/files/Eva-Senses-Body-Mist-240ml-Musky-Jasmine.webp?v=1754299191,منتج بخاخ الجسم إيفا سينسز 240 مل، زهر الياسمين العطري من AlFouad Pharmacies. التصنيف المرجعي: العناية بالجسم — بسيط. الوسوم المرجعية: Body Care، Body Mist.,https://alfouadpharmacies.com/en/products/eva-senses-body-mist-240ml-musky-jasmine,AlFouad Pharmacies,true,Verify usage rights before commercial publication,false,false,false,false,HOLD — REFERENCE ONLY
10569721676079,azha-deodrant-roll-on-blue-60ml-11-off,دواء أزها مزيل العرق بالكرة الزرقاء 60 مل، عرض 1+1,AlFouad Pharmacies,العناية بالجسم,العناية بالجسم,بسيط,9496,349,,true,https://cdn.shopify.com/s/files/1/0935/9550/0847/files/Azha-Deodrant-Roll-On-Blue-60ml-11-Off.webp?v=1754299199,منتج دواء أزها مزيل العرق بالكرة الزرقاء 60 مل، عرض 1+1 من AlFouad Pharmacies. التصنيف المرجعي: العناية بالجسم — بسيط. الوسوم المرجعية: Body Care، Body Concerns، Body Offers، Deodrant، Even Skin Tone / Pigmentation.,https://alfouadpharmacies.com/en/products/azha-deodrant-roll-on-blue-60ml-11-off,AlFouad Pharmacies,true,Verify usage rights before commercial publication,false,false,false,false,HOLD — REFERENCE ONLY
10569720758575,starville-roll-on-60ml-whitening-orient-pearl,ستارفيل رول أون مزيل عرق 60 مل لتفتيح البشرة (لؤلؤة الشرق),parkville,العناية بالجسم,العناية بالجسم,بسيط,93009,150,,true,https://cdn.shopify.com/s/files/1/0935/9550/0847/files/Starville-Roll-On-60ml-Whitening-Orient-Pearl.webp?v=1754299214,منتج ستارفيل رول أون مزيل عرق 60 مل لتفتيح البشرة (لؤلؤة الشرق) من parkville. التصنيف المرجعي: العناية بالجسم — بسيط. الوسوم المرجعية: Body Care، Body Concerns، Deodrant، Even Skin Tone / Pigmentation، starville.,https://alfouadpharmacies.com/en/products/starville-roll-on-60ml-whitening-orient-pearl,AlFouad Pharmacies,true,Verify usage rights before commercial publication,false,false,false,false,HOLD — REFERENCE ONLY
16188458336559,vacation-watermelon-body-scrub-150ml,VACATION WATERMELON BODY SCRUB 150ML,vacation,العناية بالجسم,العناية بالجسم,Body Care cream,117944,275,,true,https://cdn.shopify.com/s/files/1/0935/9550/0847/files/sugar.webp?v=1790516377,منتج VACATION WATERMELON BODY SCRUB 150ML من vacation. التصنيف المرجعي: العناية بالجسم — Body Care cream. الحجم المذكور: 150 ML. الوسوم المرجعية: Body Care.,https://alfouadpharmacies.com/en/products/vacation-watermelon-body-scrub-150ml,AlFouad Pharmacies,true,Verify usage rights before commercial publication,false,false,false,false,HOLD — REFERENCE ONLY
16160788185391,mood-sugar-rush-body-lotion-200-ml,Mood Sugar Rush Body Lotion 200 ml,MOOD,العناية بالجسم,العناية بالجسم,Body Lotion,114261,145,,true,https://cdn.shopify.com/s/files/1/0935/9550/0847/files/sugar_rush_body_lotion_1615.webp?v=1788870655,منتج Mood Sugar Rush Body Lotion 200 ml من MOOD. التصنيف المرجعي: العناية بالجسم — Body Lotion. الحجم المذكور: 200 ml. الوسوم المرجعية: Body Care.,https://alfouadpharmacies.com/en/products/mood-sugar-rush-body-lotion-200-ml,AlFouad Pharmacies,true,Verify usage rights before commercial publication,false,false,false,false,HOLD — REFERENCE ONLY
16137946890543,سيروم-الجسم-إيفا-سينسز-سامر-تويست-150-مل,سيروم الجسم إيفا سينسز سامر تويست 150 مل,Eva Senses,العناية بالجسم,العناية بالجسم,سيروم الجسم ,115845,170,,true,https://cdn.shopify.com/s/files/1/0935/9550/0847/files/eva_senses_summer_twist_body_serum_1615x1615_ffe4440d-7550-45f9-b0f4-203419ed0e51.webp?v=1787480945,منتج سيروم الجسم إيفا سينسز سامر تويست 150 مل من Eva Senses. التصنيف المرجعي: العناية بالجسم — سيروم الجسم . الوسوم المرجعية: Body Care، Body Concerns، Body Serum.,https://alfouadpharmacies.com/en/products/سيروم-الجسم-إيفا-سينسز-سامر-تويست-150-مل,AlFouad Pharmacies,true,Verify usage rights before commercial publication,false,false,false,false,HOLD — REFERENCE ONLY
16137942073647,سيروم-الجسم-إيفا-سينسز-سبرينج-ليليز-150-مل,سيروم الجسم إيفا سينسز سبرينج ليليز 150 مل,Eva Senses,العناية بالجسم,العناية بالجسم,سيروم الجسم,115846,170,,true,https://cdn.shopify.com/s/files/1/0935/9550/0847/files/eva_senses_spring_lilies_body_serum_1615x1615_99abc741-3c0d-41dc-a883-b0183601d409.webp?v=1787480197,منتج سيروم الجسم إيفا سينسز سبرينج ليليز 150 مل من Eva Senses. التصنيف المرجعي: العناية بالجسم — سيروم الجسم. الوسوم المرجعية: Body Care، Body Concerns، Body Serum.,https://alfouadpharmacies.com/en/products/سيروم-الجسم-إيفا-سينسز-سبرينج-ليليز-150-مل,AlFouad Pharmacies,true,Verify usage rights before commercial publication,false,false,false,false,HOLD — REFERENCE ONLY
16137927328047,سيروم-الجسم-إيفا-سينسز-مورنينج-بلوسوم-150-مل,سيروم الجسم إيفا سينسز مورنينج بلوسوم 150 مل,Eva Senses,العناية بالجسم,العناية بالجسم,سيروم الجسم,115847,170,,true,https://cdn.shopify.com/s/files/1/0935/9550/0847/files/eva_senses_morning_blossom_body_serum_1615x1615_382fc8cd-3d16-4a28-9a69-a9be156e3f5c.webp?v=1787477673,منتج سيروم الجسم إيفا سينسز مورنينج بلوسوم 150 مل من Eva Senses. التصنيف المرجعي: العناية بالجسم — سيروم الجسم. الوسوم المرجعية: Body Care، Body Concerns، Body Serum.,https://alfouadpharmacies.com/en/products/سيروم-الجسم-إيفا-سينسز-مورنينج-بلوسوم-150-مل,AlFouad Pharmacies,true,Verify usage rights before commercial publication,false,false,false,false,HOLD — REFERENCE ONLY
16137884762415,eva-senses-body-serum-cozy-dream-150-ml,Eva Senses Body Serum Cozy Dream 150 Ml,Eva Senses,العناية بالجسم,العناية بالجسم,Body Serum,115848,170,,true,https://cdn.shopify.com/s/files/1/0935/9550/0847/files/eva_senses_cozy_dream_body_serum_1615x1615_acd16b67-d7cd-4ef1-a33b-9a9c0170b91c.webp?v=1787476226,منتج Eva Senses Body Serum Cozy Dream 150 Ml من Eva Senses. التصنيف المرجعي: العناية بالجسم — Body Serum. الحجم المذكور: 150 Ml. الوسوم المرجعية: Body Care، Body Serum.,https://alfouadpharmacies.com/en/products/eva-senses-body-serum-cozy-dream-150-ml,AlFouad Pharmacies,true,Verify usage rights before commercial publication,false,false,false,false,HOLD — REFERENCE ONLY
16134287491375,لوشن-جسم-جست-ايه-جيرل-رويالتي-أورا-باليوريا-والساليسيليك-أسيد-250-مل,لوشن جسم جست ايه جيرل رويالتي أورا باليوريا والساليسيليك أسيد 250 مل,Just A Girl,العناية بالجسم,العناية بالجسم,لوشن جسم,117594,450,,true,https://cdn.shopify.com/s/files/1/0935/9550/0847/files/just_a_girl_body_lotion_royalty_aura_front_250ml_1615x1615_1d848e9f-c56d-4388-b40c-ddc2603c232e.webp?v=1787472821,منتج لوشن جسم جست ايه جيرل رويالتي أورا باليوريا والساليسيليك أسيد 250 مل من Just A Girl. التصنيف المرجعي: العناية بالجسم — لوشن جسم. الوسوم المرجعية: Body Lotion.,https://alfouadpharmacies.com/en/products/لوشن-جسم-جست-ايه-جيرل-رويالتي-أورا-باليوريا-والساليسيليك-أسيد-250-مل,AlFouad Pharmacies,true,Verify usage rights before commercial publication,false,false,false,false,HOLD — REFERENCE ONLY
16134258917679,لوشن-جسم-جست-ايه-جيرل-بينكي-بيل-باليوريا-والساليسيليك-أسيد-250-مل,لوشن جسم جست ايه جيرل بينكي بيل باليوريا والساليسيليك أسيد 250 مل,Just A Girl,العناية بالجسم,العناية بالجسم,لوشن جسم,117596,450,,true,https://cdn.shopify.com/s/files/1/0935/9550/0847/files/just_a_girl_body_lotion_pinky_pearl_1615x1615_1411dcbb-9ecb-4a28-979b-da4205974cfc.webp?v=1787208007,منتج لوشن جسم جست ايه جيرل بينكي بيل باليوريا والساليسيليك أسيد 250 مل من Just A Girl. التصنيف المرجعي: العناية بالجسم — لوشن جسم. الوسوم المرجعية: Body Lotion.,https://alfouadpharmacies.com/en/products/لوشن-جسم-جست-ايه-جيرل-بينكي-بيل-باليوريا-والساليسيليك-أسيد-250-مل,AlFouad Pharmacies,true,Verify usage rights before commercial publication,false,false,false,false,HOLD — REFERENCE ONLY
16134237356335,لوشن-جسم-جست-ايه-جيرل-ميرميد-بريز-باليوريا-والساليسيليك-أسيد-250-مل,لوشن جسم جست ايه جيرل ميرميد بريز باليوريا والساليسيليك أسيد 250 مل,Just A Girl,العناية بالجسم,العناية بالجسم,لوشن جسم ,117595,450,,true,https://cdn.shopify.com/s/files/1/0935/9550/0847/files/just_a_girl_body_lotion_mermaid_breeze_1615x1615_4a188ccf-6c90-4ec7-be87-43824c74face.webp?v=1787205929,منتج لوشن جسم جست ايه جيرل ميرميد بريز باليوريا والساليسيليك أسيد 250 مل من Just A Girl. التصنيف المرجعي: العناية بالجسم — لوشن جسم . الوسوم المرجعية: Body Lotion، urea.,https://alfouadpharmacies.com/en/products/لوشن-جسم-جست-ايه-جيرل-ميرميد-بريز-باليوريا-والساليسيليك-أسيد-250-مل,AlFouad Pharmacies,true,Verify usage rights before commercial publication,false,false,false,false,HOLD — REFERENCE ONLY
16107350688047,كريم-سترالاين-المرطب-200مل,كريم سترالاين المرطب 200مل,HAYAH,العناية بالجسم,العناية بالجسم,كريم  المرطب,109249,326,,true,https://cdn.shopify.com/s/files/1/0935/9550/0847/files/Hayah_laboratories_03-09-20261230.webp?v=1785588365,منتج كريم سترالاين المرطب 200مل من HAYAH. التصنيف المرجعي: العناية بالجسم — كريم  المرطب. الوسوم المرجعية: Body Care، Body Cream، Creams.,https://alfouadpharmacies.com/en/products/كريم-سترالاين-المرطب-200مل,AlFouad Pharmacies,true,Verify usage rights before commercial publication,false,false,false,false,HOLD — REFERENCE ONLY
16107313332527,كريم-ميلاتكس-لتفتيح-الجسم-200-مل,كريم ميلاتكس لتفتيح الجسم 200 مل,HAYAH,العناية بالجسم,العناية بالجسم,تفتيح ,112014,317,,true,https://cdn.shopify.com/s/files/1/0935/9550/0847/files/Hayah_laboratories_03-09-20261254.webp?v=1785578228,منتج كريم ميلاتكس لتفتيح الجسم 200 مل من HAYAH. التصنيف المرجعي: العناية بالجسم — تفتيح . الوسوم المرجعية: Body Care، Body Cream، Body Lotion، Body Milk، Whitening، Whitining Cream.,https://alfouadpharmacies.com/en/products/كريم-ميلاتكس-لتفتيح-الجسم-200-مل,AlFouad Pharmacies,true,Verify usage rights before commercial publication,false,false,false,false,HOLD — REFERENCE ONLY
16054521757999,skinify-beautify-multi-oils-dry-oil-100-ml,SKINIFY BEAUTIFY MULTI-OILS DRY OIL 100 ML,SKINIFY,العناية بالجسم,العناية بالجسم,Body Oil,117074,650,,true,https://cdn.shopify.com/s/files/1/0935/9550/0847/files/skinify_multi_oils_dry_oil_1615.webp?v=1783865297,منتج SKINIFY BEAUTIFY MULTI-OILS DRY OIL 100 ML من SKINIFY. التصنيف المرجعي: العناية بالجسم — Body Oil. الحجم المذكور: 100 ML. الوسوم المرجعية: Body Care، Body Oil.,https://alfouadpharmacies.com/en/products/skinify-beautify-multi-oils-dry-oil-100-ml,AlFouad Pharmacies,true,Verify usage rights before commercial publication,false,false,false,false,HOLD — REFERENCE ONLY
16054515204399,skinify-beautify-rosehip-seed-face-body-oil-100-ml,SKINIFY BEAUTIFY ROSEHIP SEED FACE & BODY OIL 100 ML,SKINIFY,العناية بالجسم,العناية بالجسم,Body Oil,117075,650,,true,https://cdn.shopify.com/s/files/1/0935/9550/0847/files/skinify_rosehip_seed_oil_1615.webp?v=1783865297,منتج SKINIFY BEAUTIFY ROSEHIP SEED FACE & BODY OIL 100 ML من SKINIFY. التصنيف المرجعي: العناية بالجسم — Body Oil. الحجم المذكور: 100 ML. الوسوم المرجعية: Body Care، Body Oil.,https://alfouadpharmacies.com/en/products/skinify-beautify-rosehip-seed-face-body-oil-100-ml,AlFouad Pharmacies,true,Verify usage rights before commercial publication,false,false,false,false,HOLD — REFERENCE ONLY
16054499606831,eva-senses-body-shimmer-mist-150ml-arabian-night,EVA SENSES BODY SHIMMER MIST 150ML ARABIAN NIGHT,Eva Senses,العناية بالجسم,العناية بالجسم,Body Mist,114193,200,,true,https://cdn.shopify.com/s/files/1/0935/9550/0847/files/61DWuB7QUhL._AC_SY879.webp?v=1783923831,منتج EVA SENSES BODY SHIMMER MIST 150ML ARABIAN NIGHT من Eva Senses. التصنيف المرجعي: العناية بالجسم — Body Mist. الحجم المذكور: 150 ML. الوسوم المرجعية: Body Mist.,https://alfouadpharmacies.com/en/products/eva-senses-body-shimmer-mist-150ml-arabian-night,AlFouad Pharmacies,true,Verify usage rights before commercial publication,false,false,false,false,HOLD — REFERENCE ONLY
12689667260719,nivea-soft-moisturizing-craem-100ml,نيفيا كريم مرطب سوفت 100 مل,AlFouad Pharmacies,العناية بالجسم,العناية بالجسم,بسيط,82593,80,,true,https://cdn.shopify.com/s/files/1/0935/9550/0847/files/Nivea_Soft_Cream_Jojoba_100ml_PureWhite_1615x1615_96bad9ee-64d4-4b66-824f-a86c77f1d2d0.webp?v=1772283478,منتج نيفيا كريم مرطب سوفت 100 مل من AlFouad Pharmacies. التصنيف المرجعي: العناية بالجسم — بسيط. الوسوم المرجعية: Body Care، Body Concerns، Dry Skin body concerns، Moisturizer Cream، Moisturizers، Skin Care.,https://alfouadpharmacies.com/en/products/nivea-soft-moisturizing-craem-100ml,AlFouad Pharmacies,true,Verify usage rights before commercial publication,false,false,false,false,HOLD — REFERENCE ONLY
12689577443631,eva-collagen-body-firming-gel-225,جل إيفا كولاجين لشد الجسم 225 ,AlFouad Pharmacies,العناية بالجسم,العناية بالجسم,,20213,125,,false,https://cdn.shopify.com/s/files/1/0935/9550/0847/files/31gLCNxoLuL.webp?v=1771846663,منتج جل إيفا كولاجين لشد الجسم 225  من AlFouad Pharmacies. التصنيف المرجعي: العناية بالجسم. الوسوم المرجعية: Body Care، Body Concerns.,https://alfouadpharmacies.com/en/products/eva-collagen-body-firming-gel-225,AlFouad Pharmacies,true,Verify usage rights before commercial publication,false,false,false,false,HOLD — REFERENCE ONLY
12689577247023,eva-collagen-3d-body-lotion-24hr-200ml,لوشن إيفا كولاجين ثلاثي الأبعاد للجسم، يدوم 24 ساعة، 200 مل ,AlFouad Pharmacies,العناية بالجسم,العناية بالجسم,,84347,85,,false,https://cdn.shopify.com/s/files/1/0935/9550/0847/files/31uhgZZ7zZS._AC_UF894_1000_QL80.webp?v=1771846773,منتج لوشن إيفا كولاجين ثلاثي الأبعاد للجسم، يدوم 24 ساعة، 200 مل  من AlFouad Pharmacies. التصنيف المرجعي: العناية بالجسم. الوسوم المرجعية: Body Care، Body Concerns.,https://alfouadpharmacies.com/en/products/eva-collagen-3d-body-lotion-24hr-200ml,AlFouad Pharmacies,true,Verify usage rights before commercial publication,false,false,false,false,HOLD — REFERENCE ONLY
12689552113967,dear-roll-on-luxury-oud-60ml-1-1-offer,عرض خاص: عطر دير رول أون فاخر بالعود 60 مل، اشترِ واحد واحصل على الثاني مجاناً! ,DEAR offer,العناية بالجسم,العناية بالجسم,,113458,300,,true,https://cdn.shopify.com/s/files/1/0935/9550/0847/files/Dear_Luxury_Oud_RollOn_Duo_ECOM.webp?v=1771924662,منتج عرض خاص: عطر دير رول أون فاخر بالعود 60 مل، اشترِ واحد واحصل على الثاني مجاناً!  من DEAR offer. التصنيف المرجعي: العناية بالجسم. الوسوم المرجعية: Body Care، Deodrant، Roll-on.,https://alfouadpharmacies.com/en/products/dear-roll-on-luxury-oud-60ml-1-1-offer,AlFouad Pharmacies,true,Verify usage rights before commercial publication,false,false,false,false,HOLD — REFERENCE ONLY
12689540251951,vaseline-body-gel-oil-sensitive-skin-relief-200ml,فازلين جل زيتي للجسم، مُلطف للبشرة الحساسة، 200 مل,Vaseline,العناية بالجسم,العناية بالجسم,,26196,510,,false,https://cdn.shopify.com/s/files/1/0935/9550/0847/files/Vaseline_Sensitive_SkinRelief_GelOil_V2_PureWhite_1615x1615_4c50de4c-b44c-45a6-b2fe-ff78e13fbbcb.webp?v=1772218521,منتج فازلين جل زيتي للجسم، مُلطف للبشرة الحساسة، 200 مل من Vaseline. التصنيف المرجعي: العناية بالجسم. الوسوم المرجعية: Body Care، Body Oil، Dry Skin.,https://alfouadpharmacies.com/en/products/vaseline-body-gel-oil-sensitive-skin-relief-200ml,AlFouad Pharmacies,true,Verify usage rights before commercial publication,false,false,false,false,HOLD — REFERENCE ONLY
12689540219183,vaseline-body-gel-oil-essential-even-tone-200ml,فازلين جل للجسم بزيت عطري لتوحيد لون البشرة 200 مل,Vaseline,العناية بالجسم,العناية بالجسم,,31824,510,,false,https://cdn.shopify.com/s/files/1/0935/9550/0847/files/Vaseline_VitaminB3_BodyOil_200ml_PureWhite_1615x1615_1.webp?v=1772218764,منتج فازلين جل للجسم بزيت عطري لتوحيد لون البشرة 200 مل من Vaseline. التصنيف المرجعي: العناية بالجسم. الوسوم المرجعية: Body Care، Body Oil، Dry Skin.,https://alfouadpharmacies.com/en/products/vaseline-body-gel-oil-essential-even-tone-200ml,AlFouad Pharmacies,true,Verify usage rights before commercial publication,false,false,false,false,HOLD — REFERENCE ONLY
12689540088111,vaseline-body-gel-oil-advanced-repair-200ml,فازلين جل زيت للجسم، إصلاح متطور، 200 مل,Vaseline,العناية بالجسم,العناية بالجسم,,32018,510,,false,https://cdn.shopify.com/s/files/1/0935/9550/0847/files/Vaseline_AdvancedRepair_GelOil_V2_PureWhite_1615x1615_b8146867-5446-4277-a929-a814d4fb4486.webp?v=1772219093,منتج فازلين جل زيت للجسم، إصلاح متطور، 200 مل من Vaseline. التصنيف المرجعي: العناية بالجسم. الوسوم المرجعية: Body Care، Body Oil، Dry Skin، Dryness.,https://alfouadpharmacies.com/en/products/vaseline-body-gel-oil-advanced-repair-200ml,AlFouad Pharmacies,true,Verify usage rights before commercial publication,false,false,false,false,HOLD — REFERENCE ONLY
12689441161519,normelan-sensitive-extra-lightening-lotion-30ml,لوشن نورميلان للبشرة الحساسة لتفتيح إضافي 30 مل,AlFouad Pharmacies,العناية بالجسم,العناية بالجسم,,115377,380,,false,https://cdn.shopify.com/s/files/1/0935/9550/0847/files/Normelan_Sensitive_Lotion_30ml_PureWhite_1615x1615_5355f77a-db0b-4152-83f0-a62c27665ab3.webp?v=1772284173,منتج لوشن نورميلان للبشرة الحساسة لتفتيح إضافي 30 مل من AlFouad Pharmacies. التصنيف المرجعي: العناية بالجسم. الوسوم المرجعية: Body Lotion، Even Skin Tone / Pigmentation، Sensetive Skin.,https://alfouadpharmacies.com/en/products/normelan-sensitive-extra-lightening-lotion-30ml,AlFouad Pharmacies,true,Verify usage rights before commercial publication,false,false,false,false,HOLD — REFERENCE ONLY
10589392404783,alejon-midnight-roll-on-50ml,أليخون ميدنايت رول أون 50 مل,ALEJON,العناية بالجسم,العناية بالجسم,,20811,200,,true,https://cdn.shopify.com/s/files/1/0935/9550/0847/files/Alejon-Deodorant-Roll-On-Midnight_11zon.webp?v=1790502615,منتج أليخون ميدنايت رول أون 50 مل من ALEJON. التصنيف المرجعي: العناية بالجسم. الوسوم المرجعية: Body Care، Roll-on.,https://alfouadpharmacies.com/en/products/alejon-midnight-roll-on-50ml,AlFouad Pharmacies,true,Verify usage rights before commercial publication,false,false,false,false,HOLD — REFERENCE ONLY
10572106498351,rexona-roll-on-50ml-bamboampaloe-fw,ريكسونا رول أون 50 مل، البامبو والألوفيرا، للنساء.,REXONA,العناية بالجسم,العناية بالجسم,بسيط,573,92,,true,https://cdn.shopify.com/s/files/1/0935/9550/0847/files/Rexona-Roll-_E2_80_93-on-50-ml-BamboAloe-FW.webp?v=1754296971,منتج ريكسونا رول أون 50 مل، البامبو والألوفيرا، للنساء. من REXONA. التصنيف المرجعي: العناية بالجسم — بسيط. الوسوم المرجعية: Body Care، Deodrant، Roll-on.,https://alfouadpharmacies.com/en/products/rexona-roll-on-50ml-bamboampaloe-fw,AlFouad Pharmacies,true,Verify usage rights before commercial publication,false,false,false,false,HOLD — REFERENCE ONLY
10570013770031,raw-african-white-musk-body-lotion-200g,لوشن الجسم بالمسك الأبيض الأفريقي الخام 200 جرام,RAW AFRICAN,العناية بالجسم,العناية بالجسم,بسيط,103004,200,,false,https://cdn.shopify.com/s/files/1/0935/9550/0847/files/Raw-African-White-Musk-Body-Lotion-200G.webp?v=1754297027,منتج لوشن الجسم بالمسك الأبيض الأفريقي الخام 200 جرام من RAW AFRICAN. التصنيف المرجعي: العناية بالجسم — بسيط. الوسوم المرجعية: Body Care، Body Lotion.,https://alfouadpharmacies.com/en/products/raw-african-white-musk-body-lotion-200g,AlFouad Pharmacies,true,Verify usage rights before commercial publication,false,false,false,false,HOLD — REFERENCE ONLY
10570013344047,raw-african-arabian-oud-body-lotion-200g,لوشن الجسم العود العربي الأفريقي الخام 200 جرام,RAW AFRICAN,العناية بالجسم,العناية بالجسم,بسيط,108496,200,,false,https://cdn.shopify.com/s/files/1/0935/9550/0847/files/Raw-African-Arabian-Oud-Body-Lotion-200G.webp?v=1754297034,منتج لوشن الجسم العود العربي الأفريقي الخام 200 جرام من RAW AFRICAN. التصنيف المرجعي: العناية بالجسم — بسيط. الوسوم المرجعية: Body Care، Body Lotion.,https://alfouadpharmacies.com/en/products/raw-african-arabian-oud-body-lotion-200g,AlFouad Pharmacies,true,Verify usage rights before commercial publication,false,false,false,false,HOLD — REFERENCE ONLY
10570013278511,raw-african-pinacolada-body-lotion-200g,لوشن الجسم بنكهة بيناكولادا أفريقي خام 200 جرام,RAW AFRICAN,العناية بالجسم,العناية بالجسم,بسيط,21566,200,,false,https://cdn.shopify.com/s/files/1/0935/9550/0847/files/Raw-African-Pinacolada-Body-Lotion-200G.webp?v=1754297035,منتج لوشن الجسم بنكهة بيناكولادا أفريقي خام 200 جرام من RAW AFRICAN. التصنيف المرجعي: العناية بالجسم — بسيط. الوسوم المرجعية: Body Care، Body Lotion.,https://alfouadpharmacies.com/en/products/raw-african-pinacolada-body-lotion-200g,AlFouad Pharmacies,true,Verify usage rights before commercial publication,false,false,false,false,HOLD — REFERENCE ONLY
10570013245743,raw-african-pina-colada-body-wash-500ml,غسول جسم ريوا أفريكان بينا كولادا 500 مل,RAW AFRICAN,العناية بالجسم,العناية بالجسم,بسيط,9926,105,,false,https://cdn.shopify.com/s/files/1/0935/9550/0847/files/Raw-African-Pina-Colada-Body-Wash-500ML.webp?v=1754297036,منتج غسول جسم ريوا أفريكان بينا كولادا 500 مل من RAW AFRICAN. التصنيف المرجعي: العناية بالجسم — بسيط. الوسوم المرجعية: Body Care، Body Wash.,https://alfouadpharmacies.com/en/products/raw-african-pina-colada-body-wash-500ml,AlFouad Pharmacies,true,Verify usage rights before commercial publication,false,false,false,false,HOLD — REFERENCE ONLY
10570013212975,raw-african-very-berry-body-lotion-200g,لوشن الجسم ريفر آفركان فيري بيري 200 جرام,RAW AFRICAN,العناية بالجسم,العناية بالجسم,بسيط,9263,200,,false,https://cdn.shopify.com/s/files/1/0935/9550/0847/files/Raw-African-Very-Berry-Body-Lotion-200G.webp?v=1754297036,منتج لوشن الجسم ريفر آفركان فيري بيري 200 جرام من RAW AFRICAN. التصنيف المرجعي: العناية بالجسم — بسيط. الوسوم المرجعية: Body Care، Body Lotion.,https://alfouadpharmacies.com/en/products/raw-african-very-berry-body-lotion-200g,AlFouad Pharmacies,true,Verify usage rights before commercial publication,false,false,false,false,HOLD — REFERENCE ONLY
10570012459311,sonata-88105,مقص مدبب سوناتا (88105),AlFouad Pharmacies,العناية بالجسم,العناية بالجسم,بسيط,107336,58,,false,https://cdn.shopify.com/s/files/1/0935/9550/0847/files/Sonata-88105_D9_85_D9_82_D8_B5-_D9_85_D8_AF_D8_A8_D8_A8.webp?v=1754297044,منتج مقص مدبب سوناتا (88105) من AlFouad Pharmacies. التصنيف المرجعي: العناية بالجسم — بسيط. الوسوم المرجعية: Accessories، Beauty & Accessories، Body Care، Hands & Feet، Nails، Scissors.,https://alfouadpharmacies.com/en/products/sonata-88105,AlFouad Pharmacies,true,Verify usage rights before commercial publication,false,false,false,false,HOLD — REFERENCE ONLY
10570012393775,sonata-88103,سوناتا (88103) - مقص رفيع,AlFouad Pharmacies,العناية بالجسم,العناية بالجسم,بسيط,85898,58,,false,https://cdn.shopify.com/s/files/1/0935/9550/0847/files/Sonata-88103-_D9_85_D9_81_D8_B5-_D8_B1_D9_81_D9_8A_D8_B9.webp?v=1754297045,منتج سوناتا (88103) - مقص رفيع من AlFouad Pharmacies. التصنيف المرجعي: العناية بالجسم — بسيط. الوسوم المرجعية: Accessories، Beauty & Accessories، Body Care، Hands & Feet، Nails، Scissors.,https://alfouadpharmacies.com/en/products/sonata-88103,AlFouad Pharmacies,true,Verify usage rights before commercial publication,false,false,false,false,HOLD — REFERENCE ONLY
10570012328239,sonata-88102,سوناتا (88102) - مقص عريض,AlFouad Pharmacies,العناية بالجسم,العناية بالجسم,بسيط,80225,58,,false,https://cdn.shopify.com/s/files/1/0935/9550/0847/files/Sonata-88102-_D9_85_D9_81_D8_B5-_D8_B9_D8_B1_D9_8A_D8_B6.webp?v=1754297045,منتج سوناتا (88102) - مقص عريض من AlFouad Pharmacies. التصنيف المرجعي: العناية بالجسم — بسيط. الوسوم المرجعية: Accessories، Beauty & Accessories، Body Care، Hands & Feet، Nails، Scissors.,https://alfouadpharmacies.com/en/products/sonata-88102,AlFouad Pharmacies,true,Verify usage rights before commercial publication,false,false,false,false,HOLD — REFERENCE ONLY
10570012229935,sonata-88266,سوناتا (88266) - صنفرة قدم خشبية ذات وجهين,AlFouad Pharmacies,العناية بالجسم,العناية بالجسم,بسيط,15644,220,,false,https://cdn.shopify.com/s/files/1/0935/9550/0847/files/Sonata-88266-_D8_B5_D9_86_D9_81_D8_B1_D9_87-_D9_82_D8_AF_D9_85-_D8_AE_D8_B4_D8_A8-_D9_88_D8_AC_D9_87_D8_A7_D9_86.webp?v=1754297046,منتج سوناتا (88266) - صنفرة قدم خشبية ذات وجهين من AlFouad Pharmacies. التصنيف المرجعي: العناية بالجسم — بسيط. الوسوم المرجعية: Accessories، Beauty & Accessories، Body Care، Files، Foot، Hands & Feet.,https://alfouadpharmacies.com/en/products/sonata-88266,AlFouad Pharmacies,true,Verify usage rights before commercial publication,false,false,false,false,HOLD — REFERENCE ONLY
10570012164399,sonata-88254-2,Sonata (88254) - طقم العناية بالقدم (موس + 2 مبرد),AlFouad Pharmacies,العناية بالجسم,العناية بالجسم,بسيط,89055,126,,false,https://cdn.shopify.com/s/files/1/0935/9550/0847/files/Sonata-88254-_D8_B7_D9_82_D9_85-_D8_B9_D9_86_D8_A7_D9_8A_D9_87-_D8_A8_D8_A7_D9_84_D9_82_D8_AF_D9_85_D9_85_D9_88_D8_B32_D9_85_D8_A8_D8_B1_D8_AF.webp?v=1754297047,منتج Sonata (88254) - طقم العناية بالقدم (موس + 2 مبرد) من AlFouad Pharmacies. التصنيف المرجعي: العناية بالجسم — بسيط. الوسوم المرجعية: Accessories، Beauty & Accessories، Body Care، Files، Foot، Hands & Feet.,https://alfouadpharmacies.com/en/products/sonata-88254-2,AlFouad Pharmacies,true,Verify usage rights before commercial publication,false,false,false,false,HOLD — REFERENCE ONLY
10570012098863,sonata-88307-61,سوناتا (88307) - مبرد 61,AlFouad Pharmacies,العناية بالجسم,العناية بالجسم,بسيط,8621,120,,true,https://cdn.shopify.com/s/files/1/0935/9550/0847/files/Sonata-88307-_D9_85_D8_A8_D8_B1_D8_AF-61.webp?v=1754297048,منتج سوناتا (88307) - مبرد 61 من AlFouad Pharmacies. التصنيف المرجعي: العناية بالجسم — بسيط. الوسوم المرجعية: Accessories، Beauty & Accessories، Body Care، Files، Hands & Feet، Nails.,https://alfouadpharmacies.com/en/products/sonata-88307-61,AlFouad Pharmacies,true,Verify usage rights before commercial publication,false,false,false,false,HOLD — REFERENCE ONLY
10570012066095,sonata-88306-2x1,سوناتا (88306) 2X1 شوكة إزالة الجلد,AlFouad Pharmacies,العناية بالجسم,العناية بالجسم,بسيط,107344,40,,false,https://cdn.shopify.com/s/files/1/0935/9550/0847/files/Sonata-88306-2X1-_D8_B4_D9_88_D9_83_D8_A9-_D9_86_D8_B2_D8_B9-_D8_AC_D9_84_D8_AF.webp?v=1754297048,منتج سوناتا (88306) 2X1 شوكة إزالة الجلد من AlFouad Pharmacies. التصنيف المرجعي: العناية بالجسم — بسيط. الوسوم المرجعية: Accessories، Beauty & Accessories، Body Care، Files، Hands & Feet، Nails.,https://alfouadpharmacies.com/en/products/sonata-88306-2x1,AlFouad Pharmacies,true,Verify usage rights before commercial publication,false,false,false,false,HOLD — REFERENCE ONLY
10570010231087,leylak-deod-whitening-rollon-50ml,ليلاك مزيل عرق لتفتيح البشرة، رول أون، 50 مل,AlFouad Pharmacies,العناية بالجسم,العناية بالجسم,بسيط,,259,,false,https://cdn.shopify.com/s/files/1/0935/9550/0847/files/leylak-whitening-deodorant-roll-on-50ml_1024x1024_960e9afc-f4f2-405c-a2d6-0e0fc641afec.webp?v=1754297070,منتج ليلاك مزيل عرق لتفتيح البشرة، رول أون، 50 مل من AlFouad Pharmacies. التصنيف المرجعي: العناية بالجسم — بسيط. الوسوم المرجعية: Body Care، Body Concerns، Deodrant، Even Skin Tone / Pigmentation، Roll-on، Sensetive Skin.,https://alfouadpharmacies.com/en/products/leylak-deod-whitening-rollon-50ml,AlFouad Pharmacies,true,Verify usage rights before commercial publication,false,false,false,false,HOLD — REFERENCE ONLY
10569999384879,gillette-fusion5-proglide-sensitive-8-blades,جليت فوشون 5 برو جلايد سنسيتيف (8 شفرات),AlFouad Pharmacies,العناية بالجسم,العناية بالجسم,بسيط,97415,1500,,false,https://cdn.shopify.com/s/files/1/0935/9550/0847/files/71MdVGBnPL.webp?v=1754297137,منتج جليت فوشون 5 برو جلايد سنسيتيف (8 شفرات) من AlFouad Pharmacies. التصنيف المرجعي: العناية بالجسم — بسيط. الوسوم المرجعية: Body Care، Hair Removal، Men Care، Razor Refills (Blades).,https://alfouadpharmacies.com/en/products/gillette-fusion5-proglide-sensitive-8-blades,AlFouad Pharmacies,true,Verify usage rights before commercial publication,false,false,false,false,HOLD — REFERENCE ONLY
10569997549871,gillete-venus5-deluxe-sensitive-1amp2,جيليت فينس ديلوكس سنسيتيف (1&amp;2),AlFouad Pharmacies,العناية بالجسم,العناية بالجسم,بسيط,4767,750,,false,https://cdn.shopify.com/s/files/1/0935/9550/0847/files/Gtt-VENUS.5-Deluxe-Sensitive-12-292.webp?v=1754297144,منتج جيليت فينس ديلوكس سنسيتيف (1&amp;2) من AlFouad Pharmacies. التصنيف المرجعي: العناية بالجسم — بسيط. الوسوم المرجعية: Body Care، Hair Removal، Razor Handel.,https://alfouadpharmacies.com/en/products/gillete-venus5-deluxe-sensitive-1amp2,AlFouad Pharmacies,true,Verify usage rights before commercial publication,false,false,false,false,HOLD — REFERENCE ONLY
10569996206383,gillete-venus3-smooth-4-blades,جيليت فينس 3 سموث (4 شفرات),AlFouad Pharmacies,العناية بالجسم,العناية بالجسم,بسيط,15000,510,,true,https://cdn.shopify.com/s/files/1/0935/9550/0847/files/httpsm_media-amazon_comimagesI61zyVU12dlL_jpg.webp?v=1754297148,منتج جيليت فينس 3 سموث (4 شفرات) من AlFouad Pharmacies. التصنيف المرجعي: العناية بالجسم — بسيط. الوسوم المرجعية: Body Care، Hair Removal، Razor Refills (Blades).,https://alfouadpharmacies.com/en/products/gillete-venus3-smooth-4-blades,AlFouad Pharmacies,true,Verify usage rights before commercial publication,false,false,false,false,HOLD — REFERENCE ONLY
10569995288879,gillete-mach3-6,جليت MACH.3 6 شفرات + حامل,AlFouad Pharmacies,العناية بالجسم,العناية بالجسم,بسيط,28486,439,,false,https://cdn.shopify.com/s/files/1/0935/9550/0847/files/Gtt-MACH.3-1134-6_D9_85_D9_88_D8_B3-_D9_8A_D8_AF.webp?v=1754297159,منتج جليت MACH.3 6 شفرات + حامل من AlFouad Pharmacies. التصنيف المرجعي: العناية بالجسم — بسيط. الوسوم المرجعية: Body Care، Hair Removal، Razor Handel، Razor Refills (Blades).,https://alfouadpharmacies.com/en/products/gillete-mach3-6,AlFouad Pharmacies,true,Verify usage rights before commercial publication,false,false,false,false,HOLD — REFERENCE ONLY
10569995223343,gillette-fusion5-2-blades,جيليت فوشون 5 (شفرة مزدوجة),AlFouad Pharmacies,العناية بالجسم,العناية بالجسم,بسيط,93619,412,,false,https://cdn.shopify.com/s/files/1/0935/9550/0847/files/Gtt-FUSION.5-2-Blades-478.webp?v=1754297160,منتج جيليت فوشون 5 (شفرة مزدوجة) من AlFouad Pharmacies. التصنيف المرجعي: العناية بالجسم — بسيط. الوسوم المرجعية: Body Care، Hair Removal، Razor Refills (Blades).,https://alfouadpharmacies.com/en/products/gillette-fusion5-2-blades,AlFouad Pharmacies,true,Verify usage rights before commercial publication,false,false,false,false,HOLD — REFERENCE ONLY
10569994961199,gtt-shaving-foam-200ml-deep-comfort-sensi,رغوة الحلاقة جي تي تي 200 مل، عناية عميقة للبشرة الحساسة,AlFouad Pharmacies,العناية بالجسم,العناية بالجسم,بسيط,17325,350,,false,https://cdn.shopify.com/s/files/1/0935/9550/0847/files/Gtt-Shaving-Foam-200ML-Deep-Comfort-Sensi-964.webp?v=1754297163,منتج رغوة الحلاقة جي تي تي 200 مل، عناية عميقة للبشرة الحساسة من AlFouad Pharmacies. التصنيف المرجعي: العناية بالجسم — بسيط. الوسوم المرجعية: Body Care، Hair Removal، Men Care، Shaving Foam.,https://alfouadpharmacies.com/en/products/gtt-shaving-foam-200ml-deep-comfort-sensi,AlFouad Pharmacies,true,Verify usage rights before commercial publication,false,false,false,false,HOLD — REFERENCE ONLY
10569994862895,gillete-fusion5-1-razor-amp-blade,جليت فوشون 5 (حلاقة واحدة وشفرة واحدة),AlFouad Pharmacies,العناية بالجسم,العناية بالجسم,بسيط,87696,337,,false,https://cdn.shopify.com/s/files/1/0935/9550/0847/files/Gtt-FUSION.5-1-Razor-Blade-041.webp?v=1754297165,منتج جليت فوشون 5 (حلاقة واحدة وشفرة واحدة) من AlFouad Pharmacies. التصنيف المرجعي: العناية بالجسم — بسيط. الوسوم المرجعية: Body Care، Hair Removal، Men Care، Razor Handel.,https://alfouadpharmacies.com/en/products/gillete-fusion5-1-razor-amp-blade,AlFouad Pharmacies,true,Verify usage rights before commercial publication,false,false,false,false,HOLD — REFERENCE ONLY
10569994731823,gillete-neck-razor-blades-3-blades,شفرات حلاقة جليت للرقبة (3 شفرات),AlFouad Pharmacies,العناية بالجسم,العناية بالجسم,بسيط,,312,,false,https://cdn.shopify.com/s/files/1/0935/9550/0847/files/Gtt-Neck-Razor-Blades-3-Blades-646.webp?v=1754297167,منتج شفرات حلاقة جليت للرقبة (3 شفرات) من AlFouad Pharmacies. التصنيف المرجعي: العناية بالجسم — بسيط. الوسوم المرجعية: Body Care، Hair Removal، Men Care، Razor Refills (Blades).,https://alfouadpharmacies.com/en/products/gillete-neck-razor-blades-3-blades,AlFouad Pharmacies,true,Verify usage rights before commercial publication,false,false,false,false,HOLD — REFERENCE ONLY
10569994633519,gillete-mach3-turbo-3d-2-blades,شفرات حلاقة جليت MACH.3 Turbo 3D (ذات شفرتين),AlFouad Pharmacies,العناية بالجسم,العناية بالجسم,بسيط,85858,310,,true,https://cdn.shopify.com/s/files/1/0935/9550/0847/files/Gtt-MACH.3-Turbo-3D-2-Blades-6032-_D8_A7_D9_85_D9_88_D8_A7_D8_B3.webp?v=1754297169,منتج شفرات حلاقة جليت MACH.3 Turbo 3D (ذات شفرتين) من AlFouad Pharmacies. التصنيف المرجعي: العناية بالجسم — بسيط. الوسوم المرجعية: Body Care، Hair Removal، Men Care، Razor Refills (Blades).,https://alfouadpharmacies.com/en/products/gillete-mach3-turbo-3d-2-blades,AlFouad Pharmacies,true,Verify usage rights before commercial publication,false,false,false,false,HOLD — REFERENCE ONLY
10569994076463,gtt-shaving-foam-200-ml-sensitive-skin,رغوة الحلاقة جي تي تي 200 مل للبشرة الحساسة,AlFouad Pharmacies,العناية بالجسم,العناية بالجسم,بسيط,94247,250,,false,https://cdn.shopify.com/s/files/1/0935/9550/0847/files/Gtt-Shaving-Foam-200-ml-Sensitive-Skin.webp?v=1754297177,منتج رغوة الحلاقة جي تي تي 200 مل للبشرة الحساسة من AlFouad Pharmacies. التصنيف المرجعي: العناية بالجسم — بسيط. الوسوم المرجعية: Body Care، Hair Removal، Shaving Foam.,https://alfouadpharmacies.com/en/products/gtt-shaving-foam-200-ml-sensitive-skin,AlFouad Pharmacies,true,Verify usage rights before commercial publication,false,false,false,false,HOLD — REFERENCE ONLY
10569993781551,gtt-blue3-comfort-6-pcs,جي تي تي بلو.3 كومفورت (6 قطع),AlFouad Pharmacies,العناية بالجسم,العناية بالجسم,بسيط,80183,281,,true,https://cdn.shopify.com/s/files/1/0935/9550/0847/files/Gtt-BLUE.3-Comfort-6-Pcs-9831.webp?v=1754297182,منتج جي تي تي بلو.3 كومفورت (6 قطع) من AlFouad Pharmacies. التصنيف المرجعي: العناية بالجسم — بسيط. الوسوم المرجعية: Body Care، Hair Removal، Razor Handel.,https://alfouadpharmacies.com/en/products/gtt-blue3-comfort-6-pcs,AlFouad Pharmacies,true,Verify usage rights before commercial publication,false,false,false,false,HOLD — REFERENCE ONLY
10569993716015,gtt-blue2-plus-104-pcs,جي تي تي بلو.2 بلس (10+4 قطع),AlFouad Pharmacies,العناية بالجسم,العناية بالجسم,بسيط,33539,227,,true,https://cdn.shopify.com/s/files/1/0935/9550/0847/files/Gtt-BLUE.2-Plus-104-Pcs-979.webp?v=1754297183,منتج جي تي تي بلو.2 بلس (10+4 قطع) من AlFouad Pharmacies. التصنيف المرجعي: العناية بالجسم — بسيط. الوسوم المرجعية: Body Care، Hair Removal، Razor Handel.,https://alfouadpharmacies.com/en/products/gtt-blue2-plus-104-pcs,AlFouad Pharmacies,true,Verify usage rights before commercial publication,false,false,false,false,HOLD — REFERENCE ONLY
10569993617711,gtt-venus3-sensitive-smooth1razorampblade,Gtt VENUS.3 Sensitive SMOOTH (مُحزّز حلاقة + شفرة),AlFouad Pharmacies,العناية بالجسم,العناية بالجسم,بسيط,93066,231,,false,https://cdn.shopify.com/s/files/1/0935/9550/0847/files/Gtt-VENUS.3-Sensitive-SMOOTH1RAZORBLADE908.webp?v=1754297185,منتج Gtt VENUS.3 Sensitive SMOOTH (مُحزّز حلاقة + شفرة) من AlFouad Pharmacies. التصنيف المرجعي: العناية بالجسم — بسيط. الوسوم المرجعية: Body Care، Hair Removal، Razor Handel.,https://alfouadpharmacies.com/en/products/gtt-venus3-sensitive-smooth1razorampblade,AlFouad Pharmacies,true,Verify usage rights before commercial publication,false,false,false,false,HOLD — REFERENCE ONLY
10569993552175,gtt-blue2-102-pcs,جي تي تي بلو.2 (10+2 قطعة),AlFouad Pharmacies,العناية بالجسم,العناية بالجسم,بسيط,106856,227,,true,https://cdn.shopify.com/s/files/1/0935/9550/0847/files/Gtt-BLUE.2-102-Pcs-5076.webp?v=1754297186,منتج جي تي تي بلو.2 (10+2 قطعة) من AlFouad Pharmacies. التصنيف المرجعي: العناية بالجسم — بسيط. الوسوم المرجعية: Body Care، Hair Removal، Razor Handel.,https://alfouadpharmacies.com/en/products/gtt-blue2-102-pcs,AlFouad Pharmacies,true,Verify usage rights before commercial publication,false,false,false,false,HOLD — REFERENCE ONLY
10569993486639,gtt-blue2-plus-10pcs,قطرات Gtt BLUE.2 Plus، 10 قطع,AlFouad Pharmacies,العناية بالجسم,العناية بالجسم,بسيط,9178,200,,false,https://cdn.shopify.com/s/files/1/0935/9550/0847/files/Gtt-BLUE.2-Plus-10PCS-447.webp?v=1754297187,منتج قطرات Gtt BLUE.2 Plus، 10 قطع من AlFouad Pharmacies. التصنيف المرجعي: العناية بالجسم — بسيط. الوسوم المرجعية: Body Care، Hair Removal، Razor Handel.,https://alfouadpharmacies.com/en/products/gtt-blue2-plus-10pcs,AlFouad Pharmacies,true,Verify usage rights before commercial publication,false,false,false,false,HOLD — REFERENCE ONLY
10569993158959,gtt-blue3-simple-4-pcs,جي تي تي بلو.3 بسيط (4 قطع),AlFouad Pharmacies,العناية بالجسم,العناية بالجسم,بسيط,110901,210,,true,https://cdn.shopify.com/s/files/1/0935/9550/0847/files/Gtt-BLUE.3-Simple-4-Pcs-646.webp?v=1754297193,منتج جي تي تي بلو.3 بسيط (4 قطع) من AlFouad Pharmacies. التصنيف المرجعي: العناية بالجسم — بسيط. الوسوم المرجعية: Body Care، Hair Removal، Razor Handel.,https://alfouadpharmacies.com/en/products/gtt-blue3-simple-4-pcs,AlFouad Pharmacies,true,Verify usage rights before commercial publication,false,false,false,false,HOLD — REFERENCE ONLY
10569992831279,gtt-blue2-plus-5-pcs,جي تي تي بلو.2 بلس (5 قطع),AlFouad Pharmacies,العناية بالجسم,العناية بالجسم,بسيط,85149,115,,true,https://cdn.shopify.com/s/files/1/0935/9550/0847/files/Gtt-BLUE.2-Plus-5-Pcs-254.webp?v=1754297198,منتج جي تي تي بلو.2 بلس (5 قطع) من AlFouad Pharmacies. التصنيف المرجعي: العناية بالجسم — بسيط. الوسوم المرجعية: Body Care، Hair Removal، Razor Handel.,https://alfouadpharmacies.com/en/products/gtt-blue2-plus-5-pcs,AlFouad Pharmacies,true,Verify usage rights before commercial publication,false,false,false,false,HOLD — REFERENCE ONLY
10569992601903,gtt-blue2-plus,جي تي تي بلو.2 بلس,AlFouad Pharmacies,العناية بالجسم,العناية بالجسم,بسيط,0,21.5,,false,https://cdn.shopify.com/s/files/1/0935/9550/0847/files/Gtt-BLUE.2-Plus-48XBOX.webp?v=1754297203,منتج جي تي تي بلو.2 بلس من AlFouad Pharmacies. التصنيف المرجعي: العناية بالجسم — بسيط. الوسوم المرجعية: Body Care، Hair Removal، Razor Handel.,https://alfouadpharmacies.com/en/products/gtt-blue2-plus,AlFouad Pharmacies,true,Verify usage rights before commercial publication,false,false,false,false,HOLD — REFERENCE ONLY
10569992503599,care-free-wipes-green-tea-20pcs,منديل تنظيف خالية من العطور بنكهة الشاي الأخضر 20 قطعة,care free,العناية بالجسم,العناية بالجسم,بسيط,15768,60,,false,https://cdn.shopify.com/s/files/1/0935/9550/0847/files/Care-Free-Wipes-Green-Tea-20PCS.webp?v=1753902593,منتج منديل تنظيف خالية من العطور بنكهة الشاي الأخضر 20 قطعة من care free. التصنيف المرجعي: العناية بالجسم — بسيط. الوسوم المرجعية: Body Care، Body Concerns، Intimate Care، Sexual Health، Women’s Health.,https://alfouadpharmacies.com/en/products/care-free-wipes-green-tea-20pcs,AlFouad Pharmacies,true,Verify usage rights before commercial publication,false,false,false,false,HOLD — REFERENCE ONLY
10569944400175,old-spice-deod-stick-73gm-canyon,مزيل عرق أولد سبايس، عصا، 73 غرام، كانيون,AlFouad Pharmacies,العناية بالجسم,العناية بالجسم,بسيط,17471,280,,false,https://cdn.shopify.com/s/files/1/0935/9550/0847/files/Old-Spice-Deod-Stick-73GM-Canyon.webp?v=1754297702,منتج مزيل عرق أولد سبايس، عصا، 73 غرام، كانيون من AlFouad Pharmacies. التصنيف المرجعي: العناية بالجسم — بسيط. الوسوم المرجعية: Body Care، Deodrant.,https://alfouadpharmacies.com/en/products/old-spice-deod-stick-73gm-canyon,AlFouad Pharmacies,true,Verify usage rights before commercial publication,false,false,false,false,HOLD — REFERENCE ONLY
10569944301871,old-spice-deod-stick-73gm-grassland,مزيل عرق أولد سبايس، عصا، 73 غرام، رائحة العشب,AlFouad Pharmacies,العناية بالجسم,العناية بالجسم,بسيط,17330,280,,false,https://cdn.shopify.com/s/files/1/0935/9550/0847/files/Old-Spice-Deod-Stick-73GM-Grassland.webp?v=1754297703,منتج مزيل عرق أولد سبايس، عصا، 73 غرام، رائحة العشب من AlFouad Pharmacies. التصنيف المرجعي: العناية بالجسم — بسيط. الوسوم المرجعية: Body Care، Deodrant.,https://alfouadpharmacies.com/en/products/old-spice-deod-stick-73gm-grassland,AlFouad Pharmacies,true,Verify usage rights before commercial publication,false,false,false,false,HOLD — REFERENCE ONLY
10569929425199,breathe-body-mist-200ml-cloud-9,بخاخ الجسم Breathe 200 مل، من Cloud 9,AlFouad Pharmacies,العناية بالجسم,العناية بالجسم,بسيط,8511,370,,true,https://cdn.shopify.com/s/files/1/0935/9550/0847/files/Breathe-Body-Mist-100ML-Cloud-9_e711c3ef-5804-43a5-99a9-e2b340034094.webp?v=1754297800,منتج بخاخ الجسم Breathe 200 مل، من Cloud 9 من AlFouad Pharmacies. التصنيف المرجعي: العناية بالجسم — بسيط. الوسوم المرجعية: Body Care، Body Mist، Body Spray، Deodrant.,https://alfouadpharmacies.com/en/products/breathe-body-mist-200ml-cloud-9,AlFouad Pharmacies,true,Verify usage rights before commercial publication,false,false,false,false,HOLD — REFERENCE ONLY
10569928900911,breathe-body-mist-100ml-coco-loco,بخاخ الجسم Breathe 100 مل، رائحة جوز الهند اللذيذة (Coco Loco),AlFouad Pharmacies,العناية بالجسم,العناية بالجسم,بسيط,112405,220,,true,https://cdn.shopify.com/s/files/1/0935/9550/0847/files/Breathe-Body-Mist-100ML-Coco-Loco.webp?v=1754297803,منتج بخاخ الجسم Breathe 100 مل، رائحة جوز الهند اللذيذة (Coco Loco) من AlFouad Pharmacies. التصنيف المرجعي: العناية بالجسم — بسيط. الوسوم المرجعية: Body Care، Body Mist، Body Spray، Deodrant.,https://alfouadpharmacies.com/en/products/breathe-body-mist-100ml-coco-loco,AlFouad Pharmacies,true,Verify usage rights before commercial publication,false,false,false,false,HOLD — REFERENCE ONLY
10569926705455,vaseline-body-lotion-200ml-intensive-rescue,لوشن الجسم فازلين 200 مل إنترنسيف ريسكيو,Vaseline,العناية بالجسم,العناية بالجسم,بسيط,30464,125,,false,https://cdn.shopify.com/s/files/1/0935/9550/0847/files/Vaseline-Body-Lotion-200ML-Intensive-Rescue.webp?v=1754297816,منتج لوشن الجسم فازلين 200 مل إنترنسيف ريسكيو من Vaseline. التصنيف المرجعي: العناية بالجسم — بسيط. الوسوم المرجعية: Body Care، Body Concerns، Body Lotion، Dry Skin body concerns.,https://alfouadpharmacies.com/en/products/vaseline-body-lotion-200ml-intensive-rescue,AlFouad Pharmacies,true,Verify usage rights before commercial publication,false,false,false,false,HOLD — REFERENCE ONLY
10569923166511,stives-body-lotion-621ml-hydrating,لوشن الجسم من سانت ايفز، مرطب، 621 مل,AlFouad Pharmacies,العناية بالجسم,العناية بالجسم,بسيط,9628,290,,false,https://cdn.shopify.com/s/files/1/0935/9550/0847/files/ST.IVES-Body-Lotion-621-ml-Hydrating.webp?v=1754297859,منتج لوشن الجسم من سانت ايفز، مرطب، 621 مل من AlFouad Pharmacies. التصنيف المرجعي: العناية بالجسم — بسيط. الوسوم المرجعية: Body Care، Body Concerns، Body Lotion، Dry Skin body concerns.,https://alfouadpharmacies.com/en/products/stives-body-lotion-621ml-hydrating,AlFouad Pharmacies,true,Verify usage rights before commercial publication,false,false,false,false,HOLD — REFERENCE ONLY
10569922511151,rexona-spray-150ml-xtracool-off,ركسونا بخاخ 150 مل إكسترا كول أوف,REXONA,العناية بالجسم,العناية بالجسم,بسيط,84628,162,,false,https://cdn.shopify.com/s/files/1/0935/9550/0847/files/Rexona-Spray-150ML-Xtracool-Off.webp?v=1754297867,منتج ركسونا بخاخ 150 مل إكسترا كول أوف من REXONA. التصنيف المرجعي: العناية بالجسم — بسيط. الوسوم المرجعية: Body Care، Body Spray، Deodrant.,https://alfouadpharmacies.com/en/products/rexona-spray-150ml-xtracool-off,AlFouad Pharmacies,true,Verify usage rights before commercial publication,false,false,false,false,HOLD — REFERENCE ONLY
10569922380079,rexona-spray-150ml-xtracool-10le-off,ريدكسونا بخاخ 150 مل إكسترا كول (10 جنيه مصري) خصم,REXONA,العناية بالجسم,العناية بالجسم,بسيط,95850,160,,false,https://cdn.shopify.com/s/files/1/0935/9550/0847/files/Rexona-Spray-150ML-Xtracool-10L.E-Off.webp?v=1754297868,منتج ريدكسونا بخاخ 150 مل إكسترا كول (10 جنيه مصري) خصم من REXONA. التصنيف المرجعي: العناية بالجسم — بسيط. الوسوم المرجعية: Body Care، Body Spray، Deodrant.,https://alfouadpharmacies.com/en/products/rexona-spray-150ml-xtracool-10le-off,AlFouad Pharmacies,true,Verify usage rights before commercial publication,false,false,false,false,HOLD — REFERENCE ONLY
10569922183471,rexona-spray-150ml-v8,ركسونا بخاخ 150 مل V8,REXONA,العناية بالجسم,العناية بالجسم,بسيط,83982,197,,true,https://cdn.shopify.com/s/files/1/0935/9550/0847/files/Rexona-Spray-150ML-V8.webp?v=1754297871,منتج ركسونا بخاخ 150 مل V8 من REXONA. التصنيف المرجعي: العناية بالجسم — بسيط. الوسوم المرجعية: Body Care، Body Spray، Deodrant.,https://alfouadpharmacies.com/en/products/rexona-spray-150ml-v8,AlFouad Pharmacies,true,Verify usage rights before commercial publication,false,false,false,false,HOLD — REFERENCE ONLY
10569922150703,rexona-spray-150ml-shower-fresh-off,ريداكسونا بخاخ 150 مل، رائحة منعشة بعد الاستحمام,REXONA,العناية بالجسم,العناية بالجسم,بسيط,109756,162,,false,https://cdn.shopify.com/s/files/1/0935/9550/0847/files/Rexona-Spray-150ML-Shower-Fresh-Off.webp?v=1754297872,منتج ريداكسونا بخاخ 150 مل، رائحة منعشة بعد الاستحمام من REXONA. التصنيف المرجعي: العناية بالجسم — بسيط. الوسوم المرجعية: Body Care، Body Spray، Deodrant.,https://alfouadpharmacies.com/en/products/rexona-spray-150ml-shower-fresh-off,AlFouad Pharmacies,true,Verify usage rights before commercial publication,false,false,false,false,HOLD — REFERENCE ONLY
10569922085167,rexona-spray-150ml-shower-fresh-fw,ريداكسونا بخاخ 150 مل منعش للاستحمام للرجال/النساء,REXONA,العناية بالجسم,العناية بالجسم,بسيط,32361,187,,false,https://cdn.shopify.com/s/files/1/0935/9550/0847/files/Rexona-Spray-150ML-Shower-Fresh-FW.webp?v=1754297873,منتج ريداكسونا بخاخ 150 مل منعش للاستحمام للرجال/النساء من REXONA. التصنيف المرجعي: العناية بالجسم — بسيط. الوسوم المرجعية: Body Care، Body Spray، Deodrant.,https://alfouadpharmacies.com/en/products/rexona-spray-150ml-shower-fresh-fw,AlFouad Pharmacies,true,Verify usage rights before commercial publication,false,false,false,false,HOLD — REFERENCE ONLY
10569921954095,rexona-spray-150ml-peachamplemon-fw,ركسونا بخاخ 150 مل برتقال وليمون (للموسم البارد),REXONA,العناية بالجسم,العناية بالجسم,بسيط,107355,197,,true,https://cdn.shopify.com/s/files/1/0935/9550/0847/files/Rexona-Spray-150ML-PeachLemon-FW.webp?v=1754297875,منتج ركسونا بخاخ 150 مل برتقال وليمون (للموسم البارد) من REXONA. التصنيف المرجعي: العناية بالجسم — بسيط. الوسوم المرجعية: Body Care، Deodrant.,https://alfouadpharmacies.com/en/products/rexona-spray-150ml-peachamplemon-fw,AlFouad Pharmacies,true,Verify usage rights before commercial publication,false,false,false,false,HOLD — REFERENCE ONLY
10569921823023,rexona-spray-150ml-men-cedarwoodampv8-off-50,ركسونا بخاخ 150 مل للرجال خشب الأرز و V8 خصم 50%,REXONA OFF,العناية بالجسم,العناية بالجسم,بسيط,12457,225,,false,https://cdn.shopify.com/s/files/1/0935/9550/0847/files/REXONA-SPRAY-150ML-MEN-CEDARWOODV8-OFF-50-1.webp?v=1754297877,منتج ركسونا بخاخ 150 مل للرجال خشب الأرز و V8 خصم 50% من REXONA OFF. التصنيف المرجعي: العناية بالجسم — بسيط. الوسوم المرجعية: Body Care، Body Spray، Deodrant.,https://alfouadpharmacies.com/en/products/rexona-spray-150ml-men-cedarwoodampv8-off-50,AlFouad Pharmacies,true,Verify usage rights before commercial publication,false,false,false,false,HOLD — REFERENCE ONLY
10569921495343,rexona-spray-150ml-fw-workout,ريداكسونا بخاخ 150 مل للياقة البدنية في فصل الشتاء,REXONA,العناية بالجسم,العناية بالجسم,بسيط,94845,187,,false,https://cdn.shopify.com/s/files/1/0935/9550/0847/files/Rexona-Spray-150ML-FW-Workout.webp?v=1754297882,منتج ريداكسونا بخاخ 150 مل للياقة البدنية في فصل الشتاء من REXONA. التصنيف المرجعي: العناية بالجسم — بسيط. الوسوم المرجعية: Body Care، Deodrant.,https://alfouadpharmacies.com/en/products/rexona-spray-150ml-fw-workout,AlFouad Pharmacies,true,Verify usage rights before commercial publication,false,false,false,false,HOLD — REFERENCE ONLY
10569921429807,rexona-spray-150ml-fm-work-out,ركسونا بخاخ 150 مل للرجال والنساء - مخصص للتمارين الرياضية,REXONA,العناية بالجسم,العناية بالجسم,بسيط,92603,187,,false,https://cdn.shopify.com/s/files/1/0935/9550/0847/files/Rexona-Spray-150ML-FM-Work-Out.webp?v=1754297883,منتج ركسونا بخاخ 150 مل للرجال والنساء - مخصص للتمارين الرياضية من REXONA. التصنيف المرجعي: العناية بالجسم — بسيط. الوسوم المرجعية: Body Care، Deodrant.,https://alfouadpharmacies.com/en/products/rexona-spray-150ml-fm-work-out,AlFouad Pharmacies,true,Verify usage rights before commercial publication,false,false,false,false,HOLD — REFERENCE ONLY
10569921298735,rexona-spray-150ml-cedarwoodampxtracool-off-50,ركسونا بخاخ 150 مل خشب الأرز و تبريد إضافي - خصم 50%,REXONA,العناية بالجسم,العناية بالجسم,بسيط,12520,225,,false,https://cdn.shopify.com/s/files/1/0935/9550/0847/files/Rexona-Spray-150ML-CedarwoodXtracool-Off-50.webp?v=1754297885,منتج ركسونا بخاخ 150 مل خشب الأرز و تبريد إضافي - خصم 50% من REXONA. التصنيف المرجعي: العناية بالجسم — بسيط. الوسوم المرجعية: Body Care، Body Spray، Deodrant.,https://alfouadpharmacies.com/en/products/rexona-spray-150ml-cedarwoodampxtracool-off-50,AlFouad Pharmacies,true,Verify usage rights before commercial publication,false,false,false,false,HOLD — REFERENCE ONLY
10569921265967,rexona-spray-150ml-bambooamppeach-off-50,ريداكسونا بخاخ 150 مل، رائحة الخيزران والخوخ، خصم 50%,REXONA OFF,العناية بالجسم,العناية بالجسم,بسيط,12463,225,,false,https://cdn.shopify.com/s/files/1/0935/9550/0847/files/Rexona-Spray-150ML-BambooPeach-Off-50.webp?v=1754297886,منتج ريداكسونا بخاخ 150 مل، رائحة الخيزران والخوخ، خصم 50% من REXONA OFF. التصنيف المرجعي: العناية بالجسم — بسيط. الوسوم المرجعية: Body Care، Body Spray، Deodrant.,https://alfouadpharmacies.com/en/products/rexona-spray-150ml-bambooamppeach-off-50,AlFouad Pharmacies,true,Verify usage rights before commercial publication,false,false,false,false,HOLD — REFERENCE ONLY
10569921233199,rexona-spray-150ml-bamboo-freezealoe-off,ركسونا بخاخ 150 مل بانبو فريز + ألوفيرا أوف,REXONA,العناية بالجسم,العناية بالجسم,بسيط,6962,160,,false,https://cdn.shopify.com/s/files/1/0935/9550/0847/files/Rexona-Spray-150ML-Bamboo-Freezealoe-Off.webp?v=1754297887,منتج ركسونا بخاخ 150 مل بانبو فريز + ألوفيرا أوف من REXONA. التصنيف المرجعي: العناية بالجسم — بسيط. الوسوم المرجعية: Body Care، Body Spray، Deodrant.,https://alfouadpharmacies.com/en/products/rexona-spray-150ml-bamboo-freezealoe-off,AlFouad Pharmacies,true,Verify usage rights before commercial publication,false,false,false,false,HOLD — REFERENCE ONLY
10569921200431,rexona-spray-150ml-bamboo-freezealoe,ركسونا بخاخ 150 مل بانبو فريز + الصبار,REXONA,العناية بالجسم,العناية بالجسم,بسيط,19212,187,,true,https://cdn.shopify.com/s/files/1/0935/9550/0847/files/Rexona-Spray-150ML-Bamboo-Freezealoe.webp?v=1754297887,منتج ركسونا بخاخ 150 مل بانبو فريز + الصبار من REXONA. التصنيف المرجعي: العناية بالجسم — بسيط. الوسوم المرجعية: Body Care، Body Spray، Deodrant.,https://alfouadpharmacies.com/en/products/rexona-spray-150ml-bamboo-freezealoe,AlFouad Pharmacies,true,Verify usage rights before commercial publication,false,false,false,false,HOLD — REFERENCE ONLY
