reference_record_id,source_handle,name,brand,category,category_label,product_type,source_sku,reference_price_egp,compare_at_price_egp,source_available,reference_image_url,reference_description,source_url,source_name,reference_only,image_rights_status,pm_identity_verified,pm_stock_verified,pm_cost_verified,pm_image_rights_verified,publish_status
10569977102639,jacques-bone-man-show-ruby-edition-edt-100ml,جاك بي. وان مان شو (إصدار روبي) عطر رجالي 100 مل,perfumes,العطور,العطور,بسيط,105734,1250,,false,https://cdn.shopify.com/s/files/1/0935/9550/0847/files/1_25_74eacd59-84b3-4716-af86-c293db51495a.webp?v=1783754343,منتج جاك بي. وان مان شو (إصدار روبي) عطر رجالي 100 مل من perfumes. التصنيف المرجعي: العطور — بسيط. الوسوم المرجعية: Men’s Perfumes، Perfumes.,https://alfouadpharmacies.com/en/products/jacques-bone-man-show-ruby-edition-edt-100ml,AlFouad Pharmacies,true,Verify usage rights before commercial publication,false,false,false,false,HOLD — REFERENCE ONLY
10569976971567,issey-miyake-leau-super-majeure-d-issey-edt-100ml,إيسي ميياكي لو سوبر ماجور دي إيسي، عطر رجالي، 100 مل.,perfumes,العطور,العطور,بسيط,10173,1850,,false,https://cdn.shopify.com/s/files/1/0935/9550/0847/files/Issey-Miyake-Leau-Super-Majeure-D-Issey-Edt-100ML.webp?v=1754297411,منتج إيسي ميياكي لو سوبر ماجور دي إيسي، عطر رجالي، 100 مل. من perfumes. التصنيف المرجعي: العطور — بسيط. الوسوم المرجعية: Men’s Perfumes، Perfumes.,https://alfouadpharmacies.com/en/products/issey-miyake-leau-super-majeure-d-issey-edt-100ml,AlFouad Pharmacies,true,Verify usage rights before commercial publication,false,false,false,false,HOLD — REFERENCE ONLY
10569976938799,hugo-boss-the-scent-absolute-edp-100ml,عطر هوغو بوس ذا سنت أبсолюت، تركيز إي دي بي، 100 مل,perfumes,العطور,العطور,بسيط,104611,4900,,false,https://cdn.shopify.com/s/files/1/0935/9550/0847/files/Hugo-Boss-the-Scent-Absolute-Edp-100ML.webp?v=1754297412,منتج عطر هوغو بوس ذا سنت أبсолюت، تركيز إي دي بي، 100 مل من perfumes. التصنيف المرجعي: العطور — بسيط. الوسوم المرجعية: Men’s Perfumes، Perfumes.,https://alfouadpharmacies.com/en/products/hugo-boss-the-scent-absolute-edp-100ml,AlFouad Pharmacies,true,Verify usage rights before commercial publication,false,false,false,false,HOLD — REFERENCE ONLY
10569976840495,hugo-boss-hugo-edt-125-ml-green,عطر هوغو بوس هوغو، ماء تواليت، 125 مل (أخضر),perfumes,العطور,العطور,بسيط,106323,4200,,true,https://cdn.shopify.com/s/files/1/0935/9550/0847/files/1_23_71de5a65-2530-4ece-ab8c-f0049d56e80e.webp?v=1783754136,منتج عطر هوغو بوس هوغو، ماء تواليت، 125 مل (أخضر) من perfumes. التصنيف المرجعي: العطور — بسيط. الوسوم المرجعية: Men’s Perfumes، Perfumes.,https://alfouadpharmacies.com/en/products/hugo-boss-hugo-edt-125-ml-green,AlFouad Pharmacies,true,Verify usage rights before commercial publication,false,false,false,false,HOLD — REFERENCE ONLY
10569976774959,hugo-boss-bottled-unlimited-edt-100ml,عطر هوغو بوس بوتلد أنليميتد، إصدار تواليت، 100 مل,perfumes,العطور,العطور,بسيط,9967,3450,,false,https://cdn.shopify.com/s/files/1/0935/9550/0847/files/Hugo-Boss-Bottled-Unlimited-FM-Edt-100ML.webp?v=1754297414,منتج عطر هوغو بوس بوتلد أنليميتد، إصدار تواليت، 100 مل من perfumes. التصنيف المرجعي: العطور — بسيط. الوسوم المرجعية: Men’s Perfumes، Perfumes.,https://alfouadpharmacies.com/en/products/hugo-boss-bottled-unlimited-edt-100ml,AlFouad Pharmacies,true,Verify usage rights before commercial publication,false,false,false,false,HOLD — REFERENCE ONLY
10569976676655,hugo-boss-infinite-edp-100mlshower,هوغو بوس إنفينيت (عطر 100 مل + جل استحمام),perfumes,العطور,العطور,بسيط,83671,4000,,false,https://cdn.shopify.com/s/files/1/0935/9550/0847/files/Hugo-Boss-Boss-Infinite-FM-Edp-100MLSHOWER.webp?v=1754297415,منتج هوغو بوس إنفينيت (عطر 100 مل + جل استحمام) من perfumes. التصنيف المرجعي: العطور — بسيط. الوسوم المرجعية: Men’s Perfumes، Perfumes.,https://alfouadpharmacies.com/en/products/hugo-boss-infinite-edp-100mlshower,AlFouad Pharmacies,true,Verify usage rights before commercial publication,false,false,false,false,HOLD — REFERENCE ONLY
10569976611119,hugo-boss-alive-edp-80ml,عطر هوغو بوس ألايف، تركيز إي دي بي، 80 مل,perfumes,العطور,العطور,بسيط,88129,2150,,false,https://cdn.shopify.com/s/files/1/0935/9550/0847/files/Hugo-Boss-Alive-Edp-80ML.webp?v=1754297416,منتج عطر هوغو بوس ألايف، تركيز إي دي بي، 80 مل من perfumes. التصنيف المرجعي: العطور — بسيط. الوسوم المرجعية: Perfumes، Women’s Perfumes.,https://alfouadpharmacies.com/en/products/hugo-boss-alive-edp-80ml,AlFouad Pharmacies,true,Verify usage rights before commercial publication,false,false,false,false,HOLD — REFERENCE ONLY
10569976480047,guess-seductive-kiss-edt-75-ml,عطر غيس سيدوكتيف كيس، ماء تواليت، 75 مل,perfumes,العطور,العطور,بسيط,108428,1450,,false,https://cdn.shopify.com/s/files/1/0935/9550/0847/files/1_22_502f1cd9-c405-4a44-a03d-6e9c21a2f2a5.webp?v=1783753981,منتج عطر غيس سيدوكتيف كيس، ماء تواليت، 75 مل من perfumes. التصنيف المرجعي: العطور — بسيط. الوسوم المرجعية: Perfumes، Women’s Perfumes.,https://alfouadpharmacies.com/en/products/guess-seductive-kiss-edt-75-ml,AlFouad Pharmacies,true,Verify usage rights before commercial publication,false,false,false,false,HOLD — REFERENCE ONLY
10569976185135,guess-seductive-homme-edt-150-ml,عطر غيس سيدوكتيف هوم للرجال، تركيز أو دو تواليت، 150 مل,perfumes,العطور,العطور,بسيط,8785,2200,,false,https://cdn.shopify.com/s/files/1/0935/9550/0847/files/1_21_42bfc13b-b12f-4db8-95e7-6dfc08d5dfa9.webp?v=1783752365,منتج عطر غيس سيدوكتيف هوم للرجال، تركيز أو دو تواليت، 150 مل من perfumes. التصنيف المرجعي: العطور — بسيط. الوسوم المرجعية: Men’s Perfumes، Perfumes.,https://alfouadpharmacies.com/en/products/guess-seductive-homme-edt-150-ml,AlFouad Pharmacies,true,Verify usage rights before commercial publication,false,false,false,false,HOLD — REFERENCE ONLY
10569976152367,guess-seductive-homme-edt-100ml,غيس سيدوكتيف هوم عطر رجالي 100 مل,perfumes,العطور,العطور,بسيط,10489,1800,,false,https://cdn.shopify.com/s/files/1/0935/9550/0847/files/Guess-Seductive-Homme-Edt-FM-100ML.webp?v=1754297422,منتج غيس سيدوكتيف هوم عطر رجالي 100 مل من perfumes. التصنيف المرجعي: العطور — بسيط. الوسوم المرجعية: Men’s Perfumes، Perfumes.,https://alfouadpharmacies.com/en/products/guess-seductive-homme-edt-100ml,AlFouad Pharmacies,true,Verify usage rights before commercial publication,false,false,false,false,HOLD — REFERENCE ONLY
10569976119599,guess-seductive-homme-black-set-edt-100ml,طقم غيس سيديقطيف هوم بلاك، عطر رجالي، 100 مل,perfumes,العطور,العطور,بسيط,112697,3500,,false,https://cdn.shopify.com/s/files/1/0935/9550/0847/files/cl5sdnqkhtwi.webp?v=1754297423,منتج طقم غيس سيديقطيف هوم بلاك، عطر رجالي، 100 مل من perfumes. التصنيف المرجعي: العطور — بسيط. الوسوم المرجعية: Men’s Perfumes، Perfumes.,https://alfouadpharmacies.com/en/products/guess-seductive-homme-black-set-edt-100ml,AlFouad Pharmacies,true,Verify usage rights before commercial publication,false,false,false,false,HOLD — REFERENCE ONLY
10569976086831,guess-seductive-flirt-edt-75-ml,غيس سيداكتيف فليرت عطر 75 مل.,perfumes,العطور,العطور,بسيط,16027,990,,false,https://cdn.shopify.com/s/files/1/0935/9550/0847/files/Guess-Seductive-Flirt-FW-Edt-75-ml.webp?v=1754297423,منتج غيس سيداكتيف فليرت عطر 75 مل. من perfumes. التصنيف المرجعي: العطور — بسيط. الوسوم المرجعية: Perfumes، Women’s Perfumes.,https://alfouadpharmacies.com/en/products/guess-seductive-flirt-edt-75-ml,AlFouad Pharmacies,true,Verify usage rights before commercial publication,false,false,false,false,HOLD — REFERENCE ONLY
10569975922991,guess-seductive-edt-75ml,غيس سيدوكتيف عطر 75 مل,perfumes,العطور,العطور,بسيط,93837,1950,,true,https://cdn.shopify.com/s/files/1/0935/9550/0847/files/1_20_b0d7e080-9489-4b7b-9c38-a5b501d49da8.webp?v=1783752083,منتج غيس سيدوكتيف عطر 75 مل من perfumes. التصنيف المرجعي: العطور — بسيط. الوسوم المرجعية: Perfumes، Women’s Perfumes.,https://alfouadpharmacies.com/en/products/guess-seductive-edt-75ml,AlFouad Pharmacies,true,Verify usage rights before commercial publication,false,false,false,false,HOLD — REFERENCE ONLY
10569975890223,guess-seductive-charm-edt-75-ml,عطر غيس سيدوكتيف تشارم، ماء تواليت، 75 مل,perfumes,العطور,العطور,بسيط,94493,995,,false,https://cdn.shopify.com/s/files/1/0935/9550/0847/files/1.webp?v=1754297425,منتج عطر غيس سيدوكتيف تشارم، ماء تواليت، 75 مل من perfumes. التصنيف المرجعي: العطور — بسيط. الوسوم المرجعية: Perfumes، Women’s Perfumes.,https://alfouadpharmacies.com/en/products/guess-seductive-charm-edt-75-ml,AlFouad Pharmacies,true,Verify usage rights before commercial publication,false,false,false,false,HOLD — REFERENCE ONLY
10569975791919,عطر-جيس-سدكتف-بلو-للنساء-أو-دي-تواليت-75-مل,عطر جيس سدكتف بلو للنساء أو دي تواليت 75 مل,perfumes,العطور,العطور,جيس سدكتف,91240,2100,,true,https://cdn.shopify.com/s/files/1/0935/9550/0847/files/1_-_2026-07-09T163451.221.webp?v=1783604290,منتج عطر جيس سدكتف بلو للنساء أو دي تواليت 75 مل من perfumes. التصنيف المرجعي: العطور — جيس سدكتف. الوسوم المرجعية: Perfumes، Women’s Perfumes.,https://alfouadpharmacies.com/en/products/عطر-جيس-سدكتف-بلو-للنساء-أو-دي-تواليت-75-مل,AlFouad Pharmacies,true,Verify usage rights before commercial publication,false,false,false,false,HOLD — REFERENCE ONLY
10569975660847,guess-rose-edp-150-ml,غيس روز عطر نسائي 150 مل,perfumes,العطور,العطور,بسيط,25512,2400,,false,https://cdn.shopify.com/s/files/1/0935/9550/0847/files/61ReZGdyZ7L.webp?v=1754297427,منتج غيس روز عطر نسائي 150 مل من perfumes. التصنيف المرجعي: العطور — بسيط. الوسوم المرجعية: Perfumes، Women’s Perfumes.,https://alfouadpharmacies.com/en/products/guess-rose-edp-150-ml,AlFouad Pharmacies,true,Verify usage rights before commercial publication,false,false,false,false,HOLD — REFERENCE ONLY
10569975595311,عطر-جيس-بور-فيم-للنساء-أو-دي-برفام-75-مل,عطر جيس بور فيم للنساء أو دي برفام 75 مل,perfumes,العطور,العطور, جيس بور فيم,96932,2100,,true,https://cdn.shopify.com/s/files/1/0935/9550/0847/files/1_-_2026-07-09T162846.096.webp?v=1783603743,منتج عطر جيس بور فيم للنساء أو دي برفام 75 مل من perfumes. التصنيف المرجعي: العطور —  جيس بور فيم. الوسوم المرجعية: Perfumes، Women’s Perfumes.,https://alfouadpharmacies.com/en/products/عطر-جيس-بور-فيم-للنساء-أو-دي-برفام-75-مل,AlFouad Pharmacies,true,Verify usage rights before commercial publication,false,false,false,false,HOLD — REFERENCE ONLY
10569975431471,guess-pink-edp-set-2pcs-75ml,طقم عطر غيس بينك (إي دي بي) مكون من قطعتين، سعة 75 مل.,perfumes,العطور,العطور,بسيط,10063,2700,,false,https://cdn.shopify.com/s/files/1/0935/9550/0847/files/guess-ladies-pink-gift-set-fragrances-085715329868.webp?v=1754297430,منتج طقم عطر غيس بينك (إي دي بي) مكون من قطعتين، سعة 75 مل. من perfumes. التصنيف المرجعي: العطور — بسيط. الوسوم المرجعية: Perfumes، Women’s Perfumes.,https://alfouadpharmacies.com/en/products/guess-pink-edp-set-2pcs-75ml,AlFouad Pharmacies,true,Verify usage rights before commercial publication,false,false,false,false,HOLD — REFERENCE ONLY
10569975398703,guess-marciano-100ml-edt,عطر غيس مارسيانو 100 مل (مياه تواليت),perfumes,العطور,العطور,بسيط,89403,2000,,true,https://cdn.shopify.com/s/files/1/0935/9550/0847/files/Guess-Marciano-FM-100ML-Edt.webp?v=1754297430,منتج عطر غيس مارسيانو 100 مل (مياه تواليت) من perfumes. التصنيف المرجعي: العطور — بسيط. الوسوم المرجعية: Men’s Perfumes، Perfumes.,https://alfouadpharmacies.com/en/products/guess-marciano-100ml-edt,AlFouad Pharmacies,true,Verify usage rights before commercial publication,false,false,false,false,HOLD — REFERENCE ONLY
10569975365935,guess-ladies-for-ever-edp-75ml-set-2pcs,طقم عطر Guess Ladies for Ever  75 مل (إيديه بي)  مكون من قطعتين,perfumes,العطور,العطور,بسيط,10284,2700,,false,https://cdn.shopify.com/s/files/1/0935/9550/0847/files/Guess-Ladies-for-Ever-Edp-FW-75ML-Set-2PCS.webp?v=1754297431,منتج طقم عطر Guess Ladies for Ever  75 مل (إيديه بي)  مكون من قطعتين من perfumes. التصنيف المرجعي: العطور — بسيط. الوسوم المرجعية: Perfumes، Women’s Perfumes.,https://alfouadpharmacies.com/en/products/guess-ladies-for-ever-edp-75ml-set-2pcs,AlFouad Pharmacies,true,Verify usage rights before commercial publication,false,false,false,false,HOLD — REFERENCE ONLY
10569975300399,guess-gold-edp-75ml,غيس جولد عطر نسائي 75 مل,perfumes,العطور,العطور,بسيط,15939,1900,,true,https://cdn.shopify.com/s/files/1/0935/9550/0847/files/Guess-Gold-Edp-75ML-FM-0704.webp?v=1754297431,منتج غيس جولد عطر نسائي 75 مل من perfumes. التصنيف المرجعي: العطور — بسيط. الوسوم المرجعية: Men’s Perfumes، Perfumes.,https://alfouadpharmacies.com/en/products/guess-gold-edp-75ml,AlFouad Pharmacies,true,Verify usage rights before commercial publication,false,false,false,false,HOLD — REFERENCE ONLY
10569975267631,عطر-جيس-غولد-أو-دي-برفام-للنساء-75-مل,عطر جيس غولد أو دي برفام للنساء 75 مل,perfumes,العطور,العطور,جيس غولد,24898,2000,,true,https://cdn.shopify.com/s/files/1/0935/9550/0847/files/1_-_2026-07-09T160839.772.webp?v=1783602541,منتج عطر جيس غولد أو دي برفام للنساء 75 مل من perfumes. التصنيف المرجعي: العطور — جيس غولد. الوسوم المرجعية: Perfumes، Women’s Perfumes.,https://alfouadpharmacies.com/en/products/عطر-جيس-غولد-أو-دي-برفام-للنساء-75-مل,AlFouad Pharmacies,true,Verify usage rights before commercial publication,false,false,false,false,HOLD — REFERENCE ONLY
10569975136559,guess-by-marciano-set-3pcs-100ml,مجموعة غيس من مارسيانو، 3 قطع، 100 مل.,perfumes,العطور,العطور,بسيط,108431,3000,,false,https://cdn.shopify.com/s/files/1/0935/9550/0847/files/61baVKUjoqL_1_600x_0ee100ce-d904-421e-b445-72a87606f67a.webp?v=1754297433,منتج مجموعة غيس من مارسيانو، 3 قطع، 100 مل. من perfumes. التصنيف المرجعي: العطور — بسيط. الوسوم المرجعية: Men’s Perfumes، Perfumes.,https://alfouadpharmacies.com/en/products/guess-by-marciano-set-3pcs-100ml,AlFouad Pharmacies,true,Verify usage rights before commercial publication,false,false,false,false,HOLD — REFERENCE ONLY
10569975103791,عطر-جيس-باي-مارسيانو-أو-دي-برفام-للنساء-100-مل,عطر جيس باي مارسيانو أو دي برفام للنساء 100 مل,perfumes,العطور,العطور,جيس باي مارسيانو,93801,3500,,true,https://cdn.shopify.com/s/files/1/0935/9550/0847/files/1_-_2026-07-09T160846.334.webp?v=1783603074,منتج عطر جيس باي مارسيانو أو دي برفام للنساء 100 مل من perfumes. التصنيف المرجعي: العطور — جيس باي مارسيانو. الوسوم المرجعية: Perfumes، Women’s Perfumes.,https://alfouadpharmacies.com/en/products/عطر-جيس-باي-مارسيانو-أو-دي-برفام-للنساء-100-مل,AlFouad Pharmacies,true,Verify usage rights before commercial publication,false,false,false,false,HOLD — REFERENCE ONLY
10569974972719,guess-by-marciano-edt-set-3pcs-100ml,مجموعة غيس من مارسيانو، عطر تواليت، 3 قطع، 100 مل,perfumes,العطور,العطور,بسيط,14782,3600,,false,https://cdn.shopify.com/s/files/1/0935/9550/0847/files/30106492_GuessByMarcianoForWomenGiftSet-EauDeToilette-3Pieces-680x680-1.webp?v=1754297435,منتج مجموعة غيس من مارسيانو، عطر تواليت، 3 قطع، 100 مل من perfumes. التصنيف المرجعي: العطور — بسيط. الوسوم المرجعية: Perfumes، Women’s Perfumes.,https://alfouadpharmacies.com/en/products/guess-by-marciano-edt-set-3pcs-100ml,AlFouad Pharmacies,true,Verify usage rights before commercial publication,false,false,false,false,HOLD — REFERENCE ONLY
10569974907183,guess-bella-vita-rosa-gift-set-edt-150ml,طقم هدايا غيس بيلا فيتا روزا، عطر نسائي، 150 مل.,perfumes,العطور,العطور,بسيط,0,3500,,false,https://cdn.shopify.com/s/files/1/0935/9550/0847/files/61VNZveWGL.webp?v=1754297436,منتج طقم هدايا غيس بيلا فيتا روزا، عطر نسائي، 150 مل. من perfumes. التصنيف المرجعي: العطور — بسيط. الوسوم المرجعية: Perfumes، Women’s Perfumes.,https://alfouadpharmacies.com/en/products/guess-bella-vita-rosa-gift-set-edt-150ml,AlFouad Pharmacies,true,Verify usage rights before commercial publication,false,false,false,false,HOLD — REFERENCE ONLY
10569974808879,عطر-غوتشي-غيلتي-أبسولوت-أو-دي-برفام-للنساء-90-مل,عطر غوتشي غيلتي أبسولوت أو دي برفام للنساء 90 مل,perfumes,العطور,العطور,غوتشي غيلتي,93333,6900,,true,https://cdn.shopify.com/s/files/1/0935/9550/0847/files/1_-_2026-07-09T155711.641.webp?v=1783601853,منتج عطر غوتشي غيلتي أبسولوت أو دي برفام للنساء 90 مل من perfumes. التصنيف المرجعي: العطور — غوتشي غيلتي. الوسوم المرجعية: Perfumes، Women’s Perfumes.,https://alfouadpharmacies.com/en/products/عطر-غوتشي-غيلتي-أبسولوت-أو-دي-برفام-للنساء-90-مل,AlFouad Pharmacies,true,Verify usage rights before commercial publication,false,false,false,false,HOLD — REFERENCE ONLY
10569974776111,gucci-bloom-intense-edp-100ml,عطر قوتشي بلوم إنتنس، تركيز إي دي بي، 100 مل,perfumes,العطور,العطور,بسيط,97405,8400,,false,https://cdn.shopify.com/s/files/1/0935/9550/0847/files/Gucci-Bloom-Intense-FW-Edp-100ML.webp?v=1754297438,منتج عطر قوتشي بلوم إنتنس، تركيز إي دي بي، 100 مل من perfumes. التصنيف المرجعي: العطور — بسيط. الوسوم المرجعية: Perfumes، Women’s Perfumes.,https://alfouadpharmacies.com/en/products/gucci-bloom-intense-edp-100ml,AlFouad Pharmacies,true,Verify usage rights before commercial publication,false,false,false,false,HOLD — REFERENCE ONLY
10569974677807,givenchy-dahlia-divin-eau-initiale-edt-75ml,جيفنشي داليا ديفين إو إنيسيال عطر تواليت 75 مل,perfumes,العطور,العطور,بسيط,94271,2400,,false,https://cdn.shopify.com/s/files/1/0935/9550/0847/files/Givenchy-Dahlia-Divin-Eau-Initiale-Edt-75ML.webp?v=1754297440,منتج جيفنشي داليا ديفين إو إنيسيال عطر تواليت 75 مل من perfumes. التصنيف المرجعي: العطور — بسيط. الوسوم المرجعية: Perfumes، Women’s Perfumes.,https://alfouadpharmacies.com/en/products/givenchy-dahlia-divin-eau-initiale-edt-75ml,AlFouad Pharmacies,true,Verify usage rights before commercial publication,false,false,false,false,HOLD — REFERENCE ONLY
10569974546735,givenchy-ange-ou-etrange-75-ml-edp,جيفنشي أنج أو إترانج 75 مل عطر للرجال,perfumes,العطور,العطور,بسيط,109453,1850,,false,https://cdn.shopify.com/s/files/1/0935/9550/0847/files/Givenchy-Ange-Ou-Etrange-75-ml-Edp-FW.webp?v=1754297441,منتج جيفنشي أنج أو إترانج 75 مل عطر للرجال من perfumes. التصنيف المرجعي: العطور — بسيط. الوسوم المرجعية: Perfumes، Women’s Perfumes.,https://alfouadpharmacies.com/en/products/givenchy-ange-ou-etrange-75-ml-edp,AlFouad Pharmacies,true,Verify usage rights before commercial publication,false,false,false,false,HOLD — REFERENCE ONLY
10569974513967,giorgio-armani-stronger-with-you-tobacco-edp-100ml,إمبوريو أرماني سترونجر ويذ يو توباكو أو دو بارفيوم 100 مل,perfumes,العطور,العطور,بيرفيوم ,14312,7500,,true,https://cdn.shopify.com/s/files/1/0935/9550/0847/files/1_74.webp?v=1782302879,منتج إمبوريو أرماني سترونجر ويذ يو توباكو أو دو بارفيوم 100 مل من perfumes. التصنيف المرجعي: العطور — بيرفيوم . الوسوم المرجعية: Men’s Perfumes، Perfumes.,https://alfouadpharmacies.com/en/products/giorgio-armani-stronger-with-you-tobacco-edp-100ml,AlFouad Pharmacies,true,Verify usage rights before commercial publication,false,false,false,false,HOLD — REFERENCE ONLY
10569974481199,عطر-إمبوريو-أرماني-سترونجر-ويث-يو-أبسولوتلي-للرجال-50-مل,عطر إمبوريو أرماني سترونجر ويث يو أبسولوتلي للرجال 50 مل,perfumes,العطور,العطور,أرماني سترونجر,103410,7500,,true,https://cdn.shopify.com/s/files/1/0935/9550/0847/files/1_-_2026-07-09T154242.615.webp?v=1783601105,منتج عطر إمبوريو أرماني سترونجر ويث يو أبسولوتلي للرجال 50 مل من perfumes. التصنيف المرجعي: العطور — أرماني سترونجر. الوسوم المرجعية: Men’s Perfumes، Perfumes.,https://alfouadpharmacies.com/en/products/عطر-إمبوريو-أرماني-سترونجر-ويث-يو-أبسولوتلي-للرجال-50-مل,AlFouad Pharmacies,true,Verify usage rights before commercial publication,false,false,false,false,HOLD — REFERENCE ONLY
10569974350127,giorgio-armani-aqua-de-gio-edp-fm-125-ml,جيرجيو أرماني أكوا دي جيو عطر للرجال 125 مل,perfumes,العطور,العطور,بسيط,20240,8400,,true,https://cdn.shopify.com/s/files/1/0935/9550/0847/files/1_73.webp?v=1782302401,منتج جيرجيو أرماني أكوا دي جيو عطر للرجال 125 مل من perfumes. التصنيف المرجعي: العطور — بسيط. الوسوم المرجعية: Men’s Perfumes، Perfumes.,https://alfouadpharmacies.com/en/products/giorgio-armani-aqua-de-gio-edp-fm-125-ml,AlFouad Pharmacies,true,Verify usage rights before commercial publication,false,false,false,false,HOLD — REFERENCE ONLY
10569974284591,garmani-stronger-with-you-edp-100mllotion10ml,جي. آرماني سترونجر ويذ يو (عطر 100 مل + لوشن + 10 مل),perfumes,العطور,العطور,بسيط,96942,6100,,false,https://cdn.shopify.com/s/files/1/0935/9550/0847/files/G.ARMANI-Stronger-With-You-Edp-100MLLOTION10ML.webp?v=1754297445,منتج جي. آرماني سترونجر ويذ يو (عطر 100 مل + لوشن + 10 مل) من perfumes. التصنيف المرجعي: العطور — بسيط. الوسوم المرجعية: Men’s Perfumes، Perfumes.,https://alfouadpharmacies.com/en/products/garmani-stronger-with-you-edp-100mllotion10ml,AlFouad Pharmacies,true,Verify usage rights before commercial publication,false,false,false,false,HOLD — REFERENCE ONLY
10569974219055,g-armani-si-passione-100ml-edp,جي. آرماني سي باسيوني 100 مل عطر نسائي (إي دي بي),perfumes,العطور,العطور,بسيط,31457,10000,,true,https://cdn.shopify.com/s/files/1/0935/9550/0847/files/G.-Armani-Si-Passione-100ML-Edp.webp?v=1754297445,منتج جي. آرماني سي باسيوني 100 مل عطر نسائي (إي دي بي) من perfumes. التصنيف المرجعي: العطور — بسيط. الوسوم المرجعية: Perfumes، Women’s Perfumes.,https://alfouadpharmacies.com/en/products/g-armani-si-passione-100ml-edp,AlFouad Pharmacies,true,Verify usage rights before commercial publication,false,false,false,false,HOLD — REFERENCE ONLY
10569974120751,عطر-جورجيو-أرماني-سي-إنتنس-للنساء-100-مل,عطر جورجيو أرماني سي إنتنس للنساء 100 مل,perfumes,العطور,العطور, جورجيو أرماني,31457,10000,,true,https://cdn.shopify.com/s/files/1/0935/9550/0847/files/1_-_2026-07-09T153825.640.webp?v=1783600723,منتج عطر جورجيو أرماني سي إنتنس للنساء 100 مل من perfumes. التصنيف المرجعي: العطور —  جورجيو أرماني. الوسوم المرجعية: Perfumes، Women’s Perfumes.,https://alfouadpharmacies.com/en/products/عطر-جورجيو-أرماني-سي-إنتنس-للنساء-100-مل,AlFouad Pharmacies,true,Verify usage rights before commercial publication,false,false,false,false,HOLD — REFERENCE ONLY
10569974022447,g-armani-si-passion-eclat-edp100ml,جي. آرماني سي باشون إكلات عطر نسائي 100 مل,perfumes,العطور,العطور,بسيط,90152,9000,,true,https://cdn.shopify.com/s/files/1/0935/9550/0847/files/G.-Armani-Si-Passion-Eclat-Edp-FW-100ML.webp?v=1754297448,منتج جي. آرماني سي باشون إكلات عطر نسائي 100 مل من perfumes. التصنيف المرجعي: العطور — بسيط. الوسوم المرجعية: Perfumes، Women’s Perfumes.,https://alfouadpharmacies.com/en/products/g-armani-si-passion-eclat-edp100ml,AlFouad Pharmacies,true,Verify usage rights before commercial publication,false,false,false,false,HOLD — REFERENCE ONLY
10569973924143,g-armani-si-intense-refillable-edp-100ml,عطر جي. آرماني سي إنتنس قابل لإعادة التعبئة، تركيز إي دي بي، 100 مل,perfumes,العطور,العطور,بسيط,104339,8600,,false,https://cdn.shopify.com/s/files/1/0935/9550/0847/files/G.-Armani-Si-Intense-Refillable-Edp-FW-100ML.webp?v=1754297449,منتج عطر جي. آرماني سي إنتنس قابل لإعادة التعبئة، تركيز إي دي بي، 100 مل من perfumes. التصنيف المرجعي: العطور — بسيط. الوسوم المرجعية: Perfumes، Women’s Perfumes.,https://alfouadpharmacies.com/en/products/g-armani-si-intense-refillable-edp-100ml,AlFouad Pharmacies,true,Verify usage rights before commercial publication,false,false,false,false,HOLD — REFERENCE ONLY
10569973858607,عطر-جورجيو-أرماني-سي-إنتنس-للنساء-50-مل,عطر جورجيو أرماني سي إنتنس للنساء 50 مل,perfumes,العطور,العطور,جورجيو أرماني,104367,8600,,true,https://cdn.shopify.com/s/files/1/0935/9550/0847/files/1_-_2026-07-09T151727.441.webp?v=1783599593,منتج عطر جورجيو أرماني سي إنتنس للنساء 50 مل من perfumes. التصنيف المرجعي: العطور — جورجيو أرماني. الوسوم المرجعية: Perfumes، Women’s Perfumes.,https://alfouadpharmacies.com/en/products/عطر-جورجيو-أرماني-سي-إنتنس-للنساء-50-مل,AlFouad Pharmacies,true,Verify usage rights before commercial publication,false,false,false,false,HOLD — REFERENCE ONLY
10569973727535,g-armani-my-way-edp-90ml,عطر جي. آرماني ماي واي، تركيز إي دي بي، 90 مل,perfumes,العطور,العطور,بسيط,97852,9000,,true,https://cdn.shopify.com/s/files/1/0935/9550/0847/files/G.-Armani-My-Way-Edp-FW-90ML.webp?v=1754297451,منتج عطر جي. آرماني ماي واي، تركيز إي دي بي، 90 مل من perfumes. التصنيف المرجعي: العطور — بسيط. الوسوم المرجعية: Perfumes، Women’s Perfumes.,https://alfouadpharmacies.com/en/products/g-armani-my-way-edp-90ml,AlFouad Pharmacies,true,Verify usage rights before commercial publication,false,false,false,false,HOLD — REFERENCE ONLY
10569973661999,g-armani-code-black-edp-125ml,عطر جورجيو أرماني كود بلاك، تركيز إي دي بي، 125 مل,perfumes,العطور,العطور,بسيط,93716,7500,,false,https://cdn.shopify.com/s/files/1/0935/9550/0847/files/G.-Armani-Code-Black-Edp-125ML.webp?v=1754297452,منتج عطر جورجيو أرماني كود بلاك، تركيز إي دي بي، 125 مل من perfumes. التصنيف المرجعي: العطور — بسيط. الوسوم المرجعية: Men’s Perfumes، Perfumes.,https://alfouadpharmacies.com/en/products/g-armani-code-black-edp-125ml,AlFouad Pharmacies,true,Verify usage rights before commercial publication,false,false,false,false,HOLD — REFERENCE ONLY
10569973596463,fantasy-briteny-spears-edp-100ml,عطر فانتاسي بريتني سبيرز، تركيز عالي (إي دي بي)، 100 مل,perfumes,العطور,العطور,بسيط,25665,2200,,true,https://cdn.shopify.com/s/files/1/0935/9550/0847/files/Fantasy-Briteny-Spears-Edp-100ML.webp?v=1754297452,منتج عطر فانتاسي بريتني سبيرز، تركيز عالي (إي دي بي)، 100 مل من perfumes. التصنيف المرجعي: العطور — بسيط. الوسوم المرجعية: Perfumes، Women’s Perfumes.,https://alfouadpharmacies.com/en/products/fantasy-briteny-spears-edp-100ml,AlFouad Pharmacies,true,Verify usage rights before commercial publication,false,false,false,false,HOLD — REFERENCE ONLY
10569973530927,emporio-armani-stronger-with-you-fm-edt-100-ml,Emporio Armani Stronger With You F/M Edt 100 مل,perfumes,العطور,العطور,بسيط,10740,6200,,true,https://cdn.shopify.com/s/files/1/0935/9550/0847/files/Emporio-Armani-Stronger-With-You-FM-Edt-100-ml.webp?v=1754297453,منتج Emporio Armani Stronger With You F/M Edt 100 مل من perfumes. التصنيف المرجعي: العطور — بسيط. الوسوم المرجعية: Men’s Perfumes، Perfumes.,https://alfouadpharmacies.com/en/products/emporio-armani-stronger-with-you-fm-edt-100-ml,AlFouad Pharmacies,true,Verify usage rights before commercial publication,false,false,false,false,HOLD — REFERENCE ONLY
10569973432623,emporio-armani-strong-with-you-intensely-edp-100ml,عطر إمبوريو آرماني سترونج ويذ يو إنتنسلي، إصدار EDP، 100 مل,perfumes,العطور,العطور,بسيط,97362,7400,,false,https://cdn.shopify.com/s/files/1/0935/9550/0847/files/Emporio-Armani-Strong-With-You-Intensely-FM-Edp-100ML.webp?v=1754297453,منتج عطر إمبوريو آرماني سترونج ويذ يو إنتنسلي، إصدار EDP، 100 مل من perfumes. التصنيف المرجعي: العطور — بسيط. الوسوم المرجعية: Men’s Perfumes، Perfumes.,https://alfouadpharmacies.com/en/products/emporio-armani-strong-with-you-intensely-edp-100ml,AlFouad Pharmacies,true,Verify usage rights before commercial publication,false,false,false,false,HOLD — REFERENCE ONLY
10569973399855,dunhill-x-centric-100ml-set-2pcs,طقم دنهيل إكس سنترك 100 مل، قطعتان,perfumes,العطور,العطور,بسيط,93802,3600,,false,https://cdn.shopify.com/s/files/1/0935/9550/0847/files/81V5LNSCg4L.webp?v=1754297454,منتج طقم دنهيل إكس سنترك 100 مل، قطعتان من perfumes. التصنيف المرجعي: العطور — بسيط. الوسوم المرجعية: Men’s Perfumes، Perfumes.,https://alfouadpharmacies.com/en/products/dunhill-x-centric-100ml-set-2pcs,AlFouad Pharmacies,true,Verify usage rights before commercial publication,false,false,false,false,HOLD — REFERENCE ONLY
10569973367087,dunhill-driven-blue-edt-100ml,عطر دانهيل دريفن بلو، تركيز إي دي تي، 100 مل,perfumes,العطور,العطور,بسيط,21539,1550,,false,https://cdn.shopify.com/s/files/1/0935/9550/0847/files/Dunhill-Driven-Blue-Edt-FM-100ML.webp?v=1754297454,منتج عطر دانهيل دريفن بلو، تركيز إي دي تي، 100 مل من perfumes. التصنيف المرجعي: العطور — بسيط. الوسوم المرجعية: Men’s Perfumes، Perfumes، Women’s Perfumes.,https://alfouadpharmacies.com/en/products/dunhill-driven-blue-edt-100ml,AlFouad Pharmacies,true,Verify usage rights before commercial publication,false,false,false,false,HOLD — REFERENCE ONLY
10569973236015,dunhill-driven-black-edp-100ml,عطر دانهيل دريفن بلاك، تركيز EDP، سعة 100 مل,perfumes,العطور,العطور,بسيط,21587,3150,,true,https://cdn.shopify.com/s/files/1/0935/9550/0847/files/Dunhill-Driven-Black-Edp-FM-100ML.webp?v=1754297455,منتج عطر دانهيل دريفن بلاك، تركيز EDP، سعة 100 مل من perfumes. التصنيف المرجعي: العطور — بسيط. الوسوم المرجعية: Men’s Perfumes، Perfumes، Women’s Perfumes.,https://alfouadpharmacies.com/en/products/dunhill-driven-black-edp-100ml,AlFouad Pharmacies,true,Verify usage rights before commercial publication,false,false,false,false,HOLD — REFERENCE ONLY
10569973203247,dunhill-desire-red-edt-100ml,عطر دونهيل ديزاير ريد، تركيز إي دي تي، 100 مل,perfumes,العطور,العطور,بسيط,10748,3310,,true,https://cdn.shopify.com/s/files/1/0935/9550/0847/files/Dunhill-Desire-Red-Edt-FM-100ML.webp?v=1754297455,منتج عطر دونهيل ديزاير ريد، تركيز إي دي تي، 100 مل من perfumes. التصنيف المرجعي: العطور — بسيط. الوسوم المرجعية: Men’s Perfumes، Perfumes.,https://alfouadpharmacies.com/en/products/dunhill-desire-red-edt-100ml,AlFouad Pharmacies,true,Verify usage rights before commercial publication,false,false,false,false,HOLD — REFERENCE ONLY
10569973137711,dunhill-desire-ocean-100-ml-edt,عطر دونهيل ديزاير أوشن 100 مل (مياه تواليت),perfumes,العطور,العطور,بسيط,99517,1550,,false,https://cdn.shopify.com/s/files/1/0935/9550/0847/files/Dunhill-Desire-Ocean-100-ml-Edt-FM.webp?v=1754297456,منتج عطر دونهيل ديزاير أوشن 100 مل (مياه تواليت) من perfumes. التصنيف المرجعي: العطور — بسيط. الوسوم المرجعية: Men’s Perfumes، Perfumes.,https://alfouadpharmacies.com/en/products/dunhill-desire-ocean-100-ml-edt,AlFouad Pharmacies,true,Verify usage rights before commercial publication,false,false,false,false,HOLD — REFERENCE ONLY
10569973104943,dunhill-desire-extreme-red-edt-100ml,عطر دانهيل ديزاير إكستريم ريد، ماء تواليت، 100 مل,perfumes,العطور,العطور,بسيط,12996,2450,,false,https://cdn.shopify.com/s/files/1/0935/9550/0847/files/Dunhill-Desire-Extreme-Red-Edt-FM-100ML.webp?v=1754297456,منتج عطر دانهيل ديزاير إكستريم ريد، ماء تواليت، 100 مل من perfumes. التصنيف المرجعي: العطور — بسيط. الوسوم المرجعية: Men’s Perfumes، Perfumes.,https://alfouadpharmacies.com/en/products/dunhill-desire-extreme-red-edt-100ml,AlFouad Pharmacies,true,Verify usage rights before commercial publication,false,false,false,false,HOLD — REFERENCE ONLY
10569973072175,dunhill-desire-blue-edt-100-ml,عطر دونهيل ديزير بلو، ماء تواليت، 100 مل,perfumes,العطور,العطور,بسيط,81202,3310,,true,https://cdn.shopify.com/s/files/1/0935/9550/0847/files/Dunhill-Desire-Blue-Edt-FM-100-ml.webp?v=1754297457,منتج عطر دونهيل ديزير بلو، ماء تواليت، 100 مل من perfumes. التصنيف المرجعي: العطور — بسيط. الوسوم المرجعية: Men’s Perfumes، Perfumes.,https://alfouadpharmacies.com/en/products/dunhill-desire-blue-edt-100-ml,AlFouad Pharmacies,true,Verify usage rights before commercial publication,false,false,false,false,HOLD — REFERENCE ONLY
10569973006639,chkoudra-die-force-edp-100ml,Chkoudra .Die Force عطر رجالي 100 مل,perfumes,العطور,العطور,بسيط,96776,140,,false,https://cdn.shopify.com/s/files/1/0935/9550/0847/files/Chkoudra-.Die-Force-Edp-100-ml-FW.webp?v=1754297458,منتج Chkoudra .Die Force عطر رجالي 100 مل من perfumes. التصنيف المرجعي: العطور — بسيط. الوسوم المرجعية: Perfumes، Women’s Perfumes.,https://alfouadpharmacies.com/en/products/chkoudra-die-force-edp-100ml,AlFouad Pharmacies,true,Verify usage rights before commercial publication,false,false,false,false,HOLD — REFERENCE ONLY
10569972908335,عطر-شانيل-كوكو-مادوموزيل-أو-دي-برفام-للنساء-100-مل,عطر شانيل كوكو مادوموزيل أو دي برفام للنساء 100 مل,perfumes,العطور,العطور, شانيل كوكو,32110,16000,,false,https://cdn.shopify.com/s/files/1/0935/9550/0847/files/1_-_2026-07-09T145016.402.webp?v=1783598720,منتج عطر شانيل كوكو مادوموزيل أو دي برفام للنساء 100 مل من perfumes. التصنيف المرجعي: العطور —  شانيل كوكو. الوسوم المرجعية: Perfumes، Women’s Perfumes.,https://alfouadpharmacies.com/en/products/عطر-شانيل-كوكو-مادوموزيل-أو-دي-برفام-للنساء-100-مل,AlFouad Pharmacies,true,Verify usage rights before commercial publication,false,false,false,false,HOLD — REFERENCE ONLY
10569972810031,chanel-blue-de-channel-edt-150ml,شانيل بلو دي شانيل عطر رجالي 150 مل,perfumes,العطور,العطور,بسيط,105733,13500,,true,https://cdn.shopify.com/s/files/1/0935/9550/0847/files/1_53.webp?v=1780829248,منتج شانيل بلو دي شانيل عطر رجالي 150 مل من perfumes. التصنيف المرجعي: العطور — بسيط. الوسوم المرجعية: Men’s Perfumes، Perfumes.,https://alfouadpharmacies.com/en/products/chanel-blue-de-channel-edt-150ml,AlFouad Pharmacies,true,Verify usage rights before commercial publication,false,false,false,false,HOLD — REFERENCE ONLY
10569972777263,chanel-blue-de-channel-edp-150ml,شانيل بلو دي شانيل عطر للرجال 150 مل,perfumes,العطور,العطور,بسيط,103524,13500,,false,https://cdn.shopify.com/s/files/1/0935/9550/0847/files/Chanel-Blue-De-Channel-Edp-FM-150ML.webp?v=1754297460,منتج شانيل بلو دي شانيل عطر للرجال 150 مل من perfumes. التصنيف المرجعي: العطور — بسيط. الوسوم المرجعية: Men’s Perfumes، Perfumes.,https://alfouadpharmacies.com/en/products/chanel-blue-de-channel-edp-150ml,AlFouad Pharmacies,true,Verify usage rights before commercial publication,false,false,false,false,HOLD — REFERENCE ONLY
10569972580655,chanel-allure-sport-100ml-edt,شانيل أللور سبورت 100 مل عطر تواليت,perfumes,العطور,العطور,بسيط,95460,12000,,true,https://cdn.shopify.com/s/files/1/0935/9550/0847/files/Chanel-Allure-Sport-FM-100ML-Edt.webp?v=1754297462,منتج شانيل أللور سبورت 100 مل عطر تواليت من perfumes. التصنيف المرجعي: العطور — بسيط. الوسوم المرجعية: Men’s Perfumes، Perfumes.,https://alfouadpharmacies.com/en/products/chanel-allure-sport-100ml-edt,AlFouad Pharmacies,true,Verify usage rights before commercial publication,false,false,false,false,HOLD — REFERENCE ONLY
10569972416815,ck-euphoria-pure-gold-edp-100ml,CK Euphoria Pure Gold عطر نسائي 100 مل,perfumes,العطور,العطور,بسيط,88513,4300,,false,https://cdn.shopify.com/s/files/1/0935/9550/0847/files/C.K-Euphoria-Pure-Gold-Edp-100ML-FW.webp?v=1754297463,منتج CK Euphoria Pure Gold عطر نسائي 100 مل من perfumes. التصنيف المرجعي: العطور — بسيط. الوسوم المرجعية: Perfumes، Women’s Perfumes.,https://alfouadpharmacies.com/en/products/ck-euphoria-pure-gold-edp-100ml,AlFouad Pharmacies,true,Verify usage rights before commercial publication,false,false,false,false,HOLD — REFERENCE ONLY
10569972351279,ck-euphoria-gift-set-fm-100ml,مجموعة هدايا CK Euphoria للرجال والنساء 100 مل,perfumes,العطور,العطور,بسيط,112694,4850,,true,https://cdn.shopify.com/s/files/1/0935/9550/0847/files/C.K-Euphoria-Gift-Set-FM-100ML.webp?v=1754297463,منتج مجموعة هدايا CK Euphoria للرجال والنساء 100 مل من perfumes. التصنيف المرجعي: العطور — بسيط. الوسوم المرجعية: Perfumes، Women’s Perfumes.,https://alfouadpharmacies.com/en/products/ck-euphoria-gift-set-fm-100ml,AlFouad Pharmacies,true,Verify usage rights before commercial publication,false,false,false,false,HOLD — REFERENCE ONLY
10569972220207,ck-euphoria-edp-100mllotion10ml,CK Euphoria (عطر 100 مل + لوشن + 10 مل),perfumes,العطور,العطور,بسيط,90393,4350,,false,https://cdn.shopify.com/s/files/1/0935/9550/0847/files/C.K-Euphoria-FW-Edp-100MLLOTION10ML.webp?v=1754297464,منتج CK Euphoria (عطر 100 مل + لوشن + 10 مل) من perfumes. التصنيف المرجعي: العطور — بسيط. الوسوم المرجعية: Perfumes، Women’s Perfumes.,https://alfouadpharmacies.com/en/products/ck-euphoria-edp-100mllotion10ml,AlFouad Pharmacies,true,Verify usage rights before commercial publication,false,false,false,false,HOLD — REFERENCE ONLY
10569972187439,ck-euphoria-edp-100-ml,CK Euphoria عطر نسائي 100 مل,perfumes,العطور,العطور,بسيط,93799,4500,,true,https://cdn.shopify.com/s/files/1/0935/9550/0847/files/41LOeTX9D4L._AC_UF8941000_QL80.webp?v=1754297465,منتج CK Euphoria عطر نسائي 100 مل من perfumes. التصنيف المرجعي: العطور — بسيط. الوسوم المرجعية: Perfumes، Women’s Perfumes.,https://alfouadpharmacies.com/en/products/ck-euphoria-edp-100-ml,AlFouad Pharmacies,true,Verify usage rights before commercial publication,false,false,false,false,HOLD — REFERENCE ONLY
10569972154671,ck-euphoria-blush-edp-100ml,CK Euphoria Blush عطر نسائي 100 مل,perfumes,العطور,العطور,بسيط,26608,3700,,false,https://cdn.shopify.com/s/files/1/0935/9550/0847/files/C.K-Euphoria-Blush-Edp-FW-100ML.webp?v=1754297465,منتج CK Euphoria Blush عطر نسائي 100 مل من perfumes. التصنيف المرجعي: العطور — بسيط. الوسوم المرجعية: Perfumes، Women’s Perfumes.,https://alfouadpharmacies.com/en/products/ck-euphoria-blush-edp-100ml,AlFouad Pharmacies,true,Verify usage rights before commercial publication,false,false,false,false,HOLD — REFERENCE ONLY
10569972056367,ck-euphoria-100ml-edt,CK Euphoria 100 مل عطر تركيز EDT,perfumes,العطور,العطور,بسيط,90635,3500,,true,https://cdn.shopify.com/s/files/1/0935/9550/0847/files/C.K-Euphoria-100ML-Edt-FM.webp?v=1754297466,منتج CK Euphoria 100 مل عطر تركيز EDT من perfumes. التصنيف المرجعي: العطور — بسيط. الوسوم المرجعية: Men’s Perfumes، Perfumes.,https://alfouadpharmacies.com/en/products/ck-euphoria-100ml-edt,AlFouad Pharmacies,true,Verify usage rights before commercial publication,false,false,false,false,HOLD — REFERENCE ONLY
10569971990831,cherrera-good-girl-very-edp-80ml,عطر سي. هيريرا جود جيرل فيري، إصدار عطر مركز، 80 مل,perfumes,العطور,العطور,بسيط,7873,9800,,false,https://cdn.shopify.com/s/files/1/0935/9550/0847/files/C.HERRERA-Good-Girl-Very-Edp-FW-80ML.webp?v=1754297466,منتج عطر سي. هيريرا جود جيرل فيري، إصدار عطر مركز، 80 مل من perfumes. التصنيف المرجعي: العطور — بسيط. الوسوم المرجعية: Perfumes، Women’s Perfumes.,https://alfouadpharmacies.com/en/products/cherrera-good-girl-very-edp-80ml,AlFouad Pharmacies,true,Verify usage rights before commercial publication,false,false,false,false,HOLD — REFERENCE ONLY
10569971958063,cherrera-good-girl-midnight-edp-80ml,عطر سي. هيريرا جود جيرل منتصف الليل، تركيز عطر إي دي بي، 80 مل,perfumes,العطور,العطور,بسيط,106158,4500,,false,https://cdn.shopify.com/s/files/1/0935/9550/0847/files/C.HERRERA-Good-Girl-Midnight-Edp-80ML-FW.webp?v=1754297467,منتج عطر سي. هيريرا جود جيرل منتصف الليل، تركيز عطر إي دي بي، 80 مل من perfumes. التصنيف المرجعي: العطور — بسيط. الوسوم المرجعية: Perfumes، Women’s Perfumes.,https://alfouadpharmacies.com/en/products/cherrera-good-girl-midnight-edp-80ml,AlFouad Pharmacies,true,Verify usage rights before commercial publication,false,false,false,false,HOLD — REFERENCE ONLY
10569971859759,cherrera-good-girl-edp-80ml,عطر سي. هيريرا جود جيرل، تركيز إي دي بي، 80 مل,perfumes,العطور,العطور,بسيط,108062,9300,,true,https://cdn.shopify.com/s/files/1/0935/9550/0847/files/C.HERRERA-Good-Girl-Edp-80ML-FW.webp?v=1754297467,منتج عطر سي. هيريرا جود جيرل، تركيز إي دي بي، 80 مل من perfumes. التصنيف المرجعي: العطور — بسيط. الوسوم المرجعية: Perfumes، Women’s Perfumes.,https://alfouadpharmacies.com/en/products/cherrera-good-girl-edp-80ml,AlFouad Pharmacies,true,Verify usage rights before commercial publication,false,false,false,false,HOLD — REFERENCE ONLY
10569971794223,cherrera-good-girl-dazzling-garden-edp-80ml,عطر سي هيريرا جود جيرل دازلينج جاردن، إصدار إي دي بي، 80 مل,perfumes,العطور,العطور,بسيط,6258,5200,,false,https://cdn.shopify.com/s/files/1/0935/9550/0847/files/C.HERRERA-Good-Girl-Dazzling-Garden-Edp-80ML-FW.webp?v=1754297468,منتج عطر سي هيريرا جود جيرل دازلينج جاردن، إصدار إي دي بي، 80 مل من perfumes. التصنيف المرجعي: العطور — بسيط. الوسوم المرجعية: Perfumes، Women’s Perfumes.,https://alfouadpharmacies.com/en/products/cherrera-good-girl-dazzling-garden-edp-80ml,AlFouad Pharmacies,true,Verify usage rights before commercial publication,false,false,false,false,HOLD — REFERENCE ONLY
10569971761455,cherrera-good-girl-blush-elixir-edp-80ml,عطر سي. هيريرا جود جيرل بلش إليكسير أو دو برفيوم 80 مل,perfumes,العطور,العطور,بسيط,25677,10500,,true,https://cdn.shopify.com/s/files/1/0935/9550/0847/files/51xW1E7gMxL._AC_UF8941000_QL80.webp?v=1754297468,منتج عطر سي. هيريرا جود جيرل بلش إليكسير أو دو برفيوم 80 مل من perfumes. التصنيف المرجعي: العطور — بسيط. الوسوم المرجعية: Perfumes، Women’s Perfumes.,https://alfouadpharmacies.com/en/products/cherrera-good-girl-blush-elixir-edp-80ml,AlFouad Pharmacies,true,Verify usage rights before commercial publication,false,false,false,false,HOLD — REFERENCE ONLY
10569971630383,cherrera-bad-boy-extreme-edp100ml,C.HERRERA Bad Boy Extreme عطر رجالي 100 مل,perfumes,العطور,العطور,بسيط,21565,6600,,false,https://cdn.shopify.com/s/files/1/0935/9550/0847/files/C.HERRERA-Bad-Boy-Extreme-Edp-FW-100ML.webp?v=1754297470,منتج C.HERRERA Bad Boy Extreme عطر رجالي 100 مل من perfumes. التصنيف المرجعي: العطور — بسيط. الوسوم المرجعية: Men’s Perfumes، Perfumes.,https://alfouadpharmacies.com/en/products/cherrera-bad-boy-extreme-edp100ml,AlFouad Pharmacies,true,Verify usage rights before commercial publication,false,false,false,false,HOLD — REFERENCE ONLY
10569971532079,cherrera-bad-boy-edt-100-ml,C.HERRERA Bad Boy عطر رجالي 100 مل,perfumes,العطور,العطور,بسيط,24485,3450,,false,https://cdn.shopify.com/s/files/1/0935/9550/0847/files/C.HERRERA-Bad-Boy-Edt-100-ml.webp?v=1754297471,منتج C.HERRERA Bad Boy عطر رجالي 100 مل من perfumes. التصنيف المرجعي: العطور — بسيط. الوسوم المرجعية: Men’s Perfumes، Perfumes.,https://alfouadpharmacies.com/en/products/cherrera-bad-boy-edt-100-ml,AlFouad Pharmacies,true,Verify usage rights before commercial publication,false,false,false,false,HOLD — REFERENCE ONLY
10569971401007,cherrera-bad-boy-edp-100ml,عطر سي. هيريرا باد بوي للرجال 100 مل (إيديب),perfumes,العطور,العطور,بسيط,95596,3800,,false,https://cdn.shopify.com/s/files/1/0935/9550/0847/files/C.HERRERA-Bad-Boy-Edp-FM-100ML.webp?v=1754297476,منتج عطر سي. هيريرا باد بوي للرجال 100 مل (إيديب) من perfumes. التصنيف المرجعي: العطور — بسيط. الوسوم المرجعية: Men’s Perfumes، Perfumes.,https://alfouadpharmacies.com/en/products/cherrera-bad-boy-edp-100ml,AlFouad Pharmacies,true,Verify usage rights before commercial publication,false,false,false,false,HOLD — REFERENCE ONLY
10569971335471,cherrera-bad-boy-dazzling-garden-edt-100ml-fm,C.HERRERA Bad Boy Dazzling Garden عطر للرجال والنساء 100 مل,perfumes,العطور,العطور,بسيط,6226,4200,,false,https://cdn.shopify.com/s/files/1/0935/9550/0847/files/C.HERRERA-Bad-Boy-Dazzling-Garden-Edt-100ML-FM.webp?v=1754297477,منتج C.HERRERA Bad Boy Dazzling Garden عطر للرجال والنساء 100 مل من perfumes. التصنيف المرجعي: العطور — بسيط. الوسوم المرجعية: Men’s Perfumes، Perfumes.,https://alfouadpharmacies.com/en/products/cherrera-bad-boy-dazzling-garden-edt-100ml-fm,AlFouad Pharmacies,true,Verify usage rights before commercial publication,false,false,false,false,HOLD — REFERENCE ONLY
10569971171631,cherrera-bad-boy-cobalt-elixir-edp-100ml,عطر سي هيريرا باد بوي كوبالت إليكسير، تركيز إي دي بي، 100 مل,perfumes,العطور,العطور,بسيط,103873,9300,,true,https://cdn.shopify.com/s/files/1/0935/9550/0847/files/C.HERRERA-Bad-Boy-Cobalt-Elixir-Edp-100ML-FM.webp?v=1754297480,منتج عطر سي هيريرا باد بوي كوبالت إليكسير، تركيز إي دي بي، 100 مل من perfumes. التصنيف المرجعي: العطور — بسيط. الوسوم المرجعية: Men’s Perfumes، Perfumes.,https://alfouadpharmacies.com/en/products/cherrera-bad-boy-cobalt-elixir-edp-100ml,AlFouad Pharmacies,true,Verify usage rights before commercial publication,false,false,false,false,HOLD — REFERENCE ONLY
10569971040559,cherrera-bad-boy-cobalt-edpm-100ml,عطر سي. هيريرا باد بوي كوبالت للرجال، تركيز إي دي بي، 100 مل,perfumes,العطور,العطور,بسيط,19289,4000,,false,https://cdn.shopify.com/s/files/1/0935/9550/0847/files/C.HERRERA-Bad-Boy-Cobalt-EdpM-100ML.webp?v=1754297481,منتج عطر سي. هيريرا باد بوي كوبالت للرجال، تركيز إي دي بي، 100 مل من perfumes. التصنيف المرجعي: العطور — بسيط. الوسوم المرجعية: Men’s Perfumes، Perfumes.,https://alfouadpharmacies.com/en/products/cherrera-bad-boy-cobalt-edpm-100ml,AlFouad Pharmacies,true,Verify usage rights before commercial publication,false,false,false,false,HOLD — REFERENCE ONLY
10569970909487,cherrera-212-vip-wins-edp-80ml,عطر سي. هيريرا 212 VIP وينز، إصدار EDP، 80 مل,perfumes,العطور,العطور,بسيط,20386,2500,,true,https://cdn.shopify.com/s/files/1/0935/9550/0847/files/C.HERRERA-212-VIP-Wins-Edp-80ML.webp?v=1754297483,منتج عطر سي. هيريرا 212 VIP وينز، إصدار EDP، 80 مل من perfumes. التصنيف المرجعي: العطور — بسيط. الوسوم المرجعية: Perfumes، Women’s Perfumes.,https://alfouadpharmacies.com/en/products/cherrera-212-vip-wins-edp-80ml,AlFouad Pharmacies,true,Verify usage rights before commercial publication,false,false,false,false,HOLD — REFERENCE ONLY
10569970680111,cherrera-212-vip-rose-saves-lives-80ml-edp-fw,ك. هيريرا 212 VIP روز ينقذ الأرواح 80 مل عطر نسائي,perfumes,العطور,العطور,بسيط,94877,5100,,true,https://cdn.shopify.com/s/files/1/0935/9550/0847/files/C.HERRERA-212-VIP-Rose-Saves-Lives-80ML-Edp-FW.webp?v=1754297487,منتج ك. هيريرا 212 VIP روز ينقذ الأرواح 80 مل عطر نسائي من perfumes. التصنيف المرجعي: العطور — بسيط. الوسوم المرجعية: Perfumes، Women’s Perfumes.,https://alfouadpharmacies.com/en/products/cherrera-212-vip-rose-saves-lives-80ml-edp-fw,AlFouad Pharmacies,true,Verify usage rights before commercial publication,false,false,false,false,HOLD — REFERENCE ONLY
10569970516271,cherrera-212-vip-rose-nyc-elixir-edp-fw-80ml,عطر سي. هيريرا 212 VIP روز نيويورك إيليكسير، إصدار محدود، 80 مل.,perfumes,العطور,العطور,بسيط,112293,6900,,false,https://cdn.shopify.com/s/files/1/0935/9550/0847/files/C.HERRERA-212-VIP-Rose-NYC-Elixir-Edp-FW-80ML.webp?v=1754297489,منتج عطر سي. هيريرا 212 VIP روز نيويورك إيليكسير، إصدار محدود، 80 مل. من perfumes. التصنيف المرجعي: العطور — بسيط. الوسوم المرجعية: Perfumes، Women’s Perfumes.,https://alfouadpharmacies.com/en/products/cherrera-212-vip-rose-nyc-elixir-edp-fw-80ml,AlFouad Pharmacies,true,Verify usage rights before commercial publication,false,false,false,false,HOLD — REFERENCE ONLY
10569970483503,cherrera-212-vip-rose-ny-fw-edp-80ml-white,عطر سي. هيريرا 212 VIP روز نيويورك فايرست فول EDP 80 مل (أبيض),perfumes,العطور,العطور,بسيط,1742,7000,,true,https://cdn.shopify.com/s/files/1/0935/9550/0847/files/C.HERRERA-212-VIP-Rose-NY-FW-Edp-80ML-White.webp?v=1754297490,منتج عطر سي. هيريرا 212 VIP روز نيويورك فايرست فول EDP 80 مل (أبيض) من perfumes. التصنيف المرجعي: العطور — بسيط. الوسوم المرجعية: Perfumes، Women’s Perfumes.,https://alfouadpharmacies.com/en/products/cherrera-212-vip-rose-ny-fw-edp-80ml-white,AlFouad Pharmacies,true,Verify usage rights before commercial publication,false,false,false,false,HOLD — REFERENCE ONLY
10569970417967,cherrera-212-vip-party-fever-edt-fw-80ml,عطر سي. هيريرا 212 VIP Party Fever  إدي تواليت نسائي 80 مل,perfumes,العطور,العطور,بسيط,102221,5000,,false,https://cdn.shopify.com/s/files/1/0935/9550/0847/files/C.HERRERA-212-VIP-Party-Fever-Edt-FW-80ML.webp?v=1754297490,منتج عطر سي. هيريرا 212 VIP Party Fever  إدي تواليت نسائي 80 مل من perfumes. التصنيف المرجعي: العطور — بسيط. الوسوم المرجعية: Men’s Perfumes، Perfumes، Women’s Perfumes.,https://alfouadpharmacies.com/en/products/cherrera-212-vip-party-fever-edt-fw-80ml,AlFouad Pharmacies,true,Verify usage rights before commercial publication,false,false,false,false,HOLD — REFERENCE ONLY
10569970352431,cherrera-212-vip-fw-edp-80mlblotion,C.HERRERA 212 VIP F/W (ماء عطر 80 مل + لوشن للجسم),perfumes,العطور,العطور,بسيط,103528,4500,,false,https://cdn.shopify.com/s/files/1/0935/9550/0847/files/51lrevLagTL.webp?v=1754297491,منتج C.HERRERA 212 VIP F/W (ماء عطر 80 مل + لوشن للجسم) من perfumes. التصنيف المرجعي: العطور — بسيط. الوسوم المرجعية: Perfumes، Women’s Perfumes.,https://alfouadpharmacies.com/en/products/cherrera-212-vip-fw-edp-80mlblotion,AlFouad Pharmacies,true,Verify usage rights before commercial publication,false,false,false,false,HOLD — REFERENCE ONLY
10569970221359,cherrera-212-vip-fm-black-200ml-edp,عطر سي. هيريرا 212 VIP F/M بلاك 200 مل (إدي بي),perfumes,العطور,العطور,بسيط,25204,8000,,false,https://cdn.shopify.com/s/files/1/0935/9550/0847/files/61pjEdHqy9L._AC_UF8941000_QL80.webp?v=1754297493,منتج عطر سي. هيريرا 212 VIP F/M بلاك 200 مل (إدي بي) من perfumes. التصنيف المرجعي: العطور — بسيط. الوسوم المرجعية: Men’s Perfumes، Perfumes.,https://alfouadpharmacies.com/en/products/cherrera-212-vip-fm-black-200ml-edp,AlFouad Pharmacies,true,Verify usage rights before commercial publication,false,false,false,false,HOLD — REFERENCE ONLY
10569970188591,cherrera-212-vip-black-own-the-party-edp-fm-100ml,عطر سي. هيريرا 212 VIP بلاك أوون ذا بارتي، إصدار EDP، للرجال والنساء، 100 مل.,perfumes,العطور,العطور,بسيط,14390,6000,,false,https://cdn.shopify.com/s/files/1/0935/9550/0847/files/C.HERRERA-212-VIP-Black-NYC-FM-100ML.webp?v=1754297493,منتج عطر سي. هيريرا 212 VIP بلاك أوون ذا بارتي، إصدار EDP، للرجال والنساء، 100 مل. من perfumes. التصنيف المرجعي: العطور — بسيط. الوسوم المرجعية: Men’s Perfumes، Perfumes.,https://alfouadpharmacies.com/en/products/cherrera-212-vip-black-own-the-party-edp-fm-100ml,AlFouad Pharmacies,true,Verify usage rights before commercial publication,false,false,false,false,HOLD — REFERENCE ONLY
10569970155823,cherrera-212-vip-black-nyc-fm-100ml,C.HERRERA 212 VIP Black NYC F/M 100 مل,perfumes,العطور,العطور,بسيط,14406,6000,,false,https://cdn.shopify.com/s/files/1/0935/9550/0847/files/51soGRNM8uL.webp?v=1754297494,منتج C.HERRERA 212 VIP Black NYC F/M 100 مل من perfumes. التصنيف المرجعي: العطور — بسيط. الوسوم المرجعية: Men’s Perfumes، Perfumes.,https://alfouadpharmacies.com/en/products/cherrera-212-vip-black-nyc-fm-100ml,AlFouad Pharmacies,true,Verify usage rights before commercial publication,false,false,false,false,HOLD — REFERENCE ONLY
10569970123055,cherrera-212-vip-edt-100mlshower,C.HERRERA 212 VIP (ماء تواليت 100 مل + جل استحمام),perfumes,العطور,العطور,بسيط,109258,5500,,true,https://cdn.shopify.com/s/files/1/0935/9550/0847/files/p-pdl1160-1-3fb58f75-115d-4a2d-81bd-bb9ba98ec589_800x_66737029-cc2c-43ce-b6c4-3d25ac30bc9d.webp?v=1754297494,منتج C.HERRERA 212 VIP (ماء تواليت 100 مل + جل استحمام) من perfumes. التصنيف المرجعي: العطور — بسيط. الوسوم المرجعية: Men’s Perfumes، Perfumes.,https://alfouadpharmacies.com/en/products/cherrera-212-vip-edt-100mlshower,AlFouad Pharmacies,true,Verify usage rights before commercial publication,false,false,false,false,HOLD — REFERENCE ONLY
10569970057519,cherrera-212-sexy-edt-100-ml-fm,عطر سي. هيريرا 212 سيكسي، تركيز إي دي تي، 100 مل، للجنسين.,perfumes,العطور,العطور,بسيط,99174,5200,,true,https://cdn.shopify.com/s/files/1/0935/9550/0847/files/C.HERRERA-212-Sexy-Edt-100-ml-FM.webp?v=1754297495,منتج عطر سي. هيريرا 212 سيكسي، تركيز إي دي تي، 100 مل، للجنسين. من perfumes. التصنيف المرجعي: العطور — بسيط. الوسوم المرجعية: Men’s Perfumes، Perfumes.,https://alfouadpharmacies.com/en/products/cherrera-212-sexy-edt-100-ml-fm,AlFouad Pharmacies,true,Verify usage rights before commercial publication,false,false,false,false,HOLD — REFERENCE ONLY
10569969991983,cherrera-212-sexy-100ml-edp-fw,عطر سي. هيريرا 212 سيكسي 100 مل، تركيز عالي (إي دي بي)، نسائي.,perfumes,العطور,العطور,بسيط,93238,5400,,false,https://cdn.shopify.com/s/files/1/0935/9550/0847/files/C.HERRERA-212-Sexy-100ML-Edp-FW.webp?v=1754297496,منتج عطر سي. هيريرا 212 سيكسي 100 مل، تركيز عالي (إي دي بي)، نسائي. من perfumes. التصنيف المرجعي: العطور — بسيط. الوسوم المرجعية: Perfumes، Women’s Perfumes.,https://alfouadpharmacies.com/en/products/cherrera-212-sexy-100ml-edp-fw,AlFouad Pharmacies,true,Verify usage rights before commercial publication,false,false,false,false,HOLD — REFERENCE ONLY
10569969565999,cherrera-212-men-nyc-gold-fm-edt-100ml,عطر سي. هيريرا 212 للرجال نيويورك جولد، إصدار محدود، 100 مل.,perfumes,العطور,العطور,بسيط,112292,6500,,true,https://cdn.shopify.com/s/files/1/0935/9550/0847/files/C.HERRERA-212-Men-NYC-Gold-FM-Edt-100ML-2.webp?v=1754297500,منتج عطر سي. هيريرا 212 للرجال نيويورك جولد، إصدار محدود، 100 مل. من perfumes. التصنيف المرجعي: العطور — بسيط. الوسوم المرجعية: Men’s Perfumes، Perfumes.,https://alfouadpharmacies.com/en/products/cherrera-212-men-nyc-gold-fm-edt-100ml,AlFouad Pharmacies,true,Verify usage rights before commercial publication,false,false,false,false,HOLD — REFERENCE ONLY
10569969434927,cherrera-212-men-nyc-fm-edt-100ml,عطر سي. هيريرا 212 للرجال نيويورك، إصدار EDT، 100 مل,perfumes,العطور,العطور,بسيط,106211,7000,,true,https://cdn.shopify.com/s/files/1/0935/9550/0847/files/C.HERRERA-212-Men-NYC-FM-Edt-100ML.webp?v=1754297501,منتج عطر سي. هيريرا 212 للرجال نيويورك، إصدار EDT، 100 مل من perfumes. التصنيف المرجعي: العطور — بسيط. الوسوم المرجعية: Men’s Perfumes، Perfumes.,https://alfouadpharmacies.com/en/products/cherrera-212-men-nyc-fm-edt-100ml,AlFouad Pharmacies,true,Verify usage rights before commercial publication,false,false,false,false,HOLD — REFERENCE ONLY
10569969008943,cherrera-212-men-heroes-forever-young-edt-150ml,عطر سي. هيريرا 212 للرجال هيروز فور إيفر يونغ، تركيز إي دي تي، 150 مل,perfumes,العطور,العطور,بسيط,93775,8000,,true,https://cdn.shopify.com/s/files/1/0935/9550/0847/files/C.HERRERA-212-Men-Heroes-Forever-Young-Edt-150ML.webp?v=1754297505,منتج عطر سي. هيريرا 212 للرجال هيروز فور إيفر يونغ، تركيز إي دي تي، 150 مل من perfumes. التصنيف المرجعي: العطور — بسيط. الوسوم المرجعية: Men’s Perfumes، Perfumes.,https://alfouadpharmacies.com/en/products/cherrera-212-men-heroes-forever-young-edt-150ml,AlFouad Pharmacies,true,Verify usage rights before commercial publication,false,false,false,false,HOLD — REFERENCE ONLY
10569968681263,cd-dior-sauvage-elixir-edp-fm-100ml,ديور سوفاج إليكسير أو دو بارفيوم 60 مل,perfumes,العطور,العطور,بيرفيوم ,12986,15500,,true,https://cdn.shopify.com/s/files/1/0935/9550/0847/files/1_75.webp?v=1782303159,منتج ديور سوفاج إليكسير أو دو بارفيوم 60 مل من perfumes. التصنيف المرجعي: العطور — بيرفيوم . الوسوم المرجعية: Men’s Perfumes، Perfumes.,https://alfouadpharmacies.com/en/products/cd-dior-sauvage-elixir-edp-fm-100ml,AlFouad Pharmacies,true,Verify usage rights before commercial publication,false,false,false,false,HOLD — REFERENCE ONLY
10569968582959,bvlgari-man-terrae-essence-edp-100ml,عطر بولغاري مان تيرّاي إيسنس، تركيز إي دي بي، 100 مل,perfumes,العطور,العطور,بسيط,9049,7200,,true,https://cdn.shopify.com/s/files/1/0935/9550/0847/files/Bvlgari-Man-Terrae-Essence-Edp-100ML.webp?v=1754297509,منتج عطر بولغاري مان تيرّاي إيسنس، تركيز إي دي بي، 100 مل من perfumes. التصنيف المرجعي: العطور — بسيط. الوسوم المرجعية: Men’s Perfumes، Perfumes.,https://alfouadpharmacies.com/en/products/bvlgari-man-terrae-essence-edp-100ml,AlFouad Pharmacies,true,Verify usage rights before commercial publication,false,false,false,false,HOLD — REFERENCE ONLY
10569968517423,bvlgari-man-glacial-essence-edp-100ml,عطر بولغاري مان جليد إيسنس أو دو برفيوم 100 مل,perfumes,العطور,العطور,بسيط,7678,7500,,true,https://cdn.shopify.com/s/files/1/0935/9550/0847/files/Bvlgari-Man-Glacial-Essence-Edp-100ML.webp?v=1754297509,منتج عطر بولغاري مان جليد إيسنس أو دو برفيوم 100 مل من perfumes. التصنيف المرجعي: العطور — بسيط. الوسوم المرجعية: Men’s Perfumes، Perfumes.,https://alfouadpharmacies.com/en/products/bvlgari-man-glacial-essence-edp-100ml,AlFouad Pharmacies,true,Verify usage rights before commercial publication,false,false,false,false,HOLD — REFERENCE ONLY
10569968484655,burberry-my-burberry-fw-edp-90-ml,Burberry My Burberry F/W عطر نسائي 90 مل,perfumes,العطور,العطور,بسيط,95973,6075,,true,https://cdn.shopify.com/s/files/1/0935/9550/0847/files/Burberry-My-Burberry-FW-Edp-90-ml.webp?v=1754297510,منتج Burberry My Burberry F/W عطر نسائي 90 مل من perfumes. التصنيف المرجعي: العطور — بسيط. الوسوم المرجعية: Perfumes، Women’s Perfumes.,https://alfouadpharmacies.com/en/products/burberry-my-burberry-fw-edp-90-ml,AlFouad Pharmacies,true,Verify usage rights before commercial publication,false,false,false,false,HOLD — REFERENCE ONLY
10569967894831,burberry-mrburberry-indigo-edt-150ml,عطر بوربيري MR.BURBERRY Indigo  أو دو تواليت 150 مل,perfumes,العطور,العطور,بسيط,15762,2200,,false,https://cdn.shopify.com/s/files/1/0935/9550/0847/files/91Q8BJwelXL._AC_UF8941000_QL80.webp?v=1754297515,منتج عطر بوربيري MR.BURBERRY Indigo  أو دو تواليت 150 مل من perfumes. التصنيف المرجعي: العطور — بسيط. الوسوم المرجعية: Men’s Perfumes، Perfumes.,https://alfouadpharmacies.com/en/products/burberry-mrburberry-indigo-edt-150ml,AlFouad Pharmacies,true,Verify usage rights before commercial publication,false,false,false,false,HOLD — REFERENCE ONLY
10569967829295,burberry-mr-edp-fm-100-ml,بربري مستر عطر للرجال 100 مل,perfumes,العطور,العطور,بسيط,32286,4900,,true,https://cdn.shopify.com/s/files/1/0935/9550/0847/files/Burberry-Mr.-Edp-FM-100-ml.webp?v=1754297516,منتج بربري مستر عطر للرجال 100 مل من perfumes. التصنيف المرجعي: العطور — بسيط. الوسوم المرجعية: Men’s Perfumes، Perfumes.,https://alfouadpharmacies.com/en/products/burberry-mr-edp-fm-100-ml,AlFouad Pharmacies,true,Verify usage rights before commercial publication,false,false,false,false,HOLD — REFERENCE ONLY
10569967796527,burberry-london-edt-fm-100ml,عطر بربري لندن، إصدار تواليت، 100 مل,perfumes,العطور,العطور,بسيط,20843,3550,,true,https://cdn.shopify.com/s/files/1/0935/9550/0847/files/Burberry-London-Edt-FM-100ML.webp?v=1754297516,منتج عطر بربري لندن، إصدار تواليت، 100 مل من perfumes. التصنيف المرجعي: العطور — بسيط. الوسوم المرجعية: Men’s Perfumes، Perfumes.,https://alfouadpharmacies.com/en/products/burberry-london-edt-fm-100ml,AlFouad Pharmacies,true,Verify usage rights before commercial publication,false,false,false,false,HOLD — REFERENCE ONLY
10569967763759,burberry-element-edt-fm-150ml,عطر بربري إليمنت، ماء تواليت، للرجال، 150 مل,perfumes,العطور,العطور,بسيط,111052,4300,,false,https://cdn.shopify.com/s/files/1/0935/9550/0847/files/Burberry-Element-Edt-FM-150ML.webp?v=1754297517,منتج عطر بربري إليمنت، ماء تواليت، للرجال، 150 مل من perfumes. التصنيف المرجعي: العطور — بسيط. الوسوم المرجعية: Men’s Perfumes، Perfumes.,https://alfouadpharmacies.com/en/products/burberry-element-edt-fm-150ml,AlFouad Pharmacies,true,Verify usage rights before commercial publication,false,false,false,false,HOLD — REFERENCE ONLY
10569967698223,burberry-body-edp-fw-85ml,عطر بوربيري بودي إي دي بي، إصدار الخريف/الشتاء، 85 مل,perfumes,العطور,العطور,بسيط,104049,4200,,false,https://cdn.shopify.com/s/files/1/0935/9550/0847/files/Burberry-Body-Edp-FW-85ML.webp?v=1754297517,منتج عطر بوربيري بودي إي دي بي، إصدار الخريف/الشتاء، 85 مل من perfumes. التصنيف المرجعي: العطور — بسيط. الوسوم المرجعية: Perfumes، Women’s Perfumes.,https://alfouadpharmacies.com/en/products/burberry-body-edp-fw-85ml,AlFouad Pharmacies,true,Verify usage rights before commercial publication,false,false,false,false,HOLD — REFERENCE ONLY
10569967567151,azzaro-wanted-girl-edp-80-ml-body-lotion-100ml,أزارو وانتد جيرل (ماء عطر 80 مل + لوشن للجسم 100 مل),perfumes,العطور,العطور,بسيط,9304,2500,,false,https://cdn.shopify.com/s/files/1/0935/9550/0847/files/Azzaro-Wanted-Girl-Edp-80-ml-Body-Lotion-100ML.webp?v=1754297518,منتج أزارو وانتد جيرل (ماء عطر 80 مل + لوشن للجسم 100 مل) من perfumes. التصنيف المرجعي: العطور — بسيط. الوسوم المرجعية: Perfumes، Women’s Perfumes.,https://alfouadpharmacies.com/en/products/azzaro-wanted-girl-edp-80-ml-body-lotion-100ml,AlFouad Pharmacies,true,Verify usage rights before commercial publication,false,false,false,false,HOLD — REFERENCE ONLY
10569967436079,azzaro-pour-homme-edt-fm-100ml,أزارو بور هوم عطر للرجال 100 مل,perfumes,العطور,العطور,بسيط,10495,2600,,false,https://cdn.shopify.com/s/files/1/0935/9550/0847/files/AZZARO-POUR-HOMME-EDT-100ML.webp?v=1754297520,منتج أزارو بور هوم عطر للرجال 100 مل من perfumes. التصنيف المرجعي: العطور — بسيط. الوسوم المرجعية: Men’s Perfumes، Perfumes.,https://alfouadpharmacies.com/en/products/azzaro-pour-homme-edt-fm-100ml,AlFouad Pharmacies,true,Verify usage rights before commercial publication,false,false,false,false,HOLD — REFERENCE ONLY
10569806020911,super-kids-baby-hair-cream-200ml,كريم شعر الأطفال سوبر كيدز 200 مل,Super kids,العناية بالأطفال,عناية الأطفال التجميلية,بسيط,4825,145,,true,https://cdn.shopify.com/s/files/1/0935/9550/0847/files/Super-Kids-Baby-Hair-Cream-200ml.webp?v=1754298760,منتج كريم شعر الأطفال سوبر كيدز 200 مل من Super kids. التصنيف المرجعي: العناية بالأطفال — بسيط. الوسوم المرجعية: Anti-Frizz، Dry & Damage Hair، Kids Care، Kids Concerns، Kids Hair، Kids Hair Cream، super kids.,https://alfouadpharmacies.com/en/products/super-kids-baby-hair-cream-200ml,AlFouad Pharmacies,true,Verify usage rights before commercial publication,false,false,false,false,HOLD — REFERENCE ONLY
10569806119215,super-kids-shamp-conditioner-bath-3-in-1-strawberry-500ml,شامبو، بلسم، وحمام للأطفال سوبر كيدز 3 في 1 (مشمش) 500 مل,Super kids,العناية بالأطفال,عناية الأطفال التجميلية,بسيط,82755,230,,true,https://cdn.shopify.com/s/files/1/0935/9550/0847/files/Super-Kids-Shamp-Conditioner-Bath-3-in-1-Strawberry-500ml.webp?v=1754298758,منتج شامبو، بلسم، وحمام للأطفال سوبر كيدز 3 في 1 (مشمش) 500 مل من Super kids. التصنيف المرجعي: العناية بالأطفال — بسيط. الوسوم المرجعية: Kids Care، Kids Conditioner، Kids Hair، Kids Shampoo، Kids Shower، super kids.,https://alfouadpharmacies.com/en/products/super-kids-shamp-conditioner-bath-3-in-1-strawberry-500ml,AlFouad Pharmacies,true,Verify usage rights before commercial publication,false,false,false,false,HOLD — REFERENCE ONLY
10569802875183,mustela-skin-freshener-200-ml,منشط البشرة من موستيلا 200 مل,Mustela,العناية بالأطفال,عناية الأطفال التجميلية,بسيط,13993,615,,true,https://cdn.shopify.com/s/files/1/0935/9550/0847/files/Mustela-Skin-Freshener-200-ml.webp?v=1754298785,منتج منشط البشرة من موستيلا 200 مل من Mustela. التصنيف المرجعي: العناية بالأطفال — بسيط. الوسوم المرجعية: Baby Care، Kids Care، Kids Concerns، Kids Deodorant.,https://alfouadpharmacies.com/en/products/mustela-skin-freshener-200-ml,AlFouad Pharmacies,true,Verify usage rights before commercial publication,false,false,false,false,HOLD — REFERENCE ONLY
10569802383663,mustela-dermo-cleansing-gel-derm-500ml,جل التنظيف المهدئ من موستيلا ديرم 500 مل,Mustela,العناية بالأطفال,عناية الأطفال التجميلية,بسيط,88434,1199,,true,https://cdn.shopify.com/s/files/1/0935/9550/0847/files/Mustela-Dermo-Cleansing-Gel-Derm-500ML.webp?v=1754298789,منتج جل التنظيف المهدئ من موستيلا ديرم 500 مل من Mustela. التصنيف المرجعي: العناية بالأطفال — بسيط. الوسوم المرجعية: Baby Care، Kids Care، Kids Concerns، Kids Hair، Kids Shampoo، Kids Shower.,https://alfouadpharmacies.com/en/products/mustela-dermo-cleansing-gel-derm-500ml,AlFouad Pharmacies,true,Verify usage rights before commercial publication,false,false,false,false,HOLD — REFERENCE ONLY
10569744711983,la-roche-anthelios-baby-lotion-spf50-50ml,لوشن لاروش بوزاي أنتيليوس للأطفال، حماية من الشمس بدرجة 50+، 50 مل,La Roch Possay,العناية بالأطفال,عناية الأطفال التجميلية,واقي شمس للاطفال ,12624,1200,,true,https://cdn.shopify.com/s/files/1/0935/9550/0847/files/Group_1_19.webp?v=1781936083,منتج لوشن لاروش بوزاي أنتيليوس للأطفال، حماية من الشمس بدرجة 50+، 50 مل من La Roch Possay. التصنيف المرجعي: العناية بالأطفال — واقي شمس للاطفال . الوسوم المرجعية: Baby Sunscreen، Kids Care، Kids Concerns، Skin Care، SPF 50، Sun Care، Sunscreen.,https://alfouadpharmacies.com/en/products/la-roche-anthelios-baby-lotion-spf50-50ml,AlFouad Pharmacies,true,Verify usage rights before commercial publication,false,false,false,false,HOLD — REFERENCE ONLY
10569802547503,mustela-hydra-bebe-body-lotion-300-ml,لوشن الجسم موستيلا هيدرا بيبي 300 مل,Mustela,العناية بالأطفال,عناية الأطفال التجميلية,بسيط,91536,1029,,true,https://cdn.shopify.com/s/files/1/0935/9550/0847/files/Mustela-Hydra-Bebe-Body-Lotion-300-ml.webp?v=1754298788,منتج لوشن الجسم موستيلا هيدرا بيبي 300 مل من Mustela. التصنيف المرجعي: العناية بالأطفال — بسيط. الوسوم المرجعية: Baby Care، Kids Care، Kids Concerns، Kids Dry Skin، Kids Moisturizer.,https://alfouadpharmacies.com/en/products/mustela-hydra-bebe-body-lotion-300-ml,AlFouad Pharmacies,true,Verify usage rights before commercial publication,false,false,false,false,HOLD — REFERENCE ONLY
10569895477551,jampj-baby-soft-lotion-200ml,لوشن جونسون للأطفال 200 مل,J&J,العناية بالأطفال,عناية الأطفال التجميلية,بسيط,86997,155,,true,https://cdn.shopify.com/s/files/1/0935/9550/0847/files/JJ-Baby-Soft-Lotion-200ML.webp?v=1754298202,منتج لوشن جونسون للأطفال 200 مل من J&J. التصنيف المرجعي: العناية بالأطفال — بسيط. الوسوم المرجعية: Baby Care، Kids Care، Kids Concerns، Kids Moisturizer.,https://alfouadpharmacies.com/en/products/jampj-baby-soft-lotion-200ml,AlFouad Pharmacies,true,Verify usage rights before commercial publication,false,false,false,false,HOLD — REFERENCE ONLY
10569805791535,لوشن-سبراي-واقٍ-من-الشمس-للأطفال-والرضع-من-عمر-6-أشهر,لوشن سبراي واقٍ من الشمس للأطفال والرضع من عمر 6 أشهر,parkville,العناية بالأطفال,عناية الأطفال التجميلية,واقي شمس ,106768,310,,true,https://cdn.shopify.com/s/files/1/0935/9550/0847/files/super_kids_sunscreen_lotion_front_03_1615x1615_1e3eb68e-faa2-4f3c-b8d3-ad6b07e9488e.webp?v=1787044639,منتج لوشن سبراي واقٍ من الشمس للأطفال والرضع من عمر 6 أشهر من parkville. التصنيف المرجعي: العناية بالأطفال — واقي شمس . الوسوم المرجعية: Baby Care، Baby Sunscreen، Kids Care، Kids Concerns، Sun Care، Sunscreen، super kids.,https://alfouadpharmacies.com/en/products/لوشن-سبراي-واقٍ-من-الشمس-للأطفال-والرضع-من-عمر-6-أشهر,AlFouad Pharmacies,true,Verify usage rights before commercial publication,false,false,false,false,HOLD — REFERENCE ONLY
10569802219823,mustela-2-in-1-hair-and-body-wash-200-ml,مستحضرات استحمام الشعر والجسم 2 في 1 من موستيلا 200 مل,Mustela,العناية بالأطفال,عناية الأطفال التجميلية,بسيط,13992,639,,true,https://cdn.shopify.com/s/files/1/0935/9550/0847/files/Mustela-2-in-1-Hair-and-Body-Wash-200-ml.webp?v=1754298792,منتج مستحضرات استحمام الشعر والجسم 2 في 1 من موستيلا 200 مل من Mustela. التصنيف المرجعي: العناية بالأطفال — بسيط. الوسوم المرجعية: Baby Care، Kids Care، Kids Concerns، Kids Hair، Kids Shampoo، Kids Shower.,https://alfouadpharmacies.com/en/products/mustela-2-in-1-hair-and-body-wash-200-ml,AlFouad Pharmacies,true,Verify usage rights before commercial publication,false,false,false,false,HOLD — REFERENCE ONLY
10569802285359,mustela-baby-shampoo-200-ml,شامبو موستيلا للأطفال 200 مل,Mustela,العناية بالأطفال,عناية الأطفال التجميلية,بسيط,13771,609,,true,https://cdn.shopify.com/s/files/1/0935/9550/0847/files/Mustela-Baby-Shampoo-200-ml.webp?v=1754298791,منتج شامبو موستيلا للأطفال 200 مل من Mustela. التصنيف المرجعي: العناية بالأطفال — بسيط. الوسوم المرجعية: Baby Care، Kids Care، Kids Concerns، Kids Hair، Kids Shampoo.,https://alfouadpharmacies.com/en/products/mustela-baby-shampoo-200-ml,AlFouad Pharmacies,true,Verify usage rights before commercial publication,false,false,false,false,HOLD — REFERENCE ONLY
10569806512431,super-kids-hair-mask-300ml,قناع شعر سوبر كيدز 300 مل,Super kids,العناية بالأطفال,عناية الأطفال التجميلية,بسيط,5800,150,,true,https://cdn.shopify.com/s/files/1/0935/9550/0847/files/Super-Kids-Hair-Mask-300ml.webp?v=1754298755,منتج قناع شعر سوبر كيدز 300 مل من Super kids. التصنيف المرجعي: العناية بالأطفال — بسيط. الوسوم المرجعية: Kids Care، Kids Hair، Kids Hair Mask، super kids.,https://alfouadpharmacies.com/en/products/super-kids-hair-mask-300ml,AlFouad Pharmacies,true,Verify usage rights before commercial publication,false,false,false,false,HOLD — REFERENCE ONLY
10569802481967,mustela-foam-shampoo-newborn-150-ml,شامبو موسيتلا الرغوي للرضع 150 مل,Mustela,العناية بالأطفال,عناية الأطفال التجميلية,بسيط,13614,915,,true,https://cdn.shopify.com/s/files/1/0935/9550/0847/files/Mustela-Foam-Shampoo-Newborn-150-ml.webp?v=1754298789,منتج شامبو موسيتلا الرغوي للرضع 150 مل من Mustela. التصنيف المرجعي: العناية بالأطفال — بسيط. الوسوم المرجعية: Baby Care، Dandruff، Kids Care، Kids Concerns، Kids Hair، Kids Shampoo.,https://alfouadpharmacies.com/en/products/mustela-foam-shampoo-newborn-150-ml,AlFouad Pharmacies,true,Verify usage rights before commercial publication,false,false,false,false,HOLD — REFERENCE ONLY
12689513152815,sanosan-baby-body-lotion-200-ml,لوشن للجسم للأطفال من سانوسان 200 مل,Sanosan,العناية بالأطفال,عناية الأطفال التجميلية,Body Lotion,83406,339.9,,true,https://cdn.shopify.com/s/files/1/0935/9550/0847/files/Gemini_Generated_Image_400byk400byk400b.webp?v=1789633639,منتج لوشن للجسم للأطفال من سانوسان 200 مل من Sanosan. التصنيف المرجعي: العناية بالأطفال — Body Lotion. الوسوم المرجعية: Baby Care، Kids Care، Kids Dry Skin.,https://alfouadpharmacies.com/en/products/sanosan-baby-body-lotion-200-ml,AlFouad Pharmacies,true,Verify usage rights before commercial publication,false,false,false,false,HOLD — REFERENCE ONLY
10569802350895,mustela-cradle-cap-cream-40ml,كريم موستيلا لعلاج قشرة الرأس 40 مل,Mustela,العناية بالأطفال,عناية الأطفال التجميلية,بسيط,94698,669,,true,https://cdn.shopify.com/s/files/1/0935/9550/0847/files/Mustela-Cradle-Cap-Cream-40ML.webp?v=1754298790,منتج كريم موستيلا لعلاج قشرة الرأس 40 مل من Mustela. التصنيف المرجعي: العناية بالأطفال — بسيط. الوسوم المرجعية: Dandruff، Kids Care، Kids Concerns، Kids Hair، Kids Hair Cream.,https://alfouadpharmacies.com/en/products/mustela-cradle-cap-cream-40ml,AlFouad Pharmacies,true,Verify usage rights before commercial publication,false,false,false,false,HOLD — REFERENCE ONLY
12689691279663,jampj-baby-oil-200ml-normal,زيت جونسون للأطفال 200 مل عادي,J&J,العناية بالأطفال,عناية الأطفال التجميلية,بسيط,1734,130,,true,https://cdn.shopify.com/s/files/1/0935/9550/0847/files/Johnsons_Baby_Oil_591ml_1615x1615_dbba0b27-b668-41d1-b498-4ab2fe01be36.webp?v=1771845827,منتج زيت جونسون للأطفال 200 مل عادي من J&J. التصنيف المرجعي: العناية بالأطفال — بسيط. الوسوم المرجعية: Baby Care، Kids Care، Kids Concerns، Kids Hair، Kids Hair Oil.,https://alfouadpharmacies.com/en/products/jampj-baby-oil-200ml-normal,AlFouad Pharmacies,true,Verify usage rights before commercial publication,false,false,false,false,HOLD — REFERENCE ONLY
10569927524655,vaseline-petroleum-jelly-250ml-baby,فازلين جل بترولي 250 مل للأطفال,Vaseline,العناية بالأطفال,عناية الأطفال التجميلية,بسيط,20015,228,,true,https://cdn.shopify.com/s/files/1/0935/9550/0847/files/Vaseline-Petroleum-Jelly-250ML-Baby.webp?v=1754297809,منتج فازلين جل بترولي 250 مل للأطفال من Vaseline. التصنيف المرجعي: العناية بالأطفال — بسيط. الوسوم المرجعية: Kids Care، Kids Concerns، Kids Dry Skin.,https://alfouadpharmacies.com/en/products/vaseline-petroleum-jelly-250ml-baby,AlFouad Pharmacies,true,Verify usage rights before commercial publication,false,false,false,false,HOLD — REFERENCE ONLY
10569807331631,super-kids-deodorant-roll-on-30ml-lollipop-scent,مزيل عرق رول أون للأطفال سوبر كيدز 30 مل برائحة الحلوى,Super kids,العناية بالأطفال,عناية الأطفال التجميلية,بسيط,21641,110,,true,https://cdn.shopify.com/s/files/1/0935/9550/0847/files/Super-Kids-Deodorant-Roll-On-30ml-Lollipop-Scent.webp?v=1754298749,منتج مزيل عرق رول أون للأطفال سوبر كيدز 30 مل برائحة الحلوى من Super kids. التصنيف المرجعي: العناية بالأطفال — بسيط. الوسوم المرجعية: Kids Care، Kids Deodorant، super kids.,https://alfouadpharmacies.com/en/products/super-kids-deodorant-roll-on-30ml-lollipop-scent,AlFouad Pharmacies,true,Verify usage rights before commercial publication,false,false,false,false,HOLD — REFERENCE ONLY
10569807266095,super-kids-curly-hair-gel-250ml,جل شعر مجعد للأطفال سوبر كيدز 250 مل,Super kids,العناية بالأطفال,عناية الأطفال التجميلية,بسيط,8918,160,,true,https://cdn.shopify.com/s/files/1/0935/9550/0847/files/Super-Kids-Curly-Hair-Gel-250ml.webp?v=1754298749,منتج جل شعر مجعد للأطفال سوبر كيدز 250 مل من Super kids. التصنيف المرجعي: العناية بالأطفال — بسيط. الوسوم المرجعية: Anti-Frizz، Curly Gel، Curly Hair، Kids Care، Kids Concerns، super kids.,https://alfouadpharmacies.com/en/products/super-kids-curly-hair-gel-250ml,AlFouad Pharmacies,true,Verify usage rights before commercial publication,false,false,false,false,HOLD — REFERENCE ONLY
10569798484271,penduline-kids-shea-hair-cream-150ml,كريم شعر شيا من بيندولين للأطفال 150 مل,Penduline,العناية بالأطفال,عناية الأطفال التجميلية,بسيط,83297,165,,false,https://cdn.shopify.com/s/files/1/0935/9550/0847/files/Penduline-Kids-Shea-Hair-Cream-150ml.webp?v=1754298814,منتج كريم شعر شيا من بيندولين للأطفال 150 مل من Penduline. التصنيف المرجعي: العناية بالأطفال — بسيط. الوسوم المرجعية: Anti-Frizz، Curly Hair، Curly Hair Cream، Dry & Damage Hair، Kids Care، Kids Concerns.,https://alfouadpharmacies.com/en/products/penduline-kids-shea-hair-cream-150ml,AlFouad Pharmacies,true,Verify usage rights before commercial publication,false,false,false,false,HOLD — REFERENCE ONLY
10569806446895,شامبو-وبلسم-سوبر-كيدز-2-في-1-للأطفال-برائحة-التوت-الأزرق-500-مل,شامبو وبلسم سوبر كيدز 2 في 1 للأطفال برائحة التوت الأزرق 500 مل,Super kids,العناية بالأطفال,عناية الأطفال التجميلية,شامبو وبلسم ,17829,220,,true,https://cdn.shopify.com/s/files/1/0935/9550/0847/files/super_kids_2in1_shampoo_conditioner_blueberry_foam_1615x1615_d1f161c9-a6a5-498a-9a8f-46159ab2a3ca.webp?v=1787051089,منتج شامبو وبلسم سوبر كيدز 2 في 1 للأطفال برائحة التوت الأزرق 500 مل من Super kids. التصنيف المرجعي: العناية بالأطفال — شامبو وبلسم . الوسوم المرجعية: Kids Care، Kids Conditioner، Kids Hair، Kids Shampoo، super kids.,https://alfouadpharmacies.com/en/products/شامبو-وبلسم-سوبر-كيدز-2-في-1-للأطفال-برائحة-التوت-الأزرق-500-مل,AlFouad Pharmacies,true,Verify usage rights before commercial publication,false,false,false,false,HOLD — REFERENCE ONLY
10569798582575,penduline-baby-bath-2-in1-300ml,حمام الأطفال بيندولين 2 في 1 سعة 300 مل,Penduline,العناية بالأطفال,عناية الأطفال التجميلية,بسيط,101207,219,,true,https://cdn.shopify.com/s/files/1/0935/9550/0847/files/Penduline-Baby-Bath-2-in1-300ml.webp?v=1754298813,منتج حمام الأطفال بيندولين 2 في 1 سعة 300 مل من Penduline. التصنيف المرجعي: العناية بالأطفال — بسيط. الوسوم المرجعية: Baby Care، Kids Care، Kids Concerns، Kids Shower.,https://alfouadpharmacies.com/en/products/penduline-baby-bath-2-in1-300ml,AlFouad Pharmacies,true,Verify usage rights before commercial publication,false,false,false,false,HOLD — REFERENCE ONLY
12689735221551,super-kids-leave-in-conditioner-250ml,بلسم سوبر كيدز للشعر بدون شطف 250 مل,Super kids,العناية بالأطفال,عناية الأطفال التجميلية,بسيط,109141,170,,true,https://cdn.shopify.com/s/files/1/0935/9550/0847/files/SUPER_KIDS_LEAVE_IN_CONDITIONER_ECOM_PRO.webp?v=1771834122,منتج بلسم سوبر كيدز للشعر بدون شطف 250 مل من Super kids. التصنيف المرجعي: العناية بالأطفال — بسيط. الوسوم المرجعية: Anti-Frizz، Dry & Damage Hair، Kids Care، Kids Concerns، Kids Hair، Kids Leave-in Conditioner، super kids.,https://alfouadpharmacies.com/en/products/super-kids-leave-in-conditioner-250ml,AlFouad Pharmacies,true,Verify usage rights before commercial publication,false,false,false,false,HOLD — REFERENCE ONLY
12689724408111,dermaelle-solaire-spf50-kids-faceampbody-lotion-200ml,لوشن ديرمال سولير للبشرة SPF50 للأطفال للوجه والجسم 200 مل,Dermaelle,العناية بالأطفال,عناية الأطفال التجميلية,واقي شمس ,31398,262.5,,true,https://cdn.shopify.com/s/files/1/0935/9550/0847/files/1_-_2026-06-25T134736.793.webp?v=1782384503,منتج لوشن ديرمال سولير للبشرة SPF50 للأطفال للوجه والجسم 200 مل من Dermaelle. التصنيف المرجعي: العناية بالأطفال — واقي شمس . الوسوم المرجعية: Kids Care، Kids Concerns، Kids Sunscreen، Sun Care، Sunscreen.,https://alfouadpharmacies.com/en/products/dermaelle-solaire-spf50-kids-faceampbody-lotion-200ml,AlFouad Pharmacies,true,Verify usage rights before commercial publication,false,false,false,false,HOLD — REFERENCE ONLY
10569806741807,super-kids-nutritive-spray-120ml,بخاخ سوبر كيدز المغذي 120 مل,Super kids,العناية بالأطفال,عناية الأطفال التجميلية,بسيط,15736,150,,true,https://cdn.shopify.com/s/files/1/0935/9550/0847/files/Super-Kids-Nutritive-Spray-120ml.webp?v=1754298753,منتج بخاخ سوبر كيدز المغذي 120 مل من Super kids. التصنيف المرجعي: العناية بالأطفال — بسيط. الوسوم المرجعية: Hair Loss، Kids Care، Kids Concerns، Kids Hair، Kids Hair Spray، super kids.,https://alfouadpharmacies.com/en/products/super-kids-nutritive-spray-120ml,AlFouad Pharmacies,true,Verify usage rights before commercial publication,false,false,false,false,HOLD — REFERENCE ONLY
10569807167791,super-kids-curly-shampoo-300ml,شامبو سوبر كيدز للذين يمتلكون شعر مجعد 300 مل,Super kids,العناية بالأطفال,عناية الأطفال التجميلية,بسيط,103889,180,,true,https://cdn.shopify.com/s/files/1/0935/9550/0847/files/Super-Kids-Curly-Shampoo-300ml.webp?v=1754298750,منتج شامبو سوبر كيدز للذين يمتلكون شعر مجعد 300 مل من Super kids. التصنيف المرجعي: العناية بالأطفال — بسيط. الوسوم المرجعية: Anti-Frizz، Curly Hair، Curly Shmapoo، Kids Care، Kids Concerns، super kids.,https://alfouadpharmacies.com/en/products/super-kids-curly-shampoo-300ml,AlFouad Pharmacies,true,Verify usage rights before commercial publication,false,false,false,false,HOLD — REFERENCE ONLY
10569798418735,penduline-kids-hair-cream-150ml,كريم شعر الأطفال بيندولين 150 مل,Penduline,العناية بالأطفال,عناية الأطفال التجميلية,بسيط,118040,179,,true,https://cdn.shopify.com/s/files/1/0935/9550/0847/files/Penduline-Kids-Hair-Cream-150ml.webp?v=1754298814,منتج كريم شعر الأطفال بيندولين 150 مل من Penduline. التصنيف المرجعي: العناية بالأطفال — بسيط. الوسوم المرجعية: Dry & Damage Hair، Kids Care، Kids Concerns، Kids Hair، Kids Hair Cream.,https://alfouadpharmacies.com/en/products/penduline-kids-hair-cream-150ml,AlFouad Pharmacies,true,Verify usage rights before commercial publication,false,false,false,false,HOLD — REFERENCE ONLY
12689691115823,jampj-baby-oil-75ml-normal,زيت جونسون للأطفال 75 مل عادي,J&J,العناية بالأطفال,عناية الأطفال التجميلية,بسيط,1732,70,,true,https://cdn.shopify.com/s/files/1/0935/9550/0847/files/Johnsons_Baby_Oil_75ml_1615x1615_79452ab7-36d5-42cc-b199-311649131dc3.webp?v=1771846164,منتج زيت جونسون للأطفال 75 مل عادي من J&J. التصنيف المرجعي: العناية بالأطفال — بسيط. الوسوم المرجعية: Baby Care، Kids Care، Kids Concerns، Kids Hair، Kids Hair Oil.,https://alfouadpharmacies.com/en/products/jampj-baby-oil-75ml-normal,AlFouad Pharmacies,true,Verify usage rights before commercial publication,false,false,false,false,HOLD — REFERENCE ONLY
10569894101295,jampj-baby-cologne-100ml-morning-dew,كولونيا جونسون آند جونسون للأطفال 100 مل، رائحة ندى الصباح,AlFouad Pharmacies,العناية بالأطفال,عناية الأطفال التجميلية,بسيط,1504,135,,false,https://cdn.shopify.com/s/files/1/0935/9550/0847/files/JJ-Baby-Cologne-100-ml-Morning-Dew.webp?v=1754298220,منتج كولونيا جونسون آند جونسون للأطفال 100 مل، رائحة ندى الصباح من AlFouad Pharmacies. التصنيف المرجعي: العناية بالأطفال — بسيط. الوسوم المرجعية: Baby Care، Kids Care، Kids Concerns، Kids Deodorant.,https://alfouadpharmacies.com/en/products/jampj-baby-cologne-100ml-morning-dew,AlFouad Pharmacies,true,Verify usage rights before commercial publication,false,false,false,false,HOLD — REFERENCE ONLY
10569806283055,super-kids-facial-foam-200ml,رغوة تنظيف الوجه للأطفال سوبر كيدز 200 مل,Super kids,العناية بالأطفال,عناية الأطفال التجميلية,بسيط,7371,150,,true,https://cdn.shopify.com/s/files/1/0935/9550/0847/files/Super-Kids-Facial-Foam-200ml.webp?v=1754298757,منتج رغوة تنظيف الوجه للأطفال سوبر كيدز 200 مل من Super kids. التصنيف المرجعي: العناية بالأطفال — بسيط. الوسوم المرجعية: Kids Care، Kids Facial Foam، super kids.,https://alfouadpharmacies.com/en/products/super-kids-facial-foam-200ml,AlFouad Pharmacies,true,Verify usage rights before commercial publication,false,false,false,false,HOLD — REFERENCE ONLY
10569797992751,penduline-kids-shampoo-450ml,شامبو الأطفال بيندولين 450 مل,Penduline,العناية بالأطفال,عناية الأطفال التجميلية,بسيط,8724,285,,true,https://cdn.shopify.com/s/files/1/0935/9550/0847/files/Penduline-Kids-Shampoo-450ml.webp?v=1754298817,منتج شامبو الأطفال بيندولين 450 مل من Penduline. التصنيف المرجعي: العناية بالأطفال — بسيط. الوسوم المرجعية: Kids Care، Kids Hair، Kids Shampoo.,https://alfouadpharmacies.com/en/products/penduline-kids-shampoo-450ml,AlFouad Pharmacies,true,Verify usage rights before commercial publication,false,false,false,false,HOLD — REFERENCE ONLY
10569744515375,avene-sun-kids-spray-200ml-spf-50-sensitive-skin,بخاخ أڤين للأطفال للحماية من الشمس 200 مل، عامل حماية من الشمس 50 (للبشرة الحساسة),Avene,العناية بالأطفال,عناية الأطفال التجميلية,بسيط,83642,1599,,true,https://cdn.shopify.com/s/files/1/0935/9550/0847/files/Avene_Sun_Kids_Spray.webp?v=1785740870,منتج بخاخ أڤين للأطفال للحماية من الشمس 200 مل، عامل حماية من الشمس 50 (للبشرة الحساسة) من Avene. التصنيف المرجعي: العناية بالأطفال — بسيط. الوسوم المرجعية: Kids Care، Kids Concerns، Kids Sunscreen، Skin Care، SPF 50، Sun Care، Sunscreen.,https://alfouadpharmacies.com/en/products/avene-sun-kids-spray-200ml-spf-50-sensitive-skin,AlFouad Pharmacies,true,Verify usage rights before commercial publication,false,false,false,false,HOLD — REFERENCE ONLY
12689691214127,jampj-baby-oil-200ml-sleep-time,زيت جونسون للأطفال 200 مل وقت النوم,J&J,العناية بالأطفال,عناية الأطفال التجميلية,بسيط,86299,130,,true,https://cdn.shopify.com/s/files/1/0935/9550/0847/files/Johnsons_Sleep_Time_Oil_200ml_1615x1615_04b5d867-ad97-4ea0-8e54-d5b681eb1cf4.webp?v=1771845976,منتج زيت جونسون للأطفال 200 مل وقت النوم من J&J. التصنيف المرجعي: العناية بالأطفال — بسيط. الوسوم المرجعية: Baby Care، Kids Care، Kids Concerns، Kids Hair، Kids Hair Oil.,https://alfouadpharmacies.com/en/products/jampj-baby-oil-200ml-sleep-time,AlFouad Pharmacies,true,Verify usage rights before commercial publication,false,false,false,false,HOLD — REFERENCE ONLY
10569805398319,penduline-bi-panthenol-cream-75ml,كريم بيندولين بي بانثينول 75 مل,Penduline,العناية بالأطفال,عناية الأطفال التجميلية,بسيط,17568,120,,false,https://cdn.shopify.com/s/files/1/0935/9550/0847/files/Penduline-Bi-Panthenol-Cream-75ml.webp?v=1754298763,منتج كريم بيندولين بي بانثينول 75 مل من Penduline. التصنيف المرجعي: العناية بالأطفال — بسيط. الوسوم المرجعية: Kids Care، Kids Concerns، Kids Dry Skin، Kids Moisturizer.,https://alfouadpharmacies.com/en/products/penduline-bi-panthenol-cream-75ml,AlFouad Pharmacies,true,Verify usage rights before commercial publication,false,false,false,false,HOLD — REFERENCE ONLY
10569798779183,penduline-wavy-hair-cream-150ml,كريم تصفيف الشعر المجعد بيندولين 150 مل,Penduline,العناية بالأطفال,عناية الأطفال التجميلية,بسيط,21522,179,,false,https://cdn.shopify.com/s/files/1/0935/9550/0847/files/Penduline-Wavy-Hair-Cream-150ml.webp?v=1754298812,منتج كريم تصفيف الشعر المجعد بيندولين 150 مل من Penduline. التصنيف المرجعي: العناية بالأطفال — بسيط. الوسوم المرجعية: Anti-Frizz، Kids Care، Kids Concerns، Kids Hair، Kids Hair Cream.,https://alfouadpharmacies.com/en/products/penduline-wavy-hair-cream-150ml,AlFouad Pharmacies,true,Verify usage rights before commercial publication,false,false,false,false,HOLD — REFERENCE ONLY
10569802776879,mustela-nourishing-lotion-cc-200ml,لوشن موستيلا المغذي CC 200 مل,Mustela,العناية بالأطفال,عناية الأطفال التجميلية,بسيط,91168,865,,true,https://cdn.shopify.com/s/files/1/0935/9550/0847/files/Mustela-Nourishing-Lotion-CC-200ML.webp?v=1754298787,منتج لوشن موستيلا المغذي CC 200 مل من Mustela. التصنيف المرجعي: العناية بالأطفال — بسيط. الوسوم المرجعية: Kids Care، Kids Concerns، Kids Dry Skin، Kids Moisturizer.,https://alfouadpharmacies.com/en/products/mustela-nourishing-lotion-cc-200ml,AlFouad Pharmacies,true,Verify usage rights before commercial publication,false,false,false,false,HOLD — REFERENCE ONLY
10569931391279,eva-advanced-care-kids-curls-spray-185ml,بخاخ إيفا للعناية المتقدمة لتصفيف الشعر المجعد للأطفال 185 مل,AlFouad Pharmacies,العناية بالأطفال,عناية الأطفال التجميلية,بسيط,112409,125,,true,https://cdn.shopify.com/s/files/1/0935/9550/0847/files/Eva-Advanced-Care-Kids-Curls-Spray-185ML.webp?v=1754297789,منتج بخاخ إيفا للعناية المتقدمة لتصفيف الشعر المجعد للأطفال 185 مل من AlFouad Pharmacies. التصنيف المرجعي: العناية بالأطفال — بسيط. الوسوم المرجعية: Anti-Frizz، Curly Hair، Curly Spray، Kids Care، Kids Concerns.,https://alfouadpharmacies.com/en/products/eva-advanced-care-kids-curls-spray-185ml,AlFouad Pharmacies,true,Verify usage rights before commercial publication,false,false,false,false,HOLD — REFERENCE ONLY
10569930670383,divol-kids-hairshea-butter-shampoo-450ml,شامبو ديفول للشعر بزبدة الشيا للأطفال 450 مل,AlFouad Pharmacies,العناية بالأطفال,عناية الأطفال التجميلية,بسيط,112463,260,,true,https://cdn.shopify.com/s/files/1/0935/9550/0847/files/Divol-Kids-Hairshea-Butter-Shampoo-450ML.webp?v=1754297791,منتج شامبو ديفول للشعر بزبدة الشيا للأطفال 450 مل من AlFouad Pharmacies. التصنيف المرجعي: العناية بالأطفال — بسيط. الوسوم المرجعية: Anti-Frizz، Dry & Damage Hair، Kids Care، Kids Concerns، Kids Hair، Kids Shampoo.,https://alfouadpharmacies.com/en/products/divol-kids-hairshea-butter-shampoo-450ml,AlFouad Pharmacies,true,Verify usage rights before commercial publication,false,false,false,false,HOLD — REFERENCE ONLY
10569894854959,jampj-baby-oil-75ml-aloe-vera,زيت جونسون للأطفال 75 مل بخلاصة الصبار,J&J,العناية بالأطفال,عناية الأطفال التجميلية,بسيط,82588,70,,true,https://cdn.shopify.com/s/files/1/0935/9550/0847/files/JJ-Baby-Oil-75-ml-Aloe-vera.webp?v=1754298212,منتج زيت جونسون للأطفال 75 مل بخلاصة الصبار من J&J. التصنيف المرجعي: العناية بالأطفال — بسيط. الوسوم المرجعية: Baby Care، Kids Care، Kids Concerns، Kids Hair، Kids Hair Oil.,https://alfouadpharmacies.com/en/products/jampj-baby-oil-75ml-aloe-vera,AlFouad Pharmacies,true,Verify usage rights before commercial publication,false,false,false,false,HOLD — REFERENCE ONLY
10569800253743,penduline-baby-foam-shampoo-150ml,شامبو رغوي للأطفال من بيندولين 150 مل,Penduline,العناية بالأطفال,عناية الأطفال التجميلية,بسيط,98910,280,,true,https://cdn.shopify.com/s/files/1/0935/9550/0847/files/Penduline-Baby-Foam-Shampoo-150ml.webp?v=1754298804,منتج شامبو رغوي للأطفال من بيندولين 150 مل من Penduline. التصنيف المرجعي: العناية بالأطفال — بسيط. الوسوم المرجعية: Baby Care، Kids Care، Kids Concerns، Kids Hair، Kids Shampoo.,https://alfouadpharmacies.com/en/products/penduline-baby-foam-shampoo-150ml,AlFouad Pharmacies,true,Verify usage rights before commercial publication,false,false,false,false,HOLD — REFERENCE ONLY
10569797599535,eva-sun-sea-kids-sunscreen-lotion-spf50-200ml,لوشن واقي من الشمس للأطفال إيفا صن آند سي، درجة حماية 50+، 200 مل,AlFouad Pharmacies,العناية بالأطفال,عناية الأطفال التجميلية,بسيط,85462,300,,true,https://cdn.shopify.com/s/files/1/0935/9550/0847/files/Eva-Sun-Sea-Kids-Sunscreen-Lotion-SPF50-200ml.webp?v=1754298820,منتج لوشن واقي من الشمس للأطفال إيفا صن آند سي، درجة حماية 50+، 200 مل من AlFouad Pharmacies. التصنيف المرجعي: العناية بالأطفال — بسيط. الوسوم المرجعية: Kids Care، Kids Concerns، Kids Sunscreen، Sun Care، Sunscreen.,https://alfouadpharmacies.com/en/products/eva-sun-sea-kids-sunscreen-lotion-spf50-200ml,AlFouad Pharmacies,true,Verify usage rights before commercial publication,false,false,false,false,HOLD — REFERENCE ONLY
15473376723247,happiness-baby-dreams-hair-cream-150ml,HAPPINESS BABY DREAMS HAIR CREAM 150ML,HAPPINESS,العناية بالأطفال,عناية الأطفال التجميلية,,25908,185,,true,https://cdn.shopify.com/s/files/1/0935/9550/0847/files/Happiness_Hair_Cream_1615.webp?v=1789892210,منتج HAPPINESS BABY DREAMS HAIR CREAM 150ML من HAPPINESS. التصنيف المرجعي: العناية بالأطفال. الحجم المذكور: 150 ML. الوسوم المرجعية: Dry & Damadged Hair، Dry & Damage Hair، Hair Care، Hair Cream، Kids Hair Cream.,https://alfouadpharmacies.com/en/products/happiness-baby-dreams-hair-cream-150ml,AlFouad Pharmacies,true,Verify usage rights before commercial publication,false,false,false,false,HOLD — REFERENCE ONLY
10569797042479,dermactive-baby-gentel-shampoo-250ml,شامبو ديرم اكتيف بيبي لطيف للأطفال 250 مل,DERMACTIVE,العناية بالأطفال,عناية الأطفال التجميلية,بسيط,14887,179,,true,https://cdn.shopify.com/s/files/1/0935/9550/0847/files/Dermactive-Baby-Gentel-Shampoo-250ml.webp?v=1754298824,منتج شامبو ديرم اكتيف بيبي لطيف للأطفال 250 مل من DERMACTIVE. التصنيف المرجعي: العناية بالأطفال — بسيط. الوسوم المرجعية: Baby Care، Kids Care، Kids Concerns، Kids Hair، Kids Shampoo.,https://alfouadpharmacies.com/en/products/dermactive-baby-gentel-shampoo-250ml,AlFouad Pharmacies,true,Verify usage rights before commercial publication,false,false,false,false,HOLD — REFERENCE ONLY
12689691083055,jampj-baby-oil-75ml-sleep-time,زيت جونسون للأطفال 75 مل وقت النوم,J&J,العناية بالأطفال,عناية الأطفال التجميلية,بسيط,91856,70,,true,https://cdn.shopify.com/s/files/1/0935/9550/0847/files/Johnsons_Sleep_Time_Oil_75ml_1615x1615_c8e0f49f-0814-4c5d-90d5-11e09bbda580.webp?v=1771846370,منتج زيت جونسون للأطفال 75 مل وقت النوم من J&J. التصنيف المرجعي: العناية بالأطفال — بسيط. الوسوم المرجعية: Baby Care، Kids Care، Kids Concerns، Kids Hair، Kids Hair Oil.,https://alfouadpharmacies.com/en/products/jampj-baby-oil-75ml-sleep-time,AlFouad Pharmacies,true,Verify usage rights before commercial publication,false,false,false,false,HOLD — REFERENCE ONLY
10569807462703,super-kids-curly-refreshing-spray-250ml,بخاخ لتجديد تجعيدات الشعر للأطفال من سوبر كيدز 250 مل,Super kids,العناية بالأطفال,عناية الأطفال التجميلية,بسيط,8943,140,,true,https://cdn.shopify.com/s/files/1/0935/9550/0847/files/Super-Kids-Curly-Refreshing-Spray-250ml.webp?v=1754298748,منتج بخاخ لتجديد تجعيدات الشعر للأطفال من سوبر كيدز 250 مل من Super kids. التصنيف المرجعي: العناية بالأطفال — بسيط. الوسوم المرجعية: Anti-Frizz، Curly Hair، Curly Spray، Kids Care، Kids Concerns، super kids.,https://alfouadpharmacies.com/en/products/super-kids-curly-refreshing-spray-250ml,AlFouad Pharmacies,true,Verify usage rights before commercial publication,false,false,false,false,HOLD — REFERENCE ONLY
10569806971183,super-kids-shampoo-sulfate-free-greenapple-300ml,شامبو سوبر كيدز الخالي من الكبريتات (تفاحة خضراء) 300 مل,Super kids,العناية بالأطفال,عناية الأطفال التجميلية,بسيط,95476,150,,true,https://cdn.shopify.com/s/files/1/0935/9550/0847/files/Super-Kids-Shampoo-Sulfate-Free-Greenapple-300ml.webp?v=1754298752,منتج شامبو سوبر كيدز الخالي من الكبريتات (تفاحة خضراء) 300 مل من Super kids. التصنيف المرجعي: العناية بالأطفال — بسيط. الوسوم المرجعية: Kids Care، Kids Hair، Kids Shampoo، super kids.,https://alfouadpharmacies.com/en/products/super-kids-shampoo-sulfate-free-greenapple-300ml,AlFouad Pharmacies,true,Verify usage rights before commercial publication,false,false,false,false,HOLD — REFERENCE ONLY
10569806872879,super-kids-detangling-spray-for-kids-120ml,بخاخ فك التشابك للأطفال من سوبر كيدز 120 مل,Super kids,العناية بالأطفال,عناية الأطفال التجميلية,بسيط,17696,150,,true,https://cdn.shopify.com/s/files/1/0935/9550/0847/files/Super-Kids-Detangling-Spray-for-Kids-120ml.webp?v=1754298752,منتج بخاخ فك التشابك للأطفال من سوبر كيدز 120 مل من Super kids. التصنيف المرجعي: العناية بالأطفال — بسيط. الوسوم المرجعية: Curly Hair، Curly Spray، Kids Care، super kids.,https://alfouadpharmacies.com/en/products/super-kids-detangling-spray-for-kids-120ml,AlFouad Pharmacies,true,Verify usage rights before commercial publication,false,false,false,false,HOLD — REFERENCE ONLY
10569806709039,super-kids-shampoo-sulfate-free-strawberry-300ml,شامبو سوبر كيدز الخالي من الكبريتات (الكرز) 300 مل,Super kids,العناية بالأطفال,عناية الأطفال التجميلية,بسيط,95478,150,,true,https://cdn.shopify.com/s/files/1/0935/9550/0847/files/Super-Kids-Shampoo-Sulfate-Free-Strawberry-300ml.webp?v=1754298754,منتج شامبو سوبر كيدز الخالي من الكبريتات (الكرز) 300 مل من Super kids. التصنيف المرجعي: العناية بالأطفال — بسيط. الوسوم المرجعية: Kids Care، Kids Hair، Kids Shampoo، super kids.,https://alfouadpharmacies.com/en/products/super-kids-shampoo-sulfate-free-strawberry-300ml,AlFouad Pharmacies,true,Verify usage rights before commercial publication,false,false,false,false,HOLD — REFERENCE ONLY
10569800188207,penduline-baby-body-lotion-200ml,لوشن الجسم للأطفال من بيندولين 200 مل,Penduline,العناية بالأطفال,عناية الأطفال التجميلية,بسيط,21608,225,,true,https://cdn.shopify.com/s/files/1/0935/9550/0847/files/Penduline-Baby-Body-Lotion-200ml.webp?v=1754298804,منتج لوشن الجسم للأطفال من بيندولين 200 مل من Penduline. التصنيف المرجعي: العناية بالأطفال — بسيط. الوسوم المرجعية: Baby Care، Kids Care، Kids Concerns، Kids Moisturizer.,https://alfouadpharmacies.com/en/products/penduline-baby-body-lotion-200ml,AlFouad Pharmacies,true,Verify usage rights before commercial publication,false,false,false,false,HOLD — REFERENCE ONLY
12689691312431,jampj-baby-cologne-100ml-dream,كولونيا للأطفال من جونسون آند جونسون، 100 مل، دريم,J&J,العناية بالأطفال,عناية الأطفال التجميلية,بسيط,81402,135,,true,https://cdn.shopify.com/s/files/1/0935/9550/0847/files/Johnsons_Dream_Cologne_100ml_1615x1615_d4539d5f-1ed9-40c9-a1bf-e3e600b7e18b.webp?v=1771845636,منتج كولونيا للأطفال من جونسون آند جونسون، 100 مل، دريم من J&J. التصنيف المرجعي: العناية بالأطفال — بسيط. الوسوم المرجعية: BABY COLOGNE، Kids Care، Kids Deodorant.,https://alfouadpharmacies.com/en/products/jampj-baby-cologne-100ml-dream,AlFouad Pharmacies,true,Verify usage rights before commercial publication,false,false,false,false,HOLD — REFERENCE ONLY
10569807561007,the-hair-addict-kids-leave-in-condition-500ml,بلسم الشعر بدون شطف للأطفال من ذا هير أديكت، 500 مل,The Hair Addict,العناية بالأطفال,عناية الأطفال التجميلية,بسيط,17461,430,0,true,https://cdn.shopify.com/s/files/1/0935/9550/0847/files/The-Hair-Addict-Kids-Leave-in-Condition-500ml.webp?v=1754298747,منتج بلسم الشعر بدون شطف للأطفال من ذا هير أديكت، 500 مل من The Hair Addict. التصنيف المرجعي: العناية بالأطفال — بسيط. الوسوم المرجعية: Anti-Frizz، Kids Care، Kids Concerns، Kids Hair، Kids Leave-in Conditioner.,https://alfouadpharmacies.com/en/products/the-hair-addict-kids-leave-in-condition-500ml,AlFouad Pharmacies,true,Verify usage rights before commercial publication,false,false,false,false,HOLD — REFERENCE ONLY
10569800384815,penduline-baby-skin-oil-100ml,زيت بيندولين للجلد للرضع 100 مل,Penduline,العناية بالأطفال,عناية الأطفال التجميلية,بسيط,28860,159,,true,https://cdn.shopify.com/s/files/1/0935/9550/0847/files/Penduline-Baby-Skin-Oil-100ml.webp?v=1754298803,منتج زيت بيندولين للجلد للرضع 100 مل من Penduline. التصنيف المرجعي: العناية بالأطفال — بسيط. الوسوم المرجعية: Baby Care، Kids Care، Kids Concerns، Kids Moisturizer.,https://alfouadpharmacies.com/en/products/penduline-baby-skin-oil-100ml,AlFouad Pharmacies,true,Verify usage rights before commercial publication,false,false,false,false,HOLD — REFERENCE ONLY
10569799369007,penduline-kids-curly-shea-butter-shampoo-300ml,شامبو شيا بوتّر للذين ذوي الشعر المجعد من بيندولين للأطفال 300 مل,Penduline,العناية بالأطفال,عناية الأطفال التجميلية,بسيط,28845,230,,true,https://cdn.shopify.com/s/files/1/0935/9550/0847/files/Penduline-Kids-Curly-Shea-Butter-Shampoo-300ml.webp?v=1754298809,منتج شامبو شيا بوتّر للذين ذوي الشعر المجعد من بيندولين للأطفال 300 مل من Penduline. التصنيف المرجعي: العناية بالأطفال — بسيط. الوسوم المرجعية: Curly Hair، Curly Shmapoo، Kids Care.,https://alfouadpharmacies.com/en/products/penduline-kids-curly-shea-butter-shampoo-300ml,AlFouad Pharmacies,true,Verify usage rights before commercial publication,false,false,false,false,HOLD — REFERENCE ONLY
10569797533999,dermactive-baby-delicate-soothing-cream-75ml,كريم ديرم اكتيف بيبي ديلكات المطري 75 مل,DERMACTIVE,العناية بالأطفال,عناية الأطفال التجميلية,بسيط,14886,119,,true,https://cdn.shopify.com/s/files/1/0935/9550/0847/files/Dermactive-Baby-Delicate-Soothing-Cream-75ml.webp?v=1754298821,منتج كريم ديرم اكتيف بيبي ديلكات المطري 75 مل من DERMACTIVE. التصنيف المرجعي: العناية بالأطفال — بسيط. الوسوم المرجعية: Baby Care، Kids Care، Kids Concerns، Kids Dry Skin، Kids Moisturizer.,https://alfouadpharmacies.com/en/products/dermactive-baby-delicate-soothing-cream-75ml,AlFouad Pharmacies,true,Verify usage rights before commercial publication,false,false,false,false,HOLD — REFERENCE ONLY
10569796714799,bobai-kids-sun-screen-lotion-spf30-200ml,لوشن واقي من الشمس للأطفال بوباي، عامل حماية من الشمس 30، 200 مل,Bobai,العناية بالأطفال,عناية الأطفال التجميلية,بسيط,30974,280,,true,https://cdn.shopify.com/s/files/1/0935/9550/0847/files/Bobai-Kids-Sun-Screen-Lotion-SPF30-200ml.webp?v=1754298827,منتج لوشن واقي من الشمس للأطفال بوباي، عامل حماية من الشمس 30، 200 مل من Bobai. التصنيف المرجعي: العناية بالأطفال — بسيط. الوسوم المرجعية: bobai، Kids Care، Kids Concerns، Kids Sunscreen، Sun Care، Sunscreen.,https://alfouadpharmacies.com/en/products/bobai-kids-sun-screen-lotion-spf30-200ml,AlFouad Pharmacies,true,Verify usage rights before commercial publication,false,false,false,false,HOLD — REFERENCE ONLY
12689441784111,super-kids-lip-balm-strawberry-10ml,مرطب شفاه سوبر كيدز بنكهة الفراولة 10 مل,Super kids,العناية بالأطفال,عناية الأطفال التجميلية,,115365,85,,true,https://cdn.shopify.com/s/files/1/0935/9550/0847/files/Gemini_Generated_Image_tjckmntjckmntjck_11zon.webp?v=1789635242,منتج مرطب شفاه سوبر كيدز بنكهة الفراولة 10 مل من Super kids. التصنيف المرجعي: العناية بالأطفال. الوسوم المرجعية: Eye & Lip، Kids Care، Lip، Lip Balm، super kids.,https://alfouadpharmacies.com/en/products/super-kids-lip-balm-strawberry-10ml,AlFouad Pharmacies,true,Verify usage rights before commercial publication,false,false,false,false,HOLD — REFERENCE ONLY
12689513578799,dermaelle-solaire-kids-spf50-lotion-spray-200ml,DERMAELLE SOLAIRE KIDS SPF50+ لوشن سبراي 200 مل,Dermaelle,العناية بالأطفال,عناية الأطفال التجميلية,واقي شمس ,113829,390,,true,https://cdn.shopify.com/s/files/1/0935/9550/0847/files/1_-_2026-06-25T131923.250.webp?v=1782382826,منتج DERMAELLE SOLAIRE KIDS SPF50+ لوشن سبراي 200 مل من Dermaelle. التصنيف المرجعي: العناية بالأطفال — واقي شمس . الوسوم المرجعية: Baby Sunscreen، Kids Sunscreen، Sunscreen، Sunscreen Spray.,https://alfouadpharmacies.com/en/products/dermaelle-solaire-kids-spf50-lotion-spray-200ml,AlFouad Pharmacies,true,Verify usage rights before commercial publication,false,false,false,false,HOLD — REFERENCE ONLY
10569931358511,eva-advanced-care-kids-curls-moist-leave-in-con,مكيف إيفا للعناية المتقدمة لتصفيف الشعر المجعد للأطفال,AlFouad Pharmacies,العناية بالأطفال,عناية الأطفال التجميلية,بسيط,112410,150,,true,https://cdn.shopify.com/s/files/1/0935/9550/0847/files/Eva-Advanced-Care-Kids-Curls-Moist-Leave-In-Con.webp?v=1754297789,منتج مكيف إيفا للعناية المتقدمة لتصفيف الشعر المجعد للأطفال من AlFouad Pharmacies. التصنيف المرجعي: العناية بالأطفال — بسيط. الوسوم المرجعية: Anti-Frizz، Curly Hair، Curly Hair Cream، Kids Care، Kids Concerns.,https://alfouadpharmacies.com/en/products/eva-advanced-care-kids-curls-moist-leave-in-con,AlFouad Pharmacies,true,Verify usage rights before commercial publication,false,false,false,false,HOLD — REFERENCE ONLY
10569896132911,jampj-no-more-tangles-kids-shampoo-200ml,شامبو جيه آند جيه للأطفال بدون تشابك 200 مل,J&J,العناية بالأطفال,عناية الأطفال التجميلية,بسيط,1776,100,,true,https://cdn.shopify.com/s/files/1/0935/9550/0847/files/JJ-No-More-Tangles-Kids-Shampoo-200ML.webp?v=1754298190,منتج شامبو جيه آند جيه للأطفال بدون تشابك 200 مل من J&J. التصنيف المرجعي: العناية بالأطفال — بسيط. الوسوم المرجعية: Baby Care، Kids Care، Kids Concerns، Kids Hair، Kids Shampoo.,https://alfouadpharmacies.com/en/products/jampj-no-more-tangles-kids-shampoo-200ml,AlFouad Pharmacies,true,Verify usage rights before commercial publication,false,false,false,false,HOLD — REFERENCE ONLY
10569895313711,jampj-baby-shampoo-750ml-gold,شامبو جيه آند جيه بيبي 750 مل ذهبي,J&J,العناية بالأطفال,عناية الأطفال التجميلية,بسيط,81774,260,,true,https://cdn.shopify.com/s/files/1/0935/9550/0847/files/JJ-Baby-Shampoo-750-ml-Gold.webp?v=1754298204,منتج شامبو جيه آند جيه بيبي 750 مل ذهبي من J&J. التصنيف المرجعي: العناية بالأطفال — بسيط. الوسوم المرجعية: Baby Care، Kids Care، Kids Concerns، Kids Hair، Kids Shampoo.,https://alfouadpharmacies.com/en/products/jampj-baby-shampoo-750ml-gold,AlFouad Pharmacies,true,Verify usage rights before commercial publication,false,false,false,false,HOLD — REFERENCE ONLY
10569893871919,jampj-baby-bedtime-bath-500ml-lavender,حمام الأطفال قبل النوم من جونسون آند جونسون، 500 مل، باللافندر,Bath and Body,العناية بالأطفال,عناية الأطفال التجميلية,بسيط,27441,200,,true,https://cdn.shopify.com/s/files/1/0935/9550/0847/files/JJ-Baby-Bedtime-Bath-500-ml-Lavender.webp?v=1754298222,منتج حمام الأطفال قبل النوم من جونسون آند جونسون، 500 مل، باللافندر من Bath and Body. التصنيف المرجعي: العناية بالأطفال — بسيط. الوسوم المرجعية: Kids Care، Kids Shower.,https://alfouadpharmacies.com/en/products/jampj-baby-bedtime-bath-500ml-lavender,AlFouad Pharmacies,true,Verify usage rights before commercial publication,false,false,false,false,HOLD — REFERENCE ONLY
10569807626543,the-hair-addict-kids-shampoo-250ml,شامبو الأطفال من ذا هير أديكت، 250 مل,The Hair Addict,العناية بالأطفال,عناية الأطفال التجميلية,بسيط,17460,199,0,true,https://cdn.shopify.com/s/files/1/0935/9550/0847/files/The-Hair-Addict-Kids-Shampoo-250ml.webp?v=1754298747,منتج شامبو الأطفال من ذا هير أديكت، 250 مل من The Hair Addict. التصنيف المرجعي: العناية بالأطفال — بسيط. الوسوم المرجعية: Anti-Frizz، Kids Care، Kids Concerns، Kids Hair، Kids Shampoo.,https://alfouadpharmacies.com/en/products/the-hair-addict-kids-shampoo-250ml,AlFouad Pharmacies,true,Verify usage rights before commercial publication,false,false,false,false,HOLD — REFERENCE ONLY
10569806184751,super-kids-deodorant-roll-on-30ml,مزيل عرق رول أون للأطفال 30 مل,Super kids,العناية بالأطفال,عناية الأطفال التجميلية,بسيط,4716,110,,true,https://cdn.shopify.com/s/files/1/0935/9550/0847/files/Super-Kids-Deodorant-Roll-On-30ml.webp?v=1754298758,منتج مزيل عرق رول أون للأطفال 30 مل من Super kids. التصنيف المرجعي: العناية بالأطفال — بسيط. الوسوم المرجعية: Kids Care، Kids Deodorant، super kids.,https://alfouadpharmacies.com/en/products/super-kids-deodorant-roll-on-30ml,AlFouad Pharmacies,true,Verify usage rights before commercial publication,false,false,false,false,HOLD — REFERENCE ONLY
10569799172399,penduline-kids-hair-gel-250ml,جل الشعر للأطفال من بيندولين 250 مل,Penduline,العناية بالأطفال,عناية الأطفال التجميلية,بسيط,107475,149,,true,https://cdn.shopify.com/s/files/1/0935/9550/0847/files/Penduline-Kids-Hair-Gel-250ml.webp?v=1754298810,منتج جل الشعر للأطفال من بيندولين 250 مل من Penduline. التصنيف المرجعي: العناية بالأطفال — بسيط. الوسوم المرجعية: Anti-Frizz، Curly Gel، Curly Hair، Kids Care، Kids Concerns.,https://alfouadpharmacies.com/en/products/penduline-kids-hair-gel-250ml,AlFouad Pharmacies,true,Verify usage rights before commercial publication,false,false,false,false,HOLD — REFERENCE ONLY
10569796976943,dermactive-baby-hair-detangling-serum-120ml,مصل ديرم اكتيف لتفكيك تشابك شعر الأطفال 120 مل,DERMACTIVE,العناية بالأطفال,عناية الأطفال التجميلية,بسيط,14825,209,,true,https://cdn.shopify.com/s/files/1/0935/9550/0847/files/Dermactive-Baby-Hair-Detangling-Serum-120ml.webp?v=1754298825,منتج مصل ديرم اكتيف لتفكيك تشابك شعر الأطفال 120 مل من DERMACTIVE. التصنيف المرجعي: العناية بالأطفال — بسيط. الوسوم المرجعية: Anti-Frizz، Kids Care، Kids Concerns، Kids Hair، Kids Hair Serum.,https://alfouadpharmacies.com/en/products/dermactive-baby-hair-detangling-serum-120ml,AlFouad Pharmacies,true,Verify usage rights before commercial publication,false,false,false,false,HOLD — REFERENCE ONLY
12689512530223,شامبو-كانتو-للأطفال-بتركيبة-لا-تسبب-الدموع-لتغذية-الشعر-الكيرلي-237-مل,شامبو كانتو للأطفال بتركيبة لا تسبب الدموع لتغذية الشعر الكيرلي 237 مل,cantu,العناية بالأطفال,عناية الأطفال التجميلية,شامبو ,10768,450,,true,https://cdn.shopify.com/s/files/1/0935/9550/0847/files/Group_2_19_be8f1e8b-79d5-4d78-80b8-0befdd747a33.webp?v=1784016855,منتج شامبو كانتو للأطفال بتركيبة لا تسبب الدموع لتغذية الشعر الكيرلي 237 مل من cantu. التصنيف المرجعي: العناية بالأطفال — شامبو . الوسوم المرجعية: Baby Care، Hair Care، kids، Kids Care، Kids Concerns، Kids Hair، Kids Shampoo.,https://alfouadpharmacies.com/en/products/شامبو-كانتو-للأطفال-بتركيبة-لا-تسبب-الدموع-لتغذية-الشعر-الكيرلي-237-مل,AlFouad Pharmacies,true,Verify usage rights before commercial publication,false,false,false,false,HOLD — REFERENCE ONLY
12689512137007,super-kids-hair-serum-100ml,سيروم الشعر للأطفال الخارقين 100 مل,Super kids,العناية بالأطفال,عناية الأطفال التجميلية,,102829,350,,true,https://cdn.shopify.com/s/files/1/0935/9550/0847/files/Gemini_Generated_Image_1gtewj1gtewj1gte.webp?v=1789633898,منتج سيروم الشعر للأطفال الخارقين 100 مل من Super kids. التصنيف المرجعي: العناية بالأطفال. الوسوم المرجعية: Dry & Damage Hair، Kids Hair Serum، super kids.,https://alfouadpharmacies.com/en/products/super-kids-hair-serum-100ml,AlFouad Pharmacies,true,Verify usage rights before commercial publication,false,false,false,false,HOLD — REFERENCE ONLY
10569895248175,jampj-baby-shampoo-200ml-sleep-time-lavander,شامبو جونسون آند جونسون للأطفال 200 مل وقت النوم باللافندر,J&J,العناية بالأطفال,عناية الأطفال التجميلية,بسيط,80287,105,,true,https://cdn.shopify.com/s/files/1/0935/9550/0847/files/JJ-Baby-Shampoo-200-ml-Sleep-Time-Lavander.webp?v=1754298206,منتج شامبو جونسون آند جونسون للأطفال 200 مل وقت النوم باللافندر من J&J. التصنيف المرجعي: العناية بالأطفال — بسيط. الوسوم المرجعية: Baby Care، Kids Care، Kids Concerns، Kids Hair، Kids Shampoo.,https://alfouadpharmacies.com/en/products/jampj-baby-shampoo-200ml-sleep-time-lavander,AlFouad Pharmacies,true,Verify usage rights before commercial publication,false,false,false,false,HOLD — REFERENCE ONLY
10569807724847,the-hair-addict-kids-leave-in-condition-250ml,بلسم الشعر بدون شطف للأطفال من ذا هير أديكت، 250 مل,The Hair Addict,العناية بالأطفال,عناية الأطفال التجميلية,بسيط,99897,250,0,true,https://cdn.shopify.com/s/files/1/0935/9550/0847/files/The-Hair-Addict-Kids-Leave-in-Condition-250ml.webp?v=1754298746,منتج بلسم الشعر بدون شطف للأطفال من ذا هير أديكت، 250 مل من The Hair Addict. التصنيف المرجعي: العناية بالأطفال — بسيط. الوسوم المرجعية: Anti-Frizz، Kids Care، Kids Concerns، Kids Hair، Kids Leave-in Conditioner.,https://alfouadpharmacies.com/en/products/the-hair-addict-kids-leave-in-condition-250ml,AlFouad Pharmacies,true,Verify usage rights before commercial publication,false,false,false,false,HOLD — REFERENCE ONLY
10569799893295,penduline-kids-hair-oil-plus-120ml,زيت الشعر للأطفال من بيندولين بلس 120 مل,Penduline,العناية بالأطفال,عناية الأطفال التجميلية,بسيط,88870,260,,false,https://cdn.shopify.com/s/files/1/0935/9550/0847/files/Penduline-Kids-Hair-Oil-Plus-120-ml.webp?v=1754298806,منتج زيت الشعر للأطفال من بيندولين بلس 120 مل من Penduline. التصنيف المرجعي: العناية بالأطفال — بسيط. الوسوم المرجعية: Anti-Frizz، Kids Care، Kids Concerns، Kids Hair، Kids Hair Oil.,https://alfouadpharmacies.com/en/products/penduline-kids-hair-oil-plus-120ml,AlFouad Pharmacies,true,Verify usage rights before commercial publication,false,false,false,false,HOLD — REFERENCE ONLY
10569799696687,penduline-kids-curly-hair-mask-450ml,قناع شعر مجعد للأطفال من بيندولين 450 مل,Penduline,العناية بالأطفال,عناية الأطفال التجميلية,بسيط,10877,299,,true,https://cdn.shopify.com/s/files/1/0935/9550/0847/files/Penduline-Kids-Curly-Hair-Mask-450ml.webp?v=1754298807,منتج قناع شعر مجعد للأطفال من بيندولين 450 مل من Penduline. التصنيف المرجعي: العناية بالأطفال — بسيط. الوسوم المرجعية: Anti-Frizz، Curly Hair، Curly Hair Mask، Dry & Damage Hair، Kids Care، Kids Concerns.,https://alfouadpharmacies.com/en/products/penduline-kids-curly-hair-mask-450ml,AlFouad Pharmacies,true,Verify usage rights before commercial publication,false,false,false,false,HOLD — REFERENCE ONLY
10569798975791,penduline-kids-curly-shampoo-300ml,شامبو الأطفال للشعر المجعد من بيندولين 300 مل,Penduline,العناية بالأطفال,عناية الأطفال التجميلية,بسيط,12583,230,,true,https://cdn.shopify.com/s/files/1/0935/9550/0847/files/Penduline-Kids-Curly-Shampoo-300ml.webp?v=1754298811,منتج شامبو الأطفال للشعر المجعد من بيندولين 300 مل من Penduline. التصنيف المرجعي: العناية بالأطفال — بسيط. الوسوم المرجعية: Anti-Frizz، Curly Hair، Curly Shmapoo، Kids Care، Kids Concerns.,https://alfouadpharmacies.com/en/products/penduline-kids-curly-shampoo-300ml,AlFouad Pharmacies,true,Verify usage rights before commercial publication,false,false,false,false,HOLD — REFERENCE ONLY
10569797304623,dermactive-baby-head-to-toe-wash-250ml,غسول ديرم اكتيف للجسم والشعر للأطفال 250 مل,DERMACTIVE,العناية بالأطفال,عناية الأطفال التجميلية,بسيط,14875,179,,true,https://cdn.shopify.com/s/files/1/0935/9550/0847/files/Dermactive-Baby-Head-to-Toe-Wash-250ml.webp?v=1754298822,منتج غسول ديرم اكتيف للجسم والشعر للأطفال 250 مل من DERMACTIVE. التصنيف المرجعي: العناية بالأطفال — بسيط. الوسوم المرجعية: Baby Care، Kids Care، Kids Concerns، Kids Shower.,https://alfouadpharmacies.com/en/products/dermactive-baby-head-to-toe-wash-250ml,AlFouad Pharmacies,true,Verify usage rights before commercial publication,false,false,false,false,HOLD — REFERENCE ONLY
10569797108015,dermactive-baby-body-moist-lotion-250ml,لوشن ترطيب الجسم للأطفال ديرم اكتيف 250 مل,DERMACTIVE,العناية بالأطفال,عناية الأطفال التجميلية,بسيط,14917,209,,true,https://cdn.shopify.com/s/files/1/0935/9550/0847/files/Dermactive-Baby-Body-Moist-Lotion-250ml.webp?v=1754298824,منتج لوشن ترطيب الجسم للأطفال ديرم اكتيف 250 مل من DERMACTIVE. التصنيف المرجعي: العناية بالأطفال — بسيط. الوسوم المرجعية: Baby Care، Kids Care، Kids Concerns، Kids Moisturizer.,https://alfouadpharmacies.com/en/products/dermactive-baby-body-moist-lotion-250ml,AlFouad Pharmacies,true,Verify usage rights before commercial publication,false,false,false,false,HOLD — REFERENCE ONLY
10569796878639,dermactive-baby-head-to-toe-wash-500ml,غسول ديرم اكتيف للجسم والشعر للأطفال 500 مل,DERMACTIVE,العناية بالأطفال,عناية الأطفال التجميلية,بسيط,14858,289,,true,https://cdn.shopify.com/s/files/1/0935/9550/0847/files/Dermactive-Baby-Head-to-Toe-Wash-500ml.webp?v=1754298826,منتج غسول ديرم اكتيف للجسم والشعر للأطفال 500 مل من DERMACTIVE. التصنيف المرجعي: العناية بالأطفال — بسيط. الوسوم المرجعية: Baby Care، Kids Care، Kids Concerns، Kids Shower.,https://alfouadpharmacies.com/en/products/dermactive-baby-head-to-toe-wash-500ml,AlFouad Pharmacies,true,Verify usage rights before commercial publication,false,false,false,false,HOLD — REFERENCE ONLY
10569796845871,dermactive-acti-solaire-kids-spray-spf50-125ml,ديرم اكتيف اكتي سولير سبراي للأطفال SPF50+ 125 مل,DERMACTIVE,العناية بالأطفال,عناية الأطفال التجميلية,بسيط,10277,379,,true,https://cdn.shopify.com/s/files/1/0935/9550/0847/files/Dermactive-Acti-Solaire-Kids-Spray-SPF50-125ml.webp?v=1754298826,منتج ديرم اكتيف اكتي سولير سبراي للأطفال SPF50+ 125 مل من DERMACTIVE. التصنيف المرجعي: العناية بالأطفال — بسيط. الوسوم المرجعية: Kids Care، Kids Concerns، Kids Sunscreen، Sun Care، Sunscreen.,https://alfouadpharmacies.com/en/products/dermactive-acti-solaire-kids-spray-spf50-125ml,AlFouad Pharmacies,true,Verify usage rights before commercial publication,false,false,false,false,HOLD — REFERENCE ONLY
10569744974127,la-roche-anthelios-pediatrics-lotion-spf50-75ml,لوشن لاروش انثيليوس للأطفال SPF+50 75 مل,La Roch Possay,العناية بالأطفال,عناية الأطفال التجميلية,بسيط,3361,1089,,false,https://cdn.shopify.com/s/files/1/0935/9550/0847/files/Group_1_15.webp?v=1781935206,منتج لوشن لاروش انثيليوس للأطفال SPF+50 75 مل من La Roch Possay. التصنيف المرجعي: العناية بالأطفال — بسيط. الوسوم المرجعية: Baby Sunscreen، Kids Care، Kids Concerns، Skin Care، SPF 50، Sun Care، Sunscreen.,https://alfouadpharmacies.com/en/products/la-roche-anthelios-pediatrics-lotion-spf50-75ml,AlFouad Pharmacies,true,Verify usage rights before commercial publication,false,false,false,false,HOLD — REFERENCE ONLY
12689690951983,jampj-baby-shampoo-500ml-gold,شامبو جونسون للأطفال ٥٠٠ مل ذهبي,J&J,العناية بالأطفال,عناية الأطفال التجميلية,بسيط,82558,190,,true,https://cdn.shopify.com/s/files/1/0935/9550/0847/files/Johnsons_Baby_Shampoo_500ml_1615x1615_99d533ab-388f-4ba7-8a53-209228cca98a.webp?v=1771846642,منتج شامبو جونسون للأطفال ٥٠٠ مل ذهبي من J&J. التصنيف المرجعي: العناية بالأطفال — بسيط. الوسوم المرجعية: Baby Care، Kids Care، Kids Concerns، Kids Hair، Kids Shampoo.,https://alfouadpharmacies.com/en/products/jampj-baby-shampoo-500ml-gold,AlFouad Pharmacies,true,Verify usage rights before commercial publication,false,false,false,false,HOLD — REFERENCE ONLY
10569906290991,luna-kids-sunscreen-spf50-130ml-off-20,لوشن حماية من الشمس للأطفال لونا، SPF50+، 130 مل، خصم 20%.,AlFouad Pharmacies,العناية بالأطفال,عناية الأطفال التجميلية,بسيط,13228,220,,false,https://cdn.shopify.com/s/files/1/0935/9550/0847/files/Luna-Kids-Sunscreen-SPF50-130ML-off-20.webp?v=1754298058,منتج لوشن حماية من الشمس للأطفال لونا، SPF50+، 130 مل، خصم 20%. من AlFouad Pharmacies. التصنيف المرجعي: العناية بالأطفال — بسيط. الوسوم المرجعية: Kids Care، Kids Concerns، Kids Sunscreen، Sun Care، Sunscreen.,https://alfouadpharmacies.com/en/products/luna-kids-sunscreen-spf50-130ml-off-20,AlFouad Pharmacies,true,Verify usage rights before commercial publication,false,false,false,false,HOLD — REFERENCE ONLY
10569896296751,jampj-spray-200ml-no-more-tangles,بخاخ جونسون آند جونسون 200 مل، لا مزيد من تشابك الشعر,J&J,العناية بالأطفال,عناية الأطفال التجميلية,بسيط,1612,160,,true,https://cdn.shopify.com/s/files/1/0935/9550/0847/files/JJ-Spray-200ML-No-More-Tangles.webp?v=1754298187,منتج بخاخ جونسون آند جونسون 200 مل، لا مزيد من تشابك الشعر من J&J. التصنيف المرجعي: العناية بالأطفال — بسيط. الوسوم المرجعية: Curly Hair، Curly Spray، Kids Care.,https://alfouadpharmacies.com/en/products/jampj-spray-200ml-no-more-tangles,AlFouad Pharmacies,true,Verify usage rights before commercial publication,false,false,false,false,HOLD — REFERENCE ONLY
10569893773615,jampj-baby-bedtime-bath-300ml-lavender-sleep-time,حمام جونسون آند جونسون للاستحمام قبل النوم للأطفال 300 مل، رائحة الخزامى، وقت النوم,Bath and Body,العناية بالأطفال,عناية الأطفال التجميلية,بسيط,98964,160,,true,https://cdn.shopify.com/s/files/1/0935/9550/0847/files/JJ-Baby-Bedtime-Bath-300-ml-Lavender-Sleep-Time.webp?v=1754298223,منتج حمام جونسون آند جونسون للاستحمام قبل النوم للأطفال 300 مل، رائحة الخزامى، وقت النوم من Bath and Body. التصنيف المرجعي: العناية بالأطفال — بسيط. الوسوم المرجعية: Kids Care، Kids Shower.,https://alfouadpharmacies.com/en/products/jampj-baby-bedtime-bath-300ml-lavender-sleep-time,AlFouad Pharmacies,true,Verify usage rights before commercial publication,false,false,false,false,HOLD — REFERENCE ONLY
10569800679727,penduline-kids-stimulator-spray-250ml,بخاخ منشط الأطفال من بيندولين 250 مل,Penduline,العناية بالأطفال,عناية الأطفال التجميلية,بسيط,102808,189,,true,https://cdn.shopify.com/s/files/1/0935/9550/0847/files/Penduline-Kids-Stimulator-Spray-250ml.webp?v=1754298800,منتج بخاخ منشط الأطفال من بيندولين 250 مل من Penduline. التصنيف المرجعي: العناية بالأطفال — بسيط. الوسوم المرجعية: Anti-Frizz، Curly Hair، Curly Spray، Kids Care، Kids Concerns.,https://alfouadpharmacies.com/en/products/penduline-kids-stimulator-spray-250ml,AlFouad Pharmacies,true,Verify usage rights before commercial publication,false,false,false,false,HOLD — REFERENCE ONLY
10569799827759,penduline-shower-gel-sweet-450300-ml,جل استحمام بيندولين سويت 450/300 مل,Penduline,العناية بالأطفال,عناية الأطفال التجميلية,بسيط,21554,219,,false,https://cdn.shopify.com/s/files/1/0935/9550/0847/files/Penduline-Shower-Gel-Sweet-450300-ml.webp?v=1754298807,منتج جل استحمام بيندولين سويت 450/300 مل من Penduline. التصنيف المرجعي: العناية بالأطفال — بسيط. الوسوم المرجعية: Kids Care، Kids Shower.,https://alfouadpharmacies.com/en/products/penduline-shower-gel-sweet-450300-ml,AlFouad Pharmacies,true,Verify usage rights before commercial publication,false,false,false,false,HOLD — REFERENCE ONLY
10569799631151,penduline-shower-gel-banana-450300-ml,جل استحمام بنكهة الموز من بيندولين 450/300 مل,Penduline,العناية بالأطفال,عناية الأطفال التجميلية,بسيط,21507,219,,false,https://cdn.shopify.com/s/files/1/0935/9550/0847/files/Penduline-Shower-Gel-Banana-450300-ml.webp?v=1754298808,منتج جل استحمام بنكهة الموز من بيندولين 450/300 مل من Penduline. التصنيف المرجعي: العناية بالأطفال — بسيط. الوسوم المرجعية: Kids Care، Kids Shower.,https://alfouadpharmacies.com/en/products/penduline-shower-gel-banana-450300-ml,AlFouad Pharmacies,true,Verify usage rights before commercial publication,false,false,false,false,HOLD — REFERENCE ONLY
10569798910255,penduline-kids-curly-detangling-spray-250ml,بخاخ بوندولين للأطفال لتفكيك تشابك الشعر المجعد 250 مل,Penduline,العناية بالأطفال,عناية الأطفال التجميلية,بسيط,94396,199,,true,https://cdn.shopify.com/s/files/1/0935/9550/0847/files/Penduline-Kids-Curly-Detangling-Spray-250ml.webp?v=1754298811,منتج بخاخ بوندولين للأطفال لتفكيك تشابك الشعر المجعد 250 مل من Penduline. التصنيف المرجعي: العناية بالأطفال — بسيط. الوسوم المرجعية: Anti-Frizz، Curly Hair، Curly Spray، Kids Care، Kids Concerns.,https://alfouadpharmacies.com/en/products/penduline-kids-curly-detangling-spray-250ml,AlFouad Pharmacies,true,Verify usage rights before commercial publication,false,false,false,false,HOLD — REFERENCE ONLY
10569744548143,beesline-sunscreen-kids-lotion-spf50-200ml,لوشن واقي من الشمس للأطفال بيزلين SPF50 200 مل,Beesline,العناية بالأطفال,عناية الأطفال التجميلية,بسيط,24482,440,,false,https://cdn.shopify.com/s/files/1/0935/9550/0847/files/Beesline-Sunscreen-Kids-Lotion-SPF50-200ML.webp?v=1754298868,منتج لوشن واقي من الشمس للأطفال بيزلين SPF50 200 مل من Beesline. التصنيف المرجعي: العناية بالأطفال — بسيط. الوسوم المرجعية: Kids Care، Kids Concerns، Kids Sunscreen، Skin Care، SPF 50، Sun Care، Sunscreen.,https://alfouadpharmacies.com/en/products/beesline-sunscreen-kids-lotion-spf50-200ml,AlFouad Pharmacies,true,Verify usage rights before commercial publication,false,false,false,false,HOLD — REFERENCE ONLY
12689691050287,jampj-baby-shampoo-100ml-gold,شامبو جونسون للأطفال 100 مل ذهبي,J&J,العناية بالأطفال,عناية الأطفال التجميلية,بسيط,1702,60,,true,https://cdn.shopify.com/s/files/1/0935/9550/0847/files/Johnsons_Baby_Shampoo_100ml_V2_1615x1615_a7cc969c-c562-4160-9323-b4b2443d8b6e.webp?v=1771846594,منتج شامبو جونسون للأطفال 100 مل ذهبي من J&J. التصنيف المرجعي: العناية بالأطفال — بسيط. الوسوم المرجعية: Baby Care، Kids Care، Kids Concerns، Kids Hair، Kids Shampoo.,https://alfouadpharmacies.com/en/products/jampj-baby-shampoo-100ml-gold,AlFouad Pharmacies,true,Verify usage rights before commercial publication,false,false,false,false,HOLD — REFERENCE ONLY
12689691017519,jampj-baby-shampoo-200ml-gold,شامبو جونسون للأطفال 200 مل ذهبي,J&J,العناية بالأطفال,عناية الأطفال التجميلية,بسيط,99142,100,,true,https://cdn.shopify.com/s/files/1/0935/9550/0847/files/Johnsons_Baby_Shampoo_200ml_1615x1615_ca3f1004-366f-43a9-b077-32dfdccb8f15.webp?v=1771846735,منتج شامبو جونسون للأطفال 200 مل ذهبي من J&J. التصنيف المرجعي: العناية بالأطفال — بسيط. الوسوم المرجعية: Baby Care، Kids Care، Kids Concerns، Kids Hair، Kids Shampoo.,https://alfouadpharmacies.com/en/products/jampj-baby-shampoo-200ml-gold,AlFouad Pharmacies,true,Verify usage rights before commercial publication,false,false,false,false,HOLD — REFERENCE ONLY
12689512923439,sanosan-shower-shampoo-strawberry-400ml,شامبو وجل استحمام سانوسان برائحة الفراولة 400 مل,baby joy,العناية بالأطفال,عناية الأطفال التجميلية,,96091,450.9,,true,https://cdn.shopify.com/s/files/1/0935/9550/0847/files/Sanosan_Kids_2in1_Strawberry_1615x1615_df3c1441-170f-4c2f-a29f-c67c67c06ff4.webp?v=1771840170,منتج شامبو وجل استحمام سانوسان برائحة الفراولة 400 مل من baby joy. التصنيف المرجعي: العناية بالأطفال. الوسوم المرجعية: Baby Care، Kids Care، Kids Shampoo، Kids Shower.,https://alfouadpharmacies.com/en/products/sanosan-shower-shampoo-strawberry-400ml,AlFouad Pharmacies,true,Verify usage rights before commercial publication,false,false,false,false,HOLD — REFERENCE ONLY
10569960128815,penduline-facial-pink-foam-150ml,رغوة بيندولين لتنظيف الوجه باللون الوردي 150 مل,Penduline,العناية بالأطفال,عناية الأطفال التجميلية,بسيط,112128,179,,true,https://cdn.shopify.com/s/files/1/0935/9550/0847/files/Penduline-Facial-Pink-Foam-150ML.webp?v=1754297559,منتج رغوة بيندولين لتنظيف الوجه باللون الوردي 150 مل من Penduline. التصنيف المرجعي: العناية بالأطفال — بسيط. الوسوم المرجعية: Kids Care، Kids Facial Foam.,https://alfouadpharmacies.com/en/products/penduline-facial-pink-foam-150ml,AlFouad Pharmacies,true,Verify usage rights before commercial publication,false,false,false,false,HOLD — REFERENCE ONLY
10569960063279,penduline-facial-blue-foam-150ml,رغوة تنظيف الوجه الزرقاء من بيندولين 150 مل,Penduline,العناية بالأطفال,عناية الأطفال التجميلية,بسيط,112127,179,,true,https://cdn.shopify.com/s/files/1/0935/9550/0847/files/Penduline-Facial-Blue-Foam-150ML.webp?v=1754297560,منتج رغوة تنظيف الوجه الزرقاء من بيندولين 150 مل من Penduline. التصنيف المرجعي: العناية بالأطفال — بسيط. الوسوم المرجعية: Kids Care، Kids Facial Foam.,https://alfouadpharmacies.com/en/products/penduline-facial-blue-foam-150ml,AlFouad Pharmacies,true,Verify usage rights before commercial publication,false,false,false,false,HOLD — REFERENCE ONLY
10569896100143,jampj-no-more-tangle-kids-conditioner-200ml,بلسم جيه آند جيه للأطفال بدون تشابك 200 مل,J&J,العناية بالأطفال,عناية الأطفال التجميلية,بسيط,15519,100,,true,https://cdn.shopify.com/s/files/1/0935/9550/0847/files/JJ-No-More-Tangle-Kids-Conditioner-200ML.webp?v=1754298191,منتج بلسم جيه آند جيه للأطفال بدون تشابك 200 مل من J&J. التصنيف المرجعي: العناية بالأطفال — بسيط. الوسوم المرجعية: Kids Care، Kids Conditioner، Kids Hair.,https://alfouadpharmacies.com/en/products/jampj-no-more-tangle-kids-conditioner-200ml,AlFouad Pharmacies,true,Verify usage rights before commercial publication,false,false,false,false,HOLD — REFERENCE ONLY
10569895412015,jampj-baby-soap-125gm-white,صابون جونسون للأطفال 125 غرام (أبيض),J&J,العناية بالأطفال,عناية الأطفال التجميلية,بسيط,1736,40,,false,https://cdn.shopify.com/s/files/1/0935/9550/0847/files/JJ-Baby-Soap-125GM-White.webp?v=1754298203,منتج صابون جونسون للأطفال 125 غرام (أبيض) من J&J. التصنيف المرجعي: العناية بالأطفال — بسيط. الوسوم المرجعية: Baby Care، Kids Care، Kids Concerns، Kids Shower.,https://alfouadpharmacies.com/en/products/jampj-baby-soap-125gm-white,AlFouad Pharmacies,true,Verify usage rights before commercial publication,false,false,false,false,HOLD — REFERENCE ONLY
10569893708079,jampj-baby-bath-500ml,حمام الأطفال من جيه أند جيه 500 مل,Bath and Body,العناية بالأطفال,عناية الأطفال التجميلية,بسيط,105203,200,,true,https://cdn.shopify.com/s/files/1/0935/9550/0847/files/JJ-Baby-Bath-500ML.webp?v=1754298224,منتج حمام الأطفال من جيه أند جيه 500 مل من Bath and Body. التصنيف المرجعي: العناية بالأطفال — بسيط. الوسوم المرجعية: Kids Care، Kids Shower.,https://alfouadpharmacies.com/en/products/jampj-baby-bath-500ml,AlFouad Pharmacies,true,Verify usage rights before commercial publication,false,false,false,false,HOLD — REFERENCE ONLY
10569893609775,jampj-baby-bath-200ml,حمام الأطفال من جونسون آند جونسون 200 مل,Bath and Body,العناية بالأطفال,عناية الأطفال التجميلية,بسيط,1754,125,,true,https://cdn.shopify.com/s/files/1/0935/9550/0847/files/JJ-Baby-Bath-200-ml.webp?v=1754298225,منتج حمام الأطفال من جونسون آند جونسون 200 مل من Bath and Body. التصنيف المرجعي: العناية بالأطفال — بسيط. الوسوم المرجعية: Kids Care، Kids Shower.,https://alfouadpharmacies.com/en/products/jampj-baby-bath-200ml,AlFouad Pharmacies,true,Verify usage rights before commercial publication,false,false,false,false,HOLD — REFERENCE ONLY
10569798123823,penduline-kids-shampoo-250ml,شامبو الأطفال من بيندولين 250 مل,Penduline,العناية بالأطفال,عناية الأطفال التجميلية,بسيط,21992,230,,true,https://cdn.shopify.com/s/files/1/0935/9550/0847/files/Penduline-Kids-Shampoo-250ml.webp?v=1754298816,منتج شامبو الأطفال من بيندولين 250 مل من Penduline. التصنيف المرجعي: العناية بالأطفال — بسيط. الوسوم المرجعية: Kids Care، Kids Hair، Kids Shampoo.,https://alfouadpharmacies.com/en/products/penduline-kids-shampoo-250ml,AlFouad Pharmacies,true,Verify usage rights before commercial publication,false,false,false,false,HOLD — REFERENCE ONLY
10569797206319,dermactive-baby-gentel-shampoo-500ml,شامبو ديرم اكتيف بيبي اللطيف 500 مل,DERMACTIVE,العناية بالأطفال,عناية الأطفال التجميلية,بسيط,14911,289,,true,https://cdn.shopify.com/s/files/1/0935/9550/0847/files/Dermactive-Baby-Gentel-Shampoo-500ml.webp?v=1754298823,منتج شامبو ديرم اكتيف بيبي اللطيف 500 مل من DERMACTIVE. التصنيف المرجعي: العناية بالأطفال — بسيط. الوسوم المرجعية: Baby Care، Kids Care، Kids Concerns، Kids Hair، Kids Shampoo.,https://alfouadpharmacies.com/en/products/dermactive-baby-gentel-shampoo-500ml,AlFouad Pharmacies,true,Verify usage rights before commercial publication,false,false,false,false,HOLD — REFERENCE ONLY
12689565843759,melatime-sunscreen-kids-spf30-200ml,واقي الشمس للأطفال من ميلاتيم بعامل حماية 30، 200 مل,melatime,العناية بالأطفال,عناية الأطفال التجميلية,,113441,550,,true,https://cdn.shopify.com/s/files/1/0935/9550/0847/files/Melatime_Kids_SPF30_200ml_PureWhite_1615x1615_063b507c-e0d7-4ef1-8167-3763d04ab105.webp?v=1772224805,منتج واقي الشمس للأطفال من ميلاتيم بعامل حماية 30، 200 مل من melatime. التصنيف المرجعي: العناية بالأطفال. الوسوم المرجعية: Kids Sunscreen، Sun Care، Sunscreen، Sunscreen Lotion.,https://alfouadpharmacies.com/en/products/melatime-sunscreen-kids-spf30-200ml,AlFouad Pharmacies,true,Verify usage rights before commercial publication,false,false,false,false,HOLD — REFERENCE ONLY
12689564696879,luna-sun-kids-cream-spf50-after-sun-130ml-off,كريم لونا صن للأطفال بعامل حماية من الشمس 50+، متوفر بحجم 130 مل.,AlFouad Pharmacies,العناية بالأطفال,عناية الأطفال التجميلية,,113505,325,,true,https://cdn.shopify.com/s/files/1/0935/9550/0847/files/Luna_Sun_Kids_SPF50_1615x1615_df153efa-3e6c-44b2-8527-3f4962f86aed.webp?v=1772274216,منتج كريم لونا صن للأطفال بعامل حماية من الشمس 50+، متوفر بحجم 130 مل. من AlFouad Pharmacies. التصنيف المرجعي: العناية بالأطفال. الوسوم المرجعية: Kids Sunscreen، Sunscreen.,https://alfouadpharmacies.com/en/products/luna-sun-kids-cream-spf50-after-sun-130ml-off,AlFouad Pharmacies,true,Verify usage rights before commercial publication,false,false,false,false,HOLD — REFERENCE ONLY
12689512857903,sanosan-shower-shampoo-raspberry-400ml,سانوسان للاستحمام والشامبو برائحة التوت 400 مل ,Sanosan,العناية بالأطفال,عناية الأطفال التجميلية,شاور جل وشامبو,111773,450.9,,false,https://cdn.shopify.com/s/files/1/0935/9550/0847/files/sanosan_kids_raspberry_1615x1615_cd24be67-4f7e-4c12-9349-c6d5a03b1408.webp?v=1773148416,منتج سانوسان للاستحمام والشامبو برائحة التوت 400 مل  من Sanosan. التصنيف المرجعي: العناية بالأطفال — شاور جل وشامبو. الوسوم المرجعية: Kids Care، Kids Shampoo، Kids Shower.,https://alfouadpharmacies.com/en/products/sanosan-shower-shampoo-raspberry-400ml,AlFouad Pharmacies,true,Verify usage rights before commercial publication,false,false,false,false,HOLD — REFERENCE ONLY
10569927852335,vatika-baby-olive-shampoo-200ml,شامبو زيت الزيتون للأطفال من فتيکا 200 مل,AlFouad Pharmacies,العناية بالأطفال,عناية الأطفال التجميلية,بسيط,108456,47,,false,https://cdn.shopify.com/s/files/1/0935/9550/0847/files/Vatika-Baby-Olive-Shampoo-200ML.webp?v=1754297807,منتج شامبو زيت الزيتون للأطفال من فتيکا 200 مل من AlFouad Pharmacies. التصنيف المرجعي: العناية بالأطفال — بسيط. الوسوم المرجعية: Baby Care، Kids Care، Kids Concerns، Kids Hair، Kids Shampoo.,https://alfouadpharmacies.com/en/products/vatika-baby-olive-shampoo-200ml,AlFouad Pharmacies,true,Verify usage rights before commercial publication,false,false,false,false,HOLD — REFERENCE ONLY
10569906323759,luna-kids-sunscreen-spray-spf36-165ml,لوشن واقي من الشمس للأطفال لونا، عامل حماية من الشمس 36+، 165 مل,AlFouad Pharmacies,العناية بالأطفال,عناية الأطفال التجميلية,بسيط,105742,200,,false,https://cdn.shopify.com/s/files/1/0935/9550/0847/files/Luna-Kids-Sunscreen-Spray-SPF36-165ML.webp?v=1754298058,منتج لوشن واقي من الشمس للأطفال لونا، عامل حماية من الشمس 36+، 165 مل من AlFouad Pharmacies. التصنيف المرجعي: العناية بالأطفال — بسيط. الوسوم المرجعية: Kids Care، Kids Concerns، Kids Sunscreen، Sun Care، Sunscreen.,https://alfouadpharmacies.com/en/products/luna-kids-sunscreen-spray-spf36-165ml,AlFouad Pharmacies,true,Verify usage rights before commercial publication,false,false,false,false,HOLD — REFERENCE ONLY
10569906258223,luna-kids-sunscreen-spf50-130ml,لوشن حماية من الشمس للأطفال لونا، عامل حماية من الشمس 50+، 130 مل,AlFouad Pharmacies,العناية بالأطفال,عناية الأطفال التجميلية,بسيط,106799,275,,false,https://cdn.shopify.com/s/files/1/0935/9550/0847/files/Luna-Kids-Sunscreen-SPF50-130ML.webp?v=1754298059,منتج لوشن حماية من الشمس للأطفال لونا، عامل حماية من الشمس 50+، 130 مل من AlFouad Pharmacies. التصنيف المرجعي: العناية بالأطفال — بسيط. الوسوم المرجعية: Kids Care، Kids Concerns، Kids Sunscreen، Sun Care، Sunscreen.,https://alfouadpharmacies.com/en/products/luna-kids-sunscreen-spf50-130ml,AlFouad Pharmacies,true,Verify usage rights before commercial publication,false,false,false,false,HOLD — REFERENCE ONLY
10569895510319,jampj-body-care-cream-100ml-glycerin,كريم العناية بالجسم من جونسون آند جونسون، 100 مل، جلسرين,J&J,العناية بالأطفال,عناية الأطفال التجميلية,بسيط,22883,75,,true,https://cdn.shopify.com/s/files/1/0935/9550/0847/files/JJ-Body-Care-Cream-100-ml-Glycerin.webp?v=1754298201,منتج كريم العناية بالجسم من جونسون آند جونسون، 100 مل، جلسرين من J&J. التصنيف المرجعي: العناية بالأطفال — بسيط. الوسوم المرجعية: Baby Care، Kids Care، Kids Concerns، Kids Dry Skin، Kids Moisturizer.,https://alfouadpharmacies.com/en/products/jampj-body-care-cream-100ml-glycerin,AlFouad Pharmacies,true,Verify usage rights before commercial publication,false,false,false,false,HOLD — REFERENCE ONLY
10569808052527,the-hair-addict-kids-bubble-trouble-conditioner-500ml,"بلسم الشعر للأطفال من ذا هير أديكت، إصدار ""مشكلة الفقاعات""، سعة 500 مل.",The Hair Addict,العناية بالأطفال,عناية الأطفال التجميلية,بسيط,27916,340,0,true,https://cdn.shopify.com/s/files/1/0935/9550/0847/files/The-Hair-Addict-Kids-Bubble-Trouble-Cond-500ml.webp?v=1754298744,"منتج بلسم الشعر للأطفال من ذا هير أديكت، إصدار ""مشكلة الفقاعات""، سعة 500 مل. من The Hair Addict. التصنيف المرجعي: العناية بالأطفال — بسيط. الوسوم المرجعية: Kids Care، Kids Conditioner، Kids Hair.",https://alfouadpharmacies.com/en/products/the-hair-addict-kids-bubble-trouble-conditioner-500ml,AlFouad Pharmacies,true,Verify usage rights before commercial publication,false,false,false,false,HOLD — REFERENCE ONLY
10569807855919,the-hair-addict-kids-conditioner-250ml,بلسم الشعر للأطفال من ذا هير أديكت 250 مل,The Hair Addict,العناية بالأطفال,عناية الأطفال التجميلية,بسيط,17380,199,0,true,https://cdn.shopify.com/s/files/1/0935/9550/0847/files/The-Hair-Addict-Kids-Conditioner-250ml.webp?v=1754298745,منتج بلسم الشعر للأطفال من ذا هير أديكت 250 مل من The Hair Addict. التصنيف المرجعي: العناية بالأطفال — بسيط. الوسوم المرجعية: Anti-Frizz، Kids Care، Kids Concerns، Kids Conditioner، Kids Hair.,https://alfouadpharmacies.com/en/products/the-hair-addict-kids-conditioner-250ml,AlFouad Pharmacies,true,Verify usage rights before commercial publication,false,false,false,false,HOLD — REFERENCE ONLY
10569805234479,penduline-baby-antidandruff-hair-cream-150ml,كريم شعر مضاد للقشرة للرضع من بيندولين 150 مل,Penduline,العناية بالأطفال,عناية الأطفال التجميلية,بسيط,10239,179,,true,https://cdn.shopify.com/s/files/1/0935/9550/0847/files/Penduline-Baby-Antidandruff-Hair-Cream-150ml.webp?v=1754298764,منتج كريم شعر مضاد للقشرة للرضع من بيندولين 150 مل من Penduline. التصنيف المرجعي: العناية بالأطفال — بسيط. الوسوم المرجعية: Baby Care، Kids Care، Kids Concerns، Kids Hair، Kids Hair Cream.,https://alfouadpharmacies.com/en/products/penduline-baby-antidandruff-hair-cream-150ml,AlFouad Pharmacies,true,Verify usage rights before commercial publication,false,false,false,false,HOLD — REFERENCE ONLY
10569805103407,penduline-baby-cologen-100ml-soft-touch,كولونيا بيندولين للأطفال 100 مل، لمسة ناعمة,Penduline,العناية بالأطفال,عناية الأطفال التجميلية,بسيط,21505,119,,false,https://cdn.shopify.com/s/files/1/0935/9550/0847/files/Penduline-Baby-Cologen-100ml-Soft-Touch.webp?v=1754298764,منتج كولونيا بيندولين للأطفال 100 مل، لمسة ناعمة من Penduline. التصنيف المرجعي: العناية بالأطفال — بسيط. الوسوم المرجعية: Baby Care، Kids Care، Kids Concerns، Kids Deodorant.,https://alfouadpharmacies.com/en/products/penduline-baby-cologen-100ml-soft-touch,AlFouad Pharmacies,true,Verify usage rights before commercial publication,false,false,false,false,HOLD — REFERENCE ONLY
10569800515887,penduline-kids-moringa-hair-shampoo-300ml,شامبو شعر الأطفال من بيندولين، مغذي بزيت المورينغا، 300 مل,Penduline,العناية بالأطفال,عناية الأطفال التجميلية,بسيط,92018,230,,true,https://cdn.shopify.com/s/files/1/0935/9550/0847/files/Penduline-Kids-Moringa-Hair-Shampoo-300ml.webp?v=1754298802,منتج شامبو شعر الأطفال من بيندولين، مغذي بزيت المورينغا، 300 مل من Penduline. التصنيف المرجعي: العناية بالأطفال — بسيط. الوسوم المرجعية: Kids Care، Kids Hair، Kids Shampoo.,https://alfouadpharmacies.com/en/products/penduline-kids-moringa-hair-shampoo-300ml,AlFouad Pharmacies,true,Verify usage rights before commercial publication,false,false,false,false,HOLD — REFERENCE ONLY
10569800450351,penduline-kids-curly-conditioner-300ml,بلسم للشعر المجعد للأطفال من بيندولين، 300 مل,Penduline,العناية بالأطفال,عناية الأطفال التجميلية,بسيط,18927,230,,true,https://cdn.shopify.com/s/files/1/0935/9550/0847/files/Penduline-Kids-Curly-Conditioner-300ml.webp?v=1754298802,منتج بلسم للشعر المجعد للأطفال من بيندولين، 300 مل من Penduline. التصنيف المرجعي: العناية بالأطفال — بسيط. الوسوم المرجعية: Curly Conditioner، Curly Hair، Kids Care.,https://alfouadpharmacies.com/en/products/penduline-kids-curly-conditioner-300ml,AlFouad Pharmacies,true,Verify usage rights before commercial publication,false,false,false,false,HOLD — REFERENCE ONLY
10569800089903,penduline-kids-moringa-hair-cream-150ml,كريم شعر مورينغا للأطفال من بيندولين 150 مل,Penduline,العناية بالأطفال,عناية الأطفال التجميلية,بسيط,21631,185,,true,https://cdn.shopify.com/s/files/1/0935/9550/0847/files/Penduline-Kids-Moringa-Hair-Cream-150ml.webp?v=1754298805,منتج كريم شعر مورينغا للأطفال من بيندولين 150 مل من Penduline. التصنيف المرجعي: العناية بالأطفال — بسيط. الوسوم المرجعية: Anti-Frizz، Kids Care، Kids Concerns، Kids Hair، Kids Hair Cream.,https://alfouadpharmacies.com/en/products/penduline-kids-moringa-hair-cream-150ml,AlFouad Pharmacies,true,Verify usage rights before commercial publication,false,false,false,false,HOLD — REFERENCE ONLY
10569800024367,penduline-shower-gel-fresh-lemon-450300-ml,جل استحمام بيندولين بالليمون المنعش 450/300 مل,Penduline,العناية بالأطفال,عناية الأطفال التجميلية,بسيط,25799,219,,false,https://cdn.shopify.com/s/files/1/0935/9550/0847/files/Penduline-Shower-Gel-Fresh-Lemon-450300-ml.webp?v=1754298806,منتج جل استحمام بيندولين بالليمون المنعش 450/300 مل من Penduline. التصنيف المرجعي: العناية بالأطفال — بسيط. الوسوم المرجعية: Kids Care، Kids Shower.,https://alfouadpharmacies.com/en/products/penduline-shower-gel-fresh-lemon-450300-ml,AlFouad Pharmacies,true,Verify usage rights before commercial publication,false,false,false,false,HOLD — REFERENCE ONLY
10569798680879,penduline-kids-curly-shea-butter-condition-300ml,بلسم للشعر المجعد للأطفال من بيندولين، بزبدة الشيا، 300 مل,Penduline,العناية بالأطفال,عناية الأطفال التجميلية,بسيط,108664,230,,true,https://cdn.shopify.com/s/files/1/0935/9550/0847/files/Penduline-Kids-Curly-Shea-Butter-Condition-300ml.webp?v=1754298813,منتج بلسم للشعر المجعد للأطفال من بيندولين، بزبدة الشيا، 300 مل من Penduline. التصنيف المرجعي: العناية بالأطفال — بسيط. الوسوم المرجعية: Curly Conditioner، Curly Hair، Dry & Damage Hair، Kids Care، Kids Concerns.,https://alfouadpharmacies.com/en/products/penduline-kids-curly-shea-butter-condition-300ml,AlFouad Pharmacies,true,Verify usage rights before commercial publication,false,false,false,false,HOLD — REFERENCE ONLY
10569798254895,penduline-kids-moringa-argan-hair-serum-60ml,مصل الشعر من بيندولين للأطفال بزيت المورينغا والأرغان 60 مل,Penduline,العناية بالأطفال,عناية الأطفال التجميلية,بسيط,17683,350,,true,https://cdn.shopify.com/s/files/1/0935/9550/0847/files/Penduline-Kids-Moringa-Argan-Hair-Serum-60ml.webp?v=1754298816,منتج مصل الشعر من بيندولين للأطفال بزيت المورينغا والأرغان 60 مل من Penduline. التصنيف المرجعي: العناية بالأطفال — بسيط. الوسوم المرجعية: Anti-Frizz، Kids Care، Kids Concerns، Kids Hair، Kids Hair Serum.,https://alfouadpharmacies.com/en/products/penduline-kids-moringa-argan-hair-serum-60ml,AlFouad Pharmacies,true,Verify usage rights before commercial publication,false,false,false,false,HOLD — REFERENCE ONLY
10569797730607,eva-bebe-shower-cream-200ml,كريم استحمام إيفا بيبي 200 مل,AlFouad Pharmacies,العناية بالأطفال,عناية الأطفال التجميلية,بسيط,110995,90,,false,https://cdn.shopify.com/s/files/1/0935/9550/0847/files/Eva-Bebe-Shower-Cream-200ml.webp?v=1754298819,منتج كريم استحمام إيفا بيبي 200 مل من AlFouad Pharmacies. التصنيف المرجعي: العناية بالأطفال — بسيط. الوسوم المرجعية: Baby Care، Kids Care، Kids Concerns، Kids Shower.,https://alfouadpharmacies.com/en/products/eva-bebe-shower-cream-200ml,AlFouad Pharmacies,true,Verify usage rights before commercial publication,false,false,false,false,HOLD — REFERENCE ONLY
12689441947951,bino-trust-fluffino-hair-leave-in-cond-350ml,بلسم الشعر الذي يُترك على الشعر من بينو تراست فلافينو، 350 مل,AlFouad Pharmacies,العناية بالأطفال,عناية الأطفال التجميلية,,113580,245,,true,https://cdn.shopify.com/s/files/1/0935/9550/0847/files/BINOTRUSTFLUFFINOHAIRLEAVEINCOND350ML.webp?v=1772108831,منتج بلسم الشعر الذي يُترك على الشعر من بينو تراست فلافينو، 350 مل من AlFouad Pharmacies. التصنيف المرجعي: العناية بالأطفال. الوسوم المرجعية: Kids Hair، Kids Hair Cream، Kids Leave-in Conditioner.,https://alfouadpharmacies.com/en/products/bino-trust-fluffino-hair-leave-in-cond-350ml,AlFouad Pharmacies,true,Verify usage rights before commercial publication,false,false,false,false,HOLD — REFERENCE ONLY
12689513185583,sanosan-bath-shampoo-peach-200ml,شامبو وغسول للجسم برائحة الخوخ من سانوسان، 200 مل,Sanosan,العناية بالأطفال,عناية الأطفال التجميلية,Shampoo,20307,302.9,,true,https://cdn.shopify.com/s/files/1/0935/9550/0847/files/Gemini_Generated_Image_pwss15pwss15pwss.webp?v=1789633762,منتج شامبو وغسول للجسم برائحة الخوخ من سانوسان، 200 مل من Sanosan. التصنيف المرجعي: العناية بالأطفال — Shampoo. الوسوم المرجعية: Baby Care، Kids Care، Kids Shampoo.,https://alfouadpharmacies.com/en/products/sanosan-bath-shampoo-peach-200ml,AlFouad Pharmacies,true,Verify usage rights before commercial publication,false,false,false,false,HOLD — REFERENCE ONLY
12689441128751,lucky-owl-bath-shampoo-200ml,شامبو وغسول للجسم من لاكي أول، 200 مل,LUCKY OWL,العناية بالأطفال,عناية الأطفال التجميلية,,115209,260,,true,https://cdn.shopify.com/s/files/1/0935/9550/0847/files/LUCKYOWLBATH_SHAMPOO200ML.webp?v=1772099837,منتج شامبو وغسول للجسم من لاكي أول، 200 مل من LUCKY OWL. التصنيف المرجعي: العناية بالأطفال. الوسوم المرجعية: Kids Care، Kids Shampoo، Kids Shower.,https://alfouadpharmacies.com/en/products/lucky-owl-bath-shampoo-200ml,AlFouad Pharmacies,true,Verify usage rights before commercial publication,false,false,false,false,HOLD — REFERENCE ONLY
10569894396207,jampj-baby-conditioner-500ml,بلسم جونسون للأطفال ٥٠٠ مل,J&J,العناية بالأطفال,عناية الأطفال التجميلية,بسيط,86409,180,,true,https://cdn.shopify.com/s/files/1/0935/9550/0847/files/JJ-Baby-Conditioner-500-ml.webp?v=1754298216,منتج بلسم جونسون للأطفال ٥٠٠ مل من J&J. التصنيف المرجعي: العناية بالأطفال — بسيط. الوسوم المرجعية: Baby Care، Kids Care، Kids Concerns، Kids Conditioner، Kids Hair.,https://alfouadpharmacies.com/en/products/jampj-baby-conditioner-500ml,AlFouad Pharmacies,true,Verify usage rights before commercial publication,false,false,false,false,HOLD — REFERENCE ONLY
10569846063407,dabur-amla-kids-hair-oil-270ml,زيت دابور أملا للشعر للأطفال 270 مل,AlFouad Pharmacies,العناية بالأطفال,عناية الأطفال التجميلية,بسيط,9228,115,,true,https://cdn.shopify.com/s/files/1/0935/9550/0847/files/Dabur-Amla-Kids-Hair-Oil-270ML.webp?v=1754298475,منتج زيت دابور أملا للشعر للأطفال 270 مل من AlFouad Pharmacies. التصنيف المرجعي: العناية بالأطفال — بسيط. الوسوم المرجعية: Anti-Frizz، Kids Care، Kids Concerns، Kids Hair، Kids Hair Oil.,https://alfouadpharmacies.com/en/products/dabur-amla-kids-hair-oil-270ml,AlFouad Pharmacies,true,Verify usage rights before commercial publication,false,false,false,false,HOLD — REFERENCE ONLY
10569845965103,dabur-amla-kids-hair-oil-200ml,زيت دابور أملا للشعر للأطفال 200 مل,AlFouad Pharmacies,العناية بالأطفال,عناية الأطفال التجميلية,بسيط,82105,96,,true,https://cdn.shopify.com/s/files/1/0935/9550/0847/files/Dabur-Amla-Kids-Hair-Oil-200ML.webp?v=1754298476,منتج زيت دابور أملا للشعر للأطفال 200 مل من AlFouad Pharmacies. التصنيف المرجعي: العناية بالأطفال — بسيط. الوسوم المرجعية: Anti-Frizz، Kids Care، Kids Concerns، Kids Hair، Kids Hair Oil.,https://alfouadpharmacies.com/en/products/dabur-amla-kids-hair-oil-200ml,AlFouad Pharmacies,true,Verify usage rights before commercial publication,false,false,false,false,HOLD — REFERENCE ONLY
10569808216367,tola-kids-curly-leave-in-cream-120ml-11-off,كريم تويلا للأطفال لتصفيف الشعر المجعد 120 مل، عرض 1+1,AlFouad Pharmacies,العناية بالأطفال,عناية الأطفال التجميلية,بسيط,9569,349,,false,https://cdn.shopify.com/s/files/1/0935/9550/0847/files/Tola-Kids-Curly-Leave-in-Cream-120ml-11-Off.webp?v=1754298743,منتج كريم تويلا للأطفال لتصفيف الشعر المجعد 120 مل، عرض 1+1 من AlFouad Pharmacies. التصنيف المرجعي: العناية بالأطفال — بسيط. الوسوم المرجعية: Anti-Frizz، Kids Care، Kids Concerns، Kids Offers.,https://alfouadpharmacies.com/en/products/tola-kids-curly-leave-in-cream-120ml-11-off,AlFouad Pharmacies,true,Verify usage rights before commercial publication,false,false,false,false,HOLD — REFERENCE ONLY
10569807921455,the-hair-addict-kids-reactivator-spray-250ml,بخاخ إعادة تنشيط الشعر للأطفال من هير أديكت، 250 مل,The Hair Addict,العناية بالأطفال,عناية الأطفال التجميلية,بسيط,110669,220,0,true,https://cdn.shopify.com/s/files/1/0935/9550/0847/files/The-Hair-Addict-Kids-Reactivator-Spray-250ml.webp?v=1754298744,منتج بخاخ إعادة تنشيط الشعر للأطفال من هير أديكت، 250 مل من The Hair Addict. التصنيف المرجعي: العناية بالأطفال — بسيط. الوسوم المرجعية: Anti-Frizz، Curls Activator، Curly Hair، Kids Care، Kids Concerns.,https://alfouadpharmacies.com/en/products/the-hair-addict-kids-reactivator-spray-250ml,AlFouad Pharmacies,true,Verify usage rights before commercial publication,false,false,false,false,HOLD — REFERENCE ONLY
10569805627695,penduline-kids-shampoo-65ml,شامبو الأطفال من بيندولين 65 مل,Penduline,العناية بالأطفال,عناية الأطفال التجميلية,بسيط,94371,90,,false,https://cdn.shopify.com/s/files/1/0935/9550/0847/files/Penduline-Kids-Shampoo-65ml.webp?v=1754298762,منتج شامبو الأطفال من بيندولين 65 مل من Penduline. التصنيف المرجعي: العناية بالأطفال — بسيط. الوسوم المرجعية: Kids Care، Kids Hair، Kids Shampoo.,https://alfouadpharmacies.com/en/products/penduline-kids-shampoo-65ml,AlFouad Pharmacies,true,Verify usage rights before commercial publication,false,false,false,false,HOLD — REFERENCE ONLY
10569802678575,mustela-nourishing-cleansing-gel-cc-300ml,جل تنظيف مغذي من موستيلا CC 300 مل,Mustela,العناية بالأطفال,عناية الأطفال التجميلية,بسيط,18096,925,,true,https://cdn.shopify.com/s/files/1/0935/9550/0847/files/Mustela-Nourishing-Cleansing-Gel-CC-300ML.webp?v=1754298787,منتج جل تنظيف مغذي من موستيلا CC 300 مل من Mustela. التصنيف المرجعي: العناية بالأطفال — بسيط. الوسوم المرجعية: Baby Care، Kids Care، Kids Concerns، Kids Shower.,https://alfouadpharmacies.com/en/products/mustela-nourishing-cleansing-gel-cc-300ml,AlFouad Pharmacies,true,Verify usage rights before commercial publication,false,false,false,false,HOLD — REFERENCE ONLY
10569799303471,penduline-kids-hair-mask-300ml,قناع شعر الأطفال من بيندولين 300 مل,Penduline,العناية بالأطفال,عناية الأطفال التجميلية,بسيط,85706,255,,true,https://cdn.shopify.com/s/files/1/0935/9550/0847/files/Penduline-Kids-Hair-Mask-300ml.webp?v=1754298810,منتج قناع شعر الأطفال من بيندولين 300 مل من Penduline. التصنيف المرجعي: العناية بالأطفال — بسيط. الوسوم المرجعية: Dry & Damage Hair، Kids Care، Kids Concerns، Kids Hair، Kids Hair Mask.,https://alfouadpharmacies.com/en/products/penduline-kids-hair-mask-300ml,AlFouad Pharmacies,true,Verify usage rights before commercial publication,false,false,false,false,HOLD — REFERENCE ONLY
10569744580911,bionnex-preventiva-sun-kids-spray-spf50-200ml,بخاخ بيونيكس بريفينتيڤا صن للأطفال، عامل حماية من الشمس 50+، 200 مل,BIONNEX,العناية بالأطفال,عناية الأطفال التجميلية,بسيط,12200,675,,false,https://cdn.shopify.com/s/files/1/0935/9550/0847/files/Bionnex-Preventiva-Sun-Kids-Spray-SPF50-200ML.webp?v=1754298867,منتج بخاخ بيونيكس بريفينتيڤا صن للأطفال، عامل حماية من الشمس 50+، 200 مل من BIONNEX. التصنيف المرجعي: العناية بالأطفال — بسيط. الوسوم المرجعية: Kids Care، Kids Concerns، Kids Sunscreen، Skin Care، SPF 50، Sun Care، Sunscreen.,https://alfouadpharmacies.com/en/products/bionnex-preventiva-sun-kids-spray-spf50-200ml,AlFouad Pharmacies,true,Verify usage rights before commercial publication,false,false,false,false,HOLD — REFERENCE ONLY
10569744417071,isis-uveblock-spf-50-spray-kids-200ml,آيسيس. يو في بلوك سبراي واقي من الشمس للأطفال 50+  200 مل,isis,العناية بالأطفال,عناية الأطفال التجميلية,واقي شمس ,30168,1439,,true,https://cdn.shopify.com/s/files/1/0935/9550/0847/files/1_-_2026-06-30T171840.853.webp?v=1782829139,منتج آيسيس. يو في بلوك سبراي واقي من الشمس للأطفال 50+  200 مل من isis. التصنيف المرجعي: العناية بالأطفال — واقي شمس . الوسوم المرجعية: Kids Care، Kids Concerns، Kids Sunscreen، Skin Care، Skin Concerns، SPF 50، Sun Care، Sunscreen.,https://alfouadpharmacies.com/en/products/isis-uveblock-spf-50-spray-kids-200ml,AlFouad Pharmacies,true,Verify usage rights before commercial publication,false,false,false,false,HOLD — REFERENCE ONLY
12689565024559,the-hair-addict-kids-bubble-trouble-sham-500ml,"شامبو الأطفال ""ذا هير أديكت"" برائحة الفقاعات ٥٠٠ مل ",The Hair Addict,العناية بالأطفال,عناية الأطفال التجميلية,,83126,340,0,true,https://cdn.shopify.com/s/files/1/0935/9550/0847/files/TheHairAddictKidsBubbleTroubleSham500ML.webp?v=1771920545,"منتج شامبو الأطفال ""ذا هير أديكت"" برائحة الفقاعات ٥٠٠ مل  من The Hair Addict. التصنيف المرجعي: العناية بالأطفال. الوسوم المرجعية: Hair Care، Hair Concerns، Hair Shampoo، Kids Hair.",https://alfouadpharmacies.com/en/products/the-hair-addict-kids-bubble-trouble-sham-500ml,AlFouad Pharmacies,true,Verify usage rights before commercial publication,false,false,false,false,HOLD — REFERENCE ONLY
12689512988975,sanosan-baby-body-lotion-100ml,لوشن للجسم للأطفال من سانوسان 100 مل,Sanosan,العناية بالأطفال,عناية الأطفال التجميلية,,94721,194.9,,false,https://cdn.shopify.com/s/files/1/0935/9550/0847/files/Sanosan_Baby_Care_Lotion_1615x1615_157d92cd-f86e-45d2-91d6-e62935f6296d.webp?v=1771840006,منتج لوشن للجسم للأطفال من سانوسان 100 مل من Sanosan. التصنيف المرجعي: العناية بالأطفال. الوسوم المرجعية: Baby Care، Kids Care.,https://alfouadpharmacies.com/en/products/sanosan-baby-body-lotion-100ml,AlFouad Pharmacies,true,Verify usage rights before commercial publication,false,false,false,false,HOLD — REFERENCE ONLY
12689441915183,bino-trust-bubblino-shower-gel-350ml,جل استحمام بينو تراست بابلينو 350 مل,AlFouad Pharmacies,العناية بالأطفال,عناية الأطفال التجميلية,,113581,115,,true,https://cdn.shopify.com/s/files/1/0935/9550/0847/files/BINOTRUSTBUBBLINOSHOWERGEL350ML.webp?v=1772108868,منتج جل استحمام بينو تراست بابلينو 350 مل من AlFouad Pharmacies. التصنيف المرجعي: العناية بالأطفال. الوسوم المرجعية: Kids Care، Kids Shower.,https://alfouadpharmacies.com/en/products/bino-trust-bubblino-shower-gel-350ml,AlFouad Pharmacies,true,Verify usage rights before commercial publication,false,false,false,false,HOLD — REFERENCE ONLY
12689441816879,bino-trust-coolino-shower-gel-350ml,جل استحمام بينو ترست كولينو 350 مل,AlFouad Pharmacies,العناية بالأطفال,عناية الأطفال التجميلية,,113582,115,,true,https://cdn.shopify.com/s/files/1/0935/9550/0847/files/BINOTRUSTCOOLINOSHOWERGEL350ML.webp?v=1772108894,منتج جل استحمام بينو ترست كولينو 350 مل من AlFouad Pharmacies. التصنيف المرجعي: العناية بالأطفال. الوسوم المرجعية: Kids Care، Kids Shower.,https://alfouadpharmacies.com/en/products/bino-trust-coolino-shower-gel-350ml,AlFouad Pharmacies,true,Verify usage rights before commercial publication,false,false,false,false,HOLD — REFERENCE ONLY
10589303537967,mustela-kids-sun-lotion-50-spf-100ml,لوشن حماية من الشمس للأطفال من موستيلا، 50 SPF، 100 مل,Mustela,العناية بالأطفال,عناية الأطفال التجميلية,,103976,999,,false,https://cdn.shopify.com/s/files/1/0935/9550/0847/files/mustela-002694mu_08.webp?v=1754296953,منتج لوشن حماية من الشمس للأطفال من موستيلا، 50 SPF، 100 مل من Mustela. التصنيف المرجعي: العناية بالأطفال. الوسوم المرجعية: Baby Care، Kids Care، Kids Sunscreen.,https://alfouadpharmacies.com/en/products/mustela-kids-sun-lotion-50-spf-100ml,AlFouad Pharmacies,true,Verify usage rights before commercial publication,false,false,false,false,HOLD — REFERENCE ONLY
10569927819567,vatika-baby-olive-massage-oil-100ml,زيت تدليك زيتون فيتيكا للأطفال 100 مل,AlFouad Pharmacies,العناية بالأطفال,عناية الأطفال التجميلية,بسيط,94928,50,,false,https://cdn.shopify.com/s/files/1/0935/9550/0847/files/Vatika-Baby-Olive-Massage-Oil-100ML.webp?v=1754297808,منتج زيت تدليك زيتون فيتيكا للأطفال 100 مل من AlFouad Pharmacies. التصنيف المرجعي: العناية بالأطفال — بسيط. الوسوم المرجعية: Baby Care، Kids Care، Kids Concerns، Kids Hair، Kids Hair Oil.,https://alfouadpharmacies.com/en/products/vatika-baby-olive-massage-oil-100ml,AlFouad Pharmacies,true,Verify usage rights before commercial publication,false,false,false,false,HOLD — REFERENCE ONLY
10569897476399,jampj-baby-conditioner-1000ml,بلسم الأطفال من جونسون آند جونسون 1000 مل,J&J,العناية بالأطفال,عناية الأطفال التجميلية,بسيط,31711,88,,false,https://cdn.shopify.com/s/files/1/0935/9550/0847/files/JJ-Baby-Conditioner-1000-ml.webp?v=1754298174,منتج بلسم الأطفال من جونسون آند جونسون 1000 مل من J&J. التصنيف المرجعي: العناية بالأطفال — بسيط. الوسوم المرجعية: Baby Care، Kids Care، Kids Concerns، Kids Conditioner، Kids Hair.,https://alfouadpharmacies.com/en/products/jampj-baby-conditioner-1000ml,AlFouad Pharmacies,true,Verify usage rights before commercial publication,false,false,false,false,HOLD — REFERENCE ONLY
10569897345327,jampj-baby-shampoo-750mlcond-300ml-offer,عرض شامبو جونسون للأطفال 750 مل + بلسم 300 مل,J&J,العناية بالأطفال,عناية الأطفال التجميلية,بسيط,83329,244,,false,https://cdn.shopify.com/s/files/1/0935/9550/0847/files/JJ-Baby-Shampoo-750MLCOND-300ML-Offer.webp?v=1754298176,منتج عرض شامبو جونسون للأطفال 750 مل + بلسم 300 مل من J&J. التصنيف المرجعي: العناية بالأطفال — بسيط. الوسوم المرجعية: Baby Care، Kids Care، Kids Concerns، Kids Offers.,https://alfouadpharmacies.com/en/products/jampj-baby-shampoo-750mlcond-300ml-offer,AlFouad Pharmacies,true,Verify usage rights before commercial publication,false,false,false,false,HOLD — REFERENCE ONLY
10569895543087,jampj-body-care-cream-100ml-all-skin-type,كريم العناية بالجسم من جيه آند جيه 100 مل (لجميع أنواع البشرة),J&J,العناية بالأطفال,عناية الأطفال التجميلية,بسيط,1774,75,,true,https://cdn.shopify.com/s/files/1/0935/9550/0847/files/JJ-Body-Care-Cream-100ML-All-Skin-Type.webp?v=1754298201,منتج كريم العناية بالجسم من جيه آند جيه 100 مل (لجميع أنواع البشرة) من J&J. التصنيف المرجعي: العناية بالأطفال — بسيط. الوسوم المرجعية: Baby Care، Kids Care، Kids Concerns، Kids Dry Skin، Kids Moisturizer.,https://alfouadpharmacies.com/en/products/jampj-body-care-cream-100ml-all-skin-type,AlFouad Pharmacies,true,Verify usage rights before commercial publication,false,false,false,false,HOLD — REFERENCE ONLY
10569895379247,jampj-baby-shampoo-750ml-off,شامبو جونسون للأطفال 750 مل (خصم),J&J,العناية بالأطفال,عناية الأطفال التجميلية,بسيط,18494,160,,false,https://cdn.shopify.com/s/files/1/0935/9550/0847/files/JJ-Baby-Shampoo-750ML-Off.webp?v=1754298203,منتج شامبو جونسون للأطفال 750 مل (خصم) من J&J. التصنيف المرجعي: العناية بالأطفال — بسيط. الوسوم المرجعية: Baby Care، Kids Care، Kids Concerns، Kids Hair، Kids Shampoo.,https://alfouadpharmacies.com/en/products/jampj-baby-shampoo-750ml-off,AlFouad Pharmacies,true,Verify usage rights before commercial publication,false,false,false,false,HOLD — REFERENCE ONLY
10569894953263,jampj-baby-powder-300gm-blossom,بودرة اطفال جي اند جي 300 جرام بلوسوم مرطبة للجسم,J&J,العناية بالأطفال,عناية الأطفال التجميلية,بسيط,20055,350,,false,https://cdn.shopify.com/s/files/1/0935/9550/0847/files/JJ-Baby-Powder-300GM-Blossom-_D8_A8_D9_88_D8_AF_D8_B1_D8_A9-_D9_85_D8_B1_D8_B7_D8_A8_D8_A9-_D9_84_D9_84_D8_AC_D8_B3_D9_85.webp?v=1754298209,منتج بودرة اطفال جي اند جي 300 جرام بلوسوم مرطبة للجسم من J&J. التصنيف المرجعي: العناية بالأطفال — بسيط. الوسوم المرجعية: Baby Care، Kids Care، Kids Concerns.,https://alfouadpharmacies.com/en/products/jampj-baby-powder-300gm-blossom,AlFouad Pharmacies,true,Verify usage rights before commercial publication,false,false,false,false,HOLD — REFERENCE ONLY
10569894363439,jampj-baby-conditioner-300ml,بلسم جونسون للأطفال 300 مل,J&J,العناية بالأطفال,عناية الأطفال التجميلية,بسيط,96923,130,,true,https://cdn.shopify.com/s/files/1/0935/9550/0847/files/JJ-Baby-Conditioner-300-ml.webp?v=1754298216,منتج بلسم جونسون للأطفال 300 مل من J&J. التصنيف المرجعي: العناية بالأطفال — بسيط. الوسوم المرجعية: Baby Care، Kids Care، Kids Concerns، Kids Conditioner، Kids Hair.,https://alfouadpharmacies.com/en/products/jampj-baby-conditioner-300ml,AlFouad Pharmacies,true,Verify usage rights before commercial publication,false,false,false,false,HOLD — REFERENCE ONLY
10569894297903,jampj-baby-conditioner-200ml-no-more-tan,بلسم جونسون للأطفال 200 مل، لا مزيد من السمرة,AlFouad Pharmacies,العناية بالأطفال,عناية الأطفال التجميلية,بسيط,95806,16,,false,https://cdn.shopify.com/s/files/1/0935/9550/0847/files/JJ-Baby-Conditioner-200-ml-No-More-Tan.webp?v=1753904255,منتج بلسم جونسون للأطفال 200 مل، لا مزيد من السمرة من AlFouad Pharmacies. التصنيف المرجعي: العناية بالأطفال — بسيط. الوسوم المرجعية: Baby Care، Kids Care، Kids Concerns، Kids Conditioner، Kids Hair.,https://alfouadpharmacies.com/en/products/jampj-baby-conditioner-200ml-no-more-tan,AlFouad Pharmacies,true,Verify usage rights before commercial publication,false,false,false,false,HOLD — REFERENCE ONLY
10569894035759,jampj-baby-cologne-100ml-lemon-fresh,كولونيا جونسون آند جونسون للأطفال 100 مل، رائحة الليمون المنعشة,AlFouad Pharmacies,العناية بالأطفال,عناية الأطفال التجميلية,بسيط,1728,80,,false,https://cdn.shopify.com/s/files/1/0935/9550/0847/files/JJ-Baby-Cologne-100-ml-Lemon-Fresh.webp?v=1753904262,منتج كولونيا جونسون آند جونسون للأطفال 100 مل، رائحة الليمون المنعشة من AlFouad Pharmacies. التصنيف المرجعي: العناية بالأطفال — بسيط. الوسوم المرجعية: Baby Care، Kids Care، Kids Concerns، Kids Deodorant.,https://alfouadpharmacies.com/en/products/jampj-baby-cologne-100ml-lemon-fresh,AlFouad Pharmacies,true,Verify usage rights before commercial publication,false,false,false,false,HOLD — REFERENCE ONLY
10569889841455,dabur-amla-kids-hair-oil-disney-100ml,زيت دابور أملا للشعر للأطفال ديزني 100 مل,AlFouad Pharmacies,العناية بالأطفال,عناية الأطفال التجميلية,بسيط,17397,55,,false,https://cdn.shopify.com/s/files/1/0935/9550/0847/files/Dabur-Amla-Kids-Hair-Oil-Disney-100ML.webp?v=1754298267,منتج زيت دابور أملا للشعر للأطفال ديزني 100 مل من AlFouad Pharmacies. التصنيف المرجعي: العناية بالأطفال — بسيط. الوسوم المرجعية: Anti-Frizz، Kids Care، Kids Concerns، Kids Hair، Kids Hair Oil.,https://alfouadpharmacies.com/en/products/dabur-amla-kids-hair-oil-disney-100ml,AlFouad Pharmacies,true,Verify usage rights before commercial publication,false,false,false,false,HOLD — REFERENCE ONLY
10569846260015,dabur-amla-kids-hair-oil-spray-200ml,بخاخ زيت الشعر دابور أملا للأطفال 200 مل,AlFouad Pharmacies,العناية بالأطفال,عناية الأطفال التجميلية,بسيط,5709,85,,false,https://cdn.shopify.com/s/files/1/0935/9550/0847/files/Dabur-Amla-Kids-Hair-Oil-Spray-200ML.webp?v=1754298468,منتج بخاخ زيت الشعر دابور أملا للأطفال 200 مل من AlFouad Pharmacies. التصنيف المرجعي: العناية بالأطفال — بسيط. الوسوم المرجعية: Anti-Frizz، Kids Care، Kids Concerns، Kids Hair، Kids Hair Oil.,https://alfouadpharmacies.com/en/products/dabur-amla-kids-hair-oil-spray-200ml,AlFouad Pharmacies,true,Verify usage rights before commercial publication,false,false,false,false,HOLD — REFERENCE ONLY
10569808118063,tola-baby-shampoo-250mloil-replac-150ml-off,شامبو توالا للأطفال 250 مل + زيت بديل 150 مل  (عرض خاص),AlFouad Pharmacies,العناية بالأطفال,عناية الأطفال التجميلية,بسيط,12929,349,,false,https://cdn.shopify.com/s/files/1/0935/9550/0847/files/Tola-Baby-Shampoo-250mlOIL-Replac-150ml-Off.webp?v=1754298743,منتج شامبو توالا للأطفال 250 مل + زيت بديل 150 مل  (عرض خاص) من AlFouad Pharmacies. التصنيف المرجعي: العناية بالأطفال — بسيط. الوسوم المرجعية: Baby Care، Kids Care، Kids Concerns، Kids Offers.,https://alfouadpharmacies.com/en/products/tola-baby-shampoo-250mloil-replac-150ml-off,AlFouad Pharmacies,true,Verify usage rights before commercial publication,false,false,false,false,HOLD — REFERENCE ONLY
10569806577967,super-kids-deodorant-roll-on-30ml-pineapple-scent,مزيل عرق رول أون للأطفال سوبر كيدز 30 مل، برائحة الأناناس,Super kids,العناية بالأطفال,عناية الأطفال التجميلية,بسيط,109782,110,,true,https://cdn.shopify.com/s/files/1/0935/9550/0847/files/Super-Kids-Deodorant-Roll-On-30ml-Pineapple-Scent.webp?v=1754298754,منتج مزيل عرق رول أون للأطفال سوبر كيدز 30 مل، برائحة الأناناس من Super kids. التصنيف المرجعي: العناية بالأطفال — بسيط. الوسوم المرجعية: Kids Care، Kids Deodorant، super kids.,https://alfouadpharmacies.com/en/products/super-kids-deodorant-roll-on-30ml-pineapple-scent,AlFouad Pharmacies,true,Verify usage rights before commercial publication,false,false,false,false,HOLD — REFERENCE ONLY
10569800614191,penduline-kids-hair-oil-120ml,زيت الشعر للأطفال من بيندولين 120 مل,Penduline,العناية بالأطفال,عناية الأطفال التجميلية,بسيط,88870,260,,false,https://cdn.shopify.com/s/files/1/0935/9550/0847/files/Penduline-Kids-Hair-Oil-120ml.webp?v=1754298801,منتج زيت الشعر للأطفال من بيندولين 120 مل من Penduline. التصنيف المرجعي: العناية بالأطفال — بسيط. الوسوم المرجعية: Anti-Frizz، Kids Care، Kids Concerns، Kids Hair، Kids Hair Oil.,https://alfouadpharmacies.com/en/products/penduline-kids-hair-oil-120ml,AlFouad Pharmacies,true,Verify usage rights before commercial publication,false,false,false,false,HOLD — REFERENCE ONLY
10569797861679,infinity-sunscreen-kids-lotion-spf45-120ml,لوشن واقي من الشمس للأطفال إنفينيتي، عامل حماية من الشمس 45، 120 مل,AlFouad Pharmacies,العناية بالأطفال,عناية الأطفال التجميلية,بسيط,104346,200,,false,https://cdn.shopify.com/s/files/1/0935/9550/0847/files/Infinity-Sunscreen-Kids-Lotion-SPF45-120ml.webp?v=1754298818,منتج لوشن واقي من الشمس للأطفال إنفينيتي، عامل حماية من الشمس 45، 120 مل من AlFouad Pharmacies. التصنيف المرجعي: العناية بالأطفال — بسيط. الوسوم المرجعية: Kids Care، Kids Concerns، Kids Sunscreen، Sun Care، Sunscreen.,https://alfouadpharmacies.com/en/products/infinity-sunscreen-kids-lotion-spf45-120ml,AlFouad Pharmacies,true,Verify usage rights before commercial publication,false,false,false,false,HOLD — REFERENCE ONLY
10569797632303,eva-bebe-shampoo,شامبو إيفا بيبي,AlFouad Pharmacies,العناية بالأطفال,عناية الأطفال التجميلية,بسيط,111003,100,,false,https://cdn.shopify.com/s/files/1/0935/9550/0847/files/Eva-Bebe-Shampoo.webp?v=1754298819,منتج شامبو إيفا بيبي من AlFouad Pharmacies. التصنيف المرجعي: العناية بالأطفال — بسيط. الوسوم المرجعية: Baby Care، Kids Care، Kids Concerns، Kids Hair، Kids Shampoo.,https://alfouadpharmacies.com/en/products/eva-bebe-shampoo,AlFouad Pharmacies,true,Verify usage rights before commercial publication,false,false,false,false,HOLD — REFERENCE ONLY
16103243022639,celimax-retinal-shot-tightening-booster-15ml,CELIMAX RETINAL SHOT TIGHTENING BOOSTER 15ML,korean product,منتجات كورية,الجمال الكوري,Face Treatment,114114,1430,,true,https://cdn.shopify.com/s/files/1/0935/9550/0847/files/celimax_retinal_booster_box_1615.webp?v=1785229090,منتج CELIMAX RETINAL SHOT TIGHTENING BOOSTER 15ML من korean product. التصنيف المرجعي: منتجات كورية — Face Treatment. الحجم المذكور: 15 ML. الوسوم المرجعية: Eye Care.,https://alfouadpharmacies.com/en/products/celimax-retinal-shot-tightening-booster-15ml,AlFouad Pharmacies,true,Verify usage rights before commercial publication,false,false,false,false,HOLD — REFERENCE ONLY
12689553588527,cosrx-advanced-snail-92-all-in-one-cream-100ml,كريم كوسركس المتطور لعلاج الحلزون 92 الكل في واحد 100 مل ,korean product,منتجات كورية,الجمال الكوري,,113892,1296,,true,https://cdn.shopify.com/s/files/1/0935/9550/0847/files/cosrx_snail92_cream_ecommerce_standard.webp?v=1771833124,منتج كريم كوسركس المتطور لعلاج الحلزون 92 الكل في واحد 100 مل  من korean product. التصنيف المرجعي: منتجات كورية. الوسوم المرجعية: Anti-Aging، Anti-aging Cream، Fine Lines & Wrinkles، korean product، Moisturizer Cream، Moisturizers، Skin Care.,https://alfouadpharmacies.com/en/products/cosrx-advanced-snail-92-all-in-one-cream-100ml,AlFouad Pharmacies,true,Verify usage rights before commercial publication,false,false,false,false,HOLD — REFERENCE ONLY
16121957646639,زيت-وسيروم-فينو-بريميوم,زيت وسيروم فينو بريميوم,korean product,منتجات كورية,الجمال الكوري,سيرم ,113828,1580,,true,https://cdn.shopify.com/s/files/1/0935/9550/0847/files/fino_premium_touch_hair_oil_lifestyle_1615.webp?v=1786517977,منتج زيت وسيروم فينو بريميوم من korean product. التصنيف المرجعي: منتجات كورية — سيرم . الوسوم المرجعية: Hair Oil.,https://alfouadpharmacies.com/en/products/زيت-وسيروم-فينو-بريميوم,AlFouad Pharmacies,true,Verify usage rights before commercial publication,false,false,false,false,HOLD — REFERENCE ONLY
