reference_record_id,source_handle,name,brand,category,category_label,product_type,source_sku,reference_price_egp,compare_at_price_egp,source_available,reference_image_url,reference_description,source_url,source_name,reference_only,image_rights_status,pm_identity_verified,pm_stock_verified,pm_cost_verified,pm_image_rights_verified,publish_status
10569734586671,bioderma-pigmentbio-sensitive-areas-cream-75ml,بيوديرما بيجمنت بيو لتفتيح المناطق الحساسة والجسم 75 مل,Bioderma,العناية بالجسم,العناية بالجسم,بسيط,95373,849,,true,https://cdn.shopify.com/s/files/1/0935/9550/0847/files/bioderma_pigmentbio_1615.webp?v=1789631010,منتج بيوديرما بيجمنت بيو لتفتيح المناطق الحساسة والجسم 75 مل من Bioderma. التصنيف المرجعي: العناية بالجسم — بسيط. الوسوم المرجعية: Body Care، Body Concerns، Body Cream، Even Skin Tone / Pigmentation، Intimate Care، Sensetive Skin.,https://alfouadpharmacies.com/en/products/bioderma-pigmentbio-sensitive-areas-cream-75ml,AlFouad Pharmacies,true,Verify usage rights before commercial publication,false,false,false,false,HOLD — REFERENCE ONLY
12689724145967,dermaelle-hyaluwhite-intimate-cleanser-200ml,غسول ديرمايل هيالووايت للمناطق الحساسة 200 مل ,Dermaelle,العناية بالجسم,العناية بالجسم,غسول ,18560,145,245,true,https://cdn.shopify.com/s/files/1/0935/9550/0847/files/1_-_2026-06-25T125944.227.webp?v=1782381786,منتج غسول ديرمايل هيالووايت للمناطق الحساسة 200 مل  من Dermaelle. التصنيف المرجعي: العناية بالجسم — غسول . الوسوم المرجعية: Body Care، Body Concerns، DERMAELLE OFFERS، Even Skin Tone / Pigmentation، Femming Wash، Intimate Care، Sexual Health، Women’s Health.,https://alfouadpharmacies.com/en/products/dermaelle-hyaluwhite-intimate-cleanser-200ml,AlFouad Pharmacies,true,Verify usage rights before commercial publication,false,false,false,false,HOLD — REFERENCE ONLY
10569743270191,isis-neotone-body-lotion-100ml,ايسيس. لوشن الجسم نيونتون 100 مل,isis,العناية بالجسم,العناية بالجسم,تفتيح ,96915,1645,,false,https://cdn.shopify.com/s/files/1/0935/9550/0847/files/479_2.webp?v=1780581798,منتج ايسيس. لوشن الجسم نيونتون 100 مل من isis. التصنيف المرجعي: العناية بالجسم — تفتيح . الوسوم المرجعية: Body Care، Body Concerns، Body Lotion، Even Skin Tone / Pigmentation، Sensetive Skin.,https://alfouadpharmacies.com/en/products/isis-neotone-body-lotion-100ml,AlFouad Pharmacies,true,Verify usage rights before commercial publication,false,false,false,false,HOLD — REFERENCE ONLY
10569734488367,bioderma-pigmentbio-foaming-cream-200ml,بيوديرما بيجمنتبيو كريم رغوي 200مل,Bioderma,العناية بالجسم,العناية بالجسم,تفتيح ,91834,849,,true,https://cdn.shopify.com/s/files/1/0935/9550/0847/files/494.webp?v=1780570612,منتج بيوديرما بيجمنتبيو كريم رغوي 200مل من Bioderma. التصنيف المرجعي: العناية بالجسم — تفتيح . الوسوم المرجعية: Body Care، Body Concerns، Body Wash، Cleanser، Even Skin Tone، Even Skin Tone / Pigmentation، Face Wash، Skin Care.,https://alfouadpharmacies.com/en/products/bioderma-pigmentbio-foaming-cream-200ml,AlFouad Pharmacies,true,Verify usage rights before commercial publication,false,false,false,false,HOLD — REFERENCE ONLY
12689724375343,dermaelle-hyaluwhite-anti-dark-knuckles-cream-150ml,كريم ديرمالي هايالووايت المضاد لتصبغ المفاصل 150 مل,Dermaelle,العناية بالجسم,العناية بالجسم,كريم تفتيح ,29211,195,325,true,https://cdn.shopify.com/s/files/1/0935/9550/0847/files/1_97.webp?v=1782379994,منتج كريم ديرمالي هايالووايت المضاد لتصبغ المفاصل 150 مل من Dermaelle. التصنيف المرجعي: العناية بالجسم — كريم تفتيح . الوسوم المرجعية: Body Care، Body Concerns، Body Cream، DERMAELLE OFFERS، Even Skin Tone / Pigmentation.,https://alfouadpharmacies.com/en/products/dermaelle-hyaluwhite-anti-dark-knuckles-cream-150ml,AlFouad Pharmacies,true,Verify usage rights before commercial publication,false,false,false,false,HOLD — REFERENCE ONLY
12689487102255,mood-set-warm-vanilla-splash-hand-shower-milk,مجموعة أجواء دافئة برائحة الفانيليا (رذاذ + يد + دش + حليب),MOOD,العناية بالجسم,العناية بالجسم,Body Care Set,115000,450,685,true,https://cdn.shopify.com/s/files/1/0935/9550/0847/files/warm_vanilla_1615_web.webp?v=1789477210,منتج مجموعة أجواء دافئة برائحة الفانيليا (رذاذ + يد + دش + حليب) من MOOD. التصنيف المرجعي: العناية بالجسم — Body Care Set. الوسوم المرجعية: Body Care، Bundle، mood offer.,https://alfouadpharmacies.com/en/products/mood-set-warm-vanilla-splash-hand-shower-milk,AlFouad Pharmacies,true,Verify usage rights before commercial publication,false,false,false,false,HOLD — REFERENCE ONLY
10569835413807,veet-wax-12-pcs-sensitive-skin,شمع فيت لإزالة الشعر، 12 قطعة، للبشرة الحساسة,Veet,العناية بالجسم,العناية بالجسم,بسيط,104519,128,,true,https://cdn.shopify.com/s/files/1/0935/9550/0847/files/Veet-Wax-12-Pcs.-Sensitive-Skin.webp?v=1754298556,منتج شمع فيت لإزالة الشعر، 12 قطعة، للبشرة الحساسة من Veet. التصنيف المرجعي: العناية بالجسم — بسيط. الوسوم المرجعية: Body Care، Hair Removal.,https://alfouadpharmacies.com/en/products/veet-wax-12-pcs-sensitive-skin,AlFouad Pharmacies,true,Verify usage rights before commercial publication,false,false,false,false,HOLD — REFERENCE ONLY
12689487331631,mood-set-sugar-rush-splash-hand-shower-milk,مجموعة مزاجية: اندفاع السكر (رذاذ + يد + دش + حليب),MOOD,العناية بالجسم,العناية بالجسم,Body Care Set,114996,450,685,true,https://cdn.shopify.com/s/files/1/0935/9550/0847/files/sugar_rush_gift_set_1615_web.webp?v=1789476602,منتج مجموعة مزاجية: اندفاع السكر (رذاذ + يد + دش + حليب) من MOOD. التصنيف المرجعي: العناية بالجسم — Body Care Set. الوسوم المرجعية: Body Care، Bundle، mood offer.,https://alfouadpharmacies.com/en/products/mood-set-sugar-rush-splash-hand-shower-milk,AlFouad Pharmacies,true,Verify usage rights before commercial publication,false,false,false,false,HOLD — REFERENCE ONLY
10569741664559,cerave-moisturising-cream-340ml,كريم مرطب سيرافي 340 مل,cerave,العناية بالجسم,العناية بالجسم,بسيط,31763,850,,true,https://cdn.shopify.com/s/files/1/0935/9550/0847/files/307.webp?v=1777807562,منتج كريم مرطب سيرافي 340 مل من cerave. التصنيف المرجعي: العناية بالجسم — بسيط. الوسوم المرجعية: 10، Body Care، Body Concerns، Body Cream، Dry Skin، Dry Skin body concerns، Dryness، Moisturizer Cream.,https://alfouadpharmacies.com/en/products/cerave-moisturising-cream-340ml,AlFouad Pharmacies,true,Verify usage rights before commercial publication,false,false,false,false,HOLD — REFERENCE ONLY
12689734861103,vichy-anti-transpirant-red-roll-on-50ml,فيتشي مضاد للعرق (أحمر) رول أون 50 مل,Vichy,العناية بالجسم,العناية بالجسم,روول اون ,98539,790,,true,https://cdn.shopify.com/s/files/1/0935/9550/0847/files/2_13.webp?v=1780481571,منتج فيتشي مضاد للعرق (أحمر) رول أون 50 مل من Vichy. التصنيف المرجعي: العناية بالجسم — روول اون . الوسوم المرجعية: 10، Body Care، Body Concerns، Deodrant، Roll-on، Sensetive Skin.,https://alfouadpharmacies.com/en/products/vichy-anti-transpirant-red-roll-on-50ml,AlFouad Pharmacies,true,Verify usage rights before commercial publication,false,false,false,false,HOLD — REFERENCE ONLY
10569827451183,mood-body-splash-220-ml-creamy-coconut,معطر للجسم مود 220 مل برائحة جوز الهند الكريمي,MOOD,العناية بالجسم,العناية بالجسم,بسيط,112357,180,310,true,https://cdn.shopify.com/s/files/1/0935/9550/0847/files/1_-_2026-09-08T134612.150.webp?v=1788864401,منتج معطر للجسم مود 220 مل برائحة جوز الهند الكريمي من MOOD. التصنيف المرجعي: العناية بالجسم — بسيط. الوسوم المرجعية: Body Care، Body Mist، Body Spray، Deodrant.,https://alfouadpharmacies.com/en/products/mood-body-splash-220-ml-creamy-coconut,AlFouad Pharmacies,true,Verify usage rights before commercial publication,false,false,false,false,HOLD — REFERENCE ONLY
10569828139311,mood-body-splash-220-ml-wild-rose,معطر للجسم مود 220 مل برائحة الورد البري,MOOD,العناية بالجسم,العناية بالجسم,بسيط,112356,180,310,true,https://cdn.shopify.com/s/files/1/0935/9550/0847/files/1_-_2026-09-08T142200.555.webp?v=1788866572,منتج معطر للجسم مود 220 مل برائحة الورد البري من MOOD. التصنيف المرجعي: العناية بالجسم — بسيط. الوسوم المرجعية: Body Care، Body Mist، Body Spray، Deodrant، Men Care.,https://alfouadpharmacies.com/en/products/mood-body-splash-220-ml-wild-rose,AlFouad Pharmacies,true,Verify usage rights before commercial publication,false,false,false,false,HOLD — REFERENCE ONLY
12689734828335,مزيل-عرق-فيشي-أبيض-رول-أون-50-مل,مزيل عرق فيشي (أبيض) رول أون 50 مل,Vichy,العناية بالجسم,العناية بالجسم,روول اون ,98535,790,,true,https://cdn.shopify.com/s/files/1/0935/9550/0847/files/1_12.webp?v=1780480116,منتج مزيل عرق فيشي (أبيض) رول أون 50 مل من Vichy. التصنيف المرجعي: العناية بالجسم — روول اون . الوسوم المرجعية: 10، Body Care، Body Concerns، Deodrant، Roll-on، Sensetive Skin.,https://alfouadpharmacies.com/en/products/مزيل-عرق-فيشي-أبيض-رول-أون-50-مل,AlFouad Pharmacies,true,Verify usage rights before commercial publication,false,false,false,false,HOLD — REFERENCE ONLY
10569828434223,mood-men-body-splash-220-ml-night,معطر للجسم مود مين 220 مل ليلي,MOOD,العناية بالجسم,العناية بالجسم,بسيط,85191,180,310,true,https://cdn.shopify.com/s/files/1/0935/9550/0847/files/night_splash_92e15ce8-817f-4fda-b252-de750f877f2c.webp?v=1790250733,منتج معطر للجسم مود مين 220 مل ليلي من MOOD. التصنيف المرجعي: العناية بالجسم — بسيط. الوسوم المرجعية: Body Care، Body Mist، Body Spray، Deodrant، Men Care.,https://alfouadpharmacies.com/en/products/mood-men-body-splash-220-ml-night,AlFouad Pharmacies,true,Verify usage rights before commercial publication,false,false,false,false,HOLD — REFERENCE ONLY
10569741697327,cerave-moisturising-cream-454ml,كريم مرطب سيرافي 454 مل,cerave,العناية بالجسم,العناية بالجسم,بسيط,96446,1050,,true,https://cdn.shopify.com/s/files/1/0935/9550/0847/files/298_8538fba1-be9c-495a-ad48-e56af903a367.webp?v=1777806827,منتج كريم مرطب سيرافي 454 مل من cerave. التصنيف المرجعي: العناية بالجسم — بسيط. الوسوم المرجعية: 10، Body Care، Body Concerns، Body Cream، Dry Skin، Dry Skin body concerns، Dryness، Moisturizer Cream.,https://alfouadpharmacies.com/en/products/cerave-moisturising-cream-454ml,AlFouad Pharmacies,true,Verify usage rights before commercial publication,false,false,false,false,HOLD — REFERENCE ONLY
10569828073775,mood-body-splash-220-ml-warm-vanilla,معطر للجسم مود 220 مل برائحة الفانيليا الدافئة,MOOD,العناية بالجسم,العناية بالجسم,بسيط,112360,180,310,true,https://cdn.shopify.com/s/files/1/0935/9550/0847/files/Mood_Body_Splash.webp?v=1788866484,منتج معطر للجسم مود 220 مل برائحة الفانيليا الدافئة من MOOD. التصنيف المرجعي: العناية بالجسم — بسيط. الوسوم المرجعية: Body Care، Body Mist، Body Spray، Deodrant.,https://alfouadpharmacies.com/en/products/mood-body-splash-220-ml-warm-vanilla,AlFouad Pharmacies,true,Verify usage rights before commercial publication,false,false,false,false,HOLD — REFERENCE ONLY
10569741795631,cerave-moisturising-lotion-very-dry-skin-473ml,لوشن سيرافي المرطب (للبشرة شديدة الجفاف) 473 مل,cerave,العناية بالجسم,العناية بالجسم,بسيط,108022,1030,,true,https://cdn.shopify.com/s/files/1/0935/9550/0847/files/351.webp?v=1780218903,منتج لوشن سيرافي المرطب (للبشرة شديدة الجفاف) 473 مل من cerave. التصنيف المرجعي: العناية بالجسم — بسيط. الوسوم المرجعية: 10، Body Care، Body Concerns، Body Lotion، Dry Skin body concerns.,https://alfouadpharmacies.com/en/products/cerave-moisturising-lotion-very-dry-skin-473ml,AlFouad Pharmacies,true,Verify usage rights before commercial publication,false,false,false,false,HOLD — REFERENCE ONLY
10569722036527,alejon-foot-cream-75ml,كريم أليجون للقدم 75 مل,ALEJON,العناية بالجسم,العناية بالجسم,بسيط,4227,295,,true,https://cdn.shopify.com/s/files/1/0935/9550/0847/files/Alejon-Foot-Cream-75ml.webp?v=1754299191,منتج كريم أليجون للقدم 75 مل من ALEJON. التصنيف المرجعي: العناية بالجسم — بسيط. الوسوم المرجعية: Body Care، Body Concerns، Dry Skin body concerns، Foot، Hands & Feet.,https://alfouadpharmacies.com/en/products/alejon-foot-cream-75ml,AlFouad Pharmacies,true,Verify usage rights before commercial publication,false,false,false,false,HOLD — REFERENCE ONLY
10569734062383,atoderm-cream-bumb-200ml,بيوديرما أتوديرم كريم 200مل مضخة,Bioderma,العناية بالجسم,العناية بالجسم,كريم ترطيب ,17708,799,0,true,https://cdn.shopify.com/s/files/1/0935/9550/0847/files/bioderma_atoderm_1615.webp?v=1789890261,منتج بيوديرما أتوديرم كريم 200مل مضخة من Bioderma. التصنيف المرجعي: العناية بالجسم — كريم ترطيب . الوسوم المرجعية: Body Care، Body Concerns، Body Cream، Dry Skin، Dry Skin body concerns، Dryness، Moisturizer Cream، Moisturizers.,https://alfouadpharmacies.com/en/products/atoderm-cream-bumb-200ml,AlFouad Pharmacies,true,Verify usage rights before commercial publication,false,false,false,false,HOLD — REFERENCE ONLY
10569741041967,كريم-بيونكس-بيجمنتيا-لتفتيح-وتوحيد-لون-المناطق-الحساسة,كريم بيونكس بيجمنتيا لتفتيح وتوحيد لون المناطق الحساسة,BIONNEX,العناية بالجسم,العناية بالجسم,المناطق الحساسة,8644,619,,true,https://cdn.shopify.com/s/files/1/0935/9550/0847/files/1_-_2026-07-28T101142.001.webp?v=1785223268,منتج كريم بيونكس بيجمنتيا لتفتيح وتوحيد لون المناطق الحساسة من BIONNEX. التصنيف المرجعي: العناية بالجسم — المناطق الحساسة. الوسوم المرجعية: Body Care، Body Concerns، Body Cream، Even Skin Tone / Pigmentation.,https://alfouadpharmacies.com/en/products/كريم-بيونكس-بيجمنتيا-لتفتيح-وتوحيد-لون-المناطق-الحساسة,AlFouad Pharmacies,true,Verify usage rights before commercial publication,false,false,false,false,HOLD — REFERENCE ONLY
10569721708847,starville-whitening-cleanser-400ml,منظف ستارفيل لتفتيح البشرة 400 مل,parkville,العناية بالجسم,العناية بالجسم,بسيط,11621,270,,true,https://cdn.shopify.com/s/files/1/0935/9550/0847/files/Starville-Whitening-Cleanser-400ml.webp?v=1754299198,منتج منظف ستارفيل لتفتيح البشرة 400 مل من parkville. التصنيف المرجعي: العناية بالجسم — بسيط. الوسوم المرجعية: Body Care، Body Concerns، Body Wash، Cleanser، Even Skin Tone / Pigmentation، Face Wash، Skin Care، starville.,https://alfouadpharmacies.com/en/products/starville-whitening-cleanser-400ml,AlFouad Pharmacies,true,Verify usage rights before commercial publication,false,false,false,false,HOLD — REFERENCE ONLY
10569828204847,mood-men-body-splash-220-ml-bold,معطر للجسم للرجال من مود، 220 مل، لون جريء,MOOD,العناية بالجسم,العناية بالجسم,Body Mist,85170,180,310,true,https://cdn.shopify.com/s/files/1/0935/9550/0847/files/1_72.webp?v=1782302211,منتج معطر للجسم للرجال من مود، 220 مل، لون جريء من MOOD. التصنيف المرجعي: العناية بالجسم — Body Mist. الوسوم المرجعية: Body Care، Body Mist، Body Spray، Deodrant، Men Care.,https://alfouadpharmacies.com/en/products/mood-men-body-splash-220-ml-bold,AlFouad Pharmacies,true,Verify usage rights before commercial publication,false,false,false,false,HOLD — REFERENCE ONLY
12689724080431,dermaelle-hyaluwhite-roll-on-deodorant-50ml,مزيل عرق ديرمايل هيالووايت رول أون 50 مل ,Dermaelle,العناية بالجسم,العناية بالجسم,مزيل عرق ,20059,146.25,,true,https://cdn.shopify.com/s/files/1/0935/9550/0847/files/1_-_2026-06-25T130945.962.webp?v=1782382219,منتج مزيل عرق ديرمايل هيالووايت رول أون 50 مل  من Dermaelle. التصنيف المرجعي: العناية بالجسم — مزيل عرق . الوسوم المرجعية: Body Care، Body Concerns، Deodrant، Even Skin Tone / Pigmentation، Roll-on، Sensetive Skin.,https://alfouadpharmacies.com/en/products/dermaelle-hyaluwhite-roll-on-deodorant-50ml,AlFouad Pharmacies,true,Verify usage rights before commercial publication,false,false,false,false,HOLD — REFERENCE ONLY
10569795633455,la-roche-lipikar-syndet-wash-200-ml,لاروش بوزيه ليبيكار سينديت غسول 200مل,La Roch Possay,العناية بالجسم,العناية بالجسم,غسول,94745,920,,true,https://cdn.shopify.com/s/files/1/0935/9550/0847/files/Group_2_3.webp?v=1781088758,منتج لاروش بوزيه ليبيكار سينديت غسول 200مل من La Roch Possay. التصنيف المرجعي: العناية بالجسم — غسول. الوسوم المرجعية: 10، Body Care، Body Concerns، Body Wash، Cleanser، Dry Skin، Dry Skin body concerns، Dryness.,https://alfouadpharmacies.com/en/products/la-roche-lipikar-syndet-wash-200-ml,AlFouad Pharmacies,true,Verify usage rights before commercial publication,false,false,false,false,HOLD — REFERENCE ONLY
10569828368687,mood-men-body-splash-220-ml-intense,معطر للجسم للرجال من مود، 220 مل، رائحة مركزة,MOOD,العناية بالجسم,العناية بالجسم,بسيط,85192,180,310,true,https://cdn.shopify.com/s/files/1/0935/9550/0847/files/intense_splash_80949046-adfb-489c-a5ad-befb73b93d4e_1.webp?v=1790251869,منتج معطر للجسم للرجال من مود، 220 مل، رائحة مركزة من MOOD. التصنيف المرجعي: العناية بالجسم — بسيط. الوسوم المرجعية: Body Care، Body Mist، Body Spray، Deodrant، Men Care.,https://alfouadpharmacies.com/en/products/mood-men-body-splash-220-ml-intense,AlFouad Pharmacies,true,Verify usage rights before commercial publication,false,false,false,false,HOLD — REFERENCE ONLY
12689780932911,alejon-urea-cream-200ml,كريم أليجون يوريا 200 مل,ALEJON,العناية بالجسم,العناية بالجسم,بسيط,102809,380,,true,https://cdn.shopify.com/s/files/1/0935/9550/0847/files/alejon_urea_cream_ecommerce.webp?v=1771832759,منتج كريم أليجون يوريا 200 مل من ALEJON. التصنيف المرجعي: العناية بالجسم — بسيط. الوسوم المرجعية: Body Care، Body Concerns، Body Cream، Keratosis Pilaris، Smooth Texture، urea.,https://alfouadpharmacies.com/en/products/alejon-urea-cream-200ml,AlFouad Pharmacies,true,Verify usage rights before commercial publication,false,false,false,false,HOLD — REFERENCE ONLY
12689746690351,cerave-moisturising-lotion-very-dry-skin-236ml,لوشن سيرافي المرطب (للبشرة شديدة الجفاف) 236 مل,cerave,العناية بالجسم,العناية بالجسم,بسيط,85332,640,,true,https://cdn.shopify.com/s/files/1/0935/9550/0847/files/3_80.webp?v=1785227506,منتج لوشن سيرافي المرطب (للبشرة شديدة الجفاف) 236 مل من cerave. التصنيف المرجعي: العناية بالجسم — بسيط. الوسوم المرجعية: 10، Body Care، Body Concerns، Body Lotion، Dry Skin body concerns.,https://alfouadpharmacies.com/en/products/cerave-moisturising-lotion-very-dry-skin-236ml,AlFouad Pharmacies,true,Verify usage rights before commercial publication,false,false,false,false,HOLD — REFERENCE ONLY
10569734160687,atoderm-intensive-baume-200ml,بيوديرما أتوديرم إنتنسيف بوم 200مل,Bioderma,العناية بالجسم,العناية بالجسم,بسيط,109087,999,0,true,https://cdn.shopify.com/s/files/1/0935/9550/0847/files/Bioderma_Atoderm_Intensive_Baume_200ml.webp?v=1780824475,منتج بيوديرما أتوديرم إنتنسيف بوم 200مل من Bioderma. التصنيف المرجعي: العناية بالجسم — بسيط. الوسوم المرجعية: Body Care، Body Concerns، Body Cream، Dry Skin، Dry Skin body concerns، Dryness، Moisturizer Cream، Moisturizers.,https://alfouadpharmacies.com/en/products/atoderm-intensive-baume-200ml,AlFouad Pharmacies,true,Verify usage rights before commercial publication,false,false,false,false,HOLD — REFERENCE ONLY
12689780965679,shaan-body-milk-300ml,حليب الجسم شان 300 مل,shaan,العناية بالجسم,العناية بالجسم,بسيط,25532,230,,true,https://cdn.shopify.com/s/files/1/0935/9550/0847/files/ShaanBodyMilk300ml.webp?v=1771841242,منتج حليب الجسم شان 300 مل من shaan. التصنيف المرجعي: العناية بالجسم — بسيط. الوسوم المرجعية: Body Care، Body Concerns، Body Milk، Dry Skin body concerns، Sensetive Skin، shaan.,https://alfouadpharmacies.com/en/products/shaan-body-milk-300ml,AlFouad Pharmacies,true,Verify usage rights before commercial publication,false,false,false,false,HOLD — REFERENCE ONLY
10569858515247,dove-spray-150ml-original,بخاخ دوف الأصلي 150 مل,Dove,العناية بالجسم,العناية بالجسم,بسيط,86143,215,,true,https://cdn.shopify.com/s/files/1/0935/9550/0847/files/Dove-Spray-150ML-Original.webp?v=1754298354,منتج بخاخ دوف الأصلي 150 مل من Dove. التصنيف المرجعي: العناية بالجسم — بسيط. الوسوم المرجعية: Body Care، Body Spray، Deodrant.,https://alfouadpharmacies.com/en/products/dove-spray-150ml-original,AlFouad Pharmacies,true,Verify usage rights before commercial publication,false,false,false,false,HOLD — REFERENCE ONLY
10569827156271,mood-body-splash-220-ml-bali,معطر للجسم مود 220 مل بالي,MOOD,العناية بالجسم,العناية بالجسم,بسيط,28791,180,310,true,https://cdn.shopify.com/s/files/1/0935/9550/0847/files/Aromal_sunscreen_gel_2.webp?v=1788855994,منتج معطر للجسم مود 220 مل بالي من MOOD. التصنيف المرجعي: العناية بالجسم — بسيط. الوسوم المرجعية: Body Care، Body Mist، Body Spray، Deodrant، mood offer.,https://alfouadpharmacies.com/en/products/mood-body-splash-220-ml-bali,AlFouad Pharmacies,true,Verify usage rights before commercial publication,false,false,false,false,HOLD — REFERENCE ONLY
10569746088239,la-roche-lipikar-balm-400ml,بلسم لاروش بوزيه ليبيكار AP+ 400 مل — إصلاح مكثف,La Roch Possay,العناية بالجسم,العناية بالجسم,بسيط,12496,1270,,true,https://cdn.shopify.com/s/files/1/0935/9550/0847/files/La_Roche-Posay_Lipikar_Balm_AP_400ml_Intense_Repair.webp?v=1789625035,منتج بلسم لاروش بوزيه ليبيكار AP+ 400 مل — إصلاح مكثف من La Roch Possay. التصنيف المرجعي: العناية بالجسم — بسيط. الوسوم المرجعية: Body Care، Body Concerns، Body Lotion، Dry Skin، Dry Skin body concerns، Dryness، Moisturizer Cream، Moisturizers.,https://alfouadpharmacies.com/en/products/la-roche-lipikar-balm-400ml,AlFouad Pharmacies,true,Verify usage rights before commercial publication,false,false,false,false,HOLD — REFERENCE ONLY
10569835512111,veet-wax-20pcs-face-blue,شمع فيت لإزالة الشعر 20 قطعة. للوجه (أزرق),Veet,العناية بالجسم,العناية بالجسم,بسيط,92098,128,,true,https://cdn.shopify.com/s/files/1/0935/9550/0847/files/Veet-Wax-20PCS.-Face-Blue.webp?v=1754298556,منتج شمع فيت لإزالة الشعر 20 قطعة. للوجه (أزرق) من Veet. التصنيف المرجعي: العناية بالجسم — بسيط. الوسوم المرجعية: Body Care، Hair Removal.,https://alfouadpharmacies.com/en/products/veet-wax-20pcs-face-blue,AlFouad Pharmacies,true,Verify usage rights before commercial publication,false,false,false,false,HOLD — REFERENCE ONLY
12689487692079,mood-set-santorini-splash-hand-shower-milk,مجموعة أجواء سانتوريني (رذاذ + يدين + دش + حليب),MOOD,العناية بالجسم,العناية بالجسم,Body Care Set,114990,450,685,true,https://cdn.shopify.com/s/files/1/0935/9550/0847/files/santorini_gift_set_1615_web.webp?v=1789476969,منتج مجموعة أجواء سانتوريني (رذاذ + يدين + دش + حليب) من MOOD. التصنيف المرجعي: العناية بالجسم — Body Care Set. الوسوم المرجعية: Body Care، Bundle، mood offer.,https://alfouadpharmacies.com/en/products/mood-set-santorini-splash-hand-shower-milk,AlFouad Pharmacies,true,Verify usage rights before commercial publication,false,false,false,false,HOLD — REFERENCE ONLY
10569858744623,dove-spray-150ml-pomegranate,بخاخ دوف 150 مل، رمان,Dove,العناية بالجسم,العناية بالجسم,بسيط,18813,215,,false,https://cdn.shopify.com/s/files/1/0935/9550/0847/files/Dove-Spray-150ML-Pomegranate.webp?v=1754298353,منتج بخاخ دوف 150 مل، رمان من Dove. التصنيف المرجعي: العناية بالجسم — بسيط. الوسوم المرجعية: Body Care، Body Spray، Deodrant.,https://alfouadpharmacies.com/en/products/dove-spray-150ml-pomegranate,AlFouad Pharmacies,true,Verify usage rights before commercial publication,false,false,false,false,HOLD — REFERENCE ONLY
10569723281711,starville-roll-on-60ml-whitening-off,ستارفيل رول أون 60 مل مزيل عرق تبييض,parkville,العناية بالجسم,العناية بالجسم,بسيط,106764,225,,true,https://cdn.shopify.com/s/files/1/0935/9550/0847/files/Starville-Roll-On-60-ml-Whitening-off.webp?v=1754299173,منتج ستارفيل رول أون 60 مل مزيل عرق تبييض من parkville. التصنيف المرجعي: العناية بالجسم — بسيط. الوسوم المرجعية: Body Care، Deodrant، starville.,https://alfouadpharmacies.com/en/products/starville-roll-on-60ml-whitening-off,AlFouad Pharmacies,true,Verify usage rights before commercial publication,false,false,false,false,HOLD — REFERENCE ONLY
12689540710703,one-bond-for-men-wash-300ml-green,غسول ون بوند للرجال 300 مل أخضر,One Bond,العناية بالجسم,العناية بالجسم,غسول للرجال,114125,250,,true,https://cdn.shopify.com/s/files/1/0935/9550/0847/files/OneBond_WashForHim_Green_300ml_PureWhite_1615x1615_b3e53e7e-5255-4b97-8def-1977b6fe2c58.webp?v=1772238462,منتج غسول ون بوند للرجال 300 مل أخضر من One Bond. التصنيف المرجعي: العناية بالجسم — غسول للرجال. الوسوم المرجعية: Body Care، shower gel.,https://alfouadpharmacies.com/en/products/one-bond-for-men-wash-300ml-green,AlFouad Pharmacies,true,Verify usage rights before commercial publication,false,false,false,false,HOLD — REFERENCE ONLY
10569828565295,mood-men-body-splash-220-ml-rich,معطر للجسم للرجال مود مين 220 مل غني,MOOD,العناية بالجسم,العناية بالجسم,بسيط,112351,180,310,true,https://cdn.shopify.com/s/files/1/0935/9550/0847/files/rich_splash_514134fb-e48d-48bb-b32a-bceadf770f17.webp?v=1790251735,منتج معطر للجسم للرجال مود مين 220 مل غني من MOOD. التصنيف المرجعي: العناية بالجسم — بسيط. الوسوم المرجعية: Body Care، Body Mist، Body Spray، Deodrant، Men Care.,https://alfouadpharmacies.com/en/products/mood-men-body-splash-220-ml-rich,AlFouad Pharmacies,true,Verify usage rights before commercial publication,false,false,false,false,HOLD — REFERENCE ONLY
10569992765743,gtt-venus2-simply-4-razor,Gtt VENUS.2 سيمبلي (4 شفرات حلاقة),AlFouad Pharmacies,العناية بالجسم,العناية بالجسم,بسيط,81999,92,,true,https://cdn.shopify.com/s/files/1/0935/9550/0847/files/Gtt-VENUS.2-Simply-4-Razor-759.webp?v=1754297199,منتج Gtt VENUS.2 سيمبلي (4 شفرات حلاقة) من AlFouad Pharmacies. التصنيف المرجعي: العناية بالجسم — بسيط. الوسوم المرجعية: Body Care، Hair Removal، Razor Handel.,https://alfouadpharmacies.com/en/products/gtt-venus2-simply-4-razor,AlFouad Pharmacies,true,Verify usage rights before commercial publication,false,false,false,false,HOLD — REFERENCE ONLY
12689734893871,vichy-anti-transpirant-green-roll-on-50ml,فيتشي مضاد للعرق (أخضر) رول أون 50 مل,Vichy,العناية بالجسم,العناية بالجسم,روول اون ,34268,790,,true,https://cdn.shopify.com/s/files/1/0935/9550/0847/files/1_14.webp?v=1780483497,منتج فيتشي مضاد للعرق (أخضر) رول أون 50 مل من Vichy. التصنيف المرجعي: العناية بالجسم — روول اون . الوسوم المرجعية: 10، Body Care، Body Concerns، Deodrant، Sensetive Skin.,https://alfouadpharmacies.com/en/products/vichy-anti-transpirant-green-roll-on-50ml,AlFouad Pharmacies,true,Verify usage rights before commercial publication,false,false,false,false,HOLD — REFERENCE ONLY
12689723785519,mood-body-splash-220-ml-hawaii,معطر للجسم مود 220 مل هاواي,MOOD,العناية بالجسم,العناية بالجسم,بسيط,30534,180,310,true,https://cdn.shopify.com/s/files/1/0935/9550/0847/files/1_-_2026-09-08T134958.733.webp?v=1788864739,منتج معطر للجسم مود 220 مل هاواي من MOOD. التصنيف المرجعي: العناية بالجسم — بسيط. الوسوم المرجعية: Body Care، Body Mist، Body Spray، Deodrant.,https://alfouadpharmacies.com/en/products/mood-body-splash-220-ml-hawaii,AlFouad Pharmacies,true,Verify usage rights before commercial publication,false,false,false,false,HOLD — REFERENCE ONLY
12689702682927,dove-shower-gel-500ml-deeply-nourishing,دوف جل استحمام للتغذية العميقة 500 مل | غسول جسم مرطب,Dove,العناية بالجسم,العناية بالجسم,غسول للجسم,4252,145,,true,https://cdn.shopify.com/s/files/1/0935/9550/0847/files/Dove_Deeply_Nourishing_Body_Wash_1615x1615_dc6e9119-ed73-4527-b08d-faddc0cc488b.webp?v=1772538225,منتج دوف جل استحمام للتغذية العميقة 500 مل | غسول جسم مرطب من Dove. التصنيف المرجعي: العناية بالجسم — غسول للجسم. الوسوم المرجعية: Body Care، Body Wash.,https://alfouadpharmacies.com/en/products/dove-shower-gel-500ml-deeply-nourishing,AlFouad Pharmacies,true,Verify usage rights before commercial publication,false,false,false,false,HOLD — REFERENCE ONLY
12689734926639,فيتشي-مضاد-للعرق-أسود-رول-أون-50-مل,فيتشي مضاد للعرق (أسود) رول أون 50 مل,Vichy,العناية بالجسم,العناية بالجسم,روول اون ,101538,790,,true,https://cdn.shopify.com/s/files/1/0935/9550/0847/files/1_23.webp?v=1780495318,منتج فيتشي مضاد للعرق (أسود) رول أون 50 مل من Vichy. التصنيف المرجعي: العناية بالجسم — روول اون . الوسوم المرجعية: 10، Body Care، Body Concerns، Deodrant، Sensetive Skin.,https://alfouadpharmacies.com/en/products/فيتشي-مضاد-للعرق-أسود-رول-أون-50-مل,AlFouad Pharmacies,true,Verify usage rights before commercial publication,false,false,false,false,HOLD — REFERENCE ONLY
12689655431471,tetra-glow-sensitive-zone-whitening-cream-50gm,تركيبة متطورة وآمنة مخصصة لتفتيح وتوحيد لون المناطق الحساسة,Tetra Glow,العناية بالجسم,العناية بالجسم,بسيط,13457,345,,true,https://cdn.shopify.com/s/files/1/0935/9550/0847/files/Tetra_Glow_Whitening_Cream_1615x1615_3e1e643b-5406-4be6-abc4-74d0e0923b63.webp?v=1772280358,منتج تركيبة متطورة وآمنة مخصصة لتفتيح وتوحيد لون المناطق الحساسة من Tetra Glow. التصنيف المرجعي: العناية بالجسم — بسيط. الوسوم المرجعية: Body Care، Body Concerns، Body Cream، Even Skin Tone / Pigmentation، Intimate Care.,https://alfouadpharmacies.com/en/products/tetra-glow-sensitive-zone-whitening-cream-50gm,AlFouad Pharmacies,true,Verify usage rights before commercial publication,false,false,false,false,HOLD — REFERENCE ONLY
10569854910767,victoria-secret-body-mist-250ml-love-spell,بخاخ جسم فيكتوريا سيكرت، عطر لوف سبيل، 250 مل,Victoria Secret,العناية بالجسم,العناية بالجسم,بسيط,107521,650,,true,https://cdn.shopify.com/s/files/1/0935/9550/0847/files/Victoria-Secret.-Body-Mist-250ML-Love-Spell.webp?v=1754298394,منتج بخاخ جسم فيكتوريا سيكرت، عطر لوف سبيل، 250 مل من Victoria Secret. التصنيف المرجعي: العناية بالجسم — بسيط. الوسوم المرجعية: Body Care، Body Mist، Body Splash، Body Spray، Deodrant، Perfumes.,https://alfouadpharmacies.com/en/products/victoria-secret-body-mist-250ml-love-spell,AlFouad Pharmacies,true,Verify usage rights before commercial publication,false,false,false,false,HOLD — REFERENCE ONLY
10569857106223,dove-shower-gel-500ml-deeply-nourishing-off,جل استحمام دوف 500 مل مغذي بعمق - انتهى,Dove off,العناية بالجسم,العناية بالجسم,بسيط,14618,115,,true,https://cdn.shopify.com/s/files/1/0935/9550/0847/files/Dove-Shower-Gel-500ML-Deeply-Nourishing-Off.webp?v=1754298371,منتج جل استحمام دوف 500 مل مغذي بعمق - انتهى من Dove off. التصنيف المرجعي: العناية بالجسم — بسيط. الوسوم المرجعية: Body Care، Body Wash.,https://alfouadpharmacies.com/en/products/dove-shower-gel-500ml-deeply-nourishing-off,AlFouad Pharmacies,true,Verify usage rights before commercial publication,false,false,false,false,HOLD — REFERENCE ONLY
10569827909935,mood-body-splash-220-ml-sugar-rush,معطر للجسم مود 220 مل برائحة السكر,MOOD,العناية بالجسم,العناية بالجسم,بسيط,112359,180,310,true,https://cdn.shopify.com/s/files/1/0935/9550/0847/files/1_-_2026-09-08T140007.696.webp?v=1788865299,منتج معطر للجسم مود 220 مل برائحة السكر من MOOD. التصنيف المرجعي: العناية بالجسم — بسيط. الوسوم المرجعية: Body Care، Body Mist، Body Spray، Deodrant.,https://alfouadpharmacies.com/en/products/mood-body-splash-220-ml-sugar-rush,AlFouad Pharmacies,true,Verify usage rights before commercial publication,false,false,false,false,HOLD — REFERENCE ONLY
10569738813743,beesline-white-roll-on-50ml-fragrance-free,بيزلين وايت. رول أون 50 مل، بدون رائحة.,Beesline,العناية بالجسم,العناية بالجسم,بسيط,95972,350,,true,https://cdn.shopify.com/s/files/1/0935/9550/0847/files/Beesline-White.-Roll-On-50ML-Fragrance-Free.webp?v=1754298951,منتج بيزلين وايت. رول أون 50 مل، بدون رائحة. من Beesline. التصنيف المرجعي: العناية بالجسم — بسيط. الوسوم المرجعية: Body Care، Body Concerns، Deodrant، Even Skin Tone / Pigmentation، Sensetive Skin.,https://alfouadpharmacies.com/en/products/beesline-white-roll-on-50ml-fragrance-free,AlFouad Pharmacies,true,Verify usage rights before commercial publication,false,false,false,false,HOLD — REFERENCE ONLY
10569721348399,alejon-whitening-body-milk-200ml,حليب الجسم المبيض من أليجون 200 مل,ALEJON,العناية بالجسم,العناية بالجسم,بسيط,105293,360,,true,https://cdn.shopify.com/s/files/1/0935/9550/0847/files/Alejon-Whitening-Body-Milk-200ml.webp?v=1754299204,منتج حليب الجسم المبيض من أليجون 200 مل من ALEJON. التصنيف المرجعي: العناية بالجسم — بسيط. الوسوم المرجعية: Body Care، Body Concerns، Body Milk، Even Skin Tone / Pigmentation.,https://alfouadpharmacies.com/en/products/alejon-whitening-body-milk-200ml,AlFouad Pharmacies,true,Verify usage rights before commercial publication,false,false,false,false,HOLD — REFERENCE ONLY
12689702551855,dove-soap-100-gm-beauty,صابون دوف 100 غرام بيوتي أبيض,Dove,العناية بالجسم,العناية بالجسم,صابونة للبشرة,85470,51,,true,https://cdn.shopify.com/s/files/1/0935/9550/0847/files/dove_original_beauty_bar_1615x1615_3646469a-3ff0-4e60-9556-bb7e778c260c.webp?v=1773150342,منتج صابون دوف 100 غرام بيوتي أبيض من Dove. التصنيف المرجعي: العناية بالجسم — صابونة للبشرة. الوسوم المرجعية: Body Care، Body Wash.,https://alfouadpharmacies.com/en/products/dove-soap-100-gm-beauty,AlFouad Pharmacies,true,Verify usage rights before commercial publication,false,false,false,false,HOLD — REFERENCE ONLY
10569746055471,la-roche-lipikar-balm-200ml,لاروش بوزيه ليبيكار بوم 200مل,La Roch Possay,العناية بالجسم,العناية بالجسم,بلسم ترطيب الجسم,17663,1110,,true,https://cdn.shopify.com/s/files/1/0935/9550/0847/files/Group_1_23.webp?v=1781936796,منتج لاروش بوزيه ليبيكار بوم 200مل من La Roch Possay. التصنيف المرجعي: العناية بالجسم — بلسم ترطيب الجسم. الوسوم المرجعية: 10، Body Care، Body Concerns، Body Cream، Dry Skin، Dry Skin body concerns، Dryness، La roche.,https://alfouadpharmacies.com/en/products/la-roche-lipikar-balm-200ml,AlFouad Pharmacies,true,Verify usage rights before commercial publication,false,false,false,false,HOLD — REFERENCE ONLY
10569734390063,bioderma-cicabio-cream-40ml,بيوديرما سيكابيو كريم 40مل,Bioderma,العناية بالجسم,العناية بالجسم,بسيط,29814,820,0,true,https://cdn.shopify.com/s/files/1/0935/9550/0847/files/Bioderma_Cicabio_Cream_40ml.webp?v=1780824475,منتج بيوديرما سيكابيو كريم 40مل من Bioderma. التصنيف المرجعي: العناية بالجسم — بسيط. الوسوم المرجعية: Body Care، Body Concerns، Body Cream، Dehydrated Skin، Dry Skin، Dry Skin body concerns، Moisturizer Cream، Moisturizers.,https://alfouadpharmacies.com/en/products/bioderma-cicabio-cream-40ml,AlFouad Pharmacies,true,Verify usage rights before commercial publication,false,false,false,false,HOLD — REFERENCE ONLY
12689723654447,mood-men-body-splash-220-ml-dark,معطر للجسم مود مين 220 مل داكن,MOOD,العناية بالجسم,العناية بالجسم,بسيط,85190,180,310,true,https://cdn.shopify.com/s/files/1/0935/9550/0847/files/dark_splash_69cf7836-a29c-44ba-bb73-b352ad8656e8.webp?v=1790250797,منتج معطر للجسم مود مين 220 مل داكن من MOOD. التصنيف المرجعي: العناية بالجسم — بسيط. الوسوم المرجعية: Body Care، Body Mist، Body Spray، Deodrant، Men Care.,https://alfouadpharmacies.com/en/products/mood-men-body-splash-220-ml-dark,AlFouad Pharmacies,true,Verify usage rights before commercial publication,false,false,false,false,HOLD — REFERENCE ONLY
10569724363055,eva-body-deodorant-powder-70gm,بودرة مزيل عرق الجسم إيفا 70 جم,AlFouad Pharmacies,العناية بالجسم,العناية بالجسم,بسيط,99250,50,,true,https://cdn.shopify.com/s/files/1/0935/9550/0847/files/Eva-Body-Deodorant-Powder-70gm.webp?v=1754299160,منتج بودرة مزيل عرق الجسم إيفا 70 جم من AlFouad Pharmacies. التصنيف المرجعي: العناية بالجسم — بسيط. الوسوم المرجعية: Body Care، Deodrant.,https://alfouadpharmacies.com/en/products/eva-body-deodorant-powder-70gm,AlFouad Pharmacies,true,Verify usage rights before commercial publication,false,false,false,false,HOLD — REFERENCE ONLY
10569721774383,dermactive-sweat-control-intense-roll-on-60ml,ديرم اكتيف رول أون مكثف للتحكم في التعرق 60 مل,DERMACTIVE,العناية بالجسم,العناية بالجسم,بسيط,13079,169,,true,https://cdn.shopify.com/s/files/1/0935/9550/0847/files/Dermactive-Sweat-Control-Intense-Roll-On-60ml.webp?v=1754299197,منتج ديرم اكتيف رول أون مكثف للتحكم في التعرق 60 مل من DERMACTIVE. التصنيف المرجعي: العناية بالجسم — بسيط. الوسوم المرجعية: Body Care، Deodrant.,https://alfouadpharmacies.com/en/products/dermactive-sweat-control-intense-roll-on-60ml,AlFouad Pharmacies,true,Verify usage rights before commercial publication,false,false,false,false,HOLD — REFERENCE ONLY
10569854124335,victoria-secret-body-mist-250ml-coconut-passion,بخاخ جسم فيكتوريا سيكرت 250 مل، عطر جوز الهند.,Victoria Secret,العناية بالجسم,العناية بالجسم,بسيط,107186,650,,true,https://cdn.shopify.com/s/files/1/0935/9550/0847/files/Victoria-Secret-Body-Mist-250ML-Coconut-Passion.webp?v=1754298401,منتج بخاخ جسم فيكتوريا سيكرت 250 مل، عطر جوز الهند. من Victoria Secret. التصنيف المرجعي: العناية بالجسم — بسيط. الوسوم المرجعية: Body Care، Body Mist، Body Splash، Body Spray، Deodrant، Perfumes.,https://alfouadpharmacies.com/en/products/victoria-secret-body-mist-250ml-coconut-passion,AlFouad Pharmacies,true,Verify usage rights before commercial publication,false,false,false,false,HOLD — REFERENCE ONLY
12689540776239,one-bond-for-men-wash-300ml-yellow,غسول ون بوند للرجال 300 مل أصفر,One Bond,العناية بالجسم,العناية بالجسم,,16047,250,,true,https://cdn.shopify.com/s/files/1/0935/9550/0847/files/OneBond_WashForHim_300ml_PureWhite_1615x1615_defab835-1486-4856-97c0-d1dd971ad77d.webp?v=1772238430,منتج غسول ون بوند للرجال 300 مل أصفر من One Bond. التصنيف المرجعي: العناية بالجسم. الوسوم المرجعية: Body Care، Sensetive Skin، shower gel.,https://alfouadpharmacies.com/en/products/one-bond-for-men-wash-300ml-yellow,AlFouad Pharmacies,true,Verify usage rights before commercial publication,false,false,false,false,HOLD — REFERENCE ONLY
10589412557103,vacation-whitening-roll-on-50ml-arabian-oud-1,رول أون لتبييض البشرة في العطلات ٥٠ مل برائحة العود العربي ,vacation roll,العناية بالجسم,العناية بالجسم,,112892,275,,true,https://cdn.shopify.com/s/files/1/0935/9550/0847/files/VacationWhiteningRoll-On50MLArabianOud.webp?v=1754296943,منتج رول أون لتبييض البشرة في العطلات ٥٠ مل برائحة العود العربي  من vacation roll. التصنيف المرجعي: العناية بالجسم. الوسوم المرجعية: Body Care، Deodrant، Even Skin Tone / Pigmentation، Roll-on.,https://alfouadpharmacies.com/en/products/vacation-whitening-roll-on-50ml-arabian-oud-1,AlFouad Pharmacies,true,Verify usage rights before commercial publication,false,false,false,false,HOLD — REFERENCE ONLY
10569943744815,old-spice-deod-stick-50ml-restart,مزيل عرق أولد سبايس، عصا، 50 مل، إعادة تشغيل,AlFouad Pharmacies,العناية بالجسم,العناية بالجسم,بسيط,1631,325,,true,https://cdn.shopify.com/s/files/1/0935/9550/0847/files/Old-Spice-Deod-Stick-50ML-Restart.webp?v=1754297712,منتج مزيل عرق أولد سبايس، عصا، 50 مل، إعادة تشغيل من AlFouad Pharmacies. التصنيف المرجعي: العناية بالجسم — بسيط. الوسوم المرجعية: Body Care، Deodrant.,https://alfouadpharmacies.com/en/products/old-spice-deod-stick-50ml-restart,AlFouad Pharmacies,true,Verify usage rights before commercial publication,false,false,false,false,HOLD — REFERENCE ONLY
10569826402607,mood-whitening-deodorant-roll-on-50ml-original,مزيل عرق مود وايتنينج رول أون ٥٠ مل الأصلي,Mood Roll,العناية بالجسم,العناية بالجسم,بسيط,103642,80,119,true,https://cdn.shopify.com/s/files/1/0935/9550/0847/files/Mood-Whitening-Deodorant-Roll-On-50ML-Original.webp?v=1754298624,منتج مزيل عرق مود وايتنينج رول أون ٥٠ مل الأصلي من Mood Roll. التصنيف المرجعي: العناية بالجسم — بسيط. الوسوم المرجعية: Body Care، Body Concerns، Deodrant، Even Skin Tone / Pigmentation، Sensetive Skin.,https://alfouadpharmacies.com/en/products/mood-whitening-deodorant-roll-on-50ml-original,AlFouad Pharmacies,true,Verify usage rights before commercial publication,false,false,false,false,HOLD — REFERENCE ONLY
10569804546351,uriage-deodorant-puissance-50ml,يورياج باور 3 مزيل العرق رول أون 50 مل,URIAGE,العناية بالجسم,العناية بالجسم,مزيل عرق ,110732,799,,true,https://cdn.shopify.com/s/files/1/0935/9550/0847/files/Group_1_86.webp?v=1782205598,منتج يورياج باور 3 مزيل العرق رول أون 50 مل من URIAGE. التصنيف المرجعي: العناية بالجسم — مزيل عرق . الوسوم المرجعية: Body Care، Body Concerns، Deodrant، Sensetive Skin.,https://alfouadpharmacies.com/en/products/uriage-deodorant-puissance-50ml,AlFouad Pharmacies,true,Verify usage rights before commercial publication,false,false,false,false,HOLD — REFERENCE ONLY
10569746121007,la-roche-lipikar-balm-75ml,لاروش بوزيه ليبيكار بالم AP+M 75مل,La Roch Possay,العناية بالجسم,العناية بالجسم,مرطب للبشرة,95391,640,,true,https://cdn.shopify.com/s/files/1/0935/9550/0847/files/Group_1_28.webp?v=1781938193,منتج لاروش بوزيه ليبيكار بالم AP+M 75مل من La Roch Possay. التصنيف المرجعي: العناية بالجسم — مرطب للبشرة. الوسوم المرجعية: Body Care، Body Concerns، Body Cream، Dry Skin، Dry Skin body concerns، Dryness، La roche، Moisturizer Cream.,https://alfouadpharmacies.com/en/products/la-roche-lipikar-balm-75ml,AlFouad Pharmacies,true,Verify usage rights before commercial publication,false,false,false,false,HOLD — REFERENCE ONLY
12689600315695,gtt-venus-women-razor,شفرة حلاقة فينوس للسيدات من جي تي تي,GTT,العناية بالجسم,العناية بالجسم,شفرة حلاقة للسيدات,15013,24,,true,https://cdn.shopify.com/s/files/1/0935/9550/0847/files/razor_1615.webp?v=1772968243,منتج شفرة حلاقة فينوس للسيدات من جي تي تي من GTT. التصنيف المرجعي: العناية بالجسم — شفرة حلاقة للسيدات. الوسوم المرجعية: Body Care، Hair Removal، Razor Handel.,https://alfouadpharmacies.com/en/products/gtt-venus-women-razor,AlFouad Pharmacies,true,Verify usage rights before commercial publication,false,false,false,false,HOLD — REFERENCE ONLY
12689551786287,beesline-white-roll-on-50ml-fragrance-free-1-1-off,بيزلاين وايت. رول أون ٥٠ مل، بدون عطر، عرض ١+١,Beesline,العناية بالجسم,العناية بالجسم,,9286,550,,false,https://cdn.shopify.com/s/files/1/0935/9550/0847/files/beesline_rollon_freepiece_1615x1615_e8195af9-4cef-42af-8d6c-130b095832b3.webp?v=1771880738,منتج بيزلاين وايت. رول أون ٥٠ مل، بدون عطر، عرض ١+١ من Beesline. التصنيف المرجعي: العناية بالجسم. الوسوم المرجعية: Body Care، Deodrant، Roll-on.,https://alfouadpharmacies.com/en/products/beesline-white-roll-on-50ml-fragrance-free-1-1-off,AlFouad Pharmacies,true,Verify usage rights before commercial publication,false,false,false,false,HOLD — REFERENCE ONLY
10569856844079,dove-roll-on-50ml-original,دوف رول أون 50 مل الأصلي,Dove,العناية بالجسم,العناية بالجسم,بسيط,90217,110,,true,https://cdn.shopify.com/s/files/1/0935/9550/0847/files/Dove-Roll-On-50ML-Original.webp?v=1754298374,منتج دوف رول أون 50 مل الأصلي من Dove. التصنيف المرجعي: العناية بالجسم — بسيط. الوسوم المرجعية: Body Care، Deodrant.,https://alfouadpharmacies.com/en/products/dove-roll-on-50ml-original,AlFouad Pharmacies,true,Verify usage rights before commercial publication,false,false,false,false,HOLD — REFERENCE ONLY
10569827746095,mood-body-splash-220-ml-latino,معطر للجسم مود 220 مل لاتينو,MOOD,العناية بالجسم,العناية بالجسم,بسيط,84742,180,310,true,https://cdn.shopify.com/s/files/1/0935/9550/0847/files/1_-_2026-09-08T135504.082.webp?v=1788864980,منتج معطر للجسم مود 220 مل لاتينو من MOOD. التصنيف المرجعي: العناية بالجسم — بسيط. الوسوم المرجعية: Body Care، Body Mist، Body Spray، Deodrant.,https://alfouadpharmacies.com/en/products/mood-body-splash-220-ml-latino,AlFouad Pharmacies,true,Verify usage rights before commercial publication,false,false,false,false,HOLD — REFERENCE ONLY
10569738879279,beesline-white-roll-on-50ml-hair-delaying-11-off,بيزلين وايت. رول أون 50 مل لتأخير نمو الشعر. عرض 1+1 مجاناً,AlFouad Pharmacies,العناية بالجسم,العناية بالجسم,بسيط,9280,599,,true,https://cdn.shopify.com/s/files/1/0935/9550/0847/files/Beesline-White.-Roll-On-50ML-Hair-Delaying-11-Off.webp?v=1754298950,منتج بيزلين وايت. رول أون 50 مل لتأخير نمو الشعر. عرض 1+1 مجاناً من AlFouad Pharmacies. التصنيف المرجعي: العناية بالجسم — بسيط. الوسوم المرجعية: Body Care، Body Concerns، Deodrant، Even Skin Tone / Pigmentation، Sensetive Skin.,https://alfouadpharmacies.com/en/products/beesline-white-roll-on-50ml-hair-delaying-11-off,AlFouad Pharmacies,true,Verify usage rights before commercial publication,false,false,false,false,HOLD — REFERENCE ONLY
10569835282735,veet-hair-remover-cr100ml-senetive-skin,مزيل شعر فيت كريم 100 مل للبشرة الحساسة,Veet,العناية بالجسم,العناية بالجسم,بسيط,108421,87.5,,true,https://cdn.shopify.com/s/files/1/0935/9550/0847/files/Veet-Hair-Remover-CR.100ML-Senetive-Skin.webp?v=1754298557,منتج مزيل شعر فيت كريم 100 مل للبشرة الحساسة من Veet. التصنيف المرجعي: العناية بالجسم — بسيط. الوسوم المرجعية: Body Care، Hair Removal.,https://alfouadpharmacies.com/en/products/veet-hair-remover-cr100ml-senetive-skin,AlFouad Pharmacies,true,Verify usage rights before commercial publication,false,false,false,false,HOLD — REFERENCE ONLY
12689501356335,dermaelle-hyalurepair-cica-lotion-200ml,لوشن ديرمايل هيالوربير سيكا 200 مل,Dermaelle,العناية بالجسم,العناية بالجسم,لوشن ,114526,276.75,369,true,https://cdn.shopify.com/s/files/1/0935/9550/0847/files/1_95.webp?v=1782376788,منتج لوشن ديرمايل هيالوربير سيكا 200 مل من Dermaelle. التصنيف المرجعي: العناية بالجسم — لوشن . الوسوم المرجعية: Body Care، Body Lotion، Dry Skin.,https://alfouadpharmacies.com/en/products/dermaelle-hyalurepair-cica-lotion-200ml,AlFouad Pharmacies,true,Verify usage rights before commercial publication,false,false,false,false,HOLD — REFERENCE ONLY
12689757208879,bio-oil-skin-care-oil-200ml,زيت العناية بالبشرة بيو-أويل 200 مل,AlFouad Pharmacies,العناية بالجسم,العناية بالجسم,بسيط,82035,999,,true,https://cdn.shopify.com/s/files/1/0935/9550/0847/files/Bio-OilSkinCareOil200ml_d9ac1822-6e2e-4cb2-81e9-3e66b5bc7d15.webp?v=1771930849,منتج زيت العناية بالبشرة بيو-أويل 200 مل من AlFouad Pharmacies. التصنيف المرجعي: العناية بالجسم — بسيط. الوسوم المرجعية: Body Care، Body Concerns، Body Oil، Stretch Marks.,https://alfouadpharmacies.com/en/products/bio-oil-skin-care-oil-200ml,AlFouad Pharmacies,true,Verify usage rights before commercial publication,false,false,false,false,HOLD — REFERENCE ONLY
10570013704495,dermaelle-hyaluwhite-exfoliating-cleanser-all-in-one-200ml,منظف ديرمإيل هايالووايت غسول مقشر ماسك 200 مل,Dermaelle,العناية بالجسم,العناية بالجسم,غسول ماسك,80528,220,,false,https://cdn.shopify.com/s/files/1/0935/9550/0847/files/1_-_2026-06-25T140607.242.webp?v=1782385581,منتج منظف ديرمإيل هايالووايت غسول مقشر ماسك 200 مل من Dermaelle. التصنيف المرجعي: العناية بالجسم — غسول ماسك. الوسوم المرجعية: Body Care، Body Concerns، Body Scrub، Even Skin Tone / Pigmentation.,https://alfouadpharmacies.com/en/products/dermaelle-hyaluwhite-exfoliating-cleanser-all-in-one-200ml,AlFouad Pharmacies,true,Verify usage rights before commercial publication,false,false,false,false,HOLD — REFERENCE ONLY
10569863725359,moroccan-oil-bath-soap-walnut-casca-250ml,صابون مغربي بزيت الأرجان مع مقشر الجوز 250 مل,AlFouad Pharmacies,العناية بالجسم,العناية بالجسم,بسيط,109230,260,,true,https://cdn.shopify.com/s/files/1/0935/9550/0847/files/Moroccan-Oil-Bath-Soap-Walnut-Casca-250ML.webp?v=1754298307,منتج صابون مغربي بزيت الأرجان مع مقشر الجوز 250 مل من AlFouad Pharmacies. التصنيف المرجعي: العناية بالجسم — بسيط. الوسوم المرجعية: Body Care، Body Wash.,https://alfouadpharmacies.com/en/products/moroccan-oil-bath-soap-walnut-casca-250ml,AlFouad Pharmacies,true,Verify usage rights before commercial publication,false,false,false,false,HOLD — REFERENCE ONLY
12689485889839,acm-spot-correct-body-milk-200ml,لوشن الجسم الموضعي من إيه سي إم 200 مل,ACM,العناية بالجسم,العناية بالجسم,تفتيح ,109173,599,,true,https://cdn.shopify.com/s/files/1/0935/9550/0847/files/Group_1_copy_8.webp?v=1781940018,منتج لوشن الجسم الموضعي من إيه سي إم 200 مل من ACM. التصنيف المرجعي: العناية بالجسم — تفتيح . الوسوم المرجعية: Body Care، Body Lotion، Even Skin Tone، Even Skin Tone / Pigmentation.,https://alfouadpharmacies.com/en/products/acm-spot-correct-body-milk-200ml,AlFouad Pharmacies,true,Verify usage rights before commercial publication,false,false,false,false,HOLD — REFERENCE ONLY
10569926967599,vaseline-body-lotion-400ml-cocoa-radiant-off-15,لوشن الجسم فازلين 400 مل كاكاو متألق - خصم 15%,Vaseline OFF,العناية بالجسم,العناية بالجسم,بسيط,27398,260,,true,https://cdn.shopify.com/s/files/1/0935/9550/0847/files/Vaseline-Body-Lotion-400ML-Cocoa-Radiant-Off-15.webp?v=1754297815,منتج لوشن الجسم فازلين 400 مل كاكاو متألق - خصم 15% من Vaseline OFF. التصنيف المرجعي: العناية بالجسم — بسيط. الوسوم المرجعية: Body Care، Body Concerns، Body Lotion، Dry Skin body concerns.,https://alfouadpharmacies.com/en/products/vaseline-body-lotion-400ml-cocoa-radiant-off-15,AlFouad Pharmacies,true,Verify usage rights before commercial publication,false,false,false,false,HOLD — REFERENCE ONLY
10569913565487,nivea-shower-gel-250ml-deep,جل استحمام نيفيا 250 مل عميق,AlFouad Pharmacies,العناية بالجسم,العناية بالجسم,بسيط,102388,120,,true,https://cdn.shopify.com/s/files/1/0935/9550/0847/files/Nivea-Shower-Gel-250ML-Deep.webp?v=1754297965,منتج جل استحمام نيفيا 250 مل عميق من AlFouad Pharmacies. التصنيف المرجعي: العناية بالجسم — بسيط. الوسوم المرجعية: Body Care، Body Wash.,https://alfouadpharmacies.com/en/products/nivea-shower-gel-250ml-deep,AlFouad Pharmacies,true,Verify usage rights before commercial publication,false,false,false,false,HOLD — REFERENCE ONLY
10569826861359,mood-whitening-deodorant-roll-on-50ml-vanilla,مزيل عرق مود وايتنينج رول أون 50 مل برائحة الفانيليا,Mood Roll,العناية بالجسم,العناية بالجسم,بسيط,96894,80,119,true,https://cdn.shopify.com/s/files/1/0935/9550/0847/files/Mood-Whitening-Deodorant-Roll-On-50ML-Vanilla.webp?v=1754298621,منتج مزيل عرق مود وايتنينج رول أون 50 مل برائحة الفانيليا من Mood Roll. التصنيف المرجعي: العناية بالجسم — بسيط. الوسوم المرجعية: Body Care، Body Concerns، Deodrant، Even Skin Tone / Pigmentation، Sensetive Skin.,https://alfouadpharmacies.com/en/products/mood-whitening-deodorant-roll-on-50ml-vanilla,AlFouad Pharmacies,true,Verify usage rights before commercial publication,false,false,false,false,HOLD — REFERENCE ONLY
10569738551599,beesline-white-roll-on-50ml-arabian-oud-11-off,بيزلين وايت. رول أون 50 مل عود عطري 1+1 خصم,Beesline,العناية بالجسم,العناية بالجسم,بسيط,6183,550,,true,https://cdn.shopify.com/s/files/1/0935/9550/0847/files/Beesline-White.-Roll-On-50ML-Arabian-Oud-11-Off.webp?v=1754298954,منتج بيزلين وايت. رول أون 50 مل عود عطري 1+1 خصم من Beesline. التصنيف المرجعي: العناية بالجسم — بسيط. الوسوم المرجعية: Body Care، Body Concerns، Deodrant، Even Skin Tone / Pigmentation، Sensetive Skin.,https://alfouadpharmacies.com/en/products/beesline-white-roll-on-50ml-arabian-oud-11-off,AlFouad Pharmacies,true,Verify usage rights before commercial publication,false,false,false,false,HOLD — REFERENCE ONLY
12689780605231,dermactive-acti-repair-emiollient-extreme-200ml,ديرم اكتيف اكتي-ريبير إيموليانت إكستريم 200 مل,DERMACTIVE,العناية بالجسم,العناية بالجسم,بسيط,8866,299,,true,https://cdn.shopify.com/s/files/1/0935/9550/0847/files/dermactive_acti_repair_emollient_extreme_1615x1615_677de558-5924-49d1-b52a-1087e650f5f7.webp?v=1771748387,منتج ديرم اكتيف اكتي-ريبير إيموليانت إكستريم 200 مل من DERMACTIVE. التصنيف المرجعي: العناية بالجسم — بسيط. الوسوم المرجعية: Body Care، Body Concerns، Body Cream، Creams، Dry Skin body concerns، Moisturizers، Sensetive Skin، Skin Care.,https://alfouadpharmacies.com/en/products/dermactive-acti-repair-emiollient-extreme-200ml,AlFouad Pharmacies,true,Verify usage rights before commercial publication,false,false,false,false,HOLD — REFERENCE ONLY
12689512268079,one-bond-for-men-wash-300-ml-mango,غسول ون بوند للرجال 300 مل برائحة المانجو,One Bond,العناية بالجسم,العناية بالجسم,غسول للرجال,114570,250,,true,https://cdn.shopify.com/s/files/1/0935/9550/0847/files/OneBond_WashForHim_Yellow_V2_300ml_PureWhite_1615x1615_8b0683b3-b619-4bd7-9aa7-47d18bea9a01.webp?v=1772238599,منتج غسول ون بوند للرجال 300 مل برائحة المانجو من One Bond. التصنيف المرجعي: العناية بالجسم — غسول للرجال. الوسوم المرجعية: Body Wash.,https://alfouadpharmacies.com/en/products/one-bond-for-men-wash-300-ml-mango,AlFouad Pharmacies,true,Verify usage rights before commercial publication,false,false,false,false,HOLD — REFERENCE ONLY
10569995321647,gillete-venus3-comfort-breeze-1razoramp2blade,جليت فينس. ٣ كُمفورت بريز. شفرة حلاقة واحدة مع شفرتين احتياطيتين.,AlFouad Pharmacies,العناية بالجسم,العناية بالجسم,بسيط,20943,515,,true,https://cdn.shopify.com/s/files/1/0935/9550/0847/files/Gillete-VENUS.3-Comfort-Breeze-1RAZOR2BLADE.webp?v=1754297158,منتج جليت فينس. ٣ كُمفورت بريز. شفرة حلاقة واحدة مع شفرتين احتياطيتين. من AlFouad Pharmacies. التصنيف المرجعي: العناية بالجسم — بسيط. الوسوم المرجعية: Body Care، Hair Removal، Razor Handel.,https://alfouadpharmacies.com/en/products/gillete-venus3-comfort-breeze-1razoramp2blade,AlFouad Pharmacies,true,Verify usage rights before commercial publication,false,false,false,false,HOLD — REFERENCE ONLY
10569739796783,beesline-whiteneing-cream-sensetive-zone-50ml,بيزلين كريم تفتيح للمناطق المستهدفة 50 مل,Beesline,العناية بالجسم,العناية بالجسم,بسيط,95969,699,,true,https://cdn.shopify.com/s/files/1/0935/9550/0847/files/Beesline-Whiteneing-Cream-Sensetive-Zone-50ML.webp?v=1754298944,منتج بيزلين كريم تفتيح للمناطق المستهدفة 50 مل من Beesline. التصنيف المرجعي: العناية بالجسم — بسيط. الوسوم المرجعية: Body Care، Body Concerns، Body Cream، Even Skin Tone / Pigmentation، Sensetive Skin.,https://alfouadpharmacies.com/en/products/beesline-whiteneing-cream-sensetive-zone-50ml,AlFouad Pharmacies,true,Verify usage rights before commercial publication,false,false,false,false,HOLD — REFERENCE ONLY
10569722495279,eva-foot-powder-50gm-mentol,بودرة إيفا للقدم 50 غرام، بالمنثول,AlFouad Pharmacies,العناية بالجسم,العناية بالجسم,بسيط,12428,40,,true,https://cdn.shopify.com/s/files/1/0935/9550/0847/files/Eva-Foot-Powder-50gm-Mentol-2.webp?v=1754299184,منتج بودرة إيفا للقدم 50 غرام، بالمنثول من AlFouad Pharmacies. التصنيف المرجعي: العناية بالجسم — بسيط. الوسوم المرجعية: Body Care، Foot، Hands & Feet.,https://alfouadpharmacies.com/en/products/eva-foot-powder-50gm-mentol,AlFouad Pharmacies,true,Verify usage rights before commercial publication,false,false,false,false,HOLD — REFERENCE ONLY
12689540841775,one-bond-sensitive-area-deo-spray-100ml-exotica,بخاخ مزيل عرق للمناطق الحساسة من ون بوند، 100 مل، إكزوتيكا,One Bond,العناية بالجسم,العناية بالجسم,,13137,300,,true,https://cdn.shopify.com/s/files/1/0935/9550/0847/files/OneBond_Exotica_24H_PureWhite_1615x1615_d3f5b74f-7597-4a0a-bcc4-8047b685d1af.webp?v=1772238157,منتج بخاخ مزيل عرق للمناطق الحساسة من ون بوند، 100 مل، إكزوتيكا من One Bond. التصنيف المرجعي: العناية بالجسم. الوسوم المرجعية: Body Care، Body Spray، Sensetive Skin.,https://alfouadpharmacies.com/en/products/one-bond-sensitive-area-deo-spray-100ml-exotica,AlFouad Pharmacies,true,Verify usage rights before commercial publication,false,false,false,false,HOLD — REFERENCE ONLY
10569992569135,gtt-venus2-1-razor,جي تي تي فينوس.2 (شفرة حلاقة واحدة),AlFouad Pharmacies,العناية بالجسم,العناية بالجسم,بسيط,85619,21.5,,false,https://cdn.shopify.com/s/files/1/0935/9550/0847/files/Gtt-VENUS.2-1-Razor-698.webp?v=1754297203,منتج جي تي تي فينوس.2 (شفرة حلاقة واحدة) من AlFouad Pharmacies. التصنيف المرجعي: العناية بالجسم — بسيط. الوسوم المرجعية: Body Care، Hair Removal، Razor Handel.,https://alfouadpharmacies.com/en/products/gtt-venus2-1-razor,AlFouad Pharmacies,true,Verify usage rights before commercial publication,false,false,false,false,HOLD — REFERENCE ONLY
10569734226223,atoderm-intensive-baume-75ml,بلسم بيوديرما أتوديرم المكثف 75 مل,Bioderma,العناية بالجسم,العناية بالجسم,بسيط,83696,599,0,true,https://cdn.shopify.com/s/files/1/0935/9550/0847/files/Atoderm-Intensive-Baume-75ML.webp?v=1754299002,منتج بلسم بيوديرما أتوديرم المكثف 75 مل من Bioderma. التصنيف المرجعي: العناية بالجسم — بسيط. الوسوم المرجعية: Body Care، Body Concerns، Body Cream، Dry Skin، Dry Skin body concerns، Dryness، Moisturizer Cream، Moisturizers.,https://alfouadpharmacies.com/en/products/atoderm-intensive-baume-75ml,AlFouad Pharmacies,true,Verify usage rights before commercial publication,false,false,false,false,HOLD — REFERENCE ONLY
10569720103215,dermactive-acti-white-body-milk-2-in-1-200ml,حليب الجسم ديرم اكتيف اكتي وايت 2 في 1، 200 مل,DERMACTIVE,العناية بالجسم,العناية بالجسم,بسيط,3098,269,,true,https://cdn.shopify.com/s/files/1/0935/9550/0847/files/Dermactive-Acti-White-Body-Milk-2-In-1-200ml.webp?v=1754299221,منتج حليب الجسم ديرم اكتيف اكتي وايت 2 في 1، 200 مل من DERMACTIVE. التصنيف المرجعي: العناية بالجسم — بسيط. الوسوم المرجعية: Body Care، Body Concerns، Body Milk، Even Skin Tone / Pigmentation.,https://alfouadpharmacies.com/en/products/dermactive-acti-white-body-milk-2-in-1-200ml,AlFouad Pharmacies,true,Verify usage rights before commercial publication,false,false,false,false,HOLD — REFERENCE ONLY
12689746624815,cerave-reparative-hand-cream-50ml,كريم اليدين الترميمي من سيرافي 50 مل,cerave,العناية بالجسم,العناية بالجسم,بسيط,96471,350,,true,https://cdn.shopify.com/s/files/1/0935/9550/0847/files/2_-_2026-07-28T113514.198.webp?v=1785227733,منتج كريم اليدين الترميمي من سيرافي 50 مل من cerave. التصنيف المرجعي: العناية بالجسم — بسيط. الوسوم المرجعية: Body Care، Body Concerns، Dry Skin body concerns، Hand، Hands & Feet.,https://alfouadpharmacies.com/en/products/cerave-reparative-hand-cream-50ml,AlFouad Pharmacies,true,Verify usage rights before commercial publication,false,false,false,false,HOLD — REFERENCE ONLY
12689667850543,limitless-chromax-cut-30-sachets,ليمتليس كرومكس كات، 30 كيسًا,Limitless,العناية بالجسم,العناية بالجسم,بسيط,17142,410,,true,https://cdn.shopify.com/s/files/1/0935/9550/0847/files/LimitlessChromaxCut30Sachets.webp?v=1771751758,منتج ليمتليس كرومكس كات، 30 كيسًا من Limitless. التصنيف المرجعي: العناية بالجسم — بسيط. الوسوم المرجعية: Body Care، Body Concerns، Firming، Slimming and weight loss، Vitamins & Supplements.,https://alfouadpharmacies.com/en/products/limitless-chromax-cut-30-sachets,AlFouad Pharmacies,true,Verify usage rights before commercial publication,false,false,false,false,HOLD — REFERENCE ONLY
12689565614383,mood-shower-gel-750-ml-warm-vanilla,جل استحمام مود 750 مل برائحة الفانيليا الدافئة,MOOD,العناية بالجسم,العناية بالجسم,,113423,99,,true,https://cdn.shopify.com/s/files/1/0935/9550/0847/files/MoodShowerGel750mlWarmVanilla.webp?v=1771844992,منتج جل استحمام مود 750 مل برائحة الفانيليا الدافئة من MOOD. التصنيف المرجعي: العناية بالجسم. الوسوم المرجعية: Body Care، Body Wash.,https://alfouadpharmacies.com/en/products/mood-shower-gel-750-ml-warm-vanilla,AlFouad Pharmacies,true,Verify usage rights before commercial publication,false,false,false,false,HOLD — REFERENCE ONLY
12689487462703,mood-set-vienna-splash-hand-shower-milk,مجموعة موود فيينا للعناية بالجسم | بودي سبلاش وعناية باليدين وبودي ميلك,MOOD,العناية بالجسم,العناية بالجسم,,114994,450,685,false,https://cdn.shopify.com/s/files/1/0935/9550/0847/files/MOODSETVIENNA_SPLASH_HAND_SHOWER_MILK_deaba1bc-b45c-4303-819a-53f4f2200932.webp?v=1771844735,منتج مجموعة موود فيينا للعناية بالجسم | بودي سبلاش وعناية باليدين وبودي ميلك من MOOD. التصنيف المرجعي: العناية بالجسم. الوسوم المرجعية: Body Care، Bundle، mood offer.,https://alfouadpharmacies.com/en/products/mood-set-vienna-splash-hand-shower-milk,AlFouad Pharmacies,true,Verify usage rights before commercial publication,false,false,false,false,HOLD — REFERENCE ONLY
10569907372335,nivea-body-lotion-400ml-nourishing-very-dry-skin,لوشن نيفيا للجسم 400 مل، مغذي للبشرة الجافة جداً,AlFouad Pharmacies,العناية بالجسم,العناية بالجسم,بسيط,8586,320,,true,https://cdn.shopify.com/s/files/1/0935/9550/0847/files/41ytGWxf-GL._SL500_._AC_SL500.webp?v=1790498136,منتج لوشن نيفيا للجسم 400 مل، مغذي للبشرة الجافة جداً من AlFouad Pharmacies. التصنيف المرجعي: العناية بالجسم — بسيط. الوسوم المرجعية: Body Care، Body Concerns، Body Lotion، Dry Skin body concerns.,https://alfouadpharmacies.com/en/products/nivea-body-lotion-400ml-nourishing-very-dry-skin,AlFouad Pharmacies,true,Verify usage rights before commercial publication,false,false,false,false,HOLD — REFERENCE ONLY
10569864118575,fa-eau-de-cologne-splash-250ml-caribbean-lemon,كولونيا فوا، رذاذ، 250 مل، رائحة الليمون الكاريبي,AlFouad Pharmacies,العناية بالجسم,العناية بالجسم,بسيط,87140,80,,false,https://cdn.shopify.com/s/files/1/0935/9550/0847/files/Fa-Eau-De-Cologne-Splash-250-ml-Caribbean-Lemon.webp?v=1754298305,منتج كولونيا فوا، رذاذ، 250 مل، رائحة الليمون الكاريبي من AlFouad Pharmacies. التصنيف المرجعي: العناية بالجسم — بسيط. الوسوم المرجعية: Body Care، Body Spray، Deodrant.,https://alfouadpharmacies.com/en/products/fa-eau-de-cologne-splash-250ml-caribbean-lemon,AlFouad Pharmacies,true,Verify usage rights before commercial publication,false,false,false,false,HOLD — REFERENCE ONLY
10569828598063,mood-men-body-splash-220-ml-strong,معطر للجسم مود مين 220 مل قوي,MOOD,العناية بالجسم,العناية بالجسم,بسيط,112353,180,310,true,https://cdn.shopify.com/s/files/1/0935/9550/0847/files/strong_splash_3ce0f188-245d-4cce-ba8d-fd7e7ec4f1aa.webp?v=1790251629,منتج معطر للجسم مود مين 220 مل قوي من MOOD. التصنيف المرجعي: العناية بالجسم — بسيط. الوسوم المرجعية: Body Care، Body Mist، Body Spray، Deodrant، Men Care.,https://alfouadpharmacies.com/en/products/mood-men-body-splash-220-ml-strong,AlFouad Pharmacies,true,Verify usage rights before commercial publication,false,false,false,false,HOLD — REFERENCE ONLY
10569828499759,mood-men-body-splash-220-ml-power,معطر للجسم مود مين 220 مل باور,MOOD,العناية بالجسم,العناية بالجسم,بسيط,112354,180,310,true,https://cdn.shopify.com/s/files/1/0935/9550/0847/files/power_splash_2fe6be8a-919b-4973-bab5-e0b377e50879.webp?v=1790251813,منتج معطر للجسم مود مين 220 مل باور من MOOD. التصنيف المرجعي: العناية بالجسم — بسيط. الوسوم المرجعية: Body Care، Body Mist، Body Spray، Deodrant، Men Care.,https://alfouadpharmacies.com/en/products/mood-men-body-splash-220-ml-power,AlFouad Pharmacies,true,Verify usage rights before commercial publication,false,false,false,false,HOLD — REFERENCE ONLY
10569738649903,beesline-white-roll-on-50ml-cool-breeze-11-off,بيزلين وايت. رول أون 50 مل برودة منعشة. عرض 1+1,Beesline,العناية بالجسم,العناية بالجسم,بسيط,9232,550,,false,https://cdn.shopify.com/s/files/1/0935/9550/0847/files/Beesline-White.-Roll-On-50ML-Cool-Breeze-11-Off.webp?v=1754298953,منتج بيزلين وايت. رول أون 50 مل برودة منعشة. عرض 1+1 من Beesline. التصنيف المرجعي: العناية بالجسم — بسيط. الوسوم المرجعية: Body Care، Body Concerns، Deodrant، Even Skin Tone / Pigmentation، Sensetive Skin.,https://alfouadpharmacies.com/en/products/beesline-white-roll-on-50ml-cool-breeze-11-off,AlFouad Pharmacies,true,Verify usage rights before commercial publication,false,false,false,false,HOLD — REFERENCE ONLY
10569734357295,bioderma-cicabio-arnica-cream-40ml,كريم بيوديرما سيكابيو ارنيكا 40 مل,Bioderma,العناية بالجسم,العناية بالجسم,بسيط,5436,820,0,true,https://cdn.shopify.com/s/files/1/0935/9550/0847/files/Bioderma-Cicabio-Arnica-Cream-40ML.webp?v=1754299000,منتج كريم بيوديرما سيكابيو ارنيكا 40 مل من Bioderma. التصنيف المرجعي: العناية بالجسم — بسيط. الوسوم المرجعية: Body Care، Body Concerns، Body Cream، Dehydrated Skin، Moisturizer Cream، Moisturizers، Sensetive Skin، Sensitive Skin / Redness.,https://alfouadpharmacies.com/en/products/bioderma-cicabio-arnica-cream-40ml,AlFouad Pharmacies,true,Verify usage rights before commercial publication,false,false,false,false,HOLD — REFERENCE ONLY
10569856057647,victoria-secret-body-mist-250ml-temptation,بخاخ جسم فيكتوريا سيكرت، رائحة إغراء، 250 مل,Victoria Secret,العناية بالجسم,العناية بالجسم,بسيط,107522,650,,true,https://cdn.shopify.com/s/files/1/0935/9550/0847/files/VictoriaSecret.BodyMist250mlTemptation_11zon.webp?v=1790503400,منتج بخاخ جسم فيكتوريا سيكرت، رائحة إغراء، 250 مل من Victoria Secret. التصنيف المرجعي: العناية بالجسم — بسيط. الوسوم المرجعية: Body Care، Body Mist، Body Splash، Body Spray، Deodrant، Perfumes.,https://alfouadpharmacies.com/en/products/victoria-secret-body-mist-250ml-temptation,AlFouad Pharmacies,true,Verify usage rights before commercial publication,false,false,false,false,HOLD — REFERENCE ONLY
10569809396015,uriage-xemose-cream-200-ml,كريم يورياج زيموس المغذي والمهدئ لبشرة الوجه شديدة الجفاف 200 مل,URIAGE,العناية بالجسم,العناية بالجسم,بسيط,95993,1289,,false,https://cdn.shopify.com/s/files/1/0935/9550/0847/files/Uriage_Xemose_Face_Cream_40ml_Dry_Sensitive.webp?v=1790672641,منتج كريم يورياج زيموس المغذي والمهدئ لبشرة الوجه شديدة الجفاف 200 مل من URIAGE. التصنيف المرجعي: العناية بالجسم — بسيط. الوسوم المرجعية: Body Care، Body Concerns، Body Milk، Dry Skin body concerns.,https://alfouadpharmacies.com/en/products/uriage-xemose-cream-200-ml,AlFouad Pharmacies,true,Verify usage rights before commercial publication,false,false,false,false,HOLD — REFERENCE ONLY
10569808478511,uriage-gyn-phy-gel-200-ml,يورياج جين-في جل للعناية بالمناطق الحساسة – 200 مل,URIAGE,العناية بالجسم,العناية بالجسم,العناية بالمناطق الحساسة,109899,655,,true,https://cdn.shopify.com/s/files/1/0935/9550/0847/files/Group_1_67.webp?v=1782051666,منتج يورياج جين-في جل للعناية بالمناطق الحساسة – 200 مل من URIAGE. التصنيف المرجعي: العناية بالجسم — العناية بالمناطق الحساسة. الوسوم المرجعية: Body Care، Body Concerns، Femming Wash، Intimate Care، Sensetive Skin، Sexual Health، Women’s Health.,https://alfouadpharmacies.com/en/products/uriage-gyn-phy-gel-200-ml,AlFouad Pharmacies,true,Verify usage rights before commercial publication,false,false,false,false,HOLD — REFERENCE ONLY
10569739895087,beesline-whitening-intimate-wash-200ml,غسول بيزلين لتفتيح المناطق الحساسة 200 مل,AlFouad Pharmacies,العناية بالجسم,العناية بالجسم,بسيط,97503,449,,true,https://cdn.shopify.com/s/files/1/0935/9550/0847/files/Beesline-Whitening-Intimate-Wash-200ML.webp?v=1754298943,منتج غسول بيزلين لتفتيح المناطق الحساسة 200 مل من AlFouad Pharmacies. التصنيف المرجعي: العناية بالجسم — بسيط. الوسوم المرجعية: Body Care، Body Concerns، Even Skin Tone / Pigmentation، Femming Wash، Intimate Care، Sensetive Skin، Sexual Health، Women’s Health.,https://alfouadpharmacies.com/en/products/beesline-whitening-intimate-wash-200ml,AlFouad Pharmacies,true,Verify usage rights before commercial publication,false,false,false,false,HOLD — REFERENCE ONLY
10569938370863,tetra-glow-sensitive-zone-foam-cleanser-200ml,غسول رغوي لتنظيف المناطق الحساسة من تيترا جلو 200 مل,Tetra Glow,العناية بالجسم,العناية بالجسم,بسيط,21322,240,,true,https://cdn.shopify.com/s/files/1/0935/9550/0847/files/Tetra-Glow-Sensitive-Zone-Foam-Cleanser-200ML.webp?v=1754297764,منتج غسول رغوي لتنظيف المناطق الحساسة من تيترا جلو 200 مل من Tetra Glow. التصنيف المرجعي: العناية بالجسم — بسيط. الوسوم المرجعية: Body Care، Body Concerns، Even Skin Tone / Pigmentation، Femming Wash، Intimate Care، Sensetive Skin، Sexual Health، Women’s Health.,https://alfouadpharmacies.com/en/products/tetra-glow-sensitive-zone-foam-cleanser-200ml,AlFouad Pharmacies,true,Verify usage rights before commercial publication,false,false,false,false,HOLD — REFERENCE ONLY
10569894592815,bathampbody-works-bmist-236ml-you-are-the-one,"بخاخ Bath&amp;Body Works B.MIST 236 مل  ""أنتِ هي""",Bath and Body,العناية بالجسم,العناية بالجسم,بسيط,84638,800,,true,https://cdn.shopify.com/s/files/1/0935/9550/0847/files/BathBody-Works-B.MIST-236ML-You-Are-the-One.webp?v=1754298215,"منتج بخاخ Bath&amp;Body Works B.MIST 236 مل  ""أنتِ هي"" من Bath and Body. التصنيف المرجعي: العناية بالجسم — بسيط. الوسوم المرجعية: Body Care، Body Mist، Body Splash، Body Spray، Deodrant، Perfumes.",https://alfouadpharmacies.com/en/products/bathampbody-works-bmist-236ml-you-are-the-one,AlFouad Pharmacies,true,Verify usage rights before commercial publication,false,false,false,false,HOLD — REFERENCE ONLY
10569864380719,fa-eau-de-cologne-splash-250ml-pink-passion,ماء كولونيا فا، رذاذ، 250 مل، عطر بينك باشن (Pink Passion),AlFouad Pharmacies,العناية بالجسم,العناية بالجسم,بسيط,80903,80,,false,https://cdn.shopify.com/s/files/1/0935/9550/0847/files/Fa-Eau-De-Cologne-Splash-250-ml-Pink-Passion.webp?v=1754298302,منتج ماء كولونيا فا، رذاذ، 250 مل، عطر بينك باشن (Pink Passion) من AlFouad Pharmacies. التصنيف المرجعي: العناية بالجسم — بسيط. الوسوم المرجعية: Body Care، Body Spray، Deodrant.,https://alfouadpharmacies.com/en/products/fa-eau-de-cologne-splash-250ml-pink-passion,AlFouad Pharmacies,true,Verify usage rights before commercial publication,false,false,false,false,HOLD — REFERENCE ONLY
10569827320111,mood-body-splash-220-ml-cairo,معطر للجسم مود 220 مل القاهرة,MOOD,العناية بالجسم,العناية بالجسم,بسيط,28794,180,310,true,https://cdn.shopify.com/s/files/1/0935/9550/0847/files/Aromal_sunscreen_gel_5.webp?v=1788856601,منتج معطر للجسم مود 220 مل القاهرة من MOOD. التصنيف المرجعي: العناية بالجسم — بسيط. الوسوم المرجعية: Body Care، Body Mist، Body Spray، Deodrant.,https://alfouadpharmacies.com/en/products/mood-body-splash-220-ml-cairo,AlFouad Pharmacies,true,Verify usage rights before commercial publication,false,false,false,false,HOLD — REFERENCE ONLY
10569817850159,mood-men-shower-gel-750-ml-dark,جل استحمام للرجال من مود، 750 مل، لون داكن,MOOD,العناية بالجسم,العناية بالجسم,بسيط,90050,99,,true,https://cdn.shopify.com/s/files/1/0935/9550/0847/files/Mood-Men-Shower-Gel-750-ml-Dark.webp?v=1754298681,منتج جل استحمام للرجال من مود، 750 مل، لون داكن من MOOD. التصنيف المرجعي: العناية بالجسم — بسيط. الوسوم المرجعية: Body Care، Body Wash، Men Care.,https://alfouadpharmacies.com/en/products/mood-men-shower-gel-750-ml-dark,AlFouad Pharmacies,true,Verify usage rights before commercial publication,false,false,false,false,HOLD — REFERENCE ONLY
10569802809647,mustela-nursing-comfort-balm-30ml,بلسم استيلاء الراحة للأمهات المرضعات من موستيلا 30 مل,Mustela,العناية بالجسم,العناية بالجسم,بسيط,95233,1289,,true,https://cdn.shopify.com/s/files/1/0935/9550/0847/files/Mustela-Nursing-Comfort-Balm-30ML.webp?v=1754298786,منتج بلسم استيلاء الراحة للأمهات المرضعات من موستيلا 30 مل من Mustela. التصنيف المرجعي: العناية بالجسم — بسيط. الوسوم المرجعية: Body Care، Body Concerns، Body Cream، Dry Skin body concerns، Sensetive Skin.,https://alfouadpharmacies.com/en/products/mustela-nursing-comfort-balm-30ml,AlFouad Pharmacies,true,Verify usage rights before commercial publication,false,false,false,false,HOLD — REFERENCE ONLY
10569720004911,eva-senses-body-mist-240ml-gold-spell,بخاخ الجسم إيفا سينسز 240 مل، سحر ذهبي,AlFouad Pharmacies,العناية بالجسم,العناية بالجسم,بسيط,21706,220,,true,https://cdn.shopify.com/s/files/1/0935/9550/0847/files/Eva-Senses-Body-Mist-240ml-Gold-Spell.webp?v=1754299223,منتج بخاخ الجسم إيفا سينسز 240 مل، سحر ذهبي من AlFouad Pharmacies. التصنيف المرجعي: العناية بالجسم — بسيط. الوسوم المرجعية: Body Care، Body Mist.,https://alfouadpharmacies.com/en/products/eva-senses-body-mist-240ml-gold-spell,AlFouad Pharmacies,true,Verify usage rights before commercial publication,false,false,false,false,HOLD — REFERENCE ONLY
12689540546863,vaseline-body-gel-oil-cocoa-butter-200ml,فازلين جل للجسم بزيت زبدة الكاكاو 200 مل,Vaseline,العناية بالجسم,العناية بالجسم,,8101,510,,true,https://cdn.shopify.com/s/files/1/0935/9550/0847/files/vaseline_cocoa_body_oil_1615.webp?v=1773279089,منتج فازلين جل للجسم بزيت زبدة الكاكاو 200 مل من Vaseline. التصنيف المرجعي: العناية بالجسم. الوسوم المرجعية: Body Care.,https://alfouadpharmacies.com/en/products/vaseline-body-gel-oil-cocoa-butter-200ml,AlFouad Pharmacies,true,Verify usage rights before commercial publication,false,false,false,false,HOLD — REFERENCE ONLY
12689776181551,eva-natural-glow-body-scrub-250ml,مقشر الجسم إيفا ناتشورال جلو 250 مل,AlFouad Pharmacies,العناية بالجسم,العناية بالجسم,بسيط,9251,100,,true,https://cdn.shopify.com/s/files/1/0935/9550/0847/files/41rHKrdf5CL._AC_UF894_1000_QL80.webp?v=1771844584,منتج مقشر الجسم إيفا ناتشورال جلو 250 مل من AlFouad Pharmacies. التصنيف المرجعي: العناية بالجسم — بسيط. الوسوم المرجعية: Body Care، Body Scrub.,https://alfouadpharmacies.com/en/products/eva-natural-glow-body-scrub-250ml,AlFouad Pharmacies,true,Verify usage rights before commercial publication,false,false,false,false,HOLD — REFERENCE ONLY
12689540743471,one-bond-sensitive-area-deo-spray-100ml-delicat,بخاخ مزيل عرق للمناطق الحساسة من ون بوند، 100 مل، لطيف,One Bond,العناية بالجسم,العناية بالجسم,,114124,300,,true,https://cdn.shopify.com/s/files/1/0935/9550/0847/files/OneBond_Delicate_12H_PureWhite_1615x1615_a5d80907-2630-4b52-9341-523194c8de96.webp?v=1772238282,منتج بخاخ مزيل عرق للمناطق الحساسة من ون بوند، 100 مل، لطيف من One Bond. التصنيف المرجعي: العناية بالجسم. الوسوم المرجعية: Body Care، Body Spray.,https://alfouadpharmacies.com/en/products/one-bond-sensitive-area-deo-spray-100ml-delicat,AlFouad Pharmacies,true,Verify usage rights before commercial publication,false,false,false,false,HOLD — REFERENCE ONLY
10589411672367,vacation-whitening-roll-on-50ml-pearl-rose,رول تبييض البشرة برائحة اللؤلؤ والورد، ٥٠ مل ,vacation roll,العناية بالجسم,العناية بالجسم,,112891,275,,true,https://cdn.shopify.com/s/files/1/0935/9550/0847/files/1.jpgVacationWhiteningRoll-On50MLPearl_Rose_1__11zon.webp?v=1790502471,منتج رول تبييض البشرة برائحة اللؤلؤ والورد، ٥٠ مل  من vacation roll. التصنيف المرجعي: العناية بالجسم. الوسوم المرجعية: Body Care، Deodrant، Even Skin Tone / Pigmentation، Roll-on.,https://alfouadpharmacies.com/en/products/vacation-whitening-roll-on-50ml-pearl-rose,AlFouad Pharmacies,true,Verify usage rights before commercial publication,false,false,false,false,HOLD — REFERENCE ONLY
10589398663471,alejon-post-laser-cream-75ml,كريم أليخون بوست ليزر 75 مل,ALEJON,العناية بالجسم,العناية بالجسم,,24509,240,,true,https://cdn.shopify.com/s/files/1/0935/9550/0847/files/Alejon-Post-Laser-Cream_1__11zon.webp?v=1789638203,منتج كريم أليخون بوست ليزر 75 مل من ALEJON. التصنيف المرجعي: العناية بالجسم. الوسوم المرجعية: Body Care، Sensetive Skin.,https://alfouadpharmacies.com/en/products/alejon-post-laser-cream-75ml,AlFouad Pharmacies,true,Verify usage rights before commercial publication,false,false,false,false,HOLD — REFERENCE ONLY
10570009837871,vacation-whitening-roll-on-50ml-original,رول أون تفتيح البشرة في العطلات 50 مل الأصلي,vacation roll,العناية بالجسم,العناية بالجسم,بسيط,24156,275,,true,https://cdn.shopify.com/s/files/1/0935/9550/0847/files/2024-06-13T105955.226.webp?v=1754297075,منتج رول أون تفتيح البشرة في العطلات 50 مل الأصلي من vacation roll. التصنيف المرجعي: العناية بالجسم — بسيط. الوسوم المرجعية: Body Care، Body Concerns، Deodrant، Even Skin Tone / Pigmentation، Roll-on، Sensetive Skin.,https://alfouadpharmacies.com/en/products/vacation-whitening-roll-on-50ml-original,AlFouad Pharmacies,true,Verify usage rights before commercial publication,false,false,false,false,HOLD — REFERENCE ONLY
10569864053039,fa-eau-de-cologne-splash-250ml-aqua,ماء كولونيا فا، رذاذ، 250 مل، أكوا,AlFouad Pharmacies,العناية بالجسم,العناية بالجسم,بسيط,91704,80,,false,https://cdn.shopify.com/s/files/1/0935/9550/0847/files/Fa-Eau-De-Cologne-Splash-250-ml-Aqua.webp?v=1754298305,منتج ماء كولونيا فا، رذاذ، 250 مل، أكوا من AlFouad Pharmacies. التصنيف المرجعي: العناية بالجسم — بسيط. الوسوم المرجعية: Body Care، Body Spray، Deodrant.,https://alfouadpharmacies.com/en/products/fa-eau-de-cologne-splash-250ml-aqua,AlFouad Pharmacies,true,Verify usage rights before commercial publication,false,false,false,false,HOLD — REFERENCE ONLY
10569738912047,beesline-white-roll-on-50ml-invisble-touch,بيزلين وايت. رول أون 50 مل لمسة غير مرئية,AlFouad Pharmacies,العناية بالجسم,العناية بالجسم,بسيط,95936,350,,true,https://cdn.shopify.com/s/files/1/0935/9550/0847/files/Beesline-White.-Roll-On-50ML-Invisble-Touch.webp?v=1754298949,منتج بيزلين وايت. رول أون 50 مل لمسة غير مرئية من AlFouad Pharmacies. التصنيف المرجعي: العناية بالجسم — بسيط. الوسوم المرجعية: Body Care، Body Concerns، Deodrant، Even Skin Tone / Pigmentation، Sensetive Skin.,https://alfouadpharmacies.com/en/products/beesline-white-roll-on-50ml-invisble-touch,AlFouad Pharmacies,true,Verify usage rights before commercial publication,false,false,false,false,HOLD — REFERENCE ONLY
10569738092847,beesline-spray-150ml-sensitive-zone,بخاخ بيزلين 150 مل للمناطق الحساسة,Beesline,العناية بالجسم,العناية بالجسم,بسيط,95946,499,,false,https://cdn.shopify.com/s/files/1/0935/9550/0847/files/Beesline-Spray-150ML-Sensitive-Zone.webp?v=1754298959,منتج بخاخ بيزلين 150 مل للمناطق الحساسة من Beesline. التصنيف المرجعي: العناية بالجسم — بسيط. الوسوم المرجعية: Body Care، Body Concerns، Body Spray، Deodrant، Even Skin Tone / Pigmentation، Intimate Care، Sensetive Skin.,https://alfouadpharmacies.com/en/products/beesline-spray-150ml-sensitive-zone,AlFouad Pharmacies,true,Verify usage rights before commercial publication,false,false,false,false,HOLD — REFERENCE ONLY
10569734684975,bio-oil-body-lotion-175ml,لوشن الجسم بيو-أويل 175 مل,AlFouad Pharmacies,العناية بالجسم,العناية بالجسم,بسيط,10719,589,,true,https://cdn.shopify.com/s/files/1/0935/9550/0847/files/Bio-Oil-Body-Lotion-175ML.webp?v=1754298993,منتج لوشن الجسم بيو-أويل 175 مل من AlFouad Pharmacies. التصنيف المرجعي: العناية بالجسم — بسيط. الوسوم المرجعية: Body Care، Body Concerns، Body Lotion، Dry Skin body concerns، Smooth Texture.,https://alfouadpharmacies.com/en/products/bio-oil-body-lotion-175ml,AlFouad Pharmacies,true,Verify usage rights before commercial publication,false,false,false,false,HOLD — REFERENCE ONLY
10569858023727,dove-soap-100-gm-pomegranateamplemon,صابون دوف 100 غرام رمان وليمون,Dove,العناية بالجسم,العناية بالجسم,بسيط,14978,47,,true,https://cdn.shopify.com/s/files/1/0935/9550/0847/files/Dove-Soap-100-GM-PomegranateLemon.webp?v=1754298360,منتج صابون دوف 100 غرام رمان وليمون من Dove. التصنيف المرجعي: العناية بالجسم — بسيط. الوسوم المرجعية: Body Care، Body Wash.,https://alfouadpharmacies.com/en/products/dove-soap-100-gm-pomegranateamplemon,AlFouad Pharmacies,true,Verify usage rights before commercial publication,false,false,false,false,HOLD — REFERENCE ONLY
10569743532335,isis-secalia-a-h-a-body-emoliient-200-ml,إيزيس فارما سيكاليا AHA لوشن مقشر ومرطب للبشرة شديدة الجفاف,isis,العناية بالجسم,العناية بالجسم,تقشير و ترطيب ,93989,1219,,true,https://cdn.shopify.com/s/files/1/0935/9550/0847/files/Isis.-Secalia-a-H-a-Body-Emoliient-200-ml.webp?v=1754298883,منتج إيزيس فارما سيكاليا AHA لوشن مقشر ومرطب للبشرة شديدة الجفاف من isis. التصنيف المرجعي: العناية بالجسم — تقشير و ترطيب . الوسوم المرجعية: Body Care، Body Concerns، Body Lotion، Dry Skin body concerns.,https://alfouadpharmacies.com/en/products/isis-secalia-a-h-a-body-emoliient-200-ml,AlFouad Pharmacies,true,Verify usage rights before commercial publication,false,false,false,false,HOLD — REFERENCE ONLY
10587530494255,dermactive-acti-repair-soothing-cream-200ml,كريم ديرم اكتيف اكتي-ريبير المهدئ 200 مل,DERMACTIVE,العناية بالجسم,العناية بالجسم,,112520,299,,true,https://cdn.shopify.com/s/files/1/0935/9550/0847/files/DERMACTIVEACTI-REPAIRSMOOTHINGCREAM200ML-ZYNAH.webp?v=1754296963,منتج كريم ديرم اكتيف اكتي-ريبير المهدئ 200 مل من DERMACTIVE. التصنيف المرجعي: العناية بالجسم. الوسوم المرجعية: Body Care، Moisturizers، Skin Care.,https://alfouadpharmacies.com/en/products/dermactive-acti-repair-soothing-cream-200ml,AlFouad Pharmacies,true,Verify usage rights before commercial publication,false,false,false,false,HOLD — REFERENCE ONLY
10569992667439,gtt-blue3-simple-1-pcs,قطرة زرقاء.3 بسيطة (1 قطعة),AlFouad Pharmacies,العناية بالجسم,العناية بالجسم,بسيط,1561,37.5,,true,https://cdn.shopify.com/s/files/1/0935/9550/0847/files/Gtt-BLUE.3-Simple-1-Pcs-24XBOX-745.webp?v=1754297200,منتج قطرة زرقاء.3 بسيطة (1 قطعة) من AlFouad Pharmacies. التصنيف المرجعي: العناية بالجسم — بسيط. الوسوم المرجعية: Body Care، Hair Removal، Razor Handel.,https://alfouadpharmacies.com/en/products/gtt-blue3-simple-1-pcs,AlFouad Pharmacies,true,Verify usage rights before commercial publication,false,false,false,false,HOLD — REFERENCE ONLY
10569896362287,jampj-vita-rich-blotion-yogurt-honeyampoats-250ml,لوشن جيه آند جيه فيتا ريتش بي. لوشن بالزبادي والعسل والشوفان 250 مل,J&J,العناية بالجسم,العناية بالجسم,بسيط,6947,75,,false,https://cdn.shopify.com/s/files/1/0935/9550/0847/files/JJ-Vita-Rich-B.LOTION-Yogurt-HoneyOats-250ML.webp?v=1754298186,منتج لوشن جيه آند جيه فيتا ريتش بي. لوشن بالزبادي والعسل والشوفان 250 مل من J&J. التصنيف المرجعي: العناية بالجسم — بسيط. الوسوم المرجعية: Body Care، Body Concerns، Body Lotion، Dry Skin body concerns، Kids Care، Kids Hair.,https://alfouadpharmacies.com/en/products/jampj-vita-rich-blotion-yogurt-honeyampoats-250ml,AlFouad Pharmacies,true,Verify usage rights before commercial publication,false,false,false,false,HOLD — REFERENCE ONLY
10569891840303,bathampbody-works-bmist-236ml-in-the-star,بخاخ Bath&amp;Body Works B.MIST 236 مل، رائحة النجمة,Bath and Body,العناية بالجسم,العناية بالجسم,بسيط,108498,800,,true,https://cdn.shopify.com/s/files/1/0935/9550/0847/files/BathBody-Works-B.MIST-236ML-in-the-Star.webp?v=1754298249,منتج بخاخ Bath&amp;Body Works B.MIST 236 مل، رائحة النجمة من Bath and Body. التصنيف المرجعي: العناية بالجسم — بسيط. الوسوم المرجعية: Body Care، Body Mist، Body Splash، Body Spray، Deodrant، Perfumes.,https://alfouadpharmacies.com/en/products/bathampbody-works-bmist-236ml-in-the-star,AlFouad Pharmacies,true,Verify usage rights before commercial publication,false,false,false,false,HOLD — REFERENCE ONLY
10569737896239,beesline-spray-150ml-beauty-pearl,بخاخ بيزلين 150 مل لؤلؤة الجمال,Beesline,العناية بالجسم,العناية بالجسم,بسيط,94700,350,,false,https://cdn.shopify.com/s/files/1/0935/9550/0847/files/Beesline-Spray-150ML-Beauty-Pearl.webp?v=1754298961,منتج بخاخ بيزلين 150 مل لؤلؤة الجمال من Beesline. التصنيف المرجعي: العناية بالجسم — بسيط. الوسوم المرجعية: Body Care، Body Concerns، Body Spray، Deodrant، Even Skin Tone / Pigmentation.,https://alfouadpharmacies.com/en/products/beesline-spray-150ml-beauty-pearl,AlFouad Pharmacies,true,Verify usage rights before commercial publication,false,false,false,false,HOLD — REFERENCE ONLY
10569723052335,eva-skincare-body-lotion-240ml-in-the-clouds,لوشن الجسم من إيفا للعناية بالبشرة 240 مل، رائحة الغيوم.,AlFouad Pharmacies,العناية بالجسم,العناية بالجسم,بسيط,21386,120,,true,https://cdn.shopify.com/s/files/1/0935/9550/0847/files/Eva-Skincare-Body-Lotion-240ml-in-the-Clouds.webp?v=1754299177,منتج لوشن الجسم من إيفا للعناية بالبشرة 240 مل، رائحة الغيوم. من AlFouad Pharmacies. التصنيف المرجعي: العناية بالجسم — بسيط. الوسوم المرجعية: Body Care، Body Concerns، Body Lotion، Dry Skin body concerns.,https://alfouadpharmacies.com/en/products/eva-skincare-body-lotion-240ml-in-the-clouds,AlFouad Pharmacies,true,Verify usage rights before commercial publication,false,false,false,false,HOLD — REFERENCE ONLY
12689565581615,mood-shower-gel-750-ml-wild-rose,جل استحمام مود 750 مل برائحة الورد البري,MOOD,العناية بالجسم,العناية بالجسم,,113424,99,,true,https://cdn.shopify.com/s/files/1/0935/9550/0847/files/MoodShowerGel750mlWildRose.webp?v=1771844964,منتج جل استحمام مود 750 مل برائحة الورد البري من MOOD. التصنيف المرجعي: العناية بالجسم. الوسوم المرجعية: Body Care، Body Wash.,https://alfouadpharmacies.com/en/products/mood-shower-gel-750-ml-wild-rose,AlFouad Pharmacies,true,Verify usage rights before commercial publication,false,false,false,false,HOLD — REFERENCE ONLY
10569993814319,gtt-blue3-sensitive-62-pcs,قطرات غسيل العين Gtt BLUE.3 للحساسية (6+2 قطعة),AlFouad Pharmacies,العناية بالجسم,العناية بالجسم,بسيط,91343,310,,true,https://cdn.shopify.com/s/files/1/0935/9550/0847/files/Gtt-BLUE.3-Sensitive-62-Pcs-678.webp?v=1754297182,منتج قطرات غسيل العين Gtt BLUE.3 للحساسية (6+2 قطعة) من AlFouad Pharmacies. التصنيف المرجعي: العناية بالجسم — بسيط. الوسوم المرجعية: Body Care، Hair Removal، Razor Handel.,https://alfouadpharmacies.com/en/products/gtt-blue3-sensitive-62-pcs,AlFouad Pharmacies,true,Verify usage rights before commercial publication,false,false,false,false,HOLD — REFERENCE ONLY
10569864282415,fa-eau-de-cologne-splash-250ml-perfect-wave-men,فَا عطر كولونيا سبلاش 250 مل بيرفكت ويف (للرجال),AlFouad Pharmacies,العناية بالجسم,العناية بالجسم,بسيط,84976,80,,false,https://cdn.shopify.com/s/files/1/0935/9550/0847/files/Fa-Eau-De-Cologne-Splash-250-ml-Perfect-Wave-Men.webp?v=1754298303,منتج فَا عطر كولونيا سبلاش 250 مل بيرفكت ويف (للرجال) من AlFouad Pharmacies. التصنيف المرجعي: العناية بالجسم — بسيط. الوسوم المرجعية: Body Care، Body Spray، Deodrant.,https://alfouadpharmacies.com/en/products/fa-eau-de-cologne-splash-250ml-perfect-wave-men,AlFouad Pharmacies,true,Verify usage rights before commercial publication,false,false,false,false,HOLD — REFERENCE ONLY
10569823289647,dermaelle-hyaluwhite-body-lotion-200ml,لوشن ديرمايل هايالووايت للجسم 200 مل,Dermaelle,العناية بالجسم,العناية بالجسم,لوشن,30620,243.75,,true,https://cdn.shopify.com/s/files/1/0935/9550/0847/files/1_98.webp?v=1782380241,منتج لوشن ديرمايل هايالووايت للجسم 200 مل من Dermaelle. التصنيف المرجعي: العناية بالجسم — لوشن. الوسوم المرجعية: Body Care، Body Concerns، Body Lotion، Dry Skin body concerns، Even Skin Tone / Pigmentation، Sensetive Skin.,https://alfouadpharmacies.com/en/products/dermaelle-hyaluwhite-body-lotion-200ml,AlFouad Pharmacies,true,Verify usage rights before commercial publication,false,false,false,false,HOLD — REFERENCE ONLY
10569738682671,beesline-white-roll-on-50ml-cotton-candy-11-off,بيزلين وايت. رول أون 50 مل، كوتون كاندي، عرض 1+1 مجاناً,Beesline,العناية بالجسم,العناية بالجسم,بسيط,30112,550,,false,https://cdn.shopify.com/s/files/1/0935/9550/0847/files/Beesline-White.-Roll-On-50ML-Cotton-Candy-11-Off.webp?v=1754298952,منتج بيزلين وايت. رول أون 50 مل، كوتون كاندي، عرض 1+1 مجاناً من Beesline. التصنيف المرجعي: العناية بالجسم — بسيط. الوسوم المرجعية: Body Care، Body Concerns، Deodrant، Even Skin Tone / Pigmentation، Sensetive Skin.,https://alfouadpharmacies.com/en/products/beesline-white-roll-on-50ml-cotton-candy-11-off,AlFouad Pharmacies,true,Verify usage rights before commercial publication,false,false,false,false,HOLD — REFERENCE ONLY
10569722396975,one-hair-removing-90gm-cream-sensitive-skin,كريم إزالة الشعر 90 جرام (للبشرة الحساسة),AlFouad Pharmacies,العناية بالجسم,العناية بالجسم,بسيط,98606,36,,true,https://cdn.shopify.com/s/files/1/0935/9550/0847/files/One-Hair-Removing-140gm-Cream-Sensitive-Skin-2_5528a59f-f7d3-4cd9-b966-717f5aa42292.webp?v=1754299186,منتج كريم إزالة الشعر 90 جرام (للبشرة الحساسة) من AlFouad Pharmacies. التصنيف المرجعي: العناية بالجسم — بسيط. الوسوم المرجعية: Body Care، Hair Removal.,https://alfouadpharmacies.com/en/products/one-hair-removing-90gm-cream-sensitive-skin,AlFouad Pharmacies,true,Verify usage rights before commercial publication,false,false,false,false,HOLD — REFERENCE ONLY
12689780277551,shaan-body-milk-vanilla-coconut-300ml,حليب الجسم شان بالفانيليا وجوز الهند 300 مل,shaan,العناية بالجسم,العناية بالجسم,بسيط,13959,250,,true,https://cdn.shopify.com/s/files/1/0935/9550/0847/files/ShaanBodyMilkVanillaCoconut300ml.webp?v=1771841369,منتج حليب الجسم شان بالفانيليا وجوز الهند 300 مل من shaan. التصنيف المرجعي: العناية بالجسم — بسيط. الوسوم المرجعية: Body Care، Body Concerns، Body Milk، Dry Skin body concerns، Sensetive Skin، shaan.,https://alfouadpharmacies.com/en/products/shaan-body-milk-vanilla-coconut-300ml,AlFouad Pharmacies,true,Verify usage rights before commercial publication,false,false,false,false,HOLD — REFERENCE ONLY
12689564205359,beesline-rad-bri-underarm-serum-150ml-silky-touch,سيروم بيزلاين راد بري لمنطقة الإبطين 150 مل، ملمس حريري,Beesline,العناية بالجسم,العناية بالجسم,,111904,500,,true,https://cdn.shopify.com/s/files/1/0935/9550/0847/files/BEESLINE_UNDERARM_SERUM_PURPLE_1615x1615_63a7a800-28b5-4b94-8c41-1ba6a94c0058.webp?v=1771877509,منتج سيروم بيزلاين راد بري لمنطقة الإبطين 150 مل، ملمس حريري من Beesline. التصنيف المرجعي: العناية بالجسم. الوسوم المرجعية: Body Care، Body Spray، Deodrant، Even Skin Tone / Pigmentation، Sensetive Skin.,https://alfouadpharmacies.com/en/products/beesline-rad-bri-underarm-serum-150ml-silky-touch,AlFouad Pharmacies,true,Verify usage rights before commercial publication,false,false,false,false,HOLD — REFERENCE ONLY
10569927393583,vaseline-petroleum-jelly-100ml-cocoa-butter,فازلين جل بترولي 100 مل زبدة الكاكاو,Vaseline,العناية بالجسم,العناية بالجسم,بسيط,107023,100,,true,https://cdn.shopify.com/s/files/1/0935/9550/0847/files/Vaseline-Petroleum-Jelly-100ML-Cocoa-Butter.webp?v=1754297811,منتج فازلين جل بترولي 100 مل زبدة الكاكاو من Vaseline. التصنيف المرجعي: العناية بالجسم — بسيط. الوسوم المرجعية: Body Care، Body Concerns، Dry Skin body concerns.,https://alfouadpharmacies.com/en/products/vaseline-petroleum-jelly-100ml-cocoa-butter,AlFouad Pharmacies,true,Verify usage rights before commercial publication,false,false,false,false,HOLD — REFERENCE ONLY
10569927360815,vaseline-petroleum-jelly-50ml-original,فازلين جل بترولي أصلي 50 مل,Vaseline,العناية بالجسم,العناية بالجسم,بسيط,98951,68,,true,https://cdn.shopify.com/s/files/1/0935/9550/0847/files/Vaseline-Petroleum-Jelly-50ML-Original.webp?v=1754297811,منتج فازلين جل بترولي أصلي 50 مل من Vaseline. التصنيف المرجعي: العناية بالجسم — بسيط. الوسوم المرجعية: Body Care، Body Concerns، Dry Skin body concerns.,https://alfouadpharmacies.com/en/products/vaseline-petroleum-jelly-50ml-original,AlFouad Pharmacies,true,Verify usage rights before commercial publication,false,false,false,false,HOLD — REFERENCE ONLY
10569927000367,vaseline-body-lotion-400ml-essential-healing,لوشن الجسم فازلين 400 مل للعناية الأساسية,Vaseline,العناية بالجسم,العناية بالجسم,بسيط,7326,305,,true,https://cdn.shopify.com/s/files/1/0935/9550/0847/files/Vaseline-Body-Lotion-400ML-Essential-Healing.webp?v=1754297814,منتج لوشن الجسم فازلين 400 مل للعناية الأساسية من Vaseline. التصنيف المرجعي: العناية بالجسم — بسيط. الوسوم المرجعية: Body Care، Body Concerns، Body Lotion، Dry Skin body concerns.,https://alfouadpharmacies.com/en/products/vaseline-body-lotion-400ml-essential-healing,AlFouad Pharmacies,true,Verify usage rights before commercial publication,false,false,false,false,HOLD — REFERENCE ONLY
10569858318639,dove-spray-150ml-even-tone,بخاخ دوف 150 مل لون موحد,Dove,العناية بالجسم,العناية بالجسم,بسيط,13106,215,,false,https://cdn.shopify.com/s/files/1/0935/9550/0847/files/Dove-Spray-150ML-Even-Tone.webp?v=1754298356,منتج بخاخ دوف 150 مل لون موحد من Dove. التصنيف المرجعي: العناية بالجسم — بسيط. الوسوم المرجعية: Body Care، Body Spray، Deodrant.,https://alfouadpharmacies.com/en/products/dove-spray-150ml-even-tone,AlFouad Pharmacies,true,Verify usage rights before commercial publication,false,false,false,false,HOLD — REFERENCE ONLY
10569856942383,dove-roll-on-50ml-pomegranate,دوف رول أون 50 مل رمان,Dove,العناية بالجسم,العناية بالجسم,بسيط,110943,110,,true,https://cdn.shopify.com/s/files/1/0935/9550/0847/files/Dove-Roll-On-50ML-Pomegranate.webp?v=1754298372,منتج دوف رول أون 50 مل رمان من Dove. التصنيف المرجعي: العناية بالجسم — بسيط. الوسوم المرجعية: Body Care، Deodrant.,https://alfouadpharmacies.com/en/products/dove-roll-on-50ml-pomegranate,AlFouad Pharmacies,true,Verify usage rights before commercial publication,false,false,false,false,HOLD — REFERENCE ONLY
12689780375855,shaan-body-milk-tulip-rose-300ml,حليب الجسم شان، توليب روز، 300 مل,shaan,العناية بالجسم,العناية بالجسم,بسيط,13640,250,,true,https://cdn.shopify.com/s/files/1/0935/9550/0847/files/ShaanBodyMilkTulipRose300ml.webp?v=1771841342,منتج حليب الجسم شان، توليب روز، 300 مل من shaan. التصنيف المرجعي: العناية بالجسم — بسيط. الوسوم المرجعية: Body Care، Body Concerns، Body Milk، Dry Skin body concerns، Sensetive Skin، shaan.,https://alfouadpharmacies.com/en/products/shaan-body-milk-tulip-rose-300ml,AlFouad Pharmacies,true,Verify usage rights before commercial publication,false,false,false,false,HOLD — REFERENCE ONLY
12689723687215,mood-body-splash-220-ml-santorini,معطر للجسم مود 220 مل سانتوريني,MOOD,العناية بالجسم,العناية بالجسم,بسيط,34238,180,310,true,https://cdn.shopify.com/s/files/1/0935/9550/0847/files/1_-_2026-09-08T135703.180.webp?v=1788865163,منتج معطر للجسم مود 220 مل سانتوريني من MOOD. التصنيف المرجعي: العناية بالجسم — بسيط. الوسوم المرجعية: Body Care، Body Mist، Body Spray، Deodrant.,https://alfouadpharmacies.com/en/products/mood-body-splash-220-ml-santorini,AlFouad Pharmacies,true,Verify usage rights before commercial publication,false,false,false,false,HOLD — REFERENCE ONLY
10570010362159,bodylicious-roll-on-50ml-white-musk,رول أون مزيل عرق بوديليشيوس 50 مل، عطر المسك الأبيض,AlFouad Pharmacies,العناية بالجسم,العناية بالجسم,بسيط,14839,65,,true,https://cdn.shopify.com/s/files/1/0935/9550/0847/files/Bodylicious-Roll-On-50ML-White-Musk.webp?v=1754297069,منتج رول أون مزيل عرق بوديليشيوس 50 مل، عطر المسك الأبيض من AlFouad Pharmacies. التصنيف المرجعي: العناية بالجسم — بسيط. الوسوم المرجعية: Body Care، Deodrant، Roll-on.,https://alfouadpharmacies.com/en/products/bodylicious-roll-on-50ml-white-musk,AlFouad Pharmacies,true,Verify usage rights before commercial publication,false,false,false,false,HOLD — REFERENCE ONLY
10569998991663,gillette-fusion5-proglide-power-4-blades,جليت فوشون 5 برو جلايد باور (4 شفرات),AlFouad Pharmacies,العناية بالجسم,العناية بالجسم,بسيط,82512,1030,,true,https://cdn.shopify.com/s/files/1/0935/9550/0847/files/Gtt-FUSION.5-Proglide-4-Blades-514.webp?v=1754297139,منتج جليت فوشون 5 برو جلايد باور (4 شفرات) من AlFouad Pharmacies. التصنيف المرجعي: العناية بالجسم — بسيط. الوسوم المرجعية: Body Care، Hair Removal، Men Care، Razor Refills (Blades).,https://alfouadpharmacies.com/en/products/gillette-fusion5-proglide-power-4-blades,AlFouad Pharmacies,true,Verify usage rights before commercial publication,false,false,false,false,HOLD — REFERENCE ONLY
10569998434607,gillette-fusion5-power-4-blades,جليت فجشن 5 باور (4 شفرات),AlFouad Pharmacies,العناية بالجسم,العناية بالجسم,بسيط,82512,1030,,true,https://cdn.shopify.com/s/files/1/0935/9550/0847/files/Gillette-Fusion.5-Power-4-Blades.webp?v=1754297140,منتج جليت فجشن 5 باور (4 شفرات) من AlFouad Pharmacies. التصنيف المرجعي: العناية بالجسم — بسيط. الوسوم المرجعية: Body Care، Hair Removal، Men Care، Razor Refills (Blades).,https://alfouadpharmacies.com/en/products/gillette-fusion5-power-4-blades,AlFouad Pharmacies,true,Verify usage rights before commercial publication,false,false,false,false,HOLD — REFERENCE ONLY
10569994404143,gtt-mach3-razor2-blades,Gtt MACH.3 (حلاقة + شفرتين),AlFouad Pharmacies,العناية بالجسم,العناية بالجسم,بسيط,108063,278,,true,https://cdn.shopify.com/s/files/1/0935/9550/0847/files/Gtt-MACH.3-RAZOR2-Blades-706.webp?v=1754297171,منتج Gtt MACH.3 (حلاقة + شفرتين) من AlFouad Pharmacies. التصنيف المرجعي: العناية بالجسم — بسيط. الوسوم المرجعية: Body Care، Hair Removal، Men Care، Razor Handel.,https://alfouadpharmacies.com/en/products/gtt-mach3-razor2-blades,AlFouad Pharmacies,true,Verify usage rights before commercial publication,false,false,false,false,HOLD — REFERENCE ONLY
10569825190191,mood-whitening-deodorant-roll-on-50ml-bali,مزيل عرق بالي لتفتيح المزاج، رول أون، 50 مل,Mood Roll,العناية بالجسم,العناية بالجسم,بسيط,93752,80,119,true,https://cdn.shopify.com/s/files/1/0935/9550/0847/files/Mood-Whitening-Deodorant-Roll-On-50ML-Bali.webp?v=1754298629,منتج مزيل عرق بالي لتفتيح المزاج، رول أون، 50 مل من Mood Roll. التصنيف المرجعي: العناية بالجسم — بسيط. الوسوم المرجعية: Body Care، Body Concerns، Deodrant، Even Skin Tone / Pigmentation، Roll-on، Sensetive Skin.,https://alfouadpharmacies.com/en/products/mood-whitening-deodorant-roll-on-50ml-bali,AlFouad Pharmacies,true,Verify usage rights before commercial publication,false,false,false,false,HOLD — REFERENCE ONLY
10569722855727,eva-collagen-3d-hand-renewal-30-night-100ml,إيفا كولاجين 3D لتجديد البشرة +30 ليل 100 مل,AlFouad Pharmacies,العناية بالجسم,العناية بالجسم,بسيط,96198,250,,true,https://cdn.shopify.com/s/files/1/0935/9550/0847/files/Eva-Collagen-3D-Hand-Renewal-30-Night-100ml.webp?v=1754299180,منتج إيفا كولاجين 3D لتجديد البشرة +30 ليل 100 مل من AlFouad Pharmacies. التصنيف المرجعي: العناية بالجسم — بسيط. الوسوم المرجعية: Body Care، Body Concerns، Dry Skin body concerns، Hand، Hands & Feet.,https://alfouadpharmacies.com/en/products/eva-collagen-3d-hand-renewal-30-night-100ml,AlFouad Pharmacies,true,Verify usage rights before commercial publication,false,false,false,false,HOLD — REFERENCE ONLY
10569720234287,eva-senses-body-mist-240ml-in-the-clouds,بخاخ الجسم إيفا سينسز 240 مل، رائحة الغيوم,AlFouad Pharmacies,العناية بالجسم,العناية بالجسم,بسيط,110105,220,,true,https://cdn.shopify.com/s/files/1/0935/9550/0847/files/Eva-Senses-Body-Mist-240ml-in-the-Clouds.webp?v=1754299219,منتج بخاخ الجسم إيفا سينسز 240 مل، رائحة الغيوم من AlFouad Pharmacies. التصنيف المرجعي: العناية بالجسم — بسيط. الوسوم المرجعية: Body Care، Body Mist.,https://alfouadpharmacies.com/en/products/eva-senses-body-mist-240ml-in-the-clouds,AlFouad Pharmacies,true,Verify usage rights before commercial publication,false,false,false,false,HOLD — REFERENCE ONLY
12689780736303,shaan-nail-care-4ml,Shaan Nail Care 4 مل,shaan,العناية بالجسم,العناية بالجسم,بسيط,21585,160,,true,https://cdn.shopify.com/s/files/1/0935/9550/0847/files/ShaanNailCare4ml.webp?v=1771841293,منتج Shaan Nail Care 4 مل من shaan. التصنيف المرجعي: العناية بالجسم — بسيط. الوسوم المرجعية: Body Care، Hands & Feet، Nails، shaan.,https://alfouadpharmacies.com/en/products/shaan-nail-care-4ml,AlFouad Pharmacies,true,Verify usage rights before commercial publication,false,false,false,false,HOLD — REFERENCE ONLY
12689757241647,bio-oil-skin-care-oil-125ml,زيت بيو-أويل للعناية بالبشرة 125 مل,AlFouad Pharmacies,العناية بالجسم,العناية بالجسم,بسيط,98918,699,,true,https://cdn.shopify.com/s/files/1/0935/9550/0847/files/Bio-OilSkinCareOil125ML_887a6be9-c0ca-45a2-8280-e9df39a90b8d.webp?v=1771930978,منتج زيت بيو-أويل للعناية بالبشرة 125 مل من AlFouad Pharmacies. التصنيف المرجعي: العناية بالجسم — بسيط. الوسوم المرجعية: Body Care، Body Concerns، Body Oil، Stretch Marks.,https://alfouadpharmacies.com/en/products/bio-oil-skin-care-oil-125ml,AlFouad Pharmacies,true,Verify usage rights before commercial publication,false,false,false,false,HOLD — REFERENCE ONLY
12689565745455,mood-shower-gel-750-ml-cherry-brust,جل استحمام مود 750 مل برائحة الكرز,MOOD,العناية بالجسم,العناية بالجسم,,113422,99,,true,https://cdn.shopify.com/s/files/1/0935/9550/0847/files/MoodShowerGel750mlCherryBrust.webp?v=1771845021,منتج جل استحمام مود 750 مل برائحة الكرز من MOOD. التصنيف المرجعي: العناية بالجسم. الوسوم المرجعية: Body Care، Body Wash.,https://alfouadpharmacies.com/en/products/mood-shower-gel-750-ml-cherry-brust,AlFouad Pharmacies,true,Verify usage rights before commercial publication,false,false,false,false,HOLD — REFERENCE ONLY
12689539563823,starville-roll-on-60ml-whitening-red-berry-promoback,ستارفيل رول أون 60 مل مبيض برائحة التوت الأحمر - عرض ترويجي,parkville,العناية بالجسم,العناية بالجسم,,11921,225,260,true,https://cdn.shopify.com/s/files/1/0935/9550/0847/files/red.webp?v=1771838725,منتج ستارفيل رول أون 60 مل مبيض برائحة التوت الأحمر - عرض ترويجي من parkville. التصنيف المرجعي: العناية بالجسم. الوسوم المرجعية: Body Care، Bundle، Deodrant، Roll-on، starville.,https://alfouadpharmacies.com/en/products/starville-roll-on-60ml-whitening-red-berry-promoback,AlFouad Pharmacies,true,Verify usage rights before commercial publication,false,false,false,false,HOLD — REFERENCE ONLY
10569945481519,old-spice-deod-stick-50gm-white-water,مزيل عرق أولد سبايس، عصا، 50 غرام، وايت ووتر,Old Spice,العناية بالجسم,العناية بالجسم,بسيط,93338,325,,true,https://cdn.shopify.com/s/files/1/0935/9550/0847/files/Old-Spice-Deod-Stick-50GM-White-Water.webp?v=1754297687,منتج مزيل عرق أولد سبايس، عصا، 50 غرام، وايت ووتر من Old Spice. التصنيف المرجعي: العناية بالجسم — بسيط. الوسوم المرجعية: Body Care، Deodrant.,https://alfouadpharmacies.com/en/products/old-spice-deod-stick-50gm-white-water,AlFouad Pharmacies,true,Verify usage rights before commercial publication,false,false,false,false,HOLD — REFERENCE ONLY
10569929163055,breathe-body-mist-100ml-so-clean-white-musk,بخاخ الجسم Breathe 100 مل، رائحة المسك الأبيض النقي.,AlFouad Pharmacies,العناية بالجسم,العناية بالجسم,بسيط,112403,220,,true,https://cdn.shopify.com/s/files/1/0935/9550/0847/files/Breathe-Body-Mist-100ML-So-Clean-White-Musk.webp?v=1754297801,منتج بخاخ الجسم Breathe 100 مل، رائحة المسك الأبيض النقي. من AlFouad Pharmacies. التصنيف المرجعي: العناية بالجسم — بسيط. الوسوم المرجعية: Body Care، Body Mist، Body Spray، Deodrant.,https://alfouadpharmacies.com/en/products/breathe-body-mist-100ml-so-clean-white-musk,AlFouad Pharmacies,true,Verify usage rights before commercial publication,false,false,false,false,HOLD — REFERENCE ONLY
10569857827119,dove-soap-100-gm-pink,صابون دوف 100 غرام وردي,Dove,العناية بالجسم,العناية بالجسم,بسيط,30164,47,,true,https://cdn.shopify.com/s/files/1/0935/9550/0847/files/Dove-Soap-100-GM-Pink.webp?v=1754298362,منتج صابون دوف 100 غرام وردي من Dove. التصنيف المرجعي: العناية بالجسم — بسيط. الوسوم المرجعية: Body Care، Body Wash.,https://alfouadpharmacies.com/en/products/dove-soap-100-gm-pink,AlFouad Pharmacies,true,Verify usage rights before commercial publication,false,false,false,false,HOLD — REFERENCE ONLY
10569853632815,vs-b-body-mist-250ml-amber-romance,بخاخ الجسم VS B. 250 مل، عطر آمبر رومانس,AlFouad Pharmacies,العناية بالجسم,العناية بالجسم,بسيط,103072,650,,true,https://cdn.shopify.com/s/files/1/0935/9550/0847/files/V.S-B.-Body-Mist-250ML-Amber-Romance.webp?v=1754298405,منتج بخاخ الجسم VS B. 250 مل، عطر آمبر رومانس من AlFouad Pharmacies. التصنيف المرجعي: العناية بالجسم — بسيط. الوسوم المرجعية: Body Care، Body Mist، Body Spray، Deodrant.,https://alfouadpharmacies.com/en/products/vs-b-body-mist-250ml-amber-romance,AlFouad Pharmacies,true,Verify usage rights before commercial publication,false,false,false,false,HOLD — REFERENCE ONLY
10569831252271,avuva-white-paste-100-gm-floral,معجون أفوفا الأبيض 100 غرام بنكهة الزهور,AlFouad Pharmacies,العناية بالجسم,العناية بالجسم,بسيط,103878,35,,true,https://cdn.shopify.com/s/files/1/0935/9550/0847/files/Avuva-White-Paste-100-GM-Floral.webp?v=1754298586,منتج معجون أفوفا الأبيض 100 غرام بنكهة الزهور من AlFouad Pharmacies. التصنيف المرجعي: العناية بالجسم — بسيط. الوسوم المرجعية: Body Care، Body Concerns، Hair Removal، Sensetive Skin.,https://alfouadpharmacies.com/en/products/avuva-white-paste-100-gm-floral,AlFouad Pharmacies,true,Verify usage rights before commercial publication,false,false,false,false,HOLD — REFERENCE ONLY
12689780637999,shaan-hand-cream-50gm,كريم شان لليدين 50 جرام,shaan,العناية بالجسم,العناية بالجسم,بسيط,90048,100,,true,https://cdn.shopify.com/s/files/1/0935/9550/0847/files/ShaanHandCream50gm.webp?v=1771841646,منتج كريم شان لليدين 50 جرام من shaan. التصنيف المرجعي: العناية بالجسم — بسيط. الوسوم المرجعية: Body Care، Body Concerns، Dry Skin body concerns، Hand، Hands & Feet، shaan.,https://alfouadpharmacies.com/en/products/shaan-hand-cream-50gm,AlFouad Pharmacies,true,Verify usage rights before commercial publication,false,false,false,false,HOLD — REFERENCE ONLY
10569994469679,gillete-venus-sensitive-3-razor,مُحزّز حلاقة جليت فينس سنسيتيف 3,AlFouad Pharmacies,العناية بالجسم,العناية بالجسم,بسيط,93425,325,,true,https://cdn.shopify.com/s/files/1/0935/9550/0847/files/Gtt-Venus-Sensitive-3-Razor-167.webp?v=1754297170,منتج مُحزّز حلاقة جليت فينس سنسيتيف 3 من AlFouad Pharmacies. التصنيف المرجعي: العناية بالجسم — بسيط. الوسوم المرجعية: Body Care، Hair Removal، Razor Handel.,https://alfouadpharmacies.com/en/products/gillete-venus-sensitive-3-razor,AlFouad Pharmacies,true,Verify usage rights before commercial publication,false,false,false,false,HOLD — REFERENCE ONLY
10569926541615,vaseline-body-lotion-200ml-essential-healing,لوشن الجسم فازلين 200 مل إصلاح أساسي,Vaseline,العناية بالجسم,العناية بالجسم,بسيط,21596,192,,true,https://cdn.shopify.com/s/files/1/0935/9550/0847/files/Vaseline-Body-Lotion-200ML-Essential-Healing.webp?v=1754297817,منتج لوشن الجسم فازلين 200 مل إصلاح أساسي من Vaseline. التصنيف المرجعي: العناية بالجسم — بسيط. الوسوم المرجعية: Body Care، Body Concerns، Body Lotion، Dry Skin body concerns.,https://alfouadpharmacies.com/en/products/vaseline-body-lotion-200ml-essential-healing,AlFouad Pharmacies,true,Verify usage rights before commercial publication,false,false,false,false,HOLD — REFERENCE ONLY
10569910518063,nivea-men-facial-wash-100ml-deep,غسول الوجه للرجال نيفيا 100 مل عميق التنظيف,NIVEA,العناية بالجسم,العناية بالجسم,بسيط,98880,320,,true,https://cdn.shopify.com/s/files/1/0935/9550/0847/files/3d5116a8-f602-41e4-8b3b-eca57bf52c05.webp?v=1787390195,منتج غسول الوجه للرجال نيفيا 100 مل عميق التنظيف من NIVEA. التصنيف المرجعي: العناية بالجسم — بسيط. الوسوم المرجعية: Body Care، Cleanser، Face Wash، Men Care، Skin Care.,https://alfouadpharmacies.com/en/products/nivea-men-facial-wash-100ml-deep,AlFouad Pharmacies,true,Verify usage rights before commercial publication,false,false,false,false,HOLD — REFERENCE ONLY
10569909272879,nivea-deod-spray-150ml-pearl-beauty-black,بخاخ مزيل عرق نيفيا 150 مل بيرل بيوتي بلاك,AlFouad Pharmacies,العناية بالجسم,العناية بالجسم,بسيط,4645,192,,false,https://cdn.shopify.com/s/files/1/0935/9550/0847/files/Nivea-Deod-Spray-150ML-Pearl-Beauty-Black.webp?v=1754298015,منتج بخاخ مزيل عرق نيفيا 150 مل بيرل بيوتي بلاك من AlFouad Pharmacies. التصنيف المرجعي: العناية بالجسم — بسيط. الوسوم المرجعية: Body Care، Body Spray، Deodrant.,https://alfouadpharmacies.com/en/products/nivea-deod-spray-150ml-pearl-beauty-black,AlFouad Pharmacies,true,Verify usage rights before commercial publication,false,false,false,false,HOLD — REFERENCE ONLY
10569863692591,moroccan-oil-bath-soap-oud-250ml,صابون حمام زيت العود المغربي 250 مل,AlFouad Pharmacies,العناية بالجسم,العناية بالجسم,بسيط,9329,260,,true,https://cdn.shopify.com/s/files/1/0935/9550/0847/files/Moroccan-Oil-Bath-Soap-Oud-250ML.webp?v=1754298308,منتج صابون حمام زيت العود المغربي 250 مل من AlFouad Pharmacies. التصنيف المرجعي: العناية بالجسم — بسيط. الوسوم المرجعية: Body Care، Body Wash.,https://alfouadpharmacies.com/en/products/moroccan-oil-bath-soap-oud-250ml,AlFouad Pharmacies,true,Verify usage rights before commercial publication,false,false,false,false,HOLD — REFERENCE ONLY
10569855664431,victoria-secret-body-mist-250ml-rush,بخاخ جسم فيكتوريا سيكرت 250 مل رَش (Rush),Victoria Secret,العناية بالجسم,العناية بالجسم,بسيط,94882,650,,false,https://cdn.shopify.com/s/files/1/0935/9550/0847/files/Victoria-Secret.-Body-Mist-250ML-Rush-562_d70d2cb7-f85e-4ff5-98c6-c844dfcc3610.webp?v=1754298386,منتج بخاخ جسم فيكتوريا سيكرت 250 مل رَش (Rush) من Victoria Secret. التصنيف المرجعي: العناية بالجسم — بسيط. الوسوم المرجعية: Body Care، Body Mist، Body Splash، Body Spray، Deodrant، Perfumes.,https://alfouadpharmacies.com/en/products/victoria-secret-body-mist-250ml-rush,AlFouad Pharmacies,true,Verify usage rights before commercial publication,false,false,false,false,HOLD — REFERENCE ONLY
10569826140463,mood-whitening-deodorant-roll-on-50ml-hawaii,مزيل عرق رول أون لتفتيح المزاج ٥٠ مل هاواي,Mood Roll,العناية بالجسم,العناية بالجسم,بسيط,96893,80,119,true,https://cdn.shopify.com/s/files/1/0935/9550/0847/files/Mood-Whitening-Deodorant-Roll-On-50ML-Hawaii.webp?v=1754298625,منتج مزيل عرق رول أون لتفتيح المزاج ٥٠ مل هاواي من Mood Roll. التصنيف المرجعي: العناية بالجسم — بسيط. الوسوم المرجعية: Body Care، Body Concerns، Deodrant، Even Skin Tone / Pigmentation، Roll-on، Sensetive Skin.,https://alfouadpharmacies.com/en/products/mood-whitening-deodorant-roll-on-50ml-hawaii,AlFouad Pharmacies,true,Verify usage rights before commercial publication,false,false,false,false,HOLD — REFERENCE ONLY
10569818046767,mood-shower-gel-750-ml-bali,جل استحمام موود 750 مل بالي,MOOD,العناية بالجسم,العناية بالجسم,بسيط,5053,99,125,true,https://cdn.shopify.com/s/files/1/0935/9550/0847/files/Aromal_sunscreen_gel_4.webp?v=1788856224,منتج جل استحمام موود 750 مل بالي من MOOD. التصنيف المرجعي: العناية بالجسم — بسيط. الوسوم المرجعية: Body Care، Body Wash، Men Care، mood offer.,https://alfouadpharmacies.com/en/products/mood-shower-gel-750-ml-bali,AlFouad Pharmacies,true,Verify usage rights before commercial publication,false,false,false,false,HOLD — REFERENCE ONLY
10569817981231,mood-men-shower-gel-750-ml-night,جل استحمام للرجال من مود، 750 مل، إصدار ليلي,MOOD,العناية بالجسم,العناية بالجسم,بسيط,90928,99,,true,https://cdn.shopify.com/s/files/1/0935/9550/0847/files/Mood-Men-Shower-Gel-750-ml-Night.webp?v=1754298679,منتج جل استحمام للرجال من مود، 750 مل، إصدار ليلي من MOOD. التصنيف المرجعي: العناية بالجسم — بسيط. الوسوم المرجعية: Body Care، Body Wash، Men Care.,https://alfouadpharmacies.com/en/products/mood-men-shower-gel-750-ml-night,AlFouad Pharmacies,true,Verify usage rights before commercial publication,false,false,false,false,HOLD — REFERENCE ONLY
10569739501871,beesline-white-roll-on-50ml-pacific-islands-11,بيزلين وايت. رول أون 50 مل جزر المحيط الهادئ 1+1,AlFouad Pharmacies,العناية بالجسم,العناية بالجسم,بسيط,5811,550,,true,https://cdn.shopify.com/s/files/1/0935/9550/0847/files/Beesline-White.-Roll-On-50ML-Pacific-Islands-11-O.webp?v=1754298946,منتج بيزلين وايت. رول أون 50 مل جزر المحيط الهادئ 1+1 من AlFouad Pharmacies. التصنيف المرجعي: العناية بالجسم — بسيط. الوسوم المرجعية: Body Care، Body Concerns، Deodrant، Even Skin Tone / Pigmentation، Sensetive Skin.,https://alfouadpharmacies.com/en/products/beesline-white-roll-on-50ml-pacific-islands-11,AlFouad Pharmacies,true,Verify usage rights before commercial publication,false,false,false,false,HOLD — REFERENCE ONLY
12689565548847,mood-shower-gel-750-ml-flower-bliss,جل استحمام مود 750 مل برائحة الزهور,MOOD,العناية بالجسم,العناية بالجسم,,113425,99,,true,https://cdn.shopify.com/s/files/1/0935/9550/0847/files/MoodShowerGel750mlFlowerBliss.webp?v=1771844941,منتج جل استحمام مود 750 مل برائحة الزهور من MOOD. التصنيف المرجعي: العناية بالجسم. الوسوم المرجعية: Body Care، Body Wash.,https://alfouadpharmacies.com/en/products/mood-shower-gel-750-ml-flower-bliss,AlFouad Pharmacies,true,Verify usage rights before commercial publication,false,false,false,false,HOLD — REFERENCE ONLY
10570010427695,bodylicious-roll-on-50ml-violet,رول أون مزيل عرق بوديليشوس 50 مل بنفسجي,AlFouad Pharmacies,العناية بالجسم,العناية بالجسم,بسيط,112717,65,,true,https://cdn.shopify.com/s/files/1/0935/9550/0847/files/Bodylicious-Roll-On-50ML-Violet.webp?v=1754297068,منتج رول أون مزيل عرق بوديليشوس 50 مل بنفسجي من AlFouad Pharmacies. التصنيف المرجعي: العناية بالجسم — بسيط. الوسوم المرجعية: Body Care، Deodrant، Roll-on.,https://alfouadpharmacies.com/en/products/bodylicious-roll-on-50ml-violet,AlFouad Pharmacies,true,Verify usage rights before commercial publication,false,false,false,false,HOLD — REFERENCE ONLY
10569927590191,vaseline-petroleum-jelly-250ml-original,فازلين جل بترولي أصلي 250 مل,Vaseline,العناية بالجسم,العناية بالجسم,بسيط,7091,228,,true,https://cdn.shopify.com/s/files/1/0935/9550/0847/files/Vaseline-Petroleum-Jelly-250ML-Original.webp?v=1754297808,منتج فازلين جل بترولي أصلي 250 مل من Vaseline. التصنيف المرجعي: العناية بالجسم — بسيط. الوسوم المرجعية: Body Care، Body Concerns، Dry Skin body concerns.,https://alfouadpharmacies.com/en/products/vaseline-petroleum-jelly-250ml-original,AlFouad Pharmacies,true,Verify usage rights before commercial publication,false,false,false,false,HOLD — REFERENCE ONLY
10569927131439,vaseline-body-lotion-400ml-ice-cool-hydration-off,لوشن الجسم فازلين 400 مل ترطيب منعش Off,Vaseline OFF,العناية بالجسم,العناية بالجسم,بسيط,21499,311,,true,https://cdn.shopify.com/s/files/1/0935/9550/0847/files/Vaseline-Body-Lotion-400ML-Ice-Cool-Hydration-Off.webp?v=1754297813,منتج لوشن الجسم فازلين 400 مل ترطيب منعش Off من Vaseline OFF. التصنيف المرجعي: العناية بالجسم — بسيط. الوسوم المرجعية: Body Care، Body Concerns، Body Lotion، Dry Skin body concerns.,https://alfouadpharmacies.com/en/products/vaseline-body-lotion-400ml-ice-cool-hydration-off,AlFouad Pharmacies,true,Verify usage rights before commercial publication,false,false,false,false,HOLD — REFERENCE ONLY
10569905013039,luna-emollient-cream-300ml-handampbody-coco,كريم لونا المرطب 300 مل لليدين والجسم، بنكهة جوز الهند,AlFouad Pharmacies,العناية بالجسم,العناية بالجسم,بسيط,105117,195,,true,https://cdn.shopify.com/s/files/1/0935/9550/0847/files/Luna-Emollient-Cream-300ML-HandBody-Coco.webp?v=1754298069,منتج كريم لونا المرطب 300 مل لليدين والجسم، بنكهة جوز الهند من AlFouad Pharmacies. التصنيف المرجعي: العناية بالجسم — بسيط. الوسوم المرجعية: Body Care، Body Concerns، Body Cream، Dry Skin body concerns.,https://alfouadpharmacies.com/en/products/luna-emollient-cream-300ml-handampbody-coco,AlFouad Pharmacies,true,Verify usage rights before commercial publication,false,false,false,false,HOLD — REFERENCE ONLY
10569857892655,dove-soap-100-gm-pink-offer,عرض صابون دوف 100 غرام وردي,Dove off,العناية بالجسم,العناية بالجسم,بسيط,107921,48,,true,https://cdn.shopify.com/s/files/1/0935/9550/0847/files/Dove-Soap-100-GM-Pink-Ofeer.webp?v=1754298361,منتج عرض صابون دوف 100 غرام وردي من Dove off. التصنيف المرجعي: العناية بالجسم — بسيط. الوسوم المرجعية: Body Care، Body Wash.,https://alfouadpharmacies.com/en/products/dove-soap-100-gm-pink-offer,AlFouad Pharmacies,true,Verify usage rights before commercial publication,false,false,false,false,HOLD — REFERENCE ONLY
10569854845231,victoria-secret-body-mist-250ml-love-addict,بخاخ جسم فيكتوريا سيكرت، 250 مل، عطر Love Addict.,Victoria Secret,العناية بالجسم,العناية بالجسم,بسيط,107533,650,,true,https://cdn.shopify.com/s/files/1/0935/9550/0847/files/Victoria-Secret.-Body-Mist-250ML-Love-Addict.webp?v=1754298394,منتج بخاخ جسم فيكتوريا سيكرت، 250 مل، عطر Love Addict. من Victoria Secret. التصنيف المرجعي: العناية بالجسم — بسيط. الوسوم المرجعية: Body Care، Body Mist، Body Splash، Body Spray، Deodrant، Perfumes.,https://alfouadpharmacies.com/en/products/victoria-secret-body-mist-250ml-love-addict,AlFouad Pharmacies,true,Verify usage rights before commercial publication,false,false,false,false,HOLD — REFERENCE ONLY
10569834004783,lux-shower-gel-500ml-magical-orchid-off,جل استحمام لاكس 500 مل سحري (الأوركيد)  (عرض خاص),AlFouad Pharmacies,العناية بالجسم,العناية بالجسم,بسيط,90742,99,,true,https://cdn.shopify.com/s/files/1/0935/9550/0847/files/Lux-Shower-Gel-500ML-Magical-Orchid-Off.webp?v=1754298567,منتج جل استحمام لاكس 500 مل سحري (الأوركيد)  (عرض خاص) من AlFouad Pharmacies. التصنيف المرجعي: العناية بالجسم — بسيط. الوسوم المرجعية: Body Care، Body Wash.,https://alfouadpharmacies.com/en/products/lux-shower-gel-500ml-magical-orchid-off,AlFouad Pharmacies,true,Verify usage rights before commercial publication,false,false,false,false,HOLD — REFERENCE ONLY
10569825714479,mood-whitening-deodorant-roll-on-50ml-coconut,مزيل عرق مبيض المزاج رول أون ٥٠ مل برائحة جوز الهند,Mood Roll,العناية بالجسم,العناية بالجسم,بسيط,96917,80,119,true,https://cdn.shopify.com/s/files/1/0935/9550/0847/files/Mood-Whitening-Deodorant-Roll-On-50ML-Coconut.webp?v=1754298627,منتج مزيل عرق مبيض المزاج رول أون ٥٠ مل برائحة جوز الهند من Mood Roll. التصنيف المرجعي: العناية بالجسم — بسيط. الوسوم المرجعية: Body Care، Body Concerns، Deodrant، Even Skin Tone / Pigmentation، Roll-on، Sensetive Skin.,https://alfouadpharmacies.com/en/products/mood-whitening-deodorant-roll-on-50ml-coconut,AlFouad Pharmacies,true,Verify usage rights before commercial publication,false,false,false,false,HOLD — REFERENCE ONLY
10569723380015,eva-skincare-hand-cream-60ml-in-the-cloud,كريم إيفا للعناية بالبشرة لليدين 60 مل في علبة سحابية,AlFouad Pharmacies,العناية بالجسم,العناية بالجسم,بسيط,19602,65,,true,https://cdn.shopify.com/s/files/1/0935/9550/0847/files/Eva-Skincare-Hand-Cream-60ml-in-the-Cloud.webp?v=1754299172,منتج كريم إيفا للعناية بالبشرة لليدين 60 مل في علبة سحابية من AlFouad Pharmacies. التصنيف المرجعي: العناية بالجسم — بسيط. الوسوم المرجعية: Body Care، Body Concerns، Dry Skin body concerns، Hand، Hands & Feet.,https://alfouadpharmacies.com/en/products/eva-skincare-hand-cream-60ml-in-the-cloud,AlFouad Pharmacies,true,Verify usage rights before commercial publication,false,false,false,false,HOLD — REFERENCE ONLY
10569723183407,raw-african-deodrant-baby-powder-wax-75gm,شمع بودرة الأطفال الأفريقية الخام مزيل للعرق 75 جرام,RAW AFRICAN,العناية بالجسم,العناية بالجسم,بسيط,110526,199,,true,https://cdn.shopify.com/s/files/1/0935/9550/0847/files/Raw-African-Deodrant-Baby-Powder-Wax-75gm.webp?v=1754299175,منتج شمع بودرة الأطفال الأفريقية الخام مزيل للعرق 75 جرام من RAW AFRICAN. التصنيف المرجعي: العناية بالجسم — بسيط. الوسوم المرجعية: Body Care، Deodrant.,https://alfouadpharmacies.com/en/products/raw-african-deodrant-baby-powder-wax-75gm,AlFouad Pharmacies,true,Verify usage rights before commercial publication,false,false,false,false,HOLD — REFERENCE ONLY
10569721512239,dermactive-acti-solaire-lait-spray-spf50-125ml,لوشن واقي من الشمس ديرم اكتيف اكتي سولير، رذاذ، حماية 50+، 125 مل,DERMACTIVE,العناية بالجسم,العناية بالجسم,بسيط,9026,379,,true,https://cdn.shopify.com/s/files/1/0935/9550/0847/files/Dermactive-Acti-Solaire-Lait-Spray-SPF50-125ml.webp?v=1754299202,منتج لوشن واقي من الشمس ديرم اكتيف اكتي سولير، رذاذ، حماية 50+، 125 مل من DERMACTIVE. التصنيف المرجعي: العناية بالجسم — بسيط. الوسوم المرجعية: Body Care، Sunscreen.,https://alfouadpharmacies.com/en/products/dermactive-acti-solaire-lait-spray-spf50-125ml,AlFouad Pharmacies,true,Verify usage rights before commercial publication,false,false,false,false,HOLD — REFERENCE ONLY
12689780900143,starville-acne-facial-cleanser-gel-400ml,جل منظف للوجه لعلاج حب الشباب من ستارفيل 400 مل,parkville,العناية بالجسم,العناية بالجسم,بسيط,108529,225,,true,https://cdn.shopify.com/s/files/1/0935/9550/0847/files/StarvilleAcneFacialCleanserGel400ml.webp?v=1771840009,منتج جل منظف للوجه لعلاج حب الشباب من ستارفيل 400 مل من parkville. التصنيف المرجعي: العناية بالجسم — بسيط. الوسوم المرجعية: Body Care، Body Concerns، Body Wash، Cleanser، Face Wash، Skin Care، Smooth Texture، starville.,https://alfouadpharmacies.com/en/products/starville-acne-facial-cleanser-gel-400ml,AlFouad Pharmacies,true,Verify usage rights before commercial publication,false,false,false,false,HOLD — REFERENCE ONLY
12689600217391,gtt-blue2-women-5-pcs-pink,جيليت بلو.2 باللون الوردي 5 قطع ,AlFouad Pharmacies,العناية بالجسم,العناية بالجسم,بسيط,87373,110,,true,https://cdn.shopify.com/s/files/1/0935/9550/0847/files/Gillette_BlueII_Plus_5pcs_PureWhite_1615x1615_3ab01c0e-8795-4b93-aa25-19036de9f399.webp?v=1772373118,منتج جيليت بلو.2 باللون الوردي 5 قطع  من AlFouad Pharmacies. التصنيف المرجعي: العناية بالجسم — بسيط. الوسوم المرجعية: Body Care، Gtt، Hair Removal، Razor Handel.,https://alfouadpharmacies.com/en/products/gtt-blue2-women-5-pcs-pink,AlFouad Pharmacies,true,Verify usage rights before commercial publication,false,false,false,false,HOLD — REFERENCE ONLY
12689564238127,beesline-rad-bri-underarm-serum-150ml-cucum-green-tea,سيروم بيزلاين راد بري لمنطقة الإبطين 150 مل، بخلاصة الخيار والشاي الأخضر,Beesline,العناية بالجسم,العناية بالجسم,,111903,500,,true,https://cdn.shopify.com/s/files/1/0935/9550/0847/files/BEESLINE_UNDERARM_SERUM_1615x1615_c8eb4c46-d524-410c-9dd0-c27acfbe2725.webp?v=1771877102,منتج سيروم بيزلاين راد بري لمنطقة الإبطين 150 مل، بخلاصة الخيار والشاي الأخضر من Beesline. التصنيف المرجعي: العناية بالجسم. الوسوم المرجعية: Body Care، Body Spray، Deodrant، Even Skin Tone / Pigmentation، Sensetive Skin.,https://alfouadpharmacies.com/en/products/beesline-rad-bri-underarm-serum-150ml-cucum-green-tea,AlFouad Pharmacies,true,Verify usage rights before commercial publication,false,false,false,false,HOLD — REFERENCE ONLY
10569998139695,gillette-fusion5-proglide-power,جيليت فوشون 5 برو جلايد باور,AlFouad Pharmacies,العناية بالجسم,العناية بالجسم,بسيط,104512,857,,true,https://cdn.shopify.com/s/files/1/0935/9550/0847/files/WhatsAppImage2025-02-28at10.54.20AM.webp?v=1776764690,منتج جيليت فوشون 5 برو جلايد باور من AlFouad Pharmacies. التصنيف المرجعي: العناية بالجسم — بسيط. الوسوم المرجعية: Body Care، Hair Removal، Men Care، Razor Handel.,https://alfouadpharmacies.com/en/products/gillette-fusion5-proglide-power,AlFouad Pharmacies,true,Verify usage rights before commercial publication,false,false,false,false,HOLD — REFERENCE ONLY
10569926934831,vaseline-body-lotion-400ml-cocoa-radiant,لوشن الجسم فازلين 400 مل كاكاو راديانت,Vaseline,العناية بالجسم,العناية بالجسم,بسيط,30451,305,,true,https://cdn.shopify.com/s/files/1/0935/9550/0847/files/Vaseline-Body-Lotion-400ML-Cocoa-Radiant.webp?v=1754297815,منتج لوشن الجسم فازلين 400 مل كاكاو راديانت من Vaseline. التصنيف المرجعي: العناية بالجسم — بسيط. الوسوم المرجعية: Body Care، Body Concerns، Body Lotion، Dry Skin body concerns.,https://alfouadpharmacies.com/en/products/vaseline-body-lotion-400ml-cocoa-radiant,AlFouad Pharmacies,true,Verify usage rights before commercial publication,false,false,false,false,HOLD — REFERENCE ONLY
10569926443311,vaseline-body-lotion-200ml-cocoa-radiant,لوشن الجسم فازلين 200 مل كاكاو راديانت,Vaseline,العناية بالجسم,العناية بالجسم,بسيط,84209,192,,true,https://cdn.shopify.com/s/files/1/0935/9550/0847/files/Vaseline-Body-Lotion-200ML-Cocoa-Radiant.webp?v=1754297818,منتج لوشن الجسم فازلين 200 مل كاكاو راديانت من Vaseline. التصنيف المرجعي: العناية بالجسم — بسيط. الوسوم المرجعية: Body Care، Body Concerns، Body Lotion، Dry Skin body concerns.,https://alfouadpharmacies.com/en/products/vaseline-body-lotion-200ml-cocoa-radiant,AlFouad Pharmacies,true,Verify usage rights before commercial publication,false,false,false,false,HOLD — REFERENCE ONLY
10569898590511,neutrogena-hand-cream-50ml,كريم نيتروجينا لليدين 50 مل,Neutrogena,العناية بالجسم,العناية بالجسم,بسيط,31308,110,,true,https://cdn.shopify.com/s/files/1/0935/9550/0847/files/Neutrogena-Hand-Cream-50ML.webp?v=1754298159,منتج كريم نيتروجينا لليدين 50 مل من Neutrogena. التصنيف المرجعي: العناية بالجسم — بسيط. الوسوم المرجعية: Body Care، Body Concerns، Dry Skin body concerns، Hand، Hands & Feet.,https://alfouadpharmacies.com/en/products/neutrogena-hand-cream-50ml,AlFouad Pharmacies,true,Verify usage rights before commercial publication,false,false,false,false,HOLD — REFERENCE ONLY
10569858187567,dove-spray-150ml-coconutampjasmin,بخاخ دوف 150 مل جوز الهند والياسمين,Dove,العناية بالجسم,العناية بالجسم,بسيط,24500,195,,false,https://cdn.shopify.com/s/files/1/0935/9550/0847/files/Dove-Spray-150ML-CoconutJasmin.webp?v=1754298357,منتج بخاخ دوف 150 مل جوز الهند والياسمين من Dove. التصنيف المرجعي: العناية بالجسم — بسيط. الوسوم المرجعية: Body Care، Body Spray، Deodrant.,https://alfouadpharmacies.com/en/products/dove-spray-150ml-coconutampjasmin,AlFouad Pharmacies,true,Verify usage rights before commercial publication,false,false,false,false,HOLD — REFERENCE ONLY
10569835839791,axe-body-premium-spray-150ml-emerald-sage,بخاخ الجسم المميز من آكس، 150 مل، رائحة إكليل الجبل الأخضر.,AlFouad Pharmacies,العناية بالجسم,العناية بالجسم,بسيط,15011,210,,true,https://cdn.shopify.com/s/files/1/0935/9550/0847/files/Axe-Body-Premium-Spray-150ML-Emerald-Sage.webp?v=1754298553,منتج بخاخ الجسم المميز من آكس، 150 مل، رائحة إكليل الجبل الأخضر. من AlFouad Pharmacies. التصنيف المرجعي: العناية بالجسم — بسيط. الوسوم المرجعية: Body Care، Body Spray، Deodrant.,https://alfouadpharmacies.com/en/products/axe-body-premium-spray-150ml-emerald-sage,AlFouad Pharmacies,true,Verify usage rights before commercial publication,false,false,false,false,HOLD — REFERENCE ONLY
10569835741487,axe-body-premium-spray-150ml-blue-lavander,بخاخ الجسم المميز من آكس، 150 مل، رائحة الخزامى الأزرق,AlFouad Pharmacies,العناية بالجسم,العناية بالجسم,بسيط,14986,235,,true,https://cdn.shopify.com/s/files/1/0935/9550/0847/files/Axe-Body-Premium-Spray-150ML-Blue-Lavander.webp?v=1754298553,منتج بخاخ الجسم المميز من آكس، 150 مل، رائحة الخزامى الأزرق من AlFouad Pharmacies. التصنيف المرجعي: العناية بالجسم — بسيط. الوسوم المرجعية: Body Care، Body Spray، Deodrant.,https://alfouadpharmacies.com/en/products/axe-body-premium-spray-150ml-blue-lavander,AlFouad Pharmacies,true,Verify usage rights before commercial publication,false,false,false,false,HOLD — REFERENCE ONLY
10569734127919,atoderm-handampnail-cream-50ml,كريم بيوديرما أتوديرم لليدين والأظافر 50 مل,Bioderma,العناية بالجسم,العناية بالجسم,بسيط,86562,499,0,true,https://cdn.shopify.com/s/files/1/0935/9550/0847/files/Atoderm-HandNail-Cream-50ML.webp?v=1754299002,منتج كريم بيوديرما أتوديرم لليدين والأظافر 50 مل من Bioderma. التصنيف المرجعي: العناية بالجسم — بسيط. الوسوم المرجعية: Body Care، Body Concerns، Dry Skin body concerns، Hand، Hands & Feet.,https://alfouadpharmacies.com/en/products/atoderm-handampnail-cream-50ml,AlFouad Pharmacies,true,Verify usage rights before commercial publication,false,false,false,false,HOLD — REFERENCE ONLY
10569722331439,eva-foot-cream-60ml-passion,كريم إيفا للقدم 60 مل، نكهة الشغف,AlFouad Pharmacies,العناية بالجسم,العناية بالجسم,بسيط,82527,70,,true,https://cdn.shopify.com/s/files/1/0935/9550/0847/files/Eva-Foot-Cream-60ml-Passion.webp?v=1754299186,منتج كريم إيفا للقدم 60 مل، نكهة الشغف من AlFouad Pharmacies. التصنيف المرجعي: العناية بالجسم — بسيط. الوسوم المرجعية: Body Care، Body Concerns، Dry Skin body concerns، Foot، Hands & Feet.,https://alfouadpharmacies.com/en/products/eva-foot-cream-60ml-passion,AlFouad Pharmacies,true,Verify usage rights before commercial publication,false,false,false,false,HOLD — REFERENCE ONLY
10569721381167,starville-roll-on-60ml-whitening-sweet-vanilla,ستارفيل رول أون 60 مل، لتفتيح البشرة، بنكهة الفانيليا الحلوة,parkville,العناية بالجسم,العناية بالجسم,بسيط,96430,150,,true,https://cdn.shopify.com/s/files/1/0935/9550/0847/files/Starville-Roll-On-60ml-Whitening-Sweet-Vanilla.webp?v=1754299204,منتج ستارفيل رول أون 60 مل، لتفتيح البشرة، بنكهة الفانيليا الحلوة من parkville. التصنيف المرجعي: العناية بالجسم — بسيط. الوسوم المرجعية: Body Care، Body Concerns، Deodrant، Even Skin Tone / Pigmentation، starville.,https://alfouadpharmacies.com/en/products/starville-roll-on-60ml-whitening-sweet-vanilla,AlFouad Pharmacies,true,Verify usage rights before commercial publication,false,false,false,false,HOLD — REFERENCE ONLY
12689539957039,vacation-roll-on-50ml-french-lust,عطر رول أون فاكيشن ٥٠ مل برائحة الشهوة الفرنسية,vacation roll,العناية بالجسم,العناية بالجسم,,114167,275,,true,https://cdn.shopify.com/s/files/1/0935/9550/0847/files/Vacation_Pearl_Rose_Roll_On_50ml_1615x1615_afe59b73-b4e1-4693-bb9e-9b67c7c1514c.webp?v=1771843238,منتج عطر رول أون فاكيشن ٥٠ مل برائحة الشهوة الفرنسية من vacation roll. التصنيف المرجعي: العناية بالجسم. الوسوم المرجعية: Body Care، Deodrant، Roll-on.,https://alfouadpharmacies.com/en/products/vacation-roll-on-50ml-french-lust,AlFouad Pharmacies,true,Verify usage rights before commercial publication,false,false,false,false,HOLD — REFERENCE ONLY
12689439916335,la-roche-lipikar-baume-light-200ml,لاروش ليبيكار بوم لايت 200 مل,La Roch Possay,العناية بالجسم,العناية بالجسم,Moisturizing Cream,17627,1110,,true,https://cdn.shopify.com/s/files/1/0935/9550/0847/files/La_Roche_Lipikar_Baume_Light_200ml.webp?v=1789625143,منتج لاروش ليبيكار بوم لايت 200 مل من La Roch Possay. التصنيف المرجعي: العناية بالجسم — Moisturizing Cream. الوسوم المرجعية: 10، Body Care، Dry Skin، Dryness، Skin Care.,https://alfouadpharmacies.com/en/products/la-roche-lipikar-baume-light-200ml,AlFouad Pharmacies,true,Verify usage rights before commercial publication,false,false,false,false,HOLD — REFERENCE ONLY
10569907339567,nivea-body-lotion-250ml-nourishing-dry-to-very-dry,لوشن نيفيا للجسم 250 مل، مغذي للبشرة الجافة إلى شديدة الجفاف,AlFouad Pharmacies,العناية بالجسم,العناية بالجسم,بسيط,83246,230,,true,https://cdn.shopify.com/s/files/1/0935/9550/0847/files/Nivea-Body-Lotion-250-ml-Nourishing-Dry-to-Very.webp?v=1754298046,منتج لوشن نيفيا للجسم 250 مل، مغذي للبشرة الجافة إلى شديدة الجفاف من AlFouad Pharmacies. التصنيف المرجعي: العناية بالجسم — بسيط. الوسوم المرجعية: Body Care، Body Concerns، Body Lotion، Dry Skin body concerns.,https://alfouadpharmacies.com/en/products/nivea-body-lotion-250ml-nourishing-dry-to-very-dry,AlFouad Pharmacies,true,Verify usage rights before commercial publication,false,false,false,false,HOLD — REFERENCE ONLY
10569858089263,dove-soap-100-gm-sheaampvanilla,صابون دوف 100 غرام زبدة الشيا والفانيليا,Dove,العناية بالجسم,العناية بالجسم,بسيط,14982,40,,false,https://cdn.shopify.com/s/files/1/0935/9550/0847/files/Dove-Soap-100-GM-SheaVanilla.webp?v=1754298358,منتج صابون دوف 100 غرام زبدة الشيا والفانيليا من Dove. التصنيف المرجعي: العناية بالجسم — بسيط. الوسوم المرجعية: Body Care، Body Wash.,https://alfouadpharmacies.com/en/products/dove-soap-100-gm-sheaampvanilla,AlFouad Pharmacies,true,Verify usage rights before commercial publication,false,false,false,false,HOLD — REFERENCE ONLY
10569828270383,mood-men-body-splash-220-ml-charm,معطر للجسم للرجال من مود، 220 مل، تشارم,MOOD,العناية بالجسم,العناية بالجسم,بسيط,112352,180,310,true,https://cdn.shopify.com/s/files/1/0935/9550/0847/files/charm_splash_b84a4579-f3b4-472c-bc44-dfb52a49dd40.webp?v=1790254149,منتج معطر للجسم للرجال من مود، 220 مل، تشارم من MOOD. التصنيف المرجعي: العناية بالجسم — بسيط. الوسوم المرجعية: Body Care، Body Mist، Body Spray، Deodrant، Men Care.,https://alfouadpharmacies.com/en/products/mood-men-body-splash-220-ml-charm,AlFouad Pharmacies,true,Verify usage rights before commercial publication,false,false,false,false,HOLD — REFERENCE ONLY
10569826664751,mood-whitening-deodorant-roll-on-50ml-oud,مزيل عرق مود وايتنينج رول أون ٥٠ مل برائحة العود,Mood Roll,العناية بالجسم,العناية بالجسم,بسيط,93452,80,119,true,https://cdn.shopify.com/s/files/1/0935/9550/0847/files/Mood-Whitening-Deodorant-Roll-On-50ML-Oud.webp?v=1754298622,منتج مزيل عرق مود وايتنينج رول أون ٥٠ مل برائحة العود من Mood Roll. التصنيف المرجعي: العناية بالجسم — بسيط. الوسوم المرجعية: Body Care، Body Concerns، Deodrant، Even Skin Tone / Pigmentation، Sensetive Skin.,https://alfouadpharmacies.com/en/products/mood-whitening-deodorant-roll-on-50ml-oud,AlFouad Pharmacies,true,Verify usage rights before commercial publication,false,false,false,false,HOLD — REFERENCE ONLY
10569825517871,mood-whitening-deodorant-roll-on-50ml-bold,مزيل عرق مود وايتنينج رول أون 50 مل برائحة جريئة,AlFouad Pharmacies,العناية بالجسم,العناية بالجسم,بسيط,109685,80,119,true,https://cdn.shopify.com/s/files/1/0935/9550/0847/files/Mood-Whitening-Deodorant-Roll-On-50ML-Bold.webp?v=1754298628,منتج مزيل عرق مود وايتنينج رول أون 50 مل برائحة جريئة من AlFouad Pharmacies. التصنيف المرجعي: العناية بالجسم — بسيط. الوسوم المرجعية: Body Care، Body Concerns، Deodrant، Even Skin Tone / Pigmentation، Roll-on، Sensetive Skin.,https://alfouadpharmacies.com/en/products/mood-whitening-deodorant-roll-on-50ml-bold,AlFouad Pharmacies,true,Verify usage rights before commercial publication,false,false,false,false,HOLD — REFERENCE ONLY
10569736388911,avene-cicalfate-hand-cream-100ml,كريم ايفان سييكالفات لليدين 100 مل,Avene,العناية بالجسم,العناية بالجسم,كريم اليد,24127,669,,true,https://cdn.shopify.com/s/files/1/0935/9550/0847/files/AveneCicalfateHandCream100ml_61bf2f3f-7e79-4811-af38-0adfdb701940.webp?v=1785927972,منتج كريم ايفان سييكالفات لليدين 100 مل من Avene. التصنيف المرجعي: العناية بالجسم — كريم اليد. الوسوم المرجعية: Body Care، Body Concerns، Dry Skin body concerns، Hand، Hands & Feet.,https://alfouadpharmacies.com/en/products/avene-cicalfate-hand-cream-100ml,AlFouad Pharmacies,true,Verify usage rights before commercial publication,false,false,false,false,HOLD — REFERENCE ONLY
16146992529711,كريم-لا-روش-بوزيه-ميلا-b3-للعناية-المزدوجة-بالجسم-200-مل,كريم لا روش بوزيه ميلا B3 للعناية المزدوجة بالجسم 200 مل,La Roch Possay,العناية بالجسم,العناية بالجسم,تفتيح الجسم ,117850,1250,,true,https://cdn.shopify.com/s/files/1/0935/9550/0847/files/La_Roche-Posay_Mela_B3_Dual_Body_Treatment_200ml.webp?v=1789624874,منتج كريم لا روش بوزيه ميلا B3 للعناية المزدوجة بالجسم 200 مل من La Roch Possay. التصنيف المرجعي: العناية بالجسم — تفتيح الجسم . الوسوم المرجعية: Body Care، Body Cream.,https://alfouadpharmacies.com/en/products/كريم-لا-روش-بوزيه-ميلا-b3-للعناية-المزدوجة-بالجسم-200-مل,AlFouad Pharmacies,true,Verify usage rights before commercial publication,false,false,false,false,HOLD — REFERENCE ONLY
12689757176111,bio-oil-skin-care-oil-25ml,زيت بيو-أويل للعناية بالبشرة 25 مل,AlFouad Pharmacies,العناية بالجسم,العناية بالجسم,بسيط,98927,225,,true,https://cdn.shopify.com/s/files/1/0935/9550/0847/files/Bio-OilSkinCareOil25ml_fd962cdd-2102-448a-9e9c-3f037e5ee236.webp?v=1771930773,منتج زيت بيو-أويل للعناية بالبشرة 25 مل من AlFouad Pharmacies. التصنيف المرجعي: العناية بالجسم — بسيط. الوسوم المرجعية: Body Care، Body Concerns، Body Oil، Stretch Marks.,https://alfouadpharmacies.com/en/products/bio-oil-skin-care-oil-25ml,AlFouad Pharmacies,true,Verify usage rights before commercial publication,false,false,false,false,HOLD — REFERENCE ONLY
12689757110575,bio-oil-skin-care-oil-60ml,زيت بيو-أويل للعناية بالبشرة 60 مل,AlFouad Pharmacies,العناية بالجسم,العناية بالجسم,بسيط,97015,435,,true,https://cdn.shopify.com/s/files/1/0935/9550/0847/files/Bio-OilSkinCareOil60ml.webp?v=1771930688,منتج زيت بيو-أويل للعناية بالبشرة 60 مل من AlFouad Pharmacies. التصنيف المرجعي: العناية بالجسم — بسيط. الوسوم المرجعية: Body Care، Body Concerns، Body Oil، Stretch Marks.,https://alfouadpharmacies.com/en/products/bio-oil-skin-care-oil-60ml,AlFouad Pharmacies,true,Verify usage rights before commercial publication,false,false,false,false,HOLD — REFERENCE ONLY
12689655660847,dermactive-acti-repair-hand-cream-60ml,كريم ديرم اكتيف اكتي-ريبير لليدين 60 مل,DERMACTIVE,العناية بالجسم,العناية بالجسم,بسيط,112521,179,,true,https://cdn.shopify.com/s/files/1/0935/9550/0847/files/dermactive_acti_repair_hand_cream_1615x1615_fdc660dc-4c34-405a-800c-a79bf0e7661e.webp?v=1771749463,منتج كريم ديرم اكتيف اكتي-ريبير لليدين 60 مل من DERMACTIVE. التصنيف المرجعي: العناية بالجسم — بسيط. الوسوم المرجعية: Body Care، Body Concerns، Dry Skin body concerns، Hand، Hands & Feet.,https://alfouadpharmacies.com/en/products/dermactive-acti-repair-hand-cream-60ml,AlFouad Pharmacies,true,Verify usage rights before commercial publication,false,false,false,false,HOLD — REFERENCE ONLY
12689600020783,gtt-venus2-84-razor,جيليت فينوس سيمبلي 2 شفرات حلاقة للاستعمال مرة واحدة – 12 قطعة,AlFouad Pharmacies,العناية بالجسم,العناية بالجسم,شفرات حلاقة للاستعمال مرة واحدة,105789,168,,true,https://cdn.shopify.com/s/files/1/0935/9550/0847/files/gillette_simply_venus_1615.webp?v=1772968541,منتج جيليت فينوس سيمبلي 2 شفرات حلاقة للاستعمال مرة واحدة – 12 قطعة من AlFouad Pharmacies. التصنيف المرجعي: العناية بالجسم — شفرات حلاقة للاستعمال مرة واحدة. الوسوم المرجعية: Body Care، Hair Removal، Razor Handel.,https://alfouadpharmacies.com/en/products/gtt-venus2-84-razor,AlFouad Pharmacies,true,Verify usage rights before commercial publication,false,false,false,false,HOLD — REFERENCE ONLY
12689539367215,meditopic-restolase-body-balm-200ml,بلسم الجسم ميديتوبيك ريستولاس 200 مل ,Meditopic,العناية بالجسم,العناية بالجسم,,111166,588,,true,https://cdn.shopify.com/s/files/1/0935/9550/0847/files/MEDITOPICRESTOLASEBODYBALM200ML_6a91d804-5340-4d32-90fa-49a1a21e525d.webp?v=1771923522,منتج بلسم الجسم ميديتوبيك ريستولاس 200 مل  من Meditopic. التصنيف المرجعي: العناية بالجسم. الوسوم المرجعية: Body Care، Body Cream، Even Skin Tone، Even Skin Tone / Pigmentation.,https://alfouadpharmacies.com/en/products/meditopic-restolase-body-balm-200ml,AlFouad Pharmacies,true,Verify usage rights before commercial publication,false,false,false,false,HOLD — REFERENCE ONLY
10569721250095,eva-senses-body-mist-240ml-red-glamour,بخاخ الجسم إيفا سينسز 240 مل، ريد غلامور,AlFouad Pharmacies,العناية بالجسم,العناية بالجسم,بسيط,8703,220,,true,https://cdn.shopify.com/s/files/1/0935/9550/0847/files/Eva-Senses-Body-Mist-240ml-Red-Glamour.webp?v=1754299207,منتج بخاخ الجسم إيفا سينسز 240 مل، ريد غلامور من AlFouad Pharmacies. التصنيف المرجعي: العناية بالجسم — بسيط. الوسوم المرجعية: Body Mist.,https://alfouadpharmacies.com/en/products/eva-senses-body-mist-240ml-red-glamour,AlFouad Pharmacies,true,Verify usage rights before commercial publication,false,false,false,false,HOLD — REFERENCE ONLY
10570012197167,sonata-88255,Sonata (88255) - فرشاة/حجر/مبرد للقدم,AlFouad Pharmacies,العناية بالجسم,العناية بالجسم,بسيط,15606,132,,false,https://cdn.shopify.com/s/files/1/0935/9550/0847/files/61rQQwxWjlL._AC_UF8941000_QL80.webp?v=1754297047,منتج Sonata (88255) - فرشاة/حجر/مبرد للقدم من AlFouad Pharmacies. التصنيف المرجعي: العناية بالجسم — بسيط. الوسوم المرجعية: Accessories، Beauty & Accessories، Body Care، Files، Foot، Hands & Feet.,https://alfouadpharmacies.com/en/products/sonata-88255,AlFouad Pharmacies,true,Verify usage rights before commercial publication,false,false,false,false,HOLD — REFERENCE ONLY
10570010329391,leylak-whitening-emulsion-50ml,إملاشن ليلك لتفتيح البشرة 50 مل,AlFouad Pharmacies,العناية بالجسم,العناية بالجسم,بسيط,112920,299,,false,https://cdn.shopify.com/s/files/1/0935/9550/0847/files/leylak-whitening-emulsion-50ml.webp?v=1754297069,منتج إملاشن ليلك لتفتيح البشرة 50 مل من AlFouad Pharmacies. التصنيف المرجعي: العناية بالجسم — بسيط. الوسوم المرجعية: Body Care، Body Concerns، Body Lotion، Even Skin Tone / Pigmentation، Sensetive Skin.,https://alfouadpharmacies.com/en/products/leylak-whitening-emulsion-50ml,AlFouad Pharmacies,true,Verify usage rights before commercial publication,false,false,false,false,HOLD — REFERENCE ONLY
10569944564015,old-spice-deod-stick-85gm-pure-sport,مزيل عرق أولد سبايس، عصا، 85 غرام، بيور سبورت,AlFouad Pharmacies,العناية بالجسم,العناية بالجسم,بسيط,101028,500,,false,https://cdn.shopify.com/s/files/1/0935/9550/0847/files/Old-Spice-Deod-Stick-85GM-Pure-Sport.webp?v=1754297699,منتج مزيل عرق أولد سبايس، عصا، 85 غرام، بيور سبورت من AlFouad Pharmacies. التصنيف المرجعي: العناية بالجسم — بسيط. الوسوم المرجعية: Body Care، Deodrant.,https://alfouadpharmacies.com/en/products/old-spice-deod-stick-85gm-pure-sport,AlFouad Pharmacies,true,Verify usage rights before commercial publication,false,false,false,false,HOLD — REFERENCE ONLY
10569913827631,nivea-shower-gel-250ml-fresh-power-fruit,جل استحمام نيڤيا 250 مل، نكهة الفاكهة المنعشة,AlFouad Pharmacies,العناية بالجسم,العناية بالجسم,بسيط,30385,120,,true,https://cdn.shopify.com/s/files/1/0935/9550/0847/files/Nivea-Shower-Gel-250ML-Fresh-Power-Fruit.webp?v=1754297963,منتج جل استحمام نيڤيا 250 مل، نكهة الفاكهة المنعشة من AlFouad Pharmacies. التصنيف المرجعي: العناية بالجسم — بسيط. الوسوم المرجعية: Body Care، Body Wash.,https://alfouadpharmacies.com/en/products/nivea-shower-gel-250ml-fresh-power-fruit,AlFouad Pharmacies,true,Verify usage rights before commercial publication,false,false,false,false,HOLD — REFERENCE ONLY
10569855598895,dove-hand-wash-500ml-moisturizing-off,غسول اليدين دوف مرطب 500 مل (غير متوفر حاليًا),Dove off,العناية بالجسم,العناية بالجسم,بسيط,12406,103,,true,https://cdn.shopify.com/s/files/1/0935/9550/0847/files/Dove-Hand-Wash-500ML-Moisturizing-Off.webp?v=1754298386,منتج غسول اليدين دوف مرطب 500 مل (غير متوفر حاليًا) من Dove off. التصنيف المرجعي: العناية بالجسم — بسيط. الوسوم المرجعية: Body Care، Hand Wash.,https://alfouadpharmacies.com/en/products/dove-hand-wash-500ml-moisturizing-off,AlFouad Pharmacies,true,Verify usage rights before commercial publication,false,false,false,false,HOLD — REFERENCE ONLY
10569816637743,mood-cairo-body-lotion-150-gm,لوشن الجسم مود القاهرة 150 جم,MOOD,العناية بالجسم,العناية بالجسم,بسيط,85114,100,,true,https://cdn.shopify.com/s/files/1/0935/9550/0847/files/1_-_2026-09-08T144253.853.webp?v=1788867931,منتج لوشن الجسم مود القاهرة 150 جم من MOOD. التصنيف المرجعي: العناية بالجسم — بسيط. الوسوم المرجعية: Body Care، Body Concerns، Body Lotion، Dry Skin body concerns.,https://alfouadpharmacies.com/en/products/mood-cairo-body-lotion-150-gm,AlFouad Pharmacies,true,Verify usage rights before commercial publication,false,false,false,false,HOLD — REFERENCE ONLY
12689769267503,eva-acetone-100ml-blue,إيفا أسيتون 100 مل أزرق,AlFouad Pharmacies,العناية بالجسم,العناية بالجسم,بسيط,32775,50,,true,https://cdn.shopify.com/s/files/1/0935/9550/0847/files/51CXO6CXmJL._AC_UL600_SR600_600.webp?v=1771844620,منتج إيفا أسيتون 100 مل أزرق من AlFouad Pharmacies. التصنيف المرجعي: العناية بالجسم — بسيط. الوسوم المرجعية: Body Care، Hands & Feet، Nails.,https://alfouadpharmacies.com/en/products/eva-acetone-100ml-blue,AlFouad Pharmacies,true,Verify usage rights before commercial publication,false,false,false,false,HOLD — REFERENCE ONLY
12689724637487,mood-shower-gel-750-ml-hawaii,جل استحمام معطر 750 مل هاواي,MOOD,العناية بالجسم,العناية بالجسم,بسيط,23238,99,,true,https://cdn.shopify.com/s/files/1/0935/9550/0847/files/MoodShowerGel750mlHawaii.webp?v=1771845220,منتج جل استحمام معطر 750 مل هاواي من MOOD. التصنيف المرجعي: العناية بالجسم — بسيط. الوسوم المرجعية: Body Care، Body Wash.,https://alfouadpharmacies.com/en/products/mood-shower-gel-750-ml-hawaii,AlFouad Pharmacies,true,Verify usage rights before commercial publication,false,false,false,false,HOLD — REFERENCE ONLY
12689655759151,vaseline-petroleum-jelly-100ml-original,فازلين بتروليوم جيلي الأصلي 100 مل,Vaseline,العناية بالجسم,العناية بالجسم,فازلين مرطب للبشرة,16034,120,,true,https://cdn.shopify.com/s/files/1/0935/9550/0847/files/Vaseline_Original_PureWhite_1615x1615_2ffe99c5-6b88-4d56-9a3a-66724acc83f4.webp?v=1772217548,منتج فازلين بتروليوم جيلي الأصلي 100 مل من Vaseline. التصنيف المرجعي: العناية بالجسم — فازلين مرطب للبشرة. الوسوم المرجعية: Body Care، Body Concerns، Dry Skin body concerns.,https://alfouadpharmacies.com/en/products/vaseline-petroleum-jelly-100ml-original,AlFouad Pharmacies,true,Verify usage rights before commercial publication,false,false,false,false,HOLD — REFERENCE ONLY
12689565516079,mood-shower-gel-750-ml-creamy-coconut,جل استحمام مود 750 مل برائحة جوز الهند الكريمي,MOOD,العناية بالجسم,العناية بالجسم,,113426,99,,true,https://cdn.shopify.com/s/files/1/0935/9550/0847/files/MoodShowerGel750mlCreamyCoconut.webp?v=1771844917,منتج جل استحمام مود 750 مل برائحة جوز الهند الكريمي من MOOD. التصنيف المرجعي: العناية بالجسم. الوسوم المرجعية: Body Care، Body Wash.,https://alfouadpharmacies.com/en/products/mood-shower-gel-750-ml-creamy-coconut,AlFouad Pharmacies,true,Verify usage rights before commercial publication,false,false,false,false,HOLD — REFERENCE ONLY
10569995780399,gillete-fusion-razor-2-blades,جليت فوشون (حلاقة + شفرتين),AlFouad Pharmacies,العناية بالجسم,العناية بالجسم,بسيط,85853,578,,true,https://cdn.shopify.com/s/files/1/0935/9550/0847/files/Gtt-Fusion-Razor-2-Blades-6946-_D9_85_D8_A7_D9_83_D9_8A_D9_86_D8_A9.webp?v=1754297150,منتج جليت فوشون (حلاقة + شفرتين) من AlFouad Pharmacies. التصنيف المرجعي: العناية بالجسم — بسيط. الوسوم المرجعية: Body Care، Hair Removal، Men Care، Razor Handel.,https://alfouadpharmacies.com/en/products/gillete-fusion-razor-2-blades,AlFouad Pharmacies,true,Verify usage rights before commercial publication,false,false,false,false,HOLD — REFERENCE ONLY
10569995125039,gillete-blue2-plus-155-pcs,جيليت بلو 2 بلس (15 + 5 قطع),AlFouad Pharmacies,العناية بالجسم,العناية بالجسم,بسيط,107650,320,,true,https://cdn.shopify.com/s/files/1/0935/9550/0847/files/Gtt-BLUE.2-Plus-155-Pcs-7266.webp?v=1754297162,منتج جيليت بلو 2 بلس (15 + 5 قطع) من AlFouad Pharmacies. التصنيف المرجعي: العناية بالجسم — بسيط. الوسوم المرجعية: Body Care، Hair Removal، Men Care، Razor Handel.,https://alfouadpharmacies.com/en/products/gillete-blue2-plus-155-pcs,AlFouad Pharmacies,true,Verify usage rights before commercial publication,false,false,false,false,HOLD — REFERENCE ONLY
10569966387503,starville-whitening-antipers-spray-150ml-fresh-breeze,بخاخ ستارفيل لتبييض البشرة مضاد للعرق 150 مل، رائحة منعشة,parkville,العناية بالجسم,العناية بالجسم,بسيط,112705,180,,true,https://cdn.shopify.com/s/files/1/0935/9550/0847/files/Starville-Whitening-Antipers-Spray-150ML-Fresh-Bre.webp?v=1754297532,منتج بخاخ ستارفيل لتبييض البشرة مضاد للعرق 150 مل، رائحة منعشة من parkville. التصنيف المرجعي: العناية بالجسم — بسيط. الوسوم المرجعية: Body Care، Body Concerns، Body Spray، Deodrant، Even Skin Tone / Pigmentation، Sensetive Skin، starville.,https://alfouadpharmacies.com/en/products/starville-whitening-antipers-spray-150ml-fresh-breeze,AlFouad Pharmacies,true,Verify usage rights before commercial publication,false,false,false,false,HOLD — REFERENCE ONLY
10569930277167,dermactive-acti-repair-foot-cream-60ml,كريم ديرم اكتيف اكتي-ريبير للقدم 60 مل,DERMACTIVE,العناية بالجسم,العناية بالجسم,بسيط,112522,179,,true,https://cdn.shopify.com/s/files/1/0935/9550/0847/files/Dermactive-Acti-Repair-Foot-Cream-60ML-2.webp?v=1754297794,منتج كريم ديرم اكتيف اكتي-ريبير للقدم 60 مل من DERMACTIVE. التصنيف المرجعي: العناية بالجسم — بسيط. الوسوم المرجعية: Body Care، Body Concerns، Dry Skin body concerns، Foot، Hands & Feet.,https://alfouadpharmacies.com/en/products/dermactive-acti-repair-foot-cream-60ml,AlFouad Pharmacies,true,Verify usage rights before commercial publication,false,false,false,false,HOLD — REFERENCE ONLY
10569909764399,nivea-deod-stick-50ml-deep-new,نييفيا مزيل عرق عصا 50 مل دييب (جديد),AlFouad Pharmacies,العناية بالجسم,العناية بالجسم,بسيط,31272,355,,true,https://cdn.shopify.com/s/files/1/0935/9550/0847/files/Nivea-Deod-Stick-50-ml-Deep-New.webp?v=1754298010,منتج نييفيا مزيل عرق عصا 50 مل دييب (جديد) من AlFouad Pharmacies. التصنيف المرجعي: العناية بالجسم — بسيط. الوسوم المرجعية: Body Care، Deodrant.,https://alfouadpharmacies.com/en/products/nivea-deod-stick-50ml-deep-new,AlFouad Pharmacies,true,Verify usage rights before commercial publication,false,false,false,false,HOLD — REFERENCE ONLY
10569905078575,luna-emollient-cream-75ml-handampbody-coco,كريم لونا المرطب 75 مل لليدين والجسم، بنكهة جوز الهند,AlFouad Pharmacies,العناية بالجسم,العناية بالجسم,بسيط,12777,62,,true,https://cdn.shopify.com/s/files/1/0935/9550/0847/files/Luna-Emollient-Cream-75ML-HandBody-Coco.webp?v=1754298067,منتج كريم لونا المرطب 75 مل لليدين والجسم، بنكهة جوز الهند من AlFouad Pharmacies. التصنيف المرجعي: العناية بالجسم — بسيط. الوسوم المرجعية: Body Care، Body Concerns، Body Cream، Dry Skin body concerns.,https://alfouadpharmacies.com/en/products/luna-emollient-cream-75ml-handampbody-coco,AlFouad Pharmacies,true,Verify usage rights before commercial publication,false,false,false,false,HOLD — REFERENCE ONLY
10569895772463,jampj-intense-body-lotion-250ml,لوشن الجسم المكثف من جونسون آند جونسون، 250 مل,J&J,العناية بالجسم,العناية بالجسم,بسيط,7682,180,,true,https://cdn.shopify.com/s/files/1/0935/9550/0847/files/JJ-Intense-Body-Lotion-250ML.webp?v=1754298195,منتج لوشن الجسم المكثف من جونسون آند جونسون، 250 مل من J&J. التصنيف المرجعي: العناية بالجسم — بسيط. الوسوم المرجعية: Body Care، Body Concerns، Body Lotion، Dry Skin body concerns.,https://alfouadpharmacies.com/en/products/jampj-intense-body-lotion-250ml,AlFouad Pharmacies,true,Verify usage rights before commercial publication,false,false,false,false,HOLD — REFERENCE ONLY
10569891381551,bathampbody-works-bmist-236ml-gingham,بخاخ Bath&amp;Body Works B.mist 236 مل، رائحة Gingham,Bath and Body,العناية بالجسم,العناية بالجسم,بسيط,17678,800,,true,https://cdn.shopify.com/s/files/1/0935/9550/0847/files/BathBody-Works-B.MIST-236ML-Gingham.webp?v=1754298256,منتج بخاخ Bath&amp;Body Works B.mist 236 مل، رائحة Gingham من Bath and Body. التصنيف المرجعي: العناية بالجسم — بسيط. الوسوم المرجعية: Body Care، Body Mist، Body Splash، Body Spray، Deodrant، Perfumes.,https://alfouadpharmacies.com/en/products/bathampbody-works-bmist-236ml-gingham,AlFouad Pharmacies,true,Verify usage rights before commercial publication,false,false,false,false,HOLD — REFERENCE ONLY
10569840525615,camay-shower-gel-1liter-lavander-vanilla,جل استحمام كامي، 1 لتر، زهور البنفسج والفانيليا,AlFouad Pharmacies,العناية بالجسم,العناية بالجسم,بسيط,14974,130,,true,https://cdn.shopify.com/s/files/1/0935/9550/0847/files/Camay-Shower-Gel-1LITER-Lavander-Vanilla.webp?v=1754298515,منتج جل استحمام كامي، 1 لتر، زهور البنفسج والفانيليا من AlFouad Pharmacies. التصنيف المرجعي: العناية بالجسم — بسيط. الوسوم المرجعية: Body Care، Body Wash.,https://alfouadpharmacies.com/en/products/camay-shower-gel-1liter-lavander-vanilla,AlFouad Pharmacies,true,Verify usage rights before commercial publication,false,false,false,false,HOLD — REFERENCE ONLY
10569831612719,avuva-white-paste-100-gm-sudanese-dalka,معجون أبيض افوفا 100 جرام دالكا سودانية,AlFouad Pharmacies,العناية بالجسم,العناية بالجسم,بسيط,10712,35,,true,https://cdn.shopify.com/s/files/1/0935/9550/0847/files/avuva-sudanese-dalka-sugar-paste-100gm-815581.webp?v=1754298584,منتج معجون أبيض افوفا 100 جرام دالكا سودانية من AlFouad Pharmacies. التصنيف المرجعي: العناية بالجسم — بسيط. الوسوم المرجعية: Body Care، Body Concerns، Hair Removal، Sensetive Skin.,https://alfouadpharmacies.com/en/products/avuva-white-paste-100-gm-sudanese-dalka,AlFouad Pharmacies,true,Verify usage rights before commercial publication,false,false,false,false,HOLD — REFERENCE ONLY
10569818571055,mood-shower-gel-750-ml-santorini,جل استحمام لتحسين المزاج 750 مل سانتوريني,MOOD,العناية بالجسم,العناية بالجسم,بسيط,33307,99,,true,https://cdn.shopify.com/s/files/1/0935/9550/0847/files/Mood-Shower-Gel-750-ml-Santorini.webp?v=1754298673,منتج جل استحمام لتحسين المزاج 750 مل سانتوريني من MOOD. التصنيف المرجعي: العناية بالجسم — بسيط. الوسوم المرجعية: Body Care، Body Wash.,https://alfouadpharmacies.com/en/products/mood-shower-gel-750-ml-santorini,AlFouad Pharmacies,true,Verify usage rights before commercial publication,false,false,false,false,HOLD — REFERENCE ONLY
10569817784623,mood-men-shower-gel-750-ml-bold,جل استحمام للرجال من مود، 750 مل، تصميم جريء,MOOD,العناية بالجسم,العناية بالجسم,بسيط,90924,99,,true,https://cdn.shopify.com/s/files/1/0935/9550/0847/files/Mood-Men-Shower-Gel-750-ml-Bold.webp?v=1754298681,منتج جل استحمام للرجال من مود، 750 مل، تصميم جريء من MOOD. التصنيف المرجعي: العناية بالجسم — بسيط. الوسوم المرجعية: Body Care، Body Wash، Men Care.,https://alfouadpharmacies.com/en/products/mood-men-shower-gel-750-ml-bold,AlFouad Pharmacies,true,Verify usage rights before commercial publication,false,false,false,false,HOLD — REFERENCE ONLY
10569739469103,beesline-white-roll-on-50ml-pacific-island,بيزلين وايت. رول أون 50 مل جزيرة المحيط الهادئ,AlFouad Pharmacies,العناية بالجسم,العناية بالجسم,بسيط,95939,350,,true,https://cdn.shopify.com/s/files/1/0935/9550/0847/files/Beesline-White.-Roll-On-50ML-Pacific-Island.webp?v=1754298946,منتج بيزلين وايت. رول أون 50 مل جزيرة المحيط الهادئ من AlFouad Pharmacies. التصنيف المرجعي: العناية بالجسم — بسيط. الوسوم المرجعية: Body Care، Body Concerns، Deodrant، Even Skin Tone / Pigmentation، Sensetive Skin.,https://alfouadpharmacies.com/en/products/beesline-white-roll-on-50ml-pacific-island,AlFouad Pharmacies,true,Verify usage rights before commercial publication,false,false,false,false,HOLD — REFERENCE ONLY
10569738617135,beesline-white-roll-on-50ml-cool-breeze,بيزلين وايت. رول أون 50 مل برائحة النسيم المنعشة,Beesline,العناية بالجسم,العناية بالجسم,بسيط,95931,350,,true,https://cdn.shopify.com/s/files/1/0935/9550/0847/files/Beesline-White.-Roll-On-50ML-Cool-Breeze.webp?v=1754298953,منتج بيزلين وايت. رول أون 50 مل برائحة النسيم المنعشة من Beesline. التصنيف المرجعي: العناية بالجسم — بسيط. الوسوم المرجعية: Body Care، Body Concerns، Deodrant، Even Skin Tone / Pigmentation، Sensetive Skin.,https://alfouadpharmacies.com/en/products/beesline-white-roll-on-50ml-cool-breeze,AlFouad Pharmacies,true,Verify usage rights before commercial publication,false,false,false,false,HOLD — REFERENCE ONLY
10569724789039,evasiline-cuticle-remover-13gm,إيفاسيلين مزيل الجلد حول الأظافر 13 جرام,AlFouad Pharmacies,العناية بالجسم,العناية بالجسم,بسيط,105566,55,,true,https://cdn.shopify.com/s/files/1/0935/9550/0847/files/Evasiline-Cuticle-Remover-13gm.webp?v=1754299155,منتج إيفاسيلين مزيل الجلد حول الأظافر 13 جرام من AlFouad Pharmacies. التصنيف المرجعي: العناية بالجسم — بسيط. الوسوم المرجعية: Body Care، Body Concerns، Dry Skin body concerns، Hand، Hands & Feet.,https://alfouadpharmacies.com/en/products/evasiline-cuticle-remover-13gm,AlFouad Pharmacies,true,Verify usage rights before commercial publication,false,false,false,false,HOLD — REFERENCE ONLY
12689769365807,eva-acetone-100ml-peach,إيفا أسيتون 100 مل برائحة الخوخ,AlFouad Pharmacies,العناية بالجسم,العناية بالجسم,بسيط,12447,45,,true,https://cdn.shopify.com/s/files/1/0935/9550/0847/files/51CGJBUWtwL.webp?v=1771844602,منتج إيفا أسيتون 100 مل برائحة الخوخ من AlFouad Pharmacies. التصنيف المرجعي: العناية بالجسم — بسيط. الوسوم المرجعية: Body Care، Hands & Feet، Nails.,https://alfouadpharmacies.com/en/products/eva-acetone-100ml-peach,AlFouad Pharmacies,true,Verify usage rights before commercial publication,false,false,false,false,HOLD — REFERENCE ONLY
10569996894511,gillete-fusion-4-blade,جيليت فجشن (4 شفرات),AlFouad Pharmacies,العناية بالجسم,العناية بالجسم,بسيط,27233,825,,true,https://cdn.shopify.com/s/files/1/0935/9550/0847/files/Gtt-Fusion-4-Blade-4460.webp?v=1754297146,منتج جيليت فجشن (4 شفرات) من AlFouad Pharmacies. التصنيف المرجعي: العناية بالجسم — بسيط. الوسوم المرجعية: Body Care، Hair Removal، Men Care، Razor Refills (Blades).,https://alfouadpharmacies.com/en/products/gillete-fusion-4-blade,AlFouad Pharmacies,true,Verify usage rights before commercial publication,false,false,false,false,HOLD — REFERENCE ONLY
10569995747631,gillete-mach3-5-blades,جليت MACH.3 (5 شفرات),AlFouad Pharmacies,العناية بالجسم,العناية بالجسم,بسيط,26480,620,,true,https://cdn.shopify.com/s/files/1/0935/9550/0847/files/Gtt-MACH.3-5-Blades-597.webp?v=1754297151,منتج جليت MACH.3 (5 شفرات) من AlFouad Pharmacies. التصنيف المرجعي: العناية بالجسم — بسيط. الوسوم المرجعية: Body Care، Hair Removal، Men Care، Razor Refills (Blades).,https://alfouadpharmacies.com/en/products/gillete-mach3-5-blades,AlFouad Pharmacies,true,Verify usage rights before commercial publication,false,false,false,false,HOLD — REFERENCE ONLY
10569992732975,gtt-blue3-comfort-1-pcs,قطرة عين Gtt BLUE.3 Comfort (قطعة واحدة),AlFouad Pharmacies,العناية بالجسم,العناية بالجسم,بسيط,5884,35,,false,https://cdn.shopify.com/s/files/1/0935/9550/0847/files/Gtt-BLUE.3-Comfort-1-Pcs-149.webp?v=1754297199,منتج قطرة عين Gtt BLUE.3 Comfort (قطعة واحدة) من AlFouad Pharmacies. التصنيف المرجعي: العناية بالجسم — بسيط. الوسوم المرجعية: Body Care، Hair Removal، Razor Handel.,https://alfouadpharmacies.com/en/products/gtt-blue3-comfort-1-pcs,AlFouad Pharmacies,true,Verify usage rights before commercial publication,false,false,false,false,HOLD — REFERENCE ONLY
10569919660335,chromium-500-gm-100-cap-puritans-pride,كروم 500 ملغ 100 كبسولة من بيوريتانز برايد,Puritan’s Pride,العناية بالجسم,العناية بالجسم,بسيط,90386,850,,true,https://cdn.shopify.com/s/files/1/0935/9550/0847/files/Chromium-500-GM-100-Cap-Puritans-Pride-_D8_B4_D8_B1_D9_83_D8_A9.webp?v=1754297910,منتج كروم 500 ملغ 100 كبسولة من بيوريتانز برايد من Puritan’s Pride. التصنيف المرجعي: العناية بالجسم — بسيط. الوسوم المرجعية: Adult Vitamins، Body Care، Body Concerns، Firming، Slimming and weight loss، Vitamins & Supplements.,https://alfouadpharmacies.com/en/products/chromium-500-gm-100-cap-puritans-pride,AlFouad Pharmacies,true,Verify usage rights before commercial publication,false,false,false,false,HOLD — REFERENCE ONLY
10569913205039,nivea-roll-on-50ml-fw-pearl-beauty-off-15,نيفيا رول أون 50 مل، إصدار محدود، لؤلؤ، خصم 15%,AlFouad Pharmacies,العناية بالجسم,العناية بالجسم,بسيط,104524,85,,true,https://cdn.shopify.com/s/files/1/0935/9550/0847/files/Nivea-Roll-On-50ML-FW-Pearl-Beauty-Off-15.webp?v=1754297969,منتج نيفيا رول أون 50 مل، إصدار محدود، لؤلؤ، خصم 15% من AlFouad Pharmacies. التصنيف المرجعي: العناية بالجسم — بسيط. الوسوم المرجعية: Body Care، Deodrant، Roll-on.,https://alfouadpharmacies.com/en/products/nivea-roll-on-50ml-fw-pearl-beauty-off-15,AlFouad Pharmacies,true,Verify usage rights before commercial publication,false,false,false,false,HOLD — REFERENCE ONLY
10569913008431,nivea-roll-on-50ml-fw-natural-radiance,نيفيا رول أون 50 مل للعناية بالبشرة - إشراقة طبيعية,AlFouad Pharmacies,العناية بالجسم,العناية بالجسم,بسيط,8945,99,,true,https://cdn.shopify.com/s/files/1/0935/9550/0847/files/Nivea-Roll-On-50ML-FW-Natural-Radiance.webp?v=1754297970,منتج نيفيا رول أون 50 مل للعناية بالبشرة - إشراقة طبيعية من AlFouad Pharmacies. التصنيف المرجعي: العناية بالجسم — بسيط. الوسوم المرجعية: Body Care، Deodrant، Roll-on.,https://alfouadpharmacies.com/en/products/nivea-roll-on-50ml-fw-natural-radiance,AlFouad Pharmacies,true,Verify usage rights before commercial publication,false,false,false,false,HOLD — REFERENCE ONLY
10569859006767,bathampbody-works-bmist-236ml-champagne-toast,بخاخ Bath&amp;Body Works B.MIST برائحة الشمبانيا 236 مل,Bath and Body,العناية بالجسم,العناية بالجسم,بسيط,6844,800,,false,https://cdn.shopify.com/s/files/1/0935/9550/0847/files/BathBody-Works-B.MIST-236ML-Champagne-Toast.webp?v=1754298350,منتج بخاخ Bath&amp;Body Works B.MIST برائحة الشمبانيا 236 مل من Bath and Body. التصنيف المرجعي: العناية بالجسم — بسيط. الوسوم المرجعية: Body Care، Body Mist، Body Splash، Body Spray، Deodrant، Perfumes.,https://alfouadpharmacies.com/en/products/bathampbody-works-bmist-236ml-champagne-toast,AlFouad Pharmacies,true,Verify usage rights before commercial publication,false,false,false,false,HOLD — REFERENCE ONLY
10569858875695,dove-spray-150ml-pomegranate-off,بخاخ دوف 150 مل، رمان، بدون غاز.,Dove off,العناية بالجسم,العناية بالجسم,بسيط,4856,156,,false,https://cdn.shopify.com/s/files/1/0935/9550/0847/files/Dove-Spray-150ML-Pomegranate-Off.webp?v=1754298351,منتج بخاخ دوف 150 مل، رمان، بدون غاز. من Dove off. التصنيف المرجعي: العناية بالجسم — بسيط. الوسوم المرجعية: Body Care، Body Spray، Deodrant.,https://alfouadpharmacies.com/en/products/dove-spray-150ml-pomegranate-off,AlFouad Pharmacies,true,Verify usage rights before commercial publication,false,false,false,false,HOLD — REFERENCE ONLY
10569855435055,victoria-secret-body-mist-250ml-romantic,بخاخ جسم فيكتوريا سيكرت، رومانتيك، 250 مل,Victoria Secret,العناية بالجسم,العناية بالجسم,بسيط,107524,650,,false,https://cdn.shopify.com/s/files/1/0935/9550/0847/files/Victoria-Secret.-Body-Mist-250ML-Romantic.webp?v=1754298388,منتج بخاخ جسم فيكتوريا سيكرت، رومانتيك، 250 مل من Victoria Secret. التصنيف المرجعي: العناية بالجسم — بسيط. الوسوم المرجعية: Body Care، Body Mist، Body Splash، Body Spray، Deodrant، Perfumes.,https://alfouadpharmacies.com/en/products/victoria-secret-body-mist-250ml-romantic,AlFouad Pharmacies,true,Verify usage rights before commercial publication,false,false,false,false,HOLD — REFERENCE ONLY
10569835675951,axe-body-premium-spray-150ml-aqua-bergamot,بخاخ الجسم المميز من آكس، 150 مل، رائحة البيرغموت المائية.,AlFouad Pharmacies,العناية بالجسم,العناية بالجسم,بسيط,14965,235,,true,https://cdn.shopify.com/s/files/1/0935/9550/0847/files/Axe-Body-Premium-Spray-150ML-Aqua-Bergamot.webp?v=1754298554,منتج بخاخ الجسم المميز من آكس، 150 مل، رائحة البيرغموت المائية. من AlFouad Pharmacies. التصنيف المرجعي: العناية بالجسم — بسيط. الوسوم المرجعية: Body Care، Body Spray، Deodrant.,https://alfouadpharmacies.com/en/products/axe-body-premium-spray-150ml-aqua-bergamot,AlFouad Pharmacies,true,Verify usage rights before commercial publication,false,false,false,false,HOLD — REFERENCE ONLY
10569830826287,avuva-mini-body-splash-55-ml-passion-fruit,معطر للجسم صغير من أفوفا ٥٥ مل برائحة فاكهة الباشن فروت,AlFouad Pharmacies,العناية بالجسم,العناية بالجسم,بسيط,110736,45,,true,https://cdn.shopify.com/s/files/1/0935/9550/0847/files/Avuva-Mini-Body-Splash-55-ml-Passion-Fruit.webp?v=1754298589,منتج معطر للجسم صغير من أفوفا ٥٥ مل برائحة فاكهة الباشن فروت من AlFouad Pharmacies. التصنيف المرجعي: العناية بالجسم — بسيط. الوسوم المرجعية: Body Care، Body Mist، Body Spray، Deodrant.,https://alfouadpharmacies.com/en/products/avuva-mini-body-splash-55-ml-passion-fruit,AlFouad Pharmacies,true,Verify usage rights before commercial publication,false,false,false,false,HOLD — REFERENCE ONLY
10569821126959,mood-hand-wash-500-ml-santorini,غسول اليدين مود 500 مل سانتوريني,MOOD,العناية بالجسم,العناية بالجسم,بسيط,106484,80,,true,https://cdn.shopify.com/s/files/1/0935/9550/0847/files/Aromal_sunscreen_gel_10.webp?v=1788868936,منتج غسول اليدين مود 500 مل سانتوريني من MOOD. التصنيف المرجعي: العناية بالجسم — بسيط. الوسوم المرجعية: Body Care، Hand Wash.,https://alfouadpharmacies.com/en/products/mood-hand-wash-500-ml-santorini,AlFouad Pharmacies,true,Verify usage rights before commercial publication,false,false,false,false,HOLD — REFERENCE ONLY
10569818210607,mood-shower-gel-750-ml-cairo,جل استحمام موود 750 مل القاهرة,MOOD,العناية بالجسم,العناية بالجسم,بسيط,22105,99,,true,https://cdn.shopify.com/s/files/1/0935/9550/0847/files/Mood-Shower-Gel-750-ml-Cairo.webp?v=1754298677,منتج جل استحمام موود 750 مل القاهرة من MOOD. التصنيف المرجعي: العناية بالجسم — بسيط. الوسوم المرجعية: Body Care، Body Wash.,https://alfouadpharmacies.com/en/products/mood-shower-gel-750-ml-cairo,AlFouad Pharmacies,true,Verify usage rights before commercial publication,false,false,false,false,HOLD — REFERENCE ONLY
10569804448047,uriage-deodorant-douceur-b-50ml,مزيل عرق يورياج ديودوران ديسور اللطيف للبشرة الحساسة 50 مل,URIAGE,العناية بالجسم,العناية بالجسم,بسيط,103673,799,,true,https://cdn.shopify.com/s/files/1/0935/9550/0847/files/Uriage_Deodorant_Douceur_B_50ml.webp?v=1790667381,منتج مزيل عرق يورياج ديودوران ديسور اللطيف للبشرة الحساسة 50 مل من URIAGE. التصنيف المرجعي: العناية بالجسم — بسيط. الوسوم المرجعية: Body Care، Body Concerns، Deodrant، Sensetive Skin.,https://alfouadpharmacies.com/en/products/uriage-deodorant-douceur-b-50ml,AlFouad Pharmacies,true,Verify usage rights before commercial publication,false,false,false,false,HOLD — REFERENCE ONLY
10569739305263,beesline-white-roll-on-50ml-men-fragrance-free,بيزلين وايت. رول أون 50 مل للرجال، بدون عطر.,AlFouad Pharmacies,العناية بالجسم,العناية بالجسم,بسيط,108140,350,,false,https://cdn.shopify.com/s/files/1/0935/9550/0847/files/Beesline-White.-Roll-On-50ML-Men-Fragrance-Free.webp?v=1754298947,منتج بيزلين وايت. رول أون 50 مل للرجال، بدون عطر. من AlFouad Pharmacies. التصنيف المرجعي: العناية بالجسم — بسيط. الوسوم المرجعية: Body Care، Body Concerns، Deodrant، Even Skin Tone / Pigmentation، Sensetive Skin.,https://alfouadpharmacies.com/en/products/beesline-white-roll-on-50ml-men-fragrance-free,AlFouad Pharmacies,true,Verify usage rights before commercial publication,false,false,false,false,HOLD — REFERENCE ONLY
10569733407023,acm-novophane-nail-cream-15ml,إيه سي إم نوفوفان كريم للعناية بالأظافر – 15 مل,ACM,العناية بالجسم,العناية بالجسم,العناية بالأظافر > كريم الأظافر,104768,325,,true,https://cdn.shopify.com/s/files/1/0935/9550/0847/files/Group_1_40_44188e7a-6b5f-479b-850d-dd53cfeeb3aa.webp?v=1781941098,منتج إيه سي إم نوفوفان كريم للعناية بالأظافر – 15 مل من ACM. التصنيف المرجعي: العناية بالجسم — العناية بالأظافر > كريم الأظافر. الوسوم المرجعية: Body Care، Body Concerns، Dry Skin body concerns، Hands & Feet، Nails.,https://alfouadpharmacies.com/en/products/acm-novophane-nail-cream-15ml,AlFouad Pharmacies,true,Verify usage rights before commercial publication,false,false,false,false,HOLD — REFERENCE ONLY
10569723117871,raw-african-deodrant-white-musk-wax-75gm,شمع مزيل عرق أفريقي خام، مسك أبيض، 75 جرام,RAW AFRICAN,العناية بالجسم,العناية بالجسم,بسيط,111291,199,,true,https://cdn.shopify.com/s/files/1/0935/9550/0847/files/Raw-African-Deodrant-White-Musk-Wax-75gm.webp?v=1754299176,منتج شمع مزيل عرق أفريقي خام، مسك أبيض، 75 جرام من RAW AFRICAN. التصنيف المرجعي: العناية بالجسم — بسيط. الوسوم المرجعية: Body Care، Deodrant.,https://alfouadpharmacies.com/en/products/raw-african-deodrant-white-musk-wax-75gm,AlFouad Pharmacies,true,Verify usage rights before commercial publication,false,false,false,false,HOLD — REFERENCE ONLY
