reference_record_id,source_handle,name,brand,category,category_label,product_type,source_sku,reference_price_egp,compare_at_price_egp,source_available,reference_image_url,reference_description,source_url,source_name,reference_only,image_rights_status,pm_identity_verified,pm_stock_verified,pm_cost_verified,pm_image_rights_verified,publish_status
10569722757423,eva-senses-shower-cream-250ml-in-the-clouds,كريم استحمام إيفا سينسز 250 مل، رائحة الغيوم,AlFouad Pharmacies,العناية بالجسم,العناية بالجسم,بسيط,20454,100,,true,https://cdn.shopify.com/s/files/1/0935/9550/0847/files/Eva-Senses-Shower-Cream-250ml-in-the-Clouds.webp?v=1754299181,منتج كريم استحمام إيفا سينسز 250 مل، رائحة الغيوم من AlFouad Pharmacies. التصنيف المرجعي: العناية بالجسم — بسيط. الوسوم المرجعية: Body Care، Body Concerns، Body Wash، Dry Skin body concerns.,https://alfouadpharmacies.com/en/products/eva-senses-shower-cream-250ml-in-the-clouds,AlFouad Pharmacies,true,Verify usage rights before commercial publication,false,false,false,false,HOLD — REFERENCE ONLY
10569719742767,eva-acetone-200ml-blue,إيفا أسيتون 200 مل أزرق,AlFouad Pharmacies,العناية بالجسم,العناية بالجسم,بسيط,1505,80,,false,https://cdn.shopify.com/s/files/1/0935/9550/0847/files/Eva-Acetone-200ml-Blue.webp?v=1754299227,منتج إيفا أسيتون 200 مل أزرق من AlFouad Pharmacies. التصنيف المرجعي: العناية بالجسم — بسيط. الوسوم المرجعية: Body Care، Hands & Feet، Nails.,https://alfouadpharmacies.com/en/products/eva-acetone-200ml-blue,AlFouad Pharmacies,true,Verify usage rights before commercial publication,false,false,false,false,HOLD — REFERENCE ONLY
12689552212271,dear-body-milk-deep-hydration-vanilla,دير بودي ميلك ديب هايدريشن فانيلا ,DEAR,العناية بالجسم,العناية بالجسم,,113449,650,,true,https://cdn.shopify.com/s/files/1/0935/9550/0847/files/Dear_Body_Milk_Blue_Vanilla_300ml_ECOM.webp?v=1771923139,منتج دير بودي ميلك ديب هايدريشن فانيلا  من DEAR. التصنيف المرجعي: العناية بالجسم. الوسوم المرجعية: Body Care، Body Lotion، Dry Skin، Dryness.,https://alfouadpharmacies.com/en/products/dear-body-milk-deep-hydration-vanilla,AlFouad Pharmacies,true,Verify usage rights before commercial publication,false,false,false,false,HOLD — REFERENCE ONLY
12689512169775,one-bond-body-splash-200ml-blue-dominas,بخاخ الجسم ون بوند 200 مل بلو دوميناس,One Bond,العناية بالجسم,العناية بالجسم,,114592,250,,true,https://cdn.shopify.com/s/files/1/0935/9550/0847/files/ONEBONDBODYSPLASH200MLBLUEDOMINAS.webp?v=1771847163,منتج بخاخ الجسم ون بوند 200 مل بلو دوميناس من One Bond. التصنيف المرجعي: العناية بالجسم. الوسوم المرجعية: Body Mist، Body Splash، Men Care، Men’s Perfumes.,https://alfouadpharmacies.com/en/products/one-bond-body-splash-200ml-blue-dominas,AlFouad Pharmacies,true,Verify usage rights before commercial publication,false,false,false,false,HOLD — REFERENCE ONLY
10569996435759,gillete-venus3-comfortglide-breeze-4-blades,جليت فينس. ٣ كومفورت جلايد بريز ٤ شفرات,AlFouad Pharmacies,العناية بالجسم,العناية بالجسم,بسيط,27225,682,,true,https://cdn.shopify.com/s/files/1/0935/9550/0847/files/Gtt-VENUS.3-Comfortglide-Breeze-4-Blades-364.webp?v=1754297148,منتج جليت فينس. ٣ كومفورت جلايد بريز ٤ شفرات من AlFouad Pharmacies. التصنيف المرجعي: العناية بالجسم — بسيط. الوسوم المرجعية: Body Care، Hair Removal، Razor Refills (Blades).,https://alfouadpharmacies.com/en/products/gillete-venus3-comfortglide-breeze-4-blades,AlFouad Pharmacies,true,Verify usage rights before commercial publication,false,false,false,false,HOLD — REFERENCE ONLY
10569927557423,vaseline-petroleum-jelly-250ml-cocoa-butter,فازلين جل بترولي 250 مل زبدة الكاكاو,Vaseline,العناية بالجسم,العناية بالجسم,بسيط,98551,228,,true,https://cdn.shopify.com/s/files/1/0935/9550/0847/files/Vaseline-Petroleum-Jelly-250ML-Cocoa-Butter.webp?v=1754297809,منتج فازلين جل بترولي 250 مل زبدة الكاكاو من Vaseline. التصنيف المرجعي: العناية بالجسم — بسيط. الوسوم المرجعية: Body Care، Body Concerns، Dry Skin body concerns.,https://alfouadpharmacies.com/en/products/vaseline-petroleum-jelly-250ml-cocoa-butter,AlFouad Pharmacies,true,Verify usage rights before commercial publication,false,false,false,false,HOLD — REFERENCE ONLY
10569927426351,vaseline-petroleum-jelly-100ml-cocoa-butter-off,فازلين جل بتروليوم 100 مل بدون زبدة الكاكاو,Vaseline OFF,العناية بالجسم,العناية بالجسم,بسيط,6058,108,,true,https://cdn.shopify.com/s/files/1/0935/9550/0847/files/Vaseline-Petroleum-Jelly-100ML-Cocoa-Butter-Off.webp?v=1754297811,منتج فازلين جل بتروليوم 100 مل بدون زبدة الكاكاو من Vaseline OFF. التصنيف المرجعي: العناية بالجسم — بسيط. الوسوم المرجعية: Body Care، Body Concerns، Dry Skin body concerns.,https://alfouadpharmacies.com/en/products/vaseline-petroleum-jelly-100ml-cocoa-butter-off,AlFouad Pharmacies,true,Verify usage rights before commercial publication,false,false,false,false,HOLD — REFERENCE ONLY
10569927033135,vaseline-body-lotion-400ml-essential-healing-off,لوشن الجسم فازلين 400 مل، عناية أساسية، خصم,Vaseline OFF,العناية بالجسم,العناية بالجسم,بسيط,7326,305,,true,https://cdn.shopify.com/s/files/1/0935/9550/0847/files/Vaseline-Body-Lotion-400ML-Essential-Healing-Off.webp?v=1754297814,منتج لوشن الجسم فازلين 400 مل، عناية أساسية، خصم من Vaseline OFF. التصنيف المرجعي: العناية بالجسم — بسيط. الوسوم المرجعية: Body Care، Body Concerns، Body Lotion، Dry Skin body concerns.,https://alfouadpharmacies.com/en/products/vaseline-body-lotion-400ml-essential-healing-off,AlFouad Pharmacies,true,Verify usage rights before commercial publication,false,false,false,false,HOLD — REFERENCE ONLY
10569920610607,rexona-fw-roll-on-25ml-powder,ريكسونا رول أون مضاد للعرق 25 مل بودرة,REXONA,العناية بالجسم,العناية بالجسم,بسيط,109399,40,,true,https://cdn.shopify.com/s/files/1/0935/9550/0847/files/Rexona-FW-Roll-On-25ML-Powder.webp?v=1754297897,منتج ريكسونا رول أون مضاد للعرق 25 مل بودرة من REXONA. التصنيف المرجعي: العناية بالجسم — بسيط. الوسوم المرجعية: Body Care، Deodrant، Roll-on.,https://alfouadpharmacies.com/en/products/rexona-fw-roll-on-25ml-powder,AlFouad Pharmacies,true,Verify usage rights before commercial publication,false,false,false,false,HOLD — REFERENCE ONLY
10569919037743,real-man-fresh-mood-perfume-spray-150ml,رذاذ عطر ريل مان فريش مود 150 مل,MOOD,العناية بالجسم,العناية بالجسم,بسيط,11897,88,,false,https://cdn.shopify.com/s/files/1/0935/9550/0847/files/Real-Man-Fresh-Mood-Perfume-Spray-150ML.webp?v=1754297918,منتج رذاذ عطر ريل مان فريش مود 150 مل من MOOD. التصنيف المرجعي: العناية بالجسم — بسيط. الوسوم المرجعية: Body Care، Body Spray، Deodrant.,https://alfouadpharmacies.com/en/products/real-man-fresh-mood-perfume-spray-150ml,AlFouad Pharmacies,true,Verify usage rights before commercial publication,false,false,false,false,HOLD — REFERENCE ONLY
10569914450223,acai-berry-diet-60tabnatrol,قرص أكاي بيري للرجيم 60 قرص (ناترول),Natrol,العناية بالجسم,العناية بالجسم,بسيط,105950,1250,,false,https://cdn.shopify.com/s/files/1/0935/9550/0847/files/Acai-Berry-Diet-60TABNATROL-_D8_B4_D8_B1_D9_83_D8_A9.webp?v=1754297958,منتج قرص أكاي بيري للرجيم 60 قرص (ناترول) من Natrol. التصنيف المرجعي: العناية بالجسم — بسيط. الوسوم المرجعية: Adult Vitamins، Body Care، Body Concerns، Firming، Slimming and weight loss، Vitamins & Supplements.,https://alfouadpharmacies.com/en/products/acai-berry-diet-60tabnatrol,AlFouad Pharmacies,true,Verify usage rights before commercial publication,false,false,false,false,HOLD — REFERENCE ONLY
10569909240111,nivea-deod-spray-150ml-pearl-beauty,نيفيا مزيل عرق بخاخ 150 مل بيرل بيوتي,AlFouad Pharmacies,العناية بالجسم,العناية بالجسم,بسيط,8394,197,,true,https://cdn.shopify.com/s/files/1/0935/9550/0847/files/Nivea-Deod-Spray-150ML-Pearl-Beauty.webp?v=1754298019,منتج نيفيا مزيل عرق بخاخ 150 مل بيرل بيوتي من AlFouad Pharmacies. التصنيف المرجعي: العناية بالجسم — بسيط. الوسوم المرجعية: Body Care، Body Spray، Deodrant.,https://alfouadpharmacies.com/en/products/nivea-deod-spray-150ml-pearl-beauty,AlFouad Pharmacies,true,Verify usage rights before commercial publication,false,false,false,false,HOLD — REFERENCE ONLY
10569892659503,bathampbody-works-bmist-236ml-japanesecherry-blossom,بخاخ الجسم من Bath&amp;Body Works، رائحة زهر الكرز الياباني، 236 مل.,Bath and Body,العناية بالجسم,العناية بالجسم,بسيط,108452,800,,true,https://cdn.shopify.com/s/files/1/0935/9550/0847/files/BathBody-Works-B.MIST-236ML-Japanesecherry-Blosso.webp?v=1754298238,منتج بخاخ الجسم من Bath&amp;Body Works، رائحة زهر الكرز الياباني، 236 مل. من Bath and Body. التصنيف المرجعي: العناية بالجسم — بسيط. الوسوم المرجعية: Body Care، Body Mist، Body Splash، Body Spray، Deodrant، Perfumes.,https://alfouadpharmacies.com/en/products/bathampbody-works-bmist-236ml-japanesecherry-blossom,AlFouad Pharmacies,true,Verify usage rights before commercial publication,false,false,false,false,HOLD — REFERENCE ONLY
10569866936623,fogg-spray-120ml-marco,بخاخ فوغ 120 مل ماركو,fogg,العناية بالجسم,العناية بالجسم,بسيط,24382,160,0,true,https://cdn.shopify.com/s/files/1/0935/9550/0847/files/Fogg-Spray-120ML-Marco.webp?v=1754298278,منتج بخاخ فوغ 120 مل ماركو من fogg. التصنيف المرجعي: العناية بالجسم — بسيط. الوسوم المرجعية: Body Care، Body Spray، Deodrant.,https://alfouadpharmacies.com/en/products/fogg-spray-120ml-marco,AlFouad Pharmacies,true,Verify usage rights before commercial publication,false,false,false,false,HOLD — REFERENCE ONLY
10569865691439,fogg-fine-spray-120ml-brazilian-burst,فوج فاین سبراي عطر للجسم برازيليان بيرست 120 مل,fogg,العناية بالجسم,العناية بالجسم,بخاخ عطر للجسم,5855,160,0,true,https://cdn.shopify.com/s/files/1/0935/9550/0847/files/Fogg-Fine-Spray-120ML-Brazilian-Burst.webp?v=1754298292,منتج فوج فاین سبراي عطر للجسم برازيليان بيرست 120 مل من fogg. التصنيف المرجعي: العناية بالجسم — بخاخ عطر للجسم. الوسوم المرجعية: Body Care، Body Spray، Deodrant.,https://alfouadpharmacies.com/en/products/fogg-fine-spray-120ml-brazilian-burst,AlFouad Pharmacies,true,Verify usage rights before commercial publication,false,false,false,false,HOLD — REFERENCE ONLY
10569858810159,bathampbody-works-bmist-236ml-athousand-wishes,"بخاخ Bath&amp;Body Works B.MIST 236 مل، عطر ""ألف أمنية""",Bath and Body,العناية بالجسم,العناية بالجسم,بسيط,104119,800,,true,https://cdn.shopify.com/s/files/1/0935/9550/0847/files/BathBody-Works-B.MIST-236ML-Athousand-Wishes.webp?v=1754298352,"منتج بخاخ Bath&amp;Body Works B.MIST 236 مل، عطر ""ألف أمنية"" من Bath and Body. التصنيف المرجعي: العناية بالجسم — بسيط. الوسوم المرجعية: Body Care، Body Mist، Body Splash، Body Spray، Deodrant، Perfumes.",https://alfouadpharmacies.com/en/products/bathampbody-works-bmist-236ml-athousand-wishes,AlFouad Pharmacies,true,Verify usage rights before commercial publication,false,false,false,false,HOLD — REFERENCE ONLY
10569834758447,lux-shower-gel-500ml-soft-touchrose-off,جل استحمام لاكس 500 مل، لمسة ناعمة/ورد أوف,AlFouad Pharmacies,العناية بالجسم,العناية بالجسم,بسيط,109624,99,,true,https://cdn.shopify.com/s/files/1/0935/9550/0847/files/Lux-Shower-Gel-500ML-Soft-TouchRose-Off.webp?v=1754298563,منتج جل استحمام لاكس 500 مل، لمسة ناعمة/ورد أوف من AlFouad Pharmacies. التصنيف المرجعي: العناية بالجسم — بسيط. الوسوم المرجعية: Body Care، Body Wash.,https://alfouadpharmacies.com/en/products/lux-shower-gel-500ml-soft-touchrose-off,AlFouad Pharmacies,true,Verify usage rights before commercial publication,false,false,false,false,HOLD — REFERENCE ONLY
10569822044463,mood-body-milk-200-ml-santorini,حليب الجسم المهدئ 200 مل سانتوريني,MOOD,العناية بالجسم,العناية بالجسم,بسيط,83115,90,,true,https://cdn.shopify.com/s/files/1/0935/9550/0847/files/Mood-Body-Milk-200-ml-Santorini.webp?v=1754298647,منتج حليب الجسم المهدئ 200 مل سانتوريني من MOOD. التصنيف المرجعي: العناية بالجسم — بسيط. الوسوم المرجعية: Body Care، Body Concerns، Body Milk، Dry Skin body concerns، Smooth Texture.,https://alfouadpharmacies.com/en/products/mood-body-milk-200-ml-santorini,AlFouad Pharmacies,true,Verify usage rights before commercial publication,false,false,false,false,HOLD — REFERENCE ONLY
10569821913391,mood-body-milk-200-ml-latino,حليب الجسم المهدئ 200 مل لاتينو,MOOD,العناية بالجسم,العناية بالجسم,بسيط,88825,90,,true,https://cdn.shopify.com/s/files/1/0935/9550/0847/files/Mood-Body-Milk-200-ml-Latino.webp?v=1754298648,منتج حليب الجسم المهدئ 200 مل لاتينو من MOOD. التصنيف المرجعي: العناية بالجسم — بسيط. الوسوم المرجعية: Body Care، Body Concerns، Body Milk، Dry Skin body concerns، Smooth Texture.,https://alfouadpharmacies.com/en/products/mood-body-milk-200-ml-latino,AlFouad Pharmacies,true,Verify usage rights before commercial publication,false,false,false,false,HOLD — REFERENCE ONLY
10569820733743,mood-hand-wash-500-ml-bali,غسول اليدين مود 500 مل بالي,MOOD,العناية بالجسم,العناية بالجسم,بسيط,9279,80,,true,https://cdn.shopify.com/s/files/1/0935/9550/0847/files/Mood-Hand-Wash-500-ml-Bali.webp?v=1754298658,منتج غسول اليدين مود 500 مل بالي من MOOD. التصنيف المرجعي: العناية بالجسم — بسيط. الوسوم المرجعية: Body Care، Hand Wash.,https://alfouadpharmacies.com/en/products/mood-hand-wash-500-ml-bali,AlFouad Pharmacies,true,Verify usage rights before commercial publication,false,false,false,false,HOLD — REFERENCE ONLY
10569818308911,mood-shower-gel-750-ml-khaliji,جل استحمام موود 750 مل خليجي,MOOD,العناية بالجسم,العناية بالجسم,بسيط,10149,99,,true,https://cdn.shopify.com/s/files/1/0935/9550/0847/files/Mood-Shower-Gel-750-ml-Khaliji.webp?v=1754298675,منتج جل استحمام موود 750 مل خليجي من MOOD. التصنيف المرجعي: العناية بالجسم — بسيط. الوسوم المرجعية: Body Care، Body Wash.,https://alfouadpharmacies.com/en/products/mood-shower-gel-750-ml-khaliji,AlFouad Pharmacies,true,Verify usage rights before commercial publication,false,false,false,false,HOLD — REFERENCE ONLY
10569816703279,mood-hawaii-body-lotion-150-gm,لوشن الجسم مود هاواي 150 جم,MOOD,العناية بالجسم,العناية بالجسم,بسيط,9435,100,,true,https://cdn.shopify.com/s/files/1/0935/9550/0847/files/Mood-Hawaii-Body-Lotion-150-gm.webp?v=1754298691,منتج لوشن الجسم مود هاواي 150 جم من MOOD. التصنيف المرجعي: العناية بالجسم — بسيط. الوسوم المرجعية: Body Care، Body Concerns، Body Lotion، Dry Skin body concerns.,https://alfouadpharmacies.com/en/products/mood-hawaii-body-lotion-150-gm,AlFouad Pharmacies,true,Verify usage rights before commercial publication,false,false,false,false,HOLD — REFERENCE ONLY
10569815753007,mood-bali-hand-cream-50gm,كريم اليدين مود بالي 50 جرام,MOOD,العناية بالجسم,العناية بالجسم,بسيط,85416,75,89,true,https://cdn.shopify.com/s/files/1/0935/9550/0847/files/Aromal_sunscreen_gel_3.webp?v=1788856152,منتج كريم اليدين مود بالي 50 جرام من MOOD. التصنيف المرجعي: العناية بالجسم — بسيط. الوسوم المرجعية: Body Care، Body Concerns، Dry Skin body concerns، Hand، Hands & Feet، mood offer.,https://alfouadpharmacies.com/en/products/mood-bali-hand-cream-50gm,AlFouad Pharmacies,true,Verify usage rights before commercial publication,false,false,false,false,HOLD — REFERENCE ONLY
10569738715439,beesline-white-roll-on-50ml-deo-sport-plus,بيزلين وايت. رول أون 50 مل ديو سبورت بلس,Beesline,العناية بالجسم,العناية بالجسم,بسيط,95928,350,,true,https://cdn.shopify.com/s/files/1/0935/9550/0847/files/Beesline-White.-Roll-On-50ML-Deo-Sport-Plus.webp?v=1754298952,منتج بيزلين وايت. رول أون 50 مل ديو سبورت بلس من Beesline. التصنيف المرجعي: العناية بالجسم — بسيط. الوسوم المرجعية: Body Care، Body Concerns، Deodrant، Even Skin Tone / Pigmentation، Sensetive Skin.,https://alfouadpharmacies.com/en/products/beesline-white-roll-on-50ml-deo-sport-plus,AlFouad Pharmacies,true,Verify usage rights before commercial publication,false,false,false,false,HOLD — REFERENCE ONLY
10569723609391,raw-african-deodrant-rose-wax-75gm,شمع مزيل عرق الورد الخام الأفريقي 75 جرام,RAW AFRICAN,العناية بالجسم,العناية بالجسم,بسيط,98977,199,,true,https://cdn.shopify.com/s/files/1/0935/9550/0847/files/Raw-African-Deodrant-Rose-Wax-75gm.webp?v=1754299169,منتج شمع مزيل عرق الورد الخام الأفريقي 75 جرام من RAW AFRICAN. التصنيف المرجعي: العناية بالجسم — بسيط. الوسوم المرجعية: Body Care، Deodrant.,https://alfouadpharmacies.com/en/products/raw-african-deodrant-rose-wax-75gm,AlFouad Pharmacies,true,Verify usage rights before commercial publication,false,false,false,false,HOLD — REFERENCE ONLY
10569723248943,eva-natural-glow-sensitive-area-light-cream-50gm,كريم إيفا ناتشورال جلو المفتح للبشرة الحساسة 50 جم,AlFouad Pharmacies,العناية بالجسم,العناية بالجسم,بسيط,5900,80,,true,https://cdn.shopify.com/s/files/1/0935/9550/0847/files/Eva-Natural-Glow-Sensitive-Area-Light-Cream-50gm.webp?v=1754299174,منتج كريم إيفا ناتشورال جلو المفتح للبشرة الحساسة 50 جم من AlFouad Pharmacies. التصنيف المرجعي: العناية بالجسم — بسيط. الوسوم المرجعية: Body Care، Body Concerns، Body Cream، Dry Skin body concerns، Intimate Care.,https://alfouadpharmacies.com/en/products/eva-natural-glow-sensitive-area-light-cream-50gm,AlFouad Pharmacies,true,Verify usage rights before commercial publication,false,false,false,false,HOLD — REFERENCE ONLY
10569722986799,eva-skincare-body-lotion-240ml-gold-spell,لوشن الجسم إيفا للعناية بالبشرة 240 مل سحر الذهب,AlFouad Pharmacies,العناية بالجسم,العناية بالجسم,بسيط,25179,120,,true,https://cdn.shopify.com/s/files/1/0935/9550/0847/files/Eva-Skincare-Body-Lotion-240ml-Gold-Spell.webp?v=1754299178,منتج لوشن الجسم إيفا للعناية بالبشرة 240 مل سحر الذهب من AlFouad Pharmacies. التصنيف المرجعي: العناية بالجسم — بسيط. الوسوم المرجعية: Body Care، Body Concerns، Body Lotion، Dry Skin body concerns.,https://alfouadpharmacies.com/en/products/eva-skincare-body-lotion-240ml-gold-spell,AlFouad Pharmacies,true,Verify usage rights before commercial publication,false,false,false,false,HOLD — REFERENCE ONLY
10569721643311,dermactive-sweat-control-refreshing-roll-on-60ml,ديرم اكتيف رول أون منع التعرق المنعش 60 مل,DERMACTIVE,العناية بالجسم,العناية بالجسم,بسيط,13074,169,,true,https://cdn.shopify.com/s/files/1/0935/9550/0847/files/Dermactive-Sweat-Control-Refreshing-Roll-On-60ml.webp?v=1754299199,منتج ديرم اكتيف رول أون منع التعرق المنعش 60 مل من DERMACTIVE. التصنيف المرجعي: العناية بالجسم — بسيط. الوسوم المرجعية: Body Care، Deodrant.,https://alfouadpharmacies.com/en/products/dermactive-sweat-control-refreshing-roll-on-60ml,AlFouad Pharmacies,true,Verify usage rights before commercial publication,false,false,false,false,HOLD — REFERENCE ONLY
10569720660271,eva-senses-body-mist-240ml-summer-twist,بخاخ الجسم إيفا سينسز 240 مل، إصدار صيفي.,AlFouad Pharmacies,العناية بالجسم,العناية بالجسم,بسيط,104638,220,,true,https://cdn.shopify.com/s/files/1/0935/9550/0847/files/Eva-Senses-Body-Mist-240ml-Summer-Twist.webp?v=1754299215,منتج بخاخ الجسم إيفا سينسز 240 مل، إصدار صيفي. من AlFouad Pharmacies. التصنيف المرجعي: العناية بالجسم — بسيط. الوسوم المرجعية: Body Care، Body Mist.,https://alfouadpharmacies.com/en/products/eva-senses-body-mist-240ml-summer-twist,AlFouad Pharmacies,true,Verify usage rights before commercial publication,false,false,false,false,HOLD — REFERENCE ONLY
10569719873839,eva-senses-body-mist-240ml-cozy-dream,بخاخ الجسم إيفا سينسز 240 مل، رائحة الحلم المريح,AlFouad Pharmacies,العناية بالجسم,العناية بالجسم,بسيط,104624,220,,true,https://cdn.shopify.com/s/files/1/0935/9550/0847/files/Eva-Senses-Body-Mist-240ml-Cozy-Dream.webp?v=1754299225,منتج بخاخ الجسم إيفا سينسز 240 مل، رائحة الحلم المريح من AlFouad Pharmacies. التصنيف المرجعي: العناية بالجسم — بسيط. الوسوم المرجعية: Body Care، Body Mist.,https://alfouadpharmacies.com/en/products/eva-senses-body-mist-240ml-cozy-dream,AlFouad Pharmacies,true,Verify usage rights before commercial publication,false,false,false,false,HOLD — REFERENCE ONLY
10569835217199,veet-hair-remover-cr100ml-normal-skin,مزيل شعر فيت، كريم، 100 مل، للبشرة العادية,Veet,العناية بالجسم,العناية بالجسم,بسيط,87372,77,,true,https://cdn.shopify.com/s/files/1/0935/9550/0847/files/Veet-Hair-Remover-CR.100ML-Normal-Skin.webp?v=1754298558,منتج مزيل شعر فيت، كريم، 100 مل، للبشرة العادية من Veet. التصنيف المرجعي: العناية بالجسم — بسيط. الوسوم المرجعية: Body Care، Hair Removal.,https://alfouadpharmacies.com/en/products/veet-hair-remover-cr100ml-normal-skin,AlFouad Pharmacies,true,Verify usage rights before commercial publication,false,false,false,false,HOLD — REFERENCE ONLY
16160790380847,mood-flower-bliss-body-lotion-200-ml,Mood Flower Bliss Body Lotion 200 ml,MOOD,العناية بالجسم,العناية بالجسم,Body Lotion,114264,145,,true,https://cdn.shopify.com/s/files/1/0935/9550/0847/files/flower_bliss_body_lotion_1615.webp?v=1788870914,منتج Mood Flower Bliss Body Lotion 200 ml من MOOD. التصنيف المرجعي: العناية بالجسم — Body Lotion. الحجم المذكور: 200 ml. الوسوم المرجعية: Body Care، Body Lotion.,https://alfouadpharmacies.com/en/products/mood-flower-bliss-body-lotion-200-ml,AlFouad Pharmacies,true,Verify usage rights before commercial publication,false,false,false,false,HOLD — REFERENCE ONLY
12689558110511,beesline-rad-bri-underarm-serum-150ml-powder-soft,سيروم بيزلاين راد بري لمنطقة الإبطين 150 مل بودرة ناعمة ,Beesline,العناية بالجسم,العناية بالجسم,,111908,500,,true,https://cdn.shopify.com/s/files/1/0935/9550/0847/files/beesline_underarm_serum_powdersoft_1615x1615_de43772f-3f7f-49a9-9007-b6d6bf1698cd.webp?v=1771880488,منتج سيروم بيزلاين راد بري لمنطقة الإبطين 150 مل بودرة ناعمة  من Beesline. التصنيف المرجعي: العناية بالجسم. الوسوم المرجعية: Body Care، Body Spray، Deodrant، Even Skin Tone / Pigmentation، Sensetive Skin.,https://alfouadpharmacies.com/en/products/beesline-rad-bri-underarm-serum-150ml-powder-soft,AlFouad Pharmacies,true,Verify usage rights before commercial publication,false,false,false,false,HOLD — REFERENCE ONLY
12689552081199,dear-roll-on-sweet-candy-60ml-1-1-offer,رول أون دير 60 مل برائحة الكاندي,DEAR offer,العناية بالجسم,العناية بالجسم,مزيل عرق,113459,300,600,true,https://cdn.shopify.com/s/files/1/0935/9550/0847/files/Dear_Roll_On_Sweet_Candy_60ml_1plus1_ECOM.webp?v=1771924848,منتج رول أون دير 60 مل برائحة الكاندي من DEAR offer. التصنيف المرجعي: العناية بالجسم — مزيل عرق. الوسوم المرجعية: Body Care، Bundle، Deodrant، Roll-on.,https://alfouadpharmacies.com/en/products/dear-roll-on-sweet-candy-60ml-1-1-offer,AlFouad Pharmacies,true,Verify usage rights before commercial publication,false,false,false,false,HOLD — REFERENCE ONLY
10570010460463,bodylicious-roll-on-50ml-pink,رول أون مزيل عرق بوديليشوس 50 مل وردي,AlFouad Pharmacies,العناية بالجسم,العناية بالجسم,بسيط,112718,65,,true,https://cdn.shopify.com/s/files/1/0935/9550/0847/files/Bodylicious-Roll-On-50ML-Pink.webp?v=1754297067,منتج رول أون مزيل عرق بوديليشوس 50 مل وردي من AlFouad Pharmacies. التصنيف المرجعي: العناية بالجسم — بسيط. الوسوم المرجعية: Body Care، Deodrant، Roll-on.,https://alfouadpharmacies.com/en/products/bodylicious-roll-on-50ml-pink,AlFouad Pharmacies,true,Verify usage rights before commercial publication,false,false,false,false,HOLD — REFERENCE ONLY
10570010394927,bodylicious-roll-on-50ml-coconut-breeze,رول أون مزيل عرق بوديليشوس 50 مل، رائحة جوز الهند المنعشة,AlFouad Pharmacies,العناية بالجسم,العناية بالجسم,بسيط,112488,65,,true,https://cdn.shopify.com/s/files/1/0935/9550/0847/files/Bodylicious-Roll-On-50ML-Coconut-Breeze.webp?v=1754297068,منتج رول أون مزيل عرق بوديليشوس 50 مل، رائحة جوز الهند المنعشة من AlFouad Pharmacies. التصنيف المرجعي: العناية بالجسم — بسيط. الوسوم المرجعية: Body Care، Deodrant، Roll-on.,https://alfouadpharmacies.com/en/products/bodylicious-roll-on-50ml-coconut-breeze,AlFouad Pharmacies,true,Verify usage rights before commercial publication,false,false,false,false,HOLD — REFERENCE ONLY
10570010001711,bathampbody-works-bmist-236ml-dream-bright,بخاخ Bath&amp;Body Works B.MIST 236 مل، رائحة Dream Bright,Bath and Body,العناية بالجسم,العناية بالجسم,بسيط,112710,800,,false,https://cdn.shopify.com/s/files/1/0935/9550/0847/files/BathBody-Works-B.MIST-236ML-Dream-Bright.webp?v=1754297073,منتج بخاخ Bath&amp;Body Works B.MIST 236 مل، رائحة Dream Bright من Bath and Body. التصنيف المرجعي: العناية بالجسم — بسيط. الوسوم المرجعية: Body Care، Body Mist، Body Splash، Perfumes.,https://alfouadpharmacies.com/en/products/bathampbody-works-bmist-236ml-dream-bright,AlFouad Pharmacies,true,Verify usage rights before commercial publication,false,false,false,false,HOLD — REFERENCE ONLY
10569998237999,gillette-fusion5-proglide-4-blades,جليت فجشن 5 برو جلايد (4 شفرات),AlFouad Pharmacies,العناية بالجسم,العناية بالجسم,بسيط,27223,850,,true,https://cdn.shopify.com/s/files/1/0935/9550/0847/files/gillette_fusion5_pro_1615x1615_db13e0a2-5c8d-46e6-b4f8-cb13245cbb1e.webp?v=1788339582,منتج جليت فجشن 5 برو جلايد (4 شفرات) من AlFouad Pharmacies. التصنيف المرجعي: العناية بالجسم — بسيط. الوسوم المرجعية: Body Care، Hair Removal، Men Care، Razor Refills (Blades).,https://alfouadpharmacies.com/en/products/gillette-fusion5-proglide-4-blades,AlFouad Pharmacies,true,Verify usage rights before commercial publication,false,false,false,false,HOLD — REFERENCE ONLY
10569995518255,gillete-venus5-extra-smooth-1razoramp2blades,جليت فينس.5 إكسترا سموث (1 ماكينة حلاقة + 2 شفرة),AlFouad Pharmacies,العناية بالجسم,العناية بالجسم,بسيط,94383,500,,false,https://cdn.shopify.com/s/files/1/0935/9550/0847/files/Gtt-VENUS.5-Extra-Smooth-1RAZOR2BLADES-497.webp?v=1754297154,منتج جليت فينس.5 إكسترا سموث (1 ماكينة حلاقة + 2 شفرة) من AlFouad Pharmacies. التصنيف المرجعي: العناية بالجسم — بسيط. الوسوم المرجعية: Body Care، Hair Removal، Razor Handel.,https://alfouadpharmacies.com/en/products/gillete-venus5-extra-smooth-1razoramp2blades,AlFouad Pharmacies,true,Verify usage rights before commercial publication,false,false,false,false,HOLD — REFERENCE ONLY
10569994109231,gtt-blue3-comfort-62-pcs,جي تي تي بلو.3 كومفورت (6+2 قطعة),AlFouad Pharmacies,العناية بالجسم,العناية بالجسم,بسيط,108930,281,,true,https://cdn.shopify.com/s/files/1/0935/9550/0847/files/Gtt-BLUE.3-Comfort-62-Pcs-978.webp?v=1754297177,منتج جي تي تي بلو.3 كومفورت (6+2 قطعة) من AlFouad Pharmacies. التصنيف المرجعي: العناية بالجسم — بسيط. الوسوم المرجعية: Body Care، Hair Removal، Razor Handel.,https://alfouadpharmacies.com/en/products/gtt-blue3-comfort-62-pcs,AlFouad Pharmacies,true,Verify usage rights before commercial publication,false,false,false,false,HOLD — REFERENCE ONLY
10569966453039,starville-whitening-antipersp-spray-150ml-lavander,بخاخ ستارفيل لتبييض البشرة ومكافحة التعرق 150 مل، رائحة الخزامى,parkville,العناية بالجسم,العناية بالجسم,بسيط,112703,180,,true,https://cdn.shopify.com/s/files/1/0935/9550/0847/files/Starville-Whitening-Antipersp-Spray-150ML-Lavander.webp?v=1754297531,منتج بخاخ ستارفيل لتبييض البشرة ومكافحة التعرق 150 مل، رائحة الخزامى من parkville. التصنيف المرجعي: العناية بالجسم — بسيط. الوسوم المرجعية: Body Care، Body Concerns، Body Spray، Deodrant، Even Skin Tone / Pigmentation، Sensetive Skin، starville.,https://alfouadpharmacies.com/en/products/starville-whitening-antipersp-spray-150ml-lavander,AlFouad Pharmacies,true,Verify usage rights before commercial publication,false,false,false,false,HOLD — REFERENCE ONLY
10569966420271,starville-whitening-antipers-spray-150ml-light-pink,بخاخ ستارفيل لتفتيح البشرة مضاد للعرق 150 مل وردي فاتح,parkville,العناية بالجسم,العناية بالجسم,بسيط,112704,180,,true,https://cdn.shopify.com/s/files/1/0935/9550/0847/files/Starville-Whitening-Antipers-Spray-150ML-Light-Pink.webp?v=1754297531,منتج بخاخ ستارفيل لتفتيح البشرة مضاد للعرق 150 مل وردي فاتح من parkville. التصنيف المرجعي: العناية بالجسم — بسيط. الوسوم المرجعية: Body Care، Body Concerns، Body Spray، Deodrant، Even Skin Tone / Pigmentation، Sensetive Skin، starville.,https://alfouadpharmacies.com/en/products/starville-whitening-antipers-spray-150ml-light-pink,AlFouad Pharmacies,true,Verify usage rights before commercial publication,false,false,false,false,HOLD — REFERENCE ONLY
10569929752879,breathe-body-mist-200ml-simply-white,بخاخ الجسم المنعش 200 مل، أبيض نقي,AlFouad Pharmacies,العناية بالجسم,العناية بالجسم,بسيط,103133,320,,true,https://cdn.shopify.com/s/files/1/0935/9550/0847/files/Breathe-Body-Mist-100ML-Simply-White_ad4a8b47-fd94-4936-888a-d39b4f8280c3.webp?v=1754297798,منتج بخاخ الجسم المنعش 200 مل، أبيض نقي من AlFouad Pharmacies. التصنيف المرجعي: العناية بالجسم — بسيط. الوسوم المرجعية: Body Care، Body Mist، Body Spray، Deodrant.,https://alfouadpharmacies.com/en/products/breathe-body-mist-200ml-simply-white,AlFouad Pharmacies,true,Verify usage rights before commercial publication,false,false,false,false,HOLD — REFERENCE ONLY
10569928638767,breathe-body-mist-100ml-cloud-9,بخاخ الجسم Breathe 100 مل، كلاود 9,AlFouad Pharmacies,العناية بالجسم,العناية بالجسم,بسيط,112401,220,,true,https://cdn.shopify.com/s/files/1/0935/9550/0847/files/Breathe-Body-Mist-100ML-Cloud-9.webp?v=1754297803,منتج بخاخ الجسم Breathe 100 مل، كلاود 9 من AlFouad Pharmacies. التصنيف المرجعي: العناية بالجسم — بسيط. الوسوم المرجعية: Body Care، Body Mist، Body Spray، Deodrant.,https://alfouadpharmacies.com/en/products/breathe-body-mist-100ml-cloud-9,AlFouad Pharmacies,true,Verify usage rights before commercial publication,false,false,false,false,HOLD — REFERENCE ONLY
10569927098671,vaseline-body-lotion-400ml-ice-cool-hydration,لوشن الجسم فازلين 400 مل ترطيب منعش,Vaseline,العناية بالجسم,العناية بالجسم,بسيط,108437,305,,true,https://cdn.shopify.com/s/files/1/0935/9550/0847/files/Vaseline-Body-Lotion-400ML-Ice-Cool-Hydration.webp?v=1754297813,منتج لوشن الجسم فازلين 400 مل ترطيب منعش من Vaseline. التصنيف المرجعي: العناية بالجسم — بسيط. الوسوم المرجعية: Body Care، Body Concerns، Body Lotion، Dry Skin body concerns.,https://alfouadpharmacies.com/en/products/vaseline-body-lotion-400ml-ice-cool-hydration,AlFouad Pharmacies,true,Verify usage rights before commercial publication,false,false,false,false,HOLD — REFERENCE ONLY
10569919234351,real-man-fresh-morning-perfume-spray-150ml,رذاذ عطر ريل مان فريش مورنينج 150 مل,AlFouad Pharmacies,العناية بالجسم,العناية بالجسم,بسيط,11687,88,,false,https://cdn.shopify.com/s/files/1/0935/9550/0847/files/Real-Man-Fresh-Morning-Perfume-Spray-150ML.webp?v=1754297916,منتج رذاذ عطر ريل مان فريش مورنينج 150 مل من AlFouad Pharmacies. التصنيف المرجعي: العناية بالجسم — بسيط. الوسوم المرجعية: Body Care، Body Spray، Deodrant.,https://alfouadpharmacies.com/en/products/real-man-fresh-morning-perfume-spray-150ml,AlFouad Pharmacies,true,Verify usage rights before commercial publication,false,false,false,false,HOLD — REFERENCE ONLY
10569913631023,nivea-shower-gel-250ml-energy,جل استحمام نيڤيا 250 مل، طاقة,AlFouad Pharmacies,العناية بالجسم,العناية بالجسم,بسيط,8691,120,,true,https://cdn.shopify.com/s/files/1/0935/9550/0847/files/Nivea-Shower-Gel-250ML-Energy.webp?v=1754297964,منتج جل استحمام نيڤيا 250 مل، طاقة من AlFouad Pharmacies. التصنيف المرجعي: العناية بالجسم — بسيط. الوسوم المرجعية: Body Care، Body Wash.,https://alfouadpharmacies.com/en/products/nivea-shower-gel-250ml-energy,AlFouad Pharmacies,true,Verify usage rights before commercial publication,false,false,false,false,HOLD — REFERENCE ONLY
10569911632175,nivea-roll-on-50ml-fm-fresh-active,نيفيا رول أون 50 مل للرجال والنساء، فريش اكتيف,AlFouad Pharmacies,العناية بالجسم,العناية بالجسم,بسيط,87519,99,,true,https://cdn.shopify.com/s/files/1/0935/9550/0847/files/Nivea-Roll-On-50ML-FM-Fresh-Active.webp?v=1754297985,منتج نيفيا رول أون 50 مل للرجال والنساء، فريش اكتيف من AlFouad Pharmacies. التصنيف المرجعي: العناية بالجسم — بسيط. الوسوم المرجعية: Body Care، Deodrant، Roll-on.,https://alfouadpharmacies.com/en/products/nivea-roll-on-50ml-fm-fresh-active,AlFouad Pharmacies,true,Verify usage rights before commercial publication,false,false,false,false,HOLD — REFERENCE ONLY
10569910452527,nivea-men-facebodyhand-cream-150ml,نيفيا كريم للوجه والجسم واليدين للرجال 150 مل,AlFouad Pharmacies,العناية بالجسم,العناية بالجسم,بسيط,110948,300,,true,https://cdn.shopify.com/s/files/1/0935/9550/0847/files/Nivea-Men-FACE.BODY_.HAND-Cream-150ML.webp?v=1754298001,منتج نيفيا كريم للوجه والجسم واليدين للرجال 150 مل من AlFouad Pharmacies. التصنيف المرجعي: العناية بالجسم — بسيط. الوسوم المرجعية: Body Care، Body Concerns، Dry Skin body concerns، Men Care.,https://alfouadpharmacies.com/en/products/nivea-men-facebodyhand-cream-150ml,AlFouad Pharmacies,true,Verify usage rights before commercial publication,false,false,false,false,HOLD — REFERENCE ONLY
10569909862703,nivea-deod-stick-50ml-dry-impact-new,نييفيا مزيل عرق عصا 50 مل دراي إمباكت (جديد),AlFouad Pharmacies,العناية بالجسم,العناية بالجسم,بسيط,32147,350,,true,https://cdn.shopify.com/s/files/1/0935/9550/0847/files/Nivea-Deod-Stick-50-ml-Dry-Impact-New.webp?v=1754298009,منتج نييفيا مزيل عرق عصا 50 مل دراي إمباكت (جديد) من AlFouad Pharmacies. التصنيف المرجعي: العناية بالجسم — بسيط. الوسوم المرجعية: Body Care، Deodrant.,https://alfouadpharmacies.com/en/products/nivea-deod-stick-50ml-dry-impact-new,AlFouad Pharmacies,true,Verify usage rights before commercial publication,false,false,false,false,HOLD — REFERENCE ONLY
10569909567791,nivea-deod-spray-150ml-silver-protect-off-20,نيفيا مزيل عرق بخاخ 150 مل سيلفر بروتكت أوف 20,AlFouad Pharmacies,العناية بالجسم,العناية بالجسم,بسيط,108438,154,,true,https://cdn.shopify.com/s/files/1/0935/9550/0847/files/Nivea-Deod-Spray-150ML-Silver-Protect-Off-20.webp?v=1754298012,منتج نيفيا مزيل عرق بخاخ 150 مل سيلفر بروتكت أوف 20 من AlFouad Pharmacies. التصنيف المرجعي: العناية بالجسم — بسيط. الوسوم المرجعية: Body Care، Body Spray، Deodrant.,https://alfouadpharmacies.com/en/products/nivea-deod-spray-150ml-silver-protect-off-20,AlFouad Pharmacies,true,Verify usage rights before commercial publication,false,false,false,false,HOLD — REFERENCE ONLY
10569909338415,nivea-deod-spray-150ml-pearlampbeauty-off-20,بخاخ نيفيا مزيل العرق 150 مل بيرل آند بيوتي خصم 20%,AlFouad Pharmacies,العناية بالجسم,العناية بالجسم,بسيط,104621,154,,true,https://cdn.shopify.com/s/files/1/0935/9550/0847/files/Nivea-Deod-Spray-150ML-PearlBeauty-Off-20.webp?v=1754298014,منتج بخاخ نيفيا مزيل العرق 150 مل بيرل آند بيوتي خصم 20% من AlFouad Pharmacies. التصنيف المرجعي: العناية بالجسم — بسيط. الوسوم المرجعية: Body Care، Body Spray، Deodrant.,https://alfouadpharmacies.com/en/products/nivea-deod-spray-150ml-pearlampbeauty-off-20,AlFouad Pharmacies,true,Verify usage rights before commercial publication,false,false,false,false,HOLD — REFERENCE ONLY
10569906487599,vitacare-green-coffee-800-mg-complex20-cap,فيتا كير جرين كوفي 800 مجم 20 كبسولة | مكمل غذائي للاستخدام اليومي,Vitacare,العناية بالجسم,العناية بالجسم,بسيط,97990,550,,true,https://cdn.shopify.com/s/files/1/0935/9550/0847/files/Vitacare-Green-Coffee-800-mg-COMPLEX20-Cap.webp?v=1754298056,منتج فيتا كير جرين كوفي 800 مجم 20 كبسولة | مكمل غذائي للاستخدام اليومي من Vitacare. التصنيف المرجعي: العناية بالجسم — بسيط. الوسوم المرجعية: Adult Vitamins، Body Care، Body Concerns، Firming، Slimming and weight loss، Vitamins & Supplements.,https://alfouadpharmacies.com/en/products/vitacare-green-coffee-800-mg-complex20-cap,AlFouad Pharmacies,true,Verify usage rights before commercial publication,false,false,false,false,HOLD — REFERENCE ONLY
10569906225455,vitacare-garcinia-cambogia-1600-20-cap,فيتاتكير جارسينيامبوجيا 1600 ملغ، 20 كبسولة,Vitacare,العناية بالجسم,العناية بالجسم,بسيط,83932,499,,true,https://cdn.shopify.com/s/files/1/0935/9550/0847/files/Vitacare-Garcinia-cambogia-1600-20-Cap.webp?v=1754298059,منتج فيتاتكير جارسينيامبوجيا 1600 ملغ، 20 كبسولة من Vitacare. التصنيف المرجعي: العناية بالجسم — بسيط. الوسوم المرجعية: Adult Vitamins، Body Care، Body Concerns، Firming، Slimming and weight loss، Vitamins & Supplements.,https://alfouadpharmacies.com/en/products/vitacare-garcinia-cambogia-1600-20-cap,AlFouad Pharmacies,true,Verify usage rights before commercial publication,false,false,false,false,HOLD — REFERENCE ONLY
10569904619823,vitacare-raspberry-ketone-complex-20-cap,كبسولات راسبيري كيتون كومبلكس من فيتاكير – 20 كبسولة,Vitacare,العناية بالجسم,العناية بالجسم,فيتامينات,6329,499,,true,https://cdn.shopify.com/s/files/1/0935/9550/0847/files/Vitacare-Raspberry-Ketone-Complex-20-Cap.webp?v=1754298073,منتج كبسولات راسبيري كيتون كومبلكس من فيتاكير – 20 كبسولة من Vitacare. التصنيف المرجعي: العناية بالجسم — فيتامينات. الوسوم المرجعية: Body Care، Body Concerns، Firming، Slimming and weight loss، Vitamins & Supplements.,https://alfouadpharmacies.com/en/products/vitacare-raspberry-ketone-complex-20-cap,AlFouad Pharmacies,true,Verify usage rights before commercial publication,false,false,false,false,HOLD — REFERENCE ONLY
10569890660655,bathampbody-works-bmist-236ml-dark-kiss,بخاخ الجسم Bath&amp;Body Works B.mist 236 مل، رائحة Dark Kiss,Bath and Body,العناية بالجسم,العناية بالجسم,بسيط,21597,800,,true,https://cdn.shopify.com/s/files/1/0935/9550/0847/files/BathBody-Works-B.MIST-236ML-Dark-Kiss.webp?v=1754298258,منتج بخاخ الجسم Bath&amp;Body Works B.mist 236 مل، رائحة Dark Kiss من Bath and Body. التصنيف المرجعي: العناية بالجسم — بسيط. الوسوم المرجعية: Body Care، Body Mist، Body Splash، Body Spray، Deodrant، Perfumes.,https://alfouadpharmacies.com/en/products/bathampbody-works-bmist-236ml-dark-kiss,AlFouad Pharmacies,true,Verify usage rights before commercial publication,false,false,false,false,HOLD — REFERENCE ONLY
10569866543407,fogg-spray-120ml-dynamic,بخاخ فوغ 120 مل ديناميك,fogg,العناية بالجسم,العناية بالجسم,بسيط,102952,160,0,true,https://cdn.shopify.com/s/files/1/0935/9550/0847/files/Fogg-Spray-120ML-Dynamic.webp?v=1754298281,منتج بخاخ فوغ 120 مل ديناميك من fogg. التصنيف المرجعي: العناية بالجسم — بسيط. الوسوم المرجعية: Body Care، Body Spray، Deodrant.,https://alfouadpharmacies.com/en/products/fogg-spray-120ml-dynamic,AlFouad Pharmacies,true,Verify usage rights before commercial publication,false,false,false,false,HOLD — REFERENCE ONLY
10569840165167,axe-pocket-spray-17ml-dark-temptation,بخاخ الجسم المحمول Axe 17 مل، إصدار Dark Temptation,AlFouad Pharmacies,العناية بالجسم,العناية بالجسم,بسيط,97864,65,,true,https://cdn.shopify.com/s/files/1/0935/9550/0847/files/Axe-Pocket-Spray-17ML-Dark-Temptation.webp?v=1754298518,منتج بخاخ الجسم المحمول Axe 17 مل، إصدار Dark Temptation من AlFouad Pharmacies. التصنيف المرجعي: العناية بالجسم — بسيط. الوسوم المرجعية: Body Care، Body Spray، Deodrant.,https://alfouadpharmacies.com/en/products/axe-pocket-spray-17ml-dark-temptation,AlFouad Pharmacies,true,Verify usage rights before commercial publication,false,false,false,false,HOLD — REFERENCE ONLY
10569834070319,lux-shower-gel-500ml-magical-beauty-orchid,جل استحمام لاكس 500 مل، زهرة الأوركيد الساحرة,AlFouad Pharmacies,العناية بالجسم,العناية بالجسم,بسيط,101420,95,,false,https://cdn.shopify.com/s/files/1/0935/9550/0847/files/Lux-Shower-Gel-500ML-Magical-Beauty-Orchid.webp?v=1754298567,منتج جل استحمام لاكس 500 مل، زهرة الأوركيد الساحرة من AlFouad Pharmacies. التصنيف المرجعي: العناية بالجسم — بسيط. الوسوم المرجعية: Body Care، Body Wash.,https://alfouadpharmacies.com/en/products/lux-shower-gel-500ml-magical-beauty-orchid,AlFouad Pharmacies,true,Verify usage rights before commercial publication,false,false,false,false,HOLD — REFERENCE ONLY
10569833611567,lux-shower-gel-250ml-magical-beauty-orchid,جل استحمام لاكس 250 مل، سحر الجمال (الأوركيد),AlFouad Pharmacies,العناية بالجسم,العناية بالجسم,بسيط,89014,62,,true,https://cdn.shopify.com/s/files/1/0935/9550/0847/files/Lux-Shower-Gel-250ML-Magical-Beauty-Orchid.webp?v=1754298570,منتج جل استحمام لاكس 250 مل، سحر الجمال (الأوركيد) من AlFouad Pharmacies. التصنيف المرجعي: العناية بالجسم — بسيط. الوسوم المرجعية: Body Care، Body Wash.,https://alfouadpharmacies.com/en/products/lux-shower-gel-250ml-magical-beauty-orchid,AlFouad Pharmacies,true,Verify usage rights before commercial publication,false,false,false,false,HOLD — REFERENCE ONLY
10569831186735,avuva-white-paste-100-gm-cherry-blossom,معجون أفوفا الأبيض 100 غرام بنكهة زهر الكرز,AlFouad Pharmacies,العناية بالجسم,العناية بالجسم,بسيط,82020,35,,true,https://cdn.shopify.com/s/files/1/0935/9550/0847/files/3.webp?v=1754298587,منتج معجون أفوفا الأبيض 100 غرام بنكهة زهر الكرز من AlFouad Pharmacies. التصنيف المرجعي: العناية بالجسم — بسيط. الوسوم المرجعية: Body Care، Body Concerns، Hair Removal، Sensetive Skin.,https://alfouadpharmacies.com/en/products/avuva-white-paste-100-gm-cherry-blossom,AlFouad Pharmacies,true,Verify usage rights before commercial publication,false,false,false,false,HOLD — REFERENCE ONLY
10569830891823,avuva-mini-body-splash-55-ml-vanilla-coconut,أفوفا ميني بودي سبلاش ٥٥ مل فانيليا جوز الهند,AlFouad Pharmacies,العناية بالجسم,العناية بالجسم,بسيط,10707,45,,true,https://cdn.shopify.com/s/files/1/0935/9550/0847/files/Avuva-Mini-Body-Splash-55-ml-Vanilla-Coconut.webp?v=1754298588,منتج أفوفا ميني بودي سبلاش ٥٥ مل فانيليا جوز الهند من AlFouad Pharmacies. التصنيف المرجعي: العناية بالجسم — بسيط. الوسوم المرجعية: Body Care، Body Mist، Body Spray، Deodrant.,https://alfouadpharmacies.com/en/products/avuva-mini-body-splash-55-ml-vanilla-coconut,AlFouad Pharmacies,true,Verify usage rights before commercial publication,false,false,false,false,HOLD — REFERENCE ONLY
10569821782319,mood-body-milk-200-ml-khalijii,حليب الجسم موود 200 مل خليجي,MOOD,العناية بالجسم,العناية بالجسم,بسيط,6035,90,,true,https://cdn.shopify.com/s/files/1/0935/9550/0847/files/Mood-Body-Milk-200-ml-Khalijii.webp?v=1754298648,منتج حليب الجسم موود 200 مل خليجي من MOOD. التصنيف المرجعي: العناية بالجسم — بسيط. الوسوم المرجعية: Body Care، Body Concerns، Body Milk، Dry Skin body concerns، Smooth Texture.,https://alfouadpharmacies.com/en/products/mood-body-milk-200-ml-khalijii,AlFouad Pharmacies,true,Verify usage rights before commercial publication,false,false,false,false,HOLD — REFERENCE ONLY
10569821421871,mood-body-milk-200-ml-bali,حليب الجسم المهدئ 200 مل بالي,MOOD,العناية بالجسم,العناية بالجسم,بسيط,32277,90,115,true,https://cdn.shopify.com/s/files/1/0935/9550/0847/files/Aromal_sunscreen_gel_1.webp?v=1788855837,منتج حليب الجسم المهدئ 200 مل بالي من MOOD. التصنيف المرجعي: العناية بالجسم — بسيط. الوسوم المرجعية: Body Care، Body Concerns، Body Milk، Dry Skin body concerns، mood offer، Smooth Texture.,https://alfouadpharmacies.com/en/products/mood-body-milk-200-ml-bali,AlFouad Pharmacies,true,Verify usage rights before commercial publication,false,false,false,false,HOLD — REFERENCE ONLY
10569820799279,mood-hand-wash-500-ml-cairo,غسول اليدين Mood 500 مل القاهرة,MOOD,العناية بالجسم,العناية بالجسم,بسيط,9094,80,,true,https://cdn.shopify.com/s/files/1/0935/9550/0847/files/Mood-Hand-Wash-500-ml-Cairo.webp?v=1754298658,منتج غسول اليدين Mood 500 مل القاهرة من MOOD. التصنيف المرجعي: العناية بالجسم — بسيط. الوسوم المرجعية: Body Care، Hand Wash.,https://alfouadpharmacies.com/en/products/mood-hand-wash-500-ml-cairo,AlFouad Pharmacies,true,Verify usage rights before commercial publication,false,false,false,false,HOLD — REFERENCE ONLY
10569819291951,cote-bronzage-tanning-oil-spf-0-strawberry-jam-300,زيت تسمير البشرة كوت برونزاغ، حماية شمسية 0، بنكهة مربى الفراولة، 300 مل,AlFouad Pharmacies,العناية بالجسم,العناية بالجسم,بسيط,1625,375,,false,https://cdn.shopify.com/s/files/1/0935/9550/0847/files/Cote-Bronzage-Tanning-Oil-Spf-0-Strawberry-Jam-300.webp?v=1754298667,منتج زيت تسمير البشرة كوت برونزاغ، حماية شمسية 0، بنكهة مربى الفراولة، 300 مل من AlFouad Pharmacies. التصنيف المرجعي: العناية بالجسم — بسيط. الوسوم المرجعية: Body Care، Skin Care، Skin Concerns، Sun Care، Sun Tan، Sunscreen، Tanning Oil.,https://alfouadpharmacies.com/en/products/cote-bronzage-tanning-oil-spf-0-strawberry-jam-300,AlFouad Pharmacies,true,Verify usage rights before commercial publication,false,false,false,false,HOLD — REFERENCE ONLY
10569816375599,mood-khaliji-hand-cream-50gm,كريم اليدين مود خليجي 50 جرام,MOOD,العناية بالجسم,العناية بالجسم,بسيط,88814,75,,true,https://cdn.shopify.com/s/files/1/0935/9550/0847/files/Mood-Khaliji-Hand-Cream-50gm.webp?v=1754298695,منتج كريم اليدين مود خليجي 50 جرام من MOOD. التصنيف المرجعي: العناية بالجسم — بسيط. الوسوم المرجعية: Body Care، Body Concerns، Dry Skin body concerns، Hand، Hands & Feet.,https://alfouadpharmacies.com/en/products/mood-khaliji-hand-cream-50gm,AlFouad Pharmacies,true,Verify usage rights before commercial publication,false,false,false,false,HOLD — REFERENCE ONLY
10569816015151,mood-hawaii-hand-cream-50gm,كريم اليدين موود هاواي 50 جرام,MOOD,العناية بالجسم,العناية بالجسم,بسيط,85463,75,,true,https://cdn.shopify.com/s/files/1/0935/9550/0847/files/Mood-Hawaii-Hand-Cream-50gm.webp?v=1754298697,منتج كريم اليدين موود هاواي 50 جرام من MOOD. التصنيف المرجعي: العناية بالجسم — بسيط. الوسوم المرجعية: Body Care، Body Concerns، Dry Skin body concerns، Hand، Hands & Feet.,https://alfouadpharmacies.com/en/products/mood-hawaii-hand-cream-50gm,AlFouad Pharmacies,true,Verify usage rights before commercial publication,false,false,false,false,HOLD — REFERENCE ONLY
10569739239727,beesline-white-roll-on-50ml-men-45c-heat-protect,بيزلين وايت. رول أون 50 مل للرجال، حماية من حرارة 45 درجة مئوية.,AlFouad Pharmacies,العناية بالجسم,العناية بالجسم,بسيط,109343,350,,false,https://cdn.shopify.com/s/files/1/0935/9550/0847/files/Beesline-White.-Roll-On-50ML-Men-45C-Heat-Protect.webp?v=1754298948,منتج بيزلين وايت. رول أون 50 مل للرجال، حماية من حرارة 45 درجة مئوية. من AlFouad Pharmacies. التصنيف المرجعي: العناية بالجسم — بسيط. الوسوم المرجعية: Body Care، Body Concerns، Deodrant، Even Skin Tone / Pigmentation، Sensetive Skin.,https://alfouadpharmacies.com/en/products/beesline-white-roll-on-50ml-men-45c-heat-protect,AlFouad Pharmacies,true,Verify usage rights before commercial publication,false,false,false,false,HOLD — REFERENCE ONLY
10569739206959,beesline-white-roll-on-50ml-invisble-touch-11-of,بيزلين وايت. رول أون 50 مل لمسة غير مرئية 1+1 من,AlFouad Pharmacies,العناية بالجسم,العناية بالجسم,بسيط,,500,,false,https://cdn.shopify.com/s/files/1/0935/9550/0847/files/Beesline-White.-Roll-On-50ML-Invisble-Touch-11-of.webp?v=1754298949,منتج بيزلين وايت. رول أون 50 مل لمسة غير مرئية 1+1 من من AlFouad Pharmacies. التصنيف المرجعي: العناية بالجسم — بسيط. الوسوم المرجعية: Body Care، Body Concerns، Deodrant، Even Skin Tone / Pigmentation، Sensetive Skin.,https://alfouadpharmacies.com/en/products/beesline-white-roll-on-50ml-invisble-touch-11-of,AlFouad Pharmacies,true,Verify usage rights before commercial publication,false,false,false,false,HOLD — REFERENCE ONLY
10569734095151,atoderm-gel-douche-200ml,غسول بيوديرما أتوديرم جل 200 مل,Bioderma,العناية بالجسم,العناية بالجسم,بسيط,98929,649,0,true,https://cdn.shopify.com/s/files/1/0935/9550/0847/files/BIODERMA-ATODERM-GEL-DOUCHE-200ML-Anwar-Store-11_1024x1024_749b63d4-3a1b-4622-8126-cc4bab51b78f.webp?v=1754299003,منتج غسول بيوديرما أتوديرم جل 200 مل من Bioderma. التصنيف المرجعي: العناية بالجسم — بسيط. الوسوم المرجعية: Body Care، Body Concerns، Body Wash، Cleanser، Dry Skin، Dry Skin body concerns، Dryness، Face Wash.,https://alfouadpharmacies.com/en/products/atoderm-gel-douche-200ml,AlFouad Pharmacies,true,Verify usage rights before commercial publication,false,false,false,false,HOLD — REFERENCE ONLY
10569724133679,eva-foot-cream-60ml-tropical,كريم إيفا للقدم 60 مل، رائحة استوائية,AlFouad Pharmacies,العناية بالجسم,العناية بالجسم,بسيط,8542,70,,true,https://cdn.shopify.com/s/files/1/0935/9550/0847/files/Eva-Foot-Cream-60ml-Tropical.webp?v=1754299163,منتج كريم إيفا للقدم 60 مل، رائحة استوائية من AlFouad Pharmacies. التصنيف المرجعي: العناية بالجسم — بسيط. الوسوم المرجعية: Body Care، Body Concerns، Dry Skin body concerns، Foot، Hands & Feet.,https://alfouadpharmacies.com/en/products/eva-foot-cream-60ml-tropical,AlFouad Pharmacies,true,Verify usage rights before commercial publication,false,false,false,false,HOLD — REFERENCE ONLY
10569722691887,one-hair-removing-140gm-cream-normal,كريم إزالة الشعر ون، 140 غرام، عادي,AlFouad Pharmacies,العناية بالجسم,العناية بالجسم,بسيط,98602,46,,true,https://cdn.shopify.com/s/files/1/0935/9550/0847/files/One-Hair-Removing-140gm-Cream-Normal.webp?v=1754299182,منتج كريم إزالة الشعر ون، 140 غرام، عادي من AlFouad Pharmacies. التصنيف المرجعي: العناية بالجسم — بسيط. الوسوم المرجعية: Body Care، Hair Removal.,https://alfouadpharmacies.com/en/products/one-hair-removing-140gm-cream-normal,AlFouad Pharmacies,true,Verify usage rights before commercial publication,false,false,false,false,HOLD — REFERENCE ONLY
16032239157551,بايو-فريز-رول-أون-لتخفيف-الألم-89-مل,بايو فريز رول أون لتخفيف الألم – 89 مل,BioFreeze,العناية بالجسم,العناية بالجسم,تخفيف الالم ,111552,300,,true,https://cdn.shopify.com/s/files/1/0935/9550/0847/files/Group1_2.webp?v=1782216919,منتج بايو فريز رول أون لتخفيف الألم – 89 مل من BioFreeze. التصنيف المرجعي: العناية بالجسم — تخفيف الالم . الوسوم المرجعية: Body Care، Medical Deviices.,https://alfouadpharmacies.com/en/products/بايو-فريز-رول-أون-لتخفيف-الألم-89-مل,AlFouad Pharmacies,true,Verify usage rights before commercial publication,false,false,false,false,HOLD — REFERENCE ONLY
10570011935023,sonata-88311,سوناتا (88311) - طقم مبرد خشب,AlFouad Pharmacies,العناية بالجسم,العناية بالجسم,بسيط,10532,45,,true,https://cdn.shopify.com/s/files/1/0935/9550/0847/files/Sonata-88311-_D8_B7_D9_82_D9_85-_D9_85_D8_A8_D8_B1_D8_AF-_D8_AE_D8_B4_D8_A8.webp?v=1754297050,منتج سوناتا (88311) - طقم مبرد خشب من AlFouad Pharmacies. التصنيف المرجعي: العناية بالجسم — بسيط. الوسوم المرجعية: Accessories، Beauty & Accessories، Body Care، Files، Hands & Feet، Nails.,https://alfouadpharmacies.com/en/products/sonata-88311,AlFouad Pharmacies,true,Verify usage rights before commercial publication,false,false,false,false,HOLD — REFERENCE ONLY
10569999253807,gillette-fusion5-proshield-chill-4-blades,جليت فوشون 5 برو شيلد تشيل (4 شفرات),AlFouad Pharmacies,العناية بالجسم,العناية بالجسم,بسيط,30347,1220,,false,https://cdn.shopify.com/s/files/1/0935/9550/0847/files/Gillette_ProshieldChillRazorCRT-CloseUpWhiteBG-1280x1280__08239.1623210461.webp?v=1754297137,منتج جليت فوشون 5 برو شيلد تشيل (4 شفرات) من AlFouad Pharmacies. التصنيف المرجعي: العناية بالجسم — بسيط. الوسوم المرجعية: Body Care، Hair Removal، Men Care، Razor Refills (Blades).,https://alfouadpharmacies.com/en/products/gillette-fusion5-proshield-chill-4-blades,AlFouad Pharmacies,true,Verify usage rights before commercial publication,false,false,false,false,HOLD — REFERENCE ONLY
10569998631215,gillette-fusion5-1-razor-amp-5-blades,جليت فيوجن.5 (1 ماكينة حلاقة و 5 شفرات),Gillette,العناية بالجسم,العناية بالجسم,بسيط,10486,964,,false,https://cdn.shopify.com/s/files/1/0935/9550/0847/files/71-hnJ42q7L._AC_SX425.webp?v=1754297140,منتج جليت فيوجن.5 (1 ماكينة حلاقة و 5 شفرات) من Gillette. التصنيف المرجعي: العناية بالجسم — بسيط. الوسوم المرجعية: Body Care، Hair Removal، Men Care، Razor Handel، Razor Refills (Blades).,https://alfouadpharmacies.com/en/products/gillette-fusion5-1-razor-amp-5-blades,AlFouad Pharmacies,true,Verify usage rights before commercial publication,false,false,false,false,HOLD — REFERENCE ONLY
10569996632367,gillete-fusion5-proglide-razor-2-blades,جليت فيوجن 5 برو جلايد (حلاقة + شفرتين),AlFouad Pharmacies,العناية بالجسم,العناية بالجسم,بسيط,85405,696,,true,https://cdn.shopify.com/s/files/1/0935/9550/0847/files/Gtt-FUSION.5-Proglide-Razor-2-Blades-656_25bad7c8-9674-4f74-a72d-bf762ecc18c5.webp?v=1771445872,منتج جليت فيوجن 5 برو جلايد (حلاقة + شفرتين) من AlFouad Pharmacies. التصنيف المرجعي: العناية بالجسم — بسيط. الوسوم المرجعية: Body Care، Hair Removal، Men Care، Razor Handel.,https://alfouadpharmacies.com/en/products/gillete-fusion5-proglide-razor-2-blades,AlFouad Pharmacies,true,Verify usage rights before commercial publication,false,false,false,false,HOLD — REFERENCE ONLY
10569929818415,breathe-body-mist-200ml-so-clean-white-musk,بخاخ الجسم المنعش 200 مل، رائحة المسك الأبيض النقي.,AlFouad Pharmacies,العناية بالجسم,العناية بالجسم,بسيط,112398,370,,true,https://cdn.shopify.com/s/files/1/0935/9550/0847/files/Breathe-Body-Mist-100ML-So-Clean-White-Musk_006b3b06-4c69-4c81-8d18-5dadc35ef3c0.webp?v=1754297797,منتج بخاخ الجسم المنعش 200 مل، رائحة المسك الأبيض النقي. من AlFouad Pharmacies. التصنيف المرجعي: العناية بالجسم — بسيط. الوسوم المرجعية: Body Care، Body Mist، Body Spray، Deodrant.,https://alfouadpharmacies.com/en/products/breathe-body-mist-200ml-so-clean-white-musk,AlFouad Pharmacies,true,Verify usage rights before commercial publication,false,false,false,false,HOLD — REFERENCE ONLY
10569929621807,breathe-body-mist-200ml-head-over-heels,بخاخ للجسم Breathe 200 مل Head Over Heels,AlFouad Pharmacies,العناية بالجسم,العناية بالجسم,بسيط,103134,400,,true,https://cdn.shopify.com/s/files/1/0935/9550/0847/files/Breathe-Body-Mist-100ML-Head-Over-Heels_6f53e166-a51b-462f-91f5-cafd305f1c80.webp?v=1754297798,منتج بخاخ للجسم Breathe 200 مل Head Over Heels من AlFouad Pharmacies. التصنيف المرجعي: العناية بالجسم — بسيط. الوسوم المرجعية: Body Care، Body Mist، Body Spray، Deodrant.,https://alfouadpharmacies.com/en/products/breathe-body-mist-200ml-head-over-heels,AlFouad Pharmacies,true,Verify usage rights before commercial publication,false,false,false,false,HOLD — REFERENCE ONLY
10569915236655,nivea-soft-moisturizing-cream-200ml,كريم نيفيا سوفت المرطب 200 مل,AlFouad Pharmacies,العناية بالجسم,العناية بالجسم,بسيط,85123,154,,true,https://cdn.shopify.com/s/files/1/0935/9550/0847/files/Nivea-Soft-Moisturizing-Cream-200ML.webp?v=1754297952,منتج كريم نيفيا سوفت المرطب 200 مل من AlFouad Pharmacies. التصنيف المرجعي: العناية بالجسم — بسيط. الوسوم المرجعية: Body Care، Body Concerns، Dry Skin body concerns، Moisturizer Cream، Moisturizers، Skin Care.,https://alfouadpharmacies.com/en/products/nivea-soft-moisturizing-cream-200ml,AlFouad Pharmacies,true,Verify usage rights before commercial publication,false,false,false,false,HOLD — REFERENCE ONLY
10569914384687,nivea-soft-cream-200ml-natural-fairness,نيفيا كريم سوفت 200 مل نضارة طبيعية,AlFouad Pharmacies,العناية بالجسم,العناية بالجسم,بسيط,107796,140,,true,https://cdn.shopify.com/s/files/1/0935/9550/0847/files/Nivea-Soft-Cream-200ML-Natural-Fairness.webp?v=1754297958,منتج نيفيا كريم سوفت 200 مل نضارة طبيعية من AlFouad Pharmacies. التصنيف المرجعي: العناية بالجسم — بسيط. الوسوم المرجعية: Body Care، Body Concerns، Dry Skin body concerns، Moisturizer Cream، Moisturizers، Skin Care.,https://alfouadpharmacies.com/en/products/nivea-soft-cream-200ml-natural-fairness,AlFouad Pharmacies,true,Verify usage rights before commercial publication,false,false,false,false,HOLD — REFERENCE ONLY
10569914089775,nivea-soft-cream-100ml-natural-fairness,نيفيا كريم سوفت 100 مل نضارة طبيعية,AlFouad Pharmacies,العناية بالجسم,العناية بالجسم,بسيط,107940,80,,true,https://cdn.shopify.com/s/files/1/0935/9550/0847/files/Nivea-Soft-Cream-100ML-Natural-Fairness.webp?v=1754297961,منتج نيفيا كريم سوفت 100 مل نضارة طبيعية من AlFouad Pharmacies. التصنيف المرجعي: العناية بالجسم — بسيط. الوسوم المرجعية: Body Care، Body Concerns، Dry Skin body concerns، Moisturizer Cream، Moisturizers، Skin Care.,https://alfouadpharmacies.com/en/products/nivea-soft-cream-100ml-natural-fairness,AlFouad Pharmacies,true,Verify usage rights before commercial publication,false,false,false,false,HOLD — REFERENCE ONLY
10569910288687,nivea-deod-stick-50ml-pearlampbeauty-new,نييفا مزيل عرق عصا 50 مل بيرل آند بيوتي (جديد),AlFouad Pharmacies,العناية بالجسم,العناية بالجسم,بسيط,32132,355,,true,https://cdn.shopify.com/s/files/1/0935/9550/0847/files/Nivea-Deod-Stick-50-ml-PearlBeauty-New.webp?v=1754298004,منتج نييفا مزيل عرق عصا 50 مل بيرل آند بيوتي (جديد) من AlFouad Pharmacies. التصنيف المرجعي: العناية بالجسم — بسيط. الوسوم المرجعية: Body Care، Deodrant.,https://alfouadpharmacies.com/en/products/nivea-deod-stick-50ml-pearlampbeauty-new,AlFouad Pharmacies,true,Verify usage rights before commercial publication,false,false,false,false,HOLD — REFERENCE ONLY
10569910255919,nivea-deod-stick-50ml-natural-radiance,نييفا مزيل عرق عصا 50 مل إشراقة طبيعية,AlFouad Pharmacies,العناية بالجسم,العناية بالجسم,بسيط,32146,350,,false,https://cdn.shopify.com/s/files/1/0935/9550/0847/files/Nivea-Deod-Stick-50-ml-Natural-Radiance.webp?v=1754298004,منتج نييفا مزيل عرق عصا 50 مل إشراقة طبيعية من AlFouad Pharmacies. التصنيف المرجعي: العناية بالجسم — بسيط. الوسوم المرجعية: Body Care، Deodrant.,https://alfouadpharmacies.com/en/products/nivea-deod-stick-50ml-natural-radiance,AlFouad Pharmacies,true,Verify usage rights before commercial publication,false,false,false,false,HOLD — REFERENCE ONLY
10569909371183,nivea-deod-spray-150ml-silky-smooth,بخاخ مزيل عرق نيفيا 150 مل ناعم حريري,AlFouad Pharmacies,العناية بالجسم,العناية بالجسم,بسيط,6969,197,,true,https://cdn.shopify.com/s/files/1/0935/9550/0847/files/Nivea-Deod-Spray-150ML-Silky-Smooth.webp?v=1754298014,منتج بخاخ مزيل عرق نيفيا 150 مل ناعم حريري من AlFouad Pharmacies. التصنيف المرجعي: العناية بالجسم — بسيط. الوسوم المرجعية: Body Care، Body Spray، Deodrant.,https://alfouadpharmacies.com/en/products/nivea-deod-spray-150ml-silky-smooth,AlFouad Pharmacies,true,Verify usage rights before commercial publication,false,false,false,false,HOLD — REFERENCE ONLY
10569908519215,nivea-deod-spray-150ml-for-men-invisible,بخاخ مزيل عرق نيفيا للرجال غير مرئي 150 مل,AlFouad Pharmacies,العناية بالجسم,العناية بالجسم,بسيط,86940,197,,true,https://cdn.shopify.com/s/files/1/0935/9550/0847/files/Nivea-Deod-Spray-150ML-for-Men-Invisible.webp?v=1754298033,منتج بخاخ مزيل عرق نيفيا للرجال غير مرئي 150 مل من AlFouad Pharmacies. التصنيف المرجعي: العناية بالجسم — بسيط. الوسوم المرجعية: Body Care، Body Spray، Deodrant.,https://alfouadpharmacies.com/en/products/nivea-deod-spray-150ml-for-men-invisible,AlFouad Pharmacies,true,Verify usage rights before commercial publication,false,false,false,false,HOLD — REFERENCE ONLY
10569907568943,nivea-cream-blue-250ml,نيفيا كريم أزرق 250 مل,AlFouad Pharmacies,العناية بالجسم,العناية بالجسم,بسيط,9297,230,,true,https://cdn.shopify.com/s/files/1/0935/9550/0847/files/Nivea-Cream-Blue-250ML.webp?v=1754298044,منتج نيفيا كريم أزرق 250 مل من AlFouad Pharmacies. التصنيف المرجعي: العناية بالجسم — بسيط. الوسوم المرجعية: Body Care، Body Concerns، Body Cream، Dry Skin body concerns، Skin Care.,https://alfouadpharmacies.com/en/products/nivea-cream-blue-250ml,AlFouad Pharmacies,true,Verify usage rights before commercial publication,false,false,false,false,HOLD — REFERENCE ONLY
10569906684207,luna-nail-polish-remover-blue-berry-100ml,مزيل طلاء أظافر لونا، نكهة التوت الأزرق، 100 مل,AlFouad Pharmacies,العناية بالجسم,العناية بالجسم,بسيط,1536,40,,false,https://cdn.shopify.com/s/files/1/0935/9550/0847/files/Luna-Nail-Polish-Remover-Blue-Berry-100ML.webp?v=1754298053,منتج مزيل طلاء أظافر لونا، نكهة التوت الأزرق، 100 مل من AlFouad Pharmacies. التصنيف المرجعي: العناية بالجسم — بسيط. الوسوم المرجعية: Body Care، Hands & Feet، Nails.,https://alfouadpharmacies.com/en/products/luna-nail-polish-remover-blue-berry-100ml,AlFouad Pharmacies,true,Verify usage rights before commercial publication,false,false,false,false,HOLD — REFERENCE ONLY
10569896263983,jampj-oil-gel-hydrating-fresh-blossom-200ml,جل زيت مرطب برائحة الزهور المنعشة من جيه آند جيه، 200 مل,J&J,العناية بالجسم,العناية بالجسم,بسيط,9567,325,,true,https://cdn.shopify.com/s/files/1/0935/9550/0847/files/JJ-Oil-Gel-Hydrating-Fresh-Blossom-200ML.webp?v=1754298187,منتج جل زيت مرطب برائحة الزهور المنعشة من جيه آند جيه، 200 مل من J&J. التصنيف المرجعي: العناية بالجسم — بسيط. الوسوم المرجعية: Body Care، Body Concerns، Body Oil، Dry Skin body concerns.,https://alfouadpharmacies.com/en/products/jampj-oil-gel-hydrating-fresh-blossom-200ml,AlFouad Pharmacies,true,Verify usage rights before commercial publication,false,false,false,false,HOLD — REFERENCE ONLY
10569895805231,jampj-intense-cream-faceampbody-200ml,كريم جونسون آند جونسون المكثف للوجه والجسم 200 مل,J&J,العناية بالجسم,العناية بالجسم,بسيط,95775,160,,true,https://cdn.shopify.com/s/files/1/0935/9550/0847/files/JJ-Intense-Cream-FaceBody-200ML.webp?v=1754298195,منتج كريم جونسون آند جونسون المكثف للوجه والجسم 200 مل من J&J. التصنيف المرجعي: العناية بالجسم — بسيط. الوسوم المرجعية: Body Care، Body Concerns، Body Cream، Dry Skin body concerns.,https://alfouadpharmacies.com/en/products/jampj-intense-cream-faceampbody-200ml,AlFouad Pharmacies,true,Verify usage rights before commercial publication,false,false,false,false,HOLD — REFERENCE ONLY
10569893839151,bathampbody-works-bmist-236ml-pure-wonder,بخاخ الجسم من Bath&amp;Body Works B.MIST 236 مل، رائحة Pure Wonder,Bath and Body,العناية بالجسم,العناية بالجسم,بسيط,6885,800,,false,https://cdn.shopify.com/s/files/1/0935/9550/0847/files/BathBody-Works-B.MIST-236ML-Pure-Wonder.webp?v=1754298223,منتج بخاخ الجسم من Bath&amp;Body Works B.MIST 236 مل، رائحة Pure Wonder من Bath and Body. التصنيف المرجعي: العناية بالجسم — بسيط. الوسوم المرجعية: Body Care، Body Mist، Body Splash، Body Spray، Deodrant، Perfumes.,https://alfouadpharmacies.com/en/products/bathampbody-works-bmist-236ml-pure-wonder,AlFouad Pharmacies,true,Verify usage rights before commercial publication,false,false,false,false,HOLD — REFERENCE ONLY
10569867591983,fogg-spray-120ml-teaser,إعلان تشويقي لرذاذ فوغ 120 مل,fogg,العناية بالجسم,العناية بالجسم,بسيط,25716,160,0,true,https://cdn.shopify.com/s/files/1/0935/9550/0847/files/Fogg-Spray-120ML-Teaser.webp?v=1754298273,منتج إعلان تشويقي لرذاذ فوغ 120 مل من fogg. التصنيف المرجعي: العناية بالجسم — بسيط. الوسوم المرجعية: Body Care، Body Spray، Deodrant.,https://alfouadpharmacies.com/en/products/fogg-spray-120ml-teaser,AlFouad Pharmacies,true,Verify usage rights before commercial publication,false,false,false,false,HOLD — REFERENCE ONLY
10569865462063,fogg-fine-spray-120ml-bay-breeze,بخاخ فوغ ناعم 120 مل، رائحة خليجية منعشة,fogg,العناية بالجسم,العناية بالجسم,بسيط,6120,160,0,true,https://cdn.shopify.com/s/files/1/0935/9550/0847/files/Fogg-Fine-Spray-120ML-Bay-Breeze.webp?v=1754298294,منتج بخاخ فوغ ناعم 120 مل، رائحة خليجية منعشة من fogg. التصنيف المرجعي: العناية بالجسم — بسيط. الوسوم المرجعية: Body Care، Body Spray، Deodrant.,https://alfouadpharmacies.com/en/products/fogg-fine-spray-120ml-bay-breeze,AlFouad Pharmacies,true,Verify usage rights before commercial publication,false,false,false,false,HOLD — REFERENCE ONLY
10569865265455,fogg-edp-100ml-intense-oud,عطر فوغ إي دي بي 100 مل، عود مكثف,AlFouad Pharmacies,العناية بالجسم,العناية بالجسم,بسيط,93939,480,,false,https://cdn.shopify.com/s/files/1/0935/9550/0847/files/Fogg-Edp-100ML-Intense-Oud.webp?v=1754298295,منتج عطر فوغ إي دي بي 100 مل، عود مكثف من AlFouad Pharmacies. التصنيف المرجعي: العناية بالجسم — بسيط. الوسوم المرجعية: Body Care، Body Spray، Deodrant.,https://alfouadpharmacies.com/en/products/fogg-edp-100ml-intense-oud,AlFouad Pharmacies,true,Verify usage rights before commercial publication,false,false,false,false,HOLD — REFERENCE ONLY
10569864249647,fa-eau-de-cologne-splash-250ml-musk,ماء كولونيا فا، بخاخ، 250 مل، عطر المسك,AlFouad Pharmacies,العناية بالجسم,العناية بالجسم,بسيط,91126,80,,false,https://cdn.shopify.com/s/files/1/0935/9550/0847/files/Fa-Eau-De-Cologne-Splash-250-ml-Musk.webp?v=1754298303,منتج ماء كولونيا فا، بخاخ، 250 مل، عطر المسك من AlFouad Pharmacies. التصنيف المرجعي: العناية بالجسم — بسيط. الوسوم المرجعية: Body Care، Body Spray، Deodrant.,https://alfouadpharmacies.com/en/products/fa-eau-de-cologne-splash-250ml-musk,AlFouad Pharmacies,true,Verify usage rights before commercial publication,false,false,false,false,HOLD — REFERENCE ONLY
10569863627055,moroccan-oil-bath-soap-jasmine-250ml,صابون حمام بزيت الأرجان المغربي بالياسمين 250 مل,AlFouad Pharmacies,العناية بالجسم,العناية بالجسم,بسيط,94856,260,,true,https://cdn.shopify.com/s/files/1/0935/9550/0847/files/Moroccan-Oil-Bath-Soap-Jasmine-250ML.webp?v=1754298308,منتج صابون حمام بزيت الأرجان المغربي بالياسمين 250 مل من AlFouad Pharmacies. التصنيف المرجعي: العناية بالجسم — بسيط. الوسوم المرجعية: Body Care، Body Wash.,https://alfouadpharmacies.com/en/products/moroccan-oil-bath-soap-jasmine-250ml,AlFouad Pharmacies,true,Verify usage rights before commercial publication,false,false,false,false,HOLD — REFERENCE ONLY
10569855500591,dove-hand-wash-500ml-lotus-flower-off,غسول اليدين دوف 500 مل زهرة اللوتس (أوف),Dove off,العناية بالجسم,العناية بالجسم,بسيط,5163,88,,true,https://cdn.shopify.com/s/files/1/0935/9550/0847/files/Dove-Hand-Wash-500ML-Lotus-Flower-Off.webp?v=1754298388,منتج غسول اليدين دوف 500 مل زهرة اللوتس (أوف) من Dove off. التصنيف المرجعي: العناية بالجسم — بسيط. الوسوم المرجعية: Body Care، Hand Wash.,https://alfouadpharmacies.com/en/products/dove-hand-wash-500ml-lotus-flower-off,AlFouad Pharmacies,true,Verify usage rights before commercial publication,false,false,false,false,HOLD — REFERENCE ONLY
10569855303983,dove-hand-wash-500ml-coconut-off,غسول اليدين دوف 500 مل، نكهة جوز الهند,Dove off,العناية بالجسم,العناية بالجسم,بسيط,1596,103,,true,https://cdn.shopify.com/s/files/1/0935/9550/0847/files/Dove-Hand-Wash-500ML-Coconut-Off.webp?v=1754298390,منتج غسول اليدين دوف 500 مل، نكهة جوز الهند من Dove off. التصنيف المرجعي: العناية بالجسم — بسيط. الوسوم المرجعية: Body Care، Hand Wash.,https://alfouadpharmacies.com/en/products/dove-hand-wash-500ml-coconut-off,AlFouad Pharmacies,true,Verify usage rights before commercial publication,false,false,false,false,HOLD — REFERENCE ONLY
10569853796655,vs-b-body-mist-250ml-aqua-kiss,بخاخ الجسم VS B. 250 مل، رائحة تقبيلة مائية,AlFouad Pharmacies,العناية بالجسم,العناية بالجسم,بسيط,111248,650,,true,https://cdn.shopify.com/s/files/1/0935/9550/0847/files/V.S-B.-Body-Mist-250ML-Aqua-Kiss.webp?v=1754298404,منتج بخاخ الجسم VS B. 250 مل، رائحة تقبيلة مائية من AlFouad Pharmacies. التصنيف المرجعي: العناية بالجسم — بسيط. الوسوم المرجعية: Body Care، Body Mist، Body Spray، Deodrant.,https://alfouadpharmacies.com/en/products/vs-b-body-mist-250ml-aqua-kiss,AlFouad Pharmacies,true,Verify usage rights before commercial publication,false,false,false,false,HOLD — REFERENCE ONLY
10569834660143,lux-shower-gel-500ml-soft-touchrose,جل استحمام لاكس 500 مل، لمسة ناعمة/وردية,AlFouad Pharmacies,العناية بالجسم,العناية بالجسم,بسيط,89830,110,,true,https://cdn.shopify.com/s/files/1/0935/9550/0847/files/Lux-Shower-Gel-500ML-Soft-TouchRose.webp?v=1754298563,منتج جل استحمام لاكس 500 مل، لمسة ناعمة/وردية من AlFouad Pharmacies. التصنيف المرجعي: العناية بالجسم — بسيط. الوسوم المرجعية: Body Care، Body Wash.,https://alfouadpharmacies.com/en/products/lux-shower-gel-500ml-soft-touchrose,AlFouad Pharmacies,true,Verify usage rights before commercial publication,false,false,false,false,HOLD — REFERENCE ONLY
10569833939247,lux-shower-gel-250ml-soft-touchrose,جل استحمام لاكس 250 مل، لمسة ناعمة/وردية,AlFouad Pharmacies,العناية بالجسم,العناية بالجسم,بسيط,82325,62,,true,https://cdn.shopify.com/s/files/1/0935/9550/0847/files/Lux-Shower-Gel-250ML-Soft-TouchRose.webp?v=1754298568,منتج جل استحمام لاكس 250 مل، لمسة ناعمة/وردية من AlFouad Pharmacies. التصنيف المرجعي: العناية بالجسم — بسيط. الوسوم المرجعية: Body Care، Body Wash.,https://alfouadpharmacies.com/en/products/lux-shower-gel-250ml-soft-touchrose,AlFouad Pharmacies,true,Verify usage rights before commercial publication,false,false,false,false,HOLD — REFERENCE ONLY
10569831448879,avuva-white-paste-100-gm-passion-fruit,معجون أفوفا الأبيض 100 غرام بنكهة فاكهة الباشن فروت,AlFouad Pharmacies,العناية بالجسم,العناية بالجسم,بسيط,91267,35,,true,https://cdn.shopify.com/s/files/1/0935/9550/0847/files/Avuva-White-Paste-100-GM-Passion-Fruit.webp?v=1754298585,منتج معجون أفوفا الأبيض 100 غرام بنكهة فاكهة الباشن فروت من AlFouad Pharmacies. التصنيف المرجعي: العناية بالجسم — بسيط. الوسوم المرجعية: Body Care، Body Concerns، Hair Removal، Sensetive Skin.,https://alfouadpharmacies.com/en/products/avuva-white-paste-100-gm-passion-fruit,AlFouad Pharmacies,true,Verify usage rights before commercial publication,false,false,false,false,HOLD — REFERENCE ONLY
10569831022895,avuva-white-paste-100-gm-african,معجون أفوفا الأبيض 100 غرام أفريقي,AlFouad Pharmacies,العناية بالجسم,العناية بالجسم,بسيط,94748,35,,true,https://cdn.shopify.com/s/files/1/0935/9550/0847/files/Avuva-White-Paste-100-GM-African.webp?v=1754298588,منتج معجون أفوفا الأبيض 100 غرام أفريقي من AlFouad Pharmacies. التصنيف المرجعي: العناية بالجسم — بسيط. الوسوم المرجعية: Body Care، Body Concerns، Hair Removal، Sensetive Skin.,https://alfouadpharmacies.com/en/products/avuva-white-paste-100-gm-african,AlFouad Pharmacies,true,Verify usage rights before commercial publication,false,false,false,false,HOLD — REFERENCE ONLY
10569820832047,mood-hand-wash-500-ml-hawaii,غسول اليدين Mood، 500 مل، هاواي,MOOD,العناية بالجسم,العناية بالجسم,بسيط,18251,80,,true,https://cdn.shopify.com/s/files/1/0935/9550/0847/files/Aromal_sunscreen_gel_8.webp?v=1788868888,منتج غسول اليدين Mood، 500 مل، هاواي من MOOD. التصنيف المرجعي: العناية بالجسم — بسيط. الوسوم المرجعية: Body Care، Hand Wash.,https://alfouadpharmacies.com/en/products/mood-hand-wash-500-ml-hawaii,AlFouad Pharmacies,true,Verify usage rights before commercial publication,false,false,false,false,HOLD — REFERENCE ONLY
10569817915695,mood-men-shower-gel-750-ml-intense,جل استحمام للرجال من Mood، 750 مل، تركيز عالي.,MOOD,العناية بالجسم,العناية بالجسم,بسيط,91530,99,,true,https://cdn.shopify.com/s/files/1/0935/9550/0847/files/Mood-Men-Shower-Gel-750-ml-Intense.webp?v=1754298680,منتج جل استحمام للرجال من Mood، 750 مل، تركيز عالي. من MOOD. التصنيف المرجعي: العناية بالجسم — بسيط. الوسوم المرجعية: Body Care، Body Wash، Men Care.,https://alfouadpharmacies.com/en/products/mood-men-shower-gel-750-ml-intense,AlFouad Pharmacies,true,Verify usage rights before commercial publication,false,false,false,false,HOLD — REFERENCE ONLY
10569817227567,mood-bali-set-1-body-lotion-150gmbody-splash-220-mlhand-cream-50gm,مجموعة مود بالي 1 (لوشن للجسم 150 جرام + بخاخ للجسم 220 مل + كريم يد 50 جرام),MOOD,العناية بالجسم,العناية بالجسم,بسيط,105491,390,,false,https://cdn.shopify.com/s/files/1/0935/9550/0847/files/Bali.webp?v=1754298687,منتج مجموعة مود بالي 1 (لوشن للجسم 150 جرام + بخاخ للجسم 220 مل + كريم يد 50 جرام) من MOOD. التصنيف المرجعي: العناية بالجسم — بسيط. الوسوم المرجعية: Body Care، Bundle، mood offer.,https://alfouadpharmacies.com/en/products/mood-bali-set-1-body-lotion-150gmbody-splash-220-mlhand-cream-50gm,AlFouad Pharmacies,true,Verify usage rights before commercial publication,false,false,false,false,HOLD — REFERENCE ONLY
10569738125615,beesline-spray-150ml-sport-pulse,بخاخ بيزلين سبورت بلس 150 مل,Beesline,العناية بالجسم,العناية بالجسم,بسيط,94699,350,,false,https://cdn.shopify.com/s/files/1/0935/9550/0847/files/Beesline-Spray-150ML-Sport-Pulse.webp?v=1754298958,منتج بخاخ بيزلين سبورت بلس 150 مل من Beesline. التصنيف المرجعي: العناية بالجسم — بسيط. الوسوم المرجعية: Body Care، Body Concerns، Body Spray، Deodrant، Even Skin Tone / Pigmentation.,https://alfouadpharmacies.com/en/products/beesline-spray-150ml-sport-pulse,AlFouad Pharmacies,true,Verify usage rights before commercial publication,false,false,false,false,HOLD — REFERENCE ONLY
10569734291759,atoderm-intensive-pain-soap-150gm,صابون أتو ديرم المكثف لتخفيف الألم 150 غرام,AlFouad Pharmacies,العناية بالجسم,العناية بالجسم,بسيط,83023,499,,true,https://cdn.shopify.com/s/files/1/0935/9550/0847/files/BIODERMA-ATODERM-SOAP-150GR-Anwar-Store-856_1024x1024_d90b6af4-23b2-477e-b290-58430f843c08.webp?v=1754299001,منتج صابون أتو ديرم المكثف لتخفيف الألم 150 غرام من AlFouad Pharmacies. التصنيف المرجعي: العناية بالجسم — بسيط. الوسوم المرجعية: Body Care، Body Concerns، Body Wash، Cleanser، Dry Skin، Dry Skin body concerns، Dryness، Face Soap.,https://alfouadpharmacies.com/en/products/atoderm-intensive-pain-soap-150gm,AlFouad Pharmacies,true,Verify usage rights before commercial publication,false,false,false,false,HOLD — REFERENCE ONLY
10569725313327,eva-hand-cream-60ml,كريم إيفا لليدين 60 مل,AlFouad Pharmacies,العناية بالجسم,العناية بالجسم,بسيط,80144,65,,true,https://cdn.shopify.com/s/files/1/0935/9550/0847/files/Eva-Hand-Cream-60ml.webp?v=1754299148,منتج كريم إيفا لليدين 60 مل من AlFouad Pharmacies. التصنيف المرجعي: العناية بالجسم — بسيط. الوسوم المرجعية: Body Care، Body Concerns، Dry Skin body concerns، Hand، Hands & Feet.,https://alfouadpharmacies.com/en/products/eva-hand-cream-60ml,AlFouad Pharmacies,true,Verify usage rights before commercial publication,false,false,false,false,HOLD — REFERENCE ONLY
10569724592431,eva-recipe-coconut-scent-body-lotion-370ml,لوشن الجسم بنكهة جوز الهند من إيفا ريسيبي 370 مل,AlFouad Pharmacies,العناية بالجسم,العناية بالجسم,بسيط,21376,175,,true,https://cdn.shopify.com/s/files/1/0935/9550/0847/files/Eva-Recipe-Coconut-Scent-Body-Lotion-370ml.webp?v=1754299157,منتج لوشن الجسم بنكهة جوز الهند من إيفا ريسيبي 370 مل من AlFouad Pharmacies. التصنيف المرجعي: العناية بالجسم — بسيط. الوسوم المرجعية: Body Care، Body Concerns، Body Lotion، Dry Skin body concerns.,https://alfouadpharmacies.com/en/products/eva-recipe-coconut-scent-body-lotion-370ml,AlFouad Pharmacies,true,Verify usage rights before commercial publication,false,false,false,false,HOLD — REFERENCE ONLY
10569724002607,one-hair-removing-40gm-cream-honey-dry-skin,كريم إزالة الشعر بالعسل 40 جرام (للبشرة الجافة),AlFouad Pharmacies,العناية بالجسم,العناية بالجسم,بسيط,83212,24,,true,https://cdn.shopify.com/s/files/1/0935/9550/0847/files/One-Hair-Removing-140gm-Cream-Honey-Dry-Skin-1_ffe5fc9e-9c9c-4d51-8a6f-c0dfac16df4a.webp?v=1754299165,منتج كريم إزالة الشعر بالعسل 40 جرام (للبشرة الجافة) من AlFouad Pharmacies. التصنيف المرجعي: العناية بالجسم — بسيط. الوسوم المرجعية: Body Care، Hair Removal.,https://alfouadpharmacies.com/en/products/one-hair-removing-40gm-cream-honey-dry-skin,AlFouad Pharmacies,true,Verify usage rights before commercial publication,false,false,false,false,HOLD — REFERENCE ONLY
10569723838767,eva-recipe-marshmallow-body-lotion-370ml,لوشن الجسم مارشميلو من إيفا ريسيبي 370 مل,AlFouad Pharmacies,العناية بالجسم,العناية بالجسم,بسيط,27903,175,,true,https://cdn.shopify.com/s/files/1/0935/9550/0847/files/Eva-Recipe-Marshmallow-Body-Lotion-370ml.webp?v=1754299167,منتج لوشن الجسم مارشميلو من إيفا ريسيبي 370 مل من AlFouad Pharmacies. التصنيف المرجعي: العناية بالجسم — بسيط. الوسوم المرجعية: Body Care، Body Concerns، Body Lotion، Dry Skin body concerns.,https://alfouadpharmacies.com/en/products/eva-recipe-marshmallow-body-lotion-370ml,AlFouad Pharmacies,true,Verify usage rights before commercial publication,false,false,false,false,HOLD — REFERENCE ONLY
10569723674927,raw-african-deodrant-lemon-wax-75gm,مزيل عرق افريقي خام، شمع ليمون، 75 جرام,RAW AFRICAN,العناية بالجسم,العناية بالجسم,بسيط,31351,199,,true,https://cdn.shopify.com/s/files/1/0935/9550/0847/files/Raw-African-Deodrant-Lemon-Wax-75gm.webp?v=1754299169,منتج مزيل عرق افريقي خام، شمع ليمون، 75 جرام من RAW AFRICAN. التصنيف المرجعي: العناية بالجسم — بسيط. الوسوم المرجعية: Body Care، Deodrant.,https://alfouadpharmacies.com/en/products/raw-african-deodrant-lemon-wax-75gm,AlFouad Pharmacies,true,Verify usage rights before commercial publication,false,false,false,false,HOLD — REFERENCE ONLY
10569723511087,eva-senses-shower-cream-250ml-summer-twist,كريم استحمام إيفا سينسز 250 مل، رائحة الصيف المنعشة,AlFouad Pharmacies,العناية بالجسم,العناية بالجسم,بسيط,16821,100,,true,https://cdn.shopify.com/s/files/1/0935/9550/0847/files/Eva-Senses-Shower-Cream-250ml-Summer-Twist.webp?v=1754299170,منتج كريم استحمام إيفا سينسز 250 مل، رائحة الصيف المنعشة من AlFouad Pharmacies. التصنيف المرجعي: العناية بالجسم — بسيط. الوسوم المرجعية: Body Care، Body Concerns، Body Wash، Dry Skin body concerns.,https://alfouadpharmacies.com/en/products/eva-senses-shower-cream-250ml-summer-twist,AlFouad Pharmacies,true,Verify usage rights before commercial publication,false,false,false,false,HOLD — REFERENCE ONLY
10569723216175,eva-senses-shower-cream-250ml-gold-spell,كريم استحمام إيفا سينسز 250 مل سحر ذهبي,AlFouad Pharmacies,العناية بالجسم,العناية بالجسم,بسيط,19113,100,,true,https://cdn.shopify.com/s/files/1/0935/9550/0847/files/Eva-Senses-Shower-Cream-250ml-Gold-Spell.webp?v=1754299174,منتج كريم استحمام إيفا سينسز 250 مل سحر ذهبي من AlFouad Pharmacies. التصنيف المرجعي: العناية بالجسم — بسيط. الوسوم المرجعية: Body Care، Body Concerns، Body Wash، Dry Skin body concerns.,https://alfouadpharmacies.com/en/products/eva-senses-shower-cream-250ml-gold-spell,AlFouad Pharmacies,true,Verify usage rights before commercial publication,false,false,false,false,HOLD — REFERENCE ONLY
10569723150639,eva-skincare-body-lotion-240ml-summer-twist,لوشن الجسم إيفا للعناية بالبشرة 240 مل، إصدار صيفي.,AlFouad Pharmacies,العناية بالجسم,العناية بالجسم,بسيط,24320,120,,true,https://cdn.shopify.com/s/files/1/0935/9550/0847/files/Eva-Skincare-Body-Lotion-240ml-Summer-Twist.webp?v=1754299176,منتج لوشن الجسم إيفا للعناية بالبشرة 240 مل، إصدار صيفي. من AlFouad Pharmacies. التصنيف المرجعي: العناية بالجسم — بسيط. الوسوم المرجعية: Body Care، Body Concerns، Body Lotion، Dry Skin body concerns.,https://alfouadpharmacies.com/en/products/eva-skincare-body-lotion-240ml-summer-twist,AlFouad Pharmacies,true,Verify usage rights before commercial publication,false,false,false,false,HOLD — REFERENCE ONLY
10569722954031,eva-foot-scrub-60ml-passion,مقشر القدم إيفا 60 مل، نكهة المانجو,AlFouad Pharmacies,العناية بالجسم,العناية بالجسم,بسيط,87810,75,,true,https://cdn.shopify.com/s/files/1/0935/9550/0847/files/Eva-Foot-Scrub-60ml-Passion.webp?v=1754299178,منتج مقشر القدم إيفا 60 مل، نكهة المانجو من AlFouad Pharmacies. التصنيف المرجعي: العناية بالجسم — بسيط. الوسوم المرجعية: Body Care، Foot، Hands & Feet.,https://alfouadpharmacies.com/en/products/eva-foot-scrub-60ml-passion,AlFouad Pharmacies,true,Verify usage rights before commercial publication,false,false,false,false,HOLD — REFERENCE ONLY
10569721282863,eva-senses-body-mist-240ml-love-tale,بخاخ الجسم إيفا سينسز 240 مل، رائحة قصة حب,AlFouad Pharmacies,العناية بالجسم,العناية بالجسم,بسيط,109332,220,,true,https://cdn.shopify.com/s/files/1/0935/9550/0847/files/Eva-Senses-Body-Mist-240ml-Love-Tale.webp?v=1754299206,منتج بخاخ الجسم إيفا سينسز 240 مل، رائحة قصة حب من AlFouad Pharmacies. التصنيف المرجعي: العناية بالجسم — بسيط. الوسوم المرجعية: Body Care، Body Mist.,https://alfouadpharmacies.com/en/products/eva-senses-body-mist-240ml-love-tale,AlFouad Pharmacies,true,Verify usage rights before commercial publication,false,false,false,false,HOLD — REFERENCE ONLY
10569720856879,eva-senses-body-mist-240ml-night-out,بخاخ الجسم إيفا سينسز 240 مل - نايت أوت,Eva Senses,العناية بالجسم,العناية بالجسم,بادي ميست,8653,220,,true,https://cdn.shopify.com/s/files/1/0935/9550/0847/files/Eva-Senses-Body-Mist-240ml-Night-Out.webp?v=1754299213,منتج بخاخ الجسم إيفا سينسز 240 مل - نايت أوت من Eva Senses. التصنيف المرجعي: العناية بالجسم — بادي ميست. الوسوم المرجعية: Body Care، Body Mist.,https://alfouadpharmacies.com/en/products/eva-senses-body-mist-240ml-night-out,AlFouad Pharmacies,true,Verify usage rights before commercial publication,false,false,false,false,HOLD — REFERENCE ONLY
16158833049903,لوشن-سوسكين-لتفتيح-الجسم-والمناطق-الحساسة-150-مل,لوشن سوسكين لتفتيح الجسم والمناطق الحساسة 150 مل,Soskin,العناية بالجسم,العناية بالجسم,تفتيح الجسم والمناطق الحساسة,118021,2950,,true,https://cdn.shopify.com/s/files/1/0935/9550/0847/files/Soskin_Whitening_Body_Lotion_and_Sensitive_Area.webp?v=1789560935,منتج لوشن سوسكين لتفتيح الجسم والمناطق الحساسة 150 مل من Soskin. التصنيف المرجعي: العناية بالجسم — تفتيح الجسم والمناطق الحساسة. الوسوم المرجعية: Body Lotion، Sensitive Area، Sensitive Skin / Redness، Soskin.,https://alfouadpharmacies.com/en/products/لوشن-سوسكين-لتفتيح-الجسم-والمناطق-الحساسة-150-مل,AlFouad Pharmacies,true,Verify usage rights before commercial publication,false,false,false,false,HOLD — REFERENCE ONLY
16112429138223,كريم-شان-للجسم-المرطب-والمكثف-بحجم-470-جم,كريم شان للجسم المرطب والمكثف بحجم 470 جم,shaan,العناية بالجسم,العناية بالجسم,للجسم,116545,425,,true,https://cdn.shopify.com/s/files/1/0935/9550/0847/files/shaan_body_cream_1615.webp?v=1785931650,منتج كريم شان للجسم المرطب والمكثف بحجم 470 جم من shaan. التصنيف المرجعي: العناية بالجسم — للجسم. الوسوم المرجعية: Body Care، Body Cream.,https://alfouadpharmacies.com/en/products/كريم-شان-للجسم-المرطب-والمكثف-بحجم-470-جم,AlFouad Pharmacies,true,Verify usage rights before commercial publication,false,false,false,false,HOLD — REFERENCE ONLY
16032238043439,بايو-فريز-جل-لتخفيف-الألم-100-مل,بايو فريز جل لتخفيف الألم – 100 مل,BioFreeze,العناية بالجسم,العناية بالجسم,تخفيف الالم ,19918,250,,true,https://cdn.shopify.com/s/files/1/0935/9550/0847/files/Group1_87.webp?v=1782216395,منتج بايو فريز جل لتخفيف الألم – 100 مل من BioFreeze. التصنيف المرجعي: العناية بالجسم — تخفيف الالم . الوسوم المرجعية: Body Care، Medical Deviices.,https://alfouadpharmacies.com/en/products/بايو-فريز-جل-لتخفيف-الألم-100-مل,AlFouad Pharmacies,true,Verify usage rights before commercial publication,false,false,false,false,HOLD — REFERENCE ONLY
16030591451439,cerave-sunscreen-body-hydrating-spf50-177ml,سيرافي واقي شمس مرطب غير مرئي SPF 50 للوجه والجسم,cerave,العناية بالجسم,العناية بالجسم,واقي شمس للوجه و الجسم ,116845,1100,,true,https://cdn.shopify.com/s/files/1/0935/9550/0847/files/Group1_55.webp?v=1781951653,منتج سيرافي واقي شمس مرطب غير مرئي SPF 50 للوجه والجسم من cerave. التصنيف المرجعي: العناية بالجسم — واقي شمس للوجه و الجسم . الوسوم المرجعية: Body Care، cerave، Kids Sunscreen، Sun Care، sun screen lotion، sunblock، Sunscreen، Sunscreen Lotion.,https://alfouadpharmacies.com/en/products/cerave-sunscreen-body-hydrating-spf50-177ml,AlFouad Pharmacies,true,Verify usage rights before commercial publication,false,false,false,false,HOLD — REFERENCE ONLY
12689777754415,eva-foot-powder-50gm-aloe-vera,بودرة إيفا للقدم 50 جرام صبار,AlFouad Pharmacies,العناية بالجسم,العناية بالجسم,بسيط,7716,40,,true,https://cdn.shopify.com/s/files/1/0935/9550/0847/files/4nrNHcEQ7QJqlupjs1VsSU1JLX5YApiJZLXDbFzQ.webp?v=1771844561,منتج بودرة إيفا للقدم 50 جرام صبار من AlFouad Pharmacies. التصنيف المرجعي: العناية بالجسم — بسيط. الوسوم المرجعية: Body Care، Foot، Hands & Feet.,https://alfouadpharmacies.com/en/products/eva-foot-powder-50gm-aloe-vera,AlFouad Pharmacies,true,Verify usage rights before commercial publication,false,false,false,false,HOLD — REFERENCE ONLY
12689563549999,beesline-rad-bri-underarm-serum-150ml-delay-shaving,سيروم بيزلاين راد بري للإبطين 150 مل لتأخير الحلاقة ,Beesline,العناية بالجسم,العناية بالجسم,,111906,550,,true,https://cdn.shopify.com/s/files/1/0935/9550/0847/files/BEESLINE_UNDERARM_SERUM_GOLD_V3_1615x1615_f3536ad6-a816-469c-a0d2-3dff8b0be7bd.webp?v=1771878066,منتج سيروم بيزلاين راد بري للإبطين 150 مل لتأخير الحلاقة  من Beesline. التصنيف المرجعي: العناية بالجسم. الوسوم المرجعية: Body Care، Body Spray، Even Skin Tone / Pigmentation، Roll-on، Sensetive Skin.,https://alfouadpharmacies.com/en/products/beesline-rad-bri-underarm-serum-150ml-delay-shaving,AlFouad Pharmacies,true,Verify usage rights before commercial publication,false,false,false,false,HOLD — REFERENCE ONLY
12689552146735,dear-roll-on-ice-vanilla-60ml-1-1-offer,عرض خاص: رول أون آيس بنكهة الفانيليا 60 مل، اشترِ واحد واحصل على الثاني مجاناً! ,DEAR offer,العناية بالجسم,العناية بالجسم,,113456,300,,true,https://cdn.shopify.com/s/files/1/0935/9550/0847/files/Dear_Roll_On_Ice_Vanilla_60ml_1plus1_ECOM.webp?v=1771924399,منتج عرض خاص: رول أون آيس بنكهة الفانيليا 60 مل، اشترِ واحد واحصل على الثاني مجاناً!  من DEAR offer. التصنيف المرجعي: العناية بالجسم. الوسوم المرجعية: Body Care، Deodrant، Roll-on.,https://alfouadpharmacies.com/en/products/dear-roll-on-ice-vanilla-60ml-1-1-offer,AlFouad Pharmacies,true,Verify usage rights before commercial publication,false,false,false,false,HOLD — REFERENCE ONLY
10589422616879,alejon-fragrance-free-roll-on-50ml,أليخون، رول أون 50 مل، خالٍ من العطور,ALEJON,العناية بالجسم,العناية بالجسم,,112157,185,,true,https://cdn.shopify.com/s/files/1/0935/9550/0847/files/41lFmOyOyDL._AC_UF894_1000_QL80_11zon.webp?v=1790501514,منتج أليخون، رول أون 50 مل، خالٍ من العطور من ALEJON. التصنيف المرجعي: العناية بالجسم. الوسوم المرجعية: Body Care، Body Concerns، Roll-on.,https://alfouadpharmacies.com/en/products/alejon-fragrance-free-roll-on-50ml,AlFouad Pharmacies,true,Verify usage rights before commercial publication,false,false,false,false,HOLD — REFERENCE ONLY
10570012262703,sonata-88267,سوناتا (88267) فاصل أصابع القدم,AlFouad Pharmacies,العناية بالجسم,العناية بالجسم,بسيط,111605,40,,true,https://cdn.shopify.com/s/files/1/0935/9550/0847/files/Sonata-88267-_D9_81_D9_88_D8_A7_D8_B5_D9_84-_D8_A7_D8_B5_D8_A7_D8_A8_D8_B9-_D9_82_D8_AF_D9_85.webp?v=1754297046,منتج سوناتا (88267) فاصل أصابع القدم من AlFouad Pharmacies. التصنيف المرجعي: العناية بالجسم — بسيط. الوسوم المرجعية: Accessories، Beauty & Accessories، Body Care، Foot، Hands & Feet.,https://alfouadpharmacies.com/en/products/sonata-88267,AlFouad Pharmacies,true,Verify usage rights before commercial publication,false,false,false,false,HOLD — REFERENCE ONLY
10569995452719,gillete-venus-deluxe-smooth-platinum-1razor2blade,جليت فينوس ديلوكس سموث بلاتينيوم 1 شفرة حلاقة + 2 شفرة احتياطية,AlFouad Pharmacies,العناية بالجسم,العناية بالجسم,بسيط,104255,770,,true,https://cdn.shopify.com/s/files/1/0935/9550/0847/files/Gtt-Venus-Deluxe-Smooth-Platinum-1RAZOR2BLADE-261.webp?v=1754297156,منتج جليت فينوس ديلوكس سموث بلاتينيوم 1 شفرة حلاقة + 2 شفرة احتياطية من AlFouad Pharmacies. التصنيف المرجعي: العناية بالجسم — بسيط. الوسوم المرجعية: Body Care، Hair Removal، Razor Handel.,https://alfouadpharmacies.com/en/products/gillete-venus-deluxe-smooth-platinum-1razor2blade,AlFouad Pharmacies,true,Verify usage rights before commercial publication,false,false,false,false,HOLD — REFERENCE ONLY
10569994010927,gtt-shaving-foam-200ml-skin-sooth-aloevera,رغوة الحلاقة جي تي تي 200 مل، مهدئة للبشرة، صبار.,AlFouad Pharmacies,العناية بالجسم,العناية بالجسم,بسيط,18170,250,,false,https://cdn.shopify.com/s/files/1/0935/9550/0847/files/GttShavingFoam200MLSkinSoothAloevera.webp?v=1790497951,منتج رغوة الحلاقة جي تي تي 200 مل، مهدئة للبشرة، صبار. من AlFouad Pharmacies. التصنيف المرجعي: العناية بالجسم — بسيط. الوسوم المرجعية: Body Care، Hair Removal، Shaving Foam.,https://alfouadpharmacies.com/en/products/gtt-shaving-foam-200ml-skin-sooth-aloevera,AlFouad Pharmacies,true,Verify usage rights before commercial publication,false,false,false,false,HOLD — REFERENCE ONLY
10569938960687,tetra-glow-whitening-unscented-roll-on-50ml,رول أون تبييض تريتا جلو بدون رائحة 50 مل,Tetra Glow,العناية بالجسم,العناية بالجسم,بسيط,112542,275,,true,https://cdn.shopify.com/s/files/1/0935/9550/0847/files/Tetra-Glow-Whitening-Unscented-Roll-On-50ML.webp?v=1754297758,منتج رول أون تبييض تريتا جلو بدون رائحة 50 مل من Tetra Glow. التصنيف المرجعي: العناية بالجسم — بسيط. الوسوم المرجعية: Body Care، Body Concerns، Deodrant، Even Skin Tone / Pigmentation، Roll-on، Sensetive Skin.,https://alfouadpharmacies.com/en/products/tetra-glow-whitening-unscented-roll-on-50ml,AlFouad Pharmacies,true,Verify usage rights before commercial publication,false,false,false,false,HOLD — REFERENCE ONLY
10569938665775,tetra-glow-whitening-escape-roll-on-50ml,رول أون تبييض تريتا جلو 50 مل,Tetra Glow,العناية بالجسم,العناية بالجسم,بسيط,112544,275,,true,https://cdn.shopify.com/s/files/1/0935/9550/0847/files/Tetra-Glow-Whitening-Escape-Roll-On-50ML.webp?v=1754297761,منتج رول أون تبييض تريتا جلو 50 مل من Tetra Glow. التصنيف المرجعي: العناية بالجسم — بسيط. الوسوم المرجعية: Body Care، Body Concerns، Deodrant، Even Skin Tone / Pigmentation، Roll-on، Sensetive Skin.,https://alfouadpharmacies.com/en/products/tetra-glow-whitening-escape-roll-on-50ml,AlFouad Pharmacies,true,Verify usage rights before commercial publication,false,false,false,false,HOLD — REFERENCE ONLY
10569932210479,tetra-glow-whitening-crazy-love-roll-on-50ml,رول أون تبييض تريتا جلو كيزي لوف 50 مل,Tetra Glow,العناية بالجسم,العناية بالجسم,بسيط,112545,275,,true,https://cdn.shopify.com/s/files/1/0935/9550/0847/files/Tetra-Glow-Whitening-Crazy-Love-Roll-On-50ML.webp?v=1754297783,منتج رول أون تبييض تريتا جلو كيزي لوف 50 مل من Tetra Glow. التصنيف المرجعي: العناية بالجسم — بسيط. الوسوم المرجعية: Body Care، Body Concerns، Deodrant، Even Skin Tone / Pigmentation، Roll-on.,https://alfouadpharmacies.com/en/products/tetra-glow-whitening-crazy-love-roll-on-50ml,AlFouad Pharmacies,true,Verify usage rights before commercial publication,false,false,false,false,HOLD — REFERENCE ONLY
10569929916719,breathe-body-mist-200ml-soft-pillow,بخاخ للجسم Breathe 200 مل وسادة ناعمة,AlFouad Pharmacies,العناية بالجسم,العناية بالجسم,بسيط,8073,370,,true,https://cdn.shopify.com/s/files/1/0935/9550/0847/files/Breathe-Body-Mist-200ML-Soft-Pillow.webp?v=1754297796,منتج بخاخ للجسم Breathe 200 مل وسادة ناعمة من AlFouad Pharmacies. التصنيف المرجعي: العناية بالجسم — بسيط. الوسوم المرجعية: Body Care، Body Mist، Body Spray، Deodrant.,https://alfouadpharmacies.com/en/products/breathe-body-mist-200ml-soft-pillow,AlFouad Pharmacies,true,Verify usage rights before commercial publication,false,false,false,false,HOLD — REFERENCE ONLY
10569919267119,real-man-fresh-spirit-perfume-spray-150ml,رذاذ عطر ريل مان فريش سبيريت 150 مل,AlFouad Pharmacies,العناية بالجسم,العناية بالجسم,بسيط,11916,88,,true,https://cdn.shopify.com/s/files/1/0935/9550/0847/files/Real-Man-Fresh-Spirit-Perfume-Spray-150ML.webp?v=1754297915,منتج رذاذ عطر ريل مان فريش سبيريت 150 مل من AlFouad Pharmacies. التصنيف المرجعي: العناية بالجسم — بسيط. الوسوم المرجعية: Body Care، Body Spray، Deodrant.,https://alfouadpharmacies.com/en/products/real-man-fresh-spirit-perfume-spray-150ml,AlFouad Pharmacies,true,Verify usage rights before commercial publication,false,false,false,false,HOLD — REFERENCE ONLY
10569914188079,nivea-soft-cream-200ml-cocoa-butter,كريم نيفيا سوفت 200 مل زبدة الكاكاو,AlFouad Pharmacies,العناية بالجسم,العناية بالجسم,بسيط,107916,140,,true,https://cdn.shopify.com/s/files/1/0935/9550/0847/files/Nivea-Soft-Cream-200ML-Cocoa-Butter.webp?v=1754297960,منتج كريم نيفيا سوفت 200 مل زبدة الكاكاو من AlFouad Pharmacies. التصنيف المرجعي: العناية بالجسم — بسيط. الوسوم المرجعية: Body Care، Body Concerns، Dry Skin body concerns، Moisturizer Cream، Moisturizers، Skin Care.,https://alfouadpharmacies.com/en/products/nivea-soft-cream-200ml-cocoa-butter,AlFouad Pharmacies,true,Verify usage rights before commercial publication,false,false,false,false,HOLD — REFERENCE ONLY
10569913434415,nivea-shower-gel-250ml-creme-soft,جل استحمام نيفيا كريم سوفت 250 مل,AlFouad Pharmacies,العناية بالجسم,العناية بالجسم,بسيط,8664,120,,true,https://cdn.shopify.com/s/files/1/0935/9550/0847/files/Nivea-Shower-Gel-250ML-Creme-Soft.webp?v=1754297966,منتج جل استحمام نيفيا كريم سوفت 250 مل من AlFouad Pharmacies. التصنيف المرجعي: العناية بالجسم — بسيط. الوسوم المرجعية: Body Care، Body Wash.,https://alfouadpharmacies.com/en/products/nivea-shower-gel-250ml-creme-soft,AlFouad Pharmacies,true,Verify usage rights before commercial publication,false,false,false,false,HOLD — REFERENCE ONLY
10569913270575,nivea-shower-gel-250ml-cool-kick,جل استحمام نيفيا 250 مل كول كيك,AlFouad Pharmacies,العناية بالجسم,العناية بالجسم,بسيط,8692,120,,false,https://cdn.shopify.com/s/files/1/0935/9550/0847/files/Nivea-Shower-Gel-250ML-Cool-Kick.webp?v=1754297968,منتج جل استحمام نيفيا 250 مل كول كيك من AlFouad Pharmacies. التصنيف المرجعي: العناية بالجسم — بسيط. الوسوم المرجعية: Body Care، Body Wash.,https://alfouadpharmacies.com/en/products/nivea-shower-gel-250ml-cool-kick,AlFouad Pharmacies,true,Verify usage rights before commercial publication,false,false,false,false,HOLD — REFERENCE ONLY
10569909141807,nivea-deod-spray-150ml-natural-fairness,نيفيا مزيل عرق بخاخ 150 مل ناتشورال فيرنس,AlFouad Pharmacies,العناية بالجسم,العناية بالجسم,بسيط,95832,192,,true,https://cdn.shopify.com/s/files/1/0935/9550/0847/files/51owsuvIBtL._AC_SL1500.webp?v=1754298021,منتج نيفيا مزيل عرق بخاخ 150 مل ناتشورال فيرنس من AlFouad Pharmacies. التصنيف المرجعي: العناية بالجسم — بسيط. الوسوم المرجعية: Body Care، Body Spray، Deodrant.,https://alfouadpharmacies.com/en/products/nivea-deod-spray-150ml-natural-fairness,AlFouad Pharmacies,true,Verify usage rights before commercial publication,false,false,false,false,HOLD — REFERENCE ONLY
10569896198447,jampj-oil-gel-hydrating-aloeampvitamin-e-200ml,جل زيت جيه أند جيه المرطب بالصبار وفيتامين إي 200 مل,J&J,العناية بالجسم,العناية بالجسم,بسيط,1789,325,,true,https://cdn.shopify.com/s/files/1/0935/9550/0847/files/JJ-Oil-Gel-Hydrating-AloeVitamin-E-200ML.webp?v=1754298189,منتج جل زيت جيه أند جيه المرطب بالصبار وفيتامين إي 200 مل من J&J. التصنيف المرجعي: العناية بالجسم — بسيط. الوسوم المرجعية: Body Care، Body Concerns، Body Oil، Dry Skin body concerns.,https://alfouadpharmacies.com/en/products/jampj-oil-gel-hydrating-aloeampvitamin-e-200ml,AlFouad Pharmacies,true,Verify usage rights before commercial publication,false,false,false,false,HOLD — REFERENCE ONLY
10569891643695,bathampbody-works-bmist-236ml-gingham-love,بخاخ الجسم من Bath&amp;Body Works، إصدار Gingham Love، سعة 236 مل.,Bath and Body,العناية بالجسم,العناية بالجسم,بسيط,21549,800,,false,https://cdn.shopify.com/s/files/1/0935/9550/0847/files/BathBody-Works-B.MIST-236ML-Gingham-Love.webp?v=1754298253,منتج بخاخ الجسم من Bath&amp;Body Works، إصدار Gingham Love، سعة 236 مل. من Bath and Body. التصنيف المرجعي: العناية بالجسم — بسيط. الوسوم المرجعية: Body Care، Body Mist، Body Splash، Body Spray، Deodrant، Perfumes.,https://alfouadpharmacies.com/en/products/bathampbody-works-bmist-236ml-gingham-love,AlFouad Pharmacies,true,Verify usage rights before commercial publication,false,false,false,false,HOLD — REFERENCE ONLY
10569867657519,fogg-spray-120ml-victor,بخاخ فوغ 120 مل فيكتور,fogg,العناية بالجسم,العناية بالجسم,بسيط,93753,160,0,true,https://cdn.shopify.com/s/files/1/0935/9550/0847/files/Fogg-Spray-120ML-Victor.webp?v=1754298272,منتج بخاخ فوغ 120 مل فيكتور من fogg. التصنيف المرجعي: العناية بالجسم — بسيط. الوسوم المرجعية: Body Care، Body Spray، Deodrant.,https://alfouadpharmacies.com/en/products/fogg-spray-120ml-victor,AlFouad Pharmacies,true,Verify usage rights before commercial publication,false,false,false,false,HOLD — REFERENCE ONLY
10569867165999,fogg-spray-120ml-paradise,بخاخ فوغ 120 مل بارادايس,fogg,العناية بالجسم,العناية بالجسم,بسيط,102949,160,0,true,https://cdn.shopify.com/s/files/1/0935/9550/0847/files/Fogg-Spray-120ML-Paradise.webp?v=1754298276,منتج بخاخ فوغ 120 مل بارادايس من fogg. التصنيف المرجعي: العناية بالجسم — بسيط. الوسوم المرجعية: Body Care، Body Spray، Deodrant.,https://alfouadpharmacies.com/en/products/fogg-spray-120ml-paradise,AlFouad Pharmacies,true,Verify usage rights before commercial publication,false,false,false,false,HOLD — REFERENCE ONLY
10569866051887,fogg-roll-on-50ml-lavender,فوج رول أون 50 مل باللافندر,fogg,العناية بالجسم,العناية بالجسم,بسيط,97009,75,0,true,https://cdn.shopify.com/s/files/1/0935/9550/0847/files/Fogg-Roll-On-50ML-Lavender.webp?v=1754298286,منتج فوج رول أون 50 مل باللافندر من fogg. التصنيف المرجعي: العناية بالجسم — بسيط. الوسوم المرجعية: Body Care، Deodrant.,https://alfouadpharmacies.com/en/products/fogg-roll-on-50ml-lavender,AlFouad Pharmacies,true,Verify usage rights before commercial publication,false,false,false,false,HOLD — REFERENCE ONLY
10569866019119,fogg-roll-on-50ml-bakhoor,بخاخ رول أون فوغ 50 مل بخور,fogg,العناية بالجسم,العناية بالجسم,بسيط,30374,75,0,false,https://cdn.shopify.com/s/files/1/0935/9550/0847/files/Fogg-Roll-On-50ML-Bakhoor.webp?v=1754298286,منتج بخاخ رول أون فوغ 50 مل بخور من fogg. التصنيف المرجعي: العناية بالجسم — بسيط. الوسوم المرجعية: Body Care، Deodrant.,https://alfouadpharmacies.com/en/products/fogg-roll-on-50ml-bakhoor,AlFouad Pharmacies,true,Verify usage rights before commercial publication,false,false,false,false,HOLD — REFERENCE ONLY
10569865953583,fogg-roll-on-50ml-absolute-men,فوغ رول أون 50 مل أبсолюت / للرجال,AlFouad Pharmacies,العناية بالجسم,العناية بالجسم,بسيط,9308,75,0,false,https://cdn.shopify.com/s/files/1/0935/9550/0847/files/Fogg-Roll-On-50ML-Absolute-Men.webp?v=1754298287,منتج فوغ رول أون 50 مل أبсолюت / للرجال من AlFouad Pharmacies. التصنيف المرجعي: العناية بالجسم — بسيط. الوسوم المرجعية: Body Care، Deodrant.,https://alfouadpharmacies.com/en/products/fogg-roll-on-50ml-absolute-men,AlFouad Pharmacies,true,Verify usage rights before commercial publication,false,false,false,false,HOLD — REFERENCE ONLY
10569858679087,dove-spray-150ml-original-offer,عرض خاص على بخاخ دوف 150 مل الأصلي,Dove off,العناية بالجسم,العناية بالجسم,بسيط,96918,132,,false,https://cdn.shopify.com/s/files/1/0935/9550/0847/files/Dove-Spray-150ML-Original-Offer.webp?v=1754298353,منتج عرض خاص على بخاخ دوف 150 مل الأصلي من Dove off. التصنيف المرجعي: العناية بالجسم — بسيط. الوسوم المرجعية: Body Care، Body Spray، Deodrant.,https://alfouadpharmacies.com/en/products/dove-spray-150ml-original-offer,AlFouad Pharmacies,true,Verify usage rights before commercial publication,false,false,false,false,HOLD — REFERENCE ONLY
10569839739183,axe-body-spray-150ml-recharge-25le-off,بخاخ الجسم Axe 150 مل، إعادة تعبئة (25 جنيه مصري) خصم,AlFouad Pharmacies,العناية بالجسم,العناية بالجسم,بسيط,14546,170,,true,https://cdn.shopify.com/s/files/1/0935/9550/0847/files/Axe-Body-Spray-150ML-Recharge-25L.E-Off.webp?v=1754298521,منتج بخاخ الجسم Axe 150 مل، إعادة تعبئة (25 جنيه مصري) خصم من AlFouad Pharmacies. التصنيف المرجعي: العناية بالجسم — بسيط. الوسوم المرجعية: Body Care، Body Spray، Deodrant.,https://alfouadpharmacies.com/en/products/axe-body-spray-150ml-recharge-25le-off,AlFouad Pharmacies,true,Verify usage rights before commercial publication,false,false,false,false,HOLD — REFERENCE ONLY
10569836101935,axe-body-spray-150ml-black-night,بخاخ الجسم إكس 150 مل بلاك نايت,AlFouad Pharmacies,العناية بالجسم,العناية بالجسم,بسيط,107666,215,,true,https://cdn.shopify.com/s/files/1/0935/9550/0847/files/Axe-Body-Spray-150ML-Black-Night.webp?v=1754298550,منتج بخاخ الجسم إكس 150 مل بلاك نايت من AlFouad Pharmacies. التصنيف المرجعي: العناية بالجسم — بسيط. الوسوم المرجعية: Body Care، Body Spray، Deodrant.,https://alfouadpharmacies.com/en/products/axe-body-spray-150ml-black-night,AlFouad Pharmacies,true,Verify usage rights before commercial publication,false,false,false,false,HOLD — REFERENCE ONLY
10569832595759,lux-hand-wash-500ml-magical-orchid-off,غسول اليدين الفاخر ٥٠٠ مل ماجيكال (أوركيد) أوف,AlFouad Pharmacies,العناية بالجسم,العناية بالجسم,بسيط,110942,99,,true,https://cdn.shopify.com/s/files/1/0935/9550/0847/files/Lux-Hand-Wash-500ML-Magical-Orchid-Off.webp?v=1754298577,منتج غسول اليدين الفاخر ٥٠٠ مل ماجيكال (أوركيد) أوف من AlFouad Pharmacies. التصنيف المرجعي: العناية بالجسم — بسيط. الوسوم المرجعية: Body Care، Hand Wash.,https://alfouadpharmacies.com/en/products/lux-hand-wash-500ml-magical-orchid-off,AlFouad Pharmacies,true,Verify usage rights before commercial publication,false,false,false,false,HOLD — REFERENCE ONLY
10569827975471,mood-body-splash-220-ml-tahiti,معطر للجسم مود 220 مل تاهيتي,MOOD,العناية بالجسم,العناية بالجسم,بسيط,85083,180,310,true,https://cdn.shopify.com/s/files/1/0935/9550/0847/files/1_-_2026-09-08T140218.613.webp?v=1788865375,منتج معطر للجسم مود 220 مل تاهيتي من MOOD. التصنيف المرجعي: العناية بالجسم — بسيط. الوسوم المرجعية: Body Care، Body Mist، Body Spray، Deodrant.,https://alfouadpharmacies.com/en/products/mood-body-splash-220-ml-tahiti,AlFouad Pharmacies,true,Verify usage rights before commercial publication,false,false,false,false,HOLD — REFERENCE ONLY
10569820963119,mood-hand-wash-500-ml-khalijii,غسول اليدين مود 500 مل خليجي,MOOD,العناية بالجسم,العناية بالجسم,بسيط,89949,80,,true,https://cdn.shopify.com/s/files/1/0935/9550/0847/files/Mood-Hand-Wash-500-ml-Khalijii.webp?v=1754298656,منتج غسول اليدين مود 500 مل خليجي من MOOD. التصنيف المرجعي: العناية بالجسم — بسيط. الوسوم المرجعية: Body Care، Hand Wash.,https://alfouadpharmacies.com/en/products/mood-hand-wash-500-ml-khalijii,AlFouad Pharmacies,true,Verify usage rights before commercial publication,false,false,false,false,HOLD — REFERENCE ONLY
10569818407215,mood-shower-gel-750-ml-latino,جل استحمام موود 750 مل لاتينو,MOOD,العناية بالجسم,العناية بالجسم,بسيط,24398,99,,true,https://cdn.shopify.com/s/files/1/0935/9550/0847/files/Mood-Shower-Gel-750-ml-Latino.webp?v=1754298674,منتج جل استحمام موود 750 مل لاتينو من MOOD. التصنيف المرجعي: العناية بالجسم — بسيط. الوسوم المرجعية: Body Care، Body Wash.,https://alfouadpharmacies.com/en/products/mood-shower-gel-750-ml-latino,AlFouad Pharmacies,true,Verify usage rights before commercial publication,false,false,false,false,HOLD — REFERENCE ONLY
10569812312367,avuva-cold-wax-228-gm-passion-fruit,شمع إزالة الشعر البارد أفوفا 228 غرام، بنكهة المانجو.,AlFouad Pharmacies,العناية بالجسم,العناية بالجسم,بسيط,33349,100,,false,https://cdn.shopify.com/s/files/1/0935/9550/0847/files/Avuva-Cold-Wax-228-GM-Passion-Fruit.webp?v=1754298713,منتج شمع إزالة الشعر البارد أفوفا 228 غرام، بنكهة المانجو. من AlFouad Pharmacies. التصنيف المرجعي: العناية بالجسم — بسيط. الوسوم المرجعية: Body Care، Body Concerns، Hair Removal، Sensetive Skin.,https://alfouadpharmacies.com/en/products/avuva-cold-wax-228-gm-passion-fruit,AlFouad Pharmacies,true,Verify usage rights before commercial publication,false,false,false,false,HOLD — REFERENCE ONLY
10569739436335,beesline-white-roll-on-50ml-men-ocean-fresh,بيزلين وايت. رول أون 50 مل للرجال، رائحة المحيط المنعشة,AlFouad Pharmacies,العناية بالجسم,العناية بالجسم,بسيط,15810,350,,false,https://cdn.shopify.com/s/files/1/0935/9550/0847/files/Beesline-White.-Roll-On-50ML-Men-Ocean-Fresh.webp?v=1754298947,منتج بيزلين وايت. رول أون 50 مل للرجال، رائحة المحيط المنعشة من AlFouad Pharmacies. التصنيف المرجعي: العناية بالجسم — بسيط. الوسوم المرجعية: Body Care، Body Concerns، Deodrant، Even Skin Tone / Pigmentation، Sensetive Skin.,https://alfouadpharmacies.com/en/products/beesline-white-roll-on-50ml-men-ocean-fresh,AlFouad Pharmacies,true,Verify usage rights before commercial publication,false,false,false,false,HOLD — REFERENCE ONLY
10569738846511,beesline-white-roll-on-50ml-hair-delaying,بيزلين وايت. رول أون 50 مل لتأخير نمو الشعر,AlFouad Pharmacies,العناية بالجسم,العناية بالجسم,بسيط,95207,375,,true,https://cdn.shopify.com/s/files/1/0935/9550/0847/files/Beesline-White.-Roll-On-50ML-Hair-Delaying.webp?v=1754298950,منتج بيزلين وايت. رول أون 50 مل لتأخير نمو الشعر من AlFouad Pharmacies. التصنيف المرجعي: العناية بالجسم — بسيط. الوسوم المرجعية: Body Care، Body Concerns، Deodrant، Even Skin Tone / Pigmentation، Sensetive Skin.,https://alfouadpharmacies.com/en/products/beesline-white-roll-on-50ml-hair-delaying,AlFouad Pharmacies,true,Verify usage rights before commercial publication,false,false,false,false,HOLD — REFERENCE ONLY
10569737961775,beesline-spray-150ml-invisible-touch,بخاخ بيزلين 150 مل لمسة غير مرئية,Beesline,العناية بالجسم,العناية بالجسم,بسيط,94701,350,,false,https://cdn.shopify.com/s/files/1/0935/9550/0847/files/Beesline-Spray-150ML-Invisible-Touch.webp?v=1754298959,منتج بخاخ بيزلين 150 مل لمسة غير مرئية من Beesline. التصنيف المرجعي: العناية بالجسم — بسيط. الوسوم المرجعية: Body Care، Body Concerns، Body Spray، Deodrant، Even Skin Tone / Pigmentation.,https://alfouadpharmacies.com/en/products/beesline-spray-150ml-invisible-touch,AlFouad Pharmacies,true,Verify usage rights before commercial publication,false,false,false,false,HOLD — REFERENCE ONLY
10569724035375,alejon-hand-nail-cream-75ml,كريم اليد والأظافر من أليجون 75 مل,ALEJON,العناية بالجسم,العناية بالجسم,بسيط,16945,230,,true,https://cdn.shopify.com/s/files/1/0935/9550/0847/files/Alejon-Hand-Nail-Cream-75ml.webp?v=1754299164,منتج كريم اليد والأظافر من أليجون 75 مل من ALEJON. التصنيف المرجعي: العناية بالجسم — بسيط. الوسوم المرجعية: Body Care، Dry Skin، Hand، Hands & Feet، Nails، Skin Care، Skin Concerns.,https://alfouadpharmacies.com/en/products/alejon-hand-nail-cream-75ml,AlFouad Pharmacies,true,Verify usage rights before commercial publication,false,false,false,false,HOLD — REFERENCE ONLY
10569723085103,eva-hand-scrub-50ml-passion,مقشر اليد إيفا 50 مل، نكهة المانجو,AlFouad Pharmacies,العناية بالجسم,العناية بالجسم,بسيط,105567,70,,true,https://cdn.shopify.com/s/files/1/0935/9550/0847/files/Eva-Hand-Scrub-50ml-Passion.webp?v=1754299177,منتج مقشر اليد إيفا 50 مل، نكهة المانجو من AlFouad Pharmacies. التصنيف المرجعي: العناية بالجسم — بسيط. الوسوم المرجعية: Body Care، Body Concerns، Dry Skin body concerns، Hand، Hands & Feet.,https://alfouadpharmacies.com/en/products/eva-hand-scrub-50ml-passion,AlFouad Pharmacies,true,Verify usage rights before commercial publication,false,false,false,false,HOLD — REFERENCE ONLY
10569722233135,eva-hand-cream-60ml-tropical,كريم إيفا لليدين 60 مل، رائحة استوائية,AlFouad Pharmacies,العناية بالجسم,العناية بالجسم,بسيط,9262,65,,true,https://cdn.shopify.com/s/files/1/0935/9550/0847/files/Eva-Hand-Cream-60ml-Tropical.webp?v=1754299188,منتج كريم إيفا لليدين 60 مل، رائحة استوائية من AlFouad Pharmacies. التصنيف المرجعي: العناية بالجسم — بسيط. الوسوم المرجعية: Body Care، Body Concerns، Dry Skin body concerns، Hand، Hands & Feet.,https://alfouadpharmacies.com/en/products/eva-hand-cream-60ml-tropical,AlFouad Pharmacies,true,Verify usage rights before commercial publication,false,false,false,false,HOLD — REFERENCE ONLY
10569721905455,eva-skin-care-shower-cream-250ml,كريم استحمام إيفا للعناية بالبشرة 250 مل,AlFouad Pharmacies,العناية بالجسم,العناية بالجسم,بسيط,15039,100,,true,https://cdn.shopify.com/s/files/1/0935/9550/0847/files/Eva-Skin-Care-Shower-Cream-250ml.webp?v=1754299195,منتج كريم استحمام إيفا للعناية بالبشرة 250 مل من AlFouad Pharmacies. التصنيف المرجعي: العناية بالجسم — بسيط. الوسوم المرجعية: Body Care، Body Wash.,https://alfouadpharmacies.com/en/products/eva-skin-care-shower-cream-250ml,AlFouad Pharmacies,true,Verify usage rights before commercial publication,false,false,false,false,HOLD — REFERENCE ONLY
10569721119023,starville-roll-on-60ml-whitening-red-berry,ستارفيل رول أون 60 مل تبييض توت أحمر,parkville,العناية بالجسم,العناية بالجسم,بسيط,85113,150,,true,https://cdn.shopify.com/s/files/1/0935/9550/0847/files/Starville-Roll-On-60ml-Whitening-Red-Berry.webp?v=1754299210,منتج ستارفيل رول أون 60 مل تبييض توت أحمر من parkville. التصنيف المرجعي: العناية بالجسم — بسيط. الوسوم المرجعية: Body Care، Body Concerns، Deodrant، Even Skin Tone / Pigmentation، starville.,https://alfouadpharmacies.com/en/products/starville-roll-on-60ml-whitening-red-berry,AlFouad Pharmacies,true,Verify usage rights before commercial publication,false,false,false,false,HOLD — REFERENCE ONLY
10569721020719,starville-roll-on-60ml-whitening-fresh-breeze,ستارفيل رول أون 60 مل، منعش ومنضف، رائحة منعشة.,parkville,العناية بالجسم,العناية بالجسم,بسيط,19180,150,,true,https://cdn.shopify.com/s/files/1/0935/9550/0847/files/Starville-Roll-On-60ml-Whitening-Fresh-Breeze.webp?v=1754299211,منتج ستارفيل رول أون 60 مل، منعش ومنضف، رائحة منعشة. من parkville. التصنيف المرجعي: العناية بالجسم — بسيط. الوسوم المرجعية: Body Care، Body Concerns، Deodrant، Even Skin Tone / Pigmentation، starville.,https://alfouadpharmacies.com/en/products/starville-roll-on-60ml-whitening-fresh-breeze,AlFouad Pharmacies,true,Verify usage rights before commercial publication,false,false,false,false,HOLD — REFERENCE ONLY
16160791396655,mood-creamy-coconut-body-lotion-200-ml,Mood Creamy Coconut Body Lotion 200 ml,MOOD,العناية بالجسم,العناية بالجسم,Body Lotion,114262,145,,true,https://cdn.shopify.com/s/files/1/0935/9550/0847/files/creamy_coconut_body_lotion_1615.webp?v=1788871224,منتج Mood Creamy Coconut Body Lotion 200 ml من MOOD. التصنيف المرجعي: العناية بالجسم — Body Lotion. الحجم المذكور: 200 ml. الوسوم المرجعية: Body Care، Body Lotion.,https://alfouadpharmacies.com/en/products/mood-creamy-coconut-body-lotion-200-ml,AlFouad Pharmacies,true,Verify usage rights before commercial publication,false,false,false,false,HOLD — REFERENCE ONLY
16160783270191,mood-wild-rose-body-lotion-200-ml,Mood Wild Rose Body Lotion 200 ml,MOOD,العناية بالجسم,العناية بالجسم,Body Lotion,114260,145,,true,https://cdn.shopify.com/s/files/1/0935/9550/0847/files/wild_rose_body_lotion_1615.webp?v=1788870129,منتج Mood Wild Rose Body Lotion 200 ml من MOOD. التصنيف المرجعي: العناية بالجسم — Body Lotion. الحجم المذكور: 200 ml. الوسوم المرجعية: Body Care، Body Lotion.,https://alfouadpharmacies.com/en/products/mood-wild-rose-body-lotion-200-ml,AlFouad Pharmacies,true,Verify usage rights before commercial publication,false,false,false,false,HOLD — REFERENCE ONLY
16112413409583,shaan-body-wash-480ml-vanilla-coconut,شاور جل وغسول الجسم شان بالفانيليا وجوز الهند 480 مل,shaan,العناية بالجسم,العناية بالجسم,Body Wash,114788,260,,true,https://cdn.shopify.com/s/files/1/0935/9550/0847/files/shaan_body_wash_vanilla_coconut_1615.webp?v=1785929970,منتج شاور جل وغسول الجسم شان بالفانيليا وجوز الهند 480 مل من shaan. التصنيف المرجعي: العناية بالجسم — Body Wash. الوسوم المرجعية: Body Care، Body Lotion، Body Milk، Body Wash.,https://alfouadpharmacies.com/en/products/shaan-body-wash-480ml-vanilla-coconut,AlFouad Pharmacies,true,Verify usage rights before commercial publication,false,false,false,false,HOLD — REFERENCE ONLY
16107295605039,ميلاتكس-بيكيني-كريم,ميلاتكس بيكيني كريم,HAYAH,العناية بالجسم,العناية بالجسم,تفتيح,116759,249,,true,https://cdn.shopify.com/s/files/1/0935/9550/0847/files/Hayahlaboratories03-09-20261266_jpg.webp?v=1785576742,منتج ميلاتكس بيكيني كريم من HAYAH. التصنيف المرجعي: العناية بالجسم — تفتيح. الوسوم المرجعية: Body Care، Sensitive Area.,https://alfouadpharmacies.com/en/products/ميلاتكس-بيكيني-كريم,AlFouad Pharmacies,true,Verify usage rights before commercial publication,false,false,false,false,HOLD — REFERENCE ONLY
12972401361199,svrxerial-10-lotion-200ml,SVR Xerial 10 Lotion 200ML,SVR,العناية بالجسم,العناية بالجسم,,115619,999,,true,https://cdn.shopify.com/s/files/1/0935/9550/0847/files/SVR_Xerial_10_Lotion_200ml_1615x1615_v2.webp?v=1772538715,منتج SVR Xerial 10 Lotion 200ML من SVR. التصنيف المرجعي: العناية بالجسم. الحجم المذكور: 200 ML. الوسوم المرجعية: Body Lotion، Dry Skin، Dryness، Moisturizers.,https://alfouadpharmacies.com/en/products/svrxerial-10-lotion-200ml,AlFouad Pharmacies,true,Verify usage rights before commercial publication,false,false,false,false,HOLD — REFERENCE ONLY
12689769496879,man-look-foot-powder-50gm-sheba-off,بودرة قدم للرجال مان لوك 50 غرام شيبا أوف,man look,العناية بالجسم,العناية بالجسم,بسيط,9076,40,,true,https://cdn.shopify.com/s/files/1/0935/9550/0847/files/ManLook_FootPowder_PureWhite_1615x1615_ff5ae3c8-a517-4ada-a6e4-8ce4b15fab98.webp?v=1772228366,منتج بودرة قدم للرجال مان لوك 50 غرام شيبا أوف من man look. التصنيف المرجعي: العناية بالجسم — بسيط. الوسوم المرجعية: Body Care، Men Care.,https://alfouadpharmacies.com/en/products/man-look-foot-powder-50gm-sheba-off,AlFouad Pharmacies,true,Verify usage rights before commercial publication,false,false,false,false,HOLD — REFERENCE ONLY
12689678205231,nivea-deod-spray-150ml-men-fresh-active,بخاخ مزيل عرق نيفيا للرجال، فريش اكتيف، 150 مل,AlFouad Pharmacies,العناية بالجسم,العناية بالجسم,بسيط,82487,197,,true,https://cdn.shopify.com/s/files/1/0935/9550/0847/files/Nivea_Men_FreshActive_150ml_PureWhite_1615x1615_5a740927-7579-4b31-908a-cbeba8fdec78.webp?v=1772283092,منتج بخاخ مزيل عرق نيفيا للرجال، فريش اكتيف، 150 مل من AlFouad Pharmacies. التصنيف المرجعي: العناية بالجسم — بسيط. الوسوم المرجعية: Body Care، Body Spray، Deodrant.,https://alfouadpharmacies.com/en/products/nivea-deod-spray-150ml-men-fresh-active,AlFouad Pharmacies,true,Verify usage rights before commercial publication,false,false,false,false,HOLD — REFERENCE ONLY
12689667227951,nivea-soft-moisturizing-craem-50ml-offer,عرض كريم نيفيا سوفت المرطب 50 مل,AlFouad Pharmacies,العناية بالجسم,العناية بالجسم,بسيط,83780,35,,true,https://cdn.shopify.com/s/files/1/0935/9550/0847/files/Nivea_Soft_Cream_Jojoba_100ml_PureWhite_1615x1615_d6fe766d-1db8-4205-90ee-c65a311843b0.webp?v=1772283602,منتج عرض كريم نيفيا سوفت المرطب 50 مل من AlFouad Pharmacies. التصنيف المرجعي: العناية بالجسم — بسيط. الوسوم المرجعية: Body Care، Body Concerns، Dry Skin body concerns، Moisturizer Cream، Moisturizers، Skin Care.,https://alfouadpharmacies.com/en/products/nivea-soft-moisturizing-craem-50ml-offer,AlFouad Pharmacies,true,Verify usage rights before commercial publication,false,false,false,false,HOLD — REFERENCE ONLY
12689561485615,beesline-rad-bri-underarm-serum-150ml-jouri-rose,بيزلين راد بري سيروم تحت الإبط 150 مل وردة الجوري ,Beesline,العناية بالجسم,العناية بالجسم,,111907,500,,true,https://cdn.shopify.com/s/files/1/0935/9550/0847/files/beesline_underarm_serum_box_1615x1615_2e206caf-9f1d-44f2-8052-3748d0f3fbe5.webp?v=1771880288,منتج بيزلين راد بري سيروم تحت الإبط 150 مل وردة الجوري  من Beesline. التصنيف المرجعي: العناية بالجسم. الوسوم المرجعية: Body Care، Body Spray، Deodrant، Even Skin Tone / Pigmentation، Sensetive Skin.,https://alfouadpharmacies.com/en/products/beesline-rad-bri-underarm-serum-150ml-jouri-rose,AlFouad Pharmacies,true,Verify usage rights before commercial publication,false,false,false,false,HOLD — REFERENCE ONLY
12689540022575,vaseline-body-gel-oil-soothing-hydration-200ml,فازلين جل للجسم، زيت مرطب وملطف، 200 مل,Vaseline,العناية بالجسم,العناية بالجسم,زيت للجسم,113873,510,,false,https://cdn.shopify.com/s/files/1/0935/9550/0847/files/Vaseline_SoothingHydration_GelOil_200ml_PureWhite_1615x1615_31400f31-f859-4bff-ba95-fa9604ab00e3.webp?v=1772219624,منتج فازلين جل للجسم، زيت مرطب وملطف، 200 مل من Vaseline. التصنيف المرجعي: العناية بالجسم — زيت للجسم. الوسوم المرجعية: Body Care، Body Oil، Dry Skin.,https://alfouadpharmacies.com/en/products/vaseline-body-gel-oil-soothing-hydration-200ml,AlFouad Pharmacies,true,Verify usage rights before commercial publication,false,false,false,false,HOLD — REFERENCE ONLY
12689512235311,one-bond-body-splash-200ml-green-striker,ون بوند بودي سبلاش 200 مل جرين سترايكر,One Bond,العناية بالجسم,العناية بالجسم,,114591,250,,true,https://cdn.shopify.com/s/files/1/0935/9550/0847/files/ONEBONDBODYSPLASH200MLGREENSTRIKER.webp?v=1771847137,منتج ون بوند بودي سبلاش 200 مل جرين سترايكر من One Bond. التصنيف المرجعي: العناية بالجسم. الوسوم المرجعية: Body Mist، Body Spray، Men Care، Men’s Perfumes.,https://alfouadpharmacies.com/en/products/one-bond-body-splash-200ml-green-striker,AlFouad Pharmacies,true,Verify usage rights before commercial publication,false,false,false,false,HOLD — REFERENCE ONLY
12689457414447,innox-whitening-cream-50gm,كريم تبييض إنوكس ٥٠ غرام,Innox,العناية بالجسم,العناية بالجسم,,14264,350,0,true,https://cdn.shopify.com/s/files/1/0935/9550/0847/files/Annox_LighteningCream_50gm_PureWhite_1615x1615_1f05e498-29b7-46b3-a08a-063a08ce7fce.webp?v=1772200582,منتج كريم تبييض إنوكس ٥٠ غرام من Innox. التصنيف المرجعي: العناية بالجسم. الوسوم المرجعية: Body Care، Dark Spots، Even Skin Tone / Pigmentation، Whitining Cream.,https://alfouadpharmacies.com/en/products/innox-whitening-cream-50gm,AlFouad Pharmacies,true,Verify usage rights before commercial publication,false,false,false,false,HOLD — REFERENCE ONLY
10572107088175,rexona-roll-on-50ml-shower-fresh,ريكسونا رول أون 50 مل - رائحة منعشة بعد الاستحمام,REXONA,العناية بالجسم,العناية بالجسم,بسيط,107803,92,,true,https://cdn.shopify.com/s/files/1/0935/9550/0847/files/Rexona-Roll-_E2_80_93-on-50-ml-Shower-Fresh.webp?v=1754296967,منتج ريكسونا رول أون 50 مل - رائحة منعشة بعد الاستحمام من REXONA. التصنيف المرجعي: العناية بالجسم — بسيط. الوسوم المرجعية: Body Care، Deodrant، Roll-on.,https://alfouadpharmacies.com/en/products/rexona-roll-on-50ml-shower-fresh,AlFouad Pharmacies,true,Verify usage rights before commercial publication,false,false,false,false,HOLD — REFERENCE ONLY
10570011967791,sonata-88304,سوناتا (88304) - مبرد + شوكة إزالة الجلد,AlFouad Pharmacies,العناية بالجسم,العناية بالجسم,بسيط,30882,98,,true,https://cdn.shopify.com/s/files/1/0935/9550/0847/files/Sonata-88304-_D9_85_D8_A8_D8_B1_D8_AF_D8_B4_D9_88_D9_83_D9_87-_D9_86_D8_B2_D8_B9-_D8_AC_D9_84_D8_AF.webp?v=1754297049,منتج سوناتا (88304) - مبرد + شوكة إزالة الجلد من AlFouad Pharmacies. التصنيف المرجعي: العناية بالجسم — بسيط. الوسوم المرجعية: Accessories، Beauty & Accessories، Body Care، Files، Hands & Feet، Nails.,https://alfouadpharmacies.com/en/products/sonata-88304,AlFouad Pharmacies,true,Verify usage rights before commercial publication,false,false,false,false,HOLD — REFERENCE ONLY
10570010722607,mustela-stelatopia-cleansing-gel-200ml,جل تنظيف ستيلاتيوبيا من موستيلا 200 مل,Mustela,العناية بالجسم,العناية بالجسم,بسيط,112935,1045,,true,https://cdn.shopify.com/s/files/1/0935/9550/0847/files/Mustela-Stelatopia-Cleansing-Gel-200ML.webp?v=1754297065,منتج جل تنظيف ستيلاتيوبيا من موستيلا 200 مل من Mustela. التصنيف المرجعي: العناية بالجسم — بسيط. الوسوم المرجعية: Body Care، Body Concerns، Body Wash، Dry Skin body concerns، Kids Care، Kids Concerns، Kids Dry Skin، Kids Shower.,https://alfouadpharmacies.com/en/products/mustela-stelatopia-cleansing-gel-200ml,AlFouad Pharmacies,true,Verify usage rights before commercial publication,false,false,false,false,HOLD — REFERENCE ONLY
10569997287727,gillete-venus-emprs-4-blades,جليت فينوس إيمبرس 4 شفرات,AlFouad Pharmacies,العناية بالجسم,العناية بالجسم,بسيط,86608,735,,true,https://cdn.shopify.com/s/files/1/0935/9550/0847/files/Gtt-Venus-Emprs-4-Blades-527.webp?v=1754297145,منتج جليت فينوس إيمبرس 4 شفرات من AlFouad Pharmacies. التصنيف المرجعي: العناية بالجسم — بسيط. الوسوم المرجعية: Body Care، Hair Removal، Razor Refills (Blades).,https://alfouadpharmacies.com/en/products/gillete-venus-emprs-4-blades,AlFouad Pharmacies,true,Verify usage rights before commercial publication,false,false,false,false,HOLD — REFERENCE ONLY
10569997058351,gillete-fusion-proshield-1-razor-2-blades,جليت فوشيون برو شيلد (حلاقة واحدة + شفرتين),AlFouad Pharmacies,العناية بالجسم,العناية بالجسم,بسيط,90444,733,,true,https://cdn.shopify.com/s/files/1/0935/9550/0847/files/Gtt-Fusion-Proshield-1-Razor-2-Blades-3027990.webp?v=1754297145,منتج جليت فوشيون برو شيلد (حلاقة واحدة + شفرتين) من AlFouad Pharmacies. التصنيف المرجعي: العناية بالجسم — بسيط. الوسوم المرجعية: Body Care، Hair Removal، Men Care، Razor Handel.,https://alfouadpharmacies.com/en/products/gillete-fusion-proshield-1-razor-2-blades,AlFouad Pharmacies,true,Verify usage rights before commercial publication,false,false,false,false,HOLD — REFERENCE ONLY
10569995256111,gillete-fusion5-proglid-flexballrazorblade,جليت فيوجن 5 برو جلايد فليكس بول (موس حلاقة + شفرة),AlFouad Pharmacies,العناية بالجسم,العناية بالجسم,بسيط,104513,428,,false,https://cdn.shopify.com/s/files/1/0935/9550/0847/files/Gtt-FUSION.5-Proglid-Flexballrazorblade.webp?v=1754297159,منتج جليت فيوجن 5 برو جلايد فليكس بول (موس حلاقة + شفرة) من AlFouad Pharmacies. التصنيف المرجعي: العناية بالجسم — بسيط. الوسوم المرجعية: Body Care، Hair Removal، Razor Handel.,https://alfouadpharmacies.com/en/products/gillete-fusion5-proglid-flexballrazorblade,AlFouad Pharmacies,true,Verify usage rights before commercial publication,false,false,false,false,HOLD — REFERENCE ONLY
10569995157807,gtt-blue3-sensitive-93,جي تي تي بلو.3 حساس (9+3),AlFouad Pharmacies,العناية بالجسم,العناية بالجسم,بسيط,108362,422,,true,https://cdn.shopify.com/s/files/1/0935/9550/0847/files/Gtt-BLUE.3-Sensitive-93-646.webp?v=1754297161,منتج جي تي تي بلو.3 حساس (9+3) من AlFouad Pharmacies. التصنيف المرجعي: العناية بالجسم — بسيط. الوسوم المرجعية: Body Care، Hair Removal، Men Care، Razor Handel.,https://alfouadpharmacies.com/en/products/gtt-blue3-sensitive-93,AlFouad Pharmacies,true,Verify usage rights before commercial publication,false,false,false,false,HOLD — REFERENCE ONLY
10569995059503,gillete-blue3-93-pcs,جيليت بلو 3 (9 + 3 قطع),AlFouad Pharmacies,العناية بالجسم,العناية بالجسم,بسيط,91527,445,,true,https://cdn.shopify.com/s/files/1/0935/9550/0847/files/Gtt-BLUE.3-93-Pcs-608.webp?v=1754297162,منتج جيليت بلو 3 (9 + 3 قطع) من AlFouad Pharmacies. التصنيف المرجعي: العناية بالجسم — بسيط. الوسوم المرجعية: Body Care، Hair Removal، Men Care، Razor Handel.,https://alfouadpharmacies.com/en/products/gillete-blue3-93-pcs,AlFouad Pharmacies,true,Verify usage rights before commercial publication,false,false,false,false,HOLD — REFERENCE ONLY
10569995026735,gillete-shaving-gel-200-ml-icy-cool-menthol,جل الحلاقة جليت 200 مل، منكه بالنعناع البارد,AlFouad Pharmacies,العناية بالجسم,العناية بالجسم,بسيط,82887,350,,true,https://cdn.shopify.com/s/files/1/0935/9550/0847/files/Gtt-Shaving-Gel-200-ml-Icy-Cool-Menthol-150.webp?v=1754297163,منتج جل الحلاقة جليت 200 مل، منكه بالنعناع البارد من AlFouad Pharmacies. التصنيف المرجعي: العناية بالجسم — بسيط. الوسوم المرجعية: Body Care، Hair Removal، Men Care، Shaving Gel.,https://alfouadpharmacies.com/en/products/gillete-shaving-gel-200-ml-icy-cool-menthol,AlFouad Pharmacies,true,Verify usage rights before commercial publication,false,false,false,false,HOLD — REFERENCE ONLY
10569994043695,gtt-shaving-foam-200-ml-regular-normal,رغوة حلاقة جي تي تي 200 مل (عادية) أحمر,AlFouad Pharmacies,العناية بالجسم,العناية بالجسم,بسيط,88756,250,,false,https://cdn.shopify.com/s/files/1/0935/9550/0847/files/Gtt-Shaving-Foam-200-ml-Regular-Normal-_D8_A7_D8_AD_D9_85_D8_B1.webp?v=1754297178,منتج رغوة حلاقة جي تي تي 200 مل (عادية) أحمر من AlFouad Pharmacies. التصنيف المرجعي: العناية بالجسم — بسيط. الوسوم المرجعية: Body Care، Hair Removal، Shaving Foam.,https://alfouadpharmacies.com/en/products/gtt-shaving-foam-200-ml-regular-normal,AlFouad Pharmacies,true,Verify usage rights before commercial publication,false,false,false,false,HOLD — REFERENCE ONLY
10569993191727,gtt-blue3-comfort-3-pcs,جي تي تي بلو.3 كومفورت (3 قطع),AlFouad Pharmacies,العناية بالجسم,العناية بالجسم,بسيط,97686,154,,true,https://cdn.shopify.com/s/files/1/0935/9550/0847/files/Gtt-BLUE.3-Comfort-3-Pcs.webp?v=1754297192,منتج جي تي تي بلو.3 كومفورت (3 قطع) من AlFouad Pharmacies. التصنيف المرجعي: العناية بالجسم — بسيط. الوسوم المرجعية: Body Care، Hair Removal، Razor Handel.,https://alfouadpharmacies.com/en/products/gtt-blue3-comfort-3-pcs,AlFouad Pharmacies,true,Verify usage rights before commercial publication,false,false,false,false,HOLD — REFERENCE ONLY
10569992634671,gtt-venus-simply-1razor,Gtt Venus Simply (شفرة حلاقة واحدة),AlFouad Pharmacies,العناية بالجسم,العناية بالجسم,بسيط,88939,27,,false,https://cdn.shopify.com/s/files/1/0935/9550/0847/files/Gtt-VENUS.2-1-Razor-698_3e51ffca-3a66-40a8-9c72-e201215634c9.webp?v=1754297200,منتج Gtt Venus Simply (شفرة حلاقة واحدة) من AlFouad Pharmacies. التصنيف المرجعي: العناية بالجسم — بسيط. الوسوم المرجعية: Body Care، Hair Removal، Razor Handel.,https://alfouadpharmacies.com/en/products/gtt-venus-simply-1razor,AlFouad Pharmacies,true,Verify usage rights before commercial publication,false,false,false,false,HOLD — REFERENCE ONLY
10569944989999,old-spice-deod-stick-73gm-fiji,مزيل عرق أولد سبايس، عصا، 73 غرام، فيجي,AlFouad Pharmacies,العناية بالجسم,العناية بالجسم,بسيط,103119,280,,false,https://cdn.shopify.com/s/files/1/0935/9550/0847/files/Old-Spice-Deod-Stick-73GM-Fiji.webp?v=1754297693,منتج مزيل عرق أولد سبايس، عصا، 73 غرام، فيجي من AlFouad Pharmacies. التصنيف المرجعي: العناية بالجسم — بسيط. الوسوم المرجعية: Body Care، Deodrant.,https://alfouadpharmacies.com/en/products/old-spice-deod-stick-73gm-fiji,AlFouad Pharmacies,true,Verify usage rights before commercial publication,false,false,false,false,HOLD — REFERENCE ONLY
10569944432943,old-spice-deod-stick-73gm-harbor,مزيل عرق أولد سبايس، عصا، 73 غرام، هاربور,AlFouad Pharmacies,العناية بالجسم,العناية بالجسم,بسيط,17620,280,,false,https://cdn.shopify.com/s/files/1/0935/9550/0847/files/Old-Spice-Deod-Stick-73GM-Harbor.webp?v=1754297701,منتج مزيل عرق أولد سبايس، عصا، 73 غرام، هاربور من AlFouad Pharmacies. التصنيف المرجعي: العناية بالجسم — بسيط. الوسوم المرجعية: Body Care، Deodrant.,https://alfouadpharmacies.com/en/products/old-spice-deod-stick-73gm-harbor,AlFouad Pharmacies,true,Verify usage rights before commercial publication,false,false,false,false,HOLD — REFERENCE ONLY
10569938796847,tetra-glow-whitening-oxygen-bubbles-roll-on-50ml,رول أون فقاعات الأكسجين المبيضة تريتا جلو 50 مل,Tetra Glow,العناية بالجسم,العناية بالجسم,بسيط,112543,275,,true,https://cdn.shopify.com/s/files/1/0935/9550/0847/files/Tetra-Glow-Whitening-Oxygen-Bubbles-Roll-On-50ML.webp?v=1754297760,منتج رول أون فقاعات الأكسجين المبيضة تريتا جلو 50 مل من Tetra Glow. التصنيف المرجعي: العناية بالجسم — بسيط. الوسوم المرجعية: Body Care، Body Concerns، Deodrant، Even Skin Tone / Pigmentation، Roll-on، Sensetive Skin.,https://alfouadpharmacies.com/en/products/tetra-glow-whitening-oxygen-bubbles-roll-on-50ml,AlFouad Pharmacies,true,Verify usage rights before commercial publication,false,false,false,false,HOLD — REFERENCE ONLY
10569929130287,breathe-body-mist-100ml-simply-white,بخاخ الجسم Breathe 100 مل، إصدار Simply White,AlFouad Pharmacies,العناية بالجسم,العناية بالجسم,بسيط,112404,220,,true,https://cdn.shopify.com/s/files/1/0935/9550/0847/files/Breathe-Body-Mist-100ML-Simply-White.webp?v=1754297802,منتج بخاخ الجسم Breathe 100 مل، إصدار Simply White من AlFouad Pharmacies. التصنيف المرجعي: العناية بالجسم — بسيط. الوسوم المرجعية: Body Care، Body Mist، Body Spray، Deodrant.,https://alfouadpharmacies.com/en/products/breathe-body-mist-100ml-simply-white,AlFouad Pharmacies,true,Verify usage rights before commercial publication,false,false,false,false,HOLD — REFERENCE ONLY
10569928966447,breathe-body-mist-100ml-head-over-heels,بخاخ الجسم Breathe 100 مل Head Over Heels,AlFouad Pharmacies,العناية بالجسم,العناية بالجسم,بسيط,112402,270,,true,https://cdn.shopify.com/s/files/1/0935/9550/0847/files/Breathe-Body-Mist-100ML-Head-Over-Heels.webp?v=1754297802,منتج بخاخ الجسم Breathe 100 مل Head Over Heels من AlFouad Pharmacies. التصنيف المرجعي: العناية بالجسم — بسيط. الوسوم المرجعية: Body Care، Body Mist، Body Spray، Deodrant.,https://alfouadpharmacies.com/en/products/breathe-body-mist-100ml-head-over-heels,AlFouad Pharmacies,true,Verify usage rights before commercial publication,false,false,false,false,HOLD — REFERENCE ONLY
10569927491887,vaseline-petroleum-jelly-100ml-original-off,فازلين جل بترولي أصلي 100 مل,Vaseline OFF,العناية بالجسم,العناية بالجسم,بسيط,104531,77,,false,https://cdn.shopify.com/s/files/1/0935/9550/0847/files/Vaseline-Petroleum-Jelly-100ML-Orginal-Off.webp?v=1754297810,منتج فازلين جل بترولي أصلي 100 مل من Vaseline OFF. التصنيف المرجعي: العناية بالجسم — بسيط. الوسوم المرجعية: Body Care، Body Concerns، Dry Skin body concerns.,https://alfouadpharmacies.com/en/products/vaseline-petroleum-jelly-100ml-original-off,AlFouad Pharmacies,true,Verify usage rights before commercial publication,false,false,false,false,HOLD — REFERENCE ONLY
10569926869295,vaseline-body-lotion-400ml-aloe-soothe,لوشن الجسم فازلين 400 مل، الصبار المهدئ,Vaseline,العناية بالجسم,العناية بالجسم,بسيط,96870,265,,false,https://cdn.shopify.com/s/files/1/0935/9550/0847/files/Vaseline-Body-Lotion-400ML-Aloe-Soothe.webp?v=1754297816,منتج لوشن الجسم فازلين 400 مل، الصبار المهدئ من Vaseline. التصنيف المرجعي: العناية بالجسم — بسيط. الوسوم المرجعية: Body Care، Body Concerns، Body Lotion، Dry Skin body concerns.,https://alfouadpharmacies.com/en/products/vaseline-body-lotion-400ml-aloe-soothe,AlFouad Pharmacies,true,Verify usage rights before commercial publication,false,false,false,false,HOLD — REFERENCE ONLY
10569919004975,real-man-fresh-active-perfume-spray-150ml,رذاذ عطر ريل مان فريش اكتيف 150 مل,AlFouad Pharmacies,العناية بالجسم,العناية بالجسم,بسيط,11960,88,,true,https://cdn.shopify.com/s/files/1/0935/9550/0847/files/Real-Man-Fresh-Active-Perfume-Spray-150ML.webp?v=1754297918,منتج رذاذ عطر ريل مان فريش اكتيف 150 مل من AlFouad Pharmacies. التصنيف المرجعي: العناية بالجسم — بسيط. الوسوم المرجعية: Body Care، Body Spray، Deodrant.,https://alfouadpharmacies.com/en/products/real-man-fresh-active-perfume-spray-150ml,AlFouad Pharmacies,true,Verify usage rights before commercial publication,false,false,false,false,HOLD — REFERENCE ONLY
10569915498799,nivea-soft-moisturizing-cream-300ml,كريم نيفيا سوفت المرطب 300 مل,AlFouad Pharmacies,العناية بالجسم,العناية بالجسم,بسيط,80668,170,,true,https://cdn.shopify.com/s/files/1/0935/9550/0847/files/Nivea-Soft-Moisturizing-Cream-300ML.webp?v=1754297952,منتج كريم نيفيا سوفت المرطب 300 مل من AlFouad Pharmacies. التصنيف المرجعي: العناية بالجسم — بسيط. الوسوم المرجعية: Body Care، Body Concerns، Dry Skin body concerns، Moisturizer Cream، Moisturizers، Skin Care.,https://alfouadpharmacies.com/en/products/nivea-soft-moisturizing-cream-300ml,AlFouad Pharmacies,true,Verify usage rights before commercial publication,false,false,false,false,HOLD — REFERENCE ONLY
10569914581295,nivea-soft-cream-50ml-cocoa-butter,نيفيا كريم سوفت 50 مل زبدة الكاكاو,AlFouad Pharmacies,العناية بالجسم,العناية بالجسم,بسيط,107795,45,,true,https://cdn.shopify.com/s/files/1/0935/9550/0847/files/Nivea-Soft-Cream-50ML-Cocoa-Butter.webp?v=1754297956,منتج نيفيا كريم سوفت 50 مل زبدة الكاكاو من AlFouad Pharmacies. التصنيف المرجعي: العناية بالجسم — بسيط. الوسوم المرجعية: Body Care، Body Concerns، Dry Skin body concerns، Moisturizer Cream، Moisturizers، Skin Care.,https://alfouadpharmacies.com/en/products/nivea-soft-cream-50ml-cocoa-butter,AlFouad Pharmacies,true,Verify usage rights before commercial publication,false,false,false,false,HOLD — REFERENCE ONLY
10569910485295,nivea-men-facebodyhand-cream-75ml,نيفيا كريم للرجال للوجه والجسم واليدين 75 مل,AlFouad Pharmacies,العناية بالجسم,العناية بالجسم,بسيط,110949,200,,true,https://cdn.shopify.com/s/files/1/0935/9550/0847/files/Nivea-Men-FACE.BODY_.HAND-Cream-75ML.webp?v=1754298001,منتج نيفيا كريم للرجال للوجه والجسم واليدين 75 مل من AlFouad Pharmacies. التصنيف المرجعي: العناية بالجسم — بسيط. الوسوم المرجعية: Body Care، Body Concerns، Dry Skin body concerns، Men Care.,https://alfouadpharmacies.com/en/products/nivea-men-facebodyhand-cream-75ml,AlFouad Pharmacies,true,Verify usage rights before commercial publication,false,false,false,false,HOLD — REFERENCE ONLY
10569909797167,nivea-deod-stick-50ml-dry-comfort-new,نييفا مزيل عرق عصا 50 مل راحة جافة (جديد),AlFouad Pharmacies,العناية بالجسم,العناية بالجسم,بسيط,31263,350,,true,https://cdn.shopify.com/s/files/1/0935/9550/0847/files/Nivea-Deod-Stick-50-ml-Dry-Comfort-New.webp?v=1754298010,منتج نييفا مزيل عرق عصا 50 مل راحة جافة (جديد) من AlFouad Pharmacies. التصنيف المرجعي: العناية بالجسم — بسيط. الوسوم المرجعية: Body Care، Deodrant.,https://alfouadpharmacies.com/en/products/nivea-deod-stick-50ml-dry-comfort-new,AlFouad Pharmacies,true,Verify usage rights before commercial publication,false,false,false,false,HOLD — REFERENCE ONLY
10569907700015,nivea-cream-blue-60ml,نيفيا كريم أزرق 60 مل,AlFouad Pharmacies,العناية بالجسم,العناية بالجسم,بسيط,7043,80.5,,true,https://cdn.shopify.com/s/files/1/0935/9550/0847/files/Nivea-Cream-Blue-60ML.webp?v=1754298043,منتج نيفيا كريم أزرق 60 مل من AlFouad Pharmacies. التصنيف المرجعي: العناية بالجسم — بسيط. الوسوم المرجعية: Body Care، Body Concerns، Body Cream، Dry Skin body concerns، Skin Care.,https://alfouadpharmacies.com/en/products/nivea-cream-blue-60ml,AlFouad Pharmacies,true,Verify usage rights before commercial publication,false,false,false,false,HOLD — REFERENCE ONLY
10569907601711,nivea-cream-blue-30ml,نيفيا كريم أزرق 30 مل,AlFouad Pharmacies,العناية بالجسم,العناية بالجسم,بسيط,7051,46,,true,https://cdn.shopify.com/s/files/1/0935/9550/0847/files/Nivea-Cream-Blue-30ML.webp?v=1754298044,منتج نيفيا كريم أزرق 30 مل من AlFouad Pharmacies. التصنيف المرجعي: العناية بالجسم — بسيط. الوسوم المرجعية: Body Care، Body Concerns، Body Cream، Dry Skin body concerns، Skin Care.,https://alfouadpharmacies.com/en/products/nivea-cream-blue-30ml,AlFouad Pharmacies,true,Verify usage rights before commercial publication,false,false,false,false,HOLD — REFERENCE ONLY
10569906749743,luna-nail-polish-remover-strawberry-100ml,مزيل طلاء أظافر لونا بنكهة الفراولة 100 مل,AlFouad Pharmacies,العناية بالجسم,العناية بالجسم,بسيط,9039,40,,true,https://cdn.shopify.com/s/files/1/0935/9550/0847/files/Luna-Nail-Polish-Remover-Strawberry-100ML.webp?v=1754298053,منتج مزيل طلاء أظافر لونا بنكهة الفراولة 100 مل من AlFouad Pharmacies. التصنيف المرجعي: العناية بالجسم — بسيط. الوسوم المرجعية: Body Care، Hands & Feet، Kids Care، Kids Hair، Nails.,https://alfouadpharmacies.com/en/products/luna-nail-polish-remover-strawberry-100ml,AlFouad Pharmacies,true,Verify usage rights before commercial publication,false,false,false,false,HOLD — REFERENCE ONLY
10569897279791,lifebuoy-hand-wash-450ml-total-10,غسول اليدين لايف بوي 450 مل، إجمالي 10,AlFouad Pharmacies,العناية بالجسم,العناية بالجسم,بسيط,99216,120,,true,https://cdn.shopify.com/s/files/1/0935/9550/0847/files/Lifebuoy-Hand-Wash-450ML-Total-10.webp?v=1754298177,منتج غسول اليدين لايف بوي 450 مل، إجمالي 10 من AlFouad Pharmacies. التصنيف المرجعي: العناية بالجسم — بسيط. الوسوم المرجعية: Body Care، Hand Wash.,https://alfouadpharmacies.com/en/products/lifebuoy-hand-wash-450ml-total-10,AlFouad Pharmacies,true,Verify usage rights before commercial publication,false,false,false,false,HOLD — REFERENCE ONLY
10569866084655,fogg-roll-on-50ml-splandid-women,فوج رول أون 50 مل سبلانيد/ نسائي,fogg,العناية بالجسم,العناية بالجسم,بسيط,91932,75,0,true,https://cdn.shopify.com/s/files/1/0935/9550/0847/files/Fogg-Roll-On-50ML-Splandid-Women.webp?v=1754298285,منتج فوج رول أون 50 مل سبلانيد/ نسائي من fogg. التصنيف المرجعي: العناية بالجسم — بسيط. الوسوم المرجعية: Body Care، Body Spray، Deodrant.,https://alfouadpharmacies.com/en/products/fogg-roll-on-50ml-splandid-women,AlFouad Pharmacies,true,Verify usage rights before commercial publication,false,false,false,false,HOLD — REFERENCE ONLY
10569865789743,fogg-fine-spray-120ml-fizzy-dew,بخاخ فوغ ناعم 120 مل، رذاذ فقاعي منعش,fogg,العناية بالجسم,العناية بالجسم,بسيط,5765,160,0,true,https://cdn.shopify.com/s/files/1/0935/9550/0847/files/Fogg-Fine-Spray-120ML-Fizzy-Dew.webp?v=1754298290,منتج بخاخ فوغ ناعم 120 مل، رذاذ فقاعي منعش من fogg. التصنيف المرجعي: العناية بالجسم — بسيط. الوسوم المرجعية: Body Care، Body Spray، Deodrant.,https://alfouadpharmacies.com/en/products/fogg-fine-spray-120ml-fizzy-dew,AlFouad Pharmacies,true,Verify usage rights before commercial publication,false,false,false,false,HOLD — REFERENCE ONLY
10569865330991,axe-body-spray-150ml-dark-tempetationclear-off,بخاخ الجسم Axe 150 مل، إصدار Dark Temptation + Clear Off,AlFouad Pharmacies,العناية بالجسم,العناية بالجسم,بسيط,13120,195,,false,https://cdn.shopify.com/s/files/1/0935/9550/0847/files/Axe-Body-Spray-150ML-Dark-Temp-Clear-Sh-90ML-Off_bb573ed8-a9f9-4d40-983e-27a23b8c93cd.webp?v=1754298294,منتج بخاخ الجسم Axe 150 مل، إصدار Dark Temptation + Clear Off من AlFouad Pharmacies. التصنيف المرجعي: العناية بالجسم — بسيط. الوسوم المرجعية: Body Care، Body Offers، Body Spray، Deodrant.,https://alfouadpharmacies.com/en/products/axe-body-spray-150ml-dark-tempetationclear-off,AlFouad Pharmacies,true,Verify usage rights before commercial publication,false,false,false,false,HOLD — REFERENCE ONLY
10569864184111,axe-body-spray-150ml-black-clear-sh-90mll-off,بخاخ الجسم Axe 150 مل أسود + بخاخ شفاف 90 مل، خصم 90 مل.,AlFouad Pharmacies,العناية بالجسم,العناية بالجسم,بسيط,13121,195,,false,https://cdn.shopify.com/s/files/1/0935/9550/0847/files/Axe-Body-Spray-150ML-Black-Clear-Sh-90ML-Off.webp?v=1754298304,منتج بخاخ الجسم Axe 150 مل أسود + بخاخ شفاف 90 مل، خصم 90 مل. من AlFouad Pharmacies. التصنيف المرجعي: العناية بالجسم — بسيط. الوسوم المرجعية: Body Care، Body Offers، Body Spray، Deodrant.,https://alfouadpharmacies.com/en/products/axe-body-spray-150ml-black-clear-sh-90mll-off,AlFouad Pharmacies,true,Verify usage rights before commercial publication,false,false,false,false,HOLD — REFERENCE ONLY
10569859268911,bathampbody-works-bmist-236ml-cucumber,بخاخ Bath&amp;Body Works B.MIST 236 مل بنكهة الخيار,Bath and Body,العناية بالجسم,العناية بالجسم,بسيط,104613,800,,true,https://cdn.shopify.com/s/files/1/0935/9550/0847/files/BathBody-Works-B.MIST-236ML-Cucumber.webp?v=1754298349,منتج بخاخ Bath&amp;Body Works B.MIST 236 مل بنكهة الخيار من Bath and Body. التصنيف المرجعي: العناية بالجسم — بسيط. الوسوم المرجعية: Body Care، Body Mist، Body Splash، Body Spray، Deodrant، Perfumes.,https://alfouadpharmacies.com/en/products/bathampbody-works-bmist-236ml-cucumber,AlFouad Pharmacies,true,Verify usage rights before commercial publication,false,false,false,false,HOLD — REFERENCE ONLY
10569858941231,bathampbody-works-bmist-236ml-butter-fly,بخاخ Bath&amp;Body Works B.MIST 236 مل، رائحة الفراشة,Bath and Body,العناية بالجسم,العناية بالجسم,بسيط,14384,800,,false,https://cdn.shopify.com/s/files/1/0935/9550/0847/files/BathBody-Works-B.MIST-236ML-Butter-Fly.webp?v=1754298351,منتج بخاخ Bath&amp;Body Works B.MIST 236 مل، رائحة الفراشة من Bath and Body. التصنيف المرجعي: العناية بالجسم — بسيط. الوسوم المرجعية: Body Care، Body Mist، Body Splash، Body Spray، Deodrant، Perfumes.,https://alfouadpharmacies.com/en/products/bathampbody-works-bmist-236ml-butter-fly,AlFouad Pharmacies,true,Verify usage rights before commercial publication,false,false,false,false,HOLD — REFERENCE ONLY
10569857696047,dove-soap-100-gm-lavanderampchamomile,صابون دوف 100 غرام، رائحة الخزامى والبابونج,Dove,العناية بالجسم,العناية بالجسم,بسيط,14988,47,,true,https://cdn.shopify.com/s/files/1/0935/9550/0847/files/Dove-Soap-100-GM-LavanderChamomile.webp?v=1754298364,منتج صابون دوف 100 غرام، رائحة الخزامى والبابونج من Dove. التصنيف المرجعي: العناية بالجسم — بسيط. الوسوم المرجعية: Body Care، Body Wash.,https://alfouadpharmacies.com/en/products/dove-soap-100-gm-lavanderampchamomile,AlFouad Pharmacies,true,Verify usage rights before commercial publication,false,false,false,false,HOLD — REFERENCE ONLY
10569856123183,dove-hand-washampcream-invigo-ritual-offer,عرض Dove Hand Wash&amp;Cream Invigo Ritual,Dove off,العناية بالجسم,العناية بالجسم,بسيط,9498,130,,false,https://cdn.shopify.com/s/files/1/0935/9550/0847/files/Dove-Hand-WashCream-Invigo-Ritual-Offer.webp?v=1754298382,منتج عرض Dove Hand Wash&amp;Cream Invigo Ritual من Dove off. التصنيف المرجعي: العناية بالجسم — بسيط. الوسوم المرجعية: Body Care، Hand Wash.,https://alfouadpharmacies.com/en/products/dove-hand-washampcream-invigo-ritual-offer,AlFouad Pharmacies,true,Verify usage rights before commercial publication,false,false,false,false,HOLD — REFERENCE ONLY
10569855172911,dove-hand-wash-500ml-coconut,غسول اليدين دوف 500 مل، نكهة جوز الهند,Dove,العناية بالجسم,العناية بالجسم,بسيط,107420,115,,true,https://cdn.shopify.com/s/files/1/0935/9550/0847/files/Dove-Hand-Wash-500ML-Coconut.webp?v=1754298391,منتج غسول اليدين دوف 500 مل، نكهة جوز الهند من Dove. التصنيف المرجعي: العناية بالجسم — بسيط. الوسوم المرجعية: Body Care، Hand Wash.,https://alfouadpharmacies.com/en/products/dove-hand-wash-500ml-coconut,AlFouad Pharmacies,true,Verify usage rights before commercial publication,false,false,false,false,HOLD — REFERENCE ONLY
10569854550319,victoria-secret-body-mist-250ml-exotic,بخاخ جسم فيكتوريا سيكرت، 250 مل، رائحة إكستيكية.,Victoria Secret,العناية بالجسم,العناية بالجسم,بسيط,107519,650,,false,https://cdn.shopify.com/s/files/1/0935/9550/0847/files/V.S-B.-Body-Mist-250ML-Exotic.webp?v=1754298397,منتج بخاخ جسم فيكتوريا سيكرت، 250 مل، رائحة إكستيكية. من Victoria Secret. التصنيف المرجعي: العناية بالجسم — بسيط. الوسوم المرجعية: Body Care، Body Mist، Body Splash، Body Spray، Deodrant، Perfumes.,https://alfouadpharmacies.com/en/products/victoria-secret-body-mist-250ml-exotic,AlFouad Pharmacies,true,Verify usage rights before commercial publication,false,false,false,false,HOLD — REFERENCE ONLY
10569840623919,camay-shower-gel-1liter-oud,جل استحمام كامي، عطر العود، 1 لتر,AlFouad Pharmacies,العناية بالجسم,العناية بالجسم,بسيط,14897,110,,false,https://cdn.shopify.com/s/files/1/0935/9550/0847/files/Camay-Shower-Gel-1LITER-Oud.webp?v=1754298514,منتج جل استحمام كامي، عطر العود، 1 لتر من AlFouad Pharmacies. التصنيف المرجعي: العناية بالجسم — بسيط. الوسوم المرجعية: Body Care، Body Wash.,https://alfouadpharmacies.com/en/products/camay-shower-gel-1liter-oud,AlFouad Pharmacies,true,Verify usage rights before commercial publication,false,false,false,false,HOLD — REFERENCE ONLY
10569840296239,axe-pocket-spray-17ml-leatherampcookies,بخاخ الجسم المحمول Axe 17 مل، رائحة الجلد والكوكيز,AlFouad Pharmacies,العناية بالجسم,العناية بالجسم,بسيط,111288,65,,true,https://cdn.shopify.com/s/files/1/0935/9550/0847/files/Axe-Pocket-Spray-17ML-LeatherCookies.webp?v=1754298517,منتج بخاخ الجسم المحمول Axe 17 مل، رائحة الجلد والكوكيز من AlFouad Pharmacies. التصنيف المرجعي: العناية بالجسم — بسيط. الوسوم المرجعية: Body Care، Body Spray، Deodrant.,https://alfouadpharmacies.com/en/products/axe-pocket-spray-17ml-leatherampcookies,AlFouad Pharmacies,true,Verify usage rights before commercial publication,false,false,false,false,HOLD — REFERENCE ONLY
10569834365231,lux-shower-gel-500ml-silky-sensatiiongardinia-off,جل استحمام لاكس 500 مل، إحساس حريري/ زهور الجاردينيا,AlFouad Pharmacies,العناية بالجسم,العناية بالجسم,بسيط,95260,99,,true,https://cdn.shopify.com/s/files/1/0935/9550/0847/files/Lux-Shower-Gel-500ML-Silky-SensatiionGardinia-Off.webp?v=1754298565,منتج جل استحمام لاكس 500 مل، إحساس حريري/ زهور الجاردينيا من AlFouad Pharmacies. التصنيف المرجعي: العناية بالجسم — بسيط. الوسوم المرجعية: Body Care، Body Wash.,https://alfouadpharmacies.com/en/products/lux-shower-gel-500ml-silky-sensatiiongardinia-off,AlFouad Pharmacies,true,Verify usage rights before commercial publication,false,false,false,false,HOLD — REFERENCE ONLY
10569833054511,lux-hand-wash-500ml-soft-touchrose-offer,عرض غسول اليدين لاكس 500 مل، ناعم الملمس/رائحة الورد,AlFouad Pharmacies,العناية بالجسم,العناية بالجسم,بسيط,99857,99,,true,https://cdn.shopify.com/s/files/1/0935/9550/0847/files/Lux-Hand-Wash-500ML-Soft-TouchRose-Offer.webp?v=1754298574,منتج عرض غسول اليدين لاكس 500 مل، ناعم الملمس/رائحة الورد من AlFouad Pharmacies. التصنيف المرجعي: العناية بالجسم — بسيط. الوسوم المرجعية: Body Care، Hand Wash.,https://alfouadpharmacies.com/en/products/lux-hand-wash-500ml-soft-touchrose-offer,AlFouad Pharmacies,true,Verify usage rights before commercial publication,false,false,false,false,HOLD — REFERENCE ONLY
10569831514415,avuva-white-paste-100-gm-red-velvet,معجون أفوفا الأبيض 100 غرام ريد فيلفيت,AlFouad Pharmacies,العناية بالجسم,العناية بالجسم,بسيط,10714,35,,true,https://cdn.shopify.com/s/files/1/0935/9550/0847/files/Avuva-White-Paste-100-GM-Red-Velvet.webp?v=1754298585,منتج معجون أفوفا الأبيض 100 غرام ريد فيلفيت من AlFouad Pharmacies. التصنيف المرجعي: العناية بالجسم — بسيط. الوسوم المرجعية: Body Care، Body Concerns، Hair Removal، Sensetive Skin.,https://alfouadpharmacies.com/en/products/avuva-white-paste-100-gm-red-velvet,AlFouad Pharmacies,true,Verify usage rights before commercial publication,false,false,false,false,HOLD — REFERENCE ONLY
10569831350575,avuva-white-paste-100-gm-gold,معجون أفوفا الأبيض 100 غرام ذهبي,AlFouad Pharmacies,العناية بالجسم,العناية بالجسم,بسيط,10697,35,,true,https://cdn.shopify.com/s/files/1/0935/9550/0847/files/Avuva-white-paste-hair-removal-100-gm-GOLD-PASTE_1024x1024_3c0bcf57-b1d8-48bc-b90d-464aa45e7705.webp?v=1754298586,منتج معجون أفوفا الأبيض 100 غرام ذهبي من AlFouad Pharmacies. التصنيف المرجعي: العناية بالجسم — بسيط. الوسوم المرجعية: Body Care، Body Concerns، Hair Removal، Sensetive Skin.,https://alfouadpharmacies.com/en/products/avuva-white-paste-100-gm-gold,AlFouad Pharmacies,true,Verify usage rights before commercial publication,false,false,false,false,HOLD — REFERENCE ONLY
10569821552943,mood-body-milk-200-ml-cairo,حليب الجسم موود 200 مل القاهرة,MOOD,العناية بالجسم,العناية بالجسم,بسيط,6061,90,,true,https://cdn.shopify.com/s/files/1/0935/9550/0847/files/Mood-Body-Milk-200-ml-Cairo.webp?v=1754298652,منتج حليب الجسم موود 200 مل القاهرة من MOOD. التصنيف المرجعي: العناية بالجسم — بسيط. الوسوم المرجعية: Body Care، Body Concerns، Body Milk، Dry Skin body concerns، Smooth Texture.,https://alfouadpharmacies.com/en/products/mood-body-milk-200-ml-cairo,AlFouad Pharmacies,true,Verify usage rights before commercial publication,false,false,false,false,HOLD — REFERENCE ONLY
10569821061423,mood-hand-wash-500-ml-latino,غسول اليدين مود 500 مل لاتينو,MOOD,العناية بالجسم,العناية بالجسم,بسيط,108559,80,,true,https://cdn.shopify.com/s/files/1/0935/9550/0847/files/Aromal_sunscreen_gel_9.webp?v=1788869031,منتج غسول اليدين مود 500 مل لاتينو من MOOD. التصنيف المرجعي: العناية بالجسم — بسيط. الوسوم المرجعية: Body Care، Hand Wash.,https://alfouadpharmacies.com/en/products/mood-hand-wash-500-ml-latino,AlFouad Pharmacies,true,Verify usage rights before commercial publication,false,false,false,false,HOLD — REFERENCE ONLY
10569819455791,cote-bronzage-tanning-oil-spf-15-strawberry-jam-300ml,زيت تسمير البشرة كوت برونزاغ، حماية شمسية 15، بنكهة مربى الفراولة، 300 مل.,AlFouad Pharmacies,العناية بالجسم,العناية بالجسم,بسيط,1795,375,,false,https://cdn.shopify.com/s/files/1/0935/9550/0847/files/Cote-Bronzage-Tanning-Oil-Spf-15-Strawberry-Jam-300ml.webp?v=1754298666,منتج زيت تسمير البشرة كوت برونزاغ، حماية شمسية 15، بنكهة مربى الفراولة، 300 مل. من AlFouad Pharmacies. التصنيف المرجعي: العناية بالجسم — بسيط. الوسوم المرجعية: Body Care، Skin Care، Skin Concerns، Sun Care، Sun Tan، Sunscreen، Tanning Oil.,https://alfouadpharmacies.com/en/products/cote-bronzage-tanning-oil-spf-15-strawberry-jam-300ml,AlFouad Pharmacies,true,Verify usage rights before commercial publication,false,false,false,false,HOLD — REFERENCE ONLY
10569819160879,cote-bronzage-tanning-oil-spf-0-coconut-300ml,زيت تسمير البشرة كوت برونزاغ، بدون حماية من الشمس، جوز الهند، 300 مل,AlFouad Pharmacies,العناية بالجسم,العناية بالجسم,بسيط,1622,375,,false,https://cdn.shopify.com/s/files/1/0935/9550/0847/files/Cote-Bronzage-Tanning-Oil-Spf-0-Coconut-300ml.webp?v=1754298668,منتج زيت تسمير البشرة كوت برونزاغ، بدون حماية من الشمس، جوز الهند، 300 مل من AlFouad Pharmacies. التصنيف المرجعي: العناية بالجسم — بسيط. الوسوم المرجعية: Body Care، Skin Care، Skin Concerns، Sun Care، Sun Tan، Sunscreen، Tanning Oil.,https://alfouadpharmacies.com/en/products/cote-bronzage-tanning-oil-spf-0-coconut-300ml,AlFouad Pharmacies,true,Verify usage rights before commercial publication,false,false,false,false,HOLD — REFERENCE ONLY
10569819095343,cote-bronzage-tanning-oil-spf-0-cacao-300ml,زيت تسمير البشرة كوت برونزاغ، بدون حماية من الشمس، بنكهة الكاكاو، 300 مل.,AlFouad Pharmacies,العناية بالجسم,العناية بالجسم,بسيط,1614,375,,false,https://cdn.shopify.com/s/files/1/0935/9550/0847/files/Cote-Bronzage-Tanning-Oil-Spf-0-Cacao-300ml.webp?v=1754298668,منتج زيت تسمير البشرة كوت برونزاغ، بدون حماية من الشمس، بنكهة الكاكاو، 300 مل. من AlFouad Pharmacies. التصنيف المرجعي: العناية بالجسم — بسيط. الوسوم المرجعية: Body Care، Skin Care، Skin Concerns، Sun Care، Sun Tan، Sunscreen، Tanning Oil.,https://alfouadpharmacies.com/en/products/cote-bronzage-tanning-oil-spf-0-cacao-300ml,AlFouad Pharmacies,true,Verify usage rights before commercial publication,false,false,false,false,HOLD — REFERENCE ONLY
10569818734895,mood-shower-gel-750-ml-vienna,جل استحمام معطر 750 مل فيينا,MOOD,العناية بالجسم,العناية بالجسم,بسيط,22387,99,,true,https://cdn.shopify.com/s/files/1/0935/9550/0847/files/Mood-Shower-Gel-750-ml-Vienna.webp?v=1754298670,منتج جل استحمام معطر 750 مل فيينا من MOOD. التصنيف المرجعي: العناية بالجسم — بسيط. الوسوم المرجعية: Body Care، Body Wash.,https://alfouadpharmacies.com/en/products/mood-shower-gel-750-ml-vienna,AlFouad Pharmacies,true,Verify usage rights before commercial publication,false,false,false,false,HOLD — REFERENCE ONLY
10569817456943,mood-vienna-set-1-body-lotion-150-gmbody-splash-220-mlhand-cream-50-gm,مجموعة مود فيينا رقم 1 (لوشن للجسم 150 غرام + بخاخ للجسم 220 مل + كريم يد 50 غرام),MOOD,العناية بالجسم,العناية بالجسم,بسيط,105498,390,,false,https://cdn.shopify.com/s/files/1/0935/9550/0847/files/Vienna.webp?v=1754298684,منتج مجموعة مود فيينا رقم 1 (لوشن للجسم 150 غرام + بخاخ للجسم 220 مل + كريم يد 50 غرام) من MOOD. التصنيف المرجعي: العناية بالجسم — بسيط. الوسوم المرجعية: Body Care، Bundle، mood offer.,https://alfouadpharmacies.com/en/products/mood-vienna-set-1-body-lotion-150-gmbody-splash-220-mlhand-cream-50-gm,AlFouad Pharmacies,true,Verify usage rights before commercial publication,false,false,false,false,HOLD — REFERENCE ONLY
10569817063727,mood-latino-body-lotion-150-gm,لوشن الجسم مود لاتينو 150 جم,MOOD,العناية بالجسم,العناية بالجسم,بسيط,22026,100,,true,https://cdn.shopify.com/s/files/1/0935/9550/0847/files/Mood-Latino-Body-Lotion-150-gm.webp?v=1754298688,منتج لوشن الجسم مود لاتينو 150 جم من MOOD. التصنيف المرجعي: العناية بالجسم — بسيط. الوسوم المرجعية: Body Care، Body Concerns، Body Lotion، Dry Skin body concerns.,https://alfouadpharmacies.com/en/products/mood-latino-body-lotion-150-gm,AlFouad Pharmacies,true,Verify usage rights before commercial publication,false,false,false,false,HOLD — REFERENCE ONLY
10569801171247,matriskin-gf7-serum-75ml,مصل ماتريسكن GF/7، 75 مل,AlFouad Pharmacies,العناية بالجسم,العناية بالجسم,بسيط,108920,729,,false,https://cdn.shopify.com/s/files/1/0935/9550/0847/files/Matriskin-GF7-Serum-75ML.webp?v=1754298797,منتج مصل ماتريسكن GF/7، 75 مل من AlFouad Pharmacies. التصنيف المرجعي: العناية بالجسم — بسيط. الوسوم المرجعية: Body Care، Body Concerns، Body Oil، Firming، Stretch Marks.,https://alfouadpharmacies.com/en/products/matriskin-gf7-serum-75ml,AlFouad Pharmacies,true,Verify usage rights before commercial publication,false,false,false,false,HOLD — REFERENCE ONLY
10569744023855,isis-urelia-10-emollient-body-cream-150ml,إيزيس فارما يوريليا 10 كريم مرطب ومقشر للبشرة شديدة الجفاف والخشنة,isis,العناية بالجسم,العناية بالجسم,يوريا ,101137,1255,,true,https://cdn.shopify.com/s/files/1/0935/9550/0847/files/1_-_2026-06-30T163553.005.webp?v=1782826581,منتج إيزيس فارما يوريليا 10 كريم مرطب ومقشر للبشرة شديدة الجفاف والخشنة من isis. التصنيف المرجعي: العناية بالجسم — يوريا . الوسوم المرجعية: Body Care، Body Concerns، Body Lotion، Dry Skin body concerns.,https://alfouadpharmacies.com/en/products/isis-urelia-10-emollient-body-cream-150ml,AlFouad Pharmacies,true,Verify usage rights before commercial publication,false,false,false,false,HOLD — REFERENCE ONLY
10569734783279,bio-oil-dry-skin-gel-50ml,جل بيو-أويل للبشرة الجافة 50 مل,AlFouad Pharmacies,العناية بالجسم,العناية بالجسم,بسيط,10720,249,,false,https://cdn.shopify.com/s/files/1/0935/9550/0847/files/Bio-Oil-Dry-Skin-Gel-50ML.webp?v=1754298992,منتج جل بيو-أويل للبشرة الجافة 50 مل من AlFouad Pharmacies. التصنيف المرجعي: العناية بالجسم — بسيط. الوسوم المرجعية: Body Care، Body Concerns، Body Cream، Dry Skin body concerns.,https://alfouadpharmacies.com/en/products/bio-oil-dry-skin-gel-50ml,AlFouad Pharmacies,true,Verify usage rights before commercial publication,false,false,false,false,HOLD — REFERENCE ONLY
10569724625199,eva-recipe-peach-scent-body-lotion-370ml,لوشن الجسم برائحة الخوخ من إيفا ريسيبي 370 مل,AlFouad Pharmacies,العناية بالجسم,العناية بالجسم,بسيط,93573,175,,true,https://cdn.shopify.com/s/files/1/0935/9550/0847/files/Eva-Recipe-Peach-Scent-Body-Lotion-370ml.webp?v=1754299157,منتج لوشن الجسم برائحة الخوخ من إيفا ريسيبي 370 مل من AlFouad Pharmacies. التصنيف المرجعي: العناية بالجسم — بسيط. الوسوم المرجعية: Body Care، Body Concerns، Body Lotion، Dry Skin body concerns.,https://alfouadpharmacies.com/en/products/eva-recipe-peach-scent-body-lotion-370ml,AlFouad Pharmacies,true,Verify usage rights before commercial publication,false,false,false,false,HOLD — REFERENCE ONLY
10569722429743,eva-natural-glow-roll-on-60ml-powder-soft,إيفا رول أون ناتشورال جلو 60 مل، مسحوق ناعم,AlFouad Pharmacies,العناية بالجسم,العناية بالجسم,بسيط,8743,100,,true,https://cdn.shopify.com/s/files/1/0935/9550/0847/files/Eva-Natural-Glow-Roll-On-60ml-Powder-Soft.webp?v=1754299185,منتج إيفا رول أون ناتشورال جلو 60 مل، مسحوق ناعم من AlFouad Pharmacies. التصنيف المرجعي: العناية بالجسم — بسيط. الوسوم المرجعية: Body Care، Body Concerns، Deodrant، Even Skin Tone / Pigmentation.,https://alfouadpharmacies.com/en/products/eva-natural-glow-roll-on-60ml-powder-soft,AlFouad Pharmacies,true,Verify usage rights before commercial publication,false,false,false,false,HOLD — REFERENCE ONLY
10569722134831,eva-hand-cream-60ml-passion,كريم إيفا لليدين 60 مل، نكهة الشغف,AlFouad Pharmacies,العناية بالجسم,العناية بالجسم,بسيط,99101,65,,true,https://cdn.shopify.com/s/files/1/0935/9550/0847/files/Eva-Hand-Cream-60ml-Passion.webp?v=1754299190,منتج كريم إيفا لليدين 60 مل، نكهة الشغف من AlFouad Pharmacies. التصنيف المرجعي: العناية بالجسم — بسيط. الوسوم المرجعية: Body Care، Body Concerns، Dry Skin body concerns، Hand، Hands & Feet.,https://alfouadpharmacies.com/en/products/eva-hand-cream-60ml-passion,AlFouad Pharmacies,true,Verify usage rights before commercial publication,false,false,false,false,HOLD — REFERENCE ONLY
10569720955183,starville-roll-on-60ml-whitening-hair-reducer,ستارفيل رول أون مزيل شعر تفتيح 60 مل,parkville,العناية بالجسم,العناية بالجسم,بسيط,102147,180,,true,https://cdn.shopify.com/s/files/1/0935/9550/0847/files/Starville-Roll-On-60ml-Whitening-Hair-Reducer.webp?v=1754299212,منتج ستارفيل رول أون مزيل شعر تفتيح 60 مل من parkville. التصنيف المرجعي: العناية بالجسم — بسيط. الوسوم المرجعية: Body Care، Body Concerns، Deodrant، Even Skin Tone / Pigmentation، starville.,https://alfouadpharmacies.com/en/products/starville-roll-on-60ml-whitening-hair-reducer,AlFouad Pharmacies,true,Verify usage rights before commercial publication,false,false,false,false,HOLD — REFERENCE ONLY
16160785793327,mood-warm-vnilla-body-lotion-200-ml,Mood Warm Vnilla Body Lotion 200 ml,MOOD,العناية بالجسم,العناية بالجسم,Body Lotion,114263,145,,true,https://cdn.shopify.com/s/files/1/0935/9550/0847/files/warm_vanilla_body_lotion_1615.webp?v=1788870293,منتج Mood Warm Vnilla Body Lotion 200 ml من MOOD. التصنيف المرجعي: العناية بالجسم — Body Lotion. الحجم المذكور: 200 ml. الوسوم المرجعية: Body Care، Body Lotion.,https://alfouadpharmacies.com/en/products/mood-warm-vnilla-body-lotion-200-ml,AlFouad Pharmacies,true,Verify usage rights before commercial publication,false,false,false,false,HOLD — REFERENCE ONLY
16112419537199,شاور-جل-وغسول-الجسم-شان-برائحة-زهور-التوليب-والورد-480-مل,شاور جل وغسول الجسم شان برائحة زهور التوليب والورد 480 مل,shaan,العناية بالجسم,العناية بالجسم,غسول الجسم ,114667,260,,true,https://cdn.shopify.com/s/files/1/0935/9550/0847/files/shaan_body_wash_tulip_rose_1615.webp?v=1785930639,منتج شاور جل وغسول الجسم شان برائحة زهور التوليب والورد 480 مل من shaan. التصنيف المرجعي: العناية بالجسم — غسول الجسم . الوسوم المرجعية: Body Wash.,https://alfouadpharmacies.com/en/products/شاور-جل-وغسول-الجسم-شان-برائحة-زهور-التوليب-والورد-480-مل,AlFouad Pharmacies,true,Verify usage rights before commercial publication,false,false,false,false,HOLD — REFERENCE ONLY
16110622540079,لوشن-فاكيشن-أكوا-ريبير-المرطب-والمقوي-لحاجز-الجسم-400-مل,لوشن فاكيشن أكوا ريبير المرطب والمقوي لحاجز الجسم 400 مل,vacation,العناية بالجسم,العناية بالجسم,لوشن,116766,275,,true,https://cdn.shopify.com/s/files/1/0935/9550/0847/files/vacation_aqua_repair_body_milk_same_1615.webp?v=1785842562,منتج لوشن فاكيشن أكوا ريبير المرطب والمقوي لحاجز الجسم 400 مل من vacation. التصنيف المرجعي: العناية بالجسم — لوشن. الوسوم المرجعية: Body Care، Body Lotion، Body Milk.,https://alfouadpharmacies.com/en/products/لوشن-فاكيشن-أكوا-ريبير-المرطب-والمقوي-لحاجز-الجسم-400-مل,AlFouad Pharmacies,true,Verify usage rights before commercial publication,false,false,false,false,HOLD — REFERENCE ONLY
16108441108783,درمديك-هيدران-هيالو-الترا-زبدة-ترطيب-الجسم-225-مل,"درمديك هيدران هيالو الترا زبدة ترطيب الجسم 225 مل
",DERMEDIC,العناية بالجسم,العناية بالجسم,كريم للجسم,117430,990,,true,https://cdn.shopify.com/s/files/1/0935/9550/0847/files/DERMEDIC_HYDRAIN_3_Hialuro_Ultra-hydrating_body_butter_225_ml.webp?v=1785674161,"منتج درمديك هيدران هيالو الترا زبدة ترطيب الجسم 225 مل
 من DERMEDIC. التصنيف المرجعي: العناية بالجسم — كريم للجسم. الوسوم المرجعية: Body Care، Body Lotion، Body Milk.",https://alfouadpharmacies.com/en/products/درمديك-هيدران-هيالو-الترا-زبدة-ترطيب-الجسم-225-مل,AlFouad Pharmacies,true,Verify usage rights before commercial publication,false,false,false,false,HOLD — REFERENCE ONLY
16107354325295,كريم-سترالاين-المرطب,كريم سترالاين المرطب,HAYAH,العناية بالجسم,العناية بالجسم,مرطب للجسم ,12622,587,,true,https://cdn.shopify.com/s/files/1/0935/9550/0847/files/Hayah_laboratories_03-09-20261228.webp?v=1785589908,منتج كريم سترالاين المرطب من HAYAH. التصنيف المرجعي: العناية بالجسم — مرطب للجسم . الوسوم المرجعية: Body Cream، Body Lotion، Body Milk.,https://alfouadpharmacies.com/en/products/كريم-سترالاين-المرطب,AlFouad Pharmacies,true,Verify usage rights before commercial publication,false,false,false,false,HOLD — REFERENCE ONLY
16018950652207,lixora-sk-radiant-skin-body-milk-200ml,ليكسورا SK لوشن الجسم راديانت سكين 200 مل ,LIXORA,العناية بالجسم,العناية بالجسم,لوشن ,110631,300,,true,https://cdn.shopify.com/s/files/1/0935/9550/0847/files/Bodymilk.webp?v=1781007141,منتج ليكسورا SK لوشن الجسم راديانت سكين 200 مل  من LIXORA. التصنيف المرجعي: العناية بالجسم — لوشن . الوسوم المرجعية: Body Care، Moisturizers.,https://alfouadpharmacies.com/en/products/lixora-sk-radiant-skin-body-milk-200ml,AlFouad Pharmacies,true,Verify usage rights before commercial publication,false,false,false,false,HOLD — REFERENCE ONLY
15514114785583,sanosan-mama-anti-stretch-mark-cream-200-ml,سانوسان ماما كريم مضاد لعلامات التمدد – 200 مل,Sanosan,العناية بالجسم,العناية بالجسم,,95372,544.9,,false,https://cdn.shopify.com/s/files/1/0935/9550/0847/files/sanosan_product.webp?v=1777981728,منتج سانوسان ماما كريم مضاد لعلامات التمدد – 200 مل من Sanosan. التصنيف المرجعي: العناية بالجسم. الوسوم المرجعية: Baby Care، Body Care، Moisturizer Cream، Stretch Marks.,https://alfouadpharmacies.com/en/products/sanosan-mama-anti-stretch-mark-cream-200-ml,AlFouad Pharmacies,true,Verify usage rights before commercial publication,false,false,false,false,HOLD — REFERENCE ONLY
12689780474159,starville-roll-on-60ml-whitening-fragrance-free,ستارفيل رول أون 60 مل لتفتيح البشرة (بدون رائحة),parkville,العناية بالجسم,العناية بالجسم,بسيط,93075,160,,true,https://cdn.shopify.com/s/files/1/0935/9550/0847/files/StarvilleRollOn60mlWhitening_FragranceFree.webp?v=1771839683,منتج ستارفيل رول أون 60 مل لتفتيح البشرة (بدون رائحة) من parkville. التصنيف المرجعي: العناية بالجسم — بسيط. الوسوم المرجعية: Body Care، Body Concerns، Deodrant، Even Skin Tone / Pigmentation، starville.,https://alfouadpharmacies.com/en/products/starville-roll-on-60ml-whitening-fragrance-free,AlFouad Pharmacies,true,Verify usage rights before commercial publication,false,false,false,false,HOLD — REFERENCE ONLY
10589422944559,alejon-oriental-roll-on-50ml,عطر أليخون الشرقي رول أون ٥٠ مل ,ALEJON,العناية بالجسم,العناية بالجسم,,112158,220,,true,https://cdn.shopify.com/s/files/1/0935/9550/0847/files/Alejon-Deodorant-Roll-On-Oriental_11zon.webp?v=1790501515,منتج عطر أليخون الشرقي رول أون ٥٠ مل  من ALEJON. التصنيف المرجعي: العناية بالجسم. الوسوم المرجعية: Body Care، Body Concerns، Roll-on.,https://alfouadpharmacies.com/en/products/alejon-oriental-roll-on-50ml,AlFouad Pharmacies,true,Verify usage rights before commercial publication,false,false,false,false,HOLD — REFERENCE ONLY
10572107514159,rexona-roll-on-50ml-charcoal-clean-off,ريكسونا رول أون ٥٠ مل منظف بالفحم,REXONA,العناية بالجسم,العناية بالجسم,بسيط,105667,82,,true,https://cdn.shopify.com/s/files/1/0935/9550/0847/files/Rexona-Roll-_E2_80_93-on-50-ml-Charcoal-Clean_6e9b4466-e981-433e-b27e-04fbf182e147.webp?v=1754296965,منتج ريكسونا رول أون ٥٠ مل منظف بالفحم من REXONA. التصنيف المرجعي: العناية بالجسم — بسيط. الوسوم المرجعية: Body Care، Deodrant، Roll-on.,https://alfouadpharmacies.com/en/products/rexona-roll-on-50ml-charcoal-clean-off,AlFouad Pharmacies,true,Verify usage rights before commercial publication,false,false,false,false,HOLD — REFERENCE ONLY
10572107415855,rexona-roll-on-50ml-xtracool,ريكسونا رول أون 50 مل إكسترا كول,REXONA,العناية بالجسم,العناية بالجسم,بسيط,94307,92,,true,https://cdn.shopify.com/s/files/1/0935/9550/0847/files/Rexona-Roll-_E2_80_93-on-50-ml-Xtracool.webp?v=1754296965,منتج ريكسونا رول أون 50 مل إكسترا كول من REXONA. التصنيف المرجعي: العناية بالجسم — بسيط. الوسوم المرجعية: Body Care، Deodrant، Roll-on.,https://alfouadpharmacies.com/en/products/rexona-roll-on-50ml-xtracool,AlFouad Pharmacies,true,Verify usage rights before commercial publication,false,false,false,false,HOLD — REFERENCE ONLY
10572106891567,rexona-roll-on-50ml-peach-spark-lemongrass,ريكسونا رول أون مزيل عرق 50 مل، نكهة الخوخ والليمون العطري,REXONA,العناية بالجسم,العناية بالجسم,بسيط,13117,92,,true,https://cdn.shopify.com/s/files/1/0935/9550/0847/files/Rexona-Roll-_E2_80_93-on-50-ml-Peach-Spark-Lemongrass.webp?v=1754296968,منتج ريكسونا رول أون مزيل عرق 50 مل، نكهة الخوخ والليمون العطري من REXONA. التصنيف المرجعي: العناية بالجسم — بسيط. الوسوم المرجعية: Body Care، Deodrant، Roll-on.,https://alfouadpharmacies.com/en/products/rexona-roll-on-50ml-peach-spark-lemongrass,AlFouad Pharmacies,true,Verify usage rights before commercial publication,false,false,false,false,HOLD — REFERENCE ONLY
10570012033327,sonata-88305,Sonata (88305) شوكة إزالة الجلد,AlFouad Pharmacies,العناية بالجسم,العناية بالجسم,بسيط,107338,35,,false,https://cdn.shopify.com/s/files/1/0935/9550/0847/files/Sonata-88305-_D8_B4_D9_88_D9_83_D8_A9-_D9_86_D8_B2_D8_B9-_D8_AC_D9_84_D8_AF.webp?v=1754297049,منتج Sonata (88305) شوكة إزالة الجلد من AlFouad Pharmacies. التصنيف المرجعي: العناية بالجسم — بسيط. الوسوم المرجعية: Accessories، Beauty & Accessories، Body Care، Files، Hands & Feet، Nails.,https://alfouadpharmacies.com/en/products/sonata-88305,AlFouad Pharmacies,true,Verify usage rights before commercial publication,false,false,false,false,HOLD — REFERENCE ONLY
10570009968943,bathampbody-works-bmist-236ml-bundt-cake,بخاخ Bath&amp;Body Works B.MIST 236 مل بنكهة كعكة البوندت,Bath and Body,العناية بالجسم,العناية بالجسم,بسيط,112709,800,,false,https://cdn.shopify.com/s/files/1/0935/9550/0847/files/BathBody-Works-B.MIST-236ML-Bundt-Cake.webp?v=1754297074,منتج بخاخ Bath&amp;Body Works B.MIST 236 مل بنكهة كعكة البوندت من Bath and Body. التصنيف المرجعي: العناية بالجسم — بسيط. الوسوم المرجعية: Body Care، Body Mist، Body Splash، Perfumes.,https://alfouadpharmacies.com/en/products/bathampbody-works-bmist-236ml-bundt-cake,AlFouad Pharmacies,true,Verify usage rights before commercial publication,false,false,false,false,HOLD — REFERENCE ONLY
10569999548719,gillete-fusion-proglide-styler-3x1,جليت فوشون برو جلايد ستايلر 3×1,AlFouad Pharmacies,العناية بالجسم,العناية بالجسم,بسيط,99000,1536,,false,https://cdn.shopify.com/s/files/1/0935/9550/0847/files/81rJPOVu7L.webp?v=1754297136,منتج جليت فوشون برو جلايد ستايلر 3×1 من AlFouad Pharmacies. التصنيف المرجعي: العناية بالجسم — بسيط. الوسوم المرجعية: Body Care، Hair Removal، Men Care، Razor Handel.,https://alfouadpharmacies.com/en/products/gillete-fusion-proglide-styler-3x1,AlFouad Pharmacies,true,Verify usage rights before commercial publication,false,false,false,false,HOLD — REFERENCE ONLY
