reference_record_id,source_handle,name,brand,category,category_label,product_type,source_sku,reference_price_egp,compare_at_price_egp,source_available,reference_image_url,reference_description,source_url,source_name,reference_only,image_rights_status,pm_identity_verified,pm_stock_verified,pm_cost_verified,pm_image_rights_verified,publish_status
10569921069359,rexona-spray-150ml-advanced-protec-invisble-off,ركسونا بخاخ 150 مل أدفانسد بروتيك إنفيزيبل أوف,AlFouad Pharmacies,العناية بالجسم,العناية بالجسم,بسيط,14090,162,,false,https://cdn.shopify.com/s/files/1/0935/9550/0847/files/Rexona-Spray-150ML-Advanced-Protec-Invisble-Off.webp?v=1754297890,منتج ركسونا بخاخ 150 مل أدفانسد بروتيك إنفيزيبل أوف من AlFouad Pharmacies. التصنيف المرجعي: العناية بالجسم — بسيط. الوسوم المرجعية: Body Care، Body Spray، Deodrant.,https://alfouadpharmacies.com/en/products/rexona-spray-150ml-advanced-protec-invisble-off,AlFouad Pharmacies,true,Verify usage rights before commercial publication,false,false,false,false,HOLD — REFERENCE ONLY
10569920086319,garcinia-cambogia-1500-mg-60-cappuritans-pride,مكمل غذائي جارسينيا كامبوجيا 1500 مجم من بوريتانز برايد – 60 كبسولة,Puritan’s Pride,العناية بالجسم,العناية بالجسم,بسيط,105036,800,,false,https://cdn.shopify.com/s/files/1/0935/9550/0847/files/Garcinia-cambogia-1500-mg-60-Cappuritans-Pride-_D8_B4_D8_B1.webp?v=1754297904,منتج مكمل غذائي جارسينيا كامبوجيا 1500 مجم من بوريتانز برايد – 60 كبسولة من Puritan’s Pride. التصنيف المرجعي: العناية بالجسم — بسيط. الوسوم المرجعية: Adult Vitamins، Body Care، Body Concerns، Firming، Slimming and weight loss، Vitamins & Supplements.,https://alfouadpharmacies.com/en/products/garcinia-cambogia-1500-mg-60-cappuritans-pride,AlFouad Pharmacies,true,Verify usage rights before commercial publication,false,false,false,false,HOLD — REFERENCE ONLY
10569914777903,nivea-soft-moisturizing-craem-100ml-offer-30,نيفيا كريم مرطب سوفت 100 مل عرض 30,AlFouad Pharmacies,العناية بالجسم,العناية بالجسم,بسيط,9233,61.5,,true,https://cdn.shopify.com/s/files/1/0935/9550/0847/files/Nivea-Soft-Moisturizing-Craem-100ML-Offer-30.webp?v=1754297955,منتج نيفيا كريم مرطب سوفت 100 مل عرض 30 من AlFouad Pharmacies. التصنيف المرجعي: العناية بالجسم — بسيط. الوسوم المرجعية: Body Care، Body Concerns، Dry Skin body concerns، Moisturizer Cream، Moisturizers، Skin Care.,https://alfouadpharmacies.com/en/products/nivea-soft-moisturizing-craem-100ml-offer-30,AlFouad Pharmacies,true,Verify usage rights before commercial publication,false,false,false,false,HOLD — REFERENCE ONLY
10569914548527,nivea-soft-cream-20ml-cocoa-butter,كريم نيفيا سوفت 20 مل زبدة الكاكاو,AlFouad Pharmacies,العناية بالجسم,العناية بالجسم,بسيط,107794,20,,false,https://cdn.shopify.com/s/files/1/0935/9550/0847/files/Nivea-Soft-Cream-20ML-Cocoa-Butter.webp?v=1754297957,منتج كريم نيفيا سوفت 20 مل زبدة الكاكاو من AlFouad Pharmacies. التصنيف المرجعي: العناية بالجسم — بسيط. الوسوم المرجعية: Body Care، Body Concerns، Dry Skin body concerns، Moisturizer Cream، Moisturizers، Skin Care.,https://alfouadpharmacies.com/en/products/nivea-soft-cream-20ml-cocoa-butter,AlFouad Pharmacies,true,Verify usage rights before commercial publication,false,false,false,false,HOLD — REFERENCE ONLY
10569914482991,nivea-soft-cream-200ml-natural-fairness-off-30,نيفيا كريم سوفت 200 مل، نضارة طبيعية، خصم 30%,AlFouad Pharmacies,العناية بالجسم,العناية بالجسم,بسيط,6197,98,,false,https://cdn.shopify.com/s/files/1/0935/9550/0847/files/Nivea-Soft-Cream-200ML-Natural-Fairness-Off-30.webp?v=1754297957,منتج نيفيا كريم سوفت 200 مل، نضارة طبيعية، خصم 30% من AlFouad Pharmacies. التصنيف المرجعي: العناية بالجسم — بسيط. الوسوم المرجعية: Body Care، Body Concerns، Dry Skin body concerns، Moisturizer Cream، Moisturizers، Skin Care.,https://alfouadpharmacies.com/en/products/nivea-soft-cream-200ml-natural-fairness-off-30,AlFouad Pharmacies,true,Verify usage rights before commercial publication,false,false,false,false,HOLD — REFERENCE ONLY
10569914319151,nivea-soft-cream-200ml-cocoa-butter-off-30,كريم نيفيا سوفت 200 مل، زبدة الكاكاو، خصم 30%,AlFouad Pharmacies,العناية بالجسم,العناية بالجسم,بسيط,6352,98,,false,https://cdn.shopify.com/s/files/1/0935/9550/0847/files/Nivea-Soft-Cream-200ML-Cocoa-Butter-Off-30.webp?v=1754297959,منتج كريم نيفيا سوفت 200 مل، زبدة الكاكاو، خصم 30% من AlFouad Pharmacies. التصنيف المرجعي: العناية بالجسم — بسيط. الوسوم المرجعية: Body Care، Body Concerns، Dry Skin body concerns، Moisturizer Cream، Moisturizers، Skin Care.,https://alfouadpharmacies.com/en/products/nivea-soft-cream-200ml-cocoa-butter-off-30,AlFouad Pharmacies,true,Verify usage rights before commercial publication,false,false,false,false,HOLD — REFERENCE ONLY
10569914155311,nivea-soft-cream-100ml-natural-fairness-off-30,نيفيا كريم سوفت 100 مل، نضارة طبيعية، خصم 30%,AlFouad Pharmacies,العناية بالجسم,العناية بالجسم,بسيط,6430,56,,true,https://cdn.shopify.com/s/files/1/0935/9550/0847/files/Nivea-Soft-Cream-100ML-Natural-Fairness-Off-30.webp?v=1754297960,منتج نيفيا كريم سوفت 100 مل، نضارة طبيعية، خصم 30% من AlFouad Pharmacies. التصنيف المرجعي: العناية بالجسم — بسيط. الوسوم المرجعية: Body Care، Body Concerns، Dry Skin body concerns، Kids Care، Kids Hair، Moisturizer Cream، Moisturizers، Skin Care.,https://alfouadpharmacies.com/en/products/nivea-soft-cream-100ml-natural-fairness-off-30,AlFouad Pharmacies,true,Verify usage rights before commercial publication,false,false,false,false,HOLD — REFERENCE ONLY
10569913991471,nivea-soft-cream-100ml-mint,نيفيا كريم سوفت 100 مل نعناع,AlFouad Pharmacies,العناية بالجسم,العناية بالجسم,بسيط,90363,80,,false,https://cdn.shopify.com/s/files/1/0935/9550/0847/files/Nivea-Soft-Cream-100ML-Mint.webp?v=1754297961,منتج نيفيا كريم سوفت 100 مل نعناع من AlFouad Pharmacies. التصنيف المرجعي: العناية بالجسم — بسيط. الوسوم المرجعية: Body Care، Body Concerns، Dry Skin body concerns، Moisturizer Cream، Moisturizers، Skin Care.,https://alfouadpharmacies.com/en/products/nivea-soft-cream-100ml-mint,AlFouad Pharmacies,true,Verify usage rights before commercial publication,false,false,false,false,HOLD — REFERENCE ONLY
10569913794863,nivea-shower-gel-250ml-fresh,جل استحمام نيفيا 250 مل منعش,AlFouad Pharmacies,العناية بالجسم,العناية بالجسم,بسيط,106290,60,,false,https://cdn.shopify.com/s/files/1/0935/9550/0847/files/Nivea-Shower-Gel-250ML-Fresh.webp?v=1754297963,منتج جل استحمام نيفيا 250 مل منعش من AlFouad Pharmacies. التصنيف المرجعي: العناية بالجسم — بسيط. الوسوم المرجعية: Body Care، Body Wash.,https://alfouadpharmacies.com/en/products/nivea-shower-gel-250ml-fresh,AlFouad Pharmacies,true,Verify usage rights before commercial publication,false,false,false,false,HOLD — REFERENCE ONLY
10569913532719,nivea-shower-gel-250ml-creme-soft-20-off,جل استحمام نيفيا 250 مل كريم سوفت، خصم 20%,AlFouad Pharmacies,العناية بالجسم,العناية بالجسم,بسيط,24931,60,,false,https://cdn.shopify.com/s/files/1/0935/9550/0847/files/Nivea-Shower-Gel-250ML-Creme-Soft-20-Off.webp?v=1754297965,منتج جل استحمام نيفيا 250 مل كريم سوفت، خصم 20% من AlFouad Pharmacies. التصنيف المرجعي: العناية بالجسم — بسيط. الوسوم المرجعية: Body Care، Body Wash.,https://alfouadpharmacies.com/en/products/nivea-shower-gel-250ml-creme-soft-20-off,AlFouad Pharmacies,true,Verify usage rights before commercial publication,false,false,false,false,HOLD — REFERENCE ONLY
10569913368879,nivea-shower-gel-250ml-cool-kick-20-off,جل استحمام نيفيا 250 مل،  برودة منعشة، خصم 20%,AlFouad Pharmacies,العناية بالجسم,العناية بالجسم,بسيط,1751,60,,false,https://cdn.shopify.com/s/files/1/0935/9550/0847/files/Nivea-Shower-Gel-250ML-Cool-Kick-20-Off.webp?v=1754297967,منتج جل استحمام نيفيا 250 مل،  برودة منعشة، خصم 20% من AlFouad Pharmacies. التصنيف المرجعي: العناية بالجسم — بسيط. الوسوم المرجعية: Body Care، Body Wash.,https://alfouadpharmacies.com/en/products/nivea-shower-gel-250ml-cool-kick-20-off,AlFouad Pharmacies,true,Verify usage rights before commercial publication,false,false,false,false,HOLD — REFERENCE ONLY
10569910092079,nivea-deod-stick-50ml-fresh-natural-new,نييفا مزيل عرق عصا 50 مل فريش ناتشورال (جديد),AlFouad Pharmacies,العناية بالجسم,العناية بالجسم,بسيط,32145,355,,true,https://cdn.shopify.com/s/files/1/0935/9550/0847/files/Nivea-Deod-Stick-50-ml-Fresh-Natural-New.webp?v=1754298006,منتج نييفا مزيل عرق عصا 50 مل فريش ناتشورال (جديد) من AlFouad Pharmacies. التصنيف المرجعي: العناية بالجسم — بسيط. الوسوم المرجعية: Body Care، Deodrant.,https://alfouadpharmacies.com/en/products/nivea-deod-stick-50ml-fresh-natural-new,AlFouad Pharmacies,true,Verify usage rights before commercial publication,false,false,false,false,HOLD — REFERENCE ONLY
10569910059311,nivea-deod-stick-50ml-fw-invisible-blackampwhite,نييفيا مزيل عرق عصا 50 مل أسود وأبيض غير مرئي,AlFouad Pharmacies,العناية بالجسم,العناية بالجسم,بسيط,31150,355,,true,https://cdn.shopify.com/s/files/1/0935/9550/0847/files/Nivea-Deod-Stick-50-ml-FW-Invisible-BlackWhite.webp?v=1754298006,منتج نييفيا مزيل عرق عصا 50 مل أسود وأبيض غير مرئي من AlFouad Pharmacies. التصنيف المرجعي: العناية بالجسم — بسيط. الوسوم المرجعية: Body Care، Deodrant.,https://alfouadpharmacies.com/en/products/nivea-deod-stick-50ml-fw-invisible-blackampwhite,AlFouad Pharmacies,true,Verify usage rights before commercial publication,false,false,false,false,HOLD — REFERENCE ONLY
10569909731631,nivea-deod-stick-50ml-cool-kick-new,نييفيا مزيل عرق عصا 50 مل كول كيك (جديد),AlFouad Pharmacies,العناية بالجسم,العناية بالجسم,بسيط,30855,350,,false,https://cdn.shopify.com/s/files/1/0935/9550/0847/files/Nivea-Deod-Stick-50-ml-Cool-Kick-New.webp?v=1754298010,منتج نييفيا مزيل عرق عصا 50 مل كول كيك (جديد) من AlFouad Pharmacies. التصنيف المرجعي: العناية بالجسم — بسيط. الوسوم المرجعية: Body Care، Deodrant.,https://alfouadpharmacies.com/en/products/nivea-deod-stick-50ml-cool-kick-new,AlFouad Pharmacies,true,Verify usage rights before commercial publication,false,false,false,false,HOLD — REFERENCE ONLY
10569909666095,nivea-deod-stick-40ml-protectampcare,نييفا مزيل عرق عصا 40 مل بروتكت أند كير,AlFouad Pharmacies,العناية بالجسم,العناية بالجسم,بسيط,108508,170,,false,https://cdn.shopify.com/s/files/1/0935/9550/0847/files/Nivea-Deod-Stick-40-ml-ProtectCare.webp?v=1754298011,منتج نييفا مزيل عرق عصا 40 مل بروتكت أند كير من AlFouad Pharmacies. التصنيف المرجعي: العناية بالجسم — بسيط. الوسوم المرجعية: Body Care، Deodrant.,https://alfouadpharmacies.com/en/products/nivea-deod-stick-40ml-protectampcare,AlFouad Pharmacies,true,Verify usage rights before commercial publication,false,false,false,false,HOLD — REFERENCE ONLY
10569909436719,nivea-deod-spray-150ml-silky-smooth-off-20,بخاخ مزيل عرق نيفيا 150 مل، ناعم كالحرير، خصم 20%,AlFouad Pharmacies,العناية بالجسم,العناية بالجسم,بسيط,14068,154,,false,https://cdn.shopify.com/s/files/1/0935/9550/0847/files/Nivea-Deod-Spray-150ML-Silky-Smooth-Off-20.webp?v=1754298013,منتج بخاخ مزيل عرق نيفيا 150 مل، ناعم كالحرير، خصم 20% من AlFouad Pharmacies. التصنيف المرجعي: العناية بالجسم — بسيط. الوسوم المرجعية: Body Care، Body Spray، Deodrant.,https://alfouadpharmacies.com/en/products/nivea-deod-spray-150ml-silky-smooth-off-20,AlFouad Pharmacies,true,Verify usage rights before commercial publication,false,false,false,false,HOLD — REFERENCE ONLY
10569909305647,nivea-deod-spray-150ml-pearl-beauty-black-off-20,بخاخ مزيل عرق نيفيا 150 مل بيرل بيوتي أسود، خصم 20%,AlFouad Pharmacies,العناية بالجسم,العناية بالجسم,بسيط,13162,154,,true,https://cdn.shopify.com/s/files/1/0935/9550/0847/files/Nivea-Deod-Spray-150ML-Pearl-Beauty-Black-Off-20.webp?v=1754298014,منتج بخاخ مزيل عرق نيفيا 150 مل بيرل بيوتي أسود، خصم 20% من AlFouad Pharmacies. التصنيف المرجعي: العناية بالجسم — بسيط. الوسوم المرجعية: Body Care، Body Spray، Deodrant.,https://alfouadpharmacies.com/en/products/nivea-deod-spray-150ml-pearl-beauty-black-off-20,AlFouad Pharmacies,true,Verify usage rights before commercial publication,false,false,false,false,HOLD — REFERENCE ONLY
10569909207343,nivea-deod-spray-150ml-orange,بخاخ مزيل عرق نيفيا برائحة البرتقال 150 مل,AlFouad Pharmacies,العناية بالجسم,العناية بالجسم,بسيط,13973,192,,false,https://cdn.shopify.com/s/files/1/0935/9550/0847/files/Nivea-Deod-Spray-150ML-Orange.webp?v=1754298020,منتج بخاخ مزيل عرق نيفيا برائحة البرتقال 150 مل من AlFouad Pharmacies. التصنيف المرجعي: العناية بالجسم — بسيط. الوسوم المرجعية: Body Care، Body Spray، Deodrant.,https://alfouadpharmacies.com/en/products/nivea-deod-spray-150ml-orange,AlFouad Pharmacies,true,Verify usage rights before commercial publication,false,false,false,false,HOLD — REFERENCE ONLY
10569909043503,nivea-deod-spray-150ml-men-fresh-power,بخاخ مزيل عرق نيفيا للرجال، فريش باور، 150 مل,AlFouad Pharmacies,العناية بالجسم,العناية بالجسم,بسيط,8540,192,,false,https://cdn.shopify.com/s/files/1/0935/9550/0847/files/Nivea-Deod-Spray-150ML-Men-Fresh-Power.webp?v=1754298022,منتج بخاخ مزيل عرق نيفيا للرجال، فريش باور، 150 مل من AlFouad Pharmacies. التصنيف المرجعي: العناية بالجسم — بسيط. الوسوم المرجعية: Body Care، Body Spray، Deodrant.,https://alfouadpharmacies.com/en/products/nivea-deod-spray-150ml-men-fresh-power,AlFouad Pharmacies,true,Verify usage rights before commercial publication,false,false,false,false,HOLD — REFERENCE ONLY
10569908814127,nivea-deod-spray-150ml-men-dry-impact,"بخاخ مزيل عرق نيفيا للرجال 150 مل، نوع ""داي إمباكت"" (Dry Impact)",AlFouad Pharmacies,العناية بالجسم,العناية بالجسم,بسيط,32295,192,,false,https://cdn.shopify.com/s/files/1/0935/9550/0847/files/Nivea-Deod-Spray-150ML-Men-Dry-Impact.webp?v=1754298027,"منتج بخاخ مزيل عرق نيفيا للرجال 150 مل، نوع ""داي إمباكت"" (Dry Impact) من AlFouad Pharmacies. التصنيف المرجعي: العناية بالجسم — بسيط. الوسوم المرجعية: Body Care، Body Spray، Deodrant.",https://alfouadpharmacies.com/en/products/nivea-deod-spray-150ml-men-dry-impact,AlFouad Pharmacies,true,Verify usage rights before commercial publication,false,false,false,false,HOLD — REFERENCE ONLY
10569908715823,nivea-deod-spray-150ml-invisible-fw,بخاخ مزيل عرق نيفيا 150 مل غير مرئي للرجال والنساء,AlFouad Pharmacies,العناية بالجسم,العناية بالجسم,بسيط,88425,197,,true,https://cdn.shopify.com/s/files/1/0935/9550/0847/files/Nivea-Deod-Spray-150ML-Invisible-FW.webp?v=1754298029,منتج بخاخ مزيل عرق نيفيا 150 مل غير مرئي للرجال والنساء من AlFouad Pharmacies. التصنيف المرجعي: العناية بالجسم — بسيط. الوسوم المرجعية: Body Care، Body Spray، Deodrant.,https://alfouadpharmacies.com/en/products/nivea-deod-spray-150ml-invisible-fw,AlFouad Pharmacies,true,Verify usage rights before commercial publication,false,false,false,false,HOLD — REFERENCE ONLY
10569908683055,nivea-deod-spray-150ml-fresh-sensation,بخاخ مزيل عرق نيفيا 150 مل، رائحة منعشة,AlFouad Pharmacies,العناية بالجسم,العناية بالجسم,بسيط,5096,192,,false,https://cdn.shopify.com/s/files/1/0935/9550/0847/files/Nivea-Deod-Spray-150ML-Fresh-Sensation.webp?v=1754298030,منتج بخاخ مزيل عرق نيفيا 150 مل، رائحة منعشة من AlFouad Pharmacies. التصنيف المرجعي: العناية بالجسم — بسيط. الوسوم المرجعية: Body Care، Body Spray، Deodrant.,https://alfouadpharmacies.com/en/products/nivea-deod-spray-150ml-fresh-sensation,AlFouad Pharmacies,true,Verify usage rights before commercial publication,false,false,false,false,HOLD — REFERENCE ONLY
10569908584751,nivea-deod-spray-150ml-for-men-invisible-off-20,بخاخ مزيل عرق نيفيا للرجال 150 مل، غير مرئي، 20,AlFouad Pharmacies,العناية بالجسم,العناية بالجسم,بسيط,9259,154,,false,https://cdn.shopify.com/s/files/1/0935/9550/0847/files/Nivea-Deod-Spray-150ML-for-Men-Invisible-Off-20.webp?v=1754298032,منتج بخاخ مزيل عرق نيفيا للرجال 150 مل، غير مرئي، 20 من AlFouad Pharmacies. التصنيف المرجعي: العناية بالجسم — بسيط. الوسوم المرجعية: Body Care، Body Spray، Deodrant.,https://alfouadpharmacies.com/en/products/nivea-deod-spray-150ml-for-men-invisible-off-20,AlFouad Pharmacies,true,Verify usage rights before commercial publication,false,false,false,false,HOLD — REFERENCE ONLY
10569908486447,nivea-deod-spray-150ml-fw-fresh-sensation-off,بخاخ نيفيا مزيل العرق 150 مل، رائحة منعشة، موسم الخريف/الشتاء,AlFouad Pharmacies,العناية بالجسم,العناية بالجسم,بسيط,10709,154,,false,https://cdn.shopify.com/s/files/1/0935/9550/0847/files/Nivea-Deod-Spray-150ML-FW-Fresh-Sensation-Off.webp?v=1754298033,منتج بخاخ نيفيا مزيل العرق 150 مل، رائحة منعشة، موسم الخريف/الشتاء من AlFouad Pharmacies. التصنيف المرجعي: العناية بالجسم — بسيط. الوسوم المرجعية: Body Care، Body Spray، Deodrant.,https://alfouadpharmacies.com/en/products/nivea-deod-spray-150ml-fw-fresh-sensation-off,AlFouad Pharmacies,true,Verify usage rights before commercial publication,false,false,false,false,HOLD — REFERENCE ONLY
10569908322607,nivea-deod-spray-150ml-dry-fresh,بخاخ نيفيا مزيل العرق 150 مل جاف ومنعش,AlFouad Pharmacies,العناية بالجسم,العناية بالجسم,بسيط,111149,192,,false,https://cdn.shopify.com/s/files/1/0935/9550/0847/files/Nivea-Deod-Spray-150ML-Dry-Fresh.webp?v=1754298035,منتج بخاخ نيفيا مزيل العرق 150 مل جاف ومنعش من AlFouad Pharmacies. التصنيف المرجعي: العناية بالجسم — بسيط. الوسوم المرجعية: Body Care، Body Spray، Deodrant.,https://alfouadpharmacies.com/en/products/nivea-deod-spray-150ml-dry-fresh,AlFouad Pharmacies,true,Verify usage rights before commercial publication,false,false,false,false,HOLD — REFERENCE ONLY
10569908289839,nivea-deod-spray-150ml-dry-comfort,نيفيا بخاخ مزيل للعرق 150 مل راحة جافة,AlFouad Pharmacies,العناية بالجسم,العناية بالجسم,بسيط,8772,192,,false,https://cdn.shopify.com/s/files/1/0935/9550/0847/files/Nivea-Deod-Spray-150ML-Dry-Comfort.webp?v=1754298035,منتج نيفيا بخاخ مزيل للعرق 150 مل راحة جافة من AlFouad Pharmacies. التصنيف المرجعي: العناية بالجسم — بسيط. الوسوم المرجعية: Body Care، Body Spray، Deodrant.,https://alfouadpharmacies.com/en/products/nivea-deod-spray-150ml-dry-comfort,AlFouad Pharmacies,true,Verify usage rights before commercial publication,false,false,false,false,HOLD — REFERENCE ONLY
10569908224303,nivea-deod-spray-150ml-deep-espresso-off-20,بخاخ مزيل عرق نيفيا 150 مل، إسبريسو غامق، خصم 20%,AlFouad Pharmacies,العناية بالجسم,العناية بالجسم,بسيط,102834,154,,false,https://cdn.shopify.com/s/files/1/0935/9550/0847/files/Nivea-Deod-Spray-150ML-Deep-Espresso-Off-20.webp?v=1754298036,منتج بخاخ مزيل عرق نيفيا 150 مل، إسبريسو غامق، خصم 20% من AlFouad Pharmacies. التصنيف المرجعي: العناية بالجسم — بسيط. الوسوم المرجعية: Body Care، Body Spray، Deodrant.,https://alfouadpharmacies.com/en/products/nivea-deod-spray-150ml-deep-espresso-off-20,AlFouad Pharmacies,true,Verify usage rights before commercial publication,false,false,false,false,HOLD — REFERENCE ONLY
10569908125999,nivea-deod-spray-150ml-deep-dark-wood,بخاخ مزيل عرق نيفيا 150 مل خشب داكن عميق,AlFouad Pharmacies,العناية بالجسم,العناية بالجسم,بسيط,84545,197,,true,https://cdn.shopify.com/s/files/1/0935/9550/0847/files/Nivea-Deod-Spray-150ML-Deep-Dark-Wood.webp?v=1754298038,منتج بخاخ مزيل عرق نيفيا 150 مل خشب داكن عميق من AlFouad Pharmacies. التصنيف المرجعي: العناية بالجسم — بسيط. الوسوم المرجعية: Body Care، Body Spray، Deodrant.,https://alfouadpharmacies.com/en/products/nivea-deod-spray-150ml-deep-dark-wood,AlFouad Pharmacies,true,Verify usage rights before commercial publication,false,false,false,false,HOLD — REFERENCE ONLY
10569908093231,nivea-deod-spray-150ml-deep-beat,بخاخ مزيل عرق نيفيا 150 مل ديب بيت,AlFouad Pharmacies,العناية بالجسم,العناية بالجسم,بسيط,106509,192,,false,https://cdn.shopify.com/s/files/1/0935/9550/0847/files/Nivea-Deod-Spray-150ML-Deep-Beat.webp?v=1754298038,منتج بخاخ مزيل عرق نيفيا 150 مل ديب بيت من AlFouad Pharmacies. التصنيف المرجعي: العناية بالجسم — بسيط. الوسوم المرجعية: Body Care، Body Spray، Deodrant.,https://alfouadpharmacies.com/en/products/nivea-deod-spray-150ml-deep-beat,AlFouad Pharmacies,true,Verify usage rights before commercial publication,false,false,false,false,HOLD — REFERENCE ONLY
10569908060463,nivea-deod-spray-150ml-cool-kick-fm-off-20,بخاخ نيفيا مزيل العرق 150 مل كول كيك للرجال والنساء - خصم 20%,AlFouad Pharmacies,العناية بالجسم,العناية بالجسم,بسيط,6970,154,,false,https://cdn.shopify.com/s/files/1/0935/9550/0847/files/Nivea-Deod-Spray-150ML-Cool-Kick-FM-Off-20.webp?v=1754298039,منتج بخاخ نيفيا مزيل العرق 150 مل كول كيك للرجال والنساء - خصم 20% من AlFouad Pharmacies. التصنيف المرجعي: العناية بالجسم — بسيط. الوسوم المرجعية: Body Care، Body Spray، Deodrant.,https://alfouadpharmacies.com/en/products/nivea-deod-spray-150ml-cool-kick-fm-off-20,AlFouad Pharmacies,true,Verify usage rights before commercial publication,false,false,false,false,HOLD — REFERENCE ONLY
10569908027695,nivea-deod-spray-150ml-cool-kick-fm,بخاخ مزيل عرق نيفيا 150 مل كول كيك للرجال والنساء,AlFouad Pharmacies,العناية بالجسم,العناية بالجسم,بسيط,32233,192,,false,https://cdn.shopify.com/s/files/1/0935/9550/0847/files/Nivea-Deod-Spray-150ML-Cool-Kick-FM.webp?v=1754298039,منتج بخاخ مزيل عرق نيفيا 150 مل كول كيك للرجال والنساء من AlFouad Pharmacies. التصنيف المرجعي: العناية بالجسم — بسيط. الوسوم المرجعية: Body Care، Body Spray، Deodrant.,https://alfouadpharmacies.com/en/products/nivea-deod-spray-150ml-cool-kick-fm,AlFouad Pharmacies,true,Verify usage rights before commercial publication,false,false,false,false,HOLD — REFERENCE ONLY
10569907994927,nivea-deod-spray-150ml-cherry,بخاخ مزيل عرق نيفيا 150 مل، نكهة الكرز,AlFouad Pharmacies,العناية بالجسم,العناية بالجسم,بسيط,102457,192,,false,https://cdn.shopify.com/s/files/1/0935/9550/0847/files/Nivea-Deod-Spray-150ML-Cherry.webp?v=1754298040,منتج بخاخ مزيل عرق نيفيا 150 مل، نكهة الكرز من AlFouad Pharmacies. التصنيف المرجعي: العناية بالجسم — بسيط. الوسوم المرجعية: Body Care، Body Spray، Deodrant.,https://alfouadpharmacies.com/en/products/nivea-deod-spray-150ml-cherry,AlFouad Pharmacies,true,Verify usage rights before commercial publication,false,false,false,false,HOLD — REFERENCE ONLY
10569907863855,nivea-deod-spray-150ml-blackampwhit-gold-fw,بخاخ مزيل عرق نيفيا 150 مل أسود وأبيض ذهبي خريف/شتاء,AlFouad Pharmacies,العناية بالجسم,العناية بالجسم,بسيط,11437,192,,false,https://cdn.shopify.com/s/files/1/0935/9550/0847/files/Nivea-Deod-Spray-150ML-BlackWhit-Gold-FW.webp?v=1754298041,منتج بخاخ مزيل عرق نيفيا 150 مل أسود وأبيض ذهبي خريف/شتاء من AlFouad Pharmacies. التصنيف المرجعي: العناية بالجسم — بسيط. الوسوم المرجعية: Body Care، Body Spray، Deodrant.,https://alfouadpharmacies.com/en/products/nivea-deod-spray-150ml-blackampwhit-gold-fw,AlFouad Pharmacies,true,Verify usage rights before commercial publication,false,false,false,false,HOLD — REFERENCE ONLY
10569897083183,lifebuoy-body-wash-300ml-total-10,جل استحمام لايف بوي 300 مل، المجموع 10,AlFouad Pharmacies,العناية بالجسم,العناية بالجسم,بسيط,103820,61.5,,false,https://cdn.shopify.com/s/files/1/0935/9550/0847/files/Lifebuoy-Body-Wash-300-ml-Total-10.webp?v=1754298180,منتج جل استحمام لايف بوي 300 مل، المجموع 10 من AlFouad Pharmacies. التصنيف المرجعي: العناية بالجسم — بسيط. الوسوم المرجعية: Body Care، Body Wash.,https://alfouadpharmacies.com/en/products/lifebuoy-body-wash-300ml-total-10,AlFouad Pharmacies,true,Verify usage rights before commercial publication,false,false,false,false,HOLD — REFERENCE ONLY
10569896591663,jampj-vita-rich-hand-wash-raspberryamppeony-300ml-off,غسول اليدين جيه آند جيه فيتا-ريتش (توت العليق والفاوانيا) 300 مل خصم,J&J,العناية بالجسم,العناية بالجسم,بسيط,97974,50,,false,https://cdn.shopify.com/s/files/1/0935/9550/0847/files/JJ-Vita-Rich-Hand-Wash-RaspberryPeony-300MLOFF.webp?v=1754298184,منتج غسول اليدين جيه آند جيه فيتا-ريتش (توت العليق والفاوانيا) 300 مل خصم من J&J. التصنيف المرجعي: العناية بالجسم — بسيط. الوسوم المرجعية: Body Care، Hand Wash، Kids Care، Kids Hair.,https://alfouadpharmacies.com/en/products/jampj-vita-rich-hand-wash-raspberryamppeony-300ml-off,AlFouad Pharmacies,true,Verify usage rights before commercial publication,false,false,false,false,HOLD — REFERENCE ONLY
10569896526127,jampj-vita-rich-hand-wash-pomegranate-300ml-off,غسول اليدين جيه آند جيه فيتا-ريتش (برائحة الرمان) 300 مل بخصم,J&J,العناية بالجسم,العناية بالجسم,بسيط,95754,50,,false,https://cdn.shopify.com/s/files/1/0935/9550/0847/files/JJ-Vita-Rich-Hand-Wash-Pomegranate-300ML-Off.webp?v=1754298184,منتج غسول اليدين جيه آند جيه فيتا-ريتش (برائحة الرمان) 300 مل بخصم من J&J. التصنيف المرجعي: العناية بالجسم — بسيط. الوسوم المرجعية: Body Care، Hand Wash، Kids Care، Kids Hair.,https://alfouadpharmacies.com/en/products/jampj-vita-rich-hand-wash-pomegranate-300ml-off,AlFouad Pharmacies,true,Verify usage rights before commercial publication,false,false,false,false,HOLD — REFERENCE ONLY
10569896493359,jampj-vita-rich-hand-wash-peach-300ml-off,غسول اليدين جيه آند جيه فيتا-ريتش (برائحة الخوخ) 300 مل بخصم,J&J,العناية بالجسم,العناية بالجسم,بسيط,110739,50,,false,https://cdn.shopify.com/s/files/1/0935/9550/0847/files/JJ-Vita-Rich-Hand-Wash-Peach-300ML-Off.webp?v=1754298185,منتج غسول اليدين جيه آند جيه فيتا-ريتش (برائحة الخوخ) 300 مل بخصم من J&J. التصنيف المرجعي: العناية بالجسم — بسيط. الوسوم المرجعية: Body Care، Hand Wash، Kids Care، Kids Hair.,https://alfouadpharmacies.com/en/products/jampj-vita-rich-hand-wash-peach-300ml-off,AlFouad Pharmacies,true,Verify usage rights before commercial publication,false,false,false,false,HOLD — REFERENCE ONLY
10569896427823,jampj-vita-rich-hand-wash-cotton-milk-300ml-off,غسول اليدين جيه آند جيه فيتا-ريتش (حليب القطن) 300 مل خصم,J&J,العناية بالجسم,العناية بالجسم,بسيط,4985,50,,false,https://cdn.shopify.com/s/files/1/0935/9550/0847/files/JJ-Vita-Rich-Hand-Wash-Cotton-Milk-300ML-Off.webp?v=1754298185,منتج غسول اليدين جيه آند جيه فيتا-ريتش (حليب القطن) 300 مل خصم من J&J. التصنيف المرجعي: العناية بالجسم — بسيط. الوسوم المرجعية: Body Care، Hand Wash، Kids Care، Kids Hair.,https://alfouadpharmacies.com/en/products/jampj-vita-rich-hand-wash-cotton-milk-300ml-off,AlFouad Pharmacies,true,Verify usage rights before commercial publication,false,false,false,false,HOLD — REFERENCE ONLY
10569896329519,jampj-vita-rich-blotion-yogurt-coconutamppeach-250ml,لوشن جيه آند جيه فيتا ريتش بي بنكهة الزبادي وجوز الهند والخوخ 250 مل,J&J,العناية بالجسم,العناية بالجسم,بسيط,6824,75,,false,https://cdn.shopify.com/s/files/1/0935/9550/0847/files/JJ-Vita-Rich-B.LOTION-Yogurt-CoconutPeach-250ML.webp?v=1754298186,منتج لوشن جيه آند جيه فيتا ريتش بي بنكهة الزبادي وجوز الهند والخوخ 250 مل من J&J. التصنيف المرجعي: العناية بالجسم — بسيط. الوسوم المرجعية: Body Care، Body Concerns، Body Lotion، Dry Skin body concerns.,https://alfouadpharmacies.com/en/products/jampj-vita-rich-blotion-yogurt-coconutamppeach-250ml,AlFouad Pharmacies,true,Verify usage rights before commercial publication,false,false,false,false,HOLD — REFERENCE ONLY
10569894232367,bathampbody-works-bmist-236ml-sweet-pea,بخاخ Bath&amp;Body Works B.MIST 236 مل، رائحة البازلاء الحلوة,Bath and Body,العناية بالجسم,العناية بالجسم,بسيط,94835,800,,false,https://cdn.shopify.com/s/files/1/0935/9550/0847/files/BathBody-Works-B.MIST-236ML-Sweet-Pea.webp?v=1754298217,منتج بخاخ Bath&amp;Body Works B.MIST 236 مل، رائحة البازلاء الحلوة من Bath and Body. التصنيف المرجعي: العناية بالجسم — بسيط. الوسوم المرجعية: Body Care، Body Mist، Body Splash، Body Spray، Deodrant، Perfumes.,https://alfouadpharmacies.com/en/products/bathampbody-works-bmist-236ml-sweet-pea,AlFouad Pharmacies,true,Verify usage rights before commercial publication,false,false,false,false,HOLD — REFERENCE ONLY
10569894199599,bathampbody-works-bmist-236ml-summer-melody,بخاخ الجسم من Bath&amp;Body Works، رائحة Summer Melody، سعة 236 مل.,Bath and Body,العناية بالجسم,العناية بالجسم,بسيط,9601,800,,false,https://cdn.shopify.com/s/files/1/0935/9550/0847/files/BathBody-Works-B.MIST-236ML-Summer-Melody.webp?v=1754298218,منتج بخاخ الجسم من Bath&amp;Body Works، رائحة Summer Melody، سعة 236 مل. من Bath and Body. التصنيف المرجعي: العناية بالجسم — بسيط. الوسوم المرجعية: Body Care، Body Mist، Body Splash، Body Spray، Deodrant، Perfumes.,https://alfouadpharmacies.com/en/products/bathampbody-works-bmist-236ml-summer-melody,AlFouad Pharmacies,true,Verify usage rights before commercial publication,false,false,false,false,HOLD — REFERENCE ONLY
10569894166831,bathampbody-works-bmist-236ml-snowy-morning,بخاخ الجسم من Bath&amp;Body Works، رائحة صباح ثلجي، 236 مل,Bath and Body,العناية بالجسم,العناية بالجسم,بسيط,101448,800,,false,https://cdn.shopify.com/s/files/1/0935/9550/0847/files/BathBody-Works-B.MIST-236ML-Snowy-Morning.webp?v=1754298219,منتج بخاخ الجسم من Bath&amp;Body Works، رائحة صباح ثلجي، 236 مل من Bath and Body. التصنيف المرجعي: العناية بالجسم — بسيط. الوسوم المرجعية: Body Care، Body Mist، Body Splash، Body Spray، Deodrant، Perfumes.,https://alfouadpharmacies.com/en/products/bathampbody-works-bmist-236ml-snowy-morning,AlFouad Pharmacies,true,Verify usage rights before commercial publication,false,false,false,false,HOLD — REFERENCE ONLY
10569894134063,bathampbody-works-bmist-236ml-sapphire-moon,بخاخ Bath&amp;Body Works B.MIST 236 مل، إصدار سابفير مون.,Bath and Body,العناية بالجسم,العناية بالجسم,بسيط,9576,800,,true,https://cdn.shopify.com/s/files/1/0935/9550/0847/files/BathBody-Works-B.MIST-236ML-Sapphire-Moon.webp?v=1754298219,منتج بخاخ Bath&amp;Body Works B.MIST 236 مل، إصدار سابفير مون. من Bath and Body. التصنيف المرجعي: العناية بالجسم — بسيط. الوسوم المرجعية: Body Care، Body Mist، Body Splash، Body Spray، Deodrant، Perfumes.,https://alfouadpharmacies.com/en/products/bathampbody-works-bmist-236ml-sapphire-moon,AlFouad Pharmacies,true,Verify usage rights before commercial publication,false,false,false,false,HOLD — REFERENCE ONLY
10569894002991,bathampbody-works-bmist-236ml-salt-water,بخاخ الجسم من Bath&amp;Body Works B.MIST 236 مل، رائحة مياه البحر.,Bath and Body,العناية بالجسم,العناية بالجسم,بسيط,101450,800,,false,https://cdn.shopify.com/s/files/1/0935/9550/0847/files/BathBody-Works-B.MIST-236ML-Salt-Water.webp?v=1754298220,منتج بخاخ الجسم من Bath&amp;Body Works B.MIST 236 مل، رائحة مياه البحر. من Bath and Body. التصنيف المرجعي: العناية بالجسم — بسيط. الوسوم المرجعية: Body Care، Body Mist، Body Splash، Body Spray، Deodrant، Perfumes.,https://alfouadpharmacies.com/en/products/bathampbody-works-bmist-236ml-salt-water,AlFouad Pharmacies,true,Verify usage rights before commercial publication,false,false,false,false,HOLD — REFERENCE ONLY
10569893740847,bathampbody-works-bmist-236ml-pink-mangolia,بخاخ الجسم من Bath&amp;Body Works، رائحة زهرة المانجولي الوردي، 236 مل,Bath and Body,العناية بالجسم,العناية بالجسم,بسيط,93459,800,,false,https://cdn.shopify.com/s/files/1/0935/9550/0847/files/BathBody-Works-B.MIST-236ML-Pink-Mangolia.webp?v=1754298224,منتج بخاخ الجسم من Bath&amp;Body Works، رائحة زهرة المانجولي الوردي، 236 مل من Bath and Body. التصنيف المرجعي: العناية بالجسم — بسيط. الوسوم المرجعية: Body Care، Body Mist، Body Splash، Body Spray، Deodrant، Perfumes.,https://alfouadpharmacies.com/en/products/bathampbody-works-bmist-236ml-pink-mangolia,AlFouad Pharmacies,true,Verify usage rights before commercial publication,false,false,false,false,HOLD — REFERENCE ONLY
10569893478703,bathampbody-works-bmist-236ml-peach-bellini,بخاخ الجسم من Bath&amp;Body Works، رائحة بيتش بيليني، 236 مل,Bath and Body,العناية بالجسم,العناية بالجسم,بسيط,0,750,,false,https://cdn.shopify.com/s/files/1/0935/9550/0847/files/BathBody-Works-B.MIST-236ML-Peach-Bellini.webp?v=1754298227,منتج بخاخ الجسم من Bath&amp;Body Works، رائحة بيتش بيليني، 236 مل من Bath and Body. التصنيف المرجعي: العناية بالجسم — بسيط. الوسوم المرجعية: Body Care، Body Mist، Body Splash، Body Spray، Deodrant، Perfumes.,https://alfouadpharmacies.com/en/products/bathampbody-works-bmist-236ml-peach-bellini,AlFouad Pharmacies,true,Verify usage rights before commercial publication,false,false,false,false,HOLD — REFERENCE ONLY
10569893445935,bathampbody-works-bmist-236ml-midnight-amber-glow,بخاخ الجسم من Bath &amp; Body Works، B.MIST، 236 مل، عطر منتصف الليل الذهبي.,Bath and Body,العناية بالجسم,العناية بالجسم,بسيط,9339,800,,false,https://cdn.shopify.com/s/files/1/0935/9550/0847/files/BathBody-Works-B.MIST-236ML-Midnight-Amber-Glow.webp?v=1754298228,منتج بخاخ الجسم من Bath &amp; Body Works، B.MIST، 236 مل، عطر منتصف الليل الذهبي. من Bath and Body. التصنيف المرجعي: العناية بالجسم — بسيط. الوسوم المرجعية: Body Care، Body Mist، Body Splash، Body Spray، Deodrant، Perfumes.,https://alfouadpharmacies.com/en/products/bathampbody-works-bmist-236ml-midnight-amber-glow,AlFouad Pharmacies,true,Verify usage rights before commercial publication,false,false,false,false,HOLD — REFERENCE ONLY
10569893347631,bathampbody-works-bmist-236ml-magic-in-the-air,بخاخ الجسم من Bath&amp;Body Works B.MIST سعة 236 مل، رائحة Magic in the Air,Bath and Body,العناية بالجسم,العناية بالجسم,بسيط,108454,800,,false,https://cdn.shopify.com/s/files/1/0935/9550/0847/files/BathBody-Works-B.MIST-236ML-Magic-in-the-Air.webp?v=1754298230,منتج بخاخ الجسم من Bath&amp;Body Works B.MIST سعة 236 مل، رائحة Magic in the Air من Bath and Body. التصنيف المرجعي: العناية بالجسم — بسيط. الوسوم المرجعية: Body Care، Body Mist، Body Splash، Body Spray، Deodrant، Perfumes.,https://alfouadpharmacies.com/en/products/bathampbody-works-bmist-236ml-magic-in-the-air,AlFouad Pharmacies,true,Verify usage rights before commercial publication,false,false,false,false,HOLD — REFERENCE ONLY
10569893085487,bathampbody-works-bmist-236ml-mad-about-you,بخاخ الجسم من Bath&amp;Body Works، B.MIST، 236 مل، رائحة Mad About You.,Bath and Body,العناية بالجسم,العناية بالجسم,بسيط,96630,800,,false,https://cdn.shopify.com/s/files/1/0935/9550/0847/files/BathBody-Works-B.MIST-236ML-Mad-About-You.webp?v=1754298232,منتج بخاخ الجسم من Bath&amp;Body Works، B.MIST، 236 مل، رائحة Mad About You. من Bath and Body. التصنيف المرجعي: العناية بالجسم — بسيط. الوسوم المرجعية: Body Care، Body Mist، Body Splash، Body Spray، Deodrant، Perfumes.,https://alfouadpharmacies.com/en/products/bathampbody-works-bmist-236ml-mad-about-you,AlFouad Pharmacies,true,Verify usage rights before commercial publication,false,false,false,false,HOLD — REFERENCE ONLY
10569892987183,bathampbody-works-bmist-236ml-luminous,بخاخ الجسم من Bath&amp;Body Works، إصدار B.MIST، حجم 236 مل، رائحة مضيئة.,Bath and Body,العناية بالجسم,العناية بالجسم,بسيط,112078,800,,false,https://cdn.shopify.com/s/files/1/0935/9550/0847/files/BathBody-Works-B.MIST-236ML-Luminous.webp?v=1754298233,منتج بخاخ الجسم من Bath&amp;Body Works، إصدار B.MIST، حجم 236 مل، رائحة مضيئة. من Bath and Body. التصنيف المرجعي: العناية بالجسم — بسيط. الوسوم المرجعية: Body Care، Body Mist، Body Splash، Body Spray، Deodrant، Perfumes.,https://alfouadpharmacies.com/en/products/bathampbody-works-bmist-236ml-luminous,AlFouad Pharmacies,true,Verify usage rights before commercial publication,false,false,false,false,HOLD — REFERENCE ONLY
10569892790575,bathampbody-works-bmist-236ml-love-amp-sunshine,بخاخ Bath&amp;Body Works B.MIST 236 مل، رائحة الحب والأشعة الشمسية,Bath and Body,العناية بالجسم,العناية بالجسم,بسيط,101447,800,,false,https://cdn.shopify.com/s/files/1/0935/9550/0847/files/BathBody-Works-B.MIST-236ML-Love-Sunshine.webp?v=1754298236,منتج بخاخ Bath&amp;Body Works B.MIST 236 مل، رائحة الحب والأشعة الشمسية من Bath and Body. التصنيف المرجعي: العناية بالجسم — بسيط. الوسوم المرجعية: Body Care، Body Mist، Body Splash، Body Spray، Deodrant، Perfumes.,https://alfouadpharmacies.com/en/products/bathampbody-works-bmist-236ml-love-amp-sunshine,AlFouad Pharmacies,true,Verify usage rights before commercial publication,false,false,false,false,HOLD — REFERENCE ONLY
10569891807535,bathampbody-works-bmist-236ml-hello-sun-shine,بخاخ الجسم من Bath&amp;Body Works، إصدار Hello Sun Shine، سعة 236 مل.,Bath and Body,العناية بالجسم,العناية بالجسم,بسيط,108460,800,,true,https://cdn.shopify.com/s/files/1/0935/9550/0847/files/BathBody-Works-B.MIST-236ML-Hello-Sun-Shine.webp?v=1754298250,منتج بخاخ الجسم من Bath&amp;Body Works، إصدار Hello Sun Shine، سعة 236 مل. من Bath and Body. التصنيف المرجعي: العناية بالجسم — بسيط. الوسوم المرجعية: Body Care، Body Mist، Body Splash، Body Spray، Deodrant، Perfumes.,https://alfouadpharmacies.com/en/products/bathampbody-works-bmist-236ml-hello-sun-shine,AlFouad Pharmacies,true,Verify usage rights before commercial publication,false,false,false,false,HOLD — REFERENCE ONLY
10569891709231,bathampbody-works-bmist-236ml-gingham-vibrant,بخاخ Bath&amp;Body Works B.MIST 236 مل، رائحة Gingham Vibrant,Bath and Body,العناية بالجسم,العناية بالجسم,بسيط,14289,800,,false,https://cdn.shopify.com/s/files/1/0935/9550/0847/files/BathBody-Works-B.MIST-236ML-Gingham-Vibrant.webp?v=1754298252,منتج بخاخ Bath&amp;Body Works B.MIST 236 مل، رائحة Gingham Vibrant من Bath and Body. التصنيف المرجعي: العناية بالجسم — بسيط. الوسوم المرجعية: Body Care، Body Mist، Body Splash، Body Spray، Deodrant، Perfumes.,https://alfouadpharmacies.com/en/products/bathampbody-works-bmist-236ml-gingham-vibrant,AlFouad Pharmacies,true,Verify usage rights before commercial publication,false,false,false,false,HOLD — REFERENCE ONLY
10569891545391,bathampbody-works-bmist-236ml-gingham-fresh,بخاخ الجسم من Bath&amp;Body Works، إصدار Gingham Fresh، سعة 236 مل.,Bath and Body,العناية بالجسم,العناية بالجسم,بسيط,14352,800,,false,https://cdn.shopify.com/s/files/1/0935/9550/0847/files/BathBody-Works-B.MIST-236ML-Gingham-Fresh.webp?v=1754298254,منتج بخاخ الجسم من Bath&amp;Body Works، إصدار Gingham Fresh، سعة 236 مل. من Bath and Body. التصنيف المرجعي: العناية بالجسم — بسيط. الوسوم المرجعية: Body Care، Body Mist، Body Splash، Body Spray، Deodrant، Perfumes.,https://alfouadpharmacies.com/en/products/bathampbody-works-bmist-236ml-gingham-fresh,AlFouad Pharmacies,true,Verify usage rights before commercial publication,false,false,false,false,HOLD — REFERENCE ONLY
10569891316015,bathampbody-works-bmist-236ml-dream,بخاخ الجسم من Bath&amp;Body Works، رائحة Dream، 236 مل,Bath and Body,العناية بالجسم,العناية بالجسم,بسيط,97644,800,,false,https://cdn.shopify.com/s/files/1/0935/9550/0847/files/BathBody-Works-B.MIST-236ML-Dream.webp?v=1754298257,منتج بخاخ الجسم من Bath&amp;Body Works، رائحة Dream، 236 مل من Bath and Body. التصنيف المرجعي: العناية بالجسم — بسيط. الوسوم المرجعية: Body Care، Body Mist، Body Spray، Deodrant.,https://alfouadpharmacies.com/en/products/bathampbody-works-bmist-236ml-dream,AlFouad Pharmacies,true,Verify usage rights before commercial publication,false,false,false,false,HOLD — REFERENCE ONLY
10569889644847,fa-roll-on-50ml-freshly-free,فا رول أون مزيل عرق 50 مل، رائحة منعشة، مجاني,AlFouad Pharmacies,العناية بالجسم,العناية بالجسم,بسيط,91479,66,,false,https://cdn.shopify.com/s/files/1/0935/9550/0847/files/Fa-Roll-_E2_80_93-on-50-ml-Freshly-Free-_D9_85_D9_83_D8_B1_D8_B1.webp?v=1753904337,منتج فا رول أون مزيل عرق 50 مل، رائحة منعشة، مجاني من AlFouad Pharmacies. التصنيف المرجعي: العناية بالجسم — بسيط. الوسوم المرجعية: Body Care، Deodrant.,https://alfouadpharmacies.com/en/products/fa-roll-on-50ml-freshly-free,AlFouad Pharmacies,true,Verify usage rights before commercial publication,false,false,false,false,HOLD — REFERENCE ONLY
10569867428143,fogg-spray-120ml-royal,بخاخ فوغ 120 مل رويال,fogg,العناية بالجسم,العناية بالجسم,بسيط,25206,160,0,false,https://cdn.shopify.com/s/files/1/0935/9550/0847/files/Fogg-Spray-120ML-Royal.webp?v=1754298274,منتج بخاخ فوغ 120 مل رويال من fogg. التصنيف المرجعي: العناية بالجسم — بسيط. الوسوم المرجعية: Body Care، Body Spray، Deodrant.,https://alfouadpharmacies.com/en/products/fogg-spray-120ml-royal,AlFouad Pharmacies,true,Verify usage rights before commercial publication,false,false,false,false,HOLD — REFERENCE ONLY
10569866969391,fogg-spray-120ml-monarch,بخاخ فوغ 120 مل ملكية,fogg,العناية بالجسم,العناية بالجسم,بسيط,95082,160,0,true,https://cdn.shopify.com/s/files/1/0935/9550/0847/files/Fogg-Spray-120ML-Monarch-_D9_85_D9_84_D9_83_D9_8A_D8_A9.webp?v=1754298278,منتج بخاخ فوغ 120 مل ملكية من fogg. التصنيف المرجعي: العناية بالجسم — بسيط. الوسوم المرجعية: Body Care، Body Spray، Deodrant.,https://alfouadpharmacies.com/en/products/fogg-spray-120ml-monarch,AlFouad Pharmacies,true,Verify usage rights before commercial publication,false,false,false,false,HOLD — REFERENCE ONLY
10569866477871,fogg-spray-120ml-desire,بخاخ فوغ 120 مل ديزير,fogg,العناية بالجسم,العناية بالجسم,بسيط,25713,160,0,true,https://cdn.shopify.com/s/files/1/0935/9550/0847/files/Fogg-Spray-120ML-Desire.webp?v=1754298282,منتج بخاخ فوغ 120 مل ديزير من fogg. التصنيف المرجعي: العناية بالجسم — بسيط. الوسوم المرجعية: Body Care، Body Spray، Deodrant.,https://alfouadpharmacies.com/en/products/fogg-spray-120ml-desire,AlFouad Pharmacies,true,Verify usage rights before commercial publication,false,false,false,false,HOLD — REFERENCE ONLY
10569866281263,fogg-spray-120ml-appeal,بخاخ فوغ 120 مل، جذاب,fogg,العناية بالجسم,العناية بالجسم,بسيط,25711,160,0,true,https://cdn.shopify.com/s/files/1/0935/9550/0847/files/Fogg-Spray-120ML-Appeal.webp?v=1754298284,منتج بخاخ فوغ 120 مل، جذاب من fogg. التصنيف المرجعي: العناية بالجسم — بسيط. الوسوم المرجعية: Body Care، Body Spray، Deodrant.,https://alfouadpharmacies.com/en/products/fogg-spray-120ml-appeal,AlFouad Pharmacies,true,Verify usage rights before commercial publication,false,false,false,false,HOLD — REFERENCE ONLY
10569866150191,fogg-spray-120ml-absolute,بخاخ فوغ 120 مل أبсолюت,fogg,العناية بالجسم,العناية بالجسم,بسيط,95088,160,0,true,https://cdn.shopify.com/s/files/1/0935/9550/0847/files/Fogg-Spray-120ML-Absolute.webp?v=1754298285,منتج بخاخ فوغ 120 مل أبсолюت من fogg. التصنيف المرجعي: العناية بالجسم — بسيط. الوسوم المرجعية: Body Care، Body Spray، Deodrant.,https://alfouadpharmacies.com/en/products/fogg-spray-120ml-absolute,AlFouad Pharmacies,true,Verify usage rights before commercial publication,false,false,false,false,HOLD — REFERENCE ONLY
10569865756975,axe-body-spray-150ml-recharge-clear-sh-90ml-off,بخاخ الجسم Axe 150 مل + بخاخ منع التعرق Clear Sh 90 مل (عرض خاص),AlFouad Pharmacies,العناية بالجسم,العناية بالجسم,بسيط,13652,195,,false,https://cdn.shopify.com/s/files/1/0935/9550/0847/files/AXE-BODY-SPRAY-150ML-RECHARGE-CLEAR-SH-90ML-OFF-1.webp?v=1754298291,منتج بخاخ الجسم Axe 150 مل + بخاخ منع التعرق Clear Sh 90 مل (عرض خاص) من AlFouad Pharmacies. التصنيف المرجعي: العناية بالجسم — بسيط. الوسوم المرجعية: Body Care، Body Offers، Body Spray، Deodrant.,https://alfouadpharmacies.com/en/products/axe-body-spray-150ml-recharge-clear-sh-90ml-off,AlFouad Pharmacies,true,Verify usage rights before commercial publication,false,false,false,false,HOLD — REFERENCE ONLY
10569865593135,axe-body-spray-150ml-ice-chillclear-sh-90ml-off,بخاخ الجسم Axe 150 مل آيس تشيل + بخاخ شفاف 90 مل أوف,AlFouad Pharmacies,العناية بالجسم,العناية بالجسم,بسيط,13705,195,,false,https://cdn.shopify.com/s/files/1/0935/9550/0847/files/AXE-BODY-SPRAY-150ML-ICE-CHILLCLEAR-SH-90ML-OFF.webp?v=1754298292,منتج بخاخ الجسم Axe 150 مل آيس تشيل + بخاخ شفاف 90 مل أوف من AlFouad Pharmacies. التصنيف المرجعي: العناية بالجسم — بسيط. الوسوم المرجعية: Body Care، Body Offers، Body Spray، Deodrant.,https://alfouadpharmacies.com/en/products/axe-body-spray-150ml-ice-chillclear-sh-90ml-off,AlFouad Pharmacies,true,Verify usage rights before commercial publication,false,false,false,false,HOLD — REFERENCE ONLY
10569865560367,axe-body-spray-150ml-gold-temp-clear-sh-90ml-off,بخاخ الجسم Axe 150 مل ذهبي + بخاخ شفاف 90 مل هدية مجانية,AlFouad Pharmacies,العناية بالجسم,العناية بالجسم,بسيط,13650,195,,false,https://cdn.shopify.com/s/files/1/0935/9550/0847/files/AXE-BODY-SPRAY-150ML-GOLD-TEMP-CLEAR-SH-90ML-OFF.webp?v=1754298293,منتج بخاخ الجسم Axe 150 مل ذهبي + بخاخ شفاف 90 مل هدية مجانية من AlFouad Pharmacies. التصنيف المرجعي: العناية بالجسم — بسيط. الوسوم المرجعية: Body Care، Body Offers، Body Spray، Deodrant.,https://alfouadpharmacies.com/en/products/axe-body-spray-150ml-gold-temp-clear-sh-90ml-off,AlFouad Pharmacies,true,Verify usage rights before commercial publication,false,false,false,false,HOLD — REFERENCE ONLY
10569865232687,axe-body-spray-150ml-dark-temp-clear-sh-90ml-off,بخاخ الجسم آكس 150 مل دارك تمب + بخاخ شفاف 90 مل أوف,AlFouad Pharmacies,العناية بالجسم,العناية بالجسم,بسيط,13429,195,,false,https://cdn.shopify.com/s/files/1/0935/9550/0847/files/Axe-Body-Spray-150ML-Dark-Temp-Clear-Sh-90ML-Off.webp?v=1754298295,منتج بخاخ الجسم آكس 150 مل دارك تمب + بخاخ شفاف 90 مل أوف من AlFouad Pharmacies. التصنيف المرجعي: العناية بالجسم — بسيط. الوسوم المرجعية: Body Care، Body Offers، Body Spray، Deodrant.,https://alfouadpharmacies.com/en/products/axe-body-spray-150ml-dark-temp-clear-sh-90ml-off,AlFouad Pharmacies,true,Verify usage rights before commercial publication,false,false,false,false,HOLD — REFERENCE ONLY
10569865101615,axe-body-spray-150ml-cookies-clear-sh-90ml-off,بخاخ الجسم Axe 150 مل بسكويت + شامبو شفاف 90 مل  (عرض خاص),AlFouad Pharmacies,العناية بالجسم,العناية بالجسم,بسيط,13656,195,,false,https://cdn.shopify.com/s/files/1/0935/9550/0847/files/AXE-BODY-SPRAY-150ML-COOKIES-CLEAR-SH-90ML-OFF.webp?v=1754298296,منتج بخاخ الجسم Axe 150 مل بسكويت + شامبو شفاف 90 مل  (عرض خاص) من AlFouad Pharmacies. التصنيف المرجعي: العناية بالجسم — بسيط. الوسوم المرجعية: Body Care، Body Offers، Body Spray، Deodrant.,https://alfouadpharmacies.com/en/products/axe-body-spray-150ml-cookies-clear-sh-90ml-off,AlFouad Pharmacies,true,Verify usage rights before commercial publication,false,false,false,false,HOLD — REFERENCE ONLY
10569864413487,fa-hand-wash-250ml-coconut,غسول اليدين فا، 250 مل، نكهة جوز الهند,AlFouad Pharmacies,العناية بالجسم,العناية بالجسم,بسيط,87774,50,,false,https://cdn.shopify.com/s/files/1/0935/9550/0847/files/Fa-Hand-Wash-250ML-Coconut.webp?v=1753904385,منتج غسول اليدين فا، 250 مل، نكهة جوز الهند من AlFouad Pharmacies. التصنيف المرجعي: العناية بالجسم — بسيط. الوسوم المرجعية: Body Care، Hand Wash.,https://alfouadpharmacies.com/en/products/fa-hand-wash-250ml-coconut,AlFouad Pharmacies,true,Verify usage rights before commercial publication,false,false,false,false,HOLD — REFERENCE ONLY
10569863954735,fa-deo-spray-150ml-mint-men,بخاخ مزيل عرق فا، نعناع، للرجال، 150 مل,AlFouad Pharmacies,العناية بالجسم,العناية بالجسم,بسيط,25683,191,,false,https://cdn.shopify.com/s/files/1/0935/9550/0847/files/Fa-Deo-Spray-150ML-Mint-Men.webp?v=1753904389,منتج بخاخ مزيل عرق فا، نعناع، للرجال، 150 مل من AlFouad Pharmacies. التصنيف المرجعي: العناية بالجسم — بسيط. الوسوم المرجعية: Body Care، Body Spray، Deodrant.,https://alfouadpharmacies.com/en/products/fa-deo-spray-150ml-mint-men,AlFouad Pharmacies,true,Verify usage rights before commercial publication,false,false,false,false,HOLD — REFERENCE ONLY
10569863921967,fa-deo-spray-150ml-for-men-sport,بخاخ مزيل عرق فا للرجال الرياضيين 150 مل,AlFouad Pharmacies,العناية بالجسم,العناية بالجسم,بسيط,87150,191,,false,https://cdn.shopify.com/s/files/1/0935/9550/0847/files/Fa-Deo-Spray-150ML-for-Men-Sport.webp?v=1754298306,منتج بخاخ مزيل عرق فا للرجال الرياضيين 150 مل من AlFouad Pharmacies. التصنيف المرجعي: العناية بالجسم — بسيط. الوسوم المرجعية: Body Care، Body Spray، Deodrant.,https://alfouadpharmacies.com/en/products/fa-deo-spray-150ml-for-men-sport,AlFouad Pharmacies,true,Verify usage rights before commercial publication,false,false,false,false,HOLD — REFERENCE ONLY
10569863856431,fa-deo-spray-150ml-floral-protect-orchidampviola,بخاخ مزيل عرق فا 150 مل، حماية زهرية، زهر الأوركيد والبنفسج,AlFouad Pharmacies,العناية بالجسم,العناية بالجسم,بسيط,102727,191,,false,https://cdn.shopify.com/s/files/1/0935/9550/0847/files/Fa-Deo-Spray-150ML-Floral-Protect-OrchidViola.webp?v=1754298307,منتج بخاخ مزيل عرق فا 150 مل، حماية زهرية، زهر الأوركيد والبنفسج من AlFouad Pharmacies. التصنيف المرجعي: العناية بالجسم — بسيط. الوسوم المرجعية: Body Care، Body Spray، Deodrant.,https://alfouadpharmacies.com/en/products/fa-deo-spray-150ml-floral-protect-orchidampviola,AlFouad Pharmacies,true,Verify usage rights before commercial publication,false,false,false,false,HOLD — REFERENCE ONLY
10569859203375,bathampbody-works-bmist-236ml-confetti-daydream,بخاخ Bath&amp;Body Works B.MIST 236 مل، رائحة Confetti Daydream,Bath and Body,العناية بالجسم,العناية بالجسم,بسيط,6937,800,,false,https://cdn.shopify.com/s/files/1/0935/9550/0847/files/BathBody-Works-B.MIST-236ML-Confetti-Daydream.webp?v=1754298349,منتج بخاخ Bath&amp;Body Works B.MIST 236 مل، رائحة Confetti Daydream من Bath and Body. التصنيف المرجعي: العناية بالجسم — بسيط. الوسوم المرجعية: Body Care، Body Mist، Body Splash، Body Spray، Deodrant، Perfumes.,https://alfouadpharmacies.com/en/products/bathampbody-works-bmist-236ml-confetti-daydream,AlFouad Pharmacies,true,Verify usage rights before commercial publication,false,false,false,false,HOLD — REFERENCE ONLY
10569858646319,bathampbody-works-bmist-236ml-at-the-beach,بخاخ الجسم من Bath&amp;Body Works B.mist 236 مل، رائحة الشاطئ,Bath and Body,العناية بالجسم,العناية بالجسم,بسيط,108434,800,,false,https://cdn.shopify.com/s/files/1/0935/9550/0847/files/BathBody-Works-B.MIST-236ML-at-the-Beach-1.webp?v=1754298354,منتج بخاخ الجسم من Bath&amp;Body Works B.mist 236 مل، رائحة الشاطئ من Bath and Body. التصنيف المرجعي: العناية بالجسم — بسيط. الوسوم المرجعية: Body Care، Body Mist، Body Splash، Body Spray، Deodrant، Perfumes.,https://alfouadpharmacies.com/en/products/bathampbody-works-bmist-236ml-at-the-beach,AlFouad Pharmacies,true,Verify usage rights before commercial publication,false,false,false,false,HOLD — REFERENCE ONLY
10569858482479,dove-spray-150ml-invisable-dry,بخاخ دوف 150 مل جاف غير مرئي,Dove,العناية بالجسم,العناية بالجسم,بسيط,95022,195,,false,https://cdn.shopify.com/s/files/1/0935/9550/0847/files/Dove-Spray-150ML-Invisable-Dry.webp?v=1754298355,منتج بخاخ دوف 150 مل جاف غير مرئي من Dove. التصنيف المرجعي: العناية بالجسم — بسيط. الوسوم المرجعية: Body Care، Body Spray، Deodrant.,https://alfouadpharmacies.com/en/products/dove-spray-150ml-invisable-dry,AlFouad Pharmacies,true,Verify usage rights before commercial publication,false,false,false,false,HOLD — REFERENCE ONLY
10569858416943,bathampbody-works-blotion-236ml-sweet-pea,لوشن الجسم من Bath&amp;Body Works، حجم 236 مل، برائحة البازلاء الحلوة.,Bath and Body,العناية بالجسم,العناية بالجسم,بسيط,108679,680,,false,https://cdn.shopify.com/s/files/1/0935/9550/0847/files/BathBody-Works-B.LOTION-236ML-Sweet-Pea.webp?v=1754298356,منتج لوشن الجسم من Bath&amp;Body Works، حجم 236 مل، برائحة البازلاء الحلوة. من Bath and Body. التصنيف المرجعي: العناية بالجسم — بسيط. الوسوم المرجعية: Body Care، Body Concerns، Body Lotion، Dry Skin body concerns.,https://alfouadpharmacies.com/en/products/bathampbody-works-blotion-236ml-sweet-pea,AlFouad Pharmacies,true,Verify usage rights before commercial publication,false,false,false,false,HOLD — REFERENCE ONLY
10569858253103,bathampbody-works-blotion-236ml-salt-water-breeze,لوشن Bath&amp;Body Works B.LOTION 236 مل، رائحة نسيم البحر المالحة,Bath and Body,العناية بالجسم,العناية بالجسم,بسيط,108464,680,,false,https://cdn.shopify.com/s/files/1/0935/9550/0847/files/BathBody-Works-B.LOTION-236ML-Salt-Water-Breeze.webp?v=1754298357,منتج لوشن Bath&amp;Body Works B.LOTION 236 مل، رائحة نسيم البحر المالحة من Bath and Body. التصنيف المرجعي: العناية بالجسم — بسيط. الوسوم المرجعية: Body Care، Body Concerns، Body Lotion، Dry Skin body concerns.,https://alfouadpharmacies.com/en/products/bathampbody-works-blotion-236ml-salt-water-breeze,AlFouad Pharmacies,true,Verify usage rights before commercial publication,false,false,false,false,HOLD — REFERENCE ONLY
10569857958191,bathampbody-works-blotion-236ml-pure-wonder,لوشن الجسم من Bath&amp;Body Works، حجم 236 مل، رائحة Pure Wonder.,Bath and Body,العناية بالجسم,العناية بالجسم,بسيط,13268,680,,false,https://cdn.shopify.com/s/files/1/0935/9550/0847/files/BathBody-Works-B.LOTION-236ML-Pure-Wonder.webp?v=1754298360,منتج لوشن الجسم من Bath&amp;Body Works، حجم 236 مل، رائحة Pure Wonder. من Bath and Body. التصنيف المرجعي: العناية بالجسم — بسيط. الوسوم المرجعية: Body Care، Body Concerns، Body Lotion، Dry Skin body concerns.,https://alfouadpharmacies.com/en/products/bathampbody-works-blotion-236ml-pure-wonder,AlFouad Pharmacies,true,Verify usage rights before commercial publication,false,false,false,false,HOLD — REFERENCE ONLY
10569857761583,bathampbody-works-blotion-236ml-life-of-the-party,لوشن الجسم من Bath&amp;Body Works، حجم 236 مل، إصدار Life of the Party.,Bath and Body,العناية بالجسم,العناية بالجسم,بسيط,112083,680,,false,https://cdn.shopify.com/s/files/1/0935/9550/0847/files/BathBody-Works-B.LOTION-236ML-Life-of-the-Party.webp?v=1754298363,منتج لوشن الجسم من Bath&amp;Body Works، حجم 236 مل، إصدار Life of the Party. من Bath and Body. التصنيف المرجعي: العناية بالجسم — بسيط. الوسوم المرجعية: Body Care، Body Concerns، Body Lotion، Dry Skin body concerns.,https://alfouadpharmacies.com/en/products/bathampbody-works-blotion-236ml-life-of-the-party,AlFouad Pharmacies,true,Verify usage rights before commercial publication,false,false,false,false,HOLD — REFERENCE ONLY
10569857532207,bathampbody-works-blotion-236ml-japanese,لوشن الجسم من Bath &amp; Body Works، 236 مل، إصدار ياباني.,Bath and Body,العناية بالجسم,العناية بالجسم,بسيط,103610,680,,false,https://cdn.shopify.com/s/files/1/0935/9550/0847/files/BathBody-Works-B.LOTION-236ML-Japanese.webp?v=1754298366,منتج لوشن الجسم من Bath &amp; Body Works، 236 مل، إصدار ياباني. من Bath and Body. التصنيف المرجعي: العناية بالجسم — بسيط. الوسوم المرجعية: Body Care، Body Concerns، Body Lotion، Dry Skin body concerns.,https://alfouadpharmacies.com/en/products/bathampbody-works-blotion-236ml-japanese,AlFouad Pharmacies,true,Verify usage rights before commercial publication,false,false,false,false,HOLD — REFERENCE ONLY
10569857401135,bathampbody-works-blotion-236ml-forever-red,لوشن الجسم من Bath&amp;Body Works، إصدار Forever Red، سعة 236 مل.,Bath and Body,العناية بالجسم,العناية بالجسم,بسيط,12627,680,,false,https://cdn.shopify.com/s/files/1/0935/9550/0847/files/BathBody-Works-B.LOTION-236ML-Forever-Red.webp?v=1754298367,منتج لوشن الجسم من Bath&amp;Body Works، إصدار Forever Red، سعة 236 مل. من Bath and Body. التصنيف المرجعي: العناية بالجسم — بسيط. الوسوم المرجعية: Body Care، Body Concerns، Body Lotion، Dry Skin body concerns.,https://alfouadpharmacies.com/en/products/bathampbody-works-blotion-236ml-forever-red,AlFouad Pharmacies,true,Verify usage rights before commercial publication,false,false,false,false,HOLD — REFERENCE ONLY
10569857270063,bathampbody-works-blotion-236ml-fairytale,لوشن الجسم من Bath&amp;Body Works، حجم 236 مل، رائحة Fairytale.,Bath and Body,العناية بالجسم,العناية بالجسم,بسيط,112084,680,,false,https://cdn.shopify.com/s/files/1/0935/9550/0847/files/BathBody-Works-B.LOTION-236ML-Fairytale.webp?v=1754298369,منتج لوشن الجسم من Bath&amp;Body Works، حجم 236 مل، رائحة Fairytale. من Bath and Body. التصنيف المرجعي: العناية بالجسم — بسيط. الوسوم المرجعية: Body Care، Body Concerns، Body Lotion، Dry Skin body concerns، Smooth Texture.,https://alfouadpharmacies.com/en/products/bathampbody-works-blotion-236ml-fairytale,AlFouad Pharmacies,true,Verify usage rights before commercial publication,false,false,false,false,HOLD — REFERENCE ONLY
10569857073455,bathampbody-works-blotion-236ml-dark-kiss,لوشن الجسم من Bath&amp;Body Works، رائحة Dark Kiss، سعة 236 مل.,Bath and Body,العناية بالجسم,العناية بالجسم,بسيط,12791,680,,false,https://cdn.shopify.com/s/files/1/0935/9550/0847/files/BathBody-Works-B.LOTION-236ML-Dark-Kiss.webp?v=1754298371,منتج لوشن الجسم من Bath&amp;Body Works، رائحة Dark Kiss، سعة 236 مل. من Bath and Body. التصنيف المرجعي: العناية بالجسم — بسيط. الوسوم المرجعية: Body Care، Body Concerns، Body Lotion، Dry Skin body concerns، Smooth Texture.,https://alfouadpharmacies.com/en/products/bathampbody-works-blotion-236ml-dark-kiss,AlFouad Pharmacies,true,Verify usage rights before commercial publication,false,false,false,false,HOLD — REFERENCE ONLY
10569856876847,bathampbody-works-bcream-226ml-forever-red,لوشن Bath&amp;Body Works B.CREAM 226 مل، إصدار Forever Red,Bath and Body,العناية بالجسم,العناية بالجسم,بسيط,12974,650,,false,https://cdn.shopify.com/s/files/1/0935/9550/0847/files/BathBody-Works-B.CREAM-226ML-Forever-Red.webp?v=1754298373,منتج لوشن Bath&amp;Body Works B.CREAM 226 مل، إصدار Forever Red من Bath and Body. التصنيف المرجعي: العناية بالجسم — بسيط. الوسوم المرجعية: Body Care، Body Concerns، Body Cream، Dry Skin body concerns.,https://alfouadpharmacies.com/en/products/bathampbody-works-bcream-226ml-forever-red,AlFouad Pharmacies,true,Verify usage rights before commercial publication,false,false,false,false,HOLD — REFERENCE ONLY
10569856614703,bathampbody-shower-gel-295ml-sweet-pea,جل استحمام Bath&amp;Body 295 مل، رائحة البازلاء الحلوة,Bath and Body,العناية بالجسم,العناية بالجسم,بسيط,10019,650,,false,https://cdn.shopify.com/s/files/1/0935/9550/0847/files/BathBody-Shower-Gel-295ML-Sweet-Pea.webp?v=1754298376,منتج جل استحمام Bath&amp;Body 295 مل، رائحة البازلاء الحلوة من Bath and Body. التصنيف المرجعي: العناية بالجسم — بسيط. الوسوم المرجعية: Body Care، Body Wash.,https://alfouadpharmacies.com/en/products/bathampbody-shower-gel-295ml-sweet-pea,AlFouad Pharmacies,true,Verify usage rights before commercial publication,false,false,false,false,HOLD — REFERENCE ONLY
10569856385327,victoria-secret-body-mist-250ml-velvet-petals,بخاخ جسم فيكتوريا سيكرت 250 مل، رائحة بتلات المخمل.,Victoria Secret,العناية بالجسم,العناية بالجسم,بسيط,94831,650,,false,https://cdn.shopify.com/s/files/1/0935/9550/0847/files/V.S.B.-Body-Mist-250ML-Velvet-Petals.webp?v=1754298378,منتج بخاخ جسم فيكتوريا سيكرت 250 مل، رائحة بتلات المخمل. من Victoria Secret. التصنيف المرجعي: العناية بالجسم — بسيط. الوسوم المرجعية: Body Care، Body Mist، Body Splash، Body Spray، Deodrant، Perfumes.,https://alfouadpharmacies.com/en/products/victoria-secret-body-mist-250ml-velvet-petals,AlFouad Pharmacies,true,Verify usage rights before commercial publication,false,false,false,false,HOLD — REFERENCE ONLY
10569856254255,victoria-secret-splash-250-ml-lemon-escape,فيكتوريا سيكرت. رذاذ منعش 250 مل، رائحة الليمون.,Victoria Secret,العناية بالجسم,العناية بالجسم,بسيط,91552,350,,false,https://cdn.shopify.com/s/files/1/0935/9550/0847/files/Victoria-Secret.-Splash-250-ml-Lemon-Escape.webp?v=1754298382,منتج فيكتوريا سيكرت. رذاذ منعش 250 مل، رائحة الليمون. من Victoria Secret. التصنيف المرجعي: العناية بالجسم — بسيط. الوسوم المرجعية: Body Care، Body Mist، Body Splash، Body Spray، Deodrant، Perfumes.,https://alfouadpharmacies.com/en/products/victoria-secret-splash-250-ml-lemon-escape,AlFouad Pharmacies,true,Verify usage rights before commercial publication,false,false,false,false,HOLD — REFERENCE ONLY
10569855795503,dove-hand-wash-500ml-pampering,غسول اليدين دوف 500 مل للعناية بالبشرة (تدليل),Dove,العناية بالجسم,العناية بالجسم,بسيط,97204,100,,false,https://cdn.shopify.com/s/files/1/0935/9550/0847/files/Dove-Hand-Wash-500ML-Pampering-_D8_AA_D8_AF_D9_84_D9_8A_D9_84.webp?v=1754298385,منتج غسول اليدين دوف 500 مل للعناية بالبشرة (تدليل) من Dove. التصنيف المرجعي: العناية بالجسم — بسيط. الوسوم المرجعية: Body Care، Hand Wash.,https://alfouadpharmacies.com/en/products/dove-hand-wash-500ml-pampering,AlFouad Pharmacies,true,Verify usage rights before commercial publication,false,false,false,false,HOLD — REFERENCE ONLY
10569855074607,victoria-secret-body-mist-250ml-neon-coast,بخاخ جسم فيكتوريا سيكرت، نيون كوست، 250 مل,Victoria Secret,العناية بالجسم,العناية بالجسم,بسيط,104170,650,,false,https://cdn.shopify.com/s/files/1/0935/9550/0847/files/Victoria-Secret.-Body-Mist-250ML-Neon-Coast-715.webp?v=1754298392,منتج بخاخ جسم فيكتوريا سيكرت، نيون كوست، 250 مل من Victoria Secret. التصنيف المرجعي: العناية بالجسم — بسيط. الوسوم المرجعية: Body Care، Body Mist، Body Splash، Body Spray، Deodrant، Perfumes.,https://alfouadpharmacies.com/en/products/victoria-secret-body-mist-250ml-neon-coast,AlFouad Pharmacies,true,Verify usage rights before commercial publication,false,false,false,false,HOLD — REFERENCE ONLY
10569851797807,ingram-cologne-250ml,كولونيا إنغرام 250 مل ريد باشون,AlFouad Pharmacies,العناية بالجسم,العناية بالجسم,بسيط,9711,70,,false,https://cdn.shopify.com/s/files/1/0935/9550/0847/files/Ingram-Cologne-250ML-_D8_B1_D9_8A_D8_AF-_D8_A8_D8_A7_D8_B4_D9_88_D9_86.webp?v=1754298420,منتج كولونيا إنغرام 250 مل ريد باشون من AlFouad Pharmacies. التصنيف المرجعي: العناية بالجسم — بسيط. الوسوم المرجعية: Body Care، Body Spray، Deodrant.,https://alfouadpharmacies.com/en/products/ingram-cologne-250ml,AlFouad Pharmacies,true,Verify usage rights before commercial publication,false,false,false,false,HOLD — REFERENCE ONLY
10569841410351,camay-soap-collection-125115gm,مجموعة صابون كاماي 125/115 غرام,AlFouad Pharmacies,العناية بالجسم,العناية بالجسم,بسيط,33267,21.25,,true,https://cdn.shopify.com/s/files/1/0935/9550/0847/files/Camay-Soap-Collection-125115GM.webp?v=1754298510,منتج مجموعة صابون كاماي 125/115 غرام من AlFouad Pharmacies. التصنيف المرجعي: العناية بالجسم — بسيط. الوسوم المرجعية: Body Care، Body Wash.,https://alfouadpharmacies.com/en/products/camay-soap-collection-125115gm,AlFouad Pharmacies,true,Verify usage rights before commercial publication,false,false,false,false,HOLD — REFERENCE ONLY
10569841213743,camay-shower-gel-1liter-vintage-offer,جل استحمام كامي 1 لتر - عرض خاص للمنتجات القديمة,AlFouad Pharmacies,العناية بالجسم,العناية بالجسم,بسيط,106853,100,,false,https://cdn.shopify.com/s/files/1/0935/9550/0847/files/Camay-Shower-Gel-1LITER-Vintage-Ofeer.webp?v=1754298511,منتج جل استحمام كامي 1 لتر - عرض خاص للمنتجات القديمة من AlFouad Pharmacies. التصنيف المرجعي: العناية بالجسم — بسيط. الوسوم المرجعية: Body Care، Body Wash.,https://alfouadpharmacies.com/en/products/camay-shower-gel-1liter-vintage-offer,AlFouad Pharmacies,true,Verify usage rights before commercial publication,false,false,false,false,HOLD — REFERENCE ONLY
10569841082671,camay-shower-gel-1liter-vintage,جل استحمام كامي 1 لتر إصدار قديم,AlFouad Pharmacies,العناية بالجسم,العناية بالجسم,بسيط,98647,110,,false,https://cdn.shopify.com/s/files/1/0935/9550/0847/files/Camay-Shower-Gel-1LITER-Vintage.webp?v=1754298512,منتج جل استحمام كامي 1 لتر إصدار قديم من AlFouad Pharmacies. التصنيف المرجعي: العناية بالجسم — بسيط. الوسوم المرجعية: Body Care، Body Wash.,https://alfouadpharmacies.com/en/products/camay-shower-gel-1liter-vintage,AlFouad Pharmacies,true,Verify usage rights before commercial publication,false,false,false,false,HOLD — REFERENCE ONLY
10569840853295,camay-shower-gel-1liter-strawberry,جل استحمام كامي، الفراولة، 1 لتر,AlFouad Pharmacies,العناية بالجسم,العناية بالجسم,بسيط,9970,110,,false,https://cdn.shopify.com/s/files/1/0935/9550/0847/files/Camay-Shower-Gel-1LITER-Strawberry.webp?v=1754298513,منتج جل استحمام كامي، الفراولة، 1 لتر من AlFouad Pharmacies. التصنيف المرجعي: العناية بالجسم — بسيط. الوسوم المرجعية: Body Care، Body Wash.,https://alfouadpharmacies.com/en/products/camay-shower-gel-1liter-strawberry,AlFouad Pharmacies,true,Verify usage rights before commercial publication,false,false,false,false,HOLD — REFERENCE ONLY
10569840787759,camay-shower-gel-1liter-romantique-ofeer,جل استحمام كامي 1 لتر رومانتييك أوفير,AlFouad Pharmacies,العناية بالجسم,العناية بالجسم,بسيط,98518,100,,false,https://cdn.shopify.com/s/files/1/0935/9550/0847/files/Camay-Shower-Gel-1LITER-Romantique-Ofeer.webp?v=1754298513,منتج جل استحمام كامي 1 لتر رومانتييك أوفير من AlFouad Pharmacies. التصنيف المرجعي: العناية بالجسم — بسيط. الوسوم المرجعية: Body Care، Body Wash.,https://alfouadpharmacies.com/en/products/camay-shower-gel-1liter-romantique-ofeer,AlFouad Pharmacies,true,Verify usage rights before commercial publication,false,false,false,false,HOLD — REFERENCE ONLY
10569840689455,camay-shower-gel-1liter-romantique,جل استحمام كامي 1 لتر رومانتي,AlFouad Pharmacies,العناية بالجسم,العناية بالجسم,بسيط,102205,105,,false,https://cdn.shopify.com/s/files/1/0935/9550/0847/files/Camay-Shower-Gel-1LITER-Romantique.webp?v=1754298514,منتج جل استحمام كامي 1 لتر رومانتي من AlFouad Pharmacies. التصنيف المرجعي: العناية بالجسم — بسيط. الوسوم المرجعية: Body Care، Body Wash.,https://alfouadpharmacies.com/en/products/camay-shower-gel-1liter-romantique,AlFouad Pharmacies,true,Verify usage rights before commercial publication,false,false,false,false,HOLD — REFERENCE ONLY
10569840394543,camay-shower-gel-1liter-coconut,جل استحمام كامي، 1 لتر، نكهة جوز الهند,AlFouad Pharmacies,العناية بالجسم,العناية بالجسم,بسيط,14976,130,,true,https://cdn.shopify.com/s/files/1/0935/9550/0847/files/Camay-Shower-Gel-1LITER-Coconut.webp?v=1754298516,منتج جل استحمام كامي، 1 لتر، نكهة جوز الهند من AlFouad Pharmacies. التصنيف المرجعي: العناية بالجسم — بسيط. الوسوم المرجعية: Body Care، Body Wash.,https://alfouadpharmacies.com/en/products/camay-shower-gel-1liter-coconut,AlFouad Pharmacies,true,Verify usage rights before commercial publication,false,false,false,false,HOLD — REFERENCE ONLY
10569840034095,axe-body-spray-150ml-skate-boardampfresh-rose,بخاخ الجسم آكس 150 مل، رائحة لوح التزلج والورد الطازج,AlFouad Pharmacies,العناية بالجسم,العناية بالجسم,بسيط,95450,195,,true,https://cdn.shopify.com/s/files/1/0935/9550/0847/files/Axe-Body-Spray-150ML-Skate-BoardFresh-Rose.webp?v=1754298519,منتج بخاخ الجسم آكس 150 مل، رائحة لوح التزلج والورد الطازج من AlFouad Pharmacies. التصنيف المرجعي: العناية بالجسم — بسيط. الوسوم المرجعية: Body Care، Body Spray، Deodrant.,https://alfouadpharmacies.com/en/products/axe-body-spray-150ml-skate-boardampfresh-rose,AlFouad Pharmacies,true,Verify usage rights before commercial publication,false,false,false,false,HOLD — REFERENCE ONLY
10569839935791,axe-body-spray-150ml-skate-boardampfresh-25le-off,بخاخ الجسم آكس 150 مل، رائحة لوح التزلج المنعشة (25 جنيه مصري) خصم,AlFouad Pharmacies,العناية بالجسم,العناية بالجسم,بسيط,14431,170,,false,https://cdn.shopify.com/s/files/1/0935/9550/0847/files/Axe-Body-Spray-150ML-Skate-BoardFresh-25L.E-Off.webp?v=1754298520,منتج بخاخ الجسم آكس 150 مل، رائحة لوح التزلج المنعشة (25 جنيه مصري) خصم من AlFouad Pharmacies. التصنيف المرجعي: العناية بالجسم — بسيط. الوسوم المرجعية: Body Care، Body Spray، Deodrant.,https://alfouadpharmacies.com/en/products/axe-body-spray-150ml-skate-boardampfresh-25le-off,AlFouad Pharmacies,true,Verify usage rights before commercial publication,false,false,false,false,HOLD — REFERENCE ONLY
10569839608111,axe-body-spray-150ml-recharge-15le-off,بخاخ الجسم Axe 150 مل، إعادة تعبئة (15 جنيه مصري) خصم,AlFouad Pharmacies,العناية بالجسم,العناية بالجسم,بسيط,110738,180,,true,https://cdn.shopify.com/s/files/1/0935/9550/0847/files/Axe-Body-Spray-150ML-Recharge-15L.E-Off.webp?v=1754298522,منتج بخاخ الجسم Axe 150 مل، إعادة تعبئة (15 جنيه مصري) خصم من AlFouad Pharmacies. التصنيف المرجعي: العناية بالجسم — بسيط. الوسوم المرجعية: Body Care، Body Spray، Deodrant.,https://alfouadpharmacies.com/en/products/axe-body-spray-150ml-recharge-15le-off,AlFouad Pharmacies,true,Verify usage rights before commercial publication,false,false,false,false,HOLD — REFERENCE ONLY
10569839444271,axe-body-spray-150ml-recharge,بخاخ الجسم Axe 150 مل - عبوة إعادة تعبئة,AlFouad Pharmacies,العناية بالجسم,العناية بالجسم,بسيط,107632,215,,true,https://cdn.shopify.com/s/files/1/0935/9550/0847/files/Axe-Body-Spray-150ML-Recharge.webp?v=1754298523,منتج بخاخ الجسم Axe 150 مل - عبوة إعادة تعبئة من AlFouad Pharmacies. التصنيف المرجعي: العناية بالجسم — بسيط. الوسوم المرجعية: Body Care، Body Spray، Deodrant.,https://alfouadpharmacies.com/en/products/axe-body-spray-150ml-recharge,AlFouad Pharmacies,true,Verify usage rights before commercial publication,false,false,false,false,HOLD — REFERENCE ONLY
10569839345967,axe-body-spray-150ml-leatherampcookies-25le-off,بخاخ الجسم Axe 150 مل، رائحة الجلود والبسكويت (25 جنيه مصري)  خصم,AlFouad Pharmacies,العناية بالجسم,العناية بالجسم,بسيط,14488,170,,false,https://cdn.shopify.com/s/files/1/0935/9550/0847/files/Axe-Body-Spray-150ML-LeatherCookies-25L.E-Off.webp?v=1754298524,منتج بخاخ الجسم Axe 150 مل، رائحة الجلود والبسكويت (25 جنيه مصري)  خصم من AlFouad Pharmacies. التصنيف المرجعي: العناية بالجسم — بسيط. الوسوم المرجعية: Body Care، Body Spray، Deodrant.,https://alfouadpharmacies.com/en/products/axe-body-spray-150ml-leatherampcookies-25le-off,AlFouad Pharmacies,true,Verify usage rights before commercial publication,false,false,false,false,HOLD — REFERENCE ONLY
10569839247663,axe-body-spray-150ml-leatherampcookies-15le-off,بخاخ الجسم Axe 150 مل، رائحة الجلود والكوكيز (15 جنيه مصري) خصم,AlFouad Pharmacies,العناية بالجسم,العناية بالجسم,بسيط,86836,180,,false,https://cdn.shopify.com/s/files/1/0935/9550/0847/files/Axe-Body-Spray-150ML-LeatherCookies-15L.E-Off.webp?v=1754298524,منتج بخاخ الجسم Axe 150 مل، رائحة الجلود والكوكيز (15 جنيه مصري) خصم من AlFouad Pharmacies. التصنيف المرجعي: العناية بالجسم — بسيط. الوسوم المرجعية: Body Care، Body Spray، Deodrant.,https://alfouadpharmacies.com/en/products/axe-body-spray-150ml-leatherampcookies-15le-off,AlFouad Pharmacies,true,Verify usage rights before commercial publication,false,false,false,false,HOLD — REFERENCE ONLY
10569839051055,axe-body-spray-150ml-ice-chill-25le-off,بخاخ الجسم Axe 150 مل، إصدار آيس تشيل (خصم 25%),AlFouad Pharmacies,العناية بالجسم,العناية بالجسم,بسيط,14541,170,,false,https://cdn.shopify.com/s/files/1/0935/9550/0847/files/Axe-Body-Spray-150ML-Ice-Chill-25.LE-Off.webp?v=1754298526,منتج بخاخ الجسم Axe 150 مل، إصدار آيس تشيل (خصم 25%) من AlFouad Pharmacies. التصنيف المرجعي: العناية بالجسم — بسيط. الوسوم المرجعية: Body Care، Body Spray، Deodrant.,https://alfouadpharmacies.com/en/products/axe-body-spray-150ml-ice-chill-25le-off,AlFouad Pharmacies,true,Verify usage rights before commercial publication,false,false,false,false,HOLD — REFERENCE ONLY
10569836462383,axe-body-spray-150ml-dark-tempetation-25le-off,بخاخ الجسم Axe 150 مل، إصدار Dark Temptation (25 جنيه مصري)  (عرض خاص),AlFouad Pharmacies,العناية بالجسم,العناية بالجسم,بسيط,14449,170,,false,https://cdn.shopify.com/s/files/1/0935/9550/0847/files/Axe-Body-Spray-150ML-Dark-Tempetation-25.LE-Off.webp?v=1754298547,منتج بخاخ الجسم Axe 150 مل، إصدار Dark Temptation (25 جنيه مصري)  (عرض خاص) من AlFouad Pharmacies. التصنيف المرجعي: العناية بالجسم — بسيط. الوسوم المرجعية: Body Care، Body Spray، Deodrant.,https://alfouadpharmacies.com/en/products/axe-body-spray-150ml-dark-tempetation-25le-off,AlFouad Pharmacies,true,Verify usage rights before commercial publication,false,false,false,false,HOLD — REFERENCE ONLY
10569836265775,axe-body-spray-150ml-black-night-25le-off,بخاخ الجسم آكس 150 مل بلاك نايت (25 جنيه مصري)  خصم,AlFouad Pharmacies,العناية بالجسم,العناية بالجسم,بسيط,14497,170,,false,https://cdn.shopify.com/s/files/1/0935/9550/0847/files/Axe-Body-Spray-150ML-Black-Night-25L.E-Off.webp?v=1754298548,منتج بخاخ الجسم آكس 150 مل بلاك نايت (25 جنيه مصري)  خصم من AlFouad Pharmacies. التصنيف المرجعي: العناية بالجسم — بسيط. الوسوم المرجعية: Body Care، Body Spray، Deodrant.,https://alfouadpharmacies.com/en/products/axe-body-spray-150ml-black-night-25le-off,AlFouad Pharmacies,true,Verify usage rights before commercial publication,false,false,false,false,HOLD — REFERENCE ONLY
10569836134703,axe-body-spray-150ml-black-night-15le-off,بخاخ الجسم Axe 150 مل بلاك نايت (15 جنيه مصري) خصم,AlFouad Pharmacies,العناية بالجسم,العناية بالجسم,بسيط,106278,180,,false,https://cdn.shopify.com/s/files/1/0935/9550/0847/files/Axe-Body-Spray-150ML-Black-Night-15L.E-Off.webp?v=1754298549,منتج بخاخ الجسم Axe 150 مل بلاك نايت (15 جنيه مصري) خصم من AlFouad Pharmacies. التصنيف المرجعي: العناية بالجسم — بسيط. الوسوم المرجعية: Body Care، Body Spray، Deodrant.,https://alfouadpharmacies.com/en/products/axe-body-spray-150ml-black-night-15le-off,AlFouad Pharmacies,true,Verify usage rights before commercial publication,false,false,false,false,HOLD — REFERENCE ONLY
10569836036399,axe-body-spray-150ml-black-25le-off,بخاخ الجسم آكس 150 مل أسود (25 جنيه مصري)  خصم,AlFouad Pharmacies,العناية بالجسم,العناية بالجسم,بسيط,14500,170,,false,https://cdn.shopify.com/s/files/1/0935/9550/0847/files/Axe-Body-Spray-150ML-Black-25L.E-Off.webp?v=1754298551,منتج بخاخ الجسم آكس 150 مل أسود (25 جنيه مصري)  خصم من AlFouad Pharmacies. التصنيف المرجعي: العناية بالجسم — بسيط. الوسوم المرجعية: Body Care، Body Spray، Deodrant.,https://alfouadpharmacies.com/en/products/axe-body-spray-150ml-black-25le-off,AlFouad Pharmacies,true,Verify usage rights before commercial publication,false,false,false,false,HOLD — REFERENCE ONLY
10569835118895,lux-soap-175gm-collection-offer-4x-box,صابون لاكس 175 جرام، عرض خاص، 4 علب.,AlFouad Pharmacies,العناية بالجسم,العناية بالجسم,بسيط,13485,96,,false,https://cdn.shopify.com/s/files/1/0935/9550/0847/files/Lux.-Soap-175GM-Collection-Ofeer-4XBOX.webp?v=1754298558,منتج صابون لاكس 175 جرام، عرض خاص، 4 علب. من AlFouad Pharmacies. التصنيف المرجعي: العناية بالجسم — بسيط. الوسوم المرجعية: Body Care، Body Wash.,https://alfouadpharmacies.com/en/products/lux-soap-175gm-collection-offer-4x-box,AlFouad Pharmacies,true,Verify usage rights before commercial publication,false,false,false,false,HOLD — REFERENCE ONLY
10569834889519,lux-soap-125gm-collection-offer-4pcs,صابون لاكس 125 جم، عرض خاص، 4 قطع.,AlFouad Pharmacies,العناية بالجسم,العناية بالجسم,بسيط,106087,68,,false,https://cdn.shopify.com/s/files/1/0935/9550/0847/files/Lux.-Soap-125GM-Collection-Ofeer-4PCS_11zon.webp?v=1790502851,منتج صابون لاكس 125 جم، عرض خاص، 4 قطع. من AlFouad Pharmacies. التصنيف المرجعي: العناية بالجسم — بسيط. الوسوم المرجعية: Body Care، Body Wash.,https://alfouadpharmacies.com/en/products/lux-soap-125gm-collection-offer-4pcs,AlFouad Pharmacies,true,Verify usage rights before commercial publication,false,false,false,false,HOLD — REFERENCE ONLY
10569833873711,lux-shower-gel-250ml-silky-sensationgardinia,جل استحمام لاكس 250 مل، إحساس حريري (ياسمين),AlFouad Pharmacies,العناية بالجسم,العناية بالجسم,بسيط,32940,62,,true,https://cdn.shopify.com/s/files/1/0935/9550/0847/files/Lux-Shower-Gel-250ML-Silky-Sensationgardinia.webp?v=1754298568,منتج جل استحمام لاكس 250 مل، إحساس حريري (ياسمين) من AlFouad Pharmacies. التصنيف المرجعي: العناية بالجسم — بسيط. الوسوم المرجعية: Body Care، Body Wash.,https://alfouadpharmacies.com/en/products/lux-shower-gel-250ml-silky-sensationgardinia,AlFouad Pharmacies,true,Verify usage rights before commercial publication,false,false,false,false,HOLD — REFERENCE ONLY
10569833152815,lux-hand-wash-500ml-velvet-touch,غسول اليدين لوكس 500 مل، لمسة مخملية,AlFouad Pharmacies,العناية بالجسم,العناية بالجسم,بسيط,85146,110,,true,https://cdn.shopify.com/s/files/1/0935/9550/0847/files/Lux-Hand-Wash-500ML-Velvet-Touch-2.webp?v=1754298574,منتج غسول اليدين لوكس 500 مل، لمسة مخملية من AlFouad Pharmacies. التصنيف المرجعي: العناية بالجسم — بسيط. الوسوم المرجعية: Body Care، Hand Wash.,https://alfouadpharmacies.com/en/products/lux-hand-wash-500ml-velvet-touch,AlFouad Pharmacies,true,Verify usage rights before commercial publication,false,false,false,false,HOLD — REFERENCE ONLY
10569832923439,lux-hand-wash-500ml-soft-touchrose,غسول اليدين الفاخر ٥٠٠ مل برائحة ناعمة/ورد,AlFouad Pharmacies,العناية بالجسم,العناية بالجسم,بسيط,80247,110,,true,https://cdn.shopify.com/s/files/1/0935/9550/0847/files/Lux-Hand-Wash-500ML-Soft-TouchRose.webp?v=1754298576,منتج غسول اليدين الفاخر ٥٠٠ مل برائحة ناعمة/ورد من AlFouad Pharmacies. التصنيف المرجعي: العناية بالجسم — بسيط. الوسوم المرجعية: Body Care، Hand Wash.,https://alfouadpharmacies.com/en/products/lux-hand-wash-500ml-soft-touchrose,AlFouad Pharmacies,true,Verify usage rights before commercial publication,false,false,false,false,HOLD — REFERENCE ONLY
10569832825135,lux-hand-wash-500ml-refreshing-verbena-off,غسول اليدين لوكس ٥٠٠ مل برائحة منعشة من زهرة الفربينا,AlFouad Pharmacies,العناية بالجسم,العناية بالجسم,بسيط,9490,77,,false,https://cdn.shopify.com/s/files/1/0935/9550/0847/files/Lux-Hand-Wash-500ML-Refreshing-Verbena-Off.webp?v=1754298576,منتج غسول اليدين لوكس ٥٠٠ مل برائحة منعشة من زهرة الفربينا من AlFouad Pharmacies. التصنيف المرجعي: العناية بالجسم — بسيط. الوسوم المرجعية: Body Care، Hand Wash.,https://alfouadpharmacies.com/en/products/lux-hand-wash-500ml-refreshing-verbena-off,AlFouad Pharmacies,true,Verify usage rights before commercial publication,false,false,false,false,HOLD — REFERENCE ONLY
10569832759599,lux-hand-wash-500ml-refreshing-verbena,غسول اليدين لوكس ٥٠٠ مل برائحة منعشة من زهرة الفربينا,AlFouad Pharmacies,العناية بالجسم,العناية بالجسم,بسيط,1632,95,,true,https://cdn.shopify.com/s/files/1/0935/9550/0847/files/Lux-Hand-Wash-500ML-Refreshing-Verbena.webp?v=1754298576,منتج غسول اليدين لوكس ٥٠٠ مل برائحة منعشة من زهرة الفربينا من AlFouad Pharmacies. التصنيف المرجعي: العناية بالجسم — بسيط. الوسوم المرجعية: Body Care، Hand Wash.,https://alfouadpharmacies.com/en/products/lux-hand-wash-500ml-refreshing-verbena,AlFouad Pharmacies,true,Verify usage rights before commercial publication,false,false,false,false,HOLD — REFERENCE ONLY
10569832268079,easy-sweet-hair-rem-75-g,مزيل مكياج الشعر إيزي سويت 75 غرام,AlFouad Pharmacies,العناية بالجسم,العناية بالجسم,بسيط,102989,6,,false,https://cdn.shopify.com/s/files/1/0935/9550/0847/files/Easy-Sweet-Hair-Rem.-75G-_D9_88_D8_B1_D8_AF.webp?v=1754298580,منتج مزيل مكياج الشعر إيزي سويت 75 غرام من AlFouad Pharmacies. التصنيف المرجعي: العناية بالجسم — بسيط. الوسوم المرجعية: Body Care، Body Concerns، Hair Removal، Sensetive Skin.,https://alfouadpharmacies.com/en/products/easy-sweet-hair-rem-75-g,AlFouad Pharmacies,true,Verify usage rights before commercial publication,false,false,false,false,HOLD — REFERENCE ONLY
10569832235311,easy-sweet-hair-rem-50g,من السهل الشعر الحلو ريم. 50 جرام عسل اسود,AlFouad Pharmacies,العناية بالجسم,العناية بالجسم,بسيط,87250,6,,false,https://cdn.shopify.com/s/files/1/0935/9550/0847/files/Easy-Sweet-Hair-Rem.-50G-_D8_B9_D8_B3_D9_84-_D8_A7_D8_B3_D9_88_D8_AF.webp?v=1754298580,منتج من السهل الشعر الحلو ريم. 50 جرام عسل اسود من AlFouad Pharmacies. التصنيف المرجعي: العناية بالجسم — بسيط. الوسوم المرجعية: Body Care، Body Concerns، Hair Removal، Sensetive Skin.,https://alfouadpharmacies.com/en/products/easy-sweet-hair-rem-50g,AlFouad Pharmacies,true,Verify usage rights before commercial publication,false,false,false,false,HOLD — REFERENCE ONLY
10569831678255,avuva-white-paste-100-gm-vanillaampcoconut,معجون أفوفا الأبيض 100 غرام بنكهة الفانيليا وجوز الهند,AlFouad Pharmacies,العناية بالجسم,العناية بالجسم,بسيط,0,35,,false,https://cdn.shopify.com/s/files/1/0935/9550/0847/files/avuva-vanilla-coconut-white-paste-100gm-197227.webp?v=1754298584,منتج معجون أفوفا الأبيض 100 غرام بنكهة الفانيليا وجوز الهند من AlFouad Pharmacies. التصنيف المرجعي: العناية بالجسم — بسيط. الوسوم المرجعية: Body Care، Body Concerns، Hair Removal، Sensetive Skin.,https://alfouadpharmacies.com/en/products/avuva-white-paste-100-gm-vanillaampcoconut,AlFouad Pharmacies,true,Verify usage rights before commercial publication,false,false,false,false,HOLD — REFERENCE ONLY
10569822142767,mood-body-milk-200-ml-tahiti,حليب الجسم المهدئ 200 مل تاهيتي,MOOD,العناية بالجسم,العناية بالجسم,بسيط,107132,90,,true,https://cdn.shopify.com/s/files/1/0935/9550/0847/files/Mood-Body-Milk-200-ml-Tahiti.webp?v=1754298646,منتج حليب الجسم المهدئ 200 مل تاهيتي من MOOD. التصنيف المرجعي: العناية بالجسم — بسيط. الوسوم المرجعية: Body Care، Body Concerns، Body Milk، Dry Skin body concerns، Smooth Texture.,https://alfouadpharmacies.com/en/products/mood-body-milk-200-ml-tahiti,AlFouad Pharmacies,true,Verify usage rights before commercial publication,false,false,false,false,HOLD — REFERENCE ONLY
10569821258031,mood-hand-wash-500-ml-tahiti,غسول اليدين مود 500 مل تاهيتي,MOOD,العناية بالجسم,العناية بالجسم,بسيط,17556,80,,true,https://cdn.shopify.com/s/files/1/0935/9550/0847/files/Mood-Hand-Wash-500-ml-Tahiti.webp?v=1754298654,منتج غسول اليدين مود 500 مل تاهيتي من MOOD. التصنيف المرجعي: العناية بالجسم — بسيط. الوسوم المرجعية: Body Care، Hand Wash.,https://alfouadpharmacies.com/en/products/mood-hand-wash-500-ml-tahiti,AlFouad Pharmacies,true,Verify usage rights before commercial publication,false,false,false,false,HOLD — REFERENCE ONLY
10569819619631,cote-bronzage-tanning-oil-spf-8-strawberry-jam-300ml,زيت تسمير البشرة كوت برونزاغ، عامل حماية من الشمس 8، بنكهة مربى الفراولة، 300 مل.,AlFouad Pharmacies,العناية بالجسم,العناية بالجسم,بسيط,1635,375,,false,https://cdn.shopify.com/s/files/1/0935/9550/0847/files/Cote-Bronzage-Tanning-Oil-Spf-8-Strawberry-Jam-300ml.webp?v=1754298665,منتج زيت تسمير البشرة كوت برونزاغ، عامل حماية من الشمس 8، بنكهة مربى الفراولة، 300 مل. من AlFouad Pharmacies. التصنيف المرجعي: العناية بالجسم — بسيط. الوسوم المرجعية: Body Care، Skin Care، Skin Concerns، Sun Care، Sun Tan، Sunscreen، Tanning Oil.,https://alfouadpharmacies.com/en/products/cote-bronzage-tanning-oil-spf-8-strawberry-jam-300ml,AlFouad Pharmacies,true,Verify usage rights before commercial publication,false,false,false,false,HOLD — REFERENCE ONLY
10569819488559,cote-bronzage-tanning-oil-spf-8-cacao-300ml,زيت كوت برونزاغ للحماية من الشمس بدرجة 8، بنكهة الكاكاو، 300 مل,AlFouad Pharmacies,العناية بالجسم,العناية بالجسم,بسيط,1620,375,,false,https://cdn.shopify.com/s/files/1/0935/9550/0847/files/Cote-Bronzage-Tanning-Oil-Spf-8-Cacao-300ml.webp?v=1754298665,منتج زيت كوت برونزاغ للحماية من الشمس بدرجة 8، بنكهة الكاكاو، 300 مل من AlFouad Pharmacies. التصنيف المرجعي: العناية بالجسم — بسيط. الوسوم المرجعية: Body Care، Skin Care، Skin Concerns، Sun Care، Sun Tan، Sunscreen، Tanning Oil.,https://alfouadpharmacies.com/en/products/cote-bronzage-tanning-oil-spf-8-cacao-300ml,AlFouad Pharmacies,true,Verify usage rights before commercial publication,false,false,false,false,HOLD — REFERENCE ONLY
10569819357487,cote-bronzage-tanning-oil-spf-15-cacao-300ml,زيت كوت برونزاغ للحماية من الشمس بدرجة حماية 15، بنكهة الكاكاو، 300 مل.,AlFouad Pharmacies,العناية بالجسم,العناية بالجسم,بسيط,1623,375,,false,https://cdn.shopify.com/s/files/1/0935/9550/0847/files/Cote-Bronzage-Tanning-Oil-Spf-15-Cacao-300ml.webp?v=1754298666,منتج زيت كوت برونزاغ للحماية من الشمس بدرجة حماية 15، بنكهة الكاكاو، 300 مل. من AlFouad Pharmacies. التصنيف المرجعي: العناية بالجسم — بسيط. الوسوم المرجعية: Body Care، Skin Care، Skin Concerns، Sun Care، Sun Tan، Sunscreen، Tanning Oil.,https://alfouadpharmacies.com/en/products/cote-bronzage-tanning-oil-spf-15-cacao-300ml,AlFouad Pharmacies,true,Verify usage rights before commercial publication,false,false,false,false,HOLD — REFERENCE ONLY
10569817719087,mood-tahiti-set-1-body-lotion-150-gmbody-splash-220mlhand-cream-50-gm,مجموعة مود تاهيتي رقم 1 (لوشن للجسم 150 جم + بخاخ للجسم 220 مل + كريم يد 50 جم),MOOD,العناية بالجسم,العناية بالجسم,بسيط,104905,390,,false,https://cdn.shopify.com/s/files/1/0935/9550/0847/files/Tahiti.webp?v=1754298682,منتج مجموعة مود تاهيتي رقم 1 (لوشن للجسم 150 جم + بخاخ للجسم 220 مل + كريم يد 50 جم) من MOOD. التصنيف المرجعي: العناية بالجسم — بسيط. الوسوم المرجعية: Body Care، Bundle، mood offer.,https://alfouadpharmacies.com/en/products/mood-tahiti-set-1-body-lotion-150-gmbody-splash-220mlhand-cream-50-gm,AlFouad Pharmacies,true,Verify usage rights before commercial publication,false,false,false,false,HOLD — REFERENCE ONLY
10569817555247,mood-khaliji-set-1-body-lotion-150-gmbody-splash-220mlhand-cream-50-gm,مجموعة مود خليجي 1 (لوشن للجسم 150 جم + بخاخ للجسم 220 مل + كريم يد 50 جم),MOOD,العناية بالجسم,العناية بالجسم,بسيط,105495,390,,false,https://cdn.shopify.com/s/files/1/0935/9550/0847/files/khaliji.webp?v=1754298683,منتج مجموعة مود خليجي 1 (لوشن للجسم 150 جم + بخاخ للجسم 220 مل + كريم يد 50 جم) من MOOD. التصنيف المرجعي: العناية بالجسم — بسيط. الوسوم المرجعية: Body Care، Bundle، mood offer.,https://alfouadpharmacies.com/en/products/mood-khaliji-set-1-body-lotion-150-gmbody-splash-220mlhand-cream-50-gm,AlFouad Pharmacies,true,Verify usage rights before commercial publication,false,false,false,false,HOLD — REFERENCE ONLY
10569817129263,mood-tahiti-body-lotion-150-gm,لوشن الجسم موود تاهيتي 150 جم,MOOD,العناية بالجسم,العناية بالجسم,بسيط,26017,100,,true,https://cdn.shopify.com/s/files/1/0935/9550/0847/files/Mood-Tahiti-Body-Lotion-150-gm.webp?v=1754298688,منتج لوشن الجسم موود تاهيتي 150 جم من MOOD. التصنيف المرجعي: العناية بالجسم — بسيط. الوسوم المرجعية: Body Care، Body Concerns، Body Lotion، Dry Skin body concerns.,https://alfouadpharmacies.com/en/products/mood-tahiti-body-lotion-150-gm,AlFouad Pharmacies,true,Verify usage rights before commercial publication,false,false,false,false,HOLD — REFERENCE ONLY
10569816899887,mood-vienna-body-lotion-150-gm,لوشن الجسم مود فيينا 150 جم,MOOD,العناية بالجسم,العناية بالجسم,بسيط,103598,100,,true,https://cdn.shopify.com/s/files/1/0935/9550/0847/files/Mood-Vienna-Body-Lotion-150-gm.webp?v=1754298690,منتج لوشن الجسم مود فيينا 150 جم من MOOD. التصنيف المرجعي: العناية بالجسم — بسيط. الوسوم المرجعية: Body Care، Body Concerns، Body Lotion، Dry Skin body concerns.,https://alfouadpharmacies.com/en/products/mood-vienna-body-lotion-150-gm,AlFouad Pharmacies,true,Verify usage rights before commercial publication,false,false,false,false,HOLD — REFERENCE ONLY
10569811755311,avuva-cold-wax-228-gm-gold,شمع إزالة الشعر البارد أفوفا 228 جرام ذهبي,AlFouad Pharmacies,العناية بالجسم,العناية بالجسم,بسيط,,100,,false,https://cdn.shopify.com/s/files/1/0935/9550/0847/files/Avuva-Cold-Wax-228-GM-Gold.webp?v=1754298716,منتج شمع إزالة الشعر البارد أفوفا 228 جرام ذهبي من AlFouad Pharmacies. التصنيف المرجعي: العناية بالجسم — بسيط. الوسوم المرجعية: Body Care، Body Concerns، Hair Removal، Sensetive Skin.,https://alfouadpharmacies.com/en/products/avuva-cold-wax-228-gm-gold,AlFouad Pharmacies,true,Verify usage rights before commercial publication,false,false,false,false,HOLD — REFERENCE ONLY
10569811591471,avuva-body-splash-253ml-vanilla-coconut,بخاخ الجسم أفوفا 253 مل، بنكهة الفانيليا وجوز الهند,AlFouad Pharmacies,العناية بالجسم,العناية بالجسم,بسيط,8670,150,,false,https://cdn.shopify.com/s/files/1/0935/9550/0847/files/Avuva-Body-Splash-253ML-Vanilla-Coconut.webp?v=1754298716,منتج بخاخ الجسم أفوفا 253 مل، بنكهة الفانيليا وجوز الهند من AlFouad Pharmacies. التصنيف المرجعي: العناية بالجسم — بسيط. الوسوم المرجعية: Body Care، Body Mist، Body Spray، Deodrant.,https://alfouadpharmacies.com/en/products/avuva-body-splash-253ml-vanilla-coconut,AlFouad Pharmacies,true,Verify usage rights before commercial publication,false,false,false,false,HOLD — REFERENCE ONLY
10569811067183,avuva-body-splash-253mlcherry-blossom,بخاخ الجسم أفوفا 253 مل، زهور الكرز,AlFouad Pharmacies,العناية بالجسم,العناية بالجسم,بسيط,10624,150,,false,https://cdn.shopify.com/s/files/1/0935/9550/0847/files/AVUVA-BODY-SPLASH-253ML-CHERRY-BLOSSOM.webp?v=1754298719,منتج بخاخ الجسم أفوفا 253 مل، زهور الكرز من AlFouad Pharmacies. التصنيف المرجعي: العناية بالجسم — بسيط. الوسوم المرجعية: Body Care، Body Mist، Body Spray، Deodrant.,https://alfouadpharmacies.com/en/products/avuva-body-splash-253mlcherry-blossom,AlFouad Pharmacies,true,Verify usage rights before commercial publication,false,false,false,false,HOLD — REFERENCE ONLY
10569810706735,avuva-showersplash-253ml-floral,أفوفا (للاستحمام والرش) 253 مل، زهور,AlFouad Pharmacies,العناية بالجسم,العناية بالجسم,بسيط,,200,,false,https://cdn.shopify.com/s/files/1/0935/9550/0847/files/Avuva-Showersplash-253ML-Floral.webp?v=1754298720,منتج أفوفا (للاستحمام والرش) 253 مل، زهور من AlFouad Pharmacies. التصنيف المرجعي: العناية بالجسم — بسيط. الوسوم المرجعية: Body Care، Body Kit.,https://alfouadpharmacies.com/en/products/avuva-showersplash-253ml-floral,AlFouad Pharmacies,true,Verify usage rights before commercial publication,false,false,false,false,HOLD — REFERENCE ONLY
10569803071791,mustela-stretch-marks-serum-45ml,مستحضرات مستيلا للعناية بالبشرة - سيروم لتفتيح علامات التمدد 45 مل,Mustela,العناية بالجسم,العناية بالجسم,بسيط,95922,1659,,false,https://cdn.shopify.com/s/files/1/0935/9550/0847/files/Mustela-Stretch-Marks-Serum-45ML.webp?v=1754298784,منتج مستحضرات مستيلا للعناية بالبشرة - سيروم لتفتيح علامات التمدد 45 مل من Mustela. التصنيف المرجعي: العناية بالجسم — بسيط. الوسوم المرجعية: Body Care، Body Concerns، Body Oil، Firming، Stretch Marks.,https://alfouadpharmacies.com/en/products/mustela-stretch-marks-serum-45ml,AlFouad Pharmacies,true,Verify usage rights before commercial publication,false,false,false,false,HOLD — REFERENCE ONLY
10569802940719,mustela-stelatopia-emollient-cream-200-ml,كريم مرطب ستيلاتيوبيا من موستيلا 200 مل,Mustela,العناية بالجسم,العناية بالجسم,بسيط,88764,799,,false,https://cdn.shopify.com/s/files/1/0935/9550/0847/files/Mustela-Stelatopia-Emollient-Cream-200-ml.webp?v=1754298785,منتج كريم مرطب ستيلاتيوبيا من موستيلا 200 مل من Mustela. التصنيف المرجعي: العناية بالجسم — بسيط. الوسوم المرجعية: Body Care، Body Concerns، Body Cream، Dry Skin body concerns.,https://alfouadpharmacies.com/en/products/mustela-stelatopia-emollient-cream-200-ml,AlFouad Pharmacies,true,Verify usage rights before commercial publication,false,false,false,false,HOLD — REFERENCE ONLY
10569746153775,la-roche-lipikar-surgras-cleansing-soap-150-g,صابون لاروش بيسيكار سوجراس المنظف 150 غرام,La Roch Possay,العناية بالجسم,العناية بالجسم,بسيط,17610,149,,false,https://cdn.shopify.com/s/files/1/0935/9550/0847/files/La-Roche-Lipikar-Surgras-Cleansing-Soap-150-G.webp?v=1754298840,منتج صابون لاروش بيسيكار سوجراس المنظف 150 غرام من La Roch Possay. التصنيف المرجعي: العناية بالجسم — بسيط. الوسوم المرجعية: Body Care، Body Concerns، Body Wash، Cleanser، Dry Skin، Dry Skin body concerns، Dryness، Face Soap.,https://alfouadpharmacies.com/en/products/la-roche-lipikar-surgras-cleansing-soap-150-g,AlFouad Pharmacies,true,Verify usage rights before commercial publication,false,false,false,false,HOLD — REFERENCE ONLY
10569743597871,isis-secalia-balm-body-emolient-200-ml,بلسم إيزيس سيكاليا المرطب للجسم 200 مل,isis,العناية بالجسم,العناية بالجسم,مرطب ,93990,1089,,false,https://cdn.shopify.com/s/files/1/0935/9550/0847/files/1_-_2026-06-30T141947.336.webp?v=1782818429,منتج بلسم إيزيس سيكاليا المرطب للجسم 200 مل من isis. التصنيف المرجعي: العناية بالجسم — مرطب . الوسوم المرجعية: Body Care، Body Concerns، Body Lotion، Dry Skin body concerns.,https://alfouadpharmacies.com/en/products/isis-secalia-balm-body-emolient-200-ml,AlFouad Pharmacies,true,Verify usage rights before commercial publication,false,false,false,false,HOLD — REFERENCE ONLY
10569739960623,beesline-whitening-sensitive-zone-soap-110gm,صابون بيزلين لتفتيح المناطق الحساسة 110 غرام,AlFouad Pharmacies,العناية بالجسم,العناية بالجسم,بسيط,103624,150,,false,https://cdn.shopify.com/s/files/1/0935/9550/0847/files/Beesline-Whitening-Sensitive-Zone-Soap-110GM.webp?v=1754298942,منتج صابون بيزلين لتفتيح المناطق الحساسة 110 غرام من AlFouad Pharmacies. التصنيف المرجعي: العناية بالجسم — بسيط. الوسوم المرجعية: Body Care، Body Concerns، Body Wash، Even Skin Tone / Pigmentation، Femming Wash، Intimate Care، Sensetive Skin، Sexual Health.,https://alfouadpharmacies.com/en/products/beesline-whitening-sensitive-zone-soap-110gm,AlFouad Pharmacies,true,Verify usage rights before commercial publication,false,false,false,false,HOLD — REFERENCE ONLY
10569739731247,beesline-white-roll-on-jouri-roseactive-fresh-of,بيزلين وايت. رول أون جوري روز + اكتيف فريش,AlFouad Pharmacies,العناية بالجسم,العناية بالجسم,بسيط,9310,500,,false,https://cdn.shopify.com/s/files/1/0935/9550/0847/files/Beesline-White.-Roll-On-Jouri-Roseactive-Fresh-of.webp?v=1754298945,منتج بيزلين وايت. رول أون جوري روز + اكتيف فريش من AlFouad Pharmacies. التصنيف المرجعي: العناية بالجسم — بسيط. الوسوم المرجعية: Body Care، Body Concerns، Deodrant، Even Skin Tone / Pigmentation، Sensetive Skin.,https://alfouadpharmacies.com/en/products/beesline-white-roll-on-jouri-roseactive-fresh-of,AlFouad Pharmacies,true,Verify usage rights before commercial publication,false,false,false,false,HOLD — REFERENCE ONLY
10569739534639,beesline-white-roll-on-50ml-super-dry-fragr-free,بيزلين وايت. رول أون 50 مل.  جاف جداً.  بدون عطر.,AlFouad Pharmacies,العناية بالجسم,العناية بالجسم,بسيط,15742,350,,false,https://cdn.shopify.com/s/files/1/0935/9550/0847/files/Beesline-White.-Roll-On-50ML-Super-Dry-Fragr.-Free.webp?v=1754298945,منتج بيزلين وايت. رول أون 50 مل.  جاف جداً.  بدون عطر. من AlFouad Pharmacies. التصنيف المرجعي: العناية بالجسم — بسيط. الوسوم المرجعية: Body Care، Body Concerns، Deodrant، Even Skin Tone / Pigmentation، Sensetive Skin.,https://alfouadpharmacies.com/en/products/beesline-white-roll-on-50ml-super-dry-fragr-free,AlFouad Pharmacies,true,Verify usage rights before commercial publication,false,false,false,false,HOLD — REFERENCE ONLY
10569739272495,beesline-white-roll-on-50ml-men-active-fresh,بيزلين وايت. رول أون 50 مل للرجال، منعش وفعال.,AlFouad Pharmacies,العناية بالجسم,العناية بالجسم,بسيط,108139,350,,false,https://cdn.shopify.com/s/files/1/0935/9550/0847/files/Beesline-White.-Roll-On-50ML-Men-Active-Fresh.webp?v=1754298948,منتج بيزلين وايت. رول أون 50 مل للرجال، منعش وفعال. من AlFouad Pharmacies. التصنيف المرجعي: العناية بالجسم — بسيط. الوسوم المرجعية: Body Care، Body Concerns، Deodrant، Even Skin Tone / Pigmentation، Sensetive Skin.,https://alfouadpharmacies.com/en/products/beesline-white-roll-on-50ml-men-active-fresh,AlFouad Pharmacies,true,Verify usage rights before commercial publication,false,false,false,false,HOLD — REFERENCE ONLY
10569738518831,beesline-white-body-lotion-200ml-papaya,لوشن بيزلين لتفتيح البشرة 200 مل، فاكهة البابايا,Beesline,العناية بالجسم,العناية بالجسم,بسيط,95898,275,,false,https://cdn.shopify.com/s/files/1/0935/9550/0847/files/Beesline-White-Body-Lotion-200ML-Papaya.webp?v=1754298954,منتج لوشن بيزلين لتفتيح البشرة 200 مل، فاكهة البابايا من Beesline. التصنيف المرجعي: العناية بالجسم — بسيط. الوسوم المرجعية: Body Care، Body Concerns، Body Lotion، Even Skin Tone / Pigmentation.,https://alfouadpharmacies.com/en/products/beesline-white-body-lotion-200ml-papaya,AlFouad Pharmacies,true,Verify usage rights before commercial publication,false,false,false,false,HOLD — REFERENCE ONLY
10569738387759,beesline-ultrascreen-crroll-on-pacific-island-off,بيزلين أولتراسيرين كريم + رول أون إصدار جزيرة المحيط الهادئ,Beesline,العناية بالجسم,العناية بالجسم,بسيط,18791,555,,false,https://cdn.shopify.com/s/files/1/0935/9550/0847/files/Beesline-Ultrascreen-Crroll-on-Pacific-Island-Off.webp?v=1754298955,منتج بيزلين أولتراسيرين كريم + رول أون إصدار جزيرة المحيط الهادئ من Beesline. التصنيف المرجعي: العناية بالجسم — بسيط. الوسوم المرجعية: Body Care، Body Kit، Deodrant، Skin Care، Skin Concerns، SPF 50، Sun Care، Sunscreen.,https://alfouadpharmacies.com/en/products/beesline-ultrascreen-crroll-on-pacific-island-off,AlFouad Pharmacies,true,Verify usage rights before commercial publication,false,false,false,false,HOLD — REFERENCE ONLY
10569738322223,beesline-ultrascreen-crroll-on-elder-rose-off,بيزلين ألتراسكرين كريم + رول أون إيلدر روز أوف,Beesline,العناية بالجسم,العناية بالجسم,بسيط,88171,555,,false,https://cdn.shopify.com/s/files/1/0935/9550/0847/files/Beesline-Ultrascreen-Crroll-on-Elder-Rose-Off.webp?v=1754298956,منتج بيزلين ألتراسكرين كريم + رول أون إيلدر روز أوف من Beesline. التصنيف المرجعي: العناية بالجسم — بسيط. الوسوم المرجعية: Body Care، Body Kit، Deodrant، Skin Care، Skin Concerns، SPF 50، Sun Care، Sunscreen.,https://alfouadpharmacies.com/en/products/beesline-ultrascreen-crroll-on-elder-rose-off,AlFouad Pharmacies,true,Verify usage rights before commercial publication,false,false,false,false,HOLD — REFERENCE ONLY
10569738289455,beesline-ultrascreen-crroll-on-cotton-candy-off,بيزلين أولتراسيرين كريم + رول أون كوتون كاندي أوف,Beesline,العناية بالجسم,العناية بالجسم,بسيط,18712,555,,false,https://cdn.shopify.com/s/files/1/0935/9550/0847/files/Beesline-Ultrascreen-Crroll-on-Cotton-Candy-Off.webp?v=1754298956,منتج بيزلين أولتراسيرين كريم + رول أون كوتون كاندي أوف من Beesline. التصنيف المرجعي: العناية بالجسم — بسيط. الوسوم المرجعية: Body Care، Body Kit، Deodrant، Skin Care، Skin Concerns، SPF 50، Sun Care، Sunscreen.,https://alfouadpharmacies.com/en/products/beesline-ultrascreen-crroll-on-cotton-candy-off,AlFouad Pharmacies,true,Verify usage rights before commercial publication,false,false,false,false,HOLD — REFERENCE ONLY
10569738256687,beesline-ultrascreen-crroll-on-arabian-oud-off,بيزلين أولتراسكرين كريم + رول أون عود عربي أوف,Beesline,العناية بالجسم,العناية بالجسم,بسيط,25965,555,,false,https://cdn.shopify.com/s/files/1/0935/9550/0847/files/Beesline-Ultrascreen-Crroll-on-Arabian-Oud-Off_11zon.webp?v=1790502915,منتج بيزلين أولتراسكرين كريم + رول أون عود عربي أوف من Beesline. التصنيف المرجعي: العناية بالجسم — بسيط. الوسوم المرجعية: Body Care، Body Kit، Deodrant، Skin Care، Skin Concerns، SPF 50، Sun Care، Sunscreen.,https://alfouadpharmacies.com/en/products/beesline-ultrascreen-crroll-on-arabian-oud-off,AlFouad Pharmacies,true,Verify usage rights before commercial publication,false,false,false,false,HOLD — REFERENCE ONLY
10569736945967,drargan-body-butter-250ml,زبدة الجسم دكتور ارغان 250 مل,AlFouad Pharmacies,العناية بالجسم,العناية بالجسم,بسيط,29172,350,,false,https://cdn.shopify.com/s/files/1/0935/9550/0847/files/DR.ARGAN-Body-Butter-250ML.webp?v=1753905313,منتج زبدة الجسم دكتور ارغان 250 مل من AlFouad Pharmacies. التصنيف المرجعي: العناية بالجسم — بسيط. الوسوم المرجعية: Body Care، Body Concerns، Body Cream، Dry Skin body concerns.,https://alfouadpharmacies.com/en/products/drargan-body-butter-250ml,AlFouad Pharmacies,true,Verify usage rights before commercial publication,false,false,false,false,HOLD — REFERENCE ONLY
10569736880431,drargan-body-balm-250ml,بلسم الجسم دكتور أрган 250 مل,AlFouad Pharmacies,العناية بالجسم,العناية بالجسم,بسيط,12183,325,,false,https://cdn.shopify.com/s/files/1/0935/9550/0847/files/DR.ARGAN-Body-Balm-250ML.webp?v=1753905314,منتج بلسم الجسم دكتور أрган 250 مل من AlFouad Pharmacies. التصنيف المرجعي: العناية بالجسم — بسيط. الوسوم المرجعية: Body Care، Body Concerns، Body Milk، Dry Skin body concerns.,https://alfouadpharmacies.com/en/products/drargan-body-balm-250ml,AlFouad Pharmacies,true,Verify usage rights before commercial publication,false,false,false,false,HOLD — REFERENCE ONLY
10569736749359,avene-cold-cream-400ml-body-lotion,لوشن الجسم كريم أفين البارد 400 مل,Avene,العناية بالجسم,العناية بالجسم,بسيط,95292,295,,false,https://cdn.shopify.com/s/files/1/0935/9550/0847/files/avene_cold_cream_400ml_body_lotion_jpg.webp?v=1789632598,منتج لوشن الجسم كريم أفين البارد 400 مل من Avene. التصنيف المرجعي: العناية بالجسم — بسيط. الوسوم المرجعية: Body Care، Body Concerns، Body Lotion، Dry Skin body concerns.,https://alfouadpharmacies.com/en/products/avene-cold-cream-400ml-body-lotion,AlFouad Pharmacies,true,Verify usage rights before commercial publication,false,false,false,false,HOLD — REFERENCE ONLY
10569733669167,acm-vitix-regulating-gel-50mlfaceampbody,إيه سي إم فيتكس جل للبشرة – 50 مل,ACM,العناية بالجسم,العناية بالجسم,العناية بالبشرة > جل البشرة,105289,850,,false,https://cdn.shopify.com/s/files/1/0935/9550/0847/files/Group_1_45_7f391c60-b956-4307-b686-c659fb29900c.webp?v=1781941984,منتج إيه سي إم فيتكس جل للبشرة – 50 مل من ACM. التصنيف المرجعي: العناية بالجسم — العناية بالبشرة > جل البشرة. الوسوم المرجعية: Body Care، Body Concerns، Even Skin Tone، Even Skin Tone / Pigmentation، Skin Care، Skin Concerns، Treatment Cream، Treatments.,https://alfouadpharmacies.com/en/products/acm-vitix-regulating-gel-50mlfaceampbody,AlFouad Pharmacies,true,Verify usage rights before commercial publication,false,false,false,false,HOLD — REFERENCE ONLY
10569725247791,eva-hand-scrub-50ml,مقشر اليدين إيفا 50 مل,AlFouad Pharmacies,العناية بالجسم,العناية بالجسم,بسيط,15735,70,,false,https://cdn.shopify.com/s/files/1/0935/9550/0847/files/Eva-Hand-Scrub-50ml.webp?v=1754299148,منتج مقشر اليدين إيفا 50 مل من AlFouad Pharmacies. التصنيف المرجعي: العناية بالجسم — بسيط. الوسوم المرجعية: Body Care، Body Concerns، Dry Skin body concerns، Hand، Hands & Feet.,https://alfouadpharmacies.com/en/products/eva-hand-scrub-50ml,AlFouad Pharmacies,true,Verify usage rights before commercial publication,false,false,false,false,HOLD — REFERENCE ONLY
10569725182255,penduline-broadbill-skin-firming-cream-120ml,كريم بندولين برودبيل لشد البشرة 120 مل,Penduline,العناية بالجسم,العناية بالجسم,بسيط,,120,,false,https://cdn.shopify.com/s/files/1/0935/9550/0847/files/Penduline-Broadbill-Skin-Firming-Cream-120ml.webp?v=1754299150,منتج كريم بندولين برودبيل لشد البشرة 120 مل من Penduline. التصنيف المرجعي: العناية بالجسم — بسيط. الوسوم المرجعية: Body Care، Body Concerns، Body Cream، Firming.,https://alfouadpharmacies.com/en/products/penduline-broadbill-skin-firming-cream-120ml,AlFouad Pharmacies,true,Verify usage rights before commercial publication,false,false,false,false,HOLD — REFERENCE ONLY
10569725116719,one-hair-removing-140gm-normal-off,مزيل شعر واحد 140 جرام عادي غير مزيل,AlFouad Pharmacies,العناية بالجسم,العناية بالجسم,بسيط,9116,41.5,,false,https://cdn.shopify.com/s/files/1/0935/9550/0847/files/One-Hair-Removing-140gm-Cream-Normal_7dee8600-f883-453f-aed9-584cf7285f77.webp?v=1754299151,منتج مزيل شعر واحد 140 جرام عادي غير مزيل من AlFouad Pharmacies. التصنيف المرجعي: العناية بالجسم — بسيط. الوسوم المرجعية: Body Care، Hair Removal.,https://alfouadpharmacies.com/en/products/one-hair-removing-140gm-normal-off,AlFouad Pharmacies,true,Verify usage rights before commercial publication,false,false,false,false,HOLD — REFERENCE ONLY
10569724985647,starville-hair-reducer-light-pink-roll-on-off,مُقلِّل شعر ستارفيل و مزيل رائحة العرق باللون الوردي الفاتح (رول أون),parkville,العناية بالجسم,العناية بالجسم,بسيط,3128,205,,false,https://cdn.shopify.com/s/files/1/0935/9550/0847/files/Starville-Hair-Reducer-Light-Pink-Roll-On-off.webp?v=1754299152,منتج مُقلِّل شعر ستارفيل و مزيل رائحة العرق باللون الوردي الفاتح (رول أون) من parkville. التصنيف المرجعي: العناية بالجسم — بسيط. الوسوم المرجعية: Body Care، Body Concerns، Deodrant، Even Skin Tone / Pigmentation، starville.,https://alfouadpharmacies.com/en/products/starville-hair-reducer-light-pink-roll-on-off,AlFouad Pharmacies,true,Verify usage rights before commercial publication,false,false,false,false,HOLD — REFERENCE ONLY
10569724952879,eva-skincare-hand-scrub-50ml-summer-twist,مقشر اليدين إيفا للعناية بالبشرة 50 مل، إصدار صيفي,AlFouad Pharmacies,العناية بالجسم,العناية بالجسم,بسيط,19281,70,,true,https://cdn.shopify.com/s/files/1/0935/9550/0847/files/Eva-Skincare-Hand-Scrub-50ml-Summer-Twist.webp?v=1754299152,منتج مقشر اليدين إيفا للعناية بالبشرة 50 مل، إصدار صيفي من AlFouad Pharmacies. التصنيف المرجعي: العناية بالجسم — بسيط. الوسوم المرجعية: Body Care، Hand، Hands & Feet.,https://alfouadpharmacies.com/en/products/eva-skincare-hand-scrub-50ml-summer-twist,AlFouad Pharmacies,true,Verify usage rights before commercial publication,false,false,false,false,HOLD — REFERENCE ONLY
10569724854575,infinity-naturals-body-lotion-vanilla-250ml,لوشن الجسم بالفانيليا من إنفينيتي ناتشورالز 250 مل,AlFouad Pharmacies,العناية بالجسم,العناية بالجسم,بسيط,,240,,false,https://cdn.shopify.com/s/files/1/0935/9550/0847/files/Infinity-Naturals-Body-Lotion-Vanilla-250ml.webp?v=1754299154,منتج لوشن الجسم بالفانيليا من إنفينيتي ناتشورالز 250 مل من AlFouad Pharmacies. التصنيف المرجعي: العناية بالجسم — بسيط. الوسوم المرجعية: Body Care، Body Concerns، Body Lotion، Dry Skin body concerns.,https://alfouadpharmacies.com/en/products/infinity-naturals-body-lotion-vanilla-250ml,AlFouad Pharmacies,true,Verify usage rights before commercial publication,false,false,false,false,HOLD — REFERENCE ONLY
10569724821807,infinity-naturals-body-cream-strawberry-250gm,كريم الجسم بالفراولة من إنفينيتي ناتشورالز 250 غرام,AlFouad Pharmacies,العناية بالجسم,العناية بالجسم,بسيط,,280,,false,https://cdn.shopify.com/s/files/1/0935/9550/0847/files/Infinity-Naturals-Body-Cream-Strawberry-250gm.webp?v=1754299154,منتج كريم الجسم بالفراولة من إنفينيتي ناتشورالز 250 غرام من AlFouad Pharmacies. التصنيف المرجعي: العناية بالجسم — بسيط. الوسوم المرجعية: Body Care، Body Cream.,https://alfouadpharmacies.com/en/products/infinity-naturals-body-cream-strawberry-250gm,AlFouad Pharmacies,true,Verify usage rights before commercial publication,false,false,false,false,HOLD — REFERENCE ONLY
10569724756271,infinity-naturals-body-cream-lavander-250gm,كريم الجسم باللافندر من إنفينيتي ناتشورالز 250 غرام,AlFouad Pharmacies,العناية بالجسم,العناية بالجسم,بسيط,,280,,false,https://cdn.shopify.com/s/files/1/0935/9550/0847/files/Infinity-Naturals-Body-Cream-Lavander-250gm.webp?v=1754299155,منتج كريم الجسم باللافندر من إنفينيتي ناتشورالز 250 غرام من AlFouad Pharmacies. التصنيف المرجعي: العناية بالجسم — بسيط. الوسوم المرجعية: Body Care، Body Concerns، Body Cream، Dry Skin body concerns.,https://alfouadpharmacies.com/en/products/infinity-naturals-body-cream-lavander-250gm,AlFouad Pharmacies,true,Verify usage rights before commercial publication,false,false,false,false,HOLD — REFERENCE ONLY
10569724723503,infinity-naturals-hand-cream-150gm,كريم اليدين من إنفينيتي ناتشورالز 150 جرام,AlFouad Pharmacies,العناية بالجسم,العناية بالجسم,بسيط,,150,,false,https://cdn.shopify.com/s/files/1/0935/9550/0847/files/Infinity-Naturals-Hand-Cream-150gm.webp?v=1754299156,منتج كريم اليدين من إنفينيتي ناتشورالز 150 جرام من AlFouad Pharmacies. التصنيف المرجعي: العناية بالجسم — بسيط. الوسوم المرجعية: Body Care، Body Concerns، Dry Skin body concerns، Hand، Hands & Feet.,https://alfouadpharmacies.com/en/products/infinity-naturals-hand-cream-150gm,AlFouad Pharmacies,true,Verify usage rights before commercial publication,false,false,false,false,HOLD — REFERENCE ONLY
10569724494127,eva-hand-scrub-50ml-tropical,مقشر اليد إيفا 50 مل، رائحة استوائية,AlFouad Pharmacies,العناية بالجسم,العناية بالجسم,بسيط,5977,70,,true,https://cdn.shopify.com/s/files/1/0935/9550/0847/files/Eva-Hand-Scrub-50ml-Tropical.webp?v=1754299159,منتج مقشر اليد إيفا 50 مل، رائحة استوائية من AlFouad Pharmacies. التصنيف المرجعي: العناية بالجسم — بسيط. الوسوم المرجعية: Body Care، Hand، Hands & Feet.,https://alfouadpharmacies.com/en/products/eva-hand-scrub-50ml-tropical,AlFouad Pharmacies,true,Verify usage rights before commercial publication,false,false,false,false,HOLD — REFERENCE ONLY
10569724166447,infinity-naturals-body-lotion-sweet-almond-250ml,لوشن الجسم باللوز الحلو من إنفينيتي ناتشورالز 250 مل,AlFouad Pharmacies,العناية بالجسم,العناية بالجسم,بسيط,,240,,false,https://cdn.shopify.com/s/files/1/0935/9550/0847/files/Infinity-Naturals-Body-Lotion-Sweet-Almond-250ml.webp?v=1754299162,منتج لوشن الجسم باللوز الحلو من إنفينيتي ناتشورالز 250 مل من AlFouad Pharmacies. التصنيف المرجعي: العناية بالجسم — بسيط. الوسوم المرجعية: Body Care، Body Concerns، Body Lotion، Dry Skin body concerns.,https://alfouadpharmacies.com/en/products/infinity-naturals-body-lotion-sweet-almond-250ml,AlFouad Pharmacies,true,Verify usage rights before commercial publication,false,false,false,false,HOLD — REFERENCE ONLY
10569724068143,dermatique-whitening-deodorant-roll-on-40ml,ديرماتيك مزيل عرق رول أون لتفتيح البشرة 40 مل,AlFouad Pharmacies,العناية بالجسم,العناية بالجسم,بسيط,7360,260,,false,https://cdn.shopify.com/s/files/1/0935/9550/0847/files/Dermatique-Whitening-Deodorant-Roll-On-40ml.webp?v=1754299164,منتج ديرماتيك مزيل عرق رول أون لتفتيح البشرة 40 مل من AlFouad Pharmacies. التصنيف المرجعي: العناية بالجسم — بسيط. الوسوم المرجعية: Body Care، Body Concerns، Deodrant، Even Skin Tone / Pigmentation.,https://alfouadpharmacies.com/en/products/dermatique-whitening-deodorant-roll-on-40ml,AlFouad Pharmacies,true,Verify usage rights before commercial publication,false,false,false,false,HOLD — REFERENCE ONLY
10569723969839,eva-skin-clinic-white-pearl-body-cream-150ml,كريم الجسم بيرل الأبيض من إيفا سكين كلينك 150 مل,AlFouad Pharmacies,العناية بالجسم,العناية بالجسم,بسيط,1542,150,,true,https://cdn.shopify.com/s/files/1/0935/9550/0847/files/Eva-Skin-Clinic-White-Pearl-Body-Cream-150ml.webp?v=1754299165,منتج كريم الجسم بيرل الأبيض من إيفا سكين كلينك 150 مل من AlFouad Pharmacies. التصنيف المرجعي: العناية بالجسم — بسيط. الوسوم المرجعية: Body Care، Body Concerns، Body Cream، Even Skin Tone / Pigmentation.,https://alfouadpharmacies.com/en/products/eva-skin-clinic-white-pearl-body-cream-150ml,AlFouad Pharmacies,true,Verify usage rights before commercial publication,false,false,false,false,HOLD — REFERENCE ONLY
10569723314479,infinity-naturals-nail-oils-4ml,زيت أظافر إنفينيتي ناتشورالز 4 مل,AlFouad Pharmacies,العناية بالجسم,العناية بالجسم,بسيط,13299,155,,false,https://cdn.shopify.com/s/files/1/0935/9550/0847/files/Infinity-Naturals-Nail-Oils-4ml.webp?v=1754299173,منتج زيت أظافر إنفينيتي ناتشورالز 4 مل من AlFouad Pharmacies. التصنيف المرجعي: العناية بالجسم — بسيط. الوسوم المرجعية: Body Care، Hands & Feet، Nails.,https://alfouadpharmacies.com/en/products/infinity-naturals-nail-oils-4ml,AlFouad Pharmacies,true,Verify usage rights before commercial publication,false,false,false,false,HOLD — REFERENCE ONLY
10569722822959,eva-natural-glow-roll-on-60ml-active-fresh,إيفا رول أون لتفتيح البشرة بشكل طبيعي 60 مل، منعش للغاية,AlFouad Pharmacies,العناية بالجسم,العناية بالجسم,بسيط,1574,100,,true,https://cdn.shopify.com/s/files/1/0935/9550/0847/files/Eva-Natural-Glow-Roll-On-60ml-Active-Fresh.webp?v=1754299180,منتج إيفا رول أون لتفتيح البشرة بشكل طبيعي 60 مل، منعش للغاية من AlFouad Pharmacies. التصنيف المرجعي: العناية بالجسم — بسيط. الوسوم المرجعية: Body Care، Body Concerns، Deodrant، Even Skin Tone / Pigmentation.,https://alfouadpharmacies.com/en/products/eva-natural-glow-roll-on-60ml-active-fresh,AlFouad Pharmacies,true,Verify usage rights before commercial publication,false,false,false,false,HOLD — REFERENCE ONLY
10569722724655,infinity-naturals-body-scrub-refreshing-325gm,مقشر الجسم المنعش من إنفينيتي ناتشورالز 325 غرام,AlFouad Pharmacies,العناية بالجسم,العناية بالجسم,بسيط,13292,275,,false,https://cdn.shopify.com/s/files/1/0935/9550/0847/files/Infinity-Naturals-Body-Scrub-Refreshing-325gm.webp?v=1754299181,منتج مقشر الجسم المنعش من إنفينيتي ناتشورالز 325 غرام من AlFouad Pharmacies. التصنيف المرجعي: العناية بالجسم — بسيط. الوسوم المرجعية: Body Care، Body Scrub.,https://alfouadpharmacies.com/en/products/infinity-naturals-body-scrub-refreshing-325gm,AlFouad Pharmacies,true,Verify usage rights before commercial publication,false,false,false,false,HOLD — REFERENCE ONLY
10569722659119,azha-deodrant-roll-on-purple-60ml-11-off,دواء أزها مزيل عرق رول أون أرجواني 60 مل، عرض 1+1 مجاناً,AlFouad Pharmacies,العناية بالجسم,العناية بالجسم,بسيط,12956,349,,true,https://cdn.shopify.com/s/files/1/0935/9550/0847/files/Azha-Deodrant-Roll-On-Purple-60ml-11-Off.webp?v=1754299182,منتج دواء أزها مزيل عرق رول أون أرجواني 60 مل، عرض 1+1 مجاناً من AlFouad Pharmacies. التصنيف المرجعي: العناية بالجسم — بسيط. الوسوم المرجعية: Body Care، Body Concerns، Body Offers، Deodrant، Even Skin Tone / Pigmentation.,https://alfouadpharmacies.com/en/products/azha-deodrant-roll-on-purple-60ml-11-off,AlFouad Pharmacies,true,Verify usage rights before commercial publication,false,false,false,false,HOLD — REFERENCE ONLY
10569722626351,eva-senses-body-mist-240ml-spring-lilies,بخاخ الجسم إيفا سينسز 240 مل، عبارة عن زهور الربيع.,AlFouad Pharmacies,العناية بالجسم,العناية بالجسم,بسيط,8702,220,,true,https://cdn.shopify.com/s/files/1/0935/9550/0847/files/Eva-Senses-Body-Mist-240ml-Spring-Lilies.webp?v=1754299183,منتج بخاخ الجسم إيفا سينسز 240 مل، عبارة عن زهور الربيع. من AlFouad Pharmacies. التصنيف المرجعي: العناية بالجسم — بسيط. الوسوم المرجعية: Body Care، Body Mist.,https://alfouadpharmacies.com/en/products/eva-senses-body-mist-240ml-spring-lilies,AlFouad Pharmacies,true,Verify usage rights before commercial publication,false,false,false,false,HOLD — REFERENCE ONLY
10569722528047,eva-natural-glow-roll-on-60ml-velvet-touch,إيفا رول أون ناتشورال جلو 60 مل لمسة مخملية,AlFouad Pharmacies,العناية بالجسم,العناية بالجسم,بسيط,8688,100,,true,https://cdn.shopify.com/s/files/1/0935/9550/0847/files/Eva-Natural-Glow-Roll-On-60ml-Velvet-Touch.webp?v=1754299184,منتج إيفا رول أون ناتشورال جلو 60 مل لمسة مخملية من AlFouad Pharmacies. التصنيف المرجعي: العناية بالجسم — بسيط. الوسوم المرجعية: Body Care، Body Concerns، Deodrant، Even Skin Tone / Pigmentation.,https://alfouadpharmacies.com/en/products/eva-natural-glow-roll-on-60ml-velvet-touch,AlFouad Pharmacies,true,Verify usage rights before commercial publication,false,false,false,false,HOLD — REFERENCE ONLY
10569722462511,azha-deodrant-roll-on-yellow-60ml-11-off,أزها مزيل عرق رول أون أصفر 60 مل، عرض 1+1,AlFouad Pharmacies,العناية بالجسم,العناية بالجسم,بسيط,12968,349,,false,https://cdn.shopify.com/s/files/1/0935/9550/0847/files/Azha-Deodrant-Roll-On-Yellow-60ML-11-Off.webp?v=1754299185,منتج أزها مزيل عرق رول أون أصفر 60 مل، عرض 1+1 من AlFouad Pharmacies. التصنيف المرجعي: العناية بالجسم — بسيط. الوسوم المرجعية: Body Care، Body Concerns، Body Offers، Deodrant، Even Skin Tone / Pigmentation.,https://alfouadpharmacies.com/en/products/azha-deodrant-roll-on-yellow-60ml-11-off,AlFouad Pharmacies,true,Verify usage rights before commercial publication,false,false,false,false,HOLD — REFERENCE ONLY
10569722102063,eva-body-lotion-tropical-240-ml,لوشن الجسم إيفا تروبيكال 240 مل,AlFouad Pharmacies,العناية بالجسم,العناية بالجسم,بسيط,28804,120,,true,https://cdn.shopify.com/s/files/1/0935/9550/0847/files/Eva-Body-Lotion-Tropical-240-ml.webp?v=1754299190,منتج لوشن الجسم إيفا تروبيكال 240 مل من AlFouad Pharmacies. التصنيف المرجعي: العناية بالجسم — بسيط. الوسوم المرجعية: Body Care، Body Concerns، Body Lotion، Dry Skin body concerns.,https://alfouadpharmacies.com/en/products/eva-body-lotion-tropical-240-ml,AlFouad Pharmacies,true,Verify usage rights before commercial publication,false,false,false,false,HOLD — REFERENCE ONLY
10569721970991,eva-senses-body-mist-240ml-mystic-orchid,بخاخ الجسم إيفا سينسز 240 مل، رائحة الأوركيد الغامضة,AlFouad Pharmacies,العناية بالجسم,العناية بالجسم,بسيط,8716,220,,true,https://cdn.shopify.com/s/files/1/0935/9550/0847/files/Eva-Senses-Body-Mist-240ml-Mystic-Orchid.webp?v=1754299194,منتج بخاخ الجسم إيفا سينسز 240 مل، رائحة الأوركيد الغامضة من AlFouad Pharmacies. التصنيف المرجعي: العناية بالجسم — بسيط. الوسوم المرجعية: Body Care، Body Mist.,https://alfouadpharmacies.com/en/products/eva-senses-body-mist-240ml-mystic-orchid,AlFouad Pharmacies,true,Verify usage rights before commercial publication,false,false,false,false,HOLD — REFERENCE ONLY
10569721413935,one-hair-removing-140gm-cream-sensitive-skin,واحد كريم إزالة الشعر 140 جرام (للبشرة الحساسة),AlFouad Pharmacies,العناية بالجسم,العناية بالجسم,بسيط,,46,,false,https://cdn.shopify.com/s/files/1/0935/9550/0847/files/One-Hair-Removing-140gm-Cream-Sensitive-Skin.webp?v=1754299203,منتج واحد كريم إزالة الشعر 140 جرام (للبشرة الحساسة) من AlFouad Pharmacies. التصنيف المرجعي: العناية بالجسم — بسيط. الوسوم المرجعية: Body Care، Body Concerns، Hair Removal، Sensetive Skin.,https://alfouadpharmacies.com/en/products/one-hair-removing-140gm-cream-sensitive-skin,AlFouad Pharmacies,true,Verify usage rights before commercial publication,false,false,false,false,HOLD — REFERENCE ONLY
10569721217327,starville-roll-on-60ml-white-hair-reducer-off,ستارفيل رول أون 60 مل مزيل الشعر الأبيض,parkville,العناية بالجسم,العناية بالجسم,بسيط,3405,240,,false,https://cdn.shopify.com/s/files/1/0935/9550/0847/files/Starville-Roll-On-60ml-White-Hair-Reducer-off.webp?v=1754299208,منتج ستارفيل رول أون 60 مل مزيل الشعر الأبيض من parkville. التصنيف المرجعي: العناية بالجسم — بسيط. الوسوم المرجعية: Body Care، Body Concerns، Deodrant، Even Skin Tone / Pigmentation، starville.,https://alfouadpharmacies.com/en/products/starville-roll-on-60ml-white-hair-reducer-off,AlFouad Pharmacies,true,Verify usage rights before commercial publication,false,false,false,false,HOLD — REFERENCE ONLY
10569720070447,eva-acetone-200ml-peach,إيفا أستون 200 مل برتقال,AlFouad Pharmacies,العناية بالجسم,العناية بالجسم,بسيط,1573,80,,false,https://cdn.shopify.com/s/files/1/0935/9550/0847/files/Eva-Acetone-200ml-Peach.webp?v=1754299222,منتج إيفا أستون 200 مل برتقال من AlFouad Pharmacies. التصنيف المرجعي: العناية بالجسم — بسيط. الوسوم المرجعية: Body Care، Hands & Feet، Nails.,https://alfouadpharmacies.com/en/products/eva-acetone-200ml-peach,AlFouad Pharmacies,true,Verify usage rights before commercial publication,false,false,false,false,HOLD — REFERENCE ONLY
16054534111535,jean-paul-gaultier-le-male-elixir-set-2pcs,JEAN PAUL GAULTIER LE MALE ELIXIR SET 2PCS,perfumes,العطور,العطور,PERFUME,115785,9450,,true,https://cdn.shopify.com/s/files/1/0935/9550/0847/files/1_34.webp?v=1783932030,منتج JEAN PAUL GAULTIER LE MALE ELIXIR SET 2PCS من perfumes. التصنيف المرجعي: العطور — PERFUME. الوسوم المرجعية: Bundle، Perfumes.,https://alfouadpharmacies.com/en/products/jean-paul-gaultier-le-male-elixir-set-2pcs,AlFouad Pharmacies,true,Verify usage rights before commercial publication,false,false,false,false,HOLD — REFERENCE ONLY
16033403535663,c-herrera-good-girl-blush-f-w-set-3pcs,طقم هدايا كارولينا هيريرا جود جيرل بلاش للسيدات,perfumes,العطور,العطور,بيرفيوم,115786,9400,,true,https://cdn.shopify.com/s/files/1/0935/9550/0847/files/1-2026-06-25T144131.487.webp?v=1782388442,منتج طقم هدايا كارولينا هيريرا جود جيرل بلاش للسيدات من perfumes. التصنيف المرجعي: العطور — بيرفيوم. الوسوم المرجعية: Bundle، Perfumes، Women’s Perfumes.,https://alfouadpharmacies.com/en/products/c-herrera-good-girl-blush-f-w-set-3pcs,AlFouad Pharmacies,true,Verify usage rights before commercial publication,false,false,false,false,HOLD — REFERENCE ONLY
16033401733423,c-herrera-bad-boy-new-york-f-m-set-3pcs,كارولينا هيريرا باد بوي كوبالت مجموعة هدايا للرجال,perfumes,العطور,العطور,بيرفيوم,115783,7300,,true,https://cdn.shopify.com/s/files/1/0935/9550/0847/files/1-2026-06-25T143304.614.webp?v=1782387274,منتج كارولينا هيريرا باد بوي كوبالت مجموعة هدايا للرجال من perfumes. التصنيف المرجعي: العطور — بيرفيوم. الوسوم المرجعية: Bundle، Men’s Perfumes، Perfumes.,https://alfouadpharmacies.com/en/products/c-herrera-bad-boy-new-york-f-m-set-3pcs,AlFouad Pharmacies,true,Verify usage rights before commercial publication,false,false,false,false,HOLD — REFERENCE ONLY
16033400586543,g-armani-acqua-di-gio-f-m-set-3pcs,G. ARMANI ACQUA DI GIO F/M SET 3PCS,perfumes,العطور,العطور,PERFUME,115790,8200,,true,https://cdn.shopify.com/s/files/1/0935/9550/0847/files/1-2026-06-25T142234.596_31c9b520-49c7-40d5-a071-0e7697050d37.webp?v=1782386750,منتج G. ARMANI ACQUA DI GIO F/M SET 3PCS من perfumes. التصنيف المرجعي: العطور — PERFUME. الوسوم المرجعية: Bundle، Men’s Perfumes، Perfumes.,https://alfouadpharmacies.com/en/products/g-armani-acqua-di-gio-f-m-set-3pcs,AlFouad Pharmacies,true,Verify usage rights before commercial publication,false,false,false,false,HOLD — REFERENCE ONLY
16032670875951,hugo-boss-the-scent-elixir-edp-f-m-100-ml,هوجو بوس ذا سينت إليكسير بارفام إنتنس 100 مل,perfumes,العطور,العطور,بيرفيوم,115581,8700,,false,https://cdn.shopify.com/s/files/1/0935/9550/0847/files/1_78.webp?v=1782304735,منتج هوجو بوس ذا سينت إليكسير بارفام إنتنس 100 مل من perfumes. التصنيف المرجعي: العطور — بيرفيوم. الوسوم المرجعية: Men’s Perfumes، Perfumes.,https://alfouadpharmacies.com/en/products/hugo-boss-the-scent-elixir-edp-f-m-100-ml,AlFouad Pharmacies,true,Verify usage rights before commercial publication,false,false,false,false,HOLD — REFERENCE ONLY
16032670712111,mercedes-benz-club-edt-f-m-100ml,مرسيدس بنز مان برايفت أو دو بارفيوم 100 مل,perfumes,العطور,العطور,بيرفيوم ,21794,2800,,true,https://cdn.shopify.com/s/files/1/0935/9550/0847/files/images_1.webp?v=1784970711,منتج مرسيدس بنز مان برايفت أو دو بارفيوم 100 مل من perfumes. التصنيف المرجعي: العطور — بيرفيوم . الوسوم المرجعية: Men’s Perfumes، Perfumes.,https://alfouadpharmacies.com/en/products/mercedes-benz-club-edt-f-m-100ml,AlFouad Pharmacies,true,Verify usage rights before commercial publication,false,false,false,false,HOLD — REFERENCE ONLY
12882100617519,guess-bella-vita-la-mia-pink-edp-f-w-100ml,جيس بيلا فيتا لا ميا بينك او دي بارفان 100 مل,perfumes,العطور,العطور,عطر أو دي بارفان,115705,2500,,true,https://cdn.shopify.com/s/files/1/0935/9550/0847/files/Guess_La_Mia_Bella_Vita_100ml_1615x1615_9fc507d1-1a7c-48b0-8fe7-186fb69d5dfc.webp?v=1772359168,منتج جيس بيلا فيتا لا ميا بينك او دي بارفان 100 مل من perfumes. التصنيف المرجعي: العطور — عطر أو دي بارفان. الوسوم المرجعية: Perfumes، Women’s Perfumes.,https://alfouadpharmacies.com/en/products/guess-bella-vita-la-mia-pink-edp-f-w-100ml,AlFouad Pharmacies,true,Verify usage rights before commercial publication,false,false,false,false,HOLD — REFERENCE ONLY
12881987764527,عطر-جيس-بيلا-فيتا-باراديسو-أو-دي-برفام-للنساء-100-مل,عطر جيس بيلا فيتا باراديسو أو دي برفام للنساء 100 مل,perfumes,العطور,العطور,Guess Bella Vita,115706,2700,,true,https://cdn.shopify.com/s/files/1/0935/9550/0847/files/1_-_2026-07-09T142754.744.webp?v=1783596490,منتج عطر جيس بيلا فيتا باراديسو أو دي برفام للنساء 100 مل من perfumes. التصنيف المرجعي: العطور — Guess Bella Vita. الوسوم المرجعية: Perfumes، Women’s Perfumes.,https://alfouadpharmacies.com/en/products/عطر-جيس-بيلا-فيتا-باراديسو-أو-دي-برفام-للنساء-100-مل,AlFouad Pharmacies,true,Verify usage rights before commercial publication,false,false,false,false,HOLD — REFERENCE ONLY
12881885888815,عطر-جيس-إيكونيك-أو-دي-برفام-للنساء-100-مل,عطر جيس إيكونيك أو دي برفام للنساء 100 مل,perfumes,العطور,العطور,جيس إيكونيك,115707,3000,,true,https://cdn.shopify.com/s/files/1/0935/9550/0847/files/1_-_2026-07-09T162528.726.webp?v=1783603571,منتج عطر جيس إيكونيك أو دي برفام للنساء 100 مل من perfumes. التصنيف المرجعي: العطور — جيس إيكونيك. الوسوم المرجعية: Men’s Perfumes، Perfumes.,https://alfouadpharmacies.com/en/products/عطر-جيس-إيكونيك-أو-دي-برفام-للنساء-100-مل,AlFouad Pharmacies,true,Verify usage rights before commercial publication,false,false,false,false,HOLD — REFERENCE ONLY
12689498964271,paco-rabanne-invictus-elixir-intense-f-m-100ml-edp,باكو رابان انفيكتوس اليكسير انتنس عطر f/m 100 مل او دي بارفان,perfumes,العطور,العطور,,1730,8600,0,true,https://cdn.shopify.com/s/files/1/0935/9550/0847/files/PACORABANNE.webp?v=1771847189,منتج باكو رابان انفيكتوس اليكسير انتنس عطر f/m 100 مل او دي بارفان من perfumes. التصنيف المرجعي: العطور. الوسوم المرجعية: Men’s Perfumes، Perfumes.,https://alfouadpharmacies.com/en/products/paco-rabanne-invictus-elixir-intense-f-m-100ml-edp,AlFouad Pharmacies,true,Verify usage rights before commercial publication,false,false,false,false,HOLD — REFERENCE ONLY
12689498931503,dunhill-desire-extreme-red-edt-f-m-100ml,دانهيل ديزاير إكستريم ريد أو دو تواليت نسائي/رجالي 100 مل,perfumes,العطور,العطور,,12996,2450,,false,https://cdn.shopify.com/s/files/1/0935/9550/0847/files/DUNHILLDESIREEXTREME.webp?v=1771847219,منتج دانهيل ديزاير إكستريم ريد أو دو تواليت نسائي/رجالي 100 مل من perfumes. التصنيف المرجعي: العطور. الوسوم المرجعية: Men’s Perfumes، Perfumes.,https://alfouadpharmacies.com/en/products/dunhill-desire-extreme-red-edt-f-m-100ml,AlFouad Pharmacies,true,Verify usage rights before commercial publication,false,false,false,false,HOLD — REFERENCE ONLY
12689498898735,عطر-كارولينا-هيريرا-212-vip-بلاك-للرجال-100-مل,عطر كارولينا هيريرا 212 VIP بلاك للرجال 100 مل,perfumes,العطور,العطور,212 vip ,20349,7000,,true,https://cdn.shopify.com/s/files/1/0935/9550/0847/files/1_-_2026-07-09T141913.456.webp?v=1783596008,منتج عطر كارولينا هيريرا 212 VIP بلاك للرجال 100 مل من perfumes. التصنيف المرجعي: العطور — 212 vip . الوسوم المرجعية: Men’s Perfumes، Perfumes.,https://alfouadpharmacies.com/en/products/عطر-كارولينا-هيريرا-212-vip-بلاك-للرجال-100-مل,AlFouad Pharmacies,true,Verify usage rights before commercial publication,false,false,false,false,HOLD — REFERENCE ONLY
12689498865967,issey-miyake-pour-homme-edt-125-ml,ايسي مياكي بور هوم او دي تواليت 125 مل,perfumes,العطور,العطور,,21083,4200,,true,https://cdn.shopify.com/s/files/1/0935/9550/0847/files/ISSEY_MIYAKE_1615x1615_b88ead0d-ae62-4165-991a-52b315ebc32e.webp?v=1771866825,منتج ايسي مياكي بور هوم او دي تواليت 125 مل من perfumes. التصنيف المرجعي: العطور. الوسوم المرجعية: Men’s Perfumes، Perfumes.,https://alfouadpharmacies.com/en/products/issey-miyake-pour-homme-edt-125-ml,AlFouad Pharmacies,true,Verify usage rights before commercial publication,false,false,false,false,HOLD — REFERENCE ONLY
12689498833199,كارولينا-هيريرا-212-مين-هيروز-فوريفر-يونج-أو-دو-تواليت-90-مل,كارولينا هيريرا 212 مين هيروز فوريفر يونج أو دو تواليت 90 مل,perfumes,العطور,العطور,بيرفيوم ,24355,6500,,true,https://cdn.shopify.com/s/files/1/0935/9550/0847/files/1_76.webp?v=1782303679,منتج كارولينا هيريرا 212 مين هيروز فوريفر يونج أو دو تواليت 90 مل من perfumes. التصنيف المرجعي: العطور — بيرفيوم . الوسوم المرجعية: Men’s Perfumes، Perfumes.,https://alfouadpharmacies.com/en/products/كارولينا-هيريرا-212-مين-هيروز-فوريفر-يونج-أو-دو-تواليت-90-مل,AlFouad Pharmacies,true,Verify usage rights before commercial publication,false,false,false,false,HOLD — REFERENCE ONLY
12689498800431,guess-gold-edp-75-ml-f-w,عطر جيس جولد أو دو بارفان 75 مل، مناسب للنباتيين,perfumes,العطور,العطور,,24898,2000,,true,https://cdn.shopify.com/s/files/1/0935/9550/0847/files/GUESS_GOLD_V2_1615x1615_93f50cd6-237c-4e10-b3cf-295c8c89c54f.webp?v=1771867613,منتج عطر جيس جولد أو دو بارفان 75 مل، مناسب للنباتيين من perfumes. التصنيف المرجعي: العطور. الوسوم المرجعية: Perfumes، Women’s Perfumes.,https://alfouadpharmacies.com/en/products/guess-gold-edp-75-ml-f-w,AlFouad Pharmacies,true,Verify usage rights before commercial publication,false,false,false,false,HOLD — REFERENCE ONLY
12689498734895,c-herrera-good-girl-blush-elixir-edp-80ml-f-w,أحمر خدود سي. هيريرا جود جيرل إكسير أو دو بارفان 80 مل F/W,perfumes,العطور,العطور,,25677,10500,,true,https://cdn.shopify.com/s/files/1/0935/9550/0847/files/GOOD_GIRL_BLUSH_1615x1615_56f4a086-13a4-40b2-9895-d22fa0b8e71c.webp?v=1771868031,منتج أحمر خدود سي. هيريرا جود جيرل إكسير أو دو بارفان 80 مل F/W من perfumes. التصنيف المرجعي: العطور. الوسوم المرجعية: Perfumes، Women’s Perfumes.,https://alfouadpharmacies.com/en/products/c-herrera-good-girl-blush-elixir-edp-80ml-f-w,AlFouad Pharmacies,true,Verify usage rights before commercial publication,false,false,false,false,HOLD — REFERENCE ONLY
12689498669359,c-d-dior-homme-intense-150ml-edp-f-m,سي ديور أوم إنتنس 150 مل ماء عطر نسائي/رجالي,perfumes,العطور,العطور,,31229,12000,,false,https://cdn.shopify.com/s/files/1/0935/9550/0847/files/DIOR_HOMME_INTENSE_1615x1615_7386f92e-5dbc-4d9a-9ad0-ebcddd5e2319.webp?v=1771868708,منتج سي ديور أوم إنتنس 150 مل ماء عطر نسائي/رجالي من perfumes. التصنيف المرجعي: العطور. الوسوم المرجعية: Men’s Perfumes، Perfumes.,https://alfouadpharmacies.com/en/products/c-d-dior-homme-intense-150ml-edp-f-m,AlFouad Pharmacies,true,Verify usage rights before commercial publication,false,false,false,false,HOLD — REFERENCE ONLY
12689498571055,c-d-dior-sauvage-edp-f-m-100ml,سي ديور سوفاج أو دو بارفان رجالي/رجالي 100 مل,perfumes,العطور,العطور,سوفاج ,101662,11050,,false,https://cdn.shopify.com/s/files/1/0935/9550/0847/files/1_-_2026-07-09T140155.113.webp?v=1783594934,منتج سي ديور سوفاج أو دو بارفان رجالي/رجالي 100 مل من perfumes. التصنيف المرجعي: العطور — سوفاج . الوسوم المرجعية: Men’s Perfumes، Perfumes.,https://alfouadpharmacies.com/en/products/c-d-dior-sauvage-edp-f-m-100ml,AlFouad Pharmacies,true,Verify usage rights before commercial publication,false,false,false,false,HOLD — REFERENCE ONLY
12689498538287,عطر-دولتشي-آند-غابانا-ذا-ون-غولد-أو-دي-برفام-إنتنس-75-مل,عطر دولتشي آند غابانا ذا ون غولد أو دي برفام إنتنس 75 مل,perfumes,العطور,العطور,دولتشي آند غابانا,114961,9700,,true,https://cdn.shopify.com/s/files/1/0935/9550/0847/files/1_-_2026-07-09T151000.885.webp?v=1783599194,منتج عطر دولتشي آند غابانا ذا ون غولد أو دي برفام إنتنس 75 مل من perfumes. التصنيف المرجعي: العطور — دولتشي آند غابانا. الوسوم المرجعية: Perfumes، Women’s Perfumes.,https://alfouadpharmacies.com/en/products/عطر-دولتشي-آند-غابانا-ذا-ون-غولد-أو-دي-برفام-إنتنس-75-مل,AlFouad Pharmacies,true,Verify usage rights before commercial publication,false,false,false,false,HOLD — REFERENCE ONLY
12689498505519,dolce-gabbana-the-one-edt-f-m-100ml,دولتشي آند غابانا ذا ون أو دو تواليت نسائي/رجالي 100 مل,perfumes,العطور,العطور,,114962,4600,,true,https://cdn.shopify.com/s/files/1/0935/9550/0847/files/DG_THE_ONE_MEN_V2_1615x1615_2fcc55cc-53e7-45a4-ac43-935561f3e006.webp?v=1771869991,منتج دولتشي آند غابانا ذا ون أو دو تواليت نسائي/رجالي 100 مل من perfumes. التصنيف المرجعي: العطور. الوسوم المرجعية: Men’s Perfumes، Perfumes.,https://alfouadpharmacies.com/en/products/dolce-gabbana-the-one-edt-f-m-100ml,AlFouad Pharmacies,true,Verify usage rights before commercial publication,false,false,false,false,HOLD — REFERENCE ONLY
12689498472751,gucci-guilty-essence-edt-f-m-90ml,عطر غوتشي غيلتي إيسنس أو دو تواليت نسائي/رجالي 90 مل,perfumes,العطور,العطور,,114963,5300,,true,https://cdn.shopify.com/s/files/1/0935/9550/0847/files/GUCCI_GUILTY_ESSENCE_V2_1615x1615_f5da1204-d587-431a-a08a-8aae09b79236.webp?v=1771870390,منتج عطر غوتشي غيلتي إيسنس أو دو تواليت نسائي/رجالي 90 مل من perfumes. التصنيف المرجعي: العطور. الوسوم المرجعية: Men’s Perfumes، Perfumes.,https://alfouadpharmacies.com/en/products/gucci-guilty-essence-edt-f-m-90ml,AlFouad Pharmacies,true,Verify usage rights before commercial publication,false,false,false,false,HOLD — REFERENCE ONLY
12689497751855,عطر-غوتشي-بلوم-أو-دي-للنساء-100-مل,عطر غوتشي بلوم أو دي للنساء 100 مل,perfumes,العطور,العطور,غوتشي بلوم,114964,7200,,true,https://cdn.shopify.com/s/files/1/0935/9550/0847/files/1_-_2026-07-09T155147.531.webp?v=1783601541,منتج عطر غوتشي بلوم أو دي للنساء 100 مل من perfumes. التصنيف المرجعي: العطور — غوتشي بلوم. الوسوم المرجعية: Perfumes، Women’s Perfumes.,https://alfouadpharmacies.com/en/products/عطر-غوتشي-بلوم-أو-دي-للنساء-100-مل,AlFouad Pharmacies,true,Verify usage rights before commercial publication,false,false,false,false,HOLD — REFERENCE ONLY
12689495753007,hugo-intense-edp-f-m-75ml,عطر هوغو إنتنس أو دو بارفان للرجال والنساء 75 مل,perfumes,العطور,العطور,Hugo Intense,114965,4950,,true,https://cdn.shopify.com/s/files/1/0935/9550/0847/files/1_24_53fb55b2-bf74-4cc1-8548-9fb76aa84f01.webp?v=1783754267,منتج عطر هوغو إنتنس أو دو بارفان للرجال والنساء 75 مل من perfumes. التصنيف المرجعي: العطور — Hugo Intense. الوسوم المرجعية: Men’s Perfumes، Perfumes.,https://alfouadpharmacies.com/en/products/hugo-intense-edp-f-m-75ml,AlFouad Pharmacies,true,Verify usage rights before commercial publication,false,false,false,false,HOLD — REFERENCE ONLY
12689494573359,g-armani-si-passion-red-musk-edp-f-w-100ml,جي. أرماني سي باشن ريد مسك أو دو بارفان 100 مل,perfumes,العطور,العطور,,114966,9700,,true,https://cdn.shopify.com/s/files/1/0935/9550/0847/files/ARMANI_RED_MUSK_1615x1615_dd8186e1-8fdd-4e9c-a086-acdfa104ed9e.webp?v=1771871187,منتج جي. أرماني سي باشن ريد مسك أو دو بارفان 100 مل من perfumes. التصنيف المرجعي: العطور. الوسوم المرجعية: Perfumes، Women’s Perfumes.,https://alfouadpharmacies.com/en/products/g-armani-si-passion-red-musk-edp-f-w-100ml,AlFouad Pharmacies,true,Verify usage rights before commercial publication,false,false,false,false,HOLD — REFERENCE ONLY
12689493754159,عطر-كارولينا-هيريرا-جود-جيرل-أو-دي-برفام-للنساء-80-مل,عطر كارولينا هيريرا جود جيرل أو دي برفام للنساء 80 مل,perfumes,العطور,العطور,Good Girl,114967,9200,,true,https://cdn.shopify.com/s/files/1/0935/9550/0847/files/1_-_2026-07-09T144029.985.webp?v=1783597358,منتج عطر كارولينا هيريرا جود جيرل أو دي برفام للنساء 80 مل من perfumes. التصنيف المرجعي: العطور — Good Girl. الوسوم المرجعية: Perfumes، Women’s Perfumes.,https://alfouadpharmacies.com/en/products/عطر-كارولينا-هيريرا-جود-جيرل-أو-دي-برفام-للنساء-80-مل,AlFouad Pharmacies,true,Verify usage rights before commercial publication,false,false,false,false,HOLD — REFERENCE ONLY
12689493459247,c-herrera-good-girl-bowtastic-edp-f-w-80ml,عطر سي. هيريرا جود جيرل بوتاستيك أو دو بارفان للخريف والشتاء 80 مل,perfumes,العطور,العطور,,114969,9400,,true,https://cdn.shopify.com/s/files/1/0935/9550/0847/files/GOOD_GIRL_BLUE_BOW_1615x1615_9d63a7c5-5c59-4c3e-ae25-03309aee25f9.webp?v=1771874989,منتج عطر سي. هيريرا جود جيرل بوتاستيك أو دو بارفان للخريف والشتاء 80 مل من perfumes. التصنيف المرجعي: العطور. الوسوم المرجعية: Perfumes، Women’s Perfumes.,https://alfouadpharmacies.com/en/products/c-herrera-good-girl-bowtastic-edp-f-w-80ml,AlFouad Pharmacies,true,Verify usage rights before commercial publication,false,false,false,false,HOLD — REFERENCE ONLY
12689491493167,c-herrera-good-girl-bowtastic-blush-edp-f-w-80ml,أحمر خدود سي. هيريرا جود جيرل بوتاستيك، ماء عطر خريفي/شتوي، 80 مل,perfumes,العطور,العطور,,114970,10000,,true,https://cdn.shopify.com/s/files/1/0935/9550/0847/files/GOOD_GIRL_BOWTASTIC_1615x1615_fd1609ef-40c0-499d-a3ff-dfbe4b448a22.webp?v=1771872117,منتج أحمر خدود سي. هيريرا جود جيرل بوتاستيك، ماء عطر خريفي/شتوي، 80 مل من perfumes. التصنيف المرجعي: العطور. الوسوم المرجعية: Perfumes، Women’s Perfumes.,https://alfouadpharmacies.com/en/products/c-herrera-good-girl-bowtastic-blush-edp-f-w-80ml,AlFouad Pharmacies,true,Verify usage rights before commercial publication,false,false,false,false,HOLD — REFERENCE ONLY
12689490018607,paco-rabanne-invictus-victory-absoul-f-m-100ml,باكو رابان إنفيكتوس فيكتوري أبسول للرجال والنساء 100 مل,perfumes,العطور,العطور,,114971,8500,,true,https://cdn.shopify.com/s/files/1/0935/9550/0847/files/INVICTUS_VICTORY_ELIXIR_V3_1615x1615_c544af8a-8f28-4bd0-b5bc-0d3d66a8c9d5.webp?v=1771873489,منتج باكو رابان إنفيكتوس فيكتوري أبسول للرجال والنساء 100 مل من perfumes. التصنيف المرجعي: العطور. الوسوم المرجعية: Men’s Perfumes، Perfumes.,https://alfouadpharmacies.com/en/products/paco-rabanne-invictus-victory-absoul-f-m-100ml,AlFouad Pharmacies,true,Verify usage rights before commercial publication,false,false,false,false,HOLD — REFERENCE ONLY
12689489068335,hugo-boss-bottled-black-edp-f-m-100ml,عطر هوغو بوس بوتلد بلاك أو دو بارفان للرجال والنساء 100 مل,perfumes,العطور,العطور,,114972,7200,,true,https://cdn.shopify.com/s/files/1/0935/9550/0847/files/HUGO_BOSS_BOTTLED_PARFUM_1615x1615_7dbe503e-02b6-44b3-81df-e420b8469bc3.webp?v=1771873883,منتج عطر هوغو بوس بوتلد بلاك أو دو بارفان للرجال والنساء 100 مل من perfumes. التصنيف المرجعي: العطور. الوسوم المرجعية: Men’s Perfumes، Perfumes.,https://alfouadpharmacies.com/en/products/hugo-boss-bottled-black-edp-f-m-100ml,AlFouad Pharmacies,true,Verify usage rights before commercial publication,false,false,false,false,HOLD — REFERENCE ONLY
10569980707119,paco-rabanne1million-ellxir-edp-100ml,عطر 1 Million Elixir من Paco Rabanne، تركيز EDP، سعة 100 مل,perfumes,العطور,العطور,بسيط,0,6860,0,false,https://cdn.shopify.com/s/files/1/0935/9550/0847/files/Paco-RABANNE.1.MILLION-Ellxir-Edp-FM-100ML.webp?v=1754297360,منتج عطر 1 Million Elixir من Paco Rabanne، تركيز EDP، سعة 100 مل من perfumes. التصنيف المرجعي: العطور — بسيط. الوسوم المرجعية: Men’s Perfumes، Perfumes.,https://alfouadpharmacies.com/en/products/paco-rabanne1million-ellxir-edp-100ml,AlFouad Pharmacies,true,Verify usage rights before commercial publication,false,false,false,false,HOLD — REFERENCE ONLY
10569980674351,paco-rabanne-olympea-solar-intense-edp-80ml,عطر باكو رابان أوليمبيا سولار إنتنس، تركيز إي دي بي، 80 مل,perfumes,العطور,العطور,بسيط,13037,3850,0,false,https://cdn.shopify.com/s/files/1/0935/9550/0847/files/Paco-Rabanne-Olympea-Solar-Intense-Edp-FW-80ML.webp?v=1754297360,منتج عطر باكو رابان أوليمبيا سولار إنتنس، تركيز إي دي بي، 80 مل من perfumes. التصنيف المرجعي: العطور — بسيط. الوسوم المرجعية: Perfumes، Women’s Perfumes.,https://alfouadpharmacies.com/en/products/paco-rabanne-olympea-solar-intense-edp-80ml,AlFouad Pharmacies,true,Verify usage rights before commercial publication,false,false,false,false,HOLD — REFERENCE ONLY
10569980641583,paco-rabanne-olympea-parfum-80ml,عطر باكوا رابان أولمبيا 80 مل,perfumes,العطور,العطور,بسيط,0,7700,,false,https://cdn.shopify.com/s/files/1/0935/9550/0847/files/Paco-Rabanne-Olympea-Parfum-FW-80ML.webp?v=1754297361,منتج عطر باكوا رابان أولمبيا 80 مل من perfumes. التصنيف المرجعي: العطور — بسيط. الوسوم المرجعية: Perfumes، Women’s Perfumes.,https://alfouadpharmacies.com/en/products/paco-rabanne-olympea-parfum-80ml,AlFouad Pharmacies,true,Verify usage rights before commercial publication,false,false,false,false,HOLD — REFERENCE ONLY
10569980608815,paco-rabanne-olympea-onyx-edp-80ml,عطر باكو رابان أوليمبيا أونيكس إي دي بي 80 مل,perfumes,العطور,العطور,بسيط,15767,4300,0,false,https://cdn.shopify.com/s/files/1/0935/9550/0847/files/Paco-Rabanne-Olympea-Onyx-Edp-80ML.webp?v=1754297361,منتج عطر باكو رابان أوليمبيا أونيكس إي دي بي 80 مل من perfumes. التصنيف المرجعي: العطور — بسيط. الوسوم المرجعية: Perfumes، Women’s Perfumes.,https://alfouadpharmacies.com/en/products/paco-rabanne-olympea-onyx-edp-80ml,AlFouad Pharmacies,true,Verify usage rights before commercial publication,false,false,false,false,HOLD — REFERENCE ONLY
10569980576047,paco-rabanne-olympea-intense-edp-80ml,عطر باكو رابان أولمبيا إنتنس، تركيز إي دي بي، 80 مل,perfumes,العطور,العطور,بسيط,110825,1650,0,false,https://cdn.shopify.com/s/files/1/0935/9550/0847/files/Paco-Rabanne-Olympea-Intense-Edp-80ML-FW.webp?v=1754297362,منتج عطر باكو رابان أولمبيا إنتنس، تركيز إي دي بي، 80 مل من perfumes. التصنيف المرجعي: العطور — بسيط. الوسوم المرجعية: Perfumes، Women’s Perfumes.,https://alfouadpharmacies.com/en/products/paco-rabanne-olympea-intense-edp-80ml,AlFouad Pharmacies,true,Verify usage rights before commercial publication,false,false,false,false,HOLD — REFERENCE ONLY
10569980477743,paco-rabanne-lady-million-lucky-80ml-edp,عطر باكوا رابان ليدي مليون لاكي 80 مل (إي دي بي),perfumes,العطور,العطور,بسيط,0,6000,0,false,https://cdn.shopify.com/s/files/1/0935/9550/0847/files/Paco-Rabanne-Lady-Million-Lucky-FW-80-ml-Edp.webp?v=1754297363,منتج عطر باكوا رابان ليدي مليون لاكي 80 مل (إي دي بي) من perfumes. التصنيف المرجعي: العطور — بسيط. الوسوم المرجعية: Perfumes، Women’s Perfumes.,https://alfouadpharmacies.com/en/products/paco-rabanne-lady-million-lucky-80ml-edp,AlFouad Pharmacies,true,Verify usage rights before commercial publication,false,false,false,false,HOLD — REFERENCE ONLY
10569980444975,paco-rabanne-lady-million-edp-80ml,باكو رابان ليدي مليون او دي بارفان 80 مل,perfumes,العطور,العطور,بسيط,109467,7800,0,true,https://cdn.shopify.com/s/files/1/0935/9550/0847/files/1_33_f4d21da1-93bf-4308-b880-77401b45daf0.webp?v=1783755860,منتج باكو رابان ليدي مليون او دي بارفان 80 مل من perfumes. التصنيف المرجعي: العطور — بسيط. الوسوم المرجعية: Perfumes، Women’s Perfumes.,https://alfouadpharmacies.com/en/products/paco-rabanne-lady-million-edp-80ml,AlFouad Pharmacies,true,Verify usage rights before commercial publication,false,false,false,false,HOLD — REFERENCE ONLY
10569980412207,paco-rabanne-invictus-victory-200ml,عطر باكوراباني انفيكتوس فيكتوري 200 مل,perfumes,العطور,العطور,بسيط,0,8000,,false,https://cdn.shopify.com/s/files/1/0935/9550/0847/files/Paco-Rabanne-Invictus-Victory-FM-200ML.webp?v=1754297364,منتج عطر باكوراباني انفيكتوس فيكتوري 200 مل من perfumes. التصنيف المرجعي: العطور — بسيط. الوسوم المرجعية: Men’s Perfumes، Perfumes.,https://alfouadpharmacies.com/en/products/paco-rabanne-invictus-victory-200ml,AlFouad Pharmacies,true,Verify usage rights before commercial publication,false,false,false,false,HOLD — REFERENCE ONLY
10569980379439,paco-rabanne-invictus-parfum-100ml,عطر باكوا رابان إنفيكتوس 100 مل,perfumes,العطور,العطور,بسيط,0,6700,,false,https://cdn.shopify.com/s/files/1/0935/9550/0847/files/Paco-Rabanne-Invictus-Parfum-FM-100ML.webp?v=1754297364,منتج عطر باكوا رابان إنفيكتوس 100 مل من perfumes. التصنيف المرجعي: العطور — بسيط. الوسوم المرجعية: Men’s Perfumes، Perfumes.,https://alfouadpharmacies.com/en/products/paco-rabanne-invictus-parfum-100ml,AlFouad Pharmacies,true,Verify usage rights before commercial publication,false,false,false,false,HOLD — REFERENCE ONLY
10569980346671,paco-rabanne-invictus-legendedp-100mlstick10ml,عطر باكو رابان إنفيكتوس ليجند (ماء عطر 100 مل + عصا العطر + 10 مل),perfumes,العطور,العطور,بسيط,85162,4650,0,false,https://cdn.shopify.com/s/files/1/0935/9550/0847/files/Paco-Rabanne-Invictus-Legendedp-100MLSTICK10ML.webp?v=1754297365,منتج عطر باكو رابان إنفيكتوس ليجند (ماء عطر 100 مل + عصا العطر + 10 مل) من perfumes. التصنيف المرجعي: العطور — بسيط. الوسوم المرجعية: Men’s Perfumes، Perfumes.,https://alfouadpharmacies.com/en/products/paco-rabanne-invictus-legendedp-100mlstick10ml,AlFouad Pharmacies,true,Verify usage rights before commercial publication,false,false,false,false,HOLD — REFERENCE ONLY
10569980313903,paco-rabanne-invictus-edt-set-2-pcs,طقم عطر باكو رابان إنفيكتوس للرجال (2 قطعة),perfumes,العطور,العطور,بسيط,105719,6600,,true,https://cdn.shopify.com/s/files/1/0935/9550/0847/files/2_26_42b91562-fc0e-4924-8c34-119f37763d5e.webp?v=1783932131,منتج طقم عطر باكو رابان إنفيكتوس للرجال (2 قطعة) من perfumes. التصنيف المرجعي: العطور — بسيط. الوسوم المرجعية: Perfumes، Women’s Perfumes.,https://alfouadpharmacies.com/en/products/paco-rabanne-invictus-edt-set-2-pcs,AlFouad Pharmacies,true,Verify usage rights before commercial publication,false,false,false,false,HOLD — REFERENCE ONLY
10569980281135,paco-rabanne-invictus-elixir-intense100ml-edp,عطر باكوا رابان إنفيكتوس إليكسير إنتنس 100 مل (إي دي بي),perfumes,العطور,العطور,بسيط,0,6700,0,false,https://cdn.shopify.com/s/files/1/0935/9550/0847/files/Paco-Rabanne-Invictus-Elixir-Intense-FM-100ML-Edp.webp?v=1754297366,منتج عطر باكوا رابان إنفيكتوس إليكسير إنتنس 100 مل (إي دي بي) من perfumes. التصنيف المرجعي: العطور — بسيط. الوسوم المرجعية: Men’s Perfumes، Perfumes.,https://alfouadpharmacies.com/en/products/paco-rabanne-invictus-elixir-intense100ml-edp,AlFouad Pharmacies,true,Verify usage rights before commercial publication,false,false,false,false,HOLD — REFERENCE ONLY
10569980215599,paco-rabanne-fame-80ml-edp,عطر باكو رابان فام 80 مل (إي دي بي),perfumes,العطور,العطور,بسيط,0,3600,0,false,https://cdn.shopify.com/s/files/1/0935/9550/0847/files/Paco-Rabanne-Fame-80ML-Edp.webp?v=1754297367,منتج عطر باكو رابان فام 80 مل (إي دي بي) من perfumes. التصنيف المرجعي: العطور — بسيط. الوسوم المرجعية: Perfumes، Women’s Perfumes.,https://alfouadpharmacies.com/en/products/paco-rabanne-fame-80ml-edp,AlFouad Pharmacies,true,Verify usage rights before commercial publication,false,false,false,false,HOLD — REFERENCE ONLY
10569980182831,paco-rabanne-black-xs-80ml-edt,عطر باكوا رابان بلاك إكس إس 80 مل (ماء تواليت),perfumes,العطور,العطور,بسيط,0,4200,,false,https://cdn.shopify.com/s/files/1/0935/9550/0847/files/Paco-Rabanne-Black-Xs-FW-80ML-Edt.webp?v=1754297367,منتج عطر باكوا رابان بلاك إكس إس 80 مل (ماء تواليت) من perfumes. التصنيف المرجعي: العطور — بسيط. الوسوم المرجعية: Perfumes، Women’s Perfumes.,https://alfouadpharmacies.com/en/products/paco-rabanne-black-xs-80ml-edt,AlFouad Pharmacies,true,Verify usage rights before commercial publication,false,false,false,false,HOLD — REFERENCE ONLY
10569980150063,paco-rabanne-black-xs-edt-100ml,عطر باك رابان بلاك إكس إس، ماء تواليت، 100 مل,perfumes,العطور,العطور,بسيط,0,4300,,false,https://cdn.shopify.com/s/files/1/0935/9550/0847/files/Paco-Rabanne-Black-Xs-Edt-FM-100ML.webp?v=1754297368,منتج عطر باك رابان بلاك إكس إس، ماء تواليت، 100 مل من perfumes. التصنيف المرجعي: العطور — بسيط. الوسوم المرجعية: Men’s Perfumes، Perfumes.,https://alfouadpharmacies.com/en/products/paco-rabanne-black-xs-edt-100ml,AlFouad Pharmacies,true,Verify usage rights before commercial publication,false,false,false,false,HOLD — REFERENCE ONLY
10569980117295,paco-rabanne-black-xs-edp-80ml-red,عطر باك رابان بلاك إكس إس إي دي بي 80 مل أحمر,perfumes,العطور,العطور,بسيط,91321,4300,,false,https://cdn.shopify.com/s/files/1/0935/9550/0847/files/Paco-Rabanne-Black-Xs-Edp-80ML-Red-5062.webp?v=1754297368,منتج عطر باك رابان بلاك إكس إس إي دي بي 80 مل أحمر من perfumes. التصنيف المرجعي: العطور — بسيط. الوسوم المرجعية: Perfumes، Women’s Perfumes.,https://alfouadpharmacies.com/en/products/paco-rabanne-black-xs-edp-80ml-red,AlFouad Pharmacies,true,Verify usage rights before commercial publication,false,false,false,false,HOLD — REFERENCE ONLY
10569980084527,paco-rabanne-1-million-intense-oud-edp-100ml,عطر باكوا رابان 1 مليون إنتنس عود، تركيز EDP، 100 مل,perfumes,العطور,العطور,بسيط,0,6000,,false,https://cdn.shopify.com/s/files/1/0935/9550/0847/files/Paco-Rabanne-.1.-Million-Intense-Oud-Edp-FM-100ML.webp?v=1754297369,منتج عطر باكوا رابان 1 مليون إنتنس عود، تركيز EDP، 100 مل من perfumes. التصنيف المرجعي: العطور — بسيط. الوسوم المرجعية: Men’s Perfumes، Perfumes.,https://alfouadpharmacies.com/en/products/paco-rabanne-1-million-intense-oud-edp-100ml,AlFouad Pharmacies,true,Verify usage rights before commercial publication,false,false,false,false,HOLD — REFERENCE ONLY
10569980051759,paco-rabanne-1-million-gold-edp-90ml,عطر باكو رابان 1 مليون جولد، تركيز إي دي بي، 90 مل,perfumes,العطور,العطور,بسيط,0,7900,,false,https://cdn.shopify.com/s/files/1/0935/9550/0847/files/Paco-Rabanne-.1.-Million-Gold-FW-Edp-90ML.webp?v=1754297369,منتج عطر باكو رابان 1 مليون جولد، تركيز إي دي بي، 90 مل من perfumes. التصنيف المرجعي: العطور — بسيط. الوسوم المرجعية: Perfumes، Women’s Perfumes.,https://alfouadpharmacies.com/en/products/paco-rabanne-1-million-gold-edp-90ml,AlFouad Pharmacies,true,Verify usage rights before commercial publication,false,false,false,false,HOLD — REFERENCE ONLY
10569980018991,paco-rabanne-1-million-gold-edp-100ml,عطر باكو رابان 1 مليون جولد، تركيز إي دي بي، 100 مل,perfumes,العطور,العطور,بسيط,0,6300,,false,https://cdn.shopify.com/s/files/1/0935/9550/0847/files/Paco-Rabanne-.1.-Million-Gold-FM-Edp-100ML.webp?v=1754297370,منتج عطر باكو رابان 1 مليون جولد، تركيز إي دي بي، 100 مل من perfumes. التصنيف المرجعي: العطور — بسيط. الوسوم المرجعية: Men’s Perfumes، Perfumes.,https://alfouadpharmacies.com/en/products/paco-rabanne-1-million-gold-edp-100ml,AlFouad Pharmacies,true,Verify usage rights before commercial publication,false,false,false,false,HOLD — REFERENCE ONLY
10569979986223,paco-rabanne-1-million-set-2pcs100ml,طقم باكو رابان 1 مليون قطعة 2 × 100 مل,perfumes,العطور,العطور,بسيط,0,5750,,false,https://cdn.shopify.com/s/files/1/0935/9550/0847/files/Paco-Rabanne-.1.-Million-FM-Set-2PCS100ML.webp?v=1754297370,منتج طقم باكو رابان 1 مليون قطعة 2 × 100 مل من perfumes. التصنيف المرجعي: العطور — بسيط. الوسوم المرجعية: Men’s Perfumes، Perfumes.,https://alfouadpharmacies.com/en/products/paco-rabanne-1-million-set-2pcs100ml,AlFouad Pharmacies,true,Verify usage rights before commercial publication,false,false,false,false,HOLD — REFERENCE ONLY
10569979953455,paco-rabanne-1-million-100-ml-edt,عطر 1 Million من Paco Rabanne، 100 مل، تركيز EDT.,perfumes,العطور,العطور,بسيط,19675,5300,,true,https://cdn.shopify.com/s/files/1/0935/9550/0847/files/1_32_93543eed-2184-46c1-ac88-f673474bc587.webp?v=1783755807,منتج عطر 1 Million من Paco Rabanne، 100 مل، تركيز EDT. من perfumes. التصنيف المرجعي: العطور — بسيط. الوسوم المرجعية: Men’s Perfumes، Perfumes.,https://alfouadpharmacies.com/en/products/paco-rabanne-1-million-100-ml-edt,AlFouad Pharmacies,true,Verify usage rights before commercial publication,false,false,false,false,HOLD — REFERENCE ONLY
10569978741039,ysl-liber-lep-90ml,إي اس إل ليبر لِيب 90 مل,perfumes,العطور,العطور,بسيط,0,9000,,false,https://cdn.shopify.com/s/files/1/0935/9550/0847/files/Y.S.L-Liber-Lep-FW-90ML.webp?v=1754297390,منتج إي اس إل ليبر لِيب 90 مل من perfumes. التصنيف المرجعي: العطور — بسيط. الوسوم المرجعية: Perfumes، Women’s Perfumes.,https://alfouadpharmacies.com/en/products/ysl-liber-lep-90ml,AlFouad Pharmacies,true,Verify usage rights before commercial publication,false,false,false,false,HOLD — REFERENCE ONLY
10569978708271,ysl-black-opium-gift-set-edp-90ml,طقم هدايا عطر YSL Black Opium  (إيد بي) 90 مل,perfumes,العطور,العطور,بسيط,112695,9500,0,false,https://cdn.shopify.com/s/files/1/0935/9550/0847/files/Y.S.L-Black-Opium-Gift-Set-Edp-90ML.webp?v=1754297391,منتج طقم هدايا عطر YSL Black Opium  (إيد بي) 90 مل من perfumes. التصنيف المرجعي: العطور — بسيط. الوسوم المرجعية: Perfumes، Women’s Perfumes.,https://alfouadpharmacies.com/en/products/ysl-black-opium-gift-set-edp-90ml,AlFouad Pharmacies,true,Verify usage rights before commercial publication,false,false,false,false,HOLD — REFERENCE ONLY
10569978577199,ysl-y-intense-edp100ml,إي إس إل (واي) إن تنس عطر للرجال 100 مل,perfumes,العطور,العطور,بسيط,1656,9000,0,true,https://cdn.shopify.com/s/files/1/0935/9550/0847/files/Y.S.L-Y-Intense-Edp-FM-100ML.webp?v=1754297392,منتج إي إس إل (واي) إن تنس عطر للرجال 100 مل من perfumes. التصنيف المرجعي: العطور — بسيط. الوسوم المرجعية: Men’s Perfumes، Perfumes.,https://alfouadpharmacies.com/en/products/ysl-y-intense-edp100ml,AlFouad Pharmacies,true,Verify usage rights before commercial publication,false,false,false,false,HOLD — REFERENCE ONLY
10569978544431,strawberry-shortcake-gift-set-50ml,مجموعة هدايا ستروبري شورت كيك 50 مل,perfumes,العطور,العطور,بسيط,11804,124.9,,false,https://cdn.shopify.com/s/files/1/0935/9550/0847/files/61pUNr8O7S._AC_UF8941000_QL80.webp?v=1754297393,منتج مجموعة هدايا ستروبري شورت كيك 50 مل من perfumes. التصنيف المرجعي: العطور — بسيط. الوسوم المرجعية: Perfumes، Teens & Baby.,https://alfouadpharmacies.com/en/products/strawberry-shortcake-gift-set-50ml,AlFouad Pharmacies,true,Verify usage rights before commercial publication,false,false,false,false,HOLD — REFERENCE ONLY
10569978478895,st-dupont-royal-amber-edp-100-ml,ST Dupont Royal Amber عطر رجالي 100 مل,perfumes,العطور,العطور,بسيط,0,4200,0,false,https://cdn.shopify.com/s/files/1/0935/9550/0847/files/S.T.-Dupont-Royal-Amber-Edp-100-ml-FW.webp?v=1754297394,منتج ST Dupont Royal Amber عطر رجالي 100 مل من perfumes. التصنيف المرجعي: العطور — بسيط. الوسوم المرجعية: Men’s Perfumes، Perfumes، Women’s Perfumes.,https://alfouadpharmacies.com/en/products/st-dupont-royal-amber-edp-100-ml,AlFouad Pharmacies,true,Verify usage rights before commercial publication,false,false,false,false,HOLD — REFERENCE ONLY
10569978446127,st-dupont-essence-pure-edt-100ml,ST Dupont Essence Pure Edt 100 مل,perfumes,العطور,العطور,بسيط,0,2400,,false,https://cdn.shopify.com/s/files/1/0935/9550/0847/files/S.T.-Dupont-Essence-Pure-Edt-FM-100ML.webp?v=1754297395,منتج ST Dupont Essence Pure Edt 100 مل من perfumes. التصنيف المرجعي: العطور — بسيط. الوسوم المرجعية: Men’s Perfumes، Perfumes.,https://alfouadpharmacies.com/en/products/st-dupont-essence-pure-edt-100ml,AlFouad Pharmacies,true,Verify usage rights before commercial publication,false,false,false,false,HOLD — REFERENCE ONLY
10569978380591,nina-ricci-luna-edt-80ml,نينا ريتشي لونا عطر تستر 80 مل,perfumes,العطور,العطور,بسيط,93935,1900,,false,https://cdn.shopify.com/s/files/1/0935/9550/0847/files/Nina-Ricci-Luna-Edt-80ML.webp?v=1754297396,منتج نينا ريتشي لونا عطر تستر 80 مل من perfumes. التصنيف المرجعي: العطور — بسيط. الوسوم المرجعية: Perfumes، Women’s Perfumes.,https://alfouadpharmacies.com/en/products/nina-ricci-luna-edt-80ml,AlFouad Pharmacies,true,Verify usage rights before commercial publication,false,false,false,false,HOLD — REFERENCE ONLY
10569978347823,nina-ricci-l-extase-edp-80-ml,نينا ريتشي إل إكستاس عطر نسائي 80 مل,perfumes,العطور,العطور,بسيط,104376,2100,,false,https://cdn.shopify.com/s/files/1/0935/9550/0847/files/Nina-Ricci-L-Extase-Edp-80-ml-FW.webp?v=1754297397,منتج نينا ريتشي إل إكستاس عطر نسائي 80 مل من perfumes. التصنيف المرجعي: العطور — بسيط. الوسوم المرجعية: Perfumes، Women’s Perfumes.,https://alfouadpharmacies.com/en/products/nina-ricci-l-extase-edp-80-ml,AlFouad Pharmacies,true,Verify usage rights before commercial publication,false,false,false,false,HOLD — REFERENCE ONLY
10569978282287,mont-blanc-leganed-spirt-100ml-edt,مونت بلانك ليجاند سبيريت 100 مل عطر رجالي,perfumes,العطور,العطور,بسيط,0,4100,,false,https://cdn.shopify.com/s/files/1/0935/9550/0847/files/Mont-Blanc-Leganed-Spirt-100ML-FM-Edt.webp?v=1754297397,منتج مونت بلانك ليجاند سبيريت 100 مل عطر رجالي من perfumes. التصنيف المرجعي: العطور — بسيط. الوسوم المرجعية: Men’s Perfumes، Perfumes.,https://alfouadpharmacies.com/en/products/mont-blanc-leganed-spirt-100ml-edt,AlFouad Pharmacies,true,Verify usage rights before commercial publication,false,false,false,false,HOLD — REFERENCE ONLY
10569978249519,mont-blanc-legand-rededp-100mldeod-stick75ml,مونت بلانك ليجند ريد (ماء عطر 100 مل + مزيل عرق عصا 7.5 مل),perfumes,العطور,العطور,بسيط,0,3650,,false,https://cdn.shopify.com/s/files/1/0935/9550/0847/files/Mont-Blanc-Legand-Rededp-100MLDEOD-STICK7.5ML.webp?v=1754297398,منتج مونت بلانك ليجند ريد (ماء عطر 100 مل + مزيل عرق عصا 7.5 مل) من perfumes. التصنيف المرجعي: العطور — بسيط. الوسوم المرجعية: Men’s Perfumes، Perfumes.,https://alfouadpharmacies.com/en/products/mont-blanc-legand-rededp-100mldeod-stick75ml,AlFouad Pharmacies,true,Verify usage rights before commercial publication,false,false,false,false,HOLD — REFERENCE ONLY
10569978216751,guess-uomo-set-3pcs-100ml,طقم غيس للرجال، 3 قطع، 100 مل,perfumes,العطور,العطور,بسيط,14699,3900,,false,https://cdn.shopify.com/s/files/1/0935/9550/0847/files/Guess-Uomo-FM-Set-3PCS-100ML.webp?v=1754297398,منتج طقم غيس للرجال، 3 قطع، 100 مل من perfumes. التصنيف المرجعي: العطور — بسيط. الوسوم المرجعية: Men’s Perfumes، Perfumes.,https://alfouadpharmacies.com/en/products/guess-uomo-set-3pcs-100ml,AlFouad Pharmacies,true,Verify usage rights before commercial publication,false,false,false,false,HOLD — REFERENCE ONLY
10569978151215,guess-seductive-noir-set-3pcs,مجموعة غيس سيديختيف نوير، 3 قطع,perfumes,العطور,العطور,بسيط,93745,2600,,false,https://cdn.shopify.com/s/files/1/0935/9550/0847/files/Guess-Seductive-Noir-FM-Set-3PCS.webp?v=1754297399,منتج مجموعة غيس سيديختيف نوير، 3 قطع من perfumes. التصنيف المرجعي: العطور — بسيط. الوسوم المرجعية: Perfumes، Women’s Perfumes.,https://alfouadpharmacies.com/en/products/guess-seductive-noir-set-3pcs,AlFouad Pharmacies,true,Verify usage rights before commercial publication,false,false,false,false,HOLD — REFERENCE ONLY
10569978085679,mercedes-benz-intense-edt-80ml,مرسيدس بنز إنتنس عطر رجالي 80 مل,perfumes,العطور,العطور,بسيط,0,3600,,false,https://cdn.shopify.com/s/files/1/0935/9550/0847/files/Mercedes-Benz-Intense-Edt-FM-80ML.webp?v=1754297399,منتج مرسيدس بنز إنتنس عطر رجالي 80 مل من perfumes. التصنيف المرجعي: العطور — بسيط. الوسوم المرجعية: Men’s Perfumes، Perfumes.,https://alfouadpharmacies.com/en/products/mercedes-benz-intense-edt-80ml,AlFouad Pharmacies,true,Verify usage rights before commercial publication,false,false,false,false,HOLD — REFERENCE ONLY
10569978052911,mercedes-benz-club-edt-100ml,مرسيدس بنز كلوب عطر رجالي 100 مل,perfumes,العطور,العطور,بسيط,115704,4000,,true,https://cdn.shopify.com/s/files/1/0935/9550/0847/files/1_77_5ce8ddbb-cce0-4026-a160-ea181b15f854.webp?v=1784970840,منتج مرسيدس بنز كلوب عطر رجالي 100 مل من perfumes. التصنيف المرجعي: العطور — بسيط. الوسوم المرجعية: Men’s Perfumes، Perfumes.,https://alfouadpharmacies.com/en/products/mercedes-benz-club-edt-100ml,AlFouad Pharmacies,true,Verify usage rights before commercial publication,false,false,false,false,HOLD — REFERENCE ONLY
10569978020143,lancome-la-vie-est-belle-iris-absolu-edp-50ml,لانكوم لا في إست بيل إيريس أبسولوت عطر نسائي 50 مل,perfumes,العطور,العطور,بسيط,0,6300,,false,https://cdn.shopify.com/s/files/1/0935/9550/0847/files/Lancome-La-Vie-Est-Belle-Iris-Absolu-Edp-FW-50ML.webp?v=1754297400,منتج لانكوم لا في إست بيل إيريس أبسولوت عطر نسائي 50 مل من perfumes. التصنيف المرجعي: العطور — بسيط. الوسوم المرجعية: Perfumes، Women’s Perfumes.,https://alfouadpharmacies.com/en/products/lancome-la-vie-est-belle-iris-absolu-edp-50ml,AlFouad Pharmacies,true,Verify usage rights before commercial publication,false,false,false,false,HOLD — REFERENCE ONLY
10569977954607,lancome-la-vie-est-belle-iris-absolu-edp-100ml,لانكوم لا في إست بيل إيريس أبسوليو عطر نسائي 100 مل,perfumes,العطور,العطور,بسيط,0,7800,,false,https://cdn.shopify.com/s/files/1/0935/9550/0847/files/Lancome-La-Vie-Est-Belle-Iris-Absolu-Edp-FW-100ML.webp?v=1754297401,منتج لانكوم لا في إست بيل إيريس أبسوليو عطر نسائي 100 مل من perfumes. التصنيف المرجعي: العطور — بسيط. الوسوم المرجعية: Perfumes، Women’s Perfumes.,https://alfouadpharmacies.com/en/products/lancome-la-vie-est-belle-iris-absolu-edp-100ml,AlFouad Pharmacies,true,Verify usage rights before commercial publication,false,false,false,false,HOLD — REFERENCE ONLY
10569977889071,lancome-idole-75ml-edp-intense,لانكوم إيدول 75 مل عطر إكستريم (إدي بي),perfumes,العطور,العطور,بسيط,0,8000,,false,https://cdn.shopify.com/s/files/1/0935/9550/0847/files/Lancome-Idole-75ML-Edp-FW-Intense.webp?v=1754297401,منتج لانكوم إيدول 75 مل عطر إكستريم (إدي بي) من perfumes. التصنيف المرجعي: العطور — بسيط. الوسوم المرجعية: Perfumes، Women’s Perfumes.,https://alfouadpharmacies.com/en/products/lancome-idole-75ml-edp-intense,AlFouad Pharmacies,true,Verify usage rights before commercial publication,false,false,false,false,HOLD — REFERENCE ONLY
10569977823535,lancome-la-vie-est-belle-100ml-intensement,لانكوم لا في إست بيل 100 مل إنتنسيمانت,perfumes,العطور,العطور,بسيط,97152,8800,,true,https://cdn.shopify.com/s/files/1/0935/9550/0847/files/1_31_f0002a90-7f36-4fca-8a4b-20a4aac8a9f6.webp?v=1783755730,منتج لانكوم لا في إست بيل 100 مل إنتنسيمانت من perfumes. التصنيف المرجعي: العطور — بسيط. الوسوم المرجعية: Perfumes، Women’s Perfumes.,https://alfouadpharmacies.com/en/products/lancome-la-vie-est-belle-100ml-intensement,AlFouad Pharmacies,true,Verify usage rights before commercial publication,false,false,false,false,HOLD — REFERENCE ONLY
10569977790767,lancome-la-vie-est-belle-100ml-edp,لانكوم لا في إست بيل عطر نسائي 100 مل (إي دي بي),perfumes,العطور,العطور,بسيط,102096,7300,,false,https://cdn.shopify.com/s/files/1/0935/9550/0847/files/Lancome-La-Vie-Est-Belle-100ML-Edp-FW.webp?v=1754297403,منتج لانكوم لا في إست بيل عطر نسائي 100 مل (إي دي بي) من perfumes. التصنيف المرجعي: العطور — بسيط. الوسوم المرجعية: Perfumes، Women’s Perfumes.,https://alfouadpharmacies.com/en/products/lancome-la-vie-est-belle-100ml-edp,AlFouad Pharmacies,true,Verify usage rights before commercial publication,false,false,false,false,HOLD — REFERENCE ONLY
10569977757999,lacoste-pour-femme-intense-edp-90ml,عطر لاكوست بور فام إنتنس، تركيز EDP، سعة 90 مل,perfumes,العطور,العطور,بسيط,86148,2050,,false,https://cdn.shopify.com/s/files/1/0935/9550/0847/files/Lacoste-Pour-Femme-Intense-Edp-90ML.webp?v=1754297404,منتج عطر لاكوست بور فام إنتنس، تركيز EDP، سعة 90 مل من perfumes. التصنيف المرجعي: العطور — بسيط. الوسوم المرجعية: Perfumes، Women’s Perfumes.,https://alfouadpharmacies.com/en/products/lacoste-pour-femme-intense-edp-90ml,AlFouad Pharmacies,true,Verify usage rights before commercial publication,false,false,false,false,HOLD — REFERENCE ONLY
10569977692463,jean-paul-scandal-gaultier-absolu-80ml,جير بول غولتييه سكاندال أبسولوت 80 مل,perfumes,العطور,العطور,بسيط,14404,8400,,true,https://cdn.shopify.com/s/files/1/0935/9550/0847/files/1_29_8832fe24-2b9f-48eb-a009-ec29ff0ae812.webp?v=1783755512,منتج جير بول غولتييه سكاندال أبسولوت 80 مل من perfumes. التصنيف المرجعي: العطور — بسيط. الوسوم المرجعية: Perfumes، Women’s Perfumes.,https://alfouadpharmacies.com/en/products/jean-paul-scandal-gaultier-absolu-80ml,AlFouad Pharmacies,true,Verify usage rights before commercial publication,false,false,false,false,HOLD — REFERENCE ONLY
10569977659695,jean-paul-scandal-gaultier-absolu-100ml,جير Paul Scandal Gaultier Absolu 100 مل,perfumes,العطور,العطور,بسيط,14395,7700,,true,https://cdn.shopify.com/s/files/1/0935/9550/0847/files/1_30.webp?v=1783755598,منتج جير Paul Scandal Gaultier Absolu 100 مل من perfumes. التصنيف المرجعي: العطور — بسيط. الوسوم المرجعية: Men’s Perfumes، Perfumes.,https://alfouadpharmacies.com/en/products/jean-paul-scandal-gaultier-absolu-100ml,AlFouad Pharmacies,true,Verify usage rights before commercial publication,false,false,false,false,HOLD — REFERENCE ONLY
10569977561391,jean-paul-scandal-edp-80ml-20ml,جان بول سكاندال (عطر 80 مل + 20 مل),perfumes,العطور,العطور,بسيط,10487,5990,,false,https://cdn.shopify.com/s/files/1/0935/9550/0847/files/Jean-Paul-Scandal-FW-Edp-80ML-20ML.webp?v=1754297405,منتج جان بول سكاندال (عطر 80 مل + 20 مل) من perfumes. التصنيف المرجعي: العطور — بسيط. الوسوم المرجعية: Perfumes، Women’s Perfumes.,https://alfouadpharmacies.com/en/products/jean-paul-scandal-edp-80ml-20ml,AlFouad Pharmacies,true,Verify usage rights before commercial publication,false,false,false,false,HOLD — REFERENCE ONLY
10569977528623,jean-paul-scandal-edp-100mledp-10ml,جان بول سكاندال (ماء عطر 100 مل + ماء عطر 10 مل),perfumes,العطور,العطور,بسيط,10704,4550,,false,https://cdn.shopify.com/s/files/1/0935/9550/0847/files/Jean-Paul-Scandal-FM-Edp-100MLEDP-10ML.webp?v=1754297406,منتج جان بول سكاندال (ماء عطر 100 مل + ماء عطر 10 مل) من perfumes. التصنيف المرجعي: العطور — بسيط. الوسوم المرجعية: Men’s Perfumes، Perfumes.,https://alfouadpharmacies.com/en/products/jean-paul-scandal-edp-100mledp-10ml,AlFouad Pharmacies,true,Verify usage rights before commercial publication,false,false,false,false,HOLD — REFERENCE ONLY
10569977495855,jean-paul-gaultier-so-scandal-edp-80ml,جير بول غولتير سو سكاندال عطر نسائي 80 مل,perfumes,العطور,العطور,بسيط,106157,6500,,false,https://cdn.shopify.com/s/files/1/0935/9550/0847/files/Jean-Paul-Gaultier-So-Scandal-Edp-FW-80ML.webp?v=1754297406,منتج جير بول غولتير سو سكاندال عطر نسائي 80 مل من perfumes. التصنيف المرجعي: العطور — بسيط. الوسوم المرجعية: Perfumes، Women’s Perfumes.,https://alfouadpharmacies.com/en/products/jean-paul-gaultier-so-scandal-edp-80ml,AlFouad Pharmacies,true,Verify usage rights before commercial publication,false,false,false,false,HOLD — REFERENCE ONLY
10569977463087,jean-paul-gaultier-le-male-elixir-parfum-125ml,عطر جان بول غولتيه لي مالي إليكسير 125 مل,perfumes,العطور,العطور,بسيط,112291,9200,,true,https://cdn.shopify.com/s/files/1/0935/9550/0847/files/1_28_3571e210-3a9e-4497-b626-3bbcc9b1c2c6.webp?v=1783755427,منتج عطر جان بول غولتيه لي مالي إليكسير 125 مل من perfumes. التصنيف المرجعي: العطور — بسيط. الوسوم المرجعية: Men’s Perfumes، Perfumes.,https://alfouadpharmacies.com/en/products/jean-paul-gaultier-le-male-elixir-parfum-125ml,AlFouad Pharmacies,true,Verify usage rights before commercial publication,false,false,false,false,HOLD — REFERENCE ONLY
10569977364783,jaguar-classic-red-edt-100-ml,جاكوار كلاسيك ريد عطر رجالي 100 مل,perfumes,العطور,العطور,بسيط,105272,2250,,true,https://cdn.shopify.com/s/files/1/0935/9550/0847/files/1_27_1a31c07b-0575-4055-b83b-8a533755ef2f.webp?v=1783754809,منتج جاكوار كلاسيك ريد عطر رجالي 100 مل من perfumes. التصنيف المرجعي: العطور — بسيط. الوسوم المرجعية: Men’s Perfumes، Perfumes.,https://alfouadpharmacies.com/en/products/jaguar-classic-red-edt-100-ml,AlFouad Pharmacies,true,Verify usage rights before commercial publication,false,false,false,false,HOLD — REFERENCE ONLY
10569977266479,jaguar-classic-gold-edt-100-ml,جاكوار كلاسيك جولد عطر رجالي 100 مل,perfumes,العطور,العطور,بسيط,105271,1420,,false,https://cdn.shopify.com/s/files/1/0935/9550/0847/files/Jaguar-Classic-Gold-Edt-100-ml-FM.webp?v=1754297408,منتج جاكوار كلاسيك جولد عطر رجالي 100 مل من perfumes. التصنيف المرجعي: العطور — بسيط. الوسوم المرجعية: Men’s Perfumes، Perfumes.,https://alfouadpharmacies.com/en/products/jaguar-classic-gold-edt-100-ml,AlFouad Pharmacies,true,Verify usage rights before commercial publication,false,false,false,false,HOLD — REFERENCE ONLY
10569977200943,jaguar-classic-black-edt-100-ml,جاكوار كلاسيك بلاك عطر رجالي 100 مل,perfumes,العطور,العطور,بسيط,105273,1400,,false,https://cdn.shopify.com/s/files/1/0935/9550/0847/files/1_26_453407b5-a8c0-4727-8088-691c93ab3851.webp?v=1783754557,منتج جاكوار كلاسيك بلاك عطر رجالي 100 مل من perfumes. التصنيف المرجعي: العطور — بسيط. الوسوم المرجعية: Men’s Perfumes، Perfumes.,https://alfouadpharmacies.com/en/products/jaguar-classic-black-edt-100-ml,AlFouad Pharmacies,true,Verify usage rights before commercial publication,false,false,false,false,HOLD — REFERENCE ONLY
